{
  "DocumentMetadata": {
    "Pages": 1
  },
  "JobStatus": "SUCCEEDED",
  "Blocks": [
    {
      "BlockType": "PAGE",
      "Geometry": {
        "BoundingBox": {
          "Width": 1,
          "Height": 1,
          "Left": 0,
          "Top": 0
        },
        "Polygon": [
          {
            "X": 0,
            "Y": 0.029040232300758362
          },
          {
            "X": 1,
            "Y": 0
          },
          {
            "X": 1,
            "Y": 1
          },
          {
            "X": 0.00034383751335553825,
            "Y": 1
          }
        ]
      },
      "Id": "08448b5b-7c3c-4a20-8572-0441ba051814",
      "Relationships": [
        {
          "Type": "CHILD",
          "Ids": [
            "e2e18c20-0126-42ea-ba8a-87c9bba28f0c",
            "3e686f5e-74a4-4982-89a2-c6a543f5122b"
          ]
        }
      ],
      "Page": 1
    },
    {
      "BlockType": "LINE",
      "Confidence": 96.365478515625,
      "Text": "OBRIGADO",
      "Geometry": {
        "BoundingBox": {
          "Width": 0.5666203498840332,
          "Height": 0.128835067152977,
          "Left": 0.16939352452754974,
          "Top": 0.3187194764614105
        },
        "Polygon": [
          {
            "X": 0.16939352452754974,
            "Y": 0.3362821340560913
          },
          {
            "X": 0.7338492274284363,
            "Y": 0.3187194764614105
          },
          {
            "X": 0.7360138297080994,
            "Y": 0.4310363233089447
          },
          {
            "X": 0.17133758962154388,
            "Y": 0.4475545585155487
          }
        ]
      },
      "Id": "e2e18c20-0126-42ea-ba8a-87c9bba28f0c",
      "Relationships": [
        {
          "Type": "CHILD",
          "Ids": [
            "aa4dc9ab-6674-43e9-b7e2-454dfc128012"
          ]
        }
      ],
      "Page": 1
    },
    {
      "BlockType": "LINE",
      "Confidence": 22.713016510009766,
      "Text": "UNIVERSITY",
      "Geometry": {
        "BoundingBox": {
          "Width": 0.5482435822486877,
          "Height": 0.07193483412265778,
          "Left": 0.1781487613916397,
          "Top": 0.433183878660202
        },
        "Polygon": [
          {
            "X": 0.1781487613916397,
            "Y": 0.4491730034351349
          },
          {
            "X": 0.7253062725067139,
            "Y": 0.433183878660202
          },
          {
            "X": 0.7263923287391663,
            "Y": 0.48963865637779236
          },
          {
            "X": 0.17912741005420685,
            "Y": 0.505118727684021
          }
        ]
      },
      "Id": "3e686f5e-74a4-4982-89a2-c6a543f5122b",
      "Relationships": [
        {
          "Type": "CHILD",
          "Ids": [
            "c71fa1e8-e170-4b03-8c25-03a14b1f6904"
          ]
        }
      ],
      "Page": 1
    },
    {
      "BlockType": "WORD",
      "Confidence": 96.365478515625,
      "Text": "OBRIGADO",
      "TextType": "PRINTED",
      "Geometry": {
        "BoundingBox": {
          "Width": 0.5666203498840332,
          "Height": 0.128835067152977,
          "Left": 0.16939352452754974,
          "Top": 0.3187194764614105
        },
        "Polygon": [
          {
            "X": 0.16939352452754974,
            "Y": 0.3362821340560913
          },
          {
            "X": 0.7338492274284363,
            "Y": 0.3187194764614105
          },
          {
            "X": 0.7360138297080994,
            "Y": 0.4310363233089447
          },
          {
            "X": 0.17133758962154388,
            "Y": 0.4475545585155487
          }
        ]
      },
      "Id": "aa4dc9ab-6674-43e9-b7e2-454dfc128012",
      "Page": 1
    },
    {
      "BlockType": "WORD",
      "Confidence": 22.713016510009766,
      "Text": "UNIVERSITY",
      "TextType": "PRINTED",
      "Geometry": {
        "BoundingBox": {
          "Width": 0.5482435822486877,
          "Height": 0.07193483412265778,
          "Left": 0.1781487613916397,
          "Top": 0.433183878660202
        },
        "Polygon": [
          {
            "X": 0.1781487613916397,
            "Y": 0.4491730034351349
          },
          {
            "X": 0.7253062725067139,
            "Y": 0.433183878660202
          },
          {
            "X": 0.7263923287391663,
            "Y": 0.48963865637779236
          },
          {
            "X": 0.17912741005420685,
            "Y": 0.505118727684021
          }
        ]
      },
      "Id": "c71fa1e8-e170-4b03-8c25-03a14b1f6904",
      "Page": 1
    }
  ],
  "DetectDocumentTextModelVersion": "1.0"
}