{
  "DocumentMetadata": {
    "Pages": 1
  },
  "JobStatus": "SUCCEEDED",
  "Blocks": [
    {
      "BlockType": "PAGE",
      "Geometry": {
        "BoundingBox": {
          "Width": 0.746992826461792,
          "Height": 0.560200572013855,
          "Left": 0.031033137813210487,
          "Top": 0.18351036310195923
        },
        "Polygon": [
          {
            "X": 0.05732570216059685,
            "Y": 0.20850279927253723
          },
          {
            "X": 0.7758749723434448,
            "Y": 0.18351036310195923
          },
          {
            "X": 0.7780259251594543,
            "Y": 0.7437109351158142
          },
          {
            "X": 0.031033137813210487,
            "Y": 0.7434415221214294
          }
        ]
      },
      "Id": "8b5a90ea-9d75-4a25-9850-a0ee88550bee",
      "Relationships": [
        {
          "Type": "CHILD",
          "Ids": [
            "dde86635-961d-4edf-a8bc-17fad88c1212",
            "90fe72cc-f567-4015-8971-abeaa3850bc4",
            "3d9e2182-2b27-4803-b291-0f53bc82a049",
            "670615c7-af2d-4cab-ba6b-abd652e42611",
            "4adfca35-3cc6-489d-ad31-73ef982b5391",
            "02531b73-a76c-42e7-8734-9f528742936c",
            "5c1fa01f-520d-47b0-8314-dcb7d524f84f",
            "d60a60c1-1058-41a8-92ea-ad2dec02eb50",
            "e95a33b3-e0f5-4201-a487-e5971d175c75",
            "207f35c9-ead0-4d9c-8540-07825ebee251",
            "09486d74-8f17-425a-8d74-454833f5d66f",
            "724ba838-6e3d-4104-89d7-f770b7242ea1",
            "c22df2f1-cffd-4cd5-a48f-fa780c321c57"
          ]
        }
      ],
      "Page": 1
    },
    {
      "BlockType": "LINE",
      "Confidence": 99.75556945800781,
      "Text": "Amazon Q em recursos do QuickSight",
      "Geometry": {
        "BoundingBox": {
          "Width": 0.5562469363212585,
          "Height": 0.04323496297001839,
          "Left": 0.12200091779232025,
          "Top": 0.3174080550670624
        },
        "Polygon": [
          {
            "X": 0.12325188517570496,
            "Y": 0.3321402370929718
          },
          {
            "X": 0.67824786901474,
            "Y": 0.3174080550670624
          },
          {
            "X": 0.6781493425369263,
            "Y": 0.34691596031188965
          },
          {
            "X": 0.12200091779232025,
            "Y": 0.3606429994106293
          }
        ]
      },
      "Id": "dde86635-961d-4edf-a8bc-17fad88c1212",
      "Relationships": [
        {
          "Type": "CHILD",
          "Ids": [
            "27778151-1eba-48ce-88d7-c0c47c20ce8e",
            "68c3f375-0f8f-46f3-a1d4-70f63dcc5d2a",
            "15349a8d-78a4-446d-a07c-200b4e1564f5",
            "057b2fe7-0d2c-4264-9434-8db9df7ca282",
            "cd38b167-6304-4c90-b24b-b8823d55ec4d",
            "1a338562-60a7-417f-93d9-3685990c3f91"
          ]
        }
      ],
      "Page": 1
    },
    {
      "BlockType": "LINE",
      "Confidence": 89.7329330444336,
      "Text": "ACELERE 0 CAMINHO PARA DECISÕES BASEADAS EM DADOS PARA TODOS os USUÁRIOS",
      "Geometry": {
        "BoundingBox": {
          "Width": 0.4494357407093048,
          "Height": 0.027005745097994804,
          "Left": 0.11893921345472336,
          "Top": 0.3476523756980896
        },
        "Polygon": [
          {
            "X": 0.11963872611522675,
            "Y": 0.3587845265865326
          },
          {
            "X": 0.5683749914169312,
            "Y": 0.3476523756980896
          },
          {
            "X": 0.5681896209716797,
            "Y": 0.363979309797287
          },
          {
            "X": 0.11893921345472336,
            "Y": 0.37465813755989075
          }
        ]
      },
      "Id": "90fe72cc-f567-4015-8971-abeaa3850bc4",
      "Relationships": [
        {
          "Type": "CHILD",
          "Ids": [
            "31f236c1-6b97-4871-a00c-bdb4061b5faf",
            "27d26a0e-ab2b-4bad-b7df-122214d64dd9",
            "d92e03a8-62b2-4d24-b277-629d6d3b96c2",
            "98d7fcda-972d-4d9b-8781-3f47aaaffb2c",
            "6a516106-ef78-4ff1-917c-cd0bc84bb81a",
            "fe266ae0-3d00-4888-a800-b1f5c0d238eb",
            "99e432a5-fc2e-48f0-833c-05bd2340de15",
            "c46bb1e4-38fd-4345-ae11-bb3dcd1ab007",
            "79631277-9b94-43d4-8fab-2f668fd28ddc",
            "173fdba2-12ab-4c2d-a5e1-a597162ad747",
            "4bfd2953-d3cb-48d8-8e40-a75f6c05803a",
            "13214392-a57a-41e7-a756-83ecb884f273"
          ]
        }
      ],
      "Page": 1
    },
    {
      "BlockType": "LINE",
      "Confidence": 98.51255798339844,
      "Text": "Experiência de criação de painéis com tecnologia de IA",
      "Geometry": {
        "BoundingBox": {
          "Width": 0.441585898399353,
          "Height": 0.02909078821539879,
          "Left": 0.11392815411090851,
          "Top": 0.37988564372062683
        },
        "Polygon": [
          {
            "X": 0.11477256566286087,
            "Y": 0.38992470502853394
          },
          {
            "X": 0.5555140376091003,
            "Y": 0.37988564372062683
          },
          {
            "X": 0.5552738904953003,
            "Y": 0.3994733989238739
          },
          {
            "X": 0.11392815411090851,
            "Y": 0.4089764356613159
          }
        ]
      },
      "Id": "3d9e2182-2b27-4803-b291-0f53bc82a049",
      "Relationships": [
        {
          "Type": "CHILD",
          "Ids": [
            "06b70b48-4320-4e67-ba65-6e840b4db8bf",
            "8258b132-386e-41ce-8688-05e2b14a9272",
            "e87c945f-f191-4997-a95e-5388f0a607d6",
            "2b4e89fc-6edd-447f-b151-9dd4dd467880",
            "4dfc45f2-6c49-428e-baab-e00481b38eb0",
            "be643080-5506-4538-b22c-d7fb62cfb44c",
            "e5cefa53-aabb-4ae3-8340-21f3228fa48a",
            "15adb098-87e0-499a-a888-80bae8ce03dc",
            "6c293864-5b9a-4f48-ac77-7c525e152754"
          ]
        }
      ],
      "Page": 1
    },
    {
      "BlockType": "LINE",
      "Confidence": 98.59947204589844,
      "Text": "permite que os analistas de negócios criem com mais rapidez",
      "Geometry": {
        "BoundingBox": {
          "Width": 0.3359230160713196,
          "Height": 0.02141263522207737,
          "Left": 0.11114642024040222,
          "Top": 0.39948907494544983
        },
        "Polygon": [
          {
            "X": 0.11177559196949005,
            "Y": 0.40675830841064453
          },
          {
            "X": 0.4470694363117218,
            "Y": 0.39948907494544983
          },
          {
            "X": 0.44677865505218506,
            "Y": 0.4139355719089508
          },
          {
            "X": 0.11114642024040222,
            "Y": 0.42090171575546265
          }
        ]
      },
      "Id": "670615c7-af2d-4cab-ba6b-abd652e42611",
      "Relationships": [
        {
          "Type": "CHILD",
          "Ids": [
            "8091c92f-4aeb-4603-a16b-54f3be5d62ab",
            "4bc0f834-e5b0-487e-a921-19ce16234306",
            "2c1cd651-e860-4776-b4f8-b037e139be2f",
            "275f44bc-6927-4775-a1da-7de58012163f",
            "5e7ab112-aa08-4f66-b22b-f98c316138a1",
            "ebd409e6-b671-44b0-84f0-5d894006b6c4",
            "4b72d5ba-fe07-4884-8b49-9d3941170260",
            "f15467a8-07e1-494b-8e2b-8ec44da16bc2",
            "9279779a-cb2e-4c87-af76-3ddb46e36e39",
            "18e3b116-8e53-48a0-aec3-b511446f0ef4"
          ]
        }
      ],
      "Page": 1
    },
    {
      "BlockType": "LINE",
      "Confidence": 99.43876647949219,
      "Text": "Respostas de IA para perguntas sobre dados sob demanda",
      "Geometry": {
        "BoundingBox": {
          "Width": 0.47808319330215454,
          "Height": 0.028072046115994453,
          "Left": 0.1076379269361496,
          "Top": 0.41484227776527405
        },
        "Polygon": [
          {
            "X": 0.10845452547073364,
            "Y": 0.4246332049369812
          },
          {
            "X": 0.5857211351394653,
            "Y": 0.41484227776527405
          },
          {
            "X": 0.585532009601593,
            "Y": 0.43368205428123474
          },
          {
            "X": 0.1076379269361496,
            "Y": 0.44291433691978455
          }
        ]
      },
      "Id": "4adfca35-3cc6-489d-ad31-73ef982b5391",
      "Relationships": [
        {
          "Type": "CHILD",
          "Ids": [
            "df78fd1b-60f3-402f-998a-ecf96eacaf4d",
            "be8e9e4b-90c6-4e0a-8194-6052c892272f",
            "2d1e0183-549f-4f0a-9f6c-767d161ad740",
            "42260305-789d-4260-9a06-ffe588140ac8",
            "211a7210-ccb3-4e02-b68e-9e6604561405",
            "b11b2d23-83f7-4916-80e5-c8dcb6c1c9b5",
            "859bc085-8082-412f-826b-afc56d83d316",
            "7347887a-fe9a-40cf-8f25-75f7df6ed58b",
            "748d982f-f304-47a9-b18e-9b25506d3b7f"
          ]
        }
      ],
      "Page": 1
    },
    {
      "BlockType": "LINE",
      "Confidence": 98.1373291015625,
      "Text": "simplifica a extração de insights para usuários corporativos",
      "Geometry": {
        "BoundingBox": {
          "Width": 0.3271443247795105,
          "Height": 0.0189047884196043,
          "Left": 0.10445438325405121,
          "Top": 0.4361289143562317
        },
        "Polygon": [
          {
            "X": 0.10501892864704132,
            "Y": 0.44244903326034546
          },
          {
            "X": 0.4315986931324005,
            "Y": 0.4361289143562317
          },
          {
            "X": 0.43132635951042175,
            "Y": 0.4489770829677582
          },
          {
            "X": 0.10445438325405121,
            "Y": 0.45503368973731995
          }
        ]
      },
      "Id": "02531b73-a76c-42e7-8734-9f528742936c",
      "Relationships": [
        {
          "Type": "CHILD",
          "Ids": [
            "968b905d-8db1-44f3-897f-8556b608236c",
            "de63afd5-ec81-41c6-84a0-9c0fa94beaeb",
            "3bc799e6-4664-4b47-abbd-9dc2d6b9613a",
            "187fbd98-a73f-422d-81ce-70a7d75f9363",
            "40834523-54d6-4a72-aea0-e41372219d5a",
            "9d92d81a-fefb-4146-b835-ba226c70c47d",
            "90889bcb-9027-41b7-8c8c-8f86090c7495",
            "c6773c99-277d-4c88-a894-966b7f8c9114"
          ]
        }
      ],
      "Page": 1
    },
    {
      "BlockType": "LINE",
      "Confidence": 99.81594848632812,
      "Text": "Amazon",
      "Geometry": {
        "BoundingBox": {
          "Width": 0.04476017877459526,
          "Height": 0.008388555608689785,
          "Left": 0.6275277137756348,
          "Top": 0.43804022669792175
        },
        "Polygon": [
          {
            "X": 0.6275804042816162,
            "Y": 0.4388868808746338
          },
          {
            "X": 0.6722879409790039,
            "Y": 0.43804022669792175
          },
          {
            "X": 0.6722596287727356,
            "Y": 0.44560304284095764
          },
          {
            "X": 0.6275277137756348,
            "Y": 0.4464288055896759
          }
        ]
      },
      "Id": "5c1fa01f-520d-47b0-8314-dcb7d524f84f",
      "Relationships": [
        {
          "Type": "CHILD",
          "Ids": [
            "a2ad0246-617a-4af7-8044-bdc34a2a721d"
          ]
        }
      ],
      "Page": 1
    },
    {
      "BlockType": "LINE",
      "Confidence": 99.83939361572266,
      "Text": "Bedrock",
      "Geometry": {
        "BoundingBox": {
          "Width": 0.044598791748285294,
          "Height": 0.007926004007458687,
          "Left": 0.6280335187911987,
          "Top": 0.4468866288661957
        },
        "Polygon": [
          {
            "X": 0.628082811832428,
            "Y": 0.44770538806915283
          },
          {
            "X": 0.6726322770118713,
            "Y": 0.4468866288661957
          },
          {
            "X": 0.6726058125495911,
            "Y": 0.45401352643966675
          },
          {
            "X": 0.6280335187911987,
            "Y": 0.4548126459121704
          }
        ]
      },
      "Id": "d60a60c1-1058-41a8-92ea-ad2dec02eb50",
      "Relationships": [
        {
          "Type": "CHILD",
          "Ids": [
            "474c6f02-20c7-430a-abc9-2697eac1058c"
          ]
        }
      ],
      "Page": 1
    },
    {
      "BlockType": "LINE",
      "Confidence": 99.5334243774414,
      "Text": "Narrativa de dados assistida por IA",
      "Geometry": {
        "BoundingBox": {
          "Width": 0.280097097158432,
          "Height": 0.018181411549448967,
          "Left": 0.10008487850427628,
          "Top": 0.4586167335510254
        },
        "Polygon": [
          {
            "X": 0.10067840665578842,
            "Y": 0.46363937854766846
          },
          {
            "X": 0.3801819682121277,
            "Y": 0.4586167335510254
          },
          {
            "X": 0.3798486292362213,
            "Y": 0.4720118045806885
          },
          {
            "X": 0.10008487850427628,
            "Y": 0.4767981469631195
          }
        ]
      },
      "Id": "e95a33b3-e0f5-4201-a487-e5971d175c75",
      "Relationships": [
        {
          "Type": "CHILD",
          "Ids": [
            "c5151324-6e01-4d18-873e-14a569fb901b",
            "1b4f4c73-6a67-43b6-bf5e-0c88fbeda20f",
            "bd6a76ef-bb74-4f64-a9d5-2dc31650819e",
            "28a87fe7-d009-4ef8-a702-50d3c85d1314",
            "a1fc8f34-cf6f-439c-8cae-a8da773fdde0",
            "7c62190c-54d1-4dc5-b88a-2474261805af"
          ]
        }
      ],
      "Page": 1
    },
    {
      "BlockType": "LINE",
      "Confidence": 97.67352294921875,
      "Text": "permite que usuários corporativos descubram e compartilhem descobertas",
      "Geometry": {
        "BoundingBox": {
          "Width": 0.4279022514820099,
          "Height": 0.019566204398870468,
          "Left": 0.09741035848855972,
          "Top": 0.4714716970920563
        },
        "Polygon": [
          {
            "X": 0.09796732664108276,
            "Y": 0.47872987389564514
          },
          {
            "X": 0.525312602519989,
            "Y": 0.4714716970920563
          },
          {
            "X": 0.5251309871673584,
            "Y": 0.4841179847717285
          },
          {
            "X": 0.09741035848855972,
            "Y": 0.49103790521621704
          }
        ]
      },
      "Id": "207f35c9-ead0-4d9c-8540-07825ebee251",
      "Relationships": [
        {
          "Type": "CHILD",
          "Ids": [
            "545eeabb-2b07-45c9-b5a5-c62ee9a7b978",
            "cc89037c-ca49-417f-81cc-f52b8ef2e47d",
            "bf7efd84-0655-4dc9-96cb-4d53c2d638e1",
            "d2216298-f992-4d62-99e5-dba7732fed0a",
            "3a308641-e60f-4134-af52-362b90a0dfe3",
            "fd2b2c2c-0cc9-46e6-a106-94bfc44a794d",
            "9a79c5a2-3248-4646-89fe-c0635325a5cd",
            "dafdee9b-d40d-4130-a4c0-27722485f988"
          ]
        }
      ],
      "Page": 1
    },
    {
      "BlockType": "LINE",
      "Confidence": 99.25292205810547,
      "Text": "Estenda a personalização aplicativos com IA generativa",
      "Geometry": {
        "BoundingBox": {
          "Width": 0.46704787015914917,
          "Height": 0.022087566554546356,
          "Left": 0.09083090722560883,
          "Top": 0.5069776177406311
        },
        "Polygon": [
          {
            "X": 0.09152571856975555,
            "Y": 0.5138288140296936
          },
          {
            "X": 0.5578787922859192,
            "Y": 0.5069776177406311
          },
          {
            "X": 0.5576907992362976,
            "Y": 0.5226725339889526
          },
          {
            "X": 0.09083090722560883,
            "Y": 0.5290651917457581
          }
        ]
      },
      "Id": "09486d74-8f17-425a-8d74-454833f5d66f",
      "Relationships": [
        {
          "Type": "CHILD",
          "Ids": [
            "39af70a2-cfa3-482e-b80b-9b980f3df75a",
            "dcab9c7b-7252-46b2-8608-dd2b0e629b54",
            "37b5e02e-a3d8-49a3-ba1b-ffd7df27e334",
            "b4ccd003-97d3-4b8a-9751-161d4524546d",
            "79cc77c8-fe88-4047-beb5-5d01c51df01c",
            "13836ead-a84e-4b16-88e1-83dd7b229e21",
            "bbb89776-b70f-4e61-83fb-4f3defcea850"
          ]
        }
      ],
      "Page": 1
    },
    {
      "BlockType": "LINE",
      "Confidence": 98.2036361694336,
      "Text": "permite que os desenvolvedores adicionem rapidamente recursos",
      "Geometry": {
        "BoundingBox": {
          "Width": 0.3790466785430908,
          "Height": 0.016079144552350044,
          "Left": 0.08712105453014374,
          "Top": 0.5258107781410217
        },
        "Polygon": [
          {
            "X": 0.08762246370315552,
            "Y": 0.5309485197067261
          },
          {
            "X": 0.46616774797439575,
            "Y": 0.5258107781410217
          },
          {
            "X": 0.4659595787525177,
            "Y": 0.5370198488235474
          },
          {
            "X": 0.08712105453014374,
            "Y": 0.5418899655342102
          }
        ]
      },
      "Id": "724ba838-6e3d-4104-89d7-f770b7242ea1",
      "Relationships": [
        {
          "Type": "CHILD",
          "Ids": [
            "1313956c-9e09-4fba-91ee-e7ffc76d4c93",
            "60b63cc0-cd4d-49dc-9e08-3a0838c47499",
            "0313f00d-adac-4aa8-916b-2fbeaaf39ab0",
            "e2a14f8f-7db9-4277-a9bc-33a1a633fddd",
            "3ddb047b-2d62-4d52-8d8b-26e9556f0597",
            "4bba93c5-e9f0-4a35-b0f8-8f194f2548fc",
            "fcd7866b-e55a-44be-a3b8-02e1b9cc80e8"
          ]
        }
      ],
      "Page": 1
    },
    {
      "BlockType": "LINE",
      "Confidence": 87.17776489257812,
      "Text": "avançados",
      "Geometry": {
        "BoundingBox": {
          "Width": 0.05675775930285454,
          "Height": 0.011497631669044495,
          "Left": 0.08535972237586975,
          "Top": 0.5421744585037231
        },
        "Polygon": [
          {
            "X": 0.08585458993911743,
            "Y": 0.5428941249847412
          },
          {
            "X": 0.1421174854040146,
            "Y": 0.5421744585037231
          },
          {
            "X": 0.14166457951068878,
            "Y": 0.5529916882514954
          },
          {
            "X": 0.08535972237586975,
            "Y": 0.5536720752716064
          }
        ]
      },
      "Id": "c22df2f1-cffd-4cd5-a48f-fa780c321c57",
      "Relationships": [
        {
          "Type": "CHILD",
          "Ids": [
            "b01f8b45-7618-4046-a93e-5e87a8b0a7fa"
          ]
        }
      ],
      "Page": 1
    },
    {
      "BlockType": "WORD",
      "Confidence": 99.8684310913086,
      "Text": "Amazon",
      "TextType": "PRINTED",
      "Geometry": {
        "BoundingBox": {
          "Width": 0.08902841061353683,
          "Height": 0.01632988639175892,
          "Left": 0.12202587723731995,
          "Top": 0.34374451637268066
        },
        "Polygon": [
          {
            "X": 0.12264309823513031,
            "Y": 0.346011221408844
          },
          {
            "X": 0.21105428040027618,
            "Y": 0.34374451637268066
          },
          {
            "X": 0.2105247676372528,
            "Y": 0.35788676142692566
          },
          {
            "X": 0.12202587723731995,
            "Y": 0.36007440090179443
          }
        ]
      },
      "Id": "27778151-1eba-48ce-88d7-c0c47c20ce8e",
      "Page": 1
    },
    {
      "BlockType": "WORD",
      "Confidence": 99.8053207397461,
      "Text": "Q",
      "TextType": "PRINTED",
      "Geometry": {
        "BoundingBox": {
          "Width": 0.016365649178624153,
          "Height": 0.0180460587143898,
          "Left": 0.2264331579208374,
          "Top": 0.3400193154811859
        },
        "Polygon": [
          {
            "X": 0.22707314789295197,
            "Y": 0.3404254615306854
          },
          {
            "X": 0.2427988052368164,
            "Y": 0.3400193154811859
          },
          {
            "X": 0.24217844009399414,
            "Y": 0.35767674446105957
          },
          {
            "X": 0.2264331579208374,
            "Y": 0.3580653667449951
          }
        ]
      },
      "Id": "68c3f375-0f8f-46f3-a1d4-70f63dcc5d2a",
      "Page": 1
    },
    {
      "BlockType": "WORD",
      "Confidence": 99.69995880126953,
      "Text": "em",
      "TextType": "PRINTED",
      "Geometry": {
        "BoundingBox": {
          "Width": 0.030936144292354584,
          "Height": 0.012322704307734966,
          "Left": 0.2583502233028412,
          "Top": 0.3413561284542084
        },
        "Polygon": [
          {
            "X": 0.25874215364456177,
            "Y": 0.34213998913764954
          },
          {
            "X": 0.28928637504577637,
            "Y": 0.3413561284542084
          },
          {
            "X": 0.28891947865486145,
            "Y": 0.3529171943664551
          },
          {
            "X": 0.2583502233028412,
            "Y": 0.3536788523197174
          }
        ]
      },
      "Id": "15349a8d-78a4-446d-a07c-200b4e1564f5",
      "Page": 1
    },
    {
      "BlockType": "WORD",
      "Confidence": 99.63993835449219,
      "Text": "recursos",
      "TextType": "PRINTED",
      "Geometry": {
        "BoundingBox": {
          "Width": 0.12889808416366577,
          "Height": 0.01884590834379196,
          "Left": 0.3033556342124939,
          "Top": 0.3335072994232178
        },
        "Polygon": [
          {
            "X": 0.30383169651031494,
            "Y": 0.33683741092681885
          },
          {
            "X": 0.43225371837615967,
            "Y": 0.3335072994232178
          },
          {
            "X": 0.43192043900489807,
            "Y": 0.3491482138633728
          },
          {
            "X": 0.3033556342124939,
            "Y": 0.35235318541526794
          }
        ]
      },
      "Id": "057b2fe7-0d2c-4264-9434-8db9df7ca282",
      "Page": 1
    },
    {
      "BlockType": "WORD",
      "Confidence": 99.85755157470703,
      "Text": "do",
      "TextType": "PRINTED",
      "Geometry": {
        "BoundingBox": {
          "Width": 0.033004142343997955,
          "Height": 0.017136186361312866,
          "Left": 0.45120328664779663,
          "Top": 0.32733479142189026
        },
        "Polygon": [
          {
            "X": 0.4515273869037628,
            "Y": 0.3281922936439514
          },
          {
            "X": 0.4842074513435364,
            "Y": 0.32733479142189026
          },
          {
            "X": 0.4839216470718384,
            "Y": 0.3436465561389923
          },
          {
            "X": 0.45120328664779663,
            "Y": 0.3444709777832031
          }
        ]
      },
      "Id": "cd38b167-6304-4c90-b24b-b8823d55ec4d",
      "Page": 1
    },
    {
      "BlockType": "WORD",
      "Confidence": 99.66224670410156,
      "Text": "QuickSight",
      "TextType": "PRINTED",
      "Geometry": {
        "BoundingBox": {
          "Width": 0.17620287835597992,
          "Height": 0.027107378467917442,
          "Left": 0.5020449757575989,
          "Top": 0.3174080550670624
        },
        "Polygon": [
          {
            "X": 0.5024084448814392,
            "Y": 0.32207563519477844
          },
          {
            "X": 0.67824786901474,
            "Y": 0.3174080550670624
          },
          {
            "X": 0.6781721115112305,
            "Y": 0.34009233117103577
          },
          {
            "X": 0.5020449757575989,
            "Y": 0.3445154130458832
          }
        ]
      },
      "Id": "1a338562-60a7-417f-93d9-3685990c3f91",
      "Page": 1
    },
    {
      "BlockType": "WORD",
      "Confidence": 98.42214965820312,
      "Text": "ACELERE",
      "TextType": "PRINTED",
      "Geometry": {
        "BoundingBox": {
          "Width": 0.03978709131479263,
          "Height": 0.008032094687223434,
          "Left": 0.11893921345472336,
          "Top": 0.3666260242462158
        },
        "Polygon": [
          {
            "X": 0.11925101280212402,
            "Y": 0.36758261919021606
          },
          {
            "X": 0.158726304769516,
            "Y": 0.3666260242462158
          },
          {
            "X": 0.15843410789966583,
            "Y": 0.37371933460235596
          },
          {
            "X": 0.11893921345472336,
            "Y": 0.37465813755989075
          }
        ]
      },
      "Id": "31f236c1-6b97-4871-a00c-bdb4061b5faf",
      "Page": 1
    },
    {
      "BlockType": "WORD",
      "Confidence": 78.77433013916016,
      "Text": "0",
      "TextType": "PRINTED",
      "Geometry": {
        "BoundingBox": {
          "Width": 0.005505353212356567,
          "Height": 0.004858934786170721,
          "Left": 0.1645100712776184,
          "Top": 0.3664223551750183
        },
        "Polygon": [
          {
            "X": 0.1647028625011444,
            "Y": 0.3665510416030884
          },
          {
            "X": 0.17001542448997498,
            "Y": 0.3664223551750183
          },
          {
            "X": 0.16982439160346985,
            "Y": 0.37115415930747986
          },
          {
            "X": 0.1645100712776184,
            "Y": 0.3712812662124634
          }
        ]
      },
      "Id": "27d26a0e-ab2b-4bad-b7df-122214d64dd9",
      "Page": 1
    },
    {
      "BlockType": "WORD",
      "Confidence": 98.37264251708984,
      "Text": "CAMINHO",
      "TextType": "PRINTED",
      "Geometry": {
        "BoundingBox": {
          "Width": 0.040873486548662186,
          "Height": 0.006507106125354767,
          "Left": 0.17674535512924194,
          "Top": 0.3642876446247101
        },
        "Polygon": [
          {
            "X": 0.1769654005765915,
            "Y": 0.36527520418167114
          },
          {
            "X": 0.21761883795261383,
            "Y": 0.3642876446247101
          },
          {
            "X": 0.21741460263729095,
            "Y": 0.3698214292526245
          },
          {
            "X": 0.17674535512924194,
            "Y": 0.37079474329948425
          }
        ]
      },
      "Id": "d92e03a8-62b2-4d24-b277-629d6d3b96c2",
      "Page": 1
    },
    {
      "BlockType": "WORD",
      "Confidence": 97.42094421386719,
      "Text": "PARA",
      "TextType": "PRINTED",
      "Geometry": {
        "BoundingBox": {
          "Width": 0.023317480459809303,
          "Height": 0.005730780307203531,
          "Left": 0.22351813316345215,
          "Top": 0.36295902729034424
        },
        "Polygon": [
          {
            "X": 0.22370658814907074,
            "Y": 0.3635217845439911
          },
          {
            "X": 0.2468356043100357,
            "Y": 0.36295902729034424
          },
          {
            "X": 0.24665559828281403,
            "Y": 0.36813458800315857
          },
          {
            "X": 0.22351813316345215,
            "Y": 0.36868980526924133
          }
        ]
      },
      "Id": "98d7fcda-972d-4d9b-8781-3f47aaaffb2c",
      "Page": 1
    },
    {
      "BlockType": "WORD",
      "Confidence": 80.77361297607422,
      "Text": "DECISÕES",
      "TextType": "PRINTED",
      "Geometry": {
        "BoundingBox": {
          "Width": 0.04831899330019951,
          "Height": 0.0076760463416576385,
          "Left": 0.25336137413978577,
          "Top": 0.3596338629722595
        },
        "Polygon": [
          {
            "X": 0.25358426570892334,
            "Y": 0.3608103096485138
          },
          {
            "X": 0.3016803562641144,
            "Y": 0.3596338629722595
          },
          {
            "X": 0.30147963762283325,
            "Y": 0.36615315079689026
          },
          {
            "X": 0.25336137413978577,
            "Y": 0.36730989813804626
          }
        ]
      },
      "Id": "6a516106-ef78-4ff1-917c-cd0bc84bb81a",
      "Page": 1
    },
    {
      "BlockType": "WORD",
      "Confidence": 99.54363250732422,
      "Text": "BASEADAS",
      "TextType": "PRINTED",
      "Geometry": {
        "BoundingBox": {
          "Width": 0.04932652413845062,
          "Height": 0.006897652056068182,
          "Left": 0.3088057041168213,
          "Top": 0.3576289713382721
        },
        "Polygon": [
          {
            "X": 0.30897796154022217,
            "Y": 0.35883331298828125
          },
          {
            "X": 0.3581322133541107,
            "Y": 0.3576289713382721
          },
          {
            "X": 0.3579798638820648,
            "Y": 0.363339900970459
          },
          {
            "X": 0.3088057041168213,
            "Y": 0.364526629447937
          }
        ]
      },
      "Id": "fe266ae0-3d00-4888-a800-b1f5c0d238eb",
      "Page": 1
    },
    {
      "BlockType": "WORD",
      "Confidence": 98.84227752685547,
      "Text": "EM",
      "TextType": "PRINTED",
      "Geometry": {
        "BoundingBox": {
          "Width": 0.011416459456086159,
          "Height": 0.005551709793508053,
          "Left": 0.3658163249492645,
          "Top": 0.35669732093811035
        },
        "Polygon": [
          {
            "X": 0.36595404148101807,
            "Y": 0.3569740056991577
          },
          {
            "X": 0.37723278999328613,
            "Y": 0.35669732093811035
          },
          {
            "X": 0.37709930539131165,
            "Y": 0.36197608709335327
          },
          {
            "X": 0.3658163249492645,
            "Y": 0.3622490465641022
          }
        ]
      },
      "Id": "99e432a5-fc2e-48f0-833c-05bd2340de15",
      "Page": 1
    },
    {
      "BlockType": "WORD",
      "Confidence": 99.41949462890625,
      "Text": "DADOS",
      "TextType": "PRINTED",
      "Geometry": {
        "BoundingBox": {
          "Width": 0.031207146123051643,
          "Height": 0.00640067458152771,
          "Left": 0.3842209279537201,
          "Top": 0.35505175590515137
        },
        "Polygon": [
          {
            "X": 0.38436055183410645,
            "Y": 0.3558152914047241
          },
          {
            "X": 0.4154280722141266,
            "Y": 0.35505175590515137
          },
          {
            "X": 0.41530096530914307,
            "Y": 0.360699862241745
          },
          {
            "X": 0.3842209279537201,
            "Y": 0.3614524304866791
          }
        ]
      },
      "Id": "c46bb1e4-38fd-4345-ae11-bb3dcd1ab007",
      "Page": 1
    },
    {
      "BlockType": "WORD",
      "Confidence": 98.4488525390625,
      "Text": "PARA",
      "TextType": "PRINTED",
      "Geometry": {
        "BoundingBox": {
          "Width": 0.024667508900165558,
          "Height": 0.005911198910325766,
          "Left": 0.42332538962364197,
          "Top": 0.3536195158958435
        },
        "Polygon": [
          {
            "X": 0.42344173789024353,
            "Y": 0.3542238771915436
          },
          {
            "X": 0.4479929208755493,
            "Y": 0.3536195158958435
          },
          {
            "X": 0.4478859305381775,
            "Y": 0.3589344620704651
          },
          {
            "X": 0.42332538962364197,
            "Y": 0.3595307171344757
          }
        ]
      },
      "Id": "79631277-9b94-43d4-8fab-2f668fd28ddc",
      "Page": 1
    },
    {
      "BlockType": "WORD",
      "Confidence": 99.31355285644531,
      "Text": "TODOS",
      "TextType": "PRINTED",
      "Geometry": {
        "BoundingBox": {
          "Width": 0.031525302678346634,
          "Height": 0.00657991599291563,
          "Left": 0.45584240555763245,
          "Top": 0.35162121057510376
        },
        "Polygon": [
          {
            "X": 0.4559558928012848,
            "Y": 0.35239651799201965
          },
          {
            "X": 0.48736771941185,
            "Y": 0.35162121057510376
          },
          {
            "X": 0.4872673451900482,
            "Y": 0.3574371337890625
          },
          {
            "X": 0.45584240555763245,
            "Y": 0.35820111632347107
          }
        ]
      },
      "Id": "173fdba2-12ab-4c2d-a5e1-a597162ad747",
      "Page": 1
    },
    {
      "BlockType": "WORD",
      "Confidence": 49.90491485595703,
      "Text": "os",
      "TextType": "PRINTED",
      "Geometry": {
        "BoundingBox": {
          "Width": 0.01189753320068121,
          "Height": 0.0056623974815011024,
          "Left": 0.495424747467041,
          "Top": 0.35067054629325867
        },
        "Polygon": [
          {
            "X": 0.49551424384117126,
            "Y": 0.3509623408317566
          },
          {
            "X": 0.5073223114013672,
            "Y": 0.35067054629325867
          },
          {
            "X": 0.5072373747825623,
            "Y": 0.35604509711265564
          },
          {
            "X": 0.495424747467041,
            "Y": 0.3563329577445984
          }
        ]
      },
      "Id": "4bfd2953-d3cb-48d8-8e40-a75f6c05803a",
      "Page": 1
    },
    {
      "BlockType": "WORD",
      "Confidence": 77.55877685546875,
      "Text": "USUÁRIOS",
      "TextType": "PRINTED",
      "Geometry": {
        "BoundingBox": {
          "Width": 0.052796125411987305,
          "Height": 0.007203821558505297,
          "Left": 0.5155788660049438,
          "Top": 0.3476523756980896
        },
        "Polygon": [
          {
            "X": 0.5156684517860413,
            "Y": 0.34895992279052734
          },
          {
            "X": 0.5683749914169312,
            "Y": 0.3476523756980896
          },
          {
            "X": 0.5683078169822693,
            "Y": 0.3535679280757904
          },
          {
            "X": 0.5155788660049438,
            "Y": 0.3548562228679657
          }
        ]
      },
      "Id": "13214392-a57a-41e7-a756-83ecb884f273",
      "Page": 1
    },
    {
      "BlockType": "WORD",
      "Confidence": 93.16937255859375,
      "Text": "Experiência",
      "TextType": "PRINTED",
      "Geometry": {
        "BoundingBox": {
          "Width": 0.08654884248971939,
          "Height": 0.01548814121633768,
          "Left": 0.11392815411090851,
          "Top": 0.3934882879257202
        },
        "Polygon": [
          {
            "X": 0.11452921479940414,
            "Y": 0.39541512727737427
          },
          {
            "X": 0.2004769891500473,
            "Y": 0.3934882879257202
          },
          {
            "X": 0.19995780289173126,
            "Y": 0.40712404251098633
          },
          {
            "X": 0.11392815411090851,
            "Y": 0.4089764356613159
          }
        ]
      },
      "Id": "06b70b48-4320-4e67-ba65-6e840b4db8bf",
      "Page": 1
    },
    {
      "BlockType": "WORD",
      "Confidence": 99.81849670410156,
      "Text": "de",
      "TextType": "PRINTED",
      "Geometry": {
        "BoundingBox": {
          "Width": 0.01929599791765213,
          "Height": 0.010940343141555786,
          "Left": 0.2049849033355713,
          "Top": 0.3925480842590332
        },
        "Polygon": [
          {
            "X": 0.2053815722465515,
            "Y": 0.39297226071357727
          },
          {
            "X": 0.22428089380264282,
            "Y": 0.3925480842590332
          },
          {
            "X": 0.22389821708202362,
            "Y": 0.40307682752609253
          },
          {
            "X": 0.2049849033355713,
            "Y": 0.403488427400589
          }
        ]
      },
      "Id": "8258b132-386e-41ce-8688-05e2b14a9272",
      "Page": 1
    },
    {
      "BlockType": "WORD",
      "Confidence": 97.61299133300781,
      "Text": "criação",
      "TextType": "PRINTED",
      "Geometry": {
        "BoundingBox": {
          "Width": 0.05641387030482292,
          "Height": 0.01432173140347004,
          "Left": 0.22824302315711975,
          "Top": 0.39002323150634766
        },
        "Polygon": [
          {
            "X": 0.22871361672878265,
            "Y": 0.3912831246852875
          },
          {
            "X": 0.28465691208839417,
            "Y": 0.39002323150634766
          },
          {
            "X": 0.28423795104026794,
            "Y": 0.4031313955783844
          },
          {
            "X": 0.22824302315711975,
            "Y": 0.40434497594833374
          }
        ]
      },
      "Id": "e87c945f-f191-4997-a95e-5388f0a607d6",
      "Page": 1
    },
    {
      "BlockType": "WORD",
      "Confidence": 99.81791687011719,
      "Text": "de",
      "TextType": "PRINTED",
      "Geometry": {
        "BoundingBox": {
          "Width": 0.019464148208498955,
          "Height": 0.011722736060619354,
          "Left": 0.28874194622039795,
          "Top": 0.38915181159973145
        },
        "Polygon": [
          {
            "X": 0.28909918665885925,
            "Y": 0.3895825445652008
          },
          {
            "X": 0.30820608139038086,
            "Y": 0.38915181159973145
          },
          {
            "X": 0.30786409974098206,
            "Y": 0.4004574418067932
          },
          {
            "X": 0.28874194622039795,
            "Y": 0.4008745551109314
          }
        ]
      },
      "Id": "2b4e89fc-6edd-447f-b151-9dd4dd467880",
      "Page": 1
    },
    {
      "BlockType": "WORD",
      "Confidence": 97.6697769165039,
      "Text": "painéis",
      "TextType": "PRINTED",
      "Geometry": {
        "BoundingBox": {
          "Width": 0.05878594145178795,
          "Height": 0.015351166017353535,
          "Left": 0.313283771276474,
          "Top": 0.38637369871139526
        },
        "Polygon": [
          {
            "X": 0.31370261311531067,
            "Y": 0.38769447803497314
          },
          {
            "X": 0.37206971645355225,
            "Y": 0.38637369871139526
          },
          {
            "X": 0.3717091381549835,
            "Y": 0.40045568346977234
          },
          {
            "X": 0.313283771276474,
            "Y": 0.40172484517097473
          }
        ]
      },
      "Id": "4dfc45f2-6c49-428e-baab-e00481b38eb0",
      "Page": 1
    },
    {
      "BlockType": "WORD",
      "Confidence": 99.76512145996094,
      "Text": "com",
      "TextType": "PRINTED",
      "Geometry": {
        "BoundingBox": {
          "Width": 0.034910980612039566,
          "Height": 0.009615973569452763,
          "Left": 0.3759134113788605,
          "Top": 0.3874996602535248
        },
        "Polygon": [
          {
            "X": 0.37613698840141296,
            "Y": 0.38828012347221375
          },
          {
            "X": 0.41082438826560974,
            "Y": 0.3874996602535248
          },
          {
            "X": 0.41062262654304504,
            "Y": 0.3963543772697449
          },
          {
            "X": 0.3759134113788605,
            "Y": 0.3971156179904938
          }
        ]
      },
      "Id": "be643080-5506-4538-b22c-d7fb62cfb44c",
      "Page": 1
    },
    {
      "BlockType": "WORD",
      "Confidence": 99.3624496459961,
      "Text": "tecnologia",
      "TextType": "PRINTED",
      "Geometry": {
        "BoundingBox": {
          "Width": 0.09052623063325882,
          "Height": 0.016345994547009468,
          "Left": 0.41516098380088806,
          "Top": 0.3815372884273529
        },
        "Polygon": [
          {
            "X": 0.41548192501068115,
            "Y": 0.3835889995098114
          },
          {
            "X": 0.5056872367858887,
            "Y": 0.3815372884273529
          },
          {
            "X": 0.5054588317871094,
            "Y": 0.3959122896194458
          },
          {
            "X": 0.41516098380088806,
            "Y": 0.3978832960128784
          }
        ]
      },
      "Id": "e5cefa53-aabb-4ae3-8340-21f3228fa48a",
      "Page": 1
    },
    {
      "BlockType": "WORD",
      "Confidence": 99.85674285888672,
      "Text": "de",
      "TextType": "PRINTED",
      "Geometry": {
        "BoundingBox": {
          "Width": 0.021518345922231674,
          "Height": 0.011899800971150398,
          "Left": 0.511138916015625,
          "Top": 0.38044849038124084
        },
        "Polygon": [
          {
            "X": 0.5113155841827393,
            "Y": 0.38093453645706177
          },
          {
            "X": 0.532657265663147,
            "Y": 0.38044849038124084
          },
          {
            "X": 0.5324981212615967,
            "Y": 0.3918773829936981
          },
          {
            "X": 0.511138916015625,
            "Y": 0.3923482894897461
          }
        ]
      },
      "Id": "15adb098-87e0-499a-a888-80bae8ce03dc",
      "Page": 1
    },
    {
      "BlockType": "WORD",
      "Confidence": 99.5401611328125,
      "Text": "IA",
      "TextType": "PRINTED",
      "Geometry": {
        "BoundingBox": {
          "Width": 0.017332304269075394,
          "Height": 0.010815662331879139,
          "Left": 0.538181722164154,
          "Top": 0.37988564372062683
        },
        "Polygon": [
          {
            "X": 0.5383226275444031,
            "Y": 0.38027724623680115
          },
          {
            "X": 0.5555140376091003,
            "Y": 0.37988564372062683
          },
          {
            "X": 0.5553861260414124,
            "Y": 0.39032086730003357
          },
          {
            "X": 0.538181722164154,
            "Y": 0.3907013237476349
          }
        ]
      },
      "Id": "6c293864-5b9a-4f48-ac77-7c525e152754",
      "Page": 1
    },
    {
      "BlockType": "WORD",
      "Confidence": 99.73663330078125,
      "Text": "permite",
      "TextType": "PRINTED",
      "Geometry": {
        "BoundingBox": {
          "Width": 0.041361235082149506,
          "Height": 0.010660786181688309,
          "Left": 0.11114642024040222,
          "Top": 0.41024091839790344
        },
        "Polygon": [
          {
            "X": 0.1115817204117775,
            "Y": 0.4111165404319763
          },
          {
            "X": 0.15250764787197113,
            "Y": 0.41024091839790344
          },
          {
            "X": 0.1521003693342209,
            "Y": 0.4200516939163208
          },
          {
            "X": 0.11114642024040222,
            "Y": 0.42090171575546265
          }
        ]
      },
      "Id": "8091c92f-4aeb-4603-a16b-54f3be5d62ab",
      "Page": 1
    },
    {
      "BlockType": "WORD",
      "Confidence": 99.90045928955078,
      "Text": "que",
      "TextType": "PRINTED",
      "Geometry": {
        "BoundingBox": {
          "Width": 0.020321564748883247,
          "Height": 0.00844806432723999,
          "Left": 0.15466001629829407,
          "Top": 0.41073745489120483
        },
        "Polygon": [
          {
            "X": 0.15499155223369598,
            "Y": 0.411163866519928
          },
          {
            "X": 0.17498157918453217,
            "Y": 0.41073745489120483
          },
          {
            "X": 0.17466126382350922,
            "Y": 0.41876932978630066
          },
          {
            "X": 0.15466001629829407,
            "Y": 0.4191855192184448
          }
        ]
      },
      "Id": "4bc0f834-e5b0-487e-a921-19ce16234306",
      "Page": 1
    },
    {
      "BlockType": "WORD",
      "Confidence": 95.34632110595703,
      "Text": "os",
      "TextType": "PRINTED",
      "Geometry": {
        "BoundingBox": {
          "Width": 0.01264298427850008,
          "Height": 0.006402447819709778,
          "Left": 0.17733968794345856,
          "Top": 0.41040608286857605
        },
        "Polygon": [
          {
            "X": 0.17758330702781677,
            "Y": 0.41067057847976685
          },
          {
            "X": 0.18998266756534576,
            "Y": 0.41040608286857605
          },
          {
            "X": 0.18974438309669495,
            "Y": 0.41654884815216064
          },
          {
            "X": 0.17733968794345856,
            "Y": 0.41680851578712463
          }
        ]
      },
      "Id": "2c1cd651-e860-4776-b4f8-b037e139be2f",
      "Page": 1
    },
    {
      "BlockType": "WORD",
      "Confidence": 99.27507019042969,
      "Text": "analistas",
      "TextType": "PRINTED",
      "Geometry": {
        "BoundingBox": {
          "Width": 0.047808967530727386,
          "Height": 0.009517117403447628,
          "Left": 0.19216305017471313,
          "Top": 0.40691515803337097
        },
        "Polygon": [
          {
            "X": 0.19249117374420166,
            "Y": 0.4079355001449585
          },
          {
            "X": 0.23997202515602112,
            "Y": 0.40691515803337097
          },
          {
            "X": 0.23967230319976807,
            "Y": 0.41543757915496826
          },
          {
            "X": 0.19216305017471313,
            "Y": 0.41643229126930237
          }
        ]
      },
      "Id": "275f44bc-6927-4775-a1da-7de58012163f",
      "Page": 1
    },
    {
      "BlockType": "WORD",
      "Confidence": 99.83531951904297,
      "Text": "de",
      "TextType": "PRINTED",
      "Geometry": {
        "BoundingBox": {
          "Width": 0.014240669086575508,
          "Height": 0.008534125983715057,
          "Left": 0.24236762523651123,
          "Top": 0.4060872197151184
        },
        "Polygon": [
          {
            "X": 0.24265560507774353,
            "Y": 0.40638747811317444
          },
          {
            "X": 0.2566082775592804,
            "Y": 0.4060872197151184
          },
          {
            "X": 0.25632840394973755,
            "Y": 0.41432836651802063
          },
          {
            "X": 0.24236762523651123,
            "Y": 0.41462135314941406
          }
        ]
      },
      "Id": "5e7ab112-aa08-4f66-b22b-f98c316138a1",
      "Page": 1
    },
    {
      "BlockType": "WORD",
      "Confidence": 93.45199584960938,
      "Text": "negócios",
      "TextType": "PRINTED",
      "Geometry": {
        "BoundingBox": {
          "Width": 0.04991958662867546,
          "Height": 0.011375002562999725,
          "Left": 0.25916916131973267,
          "Top": 0.4042726457118988
        },
        "Polygon": [
          {
            "X": 0.25951701402664185,
            "Y": 0.40534165501594543
          },
          {
            "X": 0.3090887665748596,
            "Y": 0.4042726457118988
          },
          {
            "X": 0.3087770342826843,
            "Y": 0.41461101174354553
          },
          {
            "X": 0.25916916131973267,
            "Y": 0.4156476557254791
          }
        ]
      },
      "Id": "ebd409e6-b671-44b0-84f0-5d894006b6c4",
      "Page": 1
    },
    {
      "BlockType": "WORD",
      "Confidence": 99.5142593383789,
      "Text": "criem",
      "TextType": "PRINTED",
      "Geometry": {
        "BoundingBox": {
          "Width": 0.03157539293169975,
          "Height": 0.009088316932320595,
          "Left": 0.3116244673728943,
          "Top": 0.40337371826171875
        },
        "Polygon": [
          {
            "X": 0.31187641620635986,
            "Y": 0.4040495455265045
          },
          {
            "X": 0.34319984912872314,
            "Y": 0.40337371826171875
          },
          {
            "X": 0.34296658635139465,
            "Y": 0.41180285811424255
          },
          {
            "X": 0.3116244673728943,
            "Y": 0.412462055683136
          }
        ]
      },
      "Id": "4b72d5ba-fe07-4884-8b49-9d3941170260",
      "Page": 1
    },
    {
      "BlockType": "WORD",
      "Confidence": 99.76167297363281,
      "Text": "com",
      "TextType": "PRINTED",
      "Geometry": {
        "BoundingBox": {
          "Width": 0.02481892518699169,
          "Height": 0.007742730900645256,
          "Left": 0.34589335322380066,
          "Top": 0.40358778834342957
        },
        "Polygon": [
          {
            "X": 0.3460914194583893,
            "Y": 0.4041176736354828
          },
          {
            "X": 0.3707122802734375,
            "Y": 0.40358778834342957
          },
          {
            "X": 0.37052682042121887,
            "Y": 0.41081178188323975
          },
          {
            "X": 0.34589335322380066,
            "Y": 0.4113304913043976
          }
        ]
      },
      "Id": "f15467a8-07e1-494b-8e2b-8ec44da16bc2",
      "Page": 1
    },
    {
      "BlockType": "WORD",
      "Confidence": 99.7465591430664,
      "Text": "mais",
      "TextType": "PRINTED",
      "Geometry": {
        "BoundingBox": {
          "Width": 0.027247169986367226,
          "Height": 0.009212272241711617,
          "Left": 0.3736487329006195,
          "Top": 0.4011480510234833
        },
        "Polygon": [
          {
            "X": 0.37386828660964966,
            "Y": 0.4017328917980194
          },
          {
            "X": 0.4008959233760834,
            "Y": 0.4011480510234833
          },
          {
            "X": 0.40069296956062317,
            "Y": 0.40979015827178955
          },
          {
            "X": 0.3736487329006195,
            "Y": 0.41036033630371094
          }
        ]
      },
      "Id": "9279779a-cb2e-4c87-af76-3ddb46e36e39",
      "Page": 1
    },
    {
      "BlockType": "WORD",
      "Confidence": 99.42648315429688,
      "Text": "rapidez",
      "TextType": "PRINTED",
      "Geometry": {
        "BoundingBox": {
          "Width": 0.04334598034620285,
          "Height": 0.01120251789689064,
          "Left": 0.40372344851493835,
          "Top": 0.39948907494544983
        },
        "Polygon": [
          {
            "X": 0.40396231412887573,
            "Y": 0.40042364597320557
          },
          {
            "X": 0.4470694363117218,
            "Y": 0.39948907494544983
          },
          {
            "X": 0.44686219096183777,
            "Y": 0.4097847640514374
          },
          {
            "X": 0.40372344851493835,
            "Y": 0.41069158911705017
          }
        ]
      },
      "Id": "18e3b116-8e53-48a0-aec3-b511446f0ef4",
      "Page": 1
    },
    {
      "BlockType": "WORD",
      "Confidence": 98.05394744873047,
      "Text": "Respostas",
      "TextType": "PRINTED",
      "Geometry": {
        "BoundingBox": {
          "Width": 0.0760480985045433,
          "Height": 0.014393961988389492,
          "Left": 0.1076379269361496,
          "Top": 0.4285203516483307
        },
        "Polygon": [
          {
            "X": 0.1082129180431366,
            "Y": 0.43004196882247925
          },
          {
            "X": 0.1836860179901123,
            "Y": 0.4285203516483307
          },
          {
            "X": 0.18317902088165283,
            "Y": 0.4414549767971039
          },
          {
            "X": 0.1076379269361496,
            "Y": 0.44291433691978455
          }
        ]
      },
      "Id": "df78fd1b-60f3-402f-998a-ecf96eacaf4d",
      "Page": 1
    },
    {
      "BlockType": "WORD",
      "Confidence": 99.85504150390625,
      "Text": "de",
      "TextType": "PRINTED",
      "Geometry": {
        "BoundingBox": {
          "Width": 0.01959267444908619,
          "Height": 0.01098918728530407,
          "Left": 0.18715274333953857,
          "Top": 0.42745861411094666
        },
        "Polygon": [
          {
            "X": 0.18756534159183502,
            "Y": 0.4278460443019867
          },
          {
            "X": 0.2067454308271408,
            "Y": 0.42745861411094666
          },
          {
            "X": 0.20634707808494568,
            "Y": 0.4380733370780945
          },
          {
            "X": 0.18715274333953857,
            "Y": 0.4384478032588959
          }
        ]
      },
      "Id": "be8e9e4b-90c6-4e0a-8194-6052c892272f",
      "Page": 1
    },
    {
      "BlockType": "WORD",
      "Confidence": 99.64337921142578,
      "Text": "IA",
      "TextType": "PRINTED",
      "Geometry": {
        "BoundingBox": {
          "Width": 0.017025897279381752,
          "Height": 0.010726367123425007,
          "Left": 0.2106102705001831,
          "Top": 0.4269592761993408
        },
        "Polygon": [
          {
            "X": 0.21099697053432465,
            "Y": 0.4272954761981964
          },
          {
            "X": 0.2276361584663391,
            "Y": 0.4269592761993408
          },
          {
            "X": 0.22726158797740936,
            "Y": 0.4373604655265808
          },
          {
            "X": 0.2106102705001831,
            "Y": 0.43768563866615295
          }
        ]
      },
      "Id": "2d1e0183-549f-4f0a-9f6c-767d161ad740",
      "Page": 1
    },
    {
      "BlockType": "WORD",
      "Confidence": 99.78120422363281,
      "Text": "para",
      "TextType": "PRINTED",
      "Geometry": {
        "BoundingBox": {
          "Width": 0.03596188873052597,
          "Height": 0.011583514511585236,
          "Left": 0.23171362280845642,
          "Top": 0.42766663432121277
        },
        "Polygon": [
          {
            "X": 0.2321014553308487,
            "Y": 0.42838189005851746
          },
          {
            "X": 0.267675518989563,
            "Y": 0.42766663432121277
          },
          {
            "X": 0.2673149108886719,
            "Y": 0.4385594427585602
          },
          {
            "X": 0.23171362280845642,
            "Y": 0.4392501413822174
          }
        ]
      },
      "Id": "42260305-789d-4260-9a06-ffe588140ac8",
      "Page": 1
    },
    {
      "BlockType": "WORD",
      "Confidence": 99.14440155029297,
      "Text": "perguntas",
      "TextType": "PRINTED",
      "Geometry": {
        "BoundingBox": {
          "Width": 0.08326788246631622,
          "Height": 0.015115443617105484,
          "Left": 0.2721986174583435,
          "Top": 0.4234728515148163
        },
        "Polygon": [
          {
            "X": 0.2726387083530426,
            "Y": 0.42515116930007935
          },
          {
            "X": 0.3554665148258209,
            "Y": 0.4234728515148163
          },
          {
            "X": 0.35510528087615967,
            "Y": 0.4369804859161377
          },
          {
            "X": 0.2721986174583435,
            "Y": 0.43858829140663147
          }
        ]
      },
      "Id": "211a7210-ccb3-4e02-b68e-9e6604561405",
      "Page": 1
    },
    {
      "BlockType": "WORD",
      "Confidence": 99.58218383789062,
      "Text": "sobre",
      "TextType": "PRINTED",
      "Geometry": {
        "BoundingBox": {
          "Width": 0.04760248214006424,
          "Height": 0.012584180571138859,
          "Left": 0.35936522483825684,
          "Top": 0.4210053086280823
        },
        "Polygon": [
          {
            "X": 0.35967251658439636,
            "Y": 0.4219679534435272
          },
          {
            "X": 0.40696772933006287,
            "Y": 0.4210053086280823
          },
          {
            "X": 0.4066995084285736,
            "Y": 0.4326614439487457
          },
          {
            "X": 0.35936522483825684,
            "Y": 0.43358948826789856
          }
        ]
      },
      "Id": "b11b2d23-83f7-4916-80e5-c8dcb6c1c9b5",
      "Page": 1
    },
    {
      "BlockType": "WORD",
      "Confidence": 99.64317321777344,
      "Text": "dados",
      "TextType": "PRINTED",
      "Geometry": {
        "BoundingBox": {
          "Width": 0.05174827203154564,
          "Height": 0.013066836632788181,
          "Left": 0.4109702706336975,
          "Top": 0.41891467571258545
        },
        "Polygon": [
          {
            "X": 0.4112430512905121,
            "Y": 0.41996556520462036
          },
          {
            "X": 0.46271854639053345,
            "Y": 0.41891467571258545
          },
          {
            "X": 0.46248993277549744,
            "Y": 0.4309694170951843
          },
          {
            "X": 0.4109702706336975,
            "Y": 0.43198150396347046
          }
        ]
      },
      "Id": "859bc085-8082-412f-826b-afc56d83d316",
      "Page": 1
    },
    {
      "BlockType": "WORD",
      "Confidence": 99.71498107910156,
      "Text": "sob",
      "TextType": "PRINTED",
      "Geometry": {
        "BoundingBox": {
          "Width": 0.03099895268678665,
          "Height": 0.012046723626554012,
          "Left": 0.46672484278678894,
          "Top": 0.4179063141345978
        },
        "Polygon": [
          {
            "X": 0.4669378697872162,
            "Y": 0.41853541135787964
          },
          {
            "X": 0.497723788022995,
            "Y": 0.4179063141345978
          },
          {
            "X": 0.49753591418266296,
            "Y": 0.4293459355831146
          },
          {
            "X": 0.46672484278678894,
            "Y": 0.42995303869247437
          }
        ]
      },
      "Id": "7347887a-fe9a-40cf-8f25-75f7df6ed58b",
      "Page": 1
    },
    {
      "BlockType": "WORD",
      "Confidence": 99.53053283691406,
      "Text": "demanda",
      "TextType": "PRINTED",
      "Geometry": {
        "BoundingBox": {
          "Width": 0.0831892341375351,
          "Height": 0.013897807337343693,
          "Left": 0.502531886100769,
          "Top": 0.41484227776527405
        },
        "Polygon": [
          {
            "X": 0.502727746963501,
            "Y": 0.4165448546409607
          },
          {
            "X": 0.5857211351394653,
            "Y": 0.41484227776527405
          },
          {
            "X": 0.5855981111526489,
            "Y": 0.42710065841674805
          },
          {
            "X": 0.502531886100769,
            "Y": 0.42874008417129517
          }
        ]
      },
      "Id": "748d982f-f304-47a9-b18e-9b25506d3b7f",
      "Page": 1
    },
    {
      "BlockType": "WORD",
      "Confidence": 99.0866470336914,
      "Text": "simplifica",
      "TextType": "PRINTED",
      "Geometry": {
        "BoundingBox": {
          "Width": 0.0505187027156353,
          "Height": 0.010980213060975075,
          "Left": 0.10445438325405121,
          "Top": 0.4440534710884094
        },
        "Polygon": [
          {
            "X": 0.10490386188030243,
            "Y": 0.44501402974128723
          },
          {
            "X": 0.1549730896949768,
            "Y": 0.4440534710884094
          },
          {
            "X": 0.15455859899520874,
            "Y": 0.45410531759262085
          },
          {
            "X": 0.10445438325405121,
            "Y": 0.45503368973731995
          }
        ]
      },
      "Id": "968b905d-8db1-44f3-897f-8556b608236c",
      "Page": 1
    },
    {
      "BlockType": "WORD",
      "Confidence": 99.56470489501953,
      "Text": "a",
      "TextType": "PRINTED",
      "Geometry": {
        "BoundingBox": {
          "Width": 0.007003854960203171,
          "Height": 0.006300905253738165,
          "Left": 0.15731342136859894,
          "Top": 0.44549787044525146
        },
        "Polygon": [
          {
            "X": 0.15756672620773315,
            "Y": 0.4456266760826111
          },
          {
            "X": 0.1643172800540924,
            "Y": 0.44549787044525146
          },
          {
            "X": 0.1640668660402298,
            "Y": 0.45167264342308044
          },
          {
            "X": 0.15731342136859894,
            "Y": 0.45179879665374756
          }
        ]
      },
      "Id": "de63afd5-ec81-41c6-84a0-9c0fa94beaeb",
      "Page": 1
    },
    {
      "BlockType": "WORD",
      "Confidence": 95.04512023925781,
      "Text": "extração",
      "TextType": "PRINTED",
      "Geometry": {
        "BoundingBox": {
          "Width": 0.046426672488451004,
          "Height": 0.010843001306056976,
          "Left": 0.16697874665260315,
          "Top": 0.442536860704422
        },
        "Polygon": [
          {
            "X": 0.1673804521560669,
            "Y": 0.44342100620269775
          },
          {
            "X": 0.21340541541576385,
            "Y": 0.442536860704422
          },
          {
            "X": 0.21303582191467285,
            "Y": 0.45252496004104614
          },
          {
            "X": 0.16697874665260315,
            "Y": 0.4533798396587372
          }
        ]
      },
      "Id": "3bc799e6-4664-4b47-abbd-9dc2d6b9613a",
      "Page": 1
    },
    {
      "BlockType": "WORD",
      "Confidence": 99.82360076904297,
      "Text": "de",
      "TextType": "PRINTED",
      "Geometry": {
        "BoundingBox": {
          "Width": 0.01431416254490614,
          "Height": 0.008500632829964161,
          "Left": 0.21608993411064148,
          "Top": 0.4418518841266632
        },
        "Polygon": [
          {
            "X": 0.21639274060726166,
            "Y": 0.44212138652801514
          },
          {
            "X": 0.2304040938615799,
            "Y": 0.4418518841266632
          },
          {
            "X": 0.23010939359664917,
            "Y": 0.4500903785228729
          },
          {
            "X": 0.21608993411064148,
            "Y": 0.4503525197505951
          }
        ]
      },
      "Id": "187fbd98-a73f-422d-81ce-70a7d75f9363",
      "Page": 1
    },
    {
      "BlockType": "WORD",
      "Confidence": 99.87925720214844,
      "Text": "insights",
      "TextType": "PRINTED",
      "Geometry": {
        "BoundingBox": {
          "Width": 0.043718524277210236,
          "Height": 0.011065159924328327,
          "Left": 0.23291273415088654,
          "Top": 0.4405827522277832
        },
        "Polygon": [
          {
            "X": 0.2332765907049179,
            "Y": 0.4414176642894745
          },
          {
            "X": 0.27663126587867737,
            "Y": 0.4405827522277832
          },
          {
            "X": 0.2762986421585083,
            "Y": 0.45084115862846375
          },
          {
            "X": 0.23291273415088654,
            "Y": 0.45164790749549866
          }
        ]
      },
      "Id": "40834523-54d6-4a72-aea0-e41372219d5a",
      "Page": 1
    },
    {
      "BlockType": "WORD",
      "Confidence": 99.71086120605469,
      "Text": "para",
      "TextType": "PRINTED",
      "Geometry": {
        "BoundingBox": {
          "Width": 0.02538433112204075,
          "Height": 0.008741473779082298,
          "Left": 0.2794030010700226,
          "Top": 0.4414430260658264
        },
        "Polygon": [
          {
            "X": 0.27966898679733276,
            "Y": 0.44192448258399963
          },
          {
            "X": 0.3047873377799988,
            "Y": 0.4414430260658264
          },
          {
            "X": 0.30453595519065857,
            "Y": 0.4497162103652954
          },
          {
            "X": 0.2794030010700226,
            "Y": 0.45018449425697327
          }
        ]
      },
      "Id": "9d92d81a-fefb-4146-b835-ba226c70c47d",
      "Page": 1
    },
    {
      "BlockType": "WORD",
      "Confidence": 93.26676940917969,
      "Text": "usuários",
      "TextType": "PRINTED",
      "Geometry": {
        "BoundingBox": {
          "Width": 0.04783676192164421,
          "Height": 0.009721328504383564,
          "Left": 0.30774298310279846,
          "Top": 0.4384184181690216
        },
        "Polygon": [
          {
            "X": 0.3080084025859833,
            "Y": 0.43933653831481934
          },
          {
            "X": 0.3555797338485718,
            "Y": 0.4384184181690216
          },
          {
            "X": 0.35534393787384033,
            "Y": 0.4472481310367584
          },
          {
            "X": 0.30774298310279846,
            "Y": 0.4481397569179535
          }
        ]
      },
      "Id": "90889bcb-9027-41b7-8c8c-8f86090c7495",
      "Page": 1
    },
    {
      "BlockType": "WORD",
      "Confidence": 98.72168731689453,
      "Text": "corporativos",
      "TextType": "PRINTED",
      "Geometry": {
        "BoundingBox": {
          "Width": 0.07329969853162766,
          "Height": 0.01196958590298891,
          "Left": 0.35829898715019226,
          "Top": 0.4361289143562317
        },
        "Polygon": [
          {
            "X": 0.3585786521434784,
            "Y": 0.43754202127456665
          },
          {
            "X": 0.4315986931324005,
            "Y": 0.4361289143562317
          },
          {
            "X": 0.4313738942146301,
            "Y": 0.4467339813709259
          },
          {
            "X": 0.35829898715019226,
            "Y": 0.44809848070144653
          }
        ]
      },
      "Id": "c6773c99-277d-4c88-a894-966b7f8c9114",
      "Page": 1
    },
    {
      "BlockType": "WORD",
      "Confidence": 99.81594848632812,
      "Text": "Amazon",
      "TextType": "PRINTED",
      "Geometry": {
        "BoundingBox": {
          "Width": 0.04476017877459526,
          "Height": 0.008388555608689785,
          "Left": 0.6275277137756348,
          "Top": 0.43804022669792175
        },
        "Polygon": [
          {
            "X": 0.6275804042816162,
            "Y": 0.4388868808746338
          },
          {
            "X": 0.6722879409790039,
            "Y": 0.43804022669792175
          },
          {
            "X": 0.6722596287727356,
            "Y": 0.44560304284095764
          },
          {
            "X": 0.6275277137756348,
            "Y": 0.4464288055896759
          }
        ]
      },
      "Id": "a2ad0246-617a-4af7-8044-bdc34a2a721d",
      "Page": 1
    },
    {
      "BlockType": "WORD",
      "Confidence": 99.83939361572266,
      "Text": "Bedrock",
      "TextType": "PRINTED",
      "Geometry": {
        "BoundingBox": {
          "Width": 0.044598791748285294,
          "Height": 0.007926004007458687,
          "Left": 0.6280335187911987,
          "Top": 0.4468866288661957
        },
        "Polygon": [
          {
            "X": 0.628082811832428,
            "Y": 0.44770538806915283
          },
          {
            "X": 0.6726322770118713,
            "Y": 0.4468866288661957
          },
          {
            "X": 0.6726058125495911,
            "Y": 0.45401352643966675
          },
          {
            "X": 0.6280335187911987,
            "Y": 0.4548126459121704
          }
        ]
      },
      "Id": "474c6f02-20c7-430a-abc9-2697eac1058c",
      "Page": 1
    },
    {
      "BlockType": "WORD",
      "Confidence": 99.46566772460938,
      "Text": "Narrativa",
      "TextType": "PRINTED",
      "Geometry": {
        "BoundingBox": {
          "Width": 0.07272298634052277,
          "Height": 0.013395015150308609,
          "Left": 0.10011038929224014,
          "Top": 0.46283748745918274
        },
        "Polygon": [
          {
            "X": 0.1006561815738678,
            "Y": 0.4641321897506714
          },
          {
            "X": 0.1728333830833435,
            "Y": 0.46283748745918274
          },
          {
            "X": 0.1723485141992569,
            "Y": 0.4749939441680908
          },
          {
            "X": 0.10011038929224014,
            "Y": 0.47623249888420105
          }
        ]
      },
      "Id": "c5151324-6e01-4d18-873e-14a569fb901b",
      "Page": 1
    },
    {
      "BlockType": "WORD",
      "Confidence": 99.87055969238281,
      "Text": "de",
      "TextType": "PRINTED",
      "Geometry": {
        "BoundingBox": {
          "Width": 0.01961897686123848,
          "Height": 0.01108325831592083,
          "Left": 0.17713609337806702,
          "Top": 0.4629763662815094
        },
        "Polygon": [
          {
            "X": 0.17756076157093048,
            "Y": 0.46331995725631714
          },
          {
            "X": 0.1967550665140152,
            "Y": 0.4629763662815094
          },
          {
            "X": 0.19634480774402618,
            "Y": 0.4737292230129242
          },
          {
            "X": 0.17713609337806702,
            "Y": 0.4740596115589142
          }
        ]
      },
      "Id": "1b4f4c73-6a67-43b6-bf5e-0c88fbeda20f",
      "Page": 1
    },
    {
      "BlockType": "WORD",
      "Confidence": 99.73826599121094,
      "Text": "dados",
      "TextType": "PRINTED",
      "Geometry": {
        "BoundingBox": {
          "Width": 0.04854169860482216,
          "Height": 0.012182475067675114,
          "Left": 0.20079302787780762,
          "Top": 0.4614469110965729
        },
        "Polygon": [
          {
            "X": 0.2012212574481964,
            "Y": 0.4623100161552429
          },
          {
            "X": 0.24933472275733948,
            "Y": 0.4614469110965729
          },
          {
            "X": 0.24894468486309052,
            "Y": 0.4728010594844818
          },
          {
            "X": 0.20079302787780762,
            "Y": 0.4736293852329254
          }
        ]
      },
      "Id": "bd6a76ef-bb74-4f64-a9d5-2dc31650819e",
      "Page": 1
    },
    {
      "BlockType": "WORD",
      "Confidence": 99.07217407226562,
      "Text": "assistida",
      "TextType": "PRINTED",
      "Geometry": {
        "BoundingBox": {
          "Width": 0.07085354626178741,
          "Height": 0.0126964021474123,
          "Left": 0.25322988629341125,
          "Top": 0.4596248269081116
        },
        "Polygon": [
          {
            "X": 0.253618985414505,
            "Y": 0.46089106798171997
          },
          {
            "X": 0.3240834176540375,
            "Y": 0.4596248269081116
          },
          {
            "X": 0.3237510919570923,
            "Y": 0.4711062014102936
          },
          {
            "X": 0.25322988629341125,
            "Y": 0.47232121229171753
          }
        ]
      },
      "Id": "28a87fe7-d009-4ef8-a702-50d3c85d1314",
      "Page": 1
    },
    {
      "BlockType": "WORD",
      "Confidence": 99.67420959472656,
      "Text": "por",
      "TextType": "PRINTED",
      "Geometry": {
        "BoundingBox": {
          "Width": 0.02992563508450985,
          "Height": 0.011838985607028008,
          "Left": 0.32872211933135986,
          "Top": 0.46104753017425537
        },
        "Polygon": [
          {
            "X": 0.3290454149246216,
            "Y": 0.46157556772232056
          },
          {
            "X": 0.35864776372909546,
            "Y": 0.46104753017425537
          },
          {
            "X": 0.35834813117980957,
            "Y": 0.4723796546459198
          },
          {
            "X": 0.32872211933135986,
            "Y": 0.47288650274276733
          }
        ]
      },
      "Id": "a1fc8f34-cf6f-439c-8cae-a8da773fdde0",
      "Page": 1
    },
    {
      "BlockType": "WORD",
      "Confidence": 99.37965393066406,
      "Text": "IA",
      "TextType": "PRINTED",
      "Geometry": {
        "BoundingBox": {
          "Width": 0.017213312909007072,
          "Height": 0.010927624069154263,
          "Left": 0.3629634976387024,
          "Top": 0.4588247835636139
        },
        "Polygon": [
          {
            "X": 0.3632408678531647,
            "Y": 0.4591289162635803
          },
          {
            "X": 0.3801768124103546,
            "Y": 0.4588247835636139
          },
          {
            "X": 0.3799121379852295,
            "Y": 0.4694596827030182
          },
          {
            "X": 0.3629634976387024,
            "Y": 0.4697524309158325
          }
        ]
      },
      "Id": "7c62190c-54d1-4dc5-b88a-2474261805af",
      "Page": 1
    },
    {
      "BlockType": "WORD",
      "Confidence": 99.7441635131836,
      "Text": "permite",
      "TextType": "PRINTED",
      "Geometry": {
        "BoundingBox": {
          "Width": 0.04229044169187546,
          "Height": 0.010624394752085209,
          "Left": 0.09741035848855972,
          "Top": 0.4804134964942932
        },
        "Polygon": [
          {
            "X": 0.09785927087068558,
            "Y": 0.4811176061630249
          },
          {
            "X": 0.13970080018043518,
            "Y": 0.4804134964942932
          },
          {
            "X": 0.13928073644638062,
            "Y": 0.4903604984283447
          },
          {
            "X": 0.09741035848855972,
            "Y": 0.49103790521621704
          }
        ]
      },
      "Id": "545eeabb-2b07-45c9-b5a5-c62ee9a7b978",
      "Page": 1
    },
    {
      "BlockType": "WORD",
      "Confidence": 99.91737365722656,
      "Text": "que",
      "TextType": "PRINTED",
      "Geometry": {
        "BoundingBox": {
          "Width": 0.020579718053340912,
          "Height": 0.008579293265938759,
          "Left": 0.1421177238225937,
          "Top": 0.48122215270996094
        },
        "Polygon": [
          {
            "X": 0.1424640417098999,
            "Y": 0.4815610647201538
          },
          {
            "X": 0.1626974493265152,
            "Y": 0.48122215270996094
          },
          {
            "X": 0.162362739443779,
            "Y": 0.48947325348854065
          },
          {
            "X": 0.1421177238225937,
            "Y": 0.48980146646499634
          }
        ]
      },
      "Id": "cc89037c-ca49-417f-81cc-f52b8ef2e47d",
      "Page": 1
    },
    {
      "BlockType": "WORD",
      "Confidence": 92.90355682373047,
      "Text": "usuários",
      "TextType": "PRINTED",
      "Geometry": {
        "BoundingBox": {
          "Width": 0.04600433260202408,
          "Height": 0.009184520691633224,
          "Left": 0.16542065143585205,
          "Top": 0.47871822118759155
        },
        "Polygon": [
          {
            "X": 0.16576015949249268,
            "Y": 0.4794881343841553
          },
          {
            "X": 0.21142497658729553,
            "Y": 0.47871822118759155
          },
          {
            "X": 0.21111230552196503,
            "Y": 0.4871574640274048
          },
          {
            "X": 0.16542065143585205,
            "Y": 0.48790276050567627
          }
        ]
      },
      "Id": "bf7efd84-0655-4dc9-96cb-4d53c2d638e1",
      "Page": 1
    },
    {
      "BlockType": "WORD",
      "Confidence": 97.96887969970703,
      "Text": "corporativos",
      "TextType": "PRINTED",
      "Geometry": {
        "BoundingBox": {
          "Width": 0.0711793601512909,
          "Height": 0.0114804208278656,
          "Left": 0.2138844132423401,
          "Top": 0.4768332242965698
        },
        "Polygon": [
          {
            "X": 0.21426331996917725,
            "Y": 0.47802984714508057
          },
          {
            "X": 0.285063773393631,
            "Y": 0.4768332242965698
          },
          {
            "X": 0.2847359776496887,
            "Y": 0.4871635138988495
          },
          {
            "X": 0.2138844132423401,
            "Y": 0.4883136451244354
          }
        ]
      },
      "Id": "d2216298-f992-4d62-99e5-dba7732fed0a",
      "Page": 1
    },
    {
      "BlockType": "WORD",
      "Confidence": 99.07308959960938,
      "Text": "descubram",
      "TextType": "PRINTED",
      "Geometry": {
        "BoundingBox": {
          "Width": 0.06378152221441269,
          "Height": 0.00995579268783331,
          "Left": 0.2875804305076599,
          "Top": 0.47550755739212036
        },
        "Polygon": [
          {
            "X": 0.2878604531288147,
            "Y": 0.4765816628932953
          },
          {
            "X": 0.3513619601726532,
            "Y": 0.47550755739212036
          },
          {
            "X": 0.351121723651886,
            "Y": 0.48442506790161133
          },
          {
            "X": 0.2875804305076599,
            "Y": 0.48546335101127625
          }
        ]
      },
      "Id": "3a308641-e60f-4134-af52-362b90a0dfe3",
      "Page": 1
    },
    {
      "BlockType": "WORD",
      "Confidence": 99.35157012939453,
      "Text": "e",
      "TextType": "PRINTED",
      "Geometry": {
        "BoundingBox": {
          "Width": 0.0074163516983389854,
          "Height": 0.006518320646136999,
          "Left": 0.3544710874557495,
          "Top": 0.4773695468902588
        },
        "Polygon": [
          {
            "X": 0.354641854763031,
            "Y": 0.477491170167923
          },
          {
            "X": 0.3618874251842499,
            "Y": 0.4773695468902588
          },
          {
            "X": 0.36171993613243103,
            "Y": 0.4837692081928253
          },
          {
            "X": 0.3544710874557495,
            "Y": 0.4838878810405731
          }
        ]
      },
      "Id": "fd2b2c2c-0cc9-46e6-a106-94bfc44a794d",
      "Page": 1
    },
    {
      "BlockType": "WORD",
      "Confidence": 94.51693725585938,
      "Text": "compartilhem",
      "TextType": "PRINTED",
      "Geometry": {
        "BoundingBox": {
          "Width": 0.0834880843758583,
          "Height": 0.012114846147596836,
          "Left": 0.3646908700466156,
          "Top": 0.4732912480831146
        },
        "Polygon": [
          {
            "X": 0.3649687170982361,
            "Y": 0.47470179200172424
          },
          {
            "X": 0.4481789469718933,
            "Y": 0.4732912480831146
          },
          {
            "X": 0.4479643702507019,
            "Y": 0.48405182361602783
          },
          {
            "X": 0.3646908700466156,
            "Y": 0.4854060709476471
          }
        ]
      },
      "Id": "9a79c5a2-3248-4646-89fe-c0635325a5cd",
      "Page": 1
    },
    {
      "BlockType": "WORD",
      "Confidence": 97.9126205444336,
      "Text": "descobertas",
      "TextType": "PRINTED",
      "Geometry": {
        "BoundingBox": {
          "Width": 0.07397722452878952,
          "Height": 0.01060810498893261,
          "Left": 0.4513354003429413,
          "Top": 0.4714716970920563
        },
        "Polygon": [
          {
            "X": 0.4515196681022644,
            "Y": 0.4727250039577484
          },
          {
            "X": 0.525312602519989,
            "Y": 0.4714716970920563
          },
          {
            "X": 0.5251775979995728,
            "Y": 0.480869859457016
          },
          {
            "X": 0.4513354003429413,
            "Y": 0.48207980394363403
          }
        ]
      },
      "Id": "dafdee9b-d40d-4130-a4c0-27722485f988",
      "Page": 1
    },
    {
      "BlockType": "WORD",
      "Confidence": 99.3299331665039,
      "Text": "Estenda",
      "TextType": "PRINTED",
      "Geometry": {
        "BoundingBox": {
          "Width": 0.06158033758401871,
          "Height": 0.012867572717368603,
          "Left": 0.09095519781112671,
          "Top": 0.5134720802307129
        },
        "Polygon": [
          {
            "X": 0.09150119870901108,
            "Y": 0.5143665671348572
          },
          {
            "X": 0.152535542845726,
            "Y": 0.5134720802307129
          },
          {
            "X": 0.1520402580499649,
            "Y": 0.5254923105239868
          },
          {
            "X": 0.09095519781112671,
            "Y": 0.5263396501541138
          }
        ]
      },
      "Id": "39af70a2-cfa3-482e-b80b-9b980f3df75a",
      "Page": 1
    },
    {
      "BlockType": "WORD",
      "Confidence": 99.8423080444336,
      "Text": "a",
      "TextType": "PRINTED",
      "Geometry": {
        "BoundingBox": {
          "Width": 0.009326556697487831,
          "Height": 0.00875286664813757,
          "Left": 0.15657705068588257,
          "Top": 0.5159099698066711
        },
        "Polygon": [
          {
            "X": 0.15692955255508423,
            "Y": 0.5160399675369263
          },
          {
            "X": 0.16590361297130585,
            "Y": 0.5159099698066711
          },
          {
            "X": 0.16555649042129517,
            "Y": 0.5245378017425537
          },
          {
            "X": 0.15657705068588257,
            "Y": 0.5246628522872925
          }
        ]
      },
      "Id": "dcab9c7b-7252-46b2-8608-dd2b0e629b54",
      "Page": 1
    },
    {
      "BlockType": "WORD",
      "Confidence": 97.92815399169922,
      "Text": "personalização",
      "TextType": "PRINTED",
      "Geometry": {
        "BoundingBox": {
          "Width": 0.12410726398229599,
          "Height": 0.016796588897705078,
          "Left": 0.16979704797267914,
          "Top": 0.5111873149871826
        },
        "Polygon": [
          {
            "X": 0.17039519548416138,
            "Y": 0.5129991769790649
          },
          {
            "X": 0.29390430450439453,
            "Y": 0.5111873149871826
          },
          {
            "X": 0.2934359014034271,
            "Y": 0.5262909531593323
          },
          {
            "X": 0.16979704797267914,
            "Y": 0.5279839038848877
          }
        ]
      },
      "Id": "37b5e02e-a3d8-49a3-ba1b-ffd7df27e334",
      "Page": 1
    },
    {
      "BlockType": "WORD",
      "Confidence": 99.14949798583984,
      "Text": "aplicativos",
      "TextType": "PRINTED",
      "Geometry": {
        "BoundingBox": {
          "Width": 0.093415267765522,
          "Height": 0.015911338850855827,
          "Left": 0.2979672849178314,
          "Top": 0.5094236135482788
        },
        "Polygon": [
          {
            "X": 0.2984136641025543,
            "Y": 0.5107893943786621
          },
          {
            "X": 0.3913825452327728,
            "Y": 0.5094236135482788
          },
          {
            "X": 0.3910315930843353,
            "Y": 0.5240552425384521
          },
          {
            "X": 0.2979672849178314,
            "Y": 0.5253349542617798
          }
        ]
      },
      "Id": "b4ccd003-97d3-4b8a-9751-161d4524546d",
      "Page": 1
    },
    {
      "BlockType": "WORD",
      "Confidence": 99.78269958496094,
      "Text": "com",
      "TextType": "PRINTED",
      "Geometry": {
        "BoundingBox": {
          "Width": 0.03696068376302719,
          "Height": 0.010337640531361103,
          "Left": 0.39553749561309814,
          "Top": 0.5115965604782104
        },
        "Polygon": [
          {
            "X": 0.39576950669288635,
            "Y": 0.5121296048164368
          },
          {
            "X": 0.43249815702438354,
            "Y": 0.5115965604782104
          },
          {
            "X": 0.4322916269302368,
            "Y": 0.5214239358901978
          },
          {
            "X": 0.39553749561309814,
            "Y": 0.5219342112541199
          }
        ]
      },
      "Id": "79cc77c8-fe88-4047-beb5-5d01c51df01c",
      "Page": 1
    },
    {
      "BlockType": "WORD",
      "Confidence": 99.44296264648438,
      "Text": "IA",
      "TextType": "PRINTED",
      "Geometry": {
        "BoundingBox": {
          "Width": 0.017871899530291557,
          "Height": 0.011734457686543465,
          "Left": 0.4383205771446228,
          "Top": 0.5092570185661316
        },
        "Polygon": [
          {
            "X": 0.4385567903518677,
            "Y": 0.5095151662826538
          },
          {
            "X": 0.4561924934387207,
            "Y": 0.5092570185661316
          },
          {
            "X": 0.4559706151485443,
            "Y": 0.5207459926605225
          },
          {
            "X": 0.4383205771446228,
            "Y": 0.5209914445877075
          }
        ]
      },
      "Id": "13836ead-a84e-4b16-88e1-83dd7b229e21",
      "Page": 1
    },
    {
      "BlockType": "WORD",
      "Confidence": 99.29491424560547,
      "Text": "generativa",
      "TextType": "PRINTED",
      "Geometry": {
        "BoundingBox": {
          "Width": 0.09687396883964539,
          "Height": 0.016041386872529984,
          "Left": 0.46100053191185,
          "Top": 0.5073347687721252
        },
        "Polygon": [
          {
            "X": 0.4612776041030884,
            "Y": 0.508751630783081
          },
          {
            "X": 0.5578745007514954,
            "Y": 0.5073347687721252
          },
          {
            "X": 0.5576982498168945,
            "Y": 0.5220482349395752
          },
          {
            "X": 0.46100053191185,
            "Y": 0.5233761072158813
          }
        ]
      },
      "Id": "bbb89776-b70f-4e61-83fb-4f3defcea850",
      "Page": 1
    },
    {
      "BlockType": "WORD",
      "Confidence": 99.78388977050781,
      "Text": "permite",
      "TextType": "PRINTED",
      "Geometry": {
        "BoundingBox": {
          "Width": 0.043181877583265305,
          "Height": 0.010522822849452496,
          "Left": 0.08714184910058975,
          "Top": 0.5309132933616638
        },
        "Polygon": [
          {
            "X": 0.08759757876396179,
            "Y": 0.5314916372299194
          },
          {
            "X": 0.13032372295856476,
            "Y": 0.5309132933616638
          },
          {
            "X": 0.12989741563796997,
            "Y": 0.5408852100372314
          },
          {
            "X": 0.08714184910058975,
            "Y": 0.5414360761642456
          }
        ]
      },
      "Id": "1313956c-9e09-4fba-91ee-e7ffc76d4c93",
      "Page": 1
    },
    {
      "BlockType": "WORD",
      "Confidence": 99.94458770751953,
      "Text": "que",
      "TextType": "PRINTED",
      "Geometry": {
        "BoundingBox": {
          "Width": 0.021249517798423767,
          "Height": 0.008594663813710213,
          "Left": 0.13270464539527893,
          "Top": 0.5323112607002258
        },
        "Polygon": [
          {
            "X": 0.13305839896202087,
            "Y": 0.5325918197631836
          },
          {
            "X": 0.1539541631937027,
            "Y": 0.5323112607002258
          },
          {
            "X": 0.1536124348640442,
            "Y": 0.5406365990638733
          },
          {
            "X": 0.13270464539527893,
            "Y": 0.5409059524536133
          }
        ]
      },
      "Id": "60b63cc0-cd4d-49dc-9e08-3a0838c47499",
      "Page": 1
    },
    {
      "BlockType": "WORD",
      "Confidence": 91.80821990966797,
      "Text": "os",
      "TextType": "PRINTED",
      "Geometry": {
        "BoundingBox": {
          "Width": 0.012867186218500137,
          "Height": 0.006666123867034912,
          "Left": 0.15642321109771729,
          "Top": 0.5321935415267944
        },
        "Polygon": [
          {
            "X": 0.1566886156797409,
            "Y": 0.5323626399040222
          },
          {
            "X": 0.16929040849208832,
            "Y": 0.5321935415267944
          },
          {
            "X": 0.16903069615364075,
            "Y": 0.5386958718299866
          },
          {
            "X": 0.15642321109771729,
            "Y": 0.5388596653938293
          }
        ]
      },
      "Id": "0313f00d-adac-4aa8-916b-2fbeaaf39ab0",
      "Page": 1
    },
    {
      "BlockType": "WORD",
      "Confidence": 97.13246154785156,
      "Text": "desenvolvedores",
      "TextType": "PRINTED",
      "Geometry": {
        "BoundingBox": {
          "Width": 0.09649498760700226,
          "Height": 0.010818344540894032,
          "Left": 0.17169499397277832,
          "Top": 0.5284978151321411
        },
        "Polygon": [
          {
            "X": 0.1720731407403946,
            "Y": 0.5298023223876953
          },
          {
            "X": 0.2681899964809418,
            "Y": 0.5284978151321411
          },
          {
            "X": 0.2678757309913635,
            "Y": 0.5380703806877136
          },
          {
            "X": 0.17169499397277832,
            "Y": 0.5393161177635193
          }
        ]
      },
      "Id": "e2a14f8f-7db9-4277-a9bc-33a1a633fddd",
      "Page": 1
    },
    {
      "BlockType": "WORD",
      "Confidence": 99.54598236083984,
      "Text": "adicionem",
      "TextType": "PRINTED",
      "Geometry": {
        "BoundingBox": {
          "Width": 0.06092723086476326,
          "Height": 0.009941240772604942,
          "Left": 0.2705681025981903,
          "Top": 0.5280098915100098
        },
        "Polygon": [
          {
            "X": 0.27086570858955383,
            "Y": 0.5288313031196594
          },
          {
            "X": 0.3314953148365021,
            "Y": 0.5280098915100098
          },
          {
            "X": 0.33123651146888733,
            "Y": 0.5371649861335754
          },
          {
            "X": 0.2705681025981903,
            "Y": 0.5379511117935181
          }
        ]
      },
      "Id": "3ddb047b-2d62-4d52-8d8b-26e9556f0597",
      "Page": 1
    },
    {
      "BlockType": "WORD",
      "Confidence": 99.49878692626953,
      "Text": "rapidamente",
      "TextType": "PRINTED",
      "Geometry": {
        "BoundingBox": {
          "Width": 0.07699750363826752,
          "Height": 0.011749575845897198,
          "Left": 0.3344581723213196,
          "Top": 0.5269607305526733
        },
        "Polygon": [
          {
            "X": 0.3347584307193756,
            "Y": 0.5279996991157532
          },
          {
            "X": 0.4114556908607483,
            "Y": 0.5269607305526733
          },
          {
            "X": 0.4112134277820587,
            "Y": 0.5377236008644104
          },
          {
            "X": 0.3344581723213196,
            "Y": 0.538710355758667
          }
        ]
      },
      "Id": "4bba93c5-e9f0-4a35-b0f8-8f194f2548fc",
      "Page": 1
    },
    {
      "BlockType": "WORD",
      "Confidence": 99.71154022216797,
      "Text": "recursos",
      "TextType": "PRINTED",
      "Geometry": {
        "BoundingBox": {
          "Width": 0.051453012973070145,
          "Height": 0.008199319243431091,
          "Left": 0.4146718680858612,
          "Top": 0.5281185507774353
        },
        "Polygon": [
          {
            "X": 0.41483908891677856,
            "Y": 0.5288070440292358
          },
          {
            "X": 0.46612489223480225,
            "Y": 0.5281185507774353
          },
          {
            "X": 0.465984970331192,
            "Y": 0.5356537699699402
          },
          {
            "X": 0.4146718680858612,
            "Y": 0.5363178849220276
          }
        ]
      },
      "Id": "fcd7866b-e55a-44be-a3b8-02e1b9cc80e8",
      "Page": 1
    },
    {
      "BlockType": "WORD",
      "Confidence": 87.17776489257812,
      "Text": "avançados",
      "TextType": "PRINTED",
      "Geometry": {
        "BoundingBox": {
          "Width": 0.05675775930285454,
          "Height": 0.011497631669044495,
          "Left": 0.08535972237586975,
          "Top": 0.5421744585037231
        },
        "Polygon": [
          {
            "X": 0.08585458993911743,
            "Y": 0.5428941249847412
          },
          {
            "X": 0.1421174854040146,
            "Y": 0.5421744585037231
          },
          {
            "X": 0.14166457951068878,
            "Y": 0.5529916882514954
          },
          {
            "X": 0.08535972237586975,
            "Y": 0.5536720752716064
          }
        ]
      },
      "Id": "b01f8b45-7618-4046-a93e-5e87a8b0a7fa",
      "Page": 1
    }
  ],
  "DetectDocumentTextModelVersion": "1.0"
}