{
  "DocumentMetadata": {
    "Pages": 1
  },
  "JobStatus": "SUCCEEDED",
  "Blocks": [
    {
      "BlockType": "PAGE",
      "Geometry": {
        "BoundingBox": {
          "Width": 1,
          "Height": 1,
          "Left": 0,
          "Top": 0
        },
        "Polygon": [
          {
            "X": 0.000004169943622400751,
            "Y": 0
          },
          {
            "X": 1,
            "Y": 0.000022975485990173183
          },
          {
            "X": 1,
            "Y": 1
          },
          {
            "X": 0,
            "Y": 1
          }
        ]
      },
      "Id": "dbc71cba-2347-417f-9a3f-928e55510018",
      "Relationships": [
        {
          "Type": "CHILD",
          "Ids": [
            "5ce8602a-762d-486c-b1be-77592c59031e",
            "bf937a25-2bc4-4b24-ad7a-d592c406e802",
            "88bc3833-b4d9-4fcc-b625-aa111c745178",
            "3e606601-b5fc-49ea-948f-e7fae44bdfc6",
            "212c0b9a-a31e-4087-8ee7-485c2240c578",
            "f1f5a7fe-018a-4754-85b9-151e70d69bf9",
            "fde9ceaf-a2e7-4e8c-b857-a152b205c620",
            "0ee98139-0329-4dc1-be07-cf4db45f426e",
            "37d9db6b-8c74-4d4b-9e34-5947df67a5a0",
            "1eff7f7b-224e-469d-8c2a-f4cd8b756a27",
            "729a01a4-d9e1-4e9f-9661-f5b7f5623991",
            "ae6c391b-aa75-4692-bac0-f6dfdfb0cf76",
            "7e3b2549-36e7-4eab-8009-ddf8af26fb55",
            "1b55920a-412b-431f-a1c7-261f395b37f2",
            "6e6283d0-48b3-46fa-b2aa-e33879bda600",
            "ba4a2cea-cfe7-4ac0-b67d-3f5834f48352",
            "d9a0c482-eac3-42d8-8b1c-69466916f483"
          ]
        }
      ],
      "Page": 1
    },
    {
      "BlockType": "LINE",
      "Confidence": 99.54583740234375,
      "Text": "AWS pode ajudar",
      "Geometry": {
        "BoundingBox": {
          "Width": 0.13255390524864197,
          "Height": 0.015351369045674801,
          "Left": 0.45276084542274475,
          "Top": 0.383999228477478
        },
        "Polygon": [
          {
            "X": 0.45276084542274475,
            "Y": 0.383999228477478
          },
          {
            "X": 0.5853064656257629,
            "Y": 0.38666045665740967
          },
          {
            "X": 0.5853147506713867,
            "Y": 0.3993505835533142
          },
          {
            "X": 0.4527667164802551,
            "Y": 0.39669889211654663
          }
        ]
      },
      "Id": "5ce8602a-762d-486c-b1be-77592c59031e",
      "Relationships": [
        {
          "Type": "CHILD",
          "Ids": [
            "5ba93eb4-dae2-4044-ab50-2665ebc310ff",
            "f838e7ac-e15f-4b0b-a964-52c86baba1f4",
            "164f25b5-b353-4d35-9a2c-391ff604077b"
          ]
        }
      ],
      "Page": 1
    },
    {
      "BlockType": "LINE",
      "Confidence": 99.51023864746094,
      "Text": "aws",
      "Geometry": {
        "BoundingBox": {
          "Width": 0.08254716545343399,
          "Height": 0.024453867226839066,
          "Left": 0.8169935345649719,
          "Top": 0.42245277762413025
        },
        "Polygon": [
          {
            "X": 0.8169935345649719,
            "Y": 0.42245277762413025
          },
          {
            "X": 0.8995156288146973,
            "Y": 0.4240950345993042
          },
          {
            "X": 0.8995406627655029,
            "Y": 0.4469066560268402
          },
          {
            "X": 0.8170159459114075,
            "Y": 0.44527506828308105
          }
        ]
      },
      "Id": "bf937a25-2bc4-4b24-ad7a-d592c406e802",
      "Relationships": [
        {
          "Type": "CHILD",
          "Ids": [
            "1e153055-0c45-476e-8e8b-4f2fdc3b26c3"
          ]
        }
      ],
      "Page": 1
    },
    {
      "BlockType": "LINE",
      "Confidence": 99.813232421875,
      "Text": "Cloud",
      "Geometry": {
        "BoundingBox": {
          "Width": 0.04134895280003548,
          "Height": 0.011028235778212547,
          "Left": 0.9443345069885254,
          "Top": 0.42478951811790466
        },
        "Polygon": [
          {
            "X": 0.9443345069885254,
            "Y": 0.42478951811790466
          },
          {
            "X": 0.9856710433959961,
            "Y": 0.4256121814250946
          },
          {
            "X": 0.9856835007667542,
            "Y": 0.43581774830818176
          },
          {
            "X": 0.9443464279174805,
            "Y": 0.43499746918678284
          }
        ]
      },
      "Id": "88bc3833-b4d9-4fcc-b625-aa111c745178",
      "Relationships": [
        {
          "Type": "CHILD",
          "Ids": [
            "b9e86f4f-8dde-4029-96ed-4d344ad0fc7b"
          ]
        }
      ],
      "Page": 1
    },
    {
      "BlockType": "LINE",
      "Confidence": 89.94076538085938,
      "Text": "Experie",
      "Geometry": {
        "BoundingBox": {
          "Width": 0.051392171531915665,
          "Height": 0.01278554555028677,
          "Left": 0.9472957253456116,
          "Top": 0.44053930044174194
        },
        "Polygon": [
          {
            "X": 0.9472957253456116,
            "Y": 0.44053930044174194
          },
          {
            "X": 0.9986733198165894,
            "Y": 0.44155722856521606
          },
          {
            "X": 0.9986879229545593,
            "Y": 0.4533248543739319
          },
          {
            "X": 0.9473094940185547,
            "Y": 0.45231035351753235
          }
        ]
      },
      "Id": "3e606601-b5fc-49ea-948f-e7fae44bdfc6",
      "Relationships": [
        {
          "Type": "CHILD",
          "Ids": [
            "78f703ea-dd15-4f01-a87d-52bca40be6c0"
          ]
        }
      ],
      "Page": 1
    },
    {
      "BlockType": "LINE",
      "Confidence": 95.59768676757812,
      "Text": "WS",
      "Geometry": {
        "BoundingBox": {
          "Width": 0.1288042962551117,
          "Height": 0.044123150408267975,
          "Left": 0.0005339128547348082,
          "Top": 0.42914989590644836
        },
        "Polygon": [
          {
            "X": 0.0005415280465967953,
            "Y": 0.42914989590644836
          },
          {
            "X": 0.12933817505836487,
            "Y": 0.4316962957382202
          },
          {
            "X": 0.12933820486068726,
            "Y": 0.47327303886413574
          },
          {
            "X": 0.0005339128547348082,
            "Y": 0.4707568287849426
          }
        ]
      },
      "Id": "212c0b9a-a31e-4087-8ee7-485c2240c578",
      "Relationships": [
        {
          "Type": "CHILD",
          "Ids": [
            "ff833f6a-4b83-479d-9eae-fd0881f2fb98"
          ]
        }
      ],
      "Page": 1
    },
    {
      "BlockType": "LINE",
      "Confidence": 99.81729125976562,
      "Text": "2025",
      "Geometry": {
        "BoundingBox": {
          "Width": 0.03500712290406227,
          "Height": 0.010189325548708439,
          "Left": 0.9498412013053894,
          "Top": 0.4563852846622467
        },
        "Polygon": [
          {
            "X": 0.9498412013053894,
            "Y": 0.4563852846622467
          },
          {
            "X": 0.984836757183075,
            "Y": 0.45707547664642334
          },
          {
            "X": 0.9848483204841614,
            "Y": 0.46657460927963257
          },
          {
            "X": 0.9498523473739624,
            "Y": 0.46588629484176636
          }
        ]
      },
      "Id": "f1f5a7fe-018a-4754-85b9-151e70d69bf9",
      "Relationships": [
        {
          "Type": "CHILD",
          "Ids": [
            "6c918f5a-e8fa-41f6-b8ed-c1c3a7a12b33"
          ]
        }
      ],
      "Page": 1
    },
    {
      "BlockType": "LINE",
      "Confidence": 79.5505599975586,
      "Text": "Generative Al",
      "Geometry": {
        "BoundingBox": {
          "Width": 0.06098039448261261,
          "Height": 0.0071378955617547035,
          "Left": 0.2869541645050049,
          "Top": 0.46611902117729187
        },
        "Polygon": [
          {
            "X": 0.2869541645050049,
            "Y": 0.46611902117729187
          },
          {
            "X": 0.34793269634246826,
            "Y": 0.4673137962818146
          },
          {
            "X": 0.3479345440864563,
            "Y": 0.473256915807724
          },
          {
            "X": 0.28695550560951233,
            "Y": 0.47206419706344604
          }
        ]
      },
      "Id": "fde9ceaf-a2e7-4e8c-b857-a152b205c620",
      "Relationships": [
        {
          "Type": "CHILD",
          "Ids": [
            "2a0ccca9-bb90-4a2f-a036-cd45485571ab",
            "980b5dff-cad9-4649-8f79-f58b386c72bb"
          ]
        }
      ],
      "Page": 1
    },
    {
      "BlockType": "LINE",
      "Confidence": 98.99777221679688,
      "Text": "AWS DeepRacer",
      "Geometry": {
        "BoundingBox": {
          "Width": 0.06793619692325592,
          "Height": 0.008264384232461452,
          "Left": 0.38984572887420654,
          "Top": 0.4673599302768707
        },
        "Polygon": [
          {
            "X": 0.38984572887420654,
            "Y": 0.4673599302768707
          },
          {
            "X": 0.457778662443161,
            "Y": 0.46869125962257385
          },
          {
            "X": 0.45778191089630127,
            "Y": 0.47562432289123535
          },
          {
            "X": 0.3898482918739319,
            "Y": 0.47429564595222473
          }
        ]
      },
      "Id": "0ee98139-0329-4dc1-be07-cf4db45f426e",
      "Relationships": [
        {
          "Type": "CHILD",
          "Ids": [
            "a1a57592-2657-4c4b-a0b6-f189c66dd5f0",
            "c86cd037-a205-4d02-b5ab-07ad0e2ce91f"
          ]
        }
      ],
      "Page": 1
    },
    {
      "BlockType": "LINE",
      "Confidence": 99.4054183959961,
      "Text": "Coursera",
      "Geometry": {
        "BoundingBox": {
          "Width": 0.03652543947100639,
          "Height": 0.006478145718574524,
          "Left": 0.5066482424736023,
          "Top": 0.469037801027298
        },
        "Polygon": [
          {
            "X": 0.5066482424736023,
            "Y": 0.469037801027298
          },
          {
            "X": 0.5431702733039856,
            "Y": 0.4697536826133728
          },
          {
            "X": 0.5431736707687378,
            "Y": 0.4755159318447113
          },
          {
            "X": 0.5066513419151306,
            "Y": 0.47480127215385437
          }
        ]
      },
      "Id": "37d9db6b-8c74-4d4b-9e34-5947df67a5a0",
      "Relationships": [
        {
          "Type": "CHILD",
          "Ids": [
            "d8020fbd-6292-46a3-b5e0-8296f50bef8f"
          ]
        }
      ],
      "Page": 1
    },
    {
      "BlockType": "LINE",
      "Confidence": 92.2214126586914,
      "Text": "AWS AI/ML",
      "Geometry": {
        "BoundingBox": {
          "Width": 0.04482348635792732,
          "Height": 0.006240890361368656,
          "Left": 0.5989334583282471,
          "Top": 0.46976110339164734
        },
        "Polygon": [
          {
            "X": 0.5989334583282471,
            "Y": 0.46976110339164734
          },
          {
            "X": 0.6437529921531677,
            "Y": 0.4706399142742157
          },
          {
            "X": 0.6437569260597229,
            "Y": 0.4760020077228546
          },
          {
            "X": 0.5989370346069336,
            "Y": 0.4751245677471161
          }
        ]
      },
      "Id": "1eff7f7b-224e-469d-8c2a-f4cd8b756a27",
      "Relationships": [
        {
          "Type": "CHILD",
          "Ids": [
            "c0b8644e-8198-46db-9569-a9d09a60a559",
            "3698993a-79d2-4b56-96d6-60fbf5581214"
          ]
        }
      ],
      "Page": 1
    },
    {
      "BlockType": "LINE",
      "Confidence": 99.65725708007812,
      "Text": "Machine Learning",
      "Geometry": {
        "BoundingBox": {
          "Width": 0.06858021020889282,
          "Height": 0.008112560026347637,
          "Left": 0.6807628273963928,
          "Top": 0.4699821472167969
        },
        "Polygon": [
          {
            "X": 0.6807628273963928,
            "Y": 0.4699821472167969
          },
          {
            "X": 0.7493370771408081,
            "Y": 0.4713272452354431
          },
          {
            "X": 0.7493430376052856,
            "Y": 0.4780947268009186
          },
          {
            "X": 0.6807681322097778,
            "Y": 0.47675225138664246
          }
        ]
      },
      "Id": "729a01a4-d9e1-4e9f-9661-f5b7f5623991",
      "Relationships": [
        {
          "Type": "CHILD",
          "Ids": [
            "78a08f65-b3f6-4417-afb2-cfb6d692ddce",
            "b7b09eeb-b942-4c55-8903-194f45314245"
          ]
        }
      ],
      "Page": 1
    },
    {
      "BlockType": "LINE",
      "Confidence": 99.84207916259766,
      "Text": "for Executives",
      "Geometry": {
        "BoundingBox": {
          "Width": 0.0632338747382164,
          "Height": 0.007451761048287153,
          "Left": 0.28566858172416687,
          "Top": 0.4742453992366791
        },
        "Polygon": [
          {
            "X": 0.28566858172416687,
            "Y": 0.4742453992366791
          },
          {
            "X": 0.3489004969596863,
            "Y": 0.47548142075538635
          },
          {
            "X": 0.34890246391296387,
            "Y": 0.4816971719264984
          },
          {
            "X": 0.2856699824333191,
            "Y": 0.4804633855819702
          }
        ]
      },
      "Id": "ae6c391b-aa75-4692-bac0-f6dfdfb0cf76",
      "Relationships": [
        {
          "Type": "CHILD",
          "Ids": [
            "cd0e2acd-fa88-4cb5-b681-2f771a662992",
            "19e528f3-eb2a-4588-a8a4-fad2df98f7f0"
          ]
        }
      ],
      "Page": 1
    },
    {
      "BlockType": "LINE",
      "Confidence": 99.89494323730469,
      "Text": "League",
      "Geometry": {
        "BoundingBox": {
          "Width": 0.031147850677371025,
          "Height": 0.007331067696213722,
          "Left": 0.4093492925167084,
          "Top": 0.4760999083518982
        },
        "Polygon": [
          {
            "X": 0.4093492925167084,
            "Y": 0.4760999083518982
          },
          {
            "X": 0.4404941499233246,
            "Y": 0.4767087697982788
          },
          {
            "X": 0.44049713015556335,
            "Y": 0.483430951833725
          },
          {
            "X": 0.40935197472572327,
            "Y": 0.4828232526779175
          }
        ]
      },
      "Id": "7e3b2549-36e7-4eab-8009-ddf8af26fb55",
      "Relationships": [
        {
          "Type": "CHILD",
          "Ids": [
            "00b93462-8346-464b-ba7f-e6b52f874de1"
          ]
        }
      ],
      "Page": 1
    },
    {
      "BlockType": "LINE",
      "Confidence": 79.36153411865234,
      "Text": "Generative AI",
      "Geometry": {
        "BoundingBox": {
          "Width": 0.05546588450670242,
          "Height": 0.006982661783695221,
          "Left": 0.4977093040943146,
          "Top": 0.4763369560241699
        },
        "Polygon": [
          {
            "X": 0.4977093040943146,
            "Y": 0.4763369560241699
          },
          {
            "X": 0.5531716346740723,
            "Y": 0.47742173075675964
          },
          {
            "X": 0.5531752109527588,
            "Y": 0.48331964015960693
          },
          {
            "X": 0.4977124035358429,
            "Y": 0.48223671317100525
          }
        ]
      },
      "Id": "1b55920a-412b-431f-a1c7-261f395b37f2",
      "Relationships": [
        {
          "Type": "CHILD",
          "Ids": [
            "acdb5fd9-84f0-4c17-a429-0ea9636e11e8",
            "fd0a29ef-1ca3-49ee-9d70-ac08c0ea0c67"
          ]
        }
      ],
      "Page": 1
    },
    {
      "BlockType": "LINE",
      "Confidence": 99.70816802978516,
      "Text": "Scholarship",
      "Geometry": {
        "BoundingBox": {
          "Width": 0.046033088117837906,
          "Height": 0.007548953872174025,
          "Left": 0.599220335483551,
          "Top": 0.4772791862487793
        },
        "Polygon": [
          {
            "X": 0.599220335483551,
            "Y": 0.4772791862487793
          },
          {
            "X": 0.645248532295227,
            "Y": 0.4781796932220459
          },
          {
            "X": 0.6452534198760986,
            "Y": 0.4848281443119049
          },
          {
            "X": 0.5992248058319092,
            "Y": 0.4839293360710144
          }
        ]
      },
      "Id": "6e6283d0-48b3-46fa-b2aa-e33879bda600",
      "Relationships": [
        {
          "Type": "CHILD",
          "Ids": [
            "4b0a0901-9513-436b-9add-2f94618f4ea8"
          ]
        }
      ],
      "Page": 1
    },
    {
      "BlockType": "LINE",
      "Confidence": 99.63294219970703,
      "Text": "University",
      "Geometry": {
        "BoundingBox": {
          "Width": 0.03818158060312271,
          "Height": 0.0072569092735648155,
          "Left": 0.6973124742507935,
          "Top": 0.47828537225723267
        },
        "Polygon": [
          {
            "X": 0.6973124742507935,
            "Y": 0.47828537225723267
          },
          {
            "X": 0.7354884147644043,
            "Y": 0.4790324568748474
          },
          {
            "X": 0.7354940176010132,
            "Y": 0.48554226756095886
          },
          {
            "X": 0.6973177194595337,
            "Y": 0.48479658365249634
          }
        ]
      },
      "Id": "ba4a2cea-cfe7-4ac0-b67d-3f5834f48352",
      "Relationships": [
        {
          "Type": "CHILD",
          "Ids": [
            "83390858-458d-4167-9a3a-9e0d7cd38caf"
          ]
        }
      ],
      "Page": 1
    },
    {
      "BlockType": "LINE",
      "Confidence": 24.94611358642578,
      "Text": "OX8O",
      "Geometry": {
        "BoundingBox": {
          "Width": 0.04952037334442139,
          "Height": 0.012458600103855133,
          "Left": 0.6937172412872314,
          "Top": 0.4948231279850006
        },
        "Polygon": [
          {
            "X": 0.6937172412872314,
            "Y": 0.4948231279850006
          },
          {
            "X": 0.7432275414466858,
            "Y": 0.4957873821258545
          },
          {
            "X": 0.7432376146316528,
            "Y": 0.5072817206382751
          },
          {
            "X": 0.6937264800071716,
            "Y": 0.5063207149505615
          }
        ]
      },
      "Id": "d9a0c482-eac3-42d8-8b1c-69466916f483",
      "Relationships": [
        {
          "Type": "CHILD",
          "Ids": [
            "90eea589-1384-4b4c-9f3a-09b5077b155d"
          ]
        }
      ],
      "Page": 1
    },
    {
      "BlockType": "WORD",
      "Confidence": 99.93130493164062,
      "Text": "AWS",
      "TextType": "PRINTED",
      "Geometry": {
        "BoundingBox": {
          "Width": 0.03696317970752716,
          "Height": 0.010562743991613388,
          "Left": 0.45276084542274475,
          "Top": 0.383999228477478
        },
        "Polygon": [
          {
            "X": 0.45276084542274475,
            "Y": 0.383999228477478
          },
          {
            "X": 0.4897189736366272,
            "Y": 0.38474127650260925
          },
          {
            "X": 0.4897240102291107,
            "Y": 0.3945619761943817
          },
          {
            "X": 0.4527653753757477,
            "Y": 0.39382198452949524
          }
        ]
      },
      "Id": "5ba93eb4-dae2-4044-ab50-2665ebc310ff",
      "Page": 1
    },
    {
      "BlockType": "WORD",
      "Confidence": 99.65409851074219,
      "Text": "pode",
      "TextType": "PRINTED",
      "Geometry": {
        "BoundingBox": {
          "Width": 0.03846695274114609,
          "Height": 0.012877036817371845,
          "Left": 0.49472740292549133,
          "Top": 0.3849339783191681
        },
        "Polygon": [
          {
            "X": 0.49472740292549133,
            "Y": 0.3849339783191681
          },
          {
            "X": 0.5331873893737793,
            "Y": 0.3857061564922333
          },
          {
            "X": 0.533194363117218,
            "Y": 0.39781102538108826
          },
          {
            "X": 0.4947337210178375,
            "Y": 0.3970414698123932
          }
        ]
      },
      "Id": "f838e7ac-e15f-4b0b-a964-52c86baba1f4",
      "Page": 1
    },
    {
      "BlockType": "WORD",
      "Confidence": 99.0521011352539,
      "Text": "ajudar",
      "TextType": "PRINTED",
      "Geometry": {
        "BoundingBox": {
          "Width": 0.04738553985953331,
          "Height": 0.013294393196702003,
          "Left": 0.5379291772842407,
          "Top": 0.38605621457099915
        },
        "Polygon": [
          {
            "X": 0.5379291772842407,
            "Y": 0.38605621457099915
          },
          {
            "X": 0.585306704044342,
            "Y": 0.38700735569000244
          },
          {
            "X": 0.5853147506713867,
            "Y": 0.3993505835533142
          },
          {
            "X": 0.5379363894462585,
            "Y": 0.39840275049209595
          }
        ]
      },
      "Id": "164f25b5-b353-4d35-9a2c-391ff604077b",
      "Page": 1
    },
    {
      "BlockType": "WORD",
      "Confidence": 99.51023864746094,
      "Text": "aws",
      "TextType": "PRINTED",
      "Geometry": {
        "BoundingBox": {
          "Width": 0.08254716545343399,
          "Height": 0.024453867226839066,
          "Left": 0.8169935345649719,
          "Top": 0.42245277762413025
        },
        "Polygon": [
          {
            "X": 0.8169935345649719,
            "Y": 0.42245277762413025
          },
          {
            "X": 0.8995156288146973,
            "Y": 0.4240950345993042
          },
          {
            "X": 0.8995406627655029,
            "Y": 0.4469066560268402
          },
          {
            "X": 0.8170159459114075,
            "Y": 0.44527506828308105
          }
        ]
      },
      "Id": "1e153055-0c45-476e-8e8b-4f2fdc3b26c3",
      "Page": 1
    },
    {
      "BlockType": "WORD",
      "Confidence": 99.813232421875,
      "Text": "Cloud",
      "TextType": "PRINTED",
      "Geometry": {
        "BoundingBox": {
          "Width": 0.04134895280003548,
          "Height": 0.011028235778212547,
          "Left": 0.9443345069885254,
          "Top": 0.42478951811790466
        },
        "Polygon": [
          {
            "X": 0.9443345069885254,
            "Y": 0.42478951811790466
          },
          {
            "X": 0.9856710433959961,
            "Y": 0.4256121814250946
          },
          {
            "X": 0.9856835007667542,
            "Y": 0.43581774830818176
          },
          {
            "X": 0.9443464279174805,
            "Y": 0.43499746918678284
          }
        ]
      },
      "Id": "b9e86f4f-8dde-4029-96ed-4d344ad0fc7b",
      "Page": 1
    },
    {
      "BlockType": "WORD",
      "Confidence": 89.94076538085938,
      "Text": "Experie",
      "TextType": "PRINTED",
      "Geometry": {
        "BoundingBox": {
          "Width": 0.051392171531915665,
          "Height": 0.01278554555028677,
          "Left": 0.9472957253456116,
          "Top": 0.44053930044174194
        },
        "Polygon": [
          {
            "X": 0.9472957253456116,
            "Y": 0.44053930044174194
          },
          {
            "X": 0.9986733198165894,
            "Y": 0.44155722856521606
          },
          {
            "X": 0.9986879229545593,
            "Y": 0.4533248543739319
          },
          {
            "X": 0.9473094940185547,
            "Y": 0.45231035351753235
          }
        ]
      },
      "Id": "78f703ea-dd15-4f01-a87d-52bca40be6c0",
      "Page": 1
    },
    {
      "BlockType": "WORD",
      "Confidence": 95.59768676757812,
      "Text": "WS",
      "TextType": "PRINTED",
      "Geometry": {
        "BoundingBox": {
          "Width": 0.1288042962551117,
          "Height": 0.044123150408267975,
          "Left": 0.0005339128547348082,
          "Top": 0.42914989590644836
        },
        "Polygon": [
          {
            "X": 0.0005415280465967953,
            "Y": 0.42914989590644836
          },
          {
            "X": 0.12933817505836487,
            "Y": 0.4316962957382202
          },
          {
            "X": 0.12933820486068726,
            "Y": 0.47327303886413574
          },
          {
            "X": 0.0005339128547348082,
            "Y": 0.4707568287849426
          }
        ]
      },
      "Id": "ff833f6a-4b83-479d-9eae-fd0881f2fb98",
      "Page": 1
    },
    {
      "BlockType": "WORD",
      "Confidence": 99.81729125976562,
      "Text": "2025",
      "TextType": "PRINTED",
      "Geometry": {
        "BoundingBox": {
          "Width": 0.03500712290406227,
          "Height": 0.010189325548708439,
          "Left": 0.9498412013053894,
          "Top": 0.4563852846622467
        },
        "Polygon": [
          {
            "X": 0.9498412013053894,
            "Y": 0.4563852846622467
          },
          {
            "X": 0.984836757183075,
            "Y": 0.45707547664642334
          },
          {
            "X": 0.9848483204841614,
            "Y": 0.46657460927963257
          },
          {
            "X": 0.9498523473739624,
            "Y": 0.46588629484176636
          }
        ]
      },
      "Id": "6c918f5a-e8fa-41f6-b8ed-c1c3a7a12b33",
      "Page": 1
    },
    {
      "BlockType": "WORD",
      "Confidence": 99.94544982910156,
      "Text": "Generative",
      "TextType": "PRINTED",
      "Geometry": {
        "BoundingBox": {
          "Width": 0.04967883229255676,
          "Height": 0.006916842423379421,
          "Left": 0.2869541645050049,
          "Top": 0.46611902117729187
        },
        "Polygon": [
          {
            "X": 0.2869541645050049,
            "Y": 0.46611902117729187
          },
          {
            "X": 0.33663123846054077,
            "Y": 0.467092365026474
          },
          {
            "X": 0.33663299679756165,
            "Y": 0.47303587198257446
          },
          {
            "X": 0.28695550560951233,
            "Y": 0.47206419706344604
          }
        ]
      },
      "Id": "2a0ccca9-bb90-4a2f-a036-cd45485571ab",
      "Page": 1
    },
    {
      "BlockType": "WORD",
      "Confidence": 59.155662536621094,
      "Text": "Al",
      "TextType": "PRINTED",
      "Geometry": {
        "BoundingBox": {
          "Width": 0.009622734971344471,
          "Height": 0.005636799614876509,
          "Left": 0.33831167221069336,
          "Top": 0.4671477675437927
        },
        "Polygon": [
          {
            "X": 0.33831167221069336,
            "Y": 0.4671477675437927
          },
          {
            "X": 0.34793269634246826,
            "Y": 0.4673362672328949
          },
          {
            "X": 0.34793439507484436,
            "Y": 0.4727845788002014
          },
          {
            "X": 0.3383133113384247,
            "Y": 0.4725963771343231
          }
        ]
      },
      "Id": "980b5dff-cad9-4649-8f79-f58b386c72bb",
      "Page": 1
    },
    {
      "BlockType": "WORD",
      "Confidence": 99.84693145751953,
      "Text": "AWS",
      "TextType": "PRINTED",
      "Geometry": {
        "BoundingBox": {
          "Width": 0.020430097356438637,
          "Height": 0.005849424749612808,
          "Left": 0.3898458778858185,
          "Top": 0.4677600562572479
        },
        "Polygon": [
          {
            "X": 0.3898458778858185,
            "Y": 0.4677600562572479
          },
          {
            "X": 0.41027379035949707,
            "Y": 0.46816033124923706
          },
          {
            "X": 0.41027596592903137,
            "Y": 0.47360947728157043
          },
          {
            "X": 0.38984790444374084,
            "Y": 0.47320979833602905
          }
        ]
      },
      "Id": "a1a57592-2657-4c4b-a0b6-f189c66dd5f0",
      "Page": 1
    },
    {
      "BlockType": "WORD",
      "Confidence": 98.14860534667969,
      "Text": "DeepRacer",
      "TextType": "PRINTED",
      "Geometry": {
        "BoundingBox": {
          "Width": 0.04493483528494835,
          "Height": 0.007813611999154091,
          "Left": 0.4128470718860626,
          "Top": 0.467810720205307
        },
        "Polygon": [
          {
            "X": 0.4128470718860626,
            "Y": 0.467810720205307
          },
          {
            "X": 0.457778662443161,
            "Y": 0.46869125962257385
          },
          {
            "X": 0.45778191089630127,
            "Y": 0.47562432289123535
          },
          {
            "X": 0.41284990310668945,
            "Y": 0.4747455418109894
          }
        ]
      },
      "Id": "c86cd037-a205-4d02-b5ab-07ad0e2ce91f",
      "Page": 1
    },
    {
      "BlockType": "WORD",
      "Confidence": 99.4054183959961,
      "Text": "Coursera",
      "TextType": "PRINTED",
      "Geometry": {
        "BoundingBox": {
          "Width": 0.03652543947100639,
          "Height": 0.006478145718574524,
          "Left": 0.5066482424736023,
          "Top": 0.469037801027298
        },
        "Polygon": [
          {
            "X": 0.5066482424736023,
            "Y": 0.469037801027298
          },
          {
            "X": 0.5431702733039856,
            "Y": 0.4697536826133728
          },
          {
            "X": 0.5431736707687378,
            "Y": 0.4755159318447113
          },
          {
            "X": 0.5066513419151306,
            "Y": 0.47480127215385437
          }
        ]
      },
      "Id": "d8020fbd-6292-46a3-b5e0-8296f50bef8f",
      "Page": 1
    },
    {
      "BlockType": "WORD",
      "Confidence": 99.64349365234375,
      "Text": "AWS",
      "TextType": "PRINTED",
      "Geometry": {
        "BoundingBox": {
          "Width": 0.01888117752969265,
          "Height": 0.005502676125615835,
          "Left": 0.5989335179328918,
          "Top": 0.46985769271850586
        },
        "Polygon": [
          {
            "X": 0.5989335179328918,
            "Y": 0.46985769271850586
          },
          {
            "X": 0.6178111433982849,
            "Y": 0.47022783756256104
          },
          {
            "X": 0.6178147196769714,
            "Y": 0.47536036372184753
          },
          {
            "X": 0.5989369750022888,
            "Y": 0.4749907851219177
          }
        ]
      },
      "Id": "c0b8644e-8198-46db-9569-a9d09a60a559",
      "Page": 1
    },
    {
      "BlockType": "WORD",
      "Confidence": 84.79933166503906,
      "Text": "AI/ML",
      "TextType": "PRINTED",
      "Geometry": {
        "BoundingBox": {
          "Width": 0.02367631532251835,
          "Height": 0.005826252046972513,
          "Left": 0.6200806498527527,
          "Top": 0.47017574310302734
        },
        "Polygon": [
          {
            "X": 0.6200806498527527,
            "Y": 0.47017574310302734
          },
          {
            "X": 0.6437529921531677,
            "Y": 0.4706399142742157
          },
          {
            "X": 0.6437569260597229,
            "Y": 0.4760020077228546
          },
          {
            "X": 0.6200844049453735,
            "Y": 0.47553858160972595
          }
        ]
      },
      "Id": "3698993a-79d2-4b56-96d6-60fbf5581214",
      "Page": 1
    },
    {
      "BlockType": "WORD",
      "Confidence": 99.55976867675781,
      "Text": "Machine",
      "TextType": "PRINTED",
      "Geometry": {
        "BoundingBox": {
          "Width": 0.0333700105547905,
          "Height": 0.006000744178891182,
          "Left": 0.6807631850242615,
          "Top": 0.4704066216945648
        },
        "Polygon": [
          {
            "X": 0.6807631850242615,
            "Y": 0.4704066216945648
          },
          {
            "X": 0.7141287326812744,
            "Y": 0.47106102108955383
          },
          {
            "X": 0.7141331434249878,
            "Y": 0.47640734910964966
          },
          {
            "X": 0.6807673573493958,
            "Y": 0.4757539927959442
          }
        ]
      },
      "Id": "78a08f65-b3f6-4417-afb2-cfb6d692ddce",
      "Page": 1
    },
    {
      "BlockType": "WORD",
      "Confidence": 99.75475311279297,
      "Text": "Learning",
      "TextType": "PRINTED",
      "Geometry": {
        "BoundingBox": {
          "Width": 0.0337769091129303,
          "Height": 0.007429888471961021,
          "Left": 0.7155661582946777,
          "Top": 0.4706648290157318
        },
        "Polygon": [
          {
            "X": 0.7155661582946777,
            "Y": 0.4706648290157318
          },
          {
            "X": 0.7493370771408081,
            "Y": 0.4713272452354431
          },
          {
            "X": 0.7493430376052856,
            "Y": 0.4780947268009186
          },
          {
            "X": 0.7155718207359314,
            "Y": 0.47743359208106995
          }
        ]
      },
      "Id": "b7b09eeb-b942-4c55-8903-194f45314245",
      "Page": 1
    },
    {
      "BlockType": "WORD",
      "Confidence": 99.90292358398438,
      "Text": "for",
      "TextType": "PRINTED",
      "Geometry": {
        "BoundingBox": {
          "Width": 0.014093853533267975,
          "Height": 0.00617552874609828,
          "Left": 0.28566864132881165,
          "Top": 0.4745628237724304
        },
        "Polygon": [
          {
            "X": 0.28566864132881165,
            "Y": 0.4745628237724304
          },
          {
            "X": 0.2997610569000244,
            "Y": 0.4748382866382599
          },
          {
            "X": 0.2997625172138214,
            "Y": 0.4807383716106415
          },
          {
            "X": 0.2856699824333191,
            "Y": 0.4804633855819702
          }
        ]
      },
      "Id": "cd0e2acd-fa88-4cb5-b681-2f771a662992",
      "Page": 1
    },
    {
      "BlockType": "WORD",
      "Confidence": 99.78123474121094,
      "Text": "Executives",
      "TextType": "PRINTED",
      "Geometry": {
        "BoundingBox": {
          "Width": 0.04630718752741814,
          "Height": 0.006912400014698505,
          "Left": 0.30259519815444946,
          "Top": 0.47457626461982727
        },
        "Polygon": [
          {
            "X": 0.30259519815444946,
            "Y": 0.47457626461982727
          },
          {
            "X": 0.3489004969596863,
            "Y": 0.47548142075538635
          },
          {
            "X": 0.3489024043083191,
            "Y": 0.4814886748790741
          },
          {
            "X": 0.30259668827056885,
            "Y": 0.48058512806892395
          }
        ]
      },
      "Id": "19e528f3-eb2a-4588-a8a4-fad2df98f7f0",
      "Page": 1
    },
    {
      "BlockType": "WORD",
      "Confidence": 99.89494323730469,
      "Text": "League",
      "TextType": "PRINTED",
      "Geometry": {
        "BoundingBox": {
          "Width": 0.031147850677371025,
          "Height": 0.007331067696213722,
          "Left": 0.4093492925167084,
          "Top": 0.4760999083518982
        },
        "Polygon": [
          {
            "X": 0.4093492925167084,
            "Y": 0.4760999083518982
          },
          {
            "X": 0.4404941499233246,
            "Y": 0.4767087697982788
          },
          {
            "X": 0.44049713015556335,
            "Y": 0.483430951833725
          },
          {
            "X": 0.40935197472572327,
            "Y": 0.4828232526779175
          }
        ]
      },
      "Id": "00b93462-8346-464b-ba7f-e6b52f874de1",
      "Page": 1
    },
    {
      "BlockType": "WORD",
      "Confidence": 99.877685546875,
      "Text": "Generative",
      "TextType": "PRINTED",
      "Geometry": {
        "BoundingBox": {
          "Width": 0.044865500181913376,
          "Height": 0.006775687914341688,
          "Left": 0.4977093040943146,
          "Top": 0.4763369560241699
        },
        "Polygon": [
          {
            "X": 0.4977093040943146,
            "Y": 0.4763369560241699
          },
          {
            "X": 0.5425713062286377,
            "Y": 0.47721439599990845
          },
          {
            "X": 0.5425748229026794,
            "Y": 0.4831126630306244
          },
          {
            "X": 0.4977124035358429,
            "Y": 0.48223671317100525
          }
        ]
      },
      "Id": "acdb5fd9-84f0-4c17-a429-0ea9636e11e8",
      "Page": 1
    },
    {
      "BlockType": "WORD",
      "Confidence": 58.845375061035156,
      "Text": "AI",
      "TextType": "PRINTED",
      "Geometry": {
        "BoundingBox": {
          "Width": 0.00898754596710205,
          "Height": 0.005949398502707481,
          "Left": 0.544187605381012,
          "Top": 0.4772721827030182
        },
        "Polygon": [
          {
            "X": 0.544187605381012,
            "Y": 0.4772721827030182
          },
          {
            "X": 0.5531716346740723,
            "Y": 0.47744789719581604
          },
          {
            "X": 0.553175151348114,
            "Y": 0.4832215905189514
          },
          {
            "X": 0.5441910028457642,
            "Y": 0.48304617404937744
          }
        ]
      },
      "Id": "fd0a29ef-1ca3-49ee-9d70-ac08c0ea0c67",
      "Page": 1
    },
    {
      "BlockType": "WORD",
      "Confidence": 99.70816802978516,
      "Text": "Scholarship",
      "TextType": "PRINTED",
      "Geometry": {
        "BoundingBox": {
          "Width": 0.046033088117837906,
          "Height": 0.007548953872174025,
          "Left": 0.599220335483551,
          "Top": 0.4772791862487793
        },
        "Polygon": [
          {
            "X": 0.599220335483551,
            "Y": 0.4772791862487793
          },
          {
            "X": 0.645248532295227,
            "Y": 0.4781796932220459
          },
          {
            "X": 0.6452534198760986,
            "Y": 0.4848281443119049
          },
          {
            "X": 0.5992248058319092,
            "Y": 0.4839293360710144
          }
        ]
      },
      "Id": "4b0a0901-9513-436b-9add-2f94618f4ea8",
      "Page": 1
    },
    {
      "BlockType": "WORD",
      "Confidence": 99.63294219970703,
      "Text": "University",
      "TextType": "PRINTED",
      "Geometry": {
        "BoundingBox": {
          "Width": 0.03818158060312271,
          "Height": 0.0072569092735648155,
          "Left": 0.6973124742507935,
          "Top": 0.47828537225723267
        },
        "Polygon": [
          {
            "X": 0.6973124742507935,
            "Y": 0.47828537225723267
          },
          {
            "X": 0.7354884147644043,
            "Y": 0.4790324568748474
          },
          {
            "X": 0.7354940176010132,
            "Y": 0.48554226756095886
          },
          {
            "X": 0.6973177194595337,
            "Y": 0.48479658365249634
          }
        ]
      },
      "Id": "83390858-458d-4167-9a3a-9e0d7cd38caf",
      "Page": 1
    },
    {
      "BlockType": "WORD",
      "Confidence": 24.94611358642578,
      "Text": "OX8O",
      "TextType": "PRINTED",
      "Geometry": {
        "BoundingBox": {
          "Width": 0.04952037334442139,
          "Height": 0.012458600103855133,
          "Left": 0.6937172412872314,
          "Top": 0.4948231279850006
        },
        "Polygon": [
          {
            "X": 0.6937172412872314,
            "Y": 0.4948231279850006
          },
          {
            "X": 0.7432275414466858,
            "Y": 0.4957873821258545
          },
          {
            "X": 0.7432376146316528,
            "Y": 0.5072817206382751
          },
          {
            "X": 0.6937264800071716,
            "Y": 0.5063207149505615
          }
        ]
      },
      "Id": "90eea589-1384-4b4c-9f3a-09b5077b155d",
      "Page": 1
    }
  ],
  "DetectDocumentTextModelVersion": "1.0"
}