{
  "DocumentMetadata": {
    "Pages": 1
  },
  "JobStatus": "SUCCEEDED",
  "Blocks": [
    {
      "BlockType": "PAGE",
      "Geometry": {
        "BoundingBox": {
          "Width": 1,
          "Height": 1,
          "Left": 0,
          "Top": 0
        },
        "Polygon": [
          {
            "X": 4.584743606983466e-8,
            "Y": 3.658628600078373e-8
          },
          {
            "X": 0.9911389946937561,
            "Y": 0
          },
          {
            "X": 1,
            "Y": 1
          },
          {
            "X": 0,
            "Y": 1
          }
        ]
      },
      "Id": "72882f17-700b-4f70-ad1f-1ad807939d86",
      "Relationships": [
        {
          "Type": "CHILD",
          "Ids": [
            "5e615f53-f859-4937-a7b0-aea94e6278d9",
            "8321ecc8-123b-40df-af4e-dcbb45c9a67d",
            "a13d5afd-d469-4035-b6f3-b85983df61eb",
            "e4b547bd-beda-4ba8-91a4-8e26054b773d",
            "2eb82261-1cc7-486f-b983-1164339f4d32",
            "3871f24d-4636-448a-86d2-b1fecd8e8094",
            "5f8e4ad6-8bb4-45d0-9cba-e308398478aa",
            "775de4c9-73f2-4da8-a7bd-eb4c559fb1e5",
            "d4feb73e-969f-4d19-840d-712819eef053",
            "885157cd-1c75-44b1-bb01-6a7d5ba1242e",
            "73141252-57a8-4107-9cb4-1d6087bbffb4",
            "8753bd84-e330-47f3-b17b-7fac06d3cdb9",
            "25eaa9a2-eda1-4a95-a95b-2e0662bc3d1a",
            "9a048f1e-4fa2-4fed-a457-f3875def80ef",
            "de5b52a5-e51b-472e-8512-7ec00ed8a532",
            "e89f29be-5e0c-42d0-b9fe-c894812d363e",
            "b5bb8f71-4974-4128-99b7-9592147338bc",
            "09a57375-ee75-428a-b460-1c59dbdc0bec",
            "20d03477-27aa-4028-b7fe-3d219bef74b0",
            "c6ee3499-e824-4ee9-8e46-7e08fdb39664",
            "8972d800-9aa0-4e6e-937f-00092f306782",
            "bd56068d-836c-41bf-afed-5cb96d4e243c",
            "1ae31910-2136-4c06-9311-479c3da0ab16",
            "a02e2474-cf92-43d5-9221-4ea4457c3f2d"
          ]
        }
      ],
      "Page": 1
    },
    {
      "BlockType": "LINE",
      "Confidence": 99.555908203125,
      "Text": "Aproveite as arquiteturas de dados existentes para IA",
      "Geometry": {
        "BoundingBox": {
          "Width": 0.5228013396263123,
          "Height": 0.06416497379541397,
          "Left": 0.15539222955703735,
          "Top": 0.3154701590538025
        },
        "Polygon": [
          {
            "X": 0.15540504455566406,
            "Y": 0.35401129722595215
          },
          {
            "X": 0.6768692135810852,
            "Y": 0.3154701590538025
          },
          {
            "X": 0.6781935691833496,
            "Y": 0.34265390038490295
          },
          {
            "X": 0.15539222955703735,
            "Y": 0.37963512539863586
          }
        ]
      },
      "Id": "5e615f53-f859-4937-a7b0-aea94e6278d9",
      "Relationships": [
        {
          "Type": "CHILD",
          "Ids": [
            "d51c2736-0fa2-4d74-a450-0e7a892e6f4d",
            "f8f3c991-2ae2-4480-9047-b9af16b56862",
            "fbe81bde-ad92-40eb-af29-6fe1d3195ef4",
            "0d7f5d34-ab76-4d6c-a06b-0fa41e599a6b",
            "5eed7ce9-2010-4e2b-8a0e-58df26c208e9",
            "4560f030-ca05-4fe3-af10-54920762631e",
            "2ada4ef9-b87a-47d3-b3cb-c2f8b39b3309",
            "ddfb3361-7a96-47e1-8cdb-1cb9a0cb5297"
          ]
        }
      ],
      "Page": 1
    },
    {
      "BlockType": "LINE",
      "Confidence": 98.03302001953125,
      "Text": "Data lake &",
      "Geometry": {
        "BoundingBox": {
          "Width": 0.0540093332529068,
          "Height": 0.010793761350214481,
          "Left": 0.3365266025066376,
          "Top": 0.38539016246795654
        },
        "Polygon": [
          {
            "X": 0.3365266025066376,
            "Y": 0.38905465602874756
          },
          {
            "X": 0.39038145542144775,
            "Y": 0.38539016246795654
          },
          {
            "X": 0.3905359208583832,
            "Y": 0.39256349205970764
          },
          {
            "X": 0.33664408326148987,
            "Y": 0.39618390798568726
          }
        ]
      },
      "Id": "8321ecc8-123b-40df-af4e-dcbb45c9a67d",
      "Relationships": [
        {
          "Type": "CHILD",
          "Ids": [
            "71d608ee-3358-4434-bc62-f45214db960b",
            "98f25319-3627-41b8-b47a-f063b46c18a2",
            "0a3ba98e-9860-4202-b2b2-75e7fdd8826b"
          ]
        }
      ],
      "Page": 1
    },
    {
      "BlockType": "LINE",
      "Confidence": 99.4795150756836,
      "Text": "warehouses",
      "Geometry": {
        "BoundingBox": {
          "Width": 0.05603041127324104,
          "Height": 0.010950802825391293,
          "Left": 0.3350023329257965,
          "Top": 0.39460060000419617
        },
        "Polygon": [
          {
            "X": 0.3350023329257965,
            "Y": 0.3983403444290161
          },
          {
            "X": 0.39087626338005066,
            "Y": 0.39460060000419617
          },
          {
            "X": 0.39103275537490845,
            "Y": 0.4018579423427582
          },
          {
            "X": 0.3351200520992279,
            "Y": 0.40555140376091003
          }
        ]
      },
      "Id": "a13d5afd-d469-4035-b6f3-b85983df61eb",
      "Relationships": [
        {
          "Type": "CHILD",
          "Ids": [
            "ceef5455-3e21-48b3-b678-c0b5953d3522"
          ]
        }
      ],
      "Page": 1
    },
    {
      "BlockType": "LINE",
      "Confidence": 22.70856475830078,
      "Text": "C",
      "Geometry": {
        "BoundingBox": {
          "Width": 0.013890815898776054,
          "Height": 0.01087867934256792,
          "Left": 0.35460686683654785,
          "Top": 0.4157276451587677
        },
        "Polygon": [
          {
            "X": 0.35460686683654785,
            "Y": 0.4166119694709778
          },
          {
            "X": 0.3683033883571625,
            "Y": 0.4157276451587677
          },
          {
            "X": 0.36849769949913025,
            "Y": 0.42573773860931396
          },
          {
            "X": 0.35478803515434265,
            "Y": 0.42660632729530334
          }
        ]
      },
      "Id": "e4b547bd-beda-4ba8-91a4-8e26054b773d",
      "Relationships": [
        {
          "Type": "CHILD",
          "Ids": [
            "498de2aa-8776-4e47-80a1-ed2dc0c057ae"
          ]
        }
      ],
      "Page": 1
    },
    {
      "BlockType": "LINE",
      "Confidence": 90.62335205078125,
      "Text": "ience",
      "Geometry": {
        "BoundingBox": {
          "Width": 0.04507923498749733,
          "Height": 0.01605129800736904,
          "Left": 0,
          "Top": 0.44443485140800476
        },
        "Polygon": [
          {
            "X": 0.0001370255195070058,
            "Y": 0.4472923278808594
          },
          {
            "X": 0.04507923498749733,
            "Y": 0.44443485140800476
          },
          {
            "X": 0.044936180114746094,
            "Y": 0.45770010352134705
          },
          {
            "X": 0,
            "Y": 0.46048617362976074
          }
        ]
      },
      "Id": "2eb82261-1cc7-486f-b983-1164339f4d32",
      "Relationships": [
        {
          "Type": "CHILD",
          "Ids": [
            "32aa1242-5dec-42c7-91f3-314a45858e99"
          ]
        }
      ],
      "Page": 1
    },
    {
      "BlockType": "LINE",
      "Confidence": 99.75247955322266,
      "Text": "Big data processing",
      "Geometry": {
        "BoundingBox": {
          "Width": 0.08759397268295288,
          "Height": 0.014127603732049465,
          "Left": 0.184739887714386,
          "Top": 0.43570974469184875
        },
        "Polygon": [
          {
            "X": 0.184739887714386,
            "Y": 0.4412122368812561
          },
          {
            "X": 0.2722431719303131,
            "Y": 0.43570974469184875
          },
          {
            "X": 0.27233386039733887,
            "Y": 0.4444235861301422
          },
          {
            "X": 0.1847592145204544,
            "Y": 0.4498373568058014
          }
        ]
      },
      "Id": "3871f24d-4636-448a-86d2-b1fecd8e8094",
      "Relationships": [
        {
          "Type": "CHILD",
          "Ids": [
            "8aa94973-ee8b-4db0-8420-415dd17ee7ba",
            "46d71ac7-6044-45e3-9e36-520791a73da8",
            "82c979c0-3354-40e5-92b7-2d9f37628f12"
          ]
        }
      ],
      "Page": 1
    },
    {
      "BlockType": "LINE",
      "Confidence": 99.76268768310547,
      "Text": "Bancos de dados operacionais",
      "Geometry": {
        "BoundingBox": {
          "Width": 0.15378615260124207,
          "Height": 0.018792960792779922,
          "Left": 0.45246970653533936,
          "Top": 0.4101078510284424
        },
        "Polygon": [
          {
            "X": 0.45246970653533936,
            "Y": 0.41983744502067566
          },
          {
            "X": 0.605871856212616,
            "Y": 0.4101078510284424
          },
          {
            "X": 0.606255829334259,
            "Y": 0.41932904720306396
          },
          {
            "X": 0.4527168571949005,
            "Y": 0.428900808095932
          }
        ]
      },
      "Id": "5f8e4ad6-8bb4-45d0-9cba-e308398478aa",
      "Relationships": [
        {
          "Type": "CHILD",
          "Ids": [
            "d061ac8a-dc96-4b36-ba90-8029a6086b5c",
            "3275c983-fa3f-447d-aa8b-e9c3dcf54bc0",
            "657e1263-afa3-4666-a510-438288055ffa",
            "ed893d58-4fd5-4c79-850e-e50377272e41"
          ]
        }
      ],
      "Page": 1
    },
    {
      "BlockType": "LINE",
      "Confidence": 49.235408782958984,
      "Text": "w",
      "Geometry": {
        "BoundingBox": {
          "Width": 0.013684666715562344,
          "Height": 0.009150462225079536,
          "Left": 0.2958167791366577,
          "Top": 0.4384046792984009
        },
        "Polygon": [
          {
            "X": 0.2958167791366577,
            "Y": 0.4392496645450592
          },
          {
            "X": 0.3093860447406769,
            "Y": 0.4384046792984009
          },
          {
            "X": 0.30950143933296204,
            "Y": 0.44672322273254395
          },
          {
            "X": 0.2959214448928833,
            "Y": 0.4475551247596741
          }
        ]
      },
      "Id": "775de4c9-73f2-4da8-a7bd-eb4c559fb1e5",
      "Relationships": [
        {
          "Type": "CHILD",
          "Ids": [
            "5b29eb14-23e1-4cab-a498-1d288ff543da"
          ]
        }
      ],
      "Page": 1
    },
    {
      "BlockType": "LINE",
      "Confidence": 19.336915969848633,
      "Text": "(IND",
      "Geometry": {
        "BoundingBox": {
          "Width": 0.014851856045424938,
          "Height": 0.014329169876873493,
          "Left": 0.4126532971858978,
          "Top": 0.42640286684036255
        },
        "Polygon": [
          {
            "X": 0.4126532971858978,
            "Y": 0.42731502652168274
          },
          {
            "X": 0.42717066407203674,
            "Y": 0.42640286684036255
          },
          {
            "X": 0.42750516533851624,
            "Y": 0.439842164516449
          },
          {
            "X": 0.41296902298927307,
            "Y": 0.44073206186294556
          }
        ]
      },
      "Id": "d4feb73e-969f-4d19-840d-712819eef053",
      "Relationships": [
        {
          "Type": "CHILD",
          "Ids": [
            "bcda7c48-a2e4-412d-9835-9cadce9089f2"
          ]
        }
      ],
      "Page": 1
    },
    {
      "BlockType": "LINE",
      "Confidence": 98.23575592041016,
      "Text": "av",
      "Geometry": {
        "BoundingBox": {
          "Width": 0.09813450276851654,
          "Height": 0.05444485321640968,
          "Left": 0.9018654823303223,
          "Top": 0.37780100107192993
        },
        "Polygon": [
          {
            "X": 0.9018654823303223,
            "Y": 0.3840214014053345
          },
          {
            "X": 0.9986744523048401,
            "Y": 0.37780100107192993
          },
          {
            "X": 1,
            "Y": 0.4265286326408386
          },
          {
            "X": 0.9052174091339111,
            "Y": 0.4322458505630493
          }
        ]
      },
      "Id": "885157cd-1c75-44b1-bb01-6a7d5ba1242e",
      "Relationships": [
        {
          "Type": "CHILD",
          "Ids": [
            "cc9a34e8-2b88-4d0a-8e03-27bc8895bc6d"
          ]
        }
      ],
      "Page": 1
    },
    {
      "BlockType": "LINE",
      "Confidence": 99.79570770263672,
      "Text": "Streaming data",
      "Geometry": {
        "BoundingBox": {
          "Width": 0.07060275226831436,
          "Height": 0.012683636508882046,
          "Left": 0.17339104413986206,
          "Top": 0.4863422214984894
        },
        "Polygon": [
          {
            "X": 0.17339104413986206,
            "Y": 0.49035564064979553
          },
          {
            "X": 0.24392622709274292,
            "Y": 0.4863422214984894
          },
          {
            "X": 0.24399378895759583,
            "Y": 0.4950847923755646
          },
          {
            "X": 0.17340125143527985,
            "Y": 0.4990258514881134
          }
        ]
      },
      "Id": "73141252-57a8-4107-9cb4-1d6087bbffb4",
      "Relationships": [
        {
          "Type": "CHILD",
          "Ids": [
            "3864bcf4-bfe2-4472-9fcf-383f2622436b",
            "22bd3cb0-13f4-4b4c-986d-c98dda02604a"
          ]
        }
      ],
      "Page": 1
    },
    {
      "BlockType": "LINE",
      "Confidence": 19.321863174438477,
      "Text": "gip",
      "Geometry": {
        "BoundingBox": {
          "Width": 0.014429183676838875,
          "Height": 0.010115106590092182,
          "Left": 0.2679373621940613,
          "Top": 0.48331329226493835
        },
        "Polygon": [
          {
            "X": 0.2679373621940613,
            "Y": 0.48412981629371643
          },
          {
            "X": 0.28226137161254883,
            "Y": 0.48331329226493835
          },
          {
            "X": 0.2823665738105774,
            "Y": 0.49262747168540955
          },
          {
            "X": 0.2680300176143646,
            "Y": 0.49342840909957886
          }
        ]
      },
      "Id": "8753bd84-e330-47f3-b17b-7fac06d3cdb9",
      "Relationships": [
        {
          "Type": "CHILD",
          "Ids": [
            "68f35d1a-83a7-4ece-89e0-f21ab0a096b4"
          ]
        }
      ],
      "Page": 1
    },
    {
      "BlockType": "LINE",
      "Confidence": 99.91082763671875,
      "Text": "Data",
      "Geometry": {
        "BoundingBox": {
          "Width": 0.0444469228386879,
          "Height": 0.014697473496198654,
          "Left": 0.33628782629966736,
          "Top": 0.4747008681297302
        },
        "Polygon": [
          {
            "X": 0.33628782629966736,
            "Y": 0.477236270904541
          },
          {
            "X": 0.380484938621521,
            "Y": 0.4747008681297302
          },
          {
            "X": 0.38073474168777466,
            "Y": 0.4869252145290375
          },
          {
            "X": 0.3364863395690918,
            "Y": 0.489398330450058
          }
        ]
      },
      "Id": "25eaa9a2-eda1-4a95-a95b-2e0662bc3d1a",
      "Relationships": [
        {
          "Type": "CHILD",
          "Ids": [
            "e1eae7d1-5518-4ebd-bd62-94e8f4da6f63"
          ]
        }
      ],
      "Page": 1
    },
    {
      "BlockType": "LINE",
      "Confidence": 86.81298828125,
      "Text": "Generative Al applications",
      "Geometry": {
        "BoundingBox": {
          "Width": 0.14526602625846863,
          "Height": 0.017341362312436104,
          "Left": 0.544958233833313,
          "Top": 0.4565712809562683
        },
        "Polygon": [
          {
            "X": 0.544958233833313,
            "Y": 0.4648851752281189
          },
          {
            "X": 0.6897721290588379,
            "Y": 0.4565712809562683
          },
          {
            "X": 0.6902242302894592,
            "Y": 0.4657461941242218
          },
          {
            "X": 0.5452810525894165,
            "Y": 0.47391262650489807
          }
        ]
      },
      "Id": "9a048f1e-4fa2-4fed-a457-f3875def80ef",
      "Relationships": [
        {
          "Type": "CHILD",
          "Ids": [
            "1c348d21-b07d-44f6-ad2a-c649e39201c7",
            "e43801c0-4a04-4901-84b8-ae619a055f5b",
            "b8ffcacc-1241-4449-b354-5d835d562cb5"
          ]
        }
      ],
      "Page": 1
    },
    {
      "BlockType": "LINE",
      "Confidence": 96.34337615966797,
      "Text": "Fontes de dados hibridas ou",
      "Geometry": {
        "BoundingBox": {
          "Width": 0.12914305925369263,
          "Height": 0.013776999898254871,
          "Left": 0.1340612769126892,
          "Top": 0.5254865288734436
        },
        "Polygon": [
          {
            "X": 0.13407869637012482,
            "Y": 0.5321953296661377
          },
          {
            "X": 0.2631362974643707,
            "Y": 0.5254865288734436
          },
          {
            "X": 0.26320433616638184,
            "Y": 0.5326636433601379
          },
          {
            "X": 0.1340612769126892,
            "Y": 0.5392635464668274
          }
        ]
      },
      "Id": "de5b52a5-e51b-472e-8512-7ec00ed8a532",
      "Relationships": [
        {
          "Type": "CHILD",
          "Ids": [
            "9163f03c-b4c8-44be-93a6-27f71d520cec",
            "aef77a6f-9ed0-4eeb-a1a1-b0c6a77a881a",
            "e8bbfb02-e1e4-4b79-928f-6dcf5aa6a463",
            "69d7d291-6e0a-4351-ad47-bec7ffada3fe",
            "d2cb5edf-6431-4ab0-8205-05376e94befa"
          ]
        }
      ],
      "Page": 1
    },
    {
      "BlockType": "LINE",
      "Confidence": 98.6005859375,
      "Text": "Visualização de",
      "Geometry": {
        "BoundingBox": {
          "Width": 0.08063533157110214,
          "Height": 0.013586650602519512,
          "Left": 0.44959649443626404,
          "Top": 0.5102663040161133
        },
        "Polygon": [
          {
            "X": 0.44959649443626404,
            "Y": 0.5144539475440979
          },
          {
            "X": 0.5299072265625,
            "Y": 0.5102663040161133
          },
          {
            "X": 0.5302318334579468,
            "Y": 0.5197519063949585
          },
          {
            "X": 0.4498480558395386,
            "Y": 0.5238529443740845
          }
        ]
      },
      "Id": "e89f29be-5e0c-42d0-b9fe-c894812d363e",
      "Relationships": [
        {
          "Type": "CHILD",
          "Ids": [
            "41adf9d3-75ea-4629-a683-eb74cf21bc69",
            "e2523a11-2fe8-4993-9022-315b8e837db1"
          ]
        }
      ],
      "Page": 1
    },
    {
      "BlockType": "LINE",
      "Confidence": 33.55101013183594,
      "Text": "in",
      "Geometry": {
        "BoundingBox": {
          "Width": 0.014387856237590313,
          "Height": 0.008261905051767826,
          "Left": 0.2872173488140106,
          "Top": 0.5281301140785217
        },
        "Polygon": [
          {
            "X": 0.2872173488140106,
            "Y": 0.528864860534668
          },
          {
            "X": 0.30150699615478516,
            "Y": 0.5281301140785217
          },
          {
            "X": 0.301605224609375,
            "Y": 0.5356698632240295
          },
          {
            "X": 0.28730547428131104,
            "Y": 0.5363920331001282
          }
        ]
      },
      "Id": "b5bb8f71-4974-4128-99b7-9592147338bc",
      "Relationships": [
        {
          "Type": "CHILD",
          "Ids": [
            "0de347bd-0eed-4809-845b-34b4087fb171"
          ]
        }
      ],
      "Page": 1
    },
    {
      "BlockType": "LINE",
      "Confidence": 24.55221939086914,
      "Text": "I'm",
      "Geometry": {
        "BoundingBox": {
          "Width": 0.01537249144166708,
          "Height": 0.008224636316299438,
          "Left": 0.40784990787506104,
          "Top": 0.522100567817688
        },
        "Polygon": [
          {
            "X": 0.40784990787506104,
            "Y": 0.522881269454956
          },
          {
            "X": 0.42304131388664246,
            "Y": 0.522100567817688
          },
          {
            "X": 0.4232224225997925,
            "Y": 0.5295575261116028
          },
          {
            "X": 0.4080202281475067,
            "Y": 0.530325174331665
          }
        ]
      },
      "Id": "09a57375-ee75-428a-b460-1c59dbdc0bec",
      "Relationships": [
        {
          "Type": "CHILD",
          "Ids": [
            "92b7e7b0-c9d1-4de4-b597-579aba4d5aad"
          ]
        }
      ],
      "Page": 1
    },
    {
      "BlockType": "LINE",
      "Confidence": 99.7728500366211,
      "Text": "externas",
      "Geometry": {
        "BoundingBox": {
          "Width": 0.04103541746735573,
          "Height": 0.008550993166863918,
          "Left": 0.2215193808078766,
          "Top": 0.5358695983886719
        },
        "Polygon": [
          {
            "X": 0.2215193808078766,
            "Y": 0.5379477143287659
          },
          {
            "X": 0.2624936103820801,
            "Y": 0.5358695983886719
          },
          {
            "X": 0.262554794549942,
            "Y": 0.5423738360404968
          },
          {
            "X": 0.22155576944351196,
            "Y": 0.544420599937439
          }
        ]
      },
      "Id": "20d03477-27aa-4028-b7fe-3d219bef74b0",
      "Relationships": [
        {
          "Type": "CHILD",
          "Ids": [
            "c08eea1d-088a-49e1-a3e6-432e40951eab"
          ]
        }
      ],
      "Page": 1
    },
    {
      "BlockType": "LINE",
      "Confidence": 99.77881622314453,
      "Text": "dados",
      "Geometry": {
        "BoundingBox": {
          "Width": 0.03177360072731972,
          "Height": 0.009148447774350643,
          "Left": 0.4495721757411957,
          "Top": 0.5234304666519165
        },
        "Polygon": [
          {
            "X": 0.4495721757411957,
            "Y": 0.5250356793403625
          },
          {
            "X": 0.4811212420463562,
            "Y": 0.5234304666519165
          },
          {
            "X": 0.4813457727432251,
            "Y": 0.531001091003418
          },
          {
            "X": 0.4497738480567932,
            "Y": 0.5325789451599121
          }
        ]
      },
      "Id": "c6ee3499-e824-4ee9-8e46-7e08fdb39664",
      "Relationships": [
        {
          "Type": "CHILD",
          "Ids": [
            "4b7d7105-c23e-4a16-bcae-a6d97f23fddb"
          ]
        }
      ],
      "Page": 1
    },
    {
      "BlockType": "LINE",
      "Confidence": 69.73226928710938,
      "Text": "O",
      "Geometry": {
        "BoundingBox": {
          "Width": 0.013386499136686325,
          "Height": 0.011698450893163681,
          "Left": 0.3468603193759918,
          "Top": 0.5427225828170776
        },
        "Polygon": [
          {
            "X": 0.3468603193759918,
            "Y": 0.543372392654419
          },
          {
            "X": 0.3600430190563202,
            "Y": 0.5427225828170776
          },
          {
            "X": 0.36024683713912964,
            "Y": 0.5537881851196289
          },
          {
            "X": 0.34705036878585815,
            "Y": 0.5544210076332092
          }
        ]
      },
      "Id": "8972d800-9aa0-4e6e-937f-00092f306782",
      "Relationships": [
        {
          "Type": "CHILD",
          "Ids": [
            "9af78c56-02c3-4152-a941-4f59844339df"
          ]
        }
      ],
      "Page": 1
    },
    {
      "BlockType": "LINE",
      "Confidence": 98.93997955322266,
      "Text": "Governança de",
      "Geometry": {
        "BoundingBox": {
          "Width": 0.07522667944431305,
          "Height": 0.012497141025960445,
          "Left": 0.31501126289367676,
          "Top": 0.5651900172233582
        },
        "Polygon": [
          {
            "X": 0.31501126289367676,
            "Y": 0.5686724781990051
          },
          {
            "X": 0.3900456130504608,
            "Y": 0.5651900172233582
          },
          {
            "X": 0.3902379274368286,
            "Y": 0.574284017086029
          },
          {
            "X": 0.3151394724845886,
            "Y": 0.57768714427948
          }
        ]
      },
      "Id": "bd56068d-836c-41bf-afed-5cb96d4e243c",
      "Relationships": [
        {
          "Type": "CHILD",
          "Ids": [
            "3b8b0350-fa12-410f-9b3d-fdf04b94eb1c",
            "296c2564-84d8-4fe9-aae5-92586eb7ed35"
          ]
        }
      ],
      "Page": 1
    },
    {
      "BlockType": "LINE",
      "Confidence": 98.62863159179688,
      "Text": "aws",
      "Geometry": {
        "BoundingBox": {
          "Width": 0.017332090064883232,
          "Height": 0.005783718079328537,
          "Left": 0.09320136904716492,
          "Top": 0.588097333908081
        },
        "Polygon": [
          {
            "X": 0.09323243051767349,
            "Y": 0.588878870010376
          },
          {
            "X": 0.1105334609746933,
            "Y": 0.588097333908081
          },
          {
            "X": 0.11051031202077866,
            "Y": 0.5931099057197571
          },
          {
            "X": 0.09320136904716492,
            "Y": 0.5938810110092163
          }
        ]
      },
      "Id": "1ae31910-2136-4c06-9311-479c3da0ab16",
      "Relationships": [
        {
          "Type": "CHILD",
          "Ids": [
            "4ebe77ce-1631-43cb-afb1-6820f220c7d7"
          ]
        }
      ],
      "Page": 1
    },
    {
      "BlockType": "LINE",
      "Confidence": 99.75677490234375,
      "Text": "dados",
      "Geometry": {
        "BoundingBox": {
          "Width": 0.030228039249777794,
          "Height": 0.008700025267899036,
          "Left": 0.3363155424594879,
          "Top": 0.5766885280609131
        },
        "Polygon": [
          {
            "X": 0.3363155424594879,
            "Y": 0.5780472159385681
          },
          {
            "X": 0.3664039969444275,
            "Y": 0.5766885280609131
          },
          {
            "X": 0.36654359102249146,
            "Y": 0.5840557217597961
          },
          {
            "X": 0.3364342749118805,
            "Y": 0.5853886008262634
          }
        ]
      },
      "Id": "a02e2474-cf92-43d5-9221-4ea4457c3f2d",
      "Relationships": [
        {
          "Type": "CHILD",
          "Ids": [
            "de3bd089-73fe-4838-9ca8-2f9c5d91c764"
          ]
        }
      ],
      "Page": 1
    },
    {
      "BlockType": "WORD",
      "Confidence": 99.33427429199219,
      "Text": "Aproveite",
      "TextType": "PRINTED",
      "Geometry": {
        "BoundingBox": {
          "Width": 0.08741742372512817,
          "Height": 0.02181028388440609,
          "Left": 0.15539222955703735,
          "Top": 0.35782483220100403
        },
        "Polygon": [
          {
            "X": 0.15539996325969696,
            "Y": 0.36416658759117126
          },
          {
            "X": 0.24268923699855804,
            "Y": 0.35782483220100403
          },
          {
            "X": 0.24280966818332672,
            "Y": 0.37345150113105774
          },
          {
            "X": 0.15539222955703735,
            "Y": 0.37963512539863586
          }
        ]
      },
      "Id": "d51c2736-0fa2-4d74-a450-0e7a892e6f4d",
      "Page": 1
    },
    {
      "BlockType": "WORD",
      "Confidence": 99.90753173828125,
      "Text": "as",
      "TextType": "PRINTED",
      "Geometry": {
        "BoundingBox": {
          "Width": 0.019702499732375145,
          "Height": 0.010857897810637951,
          "Left": 0.24692027270793915,
          "Top": 0.35782110691070557
        },
        "Polygon": [
          {
            "X": 0.24692027270793915,
            "Y": 0.3592415750026703
          },
          {
            "X": 0.2665286660194397,
            "Y": 0.35782110691070557
          },
          {
            "X": 0.26662278175354004,
            "Y": 0.367279976606369
          },
          {
            "X": 0.24699674546718597,
            "Y": 0.368679016828537
          }
        ]
      },
      "Id": "f8f3c991-2ae2-4480-9047-b9af16b56862",
      "Page": 1
    },
    {
      "BlockType": "WORD",
      "Confidence": 98.82939910888672,
      "Text": "arquiteturas",
      "TextType": "PRINTED",
      "Geometry": {
        "BoundingBox": {
          "Width": 0.11699123680591583,
          "Height": 0.023894932121038437,
          "Left": 0.2709656357765198,
          "Top": 0.34462326765060425
        },
        "Polygon": [
          {
            "X": 0.2709656357765198,
            "Y": 0.35313624143600464
          },
          {
            "X": 0.3876239061355591,
            "Y": 0.34462326765060425
          },
          {
            "X": 0.3879568576812744,
            "Y": 0.360212117433548
          },
          {
            "X": 0.2711251378059387,
            "Y": 0.368518203496933
          }
        ]
      },
      "Id": "fbe81bde-ad92-40eb-af29-6fe1d3195ef4",
      "Page": 1
    },
    {
      "BlockType": "WORD",
      "Confidence": 99.88983917236328,
      "Text": "de",
      "TextType": "PRINTED",
      "Geometry": {
        "BoundingBox": {
          "Width": 0.02397952787578106,
          "Height": 0.014288456179201603,
          "Left": 0.3930267095565796,
          "Top": 0.3406880497932434
        },
        "Polygon": [
          {
            "X": 0.3930267095565796,
            "Y": 0.34242093563079834
          },
          {
            "X": 0.4167027771472931,
            "Y": 0.3406880497932434
          },
          {
            "X": 0.4170062243938446,
            "Y": 0.35327738523483276
          },
          {
            "X": 0.3933013081550598,
            "Y": 0.35497650504112244
          }
        ]
      },
      "Id": "0d7f5d34-ab76-4d6c-a06b-0fa41e599a6b",
      "Page": 1
    },
    {
      "BlockType": "WORD",
      "Confidence": 99.76595306396484,
      "Text": "dados",
      "TextType": "PRINTED",
      "Geometry": {
        "BoundingBox": {
          "Width": 0.059752777218818665,
          "Height": 0.01764354482293129,
          "Left": 0.42234015464782715,
          "Top": 0.33463001251220703
        },
        "Polygon": [
          {
            "X": 0.42234015464782715,
            "Y": 0.3389829397201538
          },
          {
            "X": 0.48168832063674927,
            "Y": 0.33463001251220703
          },
          {
            "X": 0.482092946767807,
            "Y": 0.34800976514816284
          },
          {
            "X": 0.42266765236854553,
            "Y": 0.352273553609848
          }
        ]
      },
      "Id": "5eed7ce9-2010-4e2b-8a0e-58df26c208e9",
      "Page": 1
    },
    {
      "BlockType": "WORD",
      "Confidence": 99.54556274414062,
      "Text": "existentes",
      "TextType": "PRINTED",
      "Geometry": {
        "BoundingBox": {
          "Width": 0.10508483648300171,
          "Height": 0.021865975111722946,
          "Left": 0.48733627796173096,
          "Top": 0.32423633337020874
        },
        "Polygon": [
          {
            "X": 0.48733627796173096,
            "Y": 0.3319295346736908
          },
          {
            "X": 0.5918380618095398,
            "Y": 0.32423633337020874
          },
          {
            "X": 0.5924211144447327,
            "Y": 0.3385750949382782
          },
          {
            "X": 0.48777252435684204,
            "Y": 0.3461022973060608
          }
        ]
      },
      "Id": "4560f030-ca05-4fe3-af10-54920762631e",
      "Page": 1
    },
    {
      "BlockType": "WORD",
      "Confidence": 99.70059967041016,
      "Text": "para",
      "TextType": "PRINTED",
      "Geometry": {
        "BoundingBox": {
          "Width": 0.048380959779024124,
          "Height": 0.017387568950653076,
          "Left": 0.5984726548194885,
          "Top": 0.3208414316177368
        },
        "Polygon": [
          {
            "X": 0.5984726548194885,
            "Y": 0.3243527114391327
          },
          {
            "X": 0.6462147235870361,
            "Y": 0.3208414316177368
          },
          {
            "X": 0.6468536257743835,
            "Y": 0.334790974855423
          },
          {
            "X": 0.5990455746650696,
            "Y": 0.3382290005683899
          }
        ]
      },
      "Id": "2ada4ef9-b87a-47d3-b3cb-c2f8b39b3309",
      "Page": 1
    },
    {
      "BlockType": "WORD",
      "Confidence": 99.47411346435547,
      "Text": "IA",
      "TextType": "PRINTED",
      "Geometry": {
        "BoundingBox": {
          "Width": 0.023545565083622932,
          "Height": 0.014359770342707634,
          "Left": 0.6539422273635864,
          "Top": 0.3154701590538025
        },
        "Polygon": [
          {
            "X": 0.6539422273635864,
            "Y": 0.31716468930244446
          },
          {
            "X": 0.6768692135810852,
            "Y": 0.3154701590538025
          },
          {
            "X": 0.6774877905845642,
            "Y": 0.32816728949546814
          },
          {
            "X": 0.6545317769050598,
            "Y": 0.3298299312591553
          }
        ]
      },
      "Id": "ddfb3361-7a96-47e1-8cdb-1cb9a0cb5297",
      "Page": 1
    },
    {
      "BlockType": "WORD",
      "Confidence": 99.61506652832031,
      "Text": "Data",
      "TextType": "PRINTED",
      "Geometry": {
        "BoundingBox": {
          "Width": 0.021746231243014336,
          "Height": 0.008099685423076153,
          "Left": 0.3365348279476166,
          "Top": 0.3880842328071594
        },
        "Polygon": [
          {
            "X": 0.3365348279476166,
            "Y": 0.3895542621612549
          },
          {
            "X": 0.35815805196762085,
            "Y": 0.3880842328071594
          },
          {
            "X": 0.35828107595443726,
            "Y": 0.3947303593158722
          },
          {
            "X": 0.33664408326148987,
            "Y": 0.39618390798568726
          }
        ]
      },
      "Id": "71d608ee-3358-4434-bc62-f45214db960b",
      "Page": 1
    },
    {
      "BlockType": "WORD",
      "Confidence": 94.61298370361328,
      "Text": "lake",
      "TextType": "PRINTED",
      "Geometry": {
        "BoundingBox": {
          "Width": 0.01947743073105812,
          "Height": 0.008018078282475471,
          "Left": 0.3610162138938904,
          "Top": 0.3860723674297333
        },
        "Polygon": [
          {
            "X": 0.3610162138938904,
            "Y": 0.38738828897476196
          },
          {
            "X": 0.3803552985191345,
            "Y": 0.3860723674297333
          },
          {
            "X": 0.3804936408996582,
            "Y": 0.392789363861084
          },
          {
            "X": 0.3611420691013336,
            "Y": 0.3940904438495636
          }
        ]
      },
      "Id": "98f25319-3627-41b8-b47a-f063b46c18a2",
      "Page": 1
    },
    {
      "BlockType": "WORD",
      "Confidence": 99.87102508544922,
      "Text": "&",
      "TextType": "PRINTED",
      "Geometry": {
        "BoundingBox": {
          "Width": 0.007673267740756273,
          "Height": 0.006524880416691303,
          "Left": 0.3828446567058563,
          "Top": 0.3857102394104004
        },
        "Polygon": [
          {
            "X": 0.3828446567058563,
            "Y": 0.3862232565879822
          },
          {
            "X": 0.3903883397579193,
            "Y": 0.3857102394104004
          },
          {
            "X": 0.390517920255661,
            "Y": 0.3917272984981537
          },
          {
            "X": 0.38296985626220703,
            "Y": 0.39223513007164
          }
        ]
      },
      "Id": "0a3ba98e-9860-4202-b2b2-75e7fdd8826b",
      "Page": 1
    },
    {
      "BlockType": "WORD",
      "Confidence": 99.4795150756836,
      "Text": "warehouses",
      "TextType": "PRINTED",
      "Geometry": {
        "BoundingBox": {
          "Width": 0.05603041127324104,
          "Height": 0.010950802825391293,
          "Left": 0.3350023329257965,
          "Top": 0.39460060000419617
        },
        "Polygon": [
          {
            "X": 0.3350023329257965,
            "Y": 0.3983403444290161
          },
          {
            "X": 0.39087626338005066,
            "Y": 0.39460060000419617
          },
          {
            "X": 0.39103275537490845,
            "Y": 0.4018579423427582
          },
          {
            "X": 0.3351200520992279,
            "Y": 0.40555140376091003
          }
        ]
      },
      "Id": "ceef5455-3e21-48b3-b678-c0b5953d3522",
      "Page": 1
    },
    {
      "BlockType": "WORD",
      "Confidence": 22.70856475830078,
      "Text": "C",
      "TextType": "PRINTED",
      "Geometry": {
        "BoundingBox": {
          "Width": 0.013890815898776054,
          "Height": 0.01087867934256792,
          "Left": 0.35460686683654785,
          "Top": 0.4157276451587677
        },
        "Polygon": [
          {
            "X": 0.35460686683654785,
            "Y": 0.4166119694709778
          },
          {
            "X": 0.3683033883571625,
            "Y": 0.4157276451587677
          },
          {
            "X": 0.36849769949913025,
            "Y": 0.42573773860931396
          },
          {
            "X": 0.35478803515434265,
            "Y": 0.42660632729530334
          }
        ]
      },
      "Id": "498de2aa-8776-4e47-80a1-ed2dc0c057ae",
      "Page": 1
    },
    {
      "BlockType": "WORD",
      "Confidence": 90.62335205078125,
      "Text": "ience",
      "TextType": "PRINTED",
      "Geometry": {
        "BoundingBox": {
          "Width": 0.04507923498749733,
          "Height": 0.01605129800736904,
          "Left": 0,
          "Top": 0.44443485140800476
        },
        "Polygon": [
          {
            "X": 0.0001370255195070058,
            "Y": 0.4472923278808594
          },
          {
            "X": 0.04507923498749733,
            "Y": 0.44443485140800476
          },
          {
            "X": 0.044936180114746094,
            "Y": 0.45770010352134705
          },
          {
            "X": 0,
            "Y": 0.46048617362976074
          }
        ]
      },
      "Id": "32aa1242-5dec-42c7-91f3-314a45858e99",
      "Page": 1
    },
    {
      "BlockType": "WORD",
      "Confidence": 99.68334197998047,
      "Text": "Big",
      "TextType": "PRINTED",
      "Geometry": {
        "BoundingBox": {
          "Width": 0.01450985949486494,
          "Height": 0.008616120554506779,
          "Left": 0.18474194407463074,
          "Top": 0.4412212371826172
        },
        "Polygon": [
          {
            "X": 0.18474194407463074,
            "Y": 0.44213029742240906
          },
          {
            "X": 0.1992240697145462,
            "Y": 0.4412212371826172
          },
          {
            "X": 0.19925180077552795,
            "Y": 0.4489414393901825
          },
          {
            "X": 0.1847592145204544,
            "Y": 0.4498373568058014
          }
        ]
      },
      "Id": "8aa94973-ee8b-4db0-8420-415dd17ee7ba",
      "Page": 1
    },
    {
      "BlockType": "WORD",
      "Confidence": 99.8891830444336,
      "Text": "data",
      "TextType": "PRINTED",
      "Geometry": {
        "BoundingBox": {
          "Width": 0.019820380955934525,
          "Height": 0.007939917035400867,
          "Left": 0.20136992633342743,
          "Top": 0.4394228160381317
        },
        "Polygon": [
          {
            "X": 0.20136992633342743,
            "Y": 0.440665602684021
          },
          {
            "X": 0.22115246951580048,
            "Y": 0.4394228160381317
          },
          {
            "X": 0.22119031846523285,
            "Y": 0.4461354911327362
          },
          {
            "X": 0.20139533281326294,
            "Y": 0.4473627209663391
          }
        ]
      },
      "Id": "46d71ac7-6044-45e3-9e36-520791a73da8",
      "Page": 1
    },
    {
      "BlockType": "WORD",
      "Confidence": 99.68492126464844,
      "Text": "processing",
      "TextType": "PRINTED",
      "Geometry": {
        "BoundingBox": {
          "Width": 0.04875195026397705,
          "Height": 0.011519095860421658,
          "Left": 0.2235797643661499,
          "Top": 0.43570974469184875
        },
        "Polygon": [
          {
            "X": 0.2235797643661499,
            "Y": 0.4387698769569397
          },
          {
            "X": 0.2722431719303131,
            "Y": 0.43570974469184875
          },
          {
            "X": 0.27233171463012695,
            "Y": 0.44421690702438354
          },
          {
            "X": 0.22362937033176422,
            "Y": 0.4472288489341736
          }
        ]
      },
      "Id": "82c979c0-3354-40e5-92b7-2d9f37628f12",
      "Page": 1
    },
    {
      "BlockType": "WORD",
      "Confidence": 99.81946563720703,
      "Text": "Bancos",
      "TextType": "PRINTED",
      "Geometry": {
        "BoundingBox": {
          "Width": 0.0350516103208065,
          "Height": 0.009135753847658634,
          "Left": 0.452523410320282,
          "Top": 0.4196055829524994
        },
        "Polygon": [
          {
            "X": 0.452523410320282,
            "Y": 0.42180708050727844
          },
          {
            "X": 0.48736247420310974,
            "Y": 0.4196055829524994
          },
          {
            "X": 0.4875750243663788,
            "Y": 0.42656731605529785
          },
          {
            "X": 0.4527125060558319,
            "Y": 0.42874136567115784
          }
        ]
      },
      "Id": "d061ac8a-dc96-4b36-ba90-8029a6086b5c",
      "Page": 1
    },
    {
      "BlockType": "WORD",
      "Confidence": 99.84574127197266,
      "Text": "de",
      "TextType": "PRINTED",
      "Geometry": {
        "BoundingBox": {
          "Width": 0.012204352766275406,
          "Height": 0.0076814754866063595,
          "Left": 0.4902196526527405,
          "Top": 0.4180205762386322
        },
        "Polygon": [
          {
            "X": 0.4902196526527405,
            "Y": 0.4187787175178528
          },
          {
            "X": 0.5022026896476746,
            "Y": 0.4180205762386322
          },
          {
            "X": 0.5024240016937256,
            "Y": 0.42495331168174744
          },
          {
            "X": 0.49043288826942444,
            "Y": 0.4257020652294159
          }
        ]
      },
      "Id": "3275c983-fa3f-447d-aa8b-e9c3dcf54bc0",
      "Page": 1
    },
    {
      "BlockType": "WORD",
      "Confidence": 99.72578430175781,
      "Text": "dados",
      "TextType": "PRINTED",
      "Geometry": {
        "BoundingBox": {
          "Width": 0.031392306089401245,
          "Height": 0.009445651434361935,
          "Left": 0.5057098865509033,
          "Top": 0.4151897430419922
        },
        "Polygon": [
          {
            "X": 0.5057098865509033,
            "Y": 0.4171614944934845
          },
          {
            "X": 0.5368384122848511,
            "Y": 0.4151897430419922
          },
          {
            "X": 0.537102222442627,
            "Y": 0.42268988490104675
          },
          {
            "X": 0.5059509873390198,
            "Y": 0.4246353805065155
          }
        ]
      },
      "Id": "657e1263-afa3-4666-a510-438288055ffa",
      "Page": 1
    },
    {
      "BlockType": "WORD",
      "Confidence": 99.6597671508789,
      "Text": "operacionais",
      "TextType": "PRINTED",
      "Geometry": {
        "BoundingBox": {
          "Width": 0.06673239171504974,
          "Height": 0.013361137360334396,
          "Left": 0.5395234823226929,
          "Top": 0.4101078510284424
        },
        "Polygon": [
          {
            "X": 0.5395234823226929,
            "Y": 0.4143160283565521
          },
          {
            "X": 0.605871856212616,
            "Y": 0.4101078510284424
          },
          {
            "X": 0.606255829334259,
            "Y": 0.41932904720306396
          },
          {
            "X": 0.539847731590271,
            "Y": 0.42346900701522827
          }
        ]
      },
      "Id": "ed893d58-4fd5-4c79-850e-e50377272e41",
      "Page": 1
    },
    {
      "BlockType": "WORD",
      "Confidence": 49.235408782958984,
      "Text": "w",
      "TextType": "PRINTED",
      "Geometry": {
        "BoundingBox": {
          "Width": 0.013684666715562344,
          "Height": 0.009150462225079536,
          "Left": 0.2958167791366577,
          "Top": 0.4384046792984009
        },
        "Polygon": [
          {
            "X": 0.2958167791366577,
            "Y": 0.4392496645450592
          },
          {
            "X": 0.3093860447406769,
            "Y": 0.4384046792984009
          },
          {
            "X": 0.30950143933296204,
            "Y": 0.44672322273254395
          },
          {
            "X": 0.2959214448928833,
            "Y": 0.4475551247596741
          }
        ]
      },
      "Id": "5b29eb14-23e1-4cab-a498-1d288ff543da",
      "Page": 1
    },
    {
      "BlockType": "WORD",
      "Confidence": 19.336915969848633,
      "Text": "(IND",
      "TextType": "PRINTED",
      "Geometry": {
        "BoundingBox": {
          "Width": 0.014851856045424938,
          "Height": 0.014329169876873493,
          "Left": 0.4126532971858978,
          "Top": 0.42640286684036255
        },
        "Polygon": [
          {
            "X": 0.4126532971858978,
            "Y": 0.42731502652168274
          },
          {
            "X": 0.42717066407203674,
            "Y": 0.42640286684036255
          },
          {
            "X": 0.42750516533851624,
            "Y": 0.439842164516449
          },
          {
            "X": 0.41296902298927307,
            "Y": 0.44073206186294556
          }
        ]
      },
      "Id": "bcda7c48-a2e4-412d-9835-9cadce9089f2",
      "Page": 1
    },
    {
      "BlockType": "WORD",
      "Confidence": 98.23575592041016,
      "Text": "av",
      "TextType": "PRINTED",
      "Geometry": {
        "BoundingBox": {
          "Width": 0.09813450276851654,
          "Height": 0.05444485321640968,
          "Left": 0.9018654823303223,
          "Top": 0.37780100107192993
        },
        "Polygon": [
          {
            "X": 0.9018654823303223,
            "Y": 0.3840214014053345
          },
          {
            "X": 0.9986744523048401,
            "Y": 0.37780100107192993
          },
          {
            "X": 1,
            "Y": 0.4265286326408386
          },
          {
            "X": 0.9052174091339111,
            "Y": 0.4322458505630493
          }
        ]
      },
      "Id": "cc9a34e8-2b88-4d0a-8e03-27bc8895bc6d",
      "Page": 1
    },
    {
      "BlockType": "WORD",
      "Confidence": 99.68994903564453,
      "Text": "Streaming",
      "TextType": "PRINTED",
      "Geometry": {
        "BoundingBox": {
          "Width": 0.0475894957780838,
          "Height": 0.011072262190282345,
          "Left": 0.1733914017677307,
          "Top": 0.4879536032676697
        },
        "Polygon": [
          {
            "X": 0.1733914017677307,
            "Y": 0.4906569719314575
          },
          {
            "X": 0.22093382477760315,
            "Y": 0.4879536032676697
          },
          {
            "X": 0.22098089754581451,
            "Y": 0.4963695704936981
          },
          {
            "X": 0.17340125143527985,
            "Y": 0.4990258514881134
          }
        ]
      },
      "Id": "3864bcf4-bfe2-4472-9fcf-383f2622436b",
      "Page": 1
    },
    {
      "BlockType": "WORD",
      "Confidence": 99.90147399902344,
      "Text": "data",
      "TextType": "PRINTED",
      "Geometry": {
        "BoundingBox": {
          "Width": 0.020600834861397743,
          "Height": 0.008266798220574856,
          "Left": 0.22338037192821503,
          "Top": 0.4863422214984894
        },
        "Polygon": [
          {
            "X": 0.22338037192821503,
            "Y": 0.4875112771987915
          },
          {
            "X": 0.24392622709274292,
            "Y": 0.4863422214984894
          },
          {
            "X": 0.24398121237754822,
            "Y": 0.4934571087360382
          },
          {
            "X": 0.22342169284820557,
            "Y": 0.4946090281009674
          }
        ]
      },
      "Id": "22bd3cb0-13f4-4b4c-986d-c98dda02604a",
      "Page": 1
    },
    {
      "BlockType": "WORD",
      "Confidence": 19.321863174438477,
      "Text": "gip",
      "TextType": "PRINTED",
      "Geometry": {
        "BoundingBox": {
          "Width": 0.014429183676838875,
          "Height": 0.010115106590092182,
          "Left": 0.2679373621940613,
          "Top": 0.48331329226493835
        },
        "Polygon": [
          {
            "X": 0.2679373621940613,
            "Y": 0.48412981629371643
          },
          {
            "X": 0.28226137161254883,
            "Y": 0.48331329226493835
          },
          {
            "X": 0.2823665738105774,
            "Y": 0.49262747168540955
          },
          {
            "X": 0.2680300176143646,
            "Y": 0.49342840909957886
          }
        ]
      },
      "Id": "68f35d1a-83a7-4ece-89e0-f21ab0a096b4",
      "Page": 1
    },
    {
      "BlockType": "WORD",
      "Confidence": 99.91082763671875,
      "Text": "Data",
      "TextType": "PRINTED",
      "Geometry": {
        "BoundingBox": {
          "Width": 0.0444469228386879,
          "Height": 0.014697473496198654,
          "Left": 0.33628782629966736,
          "Top": 0.4747008681297302
        },
        "Polygon": [
          {
            "X": 0.33628782629966736,
            "Y": 0.477236270904541
          },
          {
            "X": 0.380484938621521,
            "Y": 0.4747008681297302
          },
          {
            "X": 0.38073474168777466,
            "Y": 0.4869252145290375
          },
          {
            "X": 0.3364863395690918,
            "Y": 0.489398330450058
          }
        ]
      },
      "Id": "e1eae7d1-5518-4ebd-bd62-94e8f4da6f63",
      "Page": 1
    },
    {
      "BlockType": "WORD",
      "Confidence": 99.88162994384766,
      "Text": "Generative",
      "TextType": "PRINTED",
      "Geometry": {
        "BoundingBox": {
          "Width": 0.058806080371141434,
          "Height": 0.010557747446000576,
          "Left": 0.5449815392494202,
          "Top": 0.46218258142471313
        },
        "Polygon": [
          {
            "X": 0.5449815392494202,
            "Y": 0.46553701162338257
          },
          {
            "X": 0.6034887433052063,
            "Y": 0.46218258142471313
          },
          {
            "X": 0.6037876009941101,
            "Y": 0.469433456659317
          },
          {
            "X": 0.5452391505241394,
            "Y": 0.4727403521537781
          }
        ]
      },
      "Id": "1c348d21-b07d-44f6-ad2a-c649e39201c7",
      "Page": 1
    },
    {
      "BlockType": "WORD",
      "Confidence": 60.675994873046875,
      "Text": "Al",
      "TextType": "PRINTED",
      "Geometry": {
        "BoundingBox": {
          "Width": 0.01159434299916029,
          "Height": 0.007919070310890675,
          "Left": 0.6066364645957947,
          "Top": 0.461249440908432
        },
        "Polygon": [
          {
            "X": 0.6066364645957947,
            "Y": 0.46189653873443604
          },
          {
            "X": 0.6179208755493164,
            "Y": 0.461249440908432
          },
          {
            "X": 0.6182308197021484,
            "Y": 0.4685305655002594
          },
          {
            "X": 0.606938362121582,
            "Y": 0.4691685140132904
          }
        ]
      },
      "Id": "e43801c0-4a04-4901-84b8-ae619a055f5b",
      "Page": 1
    },
    {
      "BlockType": "WORD",
      "Confidence": 99.88134765625,
      "Text": "applications",
      "TextType": "PRINTED",
      "Geometry": {
        "BoundingBox": {
          "Width": 0.06883291900157928,
          "Height": 0.013031125999987125,
          "Left": 0.6213913559913635,
          "Top": 0.4565712809562683
        },
        "Polygon": [
          {
            "X": 0.6213913559913635,
            "Y": 0.46049708127975464
          },
          {
            "X": 0.6897721290588379,
            "Y": 0.4565712809562683
          },
          {
            "X": 0.6902242302894592,
            "Y": 0.4657461941242218
          },
          {
            "X": 0.6217818856239319,
            "Y": 0.46960240602493286
          }
        ]
      },
      "Id": "b8ffcacc-1241-4449-b354-5d835d562cb5",
      "Page": 1
    },
    {
      "BlockType": "WORD",
      "Confidence": 99.7186279296875,
      "Text": "Fontes",
      "TextType": "PRINTED",
      "Geometry": {
        "BoundingBox": {
          "Width": 0.029734540730714798,
          "Height": 0.008137485943734646,
          "Left": 0.1340612769126892,
          "Top": 0.531126081943512
        },
        "Polygon": [
          {
            "X": 0.1340775340795517,
            "Y": 0.5326690673828125
          },
          {
            "X": 0.16379393637180328,
            "Y": 0.531126081943512
          },
          {
            "X": 0.1637958288192749,
            "Y": 0.5377439260482788
          },
          {
            "X": 0.1340612769126892,
            "Y": 0.5392635464668274
          }
        ]
      },
      "Id": "9163f03c-b4c8-44be-93a6-27f71d520cec",
      "Page": 1
    },
    {
      "BlockType": "WORD",
      "Confidence": 99.909912109375,
      "Text": "de",
      "TextType": "PRINTED",
      "Geometry": {
        "BoundingBox": {
          "Width": 0.011286004446446896,
          "Height": 0.007255682721734047,
          "Left": 0.166442409157753,
          "Top": 0.5302702784538269
        },
        "Polygon": [
          {
            "X": 0.166442409157753,
            "Y": 0.5308559536933899
          },
          {
            "X": 0.1777179092168808,
            "Y": 0.5302702784538269
          },
          {
            "X": 0.17772841453552246,
            "Y": 0.5369492769241333
          },
          {
            "X": 0.16644594073295593,
            "Y": 0.5375259518623352
          }
        ]
      },
      "Id": "aef77a6f-9ed0-4eeb-a1a1-b0c6a77a881a",
      "Page": 1
    },
    {
      "BlockType": "WORD",
      "Confidence": 99.77162170410156,
      "Text": "dados",
      "TextType": "PRINTED",
      "Geometry": {
        "BoundingBox": {
          "Width": 0.0278230682015419,
          "Height": 0.00841190479695797,
          "Left": 0.1802210658788681,
          "Top": 0.5283519625663757
        },
        "Polygon": [
          {
            "X": 0.1802210658788681,
            "Y": 0.5297967195510864
          },
          {
            "X": 0.20801354944705963,
            "Y": 0.5283519625663757
          },
          {
            "X": 0.2080441266298294,
            "Y": 0.5353421568870544
          },
          {
            "X": 0.18023362755775452,
            "Y": 0.5367638468742371
          }
        ]
      },
      "Id": "e8bbfb02-e1e4-4b79-928f-6dcf5aa6a463",
      "Page": 1
    },
    {
      "BlockType": "WORD",
      "Confidence": 85.4876937866211,
      "Text": "hibridas",
      "TextType": "PRINTED",
      "Geometry": {
        "BoundingBox": {
          "Width": 0.038356151431798935,
          "Height": 0.008816518820822239,
          "Left": 0.2103748917579651,
          "Top": 0.5262452960014343
        },
        "Polygon": [
          {
            "X": 0.2103748917579651,
            "Y": 0.5282362103462219
          },
          {
            "X": 0.24867522716522217,
            "Y": 0.5262452960014343
          },
          {
            "X": 0.24873104691505432,
            "Y": 0.5331017971038818
          },
          {
            "X": 0.21040625870227814,
            "Y": 0.535061776638031
          }
        ]
      },
      "Id": "69d7d291-6e0a-4351-ad47-bec7ffada3fe",
      "Page": 1
    },
    {
      "BlockType": "WORD",
      "Confidence": 96.82901763916016,
      "Text": "ou",
      "TextType": "PRINTED",
      "Geometry": {
        "BoundingBox": {
          "Width": 0.012312468141317368,
          "Height": 0.006385886110365391,
          "Left": 0.25089070200920105,
          "Top": 0.5267804861068726
        },
        "Polygon": [
          {
            "X": 0.25089070200920105,
            "Y": 0.5274156928062439
          },
          {
            "X": 0.26314857602119446,
            "Y": 0.5267804861068726
          },
          {
            "X": 0.2632031738758087,
            "Y": 0.5325393676757812
          },
          {
            "X": 0.25093868374824524,
            "Y": 0.5331663489341736
          }
        ]
      },
      "Id": "d2cb5edf-6431-4ab0-8205-05376e94befa",
      "Page": 1
    },
    {
      "BlockType": "WORD",
      "Confidence": 97.33512878417969,
      "Text": "Visualização",
      "TextType": "PRINTED",
      "Geometry": {
        "BoundingBox": {
          "Width": 0.0638822466135025,
          "Height": 0.012417057529091835,
          "Left": 0.4496043920516968,
          "Top": 0.511435866355896
        },
        "Polygon": [
          {
            "X": 0.4496043920516968,
            "Y": 0.5147490501403809
          },
          {
            "X": 0.5131871104240417,
            "Y": 0.511435866355896
          },
          {
            "X": 0.5134866237640381,
            "Y": 0.5206062197685242
          },
          {
            "X": 0.4498480558395386,
            "Y": 0.5238529443740845
          }
        ]
      },
      "Id": "41adf9d3-75ea-4629-a683-eb74cf21bc69",
      "Page": 1
    },
    {
      "BlockType": "WORD",
      "Confidence": 99.86603546142578,
      "Text": "de",
      "TextType": "PRINTED",
      "Geometry": {
        "BoundingBox": {
          "Width": 0.013856776989996433,
          "Height": 0.008652993477880955,
          "Left": 0.5163227319717407,
          "Top": 0.5102663040161133
        },
        "Polygon": [
          {
            "X": 0.5163227319717407,
            "Y": 0.510974645614624
          },
          {
            "X": 0.5299072265625,
            "Y": 0.5102663040161133
          },
          {
            "X": 0.530179500579834,
            "Y": 0.518223226070404
          },
          {
            "X": 0.516584575176239,
            "Y": 0.5189192891120911
          }
        ]
      },
      "Id": "e2523a11-2fe8-4993-9022-315b8e837db1",
      "Page": 1
    },
    {
      "BlockType": "WORD",
      "Confidence": 33.55101013183594,
      "Text": "in",
      "TextType": "PRINTED",
      "Geometry": {
        "BoundingBox": {
          "Width": 0.014387856237590313,
          "Height": 0.008261905051767826,
          "Left": 0.2872173488140106,
          "Top": 0.5281301140785217
        },
        "Polygon": [
          {
            "X": 0.2872173488140106,
            "Y": 0.528864860534668
          },
          {
            "X": 0.30150699615478516,
            "Y": 0.5281301140785217
          },
          {
            "X": 0.301605224609375,
            "Y": 0.5356698632240295
          },
          {
            "X": 0.28730547428131104,
            "Y": 0.5363920331001282
          }
        ]
      },
      "Id": "0de347bd-0eed-4809-845b-34b4087fb171",
      "Page": 1
    },
    {
      "BlockType": "WORD",
      "Confidence": 24.55221939086914,
      "Text": "I'm",
      "TextType": "PRINTED",
      "Geometry": {
        "BoundingBox": {
          "Width": 0.01537249144166708,
          "Height": 0.008224636316299438,
          "Left": 0.40784990787506104,
          "Top": 0.522100567817688
        },
        "Polygon": [
          {
            "X": 0.40784990787506104,
            "Y": 0.522881269454956
          },
          {
            "X": 0.42304131388664246,
            "Y": 0.522100567817688
          },
          {
            "X": 0.4232224225997925,
            "Y": 0.5295575261116028
          },
          {
            "X": 0.4080202281475067,
            "Y": 0.530325174331665
          }
        ]
      },
      "Id": "92b7e7b0-c9d1-4de4-b597-579aba4d5aad",
      "Page": 1
    },
    {
      "BlockType": "WORD",
      "Confidence": 99.7728500366211,
      "Text": "externas",
      "TextType": "PRINTED",
      "Geometry": {
        "BoundingBox": {
          "Width": 0.04103541746735573,
          "Height": 0.008550993166863918,
          "Left": 0.2215193808078766,
          "Top": 0.5358695983886719
        },
        "Polygon": [
          {
            "X": 0.2215193808078766,
            "Y": 0.5379477143287659
          },
          {
            "X": 0.2624936103820801,
            "Y": 0.5358695983886719
          },
          {
            "X": 0.262554794549942,
            "Y": 0.5423738360404968
          },
          {
            "X": 0.22155576944351196,
            "Y": 0.544420599937439
          }
        ]
      },
      "Id": "c08eea1d-088a-49e1-a3e6-432e40951eab",
      "Page": 1
    },
    {
      "BlockType": "WORD",
      "Confidence": 99.77881622314453,
      "Text": "dados",
      "TextType": "PRINTED",
      "Geometry": {
        "BoundingBox": {
          "Width": 0.03177360072731972,
          "Height": 0.009148447774350643,
          "Left": 0.4495721757411957,
          "Top": 0.5234304666519165
        },
        "Polygon": [
          {
            "X": 0.4495721757411957,
            "Y": 0.5250356793403625
          },
          {
            "X": 0.4811212420463562,
            "Y": 0.5234304666519165
          },
          {
            "X": 0.4813457727432251,
            "Y": 0.531001091003418
          },
          {
            "X": 0.4497738480567932,
            "Y": 0.5325789451599121
          }
        ]
      },
      "Id": "4b7d7105-c23e-4a16-bcae-a6d97f23fddb",
      "Page": 1
    },
    {
      "BlockType": "WORD",
      "Confidence": 69.73226928710938,
      "Text": "O",
      "TextType": "PRINTED",
      "Geometry": {
        "BoundingBox": {
          "Width": 0.013386499136686325,
          "Height": 0.011698450893163681,
          "Left": 0.3468603193759918,
          "Top": 0.5427225828170776
        },
        "Polygon": [
          {
            "X": 0.3468603193759918,
            "Y": 0.543372392654419
          },
          {
            "X": 0.3600430190563202,
            "Y": 0.5427225828170776
          },
          {
            "X": 0.36024683713912964,
            "Y": 0.5537881851196289
          },
          {
            "X": 0.34705036878585815,
            "Y": 0.5544210076332092
          }
        ]
      },
      "Id": "9af78c56-02c3-4152-a941-4f59844339df",
      "Page": 1
    },
    {
      "BlockType": "WORD",
      "Confidence": 98.00111389160156,
      "Text": "Governança",
      "TextType": "PRINTED",
      "Geometry": {
        "BoundingBox": {
          "Width": 0.059148166328668594,
          "Height": 0.011568272486329079,
          "Left": 0.3150138556957245,
          "Top": 0.5661188960075378
        },
        "Polygon": [
          {
            "X": 0.3150138556957245,
            "Y": 0.5688546299934387
          },
          {
            "X": 0.3739871382713318,
            "Y": 0.5661188960075378
          },
          {
            "X": 0.3741620182991028,
            "Y": 0.5750125050544739
          },
          {
            "X": 0.3151394724845886,
            "Y": 0.57768714427948
          }
        ]
      },
      "Id": "3b8b0350-fa12-410f-9b3d-fdf04b94eb1c",
      "Page": 1
    },
    {
      "BlockType": "WORD",
      "Confidence": 99.87884521484375,
      "Text": "de",
      "TextType": "PRINTED",
      "Geometry": {
        "BoundingBox": {
          "Width": 0.012712855823338032,
          "Height": 0.007805586326867342,
          "Left": 0.3774857223033905,
          "Top": 0.5651900172233582
        },
        "Polygon": [
          {
            "X": 0.3774857223033905,
            "Y": 0.5657729506492615
          },
          {
            "X": 0.3900456130504608,
            "Y": 0.5651900172233582
          },
          {
            "X": 0.39019858837127686,
            "Y": 0.5724232196807861
          },
          {
            "X": 0.3776301145553589,
            "Y": 0.5729956030845642
          }
        ]
      },
      "Id": "296c2564-84d8-4fe9-aae5-92586eb7ed35",
      "Page": 1
    },
    {
      "BlockType": "WORD",
      "Confidence": 98.62863159179688,
      "Text": "aws",
      "TextType": "PRINTED",
      "Geometry": {
        "BoundingBox": {
          "Width": 0.017332090064883232,
          "Height": 0.005783718079328537,
          "Left": 0.09320136904716492,
          "Top": 0.588097333908081
        },
        "Polygon": [
          {
            "X": 0.09323243051767349,
            "Y": 0.588878870010376
          },
          {
            "X": 0.1105334609746933,
            "Y": 0.588097333908081
          },
          {
            "X": 0.11051031202077866,
            "Y": 0.5931099057197571
          },
          {
            "X": 0.09320136904716492,
            "Y": 0.5938810110092163
          }
        ]
      },
      "Id": "4ebe77ce-1631-43cb-afb1-6820f220c7d7",
      "Page": 1
    },
    {
      "BlockType": "WORD",
      "Confidence": 99.75677490234375,
      "Text": "dados",
      "TextType": "PRINTED",
      "Geometry": {
        "BoundingBox": {
          "Width": 0.030228039249777794,
          "Height": 0.008700025267899036,
          "Left": 0.3363155424594879,
          "Top": 0.5766885280609131
        },
        "Polygon": [
          {
            "X": 0.3363155424594879,
            "Y": 0.5780472159385681
          },
          {
            "X": 0.3664039969444275,
            "Y": 0.5766885280609131
          },
          {
            "X": 0.36654359102249146,
            "Y": 0.5840557217597961
          },
          {
            "X": 0.3364342749118805,
            "Y": 0.5853886008262634
          }
        ]
      },
      "Id": "de3bd089-73fe-4838-9ca8-2f9c5d91c764",
      "Page": 1
    }
  ],
  "DetectDocumentTextModelVersion": "1.0"
}