{
  "DocumentMetadata": {
    "Pages": 1
  },
  "JobStatus": "SUCCEEDED",
  "Blocks": [
    {
      "BlockType": "PAGE",
      "Geometry": {
        "BoundingBox": {
          "Width": 1,
          "Height": 1,
          "Left": 0,
          "Top": 0
        },
        "Polygon": [
          {
            "X": 0.0009244706598110497,
            "Y": 0
          },
          {
            "X": 1,
            "Y": 0.0017275548307225108
          },
          {
            "X": 1,
            "Y": 1
          },
          {
            "X": 0,
            "Y": 1
          }
        ]
      },
      "Id": "8044d1a9-15dd-4284-9d3e-d2101a9b1467",
      "Relationships": [
        {
          "Type": "CHILD",
          "Ids": [
            "ef84b1fb-4c44-4703-b1c1-b30a86d7c2d0",
            "50784c4e-182c-4f5f-87ff-c3005e480889",
            "3117d347-feec-42db-b035-ef5d1e8a91e7",
            "c39ff417-c136-474d-8a3a-8a3d3fe9c1e3",
            "005b0a44-4f6e-47b2-9c0a-dd495c7c96b8",
            "12b7a011-34af-4a46-822a-60da7cc1133d",
            "3eb331a4-dafa-4756-ad56-8586743eba9f",
            "005b6405-36af-431f-900a-e3147b54852f",
            "389bb766-0d90-4a68-9702-12fa39101e07",
            "3fc99189-b1b6-4ff4-b913-ceb988a50e61",
            "124e212c-2658-4590-bb34-1fe09c2e90a9",
            "0f04ac55-fd0a-4beb-9b17-b062a1ab6035",
            "dd5e9f17-39e0-49ec-a908-1083853a4b1e",
            "b81a1b22-a0a1-4205-bfee-958ad5d3069f",
            "fb8d54f2-b4d3-4366-991c-f4355c905e3d",
            "8d2d7dd6-c08e-4cf3-b80d-e7ef394eddb3",
            "d5484c93-54fc-4566-b1a1-dbdbf8d82d32",
            "c6b21cd3-f5c2-43bd-894f-5d81d98cb8b9"
          ]
        }
      ],
      "Page": 1
    },
    {
      "BlockType": "LINE",
      "Confidence": 98.76949310302734,
      "Text": "Solução de problemas",
      "Geometry": {
        "BoundingBox": {
          "Width": 0.21147571504116058,
          "Height": 0.024367516860365868,
          "Left": 0.3155360221862793,
          "Top": 0.27584660053253174
        },
        "Polygon": [
          {
            "X": 0.31583458185195923,
            "Y": 0.27584660053253174
          },
          {
            "X": 0.5270116925239563,
            "Y": 0.2843249440193176
          },
          {
            "X": 0.5266781449317932,
            "Y": 0.30021411180496216
          },
          {
            "X": 0.3155360221862793,
            "Y": 0.2919791042804718
          }
        ]
      },
      "Id": "ef84b1fb-4c44-4703-b1c1-b30a86d7c2d0",
      "Relationships": [
        {
          "Type": "CHILD",
          "Ids": [
            "71ffae1e-2858-48af-80ac-92ae1e6bb34a",
            "c76f6b36-0946-4a6e-8c5b-d69c285b3c58",
            "ef939c99-c4f4-4753-b643-7c7cfa4fad0b"
          ]
        }
      ],
      "Page": 1
    },
    {
      "BlockType": "LINE",
      "Confidence": 98.97014617919922,
      "Text": "Visualize todas as etapas das cadeias de aplicativos e chamadas do LLM para identificar solicitações",
      "Geometry": {
        "BoundingBox": {
          "Width": 0.47077909111976624,
          "Height": 0.029513677582144737,
          "Left": 0.3227887749671936,
          "Top": 0.2978462278842926
        },
        "Polygon": [
          {
            "X": 0.32300713658332825,
            "Y": 0.2978462278842926
          },
          {
            "X": 0.7935678958892822,
            "Y": 0.31601276993751526
          },
          {
            "X": 0.7932938933372498,
            "Y": 0.3273599147796631
          },
          {
            "X": 0.3227887749671936,
            "Y": 0.30958816409111023
          }
        ]
      },
      "Id": "50784c4e-182c-4f5f-87ff-c3005e480889",
      "Relationships": [
        {
          "Type": "CHILD",
          "Ids": [
            "7850f9b5-a924-47f4-814b-ba18be6692ec",
            "aaf83049-578a-43d8-b153-776b3771b75c",
            "7f61dbfd-2bea-476d-b1a3-2aa1319ceeb7",
            "6f2cc5f6-b826-42cc-8bb7-9b1be9e16d57",
            "ae1ab82e-4930-409f-b507-ac3772ff69e3",
            "4e8754a8-7acd-48f9-b6ab-df4ab05e1a2e",
            "9d077027-12c2-4829-88f3-315adc199dbf",
            "8f56b0a2-5d68-4d21-a18a-a141599109f8",
            "d85ea419-c43c-4200-8e47-4cff48b52360",
            "a34ab596-a2e9-448d-bc19-ef2adae96df1",
            "c5fcfe53-060c-44e4-832f-9170114a0ba0",
            "96941c93-8ac5-4088-8f18-b5d1aa8b3237",
            "f1c4eb71-a6fa-40fb-ad47-784778f150e9",
            "a3a765c6-f145-4736-8097-6d2fc367f913",
            "8ee9eb27-98c1-4503-bab1-30f4addad162"
          ]
        }
      ],
      "Page": 1
    },
    {
      "BlockType": "LINE",
      "Confidence": 96.59745788574219,
      "Text": "problemáticas e identificar a causa raiz dos erros",
      "Geometry": {
        "BoundingBox": {
          "Width": 0.24183939397335052,
          "Height": 0.017745722085237503,
          "Left": 0.32276129722595215,
          "Top": 0.30750158429145813
        },
        "Polygon": [
          {
            "X": 0.3229236900806427,
            "Y": 0.30750158429145813
          },
          {
            "X": 0.5646007061004639,
            "Y": 0.31666600704193115
          },
          {
            "X": 0.5644166469573975,
            "Y": 0.32524728775024414
          },
          {
            "X": 0.32276129722595215,
            "Y": 0.31623363494873047
          }
        ]
      },
      "Id": "3117d347-feec-42db-b035-ef5d1e8a91e7",
      "Relationships": [
        {
          "Type": "CHILD",
          "Ids": [
            "a4359af2-511c-4046-8b9b-c2cf7f228d7b",
            "30d776a1-7325-4cee-937c-2887da771193",
            "b76f2c97-799a-4aa3-ac7d-4036f44b7179",
            "be186970-4da8-409e-811e-30d12c16c3c4",
            "2f7ed77d-0e5a-49c4-a038-863e459ab606",
            "00b49f36-feb7-4486-8b6d-9c4192e59688",
            "b10ede71-d309-435a-8ac3-2d1c20198426",
            "d3c0c3ac-6cb9-4e6b-b18c-5fd2f1997e17"
          ]
        }
      ],
      "Page": 1
    },
    {
      "BlockType": "LINE",
      "Confidence": 99.75192260742188,
      "Text": "LLM Observability",
      "Geometry": {
        "BoundingBox": {
          "Width": 0.07249180972576141,
          "Height": 0.009789269417524338,
          "Left": 0.3295765221118927,
          "Top": 0.32822826504707336
        },
        "Polygon": [
          {
            "X": 0.32971081137657166,
            "Y": 0.32822826504707336
          },
          {
            "X": 0.4020683467388153,
            "Y": 0.33086684346199036
          },
          {
            "X": 0.4019286632537842,
            "Y": 0.3380175232887268
          },
          {
            "X": 0.3295765221118927,
            "Y": 0.33541610836982727
          }
        ]
      },
      "Id": "c39ff417-c136-474d-8a3a-8a3d3fe9c1e3",
      "Relationships": [
        {
          "Type": "CHILD",
          "Ids": [
            "69fbaa8c-8d36-478c-b174-a65b1e67df41",
            "7eab7869-24f2-4421-a3ce-79d70432687f"
          ]
        }
      ],
      "Page": 1
    },
    {
      "BlockType": "LINE",
      "Confidence": 89.89166259765625,
      "Text": "Traces",
      "Geometry": {
        "BoundingBox": {
          "Width": 0.015061193145811558,
          "Height": 0.004316296428442001,
          "Left": 0.4141472578048706,
          "Top": 0.3331020176410675
        },
        "Polygon": [
          {
            "X": 0.41422155499458313,
            "Y": 0.3331020176410675
          },
          {
            "X": 0.4292084276676178,
            "Y": 0.33364659547805786
          },
          {
            "X": 0.4291335344314575,
            "Y": 0.3374183177947998
          },
          {
            "X": 0.4141472578048706,
            "Y": 0.3368777930736542
          }
        ]
      },
      "Id": "005b0a44-4f6e-47b2-9c0a-dd495c7c96b8",
      "Relationships": [
        {
          "Type": "CHILD",
          "Ids": [
            "51e90a13-457a-4795-95a1-7708bba428b4"
          ]
        }
      ],
      "Page": 1
    },
    {
      "BlockType": "LINE",
      "Confidence": 38.24446487426758,
      "Text": "Clasters",
      "Geometry": {
        "BoundingBox": {
          "Width": 0.019885199144482613,
          "Height": 0.004620235413312912,
          "Left": 0.4483973979949951,
          "Top": 0.334370493888855
        },
        "Polygon": [
          {
            "X": 0.44847583770751953,
            "Y": 0.334370493888855
          },
          {
            "X": 0.4682825803756714,
            "Y": 0.33509019017219543
          },
          {
            "X": 0.4682033360004425,
            "Y": 0.3389907479286194
          },
          {
            "X": 0.4483973979949951,
            "Y": 0.33827662467956543
          }
        ]
      },
      "Id": "12b7a011-34af-4a46-822a-60da7cc1133d",
      "Relationships": [
        {
          "Type": "CHILD",
          "Ids": [
            "2a48b064-f9e2-4c4f-9eb8-e5b9bdf565fb"
          ]
        }
      ],
      "Page": 1
    },
    {
      "BlockType": "LINE",
      "Confidence": 46.44642639160156,
      "Text": "LLM Calls",
      "Geometry": {
        "BoundingBox": {
          "Width": 0.021798722445964813,
          "Height": 0.005168477538973093,
          "Left": 0.589164674282074,
          "Top": 0.35682326555252075
        },
        "Polygon": [
          {
            "X": 0.5892606377601624,
            "Y": 0.35682326555252075
          },
          {
            "X": 0.6109634041786194,
            "Y": 0.3575845956802368
          },
          {
            "X": 0.6108664274215698,
            "Y": 0.3619917333126068
          },
          {
            "X": 0.589164674282074,
            "Y": 0.3612373471260071
          }
        ]
      },
      "Id": "3eb331a4-dafa-4756-ad56-8586743eba9f",
      "Relationships": [
        {
          "Type": "CHILD",
          "Ids": [
            "739b43e1-4b36-4f60-a938-709a6edf5cbd"
          ]
        }
      ],
      "Page": 1
    },
    {
      "BlockType": "LINE",
      "Confidence": 81.09957885742188,
      "Text": "2",
      "Geometry": {
        "BoundingBox": {
          "Width": 0.003903866745531559,
          "Height": 0.004344509914517403,
          "Left": 0.6125106811523438,
          "Top": 0.3582732081413269
        },
        "Polygon": [
          {
            "X": 0.6126034259796143,
            "Y": 0.3582732081413269
          },
          {
            "X": 0.6164145469665527,
            "Y": 0.3584067225456238
          },
          {
            "X": 0.6163216233253479,
            "Y": 0.36261770129203796
          },
          {
            "X": 0.6125106811523438,
            "Y": 0.3624853491783142
          }
        ]
      },
      "Id": "005b6405-36af-431f-900a-e3147b54852f",
      "Relationships": [
        {
          "Type": "CHILD",
          "Ids": [
            "9006f641-6dff-4aac-9eee-b19df79017ab"
          ]
        }
      ],
      "Page": 1
    },
    {
      "BlockType": "LINE",
      "Confidence": 85.9632339477539,
      "Text": "Models",
      "Geometry": {
        "BoundingBox": {
          "Width": 0.0161207914352417,
          "Height": 0.004182010889053345,
          "Left": 0.6228697299957275,
          "Top": 0.35850927233695984
        },
        "Polygon": [
          {
            "X": 0.62295001745224,
            "Y": 0.35850927233695984
          },
          {
            "X": 0.6389905214309692,
            "Y": 0.35907140374183655
          },
          {
            "X": 0.6389096975326538,
            "Y": 0.3626912832260132
          },
          {
            "X": 0.6228697299957275,
            "Y": 0.3621333837509155
          }
        ]
      },
      "Id": "389bb766-0d90-4a68-9702-12fa39101e07",
      "Relationships": [
        {
          "Type": "CHILD",
          "Ids": [
            "23fd8a2d-09de-4c38-bde0-2548fa942e52"
          ]
        }
      ],
      "Page": 1
    },
    {
      "BlockType": "LINE",
      "Confidence": 99.41786193847656,
      "Text": "aws",
      "Geometry": {
        "BoundingBox": {
          "Width": 0.0875554159283638,
          "Height": 0.027321793138980865,
          "Left": 0.8791089653968811,
          "Top": 0.3537485897541046
        },
        "Polygon": [
          {
            "X": 0.8797217011451721,
            "Y": 0.3537485897541046
          },
          {
            "X": 0.9666644334793091,
            "Y": 0.3568839132785797
          },
          {
            "X": 0.9660308361053467,
            "Y": 0.3810703754425049
          },
          {
            "X": 0.8791089653968811,
            "Y": 0.3780924081802368
          }
        ]
      },
      "Id": "3fc99189-b1b6-4ff4-b913-ceb988a50e61",
      "Relationships": [
        {
          "Type": "CHILD",
          "Ids": [
            "ee9e75ba-efc5-499d-81e3-72d058012f96"
          ]
        }
      ],
      "Page": 1
    },
    {
      "BlockType": "LINE",
      "Confidence": 97.90363311767578,
      "Text": "aws",
      "Geometry": {
        "BoundingBox": {
          "Width": 0.16601334512233734,
          "Height": 0.04764685407280922,
          "Left": 0.0018561334582045674,
          "Top": 0.3450849950313568
        },
        "Polygon": [
          {
            "X": 0.0024854326620697975,
            "Y": 0.3450849950313568
          },
          {
            "X": 0.1678694784641266,
            "Y": 0.3507852554321289
          },
          {
            "X": 0.1671656370162964,
            "Y": 0.39273184537887573
          },
          {
            "X": 0.0018561334582045674,
            "Y": 0.38752150535583496
          }
        ]
      },
      "Id": "124e212c-2658-4590-bb34-1fe09c2e90a9",
      "Relationships": [
        {
          "Type": "CHILD",
          "Ids": [
            "829d4275-5ac3-4788-ac00-bfb29afec604"
          ]
        }
      ],
      "Page": 1
    },
    {
      "BlockType": "LINE",
      "Confidence": 49.0833854675293,
      "Text": "Quality Metrics",
      "Geometry": {
        "BoundingBox": {
          "Width": 0.033676568418741226,
          "Height": 0.005371907260268927,
          "Left": 0.4335602819919586,
          "Top": 0.3662246763706207
        },
        "Polygon": [
          {
            "X": 0.43364471197128296,
            "Y": 0.3662246763706207
          },
          {
            "X": 0.46723684668540955,
            "Y": 0.3673674166202545
          },
          {
            "X": 0.4671509563922882,
            "Y": 0.3715966045856476
          },
          {
            "X": 0.4335602819919586,
            "Y": 0.37046411633491516
          }
        ]
      },
      "Id": "0f04ac55-fd0a-4beb-9b17-b062a1ab6035",
      "Relationships": [
        {
          "Type": "CHILD",
          "Ids": [
            "1bb93a76-65fa-4db9-ab2d-3fb79fbd5723"
          ]
        }
      ],
      "Page": 1
    },
    {
      "BlockType": "LINE",
      "Confidence": 97.90767669677734,
      "Text": "INPUT",
      "Geometry": {
        "BoundingBox": {
          "Width": 0.01636676862835884,
          "Height": 0.004099925979971886,
          "Left": 0.4810848534107208,
          "Top": 0.3801219165325165
        },
        "Polygon": [
          {
            "X": 0.4811578691005707,
            "Y": 0.3801219165325165
          },
          {
            "X": 0.49745163321495056,
            "Y": 0.38066181540489197
          },
          {
            "X": 0.49737805128097534,
            "Y": 0.3842218518257141
          },
          {
            "X": 0.4810848534107208,
            "Y": 0.3836861252784729
          }
        ]
      },
      "Id": "dd5e9f17-39e0-49ec-a908-1083853a4b1e",
      "Relationships": [
        {
          "Type": "CHILD",
          "Ids": [
            "ca175743-ada1-4ce2-b53e-eec44dd2e0b7"
          ]
        }
      ],
      "Page": 1
    },
    {
      "BlockType": "LINE",
      "Confidence": 95.82549285888672,
      "Text": "OUTPUT",
      "Geometry": {
        "BoundingBox": {
          "Width": 0.020517826080322266,
          "Height": 0.004421568010002375,
          "Left": 0.6446863412857056,
          "Top": 0.3850925862789154
        },
        "Polygon": [
          {
            "X": 0.6447703838348389,
            "Y": 0.3850925862789154
          },
          {
            "X": 0.6652041673660278,
            "Y": 0.38577035069465637
          },
          {
            "X": 0.6651194095611572,
            "Y": 0.38951417803764343
          },
          {
            "X": 0.6446863412857056,
            "Y": 0.38884201645851135
          }
        ]
      },
      "Id": "b81a1b22-a0a1-4205-bfee-958ad5d3069f",
      "Relationships": [
        {
          "Type": "CHILD",
          "Ids": [
            "bb0fa6d3-97ad-4472-9062-b02e55c05ec2"
          ]
        }
      ],
      "Page": 1
    },
    {
      "BlockType": "LINE",
      "Confidence": 83.31209564208984,
      "Text": "Status",
      "Geometry": {
        "BoundingBox": {
          "Width": 0.01514621265232563,
          "Height": 0.004436774179339409,
          "Left": 0.33967792987823486,
          "Top": 0.44303393363952637
        },
        "Polygon": [
          {
            "X": 0.33975350856781006,
            "Y": 0.44303393363952637
          },
          {
            "X": 0.35482412576675415,
            "Y": 0.4434608817100525
          },
          {
            "X": 0.3547479510307312,
            "Y": 0.4474707245826721
          },
          {
            "X": 0.33967792987823486,
            "Y": 0.4470480978488922
          }
        ]
      },
      "Id": "fb8d54f2-b4d3-4366-991c-f4355c905e3d",
      "Relationships": [
        {
          "Type": "CHILD",
          "Ids": [
            "57cb4032-88fd-4214-83ce-0951bd7f419d"
          ]
        }
      ],
      "Page": 1
    },
    {
      "BlockType": "LINE",
      "Confidence": 50.64207458496094,
      "Text": "ON",
      "Geometry": {
        "BoundingBox": {
          "Width": 0.008239418268203735,
          "Height": 0.004331327509135008,
          "Left": 0.34185361862182617,
          "Top": 0.451511949300766
        },
        "Polygon": [
          {
            "X": 0.3419310748577118,
            "Y": 0.451511949300766
          },
          {
            "X": 0.3500930368900299,
            "Y": 0.45173826813697815
          },
          {
            "X": 0.350015252828598,
            "Y": 0.4558432698249817
          },
          {
            "X": 0.34185361862182617,
            "Y": 0.45561933517456055
          }
        ]
      },
      "Id": "8d2d7dd6-c08e-4cf3-b80d-e7ef394eddb3",
      "Relationships": [
        {
          "Type": "CHILD",
          "Ids": [
            "7d0caf28-070d-44c1-b71b-42e2dd4568c8"
          ]
        }
      ],
      "Page": 1
    },
    {
      "BlockType": "LINE",
      "Confidence": 81.58831024169922,
      "Text": "Error",
      "Geometry": {
        "BoundingBox": {
          "Width": 0.01358844991773367,
          "Height": 0.004664591513574123,
          "Left": 0.34082868695259094,
          "Top": 0.45920321345329285
        },
        "Polygon": [
          {
            "X": 0.3409097492694855,
            "Y": 0.45920321345329285
          },
          {
            "X": 0.3544171452522278,
            "Y": 0.45957037806510925
          },
          {
            "X": 0.3543354868888855,
            "Y": 0.46386781334877014
          },
          {
            "X": 0.34082868695259094,
            "Y": 0.463504821062088
          }
        ]
      },
      "Id": "d5484c93-54fc-4566-b1a1-dbdbf8d82d32",
      "Relationships": [
        {
          "Type": "CHILD",
          "Ids": [
            "c3920aea-f548-48ac-a736-49f8c7ef884e"
          ]
        }
      ],
      "Page": 1
    },
    {
      "BlockType": "LINE",
      "Confidence": 24.89087677001953,
      "Text": "E",
      "Geometry": {
        "BoundingBox": {
          "Width": 0.005244094878435135,
          "Height": 0.004332706797868013,
          "Left": 0.33159956336021423,
          "Top": 0.48095789551734924
        },
        "Polygon": [
          {
            "X": 0.3316783308982849,
            "Y": 0.48095789551734924
          },
          {
            "X": 0.33684366941452026,
            "Y": 0.4810902178287506
          },
          {
            "X": 0.33676469326019287,
            "Y": 0.48529061675071716
          },
          {
            "X": 0.33159956336021423,
            "Y": 0.48515984416007996
          }
        ]
      },
      "Id": "c6b21cd3-f5c2-43bd-894f-5d81d98cb8b9",
      "Relationships": [
        {
          "Type": "CHILD",
          "Ids": [
            "410f4573-d648-46dd-991f-6ab93ae61dca"
          ]
        }
      ],
      "Page": 1
    },
    {
      "BlockType": "WORD",
      "Confidence": 97.12789916992188,
      "Text": "Solução",
      "TextType": "PRINTED",
      "Geometry": {
        "BoundingBox": {
          "Width": 0.07781632989645004,
          "Height": 0.018762126564979553,
          "Left": 0.3155433237552643,
          "Top": 0.27584660053253174
        },
        "Polygon": [
          {
            "X": 0.31583458185195923,
            "Y": 0.27584660053253174
          },
          {
            "X": 0.3933596611022949,
            "Y": 0.2789590656757355
          },
          {
            "X": 0.3930557370185852,
            "Y": 0.2946087121963501
          },
          {
            "X": 0.3155433237552643,
            "Y": 0.291583389043808
          }
        ]
      },
      "Id": "71ffae1e-2858-48af-80ac-92ae1e6bb34a",
      "Page": 1
    },
    {
      "BlockType": "WORD",
      "Confidence": 99.73394012451172,
      "Text": "de",
      "TextType": "PRINTED",
      "Geometry": {
        "BoundingBox": {
          "Width": 0.02236739918589592,
          "Height": 0.01282555516809225,
          "Left": 0.400318443775177,
          "Top": 0.2799544632434845
        },
        "Polygon": [
          {
            "X": 0.4005516767501831,
            "Y": 0.2799544632434845
          },
          {
            "X": 0.422685831785202,
            "Y": 0.28084200620651245
          },
          {
            "X": 0.42244985699653625,
            "Y": 0.2927800416946411
          },
          {
            "X": 0.400318443775177,
            "Y": 0.2919115126132965
          }
        ]
      },
      "Id": "c76f6b36-0946-4a6e-8c5b-d69c285b3c58",
      "Page": 1
    },
    {
      "BlockType": "WORD",
      "Confidence": 99.4466323852539,
      "Text": "problemas",
      "TextType": "PRINTED",
      "Geometry": {
        "BoundingBox": {
          "Width": 0.09741144627332687,
          "Height": 0.01848950982093811,
          "Left": 0.4295732080936432,
          "Top": 0.28172460198402405
        },
        "Polygon": [
          {
            "X": 0.4298650622367859,
            "Y": 0.28172460198402405
          },
          {
            "X": 0.5269846320152283,
            "Y": 0.2856147289276123
          },
          {
            "X": 0.5266781449317932,
            "Y": 0.30021411180496216
          },
          {
            "X": 0.4295732080936432,
            "Y": 0.29642680287361145
          }
        ]
      },
      "Id": "ef939c99-c4f4-4753-b643-7c7cfa4fad0b",
      "Page": 1
    },
    {
      "BlockType": "WORD",
      "Confidence": 99.66320037841797,
      "Text": "Visualize",
      "TextType": "PRINTED",
      "Geometry": {
        "BoundingBox": {
          "Width": 0.0454019270837307,
          "Height": 0.008477083407342434,
          "Left": 0.3228816092014313,
          "Top": 0.2978462278842926
        },
        "Polygon": [
          {
            "X": 0.32300713658332825,
            "Y": 0.2978462278842926
          },
          {
            "X": 0.36828354001045227,
            "Y": 0.2995941638946533
          },
          {
            "X": 0.3681547939777374,
            "Y": 0.3063233196735382
          },
          {
            "X": 0.3228816092014313,
            "Y": 0.3045971989631653
          }
        ]
      },
      "Id": "7850f9b5-a924-47f4-814b-ba18be6692ec",
      "Page": 1
    },
    {
      "BlockType": "WORD",
      "Confidence": 99.51055908203125,
      "Text": "todas",
      "TextType": "PRINTED",
      "Geometry": {
        "BoundingBox": {
          "Width": 0.02738983742892742,
          "Height": 0.007368773687630892,
          "Left": 0.3715861141681671,
          "Top": 0.30050790309906006
        },
        "Polygon": [
          {
            "X": 0.3717074692249298,
            "Y": 0.30050790309906006
          },
          {
            "X": 0.3989759683609009,
            "Y": 0.30155912041664124
          },
          {
            "X": 0.3988528251647949,
            "Y": 0.30787667632102966
          },
          {
            "X": 0.3715861141681671,
            "Y": 0.3068378269672394
          }
        ]
      },
      "Id": "aaf83049-578a-43d8-b153-776b3771b75c",
      "Page": 1
    },
    {
      "BlockType": "WORD",
      "Confidence": 99.92802429199219,
      "Text": "as",
      "TextType": "PRINTED",
      "Geometry": {
        "BoundingBox": {
          "Width": 0.010608467273414135,
          "Height": 0.005318975541740656,
          "Left": 0.4029999077320099,
          "Top": 0.3035413920879364
        },
        "Polygon": [
          {
            "X": 0.4030960500240326,
            "Y": 0.3035413920879364
          },
          {
            "X": 0.4136084020137787,
            "Y": 0.30394527316093445
          },
          {
            "X": 0.413511723279953,
            "Y": 0.3088603615760803
          },
          {
            "X": 0.4029999077320099,
            "Y": 0.30846020579338074
          }
        ]
      },
      "Id": "7f61dbfd-2bea-476d-b1a3-2aa1319ceeb7",
      "Page": 1
    },
    {
      "BlockType": "WORD",
      "Confidence": 98.61775207519531,
      "Text": "etapas",
      "TextType": "PRINTED",
      "Geometry": {
        "BoundingBox": {
          "Width": 0.03207998722791672,
          "Height": 0.008213307708501816,
          "Left": 0.41751429438591003,
          "Top": 0.3033371865749359
        },
        "Polygon": [
          {
            "X": 0.41765230894088745,
            "Y": 0.3033371865749359
          },
          {
            "X": 0.44959428906440735,
            "Y": 0.3045661747455597
          },
          {
            "X": 0.4494539797306061,
            "Y": 0.311550498008728
          },
          {
            "X": 0.41751429438591003,
            "Y": 0.310337632894516
          }
        ]
      },
      "Id": "6f2cc5f6-b826-42cc-8bb7-9b1be9e16d57",
      "Page": 1
    },
    {
      "BlockType": "WORD",
      "Confidence": 99.79380798339844,
      "Text": "das",
      "TextType": "PRINTED",
      "Geometry": {
        "BoundingBox": {
          "Width": 0.016690397635102272,
          "Height": 0.007292297203093767,
          "Left": 0.4533706605434418,
          "Top": 0.3042225241661072
        },
        "Polygon": [
          {
            "X": 0.4535048007965088,
            "Y": 0.3042225241661072
          },
          {
            "X": 0.4700610339641571,
            "Y": 0.30486011505126953
          },
          {
            "X": 0.46992576122283936,
            "Y": 0.31151482462882996
          },
          {
            "X": 0.4533706605434418,
            "Y": 0.3108851909637451
          }
        ]
      },
      "Id": "ae1ab82e-4930-409f-b507-ac3772ff69e3",
      "Page": 1
    },
    {
      "BlockType": "WORD",
      "Confidence": 98.98636627197266,
      "Text": "cadeias",
      "TextType": "PRINTED",
      "Geometry": {
        "BoundingBox": {
          "Width": 0.03599872440099716,
          "Height": 0.008193141780793667,
          "Left": 0.4739912748336792,
          "Top": 0.3054001033306122
        },
        "Polygon": [
          {
            "X": 0.4741304814815521,
            "Y": 0.3054001033306122
          },
          {
            "X": 0.5099899768829346,
            "Y": 0.306780070066452
          },
          {
            "X": 0.5098482966423035,
            "Y": 0.3135932385921478
          },
          {
            "X": 0.4739912748336792,
            "Y": 0.3122309744358063
          }
        ]
      },
      "Id": "4e8754a8-7acd-48f9-b6ab-df4ab05e1a2e",
      "Page": 1
    },
    {
      "BlockType": "WORD",
      "Confidence": 99.88380432128906,
      "Text": "de",
      "TextType": "PRINTED",
      "Geometry": {
        "BoundingBox": {
          "Width": 0.011110035702586174,
          "Height": 0.007061576470732689,
          "Left": 0.513482928276062,
          "Top": 0.30728042125701904
        },
        "Polygon": [
          {
            "X": 0.51362144947052,
            "Y": 0.30728042125701904
          },
          {
            "X": 0.5245929956436157,
            "Y": 0.30770233273506165
          },
          {
            "X": 0.5244536995887756,
            "Y": 0.3143419921398163
          },
          {
            "X": 0.513482928276062,
            "Y": 0.3139253556728363
          }
        ]
      },
      "Id": "9d077027-12c2-4829-88f3-315adc199dbf",
      "Page": 1
    },
    {
      "BlockType": "WORD",
      "Confidence": 98.91930389404297,
      "Text": "aplicativos",
      "TextType": "PRINTED",
      "Geometry": {
        "BoundingBox": {
          "Width": 0.0490889772772789,
          "Height": 0.009926626458764076,
          "Left": 0.5278460383415222,
          "Top": 0.3079261779785156
        },
        "Polygon": [
          {
            "X": 0.528015673160553,
            "Y": 0.3079261779785156
          },
          {
            "X": 0.5769349932670593,
            "Y": 0.3098071217536926
          },
          {
            "X": 0.5767613053321838,
            "Y": 0.31785279512405396
          },
          {
            "X": 0.5278460383415222,
            "Y": 0.31600049138069153
          }
        ]
      },
      "Id": "8f56b0a2-5d68-4d21-a18a-a141599109f8",
      "Page": 1
    },
    {
      "BlockType": "WORD",
      "Confidence": 99.52350616455078,
      "Text": "e",
      "TextType": "PRINTED",
      "Geometry": {
        "BoundingBox": {
          "Width": 0.005321711301803589,
          "Height": 0.00519667798653245,
          "Left": 0.5801501274108887,
          "Top": 0.31180986762046814
        },
        "Polygon": [
          {
            "X": 0.5802582502365112,
            "Y": 0.31180986762046814
          },
          {
            "X": 0.5854718089103699,
            "Y": 0.31200963258743286
          },
          {
            "X": 0.5853634476661682,
            "Y": 0.31700655817985535
          },
          {
            "X": 0.5801501274108887,
            "Y": 0.31680870056152344
          }
        ]
      },
      "Id": "d85ea419-c43c-4200-8e47-4cff48b52360",
      "Page": 1
    },
    {
      "BlockType": "WORD",
      "Confidence": 99.63041687011719,
      "Text": "chamadas",
      "TextType": "PRINTED",
      "Geometry": {
        "BoundingBox": {
          "Width": 0.04696870222687721,
          "Height": 0.008451656438410282,
          "Left": 0.5884971618652344,
          "Top": 0.31079450249671936
        },
        "Polygon": [
          {
            "X": 0.5886422395706177,
            "Y": 0.31079450249671936
          },
          {
            "X": 0.6354658603668213,
            "Y": 0.3125930726528168
          },
          {
            "X": 0.6353176236152649,
            "Y": 0.31924617290496826
          },
          {
            "X": 0.5884971618652344,
            "Y": 0.31747037172317505
          }
        ]
      },
      "Id": "a34ab596-a2e9-448d-bc19-ef2adae96df1",
      "Page": 1
    },
    {
      "BlockType": "WORD",
      "Confidence": 99.76500701904297,
      "Text": "do",
      "TextType": "PRINTED",
      "Geometry": {
        "BoundingBox": {
          "Width": 0.010829243808984756,
          "Height": 0.006745714694261551,
          "Left": 0.6387475728988647,
          "Top": 0.3131178319454193
        },
        "Polygon": [
          {
            "X": 0.6388890743255615,
            "Y": 0.3131178319454193
          },
          {
            "X": 0.6495767831802368,
            "Y": 0.31352806091308594
          },
          {
            "X": 0.6494346261024475,
            "Y": 0.31986355781555176
          },
          {
            "X": 0.6387475728988647,
            "Y": 0.3194582760334015
          }
        ]
      },
      "Id": "c5fcfe53-060c-44e4-832f-9170114a0ba0",
      "Page": 1
    },
    {
      "BlockType": "WORD",
      "Confidence": 99.26068878173828,
      "Text": "LLM",
      "TextType": "PRINTED",
      "Geometry": {
        "BoundingBox": {
          "Width": 0.018456941470503807,
          "Height": 0.006914888042956591,
          "Left": 0.6527329683303833,
          "Top": 0.3139595687389374
        },
        "Polygon": [
          {
            "X": 0.6528728604316711,
            "Y": 0.3139595687389374
          },
          {
            "X": 0.6711899042129517,
            "Y": 0.31466221809387207
          },
          {
            "X": 0.6710488796234131,
            "Y": 0.3208744525909424
          },
          {
            "X": 0.6527329683303833,
            "Y": 0.32018014788627625
          }
        ]
      },
      "Id": "96941c93-8ac5-4088-8f18-b5d1aa8b3237",
      "Page": 1
    },
    {
      "BlockType": "WORD",
      "Confidence": 99.70268249511719,
      "Text": "para",
      "TextType": "PRINTED",
      "Geometry": {
        "BoundingBox": {
          "Width": 0.019142869859933853,
          "Height": 0.007066035643219948,
          "Left": 0.6744244694709778,
          "Top": 0.31606143712997437
        },
        "Polygon": [
          {
            "X": 0.6745688319206238,
            "Y": 0.31606143712997437
          },
          {
            "X": 0.6935673356056213,
            "Y": 0.3167884647846222
          },
          {
            "X": 0.6934217810630798,
            "Y": 0.32312747836112976
          },
          {
            "X": 0.6744244694709778,
            "Y": 0.3224092721939087
          }
        ]
      },
      "Id": "f1c4eb71-a6fa-40fb-ad47-784778f150e9",
      "Page": 1
    },
    {
      "BlockType": "WORD",
      "Confidence": 99.24337005615234,
      "Text": "identificar",
      "TextType": "PRINTED",
      "Geometry": {
        "BoundingBox": {
          "Width": 0.04333252087235451,
          "Height": 0.008433626033365726,
          "Left": 0.6969903111457825,
          "Top": 0.3156239688396454
        },
        "Polygon": [
          {
            "X": 0.6971467137336731,
            "Y": 0.3156239688396454
          },
          {
            "X": 0.7403228282928467,
            "Y": 0.3172803521156311
          },
          {
            "X": 0.7401634454727173,
            "Y": 0.32405760884284973
          },
          {
            "X": 0.6969903111457825,
            "Y": 0.3224228024482727
          }
        ]
      },
      "Id": "a3a765c6-f145-4736-8097-6d2fc367f913",
      "Page": 1
    },
    {
      "BlockType": "WORD",
      "Confidence": 92.12369537353516,
      "Text": "solicitações",
      "TextType": "PRINTED",
      "Geometry": {
        "BoundingBox": {
          "Width": 0.05053868144750595,
          "Height": 0.009694283828139305,
          "Left": 0.7429426908493042,
          "Top": 0.31766563653945923
        },
        "Polygon": [
          {
            "X": 0.7431261539459229,
            "Y": 0.31766563653945923
          },
          {
            "X": 0.7934813499450684,
            "Y": 0.31959637999534607
          },
          {
            "X": 0.7932938933372498,
            "Y": 0.3273599147796631
          },
          {
            "X": 0.7429426908493042,
            "Y": 0.3254580497741699
          }
        ]
      },
      "Id": "8ee9eb27-98c1-4503-bab1-30f4addad162",
      "Page": 1
    },
    {
      "BlockType": "WORD",
      "Confidence": 90.25824737548828,
      "Text": "problemáticas",
      "TextType": "PRINTED",
      "Geometry": {
        "BoundingBox": {
          "Width": 0.07223403453826904,
          "Height": 0.010937892831861973,
          "Left": 0.32277029752731323,
          "Top": 0.30750158429145813
        },
        "Polygon": [
          {
            "X": 0.3229236900806427,
            "Y": 0.30750158429145813
          },
          {
            "X": 0.3950043320655823,
            "Y": 0.3102348744869232
          },
          {
            "X": 0.39484480023384094,
            "Y": 0.31843945384025574
          },
          {
            "X": 0.32277029752731323,
            "Y": 0.3157486319541931
          }
        ]
      },
      "Id": "a4359af2-511c-4046-8b9b-c2cf7f228d7b",
      "Page": 1
    },
    {
      "BlockType": "WORD",
      "Confidence": 99.64042663574219,
      "Text": "e",
      "TextType": "PRINTED",
      "Geometry": {
        "BoundingBox": {
          "Width": 0.005298829171806574,
          "Height": 0.004874559585005045,
          "Left": 0.3982698619365692,
          "Top": 0.3127157688140869
        },
        "Polygon": [
          {
            "X": 0.39836105704307556,
            "Y": 0.3127157688140869
          },
          {
            "X": 0.40356868505477905,
            "Y": 0.31291237473487854
          },
          {
            "X": 0.4034772515296936,
            "Y": 0.3175903260707855
          },
          {
            "X": 0.3982698619365692,
            "Y": 0.31739547848701477
          }
        ]
      },
      "Id": "30d776a1-7325-4cee-937c-2887da771193",
      "Page": 1
    },
    {
      "BlockType": "WORD",
      "Confidence": 98.69849395751953,
      "Text": "identificar",
      "TextType": "PRINTED",
      "Geometry": {
        "BoundingBox": {
          "Width": 0.04766673594713211,
          "Height": 0.008419100195169449,
          "Left": 0.40759792923927307,
          "Top": 0.311491996049881
        },
        "Polygon": [
          {
            "X": 0.40772807598114014,
            "Y": 0.311491996049881
          },
          {
            "X": 0.4552646577358246,
            "Y": 0.3132919669151306
          },
          {
            "X": 0.4551312327384949,
            "Y": 0.31991109251976013
          },
          {
            "X": 0.40759792923927307,
            "Y": 0.3181338310241699
          }
        ]
      },
      "Id": "b76f2c97-799a-4aa3-ac7d-4036f44b7179",
      "Page": 1
    },
    {
      "BlockType": "WORD",
      "Confidence": 99.52906799316406,
      "Text": "a",
      "TextType": "PRINTED",
      "Geometry": {
        "BoundingBox": {
          "Width": 0.005468672141432762,
          "Height": 0.005035583861172199,
          "Left": 0.45857077836990356,
          "Top": 0.31550824642181396
        },
        "Polygon": [
          {
            "X": 0.45866844058036804,
            "Y": 0.31550824642181396
          },
          {
            "X": 0.4640394449234009,
            "Y": 0.31571081280708313
          },
          {
            "X": 0.4639415442943573,
            "Y": 0.3205438256263733
          },
          {
            "X": 0.45857077836990356,
            "Y": 0.32034313678741455
          }
        ]
      },
      "Id": "be186970-4da8-409e-811e-30d12c16c3c4",
      "Page": 1
    },
    {
      "BlockType": "WORD",
      "Confidence": 99.58177947998047,
      "Text": "causa",
      "TextType": "PRINTED",
      "Geometry": {
        "BoundingBox": {
          "Width": 0.02790750190615654,
          "Height": 0.0063041942194104195,
          "Left": 0.46752408146858215,
          "Top": 0.3158685863018036
        },
        "Polygon": [
          {
            "X": 0.4676309823989868,
            "Y": 0.3158685863018036
          },
          {
            "X": 0.4954315721988678,
            "Y": 0.3169170320034027
          },
          {
            "X": 0.495323121547699,
            "Y": 0.32217276096343994
          },
          {
            "X": 0.46752408146858215,
            "Y": 0.32113489508628845
          }
        ]
      },
      "Id": "2f7ed77d-0e5a-49c4-a038-863e459ab606",
      "Page": 1
    },
    {
      "BlockType": "WORD",
      "Confidence": 99.69862365722656,
      "Text": "raiz",
      "TextType": "PRINTED",
      "Geometry": {
        "BoundingBox": {
          "Width": 0.016949044540524483,
          "Height": 0.007042723707854748,
          "Left": 0.49886196851730347,
          "Top": 0.31608593463897705
        },
        "Polygon": [
          {
            "X": 0.4989946186542511,
            "Y": 0.31608593463897705
          },
          {
            "X": 0.515811026096344,
            "Y": 0.3167213201522827
          },
          {
            "X": 0.515677273273468,
            "Y": 0.32312867045402527
          },
          {
            "X": 0.49886196851730347,
            "Y": 0.3225010931491852
          }
        ]
      },
      "Id": "00b49f36-feb7-4486-8b6d-9c4192e59688",
      "Page": 1
    },
    {
      "BlockType": "WORD",
      "Confidence": 99.80245971679688,
      "Text": "dos",
      "TextType": "PRINTED",
      "Geometry": {
        "BoundingBox": {
          "Width": 0.01681404933333397,
          "Height": 0.007090530823916197,
          "Left": 0.5191128849983215,
          "Top": 0.316771000623703
        },
        "Polygon": [
          {
            "X": 0.5192481279373169,
            "Y": 0.316771000623703
          },
          {
            "X": 0.5359269380569458,
            "Y": 0.317401260137558
          },
          {
            "X": 0.5357905626296997,
            "Y": 0.3238615095615387
          },
          {
            "X": 0.5191128849983215,
            "Y": 0.3232390582561493
          }
        ]
      },
      "Id": "b10ede71-d309-435a-8ac3-2d1c20198426",
      "Page": 1
    },
    {
      "BlockType": "WORD",
      "Confidence": 85.57054138183594,
      "Text": "erros",
      "TextType": "PRINTED",
      "Geometry": {
        "BoundingBox": {
          "Width": 0.025344448164105415,
          "Height": 0.006309811025857925,
          "Left": 0.5391871333122253,
          "Top": 0.3189374804496765
        },
        "Polygon": [
          {
            "X": 0.5393006801605225,
            "Y": 0.3189374804496765
          },
          {
            "X": 0.5645315647125244,
            "Y": 0.3198883533477783
          },
          {
            "X": 0.5644166469573975,
            "Y": 0.32524728775024414
          },
          {
            "X": 0.5391871333122253,
            "Y": 0.3243062496185303
          }
        ]
      },
      "Id": "d3c0c3ac-6cb9-4e6b-b18c-5fd2f1997e17",
      "Page": 1
    },
    {
      "BlockType": "WORD",
      "Confidence": 99.86919403076172,
      "Text": "LLM",
      "TextType": "PRINTED",
      "Geometry": {
        "BoundingBox": {
          "Width": 0.016990944743156433,
          "Height": 0.005925554316490889,
          "Left": 0.3296087980270386,
          "Top": 0.32837265729904175
        },
        "Polygon": [
          {
            "X": 0.32970812916755676,
            "Y": 0.32837265729904175
          },
          {
            "X": 0.3465997576713562,
            "Y": 0.3289884626865387
          },
          {
            "X": 0.346499502658844,
            "Y": 0.3342982232570648
          },
          {
            "X": 0.3296087980270386,
            "Y": 0.3336888551712036
          }
        ]
      },
      "Id": "69fbaa8c-8d36-478c-b174-a65b1e67df41",
      "Page": 1
    },
    {
      "BlockType": "WORD",
      "Confidence": 99.6346435546875,
      "Text": "Observability",
      "TextType": "PRINTED",
      "Geometry": {
        "BoundingBox": {
          "Width": 0.05279255658388138,
          "Height": 0.00907086580991745,
          "Left": 0.3492757976055145,
          "Top": 0.32894665002822876
        },
        "Polygon": [
          {
            "X": 0.3494115471839905,
            "Y": 0.32894665002822876
          },
          {
            "X": 0.4020683467388153,
            "Y": 0.33086684346199036
          },
          {
            "X": 0.4019286632537842,
            "Y": 0.3380175232887268
          },
          {
            "X": 0.3492757976055145,
            "Y": 0.33612439036369324
          }
        ]
      },
      "Id": "7eab7869-24f2-4421-a3ce-79d70432687f",
      "Page": 1
    },
    {
      "BlockType": "WORD",
      "Confidence": 89.89166259765625,
      "Text": "Traces",
      "TextType": "PRINTED",
      "Geometry": {
        "BoundingBox": {
          "Width": 0.015061193145811558,
          "Height": 0.004316296428442001,
          "Left": 0.4141472578048706,
          "Top": 0.3331020176410675
        },
        "Polygon": [
          {
            "X": 0.41422155499458313,
            "Y": 0.3331020176410675
          },
          {
            "X": 0.4292084276676178,
            "Y": 0.33364659547805786
          },
          {
            "X": 0.4291335344314575,
            "Y": 0.3374183177947998
          },
          {
            "X": 0.4141472578048706,
            "Y": 0.3368777930736542
          }
        ]
      },
      "Id": "51e90a13-457a-4795-95a1-7708bba428b4",
      "Page": 1
    },
    {
      "BlockType": "WORD",
      "Confidence": 38.24446487426758,
      "Text": "Clasters",
      "TextType": "PRINTED",
      "Geometry": {
        "BoundingBox": {
          "Width": 0.019885199144482613,
          "Height": 0.004620235413312912,
          "Left": 0.4483973979949951,
          "Top": 0.334370493888855
        },
        "Polygon": [
          {
            "X": 0.44847583770751953,
            "Y": 0.334370493888855
          },
          {
            "X": 0.4682825803756714,
            "Y": 0.33509019017219543
          },
          {
            "X": 0.4682033360004425,
            "Y": 0.3389907479286194
          },
          {
            "X": 0.4483973979949951,
            "Y": 0.33827662467956543
          }
        ]
      },
      "Id": "2a48b064-f9e2-4c4f-9eb8-e5b9bdf565fb",
      "Page": 1
    },
    {
      "BlockType": "WORD",
      "Confidence": 46.44642639160156,
      "Text": "LLM Calls",
      "TextType": "PRINTED",
      "Geometry": {
        "BoundingBox": {
          "Width": 0.021798722445964813,
          "Height": 0.005168477538973093,
          "Left": 0.589164674282074,
          "Top": 0.35682326555252075
        },
        "Polygon": [
          {
            "X": 0.5892606377601624,
            "Y": 0.35682326555252075
          },
          {
            "X": 0.6109634041786194,
            "Y": 0.3575845956802368
          },
          {
            "X": 0.6108664274215698,
            "Y": 0.3619917333126068
          },
          {
            "X": 0.589164674282074,
            "Y": 0.3612373471260071
          }
        ]
      },
      "Id": "739b43e1-4b36-4f60-a938-709a6edf5cbd",
      "Page": 1
    },
    {
      "BlockType": "WORD",
      "Confidence": 81.09957885742188,
      "Text": "2",
      "TextType": "PRINTED",
      "Geometry": {
        "BoundingBox": {
          "Width": 0.003903866745531559,
          "Height": 0.004344509914517403,
          "Left": 0.6125106811523438,
          "Top": 0.3582732081413269
        },
        "Polygon": [
          {
            "X": 0.6126034259796143,
            "Y": 0.3582732081413269
          },
          {
            "X": 0.6164145469665527,
            "Y": 0.3584067225456238
          },
          {
            "X": 0.6163216233253479,
            "Y": 0.36261770129203796
          },
          {
            "X": 0.6125106811523438,
            "Y": 0.3624853491783142
          }
        ]
      },
      "Id": "9006f641-6dff-4aac-9eee-b19df79017ab",
      "Page": 1
    },
    {
      "BlockType": "WORD",
      "Confidence": 85.9632339477539,
      "Text": "Models",
      "TextType": "PRINTED",
      "Geometry": {
        "BoundingBox": {
          "Width": 0.0161207914352417,
          "Height": 0.004182010889053345,
          "Left": 0.6228697299957275,
          "Top": 0.35850927233695984
        },
        "Polygon": [
          {
            "X": 0.62295001745224,
            "Y": 0.35850927233695984
          },
          {
            "X": 0.6389905214309692,
            "Y": 0.35907140374183655
          },
          {
            "X": 0.6389096975326538,
            "Y": 0.3626912832260132
          },
          {
            "X": 0.6228697299957275,
            "Y": 0.3621333837509155
          }
        ]
      },
      "Id": "23fd8a2d-09de-4c38-bde0-2548fa942e52",
      "Page": 1
    },
    {
      "BlockType": "WORD",
      "Confidence": 99.41786193847656,
      "Text": "aws",
      "TextType": "PRINTED",
      "Geometry": {
        "BoundingBox": {
          "Width": 0.0875554159283638,
          "Height": 0.027321793138980865,
          "Left": 0.8791089653968811,
          "Top": 0.3537485897541046
        },
        "Polygon": [
          {
            "X": 0.8797217011451721,
            "Y": 0.3537485897541046
          },
          {
            "X": 0.9666644334793091,
            "Y": 0.3568839132785797
          },
          {
            "X": 0.9660308361053467,
            "Y": 0.3810703754425049
          },
          {
            "X": 0.8791089653968811,
            "Y": 0.3780924081802368
          }
        ]
      },
      "Id": "ee9e75ba-efc5-499d-81e3-72d058012f96",
      "Page": 1
    },
    {
      "BlockType": "WORD",
      "Confidence": 97.90363311767578,
      "Text": "aws",
      "TextType": "PRINTED",
      "Geometry": {
        "BoundingBox": {
          "Width": 0.16601334512233734,
          "Height": 0.04764685407280922,
          "Left": 0.0018561334582045674,
          "Top": 0.3450849950313568
        },
        "Polygon": [
          {
            "X": 0.0024854326620697975,
            "Y": 0.3450849950313568
          },
          {
            "X": 0.1678694784641266,
            "Y": 0.3507852554321289
          },
          {
            "X": 0.1671656370162964,
            "Y": 0.39273184537887573
          },
          {
            "X": 0.0018561334582045674,
            "Y": 0.38752150535583496
          }
        ]
      },
      "Id": "829d4275-5ac3-4788-ac00-bfb29afec604",
      "Page": 1
    },
    {
      "BlockType": "WORD",
      "Confidence": 49.0833854675293,
      "Text": "Quality Metrics",
      "TextType": "PRINTED",
      "Geometry": {
        "BoundingBox": {
          "Width": 0.033676568418741226,
          "Height": 0.005371907260268927,
          "Left": 0.4335602819919586,
          "Top": 0.3662246763706207
        },
        "Polygon": [
          {
            "X": 0.43364471197128296,
            "Y": 0.3662246763706207
          },
          {
            "X": 0.46723684668540955,
            "Y": 0.3673674166202545
          },
          {
            "X": 0.4671509563922882,
            "Y": 0.3715966045856476
          },
          {
            "X": 0.4335602819919586,
            "Y": 0.37046411633491516
          }
        ]
      },
      "Id": "1bb93a76-65fa-4db9-ab2d-3fb79fbd5723",
      "Page": 1
    },
    {
      "BlockType": "WORD",
      "Confidence": 97.90767669677734,
      "Text": "INPUT",
      "TextType": "PRINTED",
      "Geometry": {
        "BoundingBox": {
          "Width": 0.01636676862835884,
          "Height": 0.004099925979971886,
          "Left": 0.4810848534107208,
          "Top": 0.3801219165325165
        },
        "Polygon": [
          {
            "X": 0.4811578691005707,
            "Y": 0.3801219165325165
          },
          {
            "X": 0.49745163321495056,
            "Y": 0.38066181540489197
          },
          {
            "X": 0.49737805128097534,
            "Y": 0.3842218518257141
          },
          {
            "X": 0.4810848534107208,
            "Y": 0.3836861252784729
          }
        ]
      },
      "Id": "ca175743-ada1-4ce2-b53e-eec44dd2e0b7",
      "Page": 1
    },
    {
      "BlockType": "WORD",
      "Confidence": 95.82549285888672,
      "Text": "OUTPUT",
      "TextType": "PRINTED",
      "Geometry": {
        "BoundingBox": {
          "Width": 0.020517826080322266,
          "Height": 0.004421568010002375,
          "Left": 0.6446863412857056,
          "Top": 0.3850925862789154
        },
        "Polygon": [
          {
            "X": 0.6447703838348389,
            "Y": 0.3850925862789154
          },
          {
            "X": 0.6652041673660278,
            "Y": 0.38577035069465637
          },
          {
            "X": 0.6651194095611572,
            "Y": 0.38951417803764343
          },
          {
            "X": 0.6446863412857056,
            "Y": 0.38884201645851135
          }
        ]
      },
      "Id": "bb0fa6d3-97ad-4472-9062-b02e55c05ec2",
      "Page": 1
    },
    {
      "BlockType": "WORD",
      "Confidence": 83.31209564208984,
      "Text": "Status",
      "TextType": "PRINTED",
      "Geometry": {
        "BoundingBox": {
          "Width": 0.01514621265232563,
          "Height": 0.004436774179339409,
          "Left": 0.33967792987823486,
          "Top": 0.44303393363952637
        },
        "Polygon": [
          {
            "X": 0.33975350856781006,
            "Y": 0.44303393363952637
          },
          {
            "X": 0.35482412576675415,
            "Y": 0.4434608817100525
          },
          {
            "X": 0.3547479510307312,
            "Y": 0.4474707245826721
          },
          {
            "X": 0.33967792987823486,
            "Y": 0.4470480978488922
          }
        ]
      },
      "Id": "57cb4032-88fd-4214-83ce-0951bd7f419d",
      "Page": 1
    },
    {
      "BlockType": "WORD",
      "Confidence": 50.64207458496094,
      "Text": "ON",
      "TextType": "PRINTED",
      "Geometry": {
        "BoundingBox": {
          "Width": 0.008239418268203735,
          "Height": 0.004331327509135008,
          "Left": 0.34185361862182617,
          "Top": 0.451511949300766
        },
        "Polygon": [
          {
            "X": 0.3419310748577118,
            "Y": 0.451511949300766
          },
          {
            "X": 0.3500930368900299,
            "Y": 0.45173826813697815
          },
          {
            "X": 0.350015252828598,
            "Y": 0.4558432698249817
          },
          {
            "X": 0.34185361862182617,
            "Y": 0.45561933517456055
          }
        ]
      },
      "Id": "7d0caf28-070d-44c1-b71b-42e2dd4568c8",
      "Page": 1
    },
    {
      "BlockType": "WORD",
      "Confidence": 81.58831024169922,
      "Text": "Error",
      "TextType": "PRINTED",
      "Geometry": {
        "BoundingBox": {
          "Width": 0.01358844991773367,
          "Height": 0.004664591513574123,
          "Left": 0.34082868695259094,
          "Top": 0.45920321345329285
        },
        "Polygon": [
          {
            "X": 0.3409097492694855,
            "Y": 0.45920321345329285
          },
          {
            "X": 0.3544171452522278,
            "Y": 0.45957037806510925
          },
          {
            "X": 0.3543354868888855,
            "Y": 0.46386781334877014
          },
          {
            "X": 0.34082868695259094,
            "Y": 0.463504821062088
          }
        ]
      },
      "Id": "c3920aea-f548-48ac-a736-49f8c7ef884e",
      "Page": 1
    },
    {
      "BlockType": "WORD",
      "Confidence": 24.89087677001953,
      "Text": "E",
      "TextType": "PRINTED",
      "Geometry": {
        "BoundingBox": {
          "Width": 0.005244094878435135,
          "Height": 0.004332706797868013,
          "Left": 0.33159956336021423,
          "Top": 0.48095789551734924
        },
        "Polygon": [
          {
            "X": 0.3316783308982849,
            "Y": 0.48095789551734924
          },
          {
            "X": 0.33684366941452026,
            "Y": 0.4810902178287506
          },
          {
            "X": 0.33676469326019287,
            "Y": 0.48529061675071716
          },
          {
            "X": 0.33159956336021423,
            "Y": 0.48515984416007996
          }
        ]
      },
      "Id": "410f4573-d648-46dd-991f-6ab93ae61dca",
      "Page": 1
    }
  ],
  "DetectDocumentTextModelVersion": "1.0"
}