{
  "DocumentMetadata": {
    "Pages": 1
  },
  "JobStatus": "SUCCEEDED",
  "Blocks": [
    {
      "BlockType": "PAGE",
      "Geometry": {
        "BoundingBox": {
          "Width": 1,
          "Height": 1,
          "Left": 0,
          "Top": 0
        },
        "Polygon": [
          {
            "X": 0,
            "Y": 0.00017083837883546948
          },
          {
            "X": 1,
            "Y": 0
          },
          {
            "X": 1,
            "Y": 1
          },
          {
            "X": 0.00006769886385882273,
            "Y": 1
          }
        ]
      },
      "Id": "9909e886-fa56-431f-a964-646f07ed07f7",
      "Relationships": [
        {
          "Type": "CHILD",
          "Ids": [
            "4105c0c3-5898-419b-b34a-0978030cb5cf",
            "bc7b01c7-d716-4597-93a1-6c05756d1467",
            "a8eed513-0d01-442d-9851-4494831c7840",
            "4292b66b-2400-4c57-9b03-37eeb932c2b2",
            "529ee175-ded0-4ef5-88b8-7af7ea71fc31",
            "1fa10164-3d16-45fd-9c72-3610a6d9b594",
            "df13e49f-bcef-47d6-ab51-53d41306189e",
            "5f55c04d-e8be-4a68-b41f-a2e56c8adfe0",
            "2e435268-9105-44ba-9a2e-37af4d67453b",
            "348f4c8f-aa98-49c6-9a70-3898305cec80",
            "4164d711-add0-48af-8314-9c34c8f22d7b",
            "78d40a96-e24c-442a-9ea4-03d142688dc0",
            "48a8b3de-b79b-4b76-ba1b-04d51ef32f17",
            "2de6b1eb-01e9-4e22-9ccd-6017e900b77f",
            "1fe5bd29-711b-40ff-a1ae-8af88df221a5",
            "d97c8756-2dbd-434f-87a9-d7a42bad58fc",
            "4995884f-3e44-402a-9a07-729ace2817d3",
            "f8992ea1-b429-4372-8f33-eb67296bb439",
            "adb94c22-45d5-4bdb-a5d4-fd0e8c11a5d5",
            "fc3c3cda-c496-4f86-a549-f90dc498c4ac",
            "09996948-0993-4ec9-a807-81ab512bacf2",
            "4cdc0026-b0fa-4953-b075-ac9ba197a38a"
          ]
        }
      ],
      "Page": 1
    },
    {
      "BlockType": "LINE",
      "Confidence": 94.47288513183594,
      "Text": "Gerenciamento de dados simplificado com Gen Al",
      "Geometry": {
        "BoundingBox": {
          "Width": 0.4845886528491974,
          "Height": 0.050115521997213364,
          "Left": 0.23389947414398193,
          "Top": 0.22115153074264526
        },
        "Polygon": [
          {
            "X": 0.23389947414398193,
            "Y": 0.23288345336914062
          },
          {
            "X": 0.7182969450950623,
            "Y": 0.22115153074264526
          },
          {
            "X": 0.7184880971908569,
            "Y": 0.2598613202571869
          },
          {
            "X": 0.23411661386489868,
            "Y": 0.2712670564651489
          }
        ]
      },
      "Id": "4105c0c3-5898-419b-b34a-0978030cb5cf",
      "Relationships": [
        {
          "Type": "CHILD",
          "Ids": [
            "f5153f9d-58c3-4814-9874-f76024971513",
            "8ce1bb2e-f244-4c66-b383-e7df5a05ad7a",
            "e4392b42-612c-469e-a06e-03f9455e30d2",
            "24cd7f8b-c741-4ad6-9631-c7eb5bb470b3",
            "e5414a6c-23d0-48e3-bb8b-58a5e7cf2855",
            "a2ccab0c-78d4-4fdd-b985-7515acd6da48",
            "e850fada-8d1b-46f1-8b1f-1c6e5e7a3126"
          ]
        }
      ],
      "Page": 1
    },
    {
      "BlockType": "LINE",
      "Confidence": 97.64180755615234,
      "Text": "Q in Amazon QuickSight",
      "Geometry": {
        "BoundingBox": {
          "Width": 0.09687145799398422,
          "Height": 0.012402549386024475,
          "Left": 0.529457151889801,
          "Top": 0.26473894715309143
        },
        "Polygon": [
          {
            "X": 0.529457151889801,
            "Y": 0.2670142650604248
          },
          {
            "X": 0.6262771487236023,
            "Y": 0.26473894715309143
          },
          {
            "X": 0.6263286471366882,
            "Y": 0.27488330006599426
          },
          {
            "X": 0.5295100212097168,
            "Y": 0.2771415114402771
          }
        ]
      },
      "Id": "bc7b01c7-d716-4597-93a1-6c05756d1467",
      "Relationships": [
        {
          "Type": "CHILD",
          "Ids": [
            "e76bb4a4-0a55-4e44-a00f-ec3fa9eb5aa6",
            "a592dac1-2457-4faa-b0aa-8daf779e1f79",
            "7b9ee4a1-4c20-48c4-bf7c-ddfef9eea432",
            "30897e9b-4ec0-44fe-bfe7-492a969a35f2"
          ]
        }
      ],
      "Page": 1
    },
    {
      "BlockType": "LINE",
      "Confidence": 95.71099090576172,
      "Text": "Enable Generative BI with intuitive natural language experiences",
      "Geometry": {
        "BoundingBox": {
          "Width": 0.24487359821796417,
          "Height": 0.021733054891228676,
          "Left": 0.45877066254615784,
          "Top": 0.2687222361564636
        },
        "Polygon": [
          {
            "X": 0.45877066254615784,
            "Y": 0.2744503319263458
          },
          {
            "X": 0.7035645246505737,
            "Y": 0.2687222361564636
          },
          {
            "X": 0.7036442756652832,
            "Y": 0.2847956717014313
          },
          {
            "X": 0.45885586738586426,
            "Y": 0.29045531153678894
          }
        ]
      },
      "Id": "a8eed513-0d01-442d-9851-4494831c7840",
      "Relationships": [
        {
          "Type": "CHILD",
          "Ids": [
            "7e51c2d4-2eb8-4804-a08d-e4be95c4dc4f",
            "56bbb03d-31f0-4c2c-a3d1-f803cdc19400",
            "7b19ab5f-ae24-4035-ad53-782e2de398dd",
            "7f4e93b3-237e-4bee-a659-68a0c2738a0c",
            "e33005fb-d40e-4be3-abd6-a910aad37f98",
            "cfe27b32-083f-4ff8-8953-59b5f979400b",
            "9316fbdb-810d-43eb-9bea-82cdac7575e4",
            "1670d297-6cdf-4dcf-bd09-98824034655f"
          ]
        }
      ],
      "Page": 1
    },
    {
      "BlockType": "LINE",
      "Confidence": 87.45946502685547,
      "Text": "Experiência",
      "Geometry": {
        "BoundingBox": {
          "Width": 0.06457124650478363,
          "Height": 0.01356812659651041,
          "Left": 0.22811616957187653,
          "Top": 0.2914949655532837
        },
        "Polygon": [
          {
            "X": 0.22811616957187653,
            "Y": 0.29298949241638184
          },
          {
            "X": 0.29262009263038635,
            "Y": 0.2914949655532837
          },
          {
            "X": 0.29268741607666016,
            "Y": 0.30358225107192993
          },
          {
            "X": 0.22818458080291748,
            "Y": 0.3050630986690521
          }
        ]
      },
      "Id": "4292b66b-2400-4c57-9b03-37eeb932c2b2",
      "Relationships": [
        {
          "Type": "CHILD",
          "Ids": [
            "a65899bd-7288-46b7-9b15-c56d14033ff2"
          ]
        }
      ],
      "Page": 1
    },
    {
      "BlockType": "LINE",
      "Confidence": 99.43126678466797,
      "Text": "Cloud",
      "Geometry": {
        "BoundingBox": {
          "Width": 0.047646764665842056,
          "Height": 0.014902031980454922,
          "Left": 0.025531385093927383,
          "Top": 0.32095998525619507
        },
        "Polygon": [
          {
            "X": 0.025531385093927383,
            "Y": 0.32204169034957886
          },
          {
            "X": 0.07309659570455551,
            "Y": 0.32095998525619507
          },
          {
            "X": 0.07317814975976944,
            "Y": 0.3347918689250946
          },
          {
            "X": 0.025613849982619286,
            "Y": 0.33586201071739197
          }
        ]
      },
      "Id": "529ee175-ded0-4ef5-88b8-7af7ea71fc31",
      "Relationships": [
        {
          "Type": "CHILD",
          "Ids": [
            "00f0308f-d877-47e4-80b1-e42f821b3e2b"
          ]
        }
      ],
      "Page": 1
    },
    {
      "BlockType": "LINE",
      "Confidence": 92.58512878417969,
      "Text": "O in Amazon SageMaker",
      "Geometry": {
        "BoundingBox": {
          "Width": 0.10217586159706116,
          "Height": 0.010971909388899803,
          "Left": 0.6176837682723999,
          "Top": 0.3057761490345001
        },
        "Polygon": [
          {
            "X": 0.6176837682723999,
            "Y": 0.3080996572971344
          },
          {
            "X": 0.7198168635368347,
            "Y": 0.3057761490345001
          },
          {
            "X": 0.7198596000671387,
            "Y": 0.31443995237350464
          },
          {
            "X": 0.6177277565002441,
            "Y": 0.3167480528354645
          }
        ]
      },
      "Id": "1fa10164-3d16-45fd-9c72-3610a6d9b594",
      "Relationships": [
        {
          "Type": "CHILD",
          "Ids": [
            "98da2fa2-a188-4aba-a985-e83f2c3e9f79",
            "dd39041b-36c6-4dd7-baaf-71bea9c466e9",
            "c2248dde-fa8c-474c-b1ff-3091b8a20618",
            "92972738-e462-442b-b97f-57b269826f41"
          ]
        }
      ],
      "Page": 1
    },
    {
      "BlockType": "LINE",
      "Confidence": 89.67214965820312,
      "Text": "O in AWS Glue",
      "Geometry": {
        "BoundingBox": {
          "Width": 0.0555056557059288,
          "Height": 0.008407647721469402,
          "Left": 0.45170164108276367,
          "Top": 0.31891047954559326
        },
        "Polygon": [
          {
            "X": 0.45170164108276367,
            "Y": 0.32016435265541077
          },
          {
            "X": 0.5071696639060974,
            "Y": 0.31891047954559326
          },
          {
            "X": 0.5072072744369507,
            "Y": 0.32607120275497437
          },
          {
            "X": 0.4517398178577423,
            "Y": 0.32731813192367554
          }
        ]
      },
      "Id": "df13e49f-bcef-47d6-ab51-53d41306189e",
      "Relationships": [
        {
          "Type": "CHILD",
          "Ids": [
            "7b365c2e-f56f-45c6-83eb-7418e27955f4",
            "4fdfc48f-d0fb-4187-bad1-ed93fe5509cc",
            "5420121a-7606-4804-81fc-a3eeadd770a9",
            "d7fc0a74-adde-4eb9-bece-c3f26a324452"
          ]
        }
      ],
      "Page": 1
    },
    {
      "BlockType": "LINE",
      "Confidence": 99.56389617919922,
      "Text": "Code Assistance & debug",
      "Geometry": {
        "BoundingBox": {
          "Width": 0.10112608969211578,
          "Height": 0.010628923773765564,
          "Left": 0.6178974509239197,
          "Top": 0.3137710988521576
        },
        "Polygon": [
          {
            "X": 0.6178974509239197,
            "Y": 0.3160567581653595
          },
          {
            "X": 0.7189822793006897,
            "Y": 0.3137710988521576
          },
          {
            "X": 0.7190235257148743,
            "Y": 0.3221290707588196
          },
          {
            "X": 0.6179398894309998,
            "Y": 0.32440003752708435
          }
        ]
      },
      "Id": "5f55c04d-e8be-4a68-b41f-a2e56c8adfe0",
      "Relationships": [
        {
          "Type": "CHILD",
          "Ids": [
            "7f2b84a3-ac3c-404c-b099-320b28e8916a",
            "64fb6186-331f-4755-9c46-6209352eb138",
            "809f452e-8971-4bab-8096-34988f4f7437",
            "9b41c296-5d80-4694-a3e0-2c132081e297"
          ]
        }
      ],
      "Page": 1
    },
    {
      "BlockType": "LINE",
      "Confidence": 98.5112075805664,
      "Text": "Agir",
      "Geometry": {
        "BoundingBox": {
          "Width": 0.02579514868557453,
          "Height": 0.011133131571114063,
          "Left": 0.22164297103881836,
          "Top": 0.33565232157707214
        },
        "Polygon": [
          {
            "X": 0.22164297103881836,
            "Y": 0.3362291753292084
          },
          {
            "X": 0.24737857282161713,
            "Y": 0.33565232157707214
          },
          {
            "X": 0.24743811786174774,
            "Y": 0.34621337056159973
          },
          {
            "X": 0.22170288860797882,
            "Y": 0.34678545594215393
          }
        ]
      },
      "Id": "2e435268-9105-44ba-9a2e-37af4d67453b",
      "Relationships": [
        {
          "Type": "CHILD",
          "Ids": [
            "2d107a64-7338-4bd9-bb6d-e64800ce4dfb"
          ]
        }
      ],
      "Page": 1
    },
    {
      "BlockType": "LINE",
      "Confidence": 99.71723937988281,
      "Text": "Automatically author jobs and troubleshoot related issues",
      "Geometry": {
        "BoundingBox": {
          "Width": 0.21055009961128235,
          "Height": 0.01670755445957184,
          "Left": 0.3779052495956421,
          "Top": 0.32147008180618286
        },
        "Polygon": [
          {
            "X": 0.3779052495956421,
            "Y": 0.3262121081352234
          },
          {
            "X": 0.5883937478065491,
            "Y": 0.32147008180618286
          },
          {
            "X": 0.5884553790092468,
            "Y": 0.33347970247268677
          },
          {
            "X": 0.3779703974723816,
            "Y": 0.3381776511669159
          }
        ]
      },
      "Id": "348f4c8f-aa98-49c6-9a70-3898305cec80",
      "Relationships": [
        {
          "Type": "CHILD",
          "Ids": [
            "60c63592-083e-4448-b41e-d645dbdae560",
            "d9058fe7-f67a-473a-8725-39edde7cf967",
            "3d6de2dd-7fbe-4ec8-98e9-5b0d7495b4bd",
            "d2f0bb09-82f3-4993-9c2f-5f8cc643a987",
            "2d439f75-47ad-4d0f-b9da-bcd4e2ed9440",
            "9ba6d0e6-4d24-4b84-8c6e-45623f075742",
            "ab88dfd6-7ad2-4557-94da-b34ce7381eab"
          ]
        }
      ],
      "Page": 1
    },
    {
      "BlockType": "LINE",
      "Confidence": 99.76028442382812,
      "Text": "Experience",
      "Geometry": {
        "BoundingBox": {
          "Width": 0.0901191234588623,
          "Height": 0.01776966080069542,
          "Left": 0.022325923666357994,
          "Top": 0.3383243978023529
        },
        "Polygon": [
          {
            "X": 0.022325923666357994,
            "Y": 0.3403429090976715
          },
          {
            "X": 0.11235294491052628,
            "Y": 0.3383243978023529
          },
          {
            "X": 0.11244504898786545,
            "Y": 0.3541005253791809
          },
          {
            "X": 0.022419987246394157,
            "Y": 0.3560940623283386
          }
        ]
      },
      "Id": "4164d711-add0-48af-8314-9c34c8f22d7b",
      "Relationships": [
        {
          "Type": "CHILD",
          "Ids": [
            "301407b4-ed7a-43d1-bc6f-71b4ead02914"
          ]
        }
      ],
      "Page": 1
    },
    {
      "BlockType": "LINE",
      "Confidence": 90.81474304199219,
      "Text": "a",
      "Geometry": {
        "BoundingBox": {
          "Width": 0.046511102467775345,
          "Height": 0.051230184733867645,
          "Left": 0.9534888863563538,
          "Top": 0.2937348186969757
        },
        "Polygon": [
          {
            "X": 0.9534888863563538,
            "Y": 0.29480716586112976
          },
          {
            "X": 1,
            "Y": 0.2937348186969757
          },
          {
            "X": 1,
            "Y": 0.34393343329429626
          },
          {
            "X": 0.9537191390991211,
            "Y": 0.34496501088142395
          }
        ]
      },
      "Id": "78d40a96-e24c-442a-9ea4-03d142688dc0",
      "Relationships": [
        {
          "Type": "CHILD",
          "Ids": [
            "8a818731-f4d8-40ae-9abc-4ce5f8884aeb"
          ]
        }
      ],
      "Page": 1
    },
    {
      "BlockType": "LINE",
      "Confidence": 99.84677124023438,
      "Text": "2025",
      "Geometry": {
        "BoundingBox": {
          "Width": 0.04044542461633682,
          "Height": 0.012550015933811665,
          "Left": 0.019394095987081528,
          "Top": 0.3597455322742462
        },
        "Polygon": [
          {
            "X": 0.019394095987081528,
            "Y": 0.360636442899704
          },
          {
            "X": 0.05977049097418785,
            "Y": 0.3597455322742462
          },
          {
            "X": 0.05983952060341835,
            "Y": 0.37141290307044983
          },
          {
            "X": 0.01946377567946911,
            "Y": 0.3722955286502838
          }
        ]
      },
      "Id": "48a8b3de-b79b-4b76-ba1b-04d51ef32f17",
      "Relationships": [
        {
          "Type": "CHILD",
          "Ids": [
            "b9bbad04-6a40-4e5f-9edf-93fc86a60b68"
          ]
        }
      ],
      "Page": 1
    },
    {
      "BlockType": "LINE",
      "Confidence": 92.81292724609375,
      "Text": "Al recommendations in Amazon DataZone",
      "Geometry": {
        "BoundingBox": {
          "Width": 0.16798633337020874,
          "Height": 0.012946007773280144,
          "Left": 0.49130210280418396,
          "Top": 0.35815757513046265
        },
        "Polygon": [
          {
            "X": 0.49130210280418396,
            "Y": 0.3618292808532715
          },
          {
            "X": 0.6592416763305664,
            "Y": 0.35815757513046265
          },
          {
            "X": 0.6592884659767151,
            "Y": 0.3674590587615967
          },
          {
            "X": 0.49135103821754456,
            "Y": 0.37110358476638794
          }
        ]
      },
      "Id": "2de6b1eb-01e9-4e22-9ccd-6017e900b77f",
      "Relationships": [
        {
          "Type": "CHILD",
          "Ids": [
            "5a2c049b-f995-466d-8fb5-5c3a4b3451e9",
            "d03fe773-7d43-4a02-a6e1-8c074f97008d",
            "7fd13a84-f01e-429b-ae1b-c24d72d9e9e1",
            "acd221c0-52a1-4e7f-93d1-296830b16e5e",
            "ffc38ab7-b837-46d5-8a97-3f08d114eb3f"
          ]
        }
      ],
      "Page": 1
    },
    {
      "BlockType": "LINE",
      "Confidence": 98.28724670410156,
      "Text": "Governe",
      "Geometry": {
        "BoundingBox": {
          "Width": 0.047043327242136,
          "Height": 0.008943166583776474,
          "Left": 0.21857252717018127,
          "Top": 0.38078179955482483
        },
        "Polygon": [
          {
            "X": 0.21857252717018127,
            "Y": 0.38179782032966614
          },
          {
            "X": 0.26557132601737976,
            "Y": 0.38078179955482483
          },
          {
            "X": 0.265615850687027,
            "Y": 0.3887154757976532
          },
          {
            "X": 0.21861755847930908,
            "Y": 0.3897249698638916
          }
        ]
      },
      "Id": "1fe5bd29-711b-40ff-a1ae-8af88df221a5",
      "Relationships": [
        {
          "Type": "CHILD",
          "Ids": [
            "d4f39d30-de65-4731-8053-95567ca9a3ff"
          ]
        }
      ],
      "Page": 1
    },
    {
      "BlockType": "LINE",
      "Confidence": 98.53819274902344,
      "Text": "Automated labor intensive process of data cataloging",
      "Geometry": {
        "BoundingBox": {
          "Width": 0.2074650079011917,
          "Height": 0.014257845468819141,
          "Left": 0.47239363193511963,
          "Top": 0.36589422821998596
        },
        "Polygon": [
          {
            "X": 0.47239363193511963,
            "Y": 0.370399534702301
          },
          {
            "X": 0.6798097491264343,
            "Y": 0.36589422821998596
          },
          {
            "X": 0.6798586249351501,
            "Y": 0.37568211555480957
          },
          {
            "X": 0.47244536876678467,
            "Y": 0.3801520764827728
          }
        ]
      },
      "Id": "d97c8756-2dbd-434f-87a9-d7a42bad58fc",
      "Relationships": [
        {
          "Type": "CHILD",
          "Ids": [
            "29838e27-cf05-431f-a68d-112ac0b0085d",
            "93ccf390-336c-4eb6-8b46-3c20167d9e89",
            "7361fe13-672d-45ee-b52e-bd649bff0728",
            "4f825989-a09b-4f07-8fc1-597db1c59894",
            "7d4a3680-a172-4d40-b3cd-9d8fc20ef87e",
            "a91fc682-f83e-4c07-bce9-02c67ba799f2",
            "4970ceef-c88c-481a-bfa5-0c4b44c56d8e"
          ]
        }
      ],
      "Page": 1
    },
    {
      "BlockType": "LINE",
      "Confidence": 99.72542572021484,
      "Text": "Armazene &",
      "Geometry": {
        "BoundingBox": {
          "Width": 0.07076550275087357,
          "Height": 0.00956802163273096,
          "Left": 0.21227265894412994,
          "Top": 0.4257858693599701
        },
        "Polygon": [
          {
            "X": 0.21227265894412994,
            "Y": 0.42725855112075806
          },
          {
            "X": 0.2829928696155548,
            "Y": 0.4257858693599701
          },
          {
            "X": 0.2830381691455841,
            "Y": 0.433891236782074
          },
          {
            "X": 0.21231871843338013,
            "Y": 0.4353538751602173
          }
        ]
      },
      "Id": "4995884f-3e44-402a-9a07-729ace2817d3",
      "Relationships": [
        {
          "Type": "CHILD",
          "Ids": [
            "b1edccae-a85e-4345-a8d8-81501343f41f",
            "25f2c4d3-9609-46cd-a9c2-c05d8e4d171e"
          ]
        }
      ],
      "Page": 1
    },
    {
      "BlockType": "LINE",
      "Confidence": 92.39636993408203,
      "Text": "O in Amazon Redshift",
      "Geometry": {
        "BoundingBox": {
          "Width": 0.08715204149484634,
          "Height": 0.008506609126925468,
          "Left": 0.527958869934082,
          "Top": 0.41705214977264404
        },
        "Polygon": [
          {
            "X": 0.527958869934082,
            "Y": 0.4188690483570099
          },
          {
            "X": 0.6150767803192139,
            "Y": 0.41705214977264404
          },
          {
            "X": 0.6151109337806702,
            "Y": 0.4237520098686218
          },
          {
            "X": 0.5279937982559204,
            "Y": 0.42555874586105347
          }
        ]
      },
      "Id": "f8992ea1-b429-4372-8f33-eb67296bb439",
      "Relationships": [
        {
          "Type": "CHILD",
          "Ids": [
            "b10617c6-f07e-4b50-933b-d013c4d70696",
            "bcc66f5d-195a-49c6-b3b5-6a64a5430d54",
            "d3fadf20-ec7a-4e56-8133-3348bc09050e",
            "1bf2b223-ff9c-46a4-b23b-9ab0cd5f17d1"
          ]
        }
      ],
      "Page": 1
    },
    {
      "BlockType": "LINE",
      "Confidence": 99.37667846679688,
      "Text": "Gerencie",
      "Geometry": {
        "BoundingBox": {
          "Width": 0.051274579018354416,
          "Height": 0.009264632128179073,
          "Left": 0.21158760786056519,
          "Top": 0.43776026368141174
        },
        "Polygon": [
          {
            "X": 0.21158760786056519,
            "Y": 0.43881669640541077
          },
          {
            "X": 0.26281604170799255,
            "Y": 0.43776026368141174
          },
          {
            "X": 0.2628621757030487,
            "Y": 0.4459758400917053
          },
          {
            "X": 0.2116343230009079,
            "Y": 0.4470248818397522
          }
        ]
      },
      "Id": "adb94c22-45d5-4bdb-a5d4-fd0e8c11a5d5",
      "Relationships": [
        {
          "Type": "CHILD",
          "Ids": [
            "da52ae4d-6283-4569-8f85-ec9b9b55f58f"
          ]
        }
      ],
      "Page": 1
    },
    {
      "BlockType": "LINE",
      "Confidence": 99.6568603515625,
      "Text": "Submit query requests in plain English & generate SQL code recommendations",
      "Geometry": {
        "BoundingBox": {
          "Width": 0.30606260895729065,
          "Height": 0.015129847452044487,
          "Left": 0.42476651072502136,
          "Top": 0.4234575927257538
        },
        "Polygon": [
          {
            "X": 0.42476651072502136,
            "Y": 0.42979300022125244
          },
          {
            "X": 0.730785608291626,
            "Y": 0.4234575927257538
          },
          {
            "X": 0.730829119682312,
            "Y": 0.43229910731315613
          },
          {
            "X": 0.42481377720832825,
            "Y": 0.4385874569416046
          }
        ]
      },
      "Id": "fc3c3cda-c496-4f86-a549-f90dc498c4ac",
      "Relationships": [
        {
          "Type": "CHILD",
          "Ids": [
            "2c7ce6b0-c1b9-47ff-a22d-ed2c291f9c9d",
            "20b162d8-88be-42c4-a872-053d211e5854",
            "b5c0d8a9-f1ec-4fb3-b810-8d87ff3047be",
            "4b505c32-518d-4784-996d-224400cf5689",
            "c399b2a7-1096-433a-a078-b5bdd8972618",
            "486a7cd7-ec74-400b-8d01-c1371f07c83b",
            "e2c2dc9a-ae8c-4f73-aebd-492fec5bfb8d",
            "0d3dfafb-cb0f-4c8a-8269-7c3d519eee25",
            "9e9a6a5c-b955-46ad-97da-369b88400323",
            "eb23ca13-671b-4b0c-aef8-5b652ea1698c",
            "118f7e82-87e0-4d9e-9db3-77d8095b0356"
          ]
        }
      ],
      "Page": 1
    },
    {
      "BlockType": "LINE",
      "Confidence": 99.8491439819336,
      "Text": "based on Large Language Models",
      "Geometry": {
        "BoundingBox": {
          "Width": 0.12952150404453278,
          "Height": 0.009773030877113342,
          "Left": 0.5069320201873779,
          "Top": 0.43417418003082275
        },
        "Polygon": [
          {
            "X": 0.5069320201873779,
            "Y": 0.4368351399898529
          },
          {
            "X": 0.6364173889160156,
            "Y": 0.43417418003082275
          },
          {
            "X": 0.6364535093307495,
            "Y": 0.4413022994995117
          },
          {
            "X": 0.5069693326950073,
            "Y": 0.4439471960067749
          }
        ]
      },
      "Id": "09996948-0993-4ec9-a807-81ab512bacf2",
      "Relationships": [
        {
          "Type": "CHILD",
          "Ids": [
            "070f72bb-eb0f-45f4-a291-784f578e0b28",
            "09dd70eb-32bc-4c84-a1f6-091cf2bcc7ad",
            "eaac1232-ba3c-47c3-93d4-c3d8ee4f7932",
            "aed82995-8863-4764-8d16-bccf7f71d143",
            "27b681ee-06d1-4ad1-bcde-1abc4e7c6fe5"
          ]
        }
      ],
      "Page": 1
    },
    {
      "BlockType": "LINE",
      "Confidence": 88.60418701171875,
      "Text": "aws",
      "Geometry": {
        "BoundingBox": {
          "Width": 0.015938837081193924,
          "Height": 0.005521521437913179,
          "Left": 0.16639792919158936,
          "Top": 0.47708117961883545
        },
        "Polygon": [
          {
            "X": 0.16639792919158936,
            "Y": 0.47739875316619873
          },
          {
            "X": 0.1823069006204605,
            "Y": 0.47708117961883545
          },
          {
            "X": 0.18233676254749298,
            "Y": 0.48228657245635986
          },
          {
            "X": 0.16642789542675018,
            "Y": 0.48260268568992615
          }
        ]
      },
      "Id": "4cdc0026-b0fa-4953-b075-ac9ba197a38a",
      "Relationships": [
        {
          "Type": "CHILD",
          "Ids": [
            "36ce0789-69b6-4579-86fa-29c8b3dd0710"
          ]
        }
      ],
      "Page": 1
    },
    {
      "BlockType": "WORD",
      "Confidence": 97.38822937011719,
      "Text": "Gerenciamento",
      "TextType": "PRINTED",
      "Geometry": {
        "BoundingBox": {
          "Width": 0.1363154798746109,
          "Height": 0.022858120501041412,
          "Left": 0.23400571942329407,
          "Top": 0.24840892851352692
        },
        "Polygon": [
          {
            "X": 0.23400571942329407,
            "Y": 0.25166305899620056
          },
          {
            "X": 0.3702140152454376,
            "Y": 0.24840892851352692
          },
          {
            "X": 0.37032121419906616,
            "Y": 0.26805976033210754
          },
          {
            "X": 0.23411661386489868,
            "Y": 0.2712670564651489
          }
        ]
      },
      "Id": "f5153f9d-58c3-4814-9874-f76024971513",
      "Page": 1
    },
    {
      "BlockType": "WORD",
      "Confidence": 99.81826782226562,
      "Text": "de",
      "TextType": "PRINTED",
      "Geometry": {
        "BoundingBox": {
          "Width": 0.023493381217122078,
          "Height": 0.01400341372936964,
          "Left": 0.37471580505371094,
          "Top": 0.2459108978509903
        },
        "Polygon": [
          {
            "X": 0.37471580505371094,
            "Y": 0.24647118151187897
          },
          {
            "X": 0.3981363773345947,
            "Y": 0.2459108978509903
          },
          {
            "X": 0.39820918440818787,
            "Y": 0.25935953855514526
          },
          {
            "X": 0.3747890293598175,
            "Y": 0.2599143087863922
          }
        ]
      },
      "Id": "8ce1bb2e-f244-4c66-b383-e7df5a05ad7a",
      "Page": 1
    },
    {
      "BlockType": "WORD",
      "Confidence": 99.68313598632812,
      "Text": "dados",
      "TextType": "PRINTED",
      "Geometry": {
        "BoundingBox": {
          "Width": 0.05757475271821022,
          "Height": 0.01622723415493965,
          "Left": 0.40268445014953613,
          "Top": 0.2415200173854828
        },
        "Polygon": [
          {
            "X": 0.40268445014953613,
            "Y": 0.2428983896970749
          },
          {
            "X": 0.4601801037788391,
            "Y": 0.2415200173854828
          },
          {
            "X": 0.46025919914245605,
            "Y": 0.2563838064670563
          },
          {
            "X": 0.4027647376060486,
            "Y": 0.25774726271629333
          }
        ]
      },
      "Id": "e4392b42-612c-469e-a06e-03f9455e30d2",
      "Page": 1
    },
    {
      "BlockType": "WORD",
      "Confidence": 99.41437530517578,
      "Text": "simplificado",
      "TextType": "PRINTED",
      "Geometry": {
        "BoundingBox": {
          "Width": 0.12547828257083893,
          "Height": 0.0248701311647892,
          "Left": 0.46493202447891235,
          "Top": 0.2299153357744217
        },
        "Polygon": [
          {
            "X": 0.46493202447891235,
            "Y": 0.23293930292129517
          },
          {
            "X": 0.5902979969978333,
            "Y": 0.2299153357744217
          },
          {
            "X": 0.5904102921485901,
            "Y": 0.25180935859680176
          },
          {
            "X": 0.4650481045246124,
            "Y": 0.2547854781150818
          }
        ]
      },
      "Id": "24cd7f8b-c741-4ad6-9631-c7eb5bb470b3",
      "Page": 1
    },
    {
      "BlockType": "WORD",
      "Confidence": 99.55140686035156,
      "Text": "com",
      "TextType": "PRINTED",
      "Geometry": {
        "BoundingBox": {
          "Width": 0.044720422476530075,
          "Height": 0.01326482929289341,
          "Left": 0.5960063934326172,
          "Top": 0.22952157258987427
        },
        "Polygon": [
          {
            "X": 0.5960063934326172,
            "Y": 0.23059815168380737
          },
          {
            "X": 0.6406651735305786,
            "Y": 0.22952157258987427
          },
          {
            "X": 0.6407268047332764,
            "Y": 0.2417193055152893
          },
          {
            "X": 0.596068799495697,
            "Y": 0.24278640747070312
          }
        ]
      },
      "Id": "e5414a6c-23d0-48e3-bb8b-58a5e7cf2855",
      "Page": 1
    },
    {
      "BlockType": "WORD",
      "Confidence": 99.947509765625,
      "Text": "Gen",
      "TextType": "PRINTED",
      "Geometry": {
        "BoundingBox": {
          "Width": 0.041737109422683716,
          "Height": 0.014758286066353321,
          "Left": 0.647791862487793,
          "Top": 0.22398363053798676
        },
        "Polygon": [
          {
            "X": 0.647791862487793,
            "Y": 0.22499129176139832
          },
          {
            "X": 0.6894604563713074,
            "Y": 0.22398363053798676
          },
          {
            "X": 0.6895290017127991,
            "Y": 0.2377442568540573
          },
          {
            "X": 0.6478612422943115,
            "Y": 0.2387419193983078
          }
        ]
      },
      "Id": "a2ccab0c-78d4-4fdd-b985-7515acd6da48",
      "Page": 1
    },
    {
      "BlockType": "WORD",
      "Confidence": 65.50725555419922,
      "Text": "Al",
      "TextType": "PRINTED",
      "Geometry": {
        "BoundingBox": {
          "Width": 0.022183651104569435,
          "Height": 0.013710965402424335,
          "Left": 0.6961783766746521,
          "Top": 0.22115153074264526
        },
        "Polygon": [
          {
            "X": 0.6961783766746521,
            "Y": 0.2216872274875641
          },
          {
            "X": 0.7182969450950623,
            "Y": 0.22115153074264526
          },
          {
            "X": 0.718362033367157,
            "Y": 0.2343318611383438
          },
          {
            "X": 0.6962438821792603,
            "Y": 0.23486249148845673
          }
        ]
      },
      "Id": "e850fada-8d1b-46f1-8b1f-1c6e5e7a3126",
      "Page": 1
    },
    {
      "BlockType": "WORD",
      "Confidence": 92.07563018798828,
      "Text": "Q",
      "TextType": "PRINTED",
      "Geometry": {
        "BoundingBox": {
          "Width": 0.006759874522686005,
          "Height": 0.005914308130741119,
          "Left": 0.52947998046875,
          "Top": 0.2712272107601166
        },
        "Polygon": [
          {
            "X": 0.52947998046875,
            "Y": 0.2713848352432251
          },
          {
            "X": 0.5362098813056946,
            "Y": 0.2712272107601166
          },
          {
            "X": 0.5362398624420166,
            "Y": 0.2769845426082611
          },
          {
            "X": 0.5295100212097168,
            "Y": 0.2771415114402771
          }
        ]
      },
      "Id": "e76bb4a4-0a55-4e44-a00f-ec3fa9eb5aa6",
      "Page": 1
    },
    {
      "BlockType": "WORD",
      "Confidence": 99.30067443847656,
      "Text": "in",
      "TextType": "PRINTED",
      "Geometry": {
        "BoundingBox": {
          "Width": 0.007446967530995607,
          "Height": 0.0058946083299815655,
          "Left": 0.5382556319236755,
          "Top": 0.2704695463180542
        },
        "Polygon": [
          {
            "X": 0.5382556319236755,
            "Y": 0.27064335346221924
          },
          {
            "X": 0.5456728339195251,
            "Y": 0.2704695463180542
          },
          {
            "X": 0.5457025766372681,
            "Y": 0.2761910855770111
          },
          {
            "X": 0.5382853746414185,
            "Y": 0.27636414766311646
          }
        ]
      },
      "Id": "a592dac1-2457-4faa-b0aa-8daf779e1f79",
      "Page": 1
    },
    {
      "BlockType": "WORD",
      "Confidence": 99.829833984375,
      "Text": "Amazon",
      "TextType": "PRINTED",
      "Geometry": {
        "BoundingBox": {
          "Width": 0.031820543110370636,
          "Height": 0.006730200257152319,
          "Left": 0.5477908849716187,
          "Top": 0.2688204348087311
        },
        "Polygon": [
          {
            "X": 0.5477908849716187,
            "Y": 0.2695658504962921
          },
          {
            "X": 0.5795806050300598,
            "Y": 0.2688204348087311
          },
          {
            "X": 0.5796114206314087,
            "Y": 0.27480852603912354
          },
          {
            "X": 0.5478219389915466,
            "Y": 0.27555063366889954
          }
        ]
      },
      "Id": "7b9ee4a1-4c20-48c4-bf7c-ddfef9eea432",
      "Page": 1
    },
    {
      "BlockType": "WORD",
      "Confidence": 99.361083984375,
      "Text": "QuickSight",
      "TextType": "PRINTED",
      "Geometry": {
        "BoundingBox": {
          "Width": 0.04473887011408806,
          "Height": 0.009376952424645424,
          "Left": 0.5815805792808533,
          "Top": 0.26473894715309143
        },
        "Polygon": [
          {
            "X": 0.5815805792808533,
            "Y": 0.26578933000564575
          },
          {
            "X": 0.6262771487236023,
            "Y": 0.26473894715309143
          },
          {
            "X": 0.6263194680213928,
            "Y": 0.2730720043182373
          },
          {
            "X": 0.581623375415802,
            "Y": 0.2741159200668335
          }
        ]
      },
      "Id": "30897e9b-4ec0-44fe-bfe7-492a969a35f2",
      "Page": 1
    },
    {
      "BlockType": "WORD",
      "Confidence": 99.74798583984375,
      "Text": "Enable",
      "TextType": "PRINTED",
      "Geometry": {
        "BoundingBox": {
          "Width": 0.024453697726130486,
          "Height": 0.006950028240680695,
          "Left": 0.4588218927383423,
          "Top": 0.28350526094436646
        },
        "Polygon": [
          {
            "X": 0.4588218927383423,
            "Y": 0.2840725779533386
          },
          {
            "X": 0.48324182629585266,
            "Y": 0.28350526094436646
          },
          {
            "X": 0.4832755923271179,
            "Y": 0.28989070653915405
          },
          {
            "X": 0.45885586738586426,
            "Y": 0.29045531153678894
          }
        ]
      },
      "Id": "7e51c2d4-2eb8-4804-a08d-e4be95c4dc4f",
      "Page": 1
    },
    {
      "BlockType": "WORD",
      "Confidence": 99.77008056640625,
      "Text": "Generative",
      "TextType": "PRINTED",
      "Geometry": {
        "BoundingBox": {
          "Width": 0.03959668055176735,
          "Height": 0.007570695132017136,
          "Left": 0.4852046072483063,
          "Top": 0.2809239327907562
        },
        "Polygon": [
          {
            "X": 0.4852046072483063,
            "Y": 0.2818441390991211
          },
          {
            "X": 0.5247665047645569,
            "Y": 0.2809239327907562
          },
          {
            "X": 0.5248013138771057,
            "Y": 0.2875790297985077
          },
          {
            "X": 0.48523974418640137,
            "Y": 0.28849461674690247
          }
        ]
      },
      "Id": "56bbb03d-31f0-4c2c-a3d1-f803cdc19400",
      "Page": 1
    },
    {
      "BlockType": "WORD",
      "Confidence": 69.46722412109375,
      "Text": "BI",
      "TextType": "PRINTED",
      "Geometry": {
        "BoundingBox": {
          "Width": 0.007402378134429455,
          "Height": 0.005612330511212349,
          "Left": 0.5267589688301086,
          "Top": 0.2798460125923157
        },
        "Polygon": [
          {
            "X": 0.5267589688301086,
            "Y": 0.2800176441669464
          },
          {
            "X": 0.5341329574584961,
            "Y": 0.2798460125923157
          },
          {
            "X": 0.5341613292694092,
            "Y": 0.28528743982315063
          },
          {
            "X": 0.5267874002456665,
            "Y": 0.28545835614204407
          }
        ]
      },
      "Id": "7b19ab5f-ae24-4035-ad53-782e2de398dd",
      "Page": 1
    },
    {
      "BlockType": "WORD",
      "Confidence": 99.861328125,
      "Text": "with",
      "TextType": "PRINTED",
      "Geometry": {
        "BoundingBox": {
          "Width": 0.016762813553214073,
          "Height": 0.006400574464350939,
          "Left": 0.5360028743743896,
          "Top": 0.27842819690704346
        },
        "Polygon": [
          {
            "X": 0.5360028743743896,
            "Y": 0.27881792187690735
          },
          {
            "X": 0.5527344942092896,
            "Y": 0.27842819690704346
          },
          {
            "X": 0.5527656674385071,
            "Y": 0.284440815448761
          },
          {
            "X": 0.5360341668128967,
            "Y": 0.284828782081604
          }
        ]
      },
      "Id": "7f4e93b3-237e-4bee-a659-68a0c2738a0c",
      "Page": 1
    },
    {
      "BlockType": "WORD",
      "Confidence": 99.64410400390625,
      "Text": "intuitive",
      "TextType": "PRINTED",
      "Geometry": {
        "BoundingBox": {
          "Width": 0.031010035425424576,
          "Height": 0.006877537351101637,
          "Left": 0.5546919107437134,
          "Top": 0.27666372060775757
        },
        "Polygon": [
          {
            "X": 0.5546919107437134,
            "Y": 0.2773858308792114
          },
          {
            "X": 0.5856703519821167,
            "Y": 0.27666372060775757
          },
          {
            "X": 0.5857019424438477,
            "Y": 0.28282251954078674
          },
          {
            "X": 0.5547237992286682,
            "Y": 0.2835412621498108
          }
        ]
      },
      "Id": "e33005fb-d40e-4be3-abd6-a910aad37f98",
      "Page": 1
    },
    {
      "BlockType": "WORD",
      "Confidence": 99.65275573730469,
      "Text": "natural",
      "TextType": "PRINTED",
      "Geometry": {
        "BoundingBox": {
          "Width": 0.028544967994093895,
          "Height": 0.007338093128055334,
          "Left": 0.5873222351074219,
          "Top": 0.2742021977901459
        },
        "Polygon": [
          {
            "X": 0.5873222351074219,
            "Y": 0.2748676538467407
          },
          {
            "X": 0.6158331632614136,
            "Y": 0.2742021977901459
          },
          {
            "X": 0.6158671975135803,
            "Y": 0.2808781862258911
          },
          {
            "X": 0.587356448173523,
            "Y": 0.28154030442237854
          }
        ]
      },
      "Id": "cfe27b32-083f-4ff8-8953-59b5f979400b",
      "Page": 1
    },
    {
      "BlockType": "WORD",
      "Confidence": 98.5259017944336,
      "Text": "language",
      "TextType": "PRINTED",
      "Geometry": {
        "BoundingBox": {
          "Width": 0.0373864620923996,
          "Height": 0.008662555366754532,
          "Left": 0.6168725490570068,
          "Top": 0.2720720171928406
        },
        "Polygon": [
          {
            "X": 0.6168725490570068,
            "Y": 0.27294450998306274
          },
          {
            "X": 0.6542198061943054,
            "Y": 0.2720720171928406
          },
          {
            "X": 0.6542590260505676,
            "Y": 0.27986717224121094
          },
          {
            "X": 0.6169122457504272,
            "Y": 0.2807345688343048
          }
        ]
      },
      "Id": "9316fbdb-810d-43eb-9bea-82cdac7575e4",
      "Page": 1
    },
    {
      "BlockType": "WORD",
      "Confidence": 99.0185546875,
      "Text": "experiences",
      "TextType": "PRINTED",
      "Geometry": {
        "BoundingBox": {
          "Width": 0.047316938638687134,
          "Height": 0.00872320681810379,
          "Left": 0.6562854051589966,
          "Top": 0.2687222361564636
        },
        "Polygon": [
          {
            "X": 0.6562854051589966,
            "Y": 0.26982855796813965
          },
          {
            "X": 0.7035645246505737,
            "Y": 0.2687222361564636
          },
          {
            "X": 0.7036023139953613,
            "Y": 0.2763454020023346
          },
          {
            "X": 0.6563237309455872,
            "Y": 0.2774454653263092
          }
        ]
      },
      "Id": "1670d297-6cdf-4dcf-bd09-98824034655f",
      "Page": 1
    },
    {
      "BlockType": "WORD",
      "Confidence": 87.45946502685547,
      "Text": "Experiência",
      "TextType": "PRINTED",
      "Geometry": {
        "BoundingBox": {
          "Width": 0.06457124650478363,
          "Height": 0.01356812659651041,
          "Left": 0.22811616957187653,
          "Top": 0.2914949655532837
        },
        "Polygon": [
          {
            "X": 0.22811616957187653,
            "Y": 0.29298949241638184
          },
          {
            "X": 0.29262009263038635,
            "Y": 0.2914949655532837
          },
          {
            "X": 0.29268741607666016,
            "Y": 0.30358225107192993
          },
          {
            "X": 0.22818458080291748,
            "Y": 0.3050630986690521
          }
        ]
      },
      "Id": "a65899bd-7288-46b7-9b15-c56d14033ff2",
      "Page": 1
    },
    {
      "BlockType": "WORD",
      "Confidence": 99.43126678466797,
      "Text": "Cloud",
      "TextType": "PRINTED",
      "Geometry": {
        "BoundingBox": {
          "Width": 0.047646764665842056,
          "Height": 0.014902031980454922,
          "Left": 0.025531385093927383,
          "Top": 0.32095998525619507
        },
        "Polygon": [
          {
            "X": 0.025531385093927383,
            "Y": 0.32204169034957886
          },
          {
            "X": 0.07309659570455551,
            "Y": 0.32095998525619507
          },
          {
            "X": 0.07317814975976944,
            "Y": 0.3347918689250946
          },
          {
            "X": 0.025613849982619286,
            "Y": 0.33586201071739197
          }
        ]
      },
      "Id": "00f0308f-d877-47e4-80b1-e42f821b3e2b",
      "Page": 1
    },
    {
      "BlockType": "WORD",
      "Confidence": 71.95850372314453,
      "Text": "O",
      "TextType": "PRINTED",
      "Geometry": {
        "BoundingBox": {
          "Width": 0.006671274080872536,
          "Height": 0.005514058750122786,
          "Left": 0.617700457572937,
          "Top": 0.3112339973449707
        },
        "Polygon": [
          {
            "X": 0.617700457572937,
            "Y": 0.31138476729393005
          },
          {
            "X": 0.624344527721405,
            "Y": 0.3112339973449707
          },
          {
            "X": 0.6243717670440674,
            "Y": 0.31659790873527527
          },
          {
            "X": 0.6177277565002441,
            "Y": 0.3167480528354645
          }
        ]
      },
      "Id": "98da2fa2-a188-4aba-a985-e83f2c3e9f79",
      "Page": 1
    },
    {
      "BlockType": "WORD",
      "Confidence": 99.22272491455078,
      "Text": "in",
      "TextType": "PRINTED",
      "Geometry": {
        "BoundingBox": {
          "Width": 0.007571975700557232,
          "Height": 0.005505076609551907,
          "Left": 0.6269718408584595,
          "Top": 0.3107970356941223
        },
        "Polygon": [
          {
            "X": 0.6269718408584595,
            "Y": 0.310968279838562
          },
          {
            "X": 0.6345167756080627,
            "Y": 0.3107970356941223
          },
          {
            "X": 0.634543776512146,
            "Y": 0.316131591796875
          },
          {
            "X": 0.6269989013671875,
            "Y": 0.3163021206855774
          }
        ]
      },
      "Id": "dd39041b-36c6-4dd7-baaf-71bea9c466e9",
      "Page": 1
    },
    {
      "BlockType": "WORD",
      "Confidence": 99.86091613769531,
      "Text": "Amazon",
      "TextType": "PRINTED",
      "Geometry": {
        "BoundingBox": {
          "Width": 0.03426063805818558,
          "Height": 0.006410227157175541,
          "Left": 0.6368106603622437,
          "Top": 0.3091745376586914
        },
        "Polygon": [
          {
            "X": 0.6368106603622437,
            "Y": 0.3099519610404968
          },
          {
            "X": 0.6710430383682251,
            "Y": 0.3091745376586914
          },
          {
            "X": 0.6710712909698486,
            "Y": 0.31481072306632996
          },
          {
            "X": 0.6368391513824463,
            "Y": 0.31558477878570557
          }
        ]
      },
      "Id": "c2248dde-fa8c-474c-b1ff-3091b8a20618",
      "Page": 1
    },
    {
      "BlockType": "WORD",
      "Confidence": 99.29837036132812,
      "Text": "SageMaker",
      "TextType": "PRINTED",
      "Geometry": {
        "BoundingBox": {
          "Width": 0.046975791454315186,
          "Height": 0.008200240321457386,
          "Left": 0.6728762984275818,
          "Top": 0.3057761490345001
        },
        "Polygon": [
          {
            "X": 0.6728762984275818,
            "Y": 0.3068440556526184
          },
          {
            "X": 0.7198168635368347,
            "Y": 0.3057761490345001
          },
          {
            "X": 0.719852089881897,
            "Y": 0.31291434168815613
          },
          {
            "X": 0.6729120016098022,
            "Y": 0.3139764070510864
          }
        ]
      },
      "Id": "92972738-e462-442b-b97f-57b269826f41",
      "Page": 1
    },
    {
      "BlockType": "WORD",
      "Confidence": 62.877410888671875,
      "Text": "O",
      "TextType": "PRINTED",
      "Geometry": {
        "BoundingBox": {
          "Width": 0.006812342908233404,
          "Height": 0.005519982427358627,
          "Left": 0.45171117782592773,
          "Top": 0.3217981457710266
        },
        "Polygon": [
          {
            "X": 0.45171117782592773,
            "Y": 0.321951299905777
          },
          {
            "X": 0.4584949314594269,
            "Y": 0.3217981457710266
          },
          {
            "X": 0.4585235118865967,
            "Y": 0.3271656334400177
          },
          {
            "X": 0.4517398178577423,
            "Y": 0.32731813192367554
          }
        ]
      },
      "Id": "7b365c2e-f56f-45c6-83eb-7418e27955f4",
      "Page": 1
    },
    {
      "BlockType": "WORD",
      "Confidence": 96.57421112060547,
      "Text": "in",
      "TextType": "PRINTED",
      "Geometry": {
        "BoundingBox": {
          "Width": 0.006718015298247337,
          "Height": 0.005631693173199892,
          "Left": 0.46112799644470215,
          "Top": 0.3212035596370697
        },
        "Polygon": [
          {
            "X": 0.46112799644470215,
            "Y": 0.32135459780693054
          },
          {
            "X": 0.46781688928604126,
            "Y": 0.3212035596370697
          },
          {
            "X": 0.46784600615501404,
            "Y": 0.3266848623752594
          },
          {
            "X": 0.4611571431159973,
            "Y": 0.3268352746963501
          }
        ]
      },
      "Id": "4fdfc48f-d0fb-4187-bad1-ed93fe5509cc",
      "Page": 1
    },
    {
      "BlockType": "WORD",
      "Confidence": 99.63077545166016,
      "Text": "AWS",
      "TextType": "PRINTED",
      "Geometry": {
        "BoundingBox": {
          "Width": 0.017862774431705475,
          "Height": 0.0059915464371442795,
          "Left": 0.4694513976573944,
          "Top": 0.3203016221523285
        },
        "Polygon": [
          {
            "X": 0.4694513976573944,
            "Y": 0.32070446014404297
          },
          {
            "X": 0.48728466033935547,
            "Y": 0.3203016221523285
          },
          {
            "X": 0.4873141646385193,
            "Y": 0.3258920907974243
          },
          {
            "X": 0.46948108077049255,
            "Y": 0.3262931704521179
          }
        ]
      },
      "Id": "5420121a-7606-4804-81fc-a3eeadd770a9",
      "Page": 1
    },
    {
      "BlockType": "WORD",
      "Confidence": 99.60618591308594,
      "Text": "Glue",
      "TextType": "PRINTED",
      "Geometry": {
        "BoundingBox": {
          "Width": 0.018229495733976364,
          "Height": 0.006315268576145172,
          "Left": 0.48897120356559753,
          "Top": 0.31891047954559326
        },
        "Polygon": [
          {
            "X": 0.48897120356559753,
            "Y": 0.319321870803833
          },
          {
            "X": 0.5071696639060974,
            "Y": 0.31891047954559326
          },
          {
            "X": 0.5072007179260254,
            "Y": 0.3248162567615509
          },
          {
            "X": 0.48900237679481506,
            "Y": 0.32522574067115784
          }
        ]
      },
      "Id": "d7fc0a74-adde-4eb9-bece-c3f26a324452",
      "Page": 1
    },
    {
      "BlockType": "WORD",
      "Confidence": 99.19354248046875,
      "Text": "Code",
      "TextType": "PRINTED",
      "Geometry": {
        "BoundingBox": {
          "Width": 0.020103776827454567,
          "Height": 0.0061814854852855206,
          "Left": 0.6179107427597046,
          "Top": 0.31821855902671814
        },
        "Polygon": [
          {
            "X": 0.6179107427597046,
            "Y": 0.3186715543270111
          },
          {
            "X": 0.6379855275154114,
            "Y": 0.31821855902671814
          },
          {
            "X": 0.6380144953727722,
            "Y": 0.32394903898239136
          },
          {
            "X": 0.6179398894309998,
            "Y": 0.32440003752708435
          }
        ]
      },
      "Id": "7f2b84a3-ac3c-404c-b099-320b28e8916a",
      "Page": 1
    },
    {
      "BlockType": "WORD",
      "Confidence": 99.72525787353516,
      "Text": "Assistance",
      "TextType": "PRINTED",
      "Geometry": {
        "BoundingBox": {
          "Width": 0.042057596147060394,
          "Height": 0.006935676094144583,
          "Left": 0.6399685144424438,
          "Top": 0.3159578740596771
        },
        "Polygon": [
          {
            "X": 0.6399685144424438,
            "Y": 0.31690719723701477
          },
          {
            "X": 0.6819961667060852,
            "Y": 0.3159578740596771
          },
          {
            "X": 0.6820260882377625,
            "Y": 0.3219486176967621
          },
          {
            "X": 0.639998733997345,
            "Y": 0.32289355993270874
          }
        ]
      },
      "Id": "64fb6186-331f-4755-9c46-6209352eb138",
      "Page": 1
    },
    {
      "BlockType": "WORD",
      "Confidence": 99.49083709716797,
      "Text": "&",
      "TextType": "PRINTED",
      "Geometry": {
        "BoundingBox": {
          "Width": 0.006094219163060188,
          "Height": 0.005542856175452471,
          "Left": 0.684111475944519,
          "Top": 0.3149861991405487
        },
        "Polygon": [
          {
            "X": 0.684111475944519,
            "Y": 0.3151233494281769
          },
          {
            "X": 0.6901787519454956,
            "Y": 0.3149861991405487
          },
          {
            "X": 0.6902056932449341,
            "Y": 0.3203924894332886
          },
          {
            "X": 0.6841384768486023,
            "Y": 0.3205290734767914
          }
        ]
      },
      "Id": "809f452e-8971-4bab-8096-34988f4f7437",
      "Page": 1
    },
    {
      "BlockType": "WORD",
      "Confidence": 99.84593200683594,
      "Text": "debug",
      "TextType": "PRINTED",
      "Geometry": {
        "BoundingBox": {
          "Width": 0.02583855204284191,
          "Height": 0.00726074306294322,
          "Left": 0.6931766867637634,
          "Top": 0.3137710988521576
        },
        "Polygon": [
          {
            "X": 0.6931766867637634,
            "Y": 0.3143545985221863
          },
          {
            "X": 0.7189822793006897,
            "Y": 0.3137710988521576
          },
          {
            "X": 0.7190152406692505,
            "Y": 0.3204513490200043
          },
          {
            "X": 0.6932099461555481,
            "Y": 0.3210318684577942
          }
        ]
      },
      "Id": "9b41c296-5d80-4694-a3e0-2c132081e297",
      "Page": 1
    },
    {
      "BlockType": "WORD",
      "Confidence": 98.5112075805664,
      "Text": "Agir",
      "TextType": "PRINTED",
      "Geometry": {
        "BoundingBox": {
          "Width": 0.02579514868557453,
          "Height": 0.011133131571114063,
          "Left": 0.22164297103881836,
          "Top": 0.33565232157707214
        },
        "Polygon": [
          {
            "X": 0.22164297103881836,
            "Y": 0.3362291753292084
          },
          {
            "X": 0.24737857282161713,
            "Y": 0.33565232157707214
          },
          {
            "X": 0.24743811786174774,
            "Y": 0.34621337056159973
          },
          {
            "X": 0.22170288860797882,
            "Y": 0.34678545594215393
          }
        ]
      },
      "Id": "2d107a64-7338-4bd9-bb6d-e64800ce4dfb",
      "Page": 1
    },
    {
      "BlockType": "WORD",
      "Confidence": 99.54859161376953,
      "Text": "Automatically",
      "TextType": "PRINTED",
      "Geometry": {
        "BoundingBox": {
          "Width": 0.0497477725148201,
          "Height": 0.007712662220001221,
          "Left": 0.3779344856739044,
          "Top": 0.3304649889469147
        },
        "Polygon": [
          {
            "X": 0.3779344856739044,
            "Y": 0.3315802812576294
          },
          {
            "X": 0.42764678597450256,
            "Y": 0.3304649889469147
          },
          {
            "X": 0.4276822507381439,
            "Y": 0.337068110704422
          },
          {
            "X": 0.3779703974723816,
            "Y": 0.3381776511669159
          }
        ]
      },
      "Id": "60c63592-083e-4448-b41e-d645dbdae560",
      "Page": 1
    },
    {
      "BlockType": "WORD",
      "Confidence": 99.7638168334961,
      "Text": "author",
      "TextType": "PRINTED",
      "Geometry": {
        "BoundingBox": {
          "Width": 0.02332277223467827,
          "Height": 0.006151244975626469,
          "Left": 0.4294751286506653,
          "Top": 0.329118013381958
        },
        "Polygon": [
          {
            "X": 0.4294751286506653,
            "Y": 0.3296408951282501
          },
          {
            "X": 0.45276784896850586,
            "Y": 0.329118013381958
          },
          {
            "X": 0.45279788970947266,
            "Y": 0.33474865555763245
          },
          {
            "X": 0.429505318403244,
            "Y": 0.3352692425251007
          }
        ]
      },
      "Id": "d9058fe7-f67a-473a-8725-39edde7cf967",
      "Page": 1
    },
    {
      "BlockType": "WORD",
      "Confidence": 99.78457641601562,
      "Text": "jobs",
      "TextType": "PRINTED",
      "Geometry": {
        "BoundingBox": {
          "Width": 0.01701849326491356,
          "Height": 0.007593908812850714,
          "Left": 0.4538935124874115,
          "Top": 0.32801327109336853
        },
        "Polygon": [
          {
            "X": 0.4538935124874115,
            "Y": 0.32839465141296387
          },
          {
            "X": 0.47087371349334717,
            "Y": 0.32801327109336853
          },
          {
            "X": 0.47091200947761536,
            "Y": 0.335227906703949
          },
          {
            "X": 0.4539319574832916,
            "Y": 0.3356071710586548
          }
        ]
      },
      "Id": "3d6de2dd-7fbe-4ec8-98e9-5b0d7495b4bd",
      "Page": 1
    },
    {
      "BlockType": "WORD",
      "Confidence": 99.86297607421875,
      "Text": "and",
      "TextType": "PRINTED",
      "Geometry": {
        "BoundingBox": {
          "Width": 0.014128364622592926,
          "Height": 0.005871943663805723,
          "Left": 0.47159063816070557,
          "Top": 0.3272366225719452
        },
        "Polygon": [
          {
            "X": 0.47159063816070557,
            "Y": 0.3275534212589264
          },
          {
            "X": 0.485689640045166,
            "Y": 0.3272366225719452
          },
          {
            "X": 0.4857189953327179,
            "Y": 0.33279314637184143
          },
          {
            "X": 0.471620112657547,
            "Y": 0.3331085741519928
          }
        ]
      },
      "Id": "d2f0bb09-82f3-4993-9c2f-5f8cc643a987",
      "Page": 1
    },
    {
      "BlockType": "WORD",
      "Confidence": 99.4381103515625,
      "Text": "troubleshoot",
      "TextType": "PRINTED",
      "Geometry": {
        "BoundingBox": {
          "Width": 0.04796985164284706,
          "Height": 0.008007783442735672,
          "Left": 0.48719948530197144,
          "Top": 0.3243188261985779
        },
        "Polygon": [
          {
            "X": 0.48719948530197144,
            "Y": 0.3253973424434662
          },
          {
            "X": 0.5351331830024719,
            "Y": 0.3243188261985779
          },
          {
            "X": 0.5351693630218506,
            "Y": 0.33125388622283936
          },
          {
            "X": 0.4872360825538635,
            "Y": 0.33232659101486206
          }
        ]
      },
      "Id": "2d439f75-47ad-4d0f-b9da-bcd4e2ed9440",
      "Page": 1
    },
    {
      "BlockType": "WORD",
      "Confidence": 99.86579132080078,
      "Text": "related",
      "TextType": "PRINTED",
      "Geometry": {
        "BoundingBox": {
          "Width": 0.027259912341833115,
          "Height": 0.007145191077142954,
          "Left": 0.5369110703468323,
          "Top": 0.32233765721321106
        },
        "Polygon": [
          {
            "X": 0.5369110703468323,
            "Y": 0.3229508697986603
          },
          {
            "X": 0.5641372203826904,
            "Y": 0.32233765721321106
          },
          {
            "X": 0.5641710162162781,
            "Y": 0.3288727402687073
          },
          {
            "X": 0.536945104598999,
            "Y": 0.3294828534126282
          }
        ]
      },
      "Id": "9ba6d0e6-4d24-4b84-8c6e-45623f075742",
      "Page": 1
    },
    {
      "BlockType": "WORD",
      "Confidence": 99.75684356689453,
      "Text": "issues",
      "TextType": "PRINTED",
      "Geometry": {
        "BoundingBox": {
          "Width": 0.022180883213877678,
          "Height": 0.006055469159036875,
          "Left": 0.5662413835525513,
          "Top": 0.32147008180618286
        },
        "Polygon": [
          {
            "X": 0.5662413835525513,
            "Y": 0.3219691514968872
          },
          {
            "X": 0.5883937478065491,
            "Y": 0.32147008180618286
          },
          {
            "X": 0.5884222388267517,
            "Y": 0.32702866196632385
          },
          {
            "X": 0.5662700533866882,
            "Y": 0.3275255560874939
          }
        ]
      },
      "Id": "ab88dfd6-7ad2-4557-94da-b34ce7381eab",
      "Page": 1
    },
    {
      "BlockType": "WORD",
      "Confidence": 99.76028442382812,
      "Text": "Experience",
      "TextType": "PRINTED",
      "Geometry": {
        "BoundingBox": {
          "Width": 0.0901191234588623,
          "Height": 0.01776966080069542,
          "Left": 0.022325923666357994,
          "Top": 0.3383243978023529
        },
        "Polygon": [
          {
            "X": 0.022325923666357994,
            "Y": 0.3403429090976715
          },
          {
            "X": 0.11235294491052628,
            "Y": 0.3383243978023529
          },
          {
            "X": 0.11244504898786545,
            "Y": 0.3541005253791809
          },
          {
            "X": 0.022419987246394157,
            "Y": 0.3560940623283386
          }
        ]
      },
      "Id": "301407b4-ed7a-43d1-bc6f-71b4ead02914",
      "Page": 1
    },
    {
      "BlockType": "WORD",
      "Confidence": 90.81474304199219,
      "Text": "a",
      "TextType": "PRINTED",
      "Geometry": {
        "BoundingBox": {
          "Width": 0.046511102467775345,
          "Height": 0.051230184733867645,
          "Left": 0.9534888863563538,
          "Top": 0.2937348186969757
        },
        "Polygon": [
          {
            "X": 0.9534888863563538,
            "Y": 0.29480716586112976
          },
          {
            "X": 1,
            "Y": 0.2937348186969757
          },
          {
            "X": 1,
            "Y": 0.34393343329429626
          },
          {
            "X": 0.9537191390991211,
            "Y": 0.34496501088142395
          }
        ]
      },
      "Id": "8a818731-f4d8-40ae-9abc-4ce5f8884aeb",
      "Page": 1
    },
    {
      "BlockType": "WORD",
      "Confidence": 99.84677124023438,
      "Text": "2025",
      "TextType": "PRINTED",
      "Geometry": {
        "BoundingBox": {
          "Width": 0.04044542461633682,
          "Height": 0.012550015933811665,
          "Left": 0.019394095987081528,
          "Top": 0.3597455322742462
        },
        "Polygon": [
          {
            "X": 0.019394095987081528,
            "Y": 0.360636442899704
          },
          {
            "X": 0.05977049097418785,
            "Y": 0.3597455322742462
          },
          {
            "X": 0.05983952060341835,
            "Y": 0.37141290307044983
          },
          {
            "X": 0.01946377567946911,
            "Y": 0.3722955286502838
          }
        ]
      },
      "Id": "b9bbad04-6a40-4e5f-9edf-93fc86a60b68",
      "Page": 1
    },
    {
      "BlockType": "WORD",
      "Confidence": 66.12708282470703,
      "Text": "Al",
      "TextType": "PRINTED",
      "Geometry": {
        "BoundingBox": {
          "Width": 0.008424830622971058,
          "Height": 0.00539386784657836,
          "Left": 0.4913235604763031,
          "Top": 0.36570969223976135
        },
        "Polygon": [
          {
            "X": 0.4913235604763031,
            "Y": 0.3658927083015442
          },
          {
            "X": 0.499720960855484,
            "Y": 0.36570969223976135
          },
          {
            "X": 0.4997483789920807,
            "Y": 0.3709213435649872
          },
          {
            "X": 0.49135103821754456,
            "Y": 0.37110358476638794
          }
        ]
      },
      "Id": "5a2c049b-f995-466d-8fb5-5c3a4b3451e9",
      "Page": 1
    },
    {
      "BlockType": "WORD",
      "Confidence": 99.17013549804688,
      "Text": "recommendations",
      "TextType": "PRINTED",
      "Geometry": {
        "BoundingBox": {
          "Width": 0.07079949975013733,
          "Height": 0.008178330957889557,
          "Left": 0.5013384222984314,
          "Top": 0.36248520016670227
        },
        "Polygon": [
          {
            "X": 0.5013384222984314,
            "Y": 0.3640293776988983
          },
          {
            "X": 0.5721036195755005,
            "Y": 0.36248520016670227
          },
          {
            "X": 0.5721378922462463,
            "Y": 0.3691275417804718
          },
          {
            "X": 0.501373291015625,
            "Y": 0.37066352367401123
          }
        ]
      },
      "Id": "d03fe773-7d43-4a02-a6e1-8c074f97008d",
      "Page": 1
    },
    {
      "BlockType": "WORD",
      "Confidence": 99.76859283447266,
      "Text": "in",
      "TextType": "PRINTED",
      "Geometry": {
        "BoundingBox": {
          "Width": 0.008146322332322598,
          "Height": 0.005750536918640137,
          "Left": 0.5740442276000977,
          "Top": 0.36165690422058105
        },
        "Polygon": [
          {
            "X": 0.5740442276000977,
            "Y": 0.3618341088294983
          },
          {
            "X": 0.5821619033813477,
            "Y": 0.36165690422058105
          },
          {
            "X": 0.5821905136108398,
            "Y": 0.36723101139068604
          },
          {
            "X": 0.5740729570388794,
            "Y": 0.3674074411392212
          }
        ]
      },
      "Id": "7fd13a84-f01e-429b-ae1b-c24d72d9e9e1",
      "Page": 1
    },
    {
      "BlockType": "WORD",
      "Confidence": 99.89271545410156,
      "Text": "Amazon",
      "TextType": "PRINTED",
      "Geometry": {
        "BoundingBox": {
          "Width": 0.033430103212594986,
          "Height": 0.006094746757298708,
          "Left": 0.5837840437889099,
          "Top": 0.36048218607902527
        },
        "Polygon": [
          {
            "X": 0.5837840437889099,
            "Y": 0.3612116575241089
          },
          {
            "X": 0.6171868443489075,
            "Y": 0.36048218607902527
          },
          {
            "X": 0.6172142028808594,
            "Y": 0.365850567817688
          },
          {
            "X": 0.5838116407394409,
            "Y": 0.3665769100189209
          }
        ]
      },
      "Id": "acd221c0-52a1-4e7f-93d1-296830b16e5e",
      "Page": 1
    },
    {
      "BlockType": "WORD",
      "Confidence": 99.10610961914062,
      "Text": "DataZone",
      "TextType": "PRINTED",
      "Geometry": {
        "BoundingBox": {
          "Width": 0.039915941655635834,
          "Height": 0.00685624685138464,
          "Left": 0.6193558573722839,
          "Top": 0.35815757513046265
        },
        "Polygon": [
          {
            "X": 0.6193558573722839,
            "Y": 0.3590295910835266
          },
          {
            "X": 0.6592416763305664,
            "Y": 0.35815757513046265
          },
          {
            "X": 0.659271776676178,
            "Y": 0.3641459345817566
          },
          {
            "X": 0.6193863153457642,
            "Y": 0.36501380801200867
          }
        ]
      },
      "Id": "ffc38ab7-b837-46d5-8a97-3f08d114eb3f",
      "Page": 1
    },
    {
      "BlockType": "WORD",
      "Confidence": 98.28724670410156,
      "Text": "Governe",
      "TextType": "PRINTED",
      "Geometry": {
        "BoundingBox": {
          "Width": 0.047043327242136,
          "Height": 0.008943166583776474,
          "Left": 0.21857252717018127,
          "Top": 0.38078179955482483
        },
        "Polygon": [
          {
            "X": 0.21857252717018127,
            "Y": 0.38179782032966614
          },
          {
            "X": 0.26557132601737976,
            "Y": 0.38078179955482483
          },
          {
            "X": 0.265615850687027,
            "Y": 0.3887154757976532
          },
          {
            "X": 0.21861755847930908,
            "Y": 0.3897249698638916
          }
        ]
      },
      "Id": "d4f39d30-de65-4731-8053-95567ca9a3ff",
      "Page": 1
    },
    {
      "BlockType": "WORD",
      "Confidence": 99.7635498046875,
      "Text": "Automated",
      "TextType": "PRINTED",
      "Geometry": {
        "BoundingBox": {
          "Width": 0.04207393527030945,
          "Height": 0.006975401658564806,
          "Left": 0.47241318225860596,
          "Top": 0.3731766641139984
        },
        "Polygon": [
          {
            "X": 0.47241318225860596,
            "Y": 0.3740871548652649
          },
          {
            "X": 0.5144553184509277,
            "Y": 0.3731766641139984
          },
          {
            "X": 0.5144871473312378,
            "Y": 0.3792460262775421
          },
          {
            "X": 0.47244536876678467,
            "Y": 0.3801520764827728
          }
        ]
      },
      "Id": "29838e27-cf05-431f-a68d-112ac0b0085d",
      "Page": 1
    },
    {
      "BlockType": "WORD",
      "Confidence": 95.14463806152344,
      "Text": "labor",
      "TextType": "PRINTED",
      "Geometry": {
        "BoundingBox": {
          "Width": 0.01939447969198227,
          "Height": 0.005950537975877523,
          "Left": 0.5163112878799438,
          "Top": 0.3722824156284332
        },
        "Polygon": [
          {
            "X": 0.5163112878799438,
            "Y": 0.3727019727230072
          },
          {
            "X": 0.5356769561767578,
            "Y": 0.3722824156284332
          },
          {
            "X": 0.5357057452201843,
            "Y": 0.37781527638435364
          },
          {
            "X": 0.5163402557373047,
            "Y": 0.3782329559326172
          }
        ]
      },
      "Id": "93ccf390-336c-4eb6-8b46-3c20167d9e89",
      "Page": 1
    },
    {
      "BlockType": "WORD",
      "Confidence": 95.61473846435547,
      "Text": "intensive",
      "TextType": "PRINTED",
      "Geometry": {
        "BoundingBox": {
          "Width": 0.03483370319008827,
          "Height": 0.006416702177375555,
          "Left": 0.5377190113067627,
          "Top": 0.37096837162971497
        },
        "Polygon": [
          {
            "X": 0.5377190113067627,
            "Y": 0.3717226982116699
          },
          {
            "X": 0.5725235342979431,
            "Y": 0.37096837162971497
          },
          {
            "X": 0.5725527405738831,
            "Y": 0.3766341805458069
          },
          {
            "X": 0.5377485156059265,
            "Y": 0.37738507986068726
          }
        ]
      },
      "Id": "7361fe13-672d-45ee-b52e-bd649bff0728",
      "Page": 1
    },
    {
      "BlockType": "WORD",
      "Confidence": 99.82868194580078,
      "Text": "process",
      "TextType": "PRINTED",
      "Geometry": {
        "BoundingBox": {
          "Width": 0.02908509038388729,
          "Height": 0.006493919063359499,
          "Left": 0.574813961982727,
          "Top": 0.3704276382923126
        },
        "Polygon": [
          {
            "X": 0.574813961982727,
            "Y": 0.37105727195739746
          },
          {
            "X": 0.6038690209388733,
            "Y": 0.3704276382923126
          },
          {
            "X": 0.6038990020751953,
            "Y": 0.376294881105423
          },
          {
            "X": 0.5748441219329834,
            "Y": 0.37692156434059143
          }
        ]
      },
      "Id": "4f825989-a09b-4f07-8fc1-597db1c59894",
      "Page": 1
    },
    {
      "BlockType": "WORD",
      "Confidence": 99.734619140625,
      "Text": "of",
      "TextType": "PRINTED",
      "Geometry": {
        "BoundingBox": {
          "Width": 0.008600638248026371,
          "Height": 0.005915274377912283,
          "Left": 0.6062495112419128,
          "Top": 0.3683977723121643
        },
        "Polygon": [
          {
            "X": 0.6062495112419128,
            "Y": 0.3685837984085083
          },
          {
            "X": 0.6148209571838379,
            "Y": 0.3683977723121643
          },
          {
            "X": 0.6148501634597778,
            "Y": 0.37412789463996887
          },
          {
            "X": 0.6062787771224976,
            "Y": 0.3743130564689636
          }
        ]
      },
      "Id": "7d4a3680-a172-4d40-b3cd-9d8fc20ef87e",
      "Page": 1
    },
    {
      "BlockType": "WORD",
      "Confidence": 99.80137634277344,
      "Text": "data",
      "TextType": "PRINTED",
      "Geometry": {
        "BoundingBox": {
          "Width": 0.017872275784611702,
          "Height": 0.005948038771748543,
          "Left": 0.6169160604476929,
          "Top": 0.36782097816467285
        },
        "Polygon": [
          {
            "X": 0.6169160604476929,
            "Y": 0.36820828914642334
          },
          {
            "X": 0.6347601413726807,
            "Y": 0.36782097816467285
          },
          {
            "X": 0.6347883343696594,
            "Y": 0.37338346242904663
          },
          {
            "X": 0.6169443726539612,
            "Y": 0.37376901507377625
          }
        ]
      },
      "Id": "a91fc682-f83e-4c07-bce9-02c67ba799f2",
      "Page": 1
    },
    {
      "BlockType": "WORD",
      "Confidence": 99.87979125976562,
      "Text": "cataloging",
      "TextType": "PRINTED",
      "Geometry": {
        "BoundingBox": {
          "Width": 0.042596641927957535,
          "Height": 0.0078710513189435,
          "Left": 0.6372478008270264,
          "Top": 0.36589422821998596
        },
        "Polygon": [
          {
            "X": 0.6372478008270264,
            "Y": 0.36681872606277466
          },
          {
            "X": 0.6798097491264343,
            "Y": 0.36589422821998596
          },
          {
            "X": 0.6798444390296936,
            "Y": 0.37284594774246216
          },
          {
            "X": 0.6372829675674438,
            "Y": 0.3737652897834778
          }
        ]
      },
      "Id": "4970ceef-c88c-481a-bfa5-0c4b44c56d8e",
      "Page": 1
    },
    {
      "BlockType": "WORD",
      "Confidence": 99.75981903076172,
      "Text": "Armazene",
      "TextType": "PRINTED",
      "Geometry": {
        "BoundingBox": {
          "Width": 0.05894991755485535,
          "Height": 0.008834394626319408,
          "Left": 0.212275430560112,
          "Top": 0.4265194833278656
        },
        "Polygon": [
          {
            "X": 0.212275430560112,
            "Y": 0.42774567008018494
          },
          {
            "X": 0.271182656288147,
            "Y": 0.4265194833278656
          },
          {
            "X": 0.27122533321380615,
            "Y": 0.4341355562210083
          },
          {
            "X": 0.21231871843338013,
            "Y": 0.4353538751602173
          }
        ]
      },
      "Id": "b1edccae-a85e-4345-a8d8-81501343f41f",
      "Page": 1
    },
    {
      "BlockType": "WORD",
      "Confidence": 99.69103240966797,
      "Text": "&",
      "TextType": "PRINTED",
      "Geometry": {
        "BoundingBox": {
          "Width": 0.009010584093630314,
          "Height": 0.007936940528452396,
          "Left": 0.2740255892276764,
          "Top": 0.4257858693599701
        },
        "Polygon": [
          {
            "X": 0.2740255892276764,
            "Y": 0.4259726107120514
          },
          {
            "X": 0.2829928696155548,
            "Y": 0.4257858693599701
          },
          {
            "X": 0.28303617238998413,
            "Y": 0.4335372745990753
          },
          {
            "X": 0.2740689814090729,
            "Y": 0.4337227940559387
          }
        ]
      },
      "Id": "25f2c4d3-9609-46cd-a9c2-c05d8e4d171e",
      "Page": 1
    },
    {
      "BlockType": "WORD",
      "Confidence": 70.28727722167969,
      "Text": "O",
      "TextType": "PRINTED",
      "Geometry": {
        "BoundingBox": {
          "Width": 0.006596987135708332,
          "Height": 0.005776410456746817,
          "Left": 0.5279643535614014,
          "Top": 0.4197823405265808
        },
        "Polygon": [
          {
            "X": 0.5279643535614014,
            "Y": 0.4199191927909851
          },
          {
            "X": 0.5345319509506226,
            "Y": 0.4197823405265808
          },
          {
            "X": 0.5345613360404968,
            "Y": 0.4254225492477417
          },
          {
            "X": 0.5279937982559204,
            "Y": 0.42555874586105347
          }
        ]
      },
      "Id": "b10617c6-f07e-4b50-933b-d013c4d70696",
      "Page": 1
    },
    {
      "BlockType": "WORD",
      "Confidence": 99.56961059570312,
      "Text": "in",
      "TextType": "PRINTED",
      "Geometry": {
        "BoundingBox": {
          "Width": 0.007462135050445795,
          "Height": 0.005462681408971548,
          "Left": 0.5367859601974487,
          "Top": 0.4196060299873352
        },
        "Polygon": [
          {
            "X": 0.5367859601974487,
            "Y": 0.41976094245910645
          },
          {
            "X": 0.544220507144928,
            "Y": 0.4196060299873352
          },
          {
            "X": 0.544248104095459,
            "Y": 0.42491447925567627
          },
          {
            "X": 0.5368136167526245,
            "Y": 0.4250687062740326
          }
        ]
      },
      "Id": "bcc66f5d-195a-49c6-b3b5-6a64a5430d54",
      "Page": 1
    },
    {
      "BlockType": "WORD",
      "Confidence": 99.93949890136719,
      "Text": "Amazon",
      "TextType": "PRINTED",
      "Geometry": {
        "BoundingBox": {
          "Width": 0.03236314281821251,
          "Height": 0.006327793467789888,
          "Left": 0.5465781092643738,
          "Top": 0.41854584217071533
        },
        "Polygon": [
          {
            "X": 0.5465781092643738,
            "Y": 0.4192197918891907
          },
          {
            "X": 0.5789121389389038,
            "Y": 0.41854584217071533
          },
          {
            "X": 0.578941285610199,
            "Y": 0.42420288920402527
          },
          {
            "X": 0.546607494354248,
            "Y": 0.4248736500740051
          }
        ]
      },
      "Id": "d3fadf20-ec7a-4e56-8133-3348bc09050e",
      "Page": 1
    },
    {
      "BlockType": "WORD",
      "Confidence": 99.78910827636719,
      "Text": "Redshift",
      "TextType": "PRINTED",
      "Geometry": {
        "BoundingBox": {
          "Width": 0.03368983045220375,
          "Height": 0.006736110895872116,
          "Left": 0.5814176797866821,
          "Top": 0.41705214977264404
        },
        "Polygon": [
          {
            "X": 0.5814176797866821,
            "Y": 0.4177541136741638
          },
          {
            "X": 0.6150767803192139,
            "Y": 0.41705214977264404
          },
          {
            "X": 0.615107536315918,
            "Y": 0.42308980226516724
          },
          {
            "X": 0.5814487338066101,
            "Y": 0.42378824949264526
          }
        ]
      },
      "Id": "1bf2b223-ff9c-46a4-b23b-9ab0cd5f17d1",
      "Page": 1
    },
    {
      "BlockType": "WORD",
      "Confidence": 99.37667846679688,
      "Text": "Gerencie",
      "TextType": "PRINTED",
      "Geometry": {
        "BoundingBox": {
          "Width": 0.051274579018354416,
          "Height": 0.009264632128179073,
          "Left": 0.21158760786056519,
          "Top": 0.43776026368141174
        },
        "Polygon": [
          {
            "X": 0.21158760786056519,
            "Y": 0.43881669640541077
          },
          {
            "X": 0.26281604170799255,
            "Y": 0.43776026368141174
          },
          {
            "X": 0.2628621757030487,
            "Y": 0.4459758400917053
          },
          {
            "X": 0.2116343230009079,
            "Y": 0.4470248818397522
          }
        ]
      },
      "Id": "da52ae4d-6283-4569-8f85-ec9b9b55f58f",
      "Page": 1
    },
    {
      "BlockType": "WORD",
      "Confidence": 99.92144775390625,
      "Text": "Submit",
      "TextType": "PRINTED",
      "Geometry": {
        "BoundingBox": {
          "Width": 0.02625175751745701,
          "Height": 0.0063359919004142284,
          "Left": 0.42477720975875854,
          "Top": 0.4312431812286377
        },
        "Polygon": [
          {
            "X": 0.42477720975875854,
            "Y": 0.43178510665893555
          },
          {
            "X": 0.4509980380535126,
            "Y": 0.4312431812286377
          },
          {
            "X": 0.451028972864151,
            "Y": 0.43703988194465637
          },
          {
            "X": 0.4248083531856537,
            "Y": 0.4375791549682617
          }
        ]
      },
      "Id": "2c7ce6b0-c1b9-47ff-a22d-ed2c291f9c9d",
      "Page": 1
    },
    {
      "BlockType": "WORD",
      "Confidence": 99.86801147460938,
      "Text": "query",
      "TextType": "PRINTED",
      "Geometry": {
        "BoundingBox": {
          "Width": 0.020530957728624344,
          "Height": 0.005993506871163845,
          "Left": 0.4530091881752014,
          "Top": 0.43201392889022827
        },
        "Polygon": [
          {
            "X": 0.4530091881752014,
            "Y": 0.4324372112751007
          },
          {
            "X": 0.47351059317588806,
            "Y": 0.43201392889022827
          },
          {
            "X": 0.47354012727737427,
            "Y": 0.4375861585140228
          },
          {
            "X": 0.45303890109062195,
            "Y": 0.4380074441432953
          }
        ]
      },
      "Id": "20b162d8-88be-42c4-a872-053d211e5854",
      "Page": 1
    },
    {
      "BlockType": "WORD",
      "Confidence": 99.79782104492188,
      "Text": "requests",
      "TextType": "PRINTED",
      "Geometry": {
        "BoundingBox": {
          "Width": 0.031112613156437874,
          "Height": 0.0067042275331914425,
          "Left": 0.4758360981941223,
          "Top": 0.4303845763206482
        },
        "Polygon": [
          {
            "X": 0.4758360981941223,
            "Y": 0.43102678656578064
          },
          {
            "X": 0.5069168210029602,
            "Y": 0.4303845763206482
          },
          {
            "X": 0.506948709487915,
            "Y": 0.43644988536834717
          },
          {
            "X": 0.47586822509765625,
            "Y": 0.4370887875556946
          }
        ]
      },
      "Id": "b5c0d8a9-f1ec-4fb3-b810-8d87ff3047be",
      "Page": 1
    },
    {
      "BlockType": "WORD",
      "Confidence": 99.69642639160156,
      "Text": "in",
      "TextType": "PRINTED",
      "Geometry": {
        "BoundingBox": {
          "Width": 0.007009372115135193,
          "Height": 0.00518834451213479,
          "Left": 0.5089775323867798,
          "Top": 0.42994222044944763
        },
        "Polygon": [
          {
            "X": 0.5089775323867798,
            "Y": 0.43008655309677124
          },
          {
            "X": 0.5159605145454407,
            "Y": 0.42994222044944763
          },
          {
            "X": 0.5159869194030762,
            "Y": 0.4349868595600128
          },
          {
            "X": 0.5090040564537048,
            "Y": 0.4351305663585663
          }
        ]
      },
      "Id": "4b505c32-518d-4784-996d-224400cf5689",
      "Page": 1
    },
    {
      "BlockType": "WORD",
      "Confidence": 99.637451171875,
      "Text": "plain",
      "TextType": "PRINTED",
      "Geometry": {
        "BoundingBox": {
          "Width": 0.01870053820312023,
          "Height": 0.006850482430309057,
          "Left": 0.5181078910827637,
          "Top": 0.42908239364624023
        },
        "Polygon": [
          {
            "X": 0.5181078910827637,
            "Y": 0.4294683337211609
          },
          {
            "X": 0.5367746949195862,
            "Y": 0.42908239364624023
          },
          {
            "X": 0.536808431148529,
            "Y": 0.4355490505695343
          },
          {
            "X": 0.5181417465209961,
            "Y": 0.43593287467956543
          }
        ]
      },
      "Id": "c399b2a7-1096-433a-a078-b5bdd8972618",
      "Page": 1
    },
    {
      "BlockType": "WORD",
      "Confidence": 99.7135009765625,
      "Text": "English",
      "TextType": "PRINTED",
      "Geometry": {
        "BoundingBox": {
          "Width": 0.027114413678646088,
          "Height": 0.0070972745306789875,
          "Left": 0.5391020774841309,
          "Top": 0.42821234464645386
        },
        "Polygon": [
          {
            "X": 0.5391020774841309,
            "Y": 0.42877233028411865
          },
          {
            "X": 0.5661827325820923,
            "Y": 0.42821234464645386
          },
          {
            "X": 0.5662165284156799,
            "Y": 0.4347527027130127
          },
          {
            "X": 0.5391361117362976,
            "Y": 0.43530961871147156
          }
        ]
      },
      "Id": "486a7cd7-ec74-400b-8d01-c1371f07c83b",
      "Page": 1
    },
    {
      "BlockType": "WORD",
      "Confidence": 99.62616729736328,
      "Text": "&",
      "TextType": "PRINTED",
      "Geometry": {
        "BoundingBox": {
          "Width": 0.005652734078466892,
          "Height": 0.00531398830935359,
          "Left": 0.5688424706459045,
          "Top": 0.4283783435821533
        },
        "Polygon": [
          {
            "X": 0.5688424706459045,
            "Y": 0.4284946322441101
          },
          {
            "X": 0.5744684338569641,
            "Y": 0.4283783435821533
          },
          {
            "X": 0.5744951963424683,
            "Y": 0.4335765242576599
          },
          {
            "X": 0.5688692927360535,
            "Y": 0.4336923360824585
          }
        ]
      },
      "Id": "e2c2dc9a-ae8c-4f73-aebd-492fec5bfb8d",
      "Page": 1
    },
    {
      "BlockType": "WORD",
      "Confidence": 99.61033630371094,
      "Text": "generate",
      "TextType": "PRINTED",
      "Geometry": {
        "BoundingBox": {
          "Width": 0.035375192761421204,
          "Height": 0.006533365231007338,
          "Left": 0.5772529244422913,
          "Top": 0.4275873601436615
        },
        "Polygon": [
          {
            "X": 0.5772529244422913,
            "Y": 0.4283180832862854
          },
          {
            "X": 0.6125985383987427,
            "Y": 0.4275873601436615
          },
          {
            "X": 0.612628161907196,
            "Y": 0.43339359760284424
          },
          {
            "X": 0.5772828459739685,
            "Y": 0.4341207444667816
          }
        ]
      },
      "Id": "0d3dfafb-cb0f-4c8a-8269-7c3d519eee25",
      "Page": 1
    },
    {
      "BlockType": "WORD",
      "Confidence": 99.5888442993164,
      "Text": "SQL",
      "TextType": "PRINTED",
      "Geometry": {
        "BoundingBox": {
          "Width": 0.01619328185915947,
          "Height": 0.0062842280603945255,
          "Left": 0.61473149061203,
          "Top": 0.42645925283432007
        },
        "Polygon": [
          {
            "X": 0.61473149061203,
            "Y": 0.4267936050891876
          },
          {
            "X": 0.6308946013450623,
            "Y": 0.42645925283432007
          },
          {
            "X": 0.6309247612953186,
            "Y": 0.4324108064174652
          },
          {
            "X": 0.6147617697715759,
            "Y": 0.43274348974227905
          }
        ]
      },
      "Id": "9e9a6a5c-b955-46ad-97da-369b88400323",
      "Page": 1
    },
    {
      "BlockType": "WORD",
      "Confidence": 99.83421325683594,
      "Text": "code",
      "TextType": "PRINTED",
      "Geometry": {
        "BoundingBox": {
          "Width": 0.01912836544215679,
          "Height": 0.006114508956670761,
          "Left": 0.6334545016288757,
          "Top": 0.42581361532211304
        },
        "Polygon": [
          {
            "X": 0.6334545016288757,
            "Y": 0.4262087941169739
          },
          {
            "X": 0.6525540351867676,
            "Y": 0.42581361532211304
          },
          {
            "X": 0.6525828242301941,
            "Y": 0.43153485655784607
          },
          {
            "X": 0.6334834694862366,
            "Y": 0.4319281280040741
          }
        ]
      },
      "Id": "eb23ca13-671b-4b0c-aef8-5b652ea1698c",
      "Page": 1
    },
    {
      "BlockType": "WORD",
      "Confidence": 98.9312973022461,
      "Text": "recommendations",
      "TextType": "PRINTED",
      "Geometry": {
        "BoundingBox": {
          "Width": 0.07566175609827042,
          "Height": 0.0079280911013484,
          "Left": 0.6551551818847656,
          "Top": 0.4234575927257538
        },
        "Polygon": [
          {
            "X": 0.6551551818847656,
            "Y": 0.4250233471393585
          },
          {
            "X": 0.730785608291626,
            "Y": 0.4234575927257538
          },
          {
            "X": 0.7308169603347778,
            "Y": 0.42982831597328186
          },
          {
            "X": 0.6551872491836548,
            "Y": 0.43138569593429565
          }
        ]
      },
      "Id": "118f7e82-87e0-4d9e-9db3-77d8095b0356",
      "Page": 1
    },
    {
      "BlockType": "WORD",
      "Confidence": 99.95558166503906,
      "Text": "based",
      "TextType": "PRINTED",
      "Geometry": {
        "BoundingBox": {
          "Width": 0.022436199709773064,
          "Height": 0.0058903940953314304,
          "Left": 0.5069352388381958,
          "Top": 0.43699684739112854
        },
        "Polygon": [
          {
            "X": 0.5069352388381958,
            "Y": 0.4374571144580841
          },
          {
            "X": 0.5293431282043457,
            "Y": 0.43699684739112854
          },
          {
            "X": 0.529371440410614,
            "Y": 0.4424291253089905
          },
          {
            "X": 0.5069637894630432,
            "Y": 0.44288724660873413
          }
        ]
      },
      "Id": "070f72bb-eb0f-45f4-a291-784f578e0b28",
      "Page": 1
    },
    {
      "BlockType": "WORD",
      "Confidence": 99.7811050415039,
      "Text": "on",
      "TextType": "PRINTED",
      "Geometry": {
        "BoundingBox": {
          "Width": 0.009585286490619183,
          "Height": 0.0047827516682446,
          "Left": 0.5312392115592957,
          "Top": 0.43750905990600586
        },
        "Polygon": [
          {
            "X": 0.5312392115592957,
            "Y": 0.4377053380012512
          },
          {
            "X": 0.5408006310462952,
            "Y": 0.43750905990600586
          },
          {
            "X": 0.5408244729042053,
            "Y": 0.4420963227748871
          },
          {
            "X": 0.5312631130218506,
            "Y": 0.44229182600975037
          }
        ]
      },
      "Id": "09dd70eb-32bc-4c84-a1f6-091cf2bcc7ad",
      "Page": 1
    },
    {
      "BlockType": "WORD",
      "Confidence": 99.86209869384766,
      "Text": "Large",
      "TextType": "PRINTED",
      "Geometry": {
        "BoundingBox": {
          "Width": 0.02125043049454689,
          "Height": 0.0070155528374016285,
          "Left": 0.5432689785957336,
          "Top": 0.4361894726753235
        },
        "Polygon": [
          {
            "X": 0.5432689785957336,
            "Y": 0.43662527203559875
          },
          {
            "X": 0.5644853711128235,
            "Y": 0.4361894726753235
          },
          {
            "X": 0.5645194053649902,
            "Y": 0.44277167320251465
          },
          {
            "X": 0.5433031916618347,
            "Y": 0.4432050287723541
          }
        ]
      },
      "Id": "eaac1232-ba3c-47c3-93d4-c3d8ee4f7932",
      "Page": 1
    },
    {
      "BlockType": "WORD",
      "Confidence": 99.75566101074219,
      "Text": "Language",
      "TextType": "PRINTED",
      "Geometry": {
        "BoundingBox": {
          "Width": 0.038225043565034866,
          "Height": 0.007363488432019949,
          "Left": 0.5668485760688782,
          "Top": 0.43525248765945435
        },
        "Polygon": [
          {
            "X": 0.5668485760688782,
            "Y": 0.4360370337963104
          },
          {
            "X": 0.6050399541854858,
            "Y": 0.43525248765945435
          },
          {
            "X": 0.6050736308097839,
            "Y": 0.44183579087257385
          },
          {
            "X": 0.5668825507164001,
            "Y": 0.44261598587036133
          }
        ]
      },
      "Id": "aed82995-8863-4764-8d16-bccf7f71d143",
      "Page": 1
    },
    {
      "BlockType": "WORD",
      "Confidence": 99.89128112792969,
      "Text": "Models",
      "TextType": "PRINTED",
      "Geometry": {
        "BoundingBox": {
          "Width": 0.02897460386157036,
          "Height": 0.006211800500750542,
          "Left": 0.607471227645874,
          "Top": 0.43417418003082275
        },
        "Polygon": [
          {
            "X": 0.607471227645874,
            "Y": 0.43476900458335876
          },
          {
            "X": 0.6364173889160156,
            "Y": 0.43417418003082275
          },
          {
            "X": 0.6364458799362183,
            "Y": 0.4397939443588257
          },
          {
            "X": 0.607499897480011,
            "Y": 0.44038596749305725
          }
        ]
      },
      "Id": "27b681ee-06d1-4ad1-bcde-1abc4e7c6fe5",
      "Page": 1
    },
    {
      "BlockType": "WORD",
      "Confidence": 88.60418701171875,
      "Text": "aws",
      "TextType": "PRINTED",
      "Geometry": {
        "BoundingBox": {
          "Width": 0.015938837081193924,
          "Height": 0.005521521437913179,
          "Left": 0.16639792919158936,
          "Top": 0.47708117961883545
        },
        "Polygon": [
          {
            "X": 0.16639792919158936,
            "Y": 0.47739875316619873
          },
          {
            "X": 0.1823069006204605,
            "Y": 0.47708117961883545
          },
          {
            "X": 0.18233676254749298,
            "Y": 0.48228657245635986
          },
          {
            "X": 0.16642789542675018,
            "Y": 0.48260268568992615
          }
        ]
      },
      "Id": "36ce0789-69b6-4579-86fa-29c8b3dd0710",
      "Page": 1
    }
  ],
  "DetectDocumentTextModelVersion": "1.0"
}