'Page Number,'Tipo,'Texto,'Confidence Score % (Line),
"'1","'LINE","'Diretrizes de segurança para IA Generativa","'99.23770142"
"'1","'LINE","'aws","'99.50022888"
"'1","'LINE","'Cloud","'99.63948059"
"'1","'LINE","'Experience","'99.84328461"
"'1","'LINE","'2025","'99.87458801"
"'1","'LINE","'COMPLIANCE E","'94.95475769"
"'1","'LINE","'CONTROLES","'99.40293884"
"'1","'LINE","'GERENCIAMENTO DE","'98.67209625"
"'1","'LINE","'ESILIÊNCIA","'92.67082977"
"'1","'LINE","'PRIVACIDADE","'92.76725769"
"'1","'LINE","'OVERNANÇA","'80.56906891"
"'1","'LINE","'RISCO","'99.10184479"
"'1","'LINE","'ence","'73.07424164"
"'1","'LINE","'Politicas, procedimentos ea","'91.87139893"
"'1","'LINE","'Os requisitos regulatórios,","'94.30813599"
"'1","'LINE","'A implementação de controles","'99.10836029"
"'1","'LINE","'Identificação de possíveis","'89.27787018"
"'1","'LINE","'Como arquitetar soluções","'97.08347321"
"'1","'LINE","'apresentação de relatórios","'91.89899445"
"'1","'LINE","'legais de privacidade","'95.50395203"
"'1","'LINE","'de segurança usados para","'99.21146393"
"'1","'LINE","'ameaças às soluções de IA","'97.78991699"
"'1","'LINE","'de IA generativa para","'99.00392151"
"'1","'LINE","'necessários para empoderar","'81.58810425"
"'1","'LINE","'especificos para usar ou","'95.77553558"
"'1","'LINE","'mitigar riscos","'98.94552612"
"'1","'LINE","'generativa mitigações","'97.72534180"
"'1","'LINE","'manter a disponibilidade e","'98.50968170"
"'1","'LINE","'o negócio, ao mesmo tempo","'84.60125732"
"'1","'LINE","'criar soluções de IA","'96.25334167"
"'1","'LINE","'recomendadas","'99.23912048"
"'1","'LINE","'atender aos SLAs de","'98.81138611"
"'1","'LINE","'que minimizam risco","'98.79827881"
"'1","'LINE","'generativa","'99.15062714"
"'1","'LINE","'negócios","'96.13117218"
"'1","'LINE","'-","'58.09761429"
"'1","'LINE","'Criar diretrizes de uso para","'94.67765045"
"'1","'LINE","'-","'37.85779190"
"'1","'LINE","'IA generativa","'98.32803345"
"'1","'LINE","'Manter controle dos","'98.90036774"
"'1","'LINE","'seus dados","'99.34291077"
"'1","'LINE","'Modelagem de ameaças","'99.29257965"
"'1","'LINE","'Estratégia de","'98.56777191"
"'1","'LINE","'Explicabilidade e","'96.90206909"
"'1","'LINE","'Estabelecer um processo de","'97.57401276"
"'1","'LINE","'gerenciamento de dados","'98.89482117"
"'1","'LINE","'Criptografar dados em","'97.67922974"
"'1","'LINE","'auditabilidade","'99.26319122"
"'1","'LINE","'Avaliações de risco de","'98.58602905"
"'1","'LINE","'validação de saida","'87.28302765"
"'1","'LINE","'transito em repouso","'83.00165558"
"'1","'LINE","'terceiros","'99.66600800"
"'1","'LINE","'Estratégia de","'98.85427094"
"'1","'LINE","'Estratégia de testes","'98.10968018"
"'1","'LINE","'disponibilidade","'98.51318359"
"'1","'LINE","'Desenvolver processos de","'99.24819183"
"'1","'LINE","'Apoian os padrões","'85.98312378"
"'1","'LINE","'Propriedade dos dados,","'98.63983154"
"'1","'LINE","'monitoramento","'98.31246948"
"'1","'LINE","'regulatórios","'96.63977051"
"'1","'LINE","'Gerenciamento de identidade","'98.37072754"
"'1","'LINE","'incluindo prompts e","'95.90025330"
"'1","'LINE","'Estratégia de recuperação","'97.61950684"
"'1","'LINE","'e acesso","'95.05626678"
"'1","'LINE","'respostas","'99.27785492"
"'1","'LINE","'de desastres","'99.10647583"
"'1","'LINE","'Amount Will Sendion Confidential and Trademark","'48.39611816"
