{
  "DocumentMetadata": {
    "Pages": 1
  },
  "JobStatus": "SUCCEEDED",
  "Blocks": [
    {
      "BlockType": "PAGE",
      "Geometry": {
        "BoundingBox": {
          "Width": 0.7309058904647827,
          "Height": 0.5440531969070435,
          "Left": 0.02754230611026287,
          "Top": 0.13835349678993225
        },
        "Polygon": [
          {
            "X": 0.07508686184883118,
            "Y": 0.1855693906545639
          },
          {
            "X": 0.7584481835365295,
            "Y": 0.13835349678993225
          },
          {
            "X": 0.7542809247970581,
            "Y": 0.6824066638946533
          },
          {
            "X": 0.02754230611026287,
            "Y": 0.6763495802879333
          }
        ]
      },
      "Id": "310039ec-2c29-49b1-955e-18f66aa0e3fb",
      "Relationships": [
        {
          "Type": "CHILD",
          "Ids": [
            "54998742-4237-44be-a7ac-8e1a5693932c",
            "979f58a5-e7f3-4cdc-94b5-3b752894b720",
            "3049d549-91a6-478d-a91c-bb0137e00a7c",
            "eabdea3b-863d-479b-883d-21efc6e9680f",
            "1781ac34-694e-456d-ab50-0646724d61ac",
            "48bbbbab-26da-40ca-90f5-5c2ed8174fbb",
            "ae68b83d-5482-4419-b220-028ace4d6d4f",
            "ca362ec0-6039-46e8-a373-fc90a006a060",
            "38c80241-e57f-43d5-8028-61d96c3294a2",
            "9920e7ad-bc57-444a-81f4-c64f13c7628b",
            "d3c8dd92-3b52-4e9a-9c77-03f467f4b625",
            "022502cd-5095-4232-adcb-b2e30cc808bb",
            "69a92d94-7f5b-4693-9419-c492a88c60b1"
          ]
        }
      ],
      "Page": 1
    },
    {
      "BlockType": "LINE",
      "Confidence": 92.8345947265625,
      "Text": "Os agentes começam pequenos e",
      "Geometry": {
        "BoundingBox": {
          "Width": 0.5081937313079834,
          "Height": 0.05811123549938202,
          "Left": 0.10650892555713654,
          "Top": 0.20936626195907593
        },
        "Polygon": [
          {
            "X": 0.10904788225889206,
            "Y": 0.23981666564941406
          },
          {
            "X": 0.6147026419639587,
            "Y": 0.20936626195907593
          },
          {
            "X": 0.6139201521873474,
            "Y": 0.2391107678413391
          },
          {
            "X": 0.10650892555713654,
            "Y": 0.26747751235961914
          }
        ]
      },
      "Id": "54998742-4237-44be-a7ac-8e1a5693932c",
      "Relationships": [
        {
          "Type": "CHILD",
          "Ids": [
            "083a3089-27be-454f-82a8-bc025c992629",
            "1da063e4-f5ff-4038-be47-fb5c9fe17a32",
            "cab303dc-5542-4f35-a617-72cfb8ebe4ef",
            "57b5b0d2-231e-4a1f-b71b-1eccaa1bc071",
            "5ba0cba0-ea4e-454c-82b5-0304e02fae0b"
          ]
        }
      ],
      "Page": 1
    },
    {
      "BlockType": "LINE",
      "Confidence": 99.38578796386719,
      "Text": "focados",
      "Geometry": {
        "BoundingBox": {
          "Width": 0.10849384218454361,
          "Height": 0.025529446080327034,
          "Left": 0.1044280081987381,
          "Top": 0.2618217468261719
        },
        "Polygon": [
          {
            "X": 0.1062249094247818,
            "Y": 0.2677817940711975
          },
          {
            "X": 0.2129218578338623,
            "Y": 0.2618217468261719
          },
          {
            "X": 0.21136917173862457,
            "Y": 0.28170421719551086
          },
          {
            "X": 0.1044280081987381,
            "Y": 0.28735122084617615
          }
        ]
      },
      "Id": "979f58a5-e7f3-4cdc-94b5-3b752894b720",
      "Relationships": [
        {
          "Type": "CHILD",
          "Ids": [
            "270b61ec-d505-4376-9baf-c9472a61da96"
          ]
        }
      ],
      "Page": 1
    },
    {
      "BlockType": "LINE",
      "Confidence": 98.66780853271484,
      "Text": "Ações de folgas remuneradas",
      "Geometry": {
        "BoundingBox": {
          "Width": 0.14902494847774506,
          "Height": 0.017154941335320473,
          "Left": 0.2501392662525177,
          "Top": 0.3255569338798523
        },
        "Polygon": [
          {
            "X": 0.25090229511260986,
            "Y": 0.33219024538993835
          },
          {
            "X": 0.39916422963142395,
            "Y": 0.3255569338798523
          },
          {
            "X": 0.39858829975128174,
            "Y": 0.336309015750885
          },
          {
            "X": 0.2501392662525177,
            "Y": 0.342711865901947
          }
        ]
      },
      "Id": "3049d549-91a6-478d-a91c-bb0137e00a7c",
      "Relationships": [
        {
          "Type": "CHILD",
          "Ids": [
            "e33313d2-86e2-4056-8b76-642cef44ebcb",
            "f5ef173d-6390-4c79-8e68-7b2568be36dc",
            "87b0a635-885a-42f7-a6f9-dd4b0d4a09c6",
            "7d49c47b-af59-4d8c-b4dd-4fee27e06d67"
          ]
        }
      ],
      "Page": 1
    },
    {
      "BlockType": "LINE",
      "Confidence": 87.07476043701172,
      "Text": "D",
      "Geometry": {
        "BoundingBox": {
          "Width": 0.005415354855358601,
          "Height": 0.005397483240813017,
          "Left": 0.14399147033691406,
          "Top": 0.35464057326316833
        },
        "Polygon": [
          {
            "X": 0.1444372832775116,
            "Y": 0.35484904050827026
          },
          {
            "X": 0.1494068205356598,
            "Y": 0.35464057326316833
          },
          {
            "X": 0.14896394312381744,
            "Y": 0.3598334789276123
          },
          {
            "X": 0.14399147033691406,
            "Y": 0.36003807187080383
          }
        ]
      },
      "Id": "eabdea3b-863d-479b-883d-21efc6e9680f",
      "Relationships": [
        {
          "Type": "CHILD",
          "Ids": [
            "9eb84eb6-61b4-427c-aab2-cd6aae8db891"
          ]
        }
      ],
      "Page": 1
    },
    {
      "BlockType": "LINE",
      "Confidence": 34.50551223754883,
      "Text": "(***",
      "Geometry": {
        "BoundingBox": {
          "Width": 0.015309776179492474,
          "Height": 0.009426029399037361,
          "Left": 0.2276555448770523,
          "Top": 0.3518296778202057
        },
        "Polygon": [
          {
            "X": 0.22831854224205017,
            "Y": 0.35244160890579224
          },
          {
            "X": 0.24296532571315765,
            "Y": 0.3518296778202057
          },
          {
            "X": 0.24231737852096558,
            "Y": 0.3606629967689514
          },
          {
            "X": 0.2276555448770523,
            "Y": 0.3612557053565979
          }
        ]
      },
      "Id": "1781ac34-694e-456d-ab50-0646724d61ac",
      "Relationships": [
        {
          "Type": "CHILD",
          "Ids": [
            "3b81ea69-57e8-448d-a0d1-49beb912a914"
          ]
        }
      ],
      "Page": 1
    },
    {
      "BlockType": "LINE",
      "Confidence": 82.15876007080078,
      "Text": "obtenha-saldo-de-férias",
      "Geometry": {
        "BoundingBox": {
          "Width": 0.12451845407485962,
          "Height": 0.015814144164323807,
          "Left": 0.27759894728660583,
          "Top": 0.3412127196788788
        },
        "Polygon": [
          {
            "X": 0.27832692861557007,
            "Y": 0.34645816683769226
          },
          {
            "X": 0.40211740136146545,
            "Y": 0.3412127196788788
          },
          {
            "X": 0.4015462100505829,
            "Y": 0.3519742786884308
          },
          {
            "X": 0.27759894728660583,
            "Y": 0.3570268452167511
          }
        ]
      },
      "Id": "48bbbbab-26da-40ca-90f5-5c2ed8174fbb",
      "Relationships": [
        {
          "Type": "CHILD",
          "Ids": [
            "bf1d30b5-03b3-40fa-b7e2-3715cf51a388"
          ]
        }
      ],
      "Page": 1
    },
    {
      "BlockType": "LINE",
      "Confidence": 82.60482788085938,
      "Text": "obtenha-saldo-banco-de-horas",
      "Geometry": {
        "BoundingBox": {
          "Width": 0.16264687478542328,
          "Height": 0.01734994351863861,
          "Left": 0.27540382742881775,
          "Top": 0.349814236164093
        },
        "Polygon": [
          {
            "X": 0.27614521980285645,
            "Y": 0.35643038153648376
          },
          {
            "X": 0.43805068731307983,
            "Y": 0.349814236164093
          },
          {
            "X": 0.43751847743988037,
            "Y": 0.36080464720726013
          },
          {
            "X": 0.27540382742881775,
            "Y": 0.36716416478157043
          }
        ]
      },
      "Id": "ae68b83d-5482-4419-b220-028ace4d6d4f",
      "Relationships": [
        {
          "Type": "CHILD",
          "Ids": [
            "dbfa284c-4edf-4205-8a6f-0c06014a0323"
          ]
        }
      ],
      "Page": 1
    },
    {
      "BlockType": "LINE",
      "Confidence": 98.39146423339844,
      "Text": "reserve-uma-folga",
      "Geometry": {
        "BoundingBox": {
          "Width": 0.0953890010714531,
          "Height": 0.013540677726268768,
          "Left": 0.27515482902526855,
          "Top": 0.3644755780696869
        },
        "Polygon": [
          {
            "X": 0.2758338749408722,
            "Y": 0.36817601323127747
          },
          {
            "X": 0.37054380774497986,
            "Y": 0.3644755780696869
          },
          {
            "X": 0.36997556686401367,
            "Y": 0.37445369362831116
          },
          {
            "X": 0.27515482902526855,
            "Y": 0.37801626324653625
          }
        ]
      },
      "Id": "ca362ec0-6039-46e8-a373-fc90a006a060",
      "Relationships": [
        {
          "Type": "CHILD",
          "Ids": [
            "a09ecd7b-b366-4484-a018-31a12f075252"
          ]
        }
      ],
      "Page": 1
    },
    {
      "BlockType": "LINE",
      "Confidence": 99.81129455566406,
      "Text": "Agente de",
      "Geometry": {
        "BoundingBox": {
          "Width": 0.04856088012456894,
          "Height": 0.010260351933538914,
          "Left": 0.12556681036949158,
          "Top": 0.37924787402153015
        },
        "Polygon": [
          {
            "X": 0.12630943953990936,
            "Y": 0.3810635209083557
          },
          {
            "X": 0.1741276979446411,
            "Y": 0.37924787402153015
          },
          {
            "X": 0.17343133687973022,
            "Y": 0.38775384426116943
          },
          {
            "X": 0.12556681036949158,
            "Y": 0.3895082175731659
          }
        ]
      },
      "Id": "38c80241-e57f-43d5-8028-61d96c3294a2",
      "Relationships": [
        {
          "Type": "CHILD",
          "Ids": [
            "19f97788-3649-4d27-83b0-0ff9dc12668b",
            "a2a4828c-4b86-483d-b7bc-944ec374f0c5"
          ]
        }
      ],
      "Page": 1
    },
    {
      "BlockType": "LINE",
      "Confidence": 99.33204650878906,
      "Text": "Microsserviço de Banco de dados de",
      "Geometry": {
        "BoundingBox": {
          "Width": 0.18415352702140808,
          "Height": 0.01733393408358097,
          "Left": 0.49022120237350464,
          "Top": 0.3547782599925995
        },
        "Polygon": [
          {
            "X": 0.4906464219093323,
            "Y": 0.3618992567062378
          },
          {
            "X": 0.6743747591972351,
            "Y": 0.3547782599925995
          },
          {
            "X": 0.6741840243339539,
            "Y": 0.36525964736938477
          },
          {
            "X": 0.49022120237350464,
            "Y": 0.3721121847629547
          }
        ]
      },
      "Id": "9920e7ad-bc57-444a-81f4-c64f13c7628b",
      "Relationships": [
        {
          "Type": "CHILD",
          "Ids": [
            "5e58dd0e-8673-4d56-ad0d-420ed189dd1b",
            "15ff92cb-0346-47f4-82fa-81371a25951a",
            "58723c84-ec9a-4df9-8b65-4bbb533e4b27",
            "cff3a226-a6e7-479d-985d-ef26a8b45f05",
            "a5e660cb-76e7-416a-9fa3-2b65c4e12ddd",
            "8e429432-e141-4576-aeca-309d8986d62c"
          ]
        }
      ],
      "Page": 1
    },
    {
      "BlockType": "LINE",
      "Confidence": 98.09697723388672,
      "Text": "reserve-uma-férias",
      "Geometry": {
        "BoundingBox": {
          "Width": 0.09725296497344971,
          "Height": 0.012268193997442722,
          "Left": 0.2742851674556732,
          "Top": 0.3741981089115143
        },
        "Polygon": [
          {
            "X": 0.2748812735080719,
            "Y": 0.3778325319290161
          },
          {
            "X": 0.3715381324291229,
            "Y": 0.3741981089115143
          },
          {
            "X": 0.37104111909866333,
            "Y": 0.38295549154281616
          },
          {
            "X": 0.2742851674556732,
            "Y": 0.38646629452705383
          }
        ]
      },
      "Id": "d3c8dd92-3b52-4e9a-9c77-03f467f4b625",
      "Relationships": [
        {
          "Type": "CHILD",
          "Ids": [
            "9a393bc2-fa65-4887-858e-5084d8840a88"
          ]
        }
      ],
      "Page": 1
    },
    {
      "BlockType": "LINE",
      "Confidence": 99.48631286621094,
      "Text": "folga remunerada folga remunerada",
      "Geometry": {
        "BoundingBox": {
          "Width": 0.18602614104747772,
          "Height": 0.017132293432950974,
          "Left": 0.48628050088882446,
          "Top": 0.3643970489501953
        },
        "Polygon": [
          {
            "X": 0.4867095351219177,
            "Y": 0.3713354170322418
          },
          {
            "X": 0.6723066568374634,
            "Y": 0.3643970489501953
          },
          {
            "X": 0.6721137166023254,
            "Y": 0.3748621642589569
          },
          {
            "X": 0.48628050088882446,
            "Y": 0.3815293610095978
          }
        ]
      },
      "Id": "022502cd-5095-4232-adcb-b2e30cc808bb",
      "Relationships": [
        {
          "Type": "CHILD",
          "Ids": [
            "a4eddb94-c304-4532-afde-6062d6c7d946",
            "30c12c02-022c-4555-8a8a-184c0937c882",
            "264e645a-311f-4366-a130-39e79f23a010",
            "2da959b5-f513-41c7-859b-ef80b41836cc"
          ]
        }
      ],
      "Page": 1
    },
    {
      "BlockType": "LINE",
      "Confidence": 99.6949462890625,
      "Text": "folgas de RH",
      "Geometry": {
        "BoundingBox": {
          "Width": 0.059464361518621445,
          "Height": 0.010911677032709122,
          "Left": 0.11911235004663467,
          "Top": 0.388650119304657
        },
        "Polygon": [
          {
            "X": 0.11988982558250427,
            "Y": 0.3907913267612457
          },
          {
            "X": 0.17857670783996582,
            "Y": 0.388650119304657
          },
          {
            "X": 0.1778581738471985,
            "Y": 0.39749884605407715
          },
          {
            "X": 0.11911235004663467,
            "Y": 0.3995617926120758
          }
        ]
      },
      "Id": "69a92d94-7f5b-4693-9419-c492a88c60b1",
      "Relationships": [
        {
          "Type": "CHILD",
          "Ids": [
            "7255a998-ac3a-401e-8220-fe472d438886",
            "c0395d4f-be46-497d-a829-48b582f34c44",
            "6c65a92b-b45d-474d-8db9-75e1ce95fafb"
          ]
        }
      ],
      "Page": 1
    },
    {
      "BlockType": "WORD",
      "Confidence": 72.45304870605469,
      "Text": "Os",
      "TextType": "PRINTED",
      "Geometry": {
        "BoundingBox": {
          "Width": 0.030410341918468475,
          "Height": 0.018012430518865585,
          "Left": 0.10674922168254852,
          "Top": 0.24684712290763855
        },
        "Polygon": [
          {
            "X": 0.10824636369943619,
            "Y": 0.24854889512062073
          },
          {
            "X": 0.1371595710515976,
            "Y": 0.24684712290763855
          },
          {
            "X": 0.1357170045375824,
            "Y": 0.26322826743125916
          },
          {
            "X": 0.10674922168254852,
            "Y": 0.26485955715179443
          }
        ]
      },
      "Id": "083a3089-27be-454f-82a8-bc025c992629",
      "Page": 1
    },
    {
      "BlockType": "WORD",
      "Confidence": 99.62709045410156,
      "Text": "agentes",
      "TextType": "PRINTED",
      "Geometry": {
        "BoundingBox": {
          "Width": 0.1126515343785286,
          "Height": 0.02836320549249649,
          "Left": 0.15286117792129517,
          "Top": 0.23652297258377075
        },
        "Polygon": [
          {
            "X": 0.1547318547964096,
            "Y": 0.24309027194976807
          },
          {
            "X": 0.26551270484924316,
            "Y": 0.23652297258377075
          },
          {
            "X": 0.2639281451702118,
            "Y": 0.25867700576782227
          },
          {
            "X": 0.15286117792129517,
            "Y": 0.26488617062568665
          }
        ]
      },
      "Id": "1da063e4-f5ff-4038-be47-fb5c9fe17a32",
      "Page": 1
    },
    {
      "BlockType": "WORD",
      "Confidence": 92.50653076171875,
      "Text": "começam",
      "TextType": "PRINTED",
      "Geometry": {
        "BoundingBox": {
          "Width": 0.12277726829051971,
          "Height": 0.029202327132225037,
          "Left": 0.28348711133003235,
          "Top": 0.22598102688789368
        },
        "Polygon": [
          {
            "X": 0.2850039005279541,
            "Y": 0.2332095056772232
          },
          {
            "X": 0.40626439452171326,
            "Y": 0.22598102688789368
          },
          {
            "X": 0.40507179498672485,
            "Y": 0.2483416497707367
          },
          {
            "X": 0.28348711133003235,
            "Y": 0.2551833689212799
          }
        ]
      },
      "Id": "cab303dc-5542-4f35-a617-72cfb8ebe4ef",
      "Page": 1
    },
    {
      "BlockType": "WORD",
      "Confidence": 99.74099731445312,
      "Text": "pequenos",
      "TextType": "PRINTED",
      "Geometry": {
        "BoundingBox": {
          "Width": 0.15140007436275482,
          "Height": 0.03180176392197609,
          "Left": 0.4235903024673462,
          "Top": 0.21175771951675415
        },
        "Polygon": [
          {
            "X": 0.42475003004074097,
            "Y": 0.22080516815185547
          },
          {
            "X": 0.5749903917312622,
            "Y": 0.21175771951675415
          },
          {
            "X": 0.5742591023445129,
            "Y": 0.2349969744682312
          },
          {
            "X": 0.4235903024673462,
            "Y": 0.24355949461460114
          }
        ]
      },
      "Id": "57b5b0d2-231e-4a1f-b71b-1eccaa1bc071",
      "Page": 1
    },
    {
      "BlockType": "WORD",
      "Confidence": 99.84528350830078,
      "Text": "e",
      "TextType": "PRINTED",
      "Geometry": {
        "BoundingBox": {
          "Width": 0.018673162907361984,
          "Height": 0.014639553613960743,
          "Left": 0.5959882140159607,
          "Top": 0.21093414723873138
        },
        "Polygon": [
          {
            "X": 0.5963766574859619,
            "Y": 0.21203109622001648
          },
          {
            "X": 0.6146613955497742,
            "Y": 0.21093414723873138
          },
          {
            "X": 0.61430424451828,
            "Y": 0.22451095283031464
          },
          {
            "X": 0.5959882140159607,
            "Y": 0.22557370364665985
          }
        ]
      },
      "Id": "5ba0cba0-ea4e-454c-82b5-0304e02fae0b",
      "Page": 1
    },
    {
      "BlockType": "WORD",
      "Confidence": 99.38578796386719,
      "Text": "focados",
      "TextType": "PRINTED",
      "Geometry": {
        "BoundingBox": {
          "Width": 0.10849384218454361,
          "Height": 0.025529446080327034,
          "Left": 0.1044280081987381,
          "Top": 0.2618217468261719
        },
        "Polygon": [
          {
            "X": 0.1062249094247818,
            "Y": 0.2677817940711975
          },
          {
            "X": 0.2129218578338623,
            "Y": 0.2618217468261719
          },
          {
            "X": 0.21136917173862457,
            "Y": 0.28170421719551086
          },
          {
            "X": 0.1044280081987381,
            "Y": 0.28735122084617615
          }
        ]
      },
      "Id": "270b61ec-d505-4376-9baf-c9472a61da96",
      "Page": 1
    },
    {
      "BlockType": "WORD",
      "Confidence": 95.7187271118164,
      "Text": "Ações",
      "TextType": "PRINTED",
      "Geometry": {
        "BoundingBox": {
          "Width": 0.029980279505252838,
          "Height": 0.010671045631170273,
          "Left": 0.2501392662525177,
          "Top": 0.33204081654548645
        },
        "Polygon": [
          {
            "X": 0.2508184611797333,
            "Y": 0.33334657549858093
          },
          {
            "X": 0.28011953830718994,
            "Y": 0.33204081654548645
          },
          {
            "X": 0.2794726490974426,
            "Y": 0.3414466679096222
          },
          {
            "X": 0.2501392662525177,
            "Y": 0.342711865901947
          }
        ]
      },
      "Id": "e33313d2-86e2-4056-8b76-642cef44ebcb",
      "Page": 1
    },
    {
      "BlockType": "WORD",
      "Confidence": 99.84761810302734,
      "Text": "de",
      "TextType": "PRINTED",
      "Geometry": {
        "BoundingBox": {
          "Width": 0.013042926788330078,
          "Height": 0.008221850730478764,
          "Left": 0.28173238039016724,
          "Top": 0.33130955696105957
        },
        "Polygon": [
          {
            "X": 0.28225740790367126,
            "Y": 0.3318675458431244
          },
          {
            "X": 0.2947753071784973,
            "Y": 0.33130955696105957
          },
          {
            "X": 0.294261634349823,
            "Y": 0.3389875292778015
          },
          {
            "X": 0.28173238039016724,
            "Y": 0.33953142166137695
          }
        ]
      },
      "Id": "f5ef173d-6390-4c79-8e68-7b2568be36dc",
      "Page": 1
    },
    {
      "BlockType": "WORD",
      "Confidence": 99.71835327148438,
      "Text": "folgas",
      "TextType": "PRINTED",
      "Geometry": {
        "BoundingBox": {
          "Width": 0.032137706875801086,
          "Height": 0.010914714075624943,
          "Left": 0.29662707448005676,
          "Top": 0.3293771743774414
        },
        "Polygon": [
          {
            "X": 0.29726025462150574,
            "Y": 0.33078351616859436
          },
          {
            "X": 0.32876476645469666,
            "Y": 0.3293771743774414
          },
          {
            "X": 0.3281671404838562,
            "Y": 0.33892953395843506
          },
          {
            "X": 0.29662707448005676,
            "Y": 0.3402918875217438
          }
        ]
      },
      "Id": "87b0a635-885a-42f7-a6f9-dd4b0d4a09c6",
      "Page": 1
    },
    {
      "BlockType": "WORD",
      "Confidence": 99.38652801513672,
      "Text": "remuneradas",
      "TextType": "PRINTED",
      "Geometry": {
        "BoundingBox": {
          "Width": 0.06809210032224655,
          "Height": 0.01213404443114996,
          "Left": 0.3310721218585968,
          "Top": 0.3255569338798523
        },
        "Polygon": [
          {
            "X": 0.33163896203041077,
            "Y": 0.32857805490493774
          },
          {
            "X": 0.39916422963142395,
            "Y": 0.3255569338798523
          },
          {
            "X": 0.39867129921913147,
            "Y": 0.3347596228122711
          },
          {
            "X": 0.3310721218585968,
            "Y": 0.33769097924232483
          }
        ]
      },
      "Id": "7d49c47b-af59-4d8c-b4dd-4fee27e06d67",
      "Page": 1
    },
    {
      "BlockType": "WORD",
      "Confidence": 87.07476043701172,
      "Text": "D",
      "TextType": "PRINTED",
      "Geometry": {
        "BoundingBox": {
          "Width": 0.005415354855358601,
          "Height": 0.005397483240813017,
          "Left": 0.14399147033691406,
          "Top": 0.35464057326316833
        },
        "Polygon": [
          {
            "X": 0.1444372832775116,
            "Y": 0.35484904050827026
          },
          {
            "X": 0.1494068205356598,
            "Y": 0.35464057326316833
          },
          {
            "X": 0.14896394312381744,
            "Y": 0.3598334789276123
          },
          {
            "X": 0.14399147033691406,
            "Y": 0.36003807187080383
          }
        ]
      },
      "Id": "9eb84eb6-61b4-427c-aab2-cd6aae8db891",
      "Page": 1
    },
    {
      "BlockType": "WORD",
      "Confidence": 34.50551223754883,
      "Text": "(***",
      "TextType": "PRINTED",
      "Geometry": {
        "BoundingBox": {
          "Width": 0.015309776179492474,
          "Height": 0.009426029399037361,
          "Left": 0.2276555448770523,
          "Top": 0.3518296778202057
        },
        "Polygon": [
          {
            "X": 0.22831854224205017,
            "Y": 0.35244160890579224
          },
          {
            "X": 0.24296532571315765,
            "Y": 0.3518296778202057
          },
          {
            "X": 0.24231737852096558,
            "Y": 0.3606629967689514
          },
          {
            "X": 0.2276555448770523,
            "Y": 0.3612557053565979
          }
        ]
      },
      "Id": "3b81ea69-57e8-448d-a0d1-49beb912a914",
      "Page": 1
    },
    {
      "BlockType": "WORD",
      "Confidence": 82.15876007080078,
      "Text": "obtenha-saldo-de-férias",
      "TextType": "PRINTED",
      "Geometry": {
        "BoundingBox": {
          "Width": 0.12451845407485962,
          "Height": 0.015814144164323807,
          "Left": 0.27759894728660583,
          "Top": 0.3412127196788788
        },
        "Polygon": [
          {
            "X": 0.27832692861557007,
            "Y": 0.34645816683769226
          },
          {
            "X": 0.40211740136146545,
            "Y": 0.3412127196788788
          },
          {
            "X": 0.4015462100505829,
            "Y": 0.3519742786884308
          },
          {
            "X": 0.27759894728660583,
            "Y": 0.3570268452167511
          }
        ]
      },
      "Id": "bf1d30b5-03b3-40fa-b7e2-3715cf51a388",
      "Page": 1
    },
    {
      "BlockType": "WORD",
      "Confidence": 82.60482788085938,
      "Text": "obtenha-saldo-banco-de-horas",
      "TextType": "PRINTED",
      "Geometry": {
        "BoundingBox": {
          "Width": 0.16264687478542328,
          "Height": 0.01734994351863861,
          "Left": 0.27540382742881775,
          "Top": 0.349814236164093
        },
        "Polygon": [
          {
            "X": 0.27614521980285645,
            "Y": 0.35643038153648376
          },
          {
            "X": 0.43805068731307983,
            "Y": 0.349814236164093
          },
          {
            "X": 0.43751847743988037,
            "Y": 0.36080464720726013
          },
          {
            "X": 0.27540382742881775,
            "Y": 0.36716416478157043
          }
        ]
      },
      "Id": "dbfa284c-4edf-4205-8a6f-0c06014a0323",
      "Page": 1
    },
    {
      "BlockType": "WORD",
      "Confidence": 98.39146423339844,
      "Text": "reserve-uma-folga",
      "TextType": "PRINTED",
      "Geometry": {
        "BoundingBox": {
          "Width": 0.0953890010714531,
          "Height": 0.013540677726268768,
          "Left": 0.27515482902526855,
          "Top": 0.3644755780696869
        },
        "Polygon": [
          {
            "X": 0.2758338749408722,
            "Y": 0.36817601323127747
          },
          {
            "X": 0.37054380774497986,
            "Y": 0.3644755780696869
          },
          {
            "X": 0.36997556686401367,
            "Y": 0.37445369362831116
          },
          {
            "X": 0.27515482902526855,
            "Y": 0.37801626324653625
          }
        ]
      },
      "Id": "a09ecd7b-b366-4484-a018-31a12f075252",
      "Page": 1
    },
    {
      "BlockType": "WORD",
      "Confidence": 99.76849365234375,
      "Text": "Agente",
      "TextType": "PRINTED",
      "Geometry": {
        "BoundingBox": {
          "Width": 0.03451414406299591,
          "Height": 0.009489242918789387,
          "Left": 0.12556681036949158,
          "Top": 0.3800189793109894
        },
        "Polygon": [
          {
            "X": 0.12628856301307678,
            "Y": 0.38130083680152893
          },
          {
            "X": 0.1600809544324875,
            "Y": 0.3800189793109894
          },
          {
            "X": 0.1593908965587616,
            "Y": 0.38826847076416016
          },
          {
            "X": 0.12556681036949158,
            "Y": 0.3895082175731659
          }
        ]
      },
      "Id": "19f97788-3649-4d27-83b0-0ff9dc12668b",
      "Page": 1
    },
    {
      "BlockType": "WORD",
      "Confidence": 99.85409545898438,
      "Text": "de",
      "TextType": "PRINTED",
      "Geometry": {
        "BoundingBox": {
          "Width": 0.012500202283263206,
          "Height": 0.007493606302887201,
          "Left": 0.16162748634815216,
          "Top": 0.37924787402153015
        },
        "Polygon": [
          {
            "X": 0.16221459209918976,
            "Y": 0.3797002136707306
          },
          {
            "X": 0.1741276979446411,
            "Y": 0.37924787402153015
          },
          {
            "X": 0.17355020344257355,
            "Y": 0.38630178570747375
          },
          {
            "X": 0.16162748634815216,
            "Y": 0.3867414891719818
          }
        ]
      },
      "Id": "a2a4828c-4b86-483d-b7bc-944ec374f0c5",
      "Page": 1
    },
    {
      "BlockType": "WORD",
      "Confidence": 97.21703338623047,
      "Text": "Microsserviço",
      "TextType": "PRINTED",
      "Geometry": {
        "BoundingBox": {
          "Width": 0.06656020134687424,
          "Height": 0.011652572080492973,
          "Left": 0.49022120237350464,
          "Top": 0.3604596257209778
        },
        "Polygon": [
          {
            "X": 0.49060001969337463,
            "Y": 0.3630138039588928
          },
          {
            "X": 0.5567814111709595,
            "Y": 0.3604596257209778
          },
          {
            "X": 0.5564765334129333,
            "Y": 0.3696441948413849
          },
          {
            "X": 0.49022120237350464,
            "Y": 0.3721121847629547
          }
        ]
      },
      "Id": "5e58dd0e-8673-4d56-ad0d-420ed189dd1b",
      "Page": 1
    },
    {
      "BlockType": "WORD",
      "Confidence": 99.86383056640625,
      "Text": "de",
      "TextType": "PRINTED",
      "Geometry": {
        "BoundingBox": {
          "Width": 0.013151019811630249,
          "Height": 0.007356330752372742,
          "Left": 0.5595261454582214,
          "Top": 0.3600223660469055
        },
        "Polygon": [
          {
            "X": 0.5597512125968933,
            "Y": 0.3605208992958069
          },
          {
            "X": 0.5726771950721741,
            "Y": 0.3600223660469055
          },
          {
            "X": 0.5724630355834961,
            "Y": 0.3668927252292633
          },
          {
            "X": 0.5595261454582214,
            "Y": 0.36737868189811707
          }
        ]
      },
      "Id": "15ff92cb-0346-47f4-82fa-81371a25951a",
      "Page": 1
    },
    {
      "BlockType": "WORD",
      "Confidence": 99.6235580444336,
      "Text": "Banco",
      "TextType": "PRINTED",
      "Geometry": {
        "BoundingBox": {
          "Width": 0.03152058273553848,
          "Height": 0.0086292689666152,
          "Left": 0.576676607131958,
          "Top": 0.3581598103046417
        },
        "Polygon": [
          {
            "X": 0.5769038796424866,
            "Y": 0.3593689501285553
          },
          {
            "X": 0.6081971526145935,
            "Y": 0.3581598103046417
          },
          {
            "X": 0.6079986095428467,
            "Y": 0.3656127154827118
          },
          {
            "X": 0.576676607131958,
            "Y": 0.3667890727519989
          }
        ]
      },
      "Id": "58723c84-ec9a-4df9-8b65-4bbb533e4b27",
      "Page": 1
    },
    {
      "BlockType": "WORD",
      "Confidence": 99.83885192871094,
      "Text": "de",
      "TextType": "PRINTED",
      "Geometry": {
        "BoundingBox": {
          "Width": 0.013058734126389027,
          "Height": 0.007546646520495415,
          "Left": 0.6108206510543823,
          "Top": 0.35733282566070557
        },
        "Polygon": [
          {
            "X": 0.6110059022903442,
            "Y": 0.357830673456192
          },
          {
            "X": 0.6238793730735779,
            "Y": 0.35733282566070557
          },
          {
            "X": 0.6237053871154785,
            "Y": 0.3643943965435028
          },
          {
            "X": 0.6108206510543823,
            "Y": 0.3648794889450073
          }
        ]
      },
      "Id": "cff3a226-a6e7-479d-985d-ef26a8b45f05",
      "Page": 1
    },
    {
      "BlockType": "WORD",
      "Confidence": 99.5935287475586,
      "Text": "dados",
      "TextType": "PRINTED",
      "Geometry": {
        "BoundingBox": {
          "Width": 0.03224682807922363,
          "Height": 0.008950472809374332,
          "Left": 0.6264384388923645,
          "Top": 0.355386346578598
        },
        "Polygon": [
          {
            "X": 0.626625657081604,
            "Y": 0.3566289246082306
          },
          {
            "X": 0.6586852669715881,
            "Y": 0.355386346578598
          },
          {
            "X": 0.6585288643836975,
            "Y": 0.3631289005279541
          },
          {
            "X": 0.6264384388923645,
            "Y": 0.3643368184566498
          }
        ]
      },
      "Id": "a5e660cb-76e7-416a-9fa3-2b65c4e12ddd",
      "Page": 1
    },
    {
      "BlockType": "WORD",
      "Confidence": 99.85546875,
      "Text": "de",
      "TextType": "PRINTED",
      "Geometry": {
        "BoundingBox": {
          "Width": 0.013238105922937393,
          "Height": 0.007536550052464008,
          "Left": 0.6611358523368835,
          "Top": 0.35482004284858704
        },
        "Polygon": [
          {
            "X": 0.6612755060195923,
            "Y": 0.35532763600349426
          },
          {
            "X": 0.674373984336853,
            "Y": 0.35482004284858704
          },
          {
            "X": 0.6742458939552307,
            "Y": 0.36186182498931885
          },
          {
            "X": 0.6611358523368835,
            "Y": 0.36235660314559937
          }
        ]
      },
      "Id": "8e429432-e141-4576-aeca-309d8986d62c",
      "Page": 1
    },
    {
      "BlockType": "WORD",
      "Confidence": 98.09697723388672,
      "Text": "reserve-uma-férias",
      "TextType": "PRINTED",
      "Geometry": {
        "BoundingBox": {
          "Width": 0.09725296497344971,
          "Height": 0.012268193997442722,
          "Left": 0.2742851674556732,
          "Top": 0.3741981089115143
        },
        "Polygon": [
          {
            "X": 0.2748812735080719,
            "Y": 0.3778325319290161
          },
          {
            "X": 0.3715381324291229,
            "Y": 0.3741981089115143
          },
          {
            "X": 0.37104111909866333,
            "Y": 0.38295549154281616
          },
          {
            "X": 0.2742851674556732,
            "Y": 0.38646629452705383
          }
        ]
      },
      "Id": "9a393bc2-fa65-4887-858e-5084d8840a88",
      "Page": 1
    },
    {
      "BlockType": "WORD",
      "Confidence": 99.761962890625,
      "Text": "folga",
      "TextType": "PRINTED",
      "Geometry": {
        "BoundingBox": {
          "Width": 0.02578728273510933,
          "Height": 0.009406881406903267,
          "Left": 0.48628050088882446,
          "Top": 0.37212246656417847
        },
        "Polygon": [
          {
            "X": 0.4866366684436798,
            "Y": 0.3730666935443878
          },
          {
            "X": 0.5120677947998047,
            "Y": 0.37212246656417847
          },
          {
            "X": 0.5117378234863281,
            "Y": 0.3806160092353821
          },
          {
            "X": 0.48628050088882446,
            "Y": 0.3815293610095978
          }
        ]
      },
      "Id": "a4eddb94-c304-4532-afde-6062d6c7d946",
      "Page": 1
    },
    {
      "BlockType": "WORD",
      "Confidence": 99.03366088867188,
      "Text": "remunerada",
      "TextType": "PRINTED",
      "Geometry": {
        "BoundingBox": {
          "Width": 0.06079068407416344,
          "Height": 0.010195448994636536,
          "Left": 0.5147112607955933,
          "Top": 0.3690025806427002
        },
        "Polygon": [
          {
            "X": 0.5150168538093567,
            "Y": 0.3712550401687622
          },
          {
            "X": 0.5755019187927246,
            "Y": 0.3690025806427002
          },
          {
            "X": 0.5752553939819336,
            "Y": 0.37701416015625
          },
          {
            "X": 0.5147112607955933,
            "Y": 0.3791980445384979
          }
        ]
      },
      "Id": "30c12c02-022c-4555-8a8a-184c0937c882",
      "Page": 1
    },
    {
      "BlockType": "WORD",
      "Confidence": 99.81514739990234,
      "Text": "folga",
      "TextType": "PRINTED",
      "Geometry": {
        "BoundingBox": {
          "Width": 0.02749715745449066,
          "Height": 0.01010044850409031,
          "Left": 0.5778063535690308,
          "Top": 0.3674648702144623
        },
        "Polygon": [
          {
            "X": 0.5780829787254333,
            "Y": 0.36848023533821106
          },
          {
            "X": 0.6053035259246826,
            "Y": 0.3674648702144623
          },
          {
            "X": 0.6050575375556946,
            "Y": 0.3765849173069
          },
          {
            "X": 0.5778063535690308,
            "Y": 0.37756529450416565
          }
        ]
      },
      "Id": "264e645a-311f-4366-a130-39e79f23a010",
      "Page": 1
    },
    {
      "BlockType": "WORD",
      "Confidence": 99.33448791503906,
      "Text": "remunerada",
      "TextType": "PRINTED",
      "Geometry": {
        "BoundingBox": {
          "Width": 0.06437066942453384,
          "Height": 0.010910083539783955,
          "Left": 0.6079359650611877,
          "Top": 0.3643970489501953
        },
        "Polygon": [
          {
            "X": 0.608162522315979,
            "Y": 0.36679503321647644
          },
          {
            "X": 0.6723066568374634,
            "Y": 0.3643970489501953
          },
          {
            "X": 0.6721482872962952,
            "Y": 0.3729860484600067
          },
          {
            "X": 0.6079359650611877,
            "Y": 0.3753071427345276
          }
        ]
      },
      "Id": "2da959b5-f513-41c7-859b-ef80b41836cc",
      "Page": 1
    },
    {
      "BlockType": "WORD",
      "Confidence": 99.3159408569336,
      "Text": "folgas",
      "TextType": "PRINTED",
      "Geometry": {
        "BoundingBox": {
          "Width": 0.02930506505072117,
          "Height": 0.009802327491343021,
          "Left": 0.11911235004663467,
          "Top": 0.38975948095321655
        },
        "Polygon": [
          {
            "X": 0.1198890283703804,
            "Y": 0.3908002972602844
          },
          {
            "X": 0.1484174132347107,
            "Y": 0.38975948095321655
          },
          {
            "X": 0.14766919612884521,
            "Y": 0.39855897426605225
          },
          {
            "X": 0.11911235004663467,
            "Y": 0.3995617926120758
          }
        ]
      },
      "Id": "7255a998-ac3a-401e-8220-fe472d438886",
      "Page": 1
    },
    {
      "BlockType": "WORD",
      "Confidence": 99.87574005126953,
      "Text": "de",
      "TextType": "PRINTED",
      "Geometry": {
        "BoundingBox": {
          "Width": 0.012485628016293049,
          "Height": 0.007694032043218613,
          "Left": 0.14998288452625275,
          "Top": 0.38923782110214233
        },
        "Polygon": [
          {
            "X": 0.15059825778007507,
            "Y": 0.3896709084510803
          },
          {
            "X": 0.16246850788593292,
            "Y": 0.38923782110214233
          },
          {
            "X": 0.16186296939849854,
            "Y": 0.39651182293891907
          },
          {
            "X": 0.14998288452625275,
            "Y": 0.39693185687065125
          }
        ]
      },
      "Id": "c0395d4f-be46-497d-a829-48b582f34c44",
      "Page": 1
    },
    {
      "BlockType": "WORD",
      "Confidence": 99.89314270019531,
      "Text": "RH",
      "TextType": "PRINTED",
      "Geometry": {
        "BoundingBox": {
          "Width": 0.013886398635804653,
          "Height": 0.007263347506523132,
          "Left": 0.16467204689979553,
          "Top": 0.3888750970363617
        },
        "Polygon": [
          {
            "X": 0.16523386538028717,
            "Y": 0.38936078548431396
          },
          {
            "X": 0.17855843901634216,
            "Y": 0.3888750970363617
          },
          {
            "X": 0.17800696194171906,
            "Y": 0.3956663906574249
          },
          {
            "X": 0.16467204689979553,
            "Y": 0.396138459444046
          }
        ]
      },
      "Id": "6c65a92b-b45d-474d-8db9-75e1ce95fafb",
      "Page": 1
    }
  ],
  "DetectDocumentTextModelVersion": "1.0"
}