{
  "DocumentMetadata": {
    "Pages": 1
  },
  "JobStatus": "SUCCEEDED",
  "Blocks": [
    {
      "BlockType": "PAGE",
      "Geometry": {
        "BoundingBox": {
          "Width": 1,
          "Height": 1,
          "Left": 0,
          "Top": 0
        },
        "Polygon": [
          {
            "X": 4.712184775712558e-8,
            "Y": 3.519132008023007e-8
          },
          {
            "X": 0.997986376285553,
            "Y": 0
          },
          {
            "X": 1,
            "Y": 1
          },
          {
            "X": 0,
            "Y": 0.9964373707771301
          }
        ]
      },
      "Id": "11c497a3-8ffe-40f2-a6aa-20d54ba4a5e6",
      "Relationships": [
        {
          "Type": "CHILD",
          "Ids": [
            "67ef4de3-84e6-478b-b1b2-9961bb462e87",
            "cf344fe5-1e8f-4a11-839e-7a7a38355fdb",
            "b613493e-0bd1-44be-9e04-ded693019fdc",
            "8de696c5-e729-456a-a313-97f5dfaff208",
            "ce843dde-e233-4b2a-8e97-91d3326ed9b7",
            "d1f19680-66a0-45f3-9ff3-6a43cd04db6b",
            "47432906-368a-4f17-a5c2-10e67aee2cf0",
            "e4b3ef2b-5bbc-4b28-9886-295139e1b61a",
            "75e26ccd-1127-4929-b57b-85529fb95e96",
            "7769f7b7-b035-4b36-b43f-94511b00d817",
            "ea6e36ea-52b0-4233-8565-74e203eaadd1",
            "4be84dea-763b-413f-b72b-2e4bf596587f",
            "2d5d8215-6e7a-4d6a-9450-84ad26f07889"
          ]
        }
      ],
      "Page": 1
    },
    {
      "BlockType": "LINE",
      "Confidence": 98.2109603881836,
      "Text": "Experimente a colaboração",
      "Geometry": {
        "BoundingBox": {
          "Width": 0.45143672823905945,
          "Height": 0.0620720311999321,
          "Left": 0.10972586274147034,
          "Top": 0.1847059279680252
        },
        "Polygon": [
          {
            "X": 0.11128696799278259,
            "Y": 0.2171381115913391
          },
          {
            "X": 0.5611625909805298,
            "Y": 0.1847059279680252
          },
          {
            "X": 0.5607444643974304,
            "Y": 0.21657894551753998
          },
          {
            "X": 0.10972586274147034,
            "Y": 0.2467779517173767
          }
        ]
      },
      "Id": "67ef4de3-84e6-478b-b1b2-9961bb462e87",
      "Relationships": [
        {
          "Type": "CHILD",
          "Ids": [
            "4fa697ea-9adf-45e9-9774-e9b3d72c7d4a",
            "00c9adcc-141f-4aaa-8d35-78043015e503",
            "1fe25f21-4a43-4786-b8a2-4475c918a050"
          ]
        }
      ],
      "Page": 1
    },
    {
      "BlockType": "LINE",
      "Confidence": 99.7018051147461,
      "Text": "multiagente do Amazon Bedrock",
      "Geometry": {
        "BoundingBox": {
          "Width": 0.5367574691772461,
          "Height": 0.06633652746677399,
          "Left": 0.1078973338007927,
          "Top": 0.2041342556476593
        },
        "Polygon": [
          {
            "X": 0.109474778175354,
            "Y": 0.24054965376853943
          },
          {
            "X": 0.6446548104286194,
            "Y": 0.2041342556476593
          },
          {
            "X": 0.6444675922393799,
            "Y": 0.23674322664737701
          },
          {
            "X": 0.1078973338007927,
            "Y": 0.2704707980155945
          }
        ]
      },
      "Id": "cf344fe5-1e8f-4a11-839e-7a7a38355fdb",
      "Relationships": [
        {
          "Type": "CHILD",
          "Ids": [
            "047dbaa4-770f-469f-9715-5b14de0b43b0",
            "cef22a35-bff4-4085-8623-1c99304d3b8e",
            "885b7a80-2f57-44b1-83d2-3a68f314ca6a",
            "32912fd9-e1c3-4839-b535-1b7b0cba7881"
          ]
        }
      ],
      "Page": 1
    },
    {
      "BlockType": "LINE",
      "Confidence": 98.82709503173828,
      "Text": "Exemplos prontos para serem executados:",
      "Geometry": {
        "BoundingBox": {
          "Width": 0.25772956013679504,
          "Height": 0.029488690197467804,
          "Left": 0.09667050093412399,
          "Top": 0.2662433981895447
        },
        "Polygon": [
          {
            "X": 0.09741092473268509,
            "Y": 0.28191420435905457
          },
          {
            "X": 0.35440003871917725,
            "Y": 0.2662433981895447
          },
          {
            "X": 0.3539510667324066,
            "Y": 0.280661016702652
          },
          {
            "X": 0.09667050093412399,
            "Y": 0.2957320809364319
          }
        ]
      },
      "Id": "b613493e-0bd1-44be-9e04-ded693019fdc",
      "Relationships": [
        {
          "Type": "CHILD",
          "Ids": [
            "d20e43c9-2d4e-4c49-8812-3ae408bd14b3",
            "8fbf317e-0aca-405d-8dee-d54490d44b79",
            "f5824a79-7da9-48a0-a252-61b7385a755d",
            "f79cc9da-2ddc-4136-b11b-c910141adb99",
            "4a509719-307f-4a7c-91a6-bf2a3b97c128"
          ]
        }
      ],
      "Page": 1
    },
    {
      "BlockType": "LINE",
      "Confidence": 98.55976867675781,
      "Text": "Crie uma estratégia de marketing",
      "Geometry": {
        "BoundingBox": {
          "Width": 0.16214312613010406,
          "Height": 0.018498221412301064,
          "Left": 0.1169244647026062,
          "Top": 0.293391615152359
        },
        "Polygon": [
          {
            "X": 0.11740338802337646,
            "Y": 0.30263379216194153
          },
          {
            "X": 0.27906760573387146,
            "Y": 0.293391615152359
          },
          {
            "X": 0.2787095904350281,
            "Y": 0.3029000461101532
          },
          {
            "X": 0.1169244647026062,
            "Y": 0.3118898570537567
          }
        ]
      },
      "Id": "8de696c5-e729-456a-a313-97f5dfaff208",
      "Relationships": [
        {
          "Type": "CHILD",
          "Ids": [
            "b326a034-c205-4e48-9e80-30d1b93d73f0",
            "99bcd2df-f0a0-4c28-b862-78c41aa4c3f4",
            "f9482b58-4b48-4474-b09d-45729d70eb49",
            "046e1651-94ce-4d20-a600-5f197a2e7678",
            "1af12f0d-90da-4f12-a38d-7df9e4f62ec5"
          ]
        }
      ],
      "Page": 1
    },
    {
      "BlockType": "LINE",
      "Confidence": 98.37202453613281,
      "Text": "Converse com uma empresa hipotecária",
      "Geometry": {
        "BoundingBox": {
          "Width": 0.19670426845550537,
          "Height": 0.020176691934466362,
          "Left": 0.11514835804700851,
          "Top": 0.3100096881389618
        },
        "Polygon": [
          {
            "X": 0.115644171833992,
            "Y": 0.3206172585487366
          },
          {
            "X": 0.3118526339530945,
            "Y": 0.3100096881389618
          },
          {
            "X": 0.31150922179222107,
            "Y": 0.31989607214927673
          },
          {
            "X": 0.11514835804700851,
            "Y": 0.3301863670349121
          }
        ]
      },
      "Id": "ce843dde-e233-4b2a-8e97-91d3326ed9b7",
      "Relationships": [
        {
          "Type": "CHILD",
          "Ids": [
            "8802ee24-9c81-42d5-9037-efd7c8a4c9e8",
            "92b5f9bc-6d68-4d83-8e97-6424e9af5e8c",
            "8f6af9bd-67f8-49a8-ab05-25df1de836b2",
            "5eea7c1a-7a1d-4389-9346-02ed33e1de22",
            "f0369f4e-bf1e-4fed-9478-140c7fc1eb5b"
          ]
        }
      ],
      "Page": 1
    },
    {
      "BlockType": "LINE",
      "Confidence": 85.81695556640625,
      "Text": "a",
      "Geometry": {
        "BoundingBox": {
          "Width": 0.07869250327348709,
          "Height": 0.059872016310691833,
          "Left": 0.9141607284545898,
          "Top": 0.251157283782959
        },
        "Polygon": [
          {
            "X": 0.9141607284545898,
            "Y": 0.255594402551651
          },
          {
            "X": 0.9914677739143372,
            "Y": 0.251157283782959
          },
          {
            "X": 0.9928532838821411,
            "Y": 0.3072272837162018
          },
          {
            "X": 0.9151541590690613,
            "Y": 0.311029314994812
          }
        ]
      },
      "Id": "d1f19680-66a0-45f3-9ff3-6a43cd04db6b",
      "Relationships": [
        {
          "Type": "CHILD",
          "Ids": [
            "faf7e51f-f2b6-4423-a1d1-930b78dc891b"
          ]
        }
      ],
      "Page": 1
    },
    {
      "BlockType": "LINE",
      "Confidence": 99.50639343261719,
      "Text": "Planeje uma viagem",
      "Geometry": {
        "BoundingBox": {
          "Width": 0.09719635546207428,
          "Height": 0.01411086693406105,
          "Left": 0.1136893481016159,
          "Top": 0.33559590578079224
        },
        "Polygon": [
          {
            "X": 0.11416715383529663,
            "Y": 0.3404921591281891
          },
          {
            "X": 0.21088570356369019,
            "Y": 0.33559590578079224
          },
          {
            "X": 0.2104787528514862,
            "Y": 0.3449615240097046
          },
          {
            "X": 0.1136893481016159,
            "Y": 0.349706768989563
          }
        ]
      },
      "Id": "47432906-368a-4f17-a5c2-10e67aee2cf0",
      "Relationships": [
        {
          "Type": "CHILD",
          "Ids": [
            "c2abda3f-1642-4ae4-9b46-fd72214a8772",
            "5f47d9ea-3bde-4aca-af0c-579425e0b0e4",
            "eda45a6d-20d6-4dcb-8f21-0dc127c0d443"
          ]
        }
      ],
      "Page": 1
    },
    {
      "BlockType": "LINE",
      "Confidence": 98.17909240722656,
      "Text": "Gerencie a eficiência energética",
      "Geometry": {
        "BoundingBox": {
          "Width": 0.15597698092460632,
          "Height": 0.016797276213765144,
          "Left": 0.11208131164312363,
          "Top": 0.35153862833976746
        },
        "Polygon": [
          {
            "X": 0.1125703752040863,
            "Y": 0.358914315700531
          },
          {
            "X": 0.26805830001831055,
            "Y": 0.35153862833976746
          },
          {
            "X": 0.26768678426742554,
            "Y": 0.36120879650115967
          },
          {
            "X": 0.11208131164312363,
            "Y": 0.36833590269088745
          }
        ]
      },
      "Id": "e4b3ef2b-5bbc-4b28-9886-295139e1b61a",
      "Relationships": [
        {
          "Type": "CHILD",
          "Ids": [
            "13ff9f6c-a21a-4a4f-a8de-0828f34db43f",
            "2b42fec3-bb45-4552-9eab-7c0974979832",
            "83c3d234-e9ec-4b61-b15a-db5f6436f5e8",
            "b9f08403-acf2-42c0-8e80-98321cd12e79"
          ]
        }
      ],
      "Page": 1
    },
    {
      "BlockType": "LINE",
      "Confidence": 97.35604095458984,
      "Text": "Experimente você mesmo!",
      "Geometry": {
        "BoundingBox": {
          "Width": 0.16090121865272522,
          "Height": 0.018179986625909805,
          "Left": 0.08717876672744751,
          "Top": 0.37522920966148376
        },
        "Polygon": [
          {
            "X": 0.08778278529644012,
            "Y": 0.3822140395641327
          },
          {
            "X": 0.24807998538017273,
            "Y": 0.37522920966148376
          },
          {
            "X": 0.24761906266212463,
            "Y": 0.3867309093475342
          },
          {
            "X": 0.08717876672744751,
            "Y": 0.39340919256210327
          }
        ]
      },
      "Id": "75e26ccd-1127-4929-b57b-85529fb95e96",
      "Relationships": [
        {
          "Type": "CHILD",
          "Ids": [
            "44953c08-ad97-4472-8d62-7bc960900356",
            "b880300e-21f8-4832-a7d1-c21051e2dbbe",
            "4c195c4d-9edc-4d7c-8c72-7263f2878f1d"
          ]
        }
      ],
      "Page": 1
    },
    {
      "BlockType": "LINE",
      "Confidence": 95.92984008789062,
      "Text": "Inicie um POC para automatizar um processo complexo",
      "Geometry": {
        "BoundingBox": {
          "Width": 0.28304266929626465,
          "Height": 0.02052082121372223,
          "Left": 0.10808442533016205,
          "Top": 0.3914501667022705
        },
        "Polygon": [
          {
            "X": 0.10856650024652481,
            "Y": 0.40271082520484924
          },
          {
            "X": 0.3911271095275879,
            "Y": 0.3914501667022705
          },
          {
            "X": 0.3908590078353882,
            "Y": 0.4011562764644623
          },
          {
            "X": 0.10808442533016205,
            "Y": 0.41197097301483154
          }
        ]
      },
      "Id": "7769f7b7-b035-4b36-b43f-94511b00d817",
      "Relationships": [
        {
          "Type": "CHILD",
          "Ids": [
            "d229d595-7d23-4c81-8736-164d83bbf71c",
            "03dedb98-dc00-4340-9f04-014bd27c7013",
            "b11871dc-7086-4f59-8685-99ffc292eb14",
            "c28a9adb-67c2-484c-834d-6580817b5e71",
            "401d024f-abff-4337-991f-5f48c51777c9",
            "982ea408-7aa5-4e01-bbbd-d36b6f925238",
            "bea2b79a-a164-48eb-b0b0-0e66456274d9",
            "0dd6677c-26f7-48b7-a150-c9e6a9a9e208"
          ]
        }
      ],
      "Page": 1
    },
    {
      "BlockType": "LINE",
      "Confidence": 97.39107513427734,
      "Text": "Crie um protótipo de uma experiência de bate-papo com",
      "Geometry": {
        "BoundingBox": {
          "Width": 0.29201921820640564,
          "Height": 0.020378893241286278,
          "Left": 0.10625648498535156,
          "Top": 0.4108663499355316
        },
        "Polygon": [
          {
            "X": 0.10676278918981552,
            "Y": 0.42153289914131165
          },
          {
            "X": 0.3982757031917572,
            "Y": 0.4108663499355316
          },
          {
            "X": 0.3980008661746979,
            "Y": 0.42106226086616516
          },
          {
            "X": 0.10625648498535156,
            "Y": 0.43124523758888245
          }
        ]
      },
      "Id": "ea6e36ea-52b0-4233-8565-74e203eaadd1",
      "Relationships": [
        {
          "Type": "CHILD",
          "Ids": [
            "226b5ad3-248b-4601-bda2-60aed5eacbdb",
            "737c7679-b6ae-4845-a575-0ef5c545206b",
            "244e47f8-eda2-4082-b162-55c26924b341",
            "26b328b9-3dee-482b-8887-2140aeadd52a",
            "a9367bf7-448e-4835-b067-9fb22e34b54b",
            "af159e3a-3d34-4311-b901-b4556e0f37f3",
            "2df6d19b-0ee2-438a-9434-b9c16ecc37cc",
            "9d03efc3-1cc3-4c53-b563-aba5098a6d26",
            "9825d552-7bf7-4857-83c9-e06b08c78766"
          ]
        }
      ],
      "Page": 1
    },
    {
      "BlockType": "LINE",
      "Confidence": 97.53388214111328,
      "Text": "vários agentes",
      "Geometry": {
        "BoundingBox": {
          "Width": 0.07104149460792542,
          "Height": 0.01132380310446024,
          "Left": 0.10488366335630417,
          "Top": 0.4289499521255493
        },
        "Polygon": [
          {
            "X": 0.10534632951021194,
            "Y": 0.4314117729663849
          },
          {
            "X": 0.175925150513649,
            "Y": 0.4289499521255493
          },
          {
            "X": 0.17551149427890778,
            "Y": 0.4379189610481262
          },
          {
            "X": 0.10488366335630417,
            "Y": 0.4402737617492676
          }
        ]
      },
      "Id": "4be84dea-763b-413f-b72b-2e4bf596587f",
      "Relationships": [
        {
          "Type": "CHILD",
          "Ids": [
            "6edecc00-952e-4ac3-857b-91f1998382bd",
            "67db8235-27f6-4701-b8d8-e29a1270b1b6"
          ]
        }
      ],
      "Page": 1
    },
    {
      "BlockType": "LINE",
      "Confidence": 93.984375,
      "Text": "Conte-nos o que você adoraria ver a seguir!",
      "Geometry": {
        "BoundingBox": {
          "Width": 0.2759692668914795,
          "Height": 0.020407840609550476,
          "Left": 0.08071699738502502,
          "Top": 0.4455331265926361
        },
        "Polygon": [
          {
            "X": 0.08135922253131866,
            "Y": 0.4540860056877136
          },
          {
            "X": 0.3566862642765045,
            "Y": 0.4455331265926361
          },
          {
            "X": 0.3563080132007599,
            "Y": 0.4579499065876007
          },
          {
            "X": 0.08071699738502502,
            "Y": 0.4659409523010254
          }
        ]
      },
      "Id": "2d5d8215-6e7a-4d6a-9450-84ad26f07889",
      "Relationships": [
        {
          "Type": "CHILD",
          "Ids": [
            "b72f0231-21cd-4be0-92fb-9d8cf64aeb53",
            "acae78a5-90a4-4cfd-b7d5-9677ef163e64",
            "8fa26676-1925-4086-874f-fbfd0a905143",
            "79547fc3-4af8-4f6f-bd54-2a7394ef40f0",
            "00f21567-7b6e-4058-9fa7-24f3f19a75fa",
            "2e0584d5-c14f-4395-9f12-5bd90c7dd9b3",
            "9ab43d86-6082-48ca-9c76-52c55680f336",
            "413e137d-1578-4972-a29e-a4119650adb5"
          ]
        }
      ],
      "Page": 1
    },
    {
      "BlockType": "WORD",
      "Confidence": 98.24220275878906,
      "Text": "Experimente",
      "TextType": "PRINTED",
      "Geometry": {
        "BoundingBox": {
          "Width": 0.18748052418231964,
          "Height": 0.03783400356769562,
          "Left": 0.10972586274147034,
          "Top": 0.2089439481496811
        },
        "Polygon": [
          {
            "X": 0.11102019995450974,
            "Y": 0.2222030758857727
          },
          {
            "X": 0.29720640182495117,
            "Y": 0.2089439481496811
          },
          {
            "X": 0.29628556966781616,
            "Y": 0.23428641259670258
          },
          {
            "X": 0.10972586274147034,
            "Y": 0.2467779517173767
          }
        ]
      },
      "Id": "4fa697ea-9adf-45e9-9774-e9b3d72c7d4a",
      "Page": 1
    },
    {
      "BlockType": "WORD",
      "Confidence": 99.90198516845703,
      "Text": "a",
      "TextType": "PRINTED",
      "Geometry": {
        "BoundingBox": {
          "Width": 0.015776140615344048,
          "Height": 0.01500307209789753,
          "Left": 0.31382906436920166,
          "Top": 0.21090300381183624
        },
        "Polygon": [
          {
            "X": 0.3143139183521271,
            "Y": 0.21198102831840515
          },
          {
            "X": 0.32960519194602966,
            "Y": 0.21090300381183624
          },
          {
            "X": 0.3291378915309906,
            "Y": 0.2248625010251999
          },
          {
            "X": 0.31382906436920166,
            "Y": 0.22590607404708862
          }
        ]
      },
      "Id": "00c9adcc-141f-4aaa-8d35-78043015e503",
      "Page": 1
    },
    {
      "BlockType": "WORD",
      "Confidence": 96.48869323730469,
      "Text": "colaboração",
      "TextType": "PRINTED",
      "Geometry": {
        "BoundingBox": {
          "Width": 0.2121257334947586,
          "Height": 0.03952689841389656,
          "Left": 0.3490368723869324,
          "Top": 0.1847059279680252
        },
        "Polygon": [
          {
            "X": 0.3498075306415558,
            "Y": 0.19994281232357025
          },
          {
            "X": 0.5611625909805298,
            "Y": 0.1847059279680252
          },
          {
            "X": 0.5608330965042114,
            "Y": 0.2098209410905838
          },
          {
            "X": 0.3490368723869324,
            "Y": 0.22423282265663147
          }
        ]
      },
      "Id": "1fe25f21-4a43-4786-b8a2-4475c918a050",
      "Page": 1
    },
    {
      "BlockType": "WORD",
      "Confidence": 99.32550048828125,
      "Text": "multiagente",
      "TextType": "PRINTED",
      "Geometry": {
        "BoundingBox": {
          "Width": 0.18534712493419647,
          "Height": 0.034357935190200806,
          "Left": 0.1078973338007927,
          "Top": 0.23611284792423248
        },
        "Polygon": [
          {
            "X": 0.10906118154525757,
            "Y": 0.2483949065208435
          },
          {
            "X": 0.29324445128440857,
            "Y": 0.23611284792423248
          },
          {
            "X": 0.29241153597831726,
            "Y": 0.2588726580142975
          },
          {
            "X": 0.1078973338007927,
            "Y": 0.2704707980155945
          }
        ]
      },
      "Id": "047dbaa4-770f-469f-9715-5b14de0b43b0",
      "Page": 1
    },
    {
      "BlockType": "WORD",
      "Confidence": 99.86884307861328,
      "Text": "do",
      "TextType": "PRINTED",
      "Geometry": {
        "BoundingBox": {
          "Width": 0.03613387048244476,
          "Height": 0.02148187719285488,
          "Left": 0.3116553723812103,
          "Top": 0.22962498664855957
        },
        "Polygon": [
          {
            "X": 0.31232258677482605,
            "Y": 0.23200692236423492
          },
          {
            "X": 0.3477892577648163,
            "Y": 0.22962498664855957
          },
          {
            "X": 0.3471779227256775,
            "Y": 0.24883487820625305
          },
          {
            "X": 0.3116553723812103,
            "Y": 0.251106858253479
          }
        ]
      },
      "Id": "cef22a35-bff4-4085-8623-1c99304d3b8e",
      "Page": 1
    },
    {
      "BlockType": "WORD",
      "Confidence": 99.92976379394531,
      "Text": "Amazon",
      "TextType": "PRINTED",
      "Geometry": {
        "BoundingBox": {
          "Width": 0.11560604721307755,
          "Height": 0.02584051713347435,
          "Left": 0.3653761148452759,
          "Top": 0.22033832967281342
        },
        "Polygon": [
          {
            "X": 0.36592352390289307,
            "Y": 0.22807206213474274
          },
          {
            "X": 0.4809821546077728,
            "Y": 0.22033832967281342
          },
          {
            "X": 0.4806109070777893,
            "Y": 0.2387799173593521
          },
          {
            "X": 0.3653761148452759,
            "Y": 0.24617885053157806
          }
        ]
      },
      "Id": "885b7a80-2f57-44b1-83d2-3a68f314ca6a",
      "Page": 1
    },
    {
      "BlockType": "WORD",
      "Confidence": 99.68310546875,
      "Text": "Bedrock",
      "TextType": "PRINTED",
      "Geometry": {
        "BoundingBox": {
          "Width": 0.14361070096492767,
          "Height": 0.03167128935456276,
          "Left": 0.5010441541671753,
          "Top": 0.2041342556476593
        },
        "Polygon": [
          {
            "X": 0.5014463067054749,
            "Y": 0.21387863159179688
          },
          {
            "X": 0.6446548104286194,
            "Y": 0.2041342556476593
          },
          {
            "X": 0.6445261240005493,
            "Y": 0.22655411064624786
          },
          {
            "X": 0.5010441541671753,
            "Y": 0.23580554127693176
          }
        ]
      },
      "Id": "32912fd9-e1c3-4839-b535-1b7b0cba7881",
      "Page": 1
    },
    {
      "BlockType": "WORD",
      "Confidence": 98.50092315673828,
      "Text": "Exemplos",
      "TextType": "PRINTED",
      "Geometry": {
        "BoundingBox": {
          "Width": 0.056330133229494095,
          "Height": 0.013976038433611393,
          "Left": 0.09667050093412399,
          "Top": 0.28175604343414307
        },
        "Polygon": [
          {
            "X": 0.09723886847496033,
            "Y": 0.2851252257823944
          },
          {
            "X": 0.1530006378889084,
            "Y": 0.28175604343414307
          },
          {
            "X": 0.15247897803783417,
            "Y": 0.29246291518211365
          },
          {
            "X": 0.09667050093412399,
            "Y": 0.2957320809364319
          }
        ]
      },
      "Id": "d20e43c9-2d4e-4c49-8812-3ae408bd14b3",
      "Page": 1
    },
    {
      "BlockType": "WORD",
      "Confidence": 99.39815521240234,
      "Text": "prontos",
      "TextType": "PRINTED",
      "Geometry": {
        "BoundingBox": {
          "Width": 0.04730052873492241,
          "Height": 0.013047529384493828,
          "Left": 0.1556953340768814,
          "Top": 0.2783757150173187
        },
        "Polygon": [
          {
            "X": 0.15619027614593506,
            "Y": 0.2812066078186035
          },
          {
            "X": 0.20299586653709412,
            "Y": 0.2783757150173187
          },
          {
            "X": 0.2025391161441803,
            "Y": 0.2886723279953003
          },
          {
            "X": 0.1556953340768814,
            "Y": 0.2914232313632965
          }
        ]
      },
      "Id": "8fbf317e-0aca-405d-8dee-d54490d44b79",
      "Page": 1
    },
    {
      "BlockType": "WORD",
      "Confidence": 99.84772491455078,
      "Text": "para",
      "TextType": "PRINTED",
      "Geometry": {
        "BoundingBox": {
          "Width": 0.02813585102558136,
          "Height": 0.010866758413612843,
          "Left": 0.205328568816185,
          "Top": 0.27687355875968933
        },
        "Polygon": [
          {
            "X": 0.20573407411575317,
            "Y": 0.2785491347312927
          },
          {
            "X": 0.23346441984176636,
            "Y": 0.27687355875968933
          },
          {
            "X": 0.23307938873767853,
            "Y": 0.28610700368881226
          },
          {
            "X": 0.205328568816185,
            "Y": 0.2877403199672699
          }
        ]
      },
      "Id": "f5824a79-7da9-48a0-a252-61b7385a755d",
      "Page": 1
    },
    {
      "BlockType": "WORD",
      "Confidence": 99.53115844726562,
      "Text": "serem",
      "TextType": "PRINTED",
      "Geometry": {
        "BoundingBox": {
          "Width": 0.03856069594621658,
          "Height": 0.009856680408120155,
          "Left": 0.2362985908985138,
          "Top": 0.27399197220802307
        },
        "Polygon": [
          {
            "X": 0.23661106824874878,
            "Y": 0.27630555629730225
          },
          {
            "X": 0.2748592793941498,
            "Y": 0.27399197220802307
          },
          {
            "X": 0.27457019686698914,
            "Y": 0.28158265352249146
          },
          {
            "X": 0.2362985908985138,
            "Y": 0.2838486433029175
          }
        ]
      },
      "Id": "f79cc9da-2ddc-4136-b11b-c910141adb99",
      "Page": 1
    },
    {
      "BlockType": "WORD",
      "Confidence": 96.85749053955078,
      "Text": "executados:",
      "TextType": "PRINTED",
      "Geometry": {
        "BoundingBox": {
          "Width": 0.07675333321094513,
          "Height": 0.014522504061460495,
          "Left": 0.2776467204093933,
          "Top": 0.2662433981895447
        },
        "Polygon": [
          {
            "X": 0.2780197858810425,
            "Y": 0.2709009349346161
          },
          {
            "X": 0.35440003871917725,
            "Y": 0.2662433981895447
          },
          {
            "X": 0.35408899188041687,
            "Y": 0.27623167634010315
          },
          {
            "X": 0.2776467204093933,
            "Y": 0.2807658910751343
          }
        ]
      },
      "Id": "4a509719-307f-4a7c-91a6-bf2a3b97c128",
      "Page": 1
    },
    {
      "BlockType": "WORD",
      "Confidence": 99.69754791259766,
      "Text": "Crie",
      "TextType": "PRINTED",
      "Geometry": {
        "BoundingBox": {
          "Width": 0.01900707371532917,
          "Height": 0.008398646488785744,
          "Left": 0.11694850772619247,
          "Top": 0.3030264675617218
        },
        "Polygon": [
          {
            "X": 0.1173282116651535,
            "Y": 0.30408668518066406
          },
          {
            "X": 0.1359555870294571,
            "Y": 0.3030264675617218
          },
          {
            "X": 0.13558663427829742,
            "Y": 0.3103879690170288
          },
          {
            "X": 0.11694850772619247,
            "Y": 0.311425119638443
          }
        ]
      },
      "Id": "b326a034-c205-4e48-9e80-30d1b93d73f0",
      "Page": 1
    },
    {
      "BlockType": "WORD",
      "Confidence": 99.7524185180664,
      "Text": "uma",
      "TextType": "PRINTED",
      "Geometry": {
        "BoundingBox": {
          "Width": 0.020608052611351013,
          "Height": 0.008069904521107674,
          "Left": 0.1381784975528717,
          "Top": 0.30214136838912964
        },
        "Polygon": [
          {
            "X": 0.138523668050766,
            "Y": 0.30329322814941406
          },
          {
            "X": 0.15878655016422272,
            "Y": 0.30214136838912964
          },
          {
            "X": 0.15845246613025665,
            "Y": 0.3090829849243164
          },
          {
            "X": 0.1381784975528717,
            "Y": 0.31021127104759216
          }
        ]
      },
      "Id": "99bcd2df-f0a0-4c28-b862-78c41aa4c3f4",
      "Page": 1
    },
    {
      "BlockType": "WORD",
      "Confidence": 93.54696655273438,
      "Text": "estratégia",
      "TextType": "PRINTED",
      "Geometry": {
        "BoundingBox": {
          "Width": 0.048578955233097076,
          "Height": 0.011959986761212349,
          "Left": 0.16157108545303345,
          "Top": 0.2974490225315094
        },
        "Polygon": [
          {
            "X": 0.1620117872953415,
            "Y": 0.30020007491111755
          },
          {
            "X": 0.21015003323554993,
            "Y": 0.2974490225315094
          },
          {
            "X": 0.20974472165107727,
            "Y": 0.306732177734375
          },
          {
            "X": 0.16157108545303345,
            "Y": 0.3094089925289154
          }
        ]
      },
      "Id": "f9482b58-4b48-4474-b09d-45729d70eb49",
      "Page": 1
    },
    {
      "BlockType": "WORD",
      "Confidence": 99.84748840332031,
      "Text": "de",
      "TextType": "PRINTED",
      "Geometry": {
        "BoundingBox": {
          "Width": 0.012825108133256435,
          "Height": 0.008393953554332256,
          "Left": 0.2121453583240509,
          "Top": 0.2964842915534973
        },
        "Polygon": [
          {
            "X": 0.2124791145324707,
            "Y": 0.29719841480255127
          },
          {
            "X": 0.22497045993804932,
            "Y": 0.2964842915534973
          },
          {
            "X": 0.22464439272880554,
            "Y": 0.3041800558567047
          },
          {
            "X": 0.2121453583240509,
            "Y": 0.30487826466560364
          }
        ]
      },
      "Id": "046e1651-94ce-4d20-a600-5f197a2e7678",
      "Page": 1
    },
    {
      "BlockType": "WORD",
      "Confidence": 99.95441436767578,
      "Text": "marketing",
      "TextType": "PRINTED",
      "Geometry": {
        "BoundingBox": {
          "Width": 0.05141051113605499,
          "Height": 0.011485051363706589,
          "Left": 0.22765327990055084,
          "Top": 0.29349270462989807
        },
        "Polygon": [
          {
            "X": 0.2280139923095703,
            "Y": 0.29641032218933105
          },
          {
            "X": 0.27906379103660583,
            "Y": 0.29349270462989807
          },
          {
            "X": 0.27873846888542175,
            "Y": 0.3021325469017029
          },
          {
            "X": 0.22765327990055084,
            "Y": 0.30497777462005615
          }
        ]
      },
      "Id": "1af12f0d-90da-4f12-a38d-7df9e4f62ec5",
      "Page": 1
    },
    {
      "BlockType": "WORD",
      "Confidence": 99.4743881225586,
      "Text": "Converse",
      "TextType": "PRINTED",
      "Geometry": {
        "BoundingBox": {
          "Width": 0.04357125982642174,
          "Height": 0.009656197391450405,
          "Left": 0.11514835804700851,
          "Top": 0.3205301761627197
        },
        "Polygon": [
          {
            "X": 0.11552856117486954,
            "Y": 0.32284849882125854
          },
          {
            "X": 0.15871961414813995,
            "Y": 0.3205301761627197
          },
          {
            "X": 0.158364400267601,
            "Y": 0.32792162895202637
          },
          {
            "X": 0.11514835804700851,
            "Y": 0.3301863670349121
          }
        ]
      },
      "Id": "8802ee24-9c81-42d5-9037-efd7c8a4c9e8",
      "Page": 1
    },
    {
      "BlockType": "WORD",
      "Confidence": 99.4672622680664,
      "Text": "com",
      "TextType": "PRINTED",
      "Geometry": {
        "BoundingBox": {
          "Width": 0.02057434432208538,
          "Height": 0.007130145560950041,
          "Left": 0.16080395877361298,
          "Top": 0.3199961185455322
        },
        "Polygon": [
          {
            "X": 0.16109314560890198,
            "Y": 0.32108259201049805
          },
          {
            "X": 0.1813783049583435,
            "Y": 0.3199961185455322
          },
          {
            "X": 0.1810988336801529,
            "Y": 0.32606038451194763
          },
          {
            "X": 0.16080395877361298,
            "Y": 0.32712626457214355
          }
        ]
      },
      "Id": "92b5f9bc-6d68-4d83-8e97-6424e9af5e8c",
      "Page": 1
    },
    {
      "BlockType": "WORD",
      "Confidence": 99.75210571289062,
      "Text": "uma",
      "TextType": "PRINTED",
      "Geometry": {
        "BoundingBox": {
          "Width": 0.021833518519997597,
          "Height": 0.007101869210600853,
          "Left": 0.18379376828670502,
          "Top": 0.3184889554977417
        },
        "Polygon": [
          {
            "X": 0.18406641483306885,
            "Y": 0.3196445107460022
          },
          {
            "X": 0.20562729239463806,
            "Y": 0.3184889554977417
          },
          {
            "X": 0.20536485314369202,
            "Y": 0.32445669174194336
          },
          {
            "X": 0.18379376828670502,
            "Y": 0.3255908191204071
          }
        ]
      },
      "Id": "8f6af9bd-67f8-49a8-ab05-25df1de836b2",
      "Page": 1
    },
    {
      "BlockType": "WORD",
      "Confidence": 99.36215209960938,
      "Text": "empresa",
      "TextType": "PRINTED",
      "Geometry": {
        "BoundingBox": {
          "Width": 0.0430266410112381,
          "Height": 0.00995582900941372,
          "Left": 0.20802238583564758,
          "Top": 0.31533145904541016
        },
        "Polygon": [
          {
            "X": 0.2083575427532196,
            "Y": 0.3176247477531433
          },
          {
            "X": 0.2510490119457245,
            "Y": 0.31533145904541016
          },
          {
            "X": 0.2507401406764984,
            "Y": 0.3230484426021576
          },
          {
            "X": 0.20802238583564758,
            "Y": 0.3252872824668884
          }
        ]
      },
      "Id": "5eea7c1a-7a1d-4389-9346-02ed33e1de22",
      "Page": 1
    },
    {
      "BlockType": "WORD",
      "Confidence": 93.80420684814453,
      "Text": "hipotecária",
      "TextType": "PRINTED",
      "Geometry": {
        "BoundingBox": {
          "Width": 0.05816281959414482,
          "Height": 0.012449926696717739,
          "Left": 0.25368979573249817,
          "Top": 0.3100096881389618
        },
        "Polygon": [
          {
            "X": 0.25406068563461304,
            "Y": 0.3131340742111206
          },
          {
            "X": 0.3118526339530945,
            "Y": 0.3100096881389618
          },
          {
            "X": 0.3115256130695343,
            "Y": 0.3194241523742676
          },
          {
            "X": 0.25368979573249817,
            "Y": 0.3224596083164215
          }
        ]
      },
      "Id": "f0369f4e-bf1e-4fed-9478-140c7fc1eb5b",
      "Page": 1
    },
    {
      "BlockType": "WORD",
      "Confidence": 85.81695556640625,
      "Text": "a",
      "TextType": "PRINTED",
      "Geometry": {
        "BoundingBox": {
          "Width": 0.07869250327348709,
          "Height": 0.059872016310691833,
          "Left": 0.9141607284545898,
          "Top": 0.251157283782959
        },
        "Polygon": [
          {
            "X": 0.9141607284545898,
            "Y": 0.255594402551651
          },
          {
            "X": 0.9914677739143372,
            "Y": 0.251157283782959
          },
          {
            "X": 0.9928532838821411,
            "Y": 0.3072272837162018
          },
          {
            "X": 0.9151541590690613,
            "Y": 0.311029314994812
          }
        ]
      },
      "Id": "faf7e51f-f2b6-4423-a1d1-930b78dc891b",
      "Page": 1
    },
    {
      "BlockType": "WORD",
      "Confidence": 99.13803100585938,
      "Text": "Planeje",
      "TextType": "PRINTED",
      "Geometry": {
        "BoundingBox": {
          "Width": 0.035254839807748795,
          "Height": 0.010454144328832626,
          "Left": 0.1136893481016159,
          "Top": 0.33925265073776245
        },
        "Polygon": [
          {
            "X": 0.11414022743701935,
            "Y": 0.3410114049911499
          },
          {
            "X": 0.1489441841840744,
            "Y": 0.33925265073776245
          },
          {
            "X": 0.14851707220077515,
            "Y": 0.34799930453300476
          },
          {
            "X": 0.1136893481016159,
            "Y": 0.349706768989563
          }
        ]
      },
      "Id": "c2abda3f-1642-4ae4-9b46-fd72214a8772",
      "Page": 1
    },
    {
      "BlockType": "WORD",
      "Confidence": 99.7906265258789,
      "Text": "uma",
      "TextType": "PRINTED",
      "Geometry": {
        "BoundingBox": {
          "Width": 0.021588560193777084,
          "Height": 0.007059012074023485,
          "Left": 0.15106068551540375,
          "Top": 0.3393341600894928
        },
        "Polygon": [
          {
            "X": 0.15135176479816437,
            "Y": 0.3404057025909424
          },
          {
            "X": 0.17264924943447113,
            "Y": 0.3393341600894928
          },
          {
            "X": 0.17236822843551636,
            "Y": 0.34534308314323425
          },
          {
            "X": 0.15106068551540375,
            "Y": 0.3463931679725647
          }
        ]
      },
      "Id": "5f47d9ea-3bde-4aca-af0c-579425e0b0e4",
      "Page": 1
    },
    {
      "BlockType": "WORD",
      "Confidence": 99.59050750732422,
      "Text": "viagem",
      "TextType": "PRINTED",
      "Geometry": {
        "BoundingBox": {
          "Width": 0.036183129996061325,
          "Height": 0.010697055608034134,
          "Left": 0.17470256984233856,
          "Top": 0.33559590578079224
        },
        "Polygon": [
          {
            "X": 0.17511631548404694,
            "Y": 0.3374066948890686
          },
          {
            "X": 0.21088570356369019,
            "Y": 0.33559590578079224
          },
          {
            "X": 0.21049726009368896,
            "Y": 0.3445354700088501
          },
          {
            "X": 0.17470256984233856,
            "Y": 0.34629297256469727
          }
        ]
      },
      "Id": "eda45a6d-20d6-4dcb-8f21-0dc127c0d443",
      "Page": 1
    },
    {
      "BlockType": "WORD",
      "Confidence": 99.32804870605469,
      "Text": "Gerencie",
      "TextType": "PRINTED",
      "Geometry": {
        "BoundingBox": {
          "Width": 0.04206074774265289,
          "Height": 0.009646874852478504,
          "Left": 0.11212203651666641,
          "Top": 0.35790443420410156
        },
        "Polygon": [
          {
            "X": 0.11252056807279587,
            "Y": 0.35987377166748047
          },
          {
            "X": 0.1541827917098999,
            "Y": 0.35790443420410156
          },
          {
            "X": 0.15380936861038208,
            "Y": 0.36563625931739807
          },
          {
            "X": 0.11212203651666641,
            "Y": 0.3675512969493866
          }
        ]
      },
      "Id": "13ff9f6c-a21a-4a4f-a8de-0828f34db43f",
      "Page": 1
    },
    {
      "BlockType": "WORD",
      "Confidence": 99.33787536621094,
      "Text": "a",
      "TextType": "PRINTED",
      "Geometry": {
        "BoundingBox": {
          "Width": 0.006133818067610264,
          "Height": 0.006232325918972492,
          "Left": 0.15599526464939117,
          "Top": 0.3588024079799652
        },
        "Polygon": [
          {
            "X": 0.15628185868263245,
            "Y": 0.359077513217926
          },
          {
            "X": 0.16212908923625946,
            "Y": 0.3588024079799652
          },
          {
            "X": 0.16184522211551666,
            "Y": 0.3647654950618744
          },
          {
            "X": 0.15599526464939117,
            "Y": 0.36503472924232483
          }
        ]
      },
      "Id": "2b42fec3-bb45-4552-9eab-7c0974979832",
      "Page": 1
    },
    {
      "BlockType": "WORD",
      "Confidence": 98.19548797607422,
      "Text": "eficiência",
      "TextType": "PRINTED",
      "Geometry": {
        "BoundingBox": {
          "Width": 0.0479295589029789,
          "Height": 0.010525562800467014,
          "Left": 0.16419753432273865,
          "Top": 0.35433050990104675
        },
        "Polygon": [
          {
            "X": 0.16458959877490997,
            "Y": 0.3565843403339386
          },
          {
            "X": 0.21212710440158844,
            "Y": 0.35433050990104675
          },
          {
            "X": 0.2117662876844406,
            "Y": 0.36266833543777466
          },
          {
            "X": 0.16419753432273865,
            "Y": 0.3648560643196106
          }
        ]
      },
      "Id": "83c3d234-e9ec-4b61-b15a-db5f6436f5e8",
      "Page": 1
    },
    {
      "BlockType": "WORD",
      "Confidence": 95.85493469238281,
      "Text": "energética",
      "TextType": "PRINTED",
      "Geometry": {
        "BoundingBox": {
          "Width": 0.054031599313020706,
          "Height": 0.012127931229770184,
          "Left": 0.21402670443058014,
          "Top": 0.35153862833976746
        },
        "Polygon": [
          {
            "X": 0.2144395262002945,
            "Y": 0.3540820777416229
          },
          {
            "X": 0.26805830001831055,
            "Y": 0.35153862833976746
          },
          {
            "X": 0.26768678426742554,
            "Y": 0.36120879650115967
          },
          {
            "X": 0.21402670443058014,
            "Y": 0.3636665344238281
          }
        ]
      },
      "Id": "b9f08403-acf2-42c0-8e80-98321cd12e79",
      "Page": 1
    },
    {
      "BlockType": "WORD",
      "Confidence": 98.90345001220703,
      "Text": "Experimente",
      "TextType": "PRINTED",
      "Geometry": {
        "BoundingBox": {
          "Width": 0.07659535109996796,
          "Height": 0.013912337832152843,
          "Left": 0.08717876672744751,
          "Top": 0.37949684262275696
        },
        "Polygon": [
          {
            "X": 0.08775108307600021,
            "Y": 0.38280171155929565
          },
          {
            "X": 0.16377411782741547,
            "Y": 0.37949684262275696
          },
          {
            "X": 0.16326507925987244,
            "Y": 0.3902420997619629
          },
          {
            "X": 0.08717876672744751,
            "Y": 0.39340919256210327
          }
        ]
      },
      "Id": "44953c08-ad97-4472-8d62-7bc960900356",
      "Page": 1
    },
    {
      "BlockType": "WORD",
      "Confidence": 93.81634521484375,
      "Text": "você",
      "TextType": "PRINTED",
      "Geometry": {
        "BoundingBox": {
          "Width": 0.02901635691523552,
          "Height": 0.010374747216701508,
          "Left": 0.16578309237957,
          "Top": 0.37755087018013
        },
        "Polygon": [
          {
            "X": 0.16621367633342743,
            "Y": 0.37879645824432373
          },
          {
            "X": 0.19479945302009583,
            "Y": 0.37755087018013
          },
          {
            "X": 0.19438950717449188,
            "Y": 0.38672396540641785
          },
          {
            "X": 0.16578309237957,
            "Y": 0.3879255950450897
          }
        ]
      },
      "Id": "b880300e-21f8-4832-a7d1-c21051e2dbbe",
      "Page": 1
    },
    {
      "BlockType": "WORD",
      "Confidence": 99.34832763671875,
      "Text": "mesmo!",
      "TextType": "PRINTED",
      "Geometry": {
        "BoundingBox": {
          "Width": 0.050235915929079056,
          "Height": 0.011312512680888176,
          "Left": 0.19783294200897217,
          "Top": 0.3755072057247162
        },
        "Polygon": [
          {
            "X": 0.1982388198375702,
            "Y": 0.3776761591434479
          },
          {
            "X": 0.24806885421276093,
            "Y": 0.3755072057247162
          },
          {
            "X": 0.24769936501979828,
            "Y": 0.3847270905971527
          },
          {
            "X": 0.19783294200897217,
            "Y": 0.3868197202682495
          }
        ]
      },
      "Id": "4c195c4d-9edc-4d7c-8c72-7263f2878f1d",
      "Page": 1
    },
    {
      "BlockType": "WORD",
      "Confidence": 97.95575714111328,
      "Text": "Inicie",
      "TextType": "PRINTED",
      "Geometry": {
        "BoundingBox": {
          "Width": 0.026090571656823158,
          "Height": 0.008486094884574413,
          "Left": 0.10815723985433578,
          "Top": 0.4020862281322479
        },
        "Polygon": [
          {
            "X": 0.10854578763246536,
            "Y": 0.40310871601104736
          },
          {
            "X": 0.1342478096485138,
            "Y": 0.4020862281322479
          },
          {
            "X": 0.13387420773506165,
            "Y": 0.4095825254917145
          },
          {
            "X": 0.10815723985433578,
            "Y": 0.4105723202228546
          }
        ]
      },
      "Id": "d229d595-7d23-4c81-8736-164d83bbf71c",
      "Page": 1
    },
    {
      "BlockType": "WORD",
      "Confidence": 99.5297622680664,
      "Text": "um",
      "TextType": "PRINTED",
      "Geometry": {
        "BoundingBox": {
          "Width": 0.016208849847316742,
          "Height": 0.006651917938143015,
          "Left": 0.13623490929603577,
          "Top": 0.4025975465774536
        },
        "Polygon": [
          {
            "X": 0.13653382658958435,
            "Y": 0.4032270908355713
          },
          {
            "X": 0.1524437516927719,
            "Y": 0.4025975465774536
          },
          {
            "X": 0.15215232968330383,
            "Y": 0.4086361527442932
          },
          {
            "X": 0.13623490929603577,
            "Y": 0.4092494547367096
          }
        ]
      },
      "Id": "03dedb98-dc00-4340-9f04-014bd27c7013",
      "Page": 1
    },
    {
      "BlockType": "WORD",
      "Confidence": 86.87802124023438,
      "Text": "POC",
      "TextType": "PRINTED",
      "Geometry": {
        "BoundingBox": {
          "Width": 0.02206834778189659,
          "Height": 0.008314957842230797,
          "Left": 0.1549401581287384,
          "Top": 0.40025871992111206
        },
        "Polygon": [
          {
            "X": 0.15529793500900269,
            "Y": 0.40112289786338806
          },
          {
            "X": 0.1770085096359253,
            "Y": 0.40025871992111206
          },
          {
            "X": 0.17666345834732056,
            "Y": 0.4077368676662445
          },
          {
            "X": 0.1549401581287384,
            "Y": 0.4085736870765686
          }
        ]
      },
      "Id": "b11871dc-7086-4f59-8685-99ffc292eb14",
      "Page": 1
    },
    {
      "BlockType": "WORD",
      "Confidence": 99.82879638671875,
      "Text": "para",
      "TextType": "PRINTED",
      "Geometry": {
        "BoundingBox": {
          "Width": 0.022317344322800636,
          "Height": 0.009341656230390072,
          "Left": 0.17916283011436462,
          "Top": 0.39991092681884766
        },
        "Polygon": [
          {
            "X": 0.17955182492733002,
            "Y": 0.40078145265579224
          },
          {
            "X": 0.2014801800251007,
            "Y": 0.39991092681884766
          },
          {
            "X": 0.20110586285591125,
            "Y": 0.4084133803844452
          },
          {
            "X": 0.17916283011436462,
            "Y": 0.4092525839805603
          }
        ]
      },
      "Id": "c28a9adb-67c2-484c-834d-6580817b5e71",
      "Page": 1
    },
    {
      "BlockType": "WORD",
      "Confidence": 93.84313201904297,
      "Text": "automatizar",
      "TextType": "PRINTED",
      "Geometry": {
        "BoundingBox": {
          "Width": 0.06373894959688187,
          "Height": 0.010477016679942608,
          "Left": 0.20392000675201416,
          "Top": 0.39637064933776855
        },
        "Polygon": [
          {
            "X": 0.20426814258098602,
            "Y": 0.3988969027996063
          },
          {
            "X": 0.26765894889831543,
            "Y": 0.39637064933776855
          },
          {
            "X": 0.2673511803150177,
            "Y": 0.4044059216976166
          },
          {
            "X": 0.20392000675201416,
            "Y": 0.40684765577316284
          }
        ]
      },
      "Id": "401d024f-abff-4337-991f-5f48c51777c9",
      "Page": 1
    },
    {
      "BlockType": "WORD",
      "Confidence": 99.55534362792969,
      "Text": "um",
      "TextType": "PRINTED",
      "Geometry": {
        "BoundingBox": {
          "Width": 0.017723221331834793,
          "Height": 0.007029830943793058,
          "Left": 0.2695142328739166,
          "Top": 0.39709681272506714
        },
        "Polygon": [
          {
            "X": 0.26975584030151367,
            "Y": 0.3977890610694885
          },
          {
            "X": 0.2872374653816223,
            "Y": 0.39709681272506714
          },
          {
            "X": 0.2870047986507416,
            "Y": 0.4034527838230133
          },
          {
            "X": 0.2695142328739166,
            "Y": 0.4041266441345215
          }
        ]
      },
      "Id": "982ea408-7aa5-4e01-bbbd-d36b6f925238",
      "Page": 1
    },
    {
      "BlockType": "WORD",
      "Confidence": 99.62679290771484,
      "Text": "processo",
      "TextType": "PRINTED",
      "Geometry": {
        "BoundingBox": {
          "Width": 0.04709206894040108,
          "Height": 0.009686983190476894,
          "Left": 0.28943824768066406,
          "Top": 0.3950191140174866
        },
        "Polygon": [
          {
            "X": 0.28972330689430237,
            "Y": 0.3968735635280609
          },
          {
            "X": 0.33653032779693604,
            "Y": 0.3950191140174866
          },
          {
            "X": 0.33627504110336304,
            "Y": 0.4029122292995453
          },
          {
            "X": 0.28943824768066406,
            "Y": 0.40470609068870544
          }
        ]
      },
      "Id": "bea2b79a-a164-48eb-b0b0-0e66456274d9",
      "Page": 1
    },
    {
      "BlockType": "WORD",
      "Confidence": 90.22116088867188,
      "Text": "complexo",
      "TextType": "PRINTED",
      "Geometry": {
        "BoundingBox": {
          "Width": 0.05175873637199402,
          "Height": 0.010312405414879322,
          "Left": 0.339343398809433,
          "Top": 0.39235442876815796
        },
        "Polygon": [
          {
            "X": 0.3396086096763611,
            "Y": 0.39439883828163147
          },
          {
            "X": 0.3911021053791046,
            "Y": 0.39235442876815796
          },
          {
            "X": 0.3908718228340149,
            "Y": 0.4006921648979187
          },
          {
            "X": 0.339343398809433,
            "Y": 0.4026668071746826
          }
        ]
      },
      "Id": "0dd6677c-26f7-48b7-a150-c9e6a9a9e208",
      "Page": 1
    },
    {
      "BlockType": "WORD",
      "Confidence": 99.72309112548828,
      "Text": "Crie",
      "TextType": "PRINTED",
      "Geometry": {
        "BoundingBox": {
          "Width": 0.01916929893195629,
          "Height": 0.008163858205080032,
          "Left": 0.10633903741836548,
          "Top": 0.42149782180786133
        },
        "Polygon": [
          {
            "X": 0.10672890394926071,
            "Y": 0.4221828579902649
          },
          {
            "X": 0.12550833821296692,
            "Y": 0.42149782180786133
          },
          {
            "X": 0.12512937188148499,
            "Y": 0.4290006756782532
          },
          {
            "X": 0.10633903741836548,
            "Y": 0.42966169118881226
          }
        ]
      },
      "Id": "226b5ad3-248b-4601-bda2-60aed5eacbdb",
      "Page": 1
    },
    {
      "BlockType": "WORD",
      "Confidence": 99.4919204711914,
      "Text": "um",
      "TextType": "PRINTED",
      "Geometry": {
        "BoundingBox": {
          "Width": 0.016438214108347893,
          "Height": 0.006612594239413738,
          "Left": 0.12748056650161743,
          "Top": 0.42230668663978577
        },
        "Polygon": [
          {
            "X": 0.12778382003307343,
            "Y": 0.42289113998413086
          },
          {
            "X": 0.14391878247261047,
            "Y": 0.42230668663978577
          },
          {
            "X": 0.14362309873104095,
            "Y": 0.42835143208503723
          },
          {
            "X": 0.12748056650161743,
            "Y": 0.4289192855358124
          }
        ]
      },
      "Id": "737c7679-b6ae-4845-a575-0ef5c545206b",
      "Page": 1
    },
    {
      "BlockType": "WORD",
      "Confidence": 87.66828155517578,
      "Text": "protótipo",
      "TextType": "PRINTED",
      "Geometry": {
        "BoundingBox": {
          "Width": 0.04838515445590019,
          "Height": 0.010892476886510849,
          "Left": 0.1459532231092453,
          "Top": 0.418608158826828
        },
        "Polygon": [
          {
            "X": 0.14639844000339508,
            "Y": 0.4203599989414215
          },
          {
            "X": 0.1943383812904358,
            "Y": 0.418608158826828
          },
          {
            "X": 0.19392766058444977,
            "Y": 0.42782318592071533
          },
          {
            "X": 0.1459532231092453,
            "Y": 0.42950063943862915
          }
        ]
      },
      "Id": "244e47f8-eda2-4082-b162-55c26924b341",
      "Page": 1
    },
    {
      "BlockType": "WORD",
      "Confidence": 99.87151336669922,
      "Text": "de",
      "TextType": "PRINTED",
      "Geometry": {
        "BoundingBox": {
          "Width": 0.013226425275206566,
          "Height": 0.008298358879983425,
          "Left": 0.1963881105184555,
          "Top": 0.41821932792663574
        },
        "Polygon": [
          {
            "X": 0.19673539698123932,
            "Y": 0.4186895787715912
          },
          {
            "X": 0.20961454510688782,
            "Y": 0.41821932792663574
          },
          {
            "X": 0.2092752307653427,
            "Y": 0.4260643720626831
          },
          {
            "X": 0.1963881105184555,
            "Y": 0.42651766538619995
          }
        ]
      },
      "Id": "26b328b9-3dee-482b-8887-2140aeadd52a",
      "Page": 1
    },
    {
      "BlockType": "WORD",
      "Confidence": 99.7961654663086,
      "Text": "uma",
      "TextType": "PRINTED",
      "Geometry": {
        "BoundingBox": {
          "Width": 0.023162081837654114,
          "Height": 0.007677698973566294,
          "Left": 0.21170340478420258,
          "Top": 0.4182734489440918
        },
        "Polygon": [
          {
            "X": 0.2119980901479721,
            "Y": 0.41910460591316223
          },
          {
            "X": 0.2348654866218567,
            "Y": 0.4182734489440918
          },
          {
            "X": 0.23458324372768402,
            "Y": 0.4251462519168854
          },
          {
            "X": 0.21170340478420258,
            "Y": 0.42595115303993225
          }
        ]
      },
      "Id": "a9367bf7-448e-4835-b067-9fb22e34b54b",
      "Page": 1
    },
    {
      "BlockType": "WORD",
      "Confidence": 92.24578094482422,
      "Text": "experiência",
      "TextType": "PRINTED",
      "Geometry": {
        "BoundingBox": {
          "Width": 0.06049540638923645,
          "Height": 0.0120908934623003,
          "Left": 0.23698996007442474,
          "Top": 0.41455429792404175
        },
        "Polygon": [
          {
            "X": 0.23739409446716309,
            "Y": 0.41675305366516113
          },
          {
            "X": 0.2974853515625,
            "Y": 0.41455429792404175
          },
          {
            "X": 0.2971290051937103,
            "Y": 0.4245457351207733
          },
          {
            "X": 0.23698996007442474,
            "Y": 0.4266451895236969
          }
        ]
      },
      "Id": "af159e3a-3d34-4311-b901-b4556e0f37f3",
      "Page": 1
    },
    {
      "BlockType": "WORD",
      "Confidence": 99.85260009765625,
      "Text": "de",
      "TextType": "PRINTED",
      "Geometry": {
        "BoundingBox": {
          "Width": 0.013562844134867191,
          "Height": 0.008318756707012653,
          "Left": 0.2999851703643799,
          "Top": 0.4145822823047638
        },
        "Polygon": [
          {
            "X": 0.3002626895904541,
            "Y": 0.41506701707839966
          },
          {
            "X": 0.3135480284690857,
            "Y": 0.4145822823047638
          },
          {
            "X": 0.3132789134979248,
            "Y": 0.4224334955215454
          },
          {
            "X": 0.2999851703643799,
            "Y": 0.4229010343551636
          }
        ]
      },
      "Id": "2df6d19b-0ee2-438a-9434-b9c16ecc37cc",
      "Page": 1
    },
    {
      "BlockType": "WORD",
      "Confidence": 98.2498779296875,
      "Text": "bate-papo",
      "TextType": "PRINTED",
      "Geometry": {
        "BoundingBox": {
          "Width": 0.056056197732686996,
          "Height": 0.011780813336372375,
          "Left": 0.3162110149860382,
          "Top": 0.4121362268924713
        },
        "Polygon": [
          {
            "X": 0.31654250621795654,
            "Y": 0.4141722619533539
          },
          {
            "X": 0.3722672164440155,
            "Y": 0.4121362268924713
          },
          {
            "X": 0.37198004126548767,
            "Y": 0.4219704866409302
          },
          {
            "X": 0.3162110149860382,
            "Y": 0.4239170551300049
          }
        ]
      },
      "Id": "9d03efc3-1cc3-4c53-b563-aba5098a6d26",
      "Page": 1
    },
    {
      "BlockType": "WORD",
      "Confidence": 99.6204605102539,
      "Text": "com",
      "TextType": "PRINTED",
      "Geometry": {
        "BoundingBox": {
          "Width": 0.02293151058256626,
          "Height": 0.007200018502771854,
          "Left": 0.3752816617488861,
          "Top": 0.4131859838962555
        },
        "Polygon": [
          {
            "X": 0.37546607851982117,
            "Y": 0.41400957107543945
          },
          {
            "X": 0.39821314811706543,
            "Y": 0.4131859838962555
          },
          {
            "X": 0.39804065227508545,
            "Y": 0.41958606243133545
          },
          {
            "X": 0.3752816617488861,
            "Y": 0.4203859865665436
          }
        ]
      },
      "Id": "9825d552-7bf7-4857-83c9-e06b08c78766",
      "Page": 1
    },
    {
      "BlockType": "WORD",
      "Confidence": 95.34052276611328,
      "Text": "vários",
      "TextType": "PRINTED",
      "Geometry": {
        "BoundingBox": {
          "Width": 0.02971590682864189,
          "Height": 0.008659540675580502,
          "Left": 0.10494761914014816,
          "Top": 0.4303891956806183
        },
        "Polygon": [
          {
            "X": 0.10534632951021194,
            "Y": 0.4314117729663849
          },
          {
            "X": 0.13466352224349976,
            "Y": 0.4303891956806183
          },
          {
            "X": 0.1342822164297104,
            "Y": 0.43806442618370056
          },
          {
            "X": 0.10494761914014816,
            "Y": 0.43904873728752136
          }
        ]
      },
      "Id": "6edecc00-952e-4ac3-857b-91f1998382bd",
      "Page": 1
    },
    {
      "BlockType": "WORD",
      "Confidence": 99.72724914550781,
      "Text": "agentes",
      "TextType": "PRINTED",
      "Geometry": {
        "BoundingBox": {
          "Width": 0.03916880115866661,
          "Height": 0.009511602111160755,
          "Left": 0.13672173023223877,
          "Top": 0.429700642824173
        },
        "Polygon": [
          {
            "X": 0.13712558150291443,
            "Y": 0.43104779720306396
          },
          {
            "X": 0.17589053511619568,
            "Y": 0.429700642824173
          },
          {
            "X": 0.17551149427890778,
            "Y": 0.4379189610481262
          },
          {
            "X": 0.13672173023223877,
            "Y": 0.43921226263046265
          }
        ]
      },
      "Id": "67db8235-27f6-4701-b8d8-e29a1270b1b6",
      "Page": 1
    },
    {
      "BlockType": "WORD",
      "Confidence": 98.9959716796875,
      "Text": "Conte-nos",
      "TextType": "PRINTED",
      "Geometry": {
        "BoundingBox": {
          "Width": 0.06193360313773155,
          "Height": 0.01099392306059599,
          "Left": 0.08084089308977127,
          "Top": 0.45266008377075195
        },
        "Polygon": [
          {
            "X": 0.08133334666490555,
            "Y": 0.45456358790397644
          },
          {
            "X": 0.14277449250221252,
            "Y": 0.45266008377075195
          },
          {
            "X": 0.14232540130615234,
            "Y": 0.4618466794490814
          },
          {
            "X": 0.08084089308977127,
            "Y": 0.4636540114879608
          }
        ]
      },
      "Id": "b72f0231-21cd-4be0-92fb-9d8cf64aeb53",
      "Page": 1
    },
    {
      "BlockType": "WORD",
      "Confidence": 63.66256332397461,
      "Text": "o",
      "TextType": "PRINTED",
      "Geometry": {
        "BoundingBox": {
          "Width": 0.008219140581786633,
          "Height": 0.007097707130014896,
          "Left": 0.14551082253456116,
          "Top": 0.45427337288856506
        },
        "Polygon": [
          {
            "X": 0.14584411680698395,
            "Y": 0.4545150101184845
          },
          {
            "X": 0.15372996032238007,
            "Y": 0.45427337288856506
          },
          {
            "X": 0.15340088307857513,
            "Y": 0.46113863587379456
          },
          {
            "X": 0.14551082253456116,
            "Y": 0.4613710641860962
          }
        ]
      },
      "Id": "acae78a5-90a4-4cfd-b7d5-9677ef163e64",
      "Page": 1
    },
    {
      "BlockType": "WORD",
      "Confidence": 99.9306869506836,
      "Text": "que",
      "TextType": "PRINTED",
      "Geometry": {
        "BoundingBox": {
          "Width": 0.023762406781315804,
          "Height": 0.009785577654838562,
          "Left": 0.1568383276462555,
          "Top": 0.45325231552124023
        },
        "Polygon": [
          {
            "X": 0.15727032721042633,
            "Y": 0.4539680480957031
          },
          {
            "X": 0.18060073256492615,
            "Y": 0.45325231552124023
          },
          {
            "X": 0.18018530309200287,
            "Y": 0.46235811710357666
          },
          {
            "X": 0.1568383276462555,
            "Y": 0.46303790807724
          }
        ]
      },
      "Id": "8fa26676-1925-4086-874f-fbfd0a905143",
      "Page": 1
    },
    {
      "BlockType": "WORD",
      "Confidence": 91.3293228149414,
      "Text": "você",
      "TextType": "PRINTED",
      "Geometry": {
        "BoundingBox": {
          "Width": 0.029838742688298225,
          "Height": 0.010810344479978085,
          "Left": 0.18354542553424835,
          "Top": 0.44998472929000854
        },
        "Polygon": [
          {
            "X": 0.18399415910243988,
            "Y": 0.4508976936340332
          },
          {
            "X": 0.21338416635990143,
            "Y": 0.44998472929000854
          },
          {
            "X": 0.21295838057994843,
            "Y": 0.45993128418922424
          },
          {
            "X": 0.18354542553424835,
            "Y": 0.4607950747013092
          }
        ]
      },
      "Id": "79547fc3-4af8-4f6f-bd54-2a7394ef40f0",
      "Page": 1
    },
    {
      "BlockType": "WORD",
      "Confidence": 99.5047378540039,
      "Text": "adoraria",
      "TextType": "PRINTED",
      "Geometry": {
        "BoundingBox": {
          "Width": 0.05528322234749794,
          "Height": 0.011717827059328556,
          "Left": 0.21600979566574097,
          "Top": 0.44840285181999207
        },
        "Polygon": [
          {
            "X": 0.21643590927124023,
            "Y": 0.4501049220561981
          },
          {
            "X": 0.2712930142879486,
            "Y": 0.44840285181999207
          },
          {
            "X": 0.27091073989868164,
            "Y": 0.45851096510887146
          },
          {
            "X": 0.21600979566574097,
            "Y": 0.46012067794799805
          }
        ]
      },
      "Id": "00f21567-7b6e-4058-9fa7-24f3f19a75fa",
      "Page": 1
    },
    {
      "BlockType": "WORD",
      "Confidence": 99.5420150756836,
      "Text": "ver",
      "TextType": "PRINTED",
      "Geometry": {
        "BoundingBox": {
          "Width": 0.022136235609650612,
          "Height": 0.008316226303577423,
          "Left": 0.27414992451667786,
          "Top": 0.45003563165664673
        },
        "Polygon": [
          {
            "X": 0.2744370102882385,
            "Y": 0.4507046937942505
          },
          {
            "X": 0.2962861657142639,
            "Y": 0.45003563165664673
          },
          {
            "X": 0.2960124909877777,
            "Y": 0.4577106237411499
          },
          {
            "X": 0.27414992451667786,
            "Y": 0.45835185050964355
          }
        ]
      },
      "Id": "2e0584d5-c14f-4395-9f12-5bd90c7dd9b3",
      "Page": 1
    },
    {
      "BlockType": "WORD",
      "Confidence": 99.59813690185547,
      "Text": "a",
      "TextType": "PRINTED",
      "Geometry": {
        "BoundingBox": {
          "Width": 0.00807187706232071,
          "Height": 0.007717840373516083,
          "Left": 0.29917439818382263,
          "Top": 0.4499267637729645
        },
        "Polygon": [
          {
            "X": 0.29943907260894775,
            "Y": 0.4501655399799347
          },
          {
            "X": 0.30724629759788513,
            "Y": 0.4499267637729645
          },
          {
            "X": 0.30698633193969727,
            "Y": 0.45741549134254456
          },
          {
            "X": 0.29917439818382263,
            "Y": 0.45764458179473877
          }
        ]
      },
      "Id": "9ab43d86-6082-48ca-9c76-52c55680f336",
      "Page": 1
    },
    {
      "BlockType": "WORD",
      "Confidence": 99.31153869628906,
      "Text": "seguir!",
      "TextType": "PRINTED",
      "Geometry": {
        "BoundingBox": {
          "Width": 0.04620898887515068,
          "Height": 0.01287919282913208,
          "Left": 0.31045085191726685,
          "Top": 0.44640037417411804
        },
        "Polygon": [
          {
            "X": 0.310845285654068,
            "Y": 0.44781696796417236
          },
          {
            "X": 0.35665982961654663,
            "Y": 0.44640037417411804
          },
          {
            "X": 0.3563080132007599,
            "Y": 0.4579499065876007
          },
          {
            "X": 0.31045085191726685,
            "Y": 0.4592795670032501
          }
        ]
      },
      "Id": "413e137d-1578-4972-a29e-a4119650adb5",
      "Page": 1
    }
  ],
  "DetectDocumentTextModelVersion": "1.0"
}