{
  "DocumentMetadata": {
    "Pages": 1
  },
  "JobStatus": "SUCCEEDED",
  "Blocks": [
    {
      "BlockType": "PAGE",
      "Geometry": {
        "BoundingBox": {
          "Width": 1,
          "Height": 1,
          "Left": 0,
          "Top": 0
        },
        "Polygon": [
          {
            "X": 0,
            "Y": 0
          },
          {
            "X": 1,
            "Y": 0
          },
          {
            "X": 1,
            "Y": 1
          },
          {
            "X": 0,
            "Y": 1
          }
        ]
      },
      "Id": "6645d884-3370-4c5c-9ac4-26409a0feb85",
      "Relationships": [
        {
          "Type": "CHILD",
          "Ids": [
            "c610ec29-2c43-4baf-8eca-ad0004c9d971",
            "0773f5d5-c315-4468-bc49-03a9e9a812ef",
            "2e90fb71-f5cc-47e1-846b-e05da6143c35",
            "49e74463-32f1-4101-8d6a-af6d417c27b6",
            "7fb3a347-657b-4297-810d-4ea8faf8e5e4",
            "c32722e5-de3b-49d5-a000-0cb450b054ec",
            "f77dfe9d-1506-43f6-819c-6e792a0854cf",
            "055459c1-34ef-4dd4-9f53-4bb6772999d2",
            "f0c3196f-d83e-4800-a98c-b47a811b2e66",
            "d932e9fe-11fb-41ac-918d-d771cfa63faa",
            "bdafce64-0c2b-4dfe-9103-4b0c78b86d1c"
          ]
        }
      ],
      "Page": 1
    },
    {
      "BlockType": "LINE",
      "Confidence": 96.25286865234375,
      "Text": "Cloud",
      "Geometry": {
        "BoundingBox": {
          "Width": 0.026262016966938972,
          "Height": 0.006602446548640728,
          "Left": 0.7300644516944885,
          "Top": 0.1929434835910797
        },
        "Polygon": [
          {
            "X": 0.7300644516944885,
            "Y": 0.1929434835910797
          },
          {
            "X": 0.75632643699646,
            "Y": 0.1929434835910797
          },
          {
            "X": 0.75632643699646,
            "Y": 0.1995459347963333
          },
          {
            "X": 0.7300644516944885,
            "Y": 0.1995459347963333
          }
        ]
      },
      "Id": "c610ec29-2c43-4baf-8eca-ad0004c9d971",
      "Relationships": [
        {
          "Type": "CHILD",
          "Ids": [
            "04da0a2e-5091-4e85-b4a0-0c03b997619f"
          ]
        }
      ],
      "Page": 1
    },
    {
      "BlockType": "LINE",
      "Confidence": 98.75473022460938,
      "Text": "aws",
      "Geometry": {
        "BoundingBox": {
          "Width": 0.04818620905280113,
          "Height": 0.014211266301572323,
          "Left": 0.6540839672088623,
          "Top": 0.19630710780620575
        },
        "Polygon": [
          {
            "X": 0.6540839672088623,
            "Y": 0.19630710780620575
          },
          {
            "X": 0.7022701501846313,
            "Y": 0.19630710780620575
          },
          {
            "X": 0.7022701501846313,
            "Y": 0.21051837503910065
          },
          {
            "X": 0.6540839672088623,
            "Y": 0.21051837503910065
          }
        ]
      },
      "Id": "0773f5d5-c315-4468-bc49-03a9e9a812ef",
      "Relationships": [
        {
          "Type": "CHILD",
          "Ids": [
            "6d3bf17e-14ac-4b53-88fb-ec00144ee454"
          ]
        }
      ],
      "Page": 1
    },
    {
      "BlockType": "LINE",
      "Confidence": 99.45038604736328,
      "Text": "Experience",
      "Geometry": {
        "BoundingBox": {
          "Width": 0.04842027276754379,
          "Height": 0.007569733541458845,
          "Left": 0.7299128770828247,
          "Top": 0.20053891837596893
        },
        "Polygon": [
          {
            "X": 0.7299128770828247,
            "Y": 0.20053891837596893
          },
          {
            "X": 0.7783331871032715,
            "Y": 0.20053891837596893
          },
          {
            "X": 0.7783331871032715,
            "Y": 0.20810864865779877
          },
          {
            "X": 0.7299128770828247,
            "Y": 0.20810864865779877
          }
        ]
      },
      "Id": "2e90fb71-f5cc-47e1-846b-e05da6143c35",
      "Relationships": [
        {
          "Type": "CHILD",
          "Ids": [
            "71557d63-f6b4-418d-91d3-8beca6e74590"
          ]
        }
      ],
      "Page": 1
    },
    {
      "BlockType": "LINE",
      "Confidence": 99.5299072265625,
      "Text": "2025",
      "Geometry": {
        "BoundingBox": {
          "Width": 0.022200608626008034,
          "Height": 0.0062122642993927,
          "Left": 0.7295846939086914,
          "Top": 0.20949187874794006
        },
        "Polygon": [
          {
            "X": 0.7295846939086914,
            "Y": 0.20949187874794006
          },
          {
            "X": 0.7517853379249573,
            "Y": 0.20949187874794006
          },
          {
            "X": 0.7517853379249573,
            "Y": 0.21570412814617157
          },
          {
            "X": 0.7295846939086914,
            "Y": 0.21570412814617157
          }
        ]
      },
      "Id": "49e74463-32f1-4101-8d6a-af6d417c27b6",
      "Relationships": [
        {
          "Type": "CHILD",
          "Ids": [
            "d5244a0c-9d1f-4f4b-8172-e9b23252706e"
          ]
        }
      ],
      "Page": 1
    },
    {
      "BlockType": "LINE",
      "Confidence": 99.74606323242188,
      "Text": "Recursos e materiais",
      "Geometry": {
        "BoundingBox": {
          "Width": 0.18953514099121094,
          "Height": 0.02571641281247139,
          "Left": 0.14071516692638397,
          "Top": 0.2146030068397522
        },
        "Polygon": [
          {
            "X": 0.14071516692638397,
            "Y": 0.2146030068397522
          },
          {
            "X": 0.3302502930164337,
            "Y": 0.2146030068397522
          },
          {
            "X": 0.3302502930164337,
            "Y": 0.2403194159269333
          },
          {
            "X": 0.14071516692638397,
            "Y": 0.2403194159269333
          }
        ]
      },
      "Id": "7fb3a347-657b-4297-810d-4ea8faf8e5e4",
      "Relationships": [
        {
          "Type": "CHILD",
          "Ids": [
            "91528a74-f344-4562-bba0-cf3c294d188a",
            "906a7fd6-90bf-4e5b-861d-01a128bb2ebf",
            "e33ef19b-ca8b-483d-8fb6-1d0005f79ef0"
          ]
        }
      ],
      "Page": 1
    },
    {
      "BlockType": "LINE",
      "Confidence": 99.04615020751953,
      "Text": "ud",
      "Geometry": {
        "BoundingBox": {
          "Width": 0.02120550163090229,
          "Height": 0.013366813771426678,
          "Left": 0,
          "Top": 0.2892797589302063
        },
        "Polygon": [
          {
            "X": 0,
            "Y": 0.2892797589302063
          },
          {
            "X": 0.02120550163090229,
            "Y": 0.2892797589302063
          },
          {
            "X": 0.02120550163090229,
            "Y": 0.30264657735824585
          },
          {
            "X": 0,
            "Y": 0.30264657735824585
          }
        ]
      },
      "Id": "c32722e5-de3b-49d5-a000-0cb450b054ec",
      "Relationships": [
        {
          "Type": "CHILD",
          "Ids": [
            "290e7bdc-e966-4e17-81a2-fb3a6ca2c380"
          ]
        }
      ],
      "Page": 1
    },
    {
      "BlockType": "LINE",
      "Confidence": 93.22278594970703,
      "Text": "erience",
      "Geometry": {
        "BoundingBox": {
          "Width": 0.06171640381217003,
          "Height": 0.014206151477992535,
          "Left": 0,
          "Top": 0.3088124990463257
        },
        "Polygon": [
          {
            "X": 0,
            "Y": 0.3088124990463257
          },
          {
            "X": 0.06171640381217003,
            "Y": 0.3088124990463257
          },
          {
            "X": 0.06171640381217003,
            "Y": 0.3230186402797699
          },
          {
            "X": 0,
            "Y": 0.3230186402797699
          }
        ]
      },
      "Id": "f77dfe9d-1506-43f6-819c-6e792a0854cf",
      "Relationships": [
        {
          "Type": "CHILD",
          "Ids": [
            "9a0c5ddb-3e12-435f-8b92-67f4b71d51b5"
          ]
        }
      ],
      "Page": 1
    },
    {
      "BlockType": "LINE",
      "Confidence": 98.99795532226562,
      "Text": "5",
      "Geometry": {
        "BoundingBox": {
          "Width": 0.005936183966696262,
          "Height": 0.012629429809749126,
          "Left": 0.0000033696755963319447,
          "Top": 0.33006903529167175
        },
        "Polygon": [
          {
            "X": 0.0000033696755963319447,
            "Y": 0.33006903529167175
          },
          {
            "X": 0.0059395539574325085,
            "Y": 0.33006903529167175
          },
          {
            "X": 0.0059395539574325085,
            "Y": 0.34269845485687256
          },
          {
            "X": 0.0000033696755963319447,
            "Y": 0.34269845485687256
          }
        ]
      },
      "Id": "055459c1-34ef-4dd4-9f53-4bb6772999d2",
      "Relationships": [
        {
          "Type": "CHILD",
          "Ids": [
            "b0dbe132-060c-4eb2-a095-6f9912867b29"
          ]
        }
      ],
      "Page": 1
    },
    {
      "BlockType": "LINE",
      "Confidence": 99.88642883300781,
      "Text": "Amazon SageMaker",
      "Geometry": {
        "BoundingBox": {
          "Width": 0.11201733350753784,
          "Height": 0.010086947120726109,
          "Left": 0.2004822939634323,
          "Top": 0.42232102155685425
        },
        "Polygon": [
          {
            "X": 0.2004822939634323,
            "Y": 0.42232102155685425
          },
          {
            "X": 0.31249964237213135,
            "Y": 0.42232102155685425
          },
          {
            "X": 0.31249964237213135,
            "Y": 0.4324079751968384
          },
          {
            "X": 0.2004822939634323,
            "Y": 0.4324079751968384
          }
        ]
      },
      "Id": "f0c3196f-d83e-4800-a98c-b47a811b2e66",
      "Relationships": [
        {
          "Type": "CHILD",
          "Ids": [
            "7a5adccd-819c-43ba-a9f8-88cbf848c7ed",
            "e1be197d-bb2e-4f5f-9756-a0b0b1d329ae"
          ]
        }
      ],
      "Page": 1
    },
    {
      "BlockType": "LINE",
      "Confidence": 99.96268463134766,
      "Text": "Blog Posts",
      "Geometry": {
        "BoundingBox": {
          "Width": 0.0679883286356926,
          "Height": 0.010859066620469093,
          "Left": 0.5166071057319641,
          "Top": 0.42126843333244324
        },
        "Polygon": [
          {
            "X": 0.5166071057319641,
            "Y": 0.42126843333244324
          },
          {
            "X": 0.5845954418182373,
            "Y": 0.42126843333244324
          },
          {
            "X": 0.5845954418182373,
            "Y": 0.4321274757385254
          },
          {
            "X": 0.5166071057319641,
            "Y": 0.4321274757385254
          }
        ]
      },
      "Id": "d932e9fe-11fb-41ac-918d-d771cfa63faa",
      "Relationships": [
        {
          "Type": "CHILD",
          "Ids": [
            "cb06cd6d-c9bb-4904-92be-57baa76a755e",
            "91accf20-7664-49e3-968c-d0b26bd2d144"
          ]
        }
      ],
      "Page": 1
    },
    {
      "BlockType": "LINE",
      "Confidence": 99.88521575927734,
      "Text": "Canvas",
      "Geometry": {
        "BoundingBox": {
          "Width": 0.03932323306798935,
          "Height": 0.007826698943972588,
          "Left": 0.2348712831735611,
          "Top": 0.434169739484787
        },
        "Polygon": [
          {
            "X": 0.2348712831735611,
            "Y": 0.434169739484787
          },
          {
            "X": 0.27419450879096985,
            "Y": 0.434169739484787
          },
          {
            "X": 0.27419450879096985,
            "Y": 0.44199642539024353
          },
          {
            "X": 0.2348712831735611,
            "Y": 0.44199642539024353
          }
        ]
      },
      "Id": "bdafce64-0c2b-4dfe-9103-4b0c78b86d1c",
      "Relationships": [
        {
          "Type": "CHILD",
          "Ids": [
            "34ddf33b-39f0-41ef-877f-207df2184555"
          ]
        }
      ],
      "Page": 1
    },
    {
      "BlockType": "WORD",
      "Confidence": 96.25286865234375,
      "Text": "Cloud",
      "TextType": "PRINTED",
      "Geometry": {
        "BoundingBox": {
          "Width": 0.026262016966938972,
          "Height": 0.006602446548640728,
          "Left": 0.7300644516944885,
          "Top": 0.1929434835910797
        },
        "Polygon": [
          {
            "X": 0.7300644516944885,
            "Y": 0.1929434835910797
          },
          {
            "X": 0.75632643699646,
            "Y": 0.1929434835910797
          },
          {
            "X": 0.75632643699646,
            "Y": 0.1995459347963333
          },
          {
            "X": 0.7300644516944885,
            "Y": 0.1995459347963333
          }
        ]
      },
      "Id": "04da0a2e-5091-4e85-b4a0-0c03b997619f",
      "Page": 1
    },
    {
      "BlockType": "WORD",
      "Confidence": 98.75473022460938,
      "Text": "aws",
      "TextType": "PRINTED",
      "Geometry": {
        "BoundingBox": {
          "Width": 0.04818620905280113,
          "Height": 0.014211266301572323,
          "Left": 0.6540839672088623,
          "Top": 0.19630710780620575
        },
        "Polygon": [
          {
            "X": 0.6540839672088623,
            "Y": 0.19630710780620575
          },
          {
            "X": 0.7022701501846313,
            "Y": 0.19630710780620575
          },
          {
            "X": 0.7022701501846313,
            "Y": 0.21051837503910065
          },
          {
            "X": 0.6540839672088623,
            "Y": 0.21051837503910065
          }
        ]
      },
      "Id": "6d3bf17e-14ac-4b53-88fb-ec00144ee454",
      "Page": 1
    },
    {
      "BlockType": "WORD",
      "Confidence": 99.45038604736328,
      "Text": "Experience",
      "TextType": "PRINTED",
      "Geometry": {
        "BoundingBox": {
          "Width": 0.04842027276754379,
          "Height": 0.007569733541458845,
          "Left": 0.7299128770828247,
          "Top": 0.20053891837596893
        },
        "Polygon": [
          {
            "X": 0.7299128770828247,
            "Y": 0.20053891837596893
          },
          {
            "X": 0.7783331871032715,
            "Y": 0.20053891837596893
          },
          {
            "X": 0.7783331871032715,
            "Y": 0.20810864865779877
          },
          {
            "X": 0.7299128770828247,
            "Y": 0.20810864865779877
          }
        ]
      },
      "Id": "71557d63-f6b4-418d-91d3-8beca6e74590",
      "Page": 1
    },
    {
      "BlockType": "WORD",
      "Confidence": 99.5299072265625,
      "Text": "2025",
      "TextType": "PRINTED",
      "Geometry": {
        "BoundingBox": {
          "Width": 0.022200608626008034,
          "Height": 0.0062122642993927,
          "Left": 0.7295846939086914,
          "Top": 0.20949187874794006
        },
        "Polygon": [
          {
            "X": 0.7295846939086914,
            "Y": 0.20949187874794006
          },
          {
            "X": 0.7517853379249573,
            "Y": 0.20949187874794006
          },
          {
            "X": 0.7517853379249573,
            "Y": 0.21570412814617157
          },
          {
            "X": 0.7295846939086914,
            "Y": 0.21570412814617157
          }
        ]
      },
      "Id": "d5244a0c-9d1f-4f4b-8172-e9b23252706e",
      "Page": 1
    },
    {
      "BlockType": "WORD",
      "Confidence": 99.82711029052734,
      "Text": "Recursos",
      "TextType": "PRINTED",
      "Geometry": {
        "BoundingBox": {
          "Width": 0.08062304556369781,
          "Height": 0.015670308843255043,
          "Left": 0.14071516692638397,
          "Top": 0.2246491014957428
        },
        "Polygon": [
          {
            "X": 0.14071516692638397,
            "Y": 0.2246491014957428
          },
          {
            "X": 0.2213382124900818,
            "Y": 0.2246491014957428
          },
          {
            "X": 0.2213382124900818,
            "Y": 0.2403194159269333
          },
          {
            "X": 0.14071516692638397,
            "Y": 0.2403194159269333
          }
        ]
      },
      "Id": "91528a74-f344-4562-bba0-cf3c294d188a",
      "Page": 1
    },
    {
      "BlockType": "WORD",
      "Confidence": 99.82701873779297,
      "Text": "e",
      "TextType": "PRINTED",
      "Geometry": {
        "BoundingBox": {
          "Width": 0.011438720859587193,
          "Height": 0.009937278926372528,
          "Left": 0.2250201255083084,
          "Top": 0.22441205382347107
        },
        "Polygon": [
          {
            "X": 0.2250201255083084,
            "Y": 0.22441205382347107
          },
          {
            "X": 0.23645883798599243,
            "Y": 0.22441205382347107
          },
          {
            "X": 0.23645883798599243,
            "Y": 0.234349325299263
          },
          {
            "X": 0.2250201255083084,
            "Y": 0.234349325299263
          }
        ]
      },
      "Id": "906a7fd6-90bf-4e5b-861d-01a128bb2ebf",
      "Page": 1
    },
    {
      "BlockType": "WORD",
      "Confidence": 99.58404541015625,
      "Text": "materiais",
      "TextType": "PRINTED",
      "Geometry": {
        "BoundingBox": {
          "Width": 0.08982878178358078,
          "Height": 0.019489949569106102,
          "Left": 0.24042151868343353,
          "Top": 0.2146030068397522
        },
        "Polygon": [
          {
            "X": 0.24042151868343353,
            "Y": 0.2146030068397522
          },
          {
            "X": 0.3302502930164337,
            "Y": 0.2146030068397522
          },
          {
            "X": 0.3302502930164337,
            "Y": 0.23409295082092285
          },
          {
            "X": 0.24042151868343353,
            "Y": 0.23409295082092285
          }
        ]
      },
      "Id": "e33ef19b-ca8b-483d-8fb6-1d0005f79ef0",
      "Page": 1
    },
    {
      "BlockType": "WORD",
      "Confidence": 99.04615020751953,
      "Text": "ud",
      "TextType": "PRINTED",
      "Geometry": {
        "BoundingBox": {
          "Width": 0.02120550163090229,
          "Height": 0.013366813771426678,
          "Left": 0,
          "Top": 0.2892797589302063
        },
        "Polygon": [
          {
            "X": 0,
            "Y": 0.2892797589302063
          },
          {
            "X": 0.02120550163090229,
            "Y": 0.2892797589302063
          },
          {
            "X": 0.02120550163090229,
            "Y": 0.30264657735824585
          },
          {
            "X": 0,
            "Y": 0.30264657735824585
          }
        ]
      },
      "Id": "290e7bdc-e966-4e17-81a2-fb3a6ca2c380",
      "Page": 1
    },
    {
      "BlockType": "WORD",
      "Confidence": 93.22278594970703,
      "Text": "erience",
      "TextType": "PRINTED",
      "Geometry": {
        "BoundingBox": {
          "Width": 0.06171640381217003,
          "Height": 0.014206151477992535,
          "Left": 0,
          "Top": 0.3088124990463257
        },
        "Polygon": [
          {
            "X": 0,
            "Y": 0.3088124990463257
          },
          {
            "X": 0.06171640381217003,
            "Y": 0.3088124990463257
          },
          {
            "X": 0.06171640381217003,
            "Y": 0.3230186402797699
          },
          {
            "X": 0,
            "Y": 0.3230186402797699
          }
        ]
      },
      "Id": "9a0c5ddb-3e12-435f-8b92-67f4b71d51b5",
      "Page": 1
    },
    {
      "BlockType": "WORD",
      "Confidence": 98.99795532226562,
      "Text": "5",
      "TextType": "PRINTED",
      "Geometry": {
        "BoundingBox": {
          "Width": 0.005936183966696262,
          "Height": 0.012629429809749126,
          "Left": 0.0000033696755963319447,
          "Top": 0.33006903529167175
        },
        "Polygon": [
          {
            "X": 0.0000033696755963319447,
            "Y": 0.33006903529167175
          },
          {
            "X": 0.0059395539574325085,
            "Y": 0.33006903529167175
          },
          {
            "X": 0.0059395539574325085,
            "Y": 0.34269845485687256
          },
          {
            "X": 0.0000033696755963319447,
            "Y": 0.34269845485687256
          }
        ]
      },
      "Id": "b0dbe132-060c-4eb2-a095-6f9912867b29",
      "Page": 1
    },
    {
      "BlockType": "WORD",
      "Confidence": 99.92481231689453,
      "Text": "Amazon",
      "TextType": "PRINTED",
      "Geometry": {
        "BoundingBox": {
          "Width": 0.04542505741119385,
          "Height": 0.007941517047584057,
          "Left": 0.2004822939634323,
          "Top": 0.42284849286079407
        },
        "Polygon": [
          {
            "X": 0.2004822939634323,
            "Y": 0.42284849286079407
          },
          {
            "X": 0.24590735137462616,
            "Y": 0.42284849286079407
          },
          {
            "X": 0.24590735137462616,
            "Y": 0.4307900071144104
          },
          {
            "X": 0.2004822939634323,
            "Y": 0.4307900071144104
          }
        ]
      },
      "Id": "7a5adccd-819c-43ba-a9f8-88cbf848c7ed",
      "Page": 1
    },
    {
      "BlockType": "WORD",
      "Confidence": 99.8480453491211,
      "Text": "SageMaker",
      "TextType": "PRINTED",
      "Geometry": {
        "BoundingBox": {
          "Width": 0.06407347321510315,
          "Height": 0.010086947120726109,
          "Left": 0.248426154255867,
          "Top": 0.42232102155685425
        },
        "Polygon": [
          {
            "X": 0.248426154255867,
            "Y": 0.42232102155685425
          },
          {
            "X": 0.31249964237213135,
            "Y": 0.42232102155685425
          },
          {
            "X": 0.31249964237213135,
            "Y": 0.4324079751968384
          },
          {
            "X": 0.248426154255867,
            "Y": 0.4324079751968384
          }
        ]
      },
      "Id": "e1be197d-bb2e-4f5f-9756-a0b0b1d329ae",
      "Page": 1
    },
    {
      "BlockType": "WORD",
      "Confidence": 99.96440124511719,
      "Text": "Blog",
      "TextType": "PRINTED",
      "Geometry": {
        "BoundingBox": {
          "Width": 0.02917174994945526,
          "Height": 0.010859066620469093,
          "Left": 0.5166071057319641,
          "Top": 0.42126843333244324
        },
        "Polygon": [
          {
            "X": 0.5166071057319641,
            "Y": 0.42126843333244324
          },
          {
            "X": 0.5457788109779358,
            "Y": 0.42126843333244324
          },
          {
            "X": 0.5457788109779358,
            "Y": 0.4321274757385254
          },
          {
            "X": 0.5166071057319641,
            "Y": 0.4321274757385254
          }
        ]
      },
      "Id": "cb06cd6d-c9bb-4904-92be-57baa76a755e",
      "Page": 1
    },
    {
      "BlockType": "WORD",
      "Confidence": 99.96098327636719,
      "Text": "Posts",
      "TextType": "PRINTED",
      "Geometry": {
        "BoundingBox": {
          "Width": 0.0352073572576046,
          "Height": 0.008863953873515129,
          "Left": 0.54938805103302,
          "Top": 0.421314001083374
        },
        "Polygon": [
          {
            "X": 0.54938805103302,
            "Y": 0.421314001083374
          },
          {
            "X": 0.5845954418182373,
            "Y": 0.421314001083374
          },
          {
            "X": 0.5845954418182373,
            "Y": 0.4301779568195343
          },
          {
            "X": 0.54938805103302,
            "Y": 0.4301779568195343
          }
        ]
      },
      "Id": "91accf20-7664-49e3-968c-d0b26bd2d144",
      "Page": 1
    },
    {
      "BlockType": "WORD",
      "Confidence": 99.88521575927734,
      "Text": "Canvas",
      "TextType": "PRINTED",
      "Geometry": {
        "BoundingBox": {
          "Width": 0.03932323306798935,
          "Height": 0.007826698943972588,
          "Left": 0.2348712831735611,
          "Top": 0.434169739484787
        },
        "Polygon": [
          {
            "X": 0.2348712831735611,
            "Y": 0.434169739484787
          },
          {
            "X": 0.27419450879096985,
            "Y": 0.434169739484787
          },
          {
            "X": 0.27419450879096985,
            "Y": 0.44199642539024353
          },
          {
            "X": 0.2348712831735611,
            "Y": 0.44199642539024353
          }
        ]
      },
      "Id": "34ddf33b-39f0-41ef-877f-207df2184555",
      "Page": 1
    }
  ],
  "DetectDocumentTextModelVersion": "1.0"
}