{
  "DocumentMetadata": {
    "Pages": 1
  },
  "JobStatus": "SUCCEEDED",
  "Blocks": [
    {
      "BlockType": "PAGE",
      "Geometry": {
        "BoundingBox": {
          "Width": 1,
          "Height": 1,
          "Left": 0,
          "Top": 0
        },
        "Polygon": [
          {
            "X": 0,
            "Y": 0
          },
          {
            "X": 1,
            "Y": 0
          },
          {
            "X": 1,
            "Y": 1
          },
          {
            "X": 0,
            "Y": 1
          }
        ]
      },
      "Id": "73c9ed16-28b6-4c10-9609-e5e1f0c7203d",
      "Relationships": [
        {
          "Type": "CHILD",
          "Ids": [
            "a208772d-3e4a-47c3-92ac-eaaebde1ef34",
            "06ebc309-a09f-48b6-a2c2-5c215505b277",
            "1864dadd-2c4f-44f3-bc1d-f7b3fefee499",
            "c70f317b-b104-4bc4-8138-fdf65a55c0a4",
            "be7c433c-181b-4d27-8d63-83ac117f9507",
            "f3acdb41-7bd9-4b02-a948-ca2ca8ee7292",
            "dbadd47c-b186-4c64-a651-c16be5fac7b8",
            "f6e2cf41-eb8e-4091-a632-16005e05b413",
            "bb24b457-4d79-423f-8008-0d9d3778a742",
            "8358866b-5ffe-4d80-baee-8293d5b41950",
            "f215e347-92db-4cd3-a90d-a0e20d4a1bb8"
          ]
        }
      ],
      "Page": 1
    },
    {
      "BlockType": "LINE",
      "Confidence": 99.19734191894531,
      "Text": "Agenda",
      "Geometry": {
        "BoundingBox": {
          "Width": 0.0869574323296547,
          "Height": 0.028576361015439034,
          "Left": 0.26696261763572693,
          "Top": 0.3365066647529602
        },
        "Polygon": [
          {
            "X": 0.26696261763572693,
            "Y": 0.3365066647529602
          },
          {
            "X": 0.353920042514801,
            "Y": 0.3365066647529602
          },
          {
            "X": 0.353920042514801,
            "Y": 0.3650830090045929
          },
          {
            "X": 0.26696261763572693,
            "Y": 0.3650830090045929
          }
        ]
      },
      "Id": "a208772d-3e4a-47c3-92ac-eaaebde1ef34",
      "Relationships": [
        {
          "Type": "CHILD",
          "Ids": [
            "7ffd5ccf-797d-4996-b21d-3cad993d83e9"
          ]
        }
      ],
      "Page": 1
    },
    {
      "BlockType": "LINE",
      "Confidence": 99.6625747680664,
      "Text": "01",
      "Geometry": {
        "BoundingBox": {
          "Width": 0.020755821838974953,
          "Height": 0.01285303384065628,
          "Left": 0.2622956931591034,
          "Top": 0.38616669178009033
        },
        "Polygon": [
          {
            "X": 0.2622956931591034,
            "Y": 0.38616669178009033
          },
          {
            "X": 0.2830515205860138,
            "Y": 0.38616669178009033
          },
          {
            "X": 0.2830515205860138,
            "Y": 0.399019718170166
          },
          {
            "X": 0.2622956931591034,
            "Y": 0.399019718170166
          }
        ]
      },
      "Id": "06ebc309-a09f-48b6-a2c2-5c215505b277",
      "Relationships": [
        {
          "Type": "CHILD",
          "Ids": [
            "59781448-7cf3-41fa-8113-5bb98f9fac23"
          ]
        }
      ],
      "Page": 1
    },
    {
      "BlockType": "LINE",
      "Confidence": 95.98065948486328,
      "Text": "generativa A oportunidade para usuários de IA de",
      "Geometry": {
        "BoundingBox": {
          "Width": 0.21104037761688232,
          "Height": 0.04536351189017296,
          "Left": 0.3002174496650696,
          "Top": 0.36471402645111084
        },
        "Polygon": [
          {
            "X": 0.3002174496650696,
            "Y": 0.36471402645111084
          },
          {
            "X": 0.5112578272819519,
            "Y": 0.36471402645111084
          },
          {
            "X": 0.5112578272819519,
            "Y": 0.4100775420665741
          },
          {
            "X": 0.3002174496650696,
            "Y": 0.4100775420665741
          }
        ]
      },
      "Id": "1864dadd-2c4f-44f3-bc1d-f7b3fefee499",
      "Relationships": [
        {
          "Type": "CHILD",
          "Ids": [
            "af6a1728-e362-4852-a572-67ec33516bf3",
            "60df1b1b-4f5e-4123-88cb-7b16c27ad3cd",
            "e4754afd-17b8-49ad-961b-72c30b2b2929",
            "a29a9c2c-4a41-4741-a553-39ce6cbe2b9b",
            "314e3eef-0eb4-4cc8-ae01-a17e3dd92efe",
            "3ae94ada-7900-4f91-93c8-a8f49b365b5f",
            "47d76f23-81d9-431d-8897-1a36fc5f4a13",
            "83089940-899a-4fb7-b831-f9290a07226f"
          ]
        }
      ],
      "Page": 1
    },
    {
      "BlockType": "LINE",
      "Confidence": 98.41439056396484,
      "Text": "Cloud",
      "Geometry": {
        "BoundingBox": {
          "Width": 0.046238355338573456,
          "Height": 0.017025640234351158,
          "Left": 0.1173151433467865,
          "Top": 0.4109230041503906
        },
        "Polygon": [
          {
            "X": 0.1173151433467865,
            "Y": 0.4109230041503906
          },
          {
            "X": 0.16355349123477936,
            "Y": 0.4109230041503906
          },
          {
            "X": 0.16355349123477936,
            "Y": 0.42794865369796753
          },
          {
            "X": 0.1173151433467865,
            "Y": 0.42794865369796753
          }
        ]
      },
      "Id": "c70f317b-b104-4bc4-8138-fdf65a55c0a4",
      "Relationships": [
        {
          "Type": "CHILD",
          "Ids": [
            "1b82aa1e-7cfe-48ce-8c1f-f7f1d5ec1fd9"
          ]
        }
      ],
      "Page": 1
    },
    {
      "BlockType": "LINE",
      "Confidence": 83.1859359741211,
      "Text": "negócios",
      "Geometry": {
        "BoundingBox": {
          "Width": 0.06490933150053024,
          "Height": 0.0179302878677845,
          "Left": 0.29972678422927856,
          "Top": 0.4070141613483429
        },
        "Polygon": [
          {
            "X": 0.29972678422927856,
            "Y": 0.4070141613483429
          },
          {
            "X": 0.3646361231803894,
            "Y": 0.4070141613483429
          },
          {
            "X": 0.3646361231803894,
            "Y": 0.4249444603919983
          },
          {
            "X": 0.29972678422927856,
            "Y": 0.4249444603919983
          }
        ]
      },
      "Id": "be7c433c-181b-4d27-8d63-83ac117f9507",
      "Relationships": [
        {
          "Type": "CHILD",
          "Ids": [
            "3cac7b1a-bd9d-4713-b30d-6705932281a9"
          ]
        }
      ],
      "Page": 1
    },
    {
      "BlockType": "LINE",
      "Confidence": 93.79300689697266,
      "Text": "aws",
      "Geometry": {
        "BoundingBox": {
          "Width": 0.07266177982091904,
          "Height": 0.033231064677238464,
          "Left": 0,
          "Top": 0.42221203446388245
        },
        "Polygon": [
          {
            "X": 0,
            "Y": 0.42221203446388245
          },
          {
            "X": 0.07266177982091904,
            "Y": 0.42221203446388245
          },
          {
            "X": 0.07266177982091904,
            "Y": 0.4554431140422821
          },
          {
            "X": 0,
            "Y": 0.4554431140422821
          }
        ]
      },
      "Id": "f3acdb41-7bd9-4b02-a948-ca2ca8ee7292",
      "Relationships": [
        {
          "Type": "CHILD",
          "Ids": [
            "497b4c8a-4045-448f-b78c-69cbc29c8c88"
          ]
        }
      ],
      "Page": 1
    },
    {
      "BlockType": "LINE",
      "Confidence": 99.47076416015625,
      "Text": "Experience",
      "Geometry": {
        "BoundingBox": {
          "Width": 0.087580606341362,
          "Height": 0.022762944921851158,
          "Left": 0.11444678157567978,
          "Top": 0.42517226934432983
        },
        "Polygon": [
          {
            "X": 0.11444678157567978,
            "Y": 0.42517226934432983
          },
          {
            "X": 0.20202739536762238,
            "Y": 0.42517226934432983
          },
          {
            "X": 0.20202739536762238,
            "Y": 0.44793522357940674
          },
          {
            "X": 0.11444678157567978,
            "Y": 0.44793522357940674
          }
        ]
      },
      "Id": "dbadd47c-b186-4c64-a651-c16be5fac7b8",
      "Relationships": [
        {
          "Type": "CHILD",
          "Ids": [
            "2d2e281b-c75e-4747-a8d9-f44d7e8910f7"
          ]
        }
      ],
      "Page": 1
    },
    {
      "BlockType": "LINE",
      "Confidence": 99.59086608886719,
      "Text": "2025",
      "Geometry": {
        "BoundingBox": {
          "Width": 0.03886239230632782,
          "Height": 0.014217182993888855,
          "Left": 0.11393754184246063,
          "Top": 0.4485877752304077
        },
        "Polygon": [
          {
            "X": 0.11393754184246063,
            "Y": 0.4485877752304077
          },
          {
            "X": 0.15279993414878845,
            "Y": 0.4485877752304077
          },
          {
            "X": 0.15279993414878845,
            "Y": 0.46280497312545776
          },
          {
            "X": 0.11393754184246063,
            "Y": 0.46280497312545776
          }
        ]
      },
      "Id": "f6e2cf41-eb8e-4091-a632-16005e05b413",
      "Relationships": [
        {
          "Type": "CHILD",
          "Ids": [
            "675a3267-084e-4af4-8a5f-d25c45699bad"
          ]
        }
      ],
      "Page": 1
    },
    {
      "BlockType": "LINE",
      "Confidence": 99.42530822753906,
      "Text": "02 Funcionalidades do Amazon Q",
      "Geometry": {
        "BoundingBox": {
          "Width": 0.2753322720527649,
          "Height": 0.03801681101322174,
          "Left": 0.25941985845565796,
          "Top": 0.4228169322013855
        },
        "Polygon": [
          {
            "X": 0.25941985845565796,
            "Y": 0.4228169322013855
          },
          {
            "X": 0.5347521305084229,
            "Y": 0.4228169322013855
          },
          {
            "X": 0.5347521305084229,
            "Y": 0.46083372831344604
          },
          {
            "X": 0.25941985845565796,
            "Y": 0.46083372831344604
          }
        ]
      },
      "Id": "bb24b457-4d79-423f-8008-0d9d3778a742",
      "Relationships": [
        {
          "Type": "CHILD",
          "Ids": [
            "49d4f457-8b74-409e-82e2-c04d0c94f7d2",
            "0cae5e4a-8da3-44d3-beb6-d3aa018aed54",
            "f71574d0-2a84-4405-af23-c17e05726263",
            "31bb4b1d-6175-4ba5-b219-a85a25545621",
            "07a2c187-f5fc-4589-b039-e0acd50725ff"
          ]
        }
      ],
      "Page": 1
    },
    {
      "BlockType": "LINE",
      "Confidence": 99.73014831542969,
      "Text": "no QuickSight",
      "Geometry": {
        "BoundingBox": {
          "Width": 0.10924941301345825,
          "Height": 0.02112293429672718,
          "Left": 0.2969951033592224,
          "Top": 0.4516761004924774
        },
        "Polygon": [
          {
            "X": 0.2969951033592224,
            "Y": 0.4516761004924774
          },
          {
            "X": 0.40624451637268066,
            "Y": 0.4516761004924774
          },
          {
            "X": 0.40624451637268066,
            "Y": 0.47279903292655945
          },
          {
            "X": 0.2969951033592224,
            "Y": 0.47279903292655945
          }
        ]
      },
      "Id": "8358866b-5ffe-4d80-baee-8293d5b41950",
      "Relationships": [
        {
          "Type": "CHILD",
          "Ids": [
            "b6a76faf-eeff-46b7-a164-f9e66a434dd6",
            "9981a3ff-94db-4e31-8626-800b367c04df"
          ]
        }
      ],
      "Page": 1
    },
    {
      "BlockType": "LINE",
      "Confidence": 94.438232421875,
      "Text": "03 Recursos e como começar",
      "Geometry": {
        "BoundingBox": {
          "Width": 0.2406436651945114,
          "Height": 0.028561245650053024,
          "Left": 0.25652381777763367,
          "Top": 0.4810735881328583
        },
        "Polygon": [
          {
            "X": 0.25652381777763367,
            "Y": 0.4810735881328583
          },
          {
            "X": 0.4971674680709839,
            "Y": 0.4810735881328583
          },
          {
            "X": 0.4971674680709839,
            "Y": 0.5096348524093628
          },
          {
            "X": 0.25652381777763367,
            "Y": 0.5096348524093628
          }
        ]
      },
      "Id": "f215e347-92db-4cd3-a90d-a0e20d4a1bb8",
      "Relationships": [
        {
          "Type": "CHILD",
          "Ids": [
            "1d7448d1-aa93-4659-88d3-64e178f5266d",
            "11475448-f912-4827-b3a4-789755082470",
            "892614f3-728e-4d0f-92ce-ffe354816a83",
            "33c6cc63-9ca3-4968-96b5-c4c09d93870f",
            "c3a3b55b-2cc7-43d0-9703-1d5f3ad951ac"
          ]
        }
      ],
      "Page": 1
    },
    {
      "BlockType": "WORD",
      "Confidence": 99.19734191894531,
      "Text": "Agenda",
      "TextType": "PRINTED",
      "Geometry": {
        "BoundingBox": {
          "Width": 0.0869574323296547,
          "Height": 0.028576361015439034,
          "Left": 0.26696261763572693,
          "Top": 0.3365066647529602
        },
        "Polygon": [
          {
            "X": 0.26696261763572693,
            "Y": 0.3365066647529602
          },
          {
            "X": 0.353920042514801,
            "Y": 0.3365066647529602
          },
          {
            "X": 0.353920042514801,
            "Y": 0.3650830090045929
          },
          {
            "X": 0.26696261763572693,
            "Y": 0.3650830090045929
          }
        ]
      },
      "Id": "7ffd5ccf-797d-4996-b21d-3cad993d83e9",
      "Page": 1
    },
    {
      "BlockType": "WORD",
      "Confidence": 99.6625747680664,
      "Text": "01",
      "TextType": "PRINTED",
      "Geometry": {
        "BoundingBox": {
          "Width": 0.020755821838974953,
          "Height": 0.01285303384065628,
          "Left": 0.2622956931591034,
          "Top": 0.38616669178009033
        },
        "Polygon": [
          {
            "X": 0.2622956931591034,
            "Y": 0.38616669178009033
          },
          {
            "X": 0.2830515205860138,
            "Y": 0.38616669178009033
          },
          {
            "X": 0.2830515205860138,
            "Y": 0.399019718170166
          },
          {
            "X": 0.2622956931591034,
            "Y": 0.399019718170166
          }
        ]
      },
      "Id": "59781448-7cf3-41fa-8113-5bb98f9fac23",
      "Page": 1
    },
    {
      "BlockType": "WORD",
      "Confidence": 96.98937225341797,
      "Text": "generativa",
      "TextType": "PRINTED",
      "Geometry": {
        "BoundingBox": {
          "Width": 0.07892441004514694,
          "Height": 0.019803103059530258,
          "Left": 0.3002174496650696,
          "Top": 0.39027443528175354
        },
        "Polygon": [
          {
            "X": 0.3002174496650696,
            "Y": 0.39027443528175354
          },
          {
            "X": 0.3791418671607971,
            "Y": 0.39027443528175354
          },
          {
            "X": 0.3791418671607971,
            "Y": 0.4100775420665741
          },
          {
            "X": 0.3002174496650696,
            "Y": 0.4100775420665741
          }
        ]
      },
      "Id": "af6a1728-e362-4852-a572-67ec33516bf3",
      "Page": 1
    },
    {
      "BlockType": "WORD",
      "Confidence": 99.87427520751953,
      "Text": "A",
      "TextType": "PRINTED",
      "Geometry": {
        "BoundingBox": {
          "Width": 0.01203868817538023,
          "Height": 0.010633706115186214,
          "Left": 0.30031678080558777,
          "Top": 0.38292258977890015
        },
        "Polygon": [
          {
            "X": 0.30031678080558777,
            "Y": 0.38292258977890015
          },
          {
            "X": 0.3123554587364197,
            "Y": 0.38292258977890015
          },
          {
            "X": 0.3123554587364197,
            "Y": 0.39355629682540894
          },
          {
            "X": 0.30031678080558777,
            "Y": 0.39355629682540894
          }
        ]
      },
      "Id": "60df1b1b-4f5e-4123-88cb-7b16c27ad3cd",
      "Page": 1
    },
    {
      "BlockType": "WORD",
      "Confidence": 95.57893371582031,
      "Text": "oportunidade",
      "TextType": "PRINTED",
      "Geometry": {
        "BoundingBox": {
          "Width": 0.10166410356760025,
          "Height": 0.024082662537693977,
          "Left": 0.31586259603500366,
          "Top": 0.3693927228450775
        },
        "Polygon": [
          {
            "X": 0.31586259603500366,
            "Y": 0.3693927228450775
          },
          {
            "X": 0.4175266921520233,
            "Y": 0.3693927228450775
          },
          {
            "X": 0.4175266921520233,
            "Y": 0.39347541332244873
          },
          {
            "X": 0.31586259603500366,
            "Y": 0.39347541332244873
          }
        ]
      },
      "Id": "e4754afd-17b8-49ad-961b-72c30b2b2929",
      "Page": 1
    },
    {
      "BlockType": "WORD",
      "Confidence": 99.47572326660156,
      "Text": "para",
      "TextType": "PRINTED",
      "Geometry": {
        "BoundingBox": {
          "Width": 0.03492661565542221,
          "Height": 0.014897922053933144,
          "Left": 0.38178640604019165,
          "Top": 0.38638636469841003
        },
        "Polygon": [
          {
            "X": 0.38178640604019165,
            "Y": 0.38638636469841003
          },
          {
            "X": 0.41671299934387207,
            "Y": 0.38638636469841003
          },
          {
            "X": 0.41671299934387207,
            "Y": 0.40128427743911743
          },
          {
            "X": 0.38178640604019165,
            "Y": 0.40128427743911743
          }
        ]
      },
      "Id": "a29a9c2c-4a41-4741-a553-39ce6cbe2b9b",
      "Page": 1
    },
    {
      "BlockType": "WORD",
      "Confidence": 82.8443374633789,
      "Text": "usuários",
      "TextType": "PRINTED",
      "Geometry": {
        "BoundingBox": {
          "Width": 0.06787078827619553,
          "Height": 0.01824367046356201,
          "Left": 0.41947802901268005,
          "Top": 0.376559317111969
        },
        "Polygon": [
          {
            "X": 0.41947802901268005,
            "Y": 0.376559317111969
          },
          {
            "X": 0.4873487949371338,
            "Y": 0.376559317111969
          },
          {
            "X": 0.4873487949371338,
            "Y": 0.394802987575531
          },
          {
            "X": 0.41947802901268005,
            "Y": 0.394802987575531
          }
        ]
      },
      "Id": "314e3eef-0eb4-4cc8-ae01-a17e3dd92efe",
      "Page": 1
    },
    {
      "BlockType": "WORD",
      "Confidence": 94.715576171875,
      "Text": "de",
      "TextType": "PRINTED",
      "Geometry": {
        "BoundingBox": {
          "Width": 0.01959121599793434,
          "Height": 0.011979532428085804,
          "Left": 0.4195040762424469,
          "Top": 0.36701321601867676
        },
        "Polygon": [
          {
            "X": 0.4195040762424469,
            "Y": 0.36701321601867676
          },
          {
            "X": 0.43909528851509094,
            "Y": 0.36701321601867676
          },
          {
            "X": 0.43909528851509094,
            "Y": 0.3789927363395691
          },
          {
            "X": 0.4195040762424469,
            "Y": 0.3789927363395691
          }
        ]
      },
      "Id": "3ae94ada-7900-4f91-93c8-a8f49b365b5f",
      "Page": 1
    },
    {
      "BlockType": "WORD",
      "Confidence": 98.55947875976562,
      "Text": "IA",
      "TextType": "PRINTED",
      "Geometry": {
        "BoundingBox": {
          "Width": 0.016468292102217674,
          "Height": 0.01134047657251358,
          "Left": 0.44313013553619385,
          "Top": 0.36471402645111084
        },
        "Polygon": [
          {
            "X": 0.44313013553619385,
            "Y": 0.36471402645111084
          },
          {
            "X": 0.4595984220504761,
            "Y": 0.36471402645111084
          },
          {
            "X": 0.4595984220504761,
            "Y": 0.3760544955730438
          },
          {
            "X": 0.44313013553619385,
            "Y": 0.3760544955730438
          }
        ]
      },
      "Id": "47d76f23-81d9-431d-8897-1a36fc5f4a13",
      "Page": 1
    },
    {
      "BlockType": "WORD",
      "Confidence": 99.80755615234375,
      "Text": "de",
      "TextType": "PRINTED",
      "Geometry": {
        "BoundingBox": {
          "Width": 0.021386228501796722,
          "Height": 0.013384142890572548,
          "Left": 0.4898715913295746,
          "Top": 0.3730242848396301
        },
        "Polygon": [
          {
            "X": 0.4898715913295746,
            "Y": 0.3730242848396301
          },
          {
            "X": 0.5112578272819519,
            "Y": 0.3730242848396301
          },
          {
            "X": 0.5112578272819519,
            "Y": 0.38640841841697693
          },
          {
            "X": 0.4898715913295746,
            "Y": 0.38640841841697693
          }
        ]
      },
      "Id": "83089940-899a-4fb7-b831-f9290a07226f",
      "Page": 1
    },
    {
      "BlockType": "WORD",
      "Confidence": 98.41439056396484,
      "Text": "Cloud",
      "TextType": "PRINTED",
      "Geometry": {
        "BoundingBox": {
          "Width": 0.046238355338573456,
          "Height": 0.017025640234351158,
          "Left": 0.1173151433467865,
          "Top": 0.4109230041503906
        },
        "Polygon": [
          {
            "X": 0.1173151433467865,
            "Y": 0.4109230041503906
          },
          {
            "X": 0.16355349123477936,
            "Y": 0.4109230041503906
          },
          {
            "X": 0.16355349123477936,
            "Y": 0.42794865369796753
          },
          {
            "X": 0.1173151433467865,
            "Y": 0.42794865369796753
          }
        ]
      },
      "Id": "1b82aa1e-7cfe-48ce-8c1f-f7f1d5ec1fd9",
      "Page": 1
    },
    {
      "BlockType": "WORD",
      "Confidence": 83.1859359741211,
      "Text": "negócios",
      "TextType": "PRINTED",
      "Geometry": {
        "BoundingBox": {
          "Width": 0.06490933150053024,
          "Height": 0.0179302878677845,
          "Left": 0.29972678422927856,
          "Top": 0.4070141613483429
        },
        "Polygon": [
          {
            "X": 0.29972678422927856,
            "Y": 0.4070141613483429
          },
          {
            "X": 0.3646361231803894,
            "Y": 0.4070141613483429
          },
          {
            "X": 0.3646361231803894,
            "Y": 0.4249444603919983
          },
          {
            "X": 0.29972678422927856,
            "Y": 0.4249444603919983
          }
        ]
      },
      "Id": "3cac7b1a-bd9d-4713-b30d-6705932281a9",
      "Page": 1
    },
    {
      "BlockType": "WORD",
      "Confidence": 93.79300689697266,
      "Text": "aws",
      "TextType": "PRINTED",
      "Geometry": {
        "BoundingBox": {
          "Width": 0.07266177982091904,
          "Height": 0.033231064677238464,
          "Left": 0,
          "Top": 0.42221203446388245
        },
        "Polygon": [
          {
            "X": 0,
            "Y": 0.42221203446388245
          },
          {
            "X": 0.07266177982091904,
            "Y": 0.42221203446388245
          },
          {
            "X": 0.07266177982091904,
            "Y": 0.4554431140422821
          },
          {
            "X": 0,
            "Y": 0.4554431140422821
          }
        ]
      },
      "Id": "497b4c8a-4045-448f-b78c-69cbc29c8c88",
      "Page": 1
    },
    {
      "BlockType": "WORD",
      "Confidence": 99.47076416015625,
      "Text": "Experience",
      "TextType": "PRINTED",
      "Geometry": {
        "BoundingBox": {
          "Width": 0.087580606341362,
          "Height": 0.022762944921851158,
          "Left": 0.11444678157567978,
          "Top": 0.42517226934432983
        },
        "Polygon": [
          {
            "X": 0.11444678157567978,
            "Y": 0.42517226934432983
          },
          {
            "X": 0.20202739536762238,
            "Y": 0.42517226934432983
          },
          {
            "X": 0.20202739536762238,
            "Y": 0.44793522357940674
          },
          {
            "X": 0.11444678157567978,
            "Y": 0.44793522357940674
          }
        ]
      },
      "Id": "2d2e281b-c75e-4747-a8d9-f44d7e8910f7",
      "Page": 1
    },
    {
      "BlockType": "WORD",
      "Confidence": 99.59086608886719,
      "Text": "2025",
      "TextType": "PRINTED",
      "Geometry": {
        "BoundingBox": {
          "Width": 0.03886239230632782,
          "Height": 0.014217182993888855,
          "Left": 0.11393754184246063,
          "Top": 0.4485877752304077
        },
        "Polygon": [
          {
            "X": 0.11393754184246063,
            "Y": 0.4485877752304077
          },
          {
            "X": 0.15279993414878845,
            "Y": 0.4485877752304077
          },
          {
            "X": 0.15279993414878845,
            "Y": 0.46280497312545776
          },
          {
            "X": 0.11393754184246063,
            "Y": 0.46280497312545776
          }
        ]
      },
      "Id": "675a3267-084e-4af4-8a5f-d25c45699bad",
      "Page": 1
    },
    {
      "BlockType": "WORD",
      "Confidence": 99.80122375488281,
      "Text": "02",
      "TextType": "PRINTED",
      "Geometry": {
        "BoundingBox": {
          "Width": 0.019826294854283333,
          "Height": 0.012144277803599834,
          "Left": 0.25941985845565796,
          "Top": 0.44868946075439453
        },
        "Polygon": [
          {
            "X": 0.25941985845565796,
            "Y": 0.44868946075439453
          },
          {
            "X": 0.27924615144729614,
            "Y": 0.44868946075439453
          },
          {
            "X": 0.27924615144729614,
            "Y": 0.46083372831344604
          },
          {
            "X": 0.25941985845565796,
            "Y": 0.46083372831344604
          }
        ]
      },
      "Id": "49d4f457-8b74-409e-82e2-c04d0c94f7d2",
      "Page": 1
    },
    {
      "BlockType": "WORD",
      "Confidence": 98.29415893554688,
      "Text": "Funcionalidades",
      "TextType": "PRINTED",
      "Geometry": {
        "BoundingBox": {
          "Width": 0.12266365438699722,
          "Height": 0.022266723215579987,
          "Left": 0.2980683445930481,
          "Top": 0.43478161096572876
        },
        "Polygon": [
          {
            "X": 0.2980683445930481,
            "Y": 0.43478161096572876
          },
          {
            "X": 0.4207320213317871,
            "Y": 0.43478161096572876
          },
          {
            "X": 0.4207320213317871,
            "Y": 0.45704835653305054
          },
          {
            "X": 0.2980683445930481,
            "Y": 0.45704835653305054
          }
        ]
      },
      "Id": "0cae5e4a-8da3-44d3-beb6-d3aa018aed54",
      "Page": 1
    },
    {
      "BlockType": "WORD",
      "Confidence": 99.86660766601562,
      "Text": "do",
      "TextType": "PRINTED",
      "Geometry": {
        "BoundingBox": {
          "Width": 0.02078857831656933,
          "Height": 0.012245277874171734,
          "Left": 0.42411935329437256,
          "Top": 0.43195584416389465
        },
        "Polygon": [
          {
            "X": 0.42411935329437256,
            "Y": 0.43195584416389465
          },
          {
            "X": 0.44490793347358704,
            "Y": 0.43195584416389465
          },
          {
            "X": 0.44490793347358704,
            "Y": 0.44420111179351807
          },
          {
            "X": 0.42411935329437256,
            "Y": 0.44420111179351807
          }
        ]
      },
      "Id": "f71574d0-2a84-4405-af23-c17e05726263",
      "Page": 1
    },
    {
      "BlockType": "WORD",
      "Confidence": 99.30402374267578,
      "Text": "Amazon",
      "TextType": "PRINTED",
      "Geometry": {
        "BoundingBox": {
          "Width": 0.0669066458940506,
          "Height": 0.014358109794557095,
          "Left": 0.4485452175140381,
          "Top": 0.4270852208137512
        },
        "Polygon": [
          {
            "X": 0.4485452175140381,
            "Y": 0.4270852208137512
          },
          {
            "X": 0.5154518485069275,
            "Y": 0.4270852208137512
          },
          {
            "X": 0.5154518485069275,
            "Y": 0.4414433538913727
          },
          {
            "X": 0.4485452175140381,
            "Y": 0.4414433538913727
          }
        ]
      },
      "Id": "31bb4b1d-6175-4ba5-b219-a85a25545621",
      "Page": 1
    },
    {
      "BlockType": "WORD",
      "Confidence": 99.86053466796875,
      "Text": "Q",
      "TextType": "PRINTED",
      "Geometry": {
        "BoundingBox": {
          "Width": 0.014696898870170116,
          "Height": 0.01304724719375372,
          "Left": 0.5200552344322205,
          "Top": 0.4228169322013855
        },
        "Polygon": [
          {
            "X": 0.5200552344322205,
            "Y": 0.4228169322013855
          },
          {
            "X": 0.5347521305084229,
            "Y": 0.4228169322013855
          },
          {
            "X": 0.5347521305084229,
            "Y": 0.4358641803264618
          },
          {
            "X": 0.5200552344322205,
            "Y": 0.4358641803264618
          }
        ]
      },
      "Id": "07a2c187-f5fc-4589-b039-e0acd50725ff",
      "Page": 1
    },
    {
      "BlockType": "WORD",
      "Confidence": 99.72059631347656,
      "Text": "no",
      "TextType": "PRINTED",
      "Geometry": {
        "BoundingBox": {
          "Width": 0.02126283571124077,
          "Height": 0.011410711333155632,
          "Left": 0.2969951033592224,
          "Top": 0.46138831973075867
        },
        "Polygon": [
          {
            "X": 0.2969951033592224,
            "Y": 0.46138831973075867
          },
          {
            "X": 0.3182579278945923,
            "Y": 0.46138831973075867
          },
          {
            "X": 0.3182579278945923,
            "Y": 0.47279903292655945
          },
          {
            "X": 0.2969951033592224,
            "Y": 0.47279903292655945
          }
        ]
      },
      "Id": "b6a76faf-eeff-46b7-a164-f9e66a434dd6",
      "Page": 1
    },
    {
      "BlockType": "WORD",
      "Confidence": 99.73970031738281,
      "Text": "QuickSight",
      "TextType": "PRINTED",
      "Geometry": {
        "BoundingBox": {
          "Width": 0.08622205257415771,
          "Height": 0.019607895985245705,
          "Left": 0.32002246379852295,
          "Top": 0.4516761004924774
        },
        "Polygon": [
          {
            "X": 0.32002246379852295,
            "Y": 0.4516761004924774
          },
          {
            "X": 0.40624451637268066,
            "Y": 0.4516761004924774
          },
          {
            "X": 0.40624451637268066,
            "Y": 0.47128400206565857
          },
          {
            "X": 0.32002246379852295,
            "Y": 0.47128400206565857
          }
        ]
      },
      "Id": "9981a3ff-94db-4e31-8626-800b367c04df",
      "Page": 1
    },
    {
      "BlockType": "WORD",
      "Confidence": 99.78018188476562,
      "Text": "03",
      "TextType": "PRINTED",
      "Geometry": {
        "BoundingBox": {
          "Width": 0.019136633723974228,
          "Height": 0.011701343581080437,
          "Left": 0.25652381777763367,
          "Top": 0.4979335069656372
        },
        "Polygon": [
          {
            "X": 0.25652381777763367,
            "Y": 0.4979335069656372
          },
          {
            "X": 0.2756604254245758,
            "Y": 0.4979335069656372
          },
          {
            "X": 0.2756604254245758,
            "Y": 0.5096348524093628
          },
          {
            "X": 0.25652381777763367,
            "Y": 0.5096348524093628
          }
        ]
      },
      "Id": "1d7448d1-aa93-4659-88d3-64e178f5266d",
      "Page": 1
    },
    {
      "BlockType": "WORD",
      "Confidence": 99.49649047851562,
      "Text": "Recursos",
      "TextType": "PRINTED",
      "Geometry": {
        "BoundingBox": {
          "Width": 0.06824152916669846,
          "Height": 0.014276653528213501,
          "Left": 0.2957000136375427,
          "Top": 0.4920472502708435
        },
        "Polygon": [
          {
            "X": 0.2957000136375427,
            "Y": 0.4920472502708435
          },
          {
            "X": 0.3639415502548218,
            "Y": 0.4920472502708435
          },
          {
            "X": 0.3639415502548218,
            "Y": 0.5063239336013794
          },
          {
            "X": 0.2957000136375427,
            "Y": 0.5063239336013794
          }
        ]
      },
      "Id": "11475448-f912-4827-b3a4-789755082470",
      "Page": 1
    },
    {
      "BlockType": "WORD",
      "Confidence": 99.76206970214844,
      "Text": "e",
      "TextType": "PRINTED",
      "Geometry": {
        "BoundingBox": {
          "Width": 0.009971738792955875,
          "Height": 0.00874363910406828,
          "Left": 0.36605381965637207,
          "Top": 0.4917675256729126
        },
        "Polygon": [
          {
            "X": 0.36605381965637207,
            "Y": 0.4917675256729126
          },
          {
            "X": 0.37602555751800537,
            "Y": 0.4917675256729126
          },
          {
            "X": 0.37602555751800537,
            "Y": 0.5005111694335938
          },
          {
            "X": 0.36605381965637207,
            "Y": 0.5005111694335938
          }
        ]
      },
      "Id": "892614f3-728e-4d0f-92ce-ffe354816a83",
      "Page": 1
    },
    {
      "BlockType": "WORD",
      "Confidence": 99.70540618896484,
      "Text": "como",
      "TextType": "PRINTED",
      "Geometry": {
        "BoundingBox": {
          "Width": 0.04383616894483566,
          "Height": 0.01164988987147808,
          "Left": 0.37906381487846375,
          "Top": 0.48799431324005127
        },
        "Polygon": [
          {
            "X": 0.37906381487846375,
            "Y": 0.48799431324005127
          },
          {
            "X": 0.42289999127388,
            "Y": 0.48799431324005127
          },
          {
            "X": 0.42289999127388,
            "Y": 0.4996441900730133
          },
          {
            "X": 0.37906381487846375,
            "Y": 0.4996441900730133
          }
        ]
      },
      "Id": "33c6cc63-9ca3-4968-96b5-c4c09d93870f",
      "Page": 1
    },
    {
      "BlockType": "WORD",
      "Confidence": 73.4469985961914,
      "Text": "começar",
      "TextType": "PRINTED",
      "Geometry": {
        "BoundingBox": {
          "Width": 0.07105723768472672,
          "Height": 0.01707327738404274,
          "Left": 0.42611023783683777,
          "Top": 0.4810735881328583
        },
        "Polygon": [
          {
            "X": 0.42611023783683777,
            "Y": 0.4810735881328583
          },
          {
            "X": 0.4971674680709839,
            "Y": 0.4810735881328583
          },
          {
            "X": 0.4971674680709839,
            "Y": 0.4981468617916107
          },
          {
            "X": 0.42611023783683777,
            "Y": 0.4981468617916107
          }
        ]
      },
      "Id": "c3a3b55b-2cc7-43d0-9703-1d5f3ad951ac",
      "Page": 1
    }
  ],
  "DetectDocumentTextModelVersion": "1.0"
}