{
  "DocumentMetadata": {
    "Pages": 1
  },
  "JobStatus": "SUCCEEDED",
  "Blocks": [
    {
      "BlockType": "PAGE",
      "Geometry": {
        "BoundingBox": {
          "Width": 1,
          "Height": 1,
          "Left": 0,
          "Top": 0
        },
        "Polygon": [
          {
            "X": 0,
            "Y": 0
          },
          {
            "X": 1,
            "Y": 0
          },
          {
            "X": 1,
            "Y": 1
          },
          {
            "X": 0,
            "Y": 1
          }
        ]
      },
      "Id": "a0308328-84d2-4443-85f1-b80d061cb88a",
      "Relationships": [
        {
          "Type": "CHILD",
          "Ids": [
            "e886c724-bca0-4f26-90da-9b8acab67f8c",
            "de99a2f4-b56d-4742-bb64-48e15578fa2c",
            "a2a12b01-dfbe-429d-ab89-ca87b62a2351",
            "989e13d8-6e61-419a-be48-345ea510fb96",
            "315ed306-faaf-424e-a074-86215bcd342a",
            "f91e7a10-007d-4acf-96c4-b600ce6a73f4",
            "20cbaff9-7991-42a8-b1c0-ac75253922c4",
            "01235dcc-aa99-4d1a-bf5a-ecd4c1190b0b",
            "c12a2b67-63bf-44f7-9c91-e4550c7831cc",
            "9c3c93d2-057a-4b4a-ab83-92275eb5f607"
          ]
        }
      ],
      "Page": 1
    },
    {
      "BlockType": "LINE",
      "Confidence": 79.35446166992188,
      "Text": "cloud",
      "Geometry": {
        "BoundingBox": {
          "Width": 0.02445152774453163,
          "Height": 0.006885673850774765,
          "Left": 0.721479594707489,
          "Top": 0.20666679739952087
        },
        "Polygon": [
          {
            "X": 0.721479594707489,
            "Y": 0.20666679739952087
          },
          {
            "X": 0.7459311485290527,
            "Y": 0.20666679739952087
          },
          {
            "X": 0.7459311485290527,
            "Y": 0.21355246007442474
          },
          {
            "X": 0.721479594707489,
            "Y": 0.21355246007442474
          }
        ]
      },
      "Id": "e886c724-bca0-4f26-90da-9b8acab67f8c",
      "Relationships": [
        {
          "Type": "CHILD",
          "Ids": [
            "7e4d0311-e628-4f35-bae4-b0281aadc641"
          ]
        }
      ],
      "Page": 1
    },
    {
      "BlockType": "LINE",
      "Confidence": 80.63546752929688,
      "Text": "laws",
      "Geometry": {
        "BoundingBox": {
          "Width": 0.04545433819293976,
          "Height": 0.014705120585858822,
          "Left": 0.6513599157333374,
          "Top": 0.21139302849769592
        },
        "Polygon": [
          {
            "X": 0.6513599157333374,
            "Y": 0.21139302849769592
          },
          {
            "X": 0.6968142986297607,
            "Y": 0.21139302849769592
          },
          {
            "X": 0.6968142986297607,
            "Y": 0.22609815001487732
          },
          {
            "X": 0.6513599157333374,
            "Y": 0.22609815001487732
          }
        ]
      },
      "Id": "de99a2f4-b56d-4742-bb64-48e15578fa2c",
      "Relationships": [
        {
          "Type": "CHILD",
          "Ids": [
            "a1830565-8acd-4f32-81ef-8663da7d01c7"
          ]
        }
      ],
      "Page": 1
    },
    {
      "BlockType": "LINE",
      "Confidence": 99.2012710571289,
      "Text": "Experience",
      "Geometry": {
        "BoundingBox": {
          "Width": 0.04488939419388771,
          "Height": 0.008363648317754269,
          "Left": 0.7216235399246216,
          "Top": 0.21338939666748047
        },
        "Polygon": [
          {
            "X": 0.7216235399246216,
            "Y": 0.21338939666748047
          },
          {
            "X": 0.766512930393219,
            "Y": 0.21338939666748047
          },
          {
            "X": 0.766512930393219,
            "Y": 0.2217530459165573
          },
          {
            "X": 0.7216235399246216,
            "Y": 0.2217530459165573
          }
        ]
      },
      "Id": "a2a12b01-dfbe-429d-ab89-ca87b62a2351",
      "Relationships": [
        {
          "Type": "CHILD",
          "Ids": [
            "ebfacfb3-6518-4fb1-8ea4-29467723b2be"
          ]
        }
      ],
      "Page": 1
    },
    {
      "BlockType": "LINE",
      "Confidence": 99.65290069580078,
      "Text": "2025",
      "Geometry": {
        "BoundingBox": {
          "Width": 0.021027857437729836,
          "Height": 0.006400255486369133,
          "Left": 0.7217366695404053,
          "Top": 0.22233903408050537
        },
        "Polygon": [
          {
            "X": 0.7217366695404053,
            "Y": 0.22233903408050537
          },
          {
            "X": 0.7427645325660706,
            "Y": 0.22233903408050537
          },
          {
            "X": 0.7427645325660706,
            "Y": 0.22873927652835846
          },
          {
            "X": 0.7217366695404053,
            "Y": 0.22873927652835846
          }
        ]
      },
      "Id": "989e13d8-6e61-419a-be48-345ea510fb96",
      "Relationships": [
        {
          "Type": "CHILD",
          "Ids": [
            "b1800588-a75d-4e2e-b5bf-d56b93d5d1c4"
          ]
        }
      ],
      "Page": 1
    },
    {
      "BlockType": "LINE",
      "Confidence": 96.52703857421875,
      "Text": "Preparar dados",
      "Geometry": {
        "BoundingBox": {
          "Width": 0.12770812213420868,
          "Height": 0.023644214496016502,
          "Left": 0.18012209236621857,
          "Top": 0.2457970231771469
        },
        "Polygon": [
          {
            "X": 0.18012209236621857,
            "Y": 0.2457970231771469
          },
          {
            "X": 0.30783021450042725,
            "Y": 0.2457970231771469
          },
          {
            "X": 0.30783021450042725,
            "Y": 0.26944124698638916
          },
          {
            "X": 0.18012209236621857,
            "Y": 0.26944124698638916
          }
        ]
      },
      "Id": "315ed306-faaf-424e-a074-86215bcd342a",
      "Relationships": [
        {
          "Type": "CHILD",
          "Ids": [
            "33bf3fc6-069b-433b-805d-3853caf24695",
            "7deaf53c-c2ad-4907-aa25-4c9dcfd80155"
          ]
        }
      ],
      "Page": 1
    },
    {
      "BlockType": "LINE",
      "Confidence": 99.6915054321289,
      "Text": "Mais de 50 conectores de",
      "Geometry": {
        "BoundingBox": {
          "Width": 0.13133399188518524,
          "Height": 0.018369119614362717,
          "Left": 0.19548560678958893,
          "Top": 0.28313517570495605
        },
        "Polygon": [
          {
            "X": 0.19548560678958893,
            "Y": 0.28313517570495605
          },
          {
            "X": 0.32681959867477417,
            "Y": 0.28313517570495605
          },
          {
            "X": 0.32681959867477417,
            "Y": 0.3015042841434479
          },
          {
            "X": 0.19548560678958893,
            "Y": 0.3015042841434479
          }
        ]
      },
      "Id": "f91e7a10-007d-4acf-96c4-b600ce6a73f4",
      "Relationships": [
        {
          "Type": "CHILD",
          "Ids": [
            "2e1ac355-5e75-457d-8bff-68e2f85ed15e",
            "e186c8ee-1cf1-4e76-a17f-bd93a8247ae4",
            "93c0ff3d-3e26-425a-8370-c1e7968e3927",
            "5085c0dc-490b-49d0-94f8-05b29ec1f10b",
            "eb8453b3-450f-48c0-92a3-9f7c4a9ade46"
          ]
        }
      ],
      "Page": 1
    },
    {
      "BlockType": "LINE",
      "Confidence": 99.1669921875,
      "Text": "dados",
      "Geometry": {
        "BoundingBox": {
          "Width": 0.031847164034843445,
          "Height": 0.009590153582394123,
          "Left": 0.19374540448188782,
          "Top": 0.30524203181266785
        },
        "Polygon": [
          {
            "X": 0.19374540448188782,
            "Y": 0.30524203181266785
          },
          {
            "X": 0.22559256851673126,
            "Y": 0.30524203181266785
          },
          {
            "X": 0.22559256851673126,
            "Y": 0.3148321807384491
          },
          {
            "X": 0.19374540448188782,
            "Y": 0.3148321807384491
          }
        ]
      },
      "Id": "20cbaff9-7991-42a8-b1c0-ac75253922c4",
      "Relationships": [
        {
          "Type": "CHILD",
          "Ids": [
            "2e9232a0-8848-4922-b456-7884808f7767"
          ]
        }
      ],
      "Page": 1
    },
    {
      "BlockType": "LINE",
      "Confidence": 97.8832015991211,
      "Text": "Cloud",
      "Geometry": {
        "BoundingBox": {
          "Width": 0.047445252537727356,
          "Height": 0.01616000197827816,
          "Left": 0.02594487927854061,
          "Top": 0.3173460066318512
        },
        "Polygon": [
          {
            "X": 0.02594487927854061,
            "Y": 0.3173460066318512
          },
          {
            "X": 0.07339013367891312,
            "Y": 0.3173460066318512
          },
          {
            "X": 0.07339013367891312,
            "Y": 0.3335060179233551
          },
          {
            "X": 0.02594487927854061,
            "Y": 0.3335060179233551
          }
        ]
      },
      "Id": "01235dcc-aa99-4d1a-bf5a-ecd4c1190b0b",
      "Relationships": [
        {
          "Type": "CHILD",
          "Ids": [
            "04f7501a-0171-4360-9ae8-b0e132f6a658"
          ]
        }
      ],
      "Page": 1
    },
    {
      "BlockType": "LINE",
      "Confidence": 99.1796646118164,
      "Text": "Experience",
      "Geometry": {
        "BoundingBox": {
          "Width": 0.08881249278783798,
          "Height": 0.01925252564251423,
          "Left": 0.023266859352588654,
          "Top": 0.3345182240009308
        },
        "Polygon": [
          {
            "X": 0.023266859352588654,
            "Y": 0.3345182240009308
          },
          {
            "X": 0.11207935214042664,
            "Y": 0.3345182240009308
          },
          {
            "X": 0.11207935214042664,
            "Y": 0.35377076268196106
          },
          {
            "X": 0.023266859352588654,
            "Y": 0.35377076268196106
          }
        ]
      },
      "Id": "c12a2b67-63bf-44f7-9c91-e4550c7831cc",
      "Relationships": [
        {
          "Type": "CHILD",
          "Ids": [
            "f68852ea-5501-4b6f-b8a1-5f5fa8f29004"
          ]
        }
      ],
      "Page": 1
    },
    {
      "BlockType": "LINE",
      "Confidence": 99.8698501586914,
      "Text": "2025",
      "Geometry": {
        "BoundingBox": {
          "Width": 0.03985951095819473,
          "Height": 0.01307839434593916,
          "Left": 0.0222481619566679,
          "Top": 0.3566630184650421
        },
        "Polygon": [
          {
            "X": 0.0222481619566679,
            "Y": 0.3566630184650421
          },
          {
            "X": 0.062107671052217484,
            "Y": 0.3566630184650421
          },
          {
            "X": 0.062107671052217484,
            "Y": 0.36974143981933594
          },
          {
            "X": 0.0222481619566679,
            "Y": 0.36974143981933594
          }
        ]
      },
      "Id": "9c3c93d2-057a-4b4a-ab83-92275eb5f607",
      "Relationships": [
        {
          "Type": "CHILD",
          "Ids": [
            "af602755-4561-4f9d-8ef8-4f5240d54920"
          ]
        }
      ],
      "Page": 1
    },
    {
      "BlockType": "WORD",
      "Confidence": 79.35446166992188,
      "Text": "cloud",
      "TextType": "PRINTED",
      "Geometry": {
        "BoundingBox": {
          "Width": 0.02445152774453163,
          "Height": 0.006885673850774765,
          "Left": 0.721479594707489,
          "Top": 0.20666679739952087
        },
        "Polygon": [
          {
            "X": 0.721479594707489,
            "Y": 0.20666679739952087
          },
          {
            "X": 0.7459311485290527,
            "Y": 0.20666679739952087
          },
          {
            "X": 0.7459311485290527,
            "Y": 0.21355246007442474
          },
          {
            "X": 0.721479594707489,
            "Y": 0.21355246007442474
          }
        ]
      },
      "Id": "7e4d0311-e628-4f35-bae4-b0281aadc641",
      "Page": 1
    },
    {
      "BlockType": "WORD",
      "Confidence": 80.63546752929688,
      "Text": "laws",
      "TextType": "PRINTED",
      "Geometry": {
        "BoundingBox": {
          "Width": 0.04545433819293976,
          "Height": 0.014705120585858822,
          "Left": 0.6513599157333374,
          "Top": 0.21139302849769592
        },
        "Polygon": [
          {
            "X": 0.6513599157333374,
            "Y": 0.21139302849769592
          },
          {
            "X": 0.6968142986297607,
            "Y": 0.21139302849769592
          },
          {
            "X": 0.6968142986297607,
            "Y": 0.22609815001487732
          },
          {
            "X": 0.6513599157333374,
            "Y": 0.22609815001487732
          }
        ]
      },
      "Id": "a1830565-8acd-4f32-81ef-8663da7d01c7",
      "Page": 1
    },
    {
      "BlockType": "WORD",
      "Confidence": 99.2012710571289,
      "Text": "Experience",
      "TextType": "PRINTED",
      "Geometry": {
        "BoundingBox": {
          "Width": 0.04488939419388771,
          "Height": 0.008363648317754269,
          "Left": 0.7216235399246216,
          "Top": 0.21338939666748047
        },
        "Polygon": [
          {
            "X": 0.7216235399246216,
            "Y": 0.21338939666748047
          },
          {
            "X": 0.766512930393219,
            "Y": 0.21338939666748047
          },
          {
            "X": 0.766512930393219,
            "Y": 0.2217530459165573
          },
          {
            "X": 0.7216235399246216,
            "Y": 0.2217530459165573
          }
        ]
      },
      "Id": "ebfacfb3-6518-4fb1-8ea4-29467723b2be",
      "Page": 1
    },
    {
      "BlockType": "WORD",
      "Confidence": 99.65290069580078,
      "Text": "2025",
      "TextType": "PRINTED",
      "Geometry": {
        "BoundingBox": {
          "Width": 0.021027857437729836,
          "Height": 0.006400255486369133,
          "Left": 0.7217366695404053,
          "Top": 0.22233903408050537
        },
        "Polygon": [
          {
            "X": 0.7217366695404053,
            "Y": 0.22233903408050537
          },
          {
            "X": 0.7427645325660706,
            "Y": 0.22233903408050537
          },
          {
            "X": 0.7427645325660706,
            "Y": 0.22873927652835846
          },
          {
            "X": 0.7217366695404053,
            "Y": 0.22873927652835846
          }
        ]
      },
      "Id": "b1800588-a75d-4e2e-b5bf-d56b93d5d1c4",
      "Page": 1
    },
    {
      "BlockType": "WORD",
      "Confidence": 93.5960922241211,
      "Text": "Preparar",
      "TextType": "PRINTED",
      "Geometry": {
        "BoundingBox": {
          "Width": 0.07240382581949234,
          "Height": 0.01623867265880108,
          "Left": 0.18012209236621857,
          "Top": 0.25320255756378174
        },
        "Polygon": [
          {
            "X": 0.18012209236621857,
            "Y": 0.25320255756378174
          },
          {
            "X": 0.2525259256362915,
            "Y": 0.25320255756378174
          },
          {
            "X": 0.2525259256362915,
            "Y": 0.26944124698638916
          },
          {
            "X": 0.18012209236621857,
            "Y": 0.26944124698638916
          }
        ]
      },
      "Id": "33bf3fc6-069b-433b-805d-3853caf24695",
      "Page": 1
    },
    {
      "BlockType": "WORD",
      "Confidence": 99.45800018310547,
      "Text": "dados",
      "TextType": "PRINTED",
      "Geometry": {
        "BoundingBox": {
          "Width": 0.051728080958127975,
          "Height": 0.014557361602783203,
          "Left": 0.25610214471817017,
          "Top": 0.2457970231771469
        },
        "Polygon": [
          {
            "X": 0.25610214471817017,
            "Y": 0.2457970231771469
          },
          {
            "X": 0.30783021450042725,
            "Y": 0.2457970231771469
          },
          {
            "X": 0.30783021450042725,
            "Y": 0.2603543996810913
          },
          {
            "X": 0.25610214471817017,
            "Y": 0.2603543996810913
          }
        ]
      },
      "Id": "7deaf53c-c2ad-4907-aa25-4c9dcfd80155",
      "Page": 1
    },
    {
      "BlockType": "WORD",
      "Confidence": 99.48673248291016,
      "Text": "Mais",
      "TextType": "PRINTED",
      "Geometry": {
        "BoundingBox": {
          "Width": 0.02331668883562088,
          "Height": 0.008772648870944977,
          "Left": 0.19548560678958893,
          "Top": 0.2927316427230835
        },
        "Polygon": [
          {
            "X": 0.19548560678958893,
            "Y": 0.2927316427230835
          },
          {
            "X": 0.2188023030757904,
            "Y": 0.2927316427230835
          },
          {
            "X": 0.2188023030757904,
            "Y": 0.3015042841434479
          },
          {
            "X": 0.19548560678958893,
            "Y": 0.3015042841434479
          }
        ]
      },
      "Id": "2e1ac355-5e75-457d-8bff-68e2f85ed15e",
      "Page": 1
    },
    {
      "BlockType": "WORD",
      "Confidence": 99.87437438964844,
      "Text": "de",
      "TextType": "PRINTED",
      "Geometry": {
        "BoundingBox": {
          "Width": 0.01332918182015419,
          "Height": 0.008416591212153435,
          "Left": 0.22076980769634247,
          "Top": 0.2912769913673401
        },
        "Polygon": [
          {
            "X": 0.22076980769634247,
            "Y": 0.2912769913673401
          },
          {
            "X": 0.23409898579120636,
            "Y": 0.2912769913673401
          },
          {
            "X": 0.23409898579120636,
            "Y": 0.29969358444213867
          },
          {
            "X": 0.22076980769634247,
            "Y": 0.29969358444213867
          }
        ]
      },
      "Id": "e186c8ee-1cf1-4e76-a17f-bd93a8247ae4",
      "Page": 1
    },
    {
      "BlockType": "WORD",
      "Confidence": 99.81197357177734,
      "Text": "50",
      "TextType": "PRINTED",
      "Geometry": {
        "BoundingBox": {
          "Width": 0.014012581668794155,
          "Height": 0.008255090564489365,
          "Left": 0.23631581664085388,
          "Top": 0.29005083441734314
        },
        "Polygon": [
          {
            "X": 0.23631581664085388,
            "Y": 0.29005083441734314
          },
          {
            "X": 0.25032839179039,
            "Y": 0.29005083441734314
          },
          {
            "X": 0.25032839179039,
            "Y": 0.2983059287071228
          },
          {
            "X": 0.23631581664085388,
            "Y": 0.2983059287071228
          }
        ]
      },
      "Id": "93c0ff3d-3e26-425a-8370-c1e7968e3927",
      "Page": 1
    },
    {
      "BlockType": "WORD",
      "Confidence": 99.4397964477539,
      "Text": "conectores",
      "TextType": "PRINTED",
      "Geometry": {
        "BoundingBox": {
          "Width": 0.05817490071058273,
          "Height": 0.01193800289183855,
          "Left": 0.25236091017723083,
          "Top": 0.2853449285030365
        },
        "Polygon": [
          {
            "X": 0.25236091017723083,
            "Y": 0.2853449285030365
          },
          {
            "X": 0.31053581833839417,
            "Y": 0.2853449285030365
          },
          {
            "X": 0.31053581833839417,
            "Y": 0.2972829341888428
          },
          {
            "X": 0.25236091017723083,
            "Y": 0.2972829341888428
          }
        ]
      },
      "Id": "5085c0dc-490b-49d0-94f8-05b29ec1f10b",
      "Page": 1
    },
    {
      "BlockType": "WORD",
      "Confidence": 99.8446273803711,
      "Text": "de",
      "TextType": "PRINTED",
      "Geometry": {
        "BoundingBox": {
          "Width": 0.01466396264731884,
          "Height": 0.008984725922346115,
          "Left": 0.3121556341648102,
          "Top": 0.28313517570495605
        },
        "Polygon": [
          {
            "X": 0.3121556341648102,
            "Y": 0.28313517570495605
          },
          {
            "X": 0.32681959867477417,
            "Y": 0.28313517570495605
          },
          {
            "X": 0.32681959867477417,
            "Y": 0.2921198904514313
          },
          {
            "X": 0.3121556341648102,
            "Y": 0.2921198904514313
          }
        ]
      },
      "Id": "eb8453b3-450f-48c0-92a3-9f7c4a9ade46",
      "Page": 1
    },
    {
      "BlockType": "WORD",
      "Confidence": 99.1669921875,
      "Text": "dados",
      "TextType": "PRINTED",
      "Geometry": {
        "BoundingBox": {
          "Width": 0.031847164034843445,
          "Height": 0.009590153582394123,
          "Left": 0.19374540448188782,
          "Top": 0.30524203181266785
        },
        "Polygon": [
          {
            "X": 0.19374540448188782,
            "Y": 0.30524203181266785
          },
          {
            "X": 0.22559256851673126,
            "Y": 0.30524203181266785
          },
          {
            "X": 0.22559256851673126,
            "Y": 0.3148321807384491
          },
          {
            "X": 0.19374540448188782,
            "Y": 0.3148321807384491
          }
        ]
      },
      "Id": "2e9232a0-8848-4922-b456-7884808f7767",
      "Page": 1
    },
    {
      "BlockType": "WORD",
      "Confidence": 97.8832015991211,
      "Text": "Cloud",
      "TextType": "PRINTED",
      "Geometry": {
        "BoundingBox": {
          "Width": 0.047445252537727356,
          "Height": 0.01616000197827816,
          "Left": 0.02594487927854061,
          "Top": 0.3173460066318512
        },
        "Polygon": [
          {
            "X": 0.02594487927854061,
            "Y": 0.3173460066318512
          },
          {
            "X": 0.07339013367891312,
            "Y": 0.3173460066318512
          },
          {
            "X": 0.07339013367891312,
            "Y": 0.3335060179233551
          },
          {
            "X": 0.02594487927854061,
            "Y": 0.3335060179233551
          }
        ]
      },
      "Id": "04f7501a-0171-4360-9ae8-b0e132f6a658",
      "Page": 1
    },
    {
      "BlockType": "WORD",
      "Confidence": 99.1796646118164,
      "Text": "Experience",
      "TextType": "PRINTED",
      "Geometry": {
        "BoundingBox": {
          "Width": 0.08881249278783798,
          "Height": 0.01925252564251423,
          "Left": 0.023266859352588654,
          "Top": 0.3345182240009308
        },
        "Polygon": [
          {
            "X": 0.023266859352588654,
            "Y": 0.3345182240009308
          },
          {
            "X": 0.11207935214042664,
            "Y": 0.3345182240009308
          },
          {
            "X": 0.11207935214042664,
            "Y": 0.35377076268196106
          },
          {
            "X": 0.023266859352588654,
            "Y": 0.35377076268196106
          }
        ]
      },
      "Id": "f68852ea-5501-4b6f-b8a1-5f5fa8f29004",
      "Page": 1
    },
    {
      "BlockType": "WORD",
      "Confidence": 99.8698501586914,
      "Text": "2025",
      "TextType": "PRINTED",
      "Geometry": {
        "BoundingBox": {
          "Width": 0.03985951095819473,
          "Height": 0.01307839434593916,
          "Left": 0.0222481619566679,
          "Top": 0.3566630184650421
        },
        "Polygon": [
          {
            "X": 0.0222481619566679,
            "Y": 0.3566630184650421
          },
          {
            "X": 0.062107671052217484,
            "Y": 0.3566630184650421
          },
          {
            "X": 0.062107671052217484,
            "Y": 0.36974143981933594
          },
          {
            "X": 0.0222481619566679,
            "Y": 0.36974143981933594
          }
        ]
      },
      "Id": "af602755-4561-4f9d-8ef8-4f5240d54920",
      "Page": 1
    }
  ],
  "DetectDocumentTextModelVersion": "1.0"
}