{
  "DocumentMetadata": {
    "Pages": 1
  },
  "JobStatus": "SUCCEEDED",
  "Blocks": [
    {
      "BlockType": "PAGE",
      "Geometry": {
        "BoundingBox": {
          "Width": 1,
          "Height": 1,
          "Left": 0,
          "Top": 0
        },
        "Polygon": [
          {
            "X": 0,
            "Y": 0.0011389096034690738
          },
          {
            "X": 1,
            "Y": 0
          },
          {
            "X": 0.9995749592781067,
            "Y": 1
          },
          {
            "X": 0.000007630178515682928,
            "Y": 1
          }
        ]
      },
      "Id": "67763465-8e6a-4a23-bc4e-ddc60c0c9469",
      "Relationships": [
        {
          "Type": "CHILD",
          "Ids": [
            "d4574d5d-67c4-4693-86d7-86cfc0c7d3fe",
            "4bfc011d-4127-4549-8bd1-24d5d0ea8f26",
            "5eb8c383-769b-4e4f-80e7-2889848e6179",
            "5ea66e45-5b91-47e6-8718-61c14faeb344",
            "440e4b75-67c8-4856-a64b-83fe61f79769",
            "fb6e4301-3b73-431e-968e-518bf30cbc3d",
            "3c810935-b4d2-447e-8e77-b8fec79133e0",
            "a08b5aa2-56e8-4fd4-bbd4-d1d8bfd4025b",
            "6ac9abd1-070f-447d-9a44-d0bc9a3fca8f",
            "7315c0b7-121b-4dfc-bd34-7c49a4edf454",
            "e3525166-ccd6-48a2-9d70-9d4a8776188b",
            "1d11c660-bf73-4a98-a036-6b3c21f4d144",
            "4a24d83c-3e2e-43cf-8fb8-91a9273c80a6",
            "6b72a385-978d-4f5e-ae56-137321b2615d",
            "cf765bc4-32b5-4cd3-96db-5047706f8b4a",
            "99743793-356b-4eca-9127-76b682013cd3"
          ]
        }
      ],
      "Page": 1
    },
    {
      "BlockType": "LINE",
      "Confidence": 99.35295867919922,
      "Text": "Preparar dados",
      "Geometry": {
        "BoundingBox": {
          "Width": 0.13708272576332092,
          "Height": 0.025863921269774437,
          "Left": 0.12450366467237473,
          "Top": 0.1568661481142044
        },
        "Polygon": [
          {
            "X": 0.12450366467237473,
            "Y": 0.16477353870868683
          },
          {
            "X": 0.26153329014778137,
            "Y": 0.1568661481142044
          },
          {
            "X": 0.26158639788627625,
            "Y": 0.175127312541008
          },
          {
            "X": 0.12465968728065491,
            "Y": 0.1827300786972046
          }
        ]
      },
      "Id": "d4574d5d-67c4-4693-86d7-86cfc0c7d3fe",
      "Relationships": [
        {
          "Type": "CHILD",
          "Ids": [
            "a44ac0f3-5b7e-4cbc-9a2a-4d627203088e",
            "a6a95726-8649-4fc4-b04c-8858a29bcfb2"
          ]
        }
      ],
      "Page": 1
    },
    {
      "BlockType": "LINE",
      "Confidence": 96.4612808227539,
      "Text": "aws",
      "Geometry": {
        "BoundingBox": {
          "Width": 0.04442238062620163,
          "Height": 0.014090047217905521,
          "Left": 0.6284172534942627,
          "Top": 0.12869001924991608
        },
        "Polygon": [
          {
            "X": 0.628561794757843,
            "Y": 0.1312674880027771
          },
          {
            "X": 0.6728396415710449,
            "Y": 0.12869001924991608
          },
          {
            "X": 0.6726728081703186,
            "Y": 0.14026214182376862
          },
          {
            "X": 0.6284172534942627,
            "Y": 0.14278006553649902
          }
        ]
      },
      "Id": "4bfc011d-4127-4549-8bd1-24d5d0ea8f26",
      "Relationships": [
        {
          "Type": "CHILD",
          "Ids": [
            "1f390713-8c4a-4739-8f17-a3004198895d"
          ]
        }
      ],
      "Page": 1
    },
    {
      "BlockType": "LINE",
      "Confidence": 99.53107452392578,
      "Text": "Cloud",
      "Geometry": {
        "BoundingBox": {
          "Width": 0.024178579449653625,
          "Height": 0.007463258225470781,
          "Left": 0.6998434066772461,
          "Top": 0.12389121949672699
        },
        "Polygon": [
          {
            "X": 0.699937641620636,
            "Y": 0.1252981573343277
          },
          {
            "X": 0.7240219712257385,
            "Y": 0.12389121949672699
          },
          {
            "X": 0.7239213585853577,
            "Y": 0.1299644410610199
          },
          {
            "X": 0.6998434066772461,
            "Y": 0.13135448098182678
          }
        ]
      },
      "Id": "5eb8c383-769b-4e4f-80e7-2889848e6179",
      "Relationships": [
        {
          "Type": "CHILD",
          "Ids": [
            "15e0515f-40a4-4e9a-a28b-77e18961b574"
          ]
        }
      ],
      "Page": 1
    },
    {
      "BlockType": "LINE",
      "Confidence": 99.72162628173828,
      "Text": "Experience",
      "Geometry": {
        "BoundingBox": {
          "Width": 0.04614248499274254,
          "Height": 0.009292135946452618,
          "Left": 0.6995751261711121,
          "Top": 0.1306799054145813
        },
        "Polygon": [
          {
            "X": 0.6996784806251526,
            "Y": 0.13332751393318176
          },
          {
            "X": 0.7457176446914673,
            "Y": 0.1306799054145813
          },
          {
            "X": 0.7456008195877075,
            "Y": 0.13735990226268768
          },
          {
            "X": 0.6995751261711121,
            "Y": 0.1399720460176468
          }
        ]
      },
      "Id": "5ea66e45-5b91-47e6-8718-61c14faeb344",
      "Relationships": [
        {
          "Type": "CHILD",
          "Ids": [
            "6623056b-6189-4cf6-af2e-914c5c4f999f"
          ]
        }
      ],
      "Page": 1
    },
    {
      "BlockType": "LINE",
      "Confidence": 99.93775177001953,
      "Text": "2025",
      "Geometry": {
        "BoundingBox": {
          "Width": 0.02087983302772045,
          "Height": 0.006681257858872414,
          "Left": 0.6996577978134155,
          "Top": 0.14072300493717194
        },
        "Polygon": [
          {
            "X": 0.6997434496879578,
            "Y": 0.14189858734607697
          },
          {
            "X": 0.7205376029014587,
            "Y": 0.14072300493717194
          },
          {
            "X": 0.7204468846321106,
            "Y": 0.1462419331073761
          },
          {
            "X": 0.6996577978134155,
            "Y": 0.1474042683839798
          }
        ]
      },
      "Id": "440e4b75-67c8-4856-a64b-83fe61f79769",
      "Relationships": [
        {
          "Type": "CHILD",
          "Ids": [
            "2a6a995e-698b-445e-a1ca-535b86398c9a"
          ]
        }
      ],
      "Page": 1
    },
    {
      "BlockType": "LINE",
      "Confidence": 99.48896789550781,
      "Text": "Mais de 50 conectores de",
      "Geometry": {
        "BoundingBox": {
          "Width": 0.13904404640197754,
          "Height": 0.018349668011069298,
          "Left": 0.14303576946258545,
          "Top": 0.198935866355896
        },
        "Polygon": [
          {
            "X": 0.14303576946258545,
            "Y": 0.20624174177646637
          },
          {
            "X": 0.2820568382740021,
            "Y": 0.198935866355896
          },
          {
            "X": 0.282079815864563,
            "Y": 0.2101690173149109
          },
          {
            "X": 0.14312325417995453,
            "Y": 0.21728552877902985
          }
        ]
      },
      "Id": "fb6e4301-3b73-431e-968e-518bf30cbc3d",
      "Relationships": [
        {
          "Type": "CHILD",
          "Ids": [
            "408d6305-4a0e-41bf-86d4-7c2b490ff68c",
            "efa7f880-ef54-4d9d-afde-4a77f05fa3db",
            "ec08259d-599f-418a-96da-791058bcbf6b",
            "21d9b956-546d-4fda-92a7-6745b6a3ac02",
            "6379d0a3-d8b0-4fbf-aeca-892aea75fdf5"
          ]
        }
      ],
      "Page": 1
    },
    {
      "BlockType": "LINE",
      "Confidence": 99.62767028808594,
      "Text": "dados",
      "Geometry": {
        "BoundingBox": {
          "Width": 0.031801968812942505,
          "Height": 0.00980800949037075,
          "Left": 0.14234143495559692,
          "Top": 0.22189895808696747
        },
        "Polygon": [
          {
            "X": 0.14234143495559692,
            "Y": 0.22350111603736877
          },
          {
            "X": 0.17408892512321472,
            "Y": 0.22189895808696747
          },
          {
            "X": 0.17414340376853943,
            "Y": 0.2301369160413742
          },
          {
            "X": 0.14240671694278717,
            "Y": 0.23170696198940277
          }
        ]
      },
      "Id": "3c810935-b4d2-447e-8e77-b8fec79133e0",
      "Relationships": [
        {
          "Type": "CHILD",
          "Ids": [
            "a1d35486-17e7-4bb3-b958-6d6d644a9faf"
          ]
        }
      ],
      "Page": 1
    },
    {
      "BlockType": "LINE",
      "Confidence": 80.96693420410156,
      "Text": "Data",
      "Geometry": {
        "BoundingBox": {
          "Width": 0.01083231158554554,
          "Height": 0.004802111070603132,
          "Left": 0.3650745153427124,
          "Top": 0.21022430062294006
        },
        "Polygon": [
          {
            "X": 0.36508071422576904,
            "Y": 0.2107725441455841
          },
          {
            "X": 0.3759068250656128,
            "Y": 0.21022430062294006
          },
          {
            "X": 0.37589865922927856,
            "Y": 0.21448369324207306
          },
          {
            "X": 0.3650745153427124,
            "Y": 0.21502640843391418
          }
        ]
      },
      "Id": "a08b5aa2-56e8-4fd4-bbd4-d1d8bfd4025b",
      "Relationships": [
        {
          "Type": "CHILD",
          "Ids": [
            "18c99b50-6c99-444b-be7e-d01d877505c9"
          ]
        }
      ],
      "Page": 1
    },
    {
      "BlockType": "LINE",
      "Confidence": 99.55113220214844,
      "Text": "rience",
      "Geometry": {
        "BoundingBox": {
          "Width": 0.05229855701327324,
          "Height": 0.017736095935106277,
          "Left": 0,
          "Top": 0.2505742907524109
        },
        "Polygon": [
          {
            "X": 0,
            "Y": 0.25311800837516785
          },
          {
            "X": 0.05211832374334335,
            "Y": 0.2505742907524109
          },
          {
            "X": 0.05229855701327324,
            "Y": 0.2658681571483612
          },
          {
            "X": 0,
            "Y": 0.26831039786338806
          }
        ]
      },
      "Id": "6ac9abd1-070f-447d-9a44-d0bc9a3fca8f",
      "Relationships": [
        {
          "Type": "CHILD",
          "Ids": [
            "cecd59d1-963b-4839-95e9-2d1ef5c29d13"
          ]
        }
      ],
      "Page": 1
    },
    {
      "BlockType": "LINE",
      "Confidence": 99.54183959960938,
      "Text": "Visualize sua pipeline de",
      "Geometry": {
        "BoundingBox": {
          "Width": 0.1349552869796753,
          "Height": 0.01707383617758751,
          "Left": 0.14141133427619934,
          "Top": 0.23526771366596222
        },
        "Polygon": [
          {
            "X": 0.14141133427619934,
            "Y": 0.24177901446819305
          },
          {
            "X": 0.2763420343399048,
            "Y": 0.23526771366596222
          },
          {
            "X": 0.27636662125587463,
            "Y": 0.2460058182477951
          },
          {
            "X": 0.14149585366249084,
            "Y": 0.2523415684700012
          }
        ]
      },
      "Id": "7315c0b7-121b-4dfc-bd34-7c49a4edf454",
      "Relationships": [
        {
          "Type": "CHILD",
          "Ids": [
            "a6da733a-9705-462a-bef9-6eb99d992a5b",
            "fe4ba328-8d52-4fff-8b14-b6e60319c385",
            "fdea4be5-6cfc-49c1-b13c-098d8c485fbb",
            "6630918b-a9ec-4479-b431-6f93ce6e2eed"
          ]
        }
      ],
      "Page": 1
    },
    {
      "BlockType": "LINE",
      "Confidence": 98.8512191772461,
      "Text": "preparação de dados",
      "Geometry": {
        "BoundingBox": {
          "Width": 0.11441373825073242,
          "Height": 0.016842355951666832,
          "Left": 0.14112283289432526,
          "Top": 0.25129926204681396
        },
        "Polygon": [
          {
            "X": 0.14112283289432526,
            "Y": 0.25661328434944153
          },
          {
            "X": 0.2554994523525238,
            "Y": 0.25129926204681396
          },
          {
            "X": 0.25553658604621887,
            "Y": 0.26298990845680237
          },
          {
            "X": 0.1412152796983719,
            "Y": 0.26814159750938416
          }
        ]
      },
      "Id": "e3525166-ccd6-48a2-9d70-9d4a8776188b",
      "Relationships": [
        {
          "Type": "CHILD",
          "Ids": [
            "3d09c50e-8329-4cc3-9286-44fcec22763c",
            "32eb1484-e566-4314-bf4f-325998f65a65",
            "ddfdcdf6-6dd8-4e4b-8e52-8e17bc3f62fa"
          ]
        }
      ],
      "Page": 1
    },
    {
      "BlockType": "LINE",
      "Confidence": 96.08316802978516,
      "Text": "a",
      "Geometry": {
        "BoundingBox": {
          "Width": 0.06501960009336472,
          "Height": 0.053527072072029114,
          "Left": 0.9213632345199585,
          "Top": 0.20121049880981445
        },
        "Polygon": [
          {
            "X": 0.9226254224777222,
            "Y": 0.20428577065467834
          },
          {
            "X": 0.9863828420639038,
            "Y": 0.20121049880981445
          },
          {
            "X": 0.9849749207496643,
            "Y": 0.25202420353889465
          },
          {
            "X": 0.9213632345199585,
            "Y": 0.25473758578300476
          }
        ]
      },
      "Id": "1d11c660-bf73-4a98-a036-6b3c21f4d144",
      "Relationships": [
        {
          "Type": "CHILD",
          "Ids": [
            "fea928f4-7c14-4d8e-8352-a9fe90007827"
          ]
        }
      ],
      "Page": 1
    },
    {
      "BlockType": "LINE",
      "Confidence": 96.5777816772461,
      "Text": "Informações valiosas de",
      "Geometry": {
        "BoundingBox": {
          "Width": 0.1317395716905594,
          "Height": 0.016775043681263924,
          "Left": 0.14069919288158417,
          "Top": 0.2716262936592102
        },
        "Polygon": [
          {
            "X": 0.14069919288158417,
            "Y": 0.2774140536785126
          },
          {
            "X": 0.2724112868309021,
            "Y": 0.2716262936592102
          },
          {
            "X": 0.27243876457214355,
            "Y": 0.2827915847301483
          },
          {
            "X": 0.14078757166862488,
            "Y": 0.288401335477829
          }
        ]
      },
      "Id": "4a24d83c-3e2e-43cf-8fb8-91a9273c80a6",
      "Relationships": [
        {
          "Type": "CHILD",
          "Ids": [
            "b614a20f-ede4-45fd-9d45-af1d8d80d9d7",
            "af266d96-6ad0-4d32-a8a8-a26964eb9eb9",
            "fd28078c-837b-47a1-9295-218f5a5bfcd2"
          ]
        }
      ],
      "Page": 1
    },
    {
      "BlockType": "LINE",
      "Confidence": 99.3486328125,
      "Text": "dados fornecidas por ML",
      "Geometry": {
        "BoundingBox": {
          "Width": 0.13612057268619537,
          "Height": 0.015699680894613266,
          "Left": 0.13993026316165924,
          "Top": 0.28618085384368896
        },
        "Polygon": [
          {
            "X": 0.13993026316165924,
            "Y": 0.29192256927490234
          },
          {
            "X": 0.27602747082710266,
            "Y": 0.28618085384368896
          },
          {
            "X": 0.2760508358478546,
            "Y": 0.29630547761917114
          },
          {
            "X": 0.1400107443332672,
            "Y": 0.30188053846359253
          }
        ]
      },
      "Id": "6b72a385-978d-4f5e-ae56-137321b2615d",
      "Relationships": [
        {
          "Type": "CHILD",
          "Ids": [
            "d0560f59-a666-443c-8460-5b804e1c2307",
            "94908061-4a23-4fb1-bcab-0a5deeb77416",
            "0af549a0-933c-4a98-a860-aaa75f47df31",
            "a6a3c69d-8e59-4edb-ab9a-f1a7716f2d00"
          ]
        }
      ],
      "Page": 1
    },
    {
      "BlockType": "LINE",
      "Confidence": 97.50631713867188,
      "Text": "Visualizações integradas",
      "Geometry": {
        "BoundingBox": {
          "Width": 0.13568000495433807,
          "Height": 0.01619023084640503,
          "Left": 0.13880176842212677,
          "Top": 0.30717572569847107
        },
        "Polygon": [
          {
            "X": 0.13880176842212677,
            "Y": 0.31256020069122314
          },
          {
            "X": 0.27445563673973083,
            "Y": 0.30717572569847107
          },
          {
            "X": 0.27448177337646484,
            "Y": 0.31816160678863525
          },
          {
            "X": 0.13888968527317047,
            "Y": 0.3233659565448761
          }
        ]
      },
      "Id": "cf765bc4-32b5-4cd3-96db-5047706f8b4a",
      "Relationships": [
        {
          "Type": "CHILD",
          "Ids": [
            "8dbdc543-d0fc-45c9-b28d-ffdf059cf4e5",
            "0c0fd280-1e6b-4bff-9b60-ccbf5aa3de8b"
          ]
        }
      ],
      "Page": 1
    },
    {
      "BlockType": "LINE",
      "Confidence": 98.46803283691406,
      "Text": "Mais de 300 transformações",
      "Geometry": {
        "BoundingBox": {
          "Width": 0.15819108486175537,
          "Height": 0.0165414959192276,
          "Left": 0.13858403265476227,
          "Top": 0.32726362347602844
        },
        "Polygon": [
          {
            "X": 0.13858403265476227,
            "Y": 0.33314746618270874
          },
          {
            "X": 0.29675954580307007,
            "Y": 0.32726362347602844
          },
          {
            "X": 0.29677513241767883,
            "Y": 0.3381282091140747
          },
          {
            "X": 0.1386709213256836,
            "Y": 0.34380510449409485
          }
        ]
      },
      "Id": "99743793-356b-4eca-9127-76b682013cd3",
      "Relationships": [
        {
          "Type": "CHILD",
          "Ids": [
            "e29cd7a1-fe6e-4da4-84ed-415a840d78be",
            "a34f7d69-e3a5-459e-b4b9-2205ae1f6082",
            "360b62c7-fef2-44e5-a234-86128aaee116",
            "48ebc683-e498-406c-bfb0-abc5a1038971"
          ]
        }
      ],
      "Page": 1
    },
    {
      "BlockType": "WORD",
      "Confidence": 98.9997329711914,
      "Text": "Preparar",
      "TextType": "PRINTED",
      "Geometry": {
        "BoundingBox": {
          "Width": 0.0770416259765625,
          "Height": 0.01916997693479061,
          "Left": 0.12453144788742065,
          "Top": 0.16356009244918823
        },
        "Polygon": [
          {
            "X": 0.12453144788742065,
            "Y": 0.16797125339508057
          },
          {
            "X": 0.20149201154708862,
            "Y": 0.16356009244918823
          },
          {
            "X": 0.20157307386398315,
            "Y": 0.1784595102071762
          },
          {
            "X": 0.12465968728065491,
            "Y": 0.1827300786972046
          }
        ]
      },
      "Id": "a44ac0f3-5b7e-4cbc-9a2a-4d627203088e",
      "Page": 1
    },
    {
      "BlockType": "WORD",
      "Confidence": 99.70618438720703,
      "Text": "dados",
      "TextType": "PRINTED",
      "Geometry": {
        "BoundingBox": {
          "Width": 0.05474941059947014,
          "Height": 0.01642916351556778,
          "Left": 0.2068227231502533,
          "Top": 0.1568661481142044
        },
        "Polygon": [
          {
            "X": 0.2068227231502533,
            "Y": 0.1600232571363449
          },
          {
            "X": 0.26153329014778137,
            "Y": 0.1568661481142044
          },
          {
            "X": 0.26157212257385254,
            "Y": 0.17022722959518433
          },
          {
            "X": 0.20689193904399872,
            "Y": 0.17329531908035278
          }
        ]
      },
      "Id": "a6a95726-8649-4fc4-b04c-8858a29bcfb2",
      "Page": 1
    },
    {
      "BlockType": "WORD",
      "Confidence": 96.4612808227539,
      "Text": "aws",
      "TextType": "PRINTED",
      "Geometry": {
        "BoundingBox": {
          "Width": 0.04442238062620163,
          "Height": 0.014090047217905521,
          "Left": 0.6284172534942627,
          "Top": 0.12869001924991608
        },
        "Polygon": [
          {
            "X": 0.628561794757843,
            "Y": 0.1312674880027771
          },
          {
            "X": 0.6728396415710449,
            "Y": 0.12869001924991608
          },
          {
            "X": 0.6726728081703186,
            "Y": 0.14026214182376862
          },
          {
            "X": 0.6284172534942627,
            "Y": 0.14278006553649902
          }
        ]
      },
      "Id": "1f390713-8c4a-4739-8f17-a3004198895d",
      "Page": 1
    },
    {
      "BlockType": "WORD",
      "Confidence": 99.53107452392578,
      "Text": "Cloud",
      "TextType": "PRINTED",
      "Geometry": {
        "BoundingBox": {
          "Width": 0.024178579449653625,
          "Height": 0.007463258225470781,
          "Left": 0.6998434066772461,
          "Top": 0.12389121949672699
        },
        "Polygon": [
          {
            "X": 0.699937641620636,
            "Y": 0.1252981573343277
          },
          {
            "X": 0.7240219712257385,
            "Y": 0.12389121949672699
          },
          {
            "X": 0.7239213585853577,
            "Y": 0.1299644410610199
          },
          {
            "X": 0.6998434066772461,
            "Y": 0.13135448098182678
          }
        ]
      },
      "Id": "15e0515f-40a4-4e9a-a28b-77e18961b574",
      "Page": 1
    },
    {
      "BlockType": "WORD",
      "Confidence": 99.72162628173828,
      "Text": "Experience",
      "TextType": "PRINTED",
      "Geometry": {
        "BoundingBox": {
          "Width": 0.04614248499274254,
          "Height": 0.009292135946452618,
          "Left": 0.6995751261711121,
          "Top": 0.1306799054145813
        },
        "Polygon": [
          {
            "X": 0.6996784806251526,
            "Y": 0.13332751393318176
          },
          {
            "X": 0.7457176446914673,
            "Y": 0.1306799054145813
          },
          {
            "X": 0.7456008195877075,
            "Y": 0.13735990226268768
          },
          {
            "X": 0.6995751261711121,
            "Y": 0.1399720460176468
          }
        ]
      },
      "Id": "6623056b-6189-4cf6-af2e-914c5c4f999f",
      "Page": 1
    },
    {
      "BlockType": "WORD",
      "Confidence": 99.93775177001953,
      "Text": "2025",
      "TextType": "PRINTED",
      "Geometry": {
        "BoundingBox": {
          "Width": 0.02087983302772045,
          "Height": 0.006681257858872414,
          "Left": 0.6996577978134155,
          "Top": 0.14072300493717194
        },
        "Polygon": [
          {
            "X": 0.6997434496879578,
            "Y": 0.14189858734607697
          },
          {
            "X": 0.7205376029014587,
            "Y": 0.14072300493717194
          },
          {
            "X": 0.7204468846321106,
            "Y": 0.1462419331073761
          },
          {
            "X": 0.6996577978134155,
            "Y": 0.1474042683839798
          }
        ]
      },
      "Id": "2a6a995e-698b-445e-a1ca-535b86398c9a",
      "Page": 1
    },
    {
      "BlockType": "WORD",
      "Confidence": 99.8331069946289,
      "Text": "Mais",
      "TextType": "PRINTED",
      "Geometry": {
        "BoundingBox": {
          "Width": 0.023797927424311638,
          "Height": 0.009493629448115826,
          "Left": 0.14305786788463593,
          "Top": 0.20779189467430115
        },
        "Polygon": [
          {
            "X": 0.14305786788463593,
            "Y": 0.20903149247169495
          },
          {
            "X": 0.16679853200912476,
            "Y": 0.20779189467430115
          },
          {
            "X": 0.1668557971715927,
            "Y": 0.21607008576393127
          },
          {
            "X": 0.14312325417995453,
            "Y": 0.21728552877902985
          }
        ]
      },
      "Id": "408d6305-4a0e-41bf-86d4-7c2b490ff68c",
      "Page": 1
    },
    {
      "BlockType": "WORD",
      "Confidence": 99.849853515625,
      "Text": "de",
      "TextType": "PRINTED",
      "Geometry": {
        "BoundingBox": {
          "Width": 0.012920031324028969,
          "Height": 0.009018242359161377,
          "Left": 0.17014001309871674,
          "Top": 0.20640844106674194
        },
        "Polygon": [
          {
            "X": 0.17014001309871674,
            "Y": 0.2070811688899994
          },
          {
            "X": 0.18300794064998627,
            "Y": 0.20640844106674194
          },
          {
            "X": 0.18306003510951996,
            "Y": 0.21476715803146362
          },
          {
            "X": 0.1701965630054474,
            "Y": 0.21542668342590332
          }
        ]
      },
      "Id": "efa7f880-ef54-4d9d-afde-4a77f05fa3db",
      "Page": 1
    },
    {
      "BlockType": "WORD",
      "Confidence": 99.66116333007812,
      "Text": "50",
      "TextType": "PRINTED",
      "Geometry": {
        "BoundingBox": {
          "Width": 0.013435802422463894,
          "Height": 0.008801479823887348,
          "Left": 0.18706780672073364,
          "Top": 0.20540191233158112
        },
        "Polygon": [
          {
            "X": 0.18706780672073364,
            "Y": 0.2061021476984024
          },
          {
            "X": 0.20045901834964752,
            "Y": 0.20540191233158112
          },
          {
            "X": 0.20050360262393951,
            "Y": 0.2135164737701416
          },
          {
            "X": 0.18711690604686737,
            "Y": 0.21420340240001678
          }
        ]
      },
      "Id": "ec08259d-599f-418a-96da-791058bcbf6b",
      "Page": 1
    },
    {
      "BlockType": "WORD",
      "Confidence": 98.23937225341797,
      "Text": "conectores",
      "TextType": "PRINTED",
      "Geometry": {
        "BoundingBox": {
          "Width": 0.06058812886476517,
          "Height": 0.011881005950272083,
          "Left": 0.20425726473331451,
          "Top": 0.20106211304664612
        },
        "Polygon": [
          {
            "X": 0.20425726473331451,
            "Y": 0.20423606038093567
          },
          {
            "X": 0.26482105255126953,
            "Y": 0.20106211304664612
          },
          {
            "X": 0.2648454010486603,
            "Y": 0.20983374118804932
          },
          {
            "X": 0.20430371165275574,
            "Y": 0.21294312179088593
          }
        ]
      },
      "Id": "21d9b956-546d-4fda-92a7-6745b6a3ac02",
      "Page": 1
    },
    {
      "BlockType": "WORD",
      "Confidence": 99.861328125,
      "Text": "de",
      "TextType": "PRINTED",
      "Geometry": {
        "BoundingBox": {
          "Width": 0.013706124387681484,
          "Height": 0.009255611337721348,
          "Left": 0.2683682143688202,
          "Top": 0.198935866355896
        },
        "Polygon": [
          {
            "X": 0.2683682143688202,
            "Y": 0.19965523481369019
          },
          {
            "X": 0.2820568382740021,
            "Y": 0.198935866355896
          },
          {
            "X": 0.28207433223724365,
            "Y": 0.20748630166053772
          },
          {
            "X": 0.26839059591293335,
            "Y": 0.20819146931171417
          }
        ]
      },
      "Id": "6379d0a3-d8b0-4fbf-aeca-892aea75fdf5",
      "Page": 1
    },
    {
      "BlockType": "WORD",
      "Confidence": 99.62767028808594,
      "Text": "dados",
      "TextType": "PRINTED",
      "Geometry": {
        "BoundingBox": {
          "Width": 0.031801968812942505,
          "Height": 0.00980800949037075,
          "Left": 0.14234143495559692,
          "Top": 0.22189895808696747
        },
        "Polygon": [
          {
            "X": 0.14234143495559692,
            "Y": 0.22350111603736877
          },
          {
            "X": 0.17408892512321472,
            "Y": 0.22189895808696747
          },
          {
            "X": 0.17414340376853943,
            "Y": 0.2301369160413742
          },
          {
            "X": 0.14240671694278717,
            "Y": 0.23170696198940277
          }
        ]
      },
      "Id": "a1d35486-17e7-4bb3-b958-6d6d644a9faf",
      "Page": 1
    },
    {
      "BlockType": "WORD",
      "Confidence": 80.96693420410156,
      "Text": "Data",
      "TextType": "PRINTED",
      "Geometry": {
        "BoundingBox": {
          "Width": 0.01083231158554554,
          "Height": 0.004802111070603132,
          "Left": 0.3650745153427124,
          "Top": 0.21022430062294006
        },
        "Polygon": [
          {
            "X": 0.36508071422576904,
            "Y": 0.2107725441455841
          },
          {
            "X": 0.3759068250656128,
            "Y": 0.21022430062294006
          },
          {
            "X": 0.37589865922927856,
            "Y": 0.21448369324207306
          },
          {
            "X": 0.3650745153427124,
            "Y": 0.21502640843391418
          }
        ]
      },
      "Id": "18c99b50-6c99-444b-be7e-d01d877505c9",
      "Page": 1
    },
    {
      "BlockType": "WORD",
      "Confidence": 99.55113220214844,
      "Text": "rience",
      "TextType": "PRINTED",
      "Geometry": {
        "BoundingBox": {
          "Width": 0.05229855701327324,
          "Height": 0.017736095935106277,
          "Left": 0,
          "Top": 0.2505742907524109
        },
        "Polygon": [
          {
            "X": 0,
            "Y": 0.25311800837516785
          },
          {
            "X": 0.05211832374334335,
            "Y": 0.2505742907524109
          },
          {
            "X": 0.05229855701327324,
            "Y": 0.2658681571483612
          },
          {
            "X": 0,
            "Y": 0.26831039786338806
          }
        ]
      },
      "Id": "cecd59d1-963b-4839-95e9-2d1ef5c29d13",
      "Page": 1
    },
    {
      "BlockType": "WORD",
      "Confidence": 99.37846374511719,
      "Text": "Visualize",
      "TextType": "PRINTED",
      "Geometry": {
        "BoundingBox": {
          "Width": 0.046895865350961685,
          "Height": 0.010780655778944492,
          "Left": 0.14142313599586487,
          "Top": 0.24100181460380554
        },
        "Polygon": [
          {
            "X": 0.14142313599586487,
            "Y": 0.24325397610664368
          },
          {
            "X": 0.18826737999916077,
            "Y": 0.24100181460380554
          },
          {
            "X": 0.18831899762153625,
            "Y": 0.2495795041322708
          },
          {
            "X": 0.1414913833141327,
            "Y": 0.25178247690200806
          }
        ]
      },
      "Id": "a6da733a-9705-462a-bef9-6eb99d992a5b",
      "Page": 1
    },
    {
      "BlockType": "WORD",
      "Confidence": 99.76548767089844,
      "Text": "sua",
      "TextType": "PRINTED",
      "Geometry": {
        "BoundingBox": {
          "Width": 0.01849181205034256,
          "Height": 0.007537050172686577,
          "Left": 0.19185367226600647,
          "Top": 0.24102939665317535
        },
        "Polygon": [
          {
            "X": 0.19185367226600647,
            "Y": 0.24191439151763916
          },
          {
            "X": 0.21031157672405243,
            "Y": 0.24102939665317535
          },
          {
            "X": 0.21034547686576843,
            "Y": 0.24769647419452667
          },
          {
            "X": 0.19189269840717316,
            "Y": 0.24856644868850708
          }
        ]
      },
      "Id": "fe4ba328-8d52-4fff-8b14-b6e60319c385",
      "Page": 1
    },
    {
      "BlockType": "WORD",
      "Confidence": 99.17842864990234,
      "Text": "pipeline",
      "TextType": "PRINTED",
      "Geometry": {
        "BoundingBox": {
          "Width": 0.04454689845442772,
          "Height": 0.012620343826711178,
          "Left": 0.21429717540740967,
          "Top": 0.23629885911941528
        },
        "Polygon": [
          {
            "X": 0.21429717540740967,
            "Y": 0.23844601213932037
          },
          {
            "X": 0.2588121294975281,
            "Y": 0.23629885911941528
          },
          {
            "X": 0.2588440775871277,
            "Y": 0.24682897329330444
          },
          {
            "X": 0.2143486738204956,
            "Y": 0.24891920387744904
          }
        ]
      },
      "Id": "fdea4be5-6cfc-49c1-b13c-098d8c485fbb",
      "Page": 1
    },
    {
      "BlockType": "WORD",
      "Confidence": 99.844970703125,
      "Text": "de",
      "TextType": "PRINTED",
      "Geometry": {
        "BoundingBox": {
          "Width": 0.013577724806964397,
          "Height": 0.00871542189270258,
          "Left": 0.2627828121185303,
          "Top": 0.23526771366596222
        },
        "Polygon": [
          {
            "X": 0.2627828121185303,
            "Y": 0.23592203855514526
          },
          {
            "X": 0.2763420343399048,
            "Y": 0.23526771366596222
          },
          {
            "X": 0.27636051177978516,
            "Y": 0.2433420866727829
          },
          {
            "X": 0.26280587911605835,
            "Y": 0.24398313462734222
          }
        ]
      },
      "Id": "6630918b-a9ec-4479-b431-6f93ce6e2eed",
      "Page": 1
    },
    {
      "BlockType": "WORD",
      "Confidence": 97.07945251464844,
      "Text": "preparação",
      "TextType": "PRINTED",
      "Geometry": {
        "BoundingBox": {
          "Width": 0.060361094772815704,
          "Height": 0.013539012521505356,
          "Left": 0.14112913608551025,
          "Top": 0.2546026110649109
        },
        "Polygon": [
          {
            "X": 0.14112913608551025,
            "Y": 0.2573985457420349
          },
          {
            "X": 0.20143108069896698,
            "Y": 0.2546026110649109
          },
          {
            "X": 0.20149022340774536,
            "Y": 0.2654254138469696
          },
          {
            "X": 0.1412152796983719,
            "Y": 0.26814159750938416
          }
        ]
      },
      "Id": "3d09c50e-8329-4cc3-9286-44fcec22763c",
      "Page": 1
    },
    {
      "BlockType": "WORD",
      "Confidence": 99.8719711303711,
      "Text": "de",
      "TextType": "PRINTED",
      "Geometry": {
        "BoundingBox": {
          "Width": 0.013398338109254837,
          "Height": 0.008962711319327354,
          "Left": 0.20520064234733582,
          "Top": 0.25352928042411804
        },
        "Polygon": [
          {
            "X": 0.20520064234733582,
            "Y": 0.25414910912513733
          },
          {
            "X": 0.2185593843460083,
            "Y": 0.25352928042411804
          },
          {
            "X": 0.21859899163246155,
            "Y": 0.26188579201698303
          },
          {
            "X": 0.20524489879608154,
            "Y": 0.26249200105667114
          }
        ]
      },
      "Id": "32eb1484-e566-4314-bf4f-325998f65a65",
      "Page": 1
    },
    {
      "BlockType": "WORD",
      "Confidence": 99.60224914550781,
      "Text": "dados",
      "TextType": "PRINTED",
      "Geometry": {
        "BoundingBox": {
          "Width": 0.03302538022398949,
          "Height": 0.00971677154302597,
          "Left": 0.22250016033649445,
          "Top": 0.25129926204681396
        },
        "Polygon": [
          {
            "X": 0.22250016033649445,
            "Y": 0.25283244252204895
          },
          {
            "X": 0.2554994523525238,
            "Y": 0.25129926204681396
          },
          {
            "X": 0.25552552938461304,
            "Y": 0.25951579213142395
          },
          {
            "X": 0.2225375771522522,
            "Y": 0.26101604104042053
          }
        ]
      },
      "Id": "ddfdcdf6-6dd8-4e4b-8e52-8e17bc3f62fa",
      "Page": 1
    },
    {
      "BlockType": "WORD",
      "Confidence": 96.08316802978516,
      "Text": "a",
      "TextType": "PRINTED",
      "Geometry": {
        "BoundingBox": {
          "Width": 0.06501960009336472,
          "Height": 0.053527072072029114,
          "Left": 0.9213632345199585,
          "Top": 0.20121049880981445
        },
        "Polygon": [
          {
            "X": 0.9226254224777222,
            "Y": 0.20428577065467834
          },
          {
            "X": 0.9863828420639038,
            "Y": 0.20121049880981445
          },
          {
            "X": 0.9849749207496643,
            "Y": 0.25202420353889465
          },
          {
            "X": 0.9213632345199585,
            "Y": 0.25473758578300476
          }
        ]
      },
      "Id": "fea928f4-7c14-4d8e-8352-a9fe90007827",
      "Page": 1
    },
    {
      "BlockType": "WORD",
      "Confidence": 91.03604888916016,
      "Text": "Informações",
      "TextType": "PRINTED",
      "Geometry": {
        "BoundingBox": {
          "Width": 0.06692389398813248,
          "Height": 0.013281365856528282,
          "Left": 0.14070433378219604,
          "Top": 0.27511996030807495
        },
        "Polygon": [
          {
            "X": 0.14070433378219604,
            "Y": 0.2780531942844391
          },
          {
            "X": 0.20757387578487396,
            "Y": 0.27511996030807495
          },
          {
            "X": 0.20762822031974792,
            "Y": 0.2855532169342041
          },
          {
            "X": 0.14078757166862488,
            "Y": 0.288401335477829
          }
        ]
      },
      "Id": "b614a20f-ede4-45fd-9d45-af1d8d80d9d7",
      "Page": 1
    },
    {
      "BlockType": "WORD",
      "Confidence": 98.8047866821289,
      "Text": "valiosas",
      "TextType": "PRINTED",
      "Geometry": {
        "BoundingBox": {
          "Width": 0.04446509853005409,
          "Height": 0.010488520376384258,
          "Left": 0.21085874736309052,
          "Top": 0.2723783552646637
        },
        "Polygon": [
          {
            "X": 0.21085874736309052,
            "Y": 0.27433106303215027
          },
          {
            "X": 0.2552964985370636,
            "Y": 0.2723783552646637
          },
          {
            "X": 0.2553238570690155,
            "Y": 0.28096044063568115
          },
          {
            "X": 0.21090202033519745,
            "Y": 0.28286686539649963
          }
        ]
      },
      "Id": "af266d96-6ad0-4d32-a8a8-a26964eb9eb9",
      "Page": 1
    },
    {
      "BlockType": "WORD",
      "Confidence": 99.89250946044922,
      "Text": "de",
      "TextType": "PRINTED",
      "Geometry": {
        "BoundingBox": {
          "Width": 0.01336965523660183,
          "Height": 0.008564259856939316,
          "Left": 0.25906139612197876,
          "Top": 0.27167466282844543
        },
        "Polygon": [
          {
            "X": 0.25906139612197876,
            "Y": 0.27226123213768005
          },
          {
            "X": 0.27241140604019165,
            "Y": 0.27167466282844543
          },
          {
            "X": 0.27243107557296753,
            "Y": 0.2796652913093567
          },
          {
            "X": 0.2590855658054352,
            "Y": 0.28023892641067505
          }
        ]
      },
      "Id": "fd28078c-837b-47a1-9295-218f5a5bfcd2",
      "Page": 1
    },
    {
      "BlockType": "WORD",
      "Confidence": 99.67375183105469,
      "Text": "dados",
      "TextType": "PRINTED",
      "Geometry": {
        "BoundingBox": {
          "Width": 0.03203033283352852,
          "Height": 0.009607817977666855,
          "Left": 0.13993671536445618,
          "Top": 0.29137369990348816
        },
        "Polygon": [
          {
            "X": 0.13993671536445618,
            "Y": 0.2927195727825165
          },
          {
            "X": 0.17191126942634583,
            "Y": 0.29137369990348816
          },
          {
            "X": 0.1719670444726944,
            "Y": 0.2996681332588196
          },
          {
            "X": 0.14000347256660461,
            "Y": 0.3009815216064453
          }
        ]
      },
      "Id": "d0560f59-a666-443c-8460-5b804e1c2307",
      "Page": 1
    },
    {
      "BlockType": "WORD",
      "Confidence": 98.3895034790039,
      "Text": "fornecidas",
      "TextType": "PRINTED",
      "Geometry": {
        "BoundingBox": {
          "Width": 0.05971161276102066,
          "Height": 0.011948464438319206,
          "Left": 0.17379996180534363,
          "Top": 0.2879761755466461
        },
        "Polygon": [
          {
            "X": 0.17379996180534363,
            "Y": 0.2904936671257019
          },
          {
            "X": 0.23347248136997223,
            "Y": 0.2879761755466461
          },
          {
            "X": 0.2335115671157837,
            "Y": 0.2974760830402374
          },
          {
            "X": 0.17386262118816376,
            "Y": 0.2999246418476105
          }
        ]
      },
      "Id": "94908061-4a23-4fb1-bcab-0a5deeb77416",
      "Page": 1
    },
    {
      "BlockType": "WORD",
      "Confidence": 99.6572036743164,
      "Text": "por",
      "TextType": "PRINTED",
      "Geometry": {
        "BoundingBox": {
          "Width": 0.01926790177822113,
          "Height": 0.00918493140488863,
          "Left": 0.23666799068450928,
          "Top": 0.2887331247329712
        },
        "Polygon": [
          {
            "X": 0.23666799068450928,
            "Y": 0.28954097628593445
          },
          {
            "X": 0.25590935349464417,
            "Y": 0.2887331247329712
          },
          {
            "X": 0.2559359073638916,
            "Y": 0.2971298098564148
          },
          {
            "X": 0.23670132458209991,
            "Y": 0.29791805148124695
          }
        ]
      },
      "Id": "0af549a0-933c-4a98-a860-aaa75f47df31",
      "Page": 1
    },
    {
      "BlockType": "WORD",
      "Confidence": 99.67408752441406,
      "Text": "ML",
      "TextType": "PRINTED",
      "Geometry": {
        "BoundingBox": {
          "Width": 0.01616157777607441,
          "Height": 0.008406777866184711,
          "Left": 0.25988462567329407,
          "Top": 0.2865510880947113
        },
        "Polygon": [
          {
            "X": 0.25988462567329407,
            "Y": 0.2872314751148224
          },
          {
            "X": 0.2760283052921295,
            "Y": 0.2865510880947113
          },
          {
            "X": 0.27604618668556213,
            "Y": 0.2942926287651062
          },
          {
            "X": 0.2599077522754669,
            "Y": 0.29495787620544434
          }
        ]
      },
      "Id": "a6a3c69d-8e59-4edb-ab9a-f1a7716f2d00",
      "Page": 1
    },
    {
      "BlockType": "WORD",
      "Confidence": 95.81640625,
      "Text": "Visualizações",
      "TextType": "PRINTED",
      "Geometry": {
        "BoundingBox": {
          "Width": 0.07229825109243393,
          "Height": 0.013291098177433014,
          "Left": 0.1388048529624939,
          "Top": 0.3100748658180237
        },
        "Polygon": [
          {
            "X": 0.1388048529624939,
            "Y": 0.3129391372203827
          },
          {
            "X": 0.21104976534843445,
            "Y": 0.3100748658180237
          },
          {
            "X": 0.21110309660434723,
            "Y": 0.32059425115585327
          },
          {
            "X": 0.13888968527317047,
            "Y": 0.3233659565448761
          }
        ]
      },
      "Id": "8dbdc543-d0fc-45c9-b28d-ffdf059cf4e5",
      "Page": 1
    },
    {
      "BlockType": "WORD",
      "Confidence": 99.19622802734375,
      "Text": "integradas",
      "TextType": "PRINTED",
      "Geometry": {
        "BoundingBox": {
          "Width": 0.059967443346977234,
          "Height": 0.012922537513077259,
          "Left": 0.21451346576213837,
          "Top": 0.30717572569847107
        },
        "Polygon": [
          {
            "X": 0.21451346576213837,
            "Y": 0.3095549941062927
          },
          {
            "X": 0.27445563673973083,
            "Y": 0.30717572569847107
          },
          {
            "X": 0.2744809091091156,
            "Y": 0.3177959620952606
          },
          {
            "X": 0.21456535160541534,
            "Y": 0.32009828090667725
          }
        ]
      },
      "Id": "0c0fd280-1e6b-4bff-9b60-ccbf5aa3de8b",
      "Page": 1
    },
    {
      "BlockType": "WORD",
      "Confidence": 99.78699493408203,
      "Text": "Mais",
      "TextType": "PRINTED",
      "Geometry": {
        "BoundingBox": {
          "Width": 0.023709824308753014,
          "Height": 0.008939294144511223,
          "Left": 0.1385892927646637,
          "Top": 0.33291563391685486
        },
        "Polygon": [
          {
            "X": 0.1385892927646637,
            "Y": 0.33379361033439636
          },
          {
            "X": 0.16224133968353271,
            "Y": 0.33291563391685486
          },
          {
            "X": 0.16229912638664246,
            "Y": 0.34100037813186646
          },
          {
            "X": 0.13865502178668976,
            "Y": 0.34185492992401123
          }
        ]
      },
      "Id": "e29cd7a1-fe6e-4da4-84ed-415a840d78be",
      "Page": 1
    },
    {
      "BlockType": "WORD",
      "Confidence": 99.89312744140625,
      "Text": "de",
      "TextType": "PRINTED",
      "Geometry": {
        "BoundingBox": {
          "Width": 0.013280224986374378,
          "Height": 0.009046888910233974,
          "Left": 0.16593070328235626,
          "Top": 0.33191442489624023
        },
        "Polygon": [
          {
            "X": 0.16593070328235626,
            "Y": 0.3324059545993805
          },
          {
            "X": 0.1791558414697647,
            "Y": 0.33191442489624023
          },
          {
            "X": 0.17921093106269836,
            "Y": 0.3404836654663086
          },
          {
            "X": 0.16599051654338837,
            "Y": 0.3409613072872162
          }
        ]
      },
      "Id": "a34f7d69-e3a5-459e-b4b9-2205ae1f6082",
      "Page": 1
    },
    {
      "BlockType": "WORD",
      "Confidence": 99.89643859863281,
      "Text": "300",
      "TextType": "PRINTED",
      "Geometry": {
        "BoundingBox": {
          "Width": 0.021250160411000252,
          "Height": 0.009332545101642609,
          "Left": 0.1826901137828827,
          "Top": 0.33102184534072876
        },
        "Polygon": [
          {
            "X": 0.1826901137828827,
            "Y": 0.3318098187446594
          },
          {
            "X": 0.2038942128419876,
            "Y": 0.33102184534072876
          },
          {
            "X": 0.2039402723312378,
            "Y": 0.3395885229110718
          },
          {
            "X": 0.18274375796318054,
            "Y": 0.34035438299179077
          }
        ]
      },
      "Id": "360b62c7-fef2-44e5-a234-86128aaee116",
      "Page": 1
    },
    {
      "BlockType": "WORD",
      "Confidence": 94.29558563232422,
      "Text": "transformações",
      "TextType": "PRINTED",
      "Geometry": {
        "BoundingBox": {
          "Width": 0.08954668045043945,
          "Height": 0.01407784502953291,
          "Left": 0.20722843706607819,
          "Top": 0.32726362347602844
        },
        "Polygon": [
          {
            "X": 0.20722843706607819,
            "Y": 0.3305940330028534
          },
          {
            "X": 0.29675954580307007,
            "Y": 0.32726362347602844
          },
          {
            "X": 0.29677513241767883,
            "Y": 0.3381282091140747
          },
          {
            "X": 0.20728471875190735,
            "Y": 0.34134146571159363
          }
        ]
      },
      "Id": "48ebc683-e498-406c-bfb0-abc5a1038971",
      "Page": 1
    }
  ],
  "DetectDocumentTextModelVersion": "1.0"
}