{
  "DocumentMetadata": {
    "Pages": 1
  },
  "JobStatus": "SUCCEEDED",
  "Blocks": [
    {
      "BlockType": "PAGE",
      "Geometry": {
        "BoundingBox": {
          "Width": 0.8382530808448792,
          "Height": 0.6712912321090698,
          "Left": 0.0038129279855638742,
          "Top": 0.02469697594642639
        },
        "Polygon": [
          {
            "X": 0.0062216841615736485,
            "Y": 0.05598335340619087
          },
          {
            "X": 0.8420660495758057,
            "Y": 0.02469697594642639
          },
          {
            "X": 0.8291466236114502,
            "Y": 0.6957881450653076
          },
          {
            "X": 0.0038129279855638742,
            "Y": 0.6959882378578186
          }
        ]
      },
      "Id": "e6202a8a-99b5-4029-a8c1-ed2fc0b89b4f",
      "Relationships": [
        {
          "Type": "CHILD",
          "Ids": [
            "56767abb-44b1-4b0c-a26d-d00651cc9e83",
            "6e57975d-7333-4d42-a6f4-4a0782916130",
            "f27869fc-4cfc-4169-a1eb-bebb3d05a1d8",
            "352abb20-2538-4f2b-a2b8-bbf7a0dca593",
            "e84cb9ed-a797-44f1-b45f-add6c8842472",
            "361a2ea5-065d-44d9-85e1-f9412b7c8e01",
            "64ea0ef4-acf8-4206-bdf4-3431c729366f",
            "15255b39-b44b-4edb-880e-bc771566ada8",
            "18e2da30-8d61-4fe8-bb59-459fa3f8de3e",
            "8151e1b7-e812-4683-b2c2-0859ab80d7cc",
            "3de3a0e1-3e8d-4e43-b92f-640a341b0f45",
            "976cfcdf-5e44-41f9-bc90-31e3c3fe1c96",
            "0cc4b397-222d-430e-a070-4518c65b7998",
            "75b3bd62-a764-413c-b364-bbdbb1403dc3",
            "b92cdc7d-072e-4bd0-9a28-eed77a6cd1eb",
            "59e9687e-a442-4b19-bd18-997d34d09af2",
            "9f967e07-a2f0-42ea-95a3-7b6696582acc",
            "4da5ef78-e6e4-47ae-9a83-617bae6b55c6",
            "980187d1-b55e-423e-b3aa-3050eab41a34"
          ]
        }
      ],
      "Page": 1
    },
    {
      "BlockType": "LINE",
      "Confidence": 98.03144073486328,
      "Text": "Vários agentes Amazon Bedrock",
      "Geometry": {
        "BoundingBox": {
          "Width": 0.5241245031356812,
          "Height": 0.06003542244434357,
          "Left": 0.10769862681627274,
          "Top": 0.16048775613307953
        },
        "Polygon": [
          {
            "X": 0.10794882476329803,
            "Y": 0.17633941769599915
          },
          {
            "X": 0.6318231821060181,
            "Y": 0.16048775613307953
          },
          {
            "X": 0.6311222314834595,
            "Y": 0.20602086186408997
          },
          {
            "X": 0.10769862681627274,
            "Y": 0.2205231785774231
          }
        ]
      },
      "Id": "56767abb-44b1-4b0c-a26d-d00651cc9e83",
      "Relationships": [
        {
          "Type": "CHILD",
          "Ids": [
            "4bd87075-66a8-4b92-b257-dd78882458e5",
            "56c0a638-108e-4a6c-a4ac-39b727e4ee36",
            "7f0aa540-2325-422e-b215-3751d08a7eb2",
            "f68a8dc0-a4ae-42cd-ab65-cc3d309c301d"
          ]
        }
      ],
      "Page": 1
    },
    {
      "BlockType": "LINE",
      "Confidence": 90.68449401855469,
      "Text": "Propósito",
      "Geometry": {
        "BoundingBox": {
          "Width": 0.05617920309305191,
          "Height": 0.012613879516720772,
          "Left": 0.3218547999858856,
          "Top": 0.238999143242836
        },
        "Polygon": [
          {
            "X": 0.3219623565673828,
            "Y": 0.24046988785266876
          },
          {
            "X": 0.37803399562835693,
            "Y": 0.238999143242836
          },
          {
            "X": 0.3779144585132599,
            "Y": 0.2501782178878784
          },
          {
            "X": 0.3218547999858856,
            "Y": 0.2516130208969116
          }
        ]
      },
      "Id": "6e57975d-7333-4d42-a6f4-4a0782916130",
      "Relationships": [
        {
          "Type": "CHILD",
          "Ids": [
            "45e054b1-fe1e-4477-8fe8-05f3e10fdbb3"
          ]
        }
      ],
      "Page": 1
    },
    {
      "BlockType": "LINE",
      "Confidence": 99.70579528808594,
      "Text": "Nome do agente",
      "Geometry": {
        "BoundingBox": {
          "Width": 0.08783888071775436,
          "Height": 0.01315914187580347,
          "Left": 0.14160674810409546,
          "Top": 0.24956433475017548
        },
        "Polygon": [
          {
            "X": 0.14167533814907074,
            "Y": 0.2518329620361328
          },
          {
            "X": 0.22944563627243042,
            "Y": 0.24956433475017548
          },
          {
            "X": 0.22935882210731506,
            "Y": 0.2605104148387909
          },
          {
            "X": 0.14160674810409546,
            "Y": 0.26272347569465637
          }
        ]
      },
      "Id": "f27869fc-4cfc-4169-a1eb-bebb3d05a1d8",
      "Relationships": [
        {
          "Type": "CHILD",
          "Ids": [
            "2569e54c-1e2b-45c9-8db5-4f27cbb8a10f",
            "5a476e64-6d22-4337-a1f2-d7af0da5f8f8",
            "4e151baa-ce7e-41b2-b831-357e2468a942"
          ]
        }
      ],
      "Page": 1
    },
    {
      "BlockType": "LINE",
      "Confidence": 97.5374755859375,
      "Text": "Orquestrar a interação com cliente e atender suas",
      "Geometry": {
        "BoundingBox": {
          "Width": 0.31246161460876465,
          "Height": 0.026875436305999756,
          "Left": 0.3348972797393799,
          "Top": 0.24793609976768494
        },
        "Polygon": [
          {
            "X": 0.3350850045681,
            "Y": 0.2558470666408539
          },
          {
            "X": 0.6473588943481445,
            "Y": 0.24793609976768494
          },
          {
            "X": 0.6470556259155273,
            "Y": 0.267240971326828
          },
          {
            "X": 0.3348972797393799,
            "Y": 0.2748115360736847
          }
        ]
      },
      "Id": "352abb20-2538-4f2b-a2b8-bbf7a0dca593",
      "Relationships": [
        {
          "Type": "CHILD",
          "Ids": [
            "02716175-462e-46fc-b312-89fe25178852",
            "fa631e7c-d4f7-488c-b9ba-e26aae0cfdca",
            "ad80a227-34cd-49ff-b8fa-5d7954578e6a",
            "e6b0978b-b4ac-43a9-88b1-95cfa1d34e38",
            "28a54a83-6a62-4c06-b302-10b1e48b21bc",
            "3cf85783-2068-44eb-85cb-4059c18baed9",
            "5d0182e0-5bf3-4922-9a0d-a6b36a6d3181",
            "03e051cb-fb22-46a5-abe4-049447dca785"
          ]
        }
      ],
      "Page": 1
    },
    {
      "BlockType": "LINE",
      "Confidence": 99.28182220458984,
      "Text": "Agente Supervisor",
      "Geometry": {
        "BoundingBox": {
          "Width": 0.09959712624549866,
          "Height": 0.014752058312296867,
          "Left": 0.13931085169315338,
          "Top": 0.27783873677253723
        },
        "Polygon": [
          {
            "X": 0.1393880993127823,
            "Y": 0.2802483141422272
          },
          {
            "X": 0.23890796303749084,
            "Y": 0.27783873677253723
          },
          {
            "X": 0.23880727589130402,
            "Y": 0.29025253653526306
          },
          {
            "X": 0.13931085169315338,
            "Y": 0.29259079694747925
          }
        ]
      },
      "Id": "e84cb9ed-a797-44f1-b45f-add6c8842472",
      "Relationships": [
        {
          "Type": "CHILD",
          "Ids": [
            "35401923-bf22-44fb-8968-f2e6fc9f66c0",
            "e17f960d-66ff-4b3d-90e0-56052b5971da"
          ]
        }
      ],
      "Page": 1
    },
    {
      "BlockType": "LINE",
      "Confidence": 99.0881118774414,
      "Text": "demandas",
      "Geometry": {
        "BoundingBox": {
          "Width": 0.06100815162062645,
          "Height": 0.010843928903341293,
          "Left": 0.33384138345718384,
          "Top": 0.2742949426174164
        },
        "Polygon": [
          {
            "X": 0.3339339792728424,
            "Y": 0.27576905488967896
          },
          {
            "X": 0.3948495388031006,
            "Y": 0.2742949426174164
          },
          {
            "X": 0.39474597573280334,
            "Y": 0.28369757533073425
          },
          {
            "X": 0.33384138345718384,
            "Y": 0.285138875246048
          }
        ]
      },
      "Id": "361a2ea5-065d-44d9-85e1-f9412b7c8e01",
      "Relationships": [
        {
          "Type": "CHILD",
          "Ids": [
            "3b004f28-baf3-46b9-9273-aa927ec86d0b"
          ]
        }
      ],
      "Page": 1
    },
    {
      "BlockType": "LINE",
      "Confidence": 96.93335723876953,
      "Text": "ce",
      "Geometry": {
        "BoundingBox": {
          "Width": 0.018684018403291702,
          "Height": 0.01145613007247448,
          "Left": 0.005263234954327345,
          "Top": 0.29918649792671204
        },
        "Polygon": [
          {
            "X": 0.005304718855768442,
            "Y": 0.2996204197406769
          },
          {
            "X": 0.023947253823280334,
            "Y": 0.29918649792671204
          },
          {
            "X": 0.023901892825961113,
            "Y": 0.31022074818611145
          },
          {
            "X": 0.005263234954327345,
            "Y": 0.31064262986183167
          }
        ]
      },
      "Id": "64ea0ef4-acf8-4206-bdf4-3431c729366f",
      "Relationships": [
        {
          "Type": "CHILD",
          "Ids": [
            "ab69045b-063d-4090-aeec-aed6159aaedc"
          ]
        }
      ],
      "Page": 1
    },
    {
      "BlockType": "LINE",
      "Confidence": 98.63993835449219,
      "Text": "Agente de Finanças Pessoais",
      "Geometry": {
        "BoundingBox": {
          "Width": 0.15533241629600525,
          "Height": 0.016586430370807648,
          "Left": 0.13643556833267212,
          "Top": 0.30705875158309937
        },
        "Polygon": [
          {
            "X": 0.13651689887046814,
            "Y": 0.3105470836162567
          },
          {
            "X": 0.29176798462867737,
            "Y": 0.30705875158309937
          },
          {
            "X": 0.29164770245552063,
            "Y": 0.3202749490737915
          },
          {
            "X": 0.13643556833267212,
            "Y": 0.3236451745033264
          }
        ]
      },
      "Id": "15255b39-b44b-4edb-880e-bc771566ada8",
      "Relationships": [
        {
          "Type": "CHILD",
          "Ids": [
            "352ce12d-50b5-479b-b63b-8751fd86560e",
            "4fe05aeb-326c-4475-bd62-4f31dc64bc68",
            "9d57dc56-226e-40b6-a308-cd189b7815dd",
            "d485d5c2-0f97-4cc7-847d-84c241289e1f"
          ]
        }
      ],
      "Page": 1
    },
    {
      "BlockType": "LINE",
      "Confidence": 99.03207397460938,
      "Text": "Analisar gastos no cartão de crédito",
      "Geometry": {
        "BoundingBox": {
          "Width": 0.22151575982570648,
          "Height": 0.01976863294839859,
          "Left": 0.33118000626564026,
          "Top": 0.29980847239494324
        },
        "Polygon": [
          {
            "X": 0.33132538199424744,
            "Y": 0.3047997057437897
          },
          {
            "X": 0.5526957511901855,
            "Y": 0.29980847239494324
          },
          {
            "X": 0.5524868369102478,
            "Y": 0.3147737383842468
          },
          {
            "X": 0.33118000626564026,
            "Y": 0.31957709789276123
          }
        ]
      },
      "Id": "18e2da30-8d61-4fe8-bb59-459fa3f8de3e",
      "Relationships": [
        {
          "Type": "CHILD",
          "Ids": [
            "8e517c9e-52dc-416a-b19d-e0c764e99c4e",
            "cb32f29b-2c80-40b7-9185-e03a1c8e453f",
            "48b5a32f-8360-41bd-a92f-612d90fe5b06",
            "4c48fa9e-bf83-49b2-80c6-d8f9aad36362",
            "a9e54679-da5b-467d-9c00-2bfd8d630b02",
            "cf59c3f2-e4b9-4133-a3d7-4d32a426fe63"
          ]
        }
      ],
      "Page": 1
    },
    {
      "BlockType": "LINE",
      "Confidence": 98.99833679199219,
      "Text": "(Personal Finances)",
      "Geometry": {
        "BoundingBox": {
          "Width": 0.10451645404100418,
          "Height": 0.012963328510522842,
          "Left": 0.13606281578540802,
          "Top": 0.32127538323402405
        },
        "Polygon": [
          {
            "X": 0.13612915575504303,
            "Y": 0.3235440254211426
          },
          {
            "X": 0.2405792623758316,
            "Y": 0.32127538323402405
          },
          {
            "X": 0.240491583943367,
            "Y": 0.3320349156856537
          },
          {
            "X": 0.13606281578540802,
            "Y": 0.3342387080192566
          }
        ]
      },
      "Id": "8151e1b7-e812-4683-b2c2-0859ab80d7cc",
      "Relationships": [
        {
          "Type": "CHILD",
          "Ids": [
            "4e14b5da-2515-4302-b950-adbed7177ded",
            "dc40d5fd-7afe-45f3-95d1-c6cd051c0bf8"
          ]
        }
      ],
      "Page": 1
    },
    {
      "BlockType": "LINE",
      "Confidence": 98.78673553466797,
      "Text": "Agente de Empréstimos",
      "Geometry": {
        "BoundingBox": {
          "Width": 0.13137638568878174,
          "Height": 0.014554822817444801,
          "Left": 0.1322030872106552,
          "Top": 0.3465140759944916
        },
        "Polygon": [
          {
            "X": 0.13227605819702148,
            "Y": 0.3491725027561188
          },
          {
            "X": 0.26357945799827576,
            "Y": 0.3465140759944916
          },
          {
            "X": 0.26347658038139343,
            "Y": 0.3585011661052704
          },
          {
            "X": 0.1322030872106552,
            "Y": 0.3610689043998718
          }
        ]
      },
      "Id": "3de3a0e1-3e8d-4e43-b92f-640a341b0f45",
      "Relationships": [
        {
          "Type": "CHILD",
          "Ids": [
            "e5e4e387-d88d-4262-ba7a-af2f30b96d74",
            "686dc323-642c-48df-92e1-73118b3a2de8",
            "b52b7f55-996d-4be8-b269-ce3802de67b5"
          ]
        }
      ],
      "Page": 1
    },
    {
      "BlockType": "LINE",
      "Confidence": 99.28176879882812,
      "Text": "Assessorar clientes quanto a produtos de empréstimos",
      "Geometry": {
        "BoundingBox": {
          "Width": 0.3493819832801819,
          "Height": 0.022833937779068947,
          "Left": 0.32911595702171326,
          "Top": 0.3360902965068817
        },
        "Polygon": [
          {
            "X": 0.3292701542377472,
            "Y": 0.3432003855705261
          },
          {
            "X": 0.6784979701042175,
            "Y": 0.3360902965068817
          },
          {
            "X": 0.6782363057136536,
            "Y": 0.35212934017181396
          },
          {
            "X": 0.32911595702171326,
            "Y": 0.3589242100715637
          }
        ]
      },
      "Id": "976cfcdf-5e44-41f9-bc90-31e3c3fe1c96",
      "Relationships": [
        {
          "Type": "CHILD",
          "Ids": [
            "52191646-1f34-4b27-84de-b95f7d3abd03",
            "ba75e279-88bf-4bfc-b816-946deb498cea",
            "05689759-2645-47ab-aefb-fcd4ee9ed456",
            "b77ebed8-35cc-4785-8c8c-a024296fc0ce",
            "212ce4d0-78af-4e39-a083-f9d048623a29",
            "4e9eca15-164a-4391-bf83-d0167662d8d3",
            "40e4e161-ec69-4488-80cf-d5c63b420616"
          ]
        }
      ],
      "Page": 1
    },
    {
      "BlockType": "LINE",
      "Confidence": 99.924072265625,
      "Text": "(Loans)",
      "Geometry": {
        "BoundingBox": {
          "Width": 0.038610052317380905,
          "Height": 0.010442359372973442,
          "Left": 0.13220959901809692,
          "Top": 0.36132943630218506
        },
        "Polygon": [
          {
            "X": 0.13226905465126038,
            "Y": 0.36208122968673706
          },
          {
            "X": 0.17081964015960693,
            "Y": 0.36132943630218506
          },
          {
            "X": 0.17075307667255402,
            "Y": 0.3710416853427887
          },
          {
            "X": 0.13220959901809692,
            "Y": 0.37177181243896484
          }
        ]
      },
      "Id": "0cc4b397-222d-430e-a070-4518c65b7998",
      "Relationships": [
        {
          "Type": "CHILD",
          "Ids": [
            "38479766-6cca-4c30-bb4f-01d2865c219f"
          ]
        }
      ],
      "Page": 1
    },
    {
      "BlockType": "LINE",
      "Confidence": 99.75572967529297,
      "Text": "Agente de Hipoteca",
      "Geometry": {
        "BoundingBox": {
          "Width": 0.10817502439022064,
          "Height": 0.01278386265039444,
          "Left": 0.12837548553943634,
          "Top": 0.3860645294189453
        },
        "Polygon": [
          {
            "X": 0.1284412294626236,
            "Y": 0.3880115747451782
          },
          {
            "X": 0.23655050992965698,
            "Y": 0.3860645294189453
          },
          {
            "X": 0.23646235466003418,
            "Y": 0.3969693183898926
          },
          {
            "X": 0.12837548553943634,
            "Y": 0.39884838461875916
          }
        ]
      },
      "Id": "75b3bd62-a764-413c-b364-bbdbb1403dc3",
      "Relationships": [
        {
          "Type": "CHILD",
          "Ids": [
            "74538937-1bab-4839-96fb-8f20e14c25a1",
            "42a6842d-6416-4999-81fb-4359cebb45b6",
            "6c7c49af-68d5-4598-8b77-cacf4ed1cfb4"
          ]
        }
      ],
      "Page": 1
    },
    {
      "BlockType": "LINE",
      "Confidence": 98.82429504394531,
      "Text": "Fornecer assistência para assuntos de hipoteca",
      "Geometry": {
        "BoundingBox": {
          "Width": 0.29430413246154785,
          "Height": 0.017917390912771225,
          "Left": 0.32758525013923645,
          "Top": 0.3812427222728729
        },
        "Polygon": [
          {
            "X": 0.3277090787887573,
            "Y": 0.38650596141815186
          },
          {
            "X": 0.6218893527984619,
            "Y": 0.3812427222728729
          },
          {
            "X": 0.6216928362846375,
            "Y": 0.39411044120788574
          },
          {
            "X": 0.32758525013923645,
            "Y": 0.39916011691093445
          }
        ]
      },
      "Id": "b92cdc7d-072e-4bd0-9a28-eed77a6cd1eb",
      "Relationships": [
        {
          "Type": "CHILD",
          "Ids": [
            "8afc6a64-16f7-4436-afc1-8fd3eda510b1",
            "b71c8d15-541e-4404-8358-465b3fb1143d",
            "cbb8e4c5-5293-46cc-97ef-6368cd696868",
            "fb7fc583-168f-45b4-a199-82e4552b1b0f",
            "30bf2f52-8f1d-4136-a6df-31303da73a06",
            "5a394c27-53fe-4958-8213-2c8f96fa2a2d"
          ]
        }
      ],
      "Page": 1
    },
    {
      "BlockType": "LINE",
      "Confidence": 97.92276763916016,
      "Text": "(Mortgage)",
      "Geometry": {
        "BoundingBox": {
          "Width": 0.05980437994003296,
          "Height": 0.011354556307196617,
          "Left": 0.12811119854450226,
          "Top": 0.39872705936431885
        },
        "Polygon": [
          {
            "X": 0.12817376852035522,
            "Y": 0.3997625410556793
          },
          {
            "X": 0.18791557848453522,
            "Y": 0.39872705936431885
          },
          {
            "X": 0.1878412365913391,
            "Y": 0.40908193588256836
          },
          {
            "X": 0.12811119854450226,
            "Y": 0.4100816249847412
          }
        ]
      },
      "Id": "59e9687e-a442-4b19-bd18-997d34d09af2",
      "Relationships": [
        {
          "Type": "CHILD",
          "Ids": [
            "c56f3013-bae8-494c-afa2-1974ba583cee"
          ]
        }
      ],
      "Page": 1
    },
    {
      "BlockType": "LINE",
      "Confidence": 97.0755844116211,
      "Text": "Agente de Títulos",
      "Geometry": {
        "BoundingBox": {
          "Width": 0.09752590209245682,
          "Height": 0.011880021542310715,
          "Left": 0.12442167103290558,
          "Top": 0.4250245988368988
        },
        "Polygon": [
          {
            "X": 0.12448369711637497,
            "Y": 0.42656347155570984
          },
          {
            "X": 0.221947580575943,
            "Y": 0.4250245988368988
          },
          {
            "X": 0.22186627984046936,
            "Y": 0.43542417883872986
          },
          {
            "X": 0.12442167103290558,
            "Y": 0.4369046092033386
          }
        ]
      },
      "Id": "9f967e07-a2f0-42ea-95a3-7b6696582acc",
      "Relationships": [
        {
          "Type": "CHILD",
          "Ids": [
            "b41bc564-25dc-4e4a-a2d6-ef1bed2a4a4b",
            "07c8baeb-5989-4c69-ac7e-daa87cde6b5d",
            "ac83d535-c8fa-4cb5-9013-f2438d78ebb2"
          ]
        }
      ],
      "Page": 1
    },
    {
      "BlockType": "LINE",
      "Confidence": 99.22871398925781,
      "Text": "(BondAgent)",
      "Geometry": {
        "BoundingBox": {
          "Width": 0.06929627060890198,
          "Height": 0.011384223587810993,
          "Left": 0.12384385615587234,
          "Top": 0.437176913022995
        },
        "Polygon": [
          {
            "X": 0.12390575557947159,
            "Y": 0.43822354078292847
          },
          {
            "X": 0.19314013421535492,
            "Y": 0.437176913022995
          },
          {
            "X": 0.19306455552577972,
            "Y": 0.4475560486316681
          },
          {
            "X": 0.12384385615587234,
            "Y": 0.4485611617565155
          }
        ]
      },
      "Id": "4da5ef78-e6e4-47ae-9a83-617bae6b55c6",
      "Relationships": [
        {
          "Type": "CHILD",
          "Ids": [
            "0195e6e5-5271-4a58-a190-6627b3be7757"
          ]
        }
      ],
      "Page": 1
    },
    {
      "BlockType": "LINE",
      "Confidence": 98.1826171875,
      "Text": "Realizar simulações de investimentos",
      "Geometry": {
        "BoundingBox": {
          "Width": 0.23345647752285004,
          "Height": 0.015093617141246796,
          "Left": 0.32483628392219543,
          "Top": 0.42528873682022095
        },
        "Polygon": [
          {
            "X": 0.32494813203811646,
            "Y": 0.4288998246192932
          },
          {
            "X": 0.5582927465438843,
            "Y": 0.42528873682022095
          },
          {
            "X": 0.5581287145614624,
            "Y": 0.43692484498023987
          },
          {
            "X": 0.32483628392219543,
            "Y": 0.44038233160972595
          }
        ]
      },
      "Id": "980187d1-b55e-423e-b3aa-3050eab41a34",
      "Relationships": [
        {
          "Type": "CHILD",
          "Ids": [
            "154029d5-d31a-479c-8b65-0eefd33366e8",
            "9fe4cef8-1bf3-4065-9b6b-eceb1577dd37",
            "cc96b25a-de1e-4d9e-b05f-c2f2e27e35ea",
            "86e2dc95-fc32-4ceb-9fea-01a51268c64f"
          ]
        }
      ],
      "Page": 1
    },
    {
      "BlockType": "WORD",
      "Confidence": 93.38972473144531,
      "Text": "Vários",
      "TextType": "PRINTED",
      "Geometry": {
        "BoundingBox": {
          "Width": 0.09507013112306595,
          "Height": 0.023091839626431465,
          "Left": 0.10769862681627274,
          "Top": 0.19743134081363678
        },
        "Polygon": [
          {
            "X": 0.10781385749578476,
            "Y": 0.20017382502555847
          },
          {
            "X": 0.20276875793933868,
            "Y": 0.19743134081363678
          },
          {
            "X": 0.20261678099632263,
            "Y": 0.2178933173418045
          },
          {
            "X": 0.10769862681627274,
            "Y": 0.2205231785774231
          }
        ]
      },
      "Id": "4bd87075-66a8-4b92-b257-dd78882458e5",
      "Page": 1
    },
    {
      "BlockType": "WORD",
      "Confidence": 99.31288146972656,
      "Text": "agentes",
      "TextType": "PRINTED",
      "Geometry": {
        "BoundingBox": {
          "Width": 0.11959195137023926,
          "Height": 0.028885705396533012,
          "Left": 0.22103548049926758,
          "Top": 0.18679022789001465
        },
        "Polygon": [
          {
            "X": 0.22123277187347412,
            "Y": 0.1902838945388794
          },
          {
            "X": 0.34062743186950684,
            "Y": 0.18679022789001465
          },
          {
            "X": 0.3403720557689667,
            "Y": 0.21235781908035278
          },
          {
            "X": 0.22103548049926758,
            "Y": 0.2156759351491928
          }
        ]
      },
      "Id": "56c0a638-108e-4a6c-a4ac-39b727e4ee36",
      "Page": 1
    },
    {
      "BlockType": "WORD",
      "Confidence": 99.72173309326172,
      "Text": "Amazon",
      "TextType": "PRINTED",
      "Geometry": {
        "BoundingBox": {
          "Width": 0.11365488916635513,
          "Height": 0.024349449202418327,
          "Left": 0.35745787620544434,
          "Top": 0.17607299983501434
        },
        "Polygon": [
          {
            "X": 0.35767409205436707,
            "Y": 0.17943668365478516
          },
          {
            "X": 0.47111275792121887,
            "Y": 0.17607299983501434
          },
          {
            "X": 0.4708505868911743,
            "Y": 0.1971956193447113
          },
          {
            "X": 0.35745787620544434,
            "Y": 0.20042245090007782
          }
        ]
      },
      "Id": "7f0aa540-2325-422e-b215-3751d08a7eb2",
      "Page": 1
    },
    {
      "BlockType": "WORD",
      "Confidence": 99.70143127441406,
      "Text": "Bedrock",
      "TextType": "PRINTED",
      "Geometry": {
        "BoundingBox": {
          "Width": 0.13989746570587158,
          "Height": 0.028989676386117935,
          "Left": 0.4919256865978241,
          "Top": 0.16048775613307953
        },
        "Polygon": [
          {
            "X": 0.4922427535057068,
            "Y": 0.16471125185489655
          },
          {
            "X": 0.6318231821060181,
            "Y": 0.16048775613307953
          },
          {
            "X": 0.6314388513565063,
            "Y": 0.18545114994049072
          },
          {
            "X": 0.4919256865978241,
            "Y": 0.18947742879390717
          }
        ]
      },
      "Id": "f68a8dc0-a4ae-42cd-ab65-cc3d309c301d",
      "Page": 1
    },
    {
      "BlockType": "WORD",
      "Confidence": 90.68449401855469,
      "Text": "Propósito",
      "TextType": "PRINTED",
      "Geometry": {
        "BoundingBox": {
          "Width": 0.05617920309305191,
          "Height": 0.012613879516720772,
          "Left": 0.3218547999858856,
          "Top": 0.238999143242836
        },
        "Polygon": [
          {
            "X": 0.3219623565673828,
            "Y": 0.24046988785266876
          },
          {
            "X": 0.37803399562835693,
            "Y": 0.238999143242836
          },
          {
            "X": 0.3779144585132599,
            "Y": 0.2501782178878784
          },
          {
            "X": 0.3218547999858856,
            "Y": 0.2516130208969116
          }
        ]
      },
      "Id": "45e054b1-fe1e-4477-8fe8-05f3e10fdbb3",
      "Page": 1
    },
    {
      "BlockType": "WORD",
      "Confidence": 99.56097412109375,
      "Text": "Nome",
      "TextType": "PRINTED",
      "Geometry": {
        "BoundingBox": {
          "Width": 0.03087240643799305,
          "Height": 0.008890020661056042,
          "Left": 0.14160674810409546,
          "Top": 0.25383344292640686
        },
        "Polygon": [
          {
            "X": 0.141657754778862,
            "Y": 0.254625141620636
          },
          {
            "X": 0.17247916758060455,
            "Y": 0.25383344292640686
          },
          {
            "X": 0.17242340743541718,
            "Y": 0.26194629073143005
          },
          {
            "X": 0.14160674810409546,
            "Y": 0.26272347569465637
          }
        ]
      },
      "Id": "2569e54c-1e2b-45c9-8db5-4f27cbb8a10f",
      "Page": 1
    },
    {
      "BlockType": "WORD",
      "Confidence": 99.83132934570312,
      "Text": "do",
      "TextType": "PRINTED",
      "Geometry": {
        "BoundingBox": {
          "Width": 0.014074769802391529,
          "Height": 0.008757558651268482,
          "Left": 0.17514733970165253,
          "Top": 0.2517108619213104
        },
        "Polygon": [
          {
            "X": 0.17520545423030853,
            "Y": 0.252072274684906
          },
          {
            "X": 0.18922209739685059,
            "Y": 0.2517108619213104
          },
          {
            "X": 0.1891617476940155,
            "Y": 0.2601138651371002
          },
          {
            "X": 0.17514733970165253,
            "Y": 0.26046842336654663
          }
        ]
      },
      "Id": "5a476e64-6d22-4337-a1f2-d7af0da5f8f8",
      "Page": 1
    },
    {
      "BlockType": "WORD",
      "Confidence": 99.72506713867188,
      "Text": "agente",
      "TextType": "PRINTED",
      "Geometry": {
        "BoundingBox": {
          "Width": 0.03783709183335304,
          "Height": 0.01103444118052721,
          "Left": 0.19160854816436768,
          "Top": 0.24956433475017548
        },
        "Polygon": [
          {
            "X": 0.19168125092983246,
            "Y": 0.25054043531417847
          },
          {
            "X": 0.22944563627243042,
            "Y": 0.24956433475017548
          },
          {
            "X": 0.22936569154262543,
            "Y": 0.25964468717575073
          },
          {
            "X": 0.19160854816436768,
            "Y": 0.2605987787246704
          }
        ]
      },
      "Id": "4e151baa-ce7e-41b2-b831-357e2468a942",
      "Page": 1
    },
    {
      "BlockType": "WORD",
      "Confidence": 95.10210418701172,
      "Text": "Orquestrar",
      "TextType": "PRINTED",
      "Geometry": {
        "BoundingBox": {
          "Width": 0.06464527547359467,
          "Height": 0.011919114738702774,
          "Left": 0.3348972797393799,
          "Top": 0.2628924250602722
        },
        "Polygon": [
          {
            "X": 0.3349993824958801,
            "Y": 0.26449570059776306
          },
          {
            "X": 0.39954257011413574,
            "Y": 0.2628924250602722
          },
          {
            "X": 0.3994276225566864,
            "Y": 0.27324652671813965
          },
          {
            "X": 0.3348972797393799,
            "Y": 0.2748115360736847
          }
        ]
      },
      "Id": "02716175-462e-46fc-b312-89fe25178852",
      "Page": 1
    },
    {
      "BlockType": "WORD",
      "Confidence": 99.53392791748047,
      "Text": "a",
      "TextType": "PRINTED",
      "Geometry": {
        "BoundingBox": {
          "Width": 0.007042319513857365,
          "Height": 0.006560408044606447,
          "Left": 0.4024464190006256,
          "Top": 0.26324304938316345
        },
        "Polygon": [
          {
            "X": 0.4025176763534546,
            "Y": 0.26341599225997925
          },
          {
            "X": 0.4094887375831604,
            "Y": 0.26324304938316345
          },
          {
            "X": 0.4094166159629822,
            "Y": 0.26963308453559875
          },
          {
            "X": 0.4024464190006256,
            "Y": 0.2698034644126892
          }
        ]
      },
      "Id": "fa631e7c-d4f7-488c-b9ba-e26aae0cfdca",
      "Page": 1
    },
    {
      "BlockType": "WORD",
      "Confidence": 87.83122253417969,
      "Text": "interação",
      "TextType": "PRINTED",
      "Geometry": {
        "BoundingBox": {
          "Width": 0.05752509832382202,
          "Height": 0.012913603335618973,
          "Left": 0.4130871593952179,
          "Top": 0.25803714990615845
        },
        "Polygon": [
          {
            "X": 0.4132174551486969,
            "Y": 0.25947287678718567
          },
          {
            "X": 0.4706122577190399,
            "Y": 0.25803714990615845
          },
          {
            "X": 0.470469206571579,
            "Y": 0.26955270767211914
          },
          {
            "X": 0.4130871593952179,
            "Y": 0.2709507644176483
          }
        ]
      },
      "Id": "ad80a227-34cd-49ff-b8fa-5d7954578e6a",
      "Page": 1
    },
    {
      "BlockType": "WORD",
      "Confidence": 99.50472259521484,
      "Text": "com",
      "TextType": "PRINTED",
      "Geometry": {
        "BoundingBox": {
          "Width": 0.026402877643704414,
          "Height": 0.008163697086274624,
          "Left": 0.47408291697502136,
          "Top": 0.2573819160461426
        },
        "Polygon": [
          {
            "X": 0.47417664527893066,
            "Y": 0.2580398917198181
          },
          {
            "X": 0.5004857778549194,
            "Y": 0.2573819160461426
          },
          {
            "X": 0.5003882646560669,
            "Y": 0.2648988664150238
          },
          {
            "X": 0.47408291697502136,
            "Y": 0.2655456066131592
          }
        ]
      },
      "Id": "e6b0978b-b4ac-43a9-88b1-95cfa1d34e38",
      "Page": 1
    },
    {
      "BlockType": "WORD",
      "Confidence": 99.49056243896484,
      "Text": "cliente",
      "TextType": "PRINTED",
      "Geometry": {
        "BoundingBox": {
          "Width": 0.04385359212756157,
          "Height": 0.010634491220116615,
          "Left": 0.5042273998260498,
          "Top": 0.2530943751335144
        },
        "Polygon": [
          {
            "X": 0.504351794719696,
            "Y": 0.2541956901550293
          },
          {
            "X": 0.5480810403823853,
            "Y": 0.2530943751335144
          },
          {
            "X": 0.5479485392570496,
            "Y": 0.2626512944698334
          },
          {
            "X": 0.5042273998260498,
            "Y": 0.2637288570404053
          }
        ]
      },
      "Id": "28a54a83-6a62-4c06-b302-10b1e48b21bc",
      "Page": 1
    },
    {
      "BlockType": "WORD",
      "Confidence": 99.37879943847656,
      "Text": "e",
      "TextType": "PRINTED",
      "Geometry": {
        "BoundingBox": {
          "Width": 0.007768551353365183,
          "Height": 0.00708257220685482,
          "Left": 0.5515240430831909,
          "Top": 0.2538720965385437
        },
        "Polygon": [
          {
            "X": 0.5516200065612793,
            "Y": 0.2540648579597473
          },
          {
            "X": 0.5592926144599915,
            "Y": 0.2538720965385437
          },
          {
            "X": 0.5591956377029419,
            "Y": 0.2607648968696594
          },
          {
            "X": 0.5515240430831909,
            "Y": 0.2609546482563019
          }
        ]
      },
      "Id": "3cf85783-2068-44eb-85cb-4059c18baed9",
      "Page": 1
    },
    {
      "BlockType": "WORD",
      "Confidence": 99.88965606689453,
      "Text": "atender",
      "TextType": "PRINTED",
      "Geometry": {
        "BoundingBox": {
          "Width": 0.05238021910190582,
          "Height": 0.011417846195399761,
          "Left": 0.5625414848327637,
          "Top": 0.24875783920288086
        },
        "Polygon": [
          {
            "X": 0.562684178352356,
            "Y": 0.25008121132850647
          },
          {
            "X": 0.6149216890335083,
            "Y": 0.24875783920288086
          },
          {
            "X": 0.6147688031196594,
            "Y": 0.2588822543621063
          },
          {
            "X": 0.5625414848327637,
            "Y": 0.2601757049560547
          }
        ]
      },
      "Id": "5d0182e0-5bf3-4922-9a0d-a6b36a6d3181",
      "Page": 1
    },
    {
      "BlockType": "WORD",
      "Confidence": 99.56881713867188,
      "Text": "suas",
      "TextType": "PRINTED",
      "Geometry": {
        "BoundingBox": {
          "Width": 0.029682887718081474,
          "Height": 0.008242104202508926,
          "Left": 0.6176667809486389,
          "Top": 0.2485228329896927
        },
        "Polygon": [
          {
            "X": 0.6177803874015808,
            "Y": 0.2492709457874298
          },
          {
            "X": 0.6473496556282043,
            "Y": 0.2485228329896927
          },
          {
            "X": 0.6472317576408386,
            "Y": 0.2560293674468994
          },
          {
            "X": 0.6176667809486389,
            "Y": 0.2567649483680725
          }
        ]
      },
      "Id": "03e051cb-fb22-46a5-abe4-049447dca785",
      "Page": 1
    },
    {
      "BlockType": "WORD",
      "Confidence": 99.65492248535156,
      "Text": "Agente",
      "TextType": "PRINTED",
      "Geometry": {
        "BoundingBox": {
          "Width": 0.03833558410406113,
          "Height": 0.010827932506799698,
          "Left": 0.13931085169315338,
          "Top": 0.28176283836364746
        },
        "Polygon": [
          {
            "X": 0.13937285542488098,
            "Y": 0.28268417716026306
          },
          {
            "X": 0.1776464283466339,
            "Y": 0.28176283836364746
          },
          {
            "X": 0.1775772124528885,
            "Y": 0.29169151186943054
          },
          {
            "X": 0.13931085169315338,
            "Y": 0.29259079694747925
          }
        ]
      },
      "Id": "35401923-bf22-44fb-8968-f2e6fc9f66c0",
      "Page": 1
    },
    {
      "BlockType": "WORD",
      "Confidence": 98.90872955322266,
      "Text": "Supervisor",
      "TextType": "PRINTED",
      "Geometry": {
        "BoundingBox": {
          "Width": 0.058624688535928726,
          "Height": 0.012280464172363281,
          "Left": 0.18028327822685242,
          "Top": 0.27783873677253723
        },
        "Polygon": [
          {
            "X": 0.18035955727100372,
            "Y": 0.27925631403923035
          },
          {
            "X": 0.23890796303749084,
            "Y": 0.27783873677253723
          },
          {
            "X": 0.23881955444812775,
            "Y": 0.2887384593486786
          },
          {
            "X": 0.18028327822685242,
            "Y": 0.2901192009449005
          }
        ]
      },
      "Id": "e17f960d-66ff-4b3d-90e0-56052b5971da",
      "Page": 1
    },
    {
      "BlockType": "WORD",
      "Confidence": 99.0881118774414,
      "Text": "demandas",
      "TextType": "PRINTED",
      "Geometry": {
        "BoundingBox": {
          "Width": 0.06100815162062645,
          "Height": 0.010843928903341293,
          "Left": 0.33384138345718384,
          "Top": 0.2742949426174164
        },
        "Polygon": [
          {
            "X": 0.3339339792728424,
            "Y": 0.27576905488967896
          },
          {
            "X": 0.3948495388031006,
            "Y": 0.2742949426174164
          },
          {
            "X": 0.39474597573280334,
            "Y": 0.28369757533073425
          },
          {
            "X": 0.33384138345718384,
            "Y": 0.285138875246048
          }
        ]
      },
      "Id": "3b004f28-baf3-46b9-9273-aa927ec86d0b",
      "Page": 1
    },
    {
      "BlockType": "WORD",
      "Confidence": 96.93335723876953,
      "Text": "ce",
      "TextType": "PRINTED",
      "Geometry": {
        "BoundingBox": {
          "Width": 0.018684018403291702,
          "Height": 0.01145613007247448,
          "Left": 0.005263234954327345,
          "Top": 0.29918649792671204
        },
        "Polygon": [
          {
            "X": 0.005304718855768442,
            "Y": 0.2996204197406769
          },
          {
            "X": 0.023947253823280334,
            "Y": 0.29918649792671204
          },
          {
            "X": 0.023901892825961113,
            "Y": 0.31022074818611145
          },
          {
            "X": 0.005263234954327345,
            "Y": 0.31064262986183167
          }
        ]
      },
      "Id": "ab69045b-063d-4090-aeec-aed6159aaedc",
      "Page": 1
    },
    {
      "BlockType": "WORD",
      "Confidence": 99.72506713867188,
      "Text": "Agente",
      "TextType": "PRINTED",
      "Geometry": {
        "BoundingBox": {
          "Width": 0.038264110684394836,
          "Height": 0.010477667674422264,
          "Left": 0.13643556833267212,
          "Top": 0.3131675124168396
        },
        "Polygon": [
          {
            "X": 0.13649533689022064,
            "Y": 0.31401827931404114
          },
          {
            "X": 0.17469967901706696,
            "Y": 0.3131675124168396
          },
          {
            "X": 0.17463290691375732,
            "Y": 0.32281577587127686
          },
          {
            "X": 0.13643556833267212,
            "Y": 0.3236451745033264
          }
        ]
      },
      "Id": "352ce12d-50b5-479b-b63b-8751fd86560e",
      "Page": 1
    },
    {
      "BlockType": "WORD",
      "Confidence": 99.85491943359375,
      "Text": "de",
      "TextType": "PRINTED",
      "Geometry": {
        "BoundingBox": {
          "Width": 0.013421247713267803,
          "Height": 0.00844542309641838,
          "Left": 0.17757095396518707,
          "Top": 0.31174489855766296
        },
        "Polygon": [
          {
            "X": 0.1776277869939804,
            "Y": 0.31204330921173096
          },
          {
            "X": 0.19099220633506775,
            "Y": 0.31174489855766296
          },
          {
            "X": 0.19093330204486847,
            "Y": 0.31989818811416626
          },
          {
            "X": 0.17757095396518707,
            "Y": 0.32019031047821045
          }
        ]
      },
      "Id": "4fe05aeb-326c-4475-bd62-4f31dc64bc68",
      "Page": 1
    },
    {
      "BlockType": "WORD",
      "Confidence": 97.27545166015625,
      "Text": "Finanças",
      "TextType": "PRINTED",
      "Geometry": {
        "BoundingBox": {
          "Width": 0.048112157732248306,
          "Height": 0.011327286250889301,
          "Left": 0.1937125325202942,
          "Top": 0.30953681468963623
        },
        "Polygon": [
          {
            "X": 0.1937871277332306,
            "Y": 0.31061244010925293
          },
          {
            "X": 0.2418246865272522,
            "Y": 0.30953681468963623
          },
          {
            "X": 0.24174068868160248,
            "Y": 0.3198169767856598
          },
          {
            "X": 0.1937125325202942,
            "Y": 0.32086408138275146
          }
        ]
      },
      "Id": "9d57dc56-226e-40b6-a308-cd189b7815dd",
      "Page": 1
    },
    {
      "BlockType": "WORD",
      "Confidence": 97.70433807373047,
      "Text": "Pessoais",
      "TextType": "PRINTED",
      "Geometry": {
        "BoundingBox": {
          "Width": 0.04706732928752899,
          "Height": 0.009712569415569305,
          "Left": 0.24470065534114838,
          "Top": 0.30705875158309937
        },
        "Polygon": [
          {
            "X": 0.24477185308933258,
            "Y": 0.3081147074699402
          },
          {
            "X": 0.29176798462867737,
            "Y": 0.30705875158309937
          },
          {
            "X": 0.2916889786720276,
            "Y": 0.31573885679244995
          },
          {
            "X": 0.24470065534114838,
            "Y": 0.31677132844924927
          }
        ]
      },
      "Id": "d485d5c2-0f97-4cc7-847d-84c241289e1f",
      "Page": 1
    },
    {
      "BlockType": "WORD",
      "Confidence": 99.74690246582031,
      "Text": "Analisar",
      "TextType": "PRINTED",
      "Geometry": {
        "BoundingBox": {
          "Width": 0.04952254146337509,
          "Height": 0.010284642688930035,
          "Left": 0.33118656277656555,
          "Top": 0.30862540006637573
        },
        "Polygon": [
          {
            "X": 0.33127692341804504,
            "Y": 0.3097260594367981
          },
          {
            "X": 0.38070911169052124,
            "Y": 0.30862540006637573
          },
          {
            "X": 0.38061004877090454,
            "Y": 0.3178354501724243
          },
          {
            "X": 0.33118656277656555,
            "Y": 0.31891003251075745
          }
        ]
      },
      "Id": "8e517c9e-52dc-416a-b19d-e0c764e99c4e",
      "Page": 1
    },
    {
      "BlockType": "WORD",
      "Confidence": 99.25822448730469,
      "Text": "gastos",
      "TextType": "PRINTED",
      "Geometry": {
        "BoundingBox": {
          "Width": 0.03942307084798813,
          "Height": 0.011142890900373459,
          "Left": 0.38332390785217285,
          "Top": 0.30730244517326355
        },
        "Polygon": [
          {
            "X": 0.38343486189842224,
            "Y": 0.3081786334514618
          },
          {
            "X": 0.4227469563484192,
            "Y": 0.30730244517326355
          },
          {
            "X": 0.4226282238960266,
            "Y": 0.3175922632217407
          },
          {
            "X": 0.38332390785217285,
            "Y": 0.3184453248977661
          }
        ]
      },
      "Id": "cb32f29b-2c80-40b7-9185-e03a1c8e453f",
      "Page": 1
    },
    {
      "BlockType": "WORD",
      "Confidence": 99.09854888916016,
      "Text": "no",
      "TextType": "PRINTED",
      "Geometry": {
        "BoundingBox": {
          "Width": 0.015413131564855576,
          "Height": 0.007099241483956575,
          "Left": 0.42631080746650696,
          "Top": 0.3075380325317383
        },
        "Polygon": [
          {
            "X": 0.42638924717903137,
            "Y": 0.3078792691230774
          },
          {
            "X": 0.44172394275665283,
            "Y": 0.3075380325317383
          },
          {
            "X": 0.44164347648620605,
            "Y": 0.314301997423172
          },
          {
            "X": 0.42631080746650696,
            "Y": 0.31463727355003357
          }
        ]
      },
      "Id": "48b5a32f-8360-41bd-a92f-612d90fe5b06",
      "Page": 1
    },
    {
      "BlockType": "WORD",
      "Confidence": 98.08158111572266,
      "Text": "cartão",
      "TextType": "PRINTED",
      "Geometry": {
        "BoundingBox": {
          "Width": 0.03941948339343071,
          "Height": 0.010595056228339672,
          "Left": 0.44535914063453674,
          "Top": 0.3034173250198364
        },
        "Polygon": [
          {
            "X": 0.44547536969184875,
            "Y": 0.30429887771606445
          },
          {
            "X": 0.48477864265441895,
            "Y": 0.3034173250198364
          },
          {
            "X": 0.4846550226211548,
            "Y": 0.31315261125564575
          },
          {
            "X": 0.44535914063453674,
            "Y": 0.3140123784542084
          }
        ]
      },
      "Id": "4c48fa9e-bf83-49b2-80c6-d8f9aad36362",
      "Page": 1
    },
    {
      "BlockType": "WORD",
      "Confidence": 99.844482421875,
      "Text": "de",
      "TextType": "PRINTED",
      "Geometry": {
        "BoundingBox": {
          "Width": 0.01581514999270439,
          "Height": 0.009545409120619297,
          "Left": 0.4882446527481079,
          "Top": 0.30223140120506287
        },
        "Polygon": [
          {
            "X": 0.48836198449134827,
            "Y": 0.302584171295166
          },
          {
            "X": 0.5040597915649414,
            "Y": 0.30223140120506287
          },
          {
            "X": 0.503939688205719,
            "Y": 0.31143227219581604
          },
          {
            "X": 0.4882446527481079,
            "Y": 0.3117768168449402
          }
        ]
      },
      "Id": "a9e54679-da5b-467d-9c00-2bfd8d630b02",
      "Page": 1
    },
    {
      "BlockType": "WORD",
      "Confidence": 98.16271209716797,
      "Text": "crédito",
      "TextType": "PRINTED",
      "Geometry": {
        "BoundingBox": {
          "Width": 0.04540247470140457,
          "Height": 0.011094198562204838,
          "Left": 0.5072932839393616,
          "Top": 0.29980847239494324
        },
        "Polygon": [
          {
            "X": 0.5074254274368286,
            "Y": 0.3008291721343994
          },
          {
            "X": 0.5526957511901855,
            "Y": 0.29980847239494324
          },
          {
            "X": 0.5525547862052917,
            "Y": 0.3099078834056854
          },
          {
            "X": 0.5072932839393616,
            "Y": 0.3109026551246643
          }
        ]
      },
      "Id": "cf59c3f2-e4b9-4133-a3d7-4d32a426fe63",
      "Page": 1
    },
    {
      "BlockType": "WORD",
      "Confidence": 99.3317642211914,
      "Text": "(Personal",
      "TextType": "PRINTED",
      "Geometry": {
        "BoundingBox": {
          "Width": 0.049947019666433334,
          "Height": 0.011093481443822384,
          "Left": 0.13606281578540802,
          "Top": 0.32314521074295044
        },
        "Polygon": [
          {
            "X": 0.13612492382526398,
            "Y": 0.3242267370223999
          },
          {
            "X": 0.18600983917713165,
            "Y": 0.32314521074295044
          },
          {
            "X": 0.18593822419643402,
            "Y": 0.33318617939949036
          },
          {
            "X": 0.13606281578540802,
            "Y": 0.3342387080192566
          }
        ]
      },
      "Id": "4e14b5da-2515-4302-b950-adbed7177ded",
      "Page": 1
    },
    {
      "BlockType": "WORD",
      "Confidence": 98.6649169921875,
      "Text": "Finances)",
      "TextType": "PRINTED",
      "Geometry": {
        "BoundingBox": {
          "Width": 0.05127118155360222,
          "Height": 0.009799124673008919,
          "Left": 0.18930809199810028,
          "Top": 0.32127538323402405
        },
        "Polygon": [
          {
            "X": 0.18937058746814728,
            "Y": 0.32238760590553284
          },
          {
            "X": 0.2405792623758316,
            "Y": 0.32127538323402405
          },
          {
            "X": 0.2405082732439041,
            "Y": 0.3299880027770996
          },
          {
            "X": 0.18930809199810028,
            "Y": 0.3310745060443878
          }
        ]
      },
      "Id": "dc40d5fd-7afe-45f3-95d1-c6cd051c0bf8",
      "Page": 1
    },
    {
      "BlockType": "WORD",
      "Confidence": 99.66170501708984,
      "Text": "Agente",
      "TextType": "PRINTED",
      "Geometry": {
        "BoundingBox": {
          "Width": 0.03909541293978691,
          "Height": 0.010506972670555115,
          "Left": 0.1322030872106552,
          "Top": 0.3505619466304779
        },
        "Polygon": [
          {
            "X": 0.132262721657753,
            "Y": 0.3513473868370056
          },
          {
            "X": 0.17129848897457123,
            "Y": 0.3505619466304779
          },
          {
            "X": 0.17123162746429443,
            "Y": 0.360305517911911
          },
          {
            "X": 0.1322030872106552,
            "Y": 0.3610689043998718
          }
        ]
      },
      "Id": "e5e4e387-d88d-4262-ba7a-af2f30b96d74",
      "Page": 1
    },
    {
      "BlockType": "WORD",
      "Confidence": 99.83013153076172,
      "Text": "de",
      "TextType": "PRINTED",
      "Geometry": {
        "BoundingBox": {
          "Width": 0.013419321738183498,
          "Height": 0.008495721034705639,
          "Left": 0.17405016720294952,
          "Top": 0.34938037395477295
        },
        "Polygon": [
          {
            "X": 0.17410704493522644,
            "Y": 0.34964990615844727
          },
          {
            "X": 0.187469482421875,
            "Y": 0.34938037395477295
          },
          {
            "X": 0.18741051852703094,
            "Y": 0.3576129674911499
          },
          {
            "X": 0.17405016720294952,
            "Y": 0.35787612199783325
          }
        ]
      },
      "Id": "686dc323-642c-48df-92e1-73118b3a2de8",
      "Page": 1
    },
    {
      "BlockType": "WORD",
      "Confidence": 96.86837005615234,
      "Text": "Empréstimos",
      "TextType": "PRINTED",
      "Geometry": {
        "BoundingBox": {
          "Width": 0.07310833781957626,
          "Height": 0.012203590013086796,
          "Left": 0.1904711276292801,
          "Top": 0.3465140759944916
        },
        "Polygon": [
          {
            "X": 0.19054856896400452,
            "Y": 0.3479926884174347
          },
          {
            "X": 0.26357945799827576,
            "Y": 0.3465140759944916
          },
          {
            "X": 0.2634870409965515,
            "Y": 0.35728439688682556
          },
          {
            "X": 0.1904711276292801,
            "Y": 0.358717679977417
          }
        ]
      },
      "Id": "b52b7f55-996d-4be8-b269-ce3802de67b5",
      "Page": 1
    },
    {
      "BlockType": "WORD",
      "Confidence": 99.20121765136719,
      "Text": "Assessorar",
      "TextType": "PRINTED",
      "Geometry": {
        "BoundingBox": {
          "Width": 0.06357730180025101,
          "Height": 0.009886263869702816,
          "Left": 0.3291212022304535,
          "Top": 0.34850311279296875
        },
        "Polygon": [
          {
            "X": 0.329205721616745,
            "Y": 0.34977200627326965
          },
          {
            "X": 0.3926984965801239,
            "Y": 0.34850311279296875
          },
          {
            "X": 0.39260345697402954,
            "Y": 0.35715189576148987
          },
          {
            "X": 0.3291212022304535,
            "Y": 0.35838937759399414
          }
        ]
      },
      "Id": "52191646-1f34-4b27-84de-b95f7d3abd03",
      "Page": 1
    },
    {
      "BlockType": "WORD",
      "Confidence": 99.3805923461914,
      "Text": "clientes",
      "TextType": "PRINTED",
      "Geometry": {
        "BoundingBox": {
          "Width": 0.04758070036768913,
          "Height": 0.010212516412138939,
          "Left": 0.3957373797893524,
          "Top": 0.3461068868637085
        },
        "Polygon": [
          {
            "X": 0.3958396911621094,
            "Y": 0.3470594584941864
          },
          {
            "X": 0.44331809878349304,
            "Y": 0.3461068868637085
          },
          {
            "X": 0.4432072937488556,
            "Y": 0.3553919792175293
          },
          {
            "X": 0.3957373797893524,
            "Y": 0.356319397687912
          }
        ]
      },
      "Id": "ba75e279-88bf-4bfc-b816-946deb498cea",
      "Page": 1
    },
    {
      "BlockType": "WORD",
      "Confidence": 99.71099090576172,
      "Text": "quanto",
      "TextType": "PRINTED",
      "Geometry": {
        "BoundingBox": {
          "Width": 0.043689388781785965,
          "Height": 0.010739906691014767,
          "Left": 0.4470566511154175,
          "Top": 0.3458888530731201
        },
        "Polygon": [
          {
            "X": 0.44717511534690857,
            "Y": 0.34676122665405273
          },
          {
            "X": 0.49074605107307434,
            "Y": 0.3458888530731201
          },
          {
            "X": 0.4906192421913147,
            "Y": 0.3557808995246887
          },
          {
            "X": 0.4470566511154175,
            "Y": 0.35662877559661865
          }
        ]
      },
      "Id": "05689759-2645-47ab-aefb-fcd4ee9ed456",
      "Page": 1
    },
    {
      "BlockType": "WORD",
      "Confidence": 99.58434295654297,
      "Text": "a",
      "TextType": "PRINTED",
      "Geometry": {
        "BoundingBox": {
          "Width": 0.0072869593277573586,
          "Height": 0.00691696023568511,
          "Left": 0.495011568069458,
          "Top": 0.3456936180591583
        },
        "Polygon": [
          {
            "X": 0.49509891867637634,
            "Y": 0.3458377718925476
          },
          {
            "X": 0.5022985339164734,
            "Y": 0.3456936180591583
          },
          {
            "X": 0.5022101998329163,
            "Y": 0.35246923565864563
          },
          {
            "X": 0.495011568069458,
            "Y": 0.35261058807373047
          }
        ]
      },
      "Id": "b77ebed8-35cc-4785-8c8c-a024296fc0ce",
      "Page": 1
    },
    {
      "BlockType": "WORD",
      "Confidence": 99.48571014404297,
      "Text": "produtos",
      "TextType": "PRINTED",
      "Geometry": {
        "BoundingBox": {
          "Width": 0.05941806733608246,
          "Height": 0.012802867218852043,
          "Left": 0.5061058402061462,
          "Top": 0.34126192331314087
        },
        "Polygon": [
          {
            "X": 0.506257951259613,
            "Y": 0.34245896339416504
          },
          {
            "X": 0.5655239224433899,
            "Y": 0.34126192331314087
          },
          {
            "X": 0.5653584599494934,
            "Y": 0.35290682315826416
          },
          {
            "X": 0.5061058402061462,
            "Y": 0.35406479239463806
          }
        ]
      },
      "Id": "212ce4d0-78af-4e39-a083-f9d048623a29",
      "Page": 1
    },
    {
      "BlockType": "WORD",
      "Confidence": 99.82789611816406,
      "Text": "de",
      "TextType": "PRINTED",
      "Geometry": {
        "BoundingBox": {
          "Width": 0.016251711174845695,
          "Height": 0.009517976082861423,
          "Left": 0.5688249468803406,
          "Top": 0.34016740322113037
        },
        "Polygon": [
          {
            "X": 0.5689561367034912,
            "Y": 0.34049364924430847
          },
          {
            "X": 0.5850766897201538,
            "Y": 0.34016740322113037
          },
          {
            "X": 0.5849425792694092,
            "Y": 0.34936752915382385
          },
          {
            "X": 0.5688249468803406,
            "Y": 0.3496853709220886
          }
        ]
      },
      "Id": "4e9eca15-164a-4391-bf83-d0167662d8d3",
      "Page": 1
    },
    {
      "BlockType": "WORD",
      "Confidence": 97.7816390991211,
      "Text": "empréstimos",
      "TextType": "PRINTED",
      "Geometry": {
        "BoundingBox": {
          "Width": 0.08952537924051285,
          "Height": 0.014604669064283371,
          "Left": 0.5889725685119629,
          "Top": 0.3360902965068817
        },
        "Polygon": [
          {
            "X": 0.5891599059104919,
            "Y": 0.33790916204452515
          },
          {
            "X": 0.6784979701042175,
            "Y": 0.3360902965068817
          },
          {
            "X": 0.6782883405685425,
            "Y": 0.3489407002925873
          },
          {
            "X": 0.5889725685119629,
            "Y": 0.3506949543952942
          }
        ]
      },
      "Id": "40e4e161-ec69-4488-80cf-d5c63b420616",
      "Page": 1
    },
    {
      "BlockType": "WORD",
      "Confidence": 99.924072265625,
      "Text": "(Loans)",
      "TextType": "PRINTED",
      "Geometry": {
        "BoundingBox": {
          "Width": 0.038610052317380905,
          "Height": 0.010442359372973442,
          "Left": 0.13220959901809692,
          "Top": 0.36132943630218506
        },
        "Polygon": [
          {
            "X": 0.13226905465126038,
            "Y": 0.36208122968673706
          },
          {
            "X": 0.17081964015960693,
            "Y": 0.36132943630218506
          },
          {
            "X": 0.17075307667255402,
            "Y": 0.3710416853427887
          },
          {
            "X": 0.13220959901809692,
            "Y": 0.37177181243896484
          }
        ]
      },
      "Id": "38479766-6cca-4c30-bb4f-01d2865c219f",
      "Page": 1
    },
    {
      "BlockType": "WORD",
      "Confidence": 99.81182861328125,
      "Text": "Agente",
      "TextType": "PRINTED",
      "Geometry": {
        "BoundingBox": {
          "Width": 0.04047989472746849,
          "Height": 0.009954321198165417,
          "Left": 0.12837548553943634,
          "Top": 0.38889408111572266
        },
        "Polygon": [
          {
            "X": 0.12843148410320282,
            "Y": 0.3896183669567108
          },
          {
            "X": 0.16885536909103394,
            "Y": 0.38889408111572266
          },
          {
            "X": 0.168792262673378,
            "Y": 0.39814576506614685
          },
          {
            "X": 0.12837548553943634,
            "Y": 0.39884838461875916
          }
        ]
      },
      "Id": "74538937-1bab-4839-96fb-8f20e14c25a1",
      "Page": 1
    },
    {
      "BlockType": "WORD",
      "Confidence": 99.83028411865234,
      "Text": "de",
      "TextType": "PRINTED",
      "Geometry": {
        "BoundingBox": {
          "Width": 0.013667754828929901,
          "Height": 0.008496669121086597,
          "Left": 0.17037063837051392,
          "Top": 0.38750147819519043
        },
        "Polygon": [
          {
            "X": 0.17042717337608337,
            "Y": 0.38774624466896057
          },
          {
            "X": 0.18403840065002441,
            "Y": 0.38750147819519043
          },
          {
            "X": 0.18397971987724304,
            "Y": 0.3957599103450775
          },
          {
            "X": 0.17037063837051392,
            "Y": 0.39599815011024475
          }
        ]
      },
      "Id": "42a6842d-6416-4999-81fb-4359cebb45b6",
      "Page": 1
    },
    {
      "BlockType": "WORD",
      "Confidence": 99.62507629394531,
      "Text": "Hipoteca",
      "TextType": "PRINTED",
      "Geometry": {
        "BoundingBox": {
          "Width": 0.04934905841946602,
          "Height": 0.011028545908629894,
          "Left": 0.18720144033432007,
          "Top": 0.3860645294189453
        },
        "Polygon": [
          {
            "X": 0.18727409839630127,
            "Y": 0.3869519829750061
          },
          {
            "X": 0.23655050992965698,
            "Y": 0.3860645294189453
          },
          {
            "X": 0.23646828532218933,
            "Y": 0.39623451232910156
          },
          {
            "X": 0.18720144033432007,
            "Y": 0.3970930874347687
          }
        ]
      },
      "Id": "6c7c49af-68d5-4598-8b77-cacf4ed1cfb4",
      "Page": 1
    },
    {
      "BlockType": "WORD",
      "Confidence": 99.58190155029297,
      "Text": "Fornecer",
      "TextType": "PRINTED",
      "Geometry": {
        "BoundingBox": {
          "Width": 0.051899854093790054,
          "Height": 0.009493437595665455,
          "Left": 0.327596515417099,
          "Top": 0.3885146379470825
        },
        "Polygon": [
          {
            "X": 0.32768043875694275,
            "Y": 0.38943302631378174
          },
          {
            "X": 0.37949636578559875,
            "Y": 0.3885146379470825
          },
          {
            "X": 0.3794039189815521,
            "Y": 0.39711517095565796
          },
          {
            "X": 0.327596515417099,
            "Y": 0.3980080783367157
          }
        ]
      },
      "Id": "8afc6a64-16f7-4436-afc1-8fd3eda510b1",
      "Page": 1
    },
    {
      "BlockType": "WORD",
      "Confidence": 95.65936279296875,
      "Text": "assistência",
      "TextType": "PRINTED",
      "Geometry": {
        "BoundingBox": {
          "Width": 0.06606630235910416,
          "Height": 0.010569932870566845,
          "Left": 0.38269954919815063,
          "Top": 0.3864445984363556
        },
        "Polygon": [
          {
            "X": 0.3828011453151703,
            "Y": 0.38761693239212036
          },
          {
            "X": 0.4487658441066742,
            "Y": 0.3864445984363556
          },
          {
            "X": 0.4486522376537323,
            "Y": 0.3958776593208313
          },
          {
            "X": 0.38269954919815063,
            "Y": 0.3970145285129547
          }
        ]
      },
      "Id": "b71c8d15-541e-4404-8358-465b3fb1143d",
      "Page": 1
    },
    {
      "BlockType": "WORD",
      "Confidence": 99.71412658691406,
      "Text": "para",
      "TextType": "PRINTED",
      "Geometry": {
        "BoundingBox": {
          "Width": 0.028165550902485847,
          "Height": 0.009435872547328472,
          "Left": 0.4524151682853699,
          "Top": 0.3875809907913208
        },
        "Polygon": [
          {
            "X": 0.45252346992492676,
            "Y": 0.38807693123817444
          },
          {
            "X": 0.48058071732521057,
            "Y": 0.3875809907913208
          },
          {
            "X": 0.4804675579071045,
            "Y": 0.3965352177619934
          },
          {
            "X": 0.4524151682853699,
            "Y": 0.39701685309410095
          }
        ]
      },
      "Id": "cbb8e4c5-5293-46cc-97ef-6368cd696868",
      "Page": 1
    },
    {
      "BlockType": "WORD",
      "Confidence": 98.36800384521484,
      "Text": "assuntos",
      "TextType": "PRINTED",
      "Geometry": {
        "BoundingBox": {
          "Width": 0.05660437047481537,
          "Height": 0.009992198087275028,
          "Left": 0.48405349254608154,
          "Top": 0.3846448063850403
        },
        "Polygon": [
          {
            "X": 0.4841676652431488,
            "Y": 0.38564926385879517
          },
          {
            "X": 0.5406578779220581,
            "Y": 0.3846448063850403
          },
          {
            "X": 0.5405338406562805,
            "Y": 0.39366140961647034
          },
          {
            "X": 0.48405349254608154,
            "Y": 0.39463698863983154
          }
        ]
      },
      "Id": "fb7fc583-168f-45b4-a199-82e4552b1b0f",
      "Page": 1
    },
    {
      "BlockType": "WORD",
      "Confidence": 99.84984588623047,
      "Text": "de",
      "TextType": "PRINTED",
      "Geometry": {
        "BoundingBox": {
          "Width": 0.016001824289560318,
          "Height": 0.009542775340378284,
          "Left": 0.5441043972969055,
          "Top": 0.3832291066646576
        },
        "Polygon": [
          {
            "X": 0.5442323684692383,
            "Y": 0.38351231813430786
          },
          {
            "X": 0.5601062178611755,
            "Y": 0.3832291066646576
          },
          {
            "X": 0.5599753260612488,
            "Y": 0.3924970030784607
          },
          {
            "X": 0.5441043972969055,
            "Y": 0.3927718698978424
          }
        ]
      },
      "Id": "30bf2f52-8f1d-4136-a6df-31303da73a06",
      "Page": 1
    },
    {
      "BlockType": "WORD",
      "Confidence": 99.77250671386719,
      "Text": "hipoteca",
      "TextType": "PRINTED",
      "Geometry": {
        "BoundingBox": {
          "Width": 0.05814121663570404,
          "Height": 0.01267215795814991,
          "Left": 0.5637481808662415,
          "Top": 0.3812427222728729
        },
        "Polygon": [
          {
            "X": 0.5639132857322693,
            "Y": 0.38227999210357666
          },
          {
            "X": 0.6218893527984619,
            "Y": 0.3812427222728729
          },
          {
            "X": 0.6217111349105835,
            "Y": 0.392915815114975
          },
          {
            "X": 0.5637481808662415,
            "Y": 0.3939148783683777
          }
        ]
      },
      "Id": "5a394c27-53fe-4958-8213-2c8f96fa2a2d",
      "Page": 1
    },
    {
      "BlockType": "WORD",
      "Confidence": 97.92276763916016,
      "Text": "(Mortgage)",
      "TextType": "PRINTED",
      "Geometry": {
        "BoundingBox": {
          "Width": 0.05980437994003296,
          "Height": 0.011354556307196617,
          "Left": 0.12811119854450226,
          "Top": 0.39872705936431885
        },
        "Polygon": [
          {
            "X": 0.12817376852035522,
            "Y": 0.3997625410556793
          },
          {
            "X": 0.18791557848453522,
            "Y": 0.39872705936431885
          },
          {
            "X": 0.1878412365913391,
            "Y": 0.40908193588256836
          },
          {
            "X": 0.12811119854450226,
            "Y": 0.4100816249847412
          }
        ]
      },
      "Id": "c56f3013-bae8-494c-afa2-1974ba583cee",
      "Page": 1
    },
    {
      "BlockType": "WORD",
      "Confidence": 99.74855041503906,
      "Text": "Agente",
      "TextType": "PRINTED",
      "Geometry": {
        "BoundingBox": {
          "Width": 0.039364032447338104,
          "Height": 0.010332204401493073,
          "Left": 0.12442167103290558,
          "Top": 0.42657241225242615
        },
        "Polygon": [
          {
            "X": 0.12447992712259293,
            "Y": 0.4271915853023529
          },
          {
            "X": 0.16378569602966309,
            "Y": 0.42657241225242615
          },
          {
            "X": 0.16372017562389374,
            "Y": 0.4363075792789459
          },
          {
            "X": 0.12442167103290558,
            "Y": 0.4369046092033386
          }
        ]
      },
      "Id": "b41bc564-25dc-4e4a-a2d6-ef1bed2a4a4b",
      "Page": 1
    },
    {
      "BlockType": "WORD",
      "Confidence": 99.86811828613281,
      "Text": "de",
      "TextType": "PRINTED",
      "Geometry": {
        "BoundingBox": {
          "Width": 0.01365822833031416,
          "Height": 0.0085541270673275,
          "Left": 0.16670401394367218,
          "Top": 0.4260019361972809
        },
        "Polygon": [
          {
            "X": 0.1667606234550476,
            "Y": 0.4262164533138275
          },
          {
            "X": 0.18036223948001862,
            "Y": 0.4260019361972809
          },
          {
            "X": 0.18030348420143127,
            "Y": 0.43434813618659973
          },
          {
            "X": 0.16670401394367218,
            "Y": 0.4345560669898987
          }
        ]
      },
      "Id": "07c8baeb-5989-4c69-ac7e-daa87cde6b5d",
      "Page": 1
    },
    {
      "BlockType": "WORD",
      "Confidence": 91.61007690429688,
      "Text": "Títulos",
      "TextType": "PRINTED",
      "Geometry": {
        "BoundingBox": {
          "Width": 0.038490306586027145,
          "Height": 0.009107409976422787,
          "Left": 0.18345727026462555,
          "Top": 0.4250245988368988
        },
        "Polygon": [
          {
            "X": 0.18351761996746063,
            "Y": 0.4256313741207123
          },
          {
            "X": 0.221947580575943,
            "Y": 0.4250245988368988
          },
          {
            "X": 0.2218809723854065,
            "Y": 0.4335440993309021
          },
          {
            "X": 0.18345727026462555,
            "Y": 0.43413200974464417
          }
        ]
      },
      "Id": "ac83d535-c8fa-4cb5-9013-f2438d78ebb2",
      "Page": 1
    },
    {
      "BlockType": "WORD",
      "Confidence": 99.22871398925781,
      "Text": "(BondAgent)",
      "TextType": "PRINTED",
      "Geometry": {
        "BoundingBox": {
          "Width": 0.06929627060890198,
          "Height": 0.011384223587810993,
          "Left": 0.12384385615587234,
          "Top": 0.437176913022995
        },
        "Polygon": [
          {
            "X": 0.12390575557947159,
            "Y": 0.43822354078292847
          },
          {
            "X": 0.19314013421535492,
            "Y": 0.437176913022995
          },
          {
            "X": 0.19306455552577972,
            "Y": 0.4475560486316681
          },
          {
            "X": 0.12384385615587234,
            "Y": 0.4485611617565155
          }
        ]
      },
      "Id": "0195e6e5-5271-4a58-a190-6627b3be7757",
      "Page": 1
    },
    {
      "BlockType": "WORD",
      "Confidence": 99.74674224853516,
      "Text": "Realizar",
      "TextType": "PRINTED",
      "Geometry": {
        "BoundingBox": {
          "Width": 0.04863189160823822,
          "Height": 0.009842312894761562,
          "Left": 0.3248521089553833,
          "Top": 0.42891642451286316
        },
        "Polygon": [
          {
            "X": 0.32494068145751953,
            "Y": 0.42966553568840027
          },
          {
            "X": 0.3734839856624603,
            "Y": 0.42891642451286316
          },
          {
            "X": 0.3733869194984436,
            "Y": 0.43803495168685913
          },
          {
            "X": 0.3248521089553833,
            "Y": 0.4387587308883667
          }
        ]
      },
      "Id": "154029d5-d31a-479c-8b65-0eefd33366e8",
      "Page": 1
    },
    {
      "BlockType": "WORD",
      "Confidence": 94.76375579833984,
      "Text": "simulações",
      "TextType": "PRINTED",
      "Geometry": {
        "BoundingBox": {
          "Width": 0.0683525875210762,
          "Height": 0.011970257386565208,
          "Left": 0.376547634601593,
          "Top": 0.4276457130908966
        },
        "Polygon": [
          {
            "X": 0.37666448950767517,
            "Y": 0.4286993443965912
          },
          {
            "X": 0.4449002146720886,
            "Y": 0.4276457130908966
          },
          {
            "X": 0.44476890563964844,
            "Y": 0.4386048913002014
          },
          {
            "X": 0.376547634601593,
            "Y": 0.43961596488952637
          }
        ]
      },
      "Id": "9fe4cef8-1bf3-4065-9b6b-eceb1577dd37",
      "Page": 1
    },
    {
      "BlockType": "WORD",
      "Confidence": 99.83185577392578,
      "Text": "de",
      "TextType": "PRINTED",
      "Geometry": {
        "BoundingBox": {
          "Width": 0.0154380789026618,
          "Height": 0.009289512410759926,
          "Left": 0.4482966661453247,
          "Top": 0.4274406433105469
        },
        "Polygon": [
          {
            "X": 0.4484057128429413,
            "Y": 0.4276772737503052
          },
          {
            "X": 0.4637347459793091,
            "Y": 0.4274406433105469
          },
          {
            "X": 0.4636229872703552,
            "Y": 0.4365014433860779
          },
          {
            "X": 0.4482966661453247,
            "Y": 0.43673017621040344
          }
        ]
      },
      "Id": "cc96b25a-de1e-4d9e-b05f-c2f2e27e35ea",
      "Page": 1
    },
    {
      "BlockType": "WORD",
      "Confidence": 98.38811492919922,
      "Text": "investimentos",
      "TextType": "PRINTED",
      "Geometry": {
        "BoundingBox": {
          "Width": 0.091130830347538,
          "Height": 0.011434192769229412,
          "Left": 0.46716195344924927,
          "Top": 0.42528873682022095
        },
        "Polygon": [
          {
            "X": 0.46728625893592834,
            "Y": 0.4266970753669739
          },
          {
            "X": 0.5582927465438843,
            "Y": 0.42528873682022095
          },
          {
            "X": 0.5581507086753845,
            "Y": 0.4353664517402649
          },
          {
            "X": 0.46716195344924927,
            "Y": 0.43672290444374084
          }
        ]
      },
      "Id": "86e2dc95-fc32-4ceb-9fea-01a51268c64f",
      "Page": 1
    }
  ],
  "DetectDocumentTextModelVersion": "1.0"
}