{
  "DocumentMetadata": {
    "Pages": 1
  },
  "JobStatus": "SUCCEEDED",
  "Blocks": [
    {
      "BlockType": "PAGE",
      "Geometry": {
        "BoundingBox": {
          "Width": 0.9832126498222351,
          "Height": 0.7260836958885193,
          "Left": 0.006269131787121296,
          "Top": 0.09455033391714096
        },
        "Polygon": [
          {
            "X": 0.006269131787121296,
            "Y": 0.09455033391714096
          },
          {
            "X": 0.9881104230880737,
            "Y": 0.10561241954565048
          },
          {
            "X": 0.9894817471504211,
            "Y": 0.8026964068412781
          },
          {
            "X": 0.009827752597630024,
            "Y": 0.8206340074539185
          }
        ]
      },
      "Id": "083035fc-a042-4674-bc17-fd08036eded5",
      "Relationships": [
        {
          "Type": "CHILD",
          "Ids": [
            "c2f558b0-cdf5-4ef7-b50c-4b1516e21412",
            "7c6f857b-650b-407e-8171-b3860fff4a10",
            "7262b912-d340-416b-9da6-42a098b8ce63",
            "a3286fe8-61e3-4b6a-9020-0d9d4003d659",
            "888b8d93-32b5-448d-9a6c-b6ba082e23fe",
            "8e9e4ccd-5b1a-469c-a321-489c5764faf5",
            "bd6ceaa9-4469-4b96-80f8-b70c26db145b",
            "8757a689-f7f8-4d85-9328-a6a2f5d9f108",
            "cb607103-8db2-470d-b8d4-3f3759d34ef8",
            "d8b97756-496d-4a32-9884-9693d01563a9",
            "e7d92b9f-8e8a-4052-b871-715f24e93ad6",
            "1b1909eb-cb7c-4cc1-a720-9ef278eee7d9"
          ]
        }
      ],
      "Page": 1
    },
    {
      "BlockType": "LINE",
      "Confidence": 92.45458221435547,
      "Text": "aws",
      "Geometry": {
        "BoundingBox": {
          "Width": 0.036264125257730484,
          "Height": 0.01061097253113985,
          "Left": 0.5632334351539612,
          "Top": 0.4052284359931946
        },
        "Polygon": [
          {
            "X": 0.5632334351539612,
            "Y": 0.4052799642086029
          },
          {
            "X": 0.5994645357131958,
            "Y": 0.4052284359931946
          },
          {
            "X": 0.5994975566864014,
            "Y": 0.4157719612121582
          },
          {
            "X": 0.5632676482200623,
            "Y": 0.41583940386772156
          }
        ]
      },
      "Id": "c2f558b0-cdf5-4ef7-b50c-4b1516e21412",
      "Relationships": [
        {
          "Type": "CHILD",
          "Ids": [
            "c55cb619-3eac-4a32-9316-82edc1eb76b2"
          ]
        }
      ],
      "Page": 1
    },
    {
      "BlockType": "LINE",
      "Confidence": 99.80033111572266,
      "Text": "partner",
      "Geometry": {
        "BoundingBox": {
          "Width": 0.03233962878584862,
          "Height": 0.006761830300092697,
          "Left": 0.6086673736572266,
          "Top": 0.40860515832901
        },
        "Polygon": [
          {
            "X": 0.6086673736572266,
            "Y": 0.4086557626724243
          },
          {
            "X": 0.6409868597984314,
            "Y": 0.40860515832901
          },
          {
            "X": 0.6410070061683655,
            "Y": 0.41530734300613403
          },
          {
            "X": 0.608688235282898,
            "Y": 0.4153670072555542
          }
        ]
      },
      "Id": "7c6f857b-650b-407e-8171-b3860fff4a10",
      "Relationships": [
        {
          "Type": "CHILD",
          "Ids": [
            "95aae374-c6ad-4356-8254-317d08fbf728"
          ]
        }
      ],
      "Page": 1
    },
    {
      "BlockType": "LINE",
      "Confidence": 99.11199188232422,
      "Text": "network",
      "Geometry": {
        "BoundingBox": {
          "Width": 0.0358564667403698,
          "Height": 0.006853518076241016,
          "Left": 0.6096397638320923,
          "Top": 0.4168991148471832
        },
        "Polygon": [
          {
            "X": 0.6096397638320923,
            "Y": 0.4169676601886749
          },
          {
            "X": 0.6454759240150452,
            "Y": 0.4168991148471832
          },
          {
            "X": 0.6454962491989136,
            "Y": 0.42367392778396606
          },
          {
            "X": 0.609660804271698,
            "Y": 0.42375263571739197
          }
        ]
      },
      "Id": "7262b912-d340-416b-9da6-42a098b8ce63",
      "Relationships": [
        {
          "Type": "CHILD",
          "Ids": [
            "43d103dc-e44d-4042-9c8c-7f843cc7169b"
          ]
        }
      ],
      "Page": 1
    },
    {
      "BlockType": "LINE",
      "Confidence": 99.03235626220703,
      "Text": "aws",
      "Geometry": {
        "BoundingBox": {
          "Width": 0.0788436084985733,
          "Height": 0.02409578487277031,
          "Left": 0.7201131582260132,
          "Top": 0.448090523481369
        },
        "Polygon": [
          {
            "X": 0.7201131582260132,
            "Y": 0.4483456313610077
          },
          {
            "X": 0.7988964915275574,
            "Y": 0.448090523481369
          },
          {
            "X": 0.7989567518234253,
            "Y": 0.47185245156288147
          },
          {
            "X": 0.7201792001724243,
            "Y": 0.47218629717826843
          }
        ]
      },
      "Id": "a3286fe8-61e3-4b6a-9020-0d9d4003d659",
      "Relationships": [
        {
          "Type": "CHILD",
          "Ids": [
            "8efe6116-3bae-424a-9cff-ab28128c1bab"
          ]
        }
      ],
      "Page": 1
    },
    {
      "BlockType": "LINE",
      "Confidence": 99.81150817871094,
      "Text": "Cloud",
      "Geometry": {
        "BoundingBox": {
          "Width": 0.039022911339998245,
          "Height": 0.01088950876146555,
          "Left": 0.8405511975288391,
          "Top": 0.45296618342399597
        },
        "Polygon": [
          {
            "X": 0.8405511975288391,
            "Y": 0.45310088992118835
          },
          {
            "X": 0.8795494437217712,
            "Y": 0.45296618342399597
          },
          {
            "X": 0.8795741200447083,
            "Y": 0.4637032747268677
          },
          {
            "X": 0.8405771255493164,
            "Y": 0.46385568380355835
          }
        ]
      },
      "Id": "888b8d93-32b5-448d-9a6c-b6ba082e23fe",
      "Relationships": [
        {
          "Type": "CHILD",
          "Ids": [
            "bb512cab-4e62-423b-9d88-d1b131dd5d0a"
          ]
        }
      ],
      "Page": 1
    },
    {
      "BlockType": "LINE",
      "Confidence": 99.31819152832031,
      "Text": "Adotando a nuvem do jeito certo",
      "Geometry": {
        "BoundingBox": {
          "Width": 0.2820969521999359,
          "Height": 0.02367403358221054,
          "Left": 0.3685779571533203,
          "Top": 0.45768967270851135
        },
        "Polygon": [
          {
            "X": 0.3685779571533203,
            "Y": 0.4587104618549347
          },
          {
            "X": 0.6506081819534302,
            "Y": 0.45768967270851135
          },
          {
            "X": 0.6506748795509338,
            "Y": 0.48007890582084656
          },
          {
            "X": 0.36866456270217896,
            "Y": 0.4813637137413025
          }
        ]
      },
      "Id": "8e9e4ccd-5b1a-469c-a321-489c5764faf5",
      "Relationships": [
        {
          "Type": "CHILD",
          "Ids": [
            "95b9cc4c-b422-4ae5-a4d8-5f33912960cc",
            "7a66b5a9-3f07-4c60-a12f-bb2ce7231677",
            "61062ca6-2fd5-45f7-818e-90ed83709e6c",
            "242a22d8-b3e3-49c6-8bc0-53448d2c26a3",
            "94f6db70-1281-41d6-953f-2f8f37f3931b",
            "91d35a70-cdfb-466d-a21d-1558b35dd532"
          ]
        }
      ],
      "Page": 1
    },
    {
      "BlockType": "LINE",
      "Confidence": 99.52072143554688,
      "Text": "Experience",
      "Geometry": {
        "BoundingBox": {
          "Width": 0.07135014235973358,
          "Height": 0.012477630749344826,
          "Left": 0.8424085378646851,
          "Top": 0.46868735551834106
        },
        "Polygon": [
          {
            "X": 0.8424085378646851,
            "Y": 0.4689815640449524
          },
          {
            "X": 0.9137320518493652,
            "Y": 0.46868735551834106
          },
          {
            "X": 0.9137586951255798,
            "Y": 0.48083415627479553
          },
          {
            "X": 0.8424378633499146,
            "Y": 0.48116499185562134
          }
        ]
      },
      "Id": "bd6ceaa9-4469-4b96-80f8-b70c26db145b",
      "Relationships": [
        {
          "Type": "CHILD",
          "Ids": [
            "01007d83-ee20-461f-be74-33b7f7c06442"
          ]
        }
      ],
      "Page": 1
    },
    {
      "BlockType": "LINE",
      "Confidence": 88.43041229248047,
      "Text": "agamento à sustentação",
      "Geometry": {
        "BoundingBox": {
          "Width": 0.21235771477222443,
          "Height": 0.019830845296382904,
          "Left": 0.4393932521343231,
          "Top": 0.47602760791778564
        },
        "Polygon": [
          {
            "X": 0.4393932521343231,
            "Y": 0.47695890069007874
          },
          {
            "X": 0.651695191860199,
            "Y": 0.47602760791778564
          },
          {
            "X": 0.6517509818077087,
            "Y": 0.4947608709335327
          },
          {
            "X": 0.43946149945259094,
            "Y": 0.49585846066474915
          }
        ]
      },
      "Id": "8757a689-f7f8-4d85-9328-a6a2f5d9f108",
      "Relationships": [
        {
          "Type": "CHILD",
          "Ids": [
            "913870c1-43a7-4b07-9823-56e0f61b90a9",
            "c82b2f9c-c21b-4acd-995e-d70e0f9de10f",
            "0ac2495c-2ae8-4151-bc37-6c0ee6d5cef2"
          ]
        }
      ],
      "Page": 1
    },
    {
      "BlockType": "LINE",
      "Confidence": 99.85606384277344,
      "Text": "2025",
      "Geometry": {
        "BoundingBox": {
          "Width": 0.03318004310131073,
          "Height": 0.009767714887857437,
          "Left": 0.8447892665863037,
          "Top": 0.4835782051086426
        },
        "Polygon": [
          {
            "X": 0.8447892665863037,
            "Y": 0.4837356209754944
          },
          {
            "X": 0.877947211265564,
            "Y": 0.4835782051086426
          },
          {
            "X": 0.8779693245887756,
            "Y": 0.49317508935928345
          },
          {
            "X": 0.8448123335838318,
            "Y": 0.4933459162712097
          }
        ]
      },
      "Id": "cb607103-8db2-470d-b8d4-3f3759d34ef8",
      "Relationships": [
        {
          "Type": "CHILD",
          "Ids": [
            "3bad5788-17da-4ecd-becc-6cca59312a87"
          ]
        }
      ],
      "Page": 1
    },
    {
      "BlockType": "LINE",
      "Confidence": 99.4664535522461,
      "Text": "Fernando Sapata",
      "Geometry": {
        "BoundingBox": {
          "Width": 0.1032501757144928,
          "Height": 0.01324956864118576,
          "Left": 0.5504806637763977,
          "Top": 0.49797844886779785
        },
        "Polygon": [
          {
            "X": 0.5504806637763977,
            "Y": 0.49852603673934937
          },
          {
            "X": 0.6536933183670044,
            "Y": 0.49797844886779785
          },
          {
            "X": 0.6537308692932129,
            "Y": 0.5106258988380432
          },
          {
            "X": 0.5505223274230957,
            "Y": 0.5112280249595642
          }
        ]
      },
      "Id": "d8b97756-496d-4a32-9884-9693d01563a9",
      "Relationships": [
        {
          "Type": "CHILD",
          "Ids": [
            "6140a448-7bd8-4441-a4da-5b1e131a8402",
            "9bfe85a5-22dd-4965-b307-c6099744ab2f"
          ]
        }
      ],
      "Page": 1
    },
    {
      "BlockType": "LINE",
      "Confidence": 88.55850982666016,
      "Text": "Diretor de Operações",
      "Geometry": {
        "BoundingBox": {
          "Width": 0.09166232496500015,
          "Height": 0.010565586388111115,
          "Left": 0.562950074672699,
          "Top": 0.5098918080329895
        },
        "Polygon": [
          {
            "X": 0.562950074672699,
            "Y": 0.5104236006736755
          },
          {
            "X": 0.6545827388763428,
            "Y": 0.5098918080329895
          },
          {
            "X": 0.6546123623847961,
            "Y": 0.5198872685432434
          },
          {
            "X": 0.5629825592041016,
            "Y": 0.52045738697052
          }
        ]
      },
      "Id": "e7d92b9f-8e8a-4052-b871-715f24e93ad6",
      "Relationships": [
        {
          "Type": "CHILD",
          "Ids": [
            "78922f5c-0ec9-4c3e-9dc4-11acf64d20d8",
            "cc742900-28a7-4a22-9990-6f8bc9c986d8",
            "eccaf421-fc0f-456d-98bf-3fc417faa990"
          ]
        }
      ],
      "Page": 1
    },
    {
      "BlockType": "LINE",
      "Confidence": 97.18534088134766,
      "Text": "select S",
      "Geometry": {
        "BoundingBox": {
          "Width": 0.08605972677469254,
          "Height": 0.015819324180483818,
          "Left": 0.5739102959632874,
          "Top": 0.5581545233726501
        },
        "Polygon": [
          {
            "X": 0.5739102959632874,
            "Y": 0.5588275790214539
          },
          {
            "X": 0.6599254608154297,
            "Y": 0.5581545233726501
          },
          {
            "X": 0.6599699854850769,
            "Y": 0.5732465386390686
          },
          {
            "X": 0.5739588737487793,
            "Y": 0.5739738345146179
          }
        ]
      },
      "Id": "1b1909eb-cb7c-4cc1-a720-9ef278eee7d9",
      "Relationships": [
        {
          "Type": "CHILD",
          "Ids": [
            "af11382e-edf2-457e-8c46-02bfb017c5cd",
            "baa59b9f-1d04-4522-a915-f900d56a97b0"
          ]
        }
      ],
      "Page": 1
    },
    {
      "BlockType": "WORD",
      "Confidence": 92.45458221435547,
      "Text": "aws",
      "TextType": "PRINTED",
      "Geometry": {
        "BoundingBox": {
          "Width": 0.036264125257730484,
          "Height": 0.01061097253113985,
          "Left": 0.5632334351539612,
          "Top": 0.4052284359931946
        },
        "Polygon": [
          {
            "X": 0.5632334351539612,
            "Y": 0.4052799642086029
          },
          {
            "X": 0.5994645357131958,
            "Y": 0.4052284359931946
          },
          {
            "X": 0.5994975566864014,
            "Y": 0.4157719612121582
          },
          {
            "X": 0.5632676482200623,
            "Y": 0.41583940386772156
          }
        ]
      },
      "Id": "c55cb619-3eac-4a32-9316-82edc1eb76b2",
      "Page": 1
    },
    {
      "BlockType": "WORD",
      "Confidence": 99.80033111572266,
      "Text": "partner",
      "TextType": "PRINTED",
      "Geometry": {
        "BoundingBox": {
          "Width": 0.03233962878584862,
          "Height": 0.006761830300092697,
          "Left": 0.6086673736572266,
          "Top": 0.40860515832901
        },
        "Polygon": [
          {
            "X": 0.6086673736572266,
            "Y": 0.4086557626724243
          },
          {
            "X": 0.6409868597984314,
            "Y": 0.40860515832901
          },
          {
            "X": 0.6410070061683655,
            "Y": 0.41530734300613403
          },
          {
            "X": 0.608688235282898,
            "Y": 0.4153670072555542
          }
        ]
      },
      "Id": "95aae374-c6ad-4356-8254-317d08fbf728",
      "Page": 1
    },
    {
      "BlockType": "WORD",
      "Confidence": 99.11199188232422,
      "Text": "network",
      "TextType": "PRINTED",
      "Geometry": {
        "BoundingBox": {
          "Width": 0.0358564667403698,
          "Height": 0.006853518076241016,
          "Left": 0.6096397638320923,
          "Top": 0.4168991148471832
        },
        "Polygon": [
          {
            "X": 0.6096397638320923,
            "Y": 0.4169676601886749
          },
          {
            "X": 0.6454759240150452,
            "Y": 0.4168991148471832
          },
          {
            "X": 0.6454962491989136,
            "Y": 0.42367392778396606
          },
          {
            "X": 0.609660804271698,
            "Y": 0.42375263571739197
          }
        ]
      },
      "Id": "43d103dc-e44d-4042-9c8c-7f843cc7169b",
      "Page": 1
    },
    {
      "BlockType": "WORD",
      "Confidence": 99.03235626220703,
      "Text": "aws",
      "TextType": "PRINTED",
      "Geometry": {
        "BoundingBox": {
          "Width": 0.0788436084985733,
          "Height": 0.02409578487277031,
          "Left": 0.7201131582260132,
          "Top": 0.448090523481369
        },
        "Polygon": [
          {
            "X": 0.7201131582260132,
            "Y": 0.4483456313610077
          },
          {
            "X": 0.7988964915275574,
            "Y": 0.448090523481369
          },
          {
            "X": 0.7989567518234253,
            "Y": 0.47185245156288147
          },
          {
            "X": 0.7201792001724243,
            "Y": 0.47218629717826843
          }
        ]
      },
      "Id": "8efe6116-3bae-424a-9cff-ab28128c1bab",
      "Page": 1
    },
    {
      "BlockType": "WORD",
      "Confidence": 99.81150817871094,
      "Text": "Cloud",
      "TextType": "PRINTED",
      "Geometry": {
        "BoundingBox": {
          "Width": 0.039022911339998245,
          "Height": 0.01088950876146555,
          "Left": 0.8405511975288391,
          "Top": 0.45296618342399597
        },
        "Polygon": [
          {
            "X": 0.8405511975288391,
            "Y": 0.45310088992118835
          },
          {
            "X": 0.8795494437217712,
            "Y": 0.45296618342399597
          },
          {
            "X": 0.8795741200447083,
            "Y": 0.4637032747268677
          },
          {
            "X": 0.8405771255493164,
            "Y": 0.46385568380355835
          }
        ]
      },
      "Id": "bb512cab-4e62-423b-9d88-d1b131dd5d0a",
      "Page": 1
    },
    {
      "BlockType": "WORD",
      "Confidence": 98.670654296875,
      "Text": "Adotando",
      "TextType": "PRINTED",
      "Geometry": {
        "BoundingBox": {
          "Width": 0.0904923528432846,
          "Height": 0.014999095350503922,
          "Left": 0.3685779571533203,
          "Top": 0.45838311314582825
        },
        "Polygon": [
          {
            "X": 0.3685779571533203,
            "Y": 0.4587104618549347
          },
          {
            "X": 0.45901840925216675,
            "Y": 0.45838311314582825
          },
          {
            "X": 0.4590703248977661,
            "Y": 0.47300004959106445
          },
          {
            "X": 0.36863404512405396,
            "Y": 0.47338220477104187
          }
        ]
      },
      "Id": "95b9cc4c-b422-4ae5-a4d8-5f33912960cc",
      "Page": 1
    },
    {
      "BlockType": "WORD",
      "Confidence": 99.96942138671875,
      "Text": "a",
      "TextType": "PRINTED",
      "Geometry": {
        "BoundingBox": {
          "Width": 0.010715167969465256,
          "Height": 0.008750931359827518,
          "Left": 0.4643435776233673,
          "Top": 0.4650139808654785
        },
        "Polygon": [
          {
            "X": 0.4643435776233673,
            "Y": 0.4650556147098541
          },
          {
            "X": 0.47502824664115906,
            "Y": 0.4650139808654785
          },
          {
            "X": 0.47505876421928406,
            "Y": 0.47371941804885864
          },
          {
            "X": 0.4643743932247162,
            "Y": 0.47376489639282227
          }
        ]
      },
      "Id": "7a66b5a9-3f07-4c60-a12f-bb2ce7231677",
      "Page": 1
    },
    {
      "BlockType": "WORD",
      "Confidence": 99.64164733886719,
      "Text": "nuvem",
      "TextType": "PRINTED",
      "Geometry": {
        "BoundingBox": {
          "Width": 0.05859604477882385,
          "Height": 0.011060420423746109,
          "Left": 0.47987911105155945,
          "Top": 0.46518176794052124
        },
        "Polygon": [
          {
            "X": 0.47987911105155945,
            "Y": 0.4654110074043274
          },
          {
            "X": 0.5384393334388733,
            "Y": 0.46518176794052124
          },
          {
            "X": 0.5384751558303833,
            "Y": 0.47598662972450256
          },
          {
            "X": 0.47991693019866943,
            "Y": 0.47624218463897705
          }
        ]
      },
      "Id": "61062ca6-2fd5-45f7-818e-90ed83709e6c",
      "Page": 1
    },
    {
      "BlockType": "WORD",
      "Confidence": 99.8759994506836,
      "Text": "do",
      "TextType": "PRINTED",
      "Geometry": {
        "BoundingBox": {
          "Width": 0.021743806079030037,
          "Height": 0.011497210711240768,
          "Left": 0.5430814027786255,
          "Top": 0.4655407667160034
        },
        "Polygon": [
          {
            "X": 0.5430814027786255,
            "Y": 0.46562618017196655
          },
          {
            "X": 0.564788281917572,
            "Y": 0.4655407667160034
          },
          {
            "X": 0.564825177192688,
            "Y": 0.4769423007965088
          },
          {
            "X": 0.5431190133094788,
            "Y": 0.4770379960536957
          }
        ]
      },
      "Id": "242a22d8-b3e3-49c6-8bc0-53448d2c26a3",
      "Page": 1
    },
    {
      "BlockType": "WORD",
      "Confidence": 98.15966796875,
      "Text": "jeito",
      "TextType": "PRINTED",
      "Geometry": {
        "BoundingBox": {
          "Width": 0.03625252842903137,
          "Height": 0.013888133689761162,
          "Left": 0.5687865018844604,
          "Top": 0.4665636420249939
        },
        "Polygon": [
          {
            "X": 0.5687865018844604,
            "Y": 0.46670788526535034
          },
          {
            "X": 0.6049962639808655,
            "Y": 0.4665636420249939
          },
          {
            "X": 0.6050390601158142,
            "Y": 0.4802868366241455
          },
          {
            "X": 0.5688308477401733,
            "Y": 0.4804517924785614
          }
        ]
      },
      "Id": "94f6db70-1281-41d6-953f-2f8f37f3931b",
      "Page": 1
    },
    {
      "BlockType": "WORD",
      "Confidence": 99.59173583984375,
      "Text": "certo",
      "TextType": "PRINTED",
      "Geometry": {
        "BoundingBox": {
          "Width": 0.041340623050928116,
          "Height": 0.011337635107338428,
          "Left": 0.6093342304229736,
          "Top": 0.46891850233078003
        },
        "Polygon": [
          {
            "X": 0.6093342304229736,
            "Y": 0.4690873920917511
          },
          {
            "X": 0.650641679763794,
            "Y": 0.46891850233078003
          },
          {
            "X": 0.6506748795509338,
            "Y": 0.4800679683685303
          },
          {
            "X": 0.6093689203262329,
            "Y": 0.4802561402320862
          }
        ]
      },
      "Id": "91d35a70-cdfb-466d-a21d-1558b35dd532",
      "Page": 1
    },
    {
      "BlockType": "WORD",
      "Confidence": 99.52072143554688,
      "Text": "Experience",
      "TextType": "PRINTED",
      "Geometry": {
        "BoundingBox": {
          "Width": 0.07135014235973358,
          "Height": 0.012477630749344826,
          "Left": 0.8424085378646851,
          "Top": 0.46868735551834106
        },
        "Polygon": [
          {
            "X": 0.8424085378646851,
            "Y": 0.4689815640449524
          },
          {
            "X": 0.9137320518493652,
            "Y": 0.46868735551834106
          },
          {
            "X": 0.9137586951255798,
            "Y": 0.48083415627479553
          },
          {
            "X": 0.8424378633499146,
            "Y": 0.48116499185562134
          }
        ]
      },
      "Id": "01007d83-ee20-461f-be74-33b7f7c06442",
      "Page": 1
    },
    {
      "BlockType": "WORD",
      "Confidence": 73.42697143554688,
      "Text": "agamento",
      "TextType": "PRINTED",
      "Geometry": {
        "BoundingBox": {
          "Width": 0.09243344515562057,
          "Height": 0.014047146774828434,
          "Left": 0.4393932521343231,
          "Top": 0.47655361890792847
        },
        "Polygon": [
          {
            "X": 0.4393932521343231,
            "Y": 0.47695890069007874
          },
          {
            "X": 0.5317813754081726,
            "Y": 0.47655361890792847
          },
          {
            "X": 0.5318266749382019,
            "Y": 0.4901432693004608
          },
          {
            "X": 0.43944251537323,
            "Y": 0.4906007647514343
          }
        ]
      },
      "Id": "913870c1-43a7-4b07-9823-56e0f61b90a9",
      "Page": 1
    },
    {
      "BlockType": "WORD",
      "Confidence": 97.27926635742188,
      "Text": "à",
      "TextType": "PRINTED",
      "Geometry": {
        "BoundingBox": {
          "Width": 0.010658498853445053,
          "Height": 0.010702673345804214,
          "Left": 0.5367249250411987,
          "Top": 0.4786457121372223
        },
        "Polygon": [
          {
            "X": 0.5367249250411987,
            "Y": 0.47869327664375305
          },
          {
            "X": 0.5473483800888062,
            "Y": 0.4786457121372223
          },
          {
            "X": 0.5473834276199341,
            "Y": 0.4892961382865906
          },
          {
            "X": 0.5367602705955505,
            "Y": 0.4893484115600586
          }
        ]
      },
      "Id": "c82b2f9c-c21b-4acd-995e-d70e0f9de10f",
      "Page": 1
    },
    {
      "BlockType": "WORD",
      "Confidence": 94.58499908447266,
      "Text": "sustentação",
      "TextType": "PRINTED",
      "Geometry": {
        "BoundingBox": {
          "Width": 0.09954879432916641,
          "Height": 0.015417655929923058,
          "Left": 0.5522021651268005,
          "Top": 0.4798576533794403
        },
        "Polygon": [
          {
            "X": 0.5522021651268005,
            "Y": 0.4803100824356079
          },
          {
            "X": 0.6517066359519958,
            "Y": 0.4798576533794403
          },
          {
            "X": 0.6517509818077087,
            "Y": 0.4947608709335327
          },
          {
            "X": 0.5522511601448059,
            "Y": 0.4952753186225891
          }
        ]
      },
      "Id": "0ac2495c-2ae8-4151-bc37-6c0ee6d5cef2",
      "Page": 1
    },
    {
      "BlockType": "WORD",
      "Confidence": 99.85606384277344,
      "Text": "2025",
      "TextType": "PRINTED",
      "Geometry": {
        "BoundingBox": {
          "Width": 0.03318004310131073,
          "Height": 0.009767714887857437,
          "Left": 0.8447892665863037,
          "Top": 0.4835782051086426
        },
        "Polygon": [
          {
            "X": 0.8447892665863037,
            "Y": 0.4837356209754944
          },
          {
            "X": 0.877947211265564,
            "Y": 0.4835782051086426
          },
          {
            "X": 0.8779693245887756,
            "Y": 0.49317508935928345
          },
          {
            "X": 0.8448123335838318,
            "Y": 0.4933459162712097
          }
        ]
      },
      "Id": "3bad5788-17da-4ecd-becc-6cca59312a87",
      "Page": 1
    },
    {
      "BlockType": "WORD",
      "Confidence": 99.15210723876953,
      "Text": "Fernando",
      "TextType": "PRINTED",
      "Geometry": {
        "BoundingBox": {
          "Width": 0.05719701573252678,
          "Height": 0.009833110496401787,
          "Left": 0.5504806637763977,
          "Top": 0.4982227385044098
        },
        "Polygon": [
          {
            "X": 0.5504806637763977,
            "Y": 0.49852603673934937
          },
          {
            "X": 0.6076481342315674,
            "Y": 0.4982227385044098
          },
          {
            "X": 0.607677698135376,
            "Y": 0.5077298879623413
          },
          {
            "X": 0.5505119562149048,
            "Y": 0.5080558657646179
          }
        ]
      },
      "Id": "6140a448-7bd8-4441-a4da-5b1e131a8402",
      "Page": 1
    },
    {
      "BlockType": "WORD",
      "Confidence": 99.78080749511719,
      "Text": "Sapata",
      "TextType": "PRINTED",
      "Geometry": {
        "BoundingBox": {
          "Width": 0.04328927397727966,
          "Height": 0.010963298380374908,
          "Left": 0.6104415655136108,
          "Top": 0.4999149441719055
        },
        "Polygon": [
          {
            "X": 0.6104415655136108,
            "Y": 0.5001479387283325
          },
          {
            "X": 0.6536990404129028,
            "Y": 0.4999149441719055
          },
          {
            "X": 0.6537308692932129,
            "Y": 0.5106258988380432
          },
          {
            "X": 0.6104748249053955,
            "Y": 0.5108782649040222
          }
        ]
      },
      "Id": "9bfe85a5-22dd-4965-b307-c6099744ab2f",
      "Page": 1
    },
    {
      "BlockType": "WORD",
      "Confidence": 78.28103637695312,
      "Text": "Diretor",
      "TextType": "PRINTED",
      "Geometry": {
        "BoundingBox": {
          "Width": 0.02981628105044365,
          "Height": 0.00743455532938242,
          "Left": 0.562950074672699,
          "Top": 0.5102506875991821
        },
        "Polygon": [
          {
            "X": 0.562950074672699,
            "Y": 0.5104236006736755
          },
          {
            "X": 0.592743456363678,
            "Y": 0.5102506875991821
          },
          {
            "X": 0.5927663445472717,
            "Y": 0.5175033211708069
          },
          {
            "X": 0.5629735589027405,
            "Y": 0.5176852941513062
          }
        ]
      },
      "Id": "78922f5c-0ec9-4c3e-9dc4-11acf64d20d8",
      "Page": 1
    },
    {
      "BlockType": "WORD",
      "Confidence": 96.48920440673828,
      "Text": "de",
      "TextType": "PRINTED",
      "Geometry": {
        "BoundingBox": {
          "Width": 0.011117720045149326,
          "Height": 0.006967513356357813,
          "Left": 0.5947907567024231,
          "Top": 0.5111149549484253
        },
        "Polygon": [
          {
            "X": 0.5947907567024231,
            "Y": 0.5111797451972961
          },
          {
            "X": 0.6058869957923889,
            "Y": 0.5111149549484253
          },
          {
            "X": 0.6059085130691528,
            "Y": 0.5180144309997559
          },
          {
            "X": 0.5948125123977661,
            "Y": 0.5180824398994446
          }
        ]
      },
      "Id": "cc742900-28a7-4a22-9990-6f8bc9c986d8",
      "Page": 1
    },
    {
      "BlockType": "WORD",
      "Confidence": 90.9052734375,
      "Text": "Operações",
      "TextType": "PRINTED",
      "Geometry": {
        "BoundingBox": {
          "Width": 0.04648074507713318,
          "Height": 0.008821693249046803,
          "Left": 0.6081316471099854,
          "Top": 0.5113546252250671
        },
        "Polygon": [
          {
            "X": 0.6081316471099854,
            "Y": 0.5116270780563354
          },
          {
            "X": 0.6545870304107666,
            "Y": 0.5113546252250671
          },
          {
            "X": 0.6546123623847961,
            "Y": 0.5198872685432434
          },
          {
            "X": 0.6081581711769104,
            "Y": 0.5201762914657593
          }
        ]
      },
      "Id": "eccaf421-fc0f-456d-98bf-3fc417faa990",
      "Page": 1
    },
    {
      "BlockType": "WORD",
      "Confidence": 99.9871826171875,
      "Text": "select",
      "TextType": "PRINTED",
      "Geometry": {
        "BoundingBox": {
          "Width": 0.06586863100528717,
          "Height": 0.015007883310317993,
          "Left": 0.5739102959632874,
          "Top": 0.5583125352859497
        },
        "Polygon": [
          {
            "X": 0.5739102959632874,
            "Y": 0.5588275790214539
          },
          {
            "X": 0.6397354006767273,
            "Y": 0.5583125352859497
          },
          {
            "X": 0.6397789120674133,
            "Y": 0.572765588760376
          },
          {
            "X": 0.5739567875862122,
            "Y": 0.5733203887939453
          }
        ]
      },
      "Id": "af11382e-edf2-457e-8c46-02bfb017c5cd",
      "Page": 1
    },
    {
      "BlockType": "WORD",
      "Confidence": 94.38350677490234,
      "Text": "S",
      "TextType": "PRINTED",
      "Geometry": {
        "BoundingBox": {
          "Width": 0.016209939494729042,
          "Height": 0.012905142270028591,
          "Left": 0.643760085105896,
          "Top": 0.560478150844574
        },
        "Polygon": [
          {
            "X": 0.643760085105896,
            "Y": 0.5606062412261963
          },
          {
            "X": 0.6599323153495789,
            "Y": 0.560478150844574
          },
          {
            "X": 0.6599699854850769,
            "Y": 0.5732465386390686
          },
          {
            "X": 0.6437984108924866,
            "Y": 0.5733832716941833
          }
        ]
      },
      "Id": "baa59b9f-1d04-4522-a915-f900d56a97b0",
      "Page": 1
    }
  ],
  "DetectDocumentTextModelVersion": "1.0"
}