{
  "DocumentMetadata": {
    "Pages": 1
  },
  "JobStatus": "SUCCEEDED",
  "Blocks": [
    {
      "BlockType": "PAGE",
      "Geometry": {
        "BoundingBox": {
          "Width": 0.961085855960846,
          "Height": 0.8614152669906616,
          "Left": 0.008776208385825157,
          "Top": 0.016390740871429443
        },
        "Polygon": [
          {
            "X": 0.008776208385825157,
            "Y": 0.017387673258781433
          },
          {
            "X": 0.9680660963058472,
            "Y": 0.016390740871429443
          },
          {
            "X": 0.9698620438575745,
            "Y": 0.8774661421775818
          },
          {
            "X": 0.011444469913840294,
            "Y": 0.8778060078620911
          }
        ]
      },
      "Id": "6023f501-5c1e-46cb-ba73-dab790b00c3b",
      "Relationships": [
        {
          "Type": "CHILD",
          "Ids": [
            "dddda177-bfe1-4643-bd70-3dbb9b16e6cd",
            "17f5783d-0017-4d74-8d27-17c9b5b4cc03",
            "c9bfcb74-cf1c-43e7-a2a8-ec33f1cb65e9",
            "e3e5a9ed-9748-48c6-bb05-187569309ad1",
            "f7d4e718-f7ca-460a-b262-60529934a5c5",
            "29d3e522-7b1d-4cd6-8e4a-a67315992661",
            "8622e3c6-b0e6-449f-b8b4-0781e2025c86",
            "da1a1642-dbbe-461d-918f-53a4715f317e"
          ]
        }
      ],
      "Page": 1
    },
    {
      "BlockType": "LINE",
      "Confidence": 89.06562042236328,
      "Text": "Cloud",
      "Geometry": {
        "BoundingBox": {
          "Width": 0.02441026270389557,
          "Height": 0.0065688323229551315,
          "Left": 0.6436565518379211,
          "Top": 0.17813538014888763
        },
        "Polygon": [
          {
            "X": 0.6436565518379211,
            "Y": 0.17815759778022766
          },
          {
            "X": 0.6680510640144348,
            "Y": 0.17813538014888763
          },
          {
            "X": 0.6680667996406555,
            "Y": 0.18468213081359863
          },
          {
            "X": 0.6436724662780762,
            "Y": 0.18470421433448792
          }
        ]
      },
      "Id": "dddda177-bfe1-4643-bd70-3dbb9b16e6cd",
      "Relationships": [
        {
          "Type": "CHILD",
          "Ids": [
            "d61023e1-05fc-4047-9bd3-1cd562100687"
          ]
        }
      ],
      "Page": 1
    },
    {
      "BlockType": "LINE",
      "Confidence": 98.24559783935547,
      "Text": "aws",
      "Geometry": {
        "BoundingBox": {
          "Width": 0.04580436274409294,
          "Height": 0.013886941596865654,
          "Left": 0.5732991695404053,
          "Top": 0.18201576173305511
        },
        "Polygon": [
          {
            "X": 0.5732991695404053,
            "Y": 0.18205730617046356
          },
          {
            "X": 0.619069516658783,
            "Y": 0.18201576173305511
          },
          {
            "X": 0.6191034913063049,
            "Y": 0.19586165249347687
          },
          {
            "X": 0.5733337998390198,
            "Y": 0.19590270519256592
          }
        ]
      },
      "Id": "17f5783d-0017-4d74-8d27-17c9b5b4cc03",
      "Relationships": [
        {
          "Type": "CHILD",
          "Ids": [
            "a39c66aa-8edd-4b98-8dde-b2cb3731d0c2"
          ]
        }
      ],
      "Page": 1
    },
    {
      "BlockType": "LINE",
      "Confidence": 99.58525848388672,
      "Text": "Experience",
      "Geometry": {
        "BoundingBox": {
          "Width": 0.04481116309762001,
          "Height": 0.007243633735924959,
          "Left": 0.6437467336654663,
          "Top": 0.18501123785972595
        },
        "Polygon": [
          {
            "X": 0.6437467336654663,
            "Y": 0.1850517839193344
          },
          {
            "X": 0.6885407567024231,
            "Y": 0.18501123785972595
          },
          {
            "X": 0.6885579228401184,
            "Y": 0.19221456348896027
          },
          {
            "X": 0.6437642574310303,
            "Y": 0.19225487112998962
          }
        ]
      },
      "Id": "c9bfcb74-cf1c-43e7-a2a8-ec33f1cb65e9",
      "Relationships": [
        {
          "Type": "CHILD",
          "Ids": [
            "4696b0af-0984-4950-8838-44461f8e3679"
          ]
        }
      ],
      "Page": 1
    },
    {
      "BlockType": "LINE",
      "Confidence": 99.84529876708984,
      "Text": "2025",
      "Geometry": {
        "BoundingBox": {
          "Width": 0.020897261798381805,
          "Height": 0.006908472627401352,
          "Left": 0.6440062522888184,
          "Top": 0.19354085624217987
        },
        "Polygon": [
          {
            "X": 0.6440062522888184,
            "Y": 0.19355961680412292
          },
          {
            "X": 0.6648869514465332,
            "Y": 0.19354085624217987
          },
          {
            "X": 0.6649035215377808,
            "Y": 0.20043067634105682
          },
          {
            "X": 0.6440230011940002,
            "Y": 0.20044931769371033
          }
        ]
      },
      "Id": "e3e5a9ed-9748-48c6-bb05-187569309ad1",
      "Relationships": [
        {
          "Type": "CHILD",
          "Ids": [
            "5b98bc4c-3a66-4c0c-b281-496ea017f354"
          ]
        }
      ],
      "Page": 1
    },
    {
      "BlockType": "LINE",
      "Confidence": 97.11122131347656,
      "Text": "Camada de aplicação:",
      "Geometry": {
        "BoundingBox": {
          "Width": 0.28256848454475403,
          "Height": 0.034472256898880005,
          "Left": 0.0851193517446518,
          "Top": 0.2796996533870697
        },
        "Polygon": [
          {
            "X": 0.0851193517446518,
            "Y": 0.27993419766426086
          },
          {
            "X": 0.3675945997238159,
            "Y": 0.2796996533870697
          },
          {
            "X": 0.36768782138824463,
            "Y": 0.31394508481025696
          },
          {
            "X": 0.08522278815507889,
            "Y": 0.3141719102859497
          }
        ]
      },
      "Id": "f7d4e718-f7ca-460a-b262-60529934a5c5",
      "Relationships": [
        {
          "Type": "CHILD",
          "Ids": [
            "ce4163d9-08e8-44a6-a9bb-ac93ba981805",
            "703fa791-fda4-4c2a-83ed-fcb9779c8721",
            "a785402d-a271-402b-9d4f-e78926c0b857"
          ]
        }
      ],
      "Page": 1
    },
    {
      "BlockType": "LINE",
      "Confidence": 95.96978759765625,
      "Text": "av",
      "Geometry": {
        "BoundingBox": {
          "Width": 0.11225583404302597,
          "Height": 0.05098588392138481,
          "Left": 0.8564057350158691,
          "Top": 0.25100523233413696
        },
        "Polygon": [
          {
            "X": 0.8564057350158691,
            "Y": 0.2511008381843567
          },
          {
            "X": 0.9685554504394531,
            "Y": 0.25100523233413696
          },
          {
            "X": 0.9686615467071533,
            "Y": 0.3019000291824341
          },
          {
            "X": 0.8565179109573364,
            "Y": 0.3019911050796509
          }
        ]
      },
      "Id": "29d3e522-7b1d-4cd6-8e4a-a67315992661",
      "Relationships": [
        {
          "Type": "CHILD",
          "Ids": [
            "4c325b1e-409f-4cb6-b19b-eac8a74a28ff"
          ]
        }
      ],
      "Page": 1
    },
    {
      "BlockType": "LINE",
      "Confidence": 98.12699890136719,
      "Text": "Soluções prontas para",
      "Geometry": {
        "BoundingBox": {
          "Width": 0.2909213602542877,
          "Height": 0.03259452432394028,
          "Left": 0.08341319113969803,
          "Top": 0.3106122314929962
        },
        "Polygon": [
          {
            "X": 0.08341319113969803,
            "Y": 0.31084656715393066
          },
          {
            "X": 0.3742466866970062,
            "Y": 0.3106122314929962
          },
          {
            "X": 0.37433457374572754,
            "Y": 0.34297993779182434
          },
          {
            "X": 0.08351101726293564,
            "Y": 0.3432067632675171
          }
        ]
      },
      "Id": "8622e3c6-b0e6-449f-b8b4-0781e2025c86",
      "Relationships": [
        {
          "Type": "CHILD",
          "Ids": [
            "6e44ada3-d72d-4a3a-b935-68595fbbb6ce",
            "f18ab2bf-1572-4400-90f4-b2363cde31cb",
            "78a0ed5d-2185-42fe-b734-3372bae9cfed"
          ]
        }
      ],
      "Page": 1
    },
    {
      "BlockType": "LINE",
      "Confidence": 99.84143829345703,
      "Text": "empresas",
      "Geometry": {
        "BoundingBox": {
          "Width": 0.12042054533958435,
          "Height": 0.02305443584918976,
          "Left": 0.08265107125043869,
          "Top": 0.3458932936191559
        },
        "Polygon": [
          {
            "X": 0.08265107125043869,
            "Y": 0.34598690271377563
          },
          {
            "X": 0.2030051052570343,
            "Y": 0.3458932936191559
          },
          {
            "X": 0.20307160913944244,
            "Y": 0.3688563108444214
          },
          {
            "X": 0.08272050321102142,
            "Y": 0.36894771456718445
          }
        ]
      },
      "Id": "da1a1642-dbbe-461d-918f-53a4715f317e",
      "Relationships": [
        {
          "Type": "CHILD",
          "Ids": [
            "55d105cc-e415-4ee4-84e5-d4dbeaf2cfba"
          ]
        }
      ],
      "Page": 1
    },
    {
      "BlockType": "WORD",
      "Confidence": 89.06562042236328,
      "Text": "Cloud",
      "TextType": "PRINTED",
      "Geometry": {
        "BoundingBox": {
          "Width": 0.02441026270389557,
          "Height": 0.0065688323229551315,
          "Left": 0.6436565518379211,
          "Top": 0.17813538014888763
        },
        "Polygon": [
          {
            "X": 0.6436565518379211,
            "Y": 0.17815759778022766
          },
          {
            "X": 0.6680510640144348,
            "Y": 0.17813538014888763
          },
          {
            "X": 0.6680667996406555,
            "Y": 0.18468213081359863
          },
          {
            "X": 0.6436724662780762,
            "Y": 0.18470421433448792
          }
        ]
      },
      "Id": "d61023e1-05fc-4047-9bd3-1cd562100687",
      "Page": 1
    },
    {
      "BlockType": "WORD",
      "Confidence": 98.24559783935547,
      "Text": "aws",
      "TextType": "PRINTED",
      "Geometry": {
        "BoundingBox": {
          "Width": 0.04580436274409294,
          "Height": 0.013886941596865654,
          "Left": 0.5732991695404053,
          "Top": 0.18201576173305511
        },
        "Polygon": [
          {
            "X": 0.5732991695404053,
            "Y": 0.18205730617046356
          },
          {
            "X": 0.619069516658783,
            "Y": 0.18201576173305511
          },
          {
            "X": 0.6191034913063049,
            "Y": 0.19586165249347687
          },
          {
            "X": 0.5733337998390198,
            "Y": 0.19590270519256592
          }
        ]
      },
      "Id": "a39c66aa-8edd-4b98-8dde-b2cb3731d0c2",
      "Page": 1
    },
    {
      "BlockType": "WORD",
      "Confidence": 99.58525848388672,
      "Text": "Experience",
      "TextType": "PRINTED",
      "Geometry": {
        "BoundingBox": {
          "Width": 0.04481116309762001,
          "Height": 0.007243633735924959,
          "Left": 0.6437467336654663,
          "Top": 0.18501123785972595
        },
        "Polygon": [
          {
            "X": 0.6437467336654663,
            "Y": 0.1850517839193344
          },
          {
            "X": 0.6885407567024231,
            "Y": 0.18501123785972595
          },
          {
            "X": 0.6885579228401184,
            "Y": 0.19221456348896027
          },
          {
            "X": 0.6437642574310303,
            "Y": 0.19225487112998962
          }
        ]
      },
      "Id": "4696b0af-0984-4950-8838-44461f8e3679",
      "Page": 1
    },
    {
      "BlockType": "WORD",
      "Confidence": 99.84529876708984,
      "Text": "2025",
      "TextType": "PRINTED",
      "Geometry": {
        "BoundingBox": {
          "Width": 0.020897261798381805,
          "Height": 0.006908472627401352,
          "Left": 0.6440062522888184,
          "Top": 0.19354085624217987
        },
        "Polygon": [
          {
            "X": 0.6440062522888184,
            "Y": 0.19355961680412292
          },
          {
            "X": 0.6648869514465332,
            "Y": 0.19354085624217987
          },
          {
            "X": 0.6649035215377808,
            "Y": 0.20043067634105682
          },
          {
            "X": 0.6440230011940002,
            "Y": 0.20044931769371033
          }
        ]
      },
      "Id": "5b98bc4c-3a66-4c0c-b281-496ea017f354",
      "Page": 1
    },
    {
      "BlockType": "WORD",
      "Confidence": 98.9354248046875,
      "Text": "Camada",
      "TextType": "PRINTED",
      "Geometry": {
        "BoundingBox": {
          "Width": 0.1014428660273552,
          "Height": 0.023979591205716133,
          "Left": 0.0851505920290947,
          "Top": 0.2901923358440399
        },
        "Polygon": [
          {
            "X": 0.0851505920290947,
            "Y": 0.2902756631374359
          },
          {
            "X": 0.18652382493019104,
            "Y": 0.2901923358440399
          },
          {
            "X": 0.1865934580564499,
            "Y": 0.3140905201435089
          },
          {
            "X": 0.08522278815507889,
            "Y": 0.3141719102859497
          }
        ]
      },
      "Id": "ce4163d9-08e8-44a6-a9bb-ac93ba981805",
      "Page": 1
    },
    {
      "BlockType": "WORD",
      "Confidence": 99.85527801513672,
      "Text": "de",
      "TextType": "PRINTED",
      "Geometry": {
        "BoundingBox": {
          "Width": 0.03231396526098251,
          "Height": 0.0187750905752182,
          "Left": 0.19291773438453674,
          "Top": 0.2884233891963959
        },
        "Polygon": [
          {
            "X": 0.19291773438453674,
            "Y": 0.2884499430656433
          },
          {
            "X": 0.2251778393983841,
            "Y": 0.2884233891963959
          },
          {
            "X": 0.22523170709609985,
            "Y": 0.30717238783836365
          },
          {
            "X": 0.19297224283218384,
            "Y": 0.3071984648704529
          }
        ]
      },
      "Id": "703fa791-fda4-4c2a-83ed-fcb9779c8721",
      "Page": 1
    },
    {
      "BlockType": "WORD",
      "Confidence": 92.54296112060547,
      "Text": "aplicação:",
      "TextType": "PRINTED",
      "Geometry": {
        "BoundingBox": {
          "Width": 0.1369151622056961,
          "Height": 0.03021647408604622,
          "Left": 0.23076139390468597,
          "Top": 0.2796996533870697
        },
        "Polygon": [
          {
            "X": 0.23076139390468597,
            "Y": 0.2798132598400116
          },
          {
            "X": 0.3675945997238159,
            "Y": 0.2796996533870697
          },
          {
            "X": 0.3676765561103821,
            "Y": 0.30980581045150757
          },
          {
            "X": 0.23084770143032074,
            "Y": 0.3099161386489868
          }
        ]
      },
      "Id": "a785402d-a271-402b-9d4f-e78926c0b857",
      "Page": 1
    },
    {
      "BlockType": "WORD",
      "Confidence": 95.96978759765625,
      "Text": "av",
      "TextType": "PRINTED",
      "Geometry": {
        "BoundingBox": {
          "Width": 0.11225583404302597,
          "Height": 0.05098588392138481,
          "Left": 0.8564057350158691,
          "Top": 0.25100523233413696
        },
        "Polygon": [
          {
            "X": 0.8564057350158691,
            "Y": 0.2511008381843567
          },
          {
            "X": 0.9685554504394531,
            "Y": 0.25100523233413696
          },
          {
            "X": 0.9686615467071533,
            "Y": 0.3019000291824341
          },
          {
            "X": 0.8565179109573364,
            "Y": 0.3019911050796509
          }
        ]
      },
      "Id": "4c325b1e-409f-4cb6-b19b-eac8a74a28ff",
      "Page": 1
    },
    {
      "BlockType": "WORD",
      "Confidence": 94.90658569335938,
      "Text": "Soluções",
      "TextType": "PRINTED",
      "Geometry": {
        "BoundingBox": {
          "Width": 0.11255020648241043,
          "Height": 0.026227882131934166,
          "Left": 0.08343199640512466,
          "Top": 0.3169788718223572
        },
        "Polygon": [
          {
            "X": 0.08343199640512466,
            "Y": 0.3170689344406128
          },
          {
            "X": 0.19590629637241364,
            "Y": 0.3169788718223572
          },
          {
            "X": 0.1959822028875351,
            "Y": 0.3431190550327301
          },
          {
            "X": 0.08351101726293564,
            "Y": 0.3432067632675171
          }
        ]
      },
      "Id": "6e44ada3-d72d-4a3a-b935-68595fbbb6ce",
      "Page": 1
    },
    {
      "BlockType": "WORD",
      "Confidence": 99.86568450927734,
      "Text": "prontas",
      "TextType": "PRINTED",
      "Geometry": {
        "BoundingBox": {
          "Width": 0.10388767719268799,
          "Height": 0.025083843618631363,
          "Left": 0.20201797783374786,
          "Top": 0.312968909740448
        },
        "Polygon": [
          {
            "X": 0.20201797783374786,
            "Y": 0.31305235624313354
          },
          {
            "X": 0.3058359622955322,
            "Y": 0.312968909740448
          },
          {
            "X": 0.30590566992759705,
            "Y": 0.33797135949134827
          },
          {
            "X": 0.20209042727947235,
            "Y": 0.33805274963378906
          }
        ]
      },
      "Id": "f18ab2bf-1572-4400-90f4-b2363cde31cb",
      "Page": 1
    },
    {
      "BlockType": "WORD",
      "Confidence": 99.60871124267578,
      "Text": "para",
      "TextType": "PRINTED",
      "Geometry": {
        "BoundingBox": {
          "Width": 0.0626048892736435,
          "Height": 0.022527528926730156,
          "Left": 0.31170281767845154,
          "Top": 0.3106122314929962
        },
        "Polygon": [
          {
            "X": 0.31170281767845154,
            "Y": 0.3106626272201538
          },
          {
            "X": 0.3742466866970062,
            "Y": 0.3106122314929962
          },
          {
            "X": 0.3743077218532562,
            "Y": 0.33309048414230347
          },
          {
            "X": 0.3117653429508209,
            "Y": 0.3331397771835327
          }
        ]
      },
      "Id": "78a0ed5d-2185-42fe-b734-3372bae9cfed",
      "Page": 1
    },
    {
      "BlockType": "WORD",
      "Confidence": 99.84143829345703,
      "Text": "empresas",
      "TextType": "PRINTED",
      "Geometry": {
        "BoundingBox": {
          "Width": 0.12042054533958435,
          "Height": 0.02305443584918976,
          "Left": 0.08265107125043869,
          "Top": 0.3458932936191559
        },
        "Polygon": [
          {
            "X": 0.08265107125043869,
            "Y": 0.34598690271377563
          },
          {
            "X": 0.2030051052570343,
            "Y": 0.3458932936191559
          },
          {
            "X": 0.20307160913944244,
            "Y": 0.3688563108444214
          },
          {
            "X": 0.08272050321102142,
            "Y": 0.36894771456718445
          }
        ]
      },
      "Id": "55d105cc-e415-4ee4-84e5-d4dbeaf2cfba",
      "Page": 1
    }
  ],
  "DetectDocumentTextModelVersion": "1.0"
}