{
  "DocumentMetadata": {
    "Pages": 1
  },
  "JobStatus": "SUCCEEDED",
  "Blocks": [
    {
      "BlockType": "PAGE",
      "Geometry": {
        "BoundingBox": {
          "Width": 0.9460421204566956,
          "Height": 0.6356720328330994,
          "Left": 0.01226822566241026,
          "Top": 0.047004666179418564
        },
        "Polygon": [
          {
            "X": 0.01226822566241026,
            "Y": 0.10506163537502289
          },
          {
            "X": 0.9437930583953857,
            "Y": 0.047004666179418564
          },
          {
            "X": 0.9583103656768799,
            "Y": 0.6536142826080322
          },
          {
            "X": 0.02414311282336712,
            "Y": 0.6826767325401306
          }
        ]
      },
      "Id": "48567a42-7cc3-457a-8a38-000e8d8b3990",
      "Relationships": [
        {
          "Type": "CHILD",
          "Ids": [
            "089d8bbb-fe44-4321-899d-9065e5ecf2ff",
            "d35f5a8c-33b9-4ffb-bb5d-58597b1e95a6",
            "73e73fdd-3426-41d6-b2eb-8985b9c5eb17",
            "8215a0eb-2b09-46c6-b1aa-2ed982a46b3a",
            "56581558-9cc3-4e19-adf3-655b160c30fa",
            "12862e11-d567-4746-b2d0-44861bf86b03",
            "43ab5cf6-707b-46f9-859d-b0fab01ac3e8",
            "9c443017-757f-4d8a-a68e-3f8b131381c9",
            "8e21ef78-fd33-4d94-af4a-b525e2196b97",
            "4d7a2667-c3f0-4f67-8172-f184426458ec",
            "41ddaf34-a579-4758-925a-ab22f6e5e6a6",
            "5c8dba56-7d4c-4a7b-a1bb-d79a9e091697",
            "70c92292-9174-471d-89d6-0dd49a047a87",
            "3913d32a-dea9-4a74-bef9-82aad4395f46",
            "dc07c414-49dc-44b1-b9e5-6fa70217b7c5",
            "5215d567-8494-473c-b4fe-11993a0b5079",
            "eaf089ca-4d22-4df7-a135-19518b31c1f4",
            "ceb901fb-719c-47ba-8ce0-e63baec70575",
            "e82fb7d8-0d02-4dcf-b218-0476438fd74f",
            "10fd846f-ad5c-4899-97a4-a457f581edc7",
            "4bad80de-a8bd-4321-8798-122b8c4e0d1e"
          ]
        }
      ],
      "Page": 1
    },
    {
      "BlockType": "LINE",
      "Confidence": 96.17106628417969,
      "Text": "Cloud",
      "Geometry": {
        "BoundingBox": {
          "Width": 0.02529158815741539,
          "Height": 0.007461704313755035,
          "Left": 0.7651440501213074,
          "Top": 0.18702833354473114
        },
        "Polygon": [
          {
            "X": 0.7651440501213074,
            "Y": 0.18842573463916779
          },
          {
            "X": 0.7902937531471252,
            "Y": 0.18702833354473114
          },
          {
            "X": 0.7904356718063354,
            "Y": 0.19310051202774048
          },
          {
            "X": 0.7652851939201355,
            "Y": 0.19449003040790558
          }
        ]
      },
      "Id": "089d8bbb-fe44-4321-899d-9065e5ecf2ff",
      "Relationships": [
        {
          "Type": "CHILD",
          "Ids": [
            "a30ca063-aec1-434f-8928-b5aa8fcfcf78"
          ]
        }
      ],
      "Page": 1
    },
    {
      "BlockType": "LINE",
      "Confidence": 97.12484741210938,
      "Text": "relacionadas melhoram a precisão QUE VOCE",
      "Geometry": {
        "BoundingBox": {
          "Width": 0.35331571102142334,
          "Height": 0.05172647163271904,
          "Left": 0.29477429389953613,
          "Top": 0.19684962928295135
        },
        "Polygon": [
          {
            "X": 0.29477429389953613,
            "Y": 0.21640487015247345
          },
          {
            "X": 0.647341251373291,
            "Y": 0.19684962928295135
          },
          {
            "X": 0.6480900049209595,
            "Y": 0.22962196171283722
          },
          {
            "X": 0.295468270778656,
            "Y": 0.2485761046409607
          }
        ]
      },
      "Id": "d35f5a8c-33b9-4ffb-bb5d-58597b1e95a6",
      "Relationships": [
        {
          "Type": "CHILD",
          "Ids": [
            "c913c4a6-359f-46d9-a518-b2a96dc24ff3",
            "3c292c6c-e116-4479-b14d-8509ba58ba01",
            "710a3372-1f7b-4653-a529-12f7b66badec",
            "748c5c6c-8011-48b9-a6a4-8b82ea791ccb",
            "bdec8ba1-b664-40a5-bec7-0e439cb43e4f",
            "250492cb-f046-4dcd-b99c-85051762388d"
          ]
        }
      ],
      "Page": 1
    },
    {
      "BlockType": "LINE",
      "Confidence": 70.34813690185547,
      "Text": "aws",
      "Geometry": {
        "BoundingBox": {
          "Width": 0.046687666326761246,
          "Height": 0.015076166950166225,
          "Left": 0.6908434629440308,
          "Top": 0.19346091151237488
        },
        "Polygon": [
          {
            "X": 0.6908434629440308,
            "Y": 0.19603049755096436
          },
          {
            "X": 0.7372406721115112,
            "Y": 0.19346091151237488
          },
          {
            "X": 0.7375311851501465,
            "Y": 0.20599761605262756
          },
          {
            "X": 0.6911311745643616,
            "Y": 0.20853707194328308
          }
        ]
      },
      "Id": "73e73fdd-3426-41d6-b2eb-8985b9c5eb17",
      "Relationships": [
        {
          "Type": "CHILD",
          "Ids": [
            "9494c008-bcf5-4203-8794-3f90dc031d2a"
          ]
        }
      ],
      "Page": 1
    },
    {
      "BlockType": "LINE",
      "Confidence": 99.52688598632812,
      "Text": "Experience",
      "Geometry": {
        "BoundingBox": {
          "Width": 0.04755624756217003,
          "Height": 0.009813210926949978,
          "Left": 0.7654768228530884,
          "Top": 0.19320006668567657
        },
        "Polygon": [
          {
            "X": 0.7654768228530884,
            "Y": 0.1958148330450058
          },
          {
            "X": 0.8128638863563538,
            "Y": 0.19320006668567657
          },
          {
            "X": 0.8130331039428711,
            "Y": 0.20041613280773163
          },
          {
            "X": 0.765644371509552,
            "Y": 0.20301327109336853
          }
        ]
      },
      "Id": "8215a0eb-2b09-46c6-b1aa-2ed982a46b3a",
      "Relationships": [
        {
          "Type": "CHILD",
          "Ids": [
            "85ccc0e6-b024-45af-af18-7ae062ce1896"
          ]
        }
      ],
      "Page": 1
    },
    {
      "BlockType": "LINE",
      "Confidence": 99.86827087402344,
      "Text": "2025",
      "Geometry": {
        "BoundingBox": {
          "Width": 0.021710725501179695,
          "Height": 0.006894819438457489,
          "Left": 0.7653244137763977,
          "Top": 0.2031683772802353
        },
        "Polygon": [
          {
            "X": 0.7653244137763977,
            "Y": 0.20434942841529846
          },
          {
            "X": 0.7869015336036682,
            "Y": 0.2031683772802353
          },
          {
            "X": 0.7870351076126099,
            "Y": 0.20888851583003998
          },
          {
            "X": 0.7654573917388916,
            "Y": 0.21006318926811218
          }
        ]
      },
      "Id": "56581558-9cc3-4e19-adf3-655b160c30fa",
      "Relationships": [
        {
          "Type": "CHILD",
          "Ids": [
            "86b59fda-4a3f-4323-9223-903ad60d7ddf"
          ]
        }
      ],
      "Page": 1
    },
    {
      "BlockType": "LINE",
      "Confidence": 91.94623565673828,
      "Text": "Variáveis INDEPENDENTES PODEM INFLUENCIAR O RESULTADO DO",
      "Geometry": {
        "BoundingBox": {
          "Width": 0.3699142336845398,
          "Height": 0.04342572018504143,
          "Left": 0.2008969783782959,
          "Top": 0.22475142776966095
        },
        "Polygon": [
          {
            "X": 0.2008969783782959,
            "Y": 0.24478144943714142
          },
          {
            "X": 0.5702728629112244,
            "Y": 0.22475142776966095
          },
          {
            "X": 0.5708112120628357,
            "Y": 0.24860742688179016
          },
          {
            "X": 0.20139366388320923,
            "Y": 0.2681771516799927
          }
        ]
      },
      "Id": "12862e11-d567-4746-b2d0-44861bf86b03",
      "Relationships": [
        {
          "Type": "CHILD",
          "Ids": [
            "68df7a4b-34a2-4d33-8bc1-cda961ab00b5",
            "f0638540-3b66-4a40-bcdb-ab7c399c3c25",
            "fab672f9-8cb2-4759-bce2-633b19c08cfa",
            "5111f43f-0157-403e-9b13-9e91f471d4cd",
            "54010e39-a63d-43ea-91fe-7e44654e2c47",
            "3f26d39e-78fd-40de-bc86-c58c1f9e9e09",
            "06c1e632-5eac-4fc4-9d8c-c1a4d6289913"
          ]
        }
      ],
      "Page": 1
    },
    {
      "BlockType": "LINE",
      "Confidence": 59.40766906738281,
      "Text": "VARIÁVEIS",
      "Geometry": {
        "BoundingBox": {
          "Width": 0.052346233278512955,
          "Height": 0.012760474346578121,
          "Left": 0.19880367815494537,
          "Top": 0.2598007619380951
        },
        "Polygon": [
          {
            "X": 0.19880367815494537,
            "Y": 0.26257839798927307
          },
          {
            "X": 0.2509355843067169,
            "Y": 0.2598007619380951
          },
          {
            "X": 0.2511499226093292,
            "Y": 0.2698113024234772
          },
          {
            "X": 0.1990155279636383,
            "Y": 0.2725612223148346
          }
        ]
      },
      "Id": "43ab5cf6-707b-46f9-859d-b0fab01ac3e8",
      "Relationships": [
        {
          "Type": "CHILD",
          "Ids": [
            "3e234f96-a2be-4963-a50b-84fb7305addb"
          ]
        }
      ],
      "Page": 1
    },
    {
      "BlockType": "LINE",
      "Confidence": 89.3622817993164,
      "Text": "ESTA PREVENDO",
      "Geometry": {
        "BoundingBox": {
          "Width": 0.08009804785251617,
          "Height": 0.014357981272041798,
          "Left": 0.1984710991382599,
          "Top": 0.2645987868309021
        },
        "Polygon": [
          {
            "X": 0.1984710991382599,
            "Y": 0.26882824301719666
          },
          {
            "X": 0.2783503532409668,
            "Y": 0.2645987868309021
          },
          {
            "X": 0.27856913208961487,
            "Y": 0.27477043867111206
          },
          {
            "X": 0.19868601858615875,
            "Y": 0.2789567708969116
          }
        ]
      },
      "Id": "9c443017-757f-4d8a-a68e-3f8b131381c9",
      "Relationships": [
        {
          "Type": "CHILD",
          "Ids": [
            "3d090be8-73a4-4633-b5ad-6c5e4bf4df2b",
            "7b3ea684-dfb0-481b-9ce5-e7fae07efd9d"
          ]
        }
      ],
      "Page": 1
    },
    {
      "BlockType": "LINE",
      "Confidence": 98.4569091796875,
      "Text": "Passado",
      "Geometry": {
        "BoundingBox": {
          "Width": 0.026741178706288338,
          "Height": 0.007218142505735159,
          "Left": 0.5166195631027222,
          "Top": 0.27453622221946716
        },
        "Polygon": [
          {
            "X": 0.5166195631027222,
            "Y": 0.27591168880462646
          },
          {
            "X": 0.5432292819023132,
            "Y": 0.27453622221946716
          },
          {
            "X": 0.5433607697486877,
            "Y": 0.2803870439529419
          },
          {
            "X": 0.5167502760887146,
            "Y": 0.28175437450408936
          }
        ]
      },
      "Id": "8e21ef78-fd33-4d94-af4a-b525e2196b97",
      "Relationships": [
        {
          "Type": "CHILD",
          "Ids": [
            "423a3a62-b8f2-41ad-b19b-b8a4b1ebd138"
          ]
        }
      ],
      "Page": 1
    },
    {
      "BlockType": "LINE",
      "Confidence": 97.20319366455078,
      "Text": "Futuro",
      "Geometry": {
        "BoundingBox": {
          "Width": 0.02322201430797577,
          "Height": 0.005838076118379831,
          "Left": 0.5972719788551331,
          "Top": 0.2683538496494293
        },
        "Polygon": [
          {
            "X": 0.5972719788551331,
            "Y": 0.2695513963699341
          },
          {
            "X": 0.6203883290290833,
            "Y": 0.2683538496494293
          },
          {
            "X": 0.62049400806427,
            "Y": 0.27300000190734863
          },
          {
            "X": 0.5973771214485168,
            "Y": 0.2741919159889221
          }
        ]
      },
      "Id": "4d7a2667-c3f0-4f67-8172-f184426458ec",
      "Relationships": [
        {
          "Type": "CHILD",
          "Ids": [
            "9fbdf6f0-b27d-4f60-87f1-9030bc381141"
          ]
        }
      ],
      "Page": 1
    },
    {
      "BlockType": "LINE",
      "Confidence": 94.93529510498047,
      "Text": "(Fim dos dados disponíveis)",
      "Geometry": {
        "BoundingBox": {
          "Width": 0.08867054432630539,
          "Height": 0.013303544372320175,
          "Left": 0.4863225519657135,
          "Top": 0.27795931696891785
        },
        "Polygon": [
          {
            "X": 0.4863225519657135,
            "Y": 0.2825089693069458
          },
          {
            "X": 0.5747945308685303,
            "Y": 0.27795931696891785
          },
          {
            "X": 0.5749930739402771,
            "Y": 0.2867538034915924
          },
          {
            "X": 0.48651739954948425,
            "Y": 0.2912628650665283
          }
        ]
      },
      "Id": "41ddaf34-a579-4758-925a-ab22f6e5e6a6",
      "Relationships": [
        {
          "Type": "CHILD",
          "Ids": [
            "28ba8d07-3027-4f71-b691-0b6b0214c891",
            "4565d3ae-5828-41de-9a08-2a890dd74653",
            "da472d51-faa9-4cca-96d2-c23bb547d153",
            "f58c295f-8809-4bf8-a2b3-bffae6350afd"
          ]
        }
      ],
      "Page": 1
    },
    {
      "BlockType": "LINE",
      "Confidence": 99.16329193115234,
      "Text": "Cloud",
      "Geometry": {
        "BoundingBox": {
          "Width": 0.046687252819538116,
          "Height": 0.01663270965218544,
          "Left": 0.04516691714525223,
          "Top": 0.3128668963909149
        },
        "Polygon": [
          {
            "X": 0.04516691714525223,
            "Y": 0.31522735953330994
          },
          {
            "X": 0.09155614674091339,
            "Y": 0.3128668963909149
          },
          {
            "X": 0.09185416996479034,
            "Y": 0.32717469334602356
          },
          {
            "X": 0.045461807399988174,
            "Y": 0.32949960231781006
          }
        ]
      },
      "Id": "5c8dba56-7d4c-4a7b-a1bb-d79a9e091697",
      "Relationships": [
        {
          "Type": "CHILD",
          "Ids": [
            "71b4d2c2-980e-4cd0-9b8e-bced98dbf635"
          ]
        }
      ],
      "Page": 1
    },
    {
      "BlockType": "LINE",
      "Confidence": 99.74183654785156,
      "Text": "Experience",
      "Geometry": {
        "BoundingBox": {
          "Width": 0.0873967781662941,
          "Height": 0.021211696788668633,
          "Left": 0.04227667674422264,
          "Top": 0.329175740480423
        },
        "Polygon": [
          {
            "X": 0.04227667674422264,
            "Y": 0.3335196077823639
          },
          {
            "X": 0.12931817770004272,
            "Y": 0.329175740480423
          },
          {
            "X": 0.12967345118522644,
            "Y": 0.3461224436759949
          },
          {
            "X": 0.04262499511241913,
            "Y": 0.35038742423057556
          }
        ]
      },
      "Id": "70c92292-9174-471d-89d6-0dd49a047a87",
      "Relationships": [
        {
          "Type": "CHILD",
          "Ids": [
            "50bdc7db-d30d-47f7-958c-7927a3626ef8"
          ]
        }
      ],
      "Page": 1
    },
    {
      "BlockType": "LINE",
      "Confidence": 99.36092376708984,
      "Text": "Demanda",
      "Geometry": {
        "BoundingBox": {
          "Width": 0.034054387360811234,
          "Height": 0.008179518394172192,
          "Left": 0.24278013408184052,
          "Top": 0.32383808493614197
        },
        "Polygon": [
          {
            "X": 0.24278013408184052,
            "Y": 0.32552698254585266
          },
          {
            "X": 0.27669474482536316,
            "Y": 0.32383808493614197
          },
          {
            "X": 0.27683451771736145,
            "Y": 0.3303404152393341
          },
          {
            "X": 0.24291886389255524,
            "Y": 0.33201760053634644
          }
        ]
      },
      "Id": "3913d32a-dea9-4a74-bef9-82aad4395f46",
      "Relationships": [
        {
          "Type": "CHILD",
          "Ids": [
            "8c9e2497-2df7-4ae4-bea8-bd2a304b1775"
          ]
        }
      ],
      "Page": 1
    },
    {
      "BlockType": "LINE",
      "Confidence": 99.81636810302734,
      "Text": "2025",
      "Geometry": {
        "BoundingBox": {
          "Width": 0.03904613107442856,
          "Height": 0.013990044593811035,
          "Left": 0.04002431035041809,
          "Top": 0.35255610942840576
        },
        "Polygon": [
          {
            "X": 0.04002431035041809,
            "Y": 0.3544486165046692
          },
          {
            "X": 0.07881852239370346,
            "Y": 0.35255610942840576
          },
          {
            "X": 0.07907044142484665,
            "Y": 0.36467885971069336
          },
          {
            "X": 0.0402740053832531,
            "Y": 0.3665461540222168
          }
        ]
      },
      "Id": "dc07c414-49dc-44b1-b9e5-6fa70217b7c5",
      "Relationships": [
        {
          "Type": "CHILD",
          "Ids": [
            "6e690caa-2750-4b6f-962e-4b1a88aba2d8"
          ]
        }
      ],
      "Page": 1
    },
    {
      "BlockType": "LINE",
      "Confidence": 96.54618835449219,
      "Text": "Inventário",
      "Geometry": {
        "BoundingBox": {
          "Width": 0.037190746515989304,
          "Height": 0.008218193426728249,
          "Left": 0.23882392048835754,
          "Top": 0.360061913728714
        },
        "Polygon": [
          {
            "X": 0.23882392048835754,
            "Y": 0.36183565855026245
          },
          {
            "X": 0.27587589621543884,
            "Y": 0.360061913728714
          },
          {
            "X": 0.27601465582847595,
            "Y": 0.3665190637111664
          },
          {
            "X": 0.23896156251430511,
            "Y": 0.3682801127433777
          }
        ]
      },
      "Id": "5215d567-8494-473c-b4fe-11993a0b5079",
      "Relationships": [
        {
          "Type": "CHILD",
          "Ids": [
            "759c25fd-252b-45a2-a4aa-06c6262b603d"
          ]
        }
      ],
      "Page": 1
    },
    {
      "BlockType": "LINE",
      "Confidence": 99.7508316040039,
      "Text": "Tratamento de",
      "Geometry": {
        "BoundingBox": {
          "Width": 0.05460626631975174,
          "Height": 0.008658613078296185,
          "Left": 0.2352898269891739,
          "Top": 0.3975965976715088
        },
        "Polygon": [
          {
            "X": 0.2352898269891739,
            "Y": 0.40009361505508423
          },
          {
            "X": 0.2897629737854004,
            "Y": 0.3975965976715088
          },
          {
            "X": 0.2898961007595062,
            "Y": 0.403776079416275
          },
          {
            "X": 0.2354213297367096,
            "Y": 0.40625521540641785
          }
        ]
      },
      "Id": "eaf089ca-4d22-4df7-a135-19518b31c1f4",
      "Relationships": [
        {
          "Type": "CHILD",
          "Ids": [
            "5403fcca-27e9-41d0-81f4-d2b1e8bc3126",
            "952b9b89-e900-41d7-bde5-282bc53a75d2"
          ]
        }
      ],
      "Page": 1
    },
    {
      "BlockType": "LINE",
      "Confidence": 99.69137573242188,
      "Text": "varejo",
      "Geometry": {
        "BoundingBox": {
          "Width": 0.02271951735019684,
          "Height": 0.007871889509260654,
          "Left": 0.2344249039888382,
          "Top": 0.4076252579689026
        },
        "Polygon": [
          {
            "X": 0.2344249039888382,
            "Y": 0.4086497128009796
          },
          {
            "X": 0.25699758529663086,
            "Y": 0.4076252579689026
          },
          {
            "X": 0.25714442133903503,
            "Y": 0.41448092460632324
          },
          {
            "X": 0.23457102477550507,
            "Y": 0.41549715399742126
          }
        ]
      },
      "Id": "ceb901fb-719c-47ba-8ce0-e63baec70575",
      "Relationships": [
        {
          "Type": "CHILD",
          "Ids": [
            "57f48e65-e8e2-4736-9af6-5acf911276b1"
          ]
        }
      ],
      "Page": 1
    },
    {
      "BlockType": "LINE",
      "Confidence": 94.77494812011719,
      "Text": "Características",
      "Geometry": {
        "BoundingBox": {
          "Width": 0.05357802286744118,
          "Height": 0.008798155933618546,
          "Left": 0.23163309693336487,
          "Top": 0.4356127083301544
        },
        "Polygon": [
          {
            "X": 0.23163309693336487,
            "Y": 0.43795478343963623
          },
          {
            "X": 0.28507179021835327,
            "Y": 0.4356127083301544
          },
          {
            "X": 0.28521111607551575,
            "Y": 0.4420871436595917
          },
          {
            "X": 0.23177076876163483,
            "Y": 0.44441086053848267
          }
        ]
      },
      "Id": "e82fb7d8-0d02-4dcf-b218-0476438fd74f",
      "Relationships": [
        {
          "Type": "CHILD",
          "Ids": [
            "b774b966-8e25-4539-972d-6f1a0cbbcc21"
          ]
        }
      ],
      "Page": 1
    },
    {
      "BlockType": "LINE",
      "Confidence": 92.43689727783203,
      "Text": "climáticas",
      "Geometry": {
        "BoundingBox": {
          "Width": 0.036679599434137344,
          "Height": 0.007783243898302317,
          "Left": 0.2309740036725998,
          "Top": 0.4448690116405487
        },
        "Polygon": [
          {
            "X": 0.2309740036725998,
            "Y": 0.4464542269706726
          },
          {
            "X": 0.26752036809921265,
            "Y": 0.4448690116405487
          },
          {
            "X": 0.26765358448028564,
            "Y": 0.4510791003704071
          },
          {
            "X": 0.23110616207122803,
            "Y": 0.452652245759964
          }
        ]
      },
      "Id": "10fd846f-ad5c-4899-97a4-a457f581edc7",
      "Relationships": [
        {
          "Type": "CHILD",
          "Ids": [
            "f07706f3-5409-4c38-8f3b-dc671b44473c"
          ]
        }
      ],
      "Page": 1
    },
    {
      "BlockType": "LINE",
      "Confidence": 95.35099792480469,
      "Text": "16",
      "Geometry": {
        "BoundingBox": {
          "Width": 0.00832421239465475,
          "Height": 0.005006288643926382,
          "Left": 0.8142498135566711,
          "Top": 0.45544135570526123
        },
        "Polygon": [
          {
            "X": 0.8142498135566711,
            "Y": 0.455782949924469
          },
          {
            "X": 0.8224645256996155,
            "Y": 0.45544135570526123
          },
          {
            "X": 0.8225740194320679,
            "Y": 0.46010804176330566
          },
          {
            "X": 0.8143590688705444,
            "Y": 0.46044763922691345
          }
        ]
      },
      "Id": "4bad80de-a8bd-4321-8798-122b8c4e0d1e",
      "Relationships": [
        {
          "Type": "CHILD",
          "Ids": [
            "88263f3e-f20c-4352-a258-f60be2cc7bc0"
          ]
        }
      ],
      "Page": 1
    },
    {
      "BlockType": "WORD",
      "Confidence": 96.17106628417969,
      "Text": "Cloud",
      "TextType": "PRINTED",
      "Geometry": {
        "BoundingBox": {
          "Width": 0.02529158815741539,
          "Height": 0.007461704313755035,
          "Left": 0.7651440501213074,
          "Top": 0.18702833354473114
        },
        "Polygon": [
          {
            "X": 0.7651440501213074,
            "Y": 0.18842573463916779
          },
          {
            "X": 0.7902937531471252,
            "Y": 0.18702833354473114
          },
          {
            "X": 0.7904356718063354,
            "Y": 0.19310051202774048
          },
          {
            "X": 0.7652851939201355,
            "Y": 0.19449003040790558
          }
        ]
      },
      "Id": "a30ca063-aec1-434f-8928-b5aa8fcfcf78",
      "Page": 1
    },
    {
      "BlockType": "WORD",
      "Confidence": 99.31459045410156,
      "Text": "relacionadas",
      "TextType": "PRINTED",
      "Geometry": {
        "BoundingBox": {
          "Width": 0.12150183320045471,
          "Height": 0.023796936497092247,
          "Left": 0.2950977683067322,
          "Top": 0.2247791737318039
        },
        "Polygon": [
          {
            "X": 0.2950977683067322,
            "Y": 0.2314004749059677
          },
          {
            "X": 0.41621914505958557,
            "Y": 0.2247791737318039
          },
          {
            "X": 0.4165996015071869,
            "Y": 0.24206504225730896
          },
          {
            "X": 0.295468270778656,
            "Y": 0.2485761046409607
          }
        ]
      },
      "Id": "c913c4a6-359f-46d9-a518-b2a96dc24ff3",
      "Page": 1
    },
    {
      "BlockType": "WORD",
      "Confidence": 99.80594635009766,
      "Text": "melhoram",
      "TextType": "PRINTED",
      "Geometry": {
        "BoundingBox": {
          "Width": 0.09105034172534943,
          "Height": 0.02084174193441868,
          "Left": 0.4253461956977844,
          "Top": 0.2128407210111618
        },
        "Polygon": [
          {
            "X": 0.4253461956977844,
            "Y": 0.21782957017421722
          },
          {
            "X": 0.5160402059555054,
            "Y": 0.2128407210111618
          },
          {
            "X": 0.5163965225219727,
            "Y": 0.22876928746700287
          },
          {
            "X": 0.42569562792778015,
            "Y": 0.23368246853351593
          }
        ]
      },
      "Id": "3c292c6c-e116-4479-b14d-8509ba58ba01",
      "Page": 1
    },
    {
      "BlockType": "WORD",
      "Confidence": 99.71088409423828,
      "Text": "a",
      "TextType": "PRINTED",
      "Geometry": {
        "BoundingBox": {
          "Width": 0.009456634521484375,
          "Height": 0.009154904633760452,
          "Left": 0.528457760810852,
          "Top": 0.21204425394535065
        },
        "Polygon": [
          {
            "X": 0.528457760810852,
            "Y": 0.21255356073379517
          },
          {
            "X": 0.5377202033996582,
            "Y": 0.21204425394535065
          },
          {
            "X": 0.5379143953323364,
            "Y": 0.22069403529167175
          },
          {
            "X": 0.5286515355110168,
            "Y": 0.2211991548538208
          }
        ]
      },
      "Id": "710a3372-1f7b-4653-a529-12f7b66badec",
      "Page": 1
    },
    {
      "BlockType": "WORD",
      "Confidence": 96.82913208007812,
      "Text": "precisão",
      "TextType": "PRINTED",
      "Geometry": {
        "BoundingBox": {
          "Width": 0.09739246219396591,
          "Height": 0.024300646036863327,
          "Left": 0.5503832697868347,
          "Top": 0.19684962928295135
        },
        "Polygon": [
          {
            "X": 0.5503832697868347,
            "Y": 0.20222744345664978
          },
          {
            "X": 0.647341251373291,
            "Y": 0.19684962928295135
          },
          {
            "X": 0.6477757692337036,
            "Y": 0.21586839854717255
          },
          {
            "X": 0.5508089661598206,
            "Y": 0.22115027904510498
          }
        ]
      },
      "Id": "748c5c6c-8011-48b9-a6a4-8b82ea791ccb",
      "Page": 1
    },
    {
      "BlockType": "WORD",
      "Confidence": 99.28233337402344,
      "Text": "QUE",
      "TextType": "PRINTED",
      "Geometry": {
        "BoundingBox": {
          "Width": 0.02540486678481102,
          "Height": 0.009617499075829983,
          "Left": 0.5765377283096313,
          "Top": 0.22104984521865845
        },
        "Polygon": [
          {
            "X": 0.5765377283096313,
            "Y": 0.22241994738578796
          },
          {
            "X": 0.6017553210258484,
            "Y": 0.22104984521865845
          },
          {
            "X": 0.6019425988197327,
            "Y": 0.2293081134557724
          },
          {
            "X": 0.5767240524291992,
            "Y": 0.2306673526763916
          }
        ]
      },
      "Id": "bdec8ba1-b664-40a5-bec7-0e439cb43e4f",
      "Page": 1
    },
    {
      "BlockType": "WORD",
      "Confidence": 87.80621337890625,
      "Text": "VOCE",
      "TextType": "PRINTED",
      "Geometry": {
        "BoundingBox": {
          "Width": 0.0340593121945858,
          "Height": 0.010823329910635948,
          "Left": 0.6068418025970459,
          "Top": 0.21560053527355194
        },
        "Polygon": [
          {
            "X": 0.6068418025970459,
            "Y": 0.2174457460641861
          },
          {
            "X": 0.6406958103179932,
            "Y": 0.21560053527355194
          },
          {
            "X": 0.6409010887145996,
            "Y": 0.22459448873996735
          },
          {
            "X": 0.607045590877533,
            "Y": 0.22642385959625244
          }
        ]
      },
      "Id": "250492cb-f046-4dcd-b99c-85051762388d",
      "Page": 1
    },
    {
      "BlockType": "WORD",
      "Confidence": 70.34813690185547,
      "Text": "aws",
      "TextType": "PRINTED",
      "Geometry": {
        "BoundingBox": {
          "Width": 0.046687666326761246,
          "Height": 0.015076166950166225,
          "Left": 0.6908434629440308,
          "Top": 0.19346091151237488
        },
        "Polygon": [
          {
            "X": 0.6908434629440308,
            "Y": 0.19603049755096436
          },
          {
            "X": 0.7372406721115112,
            "Y": 0.19346091151237488
          },
          {
            "X": 0.7375311851501465,
            "Y": 0.20599761605262756
          },
          {
            "X": 0.6911311745643616,
            "Y": 0.20853707194328308
          }
        ]
      },
      "Id": "9494c008-bcf5-4203-8794-3f90dc031d2a",
      "Page": 1
    },
    {
      "BlockType": "WORD",
      "Confidence": 99.52688598632812,
      "Text": "Experience",
      "TextType": "PRINTED",
      "Geometry": {
        "BoundingBox": {
          "Width": 0.04755624756217003,
          "Height": 0.009813210926949978,
          "Left": 0.7654768228530884,
          "Top": 0.19320006668567657
        },
        "Polygon": [
          {
            "X": 0.7654768228530884,
            "Y": 0.1958148330450058
          },
          {
            "X": 0.8128638863563538,
            "Y": 0.19320006668567657
          },
          {
            "X": 0.8130331039428711,
            "Y": 0.20041613280773163
          },
          {
            "X": 0.765644371509552,
            "Y": 0.20301327109336853
          }
        ]
      },
      "Id": "85ccc0e6-b024-45af-af18-7ae062ce1896",
      "Page": 1
    },
    {
      "BlockType": "WORD",
      "Confidence": 99.86827087402344,
      "Text": "2025",
      "TextType": "PRINTED",
      "Geometry": {
        "BoundingBox": {
          "Width": 0.021710725501179695,
          "Height": 0.006894819438457489,
          "Left": 0.7653244137763977,
          "Top": 0.2031683772802353
        },
        "Polygon": [
          {
            "X": 0.7653244137763977,
            "Y": 0.20434942841529846
          },
          {
            "X": 0.7869015336036682,
            "Y": 0.2031683772802353
          },
          {
            "X": 0.7870351076126099,
            "Y": 0.20888851583003998
          },
          {
            "X": 0.7654573917388916,
            "Y": 0.21006318926811218
          }
        ]
      },
      "Id": "86b59fda-4a3f-4323-9223-903ad60d7ddf",
      "Page": 1
    },
    {
      "BlockType": "WORD",
      "Confidence": 87.52171325683594,
      "Text": "Variáveis",
      "TextType": "PRINTED",
      "Geometry": {
        "BoundingBox": {
          "Width": 0.08408708870410919,
          "Height": 0.019177474081516266,
          "Left": 0.2009027600288391,
          "Top": 0.24051222205162048
        },
        "Polygon": [
          {
            "X": 0.2009027600288391,
            "Y": 0.24505358934402466
          },
          {
            "X": 0.284673273563385,
            "Y": 0.24051222205162048
          },
          {
            "X": 0.2849898338317871,
            "Y": 0.2552136182785034
          },
          {
            "X": 0.20121347904205322,
            "Y": 0.25968968868255615
          }
        ]
      },
      "Id": "68df7a4b-34a2-4d33-8bc1-cda961ab00b5",
      "Page": 1
    },
    {
      "BlockType": "WORD",
      "Confidence": 98.11751556396484,
      "Text": "INDEPENDENTES",
      "TextType": "PRINTED",
      "Geometry": {
        "BoundingBox": {
          "Width": 0.08477199822664261,
          "Height": 0.013633152469992638,
          "Left": 0.25363367795944214,
          "Top": 0.25176626443862915
        },
        "Polygon": [
          {
            "X": 0.25363367795944214,
            "Y": 0.2562876045703888
          },
          {
            "X": 0.33820682764053345,
            "Y": 0.25176626443862915
          },
          {
            "X": 0.33840566873550415,
            "Y": 0.2609190046787262
          },
          {
            "X": 0.25382885336875916,
            "Y": 0.26539942622184753
          }
        ]
      },
      "Id": "f0638540-3b66-4a40-bcdb-ab7c399c3c25",
      "Page": 1
    },
    {
      "BlockType": "WORD",
      "Confidence": 98.99623107910156,
      "Text": "PODEM",
      "TextType": "PRINTED",
      "Geometry": {
        "BoundingBox": {
          "Width": 0.03800429031252861,
          "Height": 0.009800294414162636,
          "Left": 0.3426870107650757,
          "Top": 0.24602669477462769
        },
        "Polygon": [
          {
            "X": 0.3426870107650757,
            "Y": 0.2480563074350357
          },
          {
            "X": 0.38052093982696533,
            "Y": 0.24602669477462769
          },
          {
            "X": 0.3806912899017334,
            "Y": 0.2538129389286041
          },
          {
            "X": 0.34285596013069153,
            "Y": 0.25582700967788696
          }
        ]
      },
      "Id": "fab672f9-8cb2-4759-bce2-633b19c08cfa",
      "Page": 1
    },
    {
      "BlockType": "WORD",
      "Confidence": 98.866943359375,
      "Text": "INFLUENCIAR",
      "TextType": "PRINTED",
      "Geometry": {
        "BoundingBox": {
          "Width": 0.07405003160238266,
          "Height": 0.013369541615247726,
          "Left": 0.38561251759529114,
          "Top": 0.2373514622449875
        },
        "Polygon": [
          {
            "X": 0.38561251759529114,
            "Y": 0.24132995307445526
          },
          {
            "X": 0.4594535827636719,
            "Y": 0.2373514622449875
          },
          {
            "X": 0.459662526845932,
            "Y": 0.24677908420562744
          },
          {
            "X": 0.38581815361976624,
            "Y": 0.2507210075855255
          }
        ]
      },
      "Id": "5111f43f-0157-403e-9b13-9e91f471d4cd",
      "Page": 1
    },
    {
      "BlockType": "WORD",
      "Confidence": 62.8380012512207,
      "Text": "O",
      "TextType": "PRINTED",
      "Geometry": {
        "BoundingBox": {
          "Width": 0.007403160911053419,
          "Height": 0.0064244139939546585,
          "Left": 0.4646250903606415,
          "Top": 0.23554719984531403
        },
        "Polygon": [
          {
            "X": 0.4646250903606415,
            "Y": 0.23593927919864655
          },
          {
            "X": 0.47189420461654663,
            "Y": 0.23554719984531403
          },
          {
            "X": 0.4720282554626465,
            "Y": 0.24158182740211487
          },
          {
            "X": 0.46475890278816223,
            "Y": 0.24197161197662354
          }
        ]
      },
      "Id": "54010e39-a63d-43ea-91fe-7e44654e2c47",
      "Page": 1
    },
    {
      "BlockType": "WORD",
      "Confidence": 98.83013916015625,
      "Text": "RESULTADO",
      "TextType": "PRINTED",
      "Geometry": {
        "BoundingBox": {
          "Width": 0.0706106647849083,
          "Height": 0.013674438931047916,
          "Left": 0.4771905541419983,
          "Top": 0.22700217366218567
        },
        "Polygon": [
          {
            "X": 0.4771905541419983,
            "Y": 0.2308153212070465
          },
          {
            "X": 0.5475786328315735,
            "Y": 0.22700217366218567
          },
          {
            "X": 0.5478011965751648,
            "Y": 0.23689991235733032
          },
          {
            "X": 0.4774097502231598,
            "Y": 0.2406766265630722
          }
        ]
      },
      "Id": "3f26d39e-78fd-40de-bc86-c58c1f9e9e09",
      "Page": 1
    },
    {
      "BlockType": "WORD",
      "Confidence": 98.453125,
      "Text": "DO",
      "TextType": "PRINTED",
      "Geometry": {
        "BoundingBox": {
          "Width": 0.01686508022248745,
          "Height": 0.007452835328876972,
          "Left": 0.5535556674003601,
          "Top": 0.22475142776966095
        },
        "Polygon": [
          {
            "X": 0.5535556674003601,
            "Y": 0.22565795481204987
          },
          {
            "X": 0.5702728629112244,
            "Y": 0.22475142776966095
          },
          {
            "X": 0.5704207420349121,
            "Y": 0.23130346834659576
          },
          {
            "X": 0.5537029504776001,
            "Y": 0.23220425844192505
          }
        ]
      },
      "Id": "06c1e632-5eac-4fc4-9d8c-c1a4d6289913",
      "Page": 1
    },
    {
      "BlockType": "WORD",
      "Confidence": 59.40766906738281,
      "Text": "VARIÁVEIS",
      "TextType": "PRINTED",
      "Geometry": {
        "BoundingBox": {
          "Width": 0.052346233278512955,
          "Height": 0.012760474346578121,
          "Left": 0.19880367815494537,
          "Top": 0.2598007619380951
        },
        "Polygon": [
          {
            "X": 0.19880367815494537,
            "Y": 0.26257839798927307
          },
          {
            "X": 0.2509355843067169,
            "Y": 0.2598007619380951
          },
          {
            "X": 0.2511499226093292,
            "Y": 0.2698113024234772
          },
          {
            "X": 0.1990155279636383,
            "Y": 0.2725612223148346
          }
        ]
      },
      "Id": "3e234f96-a2be-4963-a50b-84fb7305addb",
      "Page": 1
    },
    {
      "BlockType": "WORD",
      "Confidence": 79.20925903320312,
      "Text": "ESTA",
      "TextType": "PRINTED",
      "Geometry": {
        "BoundingBox": {
          "Width": 0.024279726669192314,
          "Height": 0.008496682159602642,
          "Left": 0.19853274524211884,
          "Top": 0.2704600989818573
        },
        "Polygon": [
          {
            "X": 0.19853274524211884,
            "Y": 0.27173373103141785
          },
          {
            "X": 0.22265838086605072,
            "Y": 0.2704600989818573
          },
          {
            "X": 0.2228124737739563,
            "Y": 0.27769240736961365
          },
          {
            "X": 0.19868601858615875,
            "Y": 0.2789567708969116
          }
        ]
      },
      "Id": "3d090be8-73a4-4633-b5ad-6c5e4bf4df2b",
      "Page": 1
    },
    {
      "BlockType": "WORD",
      "Confidence": 99.51531219482422,
      "Text": "PREVENDO",
      "TextType": "PRINTED",
      "Geometry": {
        "BoundingBox": {
          "Width": 0.05327656492590904,
          "Height": 0.011510292999446392,
          "Left": 0.22526143491268158,
          "Top": 0.2645987868309021
        },
        "Polygon": [
          {
            "X": 0.22526143491268158,
            "Y": 0.2674097418785095
          },
          {
            "X": 0.2783503532409668,
            "Y": 0.2645987868309021
          },
          {
            "X": 0.2785379886627197,
            "Y": 0.2733227014541626
          },
          {
            "X": 0.225446879863739,
            "Y": 0.27610906958580017
          }
        ]
      },
      "Id": "7b3ea684-dfb0-481b-9ce5-e7fae07efd9d",
      "Page": 1
    },
    {
      "BlockType": "WORD",
      "Confidence": 98.4569091796875,
      "Text": "Passado",
      "TextType": "PRINTED",
      "Geometry": {
        "BoundingBox": {
          "Width": 0.026741178706288338,
          "Height": 0.007218142505735159,
          "Left": 0.5166195631027222,
          "Top": 0.27453622221946716
        },
        "Polygon": [
          {
            "X": 0.5166195631027222,
            "Y": 0.27591168880462646
          },
          {
            "X": 0.5432292819023132,
            "Y": 0.27453622221946716
          },
          {
            "X": 0.5433607697486877,
            "Y": 0.2803870439529419
          },
          {
            "X": 0.5167502760887146,
            "Y": 0.28175437450408936
          }
        ]
      },
      "Id": "423a3a62-b8f2-41ad-b19b-b8a4b1ebd138",
      "Page": 1
    },
    {
      "BlockType": "WORD",
      "Confidence": 97.20319366455078,
      "Text": "Futuro",
      "TextType": "PRINTED",
      "Geometry": {
        "BoundingBox": {
          "Width": 0.02322201430797577,
          "Height": 0.005838076118379831,
          "Left": 0.5972719788551331,
          "Top": 0.2683538496494293
        },
        "Polygon": [
          {
            "X": 0.5972719788551331,
            "Y": 0.2695513963699341
          },
          {
            "X": 0.6203883290290833,
            "Y": 0.2683538496494293
          },
          {
            "X": 0.62049400806427,
            "Y": 0.27300000190734863
          },
          {
            "X": 0.5973771214485168,
            "Y": 0.2741919159889221
          }
        ]
      },
      "Id": "9fbdf6f0-b27d-4f60-87f1-9030bc381141",
      "Page": 1
    },
    {
      "BlockType": "WORD",
      "Confidence": 98.57637023925781,
      "Text": "(Fim",
      "TextType": "PRINTED",
      "Geometry": {
        "BoundingBox": {
          "Width": 0.013986876234412193,
          "Height": 0.006299404893070459,
          "Left": 0.486393004655838,
          "Top": 0.284963458776474
        },
        "Polygon": [
          {
            "X": 0.486393004655838,
            "Y": 0.28567400574684143
          },
          {
            "X": 0.5002551078796387,
            "Y": 0.284963458776474
          },
          {
            "X": 0.5003798604011536,
            "Y": 0.2905563712120056
          },
          {
            "X": 0.48651739954948425,
            "Y": 0.2912628650665283
          }
        ]
      },
      "Id": "28ba8d07-3027-4f71-b691-0b6b0214c891",
      "Page": 1
    },
    {
      "BlockType": "WORD",
      "Confidence": 99.48123168945312,
      "Text": "dos",
      "TextType": "PRINTED",
      "Geometry": {
        "BoundingBox": {
          "Width": 0.011676394380629063,
          "Height": 0.005543387494981289,
          "Left": 0.5017597675323486,
          "Top": 0.2838616967201233
        },
        "Polygon": [
          {
            "X": 0.5017597675323486,
            "Y": 0.2844547927379608
          },
          {
            "X": 0.5133254528045654,
            "Y": 0.2838616967201233
          },
          {
            "X": 0.5134361982345581,
            "Y": 0.2888149917125702
          },
          {
            "X": 0.5018702745437622,
            "Y": 0.28940507769584656
          }
        ]
      },
      "Id": "4565d3ae-5828-41de-9a08-2a890dd74653",
      "Page": 1
    },
    {
      "BlockType": "WORD",
      "Confidence": 99.56694030761719,
      "Text": "dados",
      "TextType": "PRINTED",
      "Geometry": {
        "BoundingBox": {
          "Width": 0.01982370764017105,
          "Height": 0.006316186860203743,
          "Left": 0.5149759650230408,
          "Top": 0.28196364641189575
        },
        "Polygon": [
          {
            "X": 0.5149759650230408,
            "Y": 0.2829749286174774
          },
          {
            "X": 0.5346805453300476,
            "Y": 0.28196364641189575
          },
          {
            "X": 0.5347996354103088,
            "Y": 0.28727400302886963
          },
          {
            "X": 0.5150945782661438,
            "Y": 0.28827983140945435
          }
        ]
      },
      "Id": "da472d51-faa9-4cca-96d2-c23bb547d153",
      "Page": 1
    },
    {
      "BlockType": "WORD",
      "Confidence": 82.11666107177734,
      "Text": "disponíveis)",
      "TextType": "PRINTED",
      "Geometry": {
        "BoundingBox": {
          "Width": 0.038566045463085175,
          "Height": 0.008878259919583797,
          "Left": 0.536384642124176,
          "Top": 0.27795931696891785
        },
        "Polygon": [
          {
            "X": 0.536384642124176,
            "Y": 0.27993452548980713
          },
          {
            "X": 0.5747945308685303,
            "Y": 0.27795931696891785
          },
          {
            "X": 0.5749506950378418,
            "Y": 0.2848762273788452
          },
          {
            "X": 0.5365395545959473,
            "Y": 0.2868375778198242
          }
        ]
      },
      "Id": "f58c295f-8809-4bf8-a2b3-bffae6350afd",
      "Page": 1
    },
    {
      "BlockType": "WORD",
      "Confidence": 99.16329193115234,
      "Text": "Cloud",
      "TextType": "PRINTED",
      "Geometry": {
        "BoundingBox": {
          "Width": 0.046687252819538116,
          "Height": 0.01663270965218544,
          "Left": 0.04516691714525223,
          "Top": 0.3128668963909149
        },
        "Polygon": [
          {
            "X": 0.04516691714525223,
            "Y": 0.31522735953330994
          },
          {
            "X": 0.09155614674091339,
            "Y": 0.3128668963909149
          },
          {
            "X": 0.09185416996479034,
            "Y": 0.32717469334602356
          },
          {
            "X": 0.045461807399988174,
            "Y": 0.32949960231781006
          }
        ]
      },
      "Id": "71b4d2c2-980e-4cd0-9b8e-bced98dbf635",
      "Page": 1
    },
    {
      "BlockType": "WORD",
      "Confidence": 99.74183654785156,
      "Text": "Experience",
      "TextType": "PRINTED",
      "Geometry": {
        "BoundingBox": {
          "Width": 0.0873967781662941,
          "Height": 0.021211696788668633,
          "Left": 0.04227667674422264,
          "Top": 0.329175740480423
        },
        "Polygon": [
          {
            "X": 0.04227667674422264,
            "Y": 0.3335196077823639
          },
          {
            "X": 0.12931817770004272,
            "Y": 0.329175740480423
          },
          {
            "X": 0.12967345118522644,
            "Y": 0.3461224436759949
          },
          {
            "X": 0.04262499511241913,
            "Y": 0.35038742423057556
          }
        ]
      },
      "Id": "50bdc7db-d30d-47f7-958c-7927a3626ef8",
      "Page": 1
    },
    {
      "BlockType": "WORD",
      "Confidence": 99.36092376708984,
      "Text": "Demanda",
      "TextType": "PRINTED",
      "Geometry": {
        "BoundingBox": {
          "Width": 0.034054387360811234,
          "Height": 0.008179518394172192,
          "Left": 0.24278013408184052,
          "Top": 0.32383808493614197
        },
        "Polygon": [
          {
            "X": 0.24278013408184052,
            "Y": 0.32552698254585266
          },
          {
            "X": 0.27669474482536316,
            "Y": 0.32383808493614197
          },
          {
            "X": 0.27683451771736145,
            "Y": 0.3303404152393341
          },
          {
            "X": 0.24291886389255524,
            "Y": 0.33201760053634644
          }
        ]
      },
      "Id": "8c9e2497-2df7-4ae4-bea8-bd2a304b1775",
      "Page": 1
    },
    {
      "BlockType": "WORD",
      "Confidence": 99.81636810302734,
      "Text": "2025",
      "TextType": "PRINTED",
      "Geometry": {
        "BoundingBox": {
          "Width": 0.03904613107442856,
          "Height": 0.013990044593811035,
          "Left": 0.04002431035041809,
          "Top": 0.35255610942840576
        },
        "Polygon": [
          {
            "X": 0.04002431035041809,
            "Y": 0.3544486165046692
          },
          {
            "X": 0.07881852239370346,
            "Y": 0.35255610942840576
          },
          {
            "X": 0.07907044142484665,
            "Y": 0.36467885971069336
          },
          {
            "X": 0.0402740053832531,
            "Y": 0.3665461540222168
          }
        ]
      },
      "Id": "6e690caa-2750-4b6f-962e-4b1a88aba2d8",
      "Page": 1
    },
    {
      "BlockType": "WORD",
      "Confidence": 96.54618835449219,
      "Text": "Inventário",
      "TextType": "PRINTED",
      "Geometry": {
        "BoundingBox": {
          "Width": 0.037190746515989304,
          "Height": 0.008218193426728249,
          "Left": 0.23882392048835754,
          "Top": 0.360061913728714
        },
        "Polygon": [
          {
            "X": 0.23882392048835754,
            "Y": 0.36183565855026245
          },
          {
            "X": 0.27587589621543884,
            "Y": 0.360061913728714
          },
          {
            "X": 0.27601465582847595,
            "Y": 0.3665190637111664
          },
          {
            "X": 0.23896156251430511,
            "Y": 0.3682801127433777
          }
        ]
      },
      "Id": "759c25fd-252b-45a2-a4aa-06c6262b603d",
      "Page": 1
    },
    {
      "BlockType": "WORD",
      "Confidence": 99.58349609375,
      "Text": "Tratamento",
      "TextType": "PRINTED",
      "Geometry": {
        "BoundingBox": {
          "Width": 0.043420735746622086,
          "Height": 0.008035420440137386,
          "Left": 0.23529218137264252,
          "Top": 0.3982197940349579
        },
        "Polygon": [
          {
            "X": 0.23529218137264252,
            "Y": 0.4002039432525635
          },
          {
            "X": 0.27858251333236694,
            "Y": 0.3982197940349579
          },
          {
            "X": 0.2787128984928131,
            "Y": 0.4042850136756897
          },
          {
            "X": 0.2354213297367096,
            "Y": 0.40625521540641785
          }
        ]
      },
      "Id": "5403fcca-27e9-41d0-81f4-d2b1e8bc3126",
      "Page": 1
    },
    {
      "BlockType": "WORD",
      "Confidence": 99.91817474365234,
      "Text": "de",
      "TextType": "PRINTED",
      "Geometry": {
        "BoundingBox": {
          "Width": 0.009437664411962032,
          "Height": 0.006236369255930185,
          "Left": 0.2804505228996277,
          "Top": 0.3975965976715088
        },
        "Polygon": [
          {
            "X": 0.2804505228996277,
            "Y": 0.39802348613739014
          },
          {
            "X": 0.2897629737854004,
            "Y": 0.3975965976715088
          },
          {
            "X": 0.2898881733417511,
            "Y": 0.4034089744091034
          },
          {
            "X": 0.2805754542350769,
            "Y": 0.40383297204971313
          }
        ]
      },
      "Id": "952b9b89-e900-41d7-bde5-282bc53a75d2",
      "Page": 1
    },
    {
      "BlockType": "WORD",
      "Confidence": 99.69137573242188,
      "Text": "varejo",
      "TextType": "PRINTED",
      "Geometry": {
        "BoundingBox": {
          "Width": 0.02271951735019684,
          "Height": 0.007871889509260654,
          "Left": 0.2344249039888382,
          "Top": 0.4076252579689026
        },
        "Polygon": [
          {
            "X": 0.2344249039888382,
            "Y": 0.4086497128009796
          },
          {
            "X": 0.25699758529663086,
            "Y": 0.4076252579689026
          },
          {
            "X": 0.25714442133903503,
            "Y": 0.41448092460632324
          },
          {
            "X": 0.23457102477550507,
            "Y": 0.41549715399742126
          }
        ]
      },
      "Id": "57f48e65-e8e2-4736-9af6-5acf911276b1",
      "Page": 1
    },
    {
      "BlockType": "WORD",
      "Confidence": 94.77494812011719,
      "Text": "Características",
      "TextType": "PRINTED",
      "Geometry": {
        "BoundingBox": {
          "Width": 0.05357802286744118,
          "Height": 0.008798155933618546,
          "Left": 0.23163309693336487,
          "Top": 0.4356127083301544
        },
        "Polygon": [
          {
            "X": 0.23163309693336487,
            "Y": 0.43795478343963623
          },
          {
            "X": 0.28507179021835327,
            "Y": 0.4356127083301544
          },
          {
            "X": 0.28521111607551575,
            "Y": 0.4420871436595917
          },
          {
            "X": 0.23177076876163483,
            "Y": 0.44441086053848267
          }
        ]
      },
      "Id": "b774b966-8e25-4539-972d-6f1a0cbbcc21",
      "Page": 1
    },
    {
      "BlockType": "WORD",
      "Confidence": 92.43689727783203,
      "Text": "climáticas",
      "TextType": "PRINTED",
      "Geometry": {
        "BoundingBox": {
          "Width": 0.036679599434137344,
          "Height": 0.007783243898302317,
          "Left": 0.2309740036725998,
          "Top": 0.4448690116405487
        },
        "Polygon": [
          {
            "X": 0.2309740036725998,
            "Y": 0.4464542269706726
          },
          {
            "X": 0.26752036809921265,
            "Y": 0.4448690116405487
          },
          {
            "X": 0.26765358448028564,
            "Y": 0.4510791003704071
          },
          {
            "X": 0.23110616207122803,
            "Y": 0.452652245759964
          }
        ]
      },
      "Id": "f07706f3-5409-4c38-8f3b-dc671b44473c",
      "Page": 1
    },
    {
      "BlockType": "WORD",
      "Confidence": 95.35099792480469,
      "Text": "16",
      "TextType": "PRINTED",
      "Geometry": {
        "BoundingBox": {
          "Width": 0.00832421239465475,
          "Height": 0.005006288643926382,
          "Left": 0.8142498135566711,
          "Top": 0.45544135570526123
        },
        "Polygon": [
          {
            "X": 0.8142498135566711,
            "Y": 0.455782949924469
          },
          {
            "X": 0.8224645256996155,
            "Y": 0.45544135570526123
          },
          {
            "X": 0.8225740194320679,
            "Y": 0.46010804176330566
          },
          {
            "X": 0.8143590688705444,
            "Y": 0.46044763922691345
          }
        ]
      },
      "Id": "88263f3e-f20c-4352-a258-f60be2cc7bc0",
      "Page": 1
    }
  ],
  "DetectDocumentTextModelVersion": "1.0"
}