{
  "DocumentMetadata": {
    "Pages": 1
  },
  "JobStatus": "SUCCEEDED",
  "Blocks": [
    {
      "BlockType": "PAGE",
      "Geometry": {
        "BoundingBox": {
          "Width": 1,
          "Height": 1,
          "Left": 0,
          "Top": 0
        },
        "Polygon": [
          {
            "X": 3.206129051136486e-8,
            "Y": 3.615515709043393e-8
          },
          {
            "X": 0.9838981628417969,
            "Y": 0
          },
          {
            "X": 1,
            "Y": 1
          },
          {
            "X": 0,
            "Y": 1
          }
        ]
      },
      "Id": "c976b95d-7767-48db-9bbc-f8729486c745",
      "Relationships": [
        {
          "Type": "CHILD",
          "Ids": [
            "3ea5cac4-42cf-4dc3-bf24-03369bbfa7ff",
            "c04759d8-1687-4092-9b05-c8712f355e57",
            "9884bc56-1f02-4d5d-a89c-964a3b7d1961",
            "a7354836-f349-4b3c-9f0a-beaf9952fc3d",
            "95ce3b20-c240-430a-834a-63d600d81b23",
            "770ff930-82d6-47ed-a701-f4279868884c",
            "05b9deff-240a-4a64-877b-bbae3824e1df",
            "4867aa68-123a-4aba-ac93-832eba850fcd",
            "4d4a0c7e-a303-4905-85e6-91575c409d78",
            "00e23548-7d57-4ec8-8c23-1dab9389a127",
            "33d54b0b-af44-4862-9983-c6b66eaa2b2a",
            "3b947fc9-47e5-4176-b8ad-8108b7638c6b",
            "c5091e4e-8dee-49e4-870d-1e22bb480215",
            "33003950-cad1-4f89-bb91-b17b3f43db23",
            "b2dfb1ac-5f33-4b3e-8f42-8dc6c5dda214",
            "e8d767ea-4d7f-493b-a58e-5b43ea4c25db",
            "882c2a3e-8579-42d3-a20b-a637b5bd0bd7",
            "a7c289e1-b62e-4ffe-ba46-94099adfe09c"
          ]
        }
      ],
      "Page": 1
    },
    {
      "BlockType": "LINE",
      "Confidence": 99.08183288574219,
      "Text": "Cloud",
      "Geometry": {
        "BoundingBox": {
          "Width": 0.03474355489015579,
          "Height": 0.008144158869981766,
          "Left": 0.8499165773391724,
          "Top": 0.3162038326263428
        },
        "Polygon": [
          {
            "X": 0.8499165773391724,
            "Y": 0.31841734051704407
          },
          {
            "X": 0.8839877843856812,
            "Y": 0.3162038326263428
          },
          {
            "X": 0.8846601247787476,
            "Y": 0.32214829325675964
          },
          {
            "X": 0.8505190014839172,
            "Y": 0.32434797286987305
          }
        ]
      },
      "Id": "3ea5cac4-42cf-4dc3-bf24-03369bbfa7ff",
      "Relationships": [
        {
          "Type": "CHILD",
          "Ids": [
            "0321391c-6370-4d34-a4c7-92eec451b631"
          ]
        }
      ],
      "Page": 1
    },
    {
      "BlockType": "LINE",
      "Confidence": 93.6842041015625,
      "Text": "aws",
      "Geometry": {
        "BoundingBox": {
          "Width": 0.06364188343286514,
          "Height": 0.015595052391290665,
          "Left": 0.7485709190368652,
          "Top": 0.32354164123535156
        },
        "Polygon": [
          {
            "X": 0.7485709190368652,
            "Y": 0.32759490609169006
          },
          {
            "X": 0.8111878037452698,
            "Y": 0.32354164123535156
          },
          {
            "X": 0.8122128248214722,
            "Y": 0.33513370156288147
          },
          {
            "X": 0.7493481040000916,
            "Y": 0.33913668990135193
          }
        ]
      },
      "Id": "c04759d8-1687-4092-9b05-c8712f355e57",
      "Relationships": [
        {
          "Type": "CHILD",
          "Ids": [
            "d04435c3-c6a7-4be7-8e36-b1a1e1a15412"
          ]
        }
      ],
      "Page": 1
    },
    {
      "BlockType": "LINE",
      "Confidence": 99.79182434082031,
      "Text": "Experience",
      "Geometry": {
        "BoundingBox": {
          "Width": 0.06580657511949539,
          "Height": 0.010969498194754124,
          "Left": 0.8503326177597046,
          "Top": 0.3213946521282196
        },
        "Polygon": [
          {
            "X": 0.8503326177597046,
            "Y": 0.3255731463432312
          },
          {
            "X": 0.9152973294258118,
            "Y": 0.3213946521282196
          },
          {
            "X": 0.9161391854286194,
            "Y": 0.32821592688560486
          },
          {
            "X": 0.8510217666625977,
            "Y": 0.33236414194107056
          }
        ]
      },
      "Id": "9884bc56-1f02-4d5d-a89c-964a3b7d1961",
      "Relationships": [
        {
          "Type": "CHILD",
          "Ids": [
            "780a41dc-6135-4512-83ed-3a64cade3361"
          ]
        }
      ],
      "Page": 1
    },
    {
      "BlockType": "LINE",
      "Confidence": 99.32074737548828,
      "Text": "Resumo dos principais casos de uso",
      "Geometry": {
        "BoundingBox": {
          "Width": 0.48034119606018066,
          "Height": 0.05403922125697136,
          "Left": 0.09187851846218109,
          "Top": 0.35065433382987976
        },
        "Polygon": [
          {
            "X": 0.09540262818336487,
            "Y": 0.38099366426467896
          },
          {
            "X": 0.5720193386077881,
            "Y": 0.35065433382987976
          },
          {
            "X": 0.572219729423523,
            "Y": 0.3752083480358124
          },
          {
            "X": 0.09187851846218109,
            "Y": 0.4046935439109802
          }
        ]
      },
      "Id": "a7354836-f349-4b3c-9f0a-beaf9952fc3d",
      "Relationships": [
        {
          "Type": "CHILD",
          "Ids": [
            "057c0f5a-c789-4347-af3e-25bb6cbcf0a9",
            "62b0ddf5-2e1a-494f-9397-4ffff616adc3",
            "77ae7f36-03dd-4fcb-a60f-d8c2d94333e2",
            "a751d8fe-831f-45e0-87bf-4f3a124288ac",
            "7d5cdb9b-0fcb-4352-8140-834b8166c86f",
            "d4ccef8d-1d27-44f2-ba9d-b6f5d03c3d2f"
          ]
        }
      ],
      "Page": 1
    },
    {
      "BlockType": "LINE",
      "Confidence": 99.89488983154297,
      "Text": "2025",
      "Geometry": {
        "BoundingBox": {
          "Width": 0.02989698015153408,
          "Height": 0.007339807227253914,
          "Left": 0.8514895439147949,
          "Top": 0.33206918835639954
        },
        "Polygon": [
          {
            "X": 0.8514895439147949,
            "Y": 0.3339305520057678
          },
          {
            "X": 0.8807747960090637,
            "Y": 0.33206918835639954
          },
          {
            "X": 0.8813865184783936,
            "Y": 0.33755871653556824
          },
          {
            "X": 0.8520460724830627,
            "Y": 0.3394089937210083
          }
        ]
      },
      "Id": "95ce3b20-c240-430a-834a-63d600d81b23",
      "Relationships": [
        {
          "Type": "CHILD",
          "Ids": [
            "7608a6dc-2d25-4b3f-9d58-2dc33823bd6d"
          ]
        }
      ],
      "Page": 1
    },
    {
      "BlockType": "LINE",
      "Confidence": 66.01887512207031,
      "Text": "C",
      "Geometry": {
        "BoundingBox": {
          "Width": 0.015743805095553398,
          "Height": 0.009842168539762497,
          "Left": 0.13237904012203217,
          "Top": 0.42631796002388
        },
        "Polygon": [
          {
            "X": 0.1335839182138443,
            "Y": 0.4271753132343292
          },
          {
            "X": 0.1481228470802307,
            "Y": 0.42631796002388
          },
          {
            "X": 0.14695866405963898,
            "Y": 0.4353128969669342
          },
          {
            "X": 0.13237904012203217,
            "Y": 0.4361601173877716
          }
        ]
      },
      "Id": "770ff930-82d6-47ed-a701-f4279868884c",
      "Relationships": [
        {
          "Type": "CHILD",
          "Ids": [
            "27f3b2f7-3890-49e7-8f8f-cc042dde13ad"
          ]
        }
      ],
      "Page": 1
    },
    {
      "BlockType": "LINE",
      "Confidence": 99.1657485961914,
      "Text": "Acabe com débitos técnicos em escala",
      "Geometry": {
        "BoundingBox": {
          "Width": 0.36635875701904297,
          "Height": 0.038508009165525436,
          "Left": 0.16861571371555328,
          "Top": 0.39273133873939514
        },
        "Polygon": [
          {
            "X": 0.17065803706645966,
            "Y": 0.4145793914794922
          },
          {
            "X": 0.5349744558334351,
            "Y": 0.39273133873939514
          },
          {
            "X": 0.534904420375824,
            "Y": 0.4098548889160156
          },
          {
            "X": 0.16861571371555328,
            "Y": 0.43123936653137207
          }
        ]
      },
      "Id": "05b9deff-240a-4a64-877b-bbae3824e1df",
      "Relationships": [
        {
          "Type": "CHILD",
          "Ids": [
            "70ddc46c-6e3b-47cb-ac66-199f83c9cc67",
            "3d25d6b5-3524-4b3c-8576-9dbc9934a463",
            "e0d854c6-01dc-47d1-9c5e-721340eeb521",
            "cf56775f-7e07-43e4-90f1-3bc86193c92f",
            "85d72a7d-913c-4081-99c4-f190fede0179",
            "794c2d83-e638-47fd-88c2-1df36fc1a859"
          ]
        }
      ],
      "Page": 1
    },
    {
      "BlockType": "LINE",
      "Confidence": 96.99227905273438,
      "Text": "dependências com o Amazon Q Developer Agent para transformação de código",
      "Geometry": {
        "BoundingBox": {
          "Width": 0.5958965420722961,
          "Height": 0.05314977094531059,
          "Left": 0.16520202159881592,
          "Top": 0.40129294991493225
        },
        "Polygon": [
          {
            "X": 0.1675126701593399,
            "Y": 0.4356220066547394
          },
          {
            "X": 0.7597336769104004,
            "Y": 0.40129294991493225
          },
          {
            "X": 0.7610985636711121,
            "Y": 0.420970618724823
          },
          {
            "X": 0.16520202159881592,
            "Y": 0.45444273948669434
          }
        ]
      },
      "Id": "4867aa68-123a-4aba-ac93-832eba850fcd",
      "Relationships": [
        {
          "Type": "CHILD",
          "Ids": [
            "fb34405c-1e42-4a6a-8717-34b987393f19",
            "212cb19e-1a43-47a6-a0b8-c277e945fcda",
            "8a1216f5-70d0-41b0-b3f3-bfb98c92406b",
            "8e1be4a1-114b-4f85-b9eb-3b7abad9f573",
            "9937547f-e91d-4e8b-9990-3c8604a7ec2c",
            "1c313b65-feeb-4ff7-b3dd-901abf0cc65b",
            "16a7979e-274a-4c4f-aef8-bd553e2cfa90",
            "d1587c7f-967c-4fc5-879b-6379d049be47",
            "223f7b9f-1713-42e6-8719-004cea2fec46",
            "e63e15a6-9b9f-4b47-a72a-4adf9f69c1a6",
            "e826de85-f66a-4622-8ff3-848daee6c429"
          ]
        }
      ],
      "Page": 1
    },
    {
      "BlockType": "LINE",
      "Confidence": 98.60464477539062,
      "Text": "Modernize projetos e atualize a versões de código e",
      "Geometry": {
        "BoundingBox": {
          "Width": 0.36291009187698364,
          "Height": 0.034804824739694595,
          "Left": 0.166556254029274,
          "Top": 0.4094996452331543
        },
        "Polygon": [
          {
            "X": 0.16823691129684448,
            "Y": 0.4306113123893738
          },
          {
            "X": 0.5294663310050964,
            "Y": 0.4094996452331543
          },
          {
            "X": 0.5293838381767273,
            "Y": 0.4235733151435852
          },
          {
            "X": 0.166556254029274,
            "Y": 0.4443044662475586
          }
        ]
      },
      "Id": "4d4a0c7e-a303-4905-85e6-91575c409d78",
      "Relationships": [
        {
          "Type": "CHILD",
          "Ids": [
            "96bd8752-df0b-4961-aa16-1dd3b9f855e0",
            "a041fcb3-26e7-4b33-8fca-3058f026563f",
            "f1e641c3-f1f9-4cd9-915f-49e084145f65",
            "3c023940-a7ac-4495-bc1d-f39f293884ec",
            "23d8d6a9-8201-49a8-8e14-74aee17179cd",
            "83ab8f38-add6-46d2-a72f-1bf58f507e70",
            "6a049d0f-a302-4eb0-845b-e516b26cf160",
            "0f368299-b154-49f3-b14f-0367959b38e2",
            "0be6c728-6530-413f-99fd-98c54ba21def"
          ]
        }
      ],
      "Page": 1
    },
    {
      "BlockType": "LINE",
      "Confidence": 70.9095458984375,
      "Text": "C",
      "Geometry": {
        "BoundingBox": {
          "Width": 0.01534829568117857,
          "Height": 0.009816124103963375,
          "Left": 0.12011738121509552,
          "Top": 0.4882374703884125
        },
        "Polygon": [
          {
            "X": 0.12134461104869843,
            "Y": 0.48898693919181824
          },
          {
            "X": 0.13546568155288696,
            "Y": 0.4882374703884125
          },
          {
            "X": 0.13427750766277313,
            "Y": 0.49731433391571045
          },
          {
            "X": 0.12011738121509552,
            "Y": 0.49805358052253723
          }
        ]
      },
      "Id": "00e23548-7d57-4ec8-8c23-1dab9389a127",
      "Relationships": [
        {
          "Type": "CHILD",
          "Ids": [
            "785b4777-4ec0-48c2-92a4-482a40a27d48"
          ]
        }
      ],
      "Page": 1
    },
    {
      "BlockType": "LINE",
      "Confidence": 98.52643585205078,
      "Text": "Impulsione a produtividade do desenvolvimento",
      "Geometry": {
        "BoundingBox": {
          "Width": 0.4976794123649597,
          "Height": 0.0432421900331974,
          "Left": 0.15780778229236603,
          "Top": 0.45186474919319153
        },
        "Polygon": [
          {
            "X": 0.159854456782341,
            "Y": 0.47853904962539673
          },
          {
            "X": 0.6548927426338196,
            "Y": 0.45186474919319153
          },
          {
            "X": 0.6554871797561646,
            "Y": 0.4690779149532318
          },
          {
            "X": 0.15780778229236603,
            "Y": 0.49510693550109863
          }
        ]
      },
      "Id": "33d54b0b-af44-4862-9983-c6b66eaa2b2a",
      "Relationships": [
        {
          "Type": "CHILD",
          "Ids": [
            "2a677e12-3b29-42dc-9f72-5a2b165aa4fb",
            "4afcfcc5-5685-4332-82ad-1b920413dd0f",
            "5b89a725-56ab-4dd1-8be1-455134a6521c",
            "8dd6ad5f-f5d8-44a7-986f-5a858ba60fdb",
            "f103efcd-44c6-4685-8799-c2a489ba7e26"
          ]
        }
      ],
      "Page": 1
    },
    {
      "BlockType": "LINE",
      "Confidence": 94.9109115600586,
      "Text": "Obtenha recomendações de codificação inline, resuma, documente o código,",
      "Geometry": {
        "BoundingBox": {
          "Width": 0.5808578133583069,
          "Height": 0.043988391757011414,
          "Left": 0.15565036237239838,
          "Top": 0.4637751281261444
        },
        "Polygon": [
          {
            "X": 0.15734338760375977,
            "Y": 0.4940792918205261
          },
          {
            "X": 0.7356458306312561,
            "Y": 0.4637751281261444
          },
          {
            "X": 0.7365081906318665,
            "Y": 0.4780849814414978
          },
          {
            "X": 0.15565036237239838,
            "Y": 0.5077635049819946
          }
        ]
      },
      "Id": "3b947fc9-47e5-4176-b8ad-8108b7638c6b",
      "Relationships": [
        {
          "Type": "CHILD",
          "Ids": [
            "953b91fd-0d77-4daa-9330-6fd8ff5c621b",
            "6e83a11d-ef29-4cbe-a38e-a4f08be362cd",
            "9f64e5c6-b894-4878-aeb8-bd23adb4b538",
            "fd3247f8-9c46-4b74-8f11-3bab9fd26d43",
            "d9bb405d-56b4-4105-9e14-827e44ea670b",
            "c3a34b3f-f9a6-426f-bf9e-7d650e86dedf",
            "7436bddf-cce3-4a7e-ab54-a7adf635943b",
            "58fa2c1a-f034-4a89-95a8-289f604a2cfa",
            "99903a7d-b627-4812-88b4-977867105731"
          ]
        }
      ],
      "Page": 1
    },
    {
      "BlockType": "LINE",
      "Confidence": 98.72297668457031,
      "Text": "escaneie problemas de segurança, identifique e solucione bugs e escreva testes",
      "Geometry": {
        "BoundingBox": {
          "Width": 0.6067743301391602,
          "Height": 0.04370475560426712,
          "Left": 0.15394093096256256,
          "Top": 0.474158376455307
        },
        "Polygon": [
          {
            "X": 0.1555112898349762,
            "Y": 0.5051851272583008
          },
          {
            "X": 0.7598147392272949,
            "Y": 0.474158376455307
          },
          {
            "X": 0.7607152462005615,
            "Y": 0.48744478821754456
          },
          {
            "X": 0.15394093096256256,
            "Y": 0.5178631544113159
          }
        ]
      },
      "Id": "c5091e4e-8dee-49e4-870d-1e22bb480215",
      "Relationships": [
        {
          "Type": "CHILD",
          "Ids": [
            "46d8dc4b-a223-4abe-b34b-1e19df3e8331",
            "f38afa12-a926-4952-83a7-12ac33a2cf3e",
            "3fb9ba73-5555-406d-9c00-4e1e5362c889",
            "9ea0efda-144e-4c0e-9c77-7dd04533ec87",
            "ea88703b-fc19-4195-b74c-25a8e1cf83b9",
            "6e9c43cf-eaff-4420-be7c-641ad644f63e",
            "5ce59d25-05fb-4c05-8bf0-85272ec84db1",
            "037b7d4f-e967-43eb-89da-379191dac6c2",
            "afc68e86-b1e9-4648-b185-ad0fd1f73def",
            "7cca885f-d29b-42a0-9045-c27f14ba0bc0",
            "619e90cc-666c-475d-8c9d-78b8bc06fc64"
          ]
        }
      ],
      "Page": 1
    },
    {
      "BlockType": "LINE",
      "Confidence": 99.76726531982422,
      "Text": "de unidade",
      "Geometry": {
        "BoundingBox": {
          "Width": 0.07658977061510086,
          "Height": 0.012137927114963531,
          "Left": 0.15174172818660736,
          "Top": 0.5150120854377747
        },
        "Polygon": [
          {
            "X": 0.15277959406375885,
            "Y": 0.5187932848930359
          },
          {
            "X": 0.22833150625228882,
            "Y": 0.5150120854377747
          },
          {
            "X": 0.22748619318008423,
            "Y": 0.5234197378158569
          },
          {
            "X": 0.15174172818660736,
            "Y": 0.52715003490448
          }
        ]
      },
      "Id": "33003950-cad1-4f89-bb91-b17b3f43db23",
      "Relationships": [
        {
          "Type": "CHILD",
          "Ids": [
            "d60b0c2f-4d07-40f4-8444-b250b168ba24",
            "0ec4d0d9-5aa4-47cc-a4da-b5e5ed10eb6d"
          ]
        }
      ],
      "Page": 1
    },
    {
      "BlockType": "LINE",
      "Confidence": 75.23591613769531,
      "Text": "C",
      "Geometry": {
        "BoundingBox": {
          "Width": 0.015477150678634644,
          "Height": 0.009643041528761387,
          "Left": 0.10773570835590363,
          "Top": 0.5532222986221313
        },
        "Polygon": [
          {
            "X": 0.1089605838060379,
            "Y": 0.5538902878761292
          },
          {
            "X": 0.12321285903453827,
            "Y": 0.5532222986221313
          },
          {
            "X": 0.12202615290880203,
            "Y": 0.5622078776359558
          },
          {
            "X": 0.10773570835590363,
            "Y": 0.5628653764724731
          }
        ]
      },
      "Id": "b2dfb1ac-5f33-4b3e-8f42-8dc6c5dda214",
      "Relationships": [
        {
          "Type": "CHILD",
          "Ids": [
            "60ef2be7-8319-4347-8e08-a94f090d90c9"
          ]
        }
      ],
      "Page": 1
    },
    {
      "BlockType": "LINE",
      "Confidence": 99.2954330444336,
      "Text": "Melhore a segurança e a qualidade do código",
      "Geometry": {
        "BoundingBox": {
          "Width": 0.46990108489990234,
          "Height": 0.03623561933636665,
          "Left": 0.14620022475719452,
          "Top": 0.525570809841156
        },
        "Polygon": [
          {
            "X": 0.14795835316181183,
            "Y": 0.5476939678192139
          },
          {
            "X": 0.6157870292663574,
            "Y": 0.525570809841156
          },
          {
            "X": 0.6161013245582581,
            "Y": 0.5402199625968933
          },
          {
            "X": 0.14620022475719452,
            "Y": 0.5618064403533936
          }
        ]
      },
      "Id": "e8d767ea-4d7f-493b-a58e-5b43ea4c25db",
      "Relationships": [
        {
          "Type": "CHILD",
          "Ids": [
            "144b978c-4b6b-42ab-88fb-358886e9f49d",
            "550f97c0-ace4-4dd8-a817-b04a1b9e6c74",
            "78a3ad54-666c-4667-8d11-3e29791e5b0b",
            "a38378fc-dc72-47d6-b9ef-ef1065a88016",
            "519b6c1a-2b25-4f37-91ef-b41abf4a1b38",
            "98c13a4e-0a86-40c9-bef7-f76b4b5ff30e",
            "4bda0a41-2acc-4ba6-9ff4-60bc1442fbdf",
            "0a7361ae-b0ec-4c86-92bb-01715d775919"
          ]
        }
      ],
      "Page": 1
    },
    {
      "BlockType": "LINE",
      "Confidence": 98.46046447753906,
      "Text": "Código mais seguro com menos esforço, com a scan de e correção",
      "Geometry": {
        "BoundingBox": {
          "Width": 0.5043575167655945,
          "Height": 0.034505464136600494,
          "Left": 0.1430102437734604,
          "Top": 0.5423335433006287
        },
        "Polygon": [
          {
            "X": 0.14445793628692627,
            "Y": 0.5652561187744141
          },
          {
            "X": 0.6469928026199341,
            "Y": 0.5423335433006287
          },
          {
            "X": 0.6473677754402161,
            "Y": 0.5543926358222961
          },
          {
            "X": 0.1430102437734604,
            "Y": 0.576839029788971
          }
        ]
      },
      "Id": "882c2a3e-8579-42d3-a20b-a637b5bd0bd7",
      "Relationships": [
        {
          "Type": "CHILD",
          "Ids": [
            "019ef576-6710-46b2-94d7-f7d1552b42aa",
            "ec3d6020-6a7a-43e3-aec0-92147498b72a",
            "1fb59d00-82a8-49a0-9fa2-399e6cfb4cce",
            "ee2fce54-017a-4967-ba36-671bbab88af4",
            "d4b54b29-ea33-4cd1-853f-2f66be022648",
            "204b3f69-5435-4e68-8456-3558a80756d3",
            "b2d0c922-a763-46a3-9554-51d871faa41b",
            "73ab7b04-1250-4589-8692-bfc6d9518b38",
            "388f8e34-ff69-45d8-9246-90afb4b8348f",
            "8b0e2522-8c84-46b5-9ce5-23e0431e2c1e",
            "d2ab8f3e-08cd-4a88-9266-3fe6cb660944",
            "f5867bcf-1f8f-4f2b-9498-9fd10dd7f4c3"
          ]
        }
      ],
      "Page": 1
    },
    {
      "BlockType": "LINE",
      "Confidence": 98.68434143066406,
      "Text": "automatizada de código",
      "Geometry": {
        "BoundingBox": {
          "Width": 0.173334538936615,
          "Height": 0.017808685079216957,
          "Left": 0.14087535440921783,
          "Top": 0.5684031844139099
        },
        "Polygon": [
          {
            "X": 0.14214542508125305,
            "Y": 0.5760741829872131
          },
          {
            "X": 0.31420987844467163,
            "Y": 0.5684031844139099
          },
          {
            "X": 0.3134668469429016,
            "Y": 0.57868492603302
          },
          {
            "X": 0.14087535440921783,
            "Y": 0.5862118601799011
          }
        ]
      },
      "Id": "a7c289e1-b62e-4ffe-ba46-94099adfe09c",
      "Relationships": [
        {
          "Type": "CHILD",
          "Ids": [
            "1ed911cf-8f04-4c9d-8ce7-8b2891816fda",
            "adb8255a-c249-400c-bf85-537d190ed6f0",
            "64e3f46e-ac6a-4fa0-a4c0-14b25210e9ce"
          ]
        }
      ],
      "Page": 1
    },
    {
      "BlockType": "WORD",
      "Confidence": 99.08183288574219,
      "Text": "Cloud",
      "TextType": "PRINTED",
      "Geometry": {
        "BoundingBox": {
          "Width": 0.03474355489015579,
          "Height": 0.008144158869981766,
          "Left": 0.8499165773391724,
          "Top": 0.3162038326263428
        },
        "Polygon": [
          {
            "X": 0.8499165773391724,
            "Y": 0.31841734051704407
          },
          {
            "X": 0.8839877843856812,
            "Y": 0.3162038326263428
          },
          {
            "X": 0.8846601247787476,
            "Y": 0.32214829325675964
          },
          {
            "X": 0.8505190014839172,
            "Y": 0.32434797286987305
          }
        ]
      },
      "Id": "0321391c-6370-4d34-a4c7-92eec451b631",
      "Page": 1
    },
    {
      "BlockType": "WORD",
      "Confidence": 93.6842041015625,
      "Text": "aws",
      "TextType": "PRINTED",
      "Geometry": {
        "BoundingBox": {
          "Width": 0.06364188343286514,
          "Height": 0.015595052391290665,
          "Left": 0.7485709190368652,
          "Top": 0.32354164123535156
        },
        "Polygon": [
          {
            "X": 0.7485709190368652,
            "Y": 0.32759490609169006
          },
          {
            "X": 0.8111878037452698,
            "Y": 0.32354164123535156
          },
          {
            "X": 0.8122128248214722,
            "Y": 0.33513370156288147
          },
          {
            "X": 0.7493481040000916,
            "Y": 0.33913668990135193
          }
        ]
      },
      "Id": "d04435c3-c6a7-4be7-8e36-b1a1e1a15412",
      "Page": 1
    },
    {
      "BlockType": "WORD",
      "Confidence": 99.79182434082031,
      "Text": "Experience",
      "TextType": "PRINTED",
      "Geometry": {
        "BoundingBox": {
          "Width": 0.06580657511949539,
          "Height": 0.010969498194754124,
          "Left": 0.8503326177597046,
          "Top": 0.3213946521282196
        },
        "Polygon": [
          {
            "X": 0.8503326177597046,
            "Y": 0.3255731463432312
          },
          {
            "X": 0.9152973294258118,
            "Y": 0.3213946521282196
          },
          {
            "X": 0.9161391854286194,
            "Y": 0.32821592688560486
          },
          {
            "X": 0.8510217666625977,
            "Y": 0.33236414194107056
          }
        ]
      },
      "Id": "780a41dc-6135-4512-83ed-3a64cade3361",
      "Page": 1
    },
    {
      "BlockType": "WORD",
      "Confidence": 99.20361328125,
      "Text": "Resumo",
      "TextType": "PRINTED",
      "Geometry": {
        "BoundingBox": {
          "Width": 0.0990615040063858,
          "Height": 0.01864251121878624,
          "Left": 0.09187851846218109,
          "Top": 0.3860510289669037
        },
        "Polygon": [
          {
            "X": 0.09374605864286423,
            "Y": 0.3921342194080353
          },
          {
            "X": 0.1909400224685669,
            "Y": 0.3860510289669037
          },
          {
            "X": 0.1894586831331253,
            "Y": 0.3987036943435669
          },
          {
            "X": 0.09187851846218109,
            "Y": 0.4046935439109802
          }
        ]
      },
      "Id": "057c0f5a-c789-4347-af3e-25bb6cbcf0a9",
      "Page": 1
    },
    {
      "BlockType": "WORD",
      "Confidence": 99.74437713623047,
      "Text": "dos",
      "TextType": "PRINTED",
      "Geometry": {
        "BoundingBox": {
          "Width": 0.04673564061522484,
          "Height": 0.01660851389169693,
          "Left": 0.19821178913116455,
          "Top": 0.3791387379169464
        },
        "Polygon": [
          {
            "X": 0.19978567957878113,
            "Y": 0.3819805383682251
          },
          {
            "X": 0.2449474334716797,
            "Y": 0.3791387379169464
          },
          {
            "X": 0.24357205629348755,
            "Y": 0.3929523527622223
          },
          {
            "X": 0.19821178913116455,
            "Y": 0.39574724435806274
          }
        ]
      },
      "Id": "62b0ddf5-2e1a-494f-9397-4ffff616adc3",
      "Page": 1
    },
    {
      "BlockType": "WORD",
      "Confidence": 98.42560577392578,
      "Text": "principais",
      "TextType": "PRINTED",
      "Geometry": {
        "BoundingBox": {
          "Width": 0.1306355893611908,
          "Height": 0.02782447263598442,
          "Left": 0.2511632740497589,
          "Top": 0.3662681579589844
        },
        "Polygon": [
          {
            "X": 0.2530723810195923,
            "Y": 0.37441983819007874
          },
          {
            "X": 0.3817988634109497,
            "Y": 0.3662681579589844
          },
          {
            "X": 0.38071128726005554,
            "Y": 0.38613030314445496
          },
          {
            "X": 0.2511632740497589,
            "Y": 0.3940926194190979
          }
        ]
      },
      "Id": "77ae7f36-03dd-4fcb-a60f-d8c2d94333e2",
      "Page": 1
    },
    {
      "BlockType": "WORD",
      "Confidence": 99.7512435913086,
      "Text": "casos",
      "TextType": "PRINTED",
      "Geometry": {
        "BoundingBox": {
          "Width": 0.0763477310538292,
          "Height": 0.017407815903425217,
          "Left": 0.3896574079990387,
          "Top": 0.36192190647125244
        },
        "Polygon": [
          {
            "X": 0.39031291007995605,
            "Y": 0.3667081892490387
          },
          {
            "X": 0.4660051465034485,
            "Y": 0.36192190647125244
          },
          {
            "X": 0.46566295623779297,
            "Y": 0.37461355328559875
          },
          {
            "X": 0.3896574079990387,
            "Y": 0.37932974100112915
          }
        ]
      },
      "Id": "a751d8fe-831f-45e0-87bf-4f3a124288ac",
      "Page": 1
    },
    {
      "BlockType": "WORD",
      "Confidence": 99.7721939086914,
      "Text": "de",
      "TextType": "PRINTED",
      "Geometry": {
        "BoundingBox": {
          "Width": 0.03535670042037964,
          "Height": 0.016596496105194092,
          "Left": 0.47517406940460205,
          "Top": 0.3545684218406677
        },
        "Polygon": [
          {
            "X": 0.47551679611206055,
            "Y": 0.3567972481250763
          },
          {
            "X": 0.5105307698249817,
            "Y": 0.3545684218406677
          },
          {
            "X": 0.5103542804718018,
            "Y": 0.3689725995063782
          },
          {
            "X": 0.47517406940460205,
            "Y": 0.3711649179458618
          }
        ]
      },
      "Id": "7d5cdb9b-0fcb-4352-8140-834b8166c86f",
      "Page": 1
    },
    {
      "BlockType": "WORD",
      "Confidence": 99.02743530273438,
      "Text": "uso",
      "TextType": "PRINTED",
      "Geometry": {
        "BoundingBox": {
          "Width": 0.05143509805202484,
          "Height": 0.014975455589592457,
          "Left": 0.5206906199455261,
          "Top": 0.3519255816936493
        },
        "Polygon": [
          {
            "X": 0.5207942724227905,
            "Y": 0.3551809787750244
          },
          {
            "X": 0.572029709815979,
            "Y": 0.3519255816936493
          },
          {
            "X": 0.5721257328987122,
            "Y": 0.36368894577026367
          },
          {
            "X": 0.5206906199455261,
            "Y": 0.3669010400772095
          }
        ]
      },
      "Id": "d4ccef8d-1d27-44f2-ba9d-b6f5d03c3d2f",
      "Page": 1
    },
    {
      "BlockType": "WORD",
      "Confidence": 99.89488983154297,
      "Text": "2025",
      "TextType": "PRINTED",
      "Geometry": {
        "BoundingBox": {
          "Width": 0.02989698015153408,
          "Height": 0.007339807227253914,
          "Left": 0.8514895439147949,
          "Top": 0.33206918835639954
        },
        "Polygon": [
          {
            "X": 0.8514895439147949,
            "Y": 0.3339305520057678
          },
          {
            "X": 0.8807747960090637,
            "Y": 0.33206918835639954
          },
          {
            "X": 0.8813865184783936,
            "Y": 0.33755871653556824
          },
          {
            "X": 0.8520460724830627,
            "Y": 0.3394089937210083
          }
        ]
      },
      "Id": "7608a6dc-2d25-4b3f-9d58-2dc33823bd6d",
      "Page": 1
    },
    {
      "BlockType": "WORD",
      "Confidence": 66.01887512207031,
      "Text": "C",
      "TextType": "PRINTED",
      "Geometry": {
        "BoundingBox": {
          "Width": 0.015743805095553398,
          "Height": 0.009842168539762497,
          "Left": 0.13237904012203217,
          "Top": 0.42631796002388
        },
        "Polygon": [
          {
            "X": 0.1335839182138443,
            "Y": 0.4271753132343292
          },
          {
            "X": 0.1481228470802307,
            "Y": 0.42631796002388
          },
          {
            "X": 0.14695866405963898,
            "Y": 0.4353128969669342
          },
          {
            "X": 0.13237904012203217,
            "Y": 0.4361601173877716
          }
        ]
      },
      "Id": "27f3b2f7-3890-49e7-8f8f-cc042dde13ad",
      "Page": 1
    },
    {
      "BlockType": "WORD",
      "Confidence": 99.27000427246094,
      "Text": "Acabe",
      "TextType": "PRINTED",
      "Geometry": {
        "BoundingBox": {
          "Width": 0.056149132549762726,
          "Height": 0.01308064442127943,
          "Left": 0.16861571371555328,
          "Top": 0.41815871000289917
        },
        "Polygon": [
          {
            "X": 0.1698196977376938,
            "Y": 0.4214179515838623
          },
          {
            "X": 0.2247648388147354,
            "Y": 0.41815871000289917
          },
          {
            "X": 0.22373057901859283,
            "Y": 0.4280216693878174
          },
          {
            "X": 0.16861571371555328,
            "Y": 0.43123936653137207
          }
        ]
      },
      "Id": "70ddc46c-6e3b-47cb-ac66-199f83c9cc67",
      "Page": 1
    },
    {
      "BlockType": "WORD",
      "Confidence": 99.7768325805664,
      "Text": "com",
      "TextType": "PRINTED",
      "Geometry": {
        "BoundingBox": {
          "Width": 0.03929374739527702,
          "Height": 0.010369441471993923,
          "Left": 0.22870750725269318,
          "Top": 0.4164493680000305
        },
        "Polygon": [
          {
            "X": 0.2295432686805725,
            "Y": 0.41872748732566833
          },
          {
            "X": 0.2680012583732605,
            "Y": 0.4164493680000305
          },
          {
            "X": 0.26726388931274414,
            "Y": 0.4245644807815552
          },
          {
            "X": 0.22870750725269318,
            "Y": 0.4268188178539276
          }
        ]
      },
      "Id": "3d25d6b5-3524-4b3c-8576-9dbc9934a463",
      "Page": 1
    },
    {
      "BlockType": "WORD",
      "Confidence": 98.4743881225586,
      "Text": "débitos",
      "TextType": "PRINTED",
      "Geometry": {
        "BoundingBox": {
          "Width": 0.07123981416225433,
          "Height": 0.014834746718406677,
          "Left": 0.27310454845428467,
          "Top": 0.408448725938797
        },
        "Polygon": [
          {
            "X": 0.2740522623062134,
            "Y": 0.4126357138156891
          },
          {
            "X": 0.3443443477153778,
            "Y": 0.408448725938797
          },
          {
            "X": 0.34363555908203125,
            "Y": 0.4191533327102661
          },
          {
            "X": 0.27310454845428467,
            "Y": 0.42328348755836487
          }
        ]
      },
      "Id": "e0d854c6-01dc-47d1-9c5e-721340eeb521",
      "Page": 1
    },
    {
      "BlockType": "WORD",
      "Confidence": 98.41934967041016,
      "Text": "técnicos",
      "TextType": "PRINTED",
      "Geometry": {
        "BoundingBox": {
          "Width": 0.08061131834983826,
          "Height": 0.015356657095253468,
          "Left": 0.3491409420967102,
          "Top": 0.40191707015037537
        },
        "Polygon": [
          {
            "X": 0.3498232960700989,
            "Y": 0.4066888689994812
          },
          {
            "X": 0.42975226044654846,
            "Y": 0.40191707015037537
          },
          {
            "X": 0.4293428063392639,
            "Y": 0.4125654697418213
          },
          {
            "X": 0.3491409420967102,
            "Y": 0.41727373003959656
          }
        ]
      },
      "Id": "cf56775f-7e07-43e4-90f1-3bc86193c92f",
      "Page": 1
    },
    {
      "BlockType": "WORD",
      "Confidence": 99.50928497314453,
      "Text": "em",
      "TextType": "PRINTED",
      "Geometry": {
        "BoundingBox": {
          "Width": 0.03053615614771843,
          "Height": 0.00991147756576538,
          "Left": 0.4354516863822937,
          "Top": 0.40043240785598755
        },
        "Polygon": [
          {
            "X": 0.43574753403663635,
            "Y": 0.40223586559295654
          },
          {
            "X": 0.46598783135414124,
            "Y": 0.40043240785598755
          },
          {
            "X": 0.46577146649360657,
            "Y": 0.4085586667060852
          },
          {
            "X": 0.4354516863822937,
            "Y": 0.41034388542175293
          }
        ]
      },
      "Id": "85d72a7d-913c-4081-99c4-f190fede0179",
      "Page": 1
    },
    {
      "BlockType": "WORD",
      "Confidence": 99.54464721679688,
      "Text": "escala",
      "TextType": "PRINTED",
      "Geometry": {
        "BoundingBox": {
          "Width": 0.0620821975171566,
          "Height": 0.014590892940759659,
          "Left": 0.47289228439331055,
          "Top": 0.39273133873939514
        },
        "Polygon": [
          {
            "X": 0.4731569290161133,
            "Y": 0.3964385390281677
          },
          {
            "X": 0.5349744558334351,
            "Y": 0.39273133873939514
          },
          {
            "X": 0.5349297523498535,
            "Y": 0.403664767742157
          },
          {
            "X": 0.47289228439331055,
            "Y": 0.4073222279548645
          }
        ]
      },
      "Id": "794c2d83-e638-47fd-88c2-1df36fc1a859",
      "Page": 1
    },
    {
      "BlockType": "WORD",
      "Confidence": 96.87940979003906,
      "Text": "dependências",
      "TextType": "PRINTED",
      "Geometry": {
        "BoundingBox": {
          "Width": 0.09192884713411331,
          "Height": 0.014575597830116749,
          "Left": 0.16520202159881592,
          "Top": 0.43986713886260986
        },
        "Polygon": [
          {
            "X": 0.16635549068450928,
            "Y": 0.44504743814468384
          },
          {
            "X": 0.25713086128234863,
            "Y": 0.43986713886260986
          },
          {
            "X": 0.2562444508075714,
            "Y": 0.44932878017425537
          },
          {
            "X": 0.16520202159881592,
            "Y": 0.45444273948669434
          }
        ]
      },
      "Id": "fb34405c-1e42-4a6a-8717-34b987393f19",
      "Page": 1
    },
    {
      "BlockType": "WORD",
      "Confidence": 99.6944351196289,
      "Text": "com",
      "TextType": "PRINTED",
      "Geometry": {
        "BoundingBox": {
          "Width": 0.029439060017466545,
          "Height": 0.007764510344713926,
          "Left": 0.26018717885017395,
          "Top": 0.438836008310318
        },
        "Polygon": [
          {
            "X": 0.26075318455696106,
            "Y": 0.4404814541339874
          },
          {
            "X": 0.28962624073028564,
            "Y": 0.438836008310318
          },
          {
            "X": 0.289115846157074,
            "Y": 0.44496867060661316
          },
          {
            "X": 0.26018717885017395,
            "Y": 0.4466005265712738
          }
        ]
      },
      "Id": "212cb19e-1a43-47a6-a0b8-c277e945fcda",
      "Page": 1
    },
    {
      "BlockType": "WORD",
      "Confidence": 82.6950454711914,
      "Text": "o",
      "TextType": "PRINTED",
      "Geometry": {
        "BoundingBox": {
          "Width": 0.009299779310822487,
          "Height": 0.006295289844274521,
          "Left": 0.29353365302085876,
          "Top": 0.43780452013015747
        },
        "Polygon": [
          {
            "X": 0.2940075993537903,
            "Y": 0.4383077323436737
          },
          {
            "X": 0.3028334379196167,
            "Y": 0.43780452013015747
          },
          {
            "X": 0.3023756146430969,
            "Y": 0.44360050559043884
          },
          {
            "X": 0.29353365302085876,
            "Y": 0.4440998136997223
          }
        ]
      },
      "Id": "8a1216f5-70d0-41b0-b3f3-bfb98c92406b",
      "Page": 1
    },
    {
      "BlockType": "WORD",
      "Confidence": 99.89395904541016,
      "Text": "Amazon",
      "TextType": "PRINTED",
      "Geometry": {
        "BoundingBox": {
          "Width": 0.05901475250720978,
          "Height": 0.010914979502558708,
          "Left": 0.3057350218296051,
          "Top": 0.4322774112224579
        },
        "Polygon": [
          {
            "X": 0.3063250780105591,
            "Y": 0.4356195330619812
          },
          {
            "X": 0.3647497594356537,
            "Y": 0.4322774112224579
          },
          {
            "X": 0.3643001914024353,
            "Y": 0.43988409638404846
          },
          {
            "X": 0.3057350218296051,
            "Y": 0.44319239258766174
          }
        ]
      },
      "Id": "8e1be4a1-114b-4f85-b9eb-3b7abad9f573",
      "Page": 1
    },
    {
      "BlockType": "WORD",
      "Confidence": 99.40019989013672,
      "Text": "Q",
      "TextType": "PRINTED",
      "Geometry": {
        "BoundingBox": {
          "Width": 0.012520032934844494,
          "Height": 0.009141569957137108,
          "Left": 0.3685462772846222,
          "Top": 0.4306800067424774
        },
        "Polygon": [
          {
            "X": 0.3690342605113983,
            "Y": 0.43136903643608093
          },
          {
            "X": 0.38106632232666016,
            "Y": 0.4306800067424774
          },
          {
            "X": 0.38061070442199707,
            "Y": 0.439140260219574
          },
          {
            "X": 0.3685462772846222,
            "Y": 0.4398215711116791
          }
        ]
      },
      "Id": "9937547f-e91d-4e8b-9990-3c8604a7ec2c",
      "Page": 1
    },
    {
      "BlockType": "WORD",
      "Confidence": 99.93965911865234,
      "Text": "Developer",
      "TextType": "PRINTED",
      "Geometry": {
        "BoundingBox": {
          "Width": 0.07510779052972794,
          "Height": 0.01376431342214346,
          "Left": 0.38529473543167114,
          "Top": 0.42485132813453674
        },
        "Polygon": [
          {
            "X": 0.385791152715683,
            "Y": 0.42913299798965454
          },
          {
            "X": 0.46040254831314087,
            "Y": 0.42485132813453674
          },
          {
            "X": 0.4601333439350128,
            "Y": 0.4343874752521515
          },
          {
            "X": 0.38529473543167114,
            "Y": 0.438615620136261
          }
        ]
      },
      "Id": "1c313b65-feeb-4ff7-b3dd-901abf0cc65b",
      "Page": 1
    },
    {
      "BlockType": "WORD",
      "Confidence": 99.84679412841797,
      "Text": "Agent",
      "TextType": "PRINTED",
      "Geometry": {
        "BoundingBox": {
          "Width": 0.04569132253527641,
          "Height": 0.012017043307423592,
          "Left": 0.46377477049827576,
          "Top": 0.42111456394195557
        },
        "Polygon": [
          {
            "X": 0.4640292823314667,
            "Y": 0.4237259328365326
          },
          {
            "X": 0.5094660520553589,
            "Y": 0.42111456394195557
          },
          {
            "X": 0.5093497037887573,
            "Y": 0.43055230379104614
          },
          {
            "X": 0.46377477049827576,
            "Y": 0.433131605386734
          }
        ]
      },
      "Id": "16a7979e-274a-4c4f-aef8-bd553e2cfa90",
      "Page": 1
    },
    {
      "BlockType": "WORD",
      "Confidence": 99.81979370117188,
      "Text": "para",
      "TextType": "PRINTED",
      "Geometry": {
        "BoundingBox": {
          "Width": 0.03391028195619583,
          "Height": 0.010244942270219326,
          "Left": 0.514106810092926,
          "Top": 0.4192654490470886
        },
        "Polygon": [
          {
            "X": 0.5141964554786682,
            "Y": 0.4212079346179962
          },
          {
            "X": 0.5480155348777771,
            "Y": 0.4192654490470886
          },
          {
            "X": 0.5480170845985413,
            "Y": 0.4275887906551361
          },
          {
            "X": 0.514106810092926,
            "Y": 0.4295103847980499
          }
        ]
      },
      "Id": "d1587c7f-967c-4fc5-879b-6379d049be47",
      "Page": 1
    },
    {
      "BlockType": "WORD",
      "Confidence": 91.3651351928711,
      "Text": "transformação",
      "TextType": "PRINTED",
      "Geometry": {
        "BoundingBox": {
          "Width": 0.11837710440158844,
          "Height": 0.01768544688820839,
          "Left": 0.5529382228851318,
          "Top": 0.408237099647522
        },
        "Polygon": [
          {
            "X": 0.5529382228851318,
            "Y": 0.415054053068161
          },
          {
            "X": 0.6708741784095764,
            "Y": 0.408237099647522
          },
          {
            "X": 0.6713153123855591,
            "Y": 0.4192003607749939
          },
          {
            "X": 0.5529575943946838,
            "Y": 0.42592254281044006
          }
        ]
      },
      "Id": "223f7b9f-1713-42e6-8719-004cea2fec46",
      "Page": 1
    },
    {
      "BlockType": "WORD",
      "Confidence": 99.82069396972656,
      "Text": "de",
      "TextType": "PRINTED",
      "Geometry": {
        "BoundingBox": {
          "Width": 0.021509377285838127,
          "Height": 0.009832724928855896,
          "Left": 0.6759347319602966,
          "Top": 0.40592798590660095
        },
        "Polygon": [
          {
            "X": 0.6759347319602966,
            "Y": 0.40714848041534424
          },
          {
            "X": 0.6970232129096985,
            "Y": 0.40592798590660095
          },
          {
            "X": 0.6974441409111023,
            "Y": 0.4145534634590149
          },
          {
            "X": 0.6762955784797668,
            "Y": 0.41576072573661804
          }
        ]
      },
      "Id": "e63e15a6-9b9f-4b47-a72a-4adf9f69c1a6",
      "Page": 1
    },
    {
      "BlockType": "WORD",
      "Confidence": 97.5599136352539,
      "Text": "código",
      "TextType": "PRINTED",
      "Geometry": {
        "BoundingBox": {
          "Width": 0.058731094002723694,
          "Height": 0.013870184309780598,
          "Left": 0.7017344832420349,
          "Top": 0.40129294991493225
        },
        "Polygon": [
          {
            "X": 0.7017344832420349,
            "Y": 0.40465497970581055
          },
          {
            "X": 0.7597336769104004,
            "Y": 0.40129294991493225
          },
          {
            "X": 0.7604656219482422,
            "Y": 0.4118454158306122
          },
          {
            "X": 0.7022636532783508,
            "Y": 0.4151631295681
          }
        ]
      },
      "Id": "e826de85-f66a-4622-8ff3-848daee6c429",
      "Page": 1
    },
    {
      "BlockType": "WORD",
      "Confidence": 99.85343933105469,
      "Text": "Modernize",
      "TextType": "PRINTED",
      "Geometry": {
        "BoundingBox": {
          "Width": 0.07076145708560944,
          "Height": 0.01227971725165844,
          "Left": 0.166564479470253,
          "Top": 0.43195781111717224
        },
        "Polygon": [
          {
            "X": 0.16757571697235107,
            "Y": 0.43599843978881836
          },
          {
            "X": 0.23732593655586243,
            "Y": 0.43195781111717224
          },
          {
            "X": 0.23649482429027557,
            "Y": 0.44024142622947693
          },
          {
            "X": 0.166564479470253,
            "Y": 0.44423753023147583
          }
        ]
      },
      "Id": "96bd8752-df0b-4961-aa16-1dd3b9f855e0",
      "Page": 1
    },
    {
      "BlockType": "WORD",
      "Confidence": 99.15211486816406,
      "Text": "projetos",
      "TextType": "PRINTED",
      "Geometry": {
        "BoundingBox": {
          "Width": 0.05657045170664787,
          "Height": 0.012341197580099106,
          "Left": 0.23993046581745148,
          "Top": 0.42777085304260254
        },
        "Polygon": [
          {
            "X": 0.24083465337753296,
            "Y": 0.43099960684776306
          },
          {
            "X": 0.29650092124938965,
            "Y": 0.42777085304260254
          },
          {
            "X": 0.2957569360733032,
            "Y": 0.43692225217819214
          },
          {
            "X": 0.23993046581745148,
            "Y": 0.44011205434799194
          }
        ]
      },
      "Id": "a041fcb3-26e7-4b33-8fca-3058f026563f",
      "Page": 1
    },
    {
      "BlockType": "WORD",
      "Confidence": 99.23440551757812,
      "Text": "e",
      "TextType": "PRINTED",
      "Geometry": {
        "BoundingBox": {
          "Width": 0.008565575815737247,
          "Height": 0.006175080314278603,
          "Left": 0.3000780940055847,
          "Top": 0.42798054218292236
        },
        "Polygon": [
          {
            "X": 0.30053436756134033,
            "Y": 0.42845016717910767
          },
          {
            "X": 0.3086436688899994,
            "Y": 0.42798054218292236
          },
          {
            "X": 0.30820202827453613,
            "Y": 0.4336894750595093
          },
          {
            "X": 0.3000780940055847,
            "Y": 0.4341556131839752
          }
        ]
      },
      "Id": "f1e641c3-f1f9-4cd9-915f-49e084145f65",
      "Page": 1
    },
    {
      "BlockType": "WORD",
      "Confidence": 99.74503326416016,
      "Text": "atualize",
      "TextType": "PRINTED",
      "Geometry": {
        "BoundingBox": {
          "Width": 0.05624080449342728,
          "Height": 0.011622040532529354,
          "Left": 0.3116931617259979,
          "Top": 0.4217376708984375
        },
        "Polygon": [
          {
            "X": 0.3123326003551483,
            "Y": 0.4249725639820099
          },
          {
            "X": 0.3679339587688446,
            "Y": 0.4217376708984375
          },
          {
            "X": 0.36744317412376404,
            "Y": 0.430160254240036
          },
          {
            "X": 0.3116931617259979,
            "Y": 0.43335971236228943
          }
        ]
      },
      "Id": "3c023940-a7ac-4495-bc1d-f39f293884ec",
      "Page": 1
    },
    {
      "BlockType": "WORD",
      "Confidence": 99.32501983642578,
      "Text": "a",
      "TextType": "PRINTED",
      "Geometry": {
        "BoundingBox": {
          "Width": 0.008546066470444202,
          "Height": 0.006662268657237291,
          "Left": 0.37142306566238403,
          "Top": 0.4222046434879303
        },
        "Polygon": [
          {
            "X": 0.37177574634552,
            "Y": 0.42268043756484985
          },
          {
            "X": 0.37996912002563477,
            "Y": 0.4222046434879303
          },
          {
            "X": 0.3796326518058777,
            "Y": 0.42839494347572327
          },
          {
            "X": 0.37142306566238403,
            "Y": 0.4288669228553772
          }
        ]
      },
      "Id": "23d8d6a9-8201-49a8-8e14-74aee17179cd",
      "Page": 1
    },
    {
      "BlockType": "WORD",
      "Confidence": 97.60343170166016,
      "Text": "versões",
      "TextType": "PRINTED",
      "Geometry": {
        "BoundingBox": {
          "Width": 0.05545346811413765,
          "Height": 0.01169034093618393,
          "Left": 0.38323235511779785,
          "Top": 0.41631340980529785
        },
        "Polygon": [
          {
            "X": 0.3836836516857147,
            "Y": 0.41952016949653625
          },
          {
            "X": 0.4386858344078064,
            "Y": 0.41631340980529785
          },
          {
            "X": 0.4383845329284668,
            "Y": 0.42483213543891907
          },
          {
            "X": 0.38323235511779785,
            "Y": 0.4280037581920624
          }
        ]
      },
      "Id": "83ab8f38-add6-46d2-a72f-1bf58f507e70",
      "Page": 1
    },
    {
      "BlockType": "WORD",
      "Confidence": 99.79972839355469,
      "Text": "de",
      "TextType": "PRINTED",
      "Geometry": {
        "BoundingBox": {
          "Width": 0.018021484836935997,
          "Height": 0.009159079752862453,
          "Left": 0.4426884651184082,
          "Top": 0.41437003016471863
        },
        "Polygon": [
          {
            "X": 0.4429645240306854,
            "Y": 0.4154057502746582
          },
          {
            "X": 0.46070992946624756,
            "Y": 0.41437003016471863
          },
          {
            "X": 0.46048036217689514,
            "Y": 0.4225042164325714
          },
          {
            "X": 0.4426884651184082,
            "Y": 0.42352911829948425
          }
        ]
      },
      "Id": "6a049d0f-a302-4eb0-845b-e516b26cf160",
      "Page": 1
    },
    {
      "BlockType": "WORD",
      "Confidence": 93.62553405761719,
      "Text": "código",
      "TextType": "PRINTED",
      "Geometry": {
        "BoundingBox": {
          "Width": 0.05023515596985817,
          "Height": 0.01246067974716425,
          "Left": 0.4654252231121063,
          "Top": 0.41030654311180115
        },
        "Polygon": [
          {
            "X": 0.4656791388988495,
            "Y": 0.4132276177406311
          },
          {
            "X": 0.5156604051589966,
            "Y": 0.41030654311180115
          },
          {
            "X": 0.5155611634254456,
            "Y": 0.419881671667099
          },
          {
            "X": 0.4654252231121063,
            "Y": 0.4227672219276428
          }
        ]
      },
      "Id": "0f368299-b154-49f3-b14f-0367959b38e2",
      "Page": 1
    },
    {
      "BlockType": "WORD",
      "Confidence": 99.10309600830078,
      "Text": "e",
      "TextType": "PRINTED",
      "Geometry": {
        "BoundingBox": {
          "Width": 0.008788603357970715,
          "Height": 0.006491980981081724,
          "Left": 0.5206692814826965,
          "Top": 0.41094744205474854
        },
        "Polygon": [
          {
            "X": 0.5207213759422302,
            "Y": 0.4114568531513214
          },
          {
            "X": 0.5294578671455383,
            "Y": 0.41094744205474854
          },
          {
            "X": 0.5294227600097656,
            "Y": 0.4169338643550873
          },
          {
            "X": 0.5206692814826965,
            "Y": 0.41743940114974976
          }
        ]
      },
      "Id": "0be6c728-6530-413f-99fd-98c54ba21def",
      "Page": 1
    },
    {
      "BlockType": "WORD",
      "Confidence": 70.9095458984375,
      "Text": "C",
      "TextType": "PRINTED",
      "Geometry": {
        "BoundingBox": {
          "Width": 0.01534829568117857,
          "Height": 0.009816124103963375,
          "Left": 0.12011738121509552,
          "Top": 0.4882374703884125
        },
        "Polygon": [
          {
            "X": 0.12134461104869843,
            "Y": 0.48898693919181824
          },
          {
            "X": 0.13546568155288696,
            "Y": 0.4882374703884125
          },
          {
            "X": 0.13427750766277313,
            "Y": 0.49731433391571045
          },
          {
            "X": 0.12011738121509552,
            "Y": 0.49805358052253723
          }
        ]
      },
      "Id": "785b4777-4ec0-48c2-92a4-482a40a27d48",
      "Page": 1
    },
    {
      "BlockType": "WORD",
      "Confidence": 96.66567993164062,
      "Text": "Impulsione",
      "TextType": "PRINTED",
      "Geometry": {
        "BoundingBox": {
          "Width": 0.10630492120981216,
          "Height": 0.018152818083763123,
          "Left": 0.15780778229236603,
          "Top": 0.4769541323184967
        },
        "Polygon": [
          {
            "X": 0.1593579351902008,
            "Y": 0.4825584292411804
          },
          {
            "X": 0.2641127109527588,
            "Y": 0.4769541323184967
          },
          {
            "X": 0.2629695236682892,
            "Y": 0.4896068871021271
          },
          {
            "X": 0.15780778229236603,
            "Y": 0.49510693550109863
          }
        ]
      },
      "Id": "2a677e12-3b29-42dc-9f72-5a2b165aa4fb",
      "Page": 1
    },
    {
      "BlockType": "WORD",
      "Confidence": 99.60408020019531,
      "Text": "a",
      "TextType": "PRINTED",
      "Geometry": {
        "BoundingBox": {
          "Width": 0.011247568763792515,
          "Height": 0.008359887637197971,
          "Left": 0.2683461606502533,
          "Top": 0.4783026874065399
        },
        "Polygon": [
          {
            "X": 0.26903799176216125,
            "Y": 0.47886523604393005
          },
          {
            "X": 0.27959373593330383,
            "Y": 0.4783026874065399
          },
          {
            "X": 0.27892744541168213,
            "Y": 0.4861064851284027
          },
          {
            "X": 0.2683461606502533,
            "Y": 0.4866625666618347
          }
        ]
      },
      "Id": "4afcfcc5-5685-4332-82ad-1b920413dd0f",
      "Page": 1
    },
    {
      "BlockType": "WORD",
      "Confidence": 98.7182846069336,
      "Text": "produtividade",
      "TextType": "PRINTED",
      "Geometry": {
        "BoundingBox": {
          "Width": 0.14235982298851013,
          "Height": 0.02209717035293579,
          "Left": 0.2843560576438904,
          "Top": 0.46632859110832214
        },
        "Polygon": [
          {
            "X": 0.28556981682777405,
            "Y": 0.4739052951335907
          },
          {
            "X": 0.4267158806324005,
            "Y": 0.46632859110832214
          },
          {
            "X": 0.42614874243736267,
            "Y": 0.48100903630256653
          },
          {
            "X": 0.2843560576438904,
            "Y": 0.48842576146125793
          }
        ]
      },
      "Id": "5b89a725-56ab-4dd1-8be1-455134a6521c",
      "Page": 1
    },
    {
      "BlockType": "WORD",
      "Confidence": 99.8658447265625,
      "Text": "do",
      "TextType": "PRINTED",
      "Geometry": {
        "BoundingBox": {
          "Width": 0.0261370986700058,
          "Height": 0.011965731158852577,
          "Left": 0.43269893527030945,
          "Top": 0.46443629264831543
        },
        "Polygon": [
          {
            "X": 0.4330862760543823,
            "Y": 0.46581894159317017
          },
          {
            "X": 0.45883604884147644,
            "Y": 0.46443629264831543
          },
          {
            "X": 0.45853519439697266,
            "Y": 0.4750402867794037
          },
          {
            "X": 0.43269893527030945,
            "Y": 0.47640204429626465
          }
        ]
      },
      "Id": "8dd6ad5f-f5d8-44a7-986f-5a858ba60fdb",
      "Page": 1
    },
    {
      "BlockType": "WORD",
      "Confidence": 97.77828216552734,
      "Text": "desenvolvimento",
      "TextType": "PRINTED",
      "Geometry": {
        "BoundingBox": {
          "Width": 0.19092105329036713,
          "Height": 0.022235210984945297,
          "Left": 0.46439167857170105,
          "Top": 0.45186474919319153
        },
        "Polygon": [
          {
            "X": 0.46470946073532104,
            "Y": 0.4621124565601349
          },
          {
            "X": 0.6548927426338196,
            "Y": 0.45186474919319153
          },
          {
            "X": 0.655312716960907,
            "Y": 0.46402597427368164
          },
          {
            "X": 0.46439167857170105,
            "Y": 0.4740999639034271
          }
        ]
      },
      "Id": "f103efcd-44c6-4685-8799-c2a489ba7e26",
      "Page": 1
    },
    {
      "BlockType": "WORD",
      "Confidence": 99.00794982910156,
      "Text": "Obtenha",
      "TextType": "PRINTED",
      "Geometry": {
        "BoundingBox": {
          "Width": 0.05972824990749359,
          "Height": 0.01089194044470787,
          "Left": 0.15575894713401794,
          "Top": 0.495993971824646
        },
        "Polygon": [
          {
            "X": 0.15672901272773743,
            "Y": 0.49904513359069824
          },
          {
            "X": 0.21548719704151154,
            "Y": 0.495993971824646
          },
          {
            "X": 0.21465834975242615,
            "Y": 0.5038715600967407
          },
          {
            "X": 0.15575894713401794,
            "Y": 0.5068858861923218
          }
        ]
      },
      "Id": "953b91fd-0d77-4daa-9330-6fd8ff5c621b",
      "Page": 1
    },
    {
      "BlockType": "WORD",
      "Confidence": 96.21540069580078,
      "Text": "recomendações",
      "TextType": "PRINTED",
      "Geometry": {
        "BoundingBox": {
          "Width": 0.11097969859838486,
          "Height": 0.015569116920232773,
          "Left": 0.21810400485992432,
          "Top": 0.48900339007377625
        },
        "Polygon": [
          {
            "X": 0.21912923455238342,
            "Y": 0.4947243928909302
          },
          {
            "X": 0.32908371090888977,
            "Y": 0.48900339007377625
          },
          {
            "X": 0.3283946216106415,
            "Y": 0.4989372789859772
          },
          {
            "X": 0.21810400485992432,
            "Y": 0.5045725107192993
          }
        ]
      },
      "Id": "6e83a11d-ef29-4cbe-a38e-a4f08be362cd",
      "Page": 1
    },
    {
      "BlockType": "WORD",
      "Confidence": 99.84845733642578,
      "Text": "de",
      "TextType": "PRINTED",
      "Geometry": {
        "BoundingBox": {
          "Width": 0.01829489693045616,
          "Height": 0.008908773772418499,
          "Left": 0.33283624053001404,
          "Top": 0.4876680374145508
        },
        "Polygon": [
          {
            "X": 0.3333792984485626,
            "Y": 0.4885919690132141
          },
          {
            "X": 0.3511311411857605,
            "Y": 0.4876680374145508
          },
          {
            "X": 0.35063228011131287,
            "Y": 0.49566394090652466
          },
          {
            "X": 0.33283624053001404,
            "Y": 0.49657678604125977
          }
        ]
      },
      "Id": "9f64e5c6-b894-4878-aeb8-bd23adb4b538",
      "Page": 1
    },
    {
      "BlockType": "WORD",
      "Confidence": 93.70736694335938,
      "Text": "codificação",
      "TextType": "PRINTED",
      "Geometry": {
        "BoundingBox": {
          "Width": 0.08292736858129501,
          "Height": 0.01445834245532751,
          "Left": 0.35506322979927063,
          "Top": 0.4820571541786194
        },
        "Polygon": [
          {
            "X": 0.35568302869796753,
            "Y": 0.48634952306747437
          },
          {
            "X": 0.43799060583114624,
            "Y": 0.4820571541786194
          },
          {
            "X": 0.43763405084609985,
            "Y": 0.49228835105895996
          },
          {
            "X": 0.35506322979927063,
            "Y": 0.4965154826641083
          }
        ]
      },
      "Id": "fd3247f8-9c46-4b74-8f11-3bab9fd26d43",
      "Page": 1
    },
    {
      "BlockType": "WORD",
      "Confidence": 98.2518539428711,
      "Text": "inline,",
      "TextType": "PRINTED",
      "Geometry": {
        "BoundingBox": {
          "Width": 0.04497292637825012,
          "Height": 0.01155951339751482,
          "Left": 0.442175030708313,
          "Top": 0.47913026809692383
        },
        "Polygon": [
          {
            "X": 0.44248348474502563,
            "Y": 0.4814610481262207
          },
          {
            "X": 0.4871479570865631,
            "Y": 0.47913026809692383
          },
          {
            "X": 0.4869699776172638,
            "Y": 0.48839080333709717
          },
          {
            "X": 0.442175030708313,
            "Y": 0.49068978428840637
          }
        ]
      },
      "Id": "d9bb405d-56b4-4105-9e14-827e44ea670b",
      "Page": 1
    },
    {
      "BlockType": "WORD",
      "Confidence": 98.25151062011719,
      "Text": "resuma,",
      "TextType": "PRINTED",
      "Geometry": {
        "BoundingBox": {
          "Width": 0.06136569753289223,
          "Height": 0.01143902912735939,
          "Left": 0.49224698543548584,
          "Top": 0.4765450656414032
        },
        "Polygon": [
          {
            "X": 0.4923917055130005,
            "Y": 0.47973400354385376
          },
          {
            "X": 0.5535964369773865,
            "Y": 0.4765450656414032
          },
          {
            "X": 0.5536127090454102,
            "Y": 0.48483389616012573
          },
          {
            "X": 0.49224698543548584,
            "Y": 0.4879840910434723
          }
        ]
      },
      "Id": "c3a34b3f-f9a6-426f-bf9e-7d650e86dedf",
      "Page": 1
    },
    {
      "BlockType": "WORD",
      "Confidence": 99.32357788085938,
      "Text": "documente",
      "TextType": "PRINTED",
      "Geometry": {
        "BoundingBox": {
          "Width": 0.09359301626682281,
          "Height": 0.01368109229952097,
          "Left": 0.5592167377471924,
          "Top": 0.46908771991729736
        },
        "Polygon": [
          {
            "X": 0.5592167377471924,
            "Y": 0.47396838665008545
          },
          {
            "X": 0.6525120735168457,
            "Y": 0.46908771991729736
          },
          {
            "X": 0.652809739112854,
            "Y": 0.4779505431652069
          },
          {
            "X": 0.559249758720398,
            "Y": 0.48276880383491516
          }
        ]
      },
      "Id": "7436bddf-cce3-4a7e-ab54-a7adf635943b",
      "Page": 1
    },
    {
      "BlockType": "WORD",
      "Confidence": 77.72986602783203,
      "Text": "o",
      "TextType": "PRINTED",
      "Geometry": {
        "BoundingBox": {
          "Width": 0.01055887434631586,
          "Height": 0.007094792556017637,
          "Left": 0.6577101349830627,
          "Top": 0.46971845626831055
        },
        "Polygon": [
          {
            "X": 0.6577101349830627,
            "Y": 0.4702562391757965
          },
          {
            "X": 0.6680161952972412,
            "Y": 0.46971845626831055
          },
          {
            "X": 0.6682690382003784,
            "Y": 0.47628054022789
          },
          {
            "X": 0.6579411625862122,
            "Y": 0.4768132269382477
          }
        ]
      },
      "Id": "58fa2c1a-f034-4a89-95a8-289f604a2cfa",
      "Page": 1
    },
    {
      "BlockType": "WORD",
      "Confidence": 91.86222839355469,
      "Text": "código,",
      "TextType": "PRINTED",
      "Geometry": {
        "BoundingBox": {
          "Width": 0.06285181641578674,
          "Height": 0.01366526260972023,
          "Left": 0.6734239459037781,
          "Top": 0.4637751281261444
        },
        "Polygon": [
          {
            "X": 0.6734239459037781,
            "Y": 0.4670356810092926
          },
          {
            "X": 0.7356458306312561,
            "Y": 0.4637751281261444
          },
          {
            "X": 0.7362757921218872,
            "Y": 0.4742284417152405
          },
          {
            "X": 0.6738432049751282,
            "Y": 0.47744038701057434
          }
        ]
      },
      "Id": "99903a7d-b627-4812-88b4-977867105731",
      "Page": 1
    },
    {
      "BlockType": "WORD",
      "Confidence": 97.2957534790039,
      "Text": "escaneie",
      "TextType": "PRINTED",
      "Geometry": {
        "BoundingBox": {
          "Width": 0.05786815285682678,
          "Height": 0.010827233083546162,
          "Left": 0.1540321707725525,
          "Top": 0.5062991976737976
        },
        "Polygon": [
          {
            "X": 0.15501423180103302,
            "Y": 0.5091981291770935
          },
          {
            "X": 0.21190032362937927,
            "Y": 0.5062991976737976
          },
          {
            "X": 0.21105602383613586,
            "Y": 0.5142637491226196
          },
          {
            "X": 0.1540321707725525,
            "Y": 0.5171264410018921
          }
        ]
      },
      "Id": "46d8dc4b-a223-4abe-b34b-1e19df3e8331",
      "Page": 1
    },
    {
      "BlockType": "WORD",
      "Confidence": 99.50507354736328,
      "Text": "problemas",
      "TextType": "PRINTED",
      "Geometry": {
        "BoundingBox": {
          "Width": 0.07430251687765121,
          "Height": 0.013551369309425354,
          "Left": 0.2156064808368683,
          "Top": 0.5012204051017761
        },
        "Polygon": [
          {
            "X": 0.21663212776184082,
            "Y": 0.5049622058868408
          },
          {
            "X": 0.2899090051651001,
            "Y": 0.5012204051017761
          },
          {
            "X": 0.2891049087047577,
            "Y": 0.51108717918396
          },
          {
            "X": 0.2156064808368683,
            "Y": 0.5147717595100403
          }
        ]
      },
      "Id": "f38afa12-a926-4952-83a7-12ac33a2cf3e",
      "Page": 1
    },
    {
      "BlockType": "WORD",
      "Confidence": 99.77584838867188,
      "Text": "de",
      "TextType": "PRINTED",
      "Geometry": {
        "BoundingBox": {
          "Width": 0.017757713794708252,
          "Height": 0.009095491841435432,
          "Left": 0.2938067317008972,
          "Top": 0.4999622404575348
        },
        "Polygon": [
          {
            "X": 0.29446500539779663,
            "Y": 0.500835657119751
          },
          {
            "X": 0.31156444549560547,
            "Y": 0.4999622404575348
          },
          {
            "X": 0.3109496533870697,
            "Y": 0.5081954002380371
          },
          {
            "X": 0.2938067317008972,
            "Y": 0.5090577006340027
          }
        ]
      },
      "Id": "3fb9ba73-5555-406d-9c00-4e1e5362c889",
      "Page": 1
    },
    {
      "BlockType": "WORD",
      "Confidence": 93.71537017822266,
      "Text": "segurança,",
      "TextType": "PRINTED",
      "Geometry": {
        "BoundingBox": {
          "Width": 0.07843215763568878,
          "Height": 0.013087988831102848,
          "Left": 0.3148585557937622,
          "Top": 0.4963514506816864
        },
        "Polygon": [
          {
            "X": 0.3155280351638794,
            "Y": 0.5003193616867065
          },
          {
            "X": 0.3932906985282898,
            "Y": 0.4963514506816864
          },
          {
            "X": 0.3928423821926117,
            "Y": 0.5055273771286011
          },
          {
            "X": 0.3148585557937622,
            "Y": 0.5094394683837891
          }
        ]
      },
      "Id": "9ea0efda-144e-4c0e-9c77-7dd04533ec87",
      "Page": 1
    },
    {
      "BlockType": "WORD",
      "Confidence": 98.4478759765625,
      "Text": "identifique",
      "TextType": "PRINTED",
      "Geometry": {
        "BoundingBox": {
          "Width": 0.08292434364557266,
          "Height": 0.014341342262923717,
          "Left": 0.3978720009326935,
          "Top": 0.49008622765541077
        },
        "Polygon": [
          {
            "X": 0.3983505666255951,
            "Y": 0.49430692195892334
          },
          {
            "X": 0.48079636693000793,
            "Y": 0.49008622765541077
          },
          {
            "X": 0.48058074712753296,
            "Y": 0.5002719163894653
          },
          {
            "X": 0.3978720009326935,
            "Y": 0.5044275522232056
          }
        ]
      },
      "Id": "ea88703b-fc19-4195-b74c-25a8e1cf83b9",
      "Page": 1
    },
    {
      "BlockType": "WORD",
      "Confidence": 99.25792694091797,
      "Text": "e",
      "TextType": "PRINTED",
      "Geometry": {
        "BoundingBox": {
          "Width": 0.009434078820049763,
          "Height": 0.006902421358972788,
          "Left": 0.4852955937385559,
          "Top": 0.4908542335033417
        },
        "Polygon": [
          {
            "X": 0.48542216420173645,
            "Y": 0.4913294315338135
          },
          {
            "X": 0.4947296679019928,
            "Y": 0.4908542335033417
          },
          {
            "X": 0.49462202191352844,
            "Y": 0.4972860813140869
          },
          {
            "X": 0.4852955937385559,
            "Y": 0.4977566599845886
          }
        ]
      },
      "Id": "6e9c43cf-eaff-4420-be7c-641ad644f63e",
      "Page": 1
    },
    {
      "BlockType": "WORD",
      "Confidence": 99.31004333496094,
      "Text": "solucione",
      "TextType": "PRINTED",
      "Geometry": {
        "BoundingBox": {
          "Width": 0.0760488212108612,
          "Height": 0.012466445565223694,
          "Left": 0.4985375702381134,
          "Top": 0.48467057943344116
        },
        "Polygon": [
          {
            "X": 0.4986705482006073,
            "Y": 0.48855751752853394
          },
          {
            "X": 0.5745121240615845,
            "Y": 0.48467057943344116
          },
          {
            "X": 0.5745863914489746,
            "Y": 0.4933001697063446
          },
          {
            "X": 0.4985375702381134,
            "Y": 0.49713703989982605
          }
        ]
      },
      "Id": "5ce59d25-05fb-4c05-8bf0-85272ec84db1",
      "Page": 1
    },
    {
      "BlockType": "WORD",
      "Confidence": 99.89060974121094,
      "Text": "bugs",
      "TextType": "PRINTED",
      "Geometry": {
        "BoundingBox": {
          "Width": 0.039683591574430466,
          "Height": 0.01226995512843132,
          "Left": 0.5796148777008057,
          "Top": 0.48197054862976074
        },
        "Polygon": [
          {
            "X": 0.5796148777008057,
            "Y": 0.48399388790130615
          },
          {
            "X": 0.6190641522407532,
            "Y": 0.48197054862976074
          },
          {
            "X": 0.6192984580993652,
            "Y": 0.4922480583190918
          },
          {
            "X": 0.5797197222709656,
            "Y": 0.49424052238464355
          }
        ]
      },
      "Id": "037b7d4f-e967-43eb-89da-379191dac6c2",
      "Page": 1
    },
    {
      "BlockType": "WORD",
      "Confidence": 99.39979553222656,
      "Text": "e",
      "TextType": "PRINTED",
      "Geometry": {
        "BoundingBox": {
          "Width": 0.009954158216714859,
          "Height": 0.007016913034021854,
          "Left": 0.6241989135742188,
          "Top": 0.48289623856544495
        },
        "Polygon": [
          {
            "X": 0.6241989135742188,
            "Y": 0.483396053314209
          },
          {
            "X": 0.6339734792709351,
            "Y": 0.48289623856544495
          },
          {
            "X": 0.6341530680656433,
            "Y": 0.4894181787967682
          },
          {
            "X": 0.624358057975769,
            "Y": 0.4899131655693054
          }
        ]
      },
      "Id": "afc68e86-b1e9-4648-b185-ad0fd1f73def",
      "Page": 1
    },
    {
      "BlockType": "WORD",
      "Confidence": 99.47277069091797,
      "Text": "escreva",
      "TextType": "PRINTED",
      "Geometry": {
        "BoundingBox": {
          "Width": 0.06300254166126251,
          "Height": 0.010378435254096985,
          "Left": 0.6388270258903503,
          "Top": 0.4786168336868286
        },
        "Polygon": [
          {
            "X": 0.6388270258903503,
            "Y": 0.481825053691864
          },
          {
            "X": 0.7014759182929993,
            "Y": 0.4786168336868286
          },
          {
            "X": 0.7018295526504517,
            "Y": 0.48582109808921814
          },
          {
            "X": 0.6390355825424194,
            "Y": 0.4889952838420868
          }
        ]
      },
      "Id": "7cca885f-d29b-42a0-9045-c27f14ba0bc0",
      "Page": 1
    },
    {
      "BlockType": "WORD",
      "Confidence": 99.88166046142578,
      "Text": "testes",
      "TextType": "PRINTED",
      "Geometry": {
        "BoundingBox": {
          "Width": 0.0532844215631485,
          "Height": 0.011011352762579918,
          "Left": 0.7070954442024231,
          "Top": 0.474158376455307
        },
        "Polygon": [
          {
            "X": 0.7070954442024231,
            "Y": 0.47686514258384705
          },
          {
            "X": 0.7598147392272949,
            "Y": 0.474158376455307
          },
          {
            "X": 0.7603798508644104,
            "Y": 0.48249584436416626
          },
          {
            "X": 0.7075181603431702,
            "Y": 0.48516973853111267
          }
        ]
      },
      "Id": "619e90cc-666c-475d-8c9d-78b8bc06fc64",
      "Page": 1
    },
    {
      "BlockType": "WORD",
      "Confidence": 99.86317443847656,
      "Text": "de",
      "TextType": "PRINTED",
      "Geometry": {
        "BoundingBox": {
          "Width": 0.01750350184738636,
          "Height": 0.00900369230657816,
          "Left": 0.15174172818660736,
          "Top": 0.5181463360786438
        },
        "Polygon": [
          {
            "X": 0.15275749564170837,
            "Y": 0.5189712047576904
          },
          {
            "X": 0.16924522817134857,
            "Y": 0.5181463360786438
          },
          {
            "X": 0.16827034950256348,
            "Y": 0.5263360142707825
          },
          {
            "X": 0.15174172818660736,
            "Y": 0.52715003490448
          }
        ]
      },
      "Id": "d60b0c2f-4d07-40f4-8444-b250b168ba24",
      "Page": 1
    },
    {
      "BlockType": "WORD",
      "Confidence": 99.67134857177734,
      "Text": "unidade",
      "TextType": "PRINTED",
      "Geometry": {
        "BoundingBox": {
          "Width": 0.05563948675990105,
          "Height": 0.010688228532671928,
          "Left": 0.17269201576709747,
          "Top": 0.5150120854377747
        },
        "Polygon": [
          {
            "X": 0.1736275553703308,
            "Y": 0.5177498459815979
          },
          {
            "X": 0.22833150625228882,
            "Y": 0.5150120854377747
          },
          {
            "X": 0.2275286465883255,
            "Y": 0.5229974985122681
          },
          {
            "X": 0.17269201576709747,
            "Y": 0.5257003307342529
          }
        ]
      },
      "Id": "0ec4d0d9-5aa4-47cc-a4da-b5e5ed10eb6d",
      "Page": 1
    },
    {
      "BlockType": "WORD",
      "Confidence": 75.23591613769531,
      "Text": "C",
      "TextType": "PRINTED",
      "Geometry": {
        "BoundingBox": {
          "Width": 0.015477150678634644,
          "Height": 0.009643041528761387,
          "Left": 0.10773570835590363,
          "Top": 0.5532222986221313
        },
        "Polygon": [
          {
            "X": 0.1089605838060379,
            "Y": 0.5538902878761292
          },
          {
            "X": 0.12321285903453827,
            "Y": 0.5532222986221313
          },
          {
            "X": 0.12202615290880203,
            "Y": 0.5622078776359558
          },
          {
            "X": 0.10773570835590363,
            "Y": 0.5628653764724731
          }
        ]
      },
      "Id": "60ef2be7-8319-4347-8e08-a94f090d90c9",
      "Page": 1
    },
    {
      "BlockType": "WORD",
      "Confidence": 99.947998046875,
      "Text": "Melhore",
      "TextType": "PRINTED",
      "Geometry": {
        "BoundingBox": {
          "Width": 0.07952231168746948,
          "Height": 0.0141654247418046,
          "Left": 0.14648295938968658,
          "Top": 0.5453715324401855
        },
        "Polygon": [
          {
            "X": 0.1477881520986557,
            "Y": 0.5490601062774658
          },
          {
            "X": 0.22600527107715607,
            "Y": 0.5453715324401855
          },
          {
            "X": 0.22494758665561676,
            "Y": 0.555915355682373
          },
          {
            "X": 0.14648295938968658,
            "Y": 0.5595369338989258
          }
        ]
      },
      "Id": "144b978c-4b6b-42ab-88fb-358886e9f49d",
      "Page": 1
    },
    {
      "BlockType": "WORD",
      "Confidence": 99.63848876953125,
      "Text": "a",
      "TextType": "PRINTED",
      "Geometry": {
        "BoundingBox": {
          "Width": 0.011433333158493042,
          "Height": 0.008433720096945763,
          "Left": 0.23065587878227234,
          "Top": 0.5467448830604553
        },
        "Polygon": [
          {
            "X": 0.2314378172159195,
            "Y": 0.5472450256347656
          },
          {
            "X": 0.24208921194076538,
            "Y": 0.5467448830604553
          },
          {
            "X": 0.24133285880088806,
            "Y": 0.5546852946281433
          },
          {
            "X": 0.23065587878227234,
            "Y": 0.5551785826683044
          }
        ]
      },
      "Id": "550f97c0-ace4-4dd8-a817-b04a1b9e6c74",
      "Page": 1
    },
    {
      "BlockType": "WORD",
      "Confidence": 98.18413543701172,
      "Text": "segurança",
      "TextType": "PRINTED",
      "Geometry": {
        "BoundingBox": {
          "Width": 0.10258620977401733,
          "Height": 0.016125692054629326,
          "Left": 0.24674534797668457,
          "Top": 0.5410000085830688
        },
        "Polygon": [
          {
            "X": 0.24780671298503876,
            "Y": 0.5457739233970642
          },
          {
            "X": 0.3493315577507019,
            "Y": 0.5410000085830688
          },
          {
            "X": 0.34862297773361206,
            "Y": 0.5524449944496155
          },
          {
            "X": 0.24674534797668457,
            "Y": 0.5571256875991821
          }
        ]
      },
      "Id": "78a3ad54-666c-4667-8d11-3e29791e5b0b",
      "Page": 1
    },
    {
      "BlockType": "WORD",
      "Confidence": 99.48564910888672,
      "Text": "e",
      "TextType": "PRINTED",
      "Geometry": {
        "BoundingBox": {
          "Width": 0.012244599871337414,
          "Height": 0.008839006535708904,
          "Left": 0.3554944097995758,
          "Top": 0.5405564308166504
        },
        "Polygon": [
          {
            "X": 0.3559902012348175,
            "Y": 0.5411084294319153
          },
          {
            "X": 0.3677389919757843,
            "Y": 0.5405564308166504
          },
          {
            "X": 0.36727309226989746,
            "Y": 0.5488512516021729
          },
          {
            "X": 0.3554944097995758,
            "Y": 0.5493954420089722
          }
        ]
      },
      "Id": "a38378fc-dc72-47d6-b9ef-ef1065a88016",
      "Page": 1
    },
    {
      "BlockType": "WORD",
      "Confidence": 99.73359680175781,
      "Text": "a",
      "TextType": "PRINTED",
      "Geometry": {
        "BoundingBox": {
          "Width": 0.012009560130536556,
          "Height": 0.008891461417078972,
          "Left": 0.3731243908405304,
          "Top": 0.539662778377533
        },
        "Polygon": [
          {
            "X": 0.37357813119888306,
            "Y": 0.5402057766914368
          },
          {
            "X": 0.3851339519023895,
            "Y": 0.539662778377533
          },
          {
            "X": 0.3847099244594574,
            "Y": 0.5480189323425293
          },
          {
            "X": 0.3731243908405304,
            "Y": 0.5485542416572571
          }
        ]
      },
      "Id": "519b6c1a-2b25-4f37-91ef-b41abf4a1b38",
      "Page": 1
    },
    {
      "BlockType": "WORD",
      "Confidence": 99.42878723144531,
      "Text": "qualidade",
      "TextType": "PRINTED",
      "Geometry": {
        "BoundingBox": {
          "Width": 0.10711538791656494,
          "Height": 0.018660692498087883,
          "Left": 0.39102500677108765,
          "Top": 0.5317663550376892
        },
        "Polygon": [
          {
            "X": 0.3916894793510437,
            "Y": 0.5367940068244934
          },
          {
            "X": 0.4981403946876526,
            "Y": 0.5317663550376892
          },
          {
            "X": 0.4979279041290283,
            "Y": 0.5455147624015808
          },
          {
            "X": 0.39102500677108765,
            "Y": 0.5504270195960999
          }
        ]
      },
      "Id": "98c13a4e-0a86-40c9-bef7-f76b4b5ff30e",
      "Page": 1
    },
    {
      "BlockType": "WORD",
      "Confidence": 99.85752868652344,
      "Text": "do",
      "TextType": "PRINTED",
      "Geometry": {
        "BoundingBox": {
          "Width": 0.02796691656112671,
          "Height": 0.012657364830374718,
          "Left": 0.5049533843994141,
          "Top": 0.5300509333610535
        },
        "Polygon": [
          {
            "X": 0.5051040053367615,
            "Y": 0.531364917755127
          },
          {
            "X": 0.5329203009605408,
            "Y": 0.5300509333610535
          },
          {
            "X": 0.532868504524231,
            "Y": 0.5414191484451294
          },
          {
            "X": 0.5049533843994141,
            "Y": 0.5427082777023315
          }
        ]
      },
      "Id": "4bda0a41-2acc-4ba6-9ff4-60bc1442fbdf",
      "Page": 1
    },
    {
      "BlockType": "WORD",
      "Confidence": 98.0872573852539,
      "Text": "código",
      "TextType": "PRINTED",
      "Geometry": {
        "BoundingBox": {
          "Width": 0.07598275691270828,
          "Height": 0.018139654770493507,
          "Left": 0.5401185750961304,
          "Top": 0.525570809841156
        },
        "Polygon": [
          {
            "X": 0.5401518940925598,
            "Y": 0.5291475653648376
          },
          {
            "X": 0.6157870292663574,
            "Y": 0.525570809841156
          },
          {
            "X": 0.6161013245582581,
            "Y": 0.5402199625968933
          },
          {
            "X": 0.5401185750961304,
            "Y": 0.543710470199585
          }
        ]
      },
      "Id": "0a7361ae-b0ec-4c86-92bb-01715d775919",
      "Page": 1
    },
    {
      "BlockType": "WORD",
      "Confidence": 97.87753295898438,
      "Text": "Código",
      "TextType": "PRINTED",
      "Geometry": {
        "BoundingBox": {
          "Width": 0.0496317483484745,
          "Height": 0.012096432037651539,
          "Left": 0.1431955248117447,
          "Top": 0.5632601976394653
        },
        "Polygon": [
          {
            "X": 0.14443162083625793,
            "Y": 0.5654667615890503
          },
          {
            "X": 0.1928272694349289,
            "Y": 0.5632601976394653
          },
          {
            "X": 0.19173452258110046,
            "Y": 0.5731895565986633
          },
          {
            "X": 0.1431955248117447,
            "Y": 0.575356662273407
          }
        ]
      },
      "Id": "019ef576-6710-46b2-94d7-f7d1552b42aa",
      "Page": 1
    },
    {
      "BlockType": "WORD",
      "Confidence": 99.81219482421875,
      "Text": "mais",
      "TextType": "PRINTED",
      "Geometry": {
        "BoundingBox": {
          "Width": 0.033470068126916885,
          "Height": 0.009703092277050018,
          "Left": 0.19621504843235016,
          "Top": 0.5617857575416565
        },
        "Polygon": [
          {
            "X": 0.19710859656333923,
            "Y": 0.5632703900337219
          },
          {
            "X": 0.22968511283397675,
            "Y": 0.5617857575416565
          },
          {
            "X": 0.2288721203804016,
            "Y": 0.5700260996818542
          },
          {
            "X": 0.19621504843235016,
            "Y": 0.5714888572692871
          }
        ]
      },
      "Id": "ec3d6020-6a7a-43e3-aec0-92147498b72a",
      "Page": 1
    },
    {
      "BlockType": "WORD",
      "Confidence": 99.539306640625,
      "Text": "seguro",
      "TextType": "PRINTED",
      "Geometry": {
        "BoundingBox": {
          "Width": 0.04996369406580925,
          "Height": 0.011058383621275425,
          "Left": 0.23259714245796204,
          "Top": 0.5605625510215759
        },
        "Polygon": [
          {
            "X": 0.2334573119878769,
            "Y": 0.5627948641777039
          },
          {
            "X": 0.2825608253479004,
            "Y": 0.5605625510215759
          },
          {
            "X": 0.2818317711353302,
            "Y": 0.5694239735603333
          },
          {
            "X": 0.23259714245796204,
            "Y": 0.5716209411621094
          }
        ]
      },
      "Id": "1fb59d00-82a8-49a0-9fa2-399e6cfb4cce",
      "Page": 1
    },
    {
      "BlockType": "WORD",
      "Confidence": 99.67354583740234,
      "Text": "com",
      "TextType": "PRINTED",
      "Geometry": {
        "BoundingBox": {
          "Width": 0.03143646940588951,
          "Height": 0.008567278273403645,
          "Left": 0.286469429731369,
          "Top": 0.5590236186981201
        },
        "Polygon": [
          {
            "X": 0.28704893589019775,
            "Y": 0.5604262351989746
          },
          {
            "X": 0.31790587306022644,
            "Y": 0.5590236186981201
          },
          {
            "X": 0.31739354133605957,
            "Y": 0.5662062168121338
          },
          {
            "X": 0.286469429731369,
            "Y": 0.5675908923149109
          }
        ]
      },
      "Id": "ee2fce54-017a-4967-ba36-671bbab88af4",
      "Page": 1
    },
    {
      "BlockType": "WORD",
      "Confidence": 99.38970184326172,
      "Text": "menos",
      "TextType": "PRINTED",
      "Geometry": {
        "BoundingBox": {
          "Width": 0.05055517703294754,
          "Height": 0.009623650461435318,
          "Left": 0.32218030095100403,
          "Top": 0.5565134286880493
        },
        "Polygon": [
          {
            "X": 0.3226936161518097,
            "Y": 0.5587881803512573
          },
          {
            "X": 0.37273550033569336,
            "Y": 0.5565134286880493
          },
          {
            "X": 0.3723345696926117,
            "Y": 0.5638920068740845
          },
          {
            "X": 0.32218030095100403,
            "Y": 0.5661370754241943
          }
        ]
      },
      "Id": "d4b54b29-ea33-4cd1-853f-2f66be022648",
      "Page": 1
    },
    {
      "BlockType": "WORD",
      "Confidence": 89.41798400878906,
      "Text": "esforço,",
      "TextType": "PRINTED",
      "Geometry": {
        "BoundingBox": {
          "Width": 0.0604911744594574,
          "Height": 0.013782651163637638,
          "Left": 0.3766300082206726,
          "Top": 0.5519065856933594
        },
        "Polygon": [
          {
            "X": 0.3772153854370117,
            "Y": 0.5546391606330872
          },
          {
            "X": 0.43712118268013,
            "Y": 0.5519065856933594
          },
          {
            "X": 0.43673965334892273,
            "Y": 0.5630097985267639
          },
          {
            "X": 0.3766300082206726,
            "Y": 0.5656892657279968
          }
        ]
      },
      "Id": "204b3f69-5435-4e68-8456-3558a80756d3",
      "Page": 1
    },
    {
      "BlockType": "WORD",
      "Confidence": 99.65481567382812,
      "Text": "com",
      "TextType": "PRINTED",
      "Geometry": {
        "BoundingBox": {
          "Width": 0.033789657056331635,
          "Height": 0.009168613702058792,
          "Left": 0.44185176491737366,
          "Top": 0.5518618822097778
        },
        "Polygon": [
          {
            "X": 0.44210246205329895,
            "Y": 0.5533863306045532
          },
          {
            "X": 0.4756414294242859,
            "Y": 0.5518618822097778
          },
          {
            "X": 0.47547000646591187,
            "Y": 0.5595263838768005
          },
          {
            "X": 0.44185176491737366,
            "Y": 0.5610304474830627
          }
        ]
      },
      "Id": "b2d0c922-a763-46a3-9554-51d871faa41b",
      "Page": 1
    },
    {
      "BlockType": "WORD",
      "Confidence": 99.53962707519531,
      "Text": "a",
      "TextType": "PRINTED",
      "Geometry": {
        "BoundingBox": {
          "Width": 0.009098611772060394,
          "Height": 0.007500817067921162,
          "Left": 0.4804615080356598,
          "Top": 0.5516637563705444
        },
        "Polygon": [
          {
            "X": 0.4806091785430908,
            "Y": 0.5520702600479126
          },
          {
            "X": 0.4895601272583008,
            "Y": 0.5516637563705444
          },
          {
            "X": 0.48943209648132324,
            "Y": 0.5587631464004517
          },
          {
            "X": 0.4804615080356598,
            "Y": 0.5591645836830139
          }
        ]
      },
      "Id": "73ab7b04-1250-4589-8692-bfc6d9518b38",
      "Page": 1
    },
    {
      "BlockType": "WORD",
      "Confidence": 99.7843246459961,
      "Text": "scan",
      "TextType": "PRINTED",
      "Geometry": {
        "BoundingBox": {
          "Width": 0.03632231801748276,
          "Height": 0.009258231148123741,
          "Left": 0.4937379062175751,
          "Top": 0.5495071411132812
        },
        "Polygon": [
          {
            "X": 0.4938650131225586,
            "Y": 0.5511519312858582
          },
          {
            "X": 0.5300602316856384,
            "Y": 0.5495071411132812
          },
          {
            "X": 0.5300188064575195,
            "Y": 0.5571423768997192
          },
          {
            "X": 0.4937379062175751,
            "Y": 0.5587653517723083
          }
        ]
      },
      "Id": "388f8e34-ff69-45d8-9246-90afb4b8348f",
      "Page": 1
    },
    {
      "BlockType": "WORD",
      "Confidence": 99.8357162475586,
      "Text": "de",
      "TextType": "PRINTED",
      "Geometry": {
        "BoundingBox": {
          "Width": 0.02029441110789776,
          "Height": 0.009788671508431435,
          "Left": 0.5352854132652283,
          "Top": 0.5469503998756409
        },
        "Polygon": [
          {
            "X": 0.5353189706802368,
            "Y": 0.5478727221488953
          },
          {
            "X": 0.555557370185852,
            "Y": 0.5469503998756409
          },
          {
            "X": 0.5555798411369324,
            "Y": 0.5558308959007263
          },
          {
            "X": 0.5352854132652283,
            "Y": 0.5567390322685242
          }
        ]
      },
      "Id": "8b0e2522-8c84-46b5-9ce5-23e0431e2c1e",
      "Page": 1
    },
    {
      "BlockType": "WORD",
      "Confidence": 99.39105224609375,
      "Text": "e",
      "TextType": "PRINTED",
      "Geometry": {
        "BoundingBox": {
          "Width": 0.009691746905446053,
          "Height": 0.007472819183021784,
          "Left": 0.560416579246521,
          "Top": 0.5482087135314941
        },
        "Polygon": [
          {
            "X": 0.560416579246521,
            "Y": 0.5486463904380798
          },
          {
            "X": 0.5700587034225464,
            "Y": 0.5482087135314941
          },
          {
            "X": 0.5701083540916443,
            "Y": 0.5552491545677185
          },
          {
            "X": 0.5604450106620789,
            "Y": 0.5556815266609192
          }
        ]
      },
      "Id": "d2ab8f3e-08cd-4a88-9266-3fe6cb660944",
      "Page": 1
    },
    {
      "BlockType": "WORD",
      "Confidence": 97.60977935791016,
      "Text": "correção",
      "TextType": "PRINTED",
      "Geometry": {
        "BoundingBox": {
          "Width": 0.07240573316812515,
          "Height": 0.015015637502074242,
          "Left": 0.5749620199203491,
          "Top": 0.5425949096679688
        },
        "Polygon": [
          {
            "X": 0.5749620199203491,
            "Y": 0.5458791255950928
          },
          {
            "X": 0.6470009684562683,
            "Y": 0.5425949096679688
          },
          {
            "X": 0.6473677754402161,
            "Y": 0.5543926358222961
          },
          {
            "X": 0.5750626921653748,
            "Y": 0.5576105713844299
          }
        ]
      },
      "Id": "f5867bcf-1f8f-4f2b-9498-9fd10dd7f4c3",
      "Page": 1
    },
    {
      "BlockType": "WORD",
      "Confidence": 99.29573822021484,
      "Text": "automatizada",
      "TextType": "PRINTED",
      "Geometry": {
        "BoundingBox": {
          "Width": 0.09759554266929626,
          "Height": 0.012832913547754288,
          "Left": 0.14107681810855865,
          "Top": 0.5717707872390747
        },
        "Polygon": [
          {
            "X": 0.14214542508125305,
            "Y": 0.5760741829872131
          },
          {
            "X": 0.23867236077785492,
            "Y": 0.5717707872390747
          },
          {
            "X": 0.23785066604614258,
            "Y": 0.5803683996200562
          },
          {
            "X": 0.14107681810855865,
            "Y": 0.5846037268638611
          }
        ]
      },
      "Id": "1ed911cf-8f04-4c9d-8ce7-8b2891816fda",
      "Page": 1
    },
    {
      "BlockType": "WORD",
      "Confidence": 99.82652282714844,
      "Text": "de",
      "TextType": "PRINTED",
      "Geometry": {
        "BoundingBox": {
          "Width": 0.01870977133512497,
          "Height": 0.009075536392629147,
          "Left": 0.242177814245224,
          "Top": 0.5709994435310364
        },
        "Polygon": [
          {
            "X": 0.24295784533023834,
            "Y": 0.5717984437942505
          },
          {
            "X": 0.26088759303092957,
            "Y": 0.5709994435310364
          },
          {
            "X": 0.2601522207260132,
            "Y": 0.579288125038147
          },
          {
            "X": 0.242177814245224,
            "Y": 0.5800749659538269
          }
        ]
      },
      "Id": "adb8255a-c249-400c-bf85-537d190ed6f0",
      "Page": 1
    },
    {
      "BlockType": "WORD",
      "Confidence": 96.9307632446289,
      "Text": "código",
      "TextType": "PRINTED",
      "Geometry": {
        "BoundingBox": {
          "Width": 0.049783069640398026,
          "Height": 0.012395039200782776,
          "Left": 0.26442497968673706,
          "Top": 0.568428635597229
        },
        "Polygon": [
          {
            "X": 0.2653173804283142,
            "Y": 0.5706081986427307
          },
          {
            "X": 0.3142080307006836,
            "Y": 0.568428635597229
          },
          {
            "X": 0.3134668469429016,
            "Y": 0.57868492603302
          },
          {
            "X": 0.26442497968673706,
            "Y": 0.5808237195014954
          }
        ]
      },
      "Id": "64e3f46e-ac6a-4fa0-a4c0-14b25210e9ce",
      "Page": 1
    }
  ],
  "DetectDocumentTextModelVersion": "1.0"
}