{
  "DocumentMetadata": {
    "Pages": 1
  },
  "JobStatus": "SUCCEEDED",
  "Blocks": [
    {
      "BlockType": "PAGE",
      "Geometry": {
        "BoundingBox": {
          "Width": 0.7635088562965393,
          "Height": 0.5417448878288269,
          "Left": 0.03840150311589241,
          "Top": 0.06820745021104813
        },
        "Polygon": [
          {
            "X": 0.07707153260707855,
            "Y": 0.11681222915649414
          },
          {
            "X": 0.7863091826438904,
            "Y": 0.06820745021104813
          },
          {
            "X": 0.8019103407859802,
            "Y": 0.605354368686676
          },
          {
            "X": 0.03840150311589241,
            "Y": 0.6099523305892944
          }
        ]
      },
      "Id": "d41feecd-bd82-400b-9499-fc35d421bf4c",
      "Relationships": [
        {
          "Type": "CHILD",
          "Ids": [
            "19d477be-48d0-4b5a-a020-a014da96f678",
            "7ffe4ccb-16e9-4938-88a8-5bc50c6ad85e",
            "eb2c6896-1b57-4993-8263-0a013fc8a2ce",
            "6c1a85b3-e613-4188-b419-391fc7c253bf",
            "aa885320-f2d9-4d49-aeaf-347548a2176f",
            "8893f3fd-e3af-47b4-9a35-c0ff65ec6ddd",
            "2abea929-cf45-4ccc-877b-f49cda264178",
            "28f1d839-03ab-48ed-bf4e-3537aa61944d",
            "b6312165-6030-479d-a6f0-d35067e09d72",
            "a729b7e6-6578-46e4-a800-d1d2f91e426d",
            "59b5cf77-fcfe-4a85-b194-a1cda74a386c",
            "11c35a44-c286-44db-a653-4327d62a5f78",
            "53b314f9-c489-43e1-be89-6af9eec9d940",
            "9ea93bd3-4fa4-4c72-ad22-6b948d13b9a7",
            "b10182f2-c59e-41d0-831b-3960149d5303",
            "d9891c0e-0cf0-4692-834f-03d7db280f68",
            "0eabd2ac-cc7a-44aa-8dd7-9dce1442f803",
            "0c6c3c4c-4961-46bf-aee3-1e5573613fef",
            "587883bf-69ba-48d3-aeb2-9e887cfe840a",
            "cbef85c5-9796-44fd-9f12-ed04ab8922e6",
            "ae4ee819-186a-46f9-9c2d-e9ac5a4b646b",
            "18fc053e-a736-4cf6-8801-d5d96a09c5d8",
            "80de53ca-7de4-4342-84d5-d65ee95f02c5"
          ]
        }
      ],
      "Page": 1
    },
    {
      "BlockType": "LINE",
      "Confidence": 99.37791442871094,
      "Text": "Usar vários agentes ajuda",
      "Geometry": {
        "BoundingBox": {
          "Width": 0.437024861574173,
          "Height": 0.05676579847931862,
          "Left": 0.11444259434938431,
          "Top": 0.18783549964427948
        },
        "Polygon": [
          {
            "X": 0.1167524978518486,
            "Y": 0.21224310994148254
          },
          {
            "X": 0.5514674782752991,
            "Y": 0.18783549964427948
          },
          {
            "X": 0.5512425899505615,
            "Y": 0.22185344994068146
          },
          {
            "X": 0.11444259434938431,
            "Y": 0.2446012943983078
          }
        ]
      },
      "Id": "19d477be-48d0-4b5a-a020-a014da96f678",
      "Relationships": [
        {
          "Type": "CHILD",
          "Ids": [
            "6659fc78-05e2-4c88-81ad-83547ad85c2f",
            "4a5cada8-cb1b-42e6-946c-8e1d1b61b77c",
            "8e252f02-7863-43e3-b56d-e10b7f9dc2b8",
            "afc2b0a6-8889-41ee-bf3f-66d24b62fd56"
          ]
        }
      ],
      "Page": 1
    },
    {
      "BlockType": "LINE",
      "Confidence": 98.83847045898438,
      "Text": "Especialista",
      "Geometry": {
        "BoundingBox": {
          "Width": 0.06528756767511368,
          "Height": 0.012395492754876614,
          "Left": 0.5179310441017151,
          "Top": 0.2705764174461365
        },
        "Polygon": [
          {
            "X": 0.5180386900901794,
            "Y": 0.27357950806617737
          },
          {
            "X": 0.5832185745239258,
            "Y": 0.2705764174461365
          },
          {
            "X": 0.5832012295722961,
            "Y": 0.2800382673740387
          },
          {
            "X": 0.5179310441017151,
            "Y": 0.28297191858291626
          }
        ]
      },
      "Id": "7ffe4ccb-16e9-4938-88a8-5bc50c6ad85e",
      "Relationships": [
        {
          "Type": "CHILD",
          "Ids": [
            "a784a6ae-a3c0-41af-868e-0f4d27045117"
          ]
        }
      ],
      "Page": 1
    },
    {
      "BlockType": "LINE",
      "Confidence": 99.79409790039062,
      "Text": "App de folgas",
      "Geometry": {
        "BoundingBox": {
          "Width": 0.07297559082508087,
          "Height": 0.013327937573194504,
          "Left": 0.34863582253456116,
          "Top": 0.28495630621910095
        },
        "Polygon": [
          {
            "X": 0.3490009307861328,
            "Y": 0.28824058175086975
          },
          {
            "X": 0.42161139845848083,
            "Y": 0.28495630621910095
          },
          {
            "X": 0.42135146260261536,
            "Y": 0.2950846254825592
          },
          {
            "X": 0.34863582253456116,
            "Y": 0.29828426241874695
          }
        ]
      },
      "Id": "eb2c6896-1b57-4993-8263-0a013fc8a2ce",
      "Relationships": [
        {
          "Type": "CHILD",
          "Ids": [
            "301472b0-b8b4-49eb-8a98-1b4bb355b281",
            "ed186228-94c0-4864-bcc4-3252a899ae72",
            "59d814a8-da6b-4f32-b481-33db016304c9"
          ]
        }
      ],
      "Page": 1
    },
    {
      "BlockType": "LINE",
      "Confidence": 99.34861755371094,
      "Text": "em folgas",
      "Geometry": {
        "BoundingBox": {
          "Width": 0.055797506123781204,
          "Height": 0.01162649504840374,
          "Left": 0.5226251482963562,
          "Top": 0.2814202606678009
        },
        "Polygon": [
          {
            "X": 0.5227233171463013,
            "Y": 0.28391599655151367
          },
          {
            "X": 0.5784226059913635,
            "Y": 0.2814202606678009
          },
          {
            "X": 0.5783993005752563,
            "Y": 0.2906087636947632
          },
          {
            "X": 0.5226251482963562,
            "Y": 0.2930467426776886
          }
        ]
      },
      "Id": "6c1a85b3-e613-4188-b419-391fc7c253bf",
      "Relationships": [
        {
          "Type": "CHILD",
          "Ids": [
            "1e912cc4-f892-4e74-8d66-d9d377cab20d",
            "5cb0cfb5-f141-4e8d-8e3a-aa49396d8fe5"
          ]
        }
      ],
      "Page": 1
    },
    {
      "BlockType": "LINE",
      "Confidence": 99.42095947265625,
      "Text": "Regras de",
      "Geometry": {
        "BoundingBox": {
          "Width": 0.05851256847381592,
          "Height": 0.012356437742710114,
          "Left": 0.6351824402809143,
          "Top": 0.29348525404930115
        },
        "Polygon": [
          {
            "X": 0.6351824402809143,
            "Y": 0.29598239064216614
          },
          {
            "X": 0.6935518980026245,
            "Y": 0.29348525404930115
          },
          {
            "X": 0.6936950087547302,
            "Y": 0.3034091889858246
          },
          {
            "X": 0.6352397799491882,
            "Y": 0.30584168434143066
          }
        ]
      },
      "Id": "aa885320-f2d9-4d49-aeaf-347548a2176f",
      "Relationships": [
        {
          "Type": "CHILD",
          "Ids": [
            "f80f6fea-9b6f-4cd0-801b-022d9ca50f7a",
            "ea4641a2-f340-4333-9af0-1fe7dd6a7f1c"
          ]
        }
      ],
      "Page": 1
    },
    {
      "BlockType": "LINE",
      "Confidence": 91.47759246826172,
      "Text": "licenças",
      "Geometry": {
        "BoundingBox": {
          "Width": 0.04852784425020218,
          "Height": 0.011794348247349262,
          "Left": 0.640221893787384,
          "Top": 0.30489858984947205
        },
        "Polygon": [
          {
            "X": 0.640221893787384,
            "Y": 0.3069050908088684
          },
          {
            "X": 0.6886152029037476,
            "Y": 0.30489858984947205
          },
          {
            "X": 0.6887497305870056,
            "Y": 0.3147396445274353
          },
          {
            "X": 0.6402860283851624,
            "Y": 0.31669291853904724
          }
        ]
      },
      "Id": "8893f3fd-e3af-47b4-9a35-c0ff65ec6ddd",
      "Relationships": [
        {
          "Type": "CHILD",
          "Ids": [
            "b8a0c2e6-9607-4fd9-95b0-fcbccc701b8f"
          ]
        }
      ],
      "Page": 1
    },
    {
      "BlockType": "LINE",
      "Confidence": 97.9378662109375,
      "Text": "App de licenças",
      "Geometry": {
        "BoundingBox": {
          "Width": 0.08285953104496002,
          "Height": 0.01299312338232994,
          "Left": 0.3417399823665619,
          "Top": 0.3480389416217804
        },
        "Polygon": [
          {
            "X": 0.3421063721179962,
            "Y": 0.3511367738246918
          },
          {
            "X": 0.4245994985103607,
            "Y": 0.3480389416217804
          },
          {
            "X": 0.4243498146533966,
            "Y": 0.3580299913883209
          },
          {
            "X": 0.3417399823665619,
            "Y": 0.36103206872940063
          }
        ]
      },
      "Id": "2abea929-cf45-4ccc-877b-f49cda264178",
      "Relationships": [
        {
          "Type": "CHILD",
          "Ids": [
            "25957251-da36-4725-8c3c-53592f635039",
            "04addeee-d204-429c-b9d4-f9e7e30795ad",
            "28314b9c-ce97-4a51-b0f4-046e9e11596a"
          ]
        }
      ],
      "Page": 1
    },
    {
      "BlockType": "LINE",
      "Confidence": 98.92669677734375,
      "Text": "Especialista",
      "Geometry": {
        "BoundingBox": {
          "Width": 0.06636711955070496,
          "Height": 0.011843976564705372,
          "Left": 0.5164735913276672,
          "Top": 0.34456631541252136
        },
        "Polygon": [
          {
            "X": 0.5165818929672241,
            "Y": 0.3470350205898285
          },
          {
            "X": 0.5828406810760498,
            "Y": 0.34456631541252136
          },
          {
            "X": 0.5828229784965515,
            "Y": 0.35401293635368347
          },
          {
            "X": 0.5164735913276672,
            "Y": 0.35641029477119446
          }
        ]
      },
      "Id": "28f1d839-03ab-48ed-bf4e-3537aa61944d",
      "Relationships": [
        {
          "Type": "CHILD",
          "Ids": [
            "662758f8-d24f-45f3-8873-5196c3437082"
          ]
        }
      ],
      "Page": 1
    },
    {
      "BlockType": "LINE",
      "Confidence": 99.69055938720703,
      "Text": "Ajude-me a ser",
      "Geometry": {
        "BoundingBox": {
          "Width": 0.06753049790859222,
          "Height": 0.010534757748246193,
          "Left": 0.230881005525589,
          "Top": 0.36986854672431946
        },
        "Polygon": [
          {
            "X": 0.23131366074085236,
            "Y": 0.37224680185317993
          },
          {
            "X": 0.2984115183353424,
            "Y": 0.36986854672431946
          },
          {
            "X": 0.29805558919906616,
            "Y": 0.37809038162231445
          },
          {
            "X": 0.230881005525589,
            "Y": 0.3804033100605011
          }
        ]
      },
      "Id": "b6312165-6030-479d-a6f0-d35067e09d72",
      "Relationships": [
        {
          "Type": "CHILD",
          "Ids": [
            "7533dd3e-7647-40f4-adac-e5a18eec4b04",
            "4796270d-9a2d-4e01-ac99-7cb7f0f081a3",
            "eb74f673-706d-41e4-b406-9425a45a8b22"
          ]
        }
      ],
      "Page": 1
    },
    {
      "BlockType": "LINE",
      "Confidence": 97.12922668457031,
      "Text": "em licenças",
      "Geometry": {
        "BoundingBox": {
          "Width": 0.0661560520529747,
          "Height": 0.011737710796296597,
          "Left": 0.5165906548500061,
          "Top": 0.35571250319480896
        },
        "Polygon": [
          {
            "X": 0.5166985392570496,
            "Y": 0.35808563232421875
          },
          {
            "X": 0.5827467441558838,
            "Y": 0.35571250319480896
          },
          {
            "X": 0.5827289819717407,
            "Y": 0.3651482164859772
          },
          {
            "X": 0.5165906548500061,
            "Y": 0.36745020747184753
          }
        ]
      },
      "Id": "a729b7e6-6578-46e4-a800-d1d2f91e426d",
      "Relationships": [
        {
          "Type": "CHILD",
          "Ids": [
            "89e019bb-1360-426e-af0a-936958e22e1b",
            "5b6efbfc-b418-4b01-a1b7-09019170334d"
          ]
        }
      ],
      "Page": 1
    },
    {
      "BlockType": "LINE",
      "Confidence": 85.80313873291016,
      "Text": "promovido para O",
      "Geometry": {
        "BoundingBox": {
          "Width": 0.07951601594686508,
          "Height": 0.010705862194299698,
          "Left": 0.2245246320962906,
          "Top": 0.37896016240119934
        },
        "Polygon": [
          {
            "X": 0.22495542466640472,
            "Y": 0.3816727101802826
          },
          {
            "X": 0.3040406405925751,
            "Y": 0.37896016240119934
          },
          {
            "X": 0.30369842052459717,
            "Y": 0.38702908158302307
          },
          {
            "X": 0.2245246320962906,
            "Y": 0.38966602087020874
          }
        ]
      },
      "Id": "59b5cf77-fcfe-4a85-b194-a1cda74a386c",
      "Relationships": [
        {
          "Type": "CHILD",
          "Ids": [
            "d824c81c-9afb-4c59-a6d4-e91c23346054",
            "d906af74-c247-4919-8ada-8a5899c20b1a",
            "2d852403-3d99-4d06-8983-631d239c16d1"
          ]
        }
      ],
      "Page": 1
    },
    {
      "BlockType": "LINE",
      "Confidence": 99.65479278564453,
      "Text": "3",
      "Geometry": {
        "BoundingBox": {
          "Width": 0.007492237724363804,
          "Height": 0.00870490912348032,
          "Left": 0.46107324957847595,
          "Top": 0.371393084526062
        },
        "Polygon": [
          {
            "X": 0.46123865246772766,
            "Y": 0.37164607644081116
          },
          {
            "X": 0.4685654938220978,
            "Y": 0.371393084526062
          },
          {
            "X": 0.4684089720249176,
            "Y": 0.37985217571258545
          },
          {
            "X": 0.46107324957847595,
            "Y": 0.38009798526763916
          }
        ]
      },
      "Id": "11c35a44-c286-44db-a653-4327d62a5f78",
      "Relationships": [
        {
          "Type": "CHILD",
          "Ids": [
            "85087c4f-7f6b-40c3-a133-239fb6c8dcbe"
          ]
        }
      ],
      "Page": 1
    },
    {
      "BlockType": "LINE",
      "Confidence": 99.63887023925781,
      "Text": "3",
      "Geometry": {
        "BoundingBox": {
          "Width": 0.008309242315590382,
          "Height": 0.010221518576145172,
          "Left": 0.1768237203359604,
          "Top": 0.38671648502349854
        },
        "Polygon": [
          {
            "X": 0.17742891609668732,
            "Y": 0.3869771659374237
          },
          {
            "X": 0.1851329654455185,
            "Y": 0.38671648502349854
          },
          {
            "X": 0.184538334608078,
            "Y": 0.3966865539550781
          },
          {
            "X": 0.1768237203359604,
            "Y": 0.3969379961490631
          }
        ]
      },
      "Id": "53b314f9-c489-43e1-be89-6af9eec9d940",
      "Relationships": [
        {
          "Type": "CHILD",
          "Ids": [
            "e46e749b-18a8-4057-8ef3-c6a6a82a6fed"
          ]
        }
      ],
      "Page": 1
    },
    {
      "BlockType": "LINE",
      "Confidence": 95.75434112548828,
      "Text": "próximo nível",
      "Geometry": {
        "BoundingBox": {
          "Width": 0.06246959790587425,
          "Height": 0.010584444738924503,
          "Left": 0.2324013113975525,
          "Top": 0.38763949275016785
        },
        "Polygon": [
          {
            "X": 0.23285025358200073,
            "Y": 0.3897027373313904
          },
          {
            "X": 0.29487091302871704,
            "Y": 0.38763949275016785
          },
          {
            "X": 0.2944958209991455,
            "Y": 0.3962239623069763
          },
          {
            "X": 0.2324013113975525,
            "Y": 0.3982239365577698
          }
        ]
      },
      "Id": "9ea93bd3-4fa4-4c72-ad22-6b948d13b9a7",
      "Relationships": [
        {
          "Type": "CHILD",
          "Ids": [
            "be4719e1-1e3f-451d-94ef-d9d1c57e5120",
            "146a1eaa-9a0f-42e9-b3d8-177418b18e4a"
          ]
        }
      ],
      "Page": 1
    },
    {
      "BlockType": "LINE",
      "Confidence": 87.74687194824219,
      "Text": "Políticas",
      "Geometry": {
        "BoundingBox": {
          "Width": 0.05087747052311897,
          "Height": 0.009774564765393734,
          "Left": 0.6379569172859192,
          "Top": 0.3746013045310974
        },
        "Polygon": [
          {
            "X": 0.6379569172859192,
            "Y": 0.3762897849082947
          },
          {
            "X": 0.6887242197990417,
            "Y": 0.3746013045310974
          },
          {
            "X": 0.6888343691825867,
            "Y": 0.3827340304851532
          },
          {
            "X": 0.6380066871643066,
            "Y": 0.3843758702278137
          }
        ]
      },
      "Id": "b10182f2-c59e-41d0-831b-3960149d5303",
      "Relationships": [
        {
          "Type": "CHILD",
          "Ids": [
            "a07d23bc-80fe-416d-b8aa-85e0b2ce3089"
          ]
        }
      ],
      "Page": 1
    },
    {
      "BlockType": "LINE",
      "Confidence": 99.86866760253906,
      "Text": "de RH",
      "Geometry": {
        "BoundingBox": {
          "Width": 0.03624320030212402,
          "Height": 0.00918130949139595,
          "Left": 0.6446641087532043,
          "Top": 0.3861173689365387
        },
        "Polygon": [
          {
            "X": 0.6446641087532043,
            "Y": 0.38727155327796936
          },
          {
            "X": 0.6808075308799744,
            "Y": 0.3861173689365387
          },
          {
            "X": 0.6809073090553284,
            "Y": 0.39417749643325806
          },
          {
            "X": 0.644721269607544,
            "Y": 0.39529868960380554
          }
        ]
      },
      "Id": "d9891c0e-0cf0-4692-834f-03d7db280f68",
      "Relationships": [
        {
          "Type": "CHILD",
          "Ids": [
            "0e4f50a2-2cf5-4e15-a660-c9b142d414b1",
            "626783a5-566a-4633-88f7-b81c28d65cf3"
          ]
        }
      ],
      "Page": 1
    },
    {
      "BlockType": "LINE",
      "Confidence": 99.46844482421875,
      "Text": "Claro, vamos dar uma",
      "Geometry": {
        "BoundingBox": {
          "Width": 0.09732861816883087,
          "Height": 0.0111583536490798,
          "Left": 0.21716785430908203,
          "Top": 0.4045006036758423
        },
        "Polygon": [
          {
            "X": 0.2176138162612915,
            "Y": 0.40751469135284424
          },
          {
            "X": 0.3144964575767517,
            "Y": 0.4045006036758423
          },
          {
            "X": 0.3141607940196991,
            "Y": 0.41273972392082214
          },
          {
            "X": 0.21716785430908203,
            "Y": 0.41565898060798645
          }
        ]
      },
      "Id": "0eabd2ac-cc7a-44aa-8dd7-9dce1442f803",
      "Relationships": [
        {
          "Type": "CHILD",
          "Ids": [
            "6b640527-34a6-4f46-99b8-700cd476fe50",
            "f5e4d606-6e10-4024-8e39-80d621697b2e",
            "254502a5-ec8f-4c0b-953a-b87c81ffd297",
            "089f7b11-2338-481f-b84c-255b83e7ee57"
          ]
        }
      ],
      "Page": 1
    },
    {
      "BlockType": "LINE",
      "Confidence": 99.58123779296875,
      "Text": "olhada nas expectativas",
      "Geometry": {
        "BoundingBox": {
          "Width": 0.10731640458106995,
          "Height": 0.011529291979968548,
          "Left": 0.21175500750541687,
          "Top": 0.4133710563182831
        },
        "Polygon": [
          {
            "X": 0.21221667528152466,
            "Y": 0.41657689213752747
          },
          {
            "X": 0.3190714120864868,
            "Y": 0.4133710563182831
          },
          {
            "X": 0.31873396039009094,
            "Y": 0.4218016564846039
          },
          {
            "X": 0.21175500750541687,
            "Y": 0.4249003529548645
          }
        ]
      },
      "Id": "0c6c3c4c-4961-46bf-aee3-1e5573613fef",
      "Relationships": [
        {
          "Type": "CHILD",
          "Ids": [
            "44b9d0d4-2098-42ac-8d05-c5aefb20f11e",
            "e7b9ba27-2314-49d2-82bc-848b4851b42e",
            "d2da631d-0c76-4c92-8216-5f3db0414db6"
          ]
        }
      ],
      "Page": 1
    },
    {
      "BlockType": "LINE",
      "Confidence": 99.26222229003906,
      "Text": "App de promoção",
      "Geometry": {
        "BoundingBox": {
          "Width": 0.09517110884189606,
          "Height": 0.012621411122381687,
          "Left": 0.33320409059524536,
          "Top": 0.41221871972084045
        },
        "Polygon": [
          {
            "X": 0.3335757553577423,
            "Y": 0.4150383770465851
          },
          {
            "X": 0.4283751845359802,
            "Y": 0.41221871972084045
          },
          {
            "X": 0.4281351864337921,
            "Y": 0.4221307039260864
          },
          {
            "X": 0.33320409059524536,
            "Y": 0.42484012246131897
          }
        ]
      },
      "Id": "587883bf-69ba-48d3-aeb2-9e887cfe840a",
      "Relationships": [
        {
          "Type": "CHILD",
          "Ids": [
            "7f1336ab-f98d-42f1-91cd-939dc4918f65",
            "129f0237-ceb9-4b32-91c3-8ba923b4c448",
            "1021efc9-f614-40e5-b067-dd7a6621f1dc"
          ]
        }
      ],
      "Page": 1
    },
    {
      "BlockType": "LINE",
      "Confidence": 99.61075592041016,
      "Text": "de engenheiro",
      "Geometry": {
        "BoundingBox": {
          "Width": 0.06579320132732391,
          "Height": 0.010279354639351368,
          "Left": 0.2315753549337387,
          "Top": 0.42303603887557983
        },
        "Polygon": [
          {
            "X": 0.23201622068881989,
            "Y": 0.4249240458011627
          },
          {
            "X": 0.2973685562610626,
            "Y": 0.42303603887557983
          },
          {
            "X": 0.29700398445129395,
            "Y": 0.4314933717250824
          },
          {
            "X": 0.2315753549337387,
            "Y": 0.4333153963088989
          }
        ]
      },
      "Id": "cbef85c5-9796-44fd-9f12-ed04ab8922e6",
      "Relationships": [
        {
          "Type": "CHILD",
          "Ids": [
            "34f107cc-a0ab-4334-88c1-4b0acf186235",
            "eb53437e-d1bd-4165-851b-414b99e50bc9"
          ]
        }
      ],
      "Page": 1
    },
    {
      "BlockType": "LINE",
      "Confidence": 99.30242156982422,
      "Text": "especialista",
      "Geometry": {
        "BoundingBox": {
          "Width": 0.05266197398304939,
          "Height": 0.009664369747042656,
          "Left": 0.23775708675384521,
          "Top": 0.4324628710746765
        },
        "Polygon": [
          {
            "X": 0.23818081617355347,
            "Y": 0.4339125156402588
          },
          {
            "X": 0.2904190719127655,
            "Y": 0.4324628710746765
          },
          {
            "X": 0.29005491733551025,
            "Y": 0.4407292604446411
          },
          {
            "X": 0.23775708675384521,
            "Y": 0.4421272575855255
          }
        ]
      },
      "Id": "ae4ee819-186a-46f9-9c2d-e9ac5a4b646b",
      "Relationships": [
        {
          "Type": "CHILD",
          "Ids": [
            "307db5b9-066a-427f-8ebc-5aa03aeabce8"
          ]
        }
      ],
      "Page": 1
    },
    {
      "BlockType": "LINE",
      "Confidence": 98.84612274169922,
      "Text": "Especialista",
      "Geometry": {
        "BoundingBox": {
          "Width": 0.06699599325656891,
          "Height": 0.01181570440530777,
          "Left": 0.5151503682136536,
          "Top": 0.41964390873908997
        },
        "Polygon": [
          {
            "X": 0.5152656435966492,
            "Y": 0.4215375483036041
          },
          {
            "X": 0.5821463465690613,
            "Y": 0.41964390873908997
          },
          {
            "X": 0.5821268558502197,
            "Y": 0.42964309453964233
          },
          {
            "X": 0.5151503682136536,
            "Y": 0.4314596354961395
          }
        ]
      },
      "Id": "18fc053e-a736-4cf6-8801-d5d96a09c5d8",
      "Relationships": [
        {
          "Type": "CHILD",
          "Ids": [
            "434e9262-16a4-4106-9487-0a267c15d761"
          ]
        }
      ],
      "Page": 1
    },
    {
      "BlockType": "LINE",
      "Confidence": 98.68849182128906,
      "Text": "em promoção",
      "Geometry": {
        "BoundingBox": {
          "Width": 0.07682515680789948,
          "Height": 0.011598554439842701,
          "Left": 0.5111032128334045,
          "Top": 0.43081438541412354
        },
        "Polygon": [
          {
            "X": 0.511219322681427,
            "Y": 0.43288272619247437
          },
          {
            "X": 0.5879283547401428,
            "Y": 0.43081438541412354
          },
          {
            "X": 0.587917685508728,
            "Y": 0.4404297173023224
          },
          {
            "X": 0.5111032128334045,
            "Y": 0.44241294264793396
          }
        ]
      },
      "Id": "80de53ca-7de4-4342-84d5-d65ee95f02c5",
      "Relationships": [
        {
          "Type": "CHILD",
          "Ids": [
            "b1cf9769-bef2-49cf-ac40-e8addc2c7e50",
            "abaa6bec-2a34-4360-b5a8-4573a8dc779c"
          ]
        }
      ],
      "Page": 1
    },
    {
      "BlockType": "WORD",
      "Confidence": 99.81478881835938,
      "Text": "Usar",
      "TextType": "PRINTED",
      "Geometry": {
        "BoundingBox": {
          "Width": 0.06299742311239243,
          "Height": 0.019576609134674072,
          "Left": 0.11444259434938431,
          "Top": 0.22502468526363373
        },
        "Polygon": [
          {
            "X": 0.11560117453336716,
            "Y": 0.22837133705615997
          },
          {
            "X": 0.17744001746177673,
            "Y": 0.22502468526363373
          },
          {
            "X": 0.17642278969287872,
            "Y": 0.2413734644651413
          },
          {
            "X": 0.11444259434938431,
            "Y": 0.2446012943983078
          }
        ]
      },
      "Id": "6659fc78-05e2-4c88-81ad-83547ad85c2f",
      "Page": 1
    },
    {
      "BlockType": "WORD",
      "Confidence": 98.53394317626953,
      "Text": "vários",
      "TextType": "PRINTED",
      "Geometry": {
        "BoundingBox": {
          "Width": 0.09985622018575668,
          "Height": 0.024887586012482643,
          "Left": 0.1936986893415451,
          "Top": 0.2122305929660797
        },
        "Polygon": [
          {
            "X": 0.19486075639724731,
            "Y": 0.2176511287689209
          },
          {
            "X": 0.2935549020767212,
            "Y": 0.2122305929660797
          },
          {
            "X": 0.2926681637763977,
            "Y": 0.23192250728607178
          },
          {
            "X": 0.1936986893415451,
            "Y": 0.2371181845664978
          }
        ]
      },
      "Id": "4a5cada8-cb1b-42e6-946c-8e1d1b61b77c",
      "Page": 1
    },
    {
      "BlockType": "WORD",
      "Confidence": 99.65188598632812,
      "Text": "agentes",
      "TextType": "PRINTED",
      "Geometry": {
        "BoundingBox": {
          "Width": 0.12458278983831406,
          "Height": 0.031163852661848068,
          "Left": 0.3123641908168793,
          "Top": 0.20014122128486633
        },
        "Polygon": [
          {
            "X": 0.31338798999786377,
            "Y": 0.2069905400276184
          },
          {
            "X": 0.43694695830345154,
            "Y": 0.20014122128486633
          },
          {
            "X": 0.43636253476142883,
            "Y": 0.22480179369449615
          },
          {
            "X": 0.3123641908168793,
            "Y": 0.2313050776720047
          }
        ]
      },
      "Id": "8e252f02-7863-43e3-b56d-e10b7f9dc2b8",
      "Page": 1
    },
    {
      "BlockType": "WORD",
      "Confidence": 99.51103973388672,
      "Text": "ajuda",
      "TextType": "PRINTED",
      "Geometry": {
        "BoundingBox": {
          "Width": 0.09345722943544388,
          "Height": 0.0298250000923872,
          "Left": 0.4580102264881134,
          "Top": 0.18783549964427948
        },
        "Polygon": [
          {
            "X": 0.45851463079452515,
            "Y": 0.1930544525384903
          },
          {
            "X": 0.5514674782752991,
            "Y": 0.18783549964427948
          },
          {
            "X": 0.5513030886650085,
            "Y": 0.21269983053207397
          },
          {
            "X": 0.4580102264881134,
            "Y": 0.21766050159931183
          }
        ]
      },
      "Id": "afc2b0a6-8889-41ee-bf3f-66d24b62fd56",
      "Page": 1
    },
    {
      "BlockType": "WORD",
      "Confidence": 98.83847045898438,
      "Text": "Especialista",
      "TextType": "PRINTED",
      "Geometry": {
        "BoundingBox": {
          "Width": 0.06528756767511368,
          "Height": 0.012395492754876614,
          "Left": 0.5179310441017151,
          "Top": 0.2705764174461365
        },
        "Polygon": [
          {
            "X": 0.5180386900901794,
            "Y": 0.27357950806617737
          },
          {
            "X": 0.5832185745239258,
            "Y": 0.2705764174461365
          },
          {
            "X": 0.5832012295722961,
            "Y": 0.2800382673740387
          },
          {
            "X": 0.5179310441017151,
            "Y": 0.28297191858291626
          }
        ]
      },
      "Id": "a784a6ae-a3c0-41af-868e-0f4d27045117",
      "Page": 1
    },
    {
      "BlockType": "WORD",
      "Confidence": 99.92200469970703,
      "Text": "App",
      "TextType": "PRINTED",
      "Geometry": {
        "BoundingBox": {
          "Width": 0.02139468863606453,
          "Height": 0.009389505721628666,
          "Left": 0.34863582253456116,
          "Top": 0.28889474272727966
        },
        "Polygon": [
          {
            "X": 0.3489426374435425,
            "Y": 0.28984445333480835
          },
          {
            "X": 0.3700304925441742,
            "Y": 0.28889474272727966
          },
          {
            "X": 0.36974918842315674,
            "Y": 0.2973552346229553
          },
          {
            "X": 0.34863582253456116,
            "Y": 0.29828426241874695
          }
        ]
      },
      "Id": "301472b0-b8b4-49eb-8a98-1b4bb355b281",
      "Page": 1
    },
    {
      "BlockType": "WORD",
      "Confidence": 99.88984680175781,
      "Text": "de",
      "TextType": "PRINTED",
      "Geometry": {
        "BoundingBox": {
          "Width": 0.013146269135177135,
          "Height": 0.008030390366911888,
          "Left": 0.372877299785614,
          "Top": 0.2872069180011749
        },
        "Polygon": [
          {
            "X": 0.37312161922454834,
            "Y": 0.2877894639968872
          },
          {
            "X": 0.3860235810279846,
            "Y": 0.2872069180011749
          },
          {
            "X": 0.3857930898666382,
            "Y": 0.2946658432483673
          },
          {
            "X": 0.372877299785614,
            "Y": 0.29523730278015137
          }
        ]
      },
      "Id": "ed186228-94c0-4864-bcc4-3252a899ae72",
      "Page": 1
    },
    {
      "BlockType": "WORD",
      "Confidence": 99.57042694091797,
      "Text": "folgas",
      "TextType": "PRINTED",
      "Geometry": {
        "BoundingBox": {
          "Width": 0.03307424113154411,
          "Height": 0.010653618723154068,
          "Left": 0.3885371685028076,
          "Top": 0.28495630621910095
        },
        "Polygon": [
          {
            "X": 0.38881680369377136,
            "Y": 0.2864396572113037
          },
          {
            "X": 0.42161139845848083,
            "Y": 0.28495630621910095
          },
          {
            "X": 0.4213751554489136,
            "Y": 0.294161319732666
          },
          {
            "X": 0.3885371685028076,
            "Y": 0.2956099510192871
          }
        ]
      },
      "Id": "59d814a8-da6b-4f32-b481-33db016304c9",
      "Page": 1
    },
    {
      "BlockType": "WORD",
      "Confidence": 99.36236572265625,
      "Text": "em",
      "TextType": "PRINTED",
      "Geometry": {
        "BoundingBox": {
          "Width": 0.016924217343330383,
          "Height": 0.0065083676017820835,
          "Left": 0.5226344466209412,
          "Top": 0.2856704592704773
        },
        "Polygon": [
          {
            "X": 0.5226963758468628,
            "Y": 0.28642094135284424
          },
          {
            "X": 0.5395586490631104,
            "Y": 0.2856704592704773
          },
          {
            "X": 0.53951096534729,
            "Y": 0.29143935441970825
          },
          {
            "X": 0.5226344466209412,
            "Y": 0.29217880964279175
          }
        ]
      },
      "Id": "1e912cc4-f892-4e74-8d66-d9d377cab20d",
      "Page": 1
    },
    {
      "BlockType": "WORD",
      "Confidence": 99.33486938476562,
      "Text": "folgas",
      "TextType": "PRINTED",
      "Geometry": {
        "BoundingBox": {
          "Width": 0.035505641251802444,
          "Height": 0.010739503428339958,
          "Left": 0.542917013168335,
          "Top": 0.2814202606678009
        },
        "Polygon": [
          {
            "X": 0.5429880619049072,
            "Y": 0.28300797939300537
          },
          {
            "X": 0.5784226059913635,
            "Y": 0.2814202606678009
          },
          {
            "X": 0.5783993005752563,
            "Y": 0.2906087636947632
          },
          {
            "X": 0.542917013168335,
            "Y": 0.292159765958786
          }
        ]
      },
      "Id": "5cb0cfb5-f141-4e8d-8e3a-aa49396d8fe5",
      "Page": 1
    },
    {
      "BlockType": "WORD",
      "Confidence": 98.97663116455078,
      "Text": "Regras",
      "TextType": "PRINTED",
      "Geometry": {
        "BoundingBox": {
          "Width": 0.04039847478270531,
          "Height": 0.010961121879518032,
          "Left": 0.6351860165596008,
          "Top": 0.29488056898117065
        },
        "Polygon": [
          {
            "X": 0.6351860165596008,
            "Y": 0.296601265668869
          },
          {
            "X": 0.6754753589630127,
            "Y": 0.29488056898117065
          },
          {
            "X": 0.6755844950675964,
            "Y": 0.3041628301143646
          },
          {
            "X": 0.6352397799491882,
            "Y": 0.30584168434143066
          }
        ]
      },
      "Id": "f80f6fea-9b6f-4cd0-801b-022d9ca50f7a",
      "Page": 1
    },
    {
      "BlockType": "WORD",
      "Confidence": 99.86529541015625,
      "Text": "de",
      "TextType": "PRINTED",
      "Geometry": {
        "BoundingBox": {
          "Width": 0.01477479562163353,
          "Height": 0.008042505942285061,
          "Left": 0.6788842082023621,
          "Top": 0.29348525404930115
        },
        "Polygon": [
          {
            "X": 0.6788842082023621,
            "Y": 0.29411277174949646
          },
          {
            "X": 0.6935518980026245,
            "Y": 0.29348525404930115
          },
          {
            "X": 0.6936590075492859,
            "Y": 0.30091241002082825
          },
          {
            "X": 0.6789751052856445,
            "Y": 0.3015277683734894
          }
        ]
      },
      "Id": "ea4641a2-f340-4333-9af0-1fe7dd6a7f1c",
      "Page": 1
    },
    {
      "BlockType": "WORD",
      "Confidence": 91.47759246826172,
      "Text": "licenças",
      "TextType": "PRINTED",
      "Geometry": {
        "BoundingBox": {
          "Width": 0.04852784425020218,
          "Height": 0.011794348247349262,
          "Left": 0.640221893787384,
          "Top": 0.30489858984947205
        },
        "Polygon": [
          {
            "X": 0.640221893787384,
            "Y": 0.3069050908088684
          },
          {
            "X": 0.6886152029037476,
            "Y": 0.30489858984947205
          },
          {
            "X": 0.6887497305870056,
            "Y": 0.3147396445274353
          },
          {
            "X": 0.6402860283851624,
            "Y": 0.31669291853904724
          }
        ]
      },
      "Id": "b8a0c2e6-9607-4fd9-95b0-fcbccc701b8f",
      "Page": 1
    },
    {
      "BlockType": "WORD",
      "Confidence": 99.89657592773438,
      "Text": "App",
      "TextType": "PRINTED",
      "Geometry": {
        "BoundingBox": {
          "Width": 0.021611595526337624,
          "Height": 0.009379899129271507,
          "Left": 0.3417399823665619,
          "Top": 0.3516521453857422
        },
        "Polygon": [
          {
            "X": 0.3420577943325043,
            "Y": 0.35244837403297424
          },
          {
            "X": 0.3633515536785126,
            "Y": 0.3516521453857422
          },
          {
            "X": 0.3630596697330475,
            "Y": 0.3602572977542877
          },
          {
            "X": 0.3417399823665619,
            "Y": 0.36103206872940063
          }
        ]
      },
      "Id": "25957251-da36-4725-8c3c-53592f635039",
      "Page": 1
    },
    {
      "BlockType": "WORD",
      "Confidence": 99.89756774902344,
      "Text": "de",
      "TextType": "PRINTED",
      "Geometry": {
        "BoundingBox": {
          "Width": 0.013112043961882591,
          "Height": 0.00791908148676157,
          "Left": 0.3662603199481964,
          "Top": 0.35049527883529663
        },
        "Polygon": [
          {
            "X": 0.36650919914245605,
            "Y": 0.3509771227836609
          },
          {
            "X": 0.37937238812446594,
            "Y": 0.35049527883529663
          },
          {
            "X": 0.3791370987892151,
            "Y": 0.35794368386268616
          },
          {
            "X": 0.3662603199481964,
            "Y": 0.35841435194015503
          }
        ]
      },
      "Id": "04addeee-d204-429c-b9d4-f9e7e30795ad",
      "Page": 1
    },
    {
      "BlockType": "WORD",
      "Confidence": 94.01947021484375,
      "Text": "licenças",
      "TextType": "PRINTED",
      "Geometry": {
        "BoundingBox": {
          "Width": 0.042469460517168045,
          "Height": 0.011301323771476746,
          "Left": 0.38213005661964417,
          "Top": 0.3480389416217804
        },
        "Polygon": [
          {
            "X": 0.3824326992034912,
            "Y": 0.3496223986148834
          },
          {
            "X": 0.4245994985103607,
            "Y": 0.3480389416217804
          },
          {
            "X": 0.4243554472923279,
            "Y": 0.35780462622642517
          },
          {
            "X": 0.38213005661964417,
            "Y": 0.35934025049209595
          }
        ]
      },
      "Id": "28314b9c-ce97-4a51-b0f4-046e9e11596a",
      "Page": 1
    },
    {
      "BlockType": "WORD",
      "Confidence": 98.92669677734375,
      "Text": "Especialista",
      "TextType": "PRINTED",
      "Geometry": {
        "BoundingBox": {
          "Width": 0.06636711955070496,
          "Height": 0.011843976564705372,
          "Left": 0.5164735913276672,
          "Top": 0.34456631541252136
        },
        "Polygon": [
          {
            "X": 0.5165818929672241,
            "Y": 0.3470350205898285
          },
          {
            "X": 0.5828406810760498,
            "Y": 0.34456631541252136
          },
          {
            "X": 0.5828229784965515,
            "Y": 0.35401293635368347
          },
          {
            "X": 0.5164735913276672,
            "Y": 0.35641029477119446
          }
        ]
      },
      "Id": "662758f8-d24f-45f3-8873-5196c3437082",
      "Page": 1
    },
    {
      "BlockType": "WORD",
      "Confidence": 99.8388671875,
      "Text": "Ajude-me",
      "TextType": "PRINTED",
      "Geometry": {
        "BoundingBox": {
          "Width": 0.044011011719703674,
          "Height": 0.00970112532377243,
          "Left": 0.230881005525589,
          "Top": 0.37070217728614807
        },
        "Polygon": [
          {
            "X": 0.23131366074085236,
            "Y": 0.37224680185317993
          },
          {
            "X": 0.27489203214645386,
            "Y": 0.37070217728614807
          },
          {
            "X": 0.2745090425014496,
            "Y": 0.3789011240005493
          },
          {
            "X": 0.230881005525589,
            "Y": 0.3804033100605011
          }
        ]
      },
      "Id": "7533dd3e-7647-40f4-adac-e5a18eec4b04",
      "Page": 1
    },
    {
      "BlockType": "WORD",
      "Confidence": 99.51957702636719,
      "Text": "a",
      "TextType": "PRINTED",
      "Geometry": {
        "BoundingBox": {
          "Width": 0.006317146122455597,
          "Height": 0.005593080073595047,
          "Left": 0.27606937289237976,
          "Top": 0.3716036379337311
        },
        "Polygon": [
          {
            "X": 0.2763194739818573,
            "Y": 0.37181779742240906
          },
          {
            "X": 0.28238651156425476,
            "Y": 0.3716036379337311
          },
          {
            "X": 0.2821410000324249,
            "Y": 0.37698641419410706
          },
          {
            "X": 0.27606937289237976,
            "Y": 0.37719669938087463
          }
        ]
      },
      "Id": "4796270d-9a2d-4e01-ac99-7cb7f0f081a3",
      "Page": 1
    },
    {
      "BlockType": "WORD",
      "Confidence": 99.71324157714844,
      "Text": "ser",
      "TextType": "PRINTED",
      "Geometry": {
        "BoundingBox": {
          "Width": 0.014304677955806255,
          "Height": 0.0063006640411913395,
          "Left": 0.2840516269207001,
          "Top": 0.3711435794830322
        },
        "Polygon": [
          {
            "X": 0.2843147814273834,
            "Y": 0.37163904309272766
          },
          {
            "X": 0.2983563244342804,
            "Y": 0.3711435794830322
          },
          {
            "X": 0.29810458421707153,
            "Y": 0.3769584000110626
          },
          {
            "X": 0.2840516269207001,
            "Y": 0.37744423747062683
          }
        ]
      },
      "Id": "eb74f673-706d-41e4-b406-9425a45a8b22",
      "Page": 1
    },
    {
      "BlockType": "WORD",
      "Confidence": 99.44190216064453,
      "Text": "em",
      "TextType": "PRINTED",
      "Geometry": {
        "BoundingBox": {
          "Width": 0.016987157985568047,
          "Height": 0.006411202717572451,
          "Left": 0.5166063904762268,
          "Top": 0.35967209935188293
        },
        "Polygon": [
          {
            "X": 0.5166733264923096,
            "Y": 0.36027559638023376
          },
          {
            "X": 0.5335935950279236,
            "Y": 0.35967209935188293
          },
          {
            "X": 0.5335409045219421,
            "Y": 0.3654910922050476
          },
          {
            "X": 0.5166063904762268,
            "Y": 0.3660832941532135
          }
        ]
      },
      "Id": "89e019bb-1360-426e-af0a-936958e22e1b",
      "Page": 1
    },
    {
      "BlockType": "WORD",
      "Confidence": 94.8165512084961,
      "Text": "licenças",
      "TextType": "PRINTED",
      "Geometry": {
        "BoundingBox": {
          "Width": 0.045500047504901886,
          "Height": 0.011018759571015835,
          "Left": 0.5372466444969177,
          "Top": 0.35571250319480896
        },
        "Polygon": [
          {
            "X": 0.5373265147209167,
            "Y": 0.35734447836875916
          },
          {
            "X": 0.5827467441558838,
            "Y": 0.35571250319480896
          },
          {
            "X": 0.5827289819717407,
            "Y": 0.3651482164859772
          },
          {
            "X": 0.5372466444969177,
            "Y": 0.3667312562465668
          }
        ]
      },
      "Id": "5b6efbfc-b418-4b01-a1b7-09019170334d",
      "Page": 1
    },
    {
      "BlockType": "WORD",
      "Confidence": 99.33952331542969,
      "Text": "promovido",
      "TextType": "PRINTED",
      "Geometry": {
        "BoundingBox": {
          "Width": 0.049110181629657745,
          "Height": 0.009662971831858158,
          "Left": 0.2245246320962906,
          "Top": 0.38000303506851196
        },
        "Polygon": [
          {
            "X": 0.22495542466640472,
            "Y": 0.3816727101802826
          },
          {
            "X": 0.27363479137420654,
            "Y": 0.38000303506851196
          },
          {
            "X": 0.2732582986354828,
            "Y": 0.3880428969860077
          },
          {
            "X": 0.2245246320962906,
            "Y": 0.38966602087020874
          }
        ]
      },
      "Id": "d824c81c-9afb-4c59-a6d4-e91c23346054",
      "Page": 1
    },
    {
      "BlockType": "WORD",
      "Confidence": 99.80503845214844,
      "Text": "para",
      "TextType": "PRINTED",
      "Geometry": {
        "BoundingBox": {
          "Width": 0.020774802193045616,
          "Height": 0.007411435712128878,
          "Left": 0.2751103937625885,
          "Top": 0.3801466226577759
        },
        "Polygon": [
          {
            "X": 0.27542293071746826,
            "Y": 0.38084614276885986
          },
          {
            "X": 0.29588520526885986,
            "Y": 0.3801466226577759
          },
          {
            "X": 0.29559192061424255,
            "Y": 0.38687482476234436
          },
          {
            "X": 0.2751103937625885,
            "Y": 0.3875580430030823
          }
        ]
      },
      "Id": "d906af74-c247-4919-8ada-8a5899c20b1a",
      "Page": 1
    },
    {
      "BlockType": "WORD",
      "Confidence": 58.26485824584961,
      "Text": "O",
      "TextType": "PRINTED",
      "Geometry": {
        "BoundingBox": {
          "Width": 0.006298392545431852,
          "Height": 0.00543251633644104,
          "Left": 0.29770347476005554,
          "Top": 0.3798743188381195
        },
        "Polygon": [
          {
            "X": 0.29792970418930054,
            "Y": 0.3800819218158722
          },
          {
            "X": 0.3040018677711487,
            "Y": 0.3798743188381195
          },
          {
            "X": 0.30378010869026184,
            "Y": 0.3851030170917511
          },
          {
            "X": 0.29770347476005554,
            "Y": 0.38530683517456055
          }
        ]
      },
      "Id": "2d852403-3d99-4d06-8983-631d239c16d1",
      "Page": 1
    },
    {
      "BlockType": "WORD",
      "Confidence": 99.65479278564453,
      "Text": "3",
      "TextType": "PRINTED",
      "Geometry": {
        "BoundingBox": {
          "Width": 0.007492237724363804,
          "Height": 0.00870490912348032,
          "Left": 0.46107324957847595,
          "Top": 0.371393084526062
        },
        "Polygon": [
          {
            "X": 0.46123865246772766,
            "Y": 0.37164607644081116
          },
          {
            "X": 0.4685654938220978,
            "Y": 0.371393084526062
          },
          {
            "X": 0.4684089720249176,
            "Y": 0.37985217571258545
          },
          {
            "X": 0.46107324957847595,
            "Y": 0.38009798526763916
          }
        ]
      },
      "Id": "85087c4f-7f6b-40c3-a133-239fb6c8dcbe",
      "Page": 1
    },
    {
      "BlockType": "WORD",
      "Confidence": 99.63887023925781,
      "Text": "3",
      "TextType": "PRINTED",
      "Geometry": {
        "BoundingBox": {
          "Width": 0.008309242315590382,
          "Height": 0.010221518576145172,
          "Left": 0.1768237203359604,
          "Top": 0.38671648502349854
        },
        "Polygon": [
          {
            "X": 0.17742891609668732,
            "Y": 0.3869771659374237
          },
          {
            "X": 0.1851329654455185,
            "Y": 0.38671648502349854
          },
          {
            "X": 0.184538334608078,
            "Y": 0.3966865539550781
          },
          {
            "X": 0.1768237203359604,
            "Y": 0.3969379961490631
          }
        ]
      },
      "Id": "e46e749b-18a8-4057-8ef3-c6a6a82a6fed",
      "Page": 1
    },
    {
      "BlockType": "WORD",
      "Confidence": 97.0119400024414,
      "Text": "próximo",
      "TextType": "PRINTED",
      "Geometry": {
        "BoundingBox": {
          "Width": 0.037771113216876984,
          "Height": 0.00953891035169363,
          "Left": 0.2324013113975525,
          "Top": 0.38868504762649536
        },
        "Polygon": [
          {
            "X": 0.2328384965658188,
            "Y": 0.3899259865283966
          },
          {
            "X": 0.2701724171638489,
            "Y": 0.38868504762649536
          },
          {
            "X": 0.26977840065956116,
            "Y": 0.3970200717449188
          },
          {
            "X": 0.2324013113975525,
            "Y": 0.3982239365577698
          }
        ]
      },
      "Id": "be4719e1-1e3f-451d-94ef-d9d1c57e5120",
      "Page": 1
    },
    {
      "BlockType": "WORD",
      "Confidence": 94.49674224853516,
      "Text": "nível",
      "TextType": "PRINTED",
      "Geometry": {
        "BoundingBox": {
          "Width": 0.023111632093787193,
          "Height": 0.00785558857023716,
          "Left": 0.2717592716217041,
          "Top": 0.38763949275016785
        },
        "Polygon": [
          {
            "X": 0.2720928490161896,
            "Y": 0.3883972465991974
          },
          {
            "X": 0.29487091302871704,
            "Y": 0.38763949275016785
          },
          {
            "X": 0.29455995559692383,
            "Y": 0.39475658535957336
          },
          {
            "X": 0.2717592716217041,
            "Y": 0.39549508690834045
          }
        ]
      },
      "Id": "146a1eaa-9a0f-42e9-b3d8-177418b18e4a",
      "Page": 1
    },
    {
      "BlockType": "WORD",
      "Confidence": 87.74687194824219,
      "Text": "Políticas",
      "TextType": "PRINTED",
      "Geometry": {
        "BoundingBox": {
          "Width": 0.05087747052311897,
          "Height": 0.009774564765393734,
          "Left": 0.6379569172859192,
          "Top": 0.3746013045310974
        },
        "Polygon": [
          {
            "X": 0.6379569172859192,
            "Y": 0.3762897849082947
          },
          {
            "X": 0.6887242197990417,
            "Y": 0.3746013045310974
          },
          {
            "X": 0.6888343691825867,
            "Y": 0.3827340304851532
          },
          {
            "X": 0.6380066871643066,
            "Y": 0.3843758702278137
          }
        ]
      },
      "Id": "a07d23bc-80fe-416d-b8aa-85e0b2ce3089",
      "Page": 1
    },
    {
      "BlockType": "WORD",
      "Confidence": 99.87529754638672,
      "Text": "de",
      "TextType": "PRINTED",
      "Geometry": {
        "BoundingBox": {
          "Width": 0.015345126390457153,
          "Height": 0.008379213511943817,
          "Left": 0.6446650624275208,
          "Top": 0.38691946864128113
        },
        "Polygon": [
          {
            "X": 0.6446650624275208,
            "Y": 0.3874068856239319
          },
          {
            "X": 0.6599363088607788,
            "Y": 0.38691946864128113
          },
          {
            "X": 0.6600101590156555,
            "Y": 0.39482495188713074
          },
          {
            "X": 0.644721269607544,
            "Y": 0.39529868960380554
          }
        ]
      },
      "Id": "0e4f50a2-2cf5-4e15-a660-c9b142d414b1",
      "Page": 1
    },
    {
      "BlockType": "WORD",
      "Confidence": 99.86203002929688,
      "Text": "RH",
      "TextType": "PRINTED",
      "Geometry": {
        "BoundingBox": {
          "Width": 0.017473870888352394,
          "Height": 0.008310912176966667,
          "Left": 0.663429856300354,
          "Top": 0.3861173689365387
        },
        "Polygon": [
          {
            "X": 0.663429856300354,
            "Y": 0.3866722881793976
          },
          {
            "X": 0.6808075308799744,
            "Y": 0.3861173689365387
          },
          {
            "X": 0.6809037327766418,
            "Y": 0.3938886523246765
          },
          {
            "X": 0.6635062098503113,
            "Y": 0.3944282829761505
          }
        ]
      },
      "Id": "626783a5-566a-4633-88f7-b81c28d65cf3",
      "Page": 1
    },
    {
      "BlockType": "WORD",
      "Confidence": 99.0648422241211,
      "Text": "Claro,",
      "TextType": "PRINTED",
      "Geometry": {
        "BoundingBox": {
          "Width": 0.02615482173860073,
          "Height": 0.008846902288496494,
          "Left": 0.21716785430908203,
          "Top": 0.40681207180023193
        },
        "Polygon": [
          {
            "X": 0.2176084965467453,
            "Y": 0.4076117277145386
          },
          {
            "X": 0.2433226853609085,
            "Y": 0.40681207180023193
          },
          {
            "X": 0.242910698056221,
            "Y": 0.41488417983055115
          },
          {
            "X": 0.21716785430908203,
            "Y": 0.41565898060798645
          }
        ]
      },
      "Id": "6b640527-34a6-4f46-99b8-700cd476fe50",
      "Page": 1
    },
    {
      "BlockType": "WORD",
      "Confidence": 99.38998413085938,
      "Text": "vamos",
      "TextType": "PRINTED",
      "Geometry": {
        "BoundingBox": {
          "Width": 0.030708903446793556,
          "Height": 0.006983575876802206,
          "Left": 0.2448025643825531,
          "Top": 0.4065381586551666
        },
        "Polygon": [
          {
            "X": 0.24510928988456726,
            "Y": 0.4074808955192566
          },
          {
            "X": 0.2755114734172821,
            "Y": 0.4065381586551666
          },
          {
            "X": 0.2752302885055542,
            "Y": 0.4126010239124298
          },
          {
            "X": 0.2448025643825531,
            "Y": 0.41352173686027527
          }
        ]
      },
      "Id": "f5e4d606-6e10-4024-8e39-80d621697b2e",
      "Page": 1
    },
    {
      "BlockType": "WORD",
      "Confidence": 99.73914337158203,
      "Text": "dar",
      "TextType": "PRINTED",
      "Geometry": {
        "BoundingBox": {
          "Width": 0.01604851521551609,
          "Height": 0.007385175209492445,
          "Left": 0.27672311663627625,
          "Top": 0.4051764905452728
        },
        "Polygon": [
          {
            "X": 0.2770414352416992,
            "Y": 0.40566587448120117
          },
          {
            "X": 0.2927716374397278,
            "Y": 0.4051764905452728
          },
          {
            "X": 0.29246845841407776,
            "Y": 0.41208523511886597
          },
          {
            "X": 0.27672311663627625,
            "Y": 0.41256165504455566
          }
        ]
      },
      "Id": "254502a5-ec8f-4c0b-953a-b87c81ffd297",
      "Page": 1
    },
    {
      "BlockType": "WORD",
      "Confidence": 99.6798095703125,
      "Text": "uma",
      "TextType": "PRINTED",
      "Geometry": {
        "BoundingBox": {
          "Width": 0.020266933366656303,
          "Height": 0.0062147523276507854,
          "Left": 0.2941805422306061,
          "Top": 0.40570300817489624
        },
        "Polygon": [
          {
            "X": 0.29442471265792847,
            "Y": 0.4063229560852051
          },
          {
            "X": 0.3144474923610687,
            "Y": 0.40570300817489624
          },
          {
            "X": 0.31421899795532227,
            "Y": 0.4113111197948456
          },
          {
            "X": 0.2941805422306061,
            "Y": 0.4119177460670471
          }
        ]
      },
      "Id": "089f7b11-2338-481f-b84c-255b83e7ee57",
      "Page": 1
    },
    {
      "BlockType": "WORD",
      "Confidence": 99.79780578613281,
      "Text": "olhada",
      "TextType": "PRINTED",
      "Geometry": {
        "BoundingBox": {
          "Width": 0.03103121928870678,
          "Height": 0.007987448945641518,
          "Left": 0.2118096947669983,
          "Top": 0.41592711210250854
        },
        "Polygon": [
          {
            "X": 0.212201789021492,
            "Y": 0.41684529185295105
          },
          {
            "X": 0.24284090101718903,
            "Y": 0.41592711210250854
          },
          {
            "X": 0.24247875809669495,
            "Y": 0.42302244901657104
          },
          {
            "X": 0.2118096947669983,
            "Y": 0.4239145517349243
          }
        ]
      },
      "Id": "44b9d0d4-2098-42ac-8d05-c5aefb20f11e",
      "Page": 1
    },
    {
      "BlockType": "WORD",
      "Confidence": 99.49981689453125,
      "Text": "nas",
      "TextType": "PRINTED",
      "Geometry": {
        "BoundingBox": {
          "Width": 0.01591198518872261,
          "Height": 0.006116061471402645,
          "Left": 0.24478547275066376,
          "Top": 0.41661953926086426
        },
        "Polygon": [
          {
            "X": 0.24507199227809906,
            "Y": 0.4170854389667511
          },
          {
            "X": 0.26069745421409607,
            "Y": 0.41661953926086426
          },
          {
            "X": 0.2604231834411621,
            "Y": 0.42228031158447266
          },
          {
            "X": 0.24478547275066376,
            "Y": 0.4227356016635895
          }
        ]
      },
      "Id": "e7b9ba27-2314-49d2-82bc-848b4851b42e",
      "Page": 1
    },
    {
      "BlockType": "WORD",
      "Confidence": 99.44609069824219,
      "Text": "expectativas",
      "TextType": "PRINTED",
      "Geometry": {
        "BoundingBox": {
          "Width": 0.05673126503825188,
          "Height": 0.01006406545639038,
          "Left": 0.26234015822410583,
          "Top": 0.4133710563182831
        },
        "Polygon": [
          {
            "X": 0.2627435028553009,
            "Y": 0.41506099700927734
          },
          {
            "X": 0.3190714120864868,
            "Y": 0.4133710563182831
          },
          {
            "X": 0.31873396039009094,
            "Y": 0.4218016564846039
          },
          {
            "X": 0.26234015822410583,
            "Y": 0.42343512177467346
          }
        ]
      },
      "Id": "d2da631d-0c76-4c92-8216-5f3db0414db6",
      "Page": 1
    },
    {
      "BlockType": "WORD",
      "Confidence": 99.78305053710938,
      "Text": "App",
      "TextType": "PRINTED",
      "Geometry": {
        "BoundingBox": {
          "Width": 0.02232634648680687,
          "Height": 0.00953295174986124,
          "Left": 0.33320409059524536,
          "Top": 0.4153071939945221
        },
        "Polygon": [
          {
            "X": 0.3335408568382263,
            "Y": 0.4159587323665619
          },
          {
            "X": 0.35553041100502014,
            "Y": 0.4153071939945221
          },
          {
            "X": 0.35522106289863586,
            "Y": 0.4242117404937744
          },
          {
            "X": 0.33320409059524536,
            "Y": 0.42484012246131897
          }
        ]
      },
      "Id": "7f1336ab-f98d-42f1-91cd-939dc4918f65",
      "Page": 1
    },
    {
      "BlockType": "WORD",
      "Confidence": 99.89170837402344,
      "Text": "de",
      "TextType": "PRINTED",
      "Geometry": {
        "BoundingBox": {
          "Width": 0.013295932672917843,
          "Height": 0.008020786568522453,
          "Left": 0.35821038484573364,
          "Top": 0.4144575893878937
        },
        "Polygon": [
          {
            "X": 0.3584723472595215,
            "Y": 0.4148443937301636
          },
          {
            "X": 0.37150630354881287,
            "Y": 0.4144575893878937
          },
          {
            "X": 0.37125831842422485,
            "Y": 0.4221033453941345
          },
          {
            "X": 0.35821038484573364,
            "Y": 0.4224783778190613
          }
        ]
      },
      "Id": "129f0237-ceb9-4b32-91c3-8ba923b4c448",
      "Page": 1
    },
    {
      "BlockType": "WORD",
      "Confidence": 98.11188507080078,
      "Text": "promoção",
      "TextType": "PRINTED",
      "Geometry": {
        "BoundingBox": {
          "Width": 0.054189130663871765,
          "Height": 0.011362448334693909,
          "Left": 0.37418606877326965,
          "Top": 0.41221871972084045
        },
        "Polygon": [
          {
            "X": 0.3744983971118927,
            "Y": 0.41382119059562683
          },
          {
            "X": 0.4283751845359802,
            "Y": 0.41221871972084045
          },
          {
            "X": 0.4281373620033264,
            "Y": 0.42204076051712036
          },
          {
            "X": 0.37418606877326965,
            "Y": 0.42358118295669556
          }
        ]
      },
      "Id": "1021efc9-f614-40e5-b067-dd7a6621f1dc",
      "Page": 1
    },
    {
      "BlockType": "WORD",
      "Confidence": 99.90309143066406,
      "Text": "de",
      "TextType": "PRINTED",
      "Geometry": {
        "BoundingBox": {
          "Width": 0.011755477637052536,
          "Height": 0.007022792007774115,
          "Left": 0.23163960874080658,
          "Top": 0.4250698387622833
        },
        "Polygon": [
          {
            "X": 0.23199129104614258,
            "Y": 0.4253986179828644
          },
          {
            "X": 0.24339507520198822,
            "Y": 0.4250698387622833
          },
          {
            "X": 0.24305392801761627,
            "Y": 0.43177303671836853
          },
          {
            "X": 0.23163960874080658,
            "Y": 0.4320926070213318
          }
        ]
      },
      "Id": "34f107cc-a0ab-4334-88c1-4b0acf186235",
      "Page": 1
    },
    {
      "BlockType": "WORD",
      "Confidence": 99.31842803955078,
      "Text": "engenheiro",
      "TextType": "PRINTED",
      "Geometry": {
        "BoundingBox": {
          "Width": 0.0520448200404644,
          "Height": 0.009896497242152691,
          "Left": 0.24532374739646912,
          "Top": 0.42303603887557983
        },
        "Polygon": [
          {
            "X": 0.24574868381023407,
            "Y": 0.4245273172855377
          },
          {
            "X": 0.2973685562610626,
            "Y": 0.42303603887557983
          },
          {
            "X": 0.29700398445129395,
            "Y": 0.4314933717250824
          },
          {
            "X": 0.24532374739646912,
            "Y": 0.4329325556755066
          }
        ]
      },
      "Id": "eb53437e-d1bd-4165-851b-414b99e50bc9",
      "Page": 1
    },
    {
      "BlockType": "WORD",
      "Confidence": 99.30242156982422,
      "Text": "especialista",
      "TextType": "PRINTED",
      "Geometry": {
        "BoundingBox": {
          "Width": 0.05266197398304939,
          "Height": 0.009664369747042656,
          "Left": 0.23775708675384521,
          "Top": 0.4324628710746765
        },
        "Polygon": [
          {
            "X": 0.23818081617355347,
            "Y": 0.4339125156402588
          },
          {
            "X": 0.2904190719127655,
            "Y": 0.4324628710746765
          },
          {
            "X": 0.29005491733551025,
            "Y": 0.4407292604446411
          },
          {
            "X": 0.23775708675384521,
            "Y": 0.4421272575855255
          }
        ]
      },
      "Id": "307db5b9-066a-427f-8ebc-5aa03aeabce8",
      "Page": 1
    },
    {
      "BlockType": "WORD",
      "Confidence": 98.84612274169922,
      "Text": "Especialista",
      "TextType": "PRINTED",
      "Geometry": {
        "BoundingBox": {
          "Width": 0.06699599325656891,
          "Height": 0.01181570440530777,
          "Left": 0.5151503682136536,
          "Top": 0.41964390873908997
        },
        "Polygon": [
          {
            "X": 0.5152656435966492,
            "Y": 0.4215375483036041
          },
          {
            "X": 0.5821463465690613,
            "Y": 0.41964390873908997
          },
          {
            "X": 0.5821268558502197,
            "Y": 0.42964309453964233
          },
          {
            "X": 0.5151503682136536,
            "Y": 0.4314596354961395
          }
        ]
      },
      "Id": "434e9262-16a4-4106-9487-0a267c15d761",
      "Page": 1
    },
    {
      "BlockType": "WORD",
      "Confidence": 99.30780792236328,
      "Text": "em",
      "TextType": "PRINTED",
      "Geometry": {
        "BoundingBox": {
          "Width": 0.015435128472745419,
          "Height": 0.00641791895031929,
          "Left": 0.5111210346221924,
          "Top": 0.43453356623649597
        },
        "Polygon": [
          {
            "X": 0.5111942291259766,
            "Y": 0.4349439740180969
          },
          {
            "X": 0.526556134223938,
            "Y": 0.43453356623649597
          },
          {
            "X": 0.526496171951294,
            "Y": 0.4405518174171448
          },
          {
            "X": 0.5111210346221924,
            "Y": 0.44095146656036377
          }
        ]
      },
      "Id": "b1cf9769-bef2-49cf-ac40-e8addc2c7e50",
      "Page": 1
    },
    {
      "BlockType": "WORD",
      "Confidence": 98.06916809082031,
      "Text": "promoção",
      "TextType": "PRINTED",
      "Geometry": {
        "BoundingBox": {
          "Width": 0.057986512780189514,
          "Height": 0.011112173087894917,
          "Left": 0.5299418568611145,
          "Top": 0.43081438541412354
        },
        "Polygon": [
          {
            "X": 0.5300323367118835,
            "Y": 0.4323754608631134
          },
          {
            "X": 0.5879283547401428,
            "Y": 0.43081438541412354
          },
          {
            "X": 0.587917685508728,
            "Y": 0.4404297173023224
          },
          {
            "X": 0.5299418568611145,
            "Y": 0.4419265687465668
          }
        ]
      },
      "Id": "abaa6bec-2a34-4360-b5a8-4573a8dc779c",
      "Page": 1
    }
  ],
  "DetectDocumentTextModelVersion": "1.0"
}