{
  "DocumentMetadata": {
    "Pages": 1
  },
  "JobStatus": "SUCCEEDED",
  "Blocks": [
    {
      "BlockType": "PAGE",
      "Geometry": {
        "BoundingBox": {
          "Width": 0.7768955230712891,
          "Height": 0.626396894454956,
          "Left": 0.010600381530821323,
          "Top": 0.05747262388467789
        },
        "Polygon": [
          {
            "X": 0.014971592463552952,
            "Y": 0.09761367738246918
          },
          {
            "X": 0.7677856683731079,
            "Y": 0.05747262388467789
          },
          {
            "X": 0.7874958515167236,
            "Y": 0.6727116107940674
          },
          {
            "X": 0.010600381530821323,
            "Y": 0.683869481086731
          }
        ]
      },
      "Id": "0e96342e-da8c-4183-8063-d1a2b561672a",
      "Relationships": [
        {
          "Type": "CHILD",
          "Ids": [
            "41c898b8-b50c-4fc1-84ab-164cc1e64fda",
            "47c624f8-460c-4e1e-8663-49ebe8674837",
            "0191d9e1-e2e6-4904-9683-d4ae628015a4",
            "32f6c418-b7fe-43ad-be32-f8ac8998d1db",
            "d0dbe1f1-0fda-4200-bda6-4ce580f7461e",
            "791b17a6-f951-41e2-b9a2-5e570cbcbb05",
            "bd7f4434-0e0b-41e0-bfb5-ad396e4a56f8",
            "277b0635-17ae-4297-bce3-52cbe998aa55",
            "6d40fc9d-3935-4cf8-b71f-1eb0af89ac6b",
            "59cafc10-b32b-4b3f-9043-6a30696177c6",
            "8904221f-541a-445f-a310-bc3706415392",
            "bea97f60-d18c-4bf4-af54-708ab32bf5c5",
            "075a242d-f82e-46ac-9ee3-9f084b692331",
            "443262f4-d0cf-4db3-85b0-1f0d5f63324a",
            "53731ea6-97a0-44e5-a6ca-a73b92184a3f"
          ]
        }
      ],
      "Page": 1
    },
    {
      "BlockType": "LINE",
      "Confidence": 98.62804412841797,
      "Text": "0 contexto por trás dos agentes",
      "Geometry": {
        "BoundingBox": {
          "Width": 0.5645017623901367,
          "Height": 0.06696224957704544,
          "Left": 0.0867076963186264,
          "Top": 0.17755277454853058
        },
        "Polygon": [
          {
            "X": 0.08685826510190964,
            "Y": 0.2034987360239029
          },
          {
            "X": 0.6501174569129944,
            "Y": 0.17755277454853058
          },
          {
            "X": 0.6512094140052795,
            "Y": 0.2200430929660797
          },
          {
            "X": 0.0867076963186264,
            "Y": 0.24451501667499542
          }
        ]
      },
      "Id": "41c898b8-b50c-4fc1-84ab-164cc1e64fda",
      "Relationships": [
        {
          "Type": "CHILD",
          "Ids": [
            "a6ff6711-7d6a-47dc-b53d-98d330e049af",
            "5c3803af-811e-445b-ac9e-f67562a48c54",
            "75e23311-d9ec-434a-836f-ad7a8590e054",
            "801ad527-33d8-49fc-98ce-dc8c0426135d",
            "a4c00836-4a08-422f-90d3-2078e785f7bd",
            "82c7dab3-5f73-4cf1-a0be-145610b5c359"
          ]
        }
      ],
      "Page": 1
    },
    {
      "BlockType": "LINE",
      "Confidence": 99.81281280517578,
      "Text": "Amazon Bedrock",
      "Geometry": {
        "BoundingBox": {
          "Width": 0.23686404526233673,
          "Height": 0.03755461052060127,
          "Left": 0.08333872258663177,
          "Top": 0.22952663898468018
        },
        "Polygon": [
          {
            "X": 0.08344331383705139,
            "Y": 0.23985548317432404
          },
          {
            "X": 0.3199689984321594,
            "Y": 0.22952663898468018
          },
          {
            "X": 0.3202027678489685,
            "Y": 0.25716421008110046
          },
          {
            "X": 0.08333872258663177,
            "Y": 0.26708126068115234
          }
        ]
      },
      "Id": "47c624f8-460c-4e1e-8663-49ebe8674837",
      "Relationships": [
        {
          "Type": "CHILD",
          "Ids": [
            "c4f8a875-4ca8-4d6e-84fe-2535ca349e33",
            "1762a0e5-c4ed-46ab-b35e-9859cc4515ea"
          ]
        }
      ],
      "Page": 1
    },
    {
      "BlockType": "LINE",
      "Confidence": 72.55891418457031,
      "Text": "$",
      "Geometry": {
        "BoundingBox": {
          "Width": 0.015505203977227211,
          "Height": 0.018669310957193375,
          "Left": 0.357439786195755,
          "Top": 0.2905116677284241
        },
        "Polygon": [
          {
            "X": 0.357439786195755,
            "Y": 0.2911170721054077
          },
          {
            "X": 0.37274307012557983,
            "Y": 0.2905116677284241
          },
          {
            "X": 0.37294498085975647,
            "Y": 0.3085930049419403
          },
          {
            "X": 0.35762718319892883,
            "Y": 0.30918097496032715
          }
        ]
      },
      "Id": "0191d9e1-e2e6-4904-9683-d4ae628015a4",
      "Relationships": [
        {
          "Type": "CHILD",
          "Ids": [
            "60b5c1ac-b21d-4a71-bfd2-aa479dc78524"
          ]
        }
      ],
      "Page": 1
    },
    {
      "BlockType": "LINE",
      "Confidence": 96.15646362304688,
      "Text": "Processamento",
      "Geometry": {
        "BoundingBox": {
          "Width": 0.12319197505712509,
          "Height": 0.014903745613992214,
          "Left": 0.3058323264122009,
          "Top": 0.3421687185764313
        },
        "Polygon": [
          {
            "X": 0.3058323264122009,
            "Y": 0.34660759568214417
          },
          {
            "X": 0.42887622117996216,
            "Y": 0.3421687185764313
          },
          {
            "X": 0.4290243089199066,
            "Y": 0.3527151644229889
          },
          {
            "X": 0.30591264367103577,
            "Y": 0.35707247257232666
          }
        ]
      },
      "Id": "32f6c418-b7fe-43ad-be32-f8ac8998d1db",
      "Relationships": [
        {
          "Type": "CHILD",
          "Ids": [
            "73b3de97-37ec-4e75-8d76-fc8810b99eba"
          ]
        }
      ],
      "Page": 1
    },
    {
      "BlockType": "LINE",
      "Confidence": 92.89994049072266,
      "Text": "Experiência",
      "Geometry": {
        "BoundingBox": {
          "Width": 0.12406789511442184,
          "Height": 0.01845536008477211,
          "Left": 0.5731503367424011,
          "Top": 0.32725462317466736
        },
        "Polygon": [
          {
            "X": 0.5731503367424011,
            "Y": 0.3317575454711914
          },
          {
            "X": 0.6968257427215576,
            "Y": 0.32725462317466736
          },
          {
            "X": 0.6972182393074036,
            "Y": 0.3413144648075104
          },
          {
            "X": 0.57345050573349,
            "Y": 0.34570997953414917
          }
        ]
      },
      "Id": "d0dbe1f1-0fda-4200-bda6-4ce580f7461e",
      "Relationships": [
        {
          "Type": "CHILD",
          "Ids": [
            "d59d1b5e-041b-4c7b-bf56-80c43bd9a282"
          ]
        }
      ],
      "Page": 1
    },
    {
      "BlockType": "LINE",
      "Confidence": 98.60206604003906,
      "Text": "Investimento",
      "Geometry": {
        "BoundingBox": {
          "Width": 0.10066460072994232,
          "Height": 0.013713967055082321,
          "Left": 0.08605265617370605,
          "Top": 0.3577795624732971
        },
        "Polygon": [
          {
            "X": 0.08608993887901306,
            "Y": 0.3613637387752533
          },
          {
            "X": 0.18670178949832916,
            "Y": 0.3577795624732971
          },
          {
            "X": 0.18671725690364838,
            "Y": 0.3679749369621277
          },
          {
            "X": 0.08605265617370605,
            "Y": 0.37149354815483093
          }
        ]
      },
      "Id": "791b17a6-f951-41e2-b9a2-5e570cbcbb05",
      "Relationships": [
        {
          "Type": "CHILD",
          "Ids": [
            "8bc88056-82e3-45ad-b28c-cc8f9a6e3b54"
          ]
        }
      ],
      "Page": 1
    },
    {
      "BlockType": "LINE",
      "Confidence": 99.38758850097656,
      "Text": "e pesquisa",
      "Geometry": {
        "BoundingBox": {
          "Width": 0.08333069086074829,
          "Height": 0.01454430352896452,
          "Left": 0.09257075935602188,
          "Top": 0.37208396196365356
        },
        "Polygon": [
          {
            "X": 0.092609703540802,
            "Y": 0.37497448921203613
          },
          {
            "X": 0.1758902370929718,
            "Y": 0.37208396196365356
          },
          {
            "X": 0.17590144276618958,
            "Y": 0.3838001787662506
          },
          {
            "X": 0.09257075935602188,
            "Y": 0.38662827014923096
          }
        ]
      },
      "Id": "bd7f4434-0e0b-41e0-bfb5-ad396e4a56f8",
      "Relationships": [
        {
          "Type": "CHILD",
          "Ids": [
            "fcbf7c8d-867d-4757-9dc4-3707705e4954",
            "d451c6de-a0d1-4511-8e1f-d07d94634e09"
          ]
        }
      ],
      "Page": 1
    },
    {
      "BlockType": "LINE",
      "Confidence": 95.14745330810547,
      "Text": "de reclamações",
      "Geometry": {
        "BoundingBox": {
          "Width": 0.13177192211151123,
          "Height": 0.018059290945529938,
          "Left": 0.3012475371360779,
          "Top": 0.35579293966293335
        },
        "Polygon": [
          {
            "X": 0.3012475371360779,
            "Y": 0.3604225814342499
          },
          {
            "X": 0.4328266978263855,
            "Y": 0.35579293966293335
          },
          {
            "X": 0.4330194592475891,
            "Y": 0.3693346679210663
          },
          {
            "X": 0.30134737491607666,
            "Y": 0.3738522231578827
          }
        ]
      },
      "Id": "277b0635-17ae-4297-bce3-52cbe998aa55",
      "Relationships": [
        {
          "Type": "CHILD",
          "Ids": [
            "228b907b-5bd5-4106-b36b-4747f26f2186",
            "31dd6736-5cfd-4e14-a106-305b094b067a"
          ]
        }
      ],
      "Page": 1
    },
    {
      "BlockType": "LINE",
      "Confidence": 99.6474838256836,
      "Text": "do cliente",
      "Geometry": {
        "BoundingBox": {
          "Width": 0.11325418949127197,
          "Height": 0.015879735350608826,
          "Left": 0.5776087641716003,
          "Top": 0.3413794934749603
        },
        "Polygon": [
          {
            "X": 0.5776087641716003,
            "Y": 0.3453911542892456
          },
          {
            "X": 0.690533459186554,
            "Y": 0.3413794934749603
          },
          {
            "X": 0.6908629536628723,
            "Y": 0.35333096981048584
          },
          {
            "X": 0.5778666734695435,
            "Y": 0.35725921392440796
          }
        ]
      },
      "Id": "6d40fc9d-3935-4cf8-b71f-1eb0af89ac6b",
      "Relationships": [
        {
          "Type": "CHILD",
          "Ids": [
            "fce82492-399b-4bdf-a12f-68152bc9eabd",
            "8bfc04d8-5b8a-4de3-9a46-8d7d4546f536"
          ]
        }
      ],
      "Page": 1
    },
    {
      "BlockType": "LINE",
      "Confidence": 97.77349853515625,
      "Text": "médica",
      "Geometry": {
        "BoundingBox": {
          "Width": 0.05012291669845581,
          "Height": 0.011280499398708344,
          "Left": 0.10715454816818237,
          "Top": 0.38659775257110596
        },
        "Polygon": [
          {
            "X": 0.10717935860157013,
            "Y": 0.3882908523082733
          },
          {
            "X": 0.15727746486663818,
            "Y": 0.38659775257110596
          },
          {
            "X": 0.1572774350643158,
            "Y": 0.3962160646915436
          },
          {
            "X": 0.10715454816818237,
            "Y": 0.3978782594203949
          }
        ]
      },
      "Id": "59cafc10-b32b-4b3f-9043-6a30696177c6",
      "Relationships": [
        {
          "Type": "CHILD",
          "Ids": [
            "6ff41d72-0b41-49a0-9371-03830ef24ef7"
          ]
        }
      ],
      "Page": 1
    },
    {
      "BlockType": "LINE",
      "Confidence": 99.44581604003906,
      "Text": "de seguros",
      "Geometry": {
        "BoundingBox": {
          "Width": 0.0936698317527771,
          "Height": 0.014877500012516975,
          "Left": 0.319257527589798,
          "Top": 0.37278953194618225
        },
        "Polygon": [
          {
            "X": 0.319257527589798,
            "Y": 0.3759812116622925
          },
          {
            "X": 0.41277235746383667,
            "Y": 0.37278953194618225
          },
          {
            "X": 0.4129273593425751,
            "Y": 0.38454461097717285
          },
          {
            "X": 0.31935521960258484,
            "Y": 0.3876670300960541
          }
        ]
      },
      "Id": "8904221f-541a-445f-a310-bc3706415392",
      "Relationships": [
        {
          "Type": "CHILD",
          "Ids": [
            "e84fb405-6ea3-4bd6-aa2f-587f4e670090",
            "1798dab6-1ac5-430f-a064-bca34fd38286"
          ]
        }
      ],
      "Page": 1
    },
    {
      "BlockType": "LINE",
      "Confidence": 98.5943832397461,
      "Text": "Assistentes",
      "Geometry": {
        "BoundingBox": {
          "Width": 0.09993620961904526,
          "Height": 0.013429815880954266,
          "Left": 0.1910001039505005,
          "Top": 0.4288821518421173
        },
        "Polygon": [
          {
            "X": 0.1910001039505005,
            "Y": 0.4319521188735962
          },
          {
            "X": 0.29086464643478394,
            "Y": 0.4288821518421173
          },
          {
            "X": 0.29093632102012634,
            "Y": 0.43930837512016296
          },
          {
            "X": 0.19101804494857788,
            "Y": 0.44231197237968445
          }
        ]
      },
      "Id": "bea97f60-d18c-4bf4-af54-708ab32bf5c5",
      "Relationships": [
        {
          "Type": "CHILD",
          "Ids": [
            "4f90da7c-7bdd-4595-a908-17aa5dd6ae2a"
          ]
        }
      ],
      "Page": 1
    },
    {
      "BlockType": "LINE",
      "Confidence": 98.6630859375,
      "Text": "Análise da",
      "Geometry": {
        "BoundingBox": {
          "Width": 0.10065871477127075,
          "Height": 0.014104659669101238,
          "Left": 0.44461318850517273,
          "Top": 0.4185549318790436
        },
        "Polygon": [
          {
            "X": 0.44461318850517273,
            "Y": 0.4216587245464325
          },
          {
            "X": 0.5450507998466492,
            "Y": 0.4185549318790436
          },
          {
            "X": 0.5452718734741211,
            "Y": 0.4296255111694336
          },
          {
            "X": 0.44477590918540955,
            "Y": 0.4326595962047577
          }
        ]
      },
      "Id": "075a242d-f82e-46ac-9ee3-9f084b692331",
      "Relationships": [
        {
          "Type": "CHILD",
          "Ids": [
            "eed05a55-8115-4f64-b94c-c7467d8338b0",
            "880995d0-dca4-4817-b967-1497c247c358"
          ]
        }
      ],
      "Page": 1
    },
    {
      "BlockType": "LINE",
      "Confidence": 99.88990783691406,
      "Text": "de marketing",
      "Geometry": {
        "BoundingBox": {
          "Width": 0.10940976440906525,
          "Height": 0.016125518828630447,
          "Left": 0.18601560592651367,
          "Top": 0.4429192543029785
        },
        "Polygon": [
          {
            "X": 0.18601560592651367,
            "Y": 0.44617870450019836
          },
          {
            "X": 0.2953334152698517,
            "Y": 0.4429192543029785
          },
          {
            "X": 0.2954253852367401,
            "Y": 0.4558756351470947
          },
          {
            "X": 0.18603459000587463,
            "Y": 0.45904478430747986
          }
        ]
      },
      "Id": "443262f4-d0cf-4db3-85b0-1f0d5f63324a",
      "Relationships": [
        {
          "Type": "CHILD",
          "Ids": [
            "3e1d5294-e98a-4398-a19f-044030e3bb21",
            "82605770-ae25-4484-a18d-7e2bc513fe17"
          ]
        }
      ],
      "Page": 1
    },
    {
      "BlockType": "LINE",
      "Confidence": 99.0610122680664,
      "Text": "causa raiz",
      "Geometry": {
        "BoundingBox": {
          "Width": 0.0998687893152237,
          "Height": 0.013461846858263016,
          "Left": 0.4452795088291168,
          "Top": 0.43465420603752136
        },
        "Polygon": [
          {
            "X": 0.4452795088291168,
            "Y": 0.43763092160224915
          },
          {
            "X": 0.5449378490447998,
            "Y": 0.43465420603752136
          },
          {
            "X": 0.5451483130455017,
            "Y": 0.44520530104637146
          },
          {
            "X": 0.4454348683357239,
            "Y": 0.4481160640716553
          }
        ]
      },
      "Id": "53731ea6-97a0-44e5-a6ca-a73b92184a3f",
      "Relationships": [
        {
          "Type": "CHILD",
          "Ids": [
            "024812a6-ce1a-46b3-8b00-ce2c371e156a",
            "4141bd22-7075-4fb4-99a4-cff1a7f57c26"
          ]
        }
      ],
      "Page": 1
    },
    {
      "BlockType": "WORD",
      "Confidence": 95.85232543945312,
      "Text": "0",
      "TextType": "PRINTED",
      "Geometry": {
        "BoundingBox": {
          "Width": 0.01655445247888565,
          "Height": 0.017667988315224648,
          "Left": 0.0867076963186264,
          "Top": 0.22684703767299652
        },
        "Polygon": [
          {
            "X": 0.08676986396312714,
            "Y": 0.2275804728269577
          },
          {
            "X": 0.10326214879751205,
            "Y": 0.22684703767299652
          },
          {
            "X": 0.10321445763111115,
            "Y": 0.24379943311214447
          },
          {
            "X": 0.0867076963186264,
            "Y": 0.24451501667499542
          }
        ]
      },
      "Id": "a6ff6711-7d6a-47dc-b53d-98d330e049af",
      "Page": 1
    },
    {
      "BlockType": "WORD",
      "Confidence": 98.99675750732422,
      "Text": "contexto",
      "TextType": "PRINTED",
      "Geometry": {
        "BoundingBox": {
          "Width": 0.13127611577510834,
          "Height": 0.02710307389497757,
          "Left": 0.11961523443460464,
          "Top": 0.21424973011016846
        },
        "Polygon": [
          {
            "X": 0.11965684592723846,
            "Y": 0.22013308107852936
          },
          {
            "X": 0.25078728795051575,
            "Y": 0.21424973011016846
          },
          {
            "X": 0.2508913576602936,
            "Y": 0.23564676940441132
          },
          {
            "X": 0.11961523443460464,
            "Y": 0.24135279655456543
          }
        ]
      },
      "Id": "5c3803af-811e-445b-ac9e-f67562a48c54",
      "Page": 1
    },
    {
      "BlockType": "WORD",
      "Confidence": 99.56682586669922,
      "Text": "por",
      "TextType": "PRINTED",
      "Geometry": {
        "BoundingBox": {
          "Width": 0.05232517421245575,
          "Height": 0.020843444392085075,
          "Left": 0.2686178982257843,
          "Top": 0.20987707376480103
        },
        "Polygon": [
          {
            "X": 0.2686178982257843,
            "Y": 0.21222181618213654
          },
          {
            "X": 0.32078513503074646,
            "Y": 0.20987707376480103
          },
          {
            "X": 0.32094308733940125,
            "Y": 0.2284366488456726
          },
          {
            "X": 0.26872506737709045,
            "Y": 0.23072052001953125
          }
        ]
      },
      "Id": "75e23311-d9ec-434a-836f-ad7a8590e054",
      "Page": 1
    },
    {
      "BlockType": "WORD",
      "Confidence": 97.9150619506836,
      "Text": "trás",
      "TextType": "PRINTED",
      "Geometry": {
        "BoundingBox": {
          "Width": 0.07276175171136856,
          "Height": 0.024835700169205666,
          "Left": 0.3392481505870819,
          "Top": 0.19597016274929047
        },
        "Polygon": [
          {
            "X": 0.3392481505870819,
            "Y": 0.1992737501859665
          },
          {
            "X": 0.41172322630882263,
            "Y": 0.19597016274929047
          },
          {
            "X": 0.41200992465019226,
            "Y": 0.21760018169879913
          },
          {
            "X": 0.33945220708847046,
            "Y": 0.22080585360527039
          }
        ]
      },
      "Id": "801ad527-33d8-49fc-98ce-dc8c0426135d",
      "Page": 1
    },
    {
      "BlockType": "WORD",
      "Confidence": 99.75531005859375,
      "Text": "dos",
      "TextType": "PRINTED",
      "Geometry": {
        "BoundingBox": {
          "Width": 0.05636895075440407,
          "Height": 0.022076454013586044,
          "Left": 0.4316368103027344,
          "Top": 0.19031505286693573
        },
        "Polygon": [
          {
            "X": 0.4316368103027344,
            "Y": 0.19287703931331635
          },
          {
            "X": 0.48766863346099854,
            "Y": 0.19031505286693573
          },
          {
            "X": 0.48800575733184814,
            "Y": 0.2098976969718933
          },
          {
            "X": 0.4319157302379608,
            "Y": 0.21239151060581207
          }
        ]
      },
      "Id": "a4c00836-4a08-422f-90d3-2078e785f7bd",
      "Page": 1
    },
    {
      "BlockType": "WORD",
      "Confidence": 99.68195343017578,
      "Text": "agentes",
      "TextType": "PRINTED",
      "Geometry": {
        "BoundingBox": {
          "Width": 0.14162519574165344,
          "Height": 0.03265545889735222,
          "Left": 0.5091705322265625,
          "Top": 0.17755277454853058
        },
        "Polygon": [
          {
            "X": 0.5091705322265625,
            "Y": 0.18404534459114075
          },
          {
            "X": 0.6501174569129944,
            "Y": 0.17755277454853058
          },
          {
            "X": 0.6507956981658936,
            "Y": 0.20394432544708252
          },
          {
            "X": 0.5096504092216492,
            "Y": 0.2102082371711731
          }
        ]
      },
      "Id": "82c7dab3-5f73-4cf1-a0be-145610b5c359",
      "Page": 1
    },
    {
      "BlockType": "WORD",
      "Confidence": 99.83708190917969,
      "Text": "Amazon",
      "TextType": "PRINTED",
      "Geometry": {
        "BoundingBox": {
          "Width": 0.09773420542478561,
          "Height": 0.021554457023739815,
          "Left": 0.08333872258663177,
          "Top": 0.24552679061889648
        },
        "Polygon": [
          {
            "X": 0.08340539038181305,
            "Y": 0.24972714483737946
          },
          {
            "X": 0.18105141818523407,
            "Y": 0.24552679061889648
          },
          {
            "X": 0.1810729205608368,
            "Y": 0.2629893124103546
          },
          {
            "X": 0.08333872258663177,
            "Y": 0.26708126068115234
          }
        ]
      },
      "Id": "c4f8a875-4ca8-4d6e-84fe-2535ca349e33",
      "Page": 1
    },
    {
      "BlockType": "WORD",
      "Confidence": 99.78854370117188,
      "Text": "Bedrock",
      "TextType": "PRINTED",
      "Geometry": {
        "BoundingBox": {
          "Width": 0.12075038254261017,
          "Height": 0.027644185349345207,
          "Left": 0.1994093656539917,
          "Top": 0.22952663898468018
        },
        "Polygon": [
          {
            "X": 0.1994093656539917,
            "Y": 0.2347913682460785
          },
          {
            "X": 0.3199689984321594,
            "Y": 0.22952663898468018
          },
          {
            "X": 0.3201597332954407,
            "Y": 0.25207728147506714
          },
          {
            "X": 0.1994583159685135,
            "Y": 0.25717082619667053
          }
        ]
      },
      "Id": "1762a0e5-c4ed-46ab-b35e-9859cc4515ea",
      "Page": 1
    },
    {
      "BlockType": "WORD",
      "Confidence": 72.55891418457031,
      "Text": "$",
      "TextType": "PRINTED",
      "Geometry": {
        "BoundingBox": {
          "Width": 0.015505203977227211,
          "Height": 0.018669310957193375,
          "Left": 0.357439786195755,
          "Top": 0.2905116677284241
        },
        "Polygon": [
          {
            "X": 0.357439786195755,
            "Y": 0.2911170721054077
          },
          {
            "X": 0.37274307012557983,
            "Y": 0.2905116677284241
          },
          {
            "X": 0.37294498085975647,
            "Y": 0.3085930049419403
          },
          {
            "X": 0.35762718319892883,
            "Y": 0.30918097496032715
          }
        ]
      },
      "Id": "60b5c1ac-b21d-4a71-bfd2-aa479dc78524",
      "Page": 1
    },
    {
      "BlockType": "WORD",
      "Confidence": 96.15646362304688,
      "Text": "Processamento",
      "TextType": "PRINTED",
      "Geometry": {
        "BoundingBox": {
          "Width": 0.12319197505712509,
          "Height": 0.014903745613992214,
          "Left": 0.3058323264122009,
          "Top": 0.3421687185764313
        },
        "Polygon": [
          {
            "X": 0.3058323264122009,
            "Y": 0.34660759568214417
          },
          {
            "X": 0.42887622117996216,
            "Y": 0.3421687185764313
          },
          {
            "X": 0.4290243089199066,
            "Y": 0.3527151644229889
          },
          {
            "X": 0.30591264367103577,
            "Y": 0.35707247257232666
          }
        ]
      },
      "Id": "73b3de97-37ec-4e75-8d76-fc8810b99eba",
      "Page": 1
    },
    {
      "BlockType": "WORD",
      "Confidence": 92.89994049072266,
      "Text": "Experiência",
      "TextType": "PRINTED",
      "Geometry": {
        "BoundingBox": {
          "Width": 0.12406789511442184,
          "Height": 0.01845536008477211,
          "Left": 0.5731503367424011,
          "Top": 0.32725462317466736
        },
        "Polygon": [
          {
            "X": 0.5731503367424011,
            "Y": 0.3317575454711914
          },
          {
            "X": 0.6968257427215576,
            "Y": 0.32725462317466736
          },
          {
            "X": 0.6972182393074036,
            "Y": 0.3413144648075104
          },
          {
            "X": 0.57345050573349,
            "Y": 0.34570997953414917
          }
        ]
      },
      "Id": "d59d1b5e-041b-4c7b-bf56-80c43bd9a282",
      "Page": 1
    },
    {
      "BlockType": "WORD",
      "Confidence": 98.60206604003906,
      "Text": "Investimento",
      "TextType": "PRINTED",
      "Geometry": {
        "BoundingBox": {
          "Width": 0.10066460072994232,
          "Height": 0.013713967055082321,
          "Left": 0.08605265617370605,
          "Top": 0.3577795624732971
        },
        "Polygon": [
          {
            "X": 0.08608993887901306,
            "Y": 0.3613637387752533
          },
          {
            "X": 0.18670178949832916,
            "Y": 0.3577795624732971
          },
          {
            "X": 0.18671725690364838,
            "Y": 0.3679749369621277
          },
          {
            "X": 0.08605265617370605,
            "Y": 0.37149354815483093
          }
        ]
      },
      "Id": "8bc88056-82e3-45ad-b28c-cc8f9a6e3b54",
      "Page": 1
    },
    {
      "BlockType": "WORD",
      "Confidence": 99.68161010742188,
      "Text": "e",
      "TextType": "PRINTED",
      "Geometry": {
        "BoundingBox": {
          "Width": 0.007606866769492626,
          "Height": 0.006807541940361261,
          "Left": 0.09257606416940689,
          "Top": 0.3782319128513336
        },
        "Polygon": [
          {
            "X": 0.09259793907403946,
            "Y": 0.37849342823028564
          },
          {
            "X": 0.10018293559551239,
            "Y": 0.3782319128513336
          },
          {
            "X": 0.10016360878944397,
            "Y": 0.384781152009964
          },
          {
            "X": 0.09257606416940689,
            "Y": 0.38503944873809814
          }
        ]
      },
      "Id": "fcbf7c8d-867d-4757-9dc4-3707705e4954",
      "Page": 1
    },
    {
      "BlockType": "WORD",
      "Confidence": 99.09357452392578,
      "Text": "pesquisa",
      "TextType": "PRINTED",
      "Geometry": {
        "BoundingBox": {
          "Width": 0.06711240857839584,
          "Height": 0.013993887230753899,
          "Left": 0.10878904163837433,
          "Top": 0.37208396196365356
        },
        "Polygon": [
          {
            "X": 0.10881827026605606,
            "Y": 0.374411940574646
          },
          {
            "X": 0.1758902370929718,
            "Y": 0.37208396196365356
          },
          {
            "X": 0.17590144276618958,
            "Y": 0.3838001787662506
          },
          {
            "X": 0.10878904163837433,
            "Y": 0.3860778510570526
          }
        ]
      },
      "Id": "d451c6de-a0d1-4511-8e1f-d07d94634e09",
      "Page": 1
    },
    {
      "BlockType": "WORD",
      "Confidence": 99.8576889038086,
      "Text": "de",
      "TextType": "PRINTED",
      "Geometry": {
        "BoundingBox": {
          "Width": 0.01796325482428074,
          "Height": 0.010505348443984985,
          "Left": 0.3012613356113434,
          "Top": 0.3616490364074707
        },
        "Polygon": [
          {
            "X": 0.3012613356113434,
            "Y": 0.36227598786354065
          },
          {
            "X": 0.3191419243812561,
            "Y": 0.3616490364074707
          },
          {
            "X": 0.31922459602355957,
            "Y": 0.37153860926628113
          },
          {
            "X": 0.30133476853370667,
            "Y": 0.3721543848514557
          }
        ]
      },
      "Id": "228b907b-5bd5-4106-b36b-4747f26f2186",
      "Page": 1
    },
    {
      "BlockType": "WORD",
      "Confidence": 90.43722534179688,
      "Text": "reclamações",
      "TextType": "PRINTED",
      "Geometry": {
        "BoundingBox": {
          "Width": 0.10412588715553284,
          "Height": 0.01711011305451393,
          "Left": 0.3288935720920563,
          "Top": 0.35579293966293335
        },
        "Polygon": [
          {
            "X": 0.3288935720920563,
            "Y": 0.3594498634338379
          },
          {
            "X": 0.4328266978263855,
            "Y": 0.35579293966293335
          },
          {
            "X": 0.4330194592475891,
            "Y": 0.3693346679210663
          },
          {
            "X": 0.32901281118392944,
            "Y": 0.372903048992157
          }
        ]
      },
      "Id": "31dd6736-5cfd-4e14-a106-305b094b067a",
      "Page": 1
    },
    {
      "BlockType": "WORD",
      "Confidence": 99.83271026611328,
      "Text": "do",
      "TextType": "PRINTED",
      "Geometry": {
        "BoundingBox": {
          "Width": 0.021536624059081078,
          "Height": 0.011131979525089264,
          "Left": 0.5776411890983582,
          "Top": 0.3461272418498993
        },
        "Polygon": [
          {
            "X": 0.5776411890983582,
            "Y": 0.3468818664550781
          },
          {
            "X": 0.5989405512809753,
            "Y": 0.3461272418498993
          },
          {
            "X": 0.5991777777671814,
            "Y": 0.35651835799217224
          },
          {
            "X": 0.5778666734695435,
            "Y": 0.35725921392440796
          }
        ]
      },
      "Id": "fce82492-399b-4bdf-a12f-68152bc9eabd",
      "Page": 1
    },
    {
      "BlockType": "WORD",
      "Confidence": 99.4622573852539,
      "Text": "cliente",
      "TextType": "PRINTED",
      "Geometry": {
        "BoundingBox": {
          "Width": 0.0791759267449379,
          "Height": 0.013732354156672955,
          "Left": 0.611660361289978,
          "Top": 0.3413794934749603
        },
        "Polygon": [
          {
            "X": 0.611660361289978,
            "Y": 0.34418147802352905
          },
          {
            "X": 0.690533459186554,
            "Y": 0.3413794934749603
          },
          {
            "X": 0.6908363103866577,
            "Y": 0.3523634076118469
          },
          {
            "X": 0.6119171380996704,
            "Y": 0.35511183738708496
          }
        ]
      },
      "Id": "8bfc04d8-5b8a-4de3-9a46-8d7d4546f536",
      "Page": 1
    },
    {
      "BlockType": "WORD",
      "Confidence": 97.77349853515625,
      "Text": "médica",
      "TextType": "PRINTED",
      "Geometry": {
        "BoundingBox": {
          "Width": 0.05012291669845581,
          "Height": 0.011280499398708344,
          "Left": 0.10715454816818237,
          "Top": 0.38659775257110596
        },
        "Polygon": [
          {
            "X": 0.10717935860157013,
            "Y": 0.3882908523082733
          },
          {
            "X": 0.15727746486663818,
            "Y": 0.38659775257110596
          },
          {
            "X": 0.1572774350643158,
            "Y": 0.3962160646915436
          },
          {
            "X": 0.10715454816818237,
            "Y": 0.3978782594203949
          }
        ]
      },
      "Id": "6ff41d72-0b41-49a0-9371-03830ef24ef7",
      "Page": 1
    },
    {
      "BlockType": "WORD",
      "Confidence": 99.8699722290039,
      "Text": "de",
      "TextType": "PRINTED",
      "Geometry": {
        "BoundingBox": {
          "Width": 0.018158864229917526,
          "Height": 0.01033229660242796,
          "Left": 0.319257527589798,
          "Top": 0.3753645420074463
        },
        "Polygon": [
          {
            "X": 0.319257527589798,
            "Y": 0.3759812116622925
          },
          {
            "X": 0.3373260498046875,
            "Y": 0.3753645420074463
          },
          {
            "X": 0.337416410446167,
            "Y": 0.38509127497673035
          },
          {
            "X": 0.31933873891830444,
            "Y": 0.3856968283653259
          }
        ]
      },
      "Id": "e84fb405-6ea3-4bd6-aa2f-587f4e670090",
      "Page": 1
    },
    {
      "BlockType": "WORD",
      "Confidence": 99.02166748046875,
      "Text": "seguros",
      "TextType": "PRINTED",
      "Geometry": {
        "BoundingBox": {
          "Width": 0.06577832251787186,
          "Height": 0.012691906653344631,
          "Left": 0.3471490442752838,
          "Top": 0.3740442395210266
        },
        "Polygon": [
          {
            "X": 0.3471490442752838,
            "Y": 0.37627923488616943
          },
          {
            "X": 0.41278889775276184,
            "Y": 0.3740442395210266
          },
          {
            "X": 0.4129273593425751,
            "Y": 0.38454461097717285
          },
          {
            "X": 0.3472515046596527,
            "Y": 0.3867361545562744
          }
        ]
      },
      "Id": "1798dab6-1ac5-430f-a064-bca34fd38286",
      "Page": 1
    },
    {
      "BlockType": "WORD",
      "Confidence": 98.5943832397461,
      "Text": "Assistentes",
      "TextType": "PRINTED",
      "Geometry": {
        "BoundingBox": {
          "Width": 0.09993620961904526,
          "Height": 0.013429815880954266,
          "Left": 0.1910001039505005,
          "Top": 0.4288821518421173
        },
        "Polygon": [
          {
            "X": 0.1910001039505005,
            "Y": 0.4319521188735962
          },
          {
            "X": 0.29086464643478394,
            "Y": 0.4288821518421173
          },
          {
            "X": 0.29093632102012634,
            "Y": 0.43930837512016296
          },
          {
            "X": 0.19101804494857788,
            "Y": 0.44231197237968445
          }
        ]
      },
      "Id": "4f90da7c-7bdd-4595-a908-17aa5dd6ae2a",
      "Page": 1
    },
    {
      "BlockType": "WORD",
      "Confidence": 97.55322265625,
      "Text": "Análise",
      "TextType": "PRINTED",
      "Geometry": {
        "BoundingBox": {
          "Width": 0.06991451233625412,
          "Height": 0.012620757333934307,
          "Left": 0.4446210563182831,
          "Top": 0.4200388491153717
        },
        "Polygon": [
          {
            "X": 0.4446210563182831,
            "Y": 0.42219099402427673
          },
          {
            "X": 0.5143422484397888,
            "Y": 0.4200388491153717
          },
          {
            "X": 0.5145355463027954,
            "Y": 0.43055346608161926
          },
          {
            "X": 0.44477590918540955,
            "Y": 0.4326595962047577
          }
        ]
      },
      "Id": "eed05a55-8115-4f64-b94c-c7467d8338b0",
      "Page": 1
    },
    {
      "BlockType": "WORD",
      "Confidence": 99.77294921875,
      "Text": "da",
      "TextType": "PRINTED",
      "Geometry": {
        "BoundingBox": {
          "Width": 0.019906628876924515,
          "Height": 0.011325876228511333,
          "Left": 0.5253584980964661,
          "Top": 0.4185549318790436
        },
        "Polygon": [
          {
            "X": 0.5253584980964661,
            "Y": 0.4191634953022003
          },
          {
            "X": 0.5450507998466492,
            "Y": 0.4185549318790436
          },
          {
            "X": 0.5452650785446167,
            "Y": 0.42928552627563477
          },
          {
            "X": 0.5255616307258606,
            "Y": 0.429880827665329
          }
        ]
      },
      "Id": "880995d0-dca4-4817-b967-1497c247c358",
      "Page": 1
    },
    {
      "BlockType": "WORD",
      "Confidence": 99.86969757080078,
      "Text": "de",
      "TextType": "PRINTED",
      "Geometry": {
        "BoundingBox": {
          "Width": 0.01763157732784748,
          "Height": 0.010495870374143124,
          "Left": 0.18601612746715546,
          "Top": 0.4460011124610901
        },
        "Polygon": [
          {
            "X": 0.18601612746715546,
            "Y": 0.4465256929397583
          },
          {
            "X": 0.2036239355802536,
            "Y": 0.4460011124610901
          },
          {
            "X": 0.2036477029323578,
            "Y": 0.45598363876342773
          },
          {
            "X": 0.1860308200120926,
            "Y": 0.4564969837665558
          }
        ]
      },
      "Id": "3e1d5294-e98a-4398-a19f-044030e3bb21",
      "Page": 1
    },
    {
      "BlockType": "WORD",
      "Confidence": 99.91010284423828,
      "Text": "marketing",
      "TextType": "PRINTED",
      "Geometry": {
        "BoundingBox": {
          "Width": 0.08323042094707489,
          "Height": 0.015366579405963421,
          "Left": 0.21219494938850403,
          "Top": 0.4429192543029785
        },
        "Polygon": [
          {
            "X": 0.21219494938850403,
            "Y": 0.44539815187454224
          },
          {
            "X": 0.2953334152698517,
            "Y": 0.4429192543029785
          },
          {
            "X": 0.2954253852367401,
            "Y": 0.4558756351470947
          },
          {
            "X": 0.21223130822181702,
            "Y": 0.4582858383655548
          }
        ]
      },
      "Id": "82605770-ae25-4484-a18d-7e2bc513fe17",
      "Page": 1
    },
    {
      "BlockType": "WORD",
      "Confidence": 99.61726379394531,
      "Text": "causa",
      "TextType": "PRINTED",
      "Geometry": {
        "BoundingBox": {
          "Width": 0.048748698085546494,
          "Height": 0.009485635906457901,
          "Left": 0.44531571865081787,
          "Top": 0.43863043189048767
        },
        "Polygon": [
          {
            "X": 0.44531571865081787,
            "Y": 0.4400746524333954
          },
          {
            "X": 0.49392473697662354,
            "Y": 0.43863043189048767
          },
          {
            "X": 0.49406442046165466,
            "Y": 0.4466964900493622
          },
          {
            "X": 0.4454348683357239,
            "Y": 0.4481160640716553
          }
        ]
      },
      "Id": "024812a6-ce1a-46b3-8b00-ce2c371e156a",
      "Page": 1
    },
    {
      "BlockType": "WORD",
      "Confidence": 98.5047607421875,
      "Text": "raiz",
      "TextType": "PRINTED",
      "Geometry": {
        "BoundingBox": {
          "Width": 0.03996932879090309,
          "Height": 0.01148955151438713,
          "Left": 0.5051745176315308,
          "Top": 0.43465420603752136
        },
        "Polygon": [
          {
            "X": 0.5051745176315308,
            "Y": 0.4358419179916382
          },
          {
            "X": 0.5449378490447998,
            "Y": 0.43465420603752136
          },
          {
            "X": 0.5451438426971436,
            "Y": 0.44498181343078613
          },
          {
            "X": 0.5053589344024658,
            "Y": 0.44614377617836
          }
        ]
      },
      "Id": "4141bd22-7075-4fb4-99a4-cff1a7f57c26",
      "Page": 1
    }
  ],
  "DetectDocumentTextModelVersion": "1.0"
}