{
  "DocumentMetadata": {
    "Pages": 1
  },
  "JobStatus": "SUCCEEDED",
  "Blocks": [
    {
      "BlockType": "PAGE",
      "Geometry": {
        "BoundingBox": {
          "Width": 0.9826972484588623,
          "Height": 0.9031097292900085,
          "Left": 0.0014474858762696385,
          "Top": 0.007331050466746092
        },
        "Polygon": [
          {
            "X": 0.008563230745494366,
            "Y": 0.007331050466746092
          },
          {
            "X": 0.9841446876525879,
            "Y": 0.00830117892473936
          },
          {
            "X": 0.9751970767974854,
            "Y": 0.9104408025741577
          },
          {
            "X": 0.0014474858762696385,
            "Y": 0.9050471782684326
          }
        ]
      },
      "Id": "d234b305-bfab-40bb-b52b-03be68f76ef2",
      "Relationships": [
        {
          "Type": "CHILD",
          "Ids": [
            "59813e09-9709-44af-9adc-63a859893b40",
            "5e78741c-96ed-49b2-95f6-ea836d88e82f",
            "a75b68b1-7263-4cd3-8819-e14470c19320",
            "ffe053c2-719e-488f-917b-fa99cdf3ffbd",
            "1a2a16de-c881-4c34-86cc-67e3b476823b",
            "c52d273e-aaf6-4407-acd5-94d742afd81f",
            "94067699-9ff6-4e78-a925-c8463b1efff3",
            "3c4f0577-974e-4ab2-87bd-a1614c04a03a",
            "71385f25-c8ab-4b8a-b10f-054d4461f0d7",
            "57ece245-d9f0-424b-9698-b9cbe2afa88a",
            "fa400805-abd3-4178-82b7-0ffc52559b5b",
            "71eb4625-c772-4adb-8ebb-d1cfc825cdc5",
            "ccc9256b-50b0-4dc0-acd3-a5f592ae6dcf",
            "1ce9ebdb-16c5-4d76-80f9-27749824a83e",
            "209f7182-9253-4e2a-a2be-26b4cd0fbf19",
            "e7cc2ae9-8f34-4fe2-b57b-2fe743454134",
            "4e178b8f-6419-4def-a2a0-02fc581ca919",
            "ad906860-9676-4ab6-b3e3-e112f6c676e4",
            "a592369b-ccf1-4c20-8adc-b3c8b06986ee",
            "c8ba4d4e-ca0c-4cf3-964c-00ef79f59e9e",
            "f8cbf592-5040-4450-a1db-8f8cedbcded9",
            "6493bd49-807f-4d60-99af-b1009436c902",
            "aab07a16-0bc2-417e-8a37-9dfca126a26f",
            "3e20c51e-54d1-4c69-a3d1-d26aac65a235",
            "10744793-0f75-458a-ab6e-f50b46c476c1",
            "8c512908-a4e6-492a-a0b3-f8e43222cbc8",
            "615b57c1-bac6-4f12-bfde-a4192650734e",
            "7ad1488f-7445-40d7-8f04-819605e59e55",
            "c14440e3-a69d-4690-8be9-ad70c3da75c7",
            "0adf12d8-a00e-47ad-9133-56706a425c30",
            "d090f253-ebc0-4a28-8b5e-136b6fc63723",
            "e5bbf22c-07de-4735-8f57-116b63ab9434",
            "99d4bec5-2400-4ca8-9997-0206fd6d701d"
          ]
        }
      ],
      "Page": 1
    },
    {
      "BlockType": "LINE",
      "Confidence": 93.69263458251953,
      "Text": "Cloud",
      "Geometry": {
        "BoundingBox": {
          "Width": 0.02535427361726761,
          "Height": 0.006690287962555885,
          "Left": 0.7328625321388245,
          "Top": 0.13347956538200378
        },
        "Polygon": [
          {
            "X": 0.7329250574111938,
            "Y": 0.13347956538200378
          },
          {
            "X": 0.7582167983055115,
            "Y": 0.13352070748806
          },
          {
            "X": 0.7581539154052734,
            "Y": 0.14016984403133392
          },
          {
            "X": 0.7328625321388245,
            "Y": 0.14012785255908966
          }
        ]
      },
      "Id": "59813e09-9709-44af-9adc-63a859893b40",
      "Relationships": [
        {
          "Type": "CHILD",
          "Ids": [
            "8ebb83f1-9a12-47e7-a5d5-db2be8953469"
          ]
        }
      ],
      "Page": 1
    },
    {
      "BlockType": "LINE",
      "Confidence": 99.31281280517578,
      "Text": "aws",
      "Geometry": {
        "BoundingBox": {
          "Width": 0.04619045555591583,
          "Height": 0.012837771326303482,
          "Left": 0.6596559882164001,
          "Top": 0.1362997144460678
        },
        "Polygon": [
          {
            "X": 0.6597740650177002,
            "Y": 0.1362997144460678
          },
          {
            "X": 0.7058464288711548,
            "Y": 0.13637535274028778
          },
          {
            "X": 0.7057270407676697,
            "Y": 0.149137482047081
          },
          {
            "X": 0.6596559882164001,
            "Y": 0.14905887842178345
          }
        ]
      },
      "Id": "5e78741c-96ed-49b2-95f6-ea836d88e82f",
      "Relationships": [
        {
          "Type": "CHILD",
          "Ids": [
            "99e78045-8411-4f1f-ac11-f7b8cfaa36c5"
          ]
        }
      ],
      "Page": 1
    },
    {
      "BlockType": "LINE",
      "Confidence": 99.79112243652344,
      "Text": "Experience",
      "Geometry": {
        "BoundingBox": {
          "Width": 0.04611605778336525,
          "Height": 0.0072828540578484535,
          "Left": 0.7326639890670776,
          "Top": 0.14155514538288116
        },
        "Polygon": [
          {
            "X": 0.7327317595481873,
            "Y": 0.14155514538288116
          },
          {
            "X": 0.7787800431251526,
            "Y": 0.14163193106651306
          },
          {
            "X": 0.7787116169929504,
            "Y": 0.14883799850940704
          },
          {
            "X": 0.7326639890670776,
            "Y": 0.14875952899456024
          }
        ]
      },
      "Id": "a75b68b1-7263-4cd3-8819-e14470c19320",
      "Relationships": [
        {
          "Type": "CHILD",
          "Ids": [
            "c1b93b46-813c-4ecb-a4da-dddf50a2ac9e"
          ]
        }
      ],
      "Page": 1
    },
    {
      "BlockType": "LINE",
      "Confidence": 99.90113067626953,
      "Text": "Amazon Bedrock data flows",
      "Geometry": {
        "BoundingBox": {
          "Width": 0.26441702246665955,
          "Height": 0.02442004531621933,
          "Left": 0.1526644378900528,
          "Top": 0.14370498061180115
        },
        "Polygon": [
          {
            "X": 0.1528613418340683,
            "Y": 0.14370498061180115
          },
          {
            "X": 0.41708144545555115,
            "Y": 0.1441498100757599
          },
          {
            "X": 0.4168713688850403,
            "Y": 0.16812503337860107
          },
          {
            "X": 0.1526644378900528,
            "Y": 0.16764822602272034
          }
        ]
      },
      "Id": "ffe053c2-719e-488f-917b-fa99cdf3ffbd",
      "Relationships": [
        {
          "Type": "CHILD",
          "Ids": [
            "2dffb40f-2d32-4c1f-b8c9-cf3cb8c2e72a",
            "2710fce0-02e4-4f0e-8e64-d6ec8e97c9b1",
            "b56cc925-850b-41bf-9384-a509cfd90545",
            "982ad736-891a-4f26-b5d1-9e1fa659cb27"
          ]
        }
      ],
      "Page": 1
    },
    {
      "BlockType": "LINE",
      "Confidence": 99.6817626953125,
      "Text": "2025",
      "Geometry": {
        "BoundingBox": {
          "Width": 0.020911112427711487,
          "Height": 0.0060900538228452206,
          "Left": 0.7321098446846008,
          "Top": 0.15010540187358856
        },
        "Polygon": [
          {
            "X": 0.7321667671203613,
            "Y": 0.15010540187358856
          },
          {
            "X": 0.7530209422111511,
            "Y": 0.15014107525348663
          },
          {
            "X": 0.7529637217521667,
            "Y": 0.15619544684886932
          },
          {
            "X": 0.7321098446846008,
            "Y": 0.15615913271903992
          }
        ]
      },
      "Id": "1a2a16de-c881-4c34-86cc-67e3b476823b",
      "Relationships": [
        {
          "Type": "CHILD",
          "Ids": [
            "c7840cd3-afaa-49ec-83e8-f1faf7ede7cf"
          ]
        }
      ],
      "Page": 1
    },
    {
      "BlockType": "LINE",
      "Confidence": 99.88412475585938,
      "Text": "Model deployment account",
      "Geometry": {
        "BoundingBox": {
          "Width": 0.11743400245904922,
          "Height": 0.009113216772675514,
          "Left": 0.5921375155448914,
          "Top": 0.17700988054275513
        },
        "Polygon": [
          {
            "X": 0.5922185778617859,
            "Y": 0.17700988054275513
          },
          {
            "X": 0.7095714807510376,
            "Y": 0.1772267371416092
          },
          {
            "X": 0.7094882130622864,
            "Y": 0.1861231029033661
          },
          {
            "X": 0.5921375155448914,
            "Y": 0.1859009861946106
          }
        ]
      },
      "Id": "c52d273e-aaf6-4407-acd5-94d742afd81f",
      "Relationships": [
        {
          "Type": "CHILD",
          "Ids": [
            "0e6ba8fe-3dd3-46af-8e67-70735c5cecaf",
            "3e6bb6b9-beb8-4f76-b507-ce2303fd30bf",
            "38dfce3f-8ed3-4348-ab0f-481b3399bf4f"
          ]
        }
      ],
      "Page": 1
    },
    {
      "BlockType": "LINE",
      "Confidence": 46.09181213378906,
      "Text": "aws",
      "Geometry": {
        "BoundingBox": {
          "Width": 0.010342825204133987,
          "Height": 0.0047602043487131596,
          "Left": 0.15479667484760284,
          "Top": 0.1841263473033905
        },
        "Polygon": [
          {
            "X": 0.15483567118644714,
            "Y": 0.1841263473033905
          },
          {
            "X": 0.16513949632644653,
            "Y": 0.18414580821990967
          },
          {
            "X": 0.16510039567947388,
            "Y": 0.18888655304908752
          },
          {
            "X": 0.15479667484760284,
            "Y": 0.18886685371398926
          }
        ]
      },
      "Id": "94067699-9ff6-4e78-a925-c8463b1efff3",
      "Relationships": [
        {
          "Type": "CHILD",
          "Ids": [
            "127b4948-c3be-4587-a7bd-940fa1542103"
          ]
        }
      ],
      "Page": 1
    },
    {
      "BlockType": "LINE",
      "Confidence": 99.53678894042969,
      "Text": "AWS Region network",
      "Geometry": {
        "BoundingBox": {
          "Width": 0.07242363691329956,
          "Height": 0.007956449873745441,
          "Left": 0.17307895421981812,
          "Top": 0.18182669579982758
        },
        "Polygon": [
          {
            "X": 0.17314356565475464,
            "Y": 0.18182669579982758
          },
          {
            "X": 0.24550259113311768,
            "Y": 0.18196244537830353
          },
          {
            "X": 0.24543678760528564,
            "Y": 0.18978314101696014
          },
          {
            "X": 0.17307895421981812,
            "Y": 0.18964453041553497
          }
        ]
      },
      "Id": "3c4f0577-974e-4ab2-87bd-a1614c04a03a",
      "Relationships": [
        {
          "Type": "CHILD",
          "Ids": [
            "35936c3b-5ce5-43e3-93bf-1ca349c07aa1",
            "4eabc734-e102-48a5-9060-12d339e8949d",
            "b7e911c4-3bcd-4b50-9da2-8dc37b44b70f"
          ]
        }
      ],
      "Page": 1
    },
    {
      "BlockType": "LINE",
      "Confidence": 99.89530181884766,
      "Text": "Amazon Bedrock",
      "Geometry": {
        "BoundingBox": {
          "Width": 0.06779058277606964,
          "Height": 0.008024563081562519,
          "Left": 0.4618355929851532,
          "Top": 0.18264207243919373
        },
        "Polygon": [
          {
            "X": 0.46190550923347473,
            "Y": 0.18264207243919373
          },
          {
            "X": 0.529626190662384,
            "Y": 0.18276922404766083
          },
          {
            "X": 0.5295551419258118,
            "Y": 0.19066663086414337
          },
          {
            "X": 0.4618355929851532,
            "Y": 0.19053678214550018
          }
        ]
      },
      "Id": "71385f25-c8ab-4b8a-b10f-054d4461f0d7",
      "Relationships": [
        {
          "Type": "CHILD",
          "Ids": [
            "d0f17b58-19c8-4e49-ac61-4767e6047628",
            "40165985-012d-4fff-94f7-c5270983a089"
          ]
        }
      ],
      "Page": 1
    },
    {
      "BlockType": "LINE",
      "Confidence": 99.57874298095703,
      "Text": "(AWS owned and operated)",
      "Geometry": {
        "BoundingBox": {
          "Width": 0.11750942468643188,
          "Height": 0.010489119216799736,
          "Left": 0.5915607810020447,
          "Top": 0.1845560371875763
        },
        "Polygon": [
          {
            "X": 0.591654360294342,
            "Y": 0.1845560371875763
          },
          {
            "X": 0.7090702056884766,
            "Y": 0.18477748334407806
          },
          {
            "X": 0.7089741230010986,
            "Y": 0.19504515826702118
          },
          {
            "X": 0.5915607810020447,
            "Y": 0.19481763243675232
          }
        ]
      },
      "Id": "57ece245-d9f0-424b-9698-b9cbe2afa88a",
      "Relationships": [
        {
          "Type": "CHILD",
          "Ids": [
            "a822a929-6cb4-4d0a-887f-615650e31c2f",
            "f9489b3d-9331-4034-b78e-75a64cf6197e",
            "2dae7888-e885-4729-a30b-fd546eadd1f3",
            "4a88884b-bca0-4edf-9e2c-1ed51c2839fd"
          ]
        }
      ],
      "Page": 1
    },
    {
      "BlockType": "LINE",
      "Confidence": 99.8611068725586,
      "Text": "Customer account",
      "Geometry": {
        "BoundingBox": {
          "Width": 0.06263069063425064,
          "Height": 0.006923184264451265,
          "Left": 0.20608113706111908,
          "Top": 0.19275598227977753
        },
        "Polygon": [
          {
            "X": 0.20613780617713928,
            "Y": 0.19275598227977753
          },
          {
            "X": 0.2687118351459503,
            "Y": 0.19287681579589844
          },
          {
            "X": 0.2686542868614197,
            "Y": 0.1996791660785675
          },
          {
            "X": 0.20608113706111908,
            "Y": 0.19955618679523468
          }
        ]
      },
      "Id": "fa400805-abd3-4178-82b7-0ffc52559b5b",
      "Relationships": [
        {
          "Type": "CHILD",
          "Ids": [
            "e4de2db5-6e53-4a47-b4cd-05985431252e",
            "cc1bf845-c737-4d9f-b954-eb50d2859277"
          ]
        }
      ],
      "Page": 1
    },
    {
      "BlockType": "LINE",
      "Confidence": 99.92440032958984,
      "Text": "service account",
      "Geometry": {
        "BoundingBox": {
          "Width": 0.06121049448847771,
          "Height": 0.007687544450163841,
          "Left": 0.4618421196937561,
          "Top": 0.19084931910037994
        },
        "Polygon": [
          {
            "X": 0.46190914511680603,
            "Y": 0.19084931910037994
          },
          {
            "X": 0.5230526328086853,
            "Y": 0.1909666508436203
          },
          {
            "X": 0.5229846239089966,
            "Y": 0.19853685796260834
          },
          {
            "X": 0.4618421196937561,
            "Y": 0.19841718673706055
          }
        ]
      },
      "Id": "71eb4625-c772-4adb-8ebb-d1cfc825cdc5",
      "Relationships": [
        {
          "Type": "CHILD",
          "Ids": [
            "e5a384bc-e3ca-4358-8977-849263fcab34",
            "e11d7044-059e-4b50-ab74-e3bb65a17217"
          ]
        }
      ],
      "Page": 1
    },
    {
      "BlockType": "LINE",
      "Confidence": 98.74129486083984,
      "Text": "ud",
      "Geometry": {
        "BoundingBox": {
          "Width": 0.025723081082105637,
          "Height": 0.014334192499518394,
          "Left": 0.006867699325084686,
          "Top": 0.21518142521381378
        },
        "Polygon": [
          {
            "X": 0.00698089087381959,
            "Y": 0.21518142521381378
          },
          {
            "X": 0.03259078040719032,
            "Y": 0.21523383259773254
          },
          {
            "X": 0.03247682750225067,
            "Y": 0.22951561212539673
          },
          {
            "X": 0.006867699325084686,
            "Y": 0.22946134209632874
          }
        ]
      },
      "Id": "ccc9256b-50b0-4dc0-acd3-a5f592ae6dcf",
      "Relationships": [
        {
          "Type": "CHILD",
          "Ids": [
            "1982fdf6-c33d-43df-801e-ee577032c0b2"
          ]
        }
      ],
      "Page": 1
    },
    {
      "BlockType": "LINE",
      "Confidence": 51.33141326904297,
      "Text": "o",
      "Geometry": {
        "BoundingBox": {
          "Width": 0.009362229146063328,
          "Height": 0.0056936414912343025,
          "Left": 0.1922321319580078,
          "Top": 0.21881243586540222
        },
        "Polygon": [
          {
            "X": 0.19227926433086395,
            "Y": 0.21881243586540222
          },
          {
            "X": 0.20159436762332916,
            "Y": 0.21883165836334229
          },
          {
            "X": 0.20154713094234467,
            "Y": 0.22450608015060425
          },
          {
            "X": 0.1922321319580078,
            "Y": 0.2244866043329239
          }
        ]
      },
      "Id": "1ce9ebdb-16c5-4d76-80f9-27749824a83e",
      "Relationships": [
        {
          "Type": "CHILD",
          "Ids": [
            "9b3f6b8c-a0c4-41ad-a1b1-88f24e3a633d"
          ]
        }
      ],
      "Page": 1
    },
    {
      "BlockType": "LINE",
      "Confidence": 99.80168914794922,
      "Text": "Customer VPC",
      "Geometry": {
        "BoundingBox": {
          "Width": 0.05038907006382942,
          "Height": 0.00682266429066658,
          "Left": 0.21392495930194855,
          "Top": 0.21637438237667084
        },
        "Polygon": [
          {
            "X": 0.2139810472726822,
            "Y": 0.21637438237667084
          },
          {
            "X": 0.26431402564048767,
            "Y": 0.21647758781909943
          },
          {
            "X": 0.2642572224140167,
            "Y": 0.22319704294204712
          },
          {
            "X": 0.21392495930194855,
            "Y": 0.22309212386608124
          }
        ]
      },
      "Id": "209f7182-9253-4e2a-a2be-26b4cd0fbf19",
      "Relationships": [
        {
          "Type": "CHILD",
          "Ids": [
            "85791c98-8611-4492-8f83-2cc8f5d05d90",
            "b245aff9-2a5e-45d2-ad3f-1257890237a0"
          ]
        }
      ],
      "Page": 1
    },
    {
      "BlockType": "LINE",
      "Confidence": 95.44536590576172,
      "Text": "Base model S3",
      "Geometry": {
        "BoundingBox": {
          "Width": 0.06469143182039261,
          "Height": 0.007249766495078802,
          "Left": 0.6765190362930298,
          "Top": 0.22250007092952728
        },
        "Polygon": [
          {
            "X": 0.6765851378440857,
            "Y": 0.22250007092952728
          },
          {
            "X": 0.7412104606628418,
            "Y": 0.22263427078723907
          },
          {
            "X": 0.7411434054374695,
            "Y": 0.22974982857704163
          },
          {
            "X": 0.6765190362930298,
            "Y": 0.2296133190393448
          }
        ]
      },
      "Id": "e7cc2ae9-8f34-4fe2-b57b-2fe743454134",
      "Relationships": [
        {
          "Type": "CHILD",
          "Ids": [
            "940c5e2f-c4d2-46d5-9d74-76bf0553a4bf",
            "dcc3fdcc-7328-4a47-9265-82fddb963905",
            "316a995c-7192-4eac-908a-21358ad31c91"
          ]
        }
      ],
      "Page": 1
    },
    {
      "BlockType": "LINE",
      "Confidence": 98.90923309326172,
      "Text": "On-demand",
      "Geometry": {
        "BoundingBox": {
          "Width": 0.05114297196269035,
          "Height": 0.006878777872771025,
          "Left": 0.5778126120567322,
          "Top": 0.23005160689353943
        },
        "Polygon": [
          {
            "X": 0.5778741836547852,
            "Y": 0.23005160689353943
          },
          {
            "X": 0.628955602645874,
            "Y": 0.2301596850156784
          },
          {
            "X": 0.6288933157920837,
            "Y": 0.23693038523197174
          },
          {
            "X": 0.5778126120567322,
            "Y": 0.23682056367397308
          }
        ]
      },
      "Id": "4e178b8f-6419-4def-a2a0-02fc581ca919",
      "Relationships": [
        {
          "Type": "CHILD",
          "Ids": [
            "1e9cc43f-ffc9-4a52-bd83-2d6284c27b66"
          ]
        }
      ],
      "Page": 1
    },
    {
      "BlockType": "LINE",
      "Confidence": 99.85233306884766,
      "Text": "Bucket",
      "Geometry": {
        "BoundingBox": {
          "Width": 0.030338222160935402,
          "Height": 0.006066476926207542,
          "Left": 0.6933625936508179,
          "Top": 0.2311398833990097
        },
        "Polygon": [
          {
            "X": 0.6934186220169067,
            "Y": 0.2311398833990097
          },
          {
            "X": 0.7237008213996887,
            "Y": 0.2312040776014328
          },
          {
            "X": 0.723644495010376,
            "Y": 0.2372063547372818
          },
          {
            "X": 0.6933625936508179,
            "Y": 0.23714123666286469
          }
        ]
      },
      "Id": "ad906860-9676-4ab6-b3e3-e112f6c676e4",
      "Relationships": [
        {
          "Type": "CHILD",
          "Ids": [
            "720005da-578b-4850-b1bf-4b38b0717a1c"
          ]
        }
      ],
      "Page": 1
    },
    {
      "BlockType": "LINE",
      "Confidence": 93.04287719726562,
      "Text": "erience",
      "Geometry": {
        "BoundingBox": {
          "Width": 0.06890948116779327,
          "Height": 0.014919785782694817,
          "Left": 0.006641514599323273,
          "Top": 0.23500613868236542
        },
        "Polygon": [
          {
            "X": 0.006758565083146095,
            "Y": 0.23500613868236542
          },
          {
            "X": 0.07555099576711655,
            "Y": 0.23515382409095764
          },
          {
            "X": 0.07543182373046875,
            "Y": 0.24992592632770538
          },
          {
            "X": 0.006641514599323273,
            "Y": 0.2497730851173401
          }
        ]
      },
      "Id": "a592369b-ccf1-4c20-8adc-b3c8b06986ee",
      "Relationships": [
        {
          "Type": "CHILD",
          "Ids": [
            "7223d83c-938a-4d60-ae7c-10c2b88c96a4"
          ]
        }
      ],
      "Page": 1
    },
    {
      "BlockType": "LINE",
      "Confidence": 99.91265869140625,
      "Text": "Compute",
      "Geometry": {
        "BoundingBox": {
          "Width": 0.03896821290254593,
          "Height": 0.007423322647809982,
          "Left": 0.5832808613777161,
          "Top": 0.23858919739723206
        },
        "Polygon": [
          {
            "X": 0.5833476781845093,
            "Y": 0.23858919739723206
          },
          {
            "X": 0.6222490668296814,
            "Y": 0.23867318034172058
          },
          {
            "X": 0.6221816539764404,
            "Y": 0.24601250886917114
          },
          {
            "X": 0.5832808613777161,
            "Y": 0.245927095413208
          }
        ]
      },
      "Id": "c8ba4d4e-ca0c-4cf3-964c-00ef79f59e9e",
      "Relationships": [
        {
          "Type": "CHILD",
          "Ids": [
            "07ca3f87-6cdc-42c6-a080-ca8d1e8dfbe0"
          ]
        }
      ],
      "Page": 1
    },
    {
      "BlockType": "LINE",
      "Confidence": 72.18975067138672,
      "Text": "5",
      "Geometry": {
        "BoundingBox": {
          "Width": 0.013248009607195854,
          "Height": 0.012348477728664875,
          "Left": 0.00662787863984704,
          "Top": 0.25699636340141296
        },
        "Polygon": [
          {
            "X": 0.006725520361214876,
            "Y": 0.25699636340141296
          },
          {
            "X": 0.019875887781381607,
            "Y": 0.2570260763168335
          },
          {
            "X": 0.01977790892124176,
            "Y": 0.26934486627578735
          },
          {
            "X": 0.00662787863984704,
            "Y": 0.26931434869766235
          }
        ]
      },
      "Id": "f8cbf592-5040-4450-a1db-8f8cedbcded9",
      "Relationships": [
        {
          "Type": "CHILD",
          "Ids": [
            "87a9916c-a856-491d-8973-61e339d0d935"
          ]
        }
      ],
      "Page": 1
    },
    {
      "BlockType": "LINE",
      "Confidence": 99.62195587158203,
      "Text": "Cliente",
      "Geometry": {
        "BoundingBox": {
          "Width": 0.024818958714604378,
          "Height": 0.0055465614423155785,
          "Left": 0.21972407400608063,
          "Top": 0.25866222381591797
        },
        "Polygon": [
          {
            "X": 0.21976998448371887,
            "Y": 0.25866222381591797
          },
          {
            "X": 0.24454303085803986,
            "Y": 0.2587183117866516
          },
          {
            "X": 0.24449685215950012,
            "Y": 0.26420876383781433
          },
          {
            "X": 0.21972407400608063,
            "Y": 0.26415199041366577
          }
        ]
      },
      "Id": "6493bd49-807f-4d60-99af-b1009436c902",
      "Relationships": [
        {
          "Type": "CHILD",
          "Ids": [
            "9fd26857-e849-4099-a3ec-4a2ead4a5a53"
          ]
        }
      ],
      "Page": 1
    },
    {
      "BlockType": "LINE",
      "Confidence": 99.61993408203125,
      "Text": "API",
      "Geometry": {
        "BoundingBox": {
          "Width": 0.013860058970749378,
          "Height": 0.005535057280212641,
          "Left": 0.44497349858283997,
          "Top": 0.259517103433609
        },
        "Polygon": [
          {
            "X": 0.4450220465660095,
            "Y": 0.259517103433609
          },
          {
            "X": 0.4588335454463959,
            "Y": 0.2595483958721161
          },
          {
            "X": 0.4587848484516144,
            "Y": 0.2650521695613861
          },
          {
            "X": 0.44497349858283997,
            "Y": 0.265020489692688
          }
        ]
      },
      "Id": "aab07a16-0bc2-417e-8a37-9dfca126a26f",
      "Relationships": [
        {
          "Type": "CHILD",
          "Ids": [
            "83e419ea-53c3-40b0-a66e-b4b122a01ea4"
          ]
        }
      ],
      "Page": 1
    },
    {
      "BlockType": "LINE",
      "Confidence": 99.47116088867188,
      "Text": "Orchestration",
      "Geometry": {
        "BoundingBox": {
          "Width": 0.05546831712126732,
          "Height": 0.006601993460208178,
          "Left": 0.47347795963287354,
          "Top": 0.25865638256073
        },
        "Polygon": [
          {
            "X": 0.4735354483127594,
            "Y": 0.25865638256073
          },
          {
            "X": 0.5289462804794312,
            "Y": 0.25878167152404785
          },
          {
            "X": 0.5288880467414856,
            "Y": 0.2652583718299866
          },
          {
            "X": 0.47347795963287354,
            "Y": 0.26513123512268066
          }
        ]
      },
      "Id": "3e20c51e-54d1-4c69-a3d1-d26aac65a235",
      "Relationships": [
        {
          "Type": "CHILD",
          "Ids": [
            "670a21fd-3cce-4c63-bf13-c09fbfd11cd9"
          ]
        }
      ],
      "Page": 1
    },
    {
      "BlockType": "LINE",
      "Confidence": 25.454160690307617,
      "Text": "S",
      "Geometry": {
        "BoundingBox": {
          "Width": 0.011445706710219383,
          "Height": 0.004681535996496677,
          "Left": 0.31290629506111145,
          "Top": 0.26436904072761536
        },
        "Polygon": [
          {
            "X": 0.3129461109638214,
            "Y": 0.26436904072761536
          },
          {
            "X": 0.3243519961833954,
            "Y": 0.26439517736434937
          },
          {
            "X": 0.32431209087371826,
            "Y": 0.26905059814453125
          },
          {
            "X": 0.31290629506111145,
            "Y": 0.26902416348457336
          }
        ]
      },
      "Id": "10744793-0f75-458a-ab6e-f50b46c476c1",
      "Relationships": [
        {
          "Type": "CHILD",
          "Ids": [
            "1e75383f-f7ef-4fe7-a70f-76c9af96e553"
          ]
        }
      ],
      "Page": 1
    },
    {
      "BlockType": "LINE",
      "Confidence": 99.88323211669922,
      "Text": "endpoint",
      "Geometry": {
        "BoundingBox": {
          "Width": 0.03565174341201782,
          "Height": 0.0072741019539535046,
          "Left": 0.4335825741291046,
          "Top": 0.26699888706207275
        },
        "Polygon": [
          {
            "X": 0.4336458742618561,
            "Y": 0.26699888706207275
          },
          {
            "X": 0.46923431754112244,
            "Y": 0.2670808732509613
          },
          {
            "X": 0.46917054057121277,
            "Y": 0.27427297830581665
          },
          {
            "X": 0.4335825741291046,
            "Y": 0.27418971061706543
          }
        ]
      },
      "Id": "8c512908-a4e6-492a-a0b3-f8e43222cbc8",
      "Relationships": [
        {
          "Type": "CHILD",
          "Ids": [
            "964f13f7-9aa0-4822-91ff-bf94b00bd7e7"
          ]
        }
      ],
      "Page": 1
    },
    {
      "BlockType": "LINE",
      "Confidence": 99.40223693847656,
      "Text": "AWS PrivateLink",
      "Geometry": {
        "BoundingBox": {
          "Width": 0.06144987419247627,
          "Height": 0.006539902649819851,
          "Left": 0.28658995032310486,
          "Top": 0.2809804677963257
        },
        "Polygon": [
          {
            "X": 0.2866442799568176,
            "Y": 0.2809804677963257
          },
          {
            "X": 0.348039835691452,
            "Y": 0.28112635016441345
          },
          {
            "X": 0.3479847013950348,
            "Y": 0.2875203788280487
          },
          {
            "X": 0.28658995032310486,
            "Y": 0.28737249970436096
          }
        ]
      },
      "Id": "615b57c1-bac6-4f12-bfde-a4192650734e",
      "Relationships": [
        {
          "Type": "CHILD",
          "Ids": [
            "245ec453-3889-4a6a-9933-5436adb3626f",
            "bcfb9543-ee31-4ba8-910a-7b112d698358"
          ]
        }
      ],
      "Page": 1
    },
    {
      "BlockType": "LINE",
      "Confidence": 69.51387023925781,
      "Text": "#",
      "Geometry": {
        "BoundingBox": {
          "Width": 0.007069563027471304,
          "Height": 0.008030429482460022,
          "Left": 0.24704527854919434,
          "Top": 0.3216751217842102
        },
        "Polygon": [
          {
            "X": 0.24711273610591888,
            "Y": 0.3216751217842102
          },
          {
            "X": 0.2541148364543915,
            "Y": 0.32169318199157715
          },
          {
            "X": 0.2540472745895386,
            "Y": 0.32970553636550903
          },
          {
            "X": 0.24704527854919434,
            "Y": 0.3296871781349182
          }
        ]
      },
      "Id": "7ad1488f-7445-40d7-8f04-819605e59e55",
      "Relationships": [
        {
          "Type": "CHILD",
          "Ids": [
            "41a14b1a-dd4d-4210-abb3-00a19bfbc333"
          ]
        }
      ],
      "Page": 1
    },
    {
      "BlockType": "LINE",
      "Confidence": 99.90878295898438,
      "Text": "Corporate network",
      "Geometry": {
        "BoundingBox": {
          "Width": 0.06900004297494888,
          "Height": 0.007030143402516842,
          "Left": 0.2650490701198578,
          "Top": 0.32303619384765625
        },
        "Polygon": [
          {
            "X": 0.26510700583457947,
            "Y": 0.32303619384765625
          },
          {
            "X": 0.33404913544654846,
            "Y": 0.32321470975875854
          },
          {
            "X": 0.333990216255188,
            "Y": 0.3300663232803345
          },
          {
            "X": 0.2650490701198578,
            "Y": 0.32988545298576355
          }
        ]
      },
      "Id": "c14440e3-a69d-4690-8be9-ad70c3da75c7",
      "Relationships": [
        {
          "Type": "CHILD",
          "Ids": [
            "af224968-d73c-486a-a5ff-9b60f874eb26",
            "3312fb9b-c31d-4929-b4be-b7d0fc198d65"
          ]
        }
      ],
      "Page": 1
    },
    {
      "BlockType": "LINE",
      "Confidence": 99.90579223632812,
      "Text": "AWS Direct",
      "Geometry": {
        "BoundingBox": {
          "Width": 0.039118822664022446,
          "Height": 0.005607484374195337,
          "Left": 0.15727126598358154,
          "Top": 0.3657064139842987
        },
        "Polygon": [
          {
            "X": 0.15731653571128845,
            "Y": 0.3657064139842987
          },
          {
            "X": 0.1963900774717331,
            "Y": 0.36581605672836304
          },
          {
            "X": 0.19634436070919037,
            "Y": 0.3713138997554779
          },
          {
            "X": 0.15727126598358154,
            "Y": 0.37120315432548523
          }
        ]
      },
      "Id": "0adf12d8-a00e-47ad-9133-56706a425c30",
      "Relationships": [
        {
          "Type": "CHILD",
          "Ids": [
            "e1e6621d-6f9b-4776-8a13-f2f8479f8bf2",
            "f81f9f5c-858e-4e47-b184-147371fdce07"
          ]
        }
      ],
      "Page": 1
    },
    {
      "BlockType": "LINE",
      "Confidence": 99.85279846191406,
      "Text": "Cliente",
      "Geometry": {
        "BoundingBox": {
          "Width": 0.02595249004662037,
          "Height": 0.005911026615649462,
          "Left": 0.2831870913505554,
          "Top": 0.36683180928230286
        },
        "Polygon": [
          {
            "X": 0.28323668241500854,
            "Y": 0.36683180928230286
          },
          {
            "X": 0.30913957953453064,
            "Y": 0.366904616355896
          },
          {
            "X": 0.30908969044685364,
            "Y": 0.37274283170700073
          },
          {
            "X": 0.2831870913505554,
            "Y": 0.3726692795753479
          }
        ]
      },
      "Id": "d090f253-ebc0-4a28-8b5e-136b6fc63723",
      "Relationships": [
        {
          "Type": "CHILD",
          "Ids": [
            "16754537-f3f8-4977-ae27-392772fd8e25"
          ]
        }
      ],
      "Page": 1
    },
    {
      "BlockType": "LINE",
      "Confidence": 99.9771728515625,
      "Text": "Connect",
      "Geometry": {
        "BoundingBox": {
          "Width": 0.027903391048312187,
          "Height": 0.005347010679543018,
          "Left": 0.162439227104187,
          "Top": 0.37314292788505554
        },
        "Polygon": [
          {
            "X": 0.16248266398906708,
            "Y": 0.37314292788505554
          },
          {
            "X": 0.19034262001514435,
            "Y": 0.3732221722602844
          },
          {
            "X": 0.1902988851070404,
            "Y": 0.3784899413585663
          },
          {
            "X": 0.162439227104187,
            "Y": 0.3784099817276001
          }
        ]
      },
      "Id": "e5bbf22c-07de-4735-8f57-116b63ab9434",
      "Relationships": [
        {
          "Type": "CHILD",
          "Ids": [
            "8bbb585a-f7a7-4c62-b609-9be90d3b12c2"
          ]
        }
      ],
      "Page": 1
    },
    {
      "BlockType": "LINE",
      "Confidence": 50.00627136230469,
      "Text": "Trademark",
      "Geometry": {
        "BoundingBox": {
          "Width": 0.020597320050001144,
          "Height": 0.0040778531692922115,
          "Left": 0.3014049828052521,
          "Top": 0.3943854570388794
        },
        "Polygon": [
          {
            "X": 0.3014392554759979,
            "Y": 0.3943854570388794
          },
          {
            "X": 0.3220023214817047,
            "Y": 0.39444610476493835
          },
          {
            "X": 0.32196786999702454,
            "Y": 0.39846330881118774
          },
          {
            "X": 0.3014049828052521,
            "Y": 0.39840224385261536
          }
        ]
      },
      "Id": "99d4bec5-2400-4ca8-9997-0206fd6d701d",
      "Relationships": [
        {
          "Type": "CHILD",
          "Ids": [
            "65243a45-a8c7-4939-bf5e-3825d60a8a38"
          ]
        }
      ],
      "Page": 1
    },
    {
      "BlockType": "WORD",
      "Confidence": 93.69263458251953,
      "Text": "Cloud",
      "TextType": "PRINTED",
      "Geometry": {
        "BoundingBox": {
          "Width": 0.02535427361726761,
          "Height": 0.006690287962555885,
          "Left": 0.7328625321388245,
          "Top": 0.13347956538200378
        },
        "Polygon": [
          {
            "X": 0.7329250574111938,
            "Y": 0.13347956538200378
          },
          {
            "X": 0.7582167983055115,
            "Y": 0.13352070748806
          },
          {
            "X": 0.7581539154052734,
            "Y": 0.14016984403133392
          },
          {
            "X": 0.7328625321388245,
            "Y": 0.14012785255908966
          }
        ]
      },
      "Id": "8ebb83f1-9a12-47e7-a5d5-db2be8953469",
      "Page": 1
    },
    {
      "BlockType": "WORD",
      "Confidence": 99.31281280517578,
      "Text": "aws",
      "TextType": "PRINTED",
      "Geometry": {
        "BoundingBox": {
          "Width": 0.04619045555591583,
          "Height": 0.012837771326303482,
          "Left": 0.6596559882164001,
          "Top": 0.1362997144460678
        },
        "Polygon": [
          {
            "X": 0.6597740650177002,
            "Y": 0.1362997144460678
          },
          {
            "X": 0.7058464288711548,
            "Y": 0.13637535274028778
          },
          {
            "X": 0.7057270407676697,
            "Y": 0.149137482047081
          },
          {
            "X": 0.6596559882164001,
            "Y": 0.14905887842178345
          }
        ]
      },
      "Id": "99e78045-8411-4f1f-ac11-f7b8cfaa36c5",
      "Page": 1
    },
    {
      "BlockType": "WORD",
      "Confidence": 99.79112243652344,
      "Text": "Experience",
      "TextType": "PRINTED",
      "Geometry": {
        "BoundingBox": {
          "Width": 0.04611605778336525,
          "Height": 0.0072828540578484535,
          "Left": 0.7326639890670776,
          "Top": 0.14155514538288116
        },
        "Polygon": [
          {
            "X": 0.7327317595481873,
            "Y": 0.14155514538288116
          },
          {
            "X": 0.7787800431251526,
            "Y": 0.14163193106651306
          },
          {
            "X": 0.7787116169929504,
            "Y": 0.14883799850940704
          },
          {
            "X": 0.7326639890670776,
            "Y": 0.14875952899456024
          }
        ]
      },
      "Id": "c1b93b46-813c-4ecb-a4da-dddf50a2ac9e",
      "Page": 1
    },
    {
      "BlockType": "WORD",
      "Confidence": 99.93952178955078,
      "Text": "Amazon",
      "TextType": "PRINTED",
      "Geometry": {
        "BoundingBox": {
          "Width": 0.0734630897641182,
          "Height": 0.013114825822412968,
          "Left": 0.1526644378900528,
          "Top": 0.1546657830476761
        },
        "Polygon": [
          {
            "X": 0.1527712047100067,
            "Y": 0.1546657830476761
          },
          {
            "X": 0.2261275351047516,
            "Y": 0.15479335188865662
          },
          {
            "X": 0.2260187864303589,
            "Y": 0.16778060793876648
          },
          {
            "X": 0.1526644378900528,
            "Y": 0.16764822602272034
          }
        ]
      },
      "Id": "2dffb40f-2d32-4c1f-b8c9-cf3cb8c2e72a",
      "Page": 1
    },
    {
      "BlockType": "WORD",
      "Confidence": 99.84333038330078,
      "Text": "Bedrock",
      "TextType": "PRINTED",
      "Geometry": {
        "BoundingBox": {
          "Width": 0.07735098153352737,
          "Height": 0.01704254560172558,
          "Left": 0.23131611943244934,
          "Top": 0.1476587951183319
        },
        "Polygon": [
          {
            "X": 0.23145784437656403,
            "Y": 0.1476587951183319
          },
          {
            "X": 0.3086670935153961,
            "Y": 0.14779028296470642
          },
          {
            "X": 0.30852264165878296,
            "Y": 0.16470134258270264
          },
          {
            "X": 0.23131611943244934,
            "Y": 0.16456328332424164
          }
        ]
      },
      "Id": "2710fce0-02e4-4f0e-8e64-d6ec8e97c9b1",
      "Page": 1
    },
    {
      "BlockType": "WORD",
      "Confidence": 99.89868927001953,
      "Text": "data",
      "TextType": "PRINTED",
      "Geometry": {
        "BoundingBox": {
          "Width": 0.04307151213288307,
          "Height": 0.014238011091947556,
          "Left": 0.3135574460029602,
          "Top": 0.1462758332490921
        },
        "Polygon": [
          {
            "X": 0.3136785626411438,
            "Y": 0.1462758332490921
          },
          {
            "X": 0.356628954410553,
            "Y": 0.14634864032268524
          },
          {
            "X": 0.3565065860748291,
            "Y": 0.16051384806632996
          },
          {
            "X": 0.3135574460029602,
            "Y": 0.1604379564523697
          }
        ]
      },
      "Id": "b56cc925-850b-41bf-9384-a509cfd90545",
      "Page": 1
    },
    {
      "BlockType": "WORD",
      "Confidence": 99.92296600341797,
      "Text": "flows",
      "TextType": "PRINTED",
      "Geometry": {
        "BoundingBox": {
          "Width": 0.0539301261305809,
          "Height": 0.013717939145863056,
          "Left": 0.36315134167671204,
          "Top": 0.1440592110157013
        },
        "Polygon": [
          {
            "X": 0.36326920986175537,
            "Y": 0.1440592110157013
          },
          {
            "X": 0.41708144545555115,
            "Y": 0.1441498100757599
          },
          {
            "X": 0.41696202754974365,
            "Y": 0.15777716040611267
          },
          {
            "X": 0.36315134167671204,
            "Y": 0.1576828509569168
          }
        ]
      },
      "Id": "982ad736-891a-4f26-b5d1-9e1fa659cb27",
      "Page": 1
    },
    {
      "BlockType": "WORD",
      "Confidence": 99.6817626953125,
      "Text": "2025",
      "TextType": "PRINTED",
      "Geometry": {
        "BoundingBox": {
          "Width": 0.020911112427711487,
          "Height": 0.0060900538228452206,
          "Left": 0.7321098446846008,
          "Top": 0.15010540187358856
        },
        "Polygon": [
          {
            "X": 0.7321667671203613,
            "Y": 0.15010540187358856
          },
          {
            "X": 0.7530209422111511,
            "Y": 0.15014107525348663
          },
          {
            "X": 0.7529637217521667,
            "Y": 0.15619544684886932
          },
          {
            "X": 0.7321098446846008,
            "Y": 0.15615913271903992
          }
        ]
      },
      "Id": "c7840cd3-afaa-49ec-83e8-f1faf7ede7cf",
      "Page": 1
    },
    {
      "BlockType": "WORD",
      "Confidence": 99.73304748535156,
      "Text": "Model",
      "TextType": "PRINTED",
      "Geometry": {
        "BoundingBox": {
          "Width": 0.026640411466360092,
          "Height": 0.006353988777846098,
          "Left": 0.5921390652656555,
          "Top": 0.17942321300506592
        },
        "Polygon": [
          {
            "X": 0.5921965837478638,
            "Y": 0.17942321300506592
          },
          {
            "X": 0.6187794804573059,
            "Y": 0.1794726550579071
          },
          {
            "X": 0.6187216639518738,
            "Y": 0.1857772022485733
          },
          {
            "X": 0.5921390652656555,
            "Y": 0.18572691082954407
          }
        ]
      },
      "Id": "0e6ba8fe-3dd3-46af-8e67-70735c5cecaf",
      "Page": 1
    },
    {
      "BlockType": "WORD",
      "Confidence": 99.96057891845703,
      "Text": "deployment",
      "TextType": "PRINTED",
      "Geometry": {
        "BoundingBox": {
          "Width": 0.05288911610841751,
          "Height": 0.008146840147674084,
          "Left": 0.6202770471572876,
          "Top": 0.17790736258029938
        },
        "Polygon": [
          {
            "X": 0.6203508973121643,
            "Y": 0.17790736258029938
          },
          {
            "X": 0.6731661558151245,
            "Y": 0.178005188703537
          },
          {
            "X": 0.6730914115905762,
            "Y": 0.18605421483516693
          },
          {
            "X": 0.6202770471572876,
            "Y": 0.1859542429447174
          }
        ]
      },
      "Id": "3e6bb6b9-beb8-4f76-b507-ce2303fd30bf",
      "Page": 1
    },
    {
      "BlockType": "WORD",
      "Confidence": 99.95873260498047,
      "Text": "account",
      "TextType": "PRINTED",
      "Geometry": {
        "BoundingBox": {
          "Width": 0.034684307873249054,
          "Height": 0.0059432717971503735,
          "Left": 0.6748871803283691,
          "Top": 0.1771627515554428
        },
        "Polygon": [
          {
            "X": 0.6749417781829834,
            "Y": 0.1771627515554428
          },
          {
            "X": 0.7095714807510376,
            "Y": 0.1772267371416092
          },
          {
            "X": 0.7095164656639099,
            "Y": 0.18310602009296417
          },
          {
            "X": 0.6748871803283691,
            "Y": 0.18304100632667542
          }
        ]
      },
      "Id": "38dfce3f-8ed3-4348-ab0f-481b3399bf4f",
      "Page": 1
    },
    {
      "BlockType": "WORD",
      "Confidence": 46.09181213378906,
      "Text": "aws",
      "TextType": "PRINTED",
      "Geometry": {
        "BoundingBox": {
          "Width": 0.010342825204133987,
          "Height": 0.0047602043487131596,
          "Left": 0.15479667484760284,
          "Top": 0.1841263473033905
        },
        "Polygon": [
          {
            "X": 0.15483567118644714,
            "Y": 0.1841263473033905
          },
          {
            "X": 0.16513949632644653,
            "Y": 0.18414580821990967
          },
          {
            "X": 0.16510039567947388,
            "Y": 0.18888655304908752
          },
          {
            "X": 0.15479667484760284,
            "Y": 0.18886685371398926
          }
        ]
      },
      "Id": "127b4948-c3be-4587-a7bd-940fa1542103",
      "Page": 1
    },
    {
      "BlockType": "WORD",
      "Confidence": 99.1043472290039,
      "Text": "AWS",
      "TextType": "PRINTED",
      "Geometry": {
        "BoundingBox": {
          "Width": 0.01603633537888527,
          "Height": 0.005319932475686073,
          "Left": 0.1730811595916748,
          "Top": 0.18408751487731934
        },
        "Polygon": [
          {
            "X": 0.17312487959861755,
            "Y": 0.18408751487731934
          },
          {
            "X": 0.18911750614643097,
            "Y": 0.18411770462989807
          },
          {
            "X": 0.1890736073255539,
            "Y": 0.18940745294094086
          },
          {
            "X": 0.1730811595916748,
            "Y": 0.1893768310546875
          }
        ]
      },
      "Id": "35936c3b-5ce5-43e3-93bf-1ca349c07aa1",
      "Page": 1
    },
    {
      "BlockType": "WORD",
      "Confidence": 99.74504089355469,
      "Text": "Region",
      "TextType": "PRINTED",
      "Geometry": {
        "BoundingBox": {
          "Width": 0.023546237498521805,
          "Height": 0.006651292089372873,
          "Left": 0.19135117530822754,
          "Top": 0.1830732375383377
        },
        "Polygon": [
          {
            "X": 0.1914060264825821,
            "Y": 0.1830732375383377
          },
          {
            "X": 0.21489740908145905,
            "Y": 0.18311746418476105
          },
          {
            "X": 0.21484223008155823,
            "Y": 0.18972453474998474
          },
          {
            "X": 0.19135117530822754,
            "Y": 0.18967953324317932
          }
        ]
      },
      "Id": "4eabc734-e102-48a5-9060-12d339e8949d",
      "Page": 1
    },
    {
      "BlockType": "WORD",
      "Confidence": 99.76097106933594,
      "Text": "network",
      "TextType": "PRINTED",
      "Geometry": {
        "BoundingBox": {
          "Width": 0.028804805129766464,
          "Height": 0.005837692879140377,
          "Left": 0.2166977822780609,
          "Top": 0.1819085031747818
        },
        "Polygon": [
          {
            "X": 0.21674609184265137,
            "Y": 0.1819085031747818
          },
          {
            "X": 0.24550259113311768,
            "Y": 0.18196244537830353
          },
          {
            "X": 0.24545392394065857,
            "Y": 0.18774619698524475
          },
          {
            "X": 0.2166977822780609,
            "Y": 0.18769140541553497
          }
        ]
      },
      "Id": "b7e911c4-3bcd-4b50-9da2-8dc37b44b70f",
      "Page": 1
    },
    {
      "BlockType": "WORD",
      "Confidence": 99.92726135253906,
      "Text": "Amazon",
      "TextType": "PRINTED",
      "Geometry": {
        "BoundingBox": {
          "Width": 0.032869648188352585,
          "Height": 0.0060198139399290085,
          "Left": 0.4618355929851532,
          "Top": 0.18457989394664764
        },
        "Polygon": [
          {
            "X": 0.4618883430957794,
            "Y": 0.18457989394664764
          },
          {
            "X": 0.4947052597999573,
            "Y": 0.18464183807373047
          },
          {
            "X": 0.4946520924568176,
            "Y": 0.1905997097492218
          },
          {
            "X": 0.4618355929851532,
            "Y": 0.19053678214550018
          }
        ]
      },
      "Id": "d0f17b58-19c8-4e49-ac61-4767e6047628",
      "Page": 1
    },
    {
      "BlockType": "WORD",
      "Confidence": 99.86333465576172,
      "Text": "Bedrock",
      "TextType": "PRINTED",
      "Geometry": {
        "BoundingBox": {
          "Width": 0.03288121894001961,
          "Height": 0.006790292449295521,
          "Left": 0.49674496054649353,
          "Top": 0.18270759284496307
        },
        "Polygon": [
          {
            "X": 0.49680501222610474,
            "Y": 0.18270759284496307
          },
          {
            "X": 0.529626190662384,
            "Y": 0.18276922404766083
          },
          {
            "X": 0.529565691947937,
            "Y": 0.18949788808822632
          },
          {
            "X": 0.49674496054649353,
            "Y": 0.18943515419960022
          }
        ]
      },
      "Id": "40165985-012d-4fff-94f7-c5270983a089",
      "Page": 1
    },
    {
      "BlockType": "WORD",
      "Confidence": 98.9788818359375,
      "Text": "(AWS",
      "TextType": "PRINTED",
      "Geometry": {
        "BoundingBox": {
          "Width": 0.023190820589661598,
          "Height": 0.007267981301993132,
          "Left": 0.5915607810020447,
          "Top": 0.187594473361969
        },
        "Polygon": [
          {
            "X": 0.5916267037391663,
            "Y": 0.187594473361969
          },
          {
            "X": 0.6147516369819641,
            "Y": 0.18763843178749084
          },
          {
            "X": 0.6146854162216187,
            "Y": 0.19486244022846222
          },
          {
            "X": 0.5915607810020447,
            "Y": 0.19481763243675232
          }
        ]
      },
      "Id": "a822a929-6cb4-4d0a-887f-615650e31c2f",
      "Page": 1
    },
    {
      "BlockType": "WORD",
      "Confidence": 99.88177490234375,
      "Text": "owned",
      "TextType": "PRINTED",
      "Geometry": {
        "BoundingBox": {
          "Width": 0.028895409777760506,
          "Height": 0.006613816134631634,
          "Left": 0.6167506575584412,
          "Top": 0.18661651015281677
        },
        "Polygon": [
          {
            "X": 0.6168107986450195,
            "Y": 0.18661651015281677
          },
          {
            "X": 0.6456460356712341,
            "Y": 0.186671182513237
          },
          {
            "X": 0.6455854773521423,
            "Y": 0.19323031604290009
          },
          {
            "X": 0.6167506575584412,
            "Y": 0.19317469000816345
          }
        ]
      },
      "Id": "f9489b3d-9331-4034-b78e-75a64cf6197e",
      "Page": 1
    },
    {
      "BlockType": "WORD",
      "Confidence": 99.97745513916016,
      "Text": "and",
      "TextType": "PRINTED",
      "Geometry": {
        "BoundingBox": {
          "Width": 0.015856483951210976,
          "Height": 0.006105929147452116,
          "Left": 0.6480749845504761,
          "Top": 0.18602536618709564
        },
        "Polygon": [
          {
            "X": 0.6481310725212097,
            "Y": 0.18602536618709564
          },
          {
            "X": 0.6639314293861389,
            "Y": 0.1860552728176117
          },
          {
            "X": 0.663875162601471,
            "Y": 0.19213129580020905
          },
          {
            "X": 0.6480749845504761,
            "Y": 0.1921008974313736
          }
        ]
      },
      "Id": "2dae7888-e885-4729-a30b-fd546eadd1f3",
      "Page": 1
    },
    {
      "BlockType": "WORD",
      "Confidence": 99.47686004638672,
      "Text": "operated)",
      "TextType": "PRINTED",
      "Geometry": {
        "BoundingBox": {
          "Width": 0.042624104768037796,
          "Height": 0.008205476216971874,
          "Left": 0.6664460897445679,
          "Top": 0.1846972405910492
        },
        "Polygon": [
          {
            "X": 0.666521430015564,
            "Y": 0.1846972405910492
          },
          {
            "X": 0.7090702056884766,
            "Y": 0.18477748334407806
          },
          {
            "X": 0.7089941501617432,
            "Y": 0.19290271401405334
          },
          {
            "X": 0.6664460897445679,
            "Y": 0.1928207278251648
          }
        ]
      },
      "Id": "4a88884b-bca0-4edf-9e2c-1ed51c2839fd",
      "Page": 1
    },
    {
      "BlockType": "WORD",
      "Confidence": 99.86930084228516,
      "Text": "Customer",
      "TextType": "PRINTED",
      "Geometry": {
        "BoundingBox": {
          "Width": 0.03345051035284996,
          "Height": 0.005493249278515577,
          "Left": 0.20608113706111908,
          "Top": 0.1941285878419876
        },
        "Polygon": [
          {
            "X": 0.2061263620853424,
            "Y": 0.1941285878419876
          },
          {
            "X": 0.23953165113925934,
            "Y": 0.19419333338737488
          },
          {
            "X": 0.23948603868484497,
            "Y": 0.19962184131145477
          },
          {
            "X": 0.20608113706111908,
            "Y": 0.19955618679523468
          }
        ]
      },
      "Id": "e4de2db5-6e53-4a47-b4cd-05985431252e",
      "Page": 1
    },
    {
      "BlockType": "WORD",
      "Confidence": 99.8529281616211,
      "Text": "account",
      "TextType": "PRINTED",
      "Geometry": {
        "BoundingBox": {
          "Width": 0.027695145457983017,
          "Height": 0.00575993163511157,
          "Left": 0.241016685962677,
          "Top": 0.19282343983650208
        },
        "Polygon": [
          {
            "X": 0.2410646378993988,
            "Y": 0.19282343983650208
          },
          {
            "X": 0.2687118351459503,
            "Y": 0.19287681579589844
          },
          {
            "X": 0.26866355538368225,
            "Y": 0.19858336448669434
          },
          {
            "X": 0.241016685962677,
            "Y": 0.1985291838645935
          }
        ]
      },
      "Id": "cc1bf845-c737-4d9f-b954-eb50d2859277",
      "Page": 1
    },
    {
      "BlockType": "WORD",
      "Confidence": 99.89195251464844,
      "Text": "service",
      "TextType": "PRINTED",
      "Geometry": {
        "BoundingBox": {
          "Width": 0.027423659339547157,
          "Height": 0.006269295699894428,
          "Left": 0.4618421196937561,
          "Top": 0.19220146536827087
        },
        "Polygon": [
          {
            "X": 0.4618971645832062,
            "Y": 0.19220146536827087
          },
          {
            "X": 0.4892657697200775,
            "Y": 0.1922541707754135
          },
          {
            "X": 0.4892103672027588,
            "Y": 0.19847075641155243
          },
          {
            "X": 0.4618421196937561,
            "Y": 0.19841718673706055
          }
        ]
      },
      "Id": "e5a384bc-e3ca-4358-8977-849263fcab34",
      "Page": 1
    },
    {
      "BlockType": "WORD",
      "Confidence": 99.95684814453125,
      "Text": "account",
      "TextType": "PRINTED",
      "Geometry": {
        "BoundingBox": {
          "Width": 0.03228668123483658,
          "Height": 0.007212425582110882,
          "Left": 0.49076592922210693,
          "Top": 0.19090481102466583
        },
        "Polygon": [
          {
            "X": 0.4908296465873718,
            "Y": 0.19090481102466583
          },
          {
            "X": 0.5230526328086853,
            "Y": 0.1909666508436203
          },
          {
            "X": 0.5229883790016174,
            "Y": 0.1981172412633896
          },
          {
            "X": 0.49076592922210693,
            "Y": 0.198054239153862
          }
        ]
      },
      "Id": "e11d7044-059e-4b50-ab74-e3bb65a17217",
      "Page": 1
    },
    {
      "BlockType": "WORD",
      "Confidence": 98.74129486083984,
      "Text": "ud",
      "TextType": "PRINTED",
      "Geometry": {
        "BoundingBox": {
          "Width": 0.025723081082105637,
          "Height": 0.014334192499518394,
          "Left": 0.006867699325084686,
          "Top": 0.21518142521381378
        },
        "Polygon": [
          {
            "X": 0.00698089087381959,
            "Y": 0.21518142521381378
          },
          {
            "X": 0.03259078040719032,
            "Y": 0.21523383259773254
          },
          {
            "X": 0.03247682750225067,
            "Y": 0.22951561212539673
          },
          {
            "X": 0.006867699325084686,
            "Y": 0.22946134209632874
          }
        ]
      },
      "Id": "1982fdf6-c33d-43df-801e-ee577032c0b2",
      "Page": 1
    },
    {
      "BlockType": "WORD",
      "Confidence": 51.33141326904297,
      "Text": "o",
      "TextType": "PRINTED",
      "Geometry": {
        "BoundingBox": {
          "Width": 0.009362229146063328,
          "Height": 0.0056936414912343025,
          "Left": 0.1922321319580078,
          "Top": 0.21881243586540222
        },
        "Polygon": [
          {
            "X": 0.19227926433086395,
            "Y": 0.21881243586540222
          },
          {
            "X": 0.20159436762332916,
            "Y": 0.21883165836334229
          },
          {
            "X": 0.20154713094234467,
            "Y": 0.22450608015060425
          },
          {
            "X": 0.1922321319580078,
            "Y": 0.2244866043329239
          }
        ]
      },
      "Id": "9b3f6b8c-a0c4-41ad-a1b1-88f24e3a633d",
      "Page": 1
    },
    {
      "BlockType": "WORD",
      "Confidence": 99.6998291015625,
      "Text": "Customer",
      "TextType": "PRINTED",
      "Geometry": {
        "BoundingBox": {
          "Width": 0.03428954258561134,
          "Height": 0.0057563153095543385,
          "Left": 0.21392495930194855,
          "Top": 0.21740718185901642
        },
        "Polygon": [
          {
            "X": 0.21397241950035095,
            "Y": 0.21740718185901642
          },
          {
            "X": 0.2482144981622696,
            "Y": 0.21747757494449615
          },
          {
            "X": 0.24816663563251495,
            "Y": 0.22316350042819977
          },
          {
            "X": 0.21392495930194855,
            "Y": 0.22309212386608124
          }
        ]
      },
      "Id": "85791c98-8611-4492-8f83-2cc8f5d05d90",
      "Page": 1
    },
    {
      "BlockType": "WORD",
      "Confidence": 99.90355682373047,
      "Text": "VPC",
      "TextType": "PRINTED",
      "Geometry": {
        "BoundingBox": {
          "Width": 0.014569265767931938,
          "Height": 0.0056119151413440704,
          "Left": 0.24974475800991058,
          "Top": 0.21644780039787292
        },
        "Polygon": [
          {
            "X": 0.24979177117347717,
            "Y": 0.21644780039787292
          },
          {
            "X": 0.26431402564048767,
            "Y": 0.21647758781909943
          },
          {
            "X": 0.26426684856414795,
            "Y": 0.2220597267150879
          },
          {
            "X": 0.24974475800991058,
            "Y": 0.22202953696250916
          }
        ]
      },
      "Id": "b245aff9-2a5e-45d2-ad3f-1257890237a0",
      "Page": 1
    },
    {
      "BlockType": "WORD",
      "Confidence": 99.8051528930664,
      "Text": "Base",
      "TextType": "PRINTED",
      "Geometry": {
        "BoundingBox": {
          "Width": 0.020814891904592514,
          "Height": 0.00626408914104104,
          "Left": 0.6765190362930298,
          "Top": 0.22339308261871338
        },
        "Polygon": [
          {
            "X": 0.6765768527984619,
            "Y": 0.22339308261871338
          },
          {
            "X": 0.6973339319229126,
            "Y": 0.22343626618385315
          },
          {
            "X": 0.6972758769989014,
            "Y": 0.2296571582555771
          },
          {
            "X": 0.6765190362930298,
            "Y": 0.2296133190393448
          }
        ]
      },
      "Id": "940c5e2f-c4d2-46d5-9d74-76bf0553a4bf",
      "Page": 1
    },
    {
      "BlockType": "WORD",
      "Confidence": 99.53303527832031,
      "Text": "model",
      "TextType": "PRINTED",
      "Geometry": {
        "BoundingBox": {
          "Width": 0.028426721692085266,
          "Height": 0.006042099092155695,
          "Left": 0.6995844841003418,
          "Top": 0.22283723950386047
        },
        "Polygon": [
          {
            "X": 0.6996403932571411,
            "Y": 0.22283723950386047
          },
          {
            "X": 0.7280111908912659,
            "Y": 0.22289618849754333
          },
          {
            "X": 0.7279549837112427,
            "Y": 0.22887933254241943
          },
          {
            "X": 0.6995844841003418,
            "Y": 0.22881951928138733
          }
        ]
      },
      "Id": "dcc3fdcc-7328-4a47-9265-82fddb963905",
      "Page": 1
    },
    {
      "BlockType": "WORD",
      "Confidence": 86.99790954589844,
      "Text": "S3",
      "TextType": "PRINTED",
      "Geometry": {
        "BoundingBox": {
          "Width": 0.011130495928227901,
          "Height": 0.005775785073637962,
          "Left": 0.7300799489021301,
          "Top": 0.22261126339435577
        },
        "Polygon": [
          {
            "X": 0.7301340699195862,
            "Y": 0.22261126339435577
          },
          {
            "X": 0.7412104606628418,
            "Y": 0.22263427078723907
          },
          {
            "X": 0.7411562204360962,
            "Y": 0.22838705778121948
          },
          {
            "X": 0.7300799489021301,
            "Y": 0.2283637374639511
          }
        ]
      },
      "Id": "316a995c-7192-4eac-908a-21358ad31c91",
      "Page": 1
    },
    {
      "BlockType": "WORD",
      "Confidence": 98.90923309326172,
      "Text": "On-demand",
      "TextType": "PRINTED",
      "Geometry": {
        "BoundingBox": {
          "Width": 0.05114297196269035,
          "Height": 0.006878777872771025,
          "Left": 0.5778126120567322,
          "Top": 0.23005160689353943
        },
        "Polygon": [
          {
            "X": 0.5778741836547852,
            "Y": 0.23005160689353943
          },
          {
            "X": 0.628955602645874,
            "Y": 0.2301596850156784
          },
          {
            "X": 0.6288933157920837,
            "Y": 0.23693038523197174
          },
          {
            "X": 0.5778126120567322,
            "Y": 0.23682056367397308
          }
        ]
      },
      "Id": "1e9cc43f-ffc9-4a52-bd83-2d6284c27b66",
      "Page": 1
    },
    {
      "BlockType": "WORD",
      "Confidence": 99.85233306884766,
      "Text": "Bucket",
      "TextType": "PRINTED",
      "Geometry": {
        "BoundingBox": {
          "Width": 0.030338222160935402,
          "Height": 0.006066476926207542,
          "Left": 0.6933625936508179,
          "Top": 0.2311398833990097
        },
        "Polygon": [
          {
            "X": 0.6934186220169067,
            "Y": 0.2311398833990097
          },
          {
            "X": 0.7237008213996887,
            "Y": 0.2312040776014328
          },
          {
            "X": 0.723644495010376,
            "Y": 0.2372063547372818
          },
          {
            "X": 0.6933625936508179,
            "Y": 0.23714123666286469
          }
        ]
      },
      "Id": "720005da-578b-4850-b1bf-4b38b0717a1c",
      "Page": 1
    },
    {
      "BlockType": "WORD",
      "Confidence": 93.04287719726562,
      "Text": "erience",
      "TextType": "PRINTED",
      "Geometry": {
        "BoundingBox": {
          "Width": 0.06890948116779327,
          "Height": 0.014919785782694817,
          "Left": 0.006641514599323273,
          "Top": 0.23500613868236542
        },
        "Polygon": [
          {
            "X": 0.006758565083146095,
            "Y": 0.23500613868236542
          },
          {
            "X": 0.07555099576711655,
            "Y": 0.23515382409095764
          },
          {
            "X": 0.07543182373046875,
            "Y": 0.24992592632770538
          },
          {
            "X": 0.006641514599323273,
            "Y": 0.2497730851173401
          }
        ]
      },
      "Id": "7223d83c-938a-4d60-ae7c-10c2b88c96a4",
      "Page": 1
    },
    {
      "BlockType": "WORD",
      "Confidence": 99.91265869140625,
      "Text": "Compute",
      "TextType": "PRINTED",
      "Geometry": {
        "BoundingBox": {
          "Width": 0.03896821290254593,
          "Height": 0.007423322647809982,
          "Left": 0.5832808613777161,
          "Top": 0.23858919739723206
        },
        "Polygon": [
          {
            "X": 0.5833476781845093,
            "Y": 0.23858919739723206
          },
          {
            "X": 0.6222490668296814,
            "Y": 0.23867318034172058
          },
          {
            "X": 0.6221816539764404,
            "Y": 0.24601250886917114
          },
          {
            "X": 0.5832808613777161,
            "Y": 0.245927095413208
          }
        ]
      },
      "Id": "07ca3f87-6cdc-42c6-a080-ca8d1e8dfbe0",
      "Page": 1
    },
    {
      "BlockType": "WORD",
      "Confidence": 72.18975067138672,
      "Text": "5",
      "TextType": "PRINTED",
      "Geometry": {
        "BoundingBox": {
          "Width": 0.013248009607195854,
          "Height": 0.012348477728664875,
          "Left": 0.00662787863984704,
          "Top": 0.25699636340141296
        },
        "Polygon": [
          {
            "X": 0.006725520361214876,
            "Y": 0.25699636340141296
          },
          {
            "X": 0.019875887781381607,
            "Y": 0.2570260763168335
          },
          {
            "X": 0.01977790892124176,
            "Y": 0.26934486627578735
          },
          {
            "X": 0.00662787863984704,
            "Y": 0.26931434869766235
          }
        ]
      },
      "Id": "87a9916c-a856-491d-8973-61e339d0d935",
      "Page": 1
    },
    {
      "BlockType": "WORD",
      "Confidence": 99.62195587158203,
      "Text": "Cliente",
      "TextType": "PRINTED",
      "Geometry": {
        "BoundingBox": {
          "Width": 0.024818958714604378,
          "Height": 0.0055465614423155785,
          "Left": 0.21972407400608063,
          "Top": 0.25866222381591797
        },
        "Polygon": [
          {
            "X": 0.21976998448371887,
            "Y": 0.25866222381591797
          },
          {
            "X": 0.24454303085803986,
            "Y": 0.2587183117866516
          },
          {
            "X": 0.24449685215950012,
            "Y": 0.26420876383781433
          },
          {
            "X": 0.21972407400608063,
            "Y": 0.26415199041366577
          }
        ]
      },
      "Id": "9fd26857-e849-4099-a3ec-4a2ead4a5a53",
      "Page": 1
    },
    {
      "BlockType": "WORD",
      "Confidence": 99.61993408203125,
      "Text": "API",
      "TextType": "PRINTED",
      "Geometry": {
        "BoundingBox": {
          "Width": 0.013860058970749378,
          "Height": 0.005535057280212641,
          "Left": 0.44497349858283997,
          "Top": 0.259517103433609
        },
        "Polygon": [
          {
            "X": 0.4450220465660095,
            "Y": 0.259517103433609
          },
          {
            "X": 0.4588335454463959,
            "Y": 0.2595483958721161
          },
          {
            "X": 0.4587848484516144,
            "Y": 0.2650521695613861
          },
          {
            "X": 0.44497349858283997,
            "Y": 0.265020489692688
          }
        ]
      },
      "Id": "83e419ea-53c3-40b0-a66e-b4b122a01ea4",
      "Page": 1
    },
    {
      "BlockType": "WORD",
      "Confidence": 99.47116088867188,
      "Text": "Orchestration",
      "TextType": "PRINTED",
      "Geometry": {
        "BoundingBox": {
          "Width": 0.05546831712126732,
          "Height": 0.006601993460208178,
          "Left": 0.47347795963287354,
          "Top": 0.25865638256073
        },
        "Polygon": [
          {
            "X": 0.4735354483127594,
            "Y": 0.25865638256073
          },
          {
            "X": 0.5289462804794312,
            "Y": 0.25878167152404785
          },
          {
            "X": 0.5288880467414856,
            "Y": 0.2652583718299866
          },
          {
            "X": 0.47347795963287354,
            "Y": 0.26513123512268066
          }
        ]
      },
      "Id": "670a21fd-3cce-4c63-bf13-c09fbfd11cd9",
      "Page": 1
    },
    {
      "BlockType": "WORD",
      "Confidence": 25.454160690307617,
      "Text": "S",
      "TextType": "PRINTED",
      "Geometry": {
        "BoundingBox": {
          "Width": 0.011445706710219383,
          "Height": 0.004681535996496677,
          "Left": 0.31290629506111145,
          "Top": 0.26436904072761536
        },
        "Polygon": [
          {
            "X": 0.3129461109638214,
            "Y": 0.26436904072761536
          },
          {
            "X": 0.3243519961833954,
            "Y": 0.26439517736434937
          },
          {
            "X": 0.32431209087371826,
            "Y": 0.26905059814453125
          },
          {
            "X": 0.31290629506111145,
            "Y": 0.26902416348457336
          }
        ]
      },
      "Id": "1e75383f-f7ef-4fe7-a70f-76c9af96e553",
      "Page": 1
    },
    {
      "BlockType": "WORD",
      "Confidence": 99.88323211669922,
      "Text": "endpoint",
      "TextType": "PRINTED",
      "Geometry": {
        "BoundingBox": {
          "Width": 0.03565174341201782,
          "Height": 0.0072741019539535046,
          "Left": 0.4335825741291046,
          "Top": 0.26699888706207275
        },
        "Polygon": [
          {
            "X": 0.4336458742618561,
            "Y": 0.26699888706207275
          },
          {
            "X": 0.46923431754112244,
            "Y": 0.2670808732509613
          },
          {
            "X": 0.46917054057121277,
            "Y": 0.27427297830581665
          },
          {
            "X": 0.4335825741291046,
            "Y": 0.27418971061706543
          }
        ]
      },
      "Id": "964f13f7-9aa0-4822-91ff-bf94b00bd7e7",
      "Page": 1
    },
    {
      "BlockType": "WORD",
      "Confidence": 99.84130859375,
      "Text": "AWS",
      "TextType": "PRINTED",
      "Geometry": {
        "BoundingBox": {
          "Width": 0.017765525728464127,
          "Height": 0.005667569115757942,
          "Left": 0.28658995032310486,
          "Top": 0.28174760937690735
        },
        "Polygon": [
          {
            "X": 0.2866377830505371,
            "Y": 0.28174760937690735
          },
          {
            "X": 0.3043555021286011,
            "Y": 0.28178977966308594
          },
          {
            "X": 0.3043074607849121,
            "Y": 0.28741517663002014
          },
          {
            "X": 0.28658995032310486,
            "Y": 0.28737249970436096
          }
        ]
      },
      "Id": "245ec453-3889-4a6a-9933-5436adb3626f",
      "Page": 1
    },
    {
      "BlockType": "WORD",
      "Confidence": 98.96316528320312,
      "Text": "PrivateLink",
      "TextType": "PRINTED",
      "Geometry": {
        "BoundingBox": {
          "Width": 0.042046599090099335,
          "Height": 0.006060686893761158,
          "Left": 0.3059932291507721,
          "Top": 0.28102657198905945
        },
        "Polygon": [
          {
            "X": 0.3060441315174103,
            "Y": 0.28102657198905945
          },
          {
            "X": 0.348039835691452,
            "Y": 0.28112635016441345
          },
          {
            "X": 0.34798842668533325,
            "Y": 0.28708726167678833
          },
          {
            "X": 0.3059932291507721,
            "Y": 0.28698620200157166
          }
        ]
      },
      "Id": "bcfb9543-ee31-4ba8-910a-7b112d698358",
      "Page": 1
    },
    {
      "BlockType": "WORD",
      "Confidence": 69.51387023925781,
      "Text": "#",
      "TextType": "PRINTED",
      "Geometry": {
        "BoundingBox": {
          "Width": 0.007069563027471304,
          "Height": 0.008030429482460022,
          "Left": 0.24704527854919434,
          "Top": 0.3216751217842102
        },
        "Polygon": [
          {
            "X": 0.24711273610591888,
            "Y": 0.3216751217842102
          },
          {
            "X": 0.2541148364543915,
            "Y": 0.32169318199157715
          },
          {
            "X": 0.2540472745895386,
            "Y": 0.32970553636550903
          },
          {
            "X": 0.24704527854919434,
            "Y": 0.3296871781349182
          }
        ]
      },
      "Id": "41a14b1a-dd4d-4210-abb3-00a19bfbc333",
      "Page": 1
    },
    {
      "BlockType": "WORD",
      "Confidence": 99.94367218017578,
      "Text": "Corporate",
      "TextType": "PRINTED",
      "Geometry": {
        "BoundingBox": {
          "Width": 0.036533620208501816,
          "Height": 0.006944958120584488,
          "Left": 0.2650490701198578,
          "Top": 0.32303619384765625
        },
        "Polygon": [
          {
            "X": 0.26510700583457947,
            "Y": 0.32303619384765625
          },
          {
            "X": 0.3015826940536499,
            "Y": 0.32313063740730286
          },
          {
            "X": 0.30152428150177,
            "Y": 0.32998114824295044
          },
          {
            "X": 0.2650490701198578,
            "Y": 0.32988545298576355
          }
        ]
      },
      "Id": "af224968-d73c-486a-a5ff-9b60f874eb26",
      "Page": 1
    },
    {
      "BlockType": "WORD",
      "Confidence": 99.87388610839844,
      "Text": "network",
      "TextType": "PRINTED",
      "Geometry": {
        "BoundingBox": {
          "Width": 0.03058977611362934,
          "Height": 0.005836897995322943,
          "Left": 0.30345797538757324,
          "Top": 0.32329609990119934
        },
        "Polygon": [
          {
            "X": 0.30350708961486816,
            "Y": 0.32329609990119934
          },
          {
            "X": 0.33404773473739624,
            "Y": 0.3233751952648163
          },
          {
            "X": 0.33399826288223267,
            "Y": 0.329133003950119
          },
          {
            "X": 0.30345797538757324,
            "Y": 0.32905301451683044
          }
        ]
      },
      "Id": "3312fb9b-c31d-4929-b4be-b7d0fc198d65",
      "Page": 1
    },
    {
      "BlockType": "WORD",
      "Confidence": 99.85733032226562,
      "Text": "AWS",
      "TextType": "PRINTED",
      "Geometry": {
        "BoundingBox": {
          "Width": 0.0163202416151762,
          "Height": 0.005171886179596186,
          "Left": 0.15727365016937256,
          "Top": 0.365788072347641
        },
        "Polygon": [
          {
            "X": 0.15731586515903473,
            "Y": 0.365788072347641
          },
          {
            "X": 0.17359387874603271,
            "Y": 0.36583375930786133
          },
          {
            "X": 0.1735514998435974,
            "Y": 0.37095996737480164
          },
          {
            "X": 0.15727365016937256,
            "Y": 0.37091386318206787
          }
        ]
      },
      "Id": "e1e6621d-6f9b-4776-8a13-f2f8479f8bf2",
      "Page": 1
    },
    {
      "BlockType": "WORD",
      "Confidence": 99.95426177978516,
      "Text": "Direct",
      "TextType": "PRINTED",
      "Geometry": {
        "BoundingBox": {
          "Width": 0.020978722721338272,
          "Height": 0.0055565740913152695,
          "Left": 0.17541135847568512,
          "Top": 0.3657573163509369
        },
        "Polygon": [
          {
            "X": 0.17545683681964874,
            "Y": 0.3657573163509369
          },
          {
            "X": 0.1963900774717331,
            "Y": 0.36581605672836304
          },
          {
            "X": 0.19634436070919037,
            "Y": 0.3713138997554779
          },
          {
            "X": 0.17541135847568512,
            "Y": 0.371254563331604
          }
        ]
      },
      "Id": "f81f9f5c-858e-4e47-b184-147371fdce07",
      "Page": 1
    },
    {
      "BlockType": "WORD",
      "Confidence": 99.85279846191406,
      "Text": "Cliente",
      "TextType": "PRINTED",
      "Geometry": {
        "BoundingBox": {
          "Width": 0.02595249004662037,
          "Height": 0.005911026615649462,
          "Left": 0.2831870913505554,
          "Top": 0.36683180928230286
        },
        "Polygon": [
          {
            "X": 0.28323668241500854,
            "Y": 0.36683180928230286
          },
          {
            "X": 0.30913957953453064,
            "Y": 0.366904616355896
          },
          {
            "X": 0.30908969044685364,
            "Y": 0.37274283170700073
          },
          {
            "X": 0.2831870913505554,
            "Y": 0.3726692795753479
          }
        ]
      },
      "Id": "16754537-f3f8-4977-ae27-392772fd8e25",
      "Page": 1
    },
    {
      "BlockType": "WORD",
      "Confidence": 99.9771728515625,
      "Text": "Connect",
      "TextType": "PRINTED",
      "Geometry": {
        "BoundingBox": {
          "Width": 0.027903391048312187,
          "Height": 0.005347010679543018,
          "Left": 0.162439227104187,
          "Top": 0.37314292788505554
        },
        "Polygon": [
          {
            "X": 0.16248266398906708,
            "Y": 0.37314292788505554
          },
          {
            "X": 0.19034262001514435,
            "Y": 0.3732221722602844
          },
          {
            "X": 0.1902988851070404,
            "Y": 0.3784899413585663
          },
          {
            "X": 0.162439227104187,
            "Y": 0.3784099817276001
          }
        ]
      },
      "Id": "8bbb585a-f7a7-4c62-b609-9be90d3b12c2",
      "Page": 1
    },
    {
      "BlockType": "WORD",
      "Confidence": 50.00627136230469,
      "Text": "Trademark",
      "TextType": "PRINTED",
      "Geometry": {
        "BoundingBox": {
          "Width": 0.020597320050001144,
          "Height": 0.0040778531692922115,
          "Left": 0.3014049828052521,
          "Top": 0.3943854570388794
        },
        "Polygon": [
          {
            "X": 0.3014392554759979,
            "Y": 0.3943854570388794
          },
          {
            "X": 0.3220023214817047,
            "Y": 0.39444610476493835
          },
          {
            "X": 0.32196786999702454,
            "Y": 0.39846330881118774
          },
          {
            "X": 0.3014049828052521,
            "Y": 0.39840224385261536
          }
        ]
      },
      "Id": "65243a45-a8c7-4939-bf5e-3825d60a8a38",
      "Page": 1
    }
  ],
  "DetectDocumentTextModelVersion": "1.0"
}