{
  "DocumentMetadata": {
    "Pages": 1
  },
  "JobStatus": "SUCCEEDED",
  "Blocks": [
    {
      "BlockType": "PAGE",
      "Geometry": {
        "BoundingBox": {
          "Width": 0.990172266960144,
          "Height": 0.9604295492172241,
          "Left": 0.0021322513930499554,
          "Top": 0.00011686908692354336
        },
        "Polygon": [
          {
            "X": 0.003449146170169115,
            "Y": 0.0015484575415030122
          },
          {
            "X": 0.9923045635223389,
            "Y": 0.00011686908692354336
          },
          {
            "X": 0.9905825257301331,
            "Y": 0.9605463743209839
          },
          {
            "X": 0.0021322513930499554,
            "Y": 0.9602963328361511
          }
        ]
      },
      "Id": "9b6dcb38-456c-476a-a213-4475fd18dfee",
      "Relationships": [
        {
          "Type": "CHILD",
          "Ids": [
            "d6445506-76b3-44fd-9d5c-b39cefe0a3fd",
            "b3acba9d-6615-4d7a-a302-8a4527240570",
            "4ba6ea71-5ed2-4ed7-b9ff-c37ba5d2e850",
            "0536d5e1-0824-4979-89e9-b82aff98c5df",
            "95de0252-91af-497f-95ef-9570c888a1e1",
            "1e5fac3c-7ab7-4412-9f0b-46290bd8c465",
            "e5635027-7844-4ceb-bab1-8cfcf77eee14",
            "837ce5bc-4934-4c9b-bbdb-e6f5a7215040",
            "ae10988a-bcd2-4df7-9a94-72f4d80a3a42",
            "0e144492-d723-42a7-8f0d-17713b1203c4",
            "1cfa22c4-502f-406a-8476-33858087acbf",
            "4948bf37-b118-4ddf-9177-1e8ce91d2eaf",
            "3621d35c-119a-4718-9ed5-aa9796c4e45f",
            "aecccd41-6090-4c2e-9a90-e3dc9ac11995",
            "660f1e77-6fd9-42eb-b635-7f1774c3dfd7",
            "3233dc53-6337-4574-83aa-6476e88f3c20",
            "09cc2915-8d29-4bee-b894-740dc83da6d7",
            "cf72128c-5663-4d75-aa9e-a67dc3aaff17",
            "35843757-67aa-446b-8f63-41bd121cac48",
            "b524b7a3-6a58-43ed-847d-48b9128c122c"
          ]
        }
      ],
      "Page": 1
    },
    {
      "BlockType": "LINE",
      "Confidence": 96.97209167480469,
      "Text": "Cloud",
      "Geometry": {
        "BoundingBox": {
          "Width": 0.025735825300216675,
          "Height": 0.0066958703100681305,
          "Left": 0.7209463119506836,
          "Top": 0.11675582081079483
        },
        "Polygon": [
          {
            "X": 0.7209575176239014,
            "Y": 0.11678776144981384
          },
          {
            "X": 0.7466821670532227,
            "Y": 0.11675582081079483
          },
          {
            "X": 0.7466709017753601,
            "Y": 0.12342005223035812
          },
          {
            "X": 0.7209463119506836,
            "Y": 0.12345168739557266
          }
        ]
      },
      "Id": "d6445506-76b3-44fd-9d5c-b39cefe0a3fd",
      "Relationships": [
        {
          "Type": "CHILD",
          "Ids": [
            "d4809188-2ae1-4c31-85b4-b0b39bda78bf"
          ]
        }
      ],
      "Page": 1
    },
    {
      "BlockType": "LINE",
      "Confidence": 98.89155578613281,
      "Text": "Como funciona: Amazon Bedrock Guardrails",
      "Geometry": {
        "BoundingBox": {
          "Width": 0.4433968663215637,
          "Height": 0.04054536297917366,
          "Left": 0.13033409416675568,
          "Top": 0.12043709307909012
        },
        "Polygon": [
          {
            "X": 0.1303911954164505,
            "Y": 0.12098487466573715
          },
          {
            "X": 0.5737309455871582,
            "Y": 0.12043709307909012
          },
          {
            "X": 0.5736662745475769,
            "Y": 0.16046613454818726
          },
          {
            "X": 0.13033409416675568,
            "Y": 0.16098245978355408
          }
        ]
      },
      "Id": "b3acba9d-6615-4d7a-a302-8a4527240570",
      "Relationships": [
        {
          "Type": "CHILD",
          "Ids": [
            "da3667eb-f2e6-472f-b07c-d2f89d245176",
            "9834951e-eb0a-4988-91db-c2cc440e4de5",
            "1675db35-7db1-4d3c-aaf2-c048af5cfc3e",
            "12ffdef8-568e-4538-8ff8-80b5fae5bbc3",
            "f1e14dc7-dc0f-4b4e-aba1-eac8775747fc"
          ]
        }
      ],
      "Page": 1
    },
    {
      "BlockType": "LINE",
      "Confidence": 97.93276977539062,
      "Text": "aws",
      "Geometry": {
        "BoundingBox": {
          "Width": 0.04667452722787857,
          "Height": 0.013617957942187786,
          "Left": 0.6470223069190979,
          "Top": 0.12016871571540833
        },
        "Polygon": [
          {
            "X": 0.6470446586608887,
            "Y": 0.12022636830806732
          },
          {
            "X": 0.6936968564987183,
            "Y": 0.12016871571540833
          },
          {
            "X": 0.6936742663383484,
            "Y": 0.13373014330863953
          },
          {
            "X": 0.6470223069190979,
            "Y": 0.13378667831420898
          }
        ]
      },
      "Id": "4ba6ea71-5ed2-4ed7-b9ff-c37ba5d2e850",
      "Relationships": [
        {
          "Type": "CHILD",
          "Ids": [
            "85aa8779-d1f8-4c54-93d1-7bcfc6d0b4fa"
          ]
        }
      ],
      "Page": 1
    },
    {
      "BlockType": "LINE",
      "Confidence": 99.34149932861328,
      "Text": "Experience",
      "Geometry": {
        "BoundingBox": {
          "Width": 0.04697610065340996,
          "Height": 0.007953216321766376,
          "Left": 0.7208623290061951,
          "Top": 0.12434336543083191
        },
        "Polygon": [
          {
            "X": 0.7208755612373352,
            "Y": 0.1244010478258133
          },
          {
            "X": 0.7678384184837341,
            "Y": 0.12434336543083191
          },
          {
            "X": 0.7678250074386597,
            "Y": 0.13223956525325775
          },
          {
            "X": 0.7208623290061951,
            "Y": 0.1322965770959854
          }
        ]
      },
      "Id": "0536d5e1-0824-4979-89e9-b82aff98c5df",
      "Relationships": [
        {
          "Type": "CHILD",
          "Ids": [
            "0bfeae7e-fafc-4368-b662-31f7ab67afb9"
          ]
        }
      ],
      "Page": 1
    },
    {
      "BlockType": "LINE",
      "Confidence": 99.77753448486328,
      "Text": "2025",
      "Geometry": {
        "BoundingBox": {
          "Width": 0.021122626960277557,
          "Height": 0.0061228093691170216,
          "Left": 0.7206258773803711,
          "Top": 0.13383899629116058
        },
        "Polygon": [
          {
            "X": 0.7206360697746277,
            "Y": 0.13386456668376923
          },
          {
            "X": 0.7417485117912292,
            "Y": 0.13383899629116058
          },
          {
            "X": 0.7417382001876831,
            "Y": 0.1399364471435547
          },
          {
            "X": 0.7206258773803711,
            "Y": 0.13996180891990662
          }
        ]
      },
      "Id": "95de0252-91af-497f-95ef-9570c888a1e1",
      "Relationships": [
        {
          "Type": "CHILD",
          "Ids": [
            "c3d9645a-5e2e-4d18-8f32-d3eb01ddce9a"
          ]
        }
      ],
      "Page": 1
    },
    {
      "BlockType": "LINE",
      "Confidence": 99.7770767211914,
      "Text": "FM inference",
      "Geometry": {
        "BoundingBox": {
          "Width": 0.07420329749584198,
          "Height": 0.010307944379746914,
          "Left": 0.3558996915817261,
          "Top": 0.17625510692596436
        },
        "Polygon": [
          {
            "X": 0.35591527819633484,
            "Y": 0.17633946239948273
          },
          {
            "X": 0.43010300397872925,
            "Y": 0.17625510692596436
          },
          {
            "X": 0.4300870895385742,
            "Y": 0.18648004531860352
          },
          {
            "X": 0.3558996915817261,
            "Y": 0.18656304478645325
          }
        ]
      },
      "Id": "1e5fac3c-7ab7-4412-9f0b-46290bd8c465",
      "Relationships": [
        {
          "Type": "CHILD",
          "Ids": [
            "461da402-b6fe-4308-bf30-c821e019450b",
            "763da886-1d44-43aa-9296-1f5e59736f6c"
          ]
        }
      ],
      "Page": 1
    },
    {
      "BlockType": "LINE",
      "Confidence": 99.84569549560547,
      "Text": "FM output",
      "Geometry": {
        "BoundingBox": {
          "Width": 0.0666254311800003,
          "Height": 0.010357235558331013,
          "Left": 0.5849659442901611,
          "Top": 0.1735050082206726
        },
        "Polygon": [
          {
            "X": 0.5849826335906982,
            "Y": 0.17358103394508362
          },
          {
            "X": 0.6515913605690002,
            "Y": 0.1735050082206726
          },
          {
            "X": 0.651574432849884,
            "Y": 0.18378743529319763
          },
          {
            "X": 0.5849659442901611,
            "Y": 0.18386223912239075
          }
        ]
      },
      "Id": "e5635027-7844-4ceb-bab1-8cfcf77eee14",
      "Relationships": [
        {
          "Type": "CHILD",
          "Ids": [
            "2954964a-2055-421e-b762-e693b6f8d974",
            "64a95276-a41d-473f-9915-6247c9d10d63"
          ]
        }
      ],
      "Page": 1
    },
    {
      "BlockType": "LINE",
      "Confidence": 56.75098419189453,
      "Text": "i",
      "Geometry": {
        "BoundingBox": {
          "Width": 0.019243886694312096,
          "Height": 0.02569015696644783,
          "Left": 0.12894108891487122,
          "Top": 0.19018028676509857
        },
        "Polygon": [
          {
            "X": 0.1289777159690857,
            "Y": 0.19020166993141174
          },
          {
            "X": 0.14818498492240906,
            "Y": 0.19018028676509857
          },
          {
            "X": 0.14814813435077667,
            "Y": 0.21584995090961456
          },
          {
            "X": 0.12894108891487122,
            "Y": 0.2158704549074173
          }
        ]
      },
      "Id": "837ce5bc-4934-4c9b-bbdb-e6f5a7215040",
      "Relationships": [
        {
          "Type": "CHILD",
          "Ids": [
            "26be1dc0-62ba-4953-821b-df9d1afdb758"
          ]
        }
      ],
      "Page": 1
    },
    {
      "BlockType": "LINE",
      "Confidence": 97.41649627685547,
      "Text": "Input do usuário",
      "Geometry": {
        "BoundingBox": {
          "Width": 0.08887115865945816,
          "Height": 0.012415753677487373,
          "Left": 0.19921231269836426,
          "Top": 0.19118091464042664
        },
        "Polygon": [
          {
            "X": 0.19923025369644165,
            "Y": 0.19127961993217468
          },
          {
            "X": 0.2880834639072418,
            "Y": 0.19118091464042664
          },
          {
            "X": 0.2880650758743286,
            "Y": 0.2034999132156372
          },
          {
            "X": 0.19921231269836426,
            "Y": 0.20359666645526886
          }
        ]
      },
      "Id": "ae10988a-bcd2-4df7-9a94-72f4d80a3a42",
      "Relationships": [
        {
          "Type": "CHILD",
          "Ids": [
            "b476deaf-7b28-42a1-80c0-a186fc4ca178",
            "be14f05d-9ec1-4df9-b1e5-ecd36cba1734",
            "00913c08-cf70-4b03-8a82-1e83bc116d17"
          ]
        }
      ],
      "Page": 1
    },
    {
      "BlockType": "LINE",
      "Confidence": 93.19890594482422,
      "Text": "d",
      "Geometry": {
        "BoundingBox": {
          "Width": 0.006920268759131432,
          "Height": 0.011927607469260693,
          "Left": 0.003148541785776615,
          "Top": 0.2132490873336792
        },
        "Polygon": [
          {
            "X": 0.0031649149022996426,
            "Y": 0.21325649321079254
          },
          {
            "X": 0.010068810544908047,
            "Y": 0.2132490873336792
          },
          {
            "X": 0.010052402503788471,
            "Y": 0.22516943514347076
          },
          {
            "X": 0.003148541785776615,
            "Y": 0.22517669200897217
          }
        ]
      },
      "Id": "0e144492-d723-42a7-8f0d-17713b1203c4",
      "Relationships": [
        {
          "Type": "CHILD",
          "Ids": [
            "9c35ff13-ccdc-4996-ae00-8154b10be77f"
          ]
        }
      ],
      "Page": 1
    },
    {
      "BlockType": "LINE",
      "Confidence": 95.29308319091797,
      "Text": "rience",
      "Geometry": {
        "BoundingBox": {
          "Width": 0.052416857331991196,
          "Height": 0.014756820164620876,
          "Left": 0.003112024161964655,
          "Top": 0.23222887516021729
        },
        "Polygon": [
          {
            "X": 0.0031322187278419733,
            "Y": 0.23228329420089722
          },
          {
            "X": 0.05552888289093971,
            "Y": 0.23222887516021729
          },
          {
            "X": 0.05550835654139519,
            "Y": 0.24693265557289124
          },
          {
            "X": 0.003112024161964655,
            "Y": 0.24698570370674133
          }
        ]
      },
      "Id": "1cfa22c4-502f-406a-8476-33858087acbf",
      "Relationships": [
        {
          "Type": "CHILD",
          "Ids": [
            "bfca2531-f6d0-4730-a232-e95791430ec8"
          ]
        }
      ],
      "Page": 1
    },
    {
      "BlockType": "LINE",
      "Confidence": 97.30509185791016,
      "Text": "Políticas de IA responsável",
      "Geometry": {
        "BoundingBox": {
          "Width": 0.12162967771291733,
          "Height": 0.011089620180428028,
          "Left": 0.3644033968448639,
          "Top": 0.22818945348262787
        },
        "Polygon": [
          {
            "X": 0.3644201457500458,
            "Y": 0.2283165156841278
          },
          {
            "X": 0.4860330820083618,
            "Y": 0.22818945348262787
          },
          {
            "X": 0.48601579666137695,
            "Y": 0.2391543835401535
          },
          {
            "X": 0.3644033968448639,
            "Y": 0.23927907645702362
          }
        ]
      },
      "Id": "4948bf37-b118-4ddf-9177-1e8ce91d2eaf",
      "Relationships": [
        {
          "Type": "CHILD",
          "Ids": [
            "6182e2f2-da9e-45cd-98f0-e688ea0fcaec",
            "646c1ef9-a373-4d91-be8d-8f23c3f94469",
            "482f8fd8-2e1b-490e-b7f1-b59367ecc608",
            "eda4812f-4f02-49ef-8c52-b8a83129738e"
          ]
        }
      ],
      "Page": 1
    },
    {
      "BlockType": "LINE",
      "Confidence": 93.50547790527344,
      "Text": "a",
      "Geometry": {
        "BoundingBox": {
          "Width": 0.05040794238448143,
          "Height": 0.0503624826669693,
          "Left": 0.9403599500656128,
          "Top": 0.20249617099761963
        },
        "Polygon": [
          {
            "X": 0.9404489994049072,
            "Y": 0.2025509923696518
          },
          {
            "X": 0.9907678961753845,
            "Y": 0.20249617099761963
          },
          {
            "X": 0.9906776547431946,
            "Y": 0.2528083324432373
          },
          {
            "X": 0.9403599500656128,
            "Y": 0.2528586685657501
          }
        ]
      },
      "Id": "3621d35c-119a-4718-9ed5-aa9796c4e45f",
      "Relationships": [
        {
          "Type": "CHILD",
          "Ids": [
            "9bc49522-a85d-46ff-8d8e-2ea8bd025adb"
          ]
        }
      ],
      "Page": 1
    },
    {
      "BlockType": "LINE",
      "Confidence": 97.47708129882812,
      "Text": "Filtros de conteúdo",
      "Geometry": {
        "BoundingBox": {
          "Width": 0.10567957907915115,
          "Height": 0.010189801454544067,
          "Left": 0.2104913890361786,
          "Top": 0.28179216384887695
        },
        "Polygon": [
          {
            "X": 0.2105061262845993,
            "Y": 0.2818925380706787
          },
          {
            "X": 0.31617096066474915,
            "Y": 0.28179216384887695
          },
          {
            "X": 0.3161557614803314,
            "Y": 0.2918834686279297
          },
          {
            "X": 0.2104913890361786,
            "Y": 0.291981965303421
          }
        ]
      },
      "Id": "aecccd41-6090-4c2e-9a90-e3dc9ac11995",
      "Relationships": [
        {
          "Type": "CHILD",
          "Ids": [
            "9dff8b2c-7aa9-4740-9dfb-26bd532651f8",
            "776c7c6e-77e5-4a5d-9b55-e86719963667",
            "76caffe2-15fd-4a71-a0be-2e8f237a02cc"
          ]
        }
      ],
      "Page": 1
    },
    {
      "BlockType": "LINE",
      "Confidence": 97.62612915039062,
      "Text": "Tópicos negados",
      "Geometry": {
        "BoundingBox": {
          "Width": 0.09778795391321182,
          "Height": 0.011895137839019299,
          "Left": 0.36513271927833557,
          "Top": 0.2783571183681488
        },
        "Polygon": [
          {
            "X": 0.36515071988105774,
            "Y": 0.2784505784511566
          },
          {
            "X": 0.4629206657409668,
            "Y": 0.2783571183681488
          },
          {
            "X": 0.46290215849876404,
            "Y": 0.2901608347892761
          },
          {
            "X": 0.36513271927833557,
            "Y": 0.2902522683143616
          }
        ]
      },
      "Id": "660f1e77-6fd9-42eb-b635-7f1774c3dfd7",
      "Relationships": [
        {
          "Type": "CHILD",
          "Ids": [
            "5280babf-bfb7-465d-ae41-493cf10cc4b1",
            "16c053b9-8178-45a2-a115-5f0e172aa3ec"
          ]
        }
      ],
      "Page": 1
    },
    {
      "BlockType": "LINE",
      "Confidence": 98.35688018798828,
      "Text": "Filtro de relevância",
      "Geometry": {
        "BoundingBox": {
          "Width": 0.12123221904039383,
          "Height": 0.01166814286261797,
          "Left": 0.5156952738761902,
          "Top": 0.27281126379966736
        },
        "Polygon": [
          {
            "X": 0.515713632106781,
            "Y": 0.27292829751968384
          },
          {
            "X": 0.6369274854660034,
            "Y": 0.27281126379966736
          },
          {
            "X": 0.6369084715843201,
            "Y": 0.28436484932899475
          },
          {
            "X": 0.5156952738761902,
            "Y": 0.28447940945625305
          }
        ]
      },
      "Id": "3233dc53-6337-4574-83aa-6476e88f3c20",
      "Relationships": [
        {
          "Type": "CHILD",
          "Ids": [
            "66e98a00-7d5e-44a9-8529-1ba3cc258cf5",
            "83227405-acf8-4abb-b20a-12ee670898b9",
            "bf327409-ea32-43d5-bf56-39b14066cb85"
          ]
        }
      ],
      "Page": 1
    },
    {
      "BlockType": "LINE",
      "Confidence": 99.389404296875,
      "Text": "Filtros de sensibilidade",
      "Geometry": {
        "BoundingBox": {
          "Width": 0.12718576192855835,
          "Height": 0.010209881700575352,
          "Left": 0.19923333823680878,
          "Top": 0.303537517786026
        },
        "Polygon": [
          {
            "X": 0.1992480456829071,
            "Y": 0.30365344882011414
          },
          {
            "X": 0.3264191150665283,
            "Y": 0.303537517786026
          },
          {
            "X": 0.3264038562774658,
            "Y": 0.3136337697505951
          },
          {
            "X": 0.19923333823680878,
            "Y": 0.3137474060058594
          }
        ]
      },
      "Id": "09cc2915-8d29-4bee-b894-740dc83da6d7",
      "Relationships": [
        {
          "Type": "CHILD",
          "Ids": [
            "bf429c8d-18fa-4e3e-9c47-f5f7c5c90de4",
            "37068c0e-82eb-4c91-a8f8-2facc1c73b98",
            "3026d460-b7a7-49af-b2e8-e0392baf1099"
          ]
        }
      ],
      "Page": 1
    },
    {
      "BlockType": "LINE",
      "Confidence": 99.67041015625,
      "Text": "Filtros de palavras",
      "Geometry": {
        "BoundingBox": {
          "Width": 0.10779403150081635,
          "Height": 0.01089046522974968,
          "Left": 0.35964369773864746,
          "Top": 0.30083122849464417
        },
        "Polygon": [
          {
            "X": 0.35966014862060547,
            "Y": 0.3009299635887146
          },
          {
            "X": 0.4674377143383026,
            "Y": 0.30083122849464417
          },
          {
            "X": 0.467420756816864,
            "Y": 0.31162500381469727
          },
          {
            "X": 0.35964369773864746,
            "Y": 0.31172168254852295
          }
        ]
      },
      "Id": "cf72128c-5663-4d75-aa9e-a67dc3aaff17",
      "Relationships": [
        {
          "Type": "CHILD",
          "Ids": [
            "65404036-80c6-4963-9955-eecc712f0653",
            "babdb50a-6044-475a-982e-fd67d40f4581",
            "4a503ce7-8c67-464c-98bc-4195699b16d8"
          ]
        }
      ],
      "Page": 1
    },
    {
      "BlockType": "LINE",
      "Confidence": 98.02630615234375,
      "Text": "Filtro de alucinações",
      "Geometry": {
        "BoundingBox": {
          "Width": 0.12919488549232483,
          "Height": 0.012470809742808342,
          "Left": 0.5108987092971802,
          "Top": 0.29634472727775574
        },
        "Polygon": [
          {
            "X": 0.510918378829956,
            "Y": 0.29646405577659607
          },
          {
            "X": 0.6400936245918274,
            "Y": 0.29634472727775574
          },
          {
            "X": 0.640073299407959,
            "Y": 0.3086990416049957
          },
          {
            "X": 0.5108987092971802,
            "Y": 0.30881553888320923
          }
        ]
      },
      "Id": "35843757-67aa-446b-8f63-41bd121cac48",
      "Relationships": [
        {
          "Type": "CHILD",
          "Ids": [
            "edc48968-b064-46bf-b673-e639804bc33a",
            "b4c1ea32-041a-4f40-a425-07b492e0c1ce",
            "c1c3016a-8dce-4285-a0db-9cc06d99cacf"
          ]
        }
      ],
      "Page": 1
    },
    {
      "BlockType": "LINE",
      "Confidence": 99.34454345703125,
      "Text": "Resposta Final",
      "Geometry": {
        "BoundingBox": {
          "Width": 0.08447375893592834,
          "Height": 0.010498887859284878,
          "Left": 0.3757305443286896,
          "Top": 0.3541676700115204
        },
        "Polygon": [
          {
            "X": 0.3757465183734894,
            "Y": 0.35423704981803894
          },
          {
            "X": 0.4602043032646179,
            "Y": 0.3541676700115204
          },
          {
            "X": 0.4601879417896271,
            "Y": 0.36459875106811523
          },
          {
            "X": 0.3757305443286896,
            "Y": 0.36466655135154724
          }
        ]
      },
      "Id": "b524b7a3-6a58-43ed-847d-48b9128c122c",
      "Relationships": [
        {
          "Type": "CHILD",
          "Ids": [
            "97470154-91e2-4139-b8d9-adbc10cc3551",
            "d73466f5-03c3-4d4c-b5a2-3b544562de61"
          ]
        }
      ],
      "Page": 1
    },
    {
      "BlockType": "WORD",
      "Confidence": 96.97209167480469,
      "Text": "Cloud",
      "TextType": "PRINTED",
      "Geometry": {
        "BoundingBox": {
          "Width": 0.025735825300216675,
          "Height": 0.0066958703100681305,
          "Left": 0.7209463119506836,
          "Top": 0.11675582081079483
        },
        "Polygon": [
          {
            "X": 0.7209575176239014,
            "Y": 0.11678776144981384
          },
          {
            "X": 0.7466821670532227,
            "Y": 0.11675582081079483
          },
          {
            "X": 0.7466709017753601,
            "Y": 0.12342005223035812
          },
          {
            "X": 0.7209463119506836,
            "Y": 0.12345168739557266
          }
        ]
      },
      "Id": "d4809188-2ae1-4c31-85b4-b0b39bda78bf",
      "Page": 1
    },
    {
      "BlockType": "WORD",
      "Confidence": 98.34627532958984,
      "Text": "Como",
      "TextType": "PRINTED",
      "Geometry": {
        "BoundingBox": {
          "Width": 0.053117431700229645,
          "Height": 0.014409092254936695,
          "Left": 0.13033409416675568,
          "Top": 0.14657336473464966
        },
        "Polygon": [
          {
            "X": 0.13035456836223602,
            "Y": 0.14663656055927277
          },
          {
            "X": 0.18345153331756592,
            "Y": 0.14657336473464966
          },
          {
            "X": 0.1834307312965393,
            "Y": 0.1609206199645996
          },
          {
            "X": 0.13033409416675568,
            "Y": 0.16098245978355408
          }
        ]
      },
      "Id": "da3667eb-f2e6-472f-b07c-d2f89d245176",
      "Page": 1
    },
    {
      "BlockType": "WORD",
      "Confidence": 96.85768127441406,
      "Text": "funciona:",
      "TextType": "PRINTED",
      "Geometry": {
        "BoundingBox": {
          "Width": 0.08896129578351974,
          "Height": 0.017596567049622536,
          "Left": 0.1876707375049591,
          "Top": 0.14025868475437164
        },
        "Polygon": [
          {
            "X": 0.18769612908363342,
            "Y": 0.14036551117897034
          },
          {
            "X": 0.27663204073905945,
            "Y": 0.14025868475437164
          },
          {
            "X": 0.2766059637069702,
            "Y": 0.1577511876821518
          },
          {
            "X": 0.1876707375049591,
            "Y": 0.15785525739192963
          }
        ]
      },
      "Id": "9834951e-eb0a-4988-91db-c2cc440e4de5",
      "Page": 1
    },
    {
      "BlockType": "WORD",
      "Confidence": 99.80223846435547,
      "Text": "Amazon",
      "TextType": "PRINTED",
      "Geometry": {
        "BoundingBox": {
          "Width": 0.08231968432664871,
          "Height": 0.015414747409522533,
          "Left": 0.28161272406578064,
          "Top": 0.1359262317419052
        },
        "Polygon": [
          {
            "X": 0.2816355526447296,
            "Y": 0.13602569699287415
          },
          {
            "X": 0.36393240094184875,
            "Y": 0.1359262317419052
          },
          {
            "X": 0.3639090061187744,
            "Y": 0.15124376118183136
          },
          {
            "X": 0.28161272406578064,
            "Y": 0.15134097635746002
          }
        ]
      },
      "Id": "1675db35-7db1-4d3c-aaf2-c048af5cfc3e",
      "Page": 1
    },
    {
      "BlockType": "WORD",
      "Confidence": 99.78913879394531,
      "Text": "Bedrock",
      "TextType": "PRINTED",
      "Geometry": {
        "BoundingBox": {
          "Width": 0.08545131981372833,
          "Height": 0.018856337293982506,
          "Left": 0.369597464799881,
          "Top": 0.12740126252174377
        },
        "Polygon": [
          {
            "X": 0.36962613463401794,
            "Y": 0.12750577926635742
          },
          {
            "X": 0.4550487995147705,
            "Y": 0.12740126252174377
          },
          {
            "X": 0.45501944422721863,
            "Y": 0.1461559385061264
          },
          {
            "X": 0.369597464799881,
            "Y": 0.14625760912895203
          }
        ]
      },
      "Id": "12ffdef8-568e-4538-8ff8-80b5fae5bbc3",
      "Page": 1
    },
    {
      "BlockType": "WORD",
      "Confidence": 99.66243743896484,
      "Text": "Guardrails",
      "TextType": "PRINTED",
      "Geometry": {
        "BoundingBox": {
          "Width": 0.11348023265600204,
          "Height": 0.020406126976013184,
          "Left": 0.46025073528289795,
          "Top": 0.12043709307909012
        },
        "Polygon": [
          {
            "X": 0.46028250455856323,
            "Y": 0.12057726830244064
          },
          {
            "X": 0.5737309455871582,
            "Y": 0.12043709307909012
          },
          {
            "X": 0.5736982226371765,
            "Y": 0.1407071202993393
          },
          {
            "X": 0.46025073528289795,
            "Y": 0.1408432275056839
          }
        ]
      },
      "Id": "f1e14dc7-dc0f-4b4e-aba1-eac8775747fc",
      "Page": 1
    },
    {
      "BlockType": "WORD",
      "Confidence": 97.93276977539062,
      "Text": "aws",
      "TextType": "PRINTED",
      "Geometry": {
        "BoundingBox": {
          "Width": 0.04667452722787857,
          "Height": 0.013617957942187786,
          "Left": 0.6470223069190979,
          "Top": 0.12016871571540833
        },
        "Polygon": [
          {
            "X": 0.6470446586608887,
            "Y": 0.12022636830806732
          },
          {
            "X": 0.6936968564987183,
            "Y": 0.12016871571540833
          },
          {
            "X": 0.6936742663383484,
            "Y": 0.13373014330863953
          },
          {
            "X": 0.6470223069190979,
            "Y": 0.13378667831420898
          }
        ]
      },
      "Id": "85aa8779-d1f8-4c54-93d1-7bcfc6d0b4fa",
      "Page": 1
    },
    {
      "BlockType": "WORD",
      "Confidence": 99.34149932861328,
      "Text": "Experience",
      "TextType": "PRINTED",
      "Geometry": {
        "BoundingBox": {
          "Width": 0.04697610065340996,
          "Height": 0.007953216321766376,
          "Left": 0.7208623290061951,
          "Top": 0.12434336543083191
        },
        "Polygon": [
          {
            "X": 0.7208755612373352,
            "Y": 0.1244010478258133
          },
          {
            "X": 0.7678384184837341,
            "Y": 0.12434336543083191
          },
          {
            "X": 0.7678250074386597,
            "Y": 0.13223956525325775
          },
          {
            "X": 0.7208623290061951,
            "Y": 0.1322965770959854
          }
        ]
      },
      "Id": "0bfeae7e-fafc-4368-b662-31f7ab67afb9",
      "Page": 1
    },
    {
      "BlockType": "WORD",
      "Confidence": 99.77753448486328,
      "Text": "2025",
      "TextType": "PRINTED",
      "Geometry": {
        "BoundingBox": {
          "Width": 0.021122626960277557,
          "Height": 0.0061228093691170216,
          "Left": 0.7206258773803711,
          "Top": 0.13383899629116058
        },
        "Polygon": [
          {
            "X": 0.7206360697746277,
            "Y": 0.13386456668376923
          },
          {
            "X": 0.7417485117912292,
            "Y": 0.13383899629116058
          },
          {
            "X": 0.7417382001876831,
            "Y": 0.1399364471435547
          },
          {
            "X": 0.7206258773803711,
            "Y": 0.13996180891990662
          }
        ]
      },
      "Id": "c3d9645a-5e2e-4d18-8f32-d3eb01ddce9a",
      "Page": 1
    },
    {
      "BlockType": "WORD",
      "Confidence": 99.8505859375,
      "Text": "FM",
      "TextType": "PRINTED",
      "Geometry": {
        "BoundingBox": {
          "Width": 0.01651337370276451,
          "Height": 0.007735988590866327,
          "Left": 0.3558996915817261,
          "Top": 0.17882706224918365
        },
        "Polygon": [
          {
            "X": 0.3559114634990692,
            "Y": 0.17884574830532074
          },
          {
            "X": 0.3724130690097809,
            "Y": 0.17882706224918365
          },
          {
            "X": 0.37240126729011536,
            "Y": 0.18654458224773407
          },
          {
            "X": 0.3558996915817261,
            "Y": 0.18656304478645325
          }
        ]
      },
      "Id": "461da402-b6fe-4308-bf30-c821e019450b",
      "Page": 1
    },
    {
      "BlockType": "WORD",
      "Confidence": 99.70356750488281,
      "Text": "inference",
      "TextType": "PRINTED",
      "Geometry": {
        "BoundingBox": {
          "Width": 0.053875282406806946,
          "Height": 0.010128108784556389,
          "Left": 0.3762277066707611,
          "Top": 0.17625510692596436
        },
        "Polygon": [
          {
            "X": 0.37624314427375793,
            "Y": 0.17631635069847107
          },
          {
            "X": 0.43010300397872925,
            "Y": 0.17625510692596436
          },
          {
            "X": 0.4300873577594757,
            "Y": 0.18632294237613678
          },
          {
            "X": 0.3762277066707611,
            "Y": 0.1863832175731659
          }
        ]
      },
      "Id": "763da886-1d44-43aa-9296-1f5e59736f6c",
      "Page": 1
    },
    {
      "BlockType": "WORD",
      "Confidence": 99.83199310302734,
      "Text": "FM",
      "TextType": "PRINTED",
      "Geometry": {
        "BoundingBox": {
          "Width": 0.018442628905177116,
          "Height": 0.008526556193828583,
          "Left": 0.5849668383598328,
          "Top": 0.1747751533985138
        },
        "Polygon": [
          {
            "X": 0.5849806070327759,
            "Y": 0.17479614913463593
          },
          {
            "X": 0.603409469127655,
            "Y": 0.1747751533985138
          },
          {
            "X": 0.6033956408500671,
            "Y": 0.18328098952770233
          },
          {
            "X": 0.5849668383598328,
            "Y": 0.18330170214176178
          }
        ]
      },
      "Id": "2954964a-2055-421e-b762-e693b6f8d974",
      "Page": 1
    },
    {
      "BlockType": "WORD",
      "Confidence": 99.8593978881836,
      "Text": "output",
      "TextType": "PRINTED",
      "Geometry": {
        "BoundingBox": {
          "Width": 0.04440668970346451,
          "Height": 0.010332280769944191,
          "Left": 0.6071847081184387,
          "Top": 0.1735050082206726
        },
        "Polygon": [
          {
            "X": 0.6072014570236206,
            "Y": 0.1735556721687317
          },
          {
            "X": 0.6515913605690002,
            "Y": 0.1735050082206726
          },
          {
            "X": 0.651574432849884,
            "Y": 0.18378743529319763
          },
          {
            "X": 0.6071847081184387,
            "Y": 0.18383729457855225
          }
        ]
      },
      "Id": "64a95276-a41d-473f-9915-6247c9d10d63",
      "Page": 1
    },
    {
      "BlockType": "WORD",
      "Confidence": 56.75098419189453,
      "Text": "i",
      "TextType": "PRINTED",
      "Geometry": {
        "BoundingBox": {
          "Width": 0.019243886694312096,
          "Height": 0.02569015696644783,
          "Left": 0.12894108891487122,
          "Top": 0.19018028676509857
        },
        "Polygon": [
          {
            "X": 0.1289777159690857,
            "Y": 0.19020166993141174
          },
          {
            "X": 0.14818498492240906,
            "Y": 0.19018028676509857
          },
          {
            "X": 0.14814813435077667,
            "Y": 0.21584995090961456
          },
          {
            "X": 0.12894108891487122,
            "Y": 0.2158704549074173
          }
        ]
      },
      "Id": "26be1dc0-62ba-4953-821b-df9d1afdb758",
      "Page": 1
    },
    {
      "BlockType": "WORD",
      "Confidence": 96.890380859375,
      "Text": "Input",
      "TextType": "PRINTED",
      "Geometry": {
        "BoundingBox": {
          "Width": 0.029143407940864563,
          "Height": 0.009830650873482227,
          "Left": 0.19921231269836426,
          "Top": 0.1937660276889801
        },
        "Polygon": [
          {
            "X": 0.19922658801078796,
            "Y": 0.1937982439994812
          },
          {
            "X": 0.22835572063922882,
            "Y": 0.1937660276889801
          },
          {
            "X": 0.22834132611751556,
            "Y": 0.20356495678424835
          },
          {
            "X": 0.19921231269836426,
            "Y": 0.20359666645526886
          }
        ]
      },
      "Id": "b476deaf-7b28-42a1-80c0-a186fc4ca178",
      "Page": 1
    },
    {
      "BlockType": "WORD",
      "Confidence": 99.81273651123047,
      "Text": "do",
      "TextType": "PRINTED",
      "Geometry": {
        "BoundingBox": {
          "Width": 0.01334834098815918,
          "Height": 0.008086069487035275,
          "Left": 0.23100997507572174,
          "Top": 0.1928386241197586
        },
        "Polygon": [
          {
            "X": 0.23102185130119324,
            "Y": 0.1928534060716629
          },
          {
            "X": 0.24435831606388092,
            "Y": 0.1928386241197586
          },
          {
            "X": 0.24434641003608704,
            "Y": 0.20091012120246887
          },
          {
            "X": 0.23100997507572174,
            "Y": 0.20092469453811646
          }
        ]
      },
      "Id": "be14f05d-9ec1-4df9-b1e5-ecd36cba1734",
      "Page": 1
    },
    {
      "BlockType": "WORD",
      "Confidence": 95.54637145996094,
      "Text": "usuário",
      "TextType": "PRINTED",
      "Geometry": {
        "BoundingBox": {
          "Width": 0.040455594658851624,
          "Height": 0.008870339021086693,
          "Left": 0.2476278841495514,
          "Top": 0.19118091464042664
        },
        "Polygon": [
          {
            "X": 0.247640922665596,
            "Y": 0.1912258416414261
          },
          {
            "X": 0.2880834639072418,
            "Y": 0.19118091464042664
          },
          {
            "X": 0.28807029128074646,
            "Y": 0.20000696182250977
          },
          {
            "X": 0.2476278841495514,
            "Y": 0.20005126297473907
          }
        ]
      },
      "Id": "00913c08-cf70-4b03-8a82-1e83bc116d17",
      "Page": 1
    },
    {
      "BlockType": "WORD",
      "Confidence": 93.19890594482422,
      "Text": "d",
      "TextType": "PRINTED",
      "Geometry": {
        "BoundingBox": {
          "Width": 0.006920268759131432,
          "Height": 0.011927607469260693,
          "Left": 0.003148541785776615,
          "Top": 0.2132490873336792
        },
        "Polygon": [
          {
            "X": 0.0031649149022996426,
            "Y": 0.21325649321079254
          },
          {
            "X": 0.010068810544908047,
            "Y": 0.2132490873336792
          },
          {
            "X": 0.010052402503788471,
            "Y": 0.22516943514347076
          },
          {
            "X": 0.003148541785776615,
            "Y": 0.22517669200897217
          }
        ]
      },
      "Id": "9c35ff13-ccdc-4996-ae00-8154b10be77f",
      "Page": 1
    },
    {
      "BlockType": "WORD",
      "Confidence": 95.29308319091797,
      "Text": "rience",
      "TextType": "PRINTED",
      "Geometry": {
        "BoundingBox": {
          "Width": 0.052416857331991196,
          "Height": 0.014756820164620876,
          "Left": 0.003112024161964655,
          "Top": 0.23222887516021729
        },
        "Polygon": [
          {
            "X": 0.0031322187278419733,
            "Y": 0.23228329420089722
          },
          {
            "X": 0.05552888289093971,
            "Y": 0.23222887516021729
          },
          {
            "X": 0.05550835654139519,
            "Y": 0.24693265557289124
          },
          {
            "X": 0.003112024161964655,
            "Y": 0.24698570370674133
          }
        ]
      },
      "Id": "bfca2531-f6d0-4730-a232-e95791430ec8",
      "Page": 1
    },
    {
      "BlockType": "WORD",
      "Confidence": 91.61995697021484,
      "Text": "Políticas",
      "TextType": "PRINTED",
      "Geometry": {
        "BoundingBox": {
          "Width": 0.03808705881237984,
          "Height": 0.007879271171987057,
          "Left": 0.3644033968448639,
          "Top": 0.231399804353714
        },
        "Polygon": [
          {
            "X": 0.36441537737846375,
            "Y": 0.23143938183784485
          },
          {
            "X": 0.4024904668331146,
            "Y": 0.231399804353714
          },
          {
            "X": 0.4024783670902252,
            "Y": 0.23924003541469574
          },
          {
            "X": 0.3644033968448639,
            "Y": 0.23927907645702362
          }
        ]
      },
      "Id": "6182e2f2-da9e-45cd-98f0-e688ea0fcaec",
      "Page": 1
    },
    {
      "BlockType": "WORD",
      "Confidence": 99.85850524902344,
      "Text": "de",
      "TextType": "PRINTED",
      "Geometry": {
        "BoundingBox": {
          "Width": 0.011468296870589256,
          "Height": 0.006908176466822624,
          "Left": 0.4049123227596283,
          "Top": 0.23101583123207092
        },
        "Polygon": [
          {
            "X": 0.4049229919910431,
            "Y": 0.231027752161026
          },
          {
            "X": 0.4163806438446045,
            "Y": 0.23101583123207092
          },
          {
            "X": 0.4163699448108673,
            "Y": 0.23791223764419556
          },
          {
            "X": 0.4049123227596283,
            "Y": 0.2379240095615387
          }
        ]
      },
      "Id": "646c1ef9-a373-4d91-be8d-8f23c3f94469",
      "Page": 1
    },
    {
      "BlockType": "WORD",
      "Confidence": 99.49604034423828,
      "Text": "IA",
      "TextType": "PRINTED",
      "Geometry": {
        "BoundingBox": {
          "Width": 0.009805817157030106,
          "Height": 0.0065780868753790855,
          "Left": 0.4190027415752411,
          "Top": 0.23069249093532562
        },
        "Polygon": [
          {
            "X": 0.4190129041671753,
            "Y": 0.23070268332958221
          },
          {
            "X": 0.4288085401058197,
            "Y": 0.23069249093532562
          },
          {
            "X": 0.4287983477115631,
            "Y": 0.23726049065589905
          },
          {
            "X": 0.4190027415752411,
            "Y": 0.23727057874202728
          }
        ]
      },
      "Id": "482f8fd8-2e1b-490e-b7f1-b59367ecc608",
      "Page": 1
    },
    {
      "BlockType": "WORD",
      "Confidence": 98.245849609375,
      "Text": "responsável",
      "TextType": "PRINTED",
      "Geometry": {
        "BoundingBox": {
          "Width": 0.05503345653414726,
          "Height": 0.00962485745549202,
          "Left": 0.43099963665008545,
          "Top": 0.22818945348262787
        },
        "Polygon": [
          {
            "X": 0.4310145080089569,
            "Y": 0.22824694216251373
          },
          {
            "X": 0.4860330820083618,
            "Y": 0.22818945348262787
          },
          {
            "X": 0.48601797223091125,
            "Y": 0.23775777220726013
          },
          {
            "X": 0.43099963665008545,
            "Y": 0.23781432211399078
          }
        ]
      },
      "Id": "eda4812f-4f02-49ef-8c52-b8a83129738e",
      "Page": 1
    },
    {
      "BlockType": "WORD",
      "Confidence": 93.50547790527344,
      "Text": "a",
      "TextType": "PRINTED",
      "Geometry": {
        "BoundingBox": {
          "Width": 0.05040794238448143,
          "Height": 0.0503624826669693,
          "Left": 0.9403599500656128,
          "Top": 0.20249617099761963
        },
        "Polygon": [
          {
            "X": 0.9404489994049072,
            "Y": 0.2025509923696518
          },
          {
            "X": 0.9907678961753845,
            "Y": 0.20249617099761963
          },
          {
            "X": 0.9906776547431946,
            "Y": 0.2528083324432373
          },
          {
            "X": 0.9403599500656128,
            "Y": 0.2528586685657501
          }
        ]
      },
      "Id": "9bc49522-a85d-46ff-8d8e-2ea8bd025adb",
      "Page": 1
    },
    {
      "BlockType": "WORD",
      "Confidence": 99.3560562133789,
      "Text": "Filtros",
      "TextType": "PRINTED",
      "Geometry": {
        "BoundingBox": {
          "Width": 0.03425702452659607,
          "Height": 0.008032490499317646,
          "Left": 0.2104913890361786,
          "Top": 0.28394946455955505
        },
        "Polygon": [
          {
            "X": 0.21050307154655457,
            "Y": 0.28398188948631287
          },
          {
            "X": 0.24474841356277466,
            "Y": 0.28394946455955505
          },
          {
            "X": 0.24473659694194794,
            "Y": 0.2919500470161438
          },
          {
            "X": 0.2104913890361786,
            "Y": 0.291981965303421
          }
        ]
      },
      "Id": "9dff8b2c-7aa9-4740-9dfb-26bd532651f8",
      "Page": 1
    },
    {
      "BlockType": "WORD",
      "Confidence": 99.9039535522461,
      "Text": "de",
      "TextType": "PRINTED",
      "Geometry": {
        "BoundingBox": {
          "Width": 0.013951479457318783,
          "Height": 0.008161783218383789,
          "Left": 0.24706555902957916,
          "Top": 0.283051073551178
        },
        "Polygon": [
          {
            "X": 0.2470775991678238,
            "Y": 0.2830642759799957
          },
          {
            "X": 0.2610170245170593,
            "Y": 0.283051073551178
          },
          {
            "X": 0.2610049545764923,
            "Y": 0.29119983315467834
          },
          {
            "X": 0.24706555902957916,
            "Y": 0.29121285676956177
          }
        ]
      },
      "Id": "776c7c6e-77e5-4a5d-9b55-e86719963667",
      "Page": 1
    },
    {
      "BlockType": "WORD",
      "Confidence": 93.17124938964844,
      "Text": "conteúdo",
      "TextType": "PRINTED",
      "Geometry": {
        "BoundingBox": {
          "Width": 0.05261729285120964,
          "Height": 0.009163501672446728,
          "Left": 0.2635536789894104,
          "Top": 0.28179216384887695
        },
        "Polygon": [
          {
            "X": 0.263567179441452,
            "Y": 0.2818421423435211
          },
          {
            "X": 0.31617096066474915,
            "Y": 0.28179216384887695
          },
          {
            "X": 0.3161572217941284,
            "Y": 0.29090654850006104
          },
          {
            "X": 0.2635536789894104,
            "Y": 0.29095566272735596
          }
        ]
      },
      "Id": "76caffe2-15fd-4a71-a0be-2e8f237a02cc",
      "Page": 1
    },
    {
      "BlockType": "WORD",
      "Confidence": 95.55631256103516,
      "Text": "Tópicos",
      "TextType": "PRINTED",
      "Geometry": {
        "BoundingBox": {
          "Width": 0.045160386711359024,
          "Height": 0.01127279456704855,
          "Left": 0.36513271927833557,
          "Top": 0.27897948026657104
        },
        "Polygon": [
          {
            "X": 0.3651498556137085,
            "Y": 0.27902257442474365
          },
          {
            "X": 0.4102931022644043,
            "Y": 0.27897948026657104
          },
          {
            "X": 0.41027572751045227,
            "Y": 0.2902100682258606
          },
          {
            "X": 0.36513271927833557,
            "Y": 0.2902522683143616
          }
        ]
      },
      "Id": "5280babf-bfb7-465d-ae41-493cf10cc4b1",
      "Page": 1
    },
    {
      "BlockType": "WORD",
      "Confidence": 99.69595336914062,
      "Text": "negados",
      "TextType": "PRINTED",
      "Geometry": {
        "BoundingBox": {
          "Width": 0.04985526204109192,
          "Height": 0.010917218402028084,
          "Left": 0.4130654036998749,
          "Top": 0.2783571183681488
        },
        "Polygon": [
          {
            "X": 0.41308221220970154,
            "Y": 0.27840477228164673
          },
          {
            "X": 0.4629206657409668,
            "Y": 0.2783571183681488
          },
          {
            "X": 0.46290361881256104,
            "Y": 0.2892276644706726
          },
          {
            "X": 0.4130654036998749,
            "Y": 0.28927433490753174
          }
        ]
      },
      "Id": "16c053b9-8178-45a2-a115-5f0e172aa3ec",
      "Page": 1
    },
    {
      "BlockType": "WORD",
      "Confidence": 99.5655517578125,
      "Text": "Filtro",
      "TextType": "PRINTED",
      "Geometry": {
        "BoundingBox": {
          "Width": 0.03307288885116577,
          "Height": 0.008924816735088825,
          "Left": 0.5156952738761902,
          "Top": 0.2755545973777771
        },
        "Polygon": [
          {
            "X": 0.515709400177002,
            "Y": 0.27558633685112
          },
          {
            "X": 0.548768162727356,
            "Y": 0.2755545973777771
          },
          {
            "X": 0.5487538576126099,
            "Y": 0.28444817662239075
          },
          {
            "X": 0.5156952738761902,
            "Y": 0.28447940945625305
          }
        ]
      },
      "Id": "66e98a00-7d5e-44a9-8529-1ba3cc258cf5",
      "Page": 1
    },
    {
      "BlockType": "WORD",
      "Confidence": 99.8582763671875,
      "Text": "de",
      "TextType": "PRINTED",
      "Geometry": {
        "BoundingBox": {
          "Width": 0.015235825441777706,
          "Height": 0.009019928053021431,
          "Left": 0.552679717540741,
          "Top": 0.27465349435806274
        },
        "Polygon": [
          {
            "X": 0.5526942014694214,
            "Y": 0.2746681571006775
          },
          {
            "X": 0.5679155588150024,
            "Y": 0.27465349435806274
          },
          {
            "X": 0.5679010152816772,
            "Y": 0.28365904092788696
          },
          {
            "X": 0.552679717540741,
            "Y": 0.2836734354496002
          }
        ]
      },
      "Id": "83227405-acf8-4abb-b20a-12ee670898b9",
      "Page": 1
    },
    {
      "BlockType": "WORD",
      "Confidence": 95.64681243896484,
      "Text": "relevância",
      "TextType": "PRINTED",
      "Geometry": {
        "BoundingBox": {
          "Width": 0.06520330905914307,
          "Height": 0.010123695246875286,
          "Left": 0.5717241764068604,
          "Top": 0.27281126379966736
        },
        "Polygon": [
          {
            "X": 0.5717403888702393,
            "Y": 0.27287420630455017
          },
          {
            "X": 0.6369274854660034,
            "Y": 0.27281126379966736
          },
          {
            "X": 0.6369109153747559,
            "Y": 0.2828731834888458
          },
          {
            "X": 0.5717241764068604,
            "Y": 0.2829349637031555
          }
        ]
      },
      "Id": "bf327409-ea32-43d5-bf56-39b14066cb85",
      "Page": 1
    },
    {
      "BlockType": "WORD",
      "Confidence": 99.49622344970703,
      "Text": "Filtros",
      "TextType": "PRINTED",
      "Geometry": {
        "BoundingBox": {
          "Width": 0.03458861634135246,
          "Height": 0.008245643228292465,
          "Left": 0.19923333823680878,
          "Top": 0.3055017590522766
        },
        "Polygon": [
          {
            "X": 0.19924530386924744,
            "Y": 0.30553317070007324
          },
          {
            "X": 0.23382195830345154,
            "Y": 0.3055017590522766
          },
          {
            "X": 0.23380987346172333,
            "Y": 0.31371650099754333
          },
          {
            "X": 0.19923333823680878,
            "Y": 0.3137474060058594
          }
        ]
      },
      "Id": "bf429c8d-18fa-4e3e-9c47-f5f7c5c90de4",
      "Page": 1
    },
    {
      "BlockType": "WORD",
      "Confidence": 99.88898468017578,
      "Text": "de",
      "TextType": "PRINTED",
      "Geometry": {
        "BoundingBox": {
          "Width": 0.013795855455100536,
          "Height": 0.00830851960927248,
          "Left": 0.23618996143341064,
          "Top": 0.3050272464752197
        },
        "Polygon": [
          {
            "X": 0.2362021654844284,
            "Y": 0.30503976345062256
          },
          {
            "X": 0.24998581409454346,
            "Y": 0.3050272464752197
          },
          {
            "X": 0.24997355043888092,
            "Y": 0.313323438167572
          },
          {
            "X": 0.23618996143341064,
            "Y": 0.31333574652671814
          }
        ]
      },
      "Id": "37068c0e-82eb-4c91-a8f8-2facc1c73b98",
      "Page": 1
    },
    {
      "BlockType": "WORD",
      "Confidence": 98.78300476074219,
      "Text": "sensibilidade",
      "TextType": "PRINTED",
      "Geometry": {
        "BoundingBox": {
          "Width": 0.07392075657844543,
          "Height": 0.009490886703133583,
          "Left": 0.2524983584880829,
          "Top": 0.303537517786026
        },
        "Polygon": [
          {
            "X": 0.2525123059749603,
            "Y": 0.3036049008369446
          },
          {
            "X": 0.3264191150665283,
            "Y": 0.303537517786026
          },
          {
            "X": 0.326404869556427,
            "Y": 0.31296229362487793
          },
          {
            "X": 0.2524983584880829,
            "Y": 0.3130284249782562
          }
        ]
      },
      "Id": "3026d460-b7a7-49af-b2e8-e0392baf1099",
      "Page": 1
    },
    {
      "BlockType": "WORD",
      "Confidence": 99.67259216308594,
      "Text": "Filtros",
      "TextType": "PRINTED",
      "Geometry": {
        "BoundingBox": {
          "Width": 0.03698408976197243,
          "Height": 0.008615950122475624,
          "Left": 0.3596450090408325,
          "Top": 0.3022337257862091
        },
        "Polygon": [
          {
            "X": 0.3596580922603607,
            "Y": 0.30226749181747437
          },
          {
            "X": 0.39662909507751465,
            "Y": 0.3022337257862091
          },
          {
            "X": 0.3966158926486969,
            "Y": 0.3108164668083191
          },
          {
            "X": 0.3596450090408325,
            "Y": 0.310849666595459
          }
        ]
      },
      "Id": "65404036-80c6-4963-9955-eecc712f0653",
      "Page": 1
    },
    {
      "BlockType": "WORD",
      "Confidence": 99.8871841430664,
      "Text": "de",
      "TextType": "PRINTED",
      "Geometry": {
        "BoundingBox": {
          "Width": 0.014254172332584858,
          "Height": 0.008695241995155811,
          "Left": 0.39965903759002686,
          "Top": 0.30155709385871887
        },
        "Polygon": [
          {
            "X": 0.39967241883277893,
            "Y": 0.3015701174736023
          },
          {
            "X": 0.41391319036483765,
            "Y": 0.30155709385871887
          },
          {
            "X": 0.4138997495174408,
            "Y": 0.3102395236492157
          },
          {
            "X": 0.39965903759002686,
            "Y": 0.3102523386478424
          }
        ]
      },
      "Id": "babdb50a-6044-475a-982e-fd67d40f4581",
      "Page": 1
    },
    {
      "BlockType": "WORD",
      "Confidence": 99.45144653320312,
      "Text": "palavras",
      "TextType": "PRINTED",
      "Geometry": {
        "BoundingBox": {
          "Width": 0.05034329742193222,
          "Height": 0.010838935151696205,
          "Left": 0.4170944094657898,
          "Top": 0.30083122849464417
        },
        "Polygon": [
          {
            "X": 0.4171111285686493,
            "Y": 0.30087733268737793
          },
          {
            "X": 0.4674377143383026,
            "Y": 0.30083122849464417
          },
          {
            "X": 0.467420756816864,
            "Y": 0.31162500381469727
          },
          {
            "X": 0.4170944094657898,
            "Y": 0.3116701543331146
          }
        ]
      },
      "Id": "4a503ce7-8c67-464c-98bc-4195699b16d8",
      "Page": 1
    },
    {
      "BlockType": "WORD",
      "Confidence": 99.46814727783203,
      "Text": "Filtro",
      "TextType": "PRINTED",
      "Geometry": {
        "BoundingBox": {
          "Width": 0.032579172402620316,
          "Height": 0.009067656472325325,
          "Left": 0.5109003186225891,
          "Top": 0.29873228073120117
        },
        "Polygon": [
          {
            "X": 0.51091468334198,
            "Y": 0.2987622320652008
          },
          {
            "X": 0.5434795022010803,
            "Y": 0.29873228073120117
          },
          {
            "X": 0.5434650182723999,
            "Y": 0.3077705204486847
          },
          {
            "X": 0.5109003186225891,
            "Y": 0.30779993534088135
          }
        ]
      },
      "Id": "edc48968-b064-46bf-b673-e639804bc33a",
      "Page": 1
    },
    {
      "BlockType": "WORD",
      "Confidence": 99.9070816040039,
      "Text": "de",
      "TextType": "PRINTED",
      "Geometry": {
        "BoundingBox": {
          "Width": 0.01593625918030739,
          "Height": 0.009010017849504948,
          "Left": 0.5474227070808411,
          "Top": 0.2982304096221924
        },
        "Polygon": [
          {
            "X": 0.5474371314048767,
            "Y": 0.29824507236480713
          },
          {
            "X": 0.5633589625358582,
            "Y": 0.2982304096221924
          },
          {
            "X": 0.5633444786071777,
            "Y": 0.3072260320186615
          },
          {
            "X": 0.5474227070808411,
            "Y": 0.30724042654037476
          }
        ]
      },
      "Id": "b4c1ea32-041a-4f40-a425-07b492e0c1ce",
      "Page": 1
    },
    {
      "BlockType": "WORD",
      "Confidence": 94.70368194580078,
      "Text": "alucinações",
      "TextType": "PRINTED",
      "Geometry": {
        "BoundingBox": {
          "Width": 0.07376730442047119,
          "Height": 0.01242082193493843,
          "Left": 0.5663263201713562,
          "Top": 0.29634472727775574
        },
        "Polygon": [
          {
            "X": 0.5663462281227112,
            "Y": 0.296412855386734
          },
          {
            "X": 0.6400936245918274,
            "Y": 0.29634472727775574
          },
          {
            "X": 0.640073299407959,
            "Y": 0.3086990416049957
          },
          {
            "X": 0.5663263201713562,
            "Y": 0.30876556038856506
          }
        ]
      },
      "Id": "c1c3016a-8dce-4285-a0db-9cc06d99cacf",
      "Page": 1
    },
    {
      "BlockType": "WORD",
      "Confidence": 98.76934814453125,
      "Text": "Resposta",
      "TextType": "PRINTED",
      "Geometry": {
        "BoundingBox": {
          "Width": 0.05202309787273407,
          "Height": 0.009931078180670738,
          "Left": 0.3757305443286896,
          "Top": 0.35473549365997314
        },
        "Polygon": [
          {
            "X": 0.3757456839084625,
            "Y": 0.3547781705856323
          },
          {
            "X": 0.42775365710258484,
            "Y": 0.35473549365997314
          },
          {
            "X": 0.4277382791042328,
            "Y": 0.3646247982978821
          },
          {
            "X": 0.3757305443286896,
            "Y": 0.36466655135154724
          }
        ]
      },
      "Id": "97470154-91e2-4139-b8d9-adbc10cc3551",
      "Page": 1
    },
    {
      "BlockType": "WORD",
      "Confidence": 99.91973876953125,
      "Text": "Final",
      "TextType": "PRINTED",
      "Geometry": {
        "BoundingBox": {
          "Width": 0.02951645478606224,
          "Height": 0.009167375974357128,
          "Left": 0.4306878447532654,
          "Top": 0.3541676700115204
        },
        "Polygon": [
          {
            "X": 0.4307020604610443,
            "Y": 0.35419192910194397
          },
          {
            "X": 0.4602043032646179,
            "Y": 0.3541676700115204
          },
          {
            "X": 0.46018996834754944,
            "Y": 0.3633112907409668
          },
          {
            "X": 0.4306878447532654,
            "Y": 0.3633350431919098
          }
        ]
      },
      "Id": "d73466f5-03c3-4d4c-b5a2-3b544562de61",
      "Page": 1
    }
  ],
  "DetectDocumentTextModelVersion": "1.0"
}