{
  "DocumentMetadata": {
    "Pages": 1
  },
  "JobStatus": "SUCCEEDED",
  "Blocks": [
    {
      "BlockType": "PAGE",
      "Geometry": {
        "BoundingBox": {
          "Width": 0.7980150580406189,
          "Height": 0.6587249636650085,
          "Left": 0.01778421364724636,
          "Top": 0.0415521040558815
        },
        "Polygon": [
          {
            "X": 0.029799247160553932,
            "Y": 0.08260055631399155
          },
          {
            "X": 0.7985762357711792,
            "Y": 0.0415521040558815
          },
          {
            "X": 0.8157992959022522,
            "Y": 0.6799319386482239
          },
          {
            "X": 0.01778421364724636,
            "Y": 0.7002770900726318
          }
        ]
      },
      "Id": "92272b71-8755-4609-ac15-0ab834f8eb92",
      "Relationships": [
        {
          "Type": "CHILD",
          "Ids": [
            "be4f7b90-19e8-4541-bd2e-71c37de7af75",
            "c24ce48d-9ec9-430f-94aa-21db1971773a",
            "d151bca9-45cd-4a39-b902-27b1d1f888ca",
            "706599ba-1684-4409-9dcd-acdc881d8ae8",
            "acc0368b-ae0d-4586-ac70-e8051e1440d7",
            "e5fe08d0-67ca-45db-afac-8debf6ad3354",
            "5faadc45-9498-4b31-b360-795843a42cb2"
          ]
        }
      ],
      "Page": 1
    },
    {
      "BlockType": "LINE",
      "Confidence": 98.41658782958984,
      "Text": "colaboração entre vários agentes",
      "Geometry": {
        "BoundingBox": {
          "Width": 0.5804929137229919,
          "Height": 0.07033432275056839,
          "Left": 0.10245083272457123,
          "Top": 0.2233348786830902
        },
        "Polygon": [
          {
            "X": 0.10310386121273041,
            "Y": 0.24978598952293396
          },
          {
            "X": 0.68205726146698,
            "Y": 0.2233348786830902
          },
          {
            "X": 0.6829437613487244,
            "Y": 0.26829442381858826
          },
          {
            "X": 0.10245083272457123,
            "Y": 0.2936692237854004
          }
        ]
      },
      "Id": "be4f7b90-19e8-4541-bd2e-71c37de7af75",
      "Relationships": [
        {
          "Type": "CHILD",
          "Ids": [
            "216e70c5-9c88-4f78-91ca-2d9e44a3b35d",
            "414a05d8-1864-4635-8ff4-4788e81b2927",
            "d2539238-02db-4f44-828d-a6b39545c4fe",
            "f81bc46e-8790-4ba1-b645-d47f4a215d40"
          ]
        }
      ],
      "Page": 1
    },
    {
      "BlockType": "LINE",
      "Confidence": 98.96331024169922,
      "Text": "Grandes oportunidades para",
      "Geometry": {
        "BoundingBox": {
          "Width": 0.4559505879878998,
          "Height": 0.05585576221346855,
          "Left": 0.10298648476600647,
          "Top": 0.2113073766231537
        },
        "Polygon": [
          {
            "X": 0.10350275784730911,
            "Y": 0.23245012760162354
          },
          {
            "X": 0.5585005283355713,
            "Y": 0.2113073766231537
          },
          {
            "X": 0.5589370727539062,
            "Y": 0.24668852984905243
          },
          {
            "X": 0.10298648476600647,
            "Y": 0.26716312766075134
          }
        ]
      },
      "Id": "c24ce48d-9ec9-430f-94aa-21db1971773a",
      "Relationships": [
        {
          "Type": "CHILD",
          "Ids": [
            "9cc7f5cf-4ebc-4558-bf3f-33cc1e7d6920",
            "cc2d8620-c163-4c2b-811c-b487c7ca18b7",
            "1fa7f49f-99f1-496f-87f0-f4e3aa35710f"
          ]
        }
      ],
      "Page": 1
    },
    {
      "BlockType": "LINE",
      "Confidence": 99.61229705810547,
      "Text": "1. Unifique a",
      "Geometry": {
        "BoundingBox": {
          "Width": 0.14051367342472076,
          "Height": 0.025631852447986603,
          "Left": 0.1664116233587265,
          "Top": 0.34731629490852356
        },
        "Polygon": [
          {
            "X": 0.166630819439888,
            "Y": 0.35305702686309814
          },
          {
            "X": 0.30692529678344727,
            "Y": 0.34731629490852356
          },
          {
            "X": 0.30687135457992554,
            "Y": 0.3673260807991028
          },
          {
            "X": 0.1664116233587265,
            "Y": 0.37294813990592957
          }
        ]
      },
      "Id": "d151bca9-45cd-4a39-b902-27b1d1f888ca",
      "Relationships": [
        {
          "Type": "CHILD",
          "Ids": [
            "6eafc3c1-92e4-4e2c-914f-414e1bfed9a9",
            "1a95bacc-5919-4b22-a9a6-e303e4860a4c",
            "54841e8e-db8c-4e5b-8320-089296120f0b"
          ]
        }
      ],
      "Page": 1
    },
    {
      "BlockType": "LINE",
      "Confidence": 99.68707275390625,
      "Text": "2. Automatize",
      "Geometry": {
        "BoundingBox": {
          "Width": 0.17842547595500946,
          "Height": 0.02731318771839142,
          "Left": 0.4290253818035126,
          "Top": 0.3278208076953888
        },
        "Polygon": [
          {
            "X": 0.4290253818035126,
            "Y": 0.33516591787338257
          },
          {
            "X": 0.6071462035179138,
            "Y": 0.3278208076953888
          },
          {
            "X": 0.6074508428573608,
            "Y": 0.3479381501674652
          },
          {
            "X": 0.4291163682937622,
            "Y": 0.355133980512619
          }
        ]
      },
      "Id": "706599ba-1684-4409-9dcd-acdc881d8ae8",
      "Relationships": [
        {
          "Type": "CHILD",
          "Ids": [
            "7b401914-1d7f-4fc1-be03-d22379ad2139",
            "b1cd2e6e-5eb0-4dde-8a60-0153cd58721a"
          ]
        }
      ],
      "Page": 1
    },
    {
      "BlockType": "LINE",
      "Confidence": 97.84185028076172,
      "Text": "experiência do",
      "Geometry": {
        "BoundingBox": {
          "Width": 0.16205985844135284,
          "Height": 0.027302931994199753,
          "Left": 0.15395499765872955,
          "Top": 0.3688117563724518
        },
        "Polygon": [
          {
            "X": 0.15419970452785492,
            "Y": 0.37527522444725037
          },
          {
            "X": 0.3160148561000824,
            "Y": 0.3688117563724518
          },
          {
            "X": 0.31596967577934265,
            "Y": 0.3897949159145355
          },
          {
            "X": 0.15395499765872955,
            "Y": 0.396114706993103
          }
        ]
      },
      "Id": "acc0368b-ae0d-4586-ac70-e8051e1440d7",
      "Relationships": [
        {
          "Type": "CHILD",
          "Ids": [
            "36e8ad6b-3b60-4963-9ffd-ada16bc05a7a",
            "86e78b75-1a0f-4854-af29-a5fbb7ffe9ab"
          ]
        }
      ],
      "Page": 1
    },
    {
      "BlockType": "LINE",
      "Confidence": 99.36312103271484,
      "Text": "processos complexos",
      "Geometry": {
        "BoundingBox": {
          "Width": 0.26754143834114075,
          "Height": 0.03482745960354805,
          "Left": 0.38738560676574707,
          "Top": 0.34965601563453674
        },
        "Polygon": [
          {
            "X": 0.38738560676574707,
            "Y": 0.3603912889957428
          },
          {
            "X": 0.6544901132583618,
            "Y": 0.34965601563453674
          },
          {
            "X": 0.6549270153045654,
            "Y": 0.3740192949771881
          },
          {
            "X": 0.3874356746673584,
            "Y": 0.3844834864139557
          }
        ]
      },
      "Id": "e5fe08d0-67ca-45db-afac-8debf6ad3354",
      "Relationships": [
        {
          "Type": "CHILD",
          "Ids": [
            "197fb0da-4e64-4f8b-9394-9bc418ea43cd",
            "d498fc15-b0a8-40a2-9f31-0acab2170240"
          ]
        }
      ],
      "Page": 1
    },
    {
      "BlockType": "LINE",
      "Confidence": 99.59873962402344,
      "Text": "cliente",
      "Geometry": {
        "BoundingBox": {
          "Width": 0.07673100382089615,
          "Height": 0.02054360695183277,
          "Left": 0.19385507702827454,
          "Top": 0.3937393128871918
        },
        "Polygon": [
          {
            "X": 0.19401966035366058,
            "Y": 0.3967185318470001
          },
          {
            "X": 0.2705860733985901,
            "Y": 0.3937393128871918
          },
          {
            "X": 0.2705008089542389,
            "Y": 0.4113609790802002
          },
          {
            "X": 0.19385507702827454,
            "Y": 0.4142829179763794
          }
        ]
      },
      "Id": "5faadc45-9498-4b31-b360-795843a42cb2",
      "Relationships": [
        {
          "Type": "CHILD",
          "Ids": [
            "ea2a13fe-d8a1-40a6-9ffd-eb4fcea8dad8"
          ]
        }
      ],
      "Page": 1
    },
    {
      "BlockType": "WORD",
      "Confidence": 96.27052307128906,
      "Text": "colaboração",
      "TextType": "PRINTED",
      "Geometry": {
        "BoundingBox": {
          "Width": 0.1783759593963623,
          "Height": 0.03567247465252876,
          "Left": 0.10245083272457123,
          "Top": 0.25799673795700073
        },
        "Polygon": [
          {
            "X": 0.10286261141300201,
            "Y": 0.26599764823913574
          },
          {
            "X": 0.28082677721977234,
            "Y": 0.25799673795700073
          },
          {
            "X": 0.28070780634880066,
            "Y": 0.28587716817855835
          },
          {
            "X": 0.10245083272457123,
            "Y": 0.2936692237854004
          }
        ]
      },
      "Id": "216e70c5-9c88-4f78-91ca-2d9e44a3b35d",
      "Page": 1
    },
    {
      "BlockType": "WORD",
      "Confidence": 99.56489562988281,
      "Text": "entre",
      "TextType": "PRINTED",
      "Geometry": {
        "BoundingBox": {
          "Width": 0.09022118151187897,
          "Height": 0.024623900651931763,
          "Left": 0.29738348722457886,
          "Top": 0.24936579167842865
        },
        "Polygon": [
          {
            "X": 0.29745084047317505,
            "Y": 0.25343233346939087
          },
          {
            "X": 0.38756126165390015,
            "Y": 0.24936579167842865
          },
          {
            "X": 0.38760465383529663,
            "Y": 0.2700009346008301
          },
          {
            "X": 0.29738348722457886,
            "Y": 0.2739896774291992
          }
        ]
      },
      "Id": "414a05d8-1864-4635-8ff4-4788e81b2927",
      "Page": 1
    },
    {
      "BlockType": "WORD",
      "Confidence": 98.14958190917969,
      "Text": "vários",
      "TextType": "PRINTED",
      "Geometry": {
        "BoundingBox": {
          "Width": 0.11373677849769592,
          "Height": 0.027851611375808716,
          "Left": 0.40541061758995056,
          "Top": 0.23632025718688965
        },
        "Polygon": [
          {
            "X": 0.40541061758995056,
            "Y": 0.24147851765155792
          },
          {
            "X": 0.5189204216003418,
            "Y": 0.23632025718688965
          },
          {
            "X": 0.5191473960876465,
            "Y": 0.25912120938301086
          },
          {
            "X": 0.40548256039619446,
            "Y": 0.26417186856269836
          }
        ]
      },
      "Id": "d2539238-02db-4f44-828d-a6b39545c4fe",
      "Page": 1
    },
    {
      "BlockType": "WORD",
      "Confidence": 99.68138122558594,
      "Text": "agentes",
      "TextType": "PRINTED",
      "Geometry": {
        "BoundingBox": {
          "Width": 0.1418645679950714,
          "Height": 0.03391064330935478,
          "Left": 0.5407372117042542,
          "Top": 0.2233348786830902
        },
        "Polygon": [
          {
            "X": 0.5407372117042542,
            "Y": 0.22979149222373962
          },
          {
            "X": 0.68205726146698,
            "Y": 0.2233348786830902
          },
          {
            "X": 0.6826017498970032,
            "Y": 0.2509499192237854
          },
          {
            "X": 0.5410463809967041,
            "Y": 0.2572455406188965
          }
        ]
      },
      "Id": "f81bc46e-8790-4ba1-b645-d47f4a215d40",
      "Page": 1
    },
    {
      "BlockType": "WORD",
      "Confidence": 98.7435302734375,
      "Text": "Grandes",
      "TextType": "PRINTED",
      "Geometry": {
        "BoundingBox": {
          "Width": 0.11114943772554398,
          "Height": 0.026557564735412598,
          "Left": 0.10298648476600647,
          "Top": 0.24060557782649994
        },
        "Polygon": [
          {
            "X": 0.10330585390329361,
            "Y": 0.24568955600261688
          },
          {
            "X": 0.21413591504096985,
            "Y": 0.24060557782649994
          },
          {
            "X": 0.2139578014612198,
            "Y": 0.2621799409389496
          },
          {
            "X": 0.10298648476600647,
            "Y": 0.26716312766075134
          }
        ]
      },
      "Id": "9cc7f5cf-4ebc-4558-bf3f-33cc1e7d6920",
      "Page": 1
    },
    {
      "BlockType": "WORD",
      "Confidence": 98.60828399658203,
      "Text": "oportunidades",
      "TextType": "PRINTED",
      "Geometry": {
        "BoundingBox": {
          "Width": 0.2338559925556183,
          "Height": 0.04265137389302254,
          "Left": 0.22864635288715363,
          "Top": 0.21674410998821259
        },
        "Polygon": [
          {
            "X": 0.22888118028640747,
            "Y": 0.22758015990257263
          },
          {
            "X": 0.46229100227355957,
            "Y": 0.21674410998821259
          },
          {
            "X": 0.4625023603439331,
            "Y": 0.248871847987175
          },
          {
            "X": 0.22864635288715363,
            "Y": 0.2593954801559448
          }
        ]
      },
      "Id": "cc2d8620-c163-4c2b-811c-b487c7ca18b7",
      "Page": 1
    },
    {
      "BlockType": "WORD",
      "Confidence": 99.53810119628906,
      "Text": "para",
      "TextType": "PRINTED",
      "Geometry": {
        "BoundingBox": {
          "Width": 0.07682269811630249,
          "Height": 0.02516714669764042,
          "Left": 0.48194530606269836,
          "Top": 0.2113073766231537
        },
        "Polygon": [
          {
            "X": 0.48194530606269836,
            "Y": 0.21486473083496094
          },
          {
            "X": 0.5585005283355713,
            "Y": 0.2113073766231537
          },
          {
            "X": 0.5587680339813232,
            "Y": 0.23298591375350952
          },
          {
            "X": 0.4821128845214844,
            "Y": 0.23647451400756836
          }
        ]
      },
      "Id": "1fa7f49f-99f1-496f-87f0-f4e3aa35710f",
      "Page": 1
    },
    {
      "BlockType": "WORD",
      "Confidence": 99.32549285888672,
      "Text": "1.",
      "TextType": "PRINTED",
      "Geometry": {
        "BoundingBox": {
          "Width": 0.01861744187772274,
          "Height": 0.015389530919492245,
          "Left": 0.16644270718097687,
          "Top": 0.35473766922950745
        },
        "Polygon": [
          {
            "X": 0.16660399734973907,
            "Y": 0.35549086332321167
          },
          {
            "X": 0.18506014347076416,
            "Y": 0.35473766922950745
          },
          {
            "X": 0.18491476774215698,
            "Y": 0.3693854808807373
          },
          {
            "X": 0.16644270718097687,
            "Y": 0.37012720108032227
          }
        ]
      },
      "Id": "6eafc3c1-92e4-4e2c-914f-414e1bfed9a9",
      "Page": 1
    },
    {
      "BlockType": "WORD",
      "Confidence": 99.55843353271484,
      "Text": "Unifique",
      "TextType": "PRINTED",
      "Geometry": {
        "BoundingBox": {
          "Width": 0.09461303800344467,
          "Height": 0.023776862770318985,
          "Left": 0.1924201399087906,
          "Top": 0.3481302559375763
        },
        "Polygon": [
          {
            "X": 0.19260889291763306,
            "Y": 0.35199403762817383
          },
          {
            "X": 0.28703317046165466,
            "Y": 0.3481302559375763
          },
          {
            "X": 0.28695568442344666,
            "Y": 0.36812323331832886
          },
          {
            "X": 0.1924201399087906,
            "Y": 0.371907114982605
          }
        ]
      },
      "Id": "1a95bacc-5919-4b22-a9a6-e303e4860a4c",
      "Page": 1
    },
    {
      "BlockType": "WORD",
      "Confidence": 99.95295715332031,
      "Text": "a",
      "TextType": "PRINTED",
      "Geometry": {
        "BoundingBox": {
          "Width": 0.0135879535228014,
          "Height": 0.012935026548802853,
          "Left": 0.2933291792869568,
          "Top": 0.3503483533859253
        },
        "Polygon": [
          {
            "X": 0.2933724820613861,
            "Y": 0.3509007692337036
          },
          {
            "X": 0.30691713094711304,
            "Y": 0.3503483533859253
          },
          {
            "X": 0.30688372254371643,
            "Y": 0.36273807287216187
          },
          {
            "X": 0.2933291792869568,
            "Y": 0.3632833957672119
          }
        ]
      },
      "Id": "54841e8e-db8c-4e5b-8320-089296120f0b",
      "Page": 1
    },
    {
      "BlockType": "WORD",
      "Confidence": 99.82389831542969,
      "Text": "2.",
      "TextType": "PRINTED",
      "Geometry": {
        "BoundingBox": {
          "Width": 0.022772634401917458,
          "Height": 0.016634121537208557,
          "Left": 0.42904481291770935,
          "Top": 0.33849987387657166
        },
        "Polygon": [
          {
            "X": 0.42904481291770935,
            "Y": 0.3394308090209961
          },
          {
            "X": 0.45172467827796936,
            "Y": 0.33849987387657166
          },
          {
            "X": 0.45181745290756226,
            "Y": 0.3542180061340332
          },
          {
            "X": 0.4291163682937622,
            "Y": 0.355133980512619
          }
        ]
      },
      "Id": "7b401914-1d7f-4fc1-be03-d22379ad2139",
      "Page": 1
    },
    {
      "BlockType": "WORD",
      "Confidence": 99.55026245117188,
      "Text": "Automatize",
      "TextType": "PRINTED",
      "Geometry": {
        "BoundingBox": {
          "Width": 0.14945991337299347,
          "Height": 0.0256821122020483,
          "Left": 0.45798391103744507,
          "Top": 0.3278208076953888
        },
        "Polygon": [
          {
            "X": 0.45798391103744507,
            "Y": 0.33397176861763
          },
          {
            "X": 0.6071462035179138,
            "Y": 0.3278208076953888
          },
          {
            "X": 0.6074438095092773,
            "Y": 0.347474068403244
          },
          {
            "X": 0.45810651779174805,
            "Y": 0.35350292921066284
          }
        ]
      },
      "Id": "b1cd2e6e-5eb0-4dde-8a60-0153cd58721a",
      "Page": 1
    },
    {
      "BlockType": "WORD",
      "Confidence": 95.81169891357422,
      "Text": "experiência",
      "TextType": "PRINTED",
      "Geometry": {
        "BoundingBox": {
          "Width": 0.1255965679883957,
          "Height": 0.025439538061618805,
          "Left": 0.15395499765872955,
          "Top": 0.37067514657974243
        },
        "Polygon": [
          {
            "X": 0.15419495105743408,
            "Y": 0.3756800591945648
          },
          {
            "X": 0.27955156564712524,
            "Y": 0.37067514657974243
          },
          {
            "X": 0.27946293354034424,
            "Y": 0.39121896028518677
          },
          {
            "X": 0.15395499765872955,
            "Y": 0.396114706993103
          }
        ]
      },
      "Id": "36e8ad6b-3b60-4963-9ffd-ada16bc05a7a",
      "Page": 1
    },
    {
      "BlockType": "WORD",
      "Confidence": 99.87200164794922,
      "Text": "do",
      "TextType": "PRINTED",
      "Geometry": {
        "BoundingBox": {
          "Width": 0.029813535511493683,
          "Height": 0.017989670857787132,
          "Left": 0.2862013280391693,
          "Top": 0.3688117563724518
        },
        "Polygon": [
          {
            "X": 0.28626713156700134,
            "Y": 0.3700000047683716
          },
          {
            "X": 0.3160148561000824,
            "Y": 0.3688117563724518
          },
          {
            "X": 0.31597864627838135,
            "Y": 0.3856343626976013
          },
          {
            "X": 0.2862013280391693,
            "Y": 0.38680142164230347
          }
        ]
      },
      "Id": "86e78b75-1a0f-4854-af29-a5fbb7ffe9ab",
      "Page": 1
    },
    {
      "BlockType": "WORD",
      "Confidence": 99.15011596679688,
      "Text": "processos",
      "TextType": "PRINTED",
      "Geometry": {
        "BoundingBox": {
          "Width": 0.11898017674684525,
          "Height": 0.022188792005181313,
          "Left": 0.3873994052410126,
          "Top": 0.3622947037220001
        },
        "Polygon": [
          {
            "X": 0.3873994052410126,
            "Y": 0.3670351207256317
          },
          {
            "X": 0.5062195658683777,
            "Y": 0.3622947037220001
          },
          {
            "X": 0.5063796043395996,
            "Y": 0.3798304498195648
          },
          {
            "X": 0.3874356746673584,
            "Y": 0.3844834864139557
          }
        ]
      },
      "Id": "197fb0da-4e64-4f8b-9394-9bc418ea43cd",
      "Page": 1
    },
    {
      "BlockType": "WORD",
      "Confidence": 99.57612609863281,
      "Text": "complexos",
      "TextType": "PRINTED",
      "Geometry": {
        "BoundingBox": {
          "Width": 0.1418820470571518,
          "Height": 0.027898140251636505,
          "Left": 0.5130087733268738,
          "Top": 0.34965601563453674
        },
        "Polygon": [
          {
            "X": 0.5130087733268738,
            "Y": 0.3553423285484314
          },
          {
            "X": 0.6544901132583618,
            "Y": 0.34965601563453674
          },
          {
            "X": 0.6548908352851868,
            "Y": 0.37199947237968445
          },
          {
            "X": 0.5132205486297607,
            "Y": 0.37755417823791504
          }
        ]
      },
      "Id": "d498fc15-b0a8-40a2-9f31-0acab2170240",
      "Page": 1
    },
    {
      "BlockType": "WORD",
      "Confidence": 99.59873962402344,
      "Text": "cliente",
      "TextType": "PRINTED",
      "Geometry": {
        "BoundingBox": {
          "Width": 0.07673100382089615,
          "Height": 0.02054360695183277,
          "Left": 0.19385507702827454,
          "Top": 0.3937393128871918
        },
        "Polygon": [
          {
            "X": 0.19401966035366058,
            "Y": 0.3967185318470001
          },
          {
            "X": 0.2705860733985901,
            "Y": 0.3937393128871918
          },
          {
            "X": 0.2705008089542389,
            "Y": 0.4113609790802002
          },
          {
            "X": 0.19385507702827454,
            "Y": 0.4142829179763794
          }
        ]
      },
      "Id": "ea2a13fe-d8a1-40a6-9ffd-eb4fcea8dad8",
      "Page": 1
    }
  ],
  "DetectDocumentTextModelVersion": "1.0"
}