{
  "DocumentMetadata": {
    "Pages": 1
  },
  "JobStatus": "SUCCEEDED",
  "Blocks": [
    {
      "BlockType": "PAGE",
      "Geometry": {
        "BoundingBox": {
          "Width": 1,
          "Height": 0.9196624159812927,
          "Left": 0,
          "Top": 0.0024532750248908997
        },
        "Polygon": [
          {
            "X": 0,
            "Y": 0.05643830820918083
          },
          {
            "X": 0.9926636219024658,
            "Y": 0.0024532750248908997
          },
          {
            "X": 1,
            "Y": 0.9108895063400269
          },
          {
            "X": 0.00032419271883554757,
            "Y": 0.922115683555603
          }
        ]
      },
      "Id": "942d4fe6-9c49-48fd-83ed-fd1c17a07d1c",
      "Relationships": [
        {
          "Type": "CHILD",
          "Ids": [
            "84781c92-bec3-4d34-975e-f8336f55ad53",
            "d0286430-f0d2-4641-a2f7-7e39e070ccfc",
            "54784db1-c8fc-481f-bf4c-b208c7f89d05",
            "cc413201-ec12-45f6-8048-31549892f848",
            "e0705146-602c-4b06-866b-5d534129f49b",
            "d12b68f9-f523-4298-8ea0-0a5b40d0ddff",
            "6cf79ffc-b3b5-4811-aeb8-7451a6b67456",
            "09b32a2b-754d-4ce4-9bf2-355d6f325ec4",
            "87b02208-a17e-4c9f-b3a5-1e83122fd38f",
            "0745bf83-6337-4fda-81ee-b7f8ed945f05",
            "def90f2b-330e-4297-abc3-861ba6b5c940",
            "559b239c-698d-41ce-8033-12c662500d90",
            "4fa55f72-53d6-4fd3-af81-840231db0817",
            "28d76e84-db7d-4cae-825a-41c4a87d0ff2"
          ]
        }
      ],
      "Page": 1
    },
    {
      "BlockType": "LINE",
      "Confidence": 93.01306915283203,
      "Text": "Cloud",
      "Geometry": {
        "BoundingBox": {
          "Width": 0.022916439920663834,
          "Height": 0.007871290668845177,
          "Left": 0.34358683228492737,
          "Top": 0.3352016806602478
        },
        "Polygon": [
          {
            "X": 0.34358683228492737,
            "Y": 0.33610567450523376
          },
          {
            "X": 0.36644649505615234,
            "Y": 0.3352016806602478
          },
          {
            "X": 0.3665032684803009,
            "Y": 0.3421767055988312
          },
          {
            "X": 0.3436429500579834,
            "Y": 0.3430729806423187
          }
        ]
      },
      "Id": "84781c92-bec3-4d34-975e-f8336f55ad53",
      "Relationships": [
        {
          "Type": "CHILD",
          "Ids": [
            "b4e3e358-d845-4388-9668-67af93bcc7d5"
          ]
        }
      ],
      "Page": 1
    },
    {
      "BlockType": "LINE",
      "Confidence": 81.06366729736328,
      "Text": "LEVEL LEVEL CF UP",
      "Geometry": {
        "BoundingBox": {
          "Width": 0.06928957253694534,
          "Height": 0.02848435938358307,
          "Left": 0.4789394438266754,
          "Top": 0.31389936804771423
        },
        "Polygon": [
          {
            "X": 0.4789394438266754,
            "Y": 0.3166775703430176
          },
          {
            "X": 0.5480027794837952,
            "Y": 0.31389936804771423
          },
          {
            "X": 0.5482290387153625,
            "Y": 0.339691162109375
          },
          {
            "X": 0.47915875911712646,
            "Y": 0.3423837423324585
          }
        ]
      },
      "Id": "d0286430-f0d2-4641-a2f7-7e39e070ccfc",
      "Relationships": [
        {
          "Type": "CHILD",
          "Ids": [
            "62d87a67-40d2-4580-8995-9c44bd95ad50",
            "16c8e1ba-d3da-405f-895f-13cc68b8983a",
            "74cd1a24-7fdd-431d-83c3-1a0e222ca12a",
            "b1a6b1df-10ce-488a-bc54-edb894b6e346"
          ]
        }
      ],
      "Page": 1
    },
    {
      "BlockType": "LINE",
      "Confidence": 97.35887145996094,
      "Text": "aws",
      "Geometry": {
        "BoundingBox": {
          "Width": 0.04239786043763161,
          "Height": 0.016452191397547722,
          "Left": 0.27691665291786194,
          "Top": 0.34162214398384094
        },
        "Polygon": [
          {
            "X": 0.27691665291786194,
            "Y": 0.3432847559452057
          },
          {
            "X": 0.3191963732242584,
            "Y": 0.34162214398384094
          },
          {
            "X": 0.31931450963020325,
            "Y": 0.3564421832561493
          },
          {
            "X": 0.27703237533569336,
            "Y": 0.3580743372440338
          }
        ]
      },
      "Id": "54784db1-c8fc-481f-bf4c-b208c7f89d05",
      "Relationships": [
        {
          "Type": "CHILD",
          "Ids": [
            "3d038211-9f79-43ba-8358-a7c9009d9564"
          ]
        }
      ],
      "Page": 1
    },
    {
      "BlockType": "LINE",
      "Confidence": 99.5259017944336,
      "Text": "Experience",
      "Geometry": {
        "BoundingBox": {
          "Width": 0.04333188384771347,
          "Height": 0.010636331513524055,
          "Left": 0.3425254821777344,
          "Top": 0.3416801989078522
        },
        "Polygon": [
          {
            "X": 0.3425254821777344,
            "Y": 0.34337568283081055
          },
          {
            "X": 0.385783851146698,
            "Y": 0.3416801989078522
          },
          {
            "X": 0.38585737347602844,
            "Y": 0.35063984990119934
          },
          {
            "X": 0.34259748458862305,
            "Y": 0.3523165285587311
          }
        ]
      },
      "Id": "cc413201-ec12-45f6-8048-31549892f848",
      "Relationships": [
        {
          "Type": "CHILD",
          "Ids": [
            "86298abc-ca74-40ce-850d-c2066dadf860"
          ]
        }
      ],
      "Page": 1
    },
    {
      "BlockType": "LINE",
      "Confidence": 99.86243438720703,
      "Text": "2025",
      "Geometry": {
        "BoundingBox": {
          "Width": 0.019724376499652863,
          "Height": 0.007765510119497776,
          "Left": 0.34152859449386597,
          "Top": 0.3522596061229706
        },
        "Polygon": [
          {
            "X": 0.34152859449386597,
            "Y": 0.3530212342739105
          },
          {
            "X": 0.3611960709095001,
            "Y": 0.3522596061229706
          },
          {
            "X": 0.3612529933452606,
            "Y": 0.3592701554298401
          },
          {
            "X": 0.3415849804878235,
            "Y": 0.3600251078605652
          }
        ]
      },
      "Id": "e0705146-602c-4b06-866b-5d534129f49b",
      "Relationships": [
        {
          "Type": "CHILD",
          "Ids": [
            "ac511012-5c36-4a9e-91ee-f8ca023988ab"
          ]
        }
      ],
      "Page": 1
    },
    {
      "BlockType": "LINE",
      "Confidence": 99.06898498535156,
      "Text": "Cloud",
      "Geometry": {
        "BoundingBox": {
          "Width": 0.04477033391594887,
          "Height": 0.016513226553797722,
          "Left": 0.12374460697174072,
          "Top": 0.4036678373813629
        },
        "Polygon": [
          {
            "X": 0.12374460697174072,
            "Y": 0.40530097484588623
          },
          {
            "X": 0.16840395331382751,
            "Y": 0.4036678373813629
          },
          {
            "X": 0.1685149371623993,
            "Y": 0.4185805320739746
          },
          {
            "X": 0.12385302782058716,
            "Y": 0.4201810657978058
          }
        ]
      },
      "Id": "d12b68f9-f523-4298-8ea0-0a5b40d0ddff",
      "Relationships": [
        {
          "Type": "CHILD",
          "Ids": [
            "18db4c2d-472f-4b73-8afb-b68fb7d13f83"
          ]
        }
      ],
      "Page": 1
    },
    {
      "BlockType": "LINE",
      "Confidence": 97.97674560546875,
      "Text": "aws",
      "Geometry": {
        "BoundingBox": {
          "Width": 0.0781857892870903,
          "Height": 0.031915780156850815,
          "Left": 0,
          "Top": 0.4144623279571533
        },
        "Polygon": [
          {
            "X": 0,
            "Y": 0.4172901213169098
          },
          {
            "X": 0.0779777243733406,
            "Y": 0.4144623279571533
          },
          {
            "X": 0.0781857892870903,
            "Y": 0.44366252422332764
          },
          {
            "X": 0.00006019497232045978,
            "Y": 0.44637811183929443
          }
        ]
      },
      "Id": "6cf79ffc-b3b5-4811-aeb8-7451a6b67456",
      "Relationships": [
        {
          "Type": "CHILD",
          "Ids": [
            "56660645-6b72-476c-a9fe-198905f14855"
          ]
        }
      ],
      "Page": 1
    },
    {
      "BlockType": "LINE",
      "Confidence": 99.6517105102539,
      "Text": "Experience",
      "Geometry": {
        "BoundingBox": {
          "Width": 0.08426915854215622,
          "Height": 0.020237194374203682,
          "Left": 0.12019584327936172,
          "Top": 0.41965174674987793
        },
        "Polygon": [
          {
            "X": 0.12019584327936172,
            "Y": 0.4226572513580322
          },
          {
            "X": 0.2043340653181076,
            "Y": 0.41965174674987793
          },
          {
            "X": 0.20446500182151794,
            "Y": 0.4369546175003052
          },
          {
            "X": 0.12032116949558258,
            "Y": 0.43988895416259766
          }
        ]
      },
      "Id": "09b32a2b-754d-4ce4-9bf2-355d6f325ec4",
      "Relationships": [
        {
          "Type": "CHILD",
          "Ids": [
            "d2749761-6c52-496c-83bc-cabe79c9abf9"
          ]
        }
      ],
      "Page": 1
    },
    {
      "BlockType": "LINE",
      "Confidence": 98.1329116821289,
      "Text": "Arquitetando fundação de dados",
      "Geometry": {
        "BoundingBox": {
          "Width": 0.3403216004371643,
          "Height": 0.048693619668483734,
          "Left": 0.2613220810890198,
          "Top": 0.3806096315383911
        },
        "Polygon": [
          {
            "X": 0.2613220810890198,
            "Y": 0.393160879611969
          },
          {
            "X": 0.6013145446777344,
            "Y": 0.3806096315383911
          },
          {
            "X": 0.6016436815261841,
            "Y": 0.41735100746154785
          },
          {
            "X": 0.26160281896591187,
            "Y": 0.42930322885513306
          }
        ]
      },
      "Id": "87b02208-a17e-4c9f-b3a5-1e83122fd38f",
      "Relationships": [
        {
          "Type": "CHILD",
          "Ids": [
            "451cd47c-ae5a-419a-8960-4b5f232f379e",
            "d66ab002-8ff9-4dc5-bec3-fd08dfb0c8dd",
            "f237c4ef-2383-42c6-ad71-98e97d1e1709",
            "1c86d3e3-2537-46a0-8174-93d8cade273e"
          ]
        }
      ],
      "Page": 1
    },
    {
      "BlockType": "LINE",
      "Confidence": 99.78445434570312,
      "Text": "2025",
      "Geometry": {
        "BoundingBox": {
          "Width": 0.037330057471990585,
          "Height": 0.01364337932318449,
          "Left": 0.11711680889129639,
          "Top": 0.44213420152664185
        },
        "Polygon": [
          {
            "X": 0.11711680889129639,
            "Y": 0.44342654943466187
          },
          {
            "X": 0.15435539186000824,
            "Y": 0.44213420152664185
          },
          {
            "X": 0.15444687008857727,
            "Y": 0.45450785756111145
          },
          {
            "X": 0.11720649898052216,
            "Y": 0.4557775855064392
          }
        ]
      },
      "Id": "0745bf83-6337-4fda-81ee-b7f8ed945f05",
      "Relationships": [
        {
          "Type": "CHILD",
          "Ids": [
            "9ed679b2-08d8-4bdb-aa28-3a81efb9cced"
          ]
        }
      ],
      "Page": 1
    },
    {
      "BlockType": "LINE",
      "Confidence": 99.35675048828125,
      "Text": "que potencializam IA Generativa",
      "Geometry": {
        "BoundingBox": {
          "Width": 0.3366360068321228,
          "Height": 0.045748401433229446,
          "Left": 0.26104217767715454,
          "Top": 0.40304023027420044
        },
        "Polygon": [
          {
            "X": 0.26104217767715454,
            "Y": 0.41509589552879333
          },
          {
            "X": 0.5973719358444214,
            "Y": 0.40304023027420044
          },
          {
            "X": 0.5976781845092773,
            "Y": 0.437285453081131
          },
          {
            "X": 0.2613038420677185,
            "Y": 0.4487886428833008
          }
        ]
      },
      "Id": "def90f2b-330e-4297-abc3-861ba6b5c940",
      "Relationships": [
        {
          "Type": "CHILD",
          "Ids": [
            "ca3c44e2-c0ac-4578-a153-aadf5b62d95f",
            "b05f6d8f-ddd7-4b3e-a3d8-5a2c18a974ba",
            "f0517199-7141-47b0-9f3a-f2a2723b6121",
            "0e485006-f066-4cea-969e-bcb80df2302d"
          ]
        }
      ],
      "Page": 1
    },
    {
      "BlockType": "LINE",
      "Confidence": 99.67881774902344,
      "Text": "Lucas Rehem de Azevedo",
      "Geometry": {
        "BoundingBox": {
          "Width": 0.11757220327854156,
          "Height": 0.014694706536829472,
          "Left": 0.2569187879562378,
          "Top": 0.47145020961761475
        },
        "Polygon": [
          {
            "X": 0.2569187879562378,
            "Y": 0.4753163456916809
          },
          {
            "X": 0.37440210580825806,
            "Y": 0.47145020961761475
          },
          {
            "X": 0.37449097633361816,
            "Y": 0.48234081268310547
          },
          {
            "X": 0.25700271129608154,
            "Y": 0.48614493012428284
          }
        ]
      },
      "Id": "559b239c-698d-41ce-8033-12c662500d90",
      "Relationships": [
        {
          "Type": "CHILD",
          "Ids": [
            "1d149291-7f3a-4c43-9084-a4f7b25b05c0",
            "a81ab966-f892-461f-b5af-80947a7e98ee",
            "18a3cd91-bbc0-4978-83f1-8acd4e44f23c",
            "122ad461-778d-4f51-9767-6eb64fe8c089"
          ]
        }
      ],
      "Page": 1
    },
    {
      "BlockType": "LINE",
      "Confidence": 93.41693878173828,
      "Text": "Arquiteto de Soluções Enterprise",
      "Geometry": {
        "BoundingBox": {
          "Width": 0.09755545854568481,
          "Height": 0.011493423022329807,
          "Left": 0.25483018159866333,
          "Top": 0.4874817132949829
        },
        "Polygon": [
          {
            "X": 0.25483018159866333,
            "Y": 0.4906172454357147
          },
          {
            "X": 0.352317750453949,
            "Y": 0.4874817132949829
          },
          {
            "X": 0.35238564014434814,
            "Y": 0.4958793520927429
          },
          {
            "X": 0.254894882440567,
            "Y": 0.49897512793540955
          }
        ]
      },
      "Id": "4fa55f72-53d6-4fd3-af81-840231db0817",
      "Relationships": [
        {
          "Type": "CHILD",
          "Ids": [
            "edf97abc-e319-4a30-a1bf-59fb135b305f",
            "cea5dc27-4f69-46ad-aff1-394237dd6884",
            "caed29f7-6f19-46e0-82d6-4e34a8aafd26",
            "d705c80c-0414-4ee1-89f1-c7ae36b2a200"
          ]
        }
      ],
      "Page": 1
    },
    {
      "BlockType": "LINE",
      "Confidence": 99.6141586303711,
      "Text": "Amazon Web Services",
      "Geometry": {
        "BoundingBox": {
          "Width": 0.06512811779975891,
          "Height": 0.008403168059885502,
          "Left": 0.2533515691757202,
          "Top": 0.5011540651321411
        },
        "Polygon": [
          {
            "X": 0.2533515691757202,
            "Y": 0.503207266330719
          },
          {
            "X": 0.3184289336204529,
            "Y": 0.5011540651321411
          },
          {
            "X": 0.3184796869754791,
            "Y": 0.5075241923332214
          },
          {
            "X": 0.25340068340301514,
            "Y": 0.5095572471618652
          }
        ]
      },
      "Id": "28d76e84-db7d-4cae-825a-41c4a87d0ff2",
      "Relationships": [
        {
          "Type": "CHILD",
          "Ids": [
            "3aca495a-1669-4bab-a400-4912ad83ff6b",
            "a39dd747-1b99-4251-be91-2aafb8d06ff3",
            "f87bbe56-9b56-4ec3-a7b7-7107098f3176"
          ]
        }
      ],
      "Page": 1
    },
    {
      "BlockType": "WORD",
      "Confidence": 93.01306915283203,
      "Text": "Cloud",
      "TextType": "PRINTED",
      "Geometry": {
        "BoundingBox": {
          "Width": 0.022916439920663834,
          "Height": 0.007871290668845177,
          "Left": 0.34358683228492737,
          "Top": 0.3352016806602478
        },
        "Polygon": [
          {
            "X": 0.34358683228492737,
            "Y": 0.33610567450523376
          },
          {
            "X": 0.36644649505615234,
            "Y": 0.3352016806602478
          },
          {
            "X": 0.3665032684803009,
            "Y": 0.3421767055988312
          },
          {
            "X": 0.3436429500579834,
            "Y": 0.3430729806423187
          }
        ]
      },
      "Id": "b4e3e358-d845-4388-9668-67af93bcc7d5",
      "Page": 1
    },
    {
      "BlockType": "WORD",
      "Confidence": 69.94049835205078,
      "Text": "LEVEL",
      "TextType": "PRINTED",
      "Geometry": {
        "BoundingBox": {
          "Width": 0.043731942772865295,
          "Height": 0.020312361419200897,
          "Left": 0.4790003001689911,
          "Top": 0.322071373462677
        },
        "Polygon": [
          {
            "X": 0.4790003001689911,
            "Y": 0.32380902767181396
          },
          {
            "X": 0.5225706100463867,
            "Y": 0.322071373462677
          },
          {
            "X": 0.5227322578430176,
            "Y": 0.3406851291656494
          },
          {
            "X": 0.47915875911712646,
            "Y": 0.3423837423324585
          }
        ]
      },
      "Id": "62d87a67-40d2-4580-8995-9c44bd95ad50",
      "Page": 1
    },
    {
      "BlockType": "WORD",
      "Confidence": 96.14692687988281,
      "Text": "LEVEL",
      "TextType": "PRINTED",
      "Geometry": {
        "BoundingBox": {
          "Width": 0.04225644841790199,
          "Height": 0.01591755449771881,
          "Left": 0.4798511266708374,
          "Top": 0.3172387480735779
        },
        "Polygon": [
          {
            "X": 0.4798511266708374,
            "Y": 0.31892895698547363
          },
          {
            "X": 0.521983802318573,
            "Y": 0.3172387480735779
          },
          {
            "X": 0.5221076011657715,
            "Y": 0.3314950168132782
          },
          {
            "X": 0.47997257113456726,
            "Y": 0.3331563174724579
          }
        ]
      },
      "Id": "16c8e1ba-d3da-405f-895f-13cc68b8983a",
      "Page": 1
    },
    {
      "BlockType": "WORD",
      "Confidence": 58.36038589477539,
      "Text": "CF",
      "TextType": "PRINTED",
      "Geometry": {
        "BoundingBox": {
          "Width": 0.018316054716706276,
          "Height": 0.015896931290626526,
          "Left": 0.5290629267692566,
          "Top": 0.3187744617462158
        },
        "Polygon": [
          {
            "X": 0.5290629267692566,
            "Y": 0.319501668214798
          },
          {
            "X": 0.5472458600997925,
            "Y": 0.3187744617462158
          },
          {
            "X": 0.5473790168762207,
            "Y": 0.3339574635028839
          },
          {
            "X": 0.5291950106620789,
            "Y": 0.33467140793800354
          }
        ]
      },
      "Id": "74cd1a24-7fdd-431d-83c3-1a0e222ca12a",
      "Page": 1
    },
    {
      "BlockType": "WORD",
      "Confidence": 99.80687713623047,
      "Text": "UP",
      "TextType": "PRINTED",
      "Geometry": {
        "BoundingBox": {
          "Width": 0.018565591424703598,
          "Height": 0.01026291772723198,
          "Left": 0.5295207500457764,
          "Top": 0.31389936804771423
        },
        "Polygon": [
          {
            "X": 0.5295207500457764,
            "Y": 0.31464284658432007
          },
          {
            "X": 0.5480027794837952,
            "Y": 0.31389936804771423
          },
          {
            "X": 0.5480863451957703,
            "Y": 0.32342728972435
          },
          {
            "X": 0.5296036601066589,
            "Y": 0.3241623044013977
          }
        ]
      },
      "Id": "b1a6b1df-10ce-488a-bc54-edb894b6e346",
      "Page": 1
    },
    {
      "BlockType": "WORD",
      "Confidence": 97.35887145996094,
      "Text": "aws",
      "TextType": "PRINTED",
      "Geometry": {
        "BoundingBox": {
          "Width": 0.04239786043763161,
          "Height": 0.016452191397547722,
          "Left": 0.27691665291786194,
          "Top": 0.34162214398384094
        },
        "Polygon": [
          {
            "X": 0.27691665291786194,
            "Y": 0.3432847559452057
          },
          {
            "X": 0.3191963732242584,
            "Y": 0.34162214398384094
          },
          {
            "X": 0.31931450963020325,
            "Y": 0.3564421832561493
          },
          {
            "X": 0.27703237533569336,
            "Y": 0.3580743372440338
          }
        ]
      },
      "Id": "3d038211-9f79-43ba-8358-a7c9009d9564",
      "Page": 1
    },
    {
      "BlockType": "WORD",
      "Confidence": 99.5259017944336,
      "Text": "Experience",
      "TextType": "PRINTED",
      "Geometry": {
        "BoundingBox": {
          "Width": 0.04333188384771347,
          "Height": 0.010636331513524055,
          "Left": 0.3425254821777344,
          "Top": 0.3416801989078522
        },
        "Polygon": [
          {
            "X": 0.3425254821777344,
            "Y": 0.34337568283081055
          },
          {
            "X": 0.385783851146698,
            "Y": 0.3416801989078522
          },
          {
            "X": 0.38585737347602844,
            "Y": 0.35063984990119934
          },
          {
            "X": 0.34259748458862305,
            "Y": 0.3523165285587311
          }
        ]
      },
      "Id": "86298abc-ca74-40ce-850d-c2066dadf860",
      "Page": 1
    },
    {
      "BlockType": "WORD",
      "Confidence": 99.86243438720703,
      "Text": "2025",
      "TextType": "PRINTED",
      "Geometry": {
        "BoundingBox": {
          "Width": 0.019724376499652863,
          "Height": 0.007765510119497776,
          "Left": 0.34152859449386597,
          "Top": 0.3522596061229706
        },
        "Polygon": [
          {
            "X": 0.34152859449386597,
            "Y": 0.3530212342739105
          },
          {
            "X": 0.3611960709095001,
            "Y": 0.3522596061229706
          },
          {
            "X": 0.3612529933452606,
            "Y": 0.3592701554298401
          },
          {
            "X": 0.3415849804878235,
            "Y": 0.3600251078605652
          }
        ]
      },
      "Id": "ac511012-5c36-4a9e-91ee-f8ca023988ab",
      "Page": 1
    },
    {
      "BlockType": "WORD",
      "Confidence": 99.06898498535156,
      "Text": "Cloud",
      "TextType": "PRINTED",
      "Geometry": {
        "BoundingBox": {
          "Width": 0.04477033391594887,
          "Height": 0.016513226553797722,
          "Left": 0.12374460697174072,
          "Top": 0.4036678373813629
        },
        "Polygon": [
          {
            "X": 0.12374460697174072,
            "Y": 0.40530097484588623
          },
          {
            "X": 0.16840395331382751,
            "Y": 0.4036678373813629
          },
          {
            "X": 0.1685149371623993,
            "Y": 0.4185805320739746
          },
          {
            "X": 0.12385302782058716,
            "Y": 0.4201810657978058
          }
        ]
      },
      "Id": "18db4c2d-472f-4b73-8afb-b68fb7d13f83",
      "Page": 1
    },
    {
      "BlockType": "WORD",
      "Confidence": 97.97674560546875,
      "Text": "aws",
      "TextType": "PRINTED",
      "Geometry": {
        "BoundingBox": {
          "Width": 0.0781857892870903,
          "Height": 0.031915780156850815,
          "Left": 0,
          "Top": 0.4144623279571533
        },
        "Polygon": [
          {
            "X": 0,
            "Y": 0.4172901213169098
          },
          {
            "X": 0.0779777243733406,
            "Y": 0.4144623279571533
          },
          {
            "X": 0.0781857892870903,
            "Y": 0.44366252422332764
          },
          {
            "X": 0.00006019497232045978,
            "Y": 0.44637811183929443
          }
        ]
      },
      "Id": "56660645-6b72-476c-a9fe-198905f14855",
      "Page": 1
    },
    {
      "BlockType": "WORD",
      "Confidence": 99.6517105102539,
      "Text": "Experience",
      "TextType": "PRINTED",
      "Geometry": {
        "BoundingBox": {
          "Width": 0.08426915854215622,
          "Height": 0.020237194374203682,
          "Left": 0.12019584327936172,
          "Top": 0.41965174674987793
        },
        "Polygon": [
          {
            "X": 0.12019584327936172,
            "Y": 0.4226572513580322
          },
          {
            "X": 0.2043340653181076,
            "Y": 0.41965174674987793
          },
          {
            "X": 0.20446500182151794,
            "Y": 0.4369546175003052
          },
          {
            "X": 0.12032116949558258,
            "Y": 0.43988895416259766
          }
        ]
      },
      "Id": "d2749761-6c52-496c-83bc-cabe79c9abf9",
      "Page": 1
    },
    {
      "BlockType": "WORD",
      "Confidence": 95.47019958496094,
      "Text": "Arquitetando",
      "TextType": "PRINTED",
      "Geometry": {
        "BoundingBox": {
          "Width": 0.1297699511051178,
          "Height": 0.029231058433651924,
          "Left": 0.2614123523235321,
          "Top": 0.4000721871852875
        },
        "Polygon": [
          {
            "X": 0.2614123523235321,
            "Y": 0.404781699180603
          },
          {
            "X": 0.3909794092178345,
            "Y": 0.4000721871852875
          },
          {
            "X": 0.3911823034286499,
            "Y": 0.42474859952926636
          },
          {
            "X": 0.26160281896591187,
            "Y": 0.42930322885513306
          }
        ]
      },
      "Id": "451cd47c-ae5a-419a-8960-4b5f232f379e",
      "Page": 1
    },
    {
      "BlockType": "WORD",
      "Confidence": 97.63712310791016,
      "Text": "fundação",
      "TextType": "PRINTED",
      "Geometry": {
        "BoundingBox": {
          "Width": 0.0986858606338501,
          "Height": 0.023578215390443802,
          "Left": 0.39405566453933716,
          "Top": 0.39143264293670654
        },
        "Polygon": [
          {
            "X": 0.39405566453933716,
            "Y": 0.3950369954109192
          },
          {
            "X": 0.4925693869590759,
            "Y": 0.39143264293670654
          },
          {
            "X": 0.49274152517318726,
            "Y": 0.41150182485580444
          },
          {
            "X": 0.3942200839519501,
            "Y": 0.41501086950302124
          }
        ]
      },
      "Id": "d66ab002-8ff9-4dc5-bec3-fd08dfb0c8dd",
      "Page": 1
    },
    {
      "BlockType": "WORD",
      "Confidence": 99.87391662597656,
      "Text": "de",
      "TextType": "PRINTED",
      "Geometry": {
        "BoundingBox": {
          "Width": 0.027197392657399178,
          "Height": 0.016489045694470406,
          "Left": 0.4983763098716736,
          "Top": 0.38759684562683105
        },
        "Polygon": [
          {
            "X": 0.4983763098716736,
            "Y": 0.38859042525291443
          },
          {
            "X": 0.5254388451576233,
            "Y": 0.38759684562683105
          },
          {
            "X": 0.52557373046875,
            "Y": 0.403112530708313
          },
          {
            "X": 0.49850955605506897,
            "Y": 0.4040859043598175
          }
        ]
      },
      "Id": "f237c4ef-2383-42c6-ad71-98e97d1e1709",
      "Page": 1
    },
    {
      "BlockType": "WORD",
      "Confidence": 99.55039978027344,
      "Text": "dados",
      "TextType": "PRINTED",
      "Geometry": {
        "BoundingBox": {
          "Width": 0.07013587653636932,
          "Height": 0.020461848005652428,
          "Left": 0.5313393473625183,
          "Top": 0.3806096315383911
        },
        "Polygon": [
          {
            "X": 0.5313393473625183,
            "Y": 0.38319283723831177
          },
          {
            "X": 0.6013145446777344,
            "Y": 0.3806096315383911
          },
          {
            "X": 0.6014752388000488,
            "Y": 0.398548424243927
          },
          {
            "X": 0.5314951539039612,
            "Y": 0.4010714590549469
          }
        ]
      },
      "Id": "1c86d3e3-2537-46a0-8174-93d8cade273e",
      "Page": 1
    },
    {
      "BlockType": "WORD",
      "Confidence": 99.78445434570312,
      "Text": "2025",
      "TextType": "PRINTED",
      "Geometry": {
        "BoundingBox": {
          "Width": 0.037330057471990585,
          "Height": 0.01364337932318449,
          "Left": 0.11711680889129639,
          "Top": 0.44213420152664185
        },
        "Polygon": [
          {
            "X": 0.11711680889129639,
            "Y": 0.44342654943466187
          },
          {
            "X": 0.15435539186000824,
            "Y": 0.44213420152664185
          },
          {
            "X": 0.15444687008857727,
            "Y": 0.45450785756111145
          },
          {
            "X": 0.11720649898052216,
            "Y": 0.4557775855064392
          }
        ]
      },
      "Id": "9ed679b2-08d8-4bdb-aa28-3a81efb9cced",
      "Page": 1
    },
    {
      "BlockType": "WORD",
      "Confidence": 99.8000717163086,
      "Text": "que",
      "TextType": "PRINTED",
      "Geometry": {
        "BoundingBox": {
          "Width": 0.03488433361053467,
          "Height": 0.015694785863161087,
          "Left": 0.26119136810302734,
          "Top": 0.4330938458442688
        },
        "Polygon": [
          {
            "X": 0.26119136810302734,
            "Y": 0.4343075156211853
          },
          {
            "X": 0.29596129059791565,
            "Y": 0.4330938458442688
          },
          {
            "X": 0.296075701713562,
            "Y": 0.44759953022003174
          },
          {
            "X": 0.2613038420677185,
            "Y": 0.4487886428833008
          }
        ]
      },
      "Id": "ca3c44e2-c0ac-4578-a153-aadf5b62d95f",
      "Page": 1
    },
    {
      "BlockType": "WORD",
      "Confidence": 99.06631469726562,
      "Text": "potencializam",
      "TextType": "PRINTED",
      "Geometry": {
        "BoundingBox": {
          "Width": 0.14188119769096375,
          "Height": 0.030034750699996948,
          "Left": 0.2984499931335449,
          "Top": 0.4164349138736725
        },
        "Polygon": [
          {
            "X": 0.2984499931335449,
            "Y": 0.42145979404449463
          },
          {
            "X": 0.4401198625564575,
            "Y": 0.4164349138736725
          },
          {
            "X": 0.44033119082450867,
            "Y": 0.4416172504425049
          },
          {
            "X": 0.2986474931240082,
            "Y": 0.44646966457366943
          }
        ]
      },
      "Id": "b05f6d8f-ddd7-4b3e-a3d8-5a2c18a974ba",
      "Page": 1
    },
    {
      "BlockType": "WORD",
      "Confidence": 99.74958038330078,
      "Text": "IA",
      "TextType": "PRINTED",
      "Geometry": {
        "BoundingBox": {
          "Width": 0.022993771359324455,
          "Height": 0.015473179519176483,
          "Left": 0.44584307074546814,
          "Top": 0.41477906703948975
        },
        "Polygon": [
          {
            "X": 0.44584307074546814,
            "Y": 0.41559091210365295
          },
          {
            "X": 0.46871218085289,
            "Y": 0.41477906703948975
          },
          {
            "X": 0.46883684396743774,
            "Y": 0.42945659160614014
          },
          {
            "X": 0.4459663927555084,
            "Y": 0.4302522540092468
          }
        ]
      },
      "Id": "f0517199-7141-47b0-9f3a-f2a2723b6121",
      "Page": 1
    },
    {
      "BlockType": "WORD",
      "Confidence": 98.81105041503906,
      "Text": "Generativa",
      "TextType": "PRINTED",
      "Geometry": {
        "BoundingBox": {
          "Width": 0.12410868704319,
          "Height": 0.025774424895644188,
          "Left": 0.47345516085624695,
          "Top": 0.40304023027420044
        },
        "Polygon": [
          {
            "X": 0.47345516085624695,
            "Y": 0.40748199820518494
          },
          {
            "X": 0.5973719358444214,
            "Y": 0.40304023027420044
          },
          {
            "X": 0.5975638628005981,
            "Y": 0.4245004653930664
          },
          {
            "X": 0.4736366868019104,
            "Y": 0.42881467938423157
          }
        ]
      },
      "Id": "0e485006-f066-4cea-969e-bcb80df2302d",
      "Page": 1
    },
    {
      "BlockType": "WORD",
      "Confidence": 99.6292495727539,
      "Text": "Lucas",
      "TextType": "PRINTED",
      "Geometry": {
        "BoundingBox": {
          "Width": 0.025477448478341103,
          "Height": 0.007790984120219946,
          "Left": 0.2569487690925598,
          "Top": 0.47835391759872437
        },
        "Polygon": [
          {
            "X": 0.2569487690925598,
            "Y": 0.47918573021888733
          },
          {
            "X": 0.2823716104030609,
            "Y": 0.47835391759872437
          },
          {
            "X": 0.28242623805999756,
            "Y": 0.4853217303752899
          },
          {
            "X": 0.25700271129608154,
            "Y": 0.48614493012428284
          }
        ]
      },
      "Id": "1d149291-7f3a-4c43-9084-a4f7b25b05c0",
      "Page": 1
    },
    {
      "BlockType": "WORD",
      "Confidence": 99.79911041259766,
      "Text": "Rehem",
      "TextType": "PRINTED",
      "Geometry": {
        "BoundingBox": {
          "Width": 0.03189447149634361,
          "Height": 0.0082820700481534,
          "Left": 0.28472426533699036,
          "Top": 0.4759472608566284
        },
        "Polygon": [
          {
            "X": 0.28472426533699036,
            "Y": 0.4769909381866455
          },
          {
            "X": 0.3165610432624817,
            "Y": 0.4759472608566284
          },
          {
            "X": 0.31661874055862427,
            "Y": 0.483196884393692
          },
          {
            "X": 0.2847810685634613,
            "Y": 0.48422932624816895
          }
        ]
      },
      "Id": "a81ab966-f892-461f-b5af-80947a7e98ee",
      "Page": 1
    },
    {
      "BlockType": "WORD",
      "Confidence": 99.85675048828125,
      "Text": "de",
      "TextType": "PRINTED",
      "Geometry": {
        "BoundingBox": {
          "Width": 0.01200153212994337,
          "Height": 0.007755593862384558,
          "Left": 0.3192783296108246,
          "Top": 0.4743306040763855
        },
        "Polygon": [
          {
            "X": 0.3192783296108246,
            "Y": 0.4747227430343628
          },
          {
            "X": 0.3312208354473114,
            "Y": 0.4743306040763855
          },
          {
            "X": 0.3312798738479614,
            "Y": 0.48169830441474915
          },
          {
            "X": 0.31933701038360596,
            "Y": 0.482086181640625
          }
        ]
      },
      "Id": "18a3cd91-bbc0-4978-83f1-8acd4e44f23c",
      "Page": 1
    },
    {
      "BlockType": "WORD",
      "Confidence": 99.43016815185547,
      "Text": "Azevedo",
      "TextType": "PRINTED",
      "Geometry": {
        "BoundingBox": {
          "Width": 0.04123442620038986,
          "Height": 0.009615885093808174,
          "Left": 0.3332352340221405,
          "Top": 0.47145020961761475
        },
        "Polygon": [
          {
            "X": 0.3332352340221405,
            "Y": 0.4728049337863922
          },
          {
            "X": 0.37440210580825806,
            "Y": 0.47145020961761475
          },
          {
            "X": 0.37446966767311096,
            "Y": 0.4797278940677643
          },
          {
            "X": 0.33330145478248596,
            "Y": 0.48106610774993896
          }
        ]
      },
      "Id": "122ad461-778d-4f51-9767-6eb64fe8c089",
      "Page": 1
    },
    {
      "BlockType": "WORD",
      "Confidence": 84.84841918945312,
      "Text": "Arquiteto",
      "TextType": "PRINTED",
      "Geometry": {
        "BoundingBox": {
          "Width": 0.02738908678293228,
          "Height": 0.006723308935761452,
          "Left": 0.2548496127128601,
          "Top": 0.49225181341171265
        },
        "Polygon": [
          {
            "X": 0.2548496127128601,
            "Y": 0.4931279122829437
          },
          {
            "X": 0.28219279646873474,
            "Y": 0.49225181341171265
          },
          {
            "X": 0.2822386920452118,
            "Y": 0.49810683727264404
          },
          {
            "X": 0.254894882440567,
            "Y": 0.49897512793540955
          }
        ]
      },
      "Id": "edf97abc-e319-4a30-a1bf-59fb135b305f",
      "Page": 1
    },
    {
      "BlockType": "WORD",
      "Confidence": 99.18414306640625,
      "Text": "de",
      "TextType": "PRINTED",
      "Geometry": {
        "BoundingBox": {
          "Width": 0.0075339567847549915,
          "Height": 0.004790860693901777,
          "Left": 0.28389811515808105,
          "Top": 0.4918144941329956
        },
        "Polygon": [
          {
            "X": 0.28389811515808105,
            "Y": 0.4920547902584076
          },
          {
            "X": 0.29139626026153564,
            "Y": 0.4918144941329956
          },
          {
            "X": 0.29143208265304565,
            "Y": 0.4963667392730713
          },
          {
            "X": 0.2839338183403015,
            "Y": 0.49660536646842957
          }
        ]
      },
      "Id": "cea5dc27-4f69-46ad-aff1-394237dd6884",
      "Page": 1
    },
    {
      "BlockType": "WORD",
      "Confidence": 89.80879211425781,
      "Text": "Soluções",
      "TextType": "PRINTED",
      "Geometry": {
        "BoundingBox": {
          "Width": 0.026402492076158524,
          "Height": 0.007534997537732124,
          "Left": 0.2933579087257385,
          "Top": 0.48953768610954285
        },
        "Polygon": [
          {
            "X": 0.2933579087257385,
            "Y": 0.4903838634490967
          },
          {
            "X": 0.3197070360183716,
            "Y": 0.48953768610954285
          },
          {
            "X": 0.31976038217544556,
            "Y": 0.49623507261276245
          },
          {
            "X": 0.29341059923171997,
            "Y": 0.49707266688346863
          }
        ]
      },
      "Id": "caed29f7-6f19-46e0-82d6-4e34a8aafd26",
      "Page": 1
    },
    {
      "BlockType": "WORD",
      "Confidence": 99.82640838623047,
      "Text": "Enterprise",
      "TextType": "PRINTED",
      "Geometry": {
        "BoundingBox": {
          "Width": 0.031236739829182625,
          "Height": 0.007633029483258724,
          "Left": 0.32113468647003174,
          "Top": 0.4874817132949829
        },
        "Polygon": [
          {
            "X": 0.32113468647003174,
            "Y": 0.4884846806526184
          },
          {
            "X": 0.352317750453949,
            "Y": 0.4874817132949829
          },
          {
            "X": 0.3523714244365692,
            "Y": 0.49412184953689575
          },
          {
            "X": 0.3211875557899475,
            "Y": 0.4951147437095642
          }
        ]
      },
      "Id": "d705c80c-0414-4ee1-89f1-c7ae36b2a200",
      "Page": 1
    },
    {
      "BlockType": "WORD",
      "Confidence": 99.80360412597656,
      "Text": "Amazon",
      "TextType": "PRINTED",
      "Geometry": {
        "BoundingBox": {
          "Width": 0.024301115423440933,
          "Height": 0.006021629087626934,
          "Left": 0.25336000323295593,
          "Top": 0.5035356283187866
        },
        "Polygon": [
          {
            "X": 0.25336000323295593,
            "Y": 0.5042997002601624
          },
          {
            "X": 0.27761995792388916,
            "Y": 0.5035356283187866
          },
          {
            "X": 0.27766111493110657,
            "Y": 0.5087993741035461
          },
          {
            "X": 0.25340068340301514,
            "Y": 0.5095572471618652
          }
        ]
      },
      "Id": "3aca495a-1669-4bab-a400-4912ad83ff6b",
      "Page": 1
    },
    {
      "BlockType": "WORD",
      "Confidence": 99.32878875732422,
      "Text": "Web",
      "TextType": "PRINTED",
      "Geometry": {
        "BoundingBox": {
          "Width": 0.013719921000301838,
          "Height": 0.005671270657330751,
          "Left": 0.278927743434906,
          "Top": 0.5024000406265259
        },
        "Polygon": [
          {
            "X": 0.278927743434906,
            "Y": 0.5028312802314758
          },
          {
            "X": 0.2926063537597656,
            "Y": 0.5024000406265259
          },
          {
            "X": 0.29264765977859497,
            "Y": 0.5076435208320618
          },
          {
            "X": 0.2789687514305115,
            "Y": 0.5080713033676147
          }
        ]
      },
      "Id": "a39dd747-1b99-4251-be91-2aafb8d06ff3",
      "Page": 1
    },
    {
      "BlockType": "WORD",
      "Confidence": 99.71007537841797,
      "Text": "Services",
      "TextType": "PRINTED",
      "Geometry": {
        "BoundingBox": {
          "Width": 0.024478506296873093,
          "Height": 0.006129923742264509,
          "Left": 0.29399317502975464,
          "Top": 0.5011540651321411
        },
        "Polygon": [
          {
            "X": 0.29399317502975464,
            "Y": 0.501924991607666
          },
          {
            "X": 0.3184289336204529,
            "Y": 0.5011540651321411
          },
          {
            "X": 0.31847167015075684,
            "Y": 0.5065194368362427
          },
          {
            "X": 0.294035404920578,
            "Y": 0.5072839856147766
          }
        ]
      },
      "Id": "f87bbe56-9b56-4ec3-a7b7-7107098f3176",
      "Page": 1
    }
  ],
  "DetectDocumentTextModelVersion": "1.0"
}