{
  "DocumentMetadata": {
    "Pages": 1
  },
  "JobStatus": "SUCCEEDED",
  "Blocks": [
    {
      "BlockType": "PAGE",
      "Geometry": {
        "BoundingBox": {
          "Width": 0.8016344308853149,
          "Height": 0.5914065837860107,
          "Left": 0.03179695084691048,
          "Top": 0.11095971614122391
        },
        "Polygon": [
          {
            "X": 0.0790192261338234,
            "Y": 0.1604892462491989
          },
          {
            "X": 0.8286826014518738,
            "Y": 0.11095971614122391
          },
          {
            "X": 0.8334314227104187,
            "Y": 0.702366292476654
          },
          {
            "X": 0.03179695084691048,
            "Y": 0.6841719746589661
          }
        ]
      },
      "Id": "3622e79d-a6a6-4ac1-8d3e-8698eee9c986",
      "Relationships": [
        {
          "Type": "CHILD",
          "Ids": [
            "bba7184b-aa0f-4e2e-b9a5-a8154cfe4285",
            "0ed60031-ffdb-4e01-a91b-5c9301a170c3",
            "b9f2b6e4-95c0-4033-9d0b-c7dadb8f1231",
            "ddb64c0c-35a6-489f-9aca-e8f1a6d3f7f0",
            "9eb05fe0-7634-4249-8ce8-1c4f774a0cc8",
            "ec4a6ee6-0266-4b19-a28b-4c3b32d82161",
            "910df40f-a578-40cc-9014-d9decda945d5",
            "f80deaa7-54f3-4ed8-868e-53febe020caa",
            "95fc95de-50f9-4a80-b92b-b3ef303d1644",
            "76fd76e7-f998-48a8-a6cb-12d08e9a2e55",
            "ef7d600f-7c98-4ad0-b681-9261e6cee2d8",
            "5c484019-fddb-4e1c-8b6a-22e66d0deb3c",
            "45f216e7-4f07-4591-bb72-7093479f9040",
            "893c2326-b5fa-4332-b045-1f0d5af57107",
            "6a34b740-3754-4d3e-b6bb-82fcecd8c0de",
            "edd22aa3-3c0f-4c8e-a0a6-d66fb43e0f0e"
          ]
        }
      ],
      "Page": 1
    },
    {
      "BlockType": "LINE",
      "Confidence": 99.27503967285156,
      "Text": "Escolha dos principais modelos de",
      "Geometry": {
        "BoundingBox": {
          "Width": 0.3540724515914917,
          "Height": 0.033908504992723465,
          "Left": 0.36774227023124695,
          "Top": 0.19779981672763824
        },
        "Polygon": [
          {
            "X": 0.36851364374160767,
            "Y": 0.21684178709983826
          },
          {
            "X": 0.7218146920204163,
            "Y": 0.19779981672763824
          },
          {
            "X": 0.7217208743095398,
            "Y": 0.21347618103027344
          },
          {
            "X": 0.36774227023124695,
            "Y": 0.2317083179950714
          }
        ]
      },
      "Id": "bba7184b-aa0f-4e2e-b9a5-a8154cfe4285",
      "Relationships": [
        {
          "Type": "CHILD",
          "Ids": [
            "844d433b-a5b1-4e2b-a654-1c2983475e66",
            "2ecb66d7-858a-4b1b-9da0-4e09e01f7eb5",
            "bddb0116-1eeb-4649-a81a-b41aaa4bf204",
            "ad6e54e7-dd42-4611-a668-e6f82705965d",
            "e644de88-86b6-4f12-8c6b-a22e4f35c831"
          ]
        }
      ],
      "Page": 1
    },
    {
      "BlockType": "LINE",
      "Confidence": 98.21942901611328,
      "Text": "base (FMs) por meio de uma única",
      "Geometry": {
        "BoundingBox": {
          "Width": 0.34316733479499817,
          "Height": 0.033136703073978424,
          "Left": 0.3663598895072937,
          "Top": 0.21406331658363342
        },
        "Polygon": [
          {
            "X": 0.36716535687446594,
            "Y": 0.23169925808906555
          },
          {
            "X": 0.7095272541046143,
            "Y": 0.21406331658363342
          },
          {
            "X": 0.7094036936759949,
            "Y": 0.23038442432880402
          },
          {
            "X": 0.3663598895072937,
            "Y": 0.24720001220703125
          }
        ]
      },
      "Id": "0ed60031-ffdb-4e01-a91b-5c9301a170c3",
      "Relationships": [
        {
          "Type": "CHILD",
          "Ids": [
            "20de2ff6-eed1-4e65-bcdc-c15973cef489",
            "982d8a22-8eac-4a0d-9f4e-87af89d6062b",
            "bebb30fc-6108-4bf1-a9e1-2b8ceccc37f5",
            "89ab6a1f-8e4c-41e3-bba9-05a5f23d34f1",
            "c13a4e0c-a070-4198-b6b0-269f854db4af",
            "20eba916-691b-4a9f-9397-6e8201e0754d",
            "b3a5df5c-9f09-439f-acf8-6f29e9ac0e59"
          ]
        }
      ],
      "Page": 1
    },
    {
      "BlockType": "LINE",
      "Confidence": 99.6921157836914,
      "Text": "API",
      "Geometry": {
        "BoundingBox": {
          "Width": 0.030134249478578568,
          "Height": 0.011290264315903187,
          "Left": 0.36463576555252075,
          "Top": 0.24946855008602142
        },
        "Polygon": [
          {
            "X": 0.36514919996261597,
            "Y": 0.25090309977531433
          },
          {
            "X": 0.3947700262069702,
            "Y": 0.24946855008602142
          },
          {
            "X": 0.39429208636283875,
            "Y": 0.2593695819377899
          },
          {
            "X": 0.36463576555252075,
            "Y": 0.26075881719589233
          }
        ]
      },
      "Id": "b9f2b6e4-95c0-4033-9d0b-c7dadb8f1231",
      "Relationships": [
        {
          "Type": "CHILD",
          "Ids": [
            "5d0a74fe-2409-4f3e-aae0-82a5d78999be"
          ]
        }
      ],
      "Page": 1
    },
    {
      "BlockType": "LINE",
      "Confidence": 95.72869110107422,
      "Text": "Importação, destilação e ajuste",
      "Geometry": {
        "BoundingBox": {
          "Width": 0.33448556065559387,
          "Height": 0.030197812244296074,
          "Left": 0.36241284012794495,
          "Top": 0.2673983871936798
        },
        "Polygon": [
          {
            "X": 0.36323145031929016,
            "Y": 0.2818942070007324
          },
          {
            "X": 0.6968984007835388,
            "Y": 0.2673983871936798
          },
          {
            "X": 0.6967473030090332,
            "Y": 0.2839168608188629
          },
          {
            "X": 0.36241284012794495,
            "Y": 0.29759618639945984
          }
        ]
      },
      "Id": "ddb64c0c-35a6-489f-9aca-e8f1a6d3f7f0",
      "Relationships": [
        {
          "Type": "CHILD",
          "Ids": [
            "36a49afb-4875-4f40-b6df-8f390b4dd587",
            "df1b5029-67bb-4f84-8a7c-db34da233eba",
            "1a56413f-b5a4-4d16-a22b-04b6c0ad18fa",
            "3409c79c-5c0b-4eb7-a661-b6cee2b6dfeb"
          ]
        }
      ],
      "Page": 1
    },
    {
      "BlockType": "LINE",
      "Confidence": 99.72785949707031,
      "Text": "fino de modelos",
      "Geometry": {
        "BoundingBox": {
          "Width": 0.15400013327598572,
          "Height": 0.017868734896183014,
          "Left": 0.36170563101768494,
          "Top": 0.2923145294189453
        },
        "Polygon": [
          {
            "X": 0.36231133341789246,
            "Y": 0.2985667586326599
          },
          {
            "X": 0.5157057642936707,
            "Y": 0.2923145294189453
          },
          {
            "X": 0.5153198838233948,
            "Y": 0.30420956015586853
          },
          {
            "X": 0.36170563101768494,
            "Y": 0.31018325686454773
          }
        ]
      },
      "Id": "9eb05fe0-7634-4249-8ce8-1c4f774a0cc8",
      "Relationships": [
        {
          "Type": "CHILD",
          "Ids": [
            "1a1a7729-facc-4299-82a1-902fea68bbd8",
            "7efe31c2-5138-4bbd-8b8e-8fc3c4b59d42",
            "3d9b7a51-a0fa-4869-964c-607dc874c202"
          ]
        }
      ],
      "Page": 1
    },
    {
      "BlockType": "LINE",
      "Confidence": 99.7860107421875,
      "Text": "Amazon Bedrock",
      "Geometry": {
        "BoundingBox": {
          "Width": 0.17218221724033356,
          "Height": 0.02013968490064144,
          "Left": 0.09527038037776947,
          "Top": 0.33551833033561707
        },
        "Polygon": [
          {
            "X": 0.09648074954748154,
            "Y": 0.3415597081184387
          },
          {
            "X": 0.267452597618103,
            "Y": 0.33551833033561707
          },
          {
            "X": 0.26652443408966064,
            "Y": 0.35001274943351746
          },
          {
            "X": 0.09527038037776947,
            "Y": 0.35565802454948425
          }
        ]
      },
      "Id": "ec4a6ee6-0266-4b19-a28b-4c3b32d82161",
      "Relationships": [
        {
          "Type": "CHILD",
          "Ids": [
            "4a8879c4-6acc-4f58-94cb-5e327d1646ad",
            "d59073f0-a4b5-46dd-ac18-a3e35898bc04"
          ]
        }
      ],
      "Page": 1
    },
    {
      "BlockType": "LINE",
      "Confidence": 98.34986877441406,
      "Text": "Ferramentas de IA generativa -",
      "Geometry": {
        "BoundingBox": {
          "Width": 0.3255634605884552,
          "Height": 0.025522030889987946,
          "Left": 0.3599594831466675,
          "Top": 0.3187764585018158
        },
        "Polygon": [
          {
            "X": 0.3606865704059601,
            "Y": 0.3303528428077698
          },
          {
            "X": 0.6855229139328003,
            "Y": 0.3187764585018158
          },
          {
            "X": 0.6853683590888977,
            "Y": 0.3334331810474396
          },
          {
            "X": 0.3599594831466675,
            "Y": 0.34429848194122314
          }
        ]
      },
      "Id": "910df40f-a578-40cc-9014-d9decda945d5",
      "Relationships": [
        {
          "Type": "CHILD",
          "Ids": [
            "0440f1c0-1cad-49c2-8c08-4baf33017969",
            "ac94698f-18af-4656-aaff-9f1a38a3b25b",
            "29185295-cf7f-429d-b4e0-de7d3d0864cd",
            "c70ca668-2142-4b45-b32d-dc4725682780",
            "ae5999c4-c43a-4f4c-8c1f-a8630800bb00"
          ]
        }
      ],
      "Page": 1
    },
    {
      "BlockType": "LINE",
      "Confidence": 99.16863250732422,
      "Text": "A maneira mais fácil de criar e",
      "Geometry": {
        "BoundingBox": {
          "Width": 0.21087732911109924,
          "Height": 0.018032921478152275,
          "Left": 0.09296032041311264,
          "Top": 0.35197708010673523
        },
        "Polygon": [
          {
            "X": 0.093925341963768,
            "Y": 0.3587874174118042
          },
          {
            "X": 0.3038376569747925,
            "Y": 0.35197708010673523
          },
          {
            "X": 0.30314967036247253,
            "Y": 0.3635876178741455
          },
          {
            "X": 0.09296032041311264,
            "Y": 0.37000998854637146
          }
        ]
      },
      "Id": "f80deaa7-54f3-4ed8-868e-53febe020caa",
      "Relationships": [
        {
          "Type": "CHILD",
          "Ids": [
            "5cde1fcc-d79a-4ef9-8926-a7cea785419b",
            "17cf7bf1-8fda-4479-88a7-f8417ae091dd",
            "f4b7924e-43dd-4270-ad20-cf354994f0ec",
            "a5077145-76f2-4d0c-aafc-487468d4963e",
            "6c505025-5822-4a19-ad85-4c015467a943",
            "4dc62d3e-e43f-4dc5-8b8f-fb4f7839998c",
            "378c9ce4-cb6b-4064-8842-813e2401877b"
          ]
        }
      ],
      "Page": 1
    },
    {
      "BlockType": "LINE",
      "Confidence": 98.95226287841797,
      "Text": "bases de conhecimento (RAG),",
      "Geometry": {
        "BoundingBox": {
          "Width": 0.2975093126296997,
          "Height": 0.023503847420215607,
          "Left": 0.358048677444458,
          "Top": 0.33552584052085876
        },
        "Polygon": [
          {
            "X": 0.3587620258331299,
            "Y": 0.3453855812549591
          },
          {
            "X": 0.6555579900741577,
            "Y": 0.33552584052085876
          },
          {
            "X": 0.6553528904914856,
            "Y": 0.34980714321136475
          },
          {
            "X": 0.358048677444458,
            "Y": 0.3590296804904938
          }
        ]
      },
      "Id": "95fc95de-50f9-4a80-b92b-b3ef303d1644",
      "Relationships": [
        {
          "Type": "CHILD",
          "Ids": [
            "80139b24-b812-46fd-8743-2449ac054ee7",
            "20e6b848-eb4c-477f-a778-e82f67f84edd",
            "d9071e3d-620f-4b92-9980-d524573d6048",
            "52ebc185-ae25-48ce-9b0c-a2457be8eb80"
          ]
        }
      ],
      "Page": 1
    },
    {
      "BlockType": "LINE",
      "Confidence": 98.66634368896484,
      "Text": "escalar aplicações de IA",
      "Geometry": {
        "BoundingBox": {
          "Width": 0.16380442678928375,
          "Height": 0.018138932064175606,
          "Left": 0.09135331958532333,
          "Top": 0.3671462833881378
        },
        "Polygon": [
          {
            "X": 0.09249098598957062,
            "Y": 0.3720606863498688
          },
          {
            "X": 0.2551577389240265,
            "Y": 0.3671462833881378
          },
          {
            "X": 0.25427037477493286,
            "Y": 0.3807259798049927
          },
          {
            "X": 0.09135331958532333,
            "Y": 0.38528522849082947
          }
        ]
      },
      "Id": "76fd76e7-f998-48a8-a6cb-12d08e9a2e55",
      "Relationships": [
        {
          "Type": "CHILD",
          "Ids": [
            "54f7aa3b-64bb-4ed7-b1b9-e1581a71e93a",
            "43b3b78f-fac0-4186-b8c8-532d3599f56a",
            "8e0f3d4e-b8e3-4c69-8b66-d6b3ae7ab8a4",
            "c1e244ac-25ce-4c52-819d-b550bae28f1c"
          ]
        }
      ],
      "Page": 1
    },
    {
      "BlockType": "LINE",
      "Confidence": 96.5645751953125,
      "Text": "barreiras de proteção, fluxos e",
      "Geometry": {
        "BoundingBox": {
          "Width": 0.33769986033439636,
          "Height": 0.025307558476924896,
          "Left": 0.35697388648986816,
          "Top": 0.35132092237472534
        },
        "Polygon": [
          {
            "X": 0.3577582836151123,
            "Y": 0.3616310954093933
          },
          {
            "X": 0.6946737766265869,
            "Y": 0.35132092237472534
          },
          {
            "X": 0.6945263147354126,
            "Y": 0.3671153783798218
          },
          {
            "X": 0.35697388648986816,
            "Y": 0.37662845849990845
          }
        ]
      },
      "Id": "ef7d600f-7c98-4ad0-b681-9261e6cee2d8",
      "Relationships": [
        {
          "Type": "CHILD",
          "Ids": [
            "892ed48e-88a2-46ff-824c-484c1213cab6",
            "3feedd51-4f4a-43c6-97de-a8d7cc8b2c9c",
            "4277bdff-b74d-42c5-b3a6-d8b22bd54e26",
            "6c1ad794-1ce7-4ddd-b9e2-a4ebcd796d0b",
            "38a681d5-a76b-4c83-93a1-11c92350c137"
          ]
        }
      ],
      "Page": 1
    },
    {
      "BlockType": "LINE",
      "Confidence": 99.35204315185547,
      "Text": "generativa com modelos de",
      "Geometry": {
        "BoundingBox": {
          "Width": 0.19481922686100006,
          "Height": 0.017933625727891922,
          "Left": 0.08961640298366547,
          "Top": 0.38050660490989685
        },
        "Polygon": [
          {
            "X": 0.09069541841745377,
            "Y": 0.3859086334705353
          },
          {
            "X": 0.2844356298446655,
            "Y": 0.38050660490989685
          },
          {
            "X": 0.28364014625549316,
            "Y": 0.3934398889541626
          },
          {
            "X": 0.08961640298366547,
            "Y": 0.39844024181365967
          }
        ]
      },
      "Id": "5c484019-fddb-4e1c-8b6a-22e66d0deb3c",
      "Relationships": [
        {
          "Type": "CHILD",
          "Ids": [
            "03461344-758b-4dea-af2e-0de82603390d",
            "4ecf8a33-eb28-474f-8f33-71e60ac01572",
            "c04c64d9-dead-4b4e-ac30-c30eaa9fc12b",
            "a068a95c-eb12-4302-b872-714465e0d40f"
          ]
        }
      ],
      "Page": 1
    },
    {
      "BlockType": "LINE",
      "Confidence": 99.43436431884766,
      "Text": "agentes",
      "Geometry": {
        "BoundingBox": {
          "Width": 0.07028660923242569,
          "Height": 0.01508452370762825,
          "Left": 0.35598838329315186,
          "Top": 0.37647128105163574
        },
        "Polygon": [
          {
            "X": 0.3566761314868927,
            "Y": 0.37841278314590454
          },
          {
            "X": 0.42627498507499695,
            "Y": 0.37647128105163574
          },
          {
            "X": 0.4256972670555115,
            "Y": 0.38975903391838074
          },
          {
            "X": 0.35598838329315186,
            "Y": 0.3915557861328125
          }
        ]
      },
      "Id": "45f216e7-4f07-4591-bb72-7093479f9040",
      "Relationships": [
        {
          "Type": "CHILD",
          "Ids": [
            "8d9d0b59-b62e-447b-94b4-68be8feccccb"
          ]
        }
      ],
      "Page": 1
    },
    {
      "BlockType": "LINE",
      "Confidence": 99.94242095947266,
      "Text": "base",
      "Geometry": {
        "BoundingBox": {
          "Width": 0.031221240758895874,
          "Height": 0.011208996176719666,
          "Left": 0.08801870048046112,
          "Top": 0.39838433265686035
        },
        "Polygon": [
          {
            "X": 0.08891770243644714,
            "Y": 0.3991621732711792
          },
          {
            "X": 0.119239941239357,
            "Y": 0.39838433265686035
          },
          {
            "X": 0.11837669461965561,
            "Y": 0.40886789560317993
          },
          {
            "X": 0.08801870048046112,
            "Y": 0.4095933139324188
          }
        ]
      },
      "Id": "893c2326-b5fa-4332-b045-1f0d5af57107",
      "Relationships": [
        {
          "Type": "CHILD",
          "Ids": [
            "d675bdf9-759f-4939-b086-2f8b30ba3f11"
          ]
        }
      ],
      "Page": 1
    },
    {
      "BlockType": "LINE",
      "Confidence": 97.20784759521484,
      "Text": "Segurança, privacidade e",
      "Geometry": {
        "BoundingBox": {
          "Width": 0.2576775848865509,
          "Height": 0.020866001024842262,
          "Left": 0.3530932068824768,
          "Top": 0.4019210636615753
        },
        "Polygon": [
          {
            "X": 0.3538762927055359,
            "Y": 0.4078674614429474
          },
          {
            "X": 0.6107707619667053,
            "Y": 0.4019210636615753
          },
          {
            "X": 0.610461413860321,
            "Y": 0.4174497127532959
          },
          {
            "X": 0.3530932068824768,
            "Y": 0.422787070274353
          }
        ]
      },
      "Id": "6a34b740-3754-4d3e-b6bb-82fcecd8c0de",
      "Relationships": [
        {
          "Type": "CHILD",
          "Ids": [
            "7efba9ee-f711-41f2-a347-47dccec92c4c",
            "fee10926-5c5b-4791-a2c6-209698f0f201",
            "bb16ad15-69a1-4044-bbe9-9db4355c3d98"
          ]
        }
      ],
      "Page": 1
    },
    {
      "BlockType": "LINE",
      "Confidence": 98.29485321044922,
      "Text": "governança de dados",
      "Geometry": {
        "BoundingBox": {
          "Width": 0.20087406039237976,
          "Height": 0.018347622826695442,
          "Left": 0.3522152602672577,
          "Top": 0.42045238614082336
        },
        "Polygon": [
          {
            "X": 0.35296347737312317,
            "Y": 0.4245458245277405
          },
          {
            "X": 0.5530893206596375,
            "Y": 0.42045238614082336
          },
          {
            "X": 0.5526895523071289,
            "Y": 0.43516096472740173
          },
          {
            "X": 0.3522152602672577,
            "Y": 0.43880000710487366
          }
        ]
      },
      "Id": "edd22aa3-3c0f-4c8e-a0a6-d66fb43e0f0e",
      "Relationships": [
        {
          "Type": "CHILD",
          "Ids": [
            "3e4f119f-65e8-4c32-bccf-63afff1f99c1",
            "2de32149-9e50-47c6-8799-00ad60f135a8",
            "290fd1c7-4f6d-4f23-952d-0d23cb30c2c4"
          ]
        }
      ],
      "Page": 1
    },
    {
      "BlockType": "WORD",
      "Confidence": 99.45305633544922,
      "Text": "Escolha",
      "TextType": "PRINTED",
      "Geometry": {
        "BoundingBox": {
          "Width": 0.06940820813179016,
          "Height": 0.01566825434565544,
          "Left": 0.36778610944747925,
          "Top": 0.21519498527050018
        },
        "Polygon": [
          {
            "X": 0.3684079051017761,
            "Y": 0.218879833817482
          },
          {
            "X": 0.4371943175792694,
            "Y": 0.21519498527050018
          },
          {
            "X": 0.4366739094257355,
            "Y": 0.22730571031570435
          },
          {
            "X": 0.36778610944747925,
            "Y": 0.23086322844028473
          }
        ]
      },
      "Id": "844d433b-a5b1-4e2b-a654-1c2983475e66",
      "Page": 1
    },
    {
      "BlockType": "WORD",
      "Confidence": 99.78588104248047,
      "Text": "dos",
      "TextType": "PRINTED",
      "Geometry": {
        "BoundingBox": {
          "Width": 0.030533673241734505,
          "Height": 0.012804930098354816,
          "Left": 0.4478226900100708,
          "Top": 0.2130548506975174
        },
        "Polygon": [
          {
            "X": 0.44828760623931885,
            "Y": 0.21466530859470367
          },
          {
            "X": 0.47835636138916016,
            "Y": 0.2130548506975174
          },
          {
            "X": 0.4779331684112549,
            "Y": 0.22430063784122467
          },
          {
            "X": 0.4478226900100708,
            "Y": 0.22585977613925934
          }
        ]
      },
      "Id": "2ecb66d7-858a-4b1b-9da0-4e09e01f7eb5",
      "Page": 1
    },
    {
      "BlockType": "WORD",
      "Confidence": 97.87097930908203,
      "Text": "principais",
      "TextType": "PRINTED",
      "Geometry": {
        "BoundingBox": {
          "Width": 0.10641350597143173,
          "Height": 0.020083680748939514,
          "Left": 0.4895120859146118,
          "Top": 0.20535272359848022
        },
        "Polygon": [
          {
            "X": 0.4900318384170532,
            "Y": 0.2110474705696106
          },
          {
            "X": 0.5959255695343018,
            "Y": 0.20535272359848022
          },
          {
            "X": 0.5955986380577087,
            "Y": 0.21997228264808655
          },
          {
            "X": 0.4895120859146118,
            "Y": 0.22543640434741974
          }
        ]
      },
      "Id": "bddb0116-1eeb-4649-a81a-b41aaa4bf204",
      "Page": 1
    },
    {
      "BlockType": "WORD",
      "Confidence": 99.38845825195312,
      "Text": "modelos",
      "TextType": "PRINTED",
      "Geometry": {
        "BoundingBox": {
          "Width": 0.07911685854196548,
          "Height": 0.016296951100230217,
          "Left": 0.607700765132904,
          "Top": 0.1996975839138031
        },
        "Polygon": [
          {
            "X": 0.6079513430595398,
            "Y": 0.20394812524318695
          },
          {
            "X": 0.6868175864219666,
            "Y": 0.1996975839138031
          },
          {
            "X": 0.6866891384124756,
            "Y": 0.2118849903345108
          },
          {
            "X": 0.607700765132904,
            "Y": 0.21599453687667847
          }
        ]
      },
      "Id": "ad6e54e7-dd42-4611-a668-e6f82705965d",
      "Page": 1
    },
    {
      "BlockType": "WORD",
      "Confidence": 99.87682342529297,
      "Text": "de",
      "TextType": "PRINTED",
      "Geometry": {
        "BoundingBox": {
          "Width": 0.022316262125968933,
          "Height": 0.01257021352648735,
          "Left": 0.6994984745979309,
          "Top": 0.19779981672763824
        },
        "Polygon": [
          {
            "X": 0.6995994448661804,
            "Y": 0.1989971548318863
          },
          {
            "X": 0.7218146920204163,
            "Y": 0.19779981672763824
          },
          {
            "X": 0.7217464447021484,
            "Y": 0.2092096358537674
          },
          {
            "X": 0.6994984745979309,
            "Y": 0.2103700339794159
          }
        ]
      },
      "Id": "e644de88-86b6-4f12-8c6b-a22e4f35c831",
      "Page": 1
    },
    {
      "BlockType": "WORD",
      "Confidence": 99.91951751708984,
      "Text": "base",
      "TextType": "PRINTED",
      "Geometry": {
        "BoundingBox": {
          "Width": 0.039747513830661774,
          "Height": 0.012932760640978813,
          "Left": 0.3664312958717346,
          "Top": 0.2328931987285614
        },
        "Polygon": [
          {
            "X": 0.36699947714805603,
            "Y": 0.23489131033420563
          },
          {
            "X": 0.4061788022518158,
            "Y": 0.2328931987285614
          },
          {
            "X": 0.4056629240512848,
            "Y": 0.24389420449733734
          },
          {
            "X": 0.3664312958717346,
            "Y": 0.24582596123218536
          }
        ]
      },
      "Id": "20de2ff6-eed1-4e65-bcdc-c15973cef489",
      "Page": 1
    },
    {
      "BlockType": "WORD",
      "Confidence": 97.41355895996094,
      "Text": "(FMs)",
      "TextType": "PRINTED",
      "Geometry": {
        "BoundingBox": {
          "Width": 0.04841558262705803,
          "Height": 0.01587063819169998,
          "Left": 0.41783636808395386,
          "Top": 0.22880606353282928
        },
        "Polygon": [
          {
            "X": 0.4184446930885315,
            "Y": 0.23125195503234863
          },
          {
            "X": 0.4662519693374634,
            "Y": 0.22880606353282928
          },
          {
            "X": 0.46572285890579224,
            "Y": 0.24232935905456543
          },
          {
            "X": 0.41783636808395386,
            "Y": 0.24467669427394867
          }
        ]
      },
      "Id": "982d8a22-8eac-4a0d-9f4e-87af89d6062b",
      "Page": 1
    },
    {
      "BlockType": "WORD",
      "Confidence": 99.62560272216797,
      "Text": "por",
      "TextType": "PRINTED",
      "Geometry": {
        "BoundingBox": {
          "Width": 0.03023286536335945,
          "Height": 0.01340166013687849,
          "Left": 0.4786797761917114,
          "Top": 0.227921262383461
        },
        "Polygon": [
          {
            "X": 0.4791248142719269,
            "Y": 0.2294391542673111
          },
          {
            "X": 0.5089126229286194,
            "Y": 0.227921262383461
          },
          {
            "X": 0.5085116028785706,
            "Y": 0.23985883593559265
          },
          {
            "X": 0.4786797761917114,
            "Y": 0.24132291972637177
          }
        ]
      },
      "Id": "bebb30fc-6108-4bf1-a9e1-2b8ceccc37f5",
      "Page": 1
    },
    {
      "BlockType": "WORD",
      "Confidence": 99.5356216430664,
      "Text": "meio",
      "TextType": "PRINTED",
      "Geometry": {
        "BoundingBox": {
          "Width": 0.043774042278528214,
          "Height": 0.013326003216207027,
          "Left": 0.5195949673652649,
          "Top": 0.22343656420707703
        },
        "Polygon": [
          {
            "X": 0.5199520587921143,
            "Y": 0.2256605625152588
          },
          {
            "X": 0.5633689761161804,
            "Y": 0.22343656420707703
          },
          {
            "X": 0.5630723834037781,
            "Y": 0.23461131751537323
          },
          {
            "X": 0.5195949673652649,
            "Y": 0.23676256835460663
          }
        ]
      },
      "Id": "89ab6a1f-8e4c-41e3-bba9-05a5f23d34f1",
      "Page": 1
    },
    {
      "BlockType": "WORD",
      "Confidence": 99.82232666015625,
      "Text": "de",
      "TextType": "PRINTED",
      "Geometry": {
        "BoundingBox": {
          "Width": 0.021550575271248817,
          "Height": 0.012228420004248619,
          "Left": 0.5746296644210815,
          "Top": 0.22125324606895447
        },
        "Polygon": [
          {
            "X": 0.5749086141586304,
            "Y": 0.2223445326089859
          },
          {
            "X": 0.596180260181427,
            "Y": 0.22125324606895447
          },
          {
            "X": 0.5959312319755554,
            "Y": 0.23242582380771637
          },
          {
            "X": 0.5746296644210815,
            "Y": 0.23348167538642883
          }
        ]
      },
      "Id": "c13a4e0c-a070-4198-b6b0-269f854db4af",
      "Page": 1
    },
    {
      "BlockType": "WORD",
      "Confidence": 99.60044860839844,
      "Text": "uma",
      "TextType": "PRINTED",
      "Geometry": {
        "BoundingBox": {
          "Width": 0.03260764479637146,
          "Height": 0.010505136102437973,
          "Left": 0.6080531477928162,
          "Top": 0.22097042202949524
        },
        "Polygon": [
          {
            "X": 0.60823655128479,
            "Y": 0.22262385487556458
          },
          {
            "X": 0.64066082239151,
            "Y": 0.22097042202949524
          },
          {
            "X": 0.6405139565467834,
            "Y": 0.22986483573913574
          },
          {
            "X": 0.6080531477928162,
            "Y": 0.2314755618572235
          }
        ]
      },
      "Id": "20eba916-691b-4a9f-9397-6e8201e0754d",
      "Page": 1
    },
    {
      "BlockType": "WORD",
      "Confidence": 91.61893463134766,
      "Text": "única",
      "TextType": "PRINTED",
      "Geometry": {
        "BoundingBox": {
          "Width": 0.05670710653066635,
          "Height": 0.015115439891815186,
          "Left": 0.6528201103210449,
          "Top": 0.21406331658363342
        },
        "Polygon": [
          {
            "X": 0.653002142906189,
            "Y": 0.21697506308555603
          },
          {
            "X": 0.7095272541046143,
            "Y": 0.21406331658363342
          },
          {
            "X": 0.7094340920448303,
            "Y": 0.22636887431144714
          },
          {
            "X": 0.6528201103210449,
            "Y": 0.2291787564754486
          }
        ]
      },
      "Id": "b3a5df5c-9f09-439f-acf8-6f29e9ac0e59",
      "Page": 1
    },
    {
      "BlockType": "WORD",
      "Confidence": 99.6921157836914,
      "Text": "API",
      "TextType": "PRINTED",
      "Geometry": {
        "BoundingBox": {
          "Width": 0.030134249478578568,
          "Height": 0.011290264315903187,
          "Left": 0.36463576555252075,
          "Top": 0.24946855008602142
        },
        "Polygon": [
          {
            "X": 0.36514919996261597,
            "Y": 0.25090309977531433
          },
          {
            "X": 0.3947700262069702,
            "Y": 0.24946855008602142
          },
          {
            "X": 0.39429208636283875,
            "Y": 0.2593695819377899
          },
          {
            "X": 0.36463576555252075,
            "Y": 0.26075881719589233
          }
        ]
      },
      "Id": "5d0a74fe-2409-4f3e-aae0-82a5d78999be",
      "Page": 1
    },
    {
      "BlockType": "WORD",
      "Confidence": 88.63448333740234,
      "Text": "Importação,",
      "TextType": "PRINTED",
      "Geometry": {
        "BoundingBox": {
          "Width": 0.10949967056512833,
          "Height": 0.019372090697288513,
          "Left": 0.36241284012794495,
          "Top": 0.2782241106033325
        },
        "Polygon": [
          {
            "X": 0.36317744851112366,
            "Y": 0.2829298675060272
          },
          {
            "X": 0.4719125032424927,
            "Y": 0.2782241106033325
          },
          {
            "X": 0.4713435769081116,
            "Y": 0.2931392788887024
          },
          {
            "X": 0.36241284012794495,
            "Y": 0.29759618639945984
          }
        ]
      },
      "Id": "36a49afb-4875-4f40-b6df-8f390b4dd587",
      "Page": 1
    },
    {
      "BlockType": "WORD",
      "Confidence": 95.19585418701172,
      "Text": "destilação",
      "TextType": "PRINTED",
      "Geometry": {
        "BoundingBox": {
          "Width": 0.10885041952133179,
          "Height": 0.02027934417128563,
          "Left": 0.48553645610809326,
          "Top": 0.27185189723968506
        },
        "Polygon": [
          {
            "X": 0.4861021935939789,
            "Y": 0.27655622363090515
          },
          {
            "X": 0.594386875629425,
            "Y": 0.27185189723968506
          },
          {
            "X": 0.5940327048301697,
            "Y": 0.28768476843833923
          },
          {
            "X": 0.48553645610809326,
            "Y": 0.292131245136261
          }
        ]
      },
      "Id": "df1b5029-67bb-4f84-8a7c-db34da233eba",
      "Page": 1
    },
    {
      "BlockType": "WORD",
      "Confidence": 99.40779113769531,
      "Text": "e",
      "TextType": "PRINTED",
      "Geometry": {
        "BoundingBox": {
          "Width": 0.01106176432222128,
          "Height": 0.009629539214074612,
          "Left": 0.6057038903236389,
          "Top": 0.27364209294319153
        },
        "Polygon": [
          {
            "X": 0.6058951616287231,
            "Y": 0.27410969138145447
          },
          {
            "X": 0.6167656183242798,
            "Y": 0.27364209294319153
          },
          {
            "X": 0.6165868639945984,
            "Y": 0.2828189730644226
          },
          {
            "X": 0.6057038903236389,
            "Y": 0.2832716405391693
          }
        ]
      },
      "Id": "1a56413f-b5a4-4d16-a22b-04b6c0ad18fa",
      "Page": 1
    },
    {
      "BlockType": "WORD",
      "Confidence": 99.6766128540039,
      "Text": "ajuste",
      "TextType": "PRINTED",
      "Geometry": {
        "BoundingBox": {
          "Width": 0.0680638775229454,
          "Height": 0.017064105719327927,
          "Left": 0.6288330554962158,
          "Top": 0.26755908131599426
        },
        "Polygon": [
          {
            "X": 0.6290857791900635,
            "Y": 0.2705034017562866
          },
          {
            "X": 0.6968969106674194,
            "Y": 0.26755908131599426
          },
          {
            "X": 0.6967664361000061,
            "Y": 0.2818219065666199
          },
          {
            "X": 0.6288330554962158,
            "Y": 0.2846232056617737
          }
        ]
      },
      "Id": "3409c79c-5c0b-4eb7-a661-b6cee2b6dfeb",
      "Page": 1
    },
    {
      "BlockType": "WORD",
      "Confidence": 99.80272674560547,
      "Text": "fino",
      "TextType": "PRINTED",
      "Geometry": {
        "BoundingBox": {
          "Width": 0.04013795405626297,
          "Height": 0.012908334843814373,
          "Left": 0.36171409487724304,
          "Top": 0.2971128225326538
        },
        "Polygon": [
          {
            "X": 0.36230313777923584,
            "Y": 0.2987237870693207
          },
          {
            "X": 0.4018520414829254,
            "Y": 0.2971128225326538
          },
          {
            "X": 0.4013170599937439,
            "Y": 0.30848005414009094
          },
          {
            "X": 0.36171409487724304,
            "Y": 0.31002116203308105
          }
        ]
      },
      "Id": "1a1a7729-facc-4299-82a1-902fea68bbd8",
      "Page": 1
    },
    {
      "BlockType": "WORD",
      "Confidence": 99.8874282836914,
      "Text": "de",
      "TextType": "PRINTED",
      "Geometry": {
        "BoundingBox": {
          "Width": 0.020694663748145103,
          "Height": 0.01207062229514122,
          "Left": 0.4118450880050659,
          "Top": 0.29616284370422363
        },
        "Polygon": [
          {
            "X": 0.4123593270778656,
            "Y": 0.29698389768600464
          },
          {
            "X": 0.4325397312641144,
            "Y": 0.29616284370422363
          },
          {
            "X": 0.4320531189441681,
            "Y": 0.307447612285614
          },
          {
            "X": 0.4118450880050659,
            "Y": 0.30823346972465515
          }
        ]
      },
      "Id": "7efe31c2-5138-4bbd-8b8e-8fc3c4b59d42",
      "Page": 1
    },
    {
      "BlockType": "WORD",
      "Confidence": 99.49342346191406,
      "Text": "modelos",
      "TextType": "PRINTED",
      "Geometry": {
        "BoundingBox": {
          "Width": 0.07388027012348175,
          "Height": 0.014509179629385471,
          "Left": 0.4418255090713501,
          "Top": 0.2923145294189453
        },
        "Polygon": [
          {
            "X": 0.4423077404499054,
            "Y": 0.29530617594718933
          },
          {
            "X": 0.5157057642936707,
            "Y": 0.2923145294189453
          },
          {
            "X": 0.5153279304504395,
            "Y": 0.30396249890327454
          },
          {
            "X": 0.4418255090713501,
            "Y": 0.30682373046875
          }
        ]
      },
      "Id": "3d9b7a51-a0fa-4869-964c-607dc874c202",
      "Page": 1
    },
    {
      "BlockType": "WORD",
      "Confidence": 99.94218444824219,
      "Text": "Amazon",
      "TextType": "PRINTED",
      "Geometry": {
        "BoundingBox": {
          "Width": 0.07208609580993652,
          "Height": 0.014860127121210098,
          "Left": 0.09530903398990631,
          "Top": 0.34034764766693115
        },
        "Polygon": [
          {
            "X": 0.09637065976858139,
            "Y": 0.3428420126438141
          },
          {
            "X": 0.16739512979984283,
            "Y": 0.34034764766693115
          },
          {
            "X": 0.1664344221353531,
            "Y": 0.3528577983379364
          },
          {
            "X": 0.09530903398990631,
            "Y": 0.35520780086517334
          }
        ]
      },
      "Id": "4a8879c4-6acc-4f58-94cb-5e327d1646ad",
      "Page": 1
    },
    {
      "BlockType": "WORD",
      "Confidence": 99.62984466552734,
      "Text": "Bedrock",
      "TextType": "PRINTED",
      "Geometry": {
        "BoundingBox": {
          "Width": 0.0878000259399414,
          "Height": 0.01735807955265045,
          "Left": 0.17965257167816162,
          "Top": 0.33551833033561707
        },
        "Polygon": [
          {
            "X": 0.18072609603405,
            "Y": 0.338582843542099
          },
          {
            "X": 0.267452597618103,
            "Y": 0.33551833033561707
          },
          {
            "X": 0.26652443408966064,
            "Y": 0.35001274943351746
          },
          {
            "X": 0.17965257167816162,
            "Y": 0.3528764247894287
          }
        ]
      },
      "Id": "d59073f0-a4b5-46dd-ac18-a3e35898bc04",
      "Page": 1
    },
    {
      "BlockType": "WORD",
      "Confidence": 98.53413391113281,
      "Text": "Ferramentas",
      "TextType": "PRINTED",
      "Geometry": {
        "BoundingBox": {
          "Width": 0.1118437722325325,
          "Height": 0.01587737910449505,
          "Left": 0.36005449295043945,
          "Top": 0.3265988826751709
        },
        "Polygon": [
          {
            "X": 0.3606758117675781,
            "Y": 0.3305588662624359
          },
          {
            "X": 0.47189825773239136,
            "Y": 0.3265988826751709
          },
          {
            "X": 0.47143858671188354,
            "Y": 0.3387244641780853
          },
          {
            "X": 0.36005449295043945,
            "Y": 0.3424762487411499
          }
        ]
      },
      "Id": "0440f1c0-1cad-49c2-8c08-4baf33017969",
      "Page": 1
    },
    {
      "BlockType": "WORD",
      "Confidence": 99.85979461669922,
      "Text": "de",
      "TextType": "PRINTED",
      "Geometry": {
        "BoundingBox": {
          "Width": 0.020915059372782707,
          "Height": 0.011944633908569813,
          "Left": 0.4828945994377136,
          "Top": 0.3257926106452942
        },
        "Polygon": [
          {
            "X": 0.48330339789390564,
            "Y": 0.3265216648578644
          },
          {
            "X": 0.5038096308708191,
            "Y": 0.3257926106452942
          },
          {
            "X": 0.503429114818573,
            "Y": 0.3370436131954193
          },
          {
            "X": 0.4828945994377136,
            "Y": 0.3377372622489929
          }
        ]
      },
      "Id": "ac94698f-18af-4656-aaff-9f1a38a3b25b",
      "Page": 1
    },
    {
      "BlockType": "WORD",
      "Confidence": 99.43445587158203,
      "Text": "IA",
      "TextType": "PRINTED",
      "Geometry": {
        "BoundingBox": {
          "Width": 0.02169659547507763,
          "Height": 0.011490272358059883,
          "Left": 0.5151895880699158,
          "Top": 0.3249397277832031
        },
        "Polygon": [
          {
            "X": 0.5155364871025085,
            "Y": 0.325697660446167
          },
          {
            "X": 0.5368861556053162,
            "Y": 0.3249397277832031
          },
          {
            "X": 0.5365675687789917,
            "Y": 0.3357071578502655
          },
          {
            "X": 0.5151895880699158,
            "Y": 0.33642998337745667
          }
        ]
      },
      "Id": "29185295-cf7f-429d-b4e0-de7d3d0864cd",
      "Page": 1
    },
    {
      "BlockType": "WORD",
      "Confidence": 98.74779510498047,
      "Text": "generativa",
      "TextType": "PRINTED",
      "Geometry": {
        "BoundingBox": {
          "Width": 0.11166330426931381,
          "Height": 0.018321024253964424,
          "Left": 0.5476391911506653,
          "Top": 0.3197108805179596
        },
        "Polygon": [
          {
            "X": 0.5480435490608215,
            "Y": 0.32367590069770813
          },
          {
            "X": 0.6593025326728821,
            "Y": 0.3197108805179596
          },
          {
            "X": 0.6590994596481323,
            "Y": 0.33431029319763184
          },
          {
            "X": 0.5476391911506653,
            "Y": 0.33803191781044006
          }
        ]
      },
      "Id": "c70ca668-2142-4b45-b32d-dc4725682780",
      "Page": 1
    },
    {
      "BlockType": "WORD",
      "Confidence": 95.17317962646484,
      "Text": "-",
      "TextType": "PRINTED",
      "Geometry": {
        "BoundingBox": {
          "Width": 0.013518696650862694,
          "Height": 0.005158502142876387,
          "Left": 0.6719594597816467,
          "Top": 0.3230230212211609
        },
        "Polygon": [
          {
            "X": 0.672016978263855,
            "Y": 0.32349395751953125
          },
          {
            "X": 0.685478150844574,
            "Y": 0.3230230212211609
          },
          {
            "X": 0.6854286193847656,
            "Y": 0.3277199864387512
          },
          {
            "X": 0.6719594597816467,
            "Y": 0.32818150520324707
          }
        ]
      },
      "Id": "ae5999c4-c43a-4f4c-8c1f-a8630800bb00",
      "Page": 1
    },
    {
      "BlockType": "WORD",
      "Confidence": 99.88330078125,
      "Text": "A",
      "TextType": "PRINTED",
      "Geometry": {
        "BoundingBox": {
          "Width": 0.010565942153334618,
          "Height": 0.009726890362799168,
          "Left": 0.09301085770130157,
          "Top": 0.3596954047679901
        },
        "Polygon": [
          {
            "X": 0.09382022172212601,
            "Y": 0.36000993847846985
          },
          {
            "X": 0.10357680171728134,
            "Y": 0.3596954047679901
          },
          {
            "X": 0.10277783870697021,
            "Y": 0.3691228926181793
          },
          {
            "X": 0.09301085770130157,
            "Y": 0.3694222867488861
          }
        ]
      },
      "Id": "5cde1fcc-d79a-4ef9-8926-a7cea785419b",
      "Page": 1
    },
    {
      "BlockType": "WORD",
      "Confidence": 98.99876403808594,
      "Text": "maneira",
      "TextType": "PRINTED",
      "Geometry": {
        "BoundingBox": {
          "Width": 0.05507640913128853,
          "Height": 0.012238945811986923,
          "Left": 0.10689520835876465,
          "Top": 0.3570597469806671
        },
        "Polygon": [
          {
            "X": 0.10777826607227325,
            "Y": 0.35881364345550537
          },
          {
            "X": 0.16197161376476288,
            "Y": 0.3570597469806671
          },
          {
            "X": 0.1611536592245102,
            "Y": 0.3676382303237915
          },
          {
            "X": 0.10689520835876465,
            "Y": 0.36929869651794434
          }
        ]
      },
      "Id": "17cf7bf1-8fda-4479-88a7-f8417ae091dd",
      "Page": 1
    },
    {
      "BlockType": "WORD",
      "Confidence": 99.84171295166016,
      "Text": "mais",
      "TextType": "PRINTED",
      "Geometry": {
        "BoundingBox": {
          "Width": 0.033102747052907944,
          "Height": 0.011552204377949238,
          "Left": 0.16565914452075958,
          "Top": 0.3559023141860962
        },
        "Polygon": [
          {
            "X": 0.16646556556224823,
            "Y": 0.3569473624229431
          },
          {
            "X": 0.19876188039779663,
            "Y": 0.3559023141860962
          },
          {
            "X": 0.197994664311409,
            "Y": 0.3664647042751312
          },
          {
            "X": 0.16565914452075958,
            "Y": 0.36745452880859375
          }
        ]
      },
      "Id": "f4b7924e-43dd-4270-ad20-cf354994f0ec",
      "Page": 1
    },
    {
      "BlockType": "WORD",
      "Confidence": 96.38993835449219,
      "Text": "fácil",
      "TextType": "PRINTED",
      "Geometry": {
        "BoundingBox": {
          "Width": 0.03077659383416176,
          "Height": 0.012094116769731045,
          "Left": 0.20182350277900696,
          "Top": 0.3542882800102234
        },
        "Polygon": [
          {
            "X": 0.20262593030929565,
            "Y": 0.3552607595920563
          },
          {
            "X": 0.23260009288787842,
            "Y": 0.3542882800102234
          },
          {
            "X": 0.2318364530801773,
            "Y": 0.36546385288238525
          },
          {
            "X": 0.20182350277900696,
            "Y": 0.3663824200630188
          }
        ]
      },
      "Id": "a5077145-76f2-4d0c-aafc-487468d4963e",
      "Page": 1
    },
    {
      "BlockType": "WORD",
      "Confidence": 99.86668395996094,
      "Text": "de",
      "TextType": "PRINTED",
      "Geometry": {
        "BoundingBox": {
          "Width": 0.018899371847510338,
          "Height": 0.011357951909303665,
          "Left": 0.23585130274295807,
          "Top": 0.35407555103302
        },
        "Polygon": [
          {
            "X": 0.2365817278623581,
            "Y": 0.35466352105140686
          },
          {
            "X": 0.25475066900253296,
            "Y": 0.35407555103302
          },
          {
            "X": 0.2540431320667267,
            "Y": 0.36487701535224915
          },
          {
            "X": 0.23585130274295807,
            "Y": 0.3654334843158722
          }
        ]
      },
      "Id": "6c505025-5822-4a19-ad85-4c015467a943",
      "Page": 1
    },
    {
      "BlockType": "WORD",
      "Confidence": 99.54254913330078,
      "Text": "criar",
      "TextType": "PRINTED",
      "Geometry": {
        "BoundingBox": {
          "Width": 0.032849885523319244,
          "Height": 0.011760172434151173,
          "Left": 0.2582809329032898,
          "Top": 0.35319840908050537
        },
        "Polygon": [
          {
            "X": 0.25897741317749023,
            "Y": 0.3542373478412628
          },
          {
            "X": 0.29113081097602844,
            "Y": 0.35319840908050537
          },
          {
            "X": 0.29047489166259766,
            "Y": 0.3639748990535736
          },
          {
            "X": 0.2582809329032898,
            "Y": 0.36495858430862427
          }
        ]
      },
      "Id": "4dc62d3e-e43f-4dc5-8b8f-fb4f7839998c",
      "Page": 1
    },
    {
      "BlockType": "WORD",
      "Confidence": 99.65747833251953,
      "Text": "e",
      "TextType": "PRINTED",
      "Geometry": {
        "BoundingBox": {
          "Width": 0.008976603858172894,
          "Height": 0.008407961577177048,
          "Left": 0.29465726017951965,
          "Top": 0.3554163873195648
        },
        "Polygon": [
          {
            "X": 0.29514822363853455,
            "Y": 0.3556869626045227
          },
          {
            "X": 0.3036338686943054,
            "Y": 0.3554163873195648
          },
          {
            "X": 0.30315104126930237,
            "Y": 0.36356478929519653
          },
          {
            "X": 0.29465726017951965,
            "Y": 0.36382436752319336
          }
        ]
      },
      "Id": "378c9ce4-cb6b-4064-8842-813e2401877b",
      "Page": 1
    },
    {
      "BlockType": "WORD",
      "Confidence": 99.89646911621094,
      "Text": "bases",
      "TextType": "PRINTED",
      "Geometry": {
        "BoundingBox": {
          "Width": 0.04996214061975479,
          "Height": 0.01312910858541727,
          "Left": 0.3581196963787079,
          "Top": 0.3445418179035187
        },
        "Polygon": [
          {
            "X": 0.35872071981430054,
            "Y": 0.34617534279823303
          },
          {
            "X": 0.40808185935020447,
            "Y": 0.3445418179035187
          },
          {
            "X": 0.4075491428375244,
            "Y": 0.3561267554759979
          },
          {
            "X": 0.3581196963787079,
            "Y": 0.35767093300819397
          }
        ]
      },
      "Id": "80139b24-b812-46fd-8743-2449ac054ee7",
      "Page": 1
    },
    {
      "BlockType": "WORD",
      "Confidence": 99.85755157470703,
      "Text": "de",
      "TextType": "PRINTED",
      "Geometry": {
        "BoundingBox": {
          "Width": 0.020470693707466125,
          "Height": 0.011837365105748177,
          "Left": 0.4190775454044342,
          "Top": 0.3438245952129364
        },
        "Polygon": [
          {
            "X": 0.4195750951766968,
            "Y": 0.3444845378398895
          },
          {
            "X": 0.43954822421073914,
            "Y": 0.3438245952129364
          },
          {
            "X": 0.4390777349472046,
            "Y": 0.35503682494163513
          },
          {
            "X": 0.4190775454044342,
            "Y": 0.35566195845603943
          }
        ]
      },
      "Id": "20e6b848-eb4c-477f-a778-e82f67f84edd",
      "Page": 1
    },
    {
      "BlockType": "WORD",
      "Confidence": 98.92047119140625,
      "Text": "conhecimento",
      "TextType": "PRINTED",
      "Geometry": {
        "BoundingBox": {
          "Width": 0.12976978719234467,
          "Height": 0.016769038513302803,
          "Left": 0.4502352178096771,
          "Top": 0.3384695053100586
        },
        "Polygon": [
          {
            "X": 0.4507412910461426,
            "Y": 0.342754989862442
          },
          {
            "X": 0.5800049901008606,
            "Y": 0.3384695053100586
          },
          {
            "X": 0.5796991586685181,
            "Y": 0.3512033224105835
          },
          {
            "X": 0.4502352178096771,
            "Y": 0.35523852705955505
          }
        ]
      },
      "Id": "d9071e3d-620f-4b92-9980-d524573d6048",
      "Page": 1
    },
    {
      "BlockType": "WORD",
      "Confidence": 97.13457489013672,
      "Text": "(RAG),",
      "TextType": "PRINTED",
      "Geometry": {
        "BoundingBox": {
          "Width": 0.0628344938158989,
          "Height": 0.016224119812250137,
          "Left": 0.5927234888076782,
          "Top": 0.33552584052085876
        },
        "Polygon": [
          {
            "X": 0.5930398106575012,
            "Y": 0.33760273456573486
          },
          {
            "X": 0.6555579900741577,
            "Y": 0.33552584052085876
          },
          {
            "X": 0.6553528904914856,
            "Y": 0.34980714321136475
          },
          {
            "X": 0.5927234888076782,
            "Y": 0.3517499566078186
          }
        ]
      },
      "Id": "52ebc185-ae25-48ce-9b0c-a2457be8eb80",
      "Page": 1
    },
    {
      "BlockType": "WORD",
      "Confidence": 99.17459869384766,
      "Text": "escalar",
      "TextType": "PRINTED",
      "Geometry": {
        "BoundingBox": {
          "Width": 0.047604452818632126,
          "Height": 0.012047949247062206,
          "Left": 0.09152022749185562,
          "Top": 0.37129706144332886
        },
        "Polygon": [
          {
            "X": 0.09243576228618622,
            "Y": 0.37270256876945496
          },
          {
            "X": 0.13912467658519745,
            "Y": 0.37129706144332886
          },
          {
            "X": 0.1382657140493393,
            "Y": 0.38202157616615295
          },
          {
            "X": 0.09152022749185562,
            "Y": 0.38334500789642334
          }
        ]
      },
      "Id": "54f7aa3b-64bb-4ed7-b1b9-e1581a71e93a",
      "Page": 1
    },
    {
      "BlockType": "WORD",
      "Confidence": 96.17491912841797,
      "Text": "aplicações",
      "TextType": "PRINTED",
      "Geometry": {
        "BoundingBox": {
          "Width": 0.0731431245803833,
          "Height": 0.015511015430092812,
          "Left": 0.1412505805492401,
          "Top": 0.36837783455848694
        },
        "Polygon": [
          {
            "X": 0.1423131674528122,
            "Y": 0.37055549025535583
          },
          {
            "X": 0.2143937051296234,
            "Y": 0.36837783455848694
          },
          {
            "X": 0.21344220638275146,
            "Y": 0.3818685710430145
          },
          {
            "X": 0.1412505805492401,
            "Y": 0.383888840675354
          }
        ]
      },
      "Id": "43b3b78f-fac0-4186-b8c8-532d3599f56a",
      "Page": 1
    },
    {
      "BlockType": "WORD",
      "Confidence": 99.8227310180664,
      "Text": "de",
      "TextType": "PRINTED",
      "Geometry": {
        "BoundingBox": {
          "Width": 0.018309079110622406,
          "Height": 0.01130159106105566,
          "Left": 0.21764734387397766,
          "Top": 0.36826011538505554
        },
        "Polygon": [
          {
            "X": 0.21840161085128784,
            "Y": 0.3687889277935028
          },
          {
            "X": 0.23595643043518066,
            "Y": 0.36826011538505554
          },
          {
            "X": 0.2352241575717926,
            "Y": 0.3790634572505951
          },
          {
            "X": 0.21764734387397766,
            "Y": 0.3795616924762726
          }
        ]
      },
      "Id": "8e0f3d4e-b8e3-4c69-8b66-d6b3ae7ab8a4",
      "Page": 1
    },
    {
      "BlockType": "WORD",
      "Confidence": 99.49310302734375,
      "Text": "IA",
      "TextType": "PRINTED",
      "Geometry": {
        "BoundingBox": {
          "Width": 0.01537075825035572,
          "Height": 0.010575811378657818,
          "Left": 0.23971492052078247,
          "Top": 0.36824914813041687
        },
        "Polygon": [
          {
            "X": 0.24039609730243683,
            "Y": 0.36869028210639954
          },
          {
            "X": 0.25508567690849304,
            "Y": 0.36824914813041687
          },
          {
            "X": 0.2544218599796295,
            "Y": 0.3784078061580658
          },
          {
            "X": 0.23971492052078247,
            "Y": 0.37882494926452637
          }
        ]
      },
      "Id": "c1e244ac-25ce-4c52-819d-b550bae28f1c",
      "Page": 1
    },
    {
      "BlockType": "WORD",
      "Confidence": 96.9365234375,
      "Text": "barreiras",
      "TextType": "PRINTED",
      "Geometry": {
        "BoundingBox": {
          "Width": 0.09164166450500488,
          "Height": 0.015145283192396164,
          "Left": 0.3571103811264038,
          "Top": 0.3588736951351166
        },
        "Polygon": [
          {
            "X": 0.3577568829059601,
            "Y": 0.36165791749954224
          },
          {
            "X": 0.4487520456314087,
            "Y": 0.3588736951351166
          },
          {
            "X": 0.44824162125587463,
            "Y": 0.3714123070240021
          },
          {
            "X": 0.3571103811264038,
            "Y": 0.37401896715164185
          }
        ]
      },
      "Id": "892ed48e-88a2-46ff-824c-484c1213cab6",
      "Page": 1
    },
    {
      "BlockType": "WORD",
      "Confidence": 99.82433319091797,
      "Text": "de",
      "TextType": "PRINTED",
      "Geometry": {
        "BoundingBox": {
          "Width": 0.020840980112552643,
          "Height": 0.011982215568423271,
          "Left": 0.45992761850357056,
          "Top": 0.3587389588356018
        },
        "Polygon": [
          {
            "X": 0.4603732228279114,
            "Y": 0.3593602776527405
          },
          {
            "X": 0.480768620967865,
            "Y": 0.3587389588356018
          },
          {
            "X": 0.48035120964050293,
            "Y": 0.3701358437538147
          },
          {
            "X": 0.45992761850357056,
            "Y": 0.3707211911678314
          }
        ]
      },
      "Id": "3feedd51-4f4a-43c6-97de-a8d7cc8b2c9c",
      "Page": 1
    },
    {
      "BlockType": "WORD",
      "Confidence": 86.97674560546875,
      "Text": "proteção,",
      "TextType": "PRINTED",
      "Geometry": {
        "BoundingBox": {
          "Width": 0.09656381607055664,
          "Height": 0.017887892201542854,
          "Left": 0.49065765738487244,
          "Top": 0.3549730181694031
        },
        "Polygon": [
          {
            "X": 0.4911855161190033,
            "Y": 0.35790643095970154
          },
          {
            "X": 0.5872215032577515,
            "Y": 0.3549730181694031
          },
          {
            "X": 0.5868716835975647,
            "Y": 0.3701493442058563
          },
          {
            "X": 0.49065765738487244,
            "Y": 0.3728609085083008
          }
        ]
      },
      "Id": "4277bdff-b74d-42c5-b3a6-d8b22bd54e26",
      "Page": 1
    },
    {
      "BlockType": "WORD",
      "Confidence": 99.35935974121094,
      "Text": "fluxos",
      "TextType": "PRINTED",
      "Geometry": {
        "BoundingBox": {
          "Width": 0.0685332715511322,
          "Height": 0.01455763354897499,
          "Left": 0.6022620797157288,
          "Top": 0.35205164551734924
        },
        "Polygon": [
          {
            "X": 0.6025251150131226,
            "Y": 0.3541408181190491
          },
          {
            "X": 0.6707953810691833,
            "Y": 0.35205164551734924
          },
          {
            "X": 0.6706393361091614,
            "Y": 0.3646492063999176
          },
          {
            "X": 0.6022620797157288,
            "Y": 0.36660927534103394
          }
        ]
      },
      "Id": "6c1ad794-1ce7-4ddd-b9e2-a4ebcd796d0b",
      "Page": 1
    },
    {
      "BlockType": "WORD",
      "Confidence": 99.72591400146484,
      "Text": "e",
      "TextType": "PRINTED",
      "Geometry": {
        "BoundingBox": {
          "Width": 0.010554248467087746,
          "Height": 0.009553724899888039,
          "Left": 0.6840943098068237,
          "Top": 0.35402101278305054
        },
        "Polygon": [
          {
            "X": 0.6841928958892822,
            "Y": 0.3543366491794586
          },
          {
            "X": 0.6946485638618469,
            "Y": 0.35402101278305054
          },
          {
            "X": 0.6945621967315674,
            "Y": 0.363273561000824
          },
          {
            "X": 0.6840943098068237,
            "Y": 0.363574743270874
          }
        ]
      },
      "Id": "38a681d5-a76b-4c83-93a1-11c92350c137",
      "Page": 1
    },
    {
      "BlockType": "WORD",
      "Confidence": 98.44542694091797,
      "Text": "generativa",
      "TextType": "PRINTED",
      "Geometry": {
        "BoundingBox": {
          "Width": 0.07294002920389175,
          "Height": 0.01453399658203125,
          "Left": 0.08961640298366547,
          "Top": 0.3839062452316284
        },
        "Polygon": [
          {
            "X": 0.09069530665874481,
            "Y": 0.38590991497039795
          },
          {
            "X": 0.16255642473697662,
            "Y": 0.3839062452316284
          },
          {
            "X": 0.16158032417297363,
            "Y": 0.3965855836868286
          },
          {
            "X": 0.08961640298366547,
            "Y": 0.39844024181365967
          }
        ]
      },
      "Id": "03461344-758b-4dea-af2e-0de82603390d",
      "Page": 1
    },
    {
      "BlockType": "WORD",
      "Confidence": 99.73776245117188,
      "Text": "com",
      "TextType": "PRINTED",
      "Geometry": {
        "BoundingBox": {
          "Width": 0.030356064438819885,
          "Height": 0.00933089666068554,
          "Left": 0.16549386084079742,
          "Top": 0.38508471846580505
        },
        "Polygon": [
          {
            "X": 0.1661451756954193,
            "Y": 0.3859025835990906
          },
          {
            "X": 0.1958499252796173,
            "Y": 0.38508471846580505
          },
          {
            "X": 0.1952276974916458,
            "Y": 0.39363905787467957
          },
          {
            "X": 0.16549386084079742,
            "Y": 0.39441561698913574
          }
        ]
      },
      "Id": "4ecf8a33-eb28-474f-8f33-71e60ac01572",
      "Page": 1
    },
    {
      "BlockType": "WORD",
      "Confidence": 99.37361145019531,
      "Text": "modelos",
      "TextType": "PRINTED",
      "Geometry": {
        "BoundingBox": {
          "Width": 0.06234384700655937,
          "Height": 0.013131487183272839,
          "Left": 0.19995857775211334,
          "Top": 0.38112375140190125
        },
        "Polygon": [
          {
            "X": 0.20078204572200775,
            "Y": 0.3828391134738922
          },
          {
            "X": 0.262302428483963,
            "Y": 0.38112375140190125
          },
          {
            "X": 0.2615608274936676,
            "Y": 0.3926539421081543
          },
          {
            "X": 0.19995857775211334,
            "Y": 0.39425522089004517
          }
        ]
      },
      "Id": "c04c64d9-dead-4b4e-ac30-c30eaa9fc12b",
      "Page": 1
    },
    {
      "BlockType": "WORD",
      "Confidence": 99.85137939453125,
      "Text": "de",
      "TextType": "PRINTED",
      "Geometry": {
        "BoundingBox": {
          "Width": 0.01835774816572666,
          "Height": 0.011378908529877663,
          "Left": 0.2660458981990814,
          "Top": 0.38102662563323975
        },
        "Polygon": [
          {
            "X": 0.26673999428749084,
            "Y": 0.3815176486968994
          },
          {
            "X": 0.28440365195274353,
            "Y": 0.38102662563323975
          },
          {
            "X": 0.2837320566177368,
            "Y": 0.39194542169570923
          },
          {
            "X": 0.2660458981990814,
            "Y": 0.39240553975105286
          }
        ]
      },
      "Id": "a068a95c-eb12-4302-b872-714465e0d40f",
      "Page": 1
    },
    {
      "BlockType": "WORD",
      "Confidence": 99.43436431884766,
      "Text": "agentes",
      "TextType": "PRINTED",
      "Geometry": {
        "BoundingBox": {
          "Width": 0.07028660923242569,
          "Height": 0.01508452370762825,
          "Left": 0.35598838329315186,
          "Top": 0.37647128105163574
        },
        "Polygon": [
          {
            "X": 0.3566761314868927,
            "Y": 0.37841278314590454
          },
          {
            "X": 0.42627498507499695,
            "Y": 0.37647128105163574
          },
          {
            "X": 0.4256972670555115,
            "Y": 0.38975903391838074
          },
          {
            "X": 0.35598838329315186,
            "Y": 0.3915557861328125
          }
        ]
      },
      "Id": "8d9d0b59-b62e-447b-94b4-68be8feccccb",
      "Page": 1
    },
    {
      "BlockType": "WORD",
      "Confidence": 99.94242095947266,
      "Text": "base",
      "TextType": "PRINTED",
      "Geometry": {
        "BoundingBox": {
          "Width": 0.031221240758895874,
          "Height": 0.011208996176719666,
          "Left": 0.08801870048046112,
          "Top": 0.39838433265686035
        },
        "Polygon": [
          {
            "X": 0.08891770243644714,
            "Y": 0.3991621732711792
          },
          {
            "X": 0.119239941239357,
            "Y": 0.39838433265686035
          },
          {
            "X": 0.11837669461965561,
            "Y": 0.40886789560317993
          },
          {
            "X": 0.08801870048046112,
            "Y": 0.4095933139324188
          }
        ]
      },
      "Id": "d675bdf9-759f-4939-b086-2f8b30ba3f11",
      "Page": 1
    },
    {
      "BlockType": "WORD",
      "Confidence": 94.02812957763672,
      "Text": "Segurança,",
      "TextType": "PRINTED",
      "Geometry": {
        "BoundingBox": {
          "Width": 0.10091381520032883,
          "Height": 0.016941897571086884,
          "Left": 0.3530932068824768,
          "Top": 0.40584519505500793
        },
        "Polygon": [
          {
            "X": 0.353861004114151,
            "Y": 0.4081585705280304
          },
          {
            "X": 0.45400702953338623,
            "Y": 0.40584519505500793
          },
          {
            "X": 0.45341554284095764,
            "Y": 0.420706570148468
          },
          {
            "X": 0.3530932068824768,
            "Y": 0.422787070274353
          }
        ]
      },
      "Id": "7efba9ee-f711-41f2-a347-47dccec92c4c",
      "Page": 1
    },
    {
      "BlockType": "WORD",
      "Confidence": 98.11776733398438,
      "Text": "privacidade",
      "TextType": "PRINTED",
      "Geometry": {
        "BoundingBox": {
          "Width": 0.12204265594482422,
          "Height": 0.017472805455327034,
          "Left": 0.4663122892379761,
          "Top": 0.4024399518966675
        },
        "Polygon": [
          {
            "X": 0.46687188744544983,
            "Y": 0.40525195002555847
          },
          {
            "X": 0.5883549451828003,
            "Y": 0.4024399518966675
          },
          {
            "X": 0.5880148410797119,
            "Y": 0.417378693819046
          },
          {
            "X": 0.4663122892379761,
            "Y": 0.41991275548934937
          }
        ]
      },
      "Id": "fee10926-5c5b-4791-a2c6-209698f0f201",
      "Page": 1
    },
    {
      "BlockType": "WORD",
      "Confidence": 99.4776382446289,
      "Text": "e",
      "TextType": "PRINTED",
      "Geometry": {
        "BoundingBox": {
          "Width": 0.010719616897404194,
          "Height": 0.009444109164178371,
          "Left": 0.5999740958213806,
          "Top": 0.40578848123550415
        },
        "Polygon": [
          {
            "X": 0.600169837474823,
            "Y": 0.406025767326355
          },
          {
            "X": 0.6106937527656555,
            "Y": 0.40578848123550415
          },
          {
            "X": 0.610509991645813,
            "Y": 0.41501012444496155
          },
          {
            "X": 0.5999740958213806,
            "Y": 0.4152325987815857
          }
        ]
      },
      "Id": "bb16ad15-69a1-4044-bbe9-9db4355c3d98",
      "Page": 1
    },
    {
      "BlockType": "WORD",
      "Confidence": 95.34199523925781,
      "Text": "governança",
      "TextType": "PRINTED",
      "Geometry": {
        "BoundingBox": {
          "Width": 0.10455933213233948,
          "Height": 0.01612166129052639,
          "Left": 0.3522152602672577,
          "Top": 0.4226783514022827
        },
        "Polygon": [
          {
            "X": 0.3529502749443054,
            "Y": 0.42479777336120605
          },
          {
            "X": 0.45677459239959717,
            "Y": 0.4226783514022827
          },
          {
            "X": 0.4562142789363861,
            "Y": 0.4369122087955475
          },
          {
            "X": 0.3522152602672577,
            "Y": 0.43880000710487366
          }
        ]
      },
      "Id": "3e4f119f-65e8-4c32-bccf-63afff1f99c1",
      "Page": 1
    },
    {
      "BlockType": "WORD",
      "Confidence": 99.82145690917969,
      "Text": "de",
      "TextType": "PRINTED",
      "Geometry": {
        "BoundingBox": {
          "Width": 0.021467875689268112,
          "Height": 0.012118612416088581,
          "Left": 0.4666439890861511,
          "Top": 0.4218517243862152
        },
        "Polygon": [
          {
            "X": 0.46708884835243225,
            "Y": 0.42228150367736816
          },
          {
            "X": 0.48811185359954834,
            "Y": 0.4218517243862152
          },
          {
            "X": 0.48769670724868774,
            "Y": 0.4335789978504181
          },
          {
            "X": 0.4666439890861511,
            "Y": 0.4339703619480133
          }
        ]
      },
      "Id": "2de32149-9e50-47c6-8799-00ad60f135a8",
      "Page": 1
    },
    {
      "BlockType": "WORD",
      "Confidence": 99.72109985351562,
      "Text": "dados",
      "TextType": "PRINTED",
      "Geometry": {
        "BoundingBox": {
          "Width": 0.054274797439575195,
          "Height": 0.0135045712813735,
          "Left": 0.49881452322006226,
          "Top": 0.42045238614082336
        },
        "Polygon": [
          {
            "X": 0.499236136674881,
            "Y": 0.42155390977859497
          },
          {
            "X": 0.5530893206596375,
            "Y": 0.42045238614082336
          },
          {
            "X": 0.5527493953704834,
            "Y": 0.43295931816101074
          },
          {
            "X": 0.49881452322006226,
            "Y": 0.43395695090293884
          }
        ]
      },
      "Id": "290fd1c7-4f6d-4f23-952d-0d23cb30c2c4",
      "Page": 1
    }
  ],
  "DetectDocumentTextModelVersion": "1.0"
}