{
  "DocumentMetadata": {
    "Pages": 1
  },
  "JobStatus": "SUCCEEDED",
  "Blocks": [
    {
      "BlockType": "PAGE",
      "Geometry": {
        "BoundingBox": {
          "Width": 1,
          "Height": 1,
          "Left": 0,
          "Top": 0
        },
        "Polygon": [
          {
            "X": 4.397223563046282e-8,
            "Y": 4.419037935576853e-8
          },
          {
            "X": 1,
            "Y": 0
          },
          {
            "X": 1,
            "Y": 1
          },
          {
            "X": 0,
            "Y": 0.9986253380775452
          }
        ]
      },
      "Id": "6479192e-4839-4fdf-9b5c-a9ce3b0f95af",
      "Relationships": [
        {
          "Type": "CHILD",
          "Ids": [
            "499d8ee1-d2e2-4e57-8437-f2d342285881",
            "a1b46774-1336-41e2-ad8d-80402eb5c91c",
            "5762a0e3-504c-4d6b-b2f4-059cd13c6af2",
            "cce57782-1d79-4953-8608-a3bd0df17b28",
            "8d404e50-e7ac-4f00-9b0a-c3b1668b2359",
            "2354f881-24b5-4965-9b94-31f048a20c82",
            "42c1afbf-a8e0-41de-a373-0306b5df1045",
            "6e8545b2-47e9-4328-ab46-6539bf215923",
            "5452b90a-655c-44bd-9204-1c5eda1c01c4",
            "1ba78b9d-1c99-41a7-8306-ab1f9f4585b1",
            "0717818e-37ad-4020-b57b-923746409618",
            "57171d32-a4f3-4a0d-a13f-69e811edfbe6",
            "fa9ed1c8-b0a5-4276-b028-c18ed4c1ce8b",
            "3e92cc69-6ef3-40bc-b2fb-5d6ea83967eb",
            "ab450c53-bba2-4aae-97d0-419a9eda1b1f",
            "d876722f-2257-4207-8a10-e51f85ca1119",
            "d049f0fd-fe3a-43e3-9527-2d3032253cb7",
            "887e2394-fbfb-4909-9cc1-0945a137286b",
            "9b632553-d98c-456a-9241-a24909b5b773",
            "2608f11b-e3af-496b-87c0-d1f99e79ab8d",
            "da851ef8-c7aa-4cc2-9ee8-9de818545b6e"
          ]
        }
      ],
      "Page": 1
    },
    {
      "BlockType": "LINE",
      "Confidence": 97.3374252319336,
      "Text": "Breve história do BI",
      "Geometry": {
        "BoundingBox": {
          "Width": 0.30505698919296265,
          "Height": 0.029580099508166313,
          "Left": 0.1750020533800125,
          "Top": 0.32296934723854065
        },
        "Polygon": [
          {
            "X": 0.1762416511774063,
            "Y": 0.33392828702926636
          },
          {
            "X": 0.48005902767181396,
            "Y": 0.32296934723854065
          },
          {
            "X": 0.4790634214878082,
            "Y": 0.34210383892059326
          },
          {
            "X": 0.1750020533800125,
            "Y": 0.3525494337081909
          }
        ]
      },
      "Id": "499d8ee1-d2e2-4e57-8437-f2d342285881",
      "Relationships": [
        {
          "Type": "CHILD",
          "Ids": [
            "b666e339-97f6-417f-97a7-1797ccdb4d75",
            "fcd5311d-434a-40da-8186-1fedfb6332c2",
            "3aa84ed9-c992-4fc8-81d3-f5308dcf8990",
            "c570cb52-e6b6-41bf-86fb-cdc1b640e00a"
          ]
        }
      ],
      "Page": 1
    },
    {
      "BlockType": "LINE",
      "Confidence": 86.32408142089844,
      "Text": "BI GENERATIVA",
      "Geometry": {
        "BoundingBox": {
          "Width": 0.0732053816318512,
          "Height": 0.008723088540136814,
          "Left": 0.3927314877510071,
          "Top": 0.3689386248588562
        },
        "Polygon": [
          {
            "X": 0.39308997988700867,
            "Y": 0.3712681531906128
          },
          {
            "X": 0.4659368693828583,
            "Y": 0.3689386248588562
          },
          {
            "X": 0.4655984342098236,
            "Y": 0.3753736913204193
          },
          {
            "X": 0.3927314877510071,
            "Y": 0.37766170501708984
          }
        ]
      },
      "Id": "a1b46774-1336-41e2-ad8d-80402eb5c91c",
      "Relationships": [
        {
          "Type": "CHILD",
          "Ids": [
            "3e515cbf-7d25-4a33-b1da-285723a8d2d2",
            "c5770c35-0e4c-448e-ab36-24928eeb49fa"
          ]
        }
      ],
      "Page": 1
    },
    {
      "BlockType": "LINE",
      "Confidence": 99.46920013427734,
      "Text": "Insights baseados em dados",
      "Geometry": {
        "BoundingBox": {
          "Width": 0.11839893460273743,
          "Height": 0.011613018810749054,
          "Left": 0.162270650267601,
          "Top": 0.38083598017692566
        },
        "Polygon": [
          {
            "X": 0.16280090808868408,
            "Y": 0.3845407962799072
          },
          {
            "X": 0.28066959977149963,
            "Y": 0.38083598017692566
          },
          {
            "X": 0.28017860651016235,
            "Y": 0.3888290822505951
          },
          {
            "X": 0.162270650267601,
            "Y": 0.3924489915370941
          }
        ]
      },
      "Id": "5762a0e3-504c-4d6b-b2f4-059cd13c6af2",
      "Relationships": [
        {
          "Type": "CHILD",
          "Ids": [
            "3ab43447-adf5-4020-9bf3-adec081380d4",
            "15adf00c-8bf0-465f-af9b-878779c15570",
            "99aca3bd-44a7-4ec4-9dfb-1eaf692eff83",
            "65422d35-fb33-400c-a646-7c95b353ea1c"
          ]
        }
      ],
      "Page": 1
    },
    {
      "BlockType": "LINE",
      "Confidence": 99.74573516845703,
      "Text": "Cloud",
      "Geometry": {
        "BoundingBox": {
          "Width": 0.04688148945569992,
          "Height": 0.01338914129883051,
          "Left": 0.008731529116630554,
          "Top": 0.39399290084838867
        },
        "Polygon": [
          {
            "X": 0.009621339850127697,
            "Y": 0.3954123556613922
          },
          {
            "X": 0.055613018572330475,
            "Y": 0.39399290084838867
          },
          {
            "X": 0.054745789617300034,
            "Y": 0.40601348876953125
          },
          {
            "X": 0.008731529116630554,
            "Y": 0.4073820412158966
          }
        ]
      },
      "Id": "cce57782-1d79-4953-8608-a3bd0df17b28",
      "Relationships": [
        {
          "Type": "CHILD",
          "Ids": [
            "fabb4bd1-105a-47c0-b634-68e4d7f8f9ce"
          ]
        }
      ],
      "Page": 1
    },
    {
      "BlockType": "LINE",
      "Confidence": 99.49188995361328,
      "Text": "alimentados por IA",
      "Geometry": {
        "BoundingBox": {
          "Width": 0.08030465245246887,
          "Height": 0.008897149004042149,
          "Left": 0.1606570929288864,
          "Top": 0.39111509919166565
        },
        "Polygon": [
          {
            "X": 0.16109012067317963,
            "Y": 0.3935593366622925
          },
          {
            "X": 0.24096174538135529,
            "Y": 0.39111509919166565
          },
          {
            "X": 0.24055033922195435,
            "Y": 0.397614985704422
          },
          {
            "X": 0.1606570929288864,
            "Y": 0.4000122547149658
          }
        ]
      },
      "Id": "8d404e50-e7ac-4f00-9b0a-c3b1668b2359",
      "Relationships": [
        {
          "Type": "CHILD",
          "Ids": [
            "3bc814e1-be05-4ef9-a9d6-a4bd66e13983",
            "866741bc-0b6b-4c0c-a8df-4aedbd4811d6",
            "9c2c9437-ecc9-4533-a241-5cd7217ccc9d"
          ]
        }
      ],
      "Page": 1
    },
    {
      "BlockType": "LINE",
      "Confidence": 99.32657623291016,
      "Text": "generativa",
      "Geometry": {
        "BoundingBox": {
          "Width": 0.044221021234989166,
          "Height": 0.008161511272192001,
          "Left": 0.15909570455551147,
          "Top": 0.4011259377002716
        },
        "Polygon": [
          {
            "X": 0.15955622494220734,
            "Y": 0.40242934226989746
          },
          {
            "X": 0.20331671833992004,
            "Y": 0.4011259377002716
          },
          {
            "X": 0.2028687447309494,
            "Y": 0.40801140666007996
          },
          {
            "X": 0.15909570455551147,
            "Y": 0.4092874526977539
          }
        ]
      },
      "Id": "2354f881-24b5-4965-9b94-31f048a20c82",
      "Relationships": [
        {
          "Type": "CHILD",
          "Ids": [
            "5bc0fc97-75e3-4b5d-8df6-334fb4e76b72"
          ]
        }
      ],
      "Page": 1
    },
    {
      "BlockType": "LINE",
      "Confidence": 99.89392852783203,
      "Text": "Experience",
      "Geometry": {
        "BoundingBox": {
          "Width": 0.08883977681398392,
          "Height": 0.01662268303334713,
          "Left": 0.003844273742288351,
          "Top": 0.4108043313026428
        },
        "Polygon": [
          {
            "X": 0.004891754128038883,
            "Y": 0.41336700320243835
          },
          {
            "X": 0.0926840528845787,
            "Y": 0.4108043313026428
          },
          {
            "X": 0.09168736636638641,
            "Y": 0.4249785840511322
          },
          {
            "X": 0.003844273742288351,
            "Y": 0.4274269938468933
          }
        ]
      },
      "Id": "42c1afbf-a8e0-41de-a373-0306b5df1045",
      "Relationships": [
        {
          "Type": "CHILD",
          "Ids": [
            "265ab128-890f-40b7-b72f-b58e67a5dcde"
          ]
        }
      ],
      "Page": 1
    },
    {
      "BlockType": "LINE",
      "Confidence": 94.29036712646484,
      "Text": "BI PARA TODOS",
      "Geometry": {
        "BoundingBox": {
          "Width": 0.0943034365773201,
          "Height": 0.010013808496296406,
          "Left": 0.5756992697715759,
          "Top": 0.40125516057014465
        },
        "Polygon": [
          {
            "X": 0.5760456323623657,
            "Y": 0.40393713116645813
          },
          {
            "X": 0.6700026988983154,
            "Y": 0.40125516057014465
          },
          {
            "X": 0.6696866154670715,
            "Y": 0.40864744782447815
          },
          {
            "X": 0.5756992697715759,
            "Y": 0.411268949508667
          }
        ]
      },
      "Id": "6e8545b2-47e9-4328-ab46-6539bf215923",
      "Relationships": [
        {
          "Type": "CHILD",
          "Ids": [
            "e9839b35-ab8c-4fd0-a466-28e6bde4a476",
            "56ba7ad3-14e7-42ed-a5ca-fe80e567896c",
            "4a1e4fef-bfc4-47d9-830b-356f3cb80ff6"
          ]
        }
      ],
      "Page": 1
    },
    {
      "BlockType": "LINE",
      "Confidence": 99.48168182373047,
      "Text": "2025",
      "Geometry": {
        "BoundingBox": {
          "Width": 0.0394645556807518,
          "Height": 0.011447669006884098,
          "Left": 0.0003142151690553874,
          "Top": 0.43115368485450745
        },
        "Polygon": [
          {
            "X": 0.001089200028218329,
            "Y": 0.4322149455547333
          },
          {
            "X": 0.03977877274155617,
            "Y": 0.43115368485450745
          },
          {
            "X": 0.03902021050453186,
            "Y": 0.44157734513282776
          },
          {
            "X": 0.0003142151690553874,
            "Y": 0.44260135293006897
          }
        ]
      },
      "Id": "5452b90a-655c-44bd-9204-1c5eda1c01c4",
      "Relationships": [
        {
          "Type": "CHILD",
          "Ids": [
            "57555156-a92e-4ab2-bdbc-d2e09d5717b6"
          ]
        }
      ],
      "Page": 1
    },
    {
      "BlockType": "LINE",
      "Confidence": 98.71418762207031,
      "Text": "av",
      "Geometry": {
        "BoundingBox": {
          "Width": 0.1003648042678833,
          "Height": 0.05016050487756729,
          "Left": 0.8996351957321167,
          "Top": 0.3844321370124817
        },
        "Polygon": [
          {
            "X": 0.9011350870132446,
            "Y": 0.3873312175273895
          },
          {
            "X": 1,
            "Y": 0.3844321370124817
          },
          {
            "X": 0.9992021322250366,
            "Y": 0.43209466338157654
          },
          {
            "X": 0.8996351957321167,
            "Y": 0.43459266424179077
          }
        ]
      },
      "Id": "1ba78b9d-1c99-41a7-8306-ab1f9f4585b1",
      "Relationships": [
        {
          "Type": "CHILD",
          "Ids": [
            "62a13d58-a7e2-4c5b-ba59-bcad5d2c18a6"
          ]
        }
      ],
      "Page": 1
    },
    {
      "BlockType": "LINE",
      "Confidence": 99.47589111328125,
      "Text": "PAINEIS",
      "Geometry": {
        "BoundingBox": {
          "Width": 0.039738211780786514,
          "Height": 0.007955700159072876,
          "Left": 0.40225404500961304,
          "Top": 0.44067731499671936
        },
        "Polygon": [
          {
            "X": 0.402639240026474,
            "Y": 0.4416837990283966
          },
          {
            "X": 0.44199225306510925,
            "Y": 0.44067731499671936
          },
          {
            "X": 0.44161877036094666,
            "Y": 0.4476509988307953
          },
          {
            "X": 0.40225404500961304,
            "Y": 0.44863301515579224
          }
        ]
      },
      "Id": "0717818e-37ad-4020-b57b-923746409618",
      "Relationships": [
        {
          "Type": "CHILD",
          "Ids": [
            "66d75097-7eaf-4097-a8b0-4c07158c4fb1"
          ]
        }
      ],
      "Page": 1
    },
    {
      "BlockType": "LINE",
      "Confidence": 99.2553939819336,
      "Text": "Painel de arrastar e soltar",
      "Geometry": {
        "BoundingBox": {
          "Width": 0.11154462397098541,
          "Height": 0.008920700289309025,
          "Left": 0.14732690155506134,
          "Top": 0.4507029056549072
        },
        "Polygon": [
          {
            "X": 0.1477411836385727,
            "Y": 0.453490674495697
          },
          {
            "X": 0.25887152552604675,
            "Y": 0.4507029056549072
          },
          {
            "X": 0.2584858238697052,
            "Y": 0.45689821243286133
          },
          {
            "X": 0.14732690155506134,
            "Y": 0.4596236050128937
          }
        ]
      },
      "Id": "57171d32-a4f3-4a0d-a13f-69e811edfbe6",
      "Relationships": [
        {
          "Type": "CHILD",
          "Ids": [
            "158fe503-bcf9-4279-ab65-d9bab7847924",
            "df1faabd-17a7-4382-89dd-72a694f26dc8",
            "5a7447b6-7462-467a-bc1a-5b1dc92e0d47",
            "755c3a6b-bbf3-4c80-9e9b-7390b58bf26b",
            "f9c2da52-4860-495f-9332-2002bb285499"
          ]
        }
      ],
      "Page": 1
    },
    {
      "BlockType": "LINE",
      "Confidence": 99.48612976074219,
      "Text": "conduzido por analistas de",
      "Geometry": {
        "BoundingBox": {
          "Width": 0.11650420725345612,
          "Height": 0.010038956068456173,
          "Left": 0.14583221077919006,
          "Top": 0.4592154920101166
        },
        "Polygon": [
          {
            "X": 0.14632022380828857,
            "Y": 0.46203431487083435
          },
          {
            "X": 0.2623364329338074,
            "Y": 0.4592154920101166
          },
          {
            "X": 0.2618834972381592,
            "Y": 0.4665122926235199
          },
          {
            "X": 0.14583221077919006,
            "Y": 0.46925443410873413
          }
        ]
      },
      "Id": "fa9ed1c8-b0a5-4276-b028-c18ed4c1ce8b",
      "Relationships": [
        {
          "Type": "CHILD",
          "Ids": [
            "53366b52-22e6-4136-8060-71807ab9d051",
            "636e7db3-53bf-4c19-b9cc-a3958d3eac12",
            "a6877614-29c0-4c97-9475-3862c2f6824a",
            "b2675ca5-3287-4381-9782-9ecc9843da86"
          ]
        }
      ],
      "Page": 1
    },
    {
      "BlockType": "LINE",
      "Confidence": 87.4394302368164,
      "Text": "negócios",
      "Geometry": {
        "BoundingBox": {
          "Width": 0.037695012986660004,
          "Height": 0.007962522096931934,
          "Left": 0.14415064454078674,
          "Top": 0.47019195556640625
        },
        "Polygon": [
          {
            "X": 0.14463016390800476,
            "Y": 0.47106513381004333
          },
          {
            "X": 0.18184565007686615,
            "Y": 0.47019195556640625
          },
          {
            "X": 0.1813770830631256,
            "Y": 0.47730544209480286
          },
          {
            "X": 0.14415064454078674,
            "Y": 0.4781544506549835
          }
        ]
      },
      "Id": "3e92cc69-6ef3-40bc-b2fb-5d6ea83967eb",
      "Relationships": [
        {
          "Type": "CHILD",
          "Ids": [
            "499a5a48-ca82-41b7-8e02-5e6b3ddecad7"
          ]
        }
      ],
      "Page": 1
    },
    {
      "BlockType": "LINE",
      "Confidence": 98.92755126953125,
      "Text": "MILHARES DE USUÁRIOS",
      "Geometry": {
        "BoundingBox": {
          "Width": 0.1483810395002365,
          "Height": 0.01193735096603632,
          "Left": 0.5372885465621948,
          "Top": 0.46057483553886414
        },
        "Polygon": [
          {
            "X": 0.5377042293548584,
            "Y": 0.4640178084373474
          },
          {
            "X": 0.6856696009635925,
            "Y": 0.46057483553886414
          },
          {
            "X": 0.685309112071991,
            "Y": 0.46918025612831116
          },
          {
            "X": 0.5372885465621948,
            "Y": 0.4725121855735779
          }
        ]
      },
      "Id": "ab450c53-bba2-4aae-97d0-419a9eda1b1f",
      "Relationships": [
        {
          "Type": "CHILD",
          "Ids": [
            "2c40d1ee-011f-4f5b-a988-1cd19cbfec43",
            "80495aa1-688f-4823-95c5-46c6bf718bb4",
            "ec28a700-408b-4d0a-9a60-34b442767395"
          ]
        }
      ],
      "Page": 1
    },
    {
      "BlockType": "LINE",
      "Confidence": 98.9593505859375,
      "Text": "CENTENAS DE DESENVOLVEDORES",
      "Geometry": {
        "BoundingBox": {
          "Width": 0.21605457365512848,
          "Height": 0.01248306967318058,
          "Left": 0.5365455746650696,
          "Top": 0.4713307321071625
        },
        "Polygon": [
          {
            "X": 0.5369223356246948,
            "Y": 0.47611624002456665
          },
          {
            "X": 0.7526001334190369,
            "Y": 0.4713307321071625
          },
          {
            "X": 0.7522966861724854,
            "Y": 0.47917503118515015
          },
          {
            "X": 0.5365455746650696,
            "Y": 0.4838137924671173
          }
        ]
      },
      "Id": "d876722f-2257-4207-8a10-e51f85ca1119",
      "Relationships": [
        {
          "Type": "CHILD",
          "Ids": [
            "99af9a46-05fb-4756-b7ed-0b0a813b488c",
            "34d5453c-44da-496f-b3c8-a6fccf315833",
            "55cc5eb4-d60a-4efe-9586-97ba6c1ca8b2"
          ]
        }
      ],
      "Page": 1
    },
    {
      "BlockType": "LINE",
      "Confidence": 91.34087371826172,
      "Text": "BI consolidado gerenciado",
      "Geometry": {
        "BoundingBox": {
          "Width": 0.11551981419324875,
          "Height": 0.010251335799694061,
          "Left": 0.1360255777835846,
          "Top": 0.5050537586212158
        },
        "Polygon": [
          {
            "X": 0.13656467199325562,
            "Y": 0.5073663592338562
          },
          {
            "X": 0.25154539942741394,
            "Y": 0.5050537586212158
          },
          {
            "X": 0.2510443925857544,
            "Y": 0.5130763053894043
          },
          {
            "X": 0.1360255777835846,
            "Y": 0.5153051018714905
          }
        ]
      },
      "Id": "d049f0fd-fe3a-43e3-9527-2d3032253cb7",
      "Relationships": [
        {
          "Type": "CHILD",
          "Ids": [
            "eef497ea-71fa-4753-8cf5-692d1acbe902",
            "b4363d54-ec11-42cc-8bc0-bf7b434bbbe5",
            "c7e874b2-f2ec-46dc-864a-a3b994a7f2a7"
          ]
        }
      ],
      "Page": 1
    },
    {
      "BlockType": "LINE",
      "Confidence": 21.27263641357422,
      "Text": "888888",
      "Geometry": {
        "BoundingBox": {
          "Width": 0.08064714819192886,
          "Height": 0.010579492896795273,
          "Left": 0.579951822757721,
          "Top": 0.4993692934513092
        },
        "Polygon": [
          {
            "X": 0.5803724527359009,
            "Y": 0.500964879989624
          },
          {
            "X": 0.6605989336967468,
            "Y": 0.4993692934513092
          },
          {
            "X": 0.6602098345756531,
            "Y": 0.5084167718887329
          },
          {
            "X": 0.579951822757721,
            "Y": 0.5099487900733948
          }
        ]
      },
      "Id": "887e2394-fbfb-4909-9cc1-0945a137286b",
      "Relationships": [
        {
          "Type": "CHILD",
          "Ids": [
            "4771fc08-90b5-4f9b-8950-2b8cc97ed781"
          ]
        }
      ],
      "Page": 1
    },
    {
      "BlockType": "LINE",
      "Confidence": 89.37715911865234,
      "Text": "pela TI corporativa",
      "Geometry": {
        "BoundingBox": {
          "Width": 0.0826321467757225,
          "Height": 0.009265397675335407,
          "Left": 0.1338292360305786,
          "Top": 0.5147548317909241
        },
        "Polygon": [
          {
            "X": 0.1343514770269394,
            "Y": 0.5163382887840271
          },
          {
            "X": 0.21646137535572052,
            "Y": 0.5147548317909241
          },
          {
            "X": 0.2159653604030609,
            "Y": 0.5224946737289429
          },
          {
            "X": 0.1338292360305786,
            "Y": 0.5240201950073242
          }
        ]
      },
      "Id": "9b632553-d98c-456a-9241-a24909b5b773",
      "Relationships": [
        {
          "Type": "CHILD",
          "Ids": [
            "8ea099b2-7533-46c9-9f51-db4d68d0146d",
            "061cba8d-8f0d-4ab6-b066-3794b0dec444",
            "f260bf95-e0ce-4c3c-b3c1-9425b7ae9eba"
          ]
        }
      ],
      "Page": 1
    },
    {
      "BlockType": "LINE",
      "Confidence": 98.12930297851562,
      "Text": "CENTENAS DE USUÁRIOS",
      "Geometry": {
        "BoundingBox": {
          "Width": 0.15638960897922516,
          "Height": 0.01222599670290947,
          "Left": 0.5525413751602173,
          "Top": 0.5212833285331726
        },
        "Polygon": [
          {
            "X": 0.5529951453208923,
            "Y": 0.5240703821182251
          },
          {
            "X": 0.7089309692382812,
            "Y": 0.5212833285331726
          },
          {
            "X": 0.7085418701171875,
            "Y": 0.5308525562286377
          },
          {
            "X": 0.5525413751602173,
            "Y": 0.5335093140602112
          }
        ]
      },
      "Id": "2608f11b-e3af-496b-87c0-d1f99e79ab8d",
      "Relationships": [
        {
          "Type": "CHILD",
          "Ids": [
            "f0ad07c0-57b6-4aa1-8592-0ff35fc711bf",
            "940524dc-3eed-4b63-a1d5-3796d5a6e517",
            "fee1f688-78c9-4081-8903-220af36c8a2e"
          ]
        }
      ],
      "Page": 1
    },
    {
      "BlockType": "LINE",
      "Confidence": 97.88058471679688,
      "Text": "DEZENAS DE DESENVOLVEDORES",
      "Geometry": {
        "BoundingBox": {
          "Width": 0.21065129339694977,
          "Height": 0.014016441069543362,
          "Left": 0.5270193815231323,
          "Top": 0.532001793384552
        },
        "Polygon": [
          {
            "X": 0.5275349617004395,
            "Y": 0.5355501174926758
          },
          {
            "X": 0.7376706600189209,
            "Y": 0.532001793384552
          },
          {
            "X": 0.7372518181800842,
            "Y": 0.5426650643348694
          },
          {
            "X": 0.5270193815231323,
            "Y": 0.5460181832313538
          }
        ]
      },
      "Id": "da851ef8-c7aa-4cc2-9ee8-9de818545b6e",
      "Relationships": [
        {
          "Type": "CHILD",
          "Ids": [
            "8c4c9a38-0800-4402-a114-0b358398a904",
            "bf8e1208-3de0-4f18-bf4b-1eaa272b87c1",
            "5d87e098-4bb7-4a00-86cf-507033da23fc"
          ]
        }
      ],
      "Page": 1
    },
    {
      "BlockType": "WORD",
      "Confidence": 99.4383544921875,
      "Text": "Breve",
      "TextType": "PRINTED",
      "Geometry": {
        "BoundingBox": {
          "Width": 0.07126615941524506,
          "Height": 0.015945155173540115,
          "Left": 0.1750020533800125,
          "Top": 0.3366042971611023
        },
        "Polygon": [
          {
            "X": 0.1758967787027359,
            "Y": 0.33910903334617615
          },
          {
            "X": 0.24626821279525757,
            "Y": 0.3366042971611023
          },
          {
            "X": 0.24541328847408295,
            "Y": 0.350130558013916
          },
          {
            "X": 0.1750020533800125,
            "Y": 0.3525494337081909
          }
        ]
      },
      "Id": "b666e339-97f6-417f-97a7-1797ccdb4d75",
      "Page": 1
    },
    {
      "BlockType": "WORD",
      "Confidence": 91.65979766845703,
      "Text": "história",
      "TextType": "PRINTED",
      "Geometry": {
        "BoundingBox": {
          "Width": 0.12098443508148193,
          "Height": 0.02056058496236801,
          "Left": 0.26217344403266907,
          "Top": 0.3275478184223175
        },
        "Polygon": [
          {
            "X": 0.2631872594356537,
            "Y": 0.33186349272727966
          },
          {
            "X": 0.383157879114151,
            "Y": 0.3275478184223175
          },
          {
            "X": 0.38222736120224,
            "Y": 0.3439682126045227
          },
          {
            "X": 0.26217344403266907,
            "Y": 0.3481084108352661
          }
        ]
      },
      "Id": "fcd5311d-434a-40da-8186-1fedfb6332c2",
      "Page": 1
    },
    {
      "BlockType": "WORD",
      "Confidence": 99.82659149169922,
      "Text": "do",
      "TextType": "PRINTED",
      "Geometry": {
        "BoundingBox": {
          "Width": 0.030461259186267853,
          "Height": 0.01631564274430275,
          "Left": 0.4008619487285614,
          "Top": 0.3251499831676483
        },
        "Polygon": [
          {
            "X": 0.4017125368118286,
            "Y": 0.3262169361114502
          },
          {
            "X": 0.43132320046424866,
            "Y": 0.3251499831676483
          },
          {
            "X": 0.4304920434951782,
            "Y": 0.3404388129711151
          },
          {
            "X": 0.4008619487285614,
            "Y": 0.34146562218666077
          }
        ]
      },
      "Id": "3aa84ed9-c992-4fc8-81d3-f5308dcf8990",
      "Page": 1
    },
    {
      "BlockType": "WORD",
      "Confidence": 98.4249496459961,
      "Text": "BI",
      "TextType": "PRINTED",
      "Geometry": {
        "BoundingBox": {
          "Width": 0.029599696397781372,
          "Height": 0.01578373648226261,
          "Left": 0.4504593312740326,
          "Top": 0.32296934723854065
        },
        "Polygon": [
          {
            "X": 0.45124685764312744,
            "Y": 0.32400861382484436
          },
          {
            "X": 0.48005902767181396,
            "Y": 0.32296934723854065
          },
          {
            "X": 0.4792898893356323,
            "Y": 0.3377513885498047
          },
          {
            "X": 0.4504593312740326,
            "Y": 0.3387530744075775
          }
        ]
      },
      "Id": "c570cb52-e6b6-41bf-86fb-cdc1b640e00a",
      "Page": 1
    },
    {
      "BlockType": "WORD",
      "Confidence": 73.14271545410156,
      "Text": "BI",
      "TextType": "PRINTED",
      "Geometry": {
        "BoundingBox": {
          "Width": 0.009184818714857101,
          "Height": 0.006283143535256386,
          "Left": 0.3927314877510071,
          "Top": 0.3713785707950592
        },
        "Polygon": [
          {
            "X": 0.39306795597076416,
            "Y": 0.3716612160205841
          },
          {
            "X": 0.4019162952899933,
            "Y": 0.3713785707950592
          },
          {
            "X": 0.40158209204673767,
            "Y": 0.3773837983608246
          },
          {
            "X": 0.3927314877510071,
            "Y": 0.37766170501708984
          }
        ]
      },
      "Id": "3e515cbf-7d25-4a33-b1da-285723a8d2d2",
      "Page": 1
    },
    {
      "BlockType": "WORD",
      "Confidence": 99.50543975830078,
      "Text": "GENERATIVA",
      "TextType": "PRINTED",
      "Geometry": {
        "BoundingBox": {
          "Width": 0.06091013923287392,
          "Height": 0.007893861271440983,
          "Left": 0.40502673387527466,
          "Top": 0.3689386248588562
        },
        "Polygon": [
          {
            "X": 0.4053572416305542,
            "Y": 0.37087586522102356
          },
          {
            "X": 0.4659368693828583,
            "Y": 0.3689386248588562
          },
          {
            "X": 0.4656218886375427,
            "Y": 0.3749273717403412
          },
          {
            "X": 0.40502673387527466,
            "Y": 0.3768324851989746
          }
        ]
      },
      "Id": "c5770c35-0e4c-448e-ab36-24928eeb49fa",
      "Page": 1
    },
    {
      "BlockType": "WORD",
      "Confidence": 99.30647277832031,
      "Text": "Insights",
      "TextType": "PRINTED",
      "Geometry": {
        "BoundingBox": {
          "Width": 0.03279324620962143,
          "Height": 0.008016102947294712,
          "Left": 0.162270650267601,
          "Top": 0.38443291187286377
        },
        "Polygon": [
          {
            "X": 0.16274020075798035,
            "Y": 0.3854461908340454
          },
          {
            "X": 0.19506390392780304,
            "Y": 0.38443291187286377
          },
          {
            "X": 0.1946038007736206,
            "Y": 0.39145633578300476
          },
          {
            "X": 0.162270650267601,
            "Y": 0.3924489915370941
          }
        ]
      },
      "Id": "3ab43447-adf5-4020-9bf3-adec081380d4",
      "Page": 1
    },
    {
      "BlockType": "WORD",
      "Confidence": 99.4703140258789,
      "Text": "baseados",
      "TextType": "PRINTED",
      "Geometry": {
        "BoundingBox": {
          "Width": 0.03947561979293823,
          "Height": 0.0073423320427536964,
          "Left": 0.19730021059513092,
          "Top": 0.3827247619628906
        },
        "Polygon": [
          {
            "X": 0.19770009815692902,
            "Y": 0.3839511573314667
          },
          {
            "X": 0.23677583038806915,
            "Y": 0.3827247619628906
          },
          {
            "X": 0.23638597130775452,
            "Y": 0.38886240124702454
          },
          {
            "X": 0.19730021059513092,
            "Y": 0.39006710052490234
          }
        ]
      },
      "Id": "15adf00c-8bf0-465f-af9b-878779c15570",
      "Page": 1
    },
    {
      "BlockType": "WORD",
      "Confidence": 99.37571716308594,
      "Text": "em",
      "TextType": "PRINTED",
      "Geometry": {
        "BoundingBox": {
          "Width": 0.012937119230628014,
          "Height": 0.005042299162596464,
          "Left": 0.23901218175888062,
          "Top": 0.38320204615592957
        },
        "Polygon": [
          {
            "X": 0.2393067479133606,
            "Y": 0.3835977017879486
          },
          {
            "X": 0.2519493103027344,
            "Y": 0.38320204615592957
          },
          {
            "X": 0.2516571879386902,
            "Y": 0.3878539800643921
          },
          {
            "X": 0.23901218175888062,
            "Y": 0.3882443308830261
          }
        ]
      },
      "Id": "99aca3bd-44a7-4ec4-9dfb-1eaf692eff83",
      "Page": 1
    },
    {
      "BlockType": "WORD",
      "Confidence": 99.72428131103516,
      "Text": "dados",
      "TextType": "PRINTED",
      "Geometry": {
        "BoundingBox": {
          "Width": 0.02594916895031929,
          "Height": 0.006621042266488075,
          "Left": 0.25472041964530945,
          "Top": 0.38083598017692566
        },
        "Polygon": [
          {
            "X": 0.2550848424434662,
            "Y": 0.38164016604423523
          },
          {
            "X": 0.28066959977149963,
            "Y": 0.38083598017692566
          },
          {
            "X": 0.2803114652633667,
            "Y": 0.38666629791259766
          },
          {
            "X": 0.25472041964530945,
            "Y": 0.387457013130188
          }
        ]
      },
      "Id": "65422d35-fb33-400c-a646-7c95b353ea1c",
      "Page": 1
    },
    {
      "BlockType": "WORD",
      "Confidence": 99.74573516845703,
      "Text": "Cloud",
      "TextType": "PRINTED",
      "Geometry": {
        "BoundingBox": {
          "Width": 0.04688148945569992,
          "Height": 0.01338914129883051,
          "Left": 0.008731529116630554,
          "Top": 0.39399290084838867
        },
        "Polygon": [
          {
            "X": 0.009621339850127697,
            "Y": 0.3954123556613922
          },
          {
            "X": 0.055613018572330475,
            "Y": 0.39399290084838867
          },
          {
            "X": 0.054745789617300034,
            "Y": 0.40601348876953125
          },
          {
            "X": 0.008731529116630554,
            "Y": 0.4073820412158966
          }
        ]
      },
      "Id": "fabb4bd1-105a-47c0-b634-68e4d7f8f9ce",
      "Page": 1
    },
    {
      "BlockType": "WORD",
      "Confidence": 99.58206176757812,
      "Text": "alimentados",
      "TextType": "PRINTED",
      "Geometry": {
        "BoundingBox": {
          "Width": 0.05195200815796852,
          "Height": 0.007449127733707428,
          "Left": 0.16069014370441437,
          "Top": 0.3920707106590271
        },
        "Polygon": [
          {
            "X": 0.1610841602087021,
            "Y": 0.39364805817604065
          },
          {
            "X": 0.2126421481370926,
            "Y": 0.3920707106590271
          },
          {
            "X": 0.21226078271865845,
            "Y": 0.3979700803756714
          },
          {
            "X": 0.16069014370441437,
            "Y": 0.39951983094215393
          }
        ]
      },
      "Id": "3bc814e1-be05-4ef9-a9d6-a4bd66e13983",
      "Page": 1
    },
    {
      "BlockType": "WORD",
      "Confidence": 99.67552185058594,
      "Text": "por",
      "TextType": "PRINTED",
      "Geometry": {
        "BoundingBox": {
          "Width": 0.015154515393078327,
          "Height": 0.005874479189515114,
          "Left": 0.21484164893627167,
          "Top": 0.39251193404197693
        },
        "Polygon": [
          {
            "X": 0.2151915282011032,
            "Y": 0.3929635286331177
          },
          {
            "X": 0.22999615967273712,
            "Y": 0.39251193404197693
          },
          {
            "X": 0.2296496480703354,
            "Y": 0.39794206619262695
          },
          {
            "X": 0.21484164893627167,
            "Y": 0.3983864188194275
          }
        ]
      },
      "Id": "866741bc-0b6b-4c0c-a8df-4aedbd4811d6",
      "Page": 1
    },
    {
      "BlockType": "WORD",
      "Confidence": 99.21809387207031,
      "Text": "IA",
      "TextType": "PRINTED",
      "Geometry": {
        "BoundingBox": {
          "Width": 0.009061934426426888,
          "Height": 0.005611213855445385,
          "Left": 0.23189981281757355,
          "Top": 0.39111509919166565
        },
        "Polygon": [
          {
            "X": 0.23224028944969177,
            "Y": 0.39138200879096985
          },
          {
            "X": 0.24096174538135529,
            "Y": 0.39111509919166565
          },
          {
            "X": 0.24062322080135345,
            "Y": 0.39646363258361816
          },
          {
            "X": 0.23189981281757355,
            "Y": 0.3967263102531433
          }
        ]
      },
      "Id": "9c2c9437-ecc9-4533-a241-5cd7217ccc9d",
      "Page": 1
    },
    {
      "BlockType": "WORD",
      "Confidence": 99.32657623291016,
      "Text": "generativa",
      "TextType": "PRINTED",
      "Geometry": {
        "BoundingBox": {
          "Width": 0.044221021234989166,
          "Height": 0.008161511272192001,
          "Left": 0.15909570455551147,
          "Top": 0.4011259377002716
        },
        "Polygon": [
          {
            "X": 0.15955622494220734,
            "Y": 0.40242934226989746
          },
          {
            "X": 0.20331671833992004,
            "Y": 0.4011259377002716
          },
          {
            "X": 0.2028687447309494,
            "Y": 0.40801140666007996
          },
          {
            "X": 0.15909570455551147,
            "Y": 0.4092874526977539
          }
        ]
      },
      "Id": "5bc0fc97-75e3-4b5d-8df6-334fb4e76b72",
      "Page": 1
    },
    {
      "BlockType": "WORD",
      "Confidence": 99.89392852783203,
      "Text": "Experience",
      "TextType": "PRINTED",
      "Geometry": {
        "BoundingBox": {
          "Width": 0.08883977681398392,
          "Height": 0.01662268303334713,
          "Left": 0.003844273742288351,
          "Top": 0.4108043313026428
        },
        "Polygon": [
          {
            "X": 0.004891754128038883,
            "Y": 0.41336700320243835
          },
          {
            "X": 0.0926840528845787,
            "Y": 0.4108043313026428
          },
          {
            "X": 0.09168736636638641,
            "Y": 0.4249785840511322
          },
          {
            "X": 0.003844273742288351,
            "Y": 0.4274269938468933
          }
        ]
      },
      "Id": "265ab128-890f-40b7-b72f-b58e67a5dcde",
      "Page": 1
    },
    {
      "BlockType": "WORD",
      "Confidence": 83.51362609863281,
      "Text": "BI",
      "TextType": "PRINTED",
      "Geometry": {
        "BoundingBox": {
          "Width": 0.010843985714018345,
          "Height": 0.006846518721431494,
          "Left": 0.5756992697715759,
          "Top": 0.40442243218421936
        },
        "Polygon": [
          {
            "X": 0.5760085582733154,
            "Y": 0.4047224223613739
          },
          {
            "X": 0.5865432620048523,
            "Y": 0.40442243218421936
          },
          {
            "X": 0.5862369537353516,
            "Y": 0.41097503900527954
          },
          {
            "X": 0.5756992697715759,
            "Y": 0.411268949508667
          }
        ]
      },
      "Id": "e9839b35-ab8c-4fd0-a466-28e6bde4a476",
      "Page": 1
    },
    {
      "BlockType": "WORD",
      "Confidence": 99.62530517578125,
      "Text": "PARA",
      "TextType": "PRINTED",
      "Geometry": {
        "BoundingBox": {
          "Width": 0.03165566548705101,
          "Height": 0.0077407220378518105,
          "Left": 0.5904828310012817,
          "Top": 0.402969628572464
        },
        "Polygon": [
          {
            "X": 0.590801477432251,
            "Y": 0.40386316180229187
          },
          {
            "X": 0.622138500213623,
            "Y": 0.402969628572464
          },
          {
            "X": 0.6218292117118835,
            "Y": 0.4098356068134308
          },
          {
            "X": 0.5904828310012817,
            "Y": 0.41071033477783203
          }
        ]
      },
      "Id": "56ba7ad3-14e7-42ed-a5ca-fe80e567896c",
      "Page": 1
    },
    {
      "BlockType": "WORD",
      "Confidence": 99.73218536376953,
      "Text": "TODOS",
      "TextType": "PRINTED",
      "Geometry": {
        "BoundingBox": {
          "Width": 0.04431433230638504,
          "Height": 0.008195191621780396,
          "Left": 0.625688374042511,
          "Top": 0.40125516057014465
        },
        "Polygon": [
          {
            "X": 0.6259996891021729,
            "Y": 0.40251120924949646
          },
          {
            "X": 0.6700026988983154,
            "Y": 0.40125516057014465
          },
          {
            "X": 0.6697048544883728,
            "Y": 0.40822097659111023
          },
          {
            "X": 0.625688374042511,
            "Y": 0.40945035219192505
          }
        ]
      },
      "Id": "4a1e4fef-bfc4-47d9-830b-356f3cb80ff6",
      "Page": 1
    },
    {
      "BlockType": "WORD",
      "Confidence": 99.48168182373047,
      "Text": "2025",
      "TextType": "PRINTED",
      "Geometry": {
        "BoundingBox": {
          "Width": 0.0394645556807518,
          "Height": 0.011447669006884098,
          "Left": 0.0003142151690553874,
          "Top": 0.43115368485450745
        },
        "Polygon": [
          {
            "X": 0.001089200028218329,
            "Y": 0.4322149455547333
          },
          {
            "X": 0.03977877274155617,
            "Y": 0.43115368485450745
          },
          {
            "X": 0.03902021050453186,
            "Y": 0.44157734513282776
          },
          {
            "X": 0.0003142151690553874,
            "Y": 0.44260135293006897
          }
        ]
      },
      "Id": "57555156-a92e-4ab2-bdbc-d2e09d5717b6",
      "Page": 1
    },
    {
      "BlockType": "WORD",
      "Confidence": 98.71418762207031,
      "Text": "av",
      "TextType": "PRINTED",
      "Geometry": {
        "BoundingBox": {
          "Width": 0.1003648042678833,
          "Height": 0.05016050487756729,
          "Left": 0.8996351957321167,
          "Top": 0.3844321370124817
        },
        "Polygon": [
          {
            "X": 0.9011350870132446,
            "Y": 0.3873312175273895
          },
          {
            "X": 1,
            "Y": 0.3844321370124817
          },
          {
            "X": 0.9992021322250366,
            "Y": 0.43209466338157654
          },
          {
            "X": 0.8996351957321167,
            "Y": 0.43459266424179077
          }
        ]
      },
      "Id": "62a13d58-a7e2-4c5b-ba59-bcad5d2c18a6",
      "Page": 1
    },
    {
      "BlockType": "WORD",
      "Confidence": 99.47589111328125,
      "Text": "PAINEIS",
      "TextType": "PRINTED",
      "Geometry": {
        "BoundingBox": {
          "Width": 0.039738211780786514,
          "Height": 0.007955700159072876,
          "Left": 0.40225404500961304,
          "Top": 0.44067731499671936
        },
        "Polygon": [
          {
            "X": 0.402639240026474,
            "Y": 0.4416837990283966
          },
          {
            "X": 0.44199225306510925,
            "Y": 0.44067731499671936
          },
          {
            "X": 0.44161877036094666,
            "Y": 0.4476509988307953
          },
          {
            "X": 0.40225404500961304,
            "Y": 0.44863301515579224
          }
        ]
      },
      "Id": "66d75097-7eaf-4097-a8b0-4c07158c4fb1",
      "Page": 1
    },
    {
      "BlockType": "WORD",
      "Confidence": 98.66883850097656,
      "Text": "Painel",
      "TextType": "PRINTED",
      "Geometry": {
        "BoundingBox": {
          "Width": 0.0265208687633276,
          "Height": 0.006588631775230169,
          "Left": 0.14734038710594177,
          "Top": 0.45283544063568115
        },
        "Polygon": [
          {
            "X": 0.1477411836385727,
            "Y": 0.453490674495697
          },
          {
            "X": 0.17386125028133392,
            "Y": 0.45283544063568115
          },
          {
            "X": 0.17346689105033875,
            "Y": 0.45878300070762634
          },
          {
            "X": 0.14734038710594177,
            "Y": 0.45942404866218567
          }
        ]
      },
      "Id": "158fe503-bcf9-4279-ab65-d9bab7847924",
      "Page": 1
    },
    {
      "BlockType": "WORD",
      "Confidence": 99.8466796875,
      "Text": "de",
      "TextType": "PRINTED",
      "Geometry": {
        "BoundingBox": {
          "Width": 0.010265924036502838,
          "Height": 0.006008388940244913,
          "Left": 0.1761653572320938,
          "Top": 0.4527180790901184
        },
        "Polygon": [
          {
            "X": 0.1765465885400772,
            "Y": 0.4529658555984497
          },
          {
            "X": 0.18643128871917725,
            "Y": 0.4527180790901184
          },
          {
            "X": 0.18605242669582367,
            "Y": 0.45848387479782104
          },
          {
            "X": 0.1761653572320938,
            "Y": 0.4587264657020569
          }
        ]
      },
      "Id": "df1faabd-17a7-4382-89dd-72a694f26dc8",
      "Page": 1
    },
    {
      "BlockType": "WORD",
      "Confidence": 99.49053192138672,
      "Text": "arrastar",
      "TextType": "PRINTED",
      "Geometry": {
        "BoundingBox": {
          "Width": 0.03491266071796417,
          "Height": 0.006352005526423454,
          "Left": 0.189112588763237,
          "Top": 0.45224711298942566
        },
        "Polygon": [
          {
            "X": 0.18947234749794006,
            "Y": 0.4531117379665375
          },
          {
            "X": 0.22402524948120117,
            "Y": 0.45224711298942566
          },
          {
            "X": 0.22367341816425323,
            "Y": 0.4577517509460449
          },
          {
            "X": 0.189112588763237,
            "Y": 0.45859912037849426
          }
        ]
      },
      "Id": "5a7447b6-7462-467a-bc1a-5b1dc92e0d47",
      "Page": 1
    },
    {
      "BlockType": "WORD",
      "Confidence": 99.24376678466797,
      "Text": "e",
      "TextType": "PRINTED",
      "Geometry": {
        "BoundingBox": {
          "Width": 0.005242614075541496,
          "Height": 0.004728247411549091,
          "Left": 0.22537913918495178,
          "Top": 0.45293667912483215
        },
        "Polygon": [
          {
            "X": 0.22567309439182281,
            "Y": 0.453060120344162
          },
          {
            "X": 0.23062175512313843,
            "Y": 0.45293667912483215
          },
          {
            "X": 0.2303287535905838,
            "Y": 0.4575435519218445
          },
          {
            "X": 0.22537913918495178,
            "Y": 0.45766493678092957
          }
        ]
      },
      "Id": "755c3a6b-bbf3-4c80-9e9b-7390b58bf26b",
      "Page": 1
    },
    {
      "BlockType": "WORD",
      "Confidence": 99.02714538574219,
      "Text": "soltar",
      "TextType": "PRINTED",
      "Geometry": {
        "BoundingBox": {
          "Width": 0.025929216295480728,
          "Height": 0.006573185324668884,
          "Left": 0.23293055593967438,
          "Top": 0.45089173316955566
        },
        "Polygon": [
          {
            "X": 0.2333071380853653,
            "Y": 0.4515323042869568
          },
          {
            "X": 0.258859783411026,
            "Y": 0.45089173316955566
          },
          {
            "X": 0.25848954916000366,
            "Y": 0.45683813095092773
          },
          {
            "X": 0.23293055593967438,
            "Y": 0.45746493339538574
          }
        ]
      },
      "Id": "f9c2da52-4860-495f-9332-2002bb285499",
      "Page": 1
    },
    {
      "BlockType": "WORD",
      "Confidence": 98.9693374633789,
      "Text": "conduzido",
      "TextType": "PRINTED",
      "Geometry": {
        "BoundingBox": {
          "Width": 0.04373403266072273,
          "Height": 0.00717736454680562,
          "Left": 0.1459062397480011,
          "Top": 0.4609817564487457
        },
        "Polygon": [
          {
            "X": 0.14632022380828857,
            "Y": 0.46203431487083435
          },
          {
            "X": 0.18964028358459473,
            "Y": 0.4609817564487457
          },
          {
            "X": 0.1892373412847519,
            "Y": 0.4671308696269989
          },
          {
            "X": 0.1459062397480011,
            "Y": 0.46815913915634155
          }
        ]
      },
      "Id": "53366b52-22e6-4136-8060-71807ab9d051",
      "Page": 1
    },
    {
      "BlockType": "WORD",
      "Confidence": 99.68224334716797,
      "Text": "por",
      "TextType": "PRINTED",
      "Geometry": {
        "BoundingBox": {
          "Width": 0.015179404988884926,
          "Height": 0.006087347399443388,
          "Left": 0.19230562448501587,
          "Top": 0.46206897497177124
        },
        "Polygon": [
          {
            "X": 0.192680224776268,
            "Y": 0.46242663264274597
          },
          {
            "X": 0.20748503506183624,
            "Y": 0.46206897497177124
          },
          {
            "X": 0.20711396634578705,
            "Y": 0.4678064286708832
          },
          {
            "X": 0.19230562448501587,
            "Y": 0.4681563377380371
          }
        ]
      },
      "Id": "636e7db3-53bf-4c19-b9cc-a3958d3eac12",
      "Page": 1
    },
    {
      "BlockType": "WORD",
      "Confidence": 99.44535064697266,
      "Text": "analistas",
      "TextType": "PRINTED",
      "Geometry": {
        "BoundingBox": {
          "Width": 0.03888079524040222,
          "Height": 0.006931012030690908,
          "Left": 0.21008825302124023,
          "Top": 0.45989489555358887
        },
        "Polygon": [
          {
            "X": 0.21047526597976685,
            "Y": 0.4608289301395416
          },
          {
            "X": 0.24896904826164246,
            "Y": 0.45989489555358887
          },
          {
            "X": 0.24859169125556946,
            "Y": 0.46591290831565857
          },
          {
            "X": 0.21008825302124023,
            "Y": 0.4668259024620056
          }
        ]
      },
      "Id": "a6877614-29c0-4c97-9475-3862c2f6824a",
      "Page": 1
    },
    {
      "BlockType": "WORD",
      "Confidence": 99.84761047363281,
      "Text": "de",
      "TextType": "PRINTED",
      "Geometry": {
        "BoundingBox": {
          "Width": 0.011142228730022907,
          "Height": 0.006287997122853994,
          "Left": 0.25116822123527527,
          "Top": 0.45963409543037415
        },
        "Polygon": [
          {
            "X": 0.25154536962509155,
            "Y": 0.4598952531814575
          },
          {
            "X": 0.2623104453086853,
            "Y": 0.45963409543037415
          },
          {
            "X": 0.2619359791278839,
            "Y": 0.46566683053970337
          },
          {
            "X": 0.25116822123527527,
            "Y": 0.46592211723327637
          }
        ]
      },
      "Id": "b2675ca5-3287-4381-9782-9ecc9843da86",
      "Page": 1
    },
    {
      "BlockType": "WORD",
      "Confidence": 87.4394302368164,
      "Text": "negócios",
      "TextType": "PRINTED",
      "Geometry": {
        "BoundingBox": {
          "Width": 0.037695012986660004,
          "Height": 0.007962522096931934,
          "Left": 0.14415064454078674,
          "Top": 0.47019195556640625
        },
        "Polygon": [
          {
            "X": 0.14463016390800476,
            "Y": 0.47106513381004333
          },
          {
            "X": 0.18184565007686615,
            "Y": 0.47019195556640625
          },
          {
            "X": 0.1813770830631256,
            "Y": 0.47730544209480286
          },
          {
            "X": 0.14415064454078674,
            "Y": 0.4781544506549835
          }
        ]
      },
      "Id": "499a5a48-ca82-41b7-8e02-5e6b3ddecad7",
      "Page": 1
    },
    {
      "BlockType": "WORD",
      "Confidence": 99.91153717041016,
      "Text": "MILHARES",
      "TextType": "PRINTED",
      "Geometry": {
        "BoundingBox": {
          "Width": 0.0597839429974556,
          "Height": 0.008231101557612419,
          "Left": 0.5373008251190186,
          "Top": 0.464030921459198
        },
        "Polygon": [
          {
            "X": 0.5376362800598145,
            "Y": 0.4654068350791931
          },
          {
            "X": 0.5970847606658936,
            "Y": 0.464030921459198
          },
          {
            "X": 0.596767008304596,
            "Y": 0.4709221124649048
          },
          {
            "X": 0.5373008251190186,
            "Y": 0.47226202487945557
          }
        ]
      },
      "Id": "2c40d1ee-011f-4f5b-a988-1cd19cbfec43",
      "Page": 1
    },
    {
      "BlockType": "WORD",
      "Confidence": 99.68253326416016,
      "Text": "DE",
      "TextType": "PRINTED",
      "Geometry": {
        "BoundingBox": {
          "Width": 0.01566488854587078,
          "Height": 0.007174221333116293,
          "Left": 0.6016780138015747,
          "Top": 0.46359890699386597
        },
        "Polygon": [
          {
            "X": 0.601990818977356,
            "Y": 0.4639541804790497
          },
          {
            "X": 0.6173429489135742,
            "Y": 0.46359890699386597
          },
          {
            "X": 0.6170346736907959,
            "Y": 0.4704270660877228
          },
          {
            "X": 0.6016780138015747,
            "Y": 0.4707731306552887
          }
        ]
      },
      "Id": "80495aa1-688f-4823-95c5-46c6bf718bb4",
      "Page": 1
    },
    {
      "BlockType": "WORD",
      "Confidence": 97.18858337402344,
      "Text": "USUÁRIOS",
      "TextType": "PRINTED",
      "Geometry": {
        "BoundingBox": {
          "Width": 0.0643056109547615,
          "Height": 0.010044820606708527,
          "Left": 0.6213639974594116,
          "Top": 0.46057483553886414
        },
        "Polygon": [
          {
            "X": 0.6217485070228577,
            "Y": 0.46206220984458923
          },
          {
            "X": 0.6856696009635925,
            "Y": 0.46057483553886414
          },
          {
            "X": 0.685309112071991,
            "Y": 0.46918025612831116
          },
          {
            "X": 0.6213639974594116,
            "Y": 0.47061964869499207
          }
        ]
      },
      "Id": "ec28a700-408b-4d0a-9a60-34b442767395",
      "Page": 1
    },
    {
      "BlockType": "WORD",
      "Confidence": 99.45983123779297,
      "Text": "CENTENAS",
      "TextType": "PRINTED",
      "Geometry": {
        "BoundingBox": {
          "Width": 0.0623890645802021,
          "Height": 0.00824700202792883,
          "Left": 0.5365860462188721,
          "Top": 0.4747394025325775
        },
        "Polygon": [
          {
            "X": 0.5369223356246948,
            "Y": 0.47611624002456665
          },
          {
            "X": 0.5989751219749451,
            "Y": 0.4747394025325775
          },
          {
            "X": 0.5986574292182922,
            "Y": 0.481647253036499
          },
          {
            "X": 0.5365860462188721,
            "Y": 0.4829863905906677
          }
        ]
      },
      "Id": "99af9a46-05fb-4756-b7ed-0b0a813b488c",
      "Page": 1
    },
    {
      "BlockType": "WORD",
      "Confidence": 99.81105041503906,
      "Text": "DE",
      "TextType": "PRINTED",
      "Geometry": {
        "BoundingBox": {
          "Width": 0.016264475882053375,
          "Height": 0.007205307018011808,
          "Left": 0.6030027270317078,
          "Top": 0.4744747579097748
        },
        "Polygon": [
          {
            "X": 0.6033164858818054,
            "Y": 0.47482842206954956
          },
          {
            "X": 0.6192672252655029,
            "Y": 0.4744747579097748
          },
          {
            "X": 0.6189582943916321,
            "Y": 0.4813360273838043
          },
          {
            "X": 0.6030027270317078,
            "Y": 0.4816800653934479
          }
        ]
      },
      "Id": "34d5453c-44da-496f-b3c8-a6fccf315833",
      "Page": 1
    },
    {
      "BlockType": "WORD",
      "Confidence": 97.60716247558594,
      "Text": "DESENVOLVEDORES",
      "TextType": "PRINTED",
      "Geometry": {
        "BoundingBox": {
          "Width": 0.12912288308143616,
          "Height": 0.010436429642140865,
          "Left": 0.6234703660011292,
          "Top": 0.4715084433555603
        },
        "Polygon": [
          {
            "X": 0.6238101124763489,
            "Y": 0.47436389327049255
          },
          {
            "X": 0.7525932788848877,
            "Y": 0.4715084433555603
          },
          {
            "X": 0.7522966861724854,
            "Y": 0.47917503118515015
          },
          {
            "X": 0.6234703660011292,
            "Y": 0.48194485902786255
          }
        ]
      },
      "Id": "55cc5eb4-d60a-4efe-9586-97ba6c1ca8b2",
      "Page": 1
    },
    {
      "BlockType": "WORD",
      "Confidence": 94.43160247802734,
      "Text": "BI",
      "TextType": "PRINTED",
      "Geometry": {
        "BoundingBox": {
          "Width": 0.008262154646217823,
          "Height": 0.005972263403236866,
          "Left": 0.13616986572742462,
          "Top": 0.5072081685066223
        },
        "Polygon": [
          {
            "X": 0.13656467199325562,
            "Y": 0.5073663592338562
          },
          {
            "X": 0.14443202316761017,
            "Y": 0.5072081685066223
          },
          {
            "X": 0.1440390944480896,
            "Y": 0.5130263566970825
          },
          {
            "X": 0.13616986572742462,
            "Y": 0.5131804347038269
          }
        ]
      },
      "Id": "eef497ea-71fa-4753-8cf5-692d1acbe902",
      "Page": 1
    },
    {
      "BlockType": "WORD",
      "Confidence": 82.51834106445312,
      "Text": "consolidado",
      "TextType": "PRINTED",
      "Geometry": {
        "BoundingBox": {
          "Width": 0.05214076116681099,
          "Height": 0.007061490323394537,
          "Left": 0.14711560308933258,
          "Top": 0.506292998790741
        },
        "Polygon": [
          {
            "X": 0.14752139151096344,
            "Y": 0.5073326230049133
          },
          {
            "X": 0.19925636053085327,
            "Y": 0.506292998790741
          },
          {
            "X": 0.19886350631713867,
            "Y": 0.5123434066772461
          },
          {
            "X": 0.14711560308933258,
            "Y": 0.513354480266571
          }
        ]
      },
      "Id": "b4363d54-ec11-42cc-8bc0-bf7b434bbbe5",
      "Page": 1
    },
    {
      "BlockType": "WORD",
      "Confidence": 97.07267761230469,
      "Text": "gerenciado",
      "TextType": "PRINTED",
      "Geometry": {
        "BoundingBox": {
          "Width": 0.049613527953624725,
          "Height": 0.008322694338858128,
          "Left": 0.20189112424850464,
          "Top": 0.5057060718536377
        },
        "Polygon": [
          {
            "X": 0.202366441488266,
            "Y": 0.5066914558410645
          },
          {
            "X": 0.25150465965270996,
            "Y": 0.5057060718536377
          },
          {
            "X": 0.2510443925857544,
            "Y": 0.5130763053894043
          },
          {
            "X": 0.20189112424850464,
            "Y": 0.514028787612915
          }
        ]
      },
      "Id": "c7e874b2-f2ec-46dc-864a-a3b994a7f2a7",
      "Page": 1
    },
    {
      "BlockType": "WORD",
      "Confidence": 21.27263641357422,
      "Text": "888888",
      "TextType": "PRINTED",
      "Geometry": {
        "BoundingBox": {
          "Width": 0.08064714819192886,
          "Height": 0.010579492896795273,
          "Left": 0.579951822757721,
          "Top": 0.4993692934513092
        },
        "Polygon": [
          {
            "X": 0.5803724527359009,
            "Y": 0.500964879989624
          },
          {
            "X": 0.6605989336967468,
            "Y": 0.4993692934513092
          },
          {
            "X": 0.6602098345756531,
            "Y": 0.5084167718887329
          },
          {
            "X": 0.579951822757721,
            "Y": 0.5099487900733948
          }
        ]
      },
      "Id": "4771fc08-90b5-4f9b-8950-2b8cc97ed781",
      "Page": 1
    },
    {
      "BlockType": "WORD",
      "Confidence": 99.75465393066406,
      "Text": "pela",
      "TextType": "PRINTED",
      "Geometry": {
        "BoundingBox": {
          "Width": 0.018553415313363075,
          "Height": 0.007464536931365728,
          "Left": 0.13386769592761993,
          "Top": 0.5159897804260254
        },
        "Polygon": [
          {
            "X": 0.1343514770269394,
            "Y": 0.5163382887840271
          },
          {
            "X": 0.15242111682891846,
            "Y": 0.5159897804260254
          },
          {
            "X": 0.1519426554441452,
            "Y": 0.52311772108078
          },
          {
            "X": 0.13386769592761993,
            "Y": 0.5234543681144714
          }
        ]
      },
      "Id": "8ea099b2-7533-46c9-9f51-db4d68d0146d",
      "Page": 1
    },
    {
      "BlockType": "WORD",
      "Confidence": 69.29437255859375,
      "Text": "TI",
      "TextType": "PRINTED",
      "Geometry": {
        "BoundingBox": {
          "Width": 0.008423052728176117,
          "Height": 0.005996037274599075,
          "Left": 0.15525001287460327,
          "Top": 0.5159982442855835
        },
        "Polygon": [
          {
            "X": 0.15564122796058655,
            "Y": 0.5161529779434204
          },
          {
            "X": 0.16367307305335999,
            "Y": 0.5159982442855835
          },
          {
            "X": 0.1632837951183319,
            "Y": 0.5218438506126404
          },
          {
            "X": 0.15525001287460327,
            "Y": 0.5219942927360535
          }
        ]
      },
      "Id": "061cba8d-8f0d-4ab6-b066-3794b0dec444",
      "Page": 1
    },
    {
      "BlockType": "WORD",
      "Confidence": 99.08244323730469,
      "Text": "corporativa",
      "TextType": "PRINTED",
      "Geometry": {
        "BoundingBox": {
          "Width": 0.050041042268276215,
          "Height": 0.00822310708463192,
          "Left": 0.16639229655265808,
          "Top": 0.5151923298835754
        },
        "Polygon": [
          {
            "X": 0.16687525808811188,
            "Y": 0.5161460041999817
          },
          {
            "X": 0.2164333462715149,
            "Y": 0.5151923298835754
          },
          {
            "X": 0.2159653604030609,
            "Y": 0.5224946737289429
          },
          {
            "X": 0.16639229655265808,
            "Y": 0.5234153866767883
          }
        ]
      },
      "Id": "f260bf95-e0ce-4c3c-b3c1-9425b7ae9eba",
      "Page": 1
    },
    {
      "BlockType": "WORD",
      "Confidence": 99.59986877441406,
      "Text": "CENTENAS",
      "TextType": "PRINTED",
      "Geometry": {
        "BoundingBox": {
          "Width": 0.06504233181476593,
          "Height": 0.008923439309000969,
          "Left": 0.5526121854782104,
          "Top": 0.5231131315231323
        },
        "Polygon": [
          {
            "X": 0.5529856085777283,
            "Y": 0.524267852306366
          },
          {
            "X": 0.6176545023918152,
            "Y": 0.5231131315231323
          },
          {
            "X": 0.6173028945922852,
            "Y": 0.5309263467788696
          },
          {
            "X": 0.5526121854782104,
            "Y": 0.5320366024971008
          }
        ]
      },
      "Id": "f0ad07c0-57b6-4aa1-8592-0ff35fc711bf",
      "Page": 1
    },
    {
      "BlockType": "WORD",
      "Confidence": 99.7805404663086,
      "Text": "DE",
      "TextType": "PRINTED",
      "Geometry": {
        "BoundingBox": {
          "Width": 0.01741800270974636,
          "Height": 0.007985086180269718,
          "Left": 0.6208091378211975,
          "Top": 0.5233862996101379
        },
        "Polygon": [
          {
            "X": 0.6211535334587097,
            "Y": 0.5236902236938477
          },
          {
            "X": 0.6382271647453308,
            "Y": 0.5233862996101379
          },
          {
            "X": 0.637888491153717,
            "Y": 0.5310790538787842
          },
          {
            "X": 0.6208091378211975,
            "Y": 0.5313714146614075
          }
        ]
      },
      "Id": "940524dc-3eed-4b63-a1d5-3796d5a6e517",
      "Page": 1
    },
    {
      "BlockType": "WORD",
      "Confidence": 95.00749206542969,
      "Text": "USUÁRIOS",
      "TextType": "PRINTED",
      "Geometry": {
        "BoundingBox": {
          "Width": 0.06702312082052231,
          "Height": 0.010704032145440578,
          "Left": 0.6419078707695007,
          "Top": 0.5212833285331726
        },
        "Polygon": [
          {
            "X": 0.6423248648643494,
            "Y": 0.5224737524986267
          },
          {
            "X": 0.7089309692382812,
            "Y": 0.5212833285331726
          },
          {
            "X": 0.7085418701171875,
            "Y": 0.5308525562286377
          },
          {
            "X": 0.6419078707695007,
            "Y": 0.5319873690605164
          }
        ]
      },
      "Id": "fee1f688-78c9-4081-8903-220af36c8a2e",
      "Page": 1
    },
    {
      "BlockType": "WORD",
      "Confidence": 99.35992431640625,
      "Text": "DEZENAS",
      "TextType": "PRINTED",
      "Geometry": {
        "BoundingBox": {
          "Width": 0.05487164109945297,
          "Height": 0.008813506923615932,
          "Left": 0.5271461606025696,
          "Top": 0.5346301198005676
        },
        "Polygon": [
          {
            "X": 0.5275349617004395,
            "Y": 0.5355501174926758
          },
          {
            "X": 0.5820178389549255,
            "Y": 0.5346301198005676
          },
          {
            "X": 0.5816476941108704,
            "Y": 0.5425618290901184
          },
          {
            "X": 0.5271461606025696,
            "Y": 0.5434436202049255
          }
        ]
      },
      "Id": "8c4c9a38-0800-4402-a114-0b358398a904",
      "Page": 1
    },
    {
      "BlockType": "WORD",
      "Confidence": 99.82164764404297,
      "Text": "DE",
      "TextType": "PRINTED",
      "Geometry": {
        "BoundingBox": {
          "Width": 0.016214165836572647,
          "Height": 0.007308146916329861,
          "Left": 0.5863593816757202,
          "Top": 0.5353337526321411
        },
        "Polygon": [
          {
            "X": 0.586686372756958,
            "Y": 0.5356005430221558
          },
          {
            "X": 0.6025735139846802,
            "Y": 0.5353337526321411
          },
          {
            "X": 0.6022513508796692,
            "Y": 0.5423849821090698
          },
          {
            "X": 0.5863593816757202,
            "Y": 0.5426418781280518
          }
        ]
      },
      "Id": "bf8e1208-3de0-4f18-bf4b-1eaa272b87c1",
      "Page": 1
    },
    {
      "BlockType": "WORD",
      "Confidence": 94.4601821899414,
      "Text": "DESENVOLVEDORES",
      "TextType": "PRINTED",
      "Geometry": {
        "BoundingBox": {
          "Width": 0.13137109577655792,
          "Height": 0.011502087116241455,
          "Left": 0.6062504649162292,
          "Top": 0.5332524180412292
        },
        "Polygon": [
          {
            "X": 0.6066737771034241,
            "Y": 0.535449206829071
          },
          {
            "X": 0.737621545791626,
            "Y": 0.5332524180412292
          },
          {
            "X": 0.7372518181800842,
            "Y": 0.5426650643348694
          },
          {
            "X": 0.6062504649162292,
            "Y": 0.5447545051574707
          }
        ]
      },
      "Id": "5d87e098-4bb7-4a00-86cf-507033da23fc",
      "Page": 1
    }
  ],
  "DetectDocumentTextModelVersion": "1.0"
}