{
  "DocumentMetadata": {
    "Pages": 1
  },
  "JobStatus": "SUCCEEDED",
  "Blocks": [
    {
      "BlockType": "PAGE",
      "Geometry": {
        "BoundingBox": {
          "Width": 1,
          "Height": 1,
          "Left": 0,
          "Top": 0
        },
        "Polygon": [
          {
            "X": 0,
            "Y": 3.909333301521656e-8
          },
          {
            "X": 1,
            "Y": 0
          },
          {
            "X": 0.9997753500938416,
            "Y": 1
          },
          {
            "X": 0,
            "Y": 0.9999698996543884
          }
        ]
      },
      "Id": "79c2f9bd-329a-4dc4-a192-8f680a6f7f26",
      "Relationships": [
        {
          "Type": "CHILD",
          "Ids": [
            "8c9ad44f-6bb2-4264-9a32-7f8ee1c89f22",
            "6beca700-7331-4813-b93e-4afa22f73c55",
            "bbb8a776-fd64-415b-a72a-28b64bd39710",
            "8b2e9751-0b05-49d1-8e7c-98413ed4a45b",
            "8aa555a7-b2c2-4dda-9ade-5a15b9f016ad",
            "2b308e40-a568-419a-b190-499f190d85d8",
            "efec904f-5805-476e-a7a4-86b113141d10",
            "acc94439-7bac-44cc-bba2-498068cdea69",
            "eb5dac8d-d41c-458e-9edc-f8c69bdcdd53",
            "8d3b4991-2345-421e-ac3c-88ba0a11561f",
            "344e23eb-5680-4036-bf82-0ba6cc3517b6"
          ]
        }
      ],
      "Page": 1
    },
    {
      "BlockType": "LINE",
      "Confidence": 97.64759826660156,
      "Text": "Experimente o QuickSight gratuitamente",
      "Geometry": {
        "BoundingBox": {
          "Width": 0.5067287087440491,
          "Height": 0.03969426825642586,
          "Left": 0.18859785795211792,
          "Top": 0.2712151110172272
        },
        "Polygon": [
          {
            "X": 0.1895524263381958,
            "Y": 0.2712151110172272
          },
          {
            "X": 0.695326566696167,
            "Y": 0.27251872420310974
          },
          {
            "X": 0.6940678954124451,
            "Y": 0.3109093904495239
          },
          {
            "X": 0.18859785795211792,
            "Y": 0.30894821882247925
          }
        ]
      },
      "Id": "8c9ad44f-6bb2-4264-9a32-7f8ee1c89f22",
      "Relationships": [
        {
          "Type": "CHILD",
          "Ids": [
            "4a97bfdc-d3c6-4b7b-ab63-fa16a31654a5",
            "906c41b9-eddf-4660-87e0-26e86ef20ec9",
            "88a7dcb3-4a93-4c90-8d8f-125e21b2eb81",
            "01c6e13b-9c15-499f-ba50-8cba42ecc9b8"
          ]
        }
      ],
      "Page": 1
    },
    {
      "BlockType": "LINE",
      "Confidence": 99.62635040283203,
      "Text": "por 30 dias",
      "Geometry": {
        "BoundingBox": {
          "Width": 0.1327625811100006,
          "Height": 0.020037533715367317,
          "Left": 0.1852230280637741,
          "Top": 0.3063390851020813
        },
        "Polygon": [
          {
            "X": 0.18571417033672333,
            "Y": 0.3063390851020813
          },
          {
            "X": 0.3179856240749359,
            "Y": 0.3068404197692871
          },
          {
            "X": 0.31745395064353943,
            "Y": 0.32637661695480347
          },
          {
            "X": 0.1852230280637741,
            "Y": 0.32578665018081665
          }
        ]
      },
      "Id": "6beca700-7331-4813-b93e-4afa22f73c55",
      "Relationships": [
        {
          "Type": "CHILD",
          "Ids": [
            "fd76a072-7bd8-46b6-a2e5-5065a5f70bab",
            "ca44875f-feb7-4c1b-9218-08f09ba664a4",
            "fbb319aa-d545-40fa-a070-73137fff3404"
          ]
        }
      ],
      "Page": 1
    },
    {
      "BlockType": "LINE",
      "Confidence": 97.68678283691406,
      "Text": "Experimente a inteligência de negócios",
      "Geometry": {
        "BoundingBox": {
          "Width": 0.2103341519832611,
          "Height": 0.01670178584754467,
          "Left": 0.1791713535785675,
          "Top": 0.32039374113082886
        },
        "Polygon": [
          {
            "X": 0.17956626415252686,
            "Y": 0.32039374113082886
          },
          {
            "X": 0.3895055055618286,
            "Y": 0.3212915062904358
          },
          {
            "X": 0.38905858993530273,
            "Y": 0.3370955288410187
          },
          {
            "X": 0.1791713535785675,
            "Y": 0.3360842764377594
          }
        ]
      },
      "Id": "bbb8a776-fd64-415b-a72a-28b64bd39710",
      "Relationships": [
        {
          "Type": "CHILD",
          "Ids": [
            "e860acec-b352-48dc-9e33-ac5e9cd15d34",
            "bab41c4b-d7ba-45f4-95be-8fabf3f30d90",
            "5a7a15b1-26ff-41b7-9206-7461228cbfb1",
            "d62d8f7d-6ba3-456a-bd3f-c26fb3de31b4",
            "2a109b6b-574b-4be0-a715-e5e391963e0e"
          ]
        }
      ],
      "Page": 1
    },
    {
      "BlockType": "LINE",
      "Confidence": 98.60497283935547,
      "Text": "unificada",
      "Geometry": {
        "BoundingBox": {
          "Width": 0.0478704608976841,
          "Height": 0.008859283290803432,
          "Left": 0.17702780663967133,
          "Top": 0.3368365168571472
        },
        "Polygon": [
          {
            "X": 0.1772443801164627,
            "Y": 0.3368365168571472
          },
          {
            "X": 0.22489826381206512,
            "Y": 0.3370673656463623
          },
          {
            "X": 0.224675253033638,
            "Y": 0.3456957936286926
          },
          {
            "X": 0.17702780663967133,
            "Y": 0.3454507887363434
          }
        ]
      },
      "Id": "8b2e9751-0b05-49d1-8e7c-98413ed4a45b",
      "Relationships": [
        {
          "Type": "CHILD",
          "Ids": [
            "c0f118f4-ac66-44b8-a8df-135f79c04d01"
          ]
        }
      ],
      "Page": 1
    },
    {
      "BlockType": "LINE",
      "Confidence": 99.63333892822266,
      "Text": "Cloud",
      "Geometry": {
        "BoundingBox": {
          "Width": 0.0472104586660862,
          "Height": 0.013134165666997433,
          "Left": 0.02374276891350746,
          "Top": 0.34885504841804504
        },
        "Polygon": [
          {
            "X": 0.02403705008327961,
            "Y": 0.34885504841804504
          },
          {
            "X": 0.07095322757959366,
            "Y": 0.34910309314727783
          },
          {
            "X": 0.07064950466156006,
            "Y": 0.36198920011520386
          },
          {
            "X": 0.02374276891350746,
            "Y": 0.3617202341556549
          }
        ]
      },
      "Id": "8aa555a7-b2c2-4dda-9ade-5a15b9f016ad",
      "Relationships": [
        {
          "Type": "CHILD",
          "Ids": [
            "bea4f30f-1e0f-4596-b3d6-7eb5f077d791"
          ]
        }
      ],
      "Page": 1
    },
    {
      "BlockType": "LINE",
      "Confidence": 99.58335876464844,
      "Text": "Acesso total a todos os recursos",
      "Geometry": {
        "BoundingBox": {
          "Width": 0.16582722961902618,
          "Height": 0.011654810979962349,
          "Left": 0.18526700139045715,
          "Top": 0.3467279374599457
        },
        "Polygon": [
          {
            "X": 0.18553824722766876,
            "Y": 0.3467279374599457
          },
          {
            "X": 0.35109421610832214,
            "Y": 0.3475862741470337
          },
          {
            "X": 0.3507949411869049,
            "Y": 0.3583827614784241
          },
          {
            "X": 0.18526700139045715,
            "Y": 0.3574632406234741
          }
        ]
      },
      "Id": "2b308e40-a568-419a-b190-499f190d85d8",
      "Relationships": [
        {
          "Type": "CHILD",
          "Ids": [
            "5cc64aeb-d2b8-492e-96fd-dc66171906d7",
            "6724908c-f13a-4bfd-9912-d175b6e8e09c",
            "592fca34-b849-4f0c-8f5e-52314e286dd5",
            "13cdcd9c-2beb-4cac-8a85-dbe4bc6865d1",
            "4f7b337f-f48d-4c9b-98f7-2ce1bd537f0a",
            "e3dd0062-92fc-48b4-b829-e7c282f57edf"
          ]
        }
      ],
      "Page": 1
    },
    {
      "BlockType": "LINE",
      "Confidence": 97.78917694091797,
      "Text": "Até 4 usuários de qualquer tipo*",
      "Geometry": {
        "BoundingBox": {
          "Width": 0.1679830104112625,
          "Height": 0.012431688606739044,
          "Left": 0.1829710453748703,
          "Top": 0.35947391390800476
        },
        "Polygon": [
          {
            "X": 0.18325932323932648,
            "Y": 0.35947391390800476
          },
          {
            "X": 0.3509540557861328,
            "Y": 0.3604171872138977
          },
          {
            "X": 0.3506355583667755,
            "Y": 0.3719056248664856
          },
          {
            "X": 0.1829710453748703,
            "Y": 0.3708963990211487
          }
        ]
      },
      "Id": "efec904f-5805-476e-a7a4-86b113141d10",
      "Relationships": [
        {
          "Type": "CHILD",
          "Ids": [
            "9d3efc44-6890-452c-bddd-78480e10362d",
            "8e9ebefc-2393-4946-91d1-7cab2d44f19b",
            "82535e0c-e293-459b-b617-ab0ede243089",
            "5c3e69d8-0e6e-4e12-b3a5-1f8d4e191b9a",
            "58f87b2a-5248-47e6-8307-f897673f2df3",
            "233e2d64-26d9-4206-800d-e12865aa55ec"
          ]
        }
      ],
      "Page": 1
    },
    {
      "BlockType": "LINE",
      "Confidence": 99.76824188232422,
      "Text": "Experience",
      "Geometry": {
        "BoundingBox": {
          "Width": 0.08850879967212677,
          "Height": 0.0160064697265625,
          "Left": 0.019341325387358665,
          "Top": 0.36604973673820496
        },
        "Polygon": [
          {
            "X": 0.019693611189723015,
            "Y": 0.36604973673820496
          },
          {
            "X": 0.10785012692213058,
            "Y": 0.36656856536865234
          },
          {
            "X": 0.10747652500867844,
            "Y": 0.38205620646476746
          },
          {
            "X": 0.019341325387358665,
            "Y": 0.3814902901649475
          }
        ]
      },
      "Id": "acc94439-7bac-44cc-bba2-498068cdea69",
      "Relationships": [
        {
          "Type": "CHILD",
          "Ids": [
            "38769428-e9ef-4284-95cc-886ef34b4c29"
          ]
        }
      ],
      "Page": 1
    },
    {
      "BlockType": "LINE",
      "Confidence": 99.77894592285156,
      "Text": "2025",
      "Geometry": {
        "BoundingBox": {
          "Width": 0.03954460099339485,
          "Height": 0.011997170746326447,
          "Left": 0.015747906640172005,
          "Top": 0.3852981925010681
        },
        "Polygon": [
          {
            "X": 0.01601482927799225,
            "Y": 0.3852981925010681
          },
          {
            "X": 0.05529250577092171,
            "Y": 0.385555624961853
          },
          {
            "X": 0.055018384009599686,
            "Y": 0.39729535579681396
          },
          {
            "X": 0.015747906640172005,
            "Y": 0.39702197909355164
          }
        ]
      },
      "Id": "eb5dac8d-d41c-458e-9edc-f8c69bdcdd53",
      "Relationships": [
        {
          "Type": "CHILD",
          "Ids": [
            "b9120c8e-c9bf-4b62-8fb4-47c9e44e06b6"
          ]
        }
      ],
      "Page": 1
    },
    {
      "BlockType": "LINE",
      "Confidence": 99.27538299560547,
      "Text": "Comece seu teste gratuito agora",
      "Geometry": {
        "BoundingBox": {
          "Width": 0.17380014061927795,
          "Height": 0.011128890328109264,
          "Left": 0.1681571751832962,
          "Top": 0.3832402527332306
        },
        "Polygon": [
          {
            "X": 0.1684061884880066,
            "Y": 0.3832402527332306
          },
          {
            "X": 0.34195730090141296,
            "Y": 0.3843594193458557
          },
          {
            "X": 0.34168103337287903,
            "Y": 0.3943691551685333
          },
          {
            "X": 0.1681571751832962,
            "Y": 0.39319050312042236
          }
        ]
      },
      "Id": "8d3b4991-2345-421e-ac3c-88ba0a11561f",
      "Relationships": [
        {
          "Type": "CHILD",
          "Ids": [
            "d584bfc2-a01c-40d0-87c5-1d2679fe1d6f",
            "f7125e73-af25-4f98-9d89-e7253638888e",
            "0803f342-3d0a-4fbc-954e-c50533b5bf6f",
            "2ee12700-adb9-412a-887c-a35594a3c5a9",
            "5469cefe-1eed-487f-b06e-6a6dcece1410"
          ]
        }
      ],
      "Page": 1
    },
    {
      "BlockType": "LINE",
      "Confidence": 94.67723083496094,
      "Text": ". Um usuário deve ser administrador ou administrador profissional para gerenciamento de contas",
      "Geometry": {
        "BoundingBox": {
          "Width": 0.38677582144737244,
          "Height": 0.013173741288483143,
          "Left": 0.3736703395843506,
          "Top": 0.5117243528366089
        },
        "Polygon": [
          {
            "X": 0.3739200830459595,
            "Y": 0.5117243528366089
          },
          {
            "X": 0.7604461312294006,
            "Y": 0.5159026384353638
          },
          {
            "X": 0.7601414322853088,
            "Y": 0.524898111820221
          },
          {
            "X": 0.3736703395843506,
            "Y": 0.5206027030944824
          }
        ]
      },
      "Id": "344e23eb-5680-4036-bf82-0ba6cc3517b6",
      "Relationships": [
        {
          "Type": "CHILD",
          "Ids": [
            "626789f4-1356-4139-98f9-c7df8cde62f8",
            "dda60324-2c8f-46a3-b041-e55ea91070d0",
            "de184e42-413c-413e-a4fc-fc5174736da2",
            "7fd64cae-2090-4dde-996c-cd9a6179a214",
            "76be77d7-4f70-43b2-914e-eea266165504",
            "fd120ff4-81fb-4b1e-a929-c175cbb7c539",
            "5e20a26a-3cf9-43e7-af17-65380279f2d4",
            "80f81b3a-01ec-491c-8aab-109df6d682c0",
            "e155309b-17c1-46bc-9406-9cb86bf89648",
            "0c7b1a10-3bbf-4292-ab96-be015ce5837e",
            "739b1d08-23b9-421e-be3f-c50120d44759",
            "e32ed2bd-ef06-4943-bbe5-d5e07d37826a",
            "c82dd394-a6d9-4438-9bcb-096f74175d37"
          ]
        }
      ],
      "Page": 1
    },
    {
      "BlockType": "WORD",
      "Confidence": 97.44210815429688,
      "Text": "Experimente",
      "TextType": "PRINTED",
      "Geometry": {
        "BoundingBox": {
          "Width": 0.1325119584798813,
          "Height": 0.01980997435748577,
          "Left": 0.18859785795211792,
          "Top": 0.2896503210067749
        },
        "Polygon": [
          {
            "X": 0.18908604979515076,
            "Y": 0.2896503210067749
          },
          {
            "X": 0.321109801530838,
            "Y": 0.2900746166706085
          },
          {
            "X": 0.32058149576187134,
            "Y": 0.30946028232574463
          },
          {
            "X": 0.18859785795211792,
            "Y": 0.30894821882247925
          }
        ]
      },
      "Id": "4a97bfdc-d3c6-4b7b-ab63-fa16a31654a5",
      "Page": 1
    },
    {
      "BlockType": "WORD",
      "Confidence": 95.30567169189453,
      "Text": "o",
      "TextType": "PRINTED",
      "Geometry": {
        "BoundingBox": {
          "Width": 0.012162202037870884,
          "Height": 0.010163222439587116,
          "Left": 0.3343266248703003,
          "Top": 0.2906167805194855
        },
        "Polygon": [
          {
            "X": 0.3346044719219208,
            "Y": 0.2906167805194855
          },
          {
            "X": 0.3464888334274292,
            "Y": 0.2906551659107208
          },
          {
            "X": 0.3462090790271759,
            "Y": 0.3007799983024597
          },
          {
            "X": 0.3343266248703003,
            "Y": 0.3007374703884125
          }
        ]
      },
      "Id": "906c41b9-eddf-4660-87e0-26e86ef20ec9",
      "Page": 1
    },
    {
      "BlockType": "WORD",
      "Confidence": 99.54878234863281,
      "Text": "QuickSight",
      "TextType": "PRINTED",
      "Geometry": {
        "BoundingBox": {
          "Width": 0.13295064866542816,
          "Height": 0.021527854725718498,
          "Left": 0.3590761423110962,
          "Top": 0.2808949947357178
        },
        "Polygon": [
          {
            "X": 0.359661728143692,
            "Y": 0.2808949947357178
          },
          {
            "X": 0.49202680587768555,
            "Y": 0.2812781035900116
          },
          {
            "X": 0.49139711260795593,
            "Y": 0.3024228513240814
          },
          {
            "X": 0.3590761423110962,
            "Y": 0.3019442558288574
          }
        ]
      },
      "Id": "88a7dcb3-4a93-4c90-8d8f-125e21b2eb81",
      "Page": 1
    },
    {
      "BlockType": "WORD",
      "Confidence": 98.29381561279297,
      "Text": "gratuitamente",
      "TextType": "PRINTED",
      "Geometry": {
        "BoundingBox": {
          "Width": 0.18992815911769867,
          "Height": 0.025340868160128593,
          "Left": 0.5053983926773071,
          "Top": 0.27203109860420227
        },
        "Polygon": [
          {
            "X": 0.5061388611793518,
            "Y": 0.27203109860420227
          },
          {
            "X": 0.695326566696167,
            "Y": 0.27251872420310974
          },
          {
            "X": 0.6945117712020874,
            "Y": 0.2973719537258148
          },
          {
            "X": 0.5053983926773071,
            "Y": 0.2967250943183899
          }
        ]
      },
      "Id": "01c6e13b-9c15-499f-ba50-8cba42ecc9b8",
      "Page": 1
    },
    {
      "BlockType": "WORD",
      "Confidence": 99.7177963256836,
      "Text": "por",
      "TextType": "PRINTED",
      "Geometry": {
        "BoundingBox": {
          "Width": 0.036370910704135895,
          "Height": 0.013410753570497036,
          "Left": 0.1852230280637741,
          "Top": 0.3125366270542145
        },
        "Polygon": [
          {
            "X": 0.18555764853954315,
            "Y": 0.3125366270542145
          },
          {
            "X": 0.2215939462184906,
            "Y": 0.3126809298992157
          },
          {
            "X": 0.22125183045864105,
            "Y": 0.3259474039077759
          },
          {
            "X": 0.1852230280637741,
            "Y": 0.32578665018081665
          }
        ]
      },
      "Id": "fd76a072-7bd8-46b6-a2e5-5065a5f70bab",
      "Page": 1
    },
    {
      "BlockType": "WORD",
      "Confidence": 99.55845642089844,
      "Text": "30",
      "TextType": "PRINTED",
      "Geometry": {
        "BoundingBox": {
          "Width": 0.023279977962374687,
          "Height": 0.012983392924070358,
          "Left": 0.23381304740905762,
          "Top": 0.3085501492023468
        },
        "Polygon": [
          {
            "X": 0.23414769768714905,
            "Y": 0.3085501492023468
          },
          {
            "X": 0.25709304213523865,
            "Y": 0.30863872170448303
          },
          {
            "X": 0.25675374269485474,
            "Y": 0.32153353095054626
          },
          {
            "X": 0.23381304740905762,
            "Y": 0.32143479585647583
          }
        ]
      },
      "Id": "ca44875f-feb7-4c1b-9218-08f09ba664a4",
      "Page": 1
    },
    {
      "BlockType": "WORD",
      "Confidence": 99.60279846191406,
      "Text": "dias",
      "TextType": "PRINTED",
      "Geometry": {
        "BoundingBox": {
          "Width": 0.04823218286037445,
          "Height": 0.01336086355149746,
          "Left": 0.26975342631340027,
          "Top": 0.30665892362594604
        },
        "Polygon": [
          {
            "X": 0.2701021730899811,
            "Y": 0.30665892362594604
          },
          {
            "X": 0.3179856240749359,
            "Y": 0.3068404197692871
          },
          {
            "X": 0.317626953125,
            "Y": 0.32001978158950806
          },
          {
            "X": 0.26975342631340027,
            "Y": 0.3198166489601135
          }
        ]
      },
      "Id": "fbb319aa-d545-40fa-a070-73137fff3404",
      "Page": 1
    },
    {
      "BlockType": "WORD",
      "Confidence": 98.5610580444336,
      "Text": "Experimente",
      "TextType": "PRINTED",
      "Geometry": {
        "BoundingBox": {
          "Width": 0.06600926071405411,
          "Height": 0.010281414724886417,
          "Left": 0.1791713535785675,
          "Top": 0.32611963152885437
        },
        "Polygon": [
          {
            "X": 0.17942215502262115,
            "Y": 0.32611963152885437
          },
          {
            "X": 0.2451806217432022,
            "Y": 0.3264138400554657
          },
          {
            "X": 0.2449195235967636,
            "Y": 0.3364010453224182
          },
          {
            "X": 0.1791713535785675,
            "Y": 0.3360842764377594
          }
        ]
      },
      "Id": "e860acec-b352-48dc-9e33-ac5e9cd15d34",
      "Page": 1
    },
    {
      "BlockType": "WORD",
      "Confidence": 99.40042114257812,
      "Text": "a",
      "TextType": "PRINTED",
      "Geometry": {
        "BoundingBox": {
          "Width": 0.006175532937049866,
          "Height": 0.005830433685332537,
          "Left": 0.24736446142196655,
          "Top": 0.3269925117492676
        },
        "Polygon": [
          {
            "X": 0.24751634895801544,
            "Y": 0.3269925117492676
          },
          {
            "X": 0.2535399794578552,
            "Y": 0.327019602060318
          },
          {
            "X": 0.25338757038116455,
            "Y": 0.3328229486942291
          },
          {
            "X": 0.24736446142196655,
            "Y": 0.3327946960926056
          }
        ]
      },
      "Id": "bab41c4b-d7ba-45f4-95be-8fabf3f30d90",
      "Page": 1
    },
    {
      "BlockType": "WORD",
      "Confidence": 96.77082061767578,
      "Text": "inteligência",
      "TextType": "PRINTED",
      "Geometry": {
        "BoundingBox": {
          "Width": 0.06384747475385666,
          "Height": 0.01123310998082161,
          "Left": 0.255818247795105,
          "Top": 0.3228229880332947
        },
        "Polygon": [
          {
            "X": 0.25610581040382385,
            "Y": 0.3228229880332947
          },
          {
            "X": 0.31966572999954224,
            "Y": 0.32309940457344055
          },
          {
            "X": 0.3193672001361847,
            "Y": 0.3340561091899872
          },
          {
            "X": 0.255818247795105,
            "Y": 0.33375582098960876
          }
        ]
      },
      "Id": "5a7a15b1-26ff-41b7-9206-7461228cbfb1",
      "Page": 1
    },
    {
      "BlockType": "WORD",
      "Confidence": 99.85298919677734,
      "Text": "de",
      "TextType": "PRINTED",
      "Geometry": {
        "BoundingBox": {
          "Width": 0.01371153537184,
          "Height": 0.008404486812651157,
          "Left": 0.3229020833969116,
          "Top": 0.3223658502101898
        },
        "Polygon": [
          {
            "X": 0.323129802942276,
            "Y": 0.3223658502101898
          },
          {
            "X": 0.33661362528800964,
            "Y": 0.32242414355278015
          },
          {
            "X": 0.3363841474056244,
            "Y": 0.330770343542099
          },
          {
            "X": 0.3229020833969116,
            "Y": 0.33070820569992065
          }
        ]
      },
      "Id": "d62d8f7d-6ba3-456a-bd3f-c26fb3de31b4",
      "Page": 1
    },
    {
      "BlockType": "WORD",
      "Confidence": 93.84860229492188,
      "Text": "negócios",
      "TextType": "PRINTED",
      "Geometry": {
        "BoundingBox": {
          "Width": 0.04954958334565163,
          "Height": 0.01042129471898079,
          "Left": 0.3399559259414673,
          "Top": 0.3210808336734772
        },
        "Polygon": [
          {
            "X": 0.34023675322532654,
            "Y": 0.3210808336734772
          },
          {
            "X": 0.3895055055618286,
            "Y": 0.3212915062904358
          },
          {
            "X": 0.3892167806625366,
            "Y": 0.33150210976600647
          },
          {
            "X": 0.3399559259414673,
            "Y": 0.33127421140670776
          }
        ]
      },
      "Id": "2a109b6b-574b-4be0-a715-e5e391963e0e",
      "Page": 1
    },
    {
      "BlockType": "WORD",
      "Confidence": 98.60497283935547,
      "Text": "unificada",
      "TextType": "PRINTED",
      "Geometry": {
        "BoundingBox": {
          "Width": 0.0478704608976841,
          "Height": 0.008859283290803432,
          "Left": 0.17702780663967133,
          "Top": 0.3368365168571472
        },
        "Polygon": [
          {
            "X": 0.1772443801164627,
            "Y": 0.3368365168571472
          },
          {
            "X": 0.22489826381206512,
            "Y": 0.3370673656463623
          },
          {
            "X": 0.224675253033638,
            "Y": 0.3456957936286926
          },
          {
            "X": 0.17702780663967133,
            "Y": 0.3454507887363434
          }
        ]
      },
      "Id": "c0f118f4-ac66-44b8-a8df-135f79c04d01",
      "Page": 1
    },
    {
      "BlockType": "WORD",
      "Confidence": 99.63333892822266,
      "Text": "Cloud",
      "TextType": "PRINTED",
      "Geometry": {
        "BoundingBox": {
          "Width": 0.0472104586660862,
          "Height": 0.013134165666997433,
          "Left": 0.02374276891350746,
          "Top": 0.34885504841804504
        },
        "Polygon": [
          {
            "X": 0.02403705008327961,
            "Y": 0.34885504841804504
          },
          {
            "X": 0.07095322757959366,
            "Y": 0.34910309314727783
          },
          {
            "X": 0.07064950466156006,
            "Y": 0.36198920011520386
          },
          {
            "X": 0.02374276891350746,
            "Y": 0.3617202341556549
          }
        ]
      },
      "Id": "bea4f30f-1e0f-4596-b3d6-7eb5f077d791",
      "Page": 1
    },
    {
      "BlockType": "WORD",
      "Confidence": 99.69754791259766,
      "Text": "Acesso",
      "TextType": "PRINTED",
      "Geometry": {
        "BoundingBox": {
          "Width": 0.03461949899792671,
          "Height": 0.008061105385422707,
          "Left": 0.18526700139045715,
          "Top": 0.34959331154823303
        },
        "Polygon": [
          {
            "X": 0.18546584248542786,
            "Y": 0.34959331154823303
          },
          {
            "X": 0.21988649666309357,
            "Y": 0.34977516531944275
          },
          {
            "X": 0.21968339383602142,
            "Y": 0.3576544225215912
          },
          {
            "X": 0.18526700139045715,
            "Y": 0.3574632406234741
          }
        ]
      },
      "Id": "5cc64aeb-d2b8-492e-96fd-dc66171906d7",
      "Page": 1
    },
    {
      "BlockType": "WORD",
      "Confidence": 99.8647232055664,
      "Text": "total",
      "TextType": "PRINTED",
      "Geometry": {
        "BoundingBox": {
          "Width": 0.024498866870999336,
          "Height": 0.008058072067797184,
          "Left": 0.22296948730945587,
          "Top": 0.3484026789665222
        },
        "Polygon": [
          {
            "X": 0.22317412495613098,
            "Y": 0.3484026789665222
          },
          {
            "X": 0.24746835231781006,
            "Y": 0.3485298454761505
          },
          {
            "X": 0.2472606748342514,
            "Y": 0.3564607501029968
          },
          {
            "X": 0.22296948730945587,
            "Y": 0.3563269376754761
          }
        ]
      },
      "Id": "6724908c-f13a-4bfd-9912-d175b6e8e09c",
      "Page": 1
    },
    {
      "BlockType": "WORD",
      "Confidence": 99.76957702636719,
      "Text": "a",
      "TextType": "PRINTED",
      "Geometry": {
        "BoundingBox": {
          "Width": 0.006095049902796745,
          "Height": 0.005827687680721283,
          "Left": 0.24983972311019897,
          "Top": 0.3500067889690399
        },
        "Polygon": [
          {
            "X": 0.24999168515205383,
            "Y": 0.3500067889690399
          },
          {
            "X": 0.25593477487564087,
            "Y": 0.35003820061683655
          },
          {
            "X": 0.25578224658966064,
            "Y": 0.3558344841003418
          },
          {
            "X": 0.24983972311019897,
            "Y": 0.35580188035964966
          }
        ]
      },
      "Id": "592fca34-b849-4f0c-8f5e-52314e286dd5",
      "Page": 1
    },
    {
      "BlockType": "WORD",
      "Confidence": 99.71161651611328,
      "Text": "todos",
      "TextType": "PRINTED",
      "Geometry": {
        "BoundingBox": {
          "Width": 0.02951265498995781,
          "Height": 0.007907821796834469,
          "Left": 0.25934508442878723,
          "Top": 0.34772565960884094
        },
        "Polygon": [
          {
            "X": 0.2595493495464325,
            "Y": 0.34772565960884094
          },
          {
            "X": 0.28885772824287415,
            "Y": 0.34787821769714355
          },
          {
            "X": 0.28864991664886475,
            "Y": 0.3556334674358368
          },
          {
            "X": 0.25934508442878723,
            "Y": 0.3554731011390686
          }
        ]
      },
      "Id": "13cdcd9c-2beb-4cac-8a85-dbe4bc6865d1",
      "Page": 1
    },
    {
      "BlockType": "WORD",
      "Confidence": 98.6834716796875,
      "Text": "os",
      "TextType": "PRINTED",
      "Geometry": {
        "BoundingBox": {
          "Width": 0.011359295807778835,
          "Height": 0.006022595334798098,
          "Left": 0.29213961958885193,
          "Top": 0.34872716665267944
        },
        "Polygon": [
          {
            "X": 0.29229968786239624,
            "Y": 0.34872716665267944
          },
          {
            "X": 0.30349892377853394,
            "Y": 0.34878578782081604
          },
          {
            "X": 0.30333781242370605,
            "Y": 0.35474973917007446
          },
          {
            "X": 0.29213961958885193,
            "Y": 0.3546888530254364
          }
        ]
      },
      "Id": "4f7b337f-f48d-4c9b-98f7-2ce1bd537f0a",
      "Page": 1
    },
    {
      "BlockType": "WORD",
      "Confidence": 99.7732162475586,
      "Text": "recursos",
      "TextType": "PRINTED",
      "Geometry": {
        "BoundingBox": {
          "Width": 0.04433991014957428,
          "Height": 0.007173161953687668,
          "Left": 0.30675432085990906,
          "Top": 0.3473573625087738
        },
        "Polygon": [
          {
            "X": 0.3069419860839844,
            "Y": 0.3473573625087738
          },
          {
            "X": 0.35109421610832214,
            "Y": 0.3475862741470337
          },
          {
            "X": 0.35090172290802,
            "Y": 0.3545305132865906
          },
          {
            "X": 0.30675432085990906,
            "Y": 0.3542911112308502
          }
        ]
      },
      "Id": "e3dd0062-92fc-48b4-b829-e7c282f57edf",
      "Page": 1
    },
    {
      "BlockType": "WORD",
      "Confidence": 98.89669036865234,
      "Text": "Até",
      "TextType": "PRINTED",
      "Geometry": {
        "BoundingBox": {
          "Width": 0.018126510083675385,
          "Height": 0.007649641949683428,
          "Left": 0.1829710453748703,
          "Top": 0.36335471272468567
        },
        "Polygon": [
          {
            "X": 0.1831613928079605,
            "Y": 0.36335471272468567
          },
          {
            "X": 0.20109756290912628,
            "Y": 0.3634580075740814
          },
          {
            "X": 0.20090509951114655,
            "Y": 0.3710043430328369
          },
          {
            "X": 0.1829710453748703,
            "Y": 0.3708963990211487
          }
        ]
      },
      "Id": "9d3efc44-6890-452c-bddd-78480e10362d",
      "Page": 1
    },
    {
      "BlockType": "WORD",
      "Confidence": 99.70394134521484,
      "Text": "4",
      "TextType": "PRINTED",
      "Geometry": {
        "BoundingBox": {
          "Width": 0.0069000800140202045,
          "Height": 0.007221600506454706,
          "Left": 0.20334412157535553,
          "Top": 0.36327964067459106
        },
        "Polygon": [
          {
            "X": 0.2035275250673294,
            "Y": 0.36327964067459106
          },
          {
            "X": 0.21024419367313385,
            "Y": 0.3633182644844055
          },
          {
            "X": 0.2100600302219391,
            "Y": 0.37050122022628784
          },
          {
            "X": 0.20334412157535553,
            "Y": 0.3704609274864197
          }
        ]
      },
      "Id": "8e9ebefc-2393-4946-91d1-7cab2d44f19b",
      "Page": 1
    },
    {
      "BlockType": "WORD",
      "Confidence": 89.24579620361328,
      "Text": "usuários",
      "TextType": "PRINTED",
      "Geometry": {
        "BoundingBox": {
          "Width": 0.04249740391969681,
          "Height": 0.00828326866030693,
          "Left": 0.2130798101425171,
          "Top": 0.36217397451400757
        },
        "Polygon": [
          {
            "X": 0.21328605711460114,
            "Y": 0.36217397451400757
          },
          {
            "X": 0.2555772066116333,
            "Y": 0.3624155521392822
          },
          {
            "X": 0.25536563992500305,
            "Y": 0.3704572319984436
          },
          {
            "X": 0.2130798101425171,
            "Y": 0.37020397186279297
          }
        ]
      },
      "Id": "82535e0c-e293-459b-b617-ab0ede243089",
      "Page": 1
    },
    {
      "BlockType": "WORD",
      "Confidence": 99.85913848876953,
      "Text": "de",
      "TextType": "PRINTED",
      "Geometry": {
        "BoundingBox": {
          "Width": 0.012727230787277222,
          "Height": 0.0075203669257462025,
          "Left": 0.2587185502052307,
          "Top": 0.36188167333602905
        },
        "Polygon": [
          {
            "X": 0.2589147984981537,
            "Y": 0.36188167333602905
          },
          {
            "X": 0.27144578099250793,
            "Y": 0.3619529902935028
          },
          {
            "X": 0.2712480127811432,
            "Y": 0.3694020211696625
          },
          {
            "X": 0.2587185502052307,
            "Y": 0.36932748556137085
          }
        ]
      },
      "Id": "5c3e69d8-0e6e-4e12-b3a5-1f8d4e191b9a",
      "Page": 1
    },
    {
      "BlockType": "WORD",
      "Confidence": 99.35539245605469,
      "Text": "qualquer",
      "TextType": "PRINTED",
      "Geometry": {
        "BoundingBox": {
          "Width": 0.04742085561156273,
          "Height": 0.009705305099487305,
          "Left": 0.27468520402908325,
          "Top": 0.36100345849990845
        },
        "Polygon": [
          {
            "X": 0.2749358117580414,
            "Y": 0.36100345849990845
          },
          {
            "X": 0.3221060335636139,
            "Y": 0.3612704277038574
          },
          {
            "X": 0.32184842228889465,
            "Y": 0.37070876359939575
          },
          {
            "X": 0.27468520402908325,
            "Y": 0.3704265356063843
          }
        ]
      },
      "Id": "58f87b2a-5248-47e6-8307-f897673f2df3",
      "Page": 1
    },
    {
      "BlockType": "WORD",
      "Confidence": 99.67412567138672,
      "Text": "tipo*",
      "TextType": "PRINTED",
      "Geometry": {
        "BoundingBox": {
          "Width": 0.026024773716926575,
          "Height": 0.00919495988637209,
          "Left": 0.32492929697036743,
          "Top": 0.36027219891548157
        },
        "Polygon": [
          {
            "X": 0.32517650723457336,
            "Y": 0.36027219891548157
          },
          {
            "X": 0.3509540557861328,
            "Y": 0.3604171872138977
          },
          {
            "X": 0.3507031500339508,
            "Y": 0.369467169046402
          },
          {
            "X": 0.32492929697036743,
            "Y": 0.36931416392326355
          }
        ]
      },
      "Id": "233e2d64-26d9-4206-800d-e12865aa55ec",
      "Page": 1
    },
    {
      "BlockType": "WORD",
      "Confidence": 99.76824188232422,
      "Text": "Experience",
      "TextType": "PRINTED",
      "Geometry": {
        "BoundingBox": {
          "Width": 0.08850879967212677,
          "Height": 0.0160064697265625,
          "Left": 0.019341325387358665,
          "Top": 0.36604973673820496
        },
        "Polygon": [
          {
            "X": 0.019693611189723015,
            "Y": 0.36604973673820496
          },
          {
            "X": 0.10785012692213058,
            "Y": 0.36656856536865234
          },
          {
            "X": 0.10747652500867844,
            "Y": 0.38205620646476746
          },
          {
            "X": 0.019341325387358665,
            "Y": 0.3814902901649475
          }
        ]
      },
      "Id": "38769428-e9ef-4284-95cc-886ef34b4c29",
      "Page": 1
    },
    {
      "BlockType": "WORD",
      "Confidence": 99.77894592285156,
      "Text": "2025",
      "TextType": "PRINTED",
      "Geometry": {
        "BoundingBox": {
          "Width": 0.03954460099339485,
          "Height": 0.011997170746326447,
          "Left": 0.015747906640172005,
          "Top": 0.3852981925010681
        },
        "Polygon": [
          {
            "X": 0.01601482927799225,
            "Y": 0.3852981925010681
          },
          {
            "X": 0.05529250577092171,
            "Y": 0.385555624961853
          },
          {
            "X": 0.055018384009599686,
            "Y": 0.39729535579681396
          },
          {
            "X": 0.015747906640172005,
            "Y": 0.39702197909355164
          }
        ]
      },
      "Id": "b9120c8e-c9bf-4b62-8fb4-47c9e44e06b6",
      "Page": 1
    },
    {
      "BlockType": "WORD",
      "Confidence": 98.81307220458984,
      "Text": "Comece",
      "TextType": "PRINTED",
      "Geometry": {
        "BoundingBox": {
          "Width": 0.04092317447066307,
          "Height": 0.007979222573339939,
          "Left": 0.1681571751832962,
          "Top": 0.3854879140853882
        },
        "Polygon": [
          {
            "X": 0.16834993660449982,
            "Y": 0.3854879140853882
          },
          {
            "X": 0.20908033847808838,
            "Y": 0.38575372099876404
          },
          {
            "X": 0.2088826447725296,
            "Y": 0.39346712827682495
          },
          {
            "X": 0.1681571751832962,
            "Y": 0.39319050312042236
          }
        ]
      },
      "Id": "d584bfc2-a01c-40d0-87c5-1d2679fe1d6f",
      "Page": 1
    },
    {
      "BlockType": "WORD",
      "Confidence": 99.32705688476562,
      "Text": "seu",
      "TextType": "PRINTED",
      "Geometry": {
        "BoundingBox": {
          "Width": 0.018769411370158195,
          "Height": 0.006718847434967756,
          "Left": 0.2113121598958969,
          "Top": 0.38614407181739807
        },
        "Polygon": [
          {
            "X": 0.21148137748241425,
            "Y": 0.38614407181739807
          },
          {
            "X": 0.23008157312870026,
            "Y": 0.38626569509506226
          },
          {
            "X": 0.22991043329238892,
            "Y": 0.3928629159927368
          },
          {
            "X": 0.2113121598958969,
            "Y": 0.3927370607852936
          }
        ]
      },
      "Id": "f7125e73-af25-4f98-9d89-e7253638888e",
      "Page": 1
    },
    {
      "BlockType": "WORD",
      "Confidence": 99.8929443359375,
      "Text": "teste",
      "TextType": "PRINTED",
      "Geometry": {
        "BoundingBox": {
          "Width": 0.02671997994184494,
          "Height": 0.007393253967165947,
          "Left": 0.23280231654644012,
          "Top": 0.38496631383895874
        },
        "Polygon": [
          {
            "X": 0.23298978805541992,
            "Y": 0.38496631383895874
          },
          {
            "X": 0.25952228903770447,
            "Y": 0.385138601064682
          },
          {
            "X": 0.2593318223953247,
            "Y": 0.39235955476760864
          },
          {
            "X": 0.23280231654644012,
            "Y": 0.3921806812286377
          }
        ]
      },
      "Id": "0803f342-3d0a-4fbc-954e-c50533b5bf6f",
      "Page": 1
    },
    {
      "BlockType": "WORD",
      "Confidence": 98.72348022460938,
      "Text": "gratuito",
      "TextType": "PRINTED",
      "Geometry": {
        "BoundingBox": {
          "Width": 0.04462704434990883,
          "Height": 0.009747236967086792,
          "Left": 0.26249006390571594,
          "Top": 0.3838485777378082
        },
        "Polygon": [
          {
            "X": 0.26273971796035767,
            "Y": 0.3838485777378082
          },
          {
            "X": 0.30711713433265686,
            "Y": 0.38413476943969727
          },
          {
            "X": 0.30686089396476746,
            "Y": 0.393595814704895
          },
          {
            "X": 0.26249006390571594,
            "Y": 0.3932952582836151
          }
        ]
      },
      "Id": "2ee12700-adb9-412a-887c-a35594a3c5a9",
      "Page": 1
    },
    {
      "BlockType": "WORD",
      "Confidence": 99.62037658691406,
      "Text": "agora",
      "TextType": "PRINTED",
      "Geometry": {
        "BoundingBox": {
          "Width": 0.03169341757893562,
          "Height": 0.007899947464466095,
          "Left": 0.31024181842803955,
          "Top": 0.3849547803401947
        },
        "Polygon": [
          {
            "X": 0.3104504346847534,
            "Y": 0.3849547803401947
          },
          {
            "X": 0.34193524718284607,
            "Y": 0.3851586878299713
          },
          {
            "X": 0.34172284603118896,
            "Y": 0.3928547501564026
          },
          {
            "X": 0.31024181842803955,
            "Y": 0.3926425278186798
          }
        ]
      },
      "Id": "5469cefe-1eed-487f-b06e-6a6dcece1410",
      "Page": 1
    },
    {
      "BlockType": "WORD",
      "Confidence": 78.7265396118164,
      "Text": ".",
      "TextType": "PRINTED",
      "Geometry": {
        "BoundingBox": {
          "Width": 0.004288249649107456,
          "Height": 0.0035743825137615204,
          "Left": 0.37381744384765625,
          "Top": 0.511844277381897
        },
        "Polygon": [
          {
            "X": 0.3739166855812073,
            "Y": 0.511844277381897
          },
          {
            "X": 0.37810570001602173,
            "Y": 0.5118895769119263
          },
          {
            "X": 0.3780062198638916,
            "Y": 0.5154186487197876
          },
          {
            "X": 0.37381744384765625,
            "Y": 0.5153728723526001
          }
        ]
      },
      "Id": "626789f4-1356-4139-98f9-c7df8cde62f8",
      "Page": 1
    },
    {
      "BlockType": "WORD",
      "Confidence": 99.59492492675781,
      "Text": "Um",
      "TextType": "PRINTED",
      "Geometry": {
        "BoundingBox": {
          "Width": 0.012848030775785446,
          "Height": 0.005315124522894621,
          "Left": 0.3787824809551239,
          "Top": 0.5118897557258606
        },
        "Polygon": [
          {
            "X": 0.37892845273017883,
            "Y": 0.5118897557258606
          },
          {
            "X": 0.39163050055503845,
            "Y": 0.5120271444320679
          },
          {
            "X": 0.39148351550102234,
            "Y": 0.5172048807144165
          },
          {
            "X": 0.3787824809551239,
            "Y": 0.5170652866363525
          }
        ]
      },
      "Id": "dda60324-2c8f-46a3-b041-e55ea91070d0",
      "Page": 1
    },
    {
      "BlockType": "WORD",
      "Confidence": 61.213199615478516,
      "Text": "usuário",
      "TextType": "PRINTED",
      "Geometry": {
        "BoundingBox": {
          "Width": 0.026709094643592834,
          "Height": 0.005746108014136553,
          "Left": 0.39371225237846375,
          "Top": 0.5119399428367615
        },
        "Polygon": [
          {
            "X": 0.39386725425720215,
            "Y": 0.5119399428367615
          },
          {
            "X": 0.4204213321208954,
            "Y": 0.5122269988059998
          },
          {
            "X": 0.42026400566101074,
            "Y": 0.5176860690116882
          },
          {
            "X": 0.39371225237846375,
            "Y": 0.5173940658569336
          }
        ]
      },
      "Id": "de184e42-413c-413e-a4fc-fc5174736da2",
      "Page": 1
    },
    {
      "BlockType": "WORD",
      "Confidence": 99.73637390136719,
      "Text": "deve",
      "TextType": "PRINTED",
      "Geometry": {
        "BoundingBox": {
          "Width": 0.017732752487063408,
          "Height": 0.005621568765491247,
          "Left": 0.4223230183124542,
          "Top": 0.512394368648529
        },
        "Polygon": [
          {
            "X": 0.4224795997142792,
            "Y": 0.512394368648529
          },
          {
            "X": 0.4400557577610016,
            "Y": 0.5125844478607178
          },
          {
            "X": 0.43989765644073486,
            "Y": 0.5180159211158752
          },
          {
            "X": 0.4223230183124542,
            "Y": 0.5178225636482239
          }
        ]
      },
      "Id": "7fd64cae-2090-4dde-996c-cd9a6179a214",
      "Page": 1
    },
    {
      "BlockType": "WORD",
      "Confidence": 99.10655975341797,
      "Text": "ser",
      "TextType": "PRINTED",
      "Geometry": {
        "BoundingBox": {
          "Width": 0.011606305837631226,
          "Height": 0.004590629134327173,
          "Left": 0.4417589604854584,
          "Top": 0.513729989528656
        },
        "Polygon": [
          {
            "X": 0.44188904762268066,
            "Y": 0.513729989528656
          },
          {
            "X": 0.4533652663230896,
            "Y": 0.5138545036315918
          },
          {
            "X": 0.45323437452316284,
            "Y": 0.518320620059967
          },
          {
            "X": 0.4417589604854584,
            "Y": 0.518194317817688
          }
        ]
      },
      "Id": "76be77d7-4f70-43b2-914e-eea266165504",
      "Page": 1
    },
    {
      "BlockType": "WORD",
      "Confidence": 98.47115325927734,
      "Text": "administrador",
      "TextType": "PRINTED",
      "Geometry": {
        "BoundingBox": {
          "Width": 0.05444837734103203,
          "Height": 0.00643028412014246,
          "Left": 0.45467087626457214,
          "Top": 0.5128068923950195
        },
        "Polygon": [
          {
            "X": 0.4548419415950775,
            "Y": 0.5128068923950195
          },
          {
            "X": 0.5091192722320557,
            "Y": 0.5133939981460571
          },
          {
            "X": 0.5089431405067444,
            "Y": 0.5192371606826782
          },
          {
            "X": 0.45467087626457214,
            "Y": 0.5186392664909363
          }
        ]
      },
      "Id": "fd120ff4-81fb-4b1e-a929-c175cbb7c539",
      "Page": 1
    },
    {
      "BlockType": "WORD",
      "Confidence": 99.56002807617188,
      "Text": "ou",
      "TextType": "PRINTED",
      "Geometry": {
        "BoundingBox": {
          "Width": 0.010267088189721107,
          "Height": 0.0049022347666323185,
          "Left": 0.5106167793273926,
          "Top": 0.5147840976715088
        },
        "Polygon": [
          {
            "X": 0.5107613205909729,
            "Y": 0.5147840976715088
          },
          {
            "X": 0.5208839178085327,
            "Y": 0.5148940682411194
          },
          {
            "X": 0.5207386016845703,
            "Y": 0.5196863412857056
          },
          {
            "X": 0.5106167793273926,
            "Y": 0.519574761390686
          }
        ]
      },
      "Id": "5e20a26a-3cf9-43e7-af17-65380279f2d4",
      "Page": 1
    },
    {
      "BlockType": "WORD",
      "Confidence": 97.45066833496094,
      "Text": "administrador",
      "TextType": "PRINTED",
      "Geometry": {
        "BoundingBox": {
          "Width": 0.056103501468896866,
          "Height": 0.007594802882522345,
          "Left": 0.5223508477210999,
          "Top": 0.5133733749389648
        },
        "Polygon": [
          {
            "X": 0.5225625038146973,
            "Y": 0.5133733749389648
          },
          {
            "X": 0.5784543752670288,
            "Y": 0.5139776468276978
          },
          {
            "X": 0.5782365202903748,
            "Y": 0.5209681987762451
          },
          {
            "X": 0.5223508477210999,
            "Y": 0.5203506946563721
          }
        ]
      },
      "Id": "80f81b3a-01ec-491c-8aab-109df6d682c0",
      "Page": 1
    },
    {
      "BlockType": "WORD",
      "Confidence": 99.72949981689453,
      "Text": "profissional",
      "TextType": "PRINTED",
      "Geometry": {
        "BoundingBox": {
          "Width": 0.0484854131937027,
          "Height": 0.008095929399132729,
          "Left": 0.5801323652267456,
          "Top": 0.5144747495651245
        },
        "Polygon": [
          {
            "X": 0.5803682208061218,
            "Y": 0.5144747495651245
          },
          {
            "X": 0.6286177635192871,
            "Y": 0.5149971842765808
          },
          {
            "X": 0.6283760666847229,
            "Y": 0.5225707292556763
          },
          {
            "X": 0.5801323652267456,
            "Y": 0.5220358967781067
          }
        ]
      },
      "Id": "e155309b-17c1-46bc-9406-9cb86bf89648",
      "Page": 1
    },
    {
      "BlockType": "WORD",
      "Confidence": 99.8294677734375,
      "Text": "para",
      "TextType": "PRINTED",
      "Geometry": {
        "BoundingBox": {
          "Width": 0.018870247527956963,
          "Height": 0.006345134228467941,
          "Left": 0.6305384635925293,
          "Top": 0.5166652202606201
        },
        "Polygon": [
          {
            "X": 0.6307345628738403,
            "Y": 0.5166652202606201
          },
          {
            "X": 0.6494086980819702,
            "Y": 0.5168684720993042
          },
          {
            "X": 0.6492108106613159,
            "Y": 0.5230103731155396
          },
          {
            "X": 0.6305384635925293,
            "Y": 0.5228032469749451
          }
        ]
      },
      "Id": "0c7b1a10-3bbf-4292-ab96-be015ce5837e",
      "Page": 1
    },
    {
      "BlockType": "WORD",
      "Confidence": 97.95027160644531,
      "Text": "gerenciamento",
      "TextType": "PRINTED",
      "Geometry": {
        "BoundingBox": {
          "Width": 0.06488043069839478,
          "Height": 0.008440012112259865,
          "Left": 0.651482343673706,
          "Top": 0.5159686207771301
        },
        "Polygon": [
          {
            "X": 0.6517314314842224,
            "Y": 0.5159686207771301
          },
          {
            "X": 0.7163627743721008,
            "Y": 0.5166700482368469
          },
          {
            "X": 0.7161057591438293,
            "Y": 0.5244086384773254
          },
          {
            "X": 0.651482343673706,
            "Y": 0.523690402507782
          }
        ]
      },
      "Id": "739b1d08-23b9-421e-be3f-c50120d44759",
      "Page": 1
    },
    {
      "BlockType": "WORD",
      "Confidence": 99.83527374267578,
      "Text": "de",
      "TextType": "PRINTED",
      "Geometry": {
        "BoundingBox": {
          "Width": 0.011372576467692852,
          "Height": 0.006396132986992598,
          "Left": 0.7180769443511963,
          "Top": 0.5172455906867981
        },
        "Polygon": [
          {
            "X": 0.7182854413986206,
            "Y": 0.5172455906867981
          },
          {
            "X": 0.7294495105743408,
            "Y": 0.5173669457435608
          },
          {
            "X": 0.729239821434021,
            "Y": 0.5236417055130005
          },
          {
            "X": 0.7180769443511963,
            "Y": 0.5235180258750916
          }
        ]
      },
      "Id": "e32ed2bd-ef06-4943-bbe5-d5e07d37826a",
      "Page": 1
    },
    {
      "BlockType": "WORD",
      "Confidence": 99.59999084472656,
      "Text": "contas",
      "TextType": "PRINTED",
      "Geometry": {
        "BoundingBox": {
          "Width": 0.02899731695652008,
          "Height": 0.006172996945679188,
          "Left": 0.7313643097877502,
          "Top": 0.5180836915969849
        },
        "Polygon": [
          {
            "X": 0.7315601110458374,
            "Y": 0.5180836915969849
          },
          {
            "X": 0.7603616714477539,
            "Y": 0.5183975100517273
          },
          {
            "X": 0.7601631879806519,
            "Y": 0.524256706237793
          },
          {
            "X": 0.7313643097877502,
            "Y": 0.5239372253417969
          }
        ]
      },
      "Id": "c82dd394-a6d9-4438-9bcb-096f74175d37",
      "Page": 1
    }
  ],
  "DetectDocumentTextModelVersion": "1.0"
}