{
  "DocumentMetadata": {
    "Pages": 1
  },
  "JobStatus": "SUCCEEDED",
  "Blocks": [
    {
      "BlockType": "PAGE",
      "Geometry": {
        "BoundingBox": {
          "Width": 1,
          "Height": 1,
          "Left": 0,
          "Top": 0
        },
        "Polygon": [
          {
            "X": 0.00033301845542155206,
            "Y": 0
          },
          {
            "X": 1,
            "Y": 0.00034360282006673515
          },
          {
            "X": 1,
            "Y": 1
          },
          {
            "X": 0,
            "Y": 1
          }
        ]
      },
      "Id": "70cca15c-afcf-4067-9862-eb7419817f9c",
      "Relationships": [
        {
          "Type": "CHILD",
          "Ids": [
            "0d906685-b75e-4f6a-a041-963875ff6022",
            "4d55b782-336b-42f6-87a1-06a1e35cdf40",
            "9c29b86c-df7b-41dd-a576-ada4c5ae5aa1",
            "794091b7-a756-4759-84cd-89348cd52fc9",
            "0709726e-c6c8-44cc-a5af-c66236375e35",
            "8e34a45d-6979-46de-84a9-09bb6d4655a8",
            "c985ffa0-0612-49f3-9d2e-cb2c15e297c0",
            "666a175e-46ec-4134-87f8-ee53d856a062",
            "e1904d7c-0cea-4d30-9e07-9bdeff6f876f",
            "7dc57962-74ee-4c24-805c-6e5ad7960dcb",
            "1ee3e094-ae39-48ab-bda8-2025cac1ccf2",
            "faccb442-747e-467d-9619-2304a7bc4497",
            "ef4a40ae-e4b8-467d-95b3-2f3bc9e5b2db",
            "161d8c51-af15-4e63-ac1a-fa343a1d19e9",
            "7e9026a1-3365-488c-bc60-ff3c259267b0",
            "4bcf0fd0-4750-4c81-83e6-69009d71daa8",
            "cf9373fd-c17b-4b86-87bc-6504c1a97699",
            "0e04af04-9e36-48a4-88aa-6d28e83dc31d",
            "9e1b37b0-3bc3-4ef9-a2d9-fde66d48a844",
            "cc2544f9-7086-4a81-95ae-e1b3b55e780e"
          ]
        }
      ],
      "Page": 1
    },
    {
      "BlockType": "LINE",
      "Confidence": 89.9776382446289,
      "Text": "⑉",
      "Geometry": {
        "BoundingBox": {
          "Width": 0.016032425686717033,
          "Height": 0.010576065629720688,
          "Left": 0.9206557273864746,
          "Top": 0.28022301197052
        },
        "Polygon": [
          {
            "X": 0.9208227396011353,
            "Y": 0.28022301197052
          },
          {
            "X": 0.9366881847381592,
            "Y": 0.2805333137512207
          },
          {
            "X": 0.9365212917327881,
            "Y": 0.290799081325531
          },
          {
            "X": 0.9206557273864746,
            "Y": 0.29048895835876465
          }
        ]
      },
      "Id": "0d906685-b75e-4f6a-a041-963875ff6022",
      "Relationships": [
        {
          "Type": "CHILD",
          "Ids": [
            "4ffe9e51-5375-4668-b675-c9c16d79c9a5"
          ]
        }
      ],
      "Page": 1
    },
    {
      "BlockType": "LINE",
      "Confidence": 99.66773986816406,
      "Text": "Seis passos",
      "Geometry": {
        "BoundingBox": {
          "Width": 0.15881305932998657,
          "Height": 0.02546302229166031,
          "Left": 0.4025328457355499,
          "Top": 0.3535636067390442
        },
        "Polygon": [
          {
            "X": 0.402902752161026,
            "Y": 0.3535636067390442
          },
          {
            "X": 0.5613458752632141,
            "Y": 0.3566460609436035
          },
          {
            "X": 0.5609778761863708,
            "Y": 0.3790266215801239
          },
          {
            "X": 0.4025328457355499,
            "Y": 0.3759485185146332
          }
        ]
      },
      "Id": "4d55b782-336b-42f6-87a1-06a1e35cdf40",
      "Relationships": [
        {
          "Type": "CHILD",
          "Ids": [
            "fceb0b01-2b6f-4f66-8f7c-290eb9f4c5c5",
            "d85e8a25-6588-4b8b-a88a-3dbb59e4281e"
          ]
        }
      ],
      "Page": 1
    },
    {
      "BlockType": "LINE",
      "Confidence": 99.21102905273438,
      "Text": "1",
      "Geometry": {
        "BoundingBox": {
          "Width": 0.005813944153487682,
          "Height": 0.007015545852482319,
          "Left": 0.6501649618148804,
          "Top": 0.36462080478668213
        },
        "Polygon": [
          {
            "X": 0.6502781510353088,
            "Y": 0.36462080478668213
          },
          {
            "X": 0.6559789180755615,
            "Y": 0.36473163962364197
          },
          {
            "X": 0.6558656692504883,
            "Y": 0.3716363310813904
          },
          {
            "X": 0.6501649618148804,
            "Y": 0.37152552604675293
          }
        ]
      },
      "Id": "9c29b86c-df7b-41dd-a576-ada4c5ae5aa1",
      "Relationships": [
        {
          "Type": "CHILD",
          "Ids": [
            "2130af28-d7b8-4db3-8884-378f90b2ac9c"
          ]
        }
      ],
      "Page": 1
    },
    {
      "BlockType": "LINE",
      "Confidence": 96.30952453613281,
      "Text": "Obtenha a adesão organizacional",
      "Geometry": {
        "BoundingBox": {
          "Width": 0.15302112698554993,
          "Height": 0.013124671764671803,
          "Left": 0.6738958358764648,
          "Top": 0.3601571321487427
        },
        "Polygon": [
          {
            "X": 0.674062192440033,
            "Y": 0.3601571321487427
          },
          {
            "X": 0.8269169330596924,
            "Y": 0.3631306290626526
          },
          {
            "X": 0.8267513513565063,
            "Y": 0.3732818067073822
          },
          {
            "X": 0.6738958358764648,
            "Y": 0.3703102171421051
          }
        ]
      },
      "Id": "794091b7-a756-4759-84cd-89348cd52fc9",
      "Relationships": [
        {
          "Type": "CHILD",
          "Ids": [
            "4266d2af-d5f6-4464-a09a-1abe50c57110",
            "2679a7e4-56b6-4f84-aad7-f9bc8f06c2b1",
            "99309c7d-e2ff-4df2-933c-62eadade76af",
            "3c1252b5-c8ec-45c0-96f1-17a569199d94"
          ]
        }
      ],
      "Page": 1
    },
    {
      "BlockType": "LINE",
      "Confidence": 89.89683532714844,
      "Text": "em níveis seniores",
      "Geometry": {
        "BoundingBox": {
          "Width": 0.0861082449555397,
          "Height": 0.009017129428684711,
          "Left": 0.6745211482048035,
          "Top": 0.37033548951148987
        },
        "Polygon": [
          {
            "X": 0.674641489982605,
            "Y": 0.37033548951148987
          },
          {
            "X": 0.7606293559074402,
            "Y": 0.3720071315765381
          },
          {
            "X": 0.7605093121528625,
            "Y": 0.3793526291847229
          },
          {
            "X": 0.6745211482048035,
            "Y": 0.37768176198005676
          }
        ]
      },
      "Id": "0709726e-c6c8-44cc-a5af-c66236375e35",
      "Relationships": [
        {
          "Type": "CHILD",
          "Ids": [
            "2b11b56d-ea4e-48d5-9997-e96a30a869e5",
            "581631f9-d16a-4a1c-bb25-68ad85a4956a",
            "d6d4a371-6822-41ec-98f8-8e4b0e201d83"
          ]
        }
      ],
      "Page": 1
    },
    {
      "BlockType": "LINE",
      "Confidence": 99.52960968017578,
      "Text": "para construir um",
      "Geometry": {
        "BoundingBox": {
          "Width": 0.18828025460243225,
          "Height": 0.018241500481963158,
          "Left": 0.3867908716201782,
          "Top": 0.3807132840156555
        },
        "Polygon": [
          {
            "X": 0.3870321214199066,
            "Y": 0.3807132840156555
          },
          {
            "X": 0.5750710964202881,
            "Y": 0.38436511158943176
          },
          {
            "X": 0.5748313069343567,
            "Y": 0.3989547789096832
          },
          {
            "X": 0.3867908716201782,
            "Y": 0.3953063189983368
          }
        ]
      },
      "Id": "8e34a45d-6979-46de-84a9-09bb6d4655a8",
      "Relationships": [
        {
          "Type": "CHILD",
          "Ids": [
            "882e4cc5-198b-4afb-9ece-55bc7f805488",
            "301a1849-5aa5-4aad-9d0b-42877bac42fa",
            "4eda82d1-efaf-4189-b873-4862dc341de1"
          ]
        }
      ],
      "Page": 1
    },
    {
      "BlockType": "LINE",
      "Confidence": 98.50518798828125,
      "Text": "2",
      "Geometry": {
        "BoundingBox": {
          "Width": 0.0058525605127215385,
          "Height": 0.006847455631941557,
          "Left": 0.6510080099105835,
          "Top": 0.3901837468147278
        },
        "Polygon": [
          {
            "X": 0.6511184573173523,
            "Y": 0.3901837468147278
          },
          {
            "X": 0.6568605303764343,
            "Y": 0.39029520750045776
          },
          {
            "X": 0.6567500829696655,
            "Y": 0.39703118801116943
          },
          {
            "X": 0.6510080099105835,
            "Y": 0.39691975712776184
          }
        ]
      },
      "Id": "c985ffa0-0612-49f3-9d2e-cb2c15e297c0",
      "Relationships": [
        {
          "Type": "CHILD",
          "Ids": [
            "1c575cf2-898a-466f-85c1-e26d34760283"
          ]
        }
      ],
      "Page": 1
    },
    {
      "BlockType": "LINE",
      "Confidence": 97.7798080444336,
      "Text": "Lance uma equipe diversificada e",
      "Geometry": {
        "BoundingBox": {
          "Width": 0.1541365385055542,
          "Height": 0.011525291949510574,
          "Left": 0.6747370362281799,
          "Top": 0.38604485988616943
        },
        "Polygon": [
          {
            "X": 0.6748769283294678,
            "Y": 0.38604485988616943
          },
          {
            "X": 0.8288735747337341,
            "Y": 0.3890356123447418
          },
          {
            "X": 0.8287343382835388,
            "Y": 0.3975701630115509
          },
          {
            "X": 0.6747370362281799,
            "Y": 0.39458101987838745
          }
        ]
      },
      "Id": "666a175e-46ec-4134-87f8-ee53d856a062",
      "Relationships": [
        {
          "Type": "CHILD",
          "Ids": [
            "5c08e5f9-b875-48d4-9c4e-830b5a97d416",
            "f0ba4926-de50-412a-8974-015ffa0a2da0",
            "e907ec84-1d05-48d8-8d35-373c3f86bdaf",
            "f6f4d246-97bd-43a6-bf64-abd89f737ba4",
            "0fe42f0a-c848-4a29-b6b2-9a03945a34b5"
          ]
        }
      ],
      "Page": 1
    },
    {
      "BlockType": "LINE",
      "Confidence": 97.16389465332031,
      "Text": "multidisciplinar",
      "Geometry": {
        "BoundingBox": {
          "Width": 0.07241184264421463,
          "Height": 0.00949387438595295,
          "Left": 0.6754586100578308,
          "Top": 0.3956018090248108
        },
        "Polygon": [
          {
            "X": 0.6755911707878113,
            "Y": 0.3956018090248108
          },
          {
            "X": 0.7478704452514648,
            "Y": 0.3970046937465668
          },
          {
            "X": 0.7477381229400635,
            "Y": 0.4050956964492798
          },
          {
            "X": 0.6754586100578308,
            "Y": 0.4036935269832611
          }
        ]
      },
      "Id": "e1904d7c-0cea-4d30-9e07-9bdeff6f876f",
      "Relationships": [
        {
          "Type": "CHILD",
          "Ids": [
            "8e080e57-4186-42f3-9125-0015a98ee40c"
          ]
        }
      ],
      "Page": 1
    },
    {
      "BlockType": "LINE",
      "Confidence": 99.36658477783203,
      "Text": "aws",
      "Geometry": {
        "BoundingBox": {
          "Width": 0.08619483560323715,
          "Height": 0.02583509124815464,
          "Left": 0.9095761179924011,
          "Top": 0.38759201765060425
        },
        "Polygon": [
          {
            "X": 0.9099693894386292,
            "Y": 0.38759201765060425
          },
          {
            "X": 0.9957709908485413,
            "Y": 0.3892586827278137
          },
          {
            "X": 0.9953787922859192,
            "Y": 0.41342711448669434
          },
          {
            "X": 0.9095761179924011,
            "Y": 0.4117630124092102
          }
        ]
      },
      "Id": "7dc57962-74ee-4c24-805c-6e5ad7960dcb",
      "Relationships": [
        {
          "Type": "CHILD",
          "Ids": [
            "7a276ad0-7971-4dae-85ea-d47f562dbdd4"
          ]
        }
      ],
      "Page": 1
    },
    {
      "BlockType": "LINE",
      "Confidence": 98.62440490722656,
      "Text": "aws",
      "Geometry": {
        "BoundingBox": {
          "Width": 0.15980899333953857,
          "Height": 0.04415934905409813,
          "Left": 0.05596032738685608,
          "Top": 0.38222840428352356
        },
        "Polygon": [
          {
            "X": 0.05664626508951187,
            "Y": 0.38222840428352356
          },
          {
            "X": 0.21576932072639465,
            "Y": 0.3853171169757843
          },
          {
            "X": 0.21508681774139404,
            "Y": 0.426387757062912
          },
          {
            "X": 0.05596032738685608,
            "Y": 0.4233071208000183
          }
        ]
      },
      "Id": "1ee3e094-ae39-48ab-bda8-2025cac1ccf2",
      "Relationships": [
        {
          "Type": "CHILD",
          "Ids": [
            "87fc0419-0b74-41ba-a211-9adf83c6d8bc"
          ]
        }
      ],
      "Page": 1
    },
    {
      "BlockType": "LINE",
      "Confidence": 99.69821166992188,
      "Text": "programa de IA",
      "Geometry": {
        "BoundingBox": {
          "Width": 0.16540253162384033,
          "Height": 0.019128557294607162,
          "Left": 0.3991806209087372,
          "Top": 0.40059059858322144
        },
        "Polygon": [
          {
            "X": 0.3994438350200653,
            "Y": 0.40059059858322144
          },
          {
            "X": 0.5645831227302551,
            "Y": 0.40379366278648376
          },
          {
            "X": 0.5643212795257568,
            "Y": 0.4197191596031189
          },
          {
            "X": 0.3991806209087372,
            "Y": 0.41651931405067444
          }
        ]
      },
      "Id": "faccb442-747e-467d-9619-2304a7bc4497",
      "Relationships": [
        {
          "Type": "CHILD",
          "Ids": [
            "8159505c-4e52-4300-a598-2e9b30f704ae",
            "57becd6c-168a-4b23-952f-bab011e58e3d",
            "8282474e-bf89-43ae-b1b0-b5c3e8bf65a5"
          ]
        }
      ],
      "Page": 1
    },
    {
      "BlockType": "LINE",
      "Confidence": 84.63272094726562,
      "Text": "3",
      "Geometry": {
        "BoundingBox": {
          "Width": 0.005531736649572849,
          "Height": 0.006482397206127644,
          "Left": 0.6519311666488647,
          "Top": 0.4157758057117462
        },
        "Polygon": [
          {
            "X": 0.6520357131958008,
            "Y": 0.4157758057117462
          },
          {
            "X": 0.6574628949165344,
            "Y": 0.4158810079097748
          },
          {
            "X": 0.6573583483695984,
            "Y": 0.422258198261261
          },
          {
            "X": 0.6519311666488647,
            "Y": 0.4221530258655548
          }
        ]
      },
      "Id": "ef4a40ae-e4b8-467d-95b3-2f3bc9e5b2db",
      "Relationships": [
        {
          "Type": "CHILD",
          "Ids": [
            "f37e1998-5dfc-410f-8520-8900ac66b616"
          ]
        }
      ],
      "Page": 1
    },
    {
      "BlockType": "LINE",
      "Confidence": 96.45594787597656,
      "Text": "Implemente guardrails",
      "Geometry": {
        "BoundingBox": {
          "Width": 0.10682019591331482,
          "Height": 0.010840858332812786,
          "Left": 0.6756404638290405,
          "Top": 0.41596370935440063
        },
        "Polygon": [
          {
            "X": 0.6757842898368835,
            "Y": 0.41596370935440063
          },
          {
            "X": 0.7824606895446777,
            "Y": 0.4180314838886261
          },
          {
            "X": 0.7823173999786377,
            "Y": 0.4268045425415039
          },
          {
            "X": 0.6756404638290405,
            "Y": 0.42473793029785156
          }
        ]
      },
      "Id": "161d8c51-af15-4e63-ac1a-fa343a1d19e9",
      "Relationships": [
        {
          "Type": "CHILD",
          "Ids": [
            "1c13238a-b244-49a5-8f99-d7edec2e4dcf",
            "63a30f4a-e881-438b-8e32-60b22642f406"
          ]
        }
      ],
      "Page": 1
    },
    {
      "BlockType": "LINE",
      "Confidence": 98.62376403808594,
      "Text": "responsável",
      "Geometry": {
        "BoundingBox": {
          "Width": 0.12739083170890808,
          "Height": 0.018656354397535324,
          "Left": 0.4185381829738617,
          "Top": 0.4211706817150116
        },
        "Polygon": [
          {
            "X": 0.41880568861961365,
            "Y": 0.4211706817150116
          },
          {
            "X": 0.5459290146827698,
            "Y": 0.4236331880092621
          },
          {
            "X": 0.5456625819206238,
            "Y": 0.439827024936676
          },
          {
            "X": 0.4185381829738617,
            "Y": 0.4373670220375061
          }
        ]
      },
      "Id": "7e9026a1-3365-488c-bc60-ff3c259267b0",
      "Relationships": [
        {
          "Type": "CHILD",
          "Ids": [
            "5ab17117-90b0-4642-8e17-587e4ea7046c"
          ]
        }
      ],
      "Page": 1
    },
    {
      "BlockType": "LINE",
      "Confidence": 80.63563537597656,
      "Text": "Vá além do comitê...",
      "Geometry": {
        "BoundingBox": {
          "Width": 0.09501656889915466,
          "Height": 0.009061391465365887,
          "Left": 0.6768029928207397,
          "Top": 0.4360322654247284
        },
        "Polygon": [
          {
            "X": 0.6769213676452637,
            "Y": 0.4360322654247284
          },
          {
            "X": 0.771819531917572,
            "Y": 0.4378693997859955
          },
          {
            "X": 0.7717015147209167,
            "Y": 0.44509366154670715
          },
          {
            "X": 0.6768029928207397,
            "Y": 0.4432573914527893
          }
        ]
      },
      "Id": "4bcf0fd0-4750-4c81-83e6-69009d71daa8",
      "Relationships": [
        {
          "Type": "CHILD",
          "Ids": [
            "fc8af181-a368-4054-bf25-8e3f05b8d48f",
            "505e8ded-cd1c-435e-bda3-44e4ad12d60c",
            "97b8e06d-16e5-4050-8184-d4a7974ceb4b",
            "318a171a-c730-48e1-8c07-cb9da88a7dea"
          ]
        }
      ],
      "Page": 1
    },
    {
      "BlockType": "LINE",
      "Confidence": 91.52642822265625,
      "Text": "Incorpore à sua cultura",
      "Geometry": {
        "BoundingBox": {
          "Width": 0.10952175408601761,
          "Height": 0.009258211590349674,
          "Left": 0.6768562197685242,
          "Top": 0.44656744599342346
        },
        "Polygon": [
          {
            "X": 0.6769732236862183,
            "Y": 0.44656744599342346
          },
          {
            "X": 0.7863779664039612,
            "Y": 0.4486839473247528
          },
          {
            "X": 0.7862613201141357,
            "Y": 0.45582565665245056
          },
          {
            "X": 0.6768562197685242,
            "Y": 0.45371007919311523
          }
        ]
      },
      "Id": "cf9373fd-c17b-4b86-87bc-6504c1a97699",
      "Relationships": [
        {
          "Type": "CHILD",
          "Ids": [
            "adf988ca-f833-4cce-9048-10dd3d9bea49",
            "5515a48a-cc51-4a4c-ab72-24917d8a3f0a",
            "b3f6465d-28b8-4d79-b3ed-33fa91e4ecf3",
            "375fd72e-1408-406e-bc73-2900ddfb06fc"
          ]
        }
      ],
      "Page": 1
    },
    {
      "BlockType": "LINE",
      "Confidence": 92.74437713623047,
      "Text": "Teste. teste, teste",
      "Geometry": {
        "BoundingBox": {
          "Width": 0.08493414521217346,
          "Height": 0.0089620565995574,
          "Left": 0.6773562431335449,
          "Top": 0.46792542934417725
        },
        "Polygon": [
          {
            "X": 0.6774762272834778,
            "Y": 0.46792542934417725
          },
          {
            "X": 0.7622904181480408,
            "Y": 0.46956396102905273
          },
          {
            "X": 0.7621707320213318,
            "Y": 0.4768874943256378
          },
          {
            "X": 0.6773562431335449,
            "Y": 0.475249707698822
          }
        ]
      },
      "Id": "0e04af04-9e36-48a4-88aa-6d28e83dc31d",
      "Relationships": [
        {
          "Type": "CHILD",
          "Ids": [
            "1d5ab764-1acc-48da-a38d-fcaac226da1c",
            "4e5194b0-7ce1-4565-87e0-79dc00931e89",
            "b30c66d7-3568-4965-a65e-2be3d2b9fe39"
          ]
        }
      ],
      "Page": 1
    },
    {
      "BlockType": "LINE",
      "Confidence": 97.3442611694336,
      "Text": "Mantenha-se vigilante",
      "Geometry": {
        "BoundingBox": {
          "Width": 0.10705002397298813,
          "Height": 0.010253186337649822,
          "Left": 0.6791839599609375,
          "Top": 0.49350282549858093
        },
        "Polygon": [
          {
            "X": 0.6793181896209717,
            "Y": 0.49350282549858093
          },
          {
            "X": 0.7862339615821838,
            "Y": 0.4955649673938751
          },
          {
            "X": 0.7861002087593079,
            "Y": 0.5037559866905212
          },
          {
            "X": 0.6791839599609375,
            "Y": 0.501694917678833
          }
        ]
      },
      "Id": "9e1b37b0-3bc3-4ef9-a2d9-fde66d48a844",
      "Relationships": [
        {
          "Type": "CHILD",
          "Ids": [
            "943bc3c1-acf5-462a-8c07-9bf9df4374ea",
            "0b6cf50b-33be-4067-a257-1a06b9dade01"
          ]
        }
      ],
      "Page": 1
    },
    {
      "BlockType": "LINE",
      "Confidence": 90.54403686523438,
      "Text": "laws",
      "Geometry": {
        "BoundingBox": {
          "Width": 0.015220288187265396,
          "Height": 0.006409602705389261,
          "Left": 0.3428429067134857,
          "Top": 0.5223499536514282
        },
        "Polygon": [
          {
            "X": 0.3429441750049591,
            "Y": 0.5223499536514282
          },
          {
            "X": 0.3580631911754608,
            "Y": 0.5226408839225769
          },
          {
            "X": 0.3579619526863098,
            "Y": 0.5287595987319946
          },
          {
            "X": 0.3428429067134857,
            "Y": 0.5284687280654907
          }
        ]
      },
      "Id": "cc2544f9-7086-4a81-95ae-e1b3b55e780e",
      "Relationships": [
        {
          "Type": "CHILD",
          "Ids": [
            "da2db254-17c8-41f6-9897-4bb267484414"
          ]
        }
      ],
      "Page": 1
    },
    {
      "BlockType": "WORD",
      "Confidence": 89.9776382446289,
      "Text": "⑉",
      "TextType": "PRINTED",
      "Geometry": {
        "BoundingBox": {
          "Width": 0.016032425686717033,
          "Height": 0.010576065629720688,
          "Left": 0.9206557273864746,
          "Top": 0.28022301197052
        },
        "Polygon": [
          {
            "X": 0.9208227396011353,
            "Y": 0.28022301197052
          },
          {
            "X": 0.9366881847381592,
            "Y": 0.2805333137512207
          },
          {
            "X": 0.9365212917327881,
            "Y": 0.290799081325531
          },
          {
            "X": 0.9206557273864746,
            "Y": 0.29048895835876465
          }
        ]
      },
      "Id": "4ffe9e51-5375-4668-b675-c9c16d79c9a5",
      "Page": 1
    },
    {
      "BlockType": "WORD",
      "Confidence": 99.80911254882812,
      "Text": "Seis",
      "TextType": "PRINTED",
      "Geometry": {
        "BoundingBox": {
          "Width": 0.05720416456460953,
          "Height": 0.019249984994530678,
          "Left": 0.4026029109954834,
          "Top": 0.3535636067390442
        },
        "Polygon": [
          {
            "X": 0.402902752161026,
            "Y": 0.3535636067390442
          },
          {
            "X": 0.4598070979118347,
            "Y": 0.3546706438064575
          },
          {
            "X": 0.4595078229904175,
            "Y": 0.3728135824203491
          },
          {
            "X": 0.4026029109954834,
            "Y": 0.3717077970504761
          }
        ]
      },
      "Id": "fceb0b01-2b6f-4f66-8f7c-290eb9f4c5c5",
      "Page": 1
    },
    {
      "BlockType": "WORD",
      "Confidence": 99.5263671875,
      "Text": "passos",
      "TextType": "PRINTED",
      "Geometry": {
        "BoundingBox": {
          "Width": 0.0920305848121643,
          "Height": 0.01801879145205021,
          "Left": 0.4692142605781555,
          "Top": 0.36100783944129944
        },
        "Polygon": [
          {
            "X": 0.4694820046424866,
            "Y": 0.36100783944129944
          },
          {
            "X": 0.5612448453903198,
            "Y": 0.36279234290122986
          },
          {
            "X": 0.5609778761863708,
            "Y": 0.3790266215801239
          },
          {
            "X": 0.4692142605781555,
            "Y": 0.37724393606185913
          }
        ]
      },
      "Id": "d85e8a25-6588-4b8b-a88a-3dbb59e4281e",
      "Page": 1
    },
    {
      "BlockType": "WORD",
      "Confidence": 99.21102905273438,
      "Text": "1",
      "TextType": "PRINTED",
      "Geometry": {
        "BoundingBox": {
          "Width": 0.005813944153487682,
          "Height": 0.007015545852482319,
          "Left": 0.6501649618148804,
          "Top": 0.36462080478668213
        },
        "Polygon": [
          {
            "X": 0.6502781510353088,
            "Y": 0.36462080478668213
          },
          {
            "X": 0.6559789180755615,
            "Y": 0.36473163962364197
          },
          {
            "X": 0.6558656692504883,
            "Y": 0.3716363310813904
          },
          {
            "X": 0.6501649618148804,
            "Y": 0.37152552604675293
          }
        ]
      },
      "Id": "2130af28-d7b8-4db3-8884-378f90b2ac9c",
      "Page": 1
    },
    {
      "BlockType": "WORD",
      "Confidence": 96.15929412841797,
      "Text": "Obtenha",
      "TextType": "PRINTED",
      "Geometry": {
        "BoundingBox": {
          "Width": 0.04090149328112602,
          "Height": 0.007910167798399925,
          "Left": 0.6739456057548523,
          "Top": 0.3601571321487427
        },
        "Polygon": [
          {
            "X": 0.674062192440033,
            "Y": 0.3601571321487427
          },
          {
            "X": 0.7148470878601074,
            "Y": 0.3609505295753479
          },
          {
            "X": 0.7147306203842163,
            "Y": 0.36806729435920715
          },
          {
            "X": 0.6739456057548523,
            "Y": 0.36727428436279297
          }
        ]
      },
      "Id": "4266d2af-d5f6-4464-a09a-1abe50c57110",
      "Page": 1
    },
    {
      "BlockType": "WORD",
      "Confidence": 98.98220825195312,
      "Text": "a",
      "TextType": "PRINTED",
      "Geometry": {
        "BoundingBox": {
          "Width": 0.0055737183429300785,
          "Height": 0.0057601300068199635,
          "Left": 0.71720290184021,
          "Top": 0.3630060851573944
        },
        "Polygon": [
          {
            "X": 0.7172954082489014,
            "Y": 0.3630060851573944
          },
          {
            "X": 0.7227765917778015,
            "Y": 0.3631126880645752
          },
          {
            "X": 0.7226840853691101,
            "Y": 0.3687662184238434
          },
          {
            "X": 0.71720290184021,
            "Y": 0.368659645318985
          }
        ]
      },
      "Id": "2679a7e4-56b6-4f84-aad7-f9bc8f06c2b1",
      "Page": 1
    },
    {
      "BlockType": "WORD",
      "Confidence": 91.03943634033203,
      "Text": "adesão",
      "TextType": "PRINTED",
      "Geometry": {
        "BoundingBox": {
          "Width": 0.03270610049366951,
          "Height": 0.007826007902622223,
          "Left": 0.7262256145477295,
          "Top": 0.3620826005935669
        },
        "Polygon": [
          {
            "X": 0.7263432741165161,
            "Y": 0.3620826005935669
          },
          {
            "X": 0.7589316964149475,
            "Y": 0.36271652579307556
          },
          {
            "X": 0.7588141560554504,
            "Y": 0.3699086010456085
          },
          {
            "X": 0.7262256145477295,
            "Y": 0.3692750036716461
          }
        ]
      },
      "Id": "99309c7d-e2ff-4df2-933c-62eadade76af",
      "Page": 1
    },
    {
      "BlockType": "WORD",
      "Confidence": 99.05715942382812,
      "Text": "organizacional",
      "TextType": "PRINTED",
      "Geometry": {
        "BoundingBox": {
          "Width": 0.06491247564554214,
          "Height": 0.009762275964021683,
          "Left": 0.7619776129722595,
          "Top": 0.363519549369812
        },
        "Polygon": [
          {
            "X": 0.762116551399231,
            "Y": 0.363519549369812
          },
          {
            "X": 0.8268900513648987,
            "Y": 0.36477944254875183
          },
          {
            "X": 0.8267513513565063,
            "Y": 0.3732818067073822
          },
          {
            "X": 0.7619776129722595,
            "Y": 0.3720225691795349
          }
        ]
      },
      "Id": "3c1252b5-c8ec-45c0-96f1-17a569199d94",
      "Page": 1
    },
    {
      "BlockType": "WORD",
      "Confidence": 99.66609191894531,
      "Text": "em",
      "TextType": "PRINTED",
      "Geometry": {
        "BoundingBox": {
          "Width": 0.01463024877011776,
          "Height": 0.005913098808377981,
          "Left": 0.6745361685752869,
          "Top": 0.3711344301700592
        },
        "Polygon": [
          {
            "X": 0.6746284365653992,
            "Y": 0.3711344301700592
          },
          {
            "X": 0.6891663670539856,
            "Y": 0.3714170455932617
          },
          {
            "X": 0.6890741586685181,
            "Y": 0.3770475387573242
          },
          {
            "X": 0.6745361685752869,
            "Y": 0.37676504254341125
          }
        ]
      },
      "Id": "2b11b56d-ea4e-48d5-9997-e96a30a869e5",
      "Page": 1
    },
    {
      "BlockType": "WORD",
      "Confidence": 71.0455093383789,
      "Text": "níveis",
      "TextType": "PRINTED",
      "Geometry": {
        "BoundingBox": {
          "Width": 0.026451479643583298,
          "Height": 0.0072945887222886086,
          "Left": 0.6924086809158325,
          "Top": 0.37068307399749756
        },
        "Polygon": [
          {
            "X": 0.6925197839736938,
            "Y": 0.37068307399749756
          },
          {
            "X": 0.7188601493835449,
            "Y": 0.37119513750076294
          },
          {
            "X": 0.7187491655349731,
            "Y": 0.3779776394367218
          },
          {
            "X": 0.6924086809158325,
            "Y": 0.3774658143520355
          }
        ]
      },
      "Id": "581631f9-d16a-4a1c-bb25-68ad85a4956a",
      "Page": 1
    },
    {
      "BlockType": "WORD",
      "Confidence": 98.97888946533203,
      "Text": "seniores",
      "TextType": "PRINTED",
      "Geometry": {
        "BoundingBox": {
          "Width": 0.038845740258693695,
          "Height": 0.007695492822676897,
          "Left": 0.7217770218849182,
          "Top": 0.371657133102417
        },
        "Polygon": [
          {
            "X": 0.7218906283378601,
            "Y": 0.371657133102417
          },
          {
            "X": 0.7606227993965149,
            "Y": 0.3724100887775421
          },
          {
            "X": 0.7605093121528625,
            "Y": 0.3793526291847229
          },
          {
            "X": 0.7217770218849182,
            "Y": 0.37860000133514404
          }
        ]
      },
      "Id": "d6d4a371-6822-41ec-98f8-8e4b0e201d83",
      "Page": 1
    },
    {
      "BlockType": "WORD",
      "Confidence": 99.83090209960938,
      "Text": "para",
      "TextType": "PRINTED",
      "Geometry": {
        "BoundingBox": {
          "Width": 0.04768446087837219,
          "Height": 0.014119720086455345,
          "Left": 0.3867908716201782,
          "Top": 0.38210758566856384
        },
        "Polygon": [
          {
            "X": 0.38700905442237854,
            "Y": 0.38210758566856384
          },
          {
            "X": 0.4344753324985504,
            "Y": 0.3830293118953705
          },
          {
            "X": 0.434257447719574,
            "Y": 0.39622730016708374
          },
          {
            "X": 0.3867908716201782,
            "Y": 0.3953063189983368
          }
        ]
      },
      "Id": "882e4cc5-198b-4afb-9ece-55bc7f805488",
      "Page": 1
    },
    {
      "BlockType": "WORD",
      "Confidence": 99.41865539550781,
      "Text": "construir",
      "TextType": "PRINTED",
      "Geometry": {
        "BoundingBox": {
          "Width": 0.09576600044965744,
          "Height": 0.015320131555199623,
          "Left": 0.44186490774154663,
          "Top": 0.3817824721336365
        },
        "Polygon": [
          {
            "X": 0.44208717346191406,
            "Y": 0.3817824721336365
          },
          {
            "X": 0.5376309156417847,
            "Y": 0.3836379945278168
          },
          {
            "X": 0.5374093651771545,
            "Y": 0.39710262417793274
          },
          {
            "X": 0.44186490774154663,
            "Y": 0.395248681306839
          }
        ]
      },
      "Id": "301a1849-5aa5-4aad-9d0b-42877bac42fa",
      "Page": 1
    },
    {
      "BlockType": "WORD",
      "Confidence": 99.33927917480469,
      "Text": "um",
      "TextType": "PRINTED",
      "Geometry": {
        "BoundingBox": {
          "Width": 0.031475476920604706,
          "Height": 0.010788806714117527,
          "Left": 0.5435386896133423,
          "Top": 0.3872232139110565
        },
        "Polygon": [
          {
            "X": 0.5437061786651611,
            "Y": 0.3872232139110565
          },
          {
            "X": 0.5750141739845276,
            "Y": 0.38783109188079834
          },
          {
            "X": 0.5748468041419983,
            "Y": 0.3980120122432709
          },
          {
            "X": 0.5435386896133423,
            "Y": 0.3974045217037201
          }
        ]
      },
      "Id": "4eda82d1-efaf-4189-b873-4862dc341de1",
      "Page": 1
    },
    {
      "BlockType": "WORD",
      "Confidence": 98.50518798828125,
      "Text": "2",
      "TextType": "PRINTED",
      "Geometry": {
        "BoundingBox": {
          "Width": 0.0058525605127215385,
          "Height": 0.006847455631941557,
          "Left": 0.6510080099105835,
          "Top": 0.3901837468147278
        },
        "Polygon": [
          {
            "X": 0.6511184573173523,
            "Y": 0.3901837468147278
          },
          {
            "X": 0.6568605303764343,
            "Y": 0.39029520750045776
          },
          {
            "X": 0.6567500829696655,
            "Y": 0.39703118801116943
          },
          {
            "X": 0.6510080099105835,
            "Y": 0.39691975712776184
          }
        ]
      },
      "Id": "1c575cf2-898a-466f-85c1-e26d34760283",
      "Page": 1
    },
    {
      "BlockType": "WORD",
      "Confidence": 99.54930877685547,
      "Text": "Lance",
      "TextType": "PRINTED",
      "Geometry": {
        "BoundingBox": {
          "Width": 0.027340997010469437,
          "Height": 0.0075022378005087376,
          "Left": 0.6747626066207886,
          "Top": 0.38604485988616943
        },
        "Polygon": [
          {
            "X": 0.6748769283294678,
            "Y": 0.38604485988616943
          },
          {
            "X": 0.7021036148071289,
            "Y": 0.3865736424922943
          },
          {
            "X": 0.701989471912384,
            "Y": 0.39354708790779114
          },
          {
            "X": 0.6747626066207886,
            "Y": 0.39301857352256775
          }
        ]
      },
      "Id": "5c08e5f9-b875-48d4-9c4e-830b5a97d416",
      "Page": 1
    },
    {
      "BlockType": "WORD",
      "Confidence": 99.76140594482422,
      "Text": "uma",
      "TextType": "PRINTED",
      "Geometry": {
        "BoundingBox": {
          "Width": 0.020392362028360367,
          "Height": 0.005921399686485529,
          "Left": 0.7051898837089539,
          "Top": 0.38825851678848267
        },
        "Polygon": [
          {
            "X": 0.7052803635597229,
            "Y": 0.38825851678848267
          },
          {
            "X": 0.7255822420120239,
            "Y": 0.3886527419090271
          },
          {
            "X": 0.7254918217658997,
            "Y": 0.39417991042137146
          },
          {
            "X": 0.7051898837089539,
            "Y": 0.3937858045101166
          }
        ]
      },
      "Id": "f0ba4926-de50-412a-8974-015ffa0a2da0",
      "Page": 1
    },
    {
      "BlockType": "WORD",
      "Confidence": 99.47615051269531,
      "Text": "equipe",
      "TextType": "PRINTED",
      "Geometry": {
        "BoundingBox": {
          "Width": 0.03248085454106331,
          "Height": 0.008484440855681896,
          "Left": 0.7282248139381409,
          "Top": 0.38776275515556335
        },
        "Polygon": [
          {
            "X": 0.7283533215522766,
            "Y": 0.38776275515556335
          },
          {
            "X": 0.7607056498527527,
            "Y": 0.38839104771614075
          },
          {
            "X": 0.7605772614479065,
            "Y": 0.3962472081184387
          },
          {
            "X": 0.7282248139381409,
            "Y": 0.3956192433834076
          }
        ]
      },
      "Id": "e907ec84-1d05-48d8-8d35-373c3f86bdaf",
      "Page": 1
    },
    {
      "BlockType": "WORD",
      "Confidence": 97.38513946533203,
      "Text": "diversificada",
      "TextType": "PRINTED",
      "Geometry": {
        "BoundingBox": {
          "Width": 0.056609973311424255,
          "Height": 0.008317595347762108,
          "Left": 0.7637817859649658,
          "Top": 0.3886454105377197
        },
        "Polygon": [
          {
            "X": 0.7638997435569763,
            "Y": 0.3886454105377197
          },
          {
            "X": 0.8203917145729065,
            "Y": 0.3897424638271332
          },
          {
            "X": 0.8202739357948303,
            "Y": 0.3969630002975464
          },
          {
            "X": 0.7637817859649658,
            "Y": 0.39586642384529114
          }
        ]
      },
      "Id": "f6f4d246-97bd-43a6-bf64-abd89f737ba4",
      "Page": 1
    },
    {
      "BlockType": "WORD",
      "Confidence": 92.72705078125,
      "Text": "e",
      "TextType": "PRINTED",
      "Geometry": {
        "BoundingBox": {
          "Width": 0.005285917315632105,
          "Height": 0.005045928061008453,
          "Left": 0.8235355019569397,
          "Top": 0.3921326696872711
        },
        "Polygon": [
          {
            "X": 0.8236161470413208,
            "Y": 0.3921326696872711
          },
          {
            "X": 0.8288214206695557,
            "Y": 0.3922337591648102
          },
          {
            "X": 0.8287407755851746,
            "Y": 0.397178590297699
          },
          {
            "X": 0.8235355019569397,
            "Y": 0.3970775604248047
          }
        ]
      },
      "Id": "0fe42f0a-c848-4a29-b6b2-9a03945a34b5",
      "Page": 1
    },
    {
      "BlockType": "WORD",
      "Confidence": 97.16389465332031,
      "Text": "multidisciplinar",
      "TextType": "PRINTED",
      "Geometry": {
        "BoundingBox": {
          "Width": 0.07241184264421463,
          "Height": 0.00949387438595295,
          "Left": 0.6754586100578308,
          "Top": 0.3956018090248108
        },
        "Polygon": [
          {
            "X": 0.6755911707878113,
            "Y": 0.3956018090248108
          },
          {
            "X": 0.7478704452514648,
            "Y": 0.3970046937465668
          },
          {
            "X": 0.7477381229400635,
            "Y": 0.4050956964492798
          },
          {
            "X": 0.6754586100578308,
            "Y": 0.4036935269832611
          }
        ]
      },
      "Id": "8e080e57-4186-42f3-9125-0015a98ee40c",
      "Page": 1
    },
    {
      "BlockType": "WORD",
      "Confidence": 99.36658477783203,
      "Text": "aws",
      "TextType": "PRINTED",
      "Geometry": {
        "BoundingBox": {
          "Width": 0.08619483560323715,
          "Height": 0.02583509124815464,
          "Left": 0.9095761179924011,
          "Top": 0.38759201765060425
        },
        "Polygon": [
          {
            "X": 0.9099693894386292,
            "Y": 0.38759201765060425
          },
          {
            "X": 0.9957709908485413,
            "Y": 0.3892586827278137
          },
          {
            "X": 0.9953787922859192,
            "Y": 0.41342711448669434
          },
          {
            "X": 0.9095761179924011,
            "Y": 0.4117630124092102
          }
        ]
      },
      "Id": "7a276ad0-7971-4dae-85ea-d47f562dbdd4",
      "Page": 1
    },
    {
      "BlockType": "WORD",
      "Confidence": 98.62440490722656,
      "Text": "aws",
      "TextType": "PRINTED",
      "Geometry": {
        "BoundingBox": {
          "Width": 0.15980899333953857,
          "Height": 0.04415934905409813,
          "Left": 0.05596032738685608,
          "Top": 0.38222840428352356
        },
        "Polygon": [
          {
            "X": 0.05664626508951187,
            "Y": 0.38222840428352356
          },
          {
            "X": 0.21576932072639465,
            "Y": 0.3853171169757843
          },
          {
            "X": 0.21508681774139404,
            "Y": 0.426387757062912
          },
          {
            "X": 0.05596032738685608,
            "Y": 0.4233071208000183
          }
        ]
      },
      "Id": "87fc0419-0b74-41ba-a211-9adf83c6d8bc",
      "Page": 1
    },
    {
      "BlockType": "WORD",
      "Confidence": 99.66771697998047,
      "Text": "programa",
      "TextType": "PRINTED",
      "Geometry": {
        "BoundingBox": {
          "Width": 0.1052769124507904,
          "Height": 0.015859292820096016,
          "Left": 0.3991806209087372,
          "Top": 0.40269550681114197
        },
        "Polygon": [
          {
            "X": 0.39940905570983887,
            "Y": 0.40269550681114197
          },
          {
            "X": 0.5044575333595276,
            "Y": 0.40473276376724243
          },
          {
            "X": 0.5042298436164856,
            "Y": 0.41855478286743164
          },
          {
            "X": 0.3991806209087372,
            "Y": 0.41651931405067444
          }
        ]
      },
      "Id": "8159505c-4e52-4300-a598-2e9b30f704ae",
      "Page": 1
    },
    {
      "BlockType": "WORD",
      "Confidence": 99.90274047851562,
      "Text": "de",
      "TextType": "PRINTED",
      "Geometry": {
        "BoundingBox": {
          "Width": 0.025984127074480057,
          "Height": 0.014519531279802322,
          "Left": 0.5105686187744141,
          "Top": 0.4027504622936249
        },
        "Polygon": [
          {
            "X": 0.5107995271682739,
            "Y": 0.4027504622936249
          },
          {
            "X": 0.5365527272224426,
            "Y": 0.40324997901916504
          },
          {
            "X": 0.5363219976425171,
            "Y": 0.4172700047492981
          },
          {
            "X": 0.5105686187744141,
            "Y": 0.41677093505859375
          }
        ]
      },
      "Id": "57becd6c-168a-4b23-952f-bab011e58e3d",
      "Page": 1
    },
    {
      "BlockType": "WORD",
      "Confidence": 99.524169921875,
      "Text": "IA",
      "TextType": "PRINTED",
      "Geometry": {
        "BoundingBox": {
          "Width": 0.021450214087963104,
          "Height": 0.013008234091103077,
          "Left": 0.5431144833564758,
          "Top": 0.40450403094291687
        },
        "Polygon": [
          {
            "X": 0.5433217287063599,
            "Y": 0.40450403094291687
          },
          {
            "X": 0.5645647048950195,
            "Y": 0.40491601824760437
          },
          {
            "X": 0.564357578754425,
            "Y": 0.41751226782798767
          },
          {
            "X": 0.5431144833564758,
            "Y": 0.41710057854652405
          }
        ]
      },
      "Id": "8282474e-bf89-43ae-b1b0-b5c3e8bf65a5",
      "Page": 1
    },
    {
      "BlockType": "WORD",
      "Confidence": 84.63272094726562,
      "Text": "3",
      "TextType": "PRINTED",
      "Geometry": {
        "BoundingBox": {
          "Width": 0.005531736649572849,
          "Height": 0.006482397206127644,
          "Left": 0.6519311666488647,
          "Top": 0.4157758057117462
        },
        "Polygon": [
          {
            "X": 0.6520357131958008,
            "Y": 0.4157758057117462
          },
          {
            "X": 0.6574628949165344,
            "Y": 0.4158810079097748
          },
          {
            "X": 0.6573583483695984,
            "Y": 0.422258198261261
          },
          {
            "X": 0.6519311666488647,
            "Y": 0.4221530258655548
          }
        ]
      },
      "Id": "f37e1998-5dfc-410f-8520-8900ac66b616",
      "Page": 1
    },
    {
      "BlockType": "WORD",
      "Confidence": 94.27822875976562,
      "Text": "Implemente",
      "TextType": "PRINTED",
      "Geometry": {
        "BoundingBox": {
          "Width": 0.05824679508805275,
          "Height": 0.00940069742500782,
          "Left": 0.6756486892700195,
          "Top": 0.41596370935440063
        },
        "Polygon": [
          {
            "X": 0.6757842898368835,
            "Y": 0.41596370935440063
          },
          {
            "X": 0.733895480632782,
            "Y": 0.41709011793136597
          },
          {
            "X": 0.7337601184844971,
            "Y": 0.4253644049167633
          },
          {
            "X": 0.6756486892700195,
            "Y": 0.42423856258392334
          }
        ]
      },
      "Id": "1c13238a-b244-49a5-8f99-d7edec2e4dcf",
      "Page": 1
    },
    {
      "BlockType": "WORD",
      "Confidence": 98.6336669921875,
      "Text": "guardrails",
      "TextType": "PRINTED",
      "Geometry": {
        "BoundingBox": {
          "Width": 0.04543280601501465,
          "Height": 0.009339007548987865,
          "Left": 0.7370227575302124,
          "Top": 0.41746553778648376
        },
        "Polygon": [
          {
            "X": 0.7371611595153809,
            "Y": 0.41746553778648376
          },
          {
            "X": 0.782455563545227,
            "Y": 0.41834351420402527
          },
          {
            "X": 0.7823173999786377,
            "Y": 0.4268045425415039
          },
          {
            "X": 0.7370227575302124,
            "Y": 0.425927072763443
          }
        ]
      },
      "Id": "63a30f4a-e881-438b-8e32-60b22642f406",
      "Page": 1
    },
    {
      "BlockType": "WORD",
      "Confidence": 98.62376403808594,
      "Text": "responsável",
      "TextType": "PRINTED",
      "Geometry": {
        "BoundingBox": {
          "Width": 0.12739083170890808,
          "Height": 0.018656354397535324,
          "Left": 0.4185381829738617,
          "Top": 0.4211706817150116
        },
        "Polygon": [
          {
            "X": 0.41880568861961365,
            "Y": 0.4211706817150116
          },
          {
            "X": 0.5459290146827698,
            "Y": 0.4236331880092621
          },
          {
            "X": 0.5456625819206238,
            "Y": 0.439827024936676
          },
          {
            "X": 0.4185381829738617,
            "Y": 0.4373670220375061
          }
        ]
      },
      "Id": "5ab17117-90b0-4642-8e17-587e4ea7046c",
      "Page": 1
    },
    {
      "BlockType": "WORD",
      "Confidence": 86.36833190917969,
      "Text": "Vá",
      "TextType": "PRINTED",
      "Geometry": {
        "BoundingBox": {
          "Width": 0.011613117530941963,
          "Height": 0.007100920658558607,
          "Left": 0.6768086552619934,
          "Top": 0.4360322654247284
        },
        "Polygon": [
          {
            "X": 0.6769213676452637,
            "Y": 0.4360322654247284
          },
          {
            "X": 0.6884217858314514,
            "Y": 0.43625491857528687
          },
          {
            "X": 0.6883091330528259,
            "Y": 0.4431332051753998
          },
          {
            "X": 0.6768086552619934,
            "Y": 0.44291064143180847
          }
        ]
      },
      "Id": "fc8af181-a368-4054-bf25-8e3f05b8d48f",
      "Page": 1
    },
    {
      "BlockType": "WORD",
      "Confidence": 98.05684661865234,
      "Text": "além",
      "TextType": "PRINTED",
      "Geometry": {
        "BoundingBox": {
          "Width": 0.023812877014279366,
          "Height": 0.007046406157314777,
          "Left": 0.6911635994911194,
          "Top": 0.4366931915283203
        },
        "Polygon": [
          {
            "X": 0.6912714838981628,
            "Y": 0.4366931915283203
          },
          {
            "X": 0.71497642993927,
            "Y": 0.43715208768844604
          },
          {
            "X": 0.7148686647415161,
            "Y": 0.4437395930290222
          },
          {
            "X": 0.6911635994911194,
            "Y": 0.4432809054851532
          }
        ]
      },
      "Id": "505e8ded-cd1c-435e-bda3-44e4ad12d60c",
      "Page": 1
    },
    {
      "BlockType": "WORD",
      "Confidence": 99.78451538085938,
      "Text": "do",
      "TextType": "PRINTED",
      "Geometry": {
        "BoundingBox": {
          "Width": 0.011911969631910324,
          "Height": 0.00687176501378417,
          "Left": 0.7177004814147949,
          "Top": 0.4372914731502533
        },
        "Polygon": [
          {
            "X": 0.7178092002868652,
            "Y": 0.4372914731502533
          },
          {
            "X": 0.729612410068512,
            "Y": 0.43751996755599976
          },
          {
            "X": 0.7295037508010864,
            "Y": 0.4441632628440857
          },
          {
            "X": 0.7177004814147949,
            "Y": 0.4439348578453064
          }
        ]
      },
      "Id": "97b8e06d-16e5-4050-8184-d4a7974ceb4b",
      "Page": 1
    },
    {
      "BlockType": "WORD",
      "Confidence": 38.332862854003906,
      "Text": "comitê...",
      "TextType": "PRINTED",
      "Geometry": {
        "BoundingBox": {
          "Width": 0.03913550078868866,
          "Height": 0.007325876969844103,
          "Left": 0.7326733469963074,
          "Top": 0.43776777386665344
        },
        "Polygon": [
          {
            "X": 0.7327808141708374,
            "Y": 0.43776777386665344
          },
          {
            "X": 0.7718088626861572,
            "Y": 0.4385232925415039
          },
          {
            "X": 0.7717015147209167,
            "Y": 0.44509366154670715
          },
          {
            "X": 0.7326733469963074,
            "Y": 0.44433847069740295
          }
        ]
      },
      "Id": "318a171a-c730-48e1-8c07-cb9da88a7dea",
      "Page": 1
    },
    {
      "BlockType": "WORD",
      "Confidence": 97.8757095336914,
      "Text": "Incorpore",
      "TextType": "PRINTED",
      "Geometry": {
        "BoundingBox": {
          "Width": 0.047561515122652054,
          "Height": 0.007977768778800964,
          "Left": 0.6768562197685242,
          "Top": 0.44664978981018066
        },
        "Polygon": [
          {
            "X": 0.6769719123840332,
            "Y": 0.44664978981018066
          },
          {
            "X": 0.7244177460670471,
            "Y": 0.4475676417350769
          },
          {
            "X": 0.7243022322654724,
            "Y": 0.45462754368782043
          },
          {
            "X": 0.6768562197685242,
            "Y": 0.45371007919311523
          }
        ]
      },
      "Id": "adf988ca-f833-4cce-9048-10dd3d9bea49",
      "Page": 1
    },
    {
      "BlockType": "WORD",
      "Confidence": 69.86276245117188,
      "Text": "à",
      "TextType": "PRINTED",
      "Geometry": {
        "BoundingBox": {
          "Width": 0.005887811072170734,
          "Height": 0.006486118771135807,
          "Left": 0.7259103655815125,
          "Top": 0.44751617312431335
        },
        "Polygon": [
          {
            "X": 0.7260146737098694,
            "Y": 0.44751617312431335
          },
          {
            "X": 0.7317981719970703,
            "Y": 0.44762805104255676
          },
          {
            "X": 0.7316939234733582,
            "Y": 0.4540022909641266
          },
          {
            "X": 0.7259103655815125,
            "Y": 0.45389044284820557
          }
        ]
      },
      "Id": "5515a48a-cc51-4a4c-ab72-24917d8a3f0a",
      "Page": 1
    },
    {
      "BlockType": "WORD",
      "Confidence": 99.74208068847656,
      "Text": "sua",
      "TextType": "PRINTED",
      "Geometry": {
        "BoundingBox": {
          "Width": 0.016338210552930832,
          "Height": 0.005836232099682093,
          "Left": 0.7349395751953125,
          "Top": 0.44860076904296875
        },
        "Polygon": [
          {
            "X": 0.7350298762321472,
            "Y": 0.44860076904296875
          },
          {
            "X": 0.75127774477005,
            "Y": 0.4489150941371918
          },
          {
            "X": 0.7511875033378601,
            "Y": 0.4544370174407959
          },
          {
            "X": 0.7349395751953125,
            "Y": 0.4541228115558624
          }
        ]
      },
      "Id": "b3f6465d-28b8-4d79-b3ed-33fa91e4ecf3",
      "Page": 1
    },
    {
      "BlockType": "WORD",
      "Confidence": 98.6251449584961,
      "Text": "cultura",
      "TextType": "PRINTED",
      "Geometry": {
        "BoundingBox": {
          "Width": 0.03234245628118515,
          "Height": 0.006948764435946941,
          "Left": 0.7540324330329895,
          "Top": 0.4482502043247223
        },
        "Polygon": [
          {
            "X": 0.75413578748703,
            "Y": 0.4482502043247223
          },
          {
            "X": 0.7863748669624329,
            "Y": 0.4488738775253296
          },
          {
            "X": 0.7862715721130371,
            "Y": 0.4551989734172821
          },
          {
            "X": 0.7540324330329895,
            "Y": 0.4545755386352539
          }
        ]
      },
      "Id": "375fd72e-1408-406e-bc73-2900ddfb06fc",
      "Page": 1
    },
    {
      "BlockType": "WORD",
      "Confidence": 81.28520965576172,
      "Text": "Teste.",
      "TextType": "PRINTED",
      "Geometry": {
        "BoundingBox": {
          "Width": 0.02854902483522892,
          "Height": 0.007758992724120617,
          "Left": 0.677358090877533,
          "Top": 0.46792542934417725
        },
        "Polygon": [
          {
            "X": 0.6774762272834778,
            "Y": 0.46792542934417725
          },
          {
            "X": 0.7059071660041809,
            "Y": 0.46847468614578247
          },
          {
            "X": 0.7057890892028809,
            "Y": 0.47568440437316895
          },
          {
            "X": 0.677358090877533,
            "Y": 0.4751354157924652
          }
        ]
      },
      "Id": "1d5ab764-1acc-48da-a38d-fcaac226da1c",
      "Page": 1
    },
    {
      "BlockType": "WORD",
      "Confidence": 97.06851959228516,
      "Text": "teste,",
      "TextType": "PRINTED",
      "Geometry": {
        "BoundingBox": {
          "Width": 0.026816552504897118,
          "Height": 0.007278738543391228,
          "Left": 0.7088823318481445,
          "Top": 0.4690954387187958
        },
        "Polygon": [
          {
            "X": 0.7089930176734924,
            "Y": 0.4690954387187958
          },
          {
            "X": 0.7356988787651062,
            "Y": 0.46961134672164917
          },
          {
            "X": 0.7355882525444031,
            "Y": 0.47637417912483215
          },
          {
            "X": 0.7088823318481445,
            "Y": 0.4758584797382355
          }
        ]
      },
      "Id": "4e5194b0-7ce1-4565-87e0-79dc00931e89",
      "Page": 1
    },
    {
      "BlockType": "WORD",
      "Confidence": 99.87939453125,
      "Text": "teste",
      "TextType": "PRINTED",
      "Geometry": {
        "BoundingBox": {
          "Width": 0.023495618253946304,
          "Height": 0.006612014956772327,
          "Left": 0.7387830018997192,
          "Top": 0.4698328375816345
        },
        "Polygon": [
          {
            "X": 0.7388837337493896,
            "Y": 0.4698328375816345
          },
          {
            "X": 0.7622786164283752,
            "Y": 0.4702847898006439
          },
          {
            "X": 0.7621779441833496,
            "Y": 0.4764448404312134
          },
          {
            "X": 0.7387830018997192,
            "Y": 0.4759930670261383
          }
        ]
      },
      "Id": "b30c66d7-3568-4965-a65e-2be3d2b9fe39",
      "Page": 1
    },
    {
      "BlockType": "WORD",
      "Confidence": 99.0108642578125,
      "Text": "Mantenha-se",
      "TextType": "PRINTED",
      "Geometry": {
        "BoundingBox": {
          "Width": 0.06388326734304428,
          "Height": 0.008058984763920307,
          "Left": 0.6792025566101074,
          "Top": 0.4937298893928528
        },
        "Polygon": [
          {
            "X": 0.6793144345283508,
            "Y": 0.4937298893928528
          },
          {
            "X": 0.7430858612060547,
            "Y": 0.49495986104011536
          },
          {
            "X": 0.7429741621017456,
            "Y": 0.501788854598999
          },
          {
            "X": 0.6792025566101074,
            "Y": 0.5005594491958618
          }
        ]
      },
      "Id": "943bc3c1-acf5-462a-8c07-9bf9df4374ea",
      "Page": 1
    },
    {
      "BlockType": "WORD",
      "Confidence": 95.67765045166016,
      "Text": "vigilante",
      "TextType": "PRINTED",
      "Geometry": {
        "BoundingBox": {
          "Width": 0.03965532407164574,
          "Height": 0.008953312411904335,
          "Left": 0.7465786933898926,
          "Top": 0.49480268359184265
        },
        "Polygon": [
          {
            "X": 0.7467126250267029,
            "Y": 0.49480268359184265
          },
          {
            "X": 0.7862339615821838,
            "Y": 0.4955649673938751
          },
          {
            "X": 0.7861002087593079,
            "Y": 0.5037559866905212
          },
          {
            "X": 0.7465786933898926,
            "Y": 0.5029941201210022
          }
        ]
      },
      "Id": "0b6cf50b-33be-4067-a257-1a06b9dade01",
      "Page": 1
    },
    {
      "BlockType": "WORD",
      "Confidence": 90.54403686523438,
      "Text": "laws",
      "TextType": "PRINTED",
      "Geometry": {
        "BoundingBox": {
          "Width": 0.015220288187265396,
          "Height": 0.006409602705389261,
          "Left": 0.3428429067134857,
          "Top": 0.5223499536514282
        },
        "Polygon": [
          {
            "X": 0.3429441750049591,
            "Y": 0.5223499536514282
          },
          {
            "X": 0.3580631911754608,
            "Y": 0.5226408839225769
          },
          {
            "X": 0.3579619526863098,
            "Y": 0.5287595987319946
          },
          {
            "X": 0.3428429067134857,
            "Y": 0.5284687280654907
          }
        ]
      },
      "Id": "da2db254-17c8-41f6-9897-4bb267484414",
      "Page": 1
    }
  ],
  "DetectDocumentTextModelVersion": "1.0"
}