'Page Number,'Tipo,'Texto,'Confidence Score % (Line),
"'1","'LINE","'wdym Observabilidade da IA # AIOps?","'94.18946838"
"'1","'LINE","'Observabilidade da IA","'98.72434998"
"'1","'LINE","'AIOps","'93.25947571"
"'1","'LINE","'Monitorar O desempenho e as","'94.12777710"
"'1","'LINE","'Capacidade em toda a plataforma","'99.51341248"
"'1","'LINE","'aws","'99.28631592"
"'1","'LINE","'operações de sistemas e aplicativos","'98.76291656"
"'1","'LINE","'que aproveita a IA para aprimorar e","'98.62823486"
"'1","'LINE","'de ML/AI","'90.63277435"
"'1","'LINE","'automatizar as operações","'98.52333832"
"'1","'LINE","'Ou seja, observar a pilha de IA","'98.62742615"
"'1","'LINE","'Ou seja, acelera as tarefas","'98.48192596"
"'1","'LINE","'automatizando tarefas de rotina,","'95.72642517"
"'1","'LINE","'ou os aplicativos de IA","'98.35339355"
"'1","'LINE","'analisando dados e prevendo","'99.31121826"
"'1","'LINE","'Produtos Datadog","'98.95832825"
"'1","'LINE","'problemas antes que eles","'99.69478607"
"'1","'LINE","'Observabilidade do LLM","'99.30248260"
"'1","'LINE","'ocorram","'99.25404358"
"'1","'LINE","'Produtos Datadog","'99.12622833"
"'1","'LINE","'Integrações de agentes para","'98.27271271"
"'1","'LINE","'Watchdog","'99.33737946"
"'1","'LINE","'plataformas de IA","'99.50554657"
"'1","'LINE","'BitsAl","'95.26880646"
"'1","'LINE","'mais por vir","'96.22606659"
"'1","'LINE","'BitsAl Investigador de Incidentes","'97.80749512"
"'1","'LINE","'DATADOG 29","'99.12659454"
