{
  "DocumentMetadata": {
    "Pages": 1
  },
  "JobStatus": "SUCCEEDED",
  "Blocks": [
    {
      "BlockType": "PAGE",
      "Geometry": {
        "BoundingBox": {
          "Width": 1,
          "Height": 1,
          "Left": 0,
          "Top": 0
        },
        "Polygon": [
          {
            "X": 0,
            "Y": 7.416553149397487e-9
          },
          {
            "X": 1,
            "Y": 0
          },
          {
            "X": 1,
            "Y": 1
          },
          {
            "X": 0,
            "Y": 0.9985324740409851
          }
        ]
      },
      "Id": "93c90a86-27cb-4fe8-83a0-c2967f10daf7",
      "Relationships": [
        {
          "Type": "CHILD",
          "Ids": [
            "c7447798-22cb-4336-be8c-a7692c9f2d7b",
            "e537a7d0-f26e-4bf0-9a7a-c34173d6c354",
            "8dce4639-589c-4eef-a39a-44fc85a4db09",
            "659ac69d-cc4e-4ddd-b033-7f579fe48cbf",
            "8f819882-42bb-40f7-b1ad-754b007487b2",
            "28933028-c2f3-40a4-8530-61e50b085e4b",
            "39e4d665-b1ee-417f-8267-50c5bbbc7b1c",
            "748fa259-e36c-480b-8d35-334f258dc36a",
            "b3e5a6f1-93bf-42d0-9646-a364b2276453",
            "1bec9ecb-b3b8-4523-930f-7d0f8d1cf10a",
            "de693237-0837-424c-b274-077016418af8",
            "e51998b7-eec9-4103-bcb8-39d73b69f679",
            "5d85b6b6-6650-451f-a24b-cb1305358062",
            "821bd548-74d3-4570-a0dd-ea8ce1394b89",
            "ae128a8b-ff6d-4bc8-9c02-2f8473f22f0a",
            "a8362d43-6f79-499d-b1cf-05321a2ffb22",
            "f509b76e-75db-4dd5-a032-8ce96c3b69e2",
            "7d8645bd-7c3c-45be-ba45-70855cd95474",
            "d337b88f-b573-4c87-a354-72e8e4ef9eac",
            "33fb0e83-7581-402f-af77-7bf22ab2181c"
          ]
        }
      ],
      "Page": 1
    },
    {
      "BlockType": "LINE",
      "Confidence": 99.39241790771484,
      "Text": "Desafios que as equipes enfrentam ao inovar",
      "Geometry": {
        "BoundingBox": {
          "Width": 0.4163971245288849,
          "Height": 0.039600517600774765,
          "Left": 0.13839150965213776,
          "Top": 0.20754824578762054
        },
        "Polygon": [
          {
            "X": 0.13930894434452057,
            "Y": 0.22767561674118042
          },
          {
            "X": 0.5547886490821838,
            "Y": 0.20754824578762054
          },
          {
            "X": 0.5542225241661072,
            "Y": 0.2279026210308075
          },
          {
            "X": 0.13839150965213776,
            "Y": 0.24714875221252441
          }
        ]
      },
      "Id": "c7447798-22cb-4336-be8c-a7692c9f2d7b",
      "Relationships": [
        {
          "Type": "CHILD",
          "Ids": [
            "59640c83-9702-4531-abe5-4b57ec82cc27",
            "5c734449-6b19-4486-911d-28113e6d3974",
            "f3bfabe3-a1dd-4f48-8df4-ad3c17ff433a",
            "8164b3f1-3af4-4bb4-8ebb-386d1d5c6c56",
            "31f256f2-b84f-4a93-bd67-d189571212d3",
            "b2c77439-f0da-4f8b-92f8-592fc56c05fd",
            "24e56a6a-1c3d-4598-b9d8-e0a617a9d53d"
          ]
        }
      ],
      "Page": 1
    },
    {
      "BlockType": "LINE",
      "Confidence": 65.1732177734375,
      "Text": "aws",
      "Geometry": {
        "BoundingBox": {
          "Width": 0.043025046586990356,
          "Height": 0.012832509353756905,
          "Left": 0.6158983111381531,
          "Top": 0.2060185968875885
        },
        "Polygon": [
          {
            "X": 0.6161672472953796,
            "Y": 0.20807406306266785
          },
          {
            "X": 0.6589233875274658,
            "Y": 0.2060185968875885
          },
          {
            "X": 0.6586747765541077,
            "Y": 0.21684327721595764
          },
          {
            "X": 0.6158983111381531,
            "Y": 0.21885110437870026
          }
        ]
      },
      "Id": "e537a7d0-f26e-4bf0-9a7a-c34173d6c354",
      "Relationships": [
        {
          "Type": "CHILD",
          "Ids": [
            "e6104552-0322-4ad1-8d3e-0fdadfe4ebab"
          ]
        }
      ],
      "Page": 1
    },
    {
      "BlockType": "LINE",
      "Confidence": 98.8047866821289,
      "Text": "Cloud",
      "Geometry": {
        "BoundingBox": {
          "Width": 0.023524170741438866,
          "Height": 0.0069362507201731205,
          "Left": 0.6846482753753662,
          "Top": 0.20224188268184662
        },
        "Polygon": [
          {
            "X": 0.6847746968269348,
            "Y": 0.20337015390396118
          },
          {
            "X": 0.7081725001335144,
            "Y": 0.20224188268184662
          },
          {
            "X": 0.7080520987510681,
            "Y": 0.20806379616260529
          },
          {
            "X": 0.6846482753753662,
            "Y": 0.2091781347990036
          }
        ]
      },
      "Id": "8dce4639-589c-4eef-a39a-44fc85a4db09",
      "Relationships": [
        {
          "Type": "CHILD",
          "Ids": [
            "9624f48f-1f43-4464-900a-f72825c972d6"
          ]
        }
      ],
      "Page": 1
    },
    {
      "BlockType": "LINE",
      "Confidence": 99.40885925292969,
      "Text": "Experience",
      "Geometry": {
        "BoundingBox": {
          "Width": 0.04333717003464699,
          "Height": 0.00824381411075592,
          "Left": 0.6847264766693115,
          "Top": 0.20891310274600983
        },
        "Polygon": [
          {
            "X": 0.6848612427711487,
            "Y": 0.21096199750900269
          },
          {
            "X": 0.7280636429786682,
            "Y": 0.20891310274600983
          },
          {
            "X": 0.7279407978057861,
            "Y": 0.21513548493385315
          },
          {
            "X": 0.6847264766693115,
            "Y": 0.21715691685676575
          }
        ]
      },
      "Id": "659ac69d-cc4e-4ddd-b033-7f579fe48cbf",
      "Relationships": [
        {
          "Type": "CHILD",
          "Ids": [
            "ffd85f63-c618-474f-b965-1bf0c67c34d3"
          ]
        }
      ],
      "Page": 1
    },
    {
      "BlockType": "LINE",
      "Confidence": 99.81843566894531,
      "Text": "2025",
      "Geometry": {
        "BoundingBox": {
          "Width": 0.019962305203080177,
          "Height": 0.006563907489180565,
          "Left": 0.6845241785049438,
          "Top": 0.21768522262573242
        },
        "Polygon": [
          {
            "X": 0.6846469044685364,
            "Y": 0.2186102420091629
          },
          {
            "X": 0.7044864892959595,
            "Y": 0.21768522262573242
          },
          {
            "X": 0.7043687701225281,
            "Y": 0.2233356088399887
          },
          {
            "X": 0.6845241785049438,
            "Y": 0.22424913942813873
          }
        ]
      },
      "Id": "8f819882-42bb-40f7-b1ad-754b007487b2",
      "Relationships": [
        {
          "Type": "CHILD",
          "Ids": [
            "3993f754-48d4-42c5-8b41-6f0f75410842"
          ]
        }
      ],
      "Page": 1
    },
    {
      "BlockType": "LINE",
      "Confidence": 99.4882583618164,
      "Text": "com ML e IA generativa",
      "Geometry": {
        "BoundingBox": {
          "Width": 0.20476886630058289,
          "Height": 0.025486210361123085,
          "Left": 0.13647592067718506,
          "Top": 0.23792704939842224
        },
        "Polygon": [
          {
            "X": 0.13723282516002655,
            "Y": 0.24736574292182922
          },
          {
            "X": 0.34124478697776794,
            "Y": 0.23792704939842224
          },
          {
            "X": 0.3406262993812561,
            "Y": 0.25433170795440674
          },
          {
            "X": 0.13647592067718506,
            "Y": 0.2634132504463196
          }
        ]
      },
      "Id": "28933028-c2f3-40a4-8530-61e50b085e4b",
      "Relationships": [
        {
          "Type": "CHILD",
          "Ids": [
            "9adbf957-6b06-4ce7-b7d2-1f6a06b4a239",
            "2613cf51-a826-4979-8427-6226e0e12d0a",
            "79ad4e34-fc4d-4593-8139-4044665e5882",
            "0c8d299b-68a7-436c-a643-cf62528d21ca",
            "a0a4f0e2-8f00-49c3-b839-d2a01236de1b"
          ]
        }
      ],
      "Page": 1
    },
    {
      "BlockType": "LINE",
      "Confidence": 93.05170440673828,
      "Text": "ud",
      "Geometry": {
        "BoundingBox": {
          "Width": 0.02419297769665718,
          "Height": 0.013362256810069084,
          "Left": 0,
          "Top": 0.2945995330810547
        },
        "Polygon": [
          {
            "X": 0,
            "Y": 0.29561734199523926
          },
          {
            "X": 0.02419297769665718,
            "Y": 0.2945995330810547
          },
          {
            "X": 0.02354554645717144,
            "Y": 0.3069775700569153
          },
          {
            "X": 0,
            "Y": 0.3079617917537689
          }
        ]
      },
      "Id": "39e4d665-b1ee-417f-8267-50c5bbbc7b1c",
      "Relationships": [
        {
          "Type": "CHILD",
          "Ids": [
            "1a3e7b0e-f57b-48d5-92b8-ae68f1023f77"
          ]
        }
      ],
      "Page": 1
    },
    {
      "BlockType": "LINE",
      "Confidence": 96.75443267822266,
      "Text": "erience",
      "Geometry": {
        "BoundingBox": {
          "Width": 0.0644536241889,
          "Height": 0.015120064839720726,
          "Left": 0,
          "Top": 0.31188103556632996
        },
        "Polygon": [
          {
            "X": 0,
            "Y": 0.31445735692977905
          },
          {
            "X": 0.0644536241889,
            "Y": 0.31188103556632996
          },
          {
            "X": 0.0638168603181839,
            "Y": 0.3245159089565277
          },
          {
            "X": 0,
            "Y": 0.32700109481811523
          }
        ]
      },
      "Id": "748fa259-e36c-480b-8d35-334f258dc36a",
      "Relationships": [
        {
          "Type": "CHILD",
          "Ids": [
            "adc99b53-7688-427a-8a40-22131f32f1b4"
          ]
        }
      ],
      "Page": 1
    },
    {
      "BlockType": "LINE",
      "Confidence": 46.66444778442383,
      "Text": "OF",
      "Geometry": {
        "BoundingBox": {
          "Width": 0.018256327137351036,
          "Height": 0.01034926064312458,
          "Left": 0.3701011836528778,
          "Top": 0.31209003925323486
        },
        "Polygon": [
          {
            "X": 0.3704513609409332,
            "Y": 0.3127706050872803
          },
          {
            "X": 0.3883574903011322,
            "Y": 0.31209003925323486
          },
          {
            "X": 0.38801467418670654,
            "Y": 0.32177722454071045
          },
          {
            "X": 0.3701011836528778,
            "Y": 0.3224393129348755
          }
        ]
      },
      "Id": "b3e5a6f1-93bf-42d0-9646-a364b2276453",
      "Relationships": [
        {
          "Type": "CHILD",
          "Ids": [
            "839cd689-5f6e-46da-94b9-8c2d3d6a9210"
          ]
        }
      ],
      "Page": 1
    },
    {
      "BlockType": "LINE",
      "Confidence": 99.70413208007812,
      "Text": "5",
      "Geometry": {
        "BoundingBox": {
          "Width": 0.010578660294413567,
          "Height": 0.01221572794020176,
          "Left": 0.0013427706435322762,
          "Top": 0.3334949016571045
        },
        "Polygon": [
          {
            "X": 0.0019734089728444815,
            "Y": 0.3338650166988373
          },
          {
            "X": 0.011921430937945843,
            "Y": 0.3334949016571045
          },
          {
            "X": 0.011295544914901257,
            "Y": 0.3453536033630371
          },
          {
            "X": 0.0013427706435322762,
            "Y": 0.3457106351852417
          }
        ]
      },
      "Id": "1bec9ecb-b3b8-4523-930f-7d0f8d1cf10a",
      "Relationships": [
        {
          "Type": "CHILD",
          "Ids": [
            "18f6ad20-e4cc-4d9f-9a52-2d38e8df409a"
          ]
        }
      ],
      "Page": 1
    },
    {
      "BlockType": "LINE",
      "Confidence": 99.11076354980469,
      "Text": "av",
      "Geometry": {
        "BoundingBox": {
          "Width": 0.10543731600046158,
          "Height": 0.051836028695106506,
          "Left": 0.8945626616477966,
          "Top": 0.27525290846824646
        },
        "Polygon": [
          {
            "X": 0.8951310515403748,
            "Y": 0.2794284522533417
          },
          {
            "X": 1,
            "Y": 0.27525290846824646
          },
          {
            "X": 1,
            "Y": 0.32342347502708435
          },
          {
            "X": 0.8945626616477966,
            "Y": 0.32708895206451416
          }
        ]
      },
      "Id": "de693237-0837-424c-b274-077016418af8",
      "Relationships": [
        {
          "Type": "CHILD",
          "Ids": [
            "8d169803-a43e-4729-8571-a3bd34a2612a"
          ]
        }
      ],
      "Page": 1
    },
    {
      "BlockType": "LINE",
      "Confidence": 99.12090301513672,
      "Text": "Os especialistas estão",
      "Geometry": {
        "BoundingBox": {
          "Width": 0.14361436665058136,
          "Height": 0.01561225950717926,
          "Left": 0.1239825189113617,
          "Top": 0.36844900250434875
        },
        "Polygon": [
          {
            "X": 0.12450412660837173,
            "Y": 0.3730755150318146
          },
          {
            "X": 0.26759690046310425,
            "Y": 0.36844900250434875
          },
          {
            "X": 0.2671407461166382,
            "Y": 0.3796074688434601
          },
          {
            "X": 0.1239825189113617,
            "Y": 0.3840612471103668
          }
        ]
      },
      "Id": "e51998b7-eec9-4103-bcb8-39d73b69f679",
      "Relationships": [
        {
          "Type": "CHILD",
          "Ids": [
            "31ab89b8-5f90-4326-a676-82ac38cc4e1e",
            "532cab95-7fbe-49b2-9b08-07c715171df6",
            "367bc83b-032b-4f7d-ac6a-edea05343d66"
          ]
        }
      ],
      "Page": 1
    },
    {
      "BlockType": "LINE",
      "Confidence": 97.5383071899414,
      "Text": "São necessárias",
      "Geometry": {
        "BoundingBox": {
          "Width": 0.11286595463752747,
          "Height": 0.013956565409898758,
          "Left": 0.32512256503105164,
          "Top": 0.36379215121269226
        },
        "Polygon": [
          {
            "X": 0.3255172073841095,
            "Y": 0.3674183189868927
          },
          {
            "X": 0.4379885196685791,
            "Y": 0.36379215121269226
          },
          {
            "X": 0.4376433789730072,
            "Y": 0.3742474317550659
          },
          {
            "X": 0.32512256503105164,
            "Y": 0.3777487277984619
          }
        ]
      },
      "Id": "5d85b6b6-6650-451f-a24b-cb1305358062",
      "Relationships": [
        {
          "Type": "CHILD",
          "Ids": [
            "ebbece3b-37bf-4153-a345-43b061101d15",
            "3a61c593-4ba2-451c-876b-0c906f8ebd08"
          ]
        }
      ],
      "Page": 1
    },
    {
      "BlockType": "LINE",
      "Confidence": 98.28524017333984,
      "Text": "É necessária uma forte",
      "Geometry": {
        "BoundingBox": {
          "Width": 0.1845066249370575,
          "Height": 0.017878398299217224,
          "Left": 0.5216584801673889,
          "Top": 0.35426029562950134
        },
        "Polygon": [
          {
            "X": 0.5220058560371399,
            "Y": 0.3602147698402405
          },
          {
            "X": 0.706165075302124,
            "Y": 0.35426029562950134
          },
          {
            "X": 0.7059144377708435,
            "Y": 0.3664151728153229
          },
          {
            "X": 0.5216584801673889,
            "Y": 0.37213870882987976
          }
        ]
      },
      "Id": "821bd548-74d3-4570-a0dd-ea8ce1394b89",
      "Relationships": [
        {
          "Type": "CHILD",
          "Ids": [
            "3c7f1487-8c01-4318-a58e-c873783cbb6b",
            "1c6ffd13-caab-4da4-ab6e-e5597d41eebe",
            "ea9c1362-9a9e-463d-8112-476da6845ae4",
            "cc1ce15e-be7e-4e71-916a-eff82f5dfef8"
          ]
        }
      ],
      "Page": 1
    },
    {
      "BlockType": "LINE",
      "Confidence": 99.43732452392578,
      "Text": "com excesso de",
      "Geometry": {
        "BoundingBox": {
          "Width": 0.10141272842884064,
          "Height": 0.012497523799538612,
          "Left": 0.14283396303653717,
          "Top": 0.382315069437027
        },
        "Polygon": [
          {
            "X": 0.14327086508274078,
            "Y": 0.3854343593120575
          },
          {
            "X": 0.2442466914653778,
            "Y": 0.382315069437027
          },
          {
            "X": 0.24384911358356476,
            "Y": 0.39179718494415283
          },
          {
            "X": 0.14283396303653717,
            "Y": 0.39481258392333984
          }
        ]
      },
      "Id": "ae128a8b-ff6d-4bc8-9c02-2f8473f22f0a",
      "Relationships": [
        {
          "Type": "CHILD",
          "Ids": [
            "2c8bf561-1327-4b86-b053-e54d9aa67e4d",
            "09c37b7c-5592-498d-a597-74ac5296641d",
            "962a22c1-e885-40da-920d-3aa82b334034"
          ]
        }
      ],
      "Page": 1
    },
    {
      "BlockType": "LINE",
      "Confidence": 99.17591857910156,
      "Text": "habilidades técnicas e de",
      "Geometry": {
        "BoundingBox": {
          "Width": 0.18211667239665985,
          "Height": 0.016731521114706993,
          "Left": 0.2909906506538391,
          "Top": 0.3753553032875061
        },
        "Polygon": [
          {
            "X": 0.29143276810646057,
            "Y": 0.38096535205841064
          },
          {
            "X": 0.47310733795166016,
            "Y": 0.3753553032875061
          },
          {
            "X": 0.4727516174316406,
            "Y": 0.3866948187351227
          },
          {
            "X": 0.2909906506538391,
            "Y": 0.39208680391311646
          }
        ]
      },
      "Id": "a8362d43-6f79-499d-b1cf-05321a2ffb22",
      "Relationships": [
        {
          "Type": "CHILD",
          "Ids": [
            "60ee0bc2-9053-45c8-a0cd-8233ab54d357",
            "a72560c2-03fa-4cf1-b952-4beb1d75c41d",
            "56bc28f9-a464-4c17-a31c-54419cc19661",
            "7e53db75-d86b-4c91-8141-3e9334ff5284"
          ]
        }
      ],
      "Page": 1
    },
    {
      "BlockType": "LINE",
      "Confidence": 98.87477111816406,
      "Text": "colaboração entre diferentes",
      "Geometry": {
        "BoundingBox": {
          "Width": 0.23632597923278809,
          "Height": 0.019909191876649857,
          "Left": 0.49669015407562256,
          "Top": 0.3687730133533478
        },
        "Polygon": [
          {
            "X": 0.4970732629299164,
            "Y": 0.3760233521461487
          },
          {
            "X": 0.7330161333084106,
            "Y": 0.3687730133533478
          },
          {
            "X": 0.7327648401260376,
            "Y": 0.3817470371723175
          },
          {
            "X": 0.49669015407562256,
            "Y": 0.38868218660354614
          }
        ]
      },
      "Id": "f509b76e-75db-4dd5-a032-8ce96c3b69e2",
      "Relationships": [
        {
          "Type": "CHILD",
          "Ids": [
            "2066cc53-7c22-4cbc-914a-42ae4f7b9d9f",
            "5d737a21-f6ba-477d-b7e1-87cd6bba6add",
            "4c4f11a0-90a0-4293-893b-38fd5651051b"
          ]
        }
      ],
      "Page": 1
    },
    {
      "BlockType": "LINE",
      "Confidence": 90.99398803710938,
      "Text": "demanda.",
      "Geometry": {
        "BoundingBox": {
          "Width": 0.0661718025803566,
          "Height": 0.011433477513492107,
          "Left": 0.1586647927761078,
          "Top": 0.3949580490589142
        },
        "Polygon": [
          {
            "X": 0.1590997278690338,
            "Y": 0.39690157771110535
          },
          {
            "X": 0.2248365879058838,
            "Y": 0.3949580490589142
          },
          {
            "X": 0.2244274914264679,
            "Y": 0.4045163691043854
          },
          {
            "X": 0.1586647927761078,
            "Y": 0.40639153122901917
          }
        ]
      },
      "Id": "7d8645bd-7c3c-45be-ba45-70855cd95474",
      "Relationships": [
        {
          "Type": "CHILD",
          "Ids": [
            "a11a0703-8259-4e25-b4d1-79a097f0d1b4"
          ]
        }
      ],
      "Page": 1
    },
    {
      "BlockType": "LINE",
      "Confidence": 93.97078704833984,
      "Text": "codificação",
      "Geometry": {
        "BoundingBox": {
          "Width": 0.08225850760936737,
          "Height": 0.014534717425704002,
          "Left": 0.33847489953041077,
          "Top": 0.39090603590011597
        },
        "Polygon": [
          {
            "X": 0.33893030881881714,
            "Y": 0.39330920577049255
          },
          {
            "X": 0.42073342204093933,
            "Y": 0.39090603590011597
          },
          {
            "X": 0.42032018303871155,
            "Y": 0.4031441807746887
          },
          {
            "X": 0.33847489953041077,
            "Y": 0.4054407477378845
          }
        ]
      },
      "Id": "d337b88f-b573-4c87-a354-72e8e4ef9eac",
      "Relationships": [
        {
          "Type": "CHILD",
          "Ids": [
            "89cdd253-e3bf-41c7-82b4-f6e6cdc753c8"
          ]
        }
      ],
      "Page": 1
    },
    {
      "BlockType": "LINE",
      "Confidence": 99.28028869628906,
      "Text": "conjuntos de habilidades",
      "Geometry": {
        "BoundingBox": {
          "Width": 0.20653535425662994,
          "Height": 0.018490470945835114,
          "Left": 0.5099567770957947,
          "Top": 0.3832663893699646
        },
        "Polygon": [
          {
            "X": 0.5103258490562439,
            "Y": 0.38930049538612366
          },
          {
            "X": 0.7164921164512634,
            "Y": 0.3832663893699646
          },
          {
            "X": 0.7162360548973083,
            "Y": 0.39599356055259705
          },
          {
            "X": 0.5099567770957947,
            "Y": 0.4017568528652191
          }
        ]
      },
      "Id": "33fb0e83-7581-402f-af77-7bf22ab2181c",
      "Relationships": [
        {
          "Type": "CHILD",
          "Ids": [
            "4e6cba48-f999-4a85-a913-8901f29f65c6",
            "0102fa54-a158-416a-b4fa-b8363bb33f92",
            "9c1c143c-f65c-4d30-9ded-2411729af633"
          ]
        }
      ],
      "Page": 1
    },
    {
      "BlockType": "WORD",
      "Confidence": 98.12600708007812,
      "Text": "Desafios",
      "TextType": "PRINTED",
      "Geometry": {
        "BoundingBox": {
          "Width": 0.0710630938410759,
          "Height": 0.01553004328161478,
          "Left": 0.13840416073799133,
          "Top": 0.23135033249855042
        },
        "Polygon": [
          {
            "X": 0.1389775276184082,
            "Y": 0.23471011221408844
          },
          {
            "X": 0.20946724712848663,
            "Y": 0.23135033249855042
          },
          {
            "X": 0.20892958343029022,
            "Y": 0.2436141073703766
          },
          {
            "X": 0.13840416073799133,
            "Y": 0.24688036739826202
          }
        ]
      },
      "Id": "59640c83-9702-4531-abe5-4b57ec82cc27",
      "Page": 1
    },
    {
      "BlockType": "WORD",
      "Confidence": 99.89238739013672,
      "Text": "que",
      "TextType": "PRINTED",
      "Geometry": {
        "BoundingBox": {
          "Width": 0.03258761391043663,
          "Height": 0.013247300870716572,
          "Left": 0.2142765372991562,
          "Top": 0.23038923740386963
        },
        "Polygon": [
          {
            "X": 0.21478751301765442,
            "Y": 0.23191522061824799
          },
          {
            "X": 0.24686415493488312,
            "Y": 0.23038923740386963
          },
          {
            "X": 0.24636892974376678,
            "Y": 0.2421511858701706
          },
          {
            "X": 0.2142765372991562,
            "Y": 0.24363653361797333
          }
        ]
      },
      "Id": "5c734449-6b19-4486-911d-28113e6d3974",
      "Page": 1
    },
    {
      "BlockType": "WORD",
      "Confidence": 99.9226303100586,
      "Text": "as",
      "TextType": "PRINTED",
      "Geometry": {
        "BoundingBox": {
          "Width": 0.018928837031126022,
          "Height": 0.010419566184282303,
          "Left": 0.2517605125904083,
          "Top": 0.22893162071704865
        },
        "Polygon": [
          {
            "X": 0.2521597445011139,
            "Y": 0.22981379926204681
          },
          {
            "X": 0.27068936824798584,
            "Y": 0.22893162071704865
          },
          {
            "X": 0.2702975571155548,
            "Y": 0.23848804831504822
          },
          {
            "X": 0.2517605125904083,
            "Y": 0.23935119807720184
          }
        ]
      },
      "Id": "f3bfabe3-a1dd-4f48-8df4-ad3c17ff433a",
      "Page": 1
    },
    {
      "BlockType": "WORD",
      "Confidence": 99.38338470458984,
      "Text": "equipes",
      "TextType": "PRINTED",
      "Geometry": {
        "BoundingBox": {
          "Width": 0.07108765095472336,
          "Height": 0.018586603924632072,
          "Left": 0.27553683519363403,
          "Top": 0.22133512794971466
        },
        "Polygon": [
          {
            "X": 0.27615630626678467,
            "Y": 0.22472050786018372
          },
          {
            "X": 0.3466244637966156,
            "Y": 0.22133512794971466
          },
          {
            "X": 0.3460504114627838,
            "Y": 0.23665131628513336
          },
          {
            "X": 0.27553683519363403,
            "Y": 0.23992173373699188
          }
        ]
      },
      "Id": "8164b3f1-3af4-4bb4-8ebb-386d1d5c6c56",
      "Page": 1
    },
    {
      "BlockType": "WORD",
      "Confidence": 99.12181091308594,
      "Text": "enfrentam",
      "TextType": "PRINTED",
      "Geometry": {
        "BoundingBox": {
          "Width": 0.10133109241724014,
          "Height": 0.018975265324115753,
          "Left": 0.35167115926742554,
          "Top": 0.21385005116462708
        },
        "Polygon": [
          {
            "X": 0.3521963059902191,
            "Y": 0.21871861815452576
          },
          {
            "X": 0.4530022442340851,
            "Y": 0.21385005116462708
          },
          {
            "X": 0.45253828167915344,
            "Y": 0.22810806334018707
          },
          {
            "X": 0.35167115926742554,
            "Y": 0.23282532393932343
          }
        ]
      },
      "Id": "31f256f2-b84f-4a93-bd67-d189571212d3",
      "Page": 1
    },
    {
      "BlockType": "WORD",
      "Confidence": 99.69774627685547,
      "Text": "ao",
      "TextType": "PRINTED",
      "Geometry": {
        "BoundingBox": {
          "Width": 0.023503724485635757,
          "Height": 0.010768421925604343,
          "Left": 0.45941227674484253,
          "Top": 0.21457897126674652
        },
        "Polygon": [
          {
            "X": 0.4597233831882477,
            "Y": 0.21569368243217468
          },
          {
            "X": 0.482915997505188,
            "Y": 0.21457897126674652
          },
          {
            "X": 0.48261457681655884,
            "Y": 0.22425620257854462
          },
          {
            "X": 0.45941227674484253,
            "Y": 0.2253473848104477
          }
        ]
      },
      "Id": "b2c77439-f0da-4f8b-92f8-592fc56c05fd",
      "Page": 1
    },
    {
      "BlockType": "WORD",
      "Confidence": 99.60295867919922,
      "Text": "inovar",
      "TextType": "PRINTED",
      "Geometry": {
        "BoundingBox": {
          "Width": 0.06485230475664139,
          "Height": 0.015733642503619194,
          "Left": 0.48993632197380066,
          "Top": 0.20754824578762054
        },
        "Polygon": [
          {
            "X": 0.49032485485076904,
            "Y": 0.21067111194133759
          },
          {
            "X": 0.5547886490821838,
            "Y": 0.20754824578762054
          },
          {
            "X": 0.5544355511665344,
            "Y": 0.22024421393871307
          },
          {
            "X": 0.48993632197380066,
            "Y": 0.2232818901538849
          }
        ]
      },
      "Id": "24e56a6a-1c3d-4598-b9d8-e0a617a9d53d",
      "Page": 1
    },
    {
      "BlockType": "WORD",
      "Confidence": 65.1732177734375,
      "Text": "aws",
      "TextType": "PRINTED",
      "Geometry": {
        "BoundingBox": {
          "Width": 0.043025046586990356,
          "Height": 0.012832509353756905,
          "Left": 0.6158983111381531,
          "Top": 0.2060185968875885
        },
        "Polygon": [
          {
            "X": 0.6161672472953796,
            "Y": 0.20807406306266785
          },
          {
            "X": 0.6589233875274658,
            "Y": 0.2060185968875885
          },
          {
            "X": 0.6586747765541077,
            "Y": 0.21684327721595764
          },
          {
            "X": 0.6158983111381531,
            "Y": 0.21885110437870026
          }
        ]
      },
      "Id": "e6104552-0322-4ad1-8d3e-0fdadfe4ebab",
      "Page": 1
    },
    {
      "BlockType": "WORD",
      "Confidence": 98.8047866821289,
      "Text": "Cloud",
      "TextType": "PRINTED",
      "Geometry": {
        "BoundingBox": {
          "Width": 0.023524170741438866,
          "Height": 0.0069362507201731205,
          "Left": 0.6846482753753662,
          "Top": 0.20224188268184662
        },
        "Polygon": [
          {
            "X": 0.6847746968269348,
            "Y": 0.20337015390396118
          },
          {
            "X": 0.7081725001335144,
            "Y": 0.20224188268184662
          },
          {
            "X": 0.7080520987510681,
            "Y": 0.20806379616260529
          },
          {
            "X": 0.6846482753753662,
            "Y": 0.2091781347990036
          }
        ]
      },
      "Id": "9624f48f-1f43-4464-900a-f72825c972d6",
      "Page": 1
    },
    {
      "BlockType": "WORD",
      "Confidence": 99.40885925292969,
      "Text": "Experience",
      "TextType": "PRINTED",
      "Geometry": {
        "BoundingBox": {
          "Width": 0.04333717003464699,
          "Height": 0.00824381411075592,
          "Left": 0.6847264766693115,
          "Top": 0.20891310274600983
        },
        "Polygon": [
          {
            "X": 0.6848612427711487,
            "Y": 0.21096199750900269
          },
          {
            "X": 0.7280636429786682,
            "Y": 0.20891310274600983
          },
          {
            "X": 0.7279407978057861,
            "Y": 0.21513548493385315
          },
          {
            "X": 0.6847264766693115,
            "Y": 0.21715691685676575
          }
        ]
      },
      "Id": "ffd85f63-c618-474f-b965-1bf0c67c34d3",
      "Page": 1
    },
    {
      "BlockType": "WORD",
      "Confidence": 99.81843566894531,
      "Text": "2025",
      "TextType": "PRINTED",
      "Geometry": {
        "BoundingBox": {
          "Width": 0.019962305203080177,
          "Height": 0.006563907489180565,
          "Left": 0.6845241785049438,
          "Top": 0.21768522262573242
        },
        "Polygon": [
          {
            "X": 0.6846469044685364,
            "Y": 0.2186102420091629
          },
          {
            "X": 0.7044864892959595,
            "Y": 0.21768522262573242
          },
          {
            "X": 0.7043687701225281,
            "Y": 0.2233356088399887
          },
          {
            "X": 0.6845241785049438,
            "Y": 0.22424913942813873
          }
        ]
      },
      "Id": "3993f754-48d4-42c5-8b41-6f0f75410842",
      "Page": 1
    },
    {
      "BlockType": "WORD",
      "Confidence": 99.67107391357422,
      "Text": "com",
      "TextType": "PRINTED",
      "Geometry": {
        "BoundingBox": {
          "Width": 0.034352559596300125,
          "Height": 0.010610243305563927,
          "Left": 0.13650815188884735,
          "Top": 0.2521198093891144
        },
        "Polygon": [
          {
            "X": 0.13693568110466003,
            "Y": 0.25366565585136414
          },
          {
            "X": 0.17086070775985718,
            "Y": 0.2521198093891144
          },
          {
            "X": 0.17044590413570404,
            "Y": 0.26121777296066284
          },
          {
            "X": 0.13650815188884735,
            "Y": 0.26273006200790405
          }
        ]
      },
      "Id": "9adbf957-6b06-4ce7-b7d2-1f6a06b4a239",
      "Page": 1
    },
    {
      "BlockType": "WORD",
      "Confidence": 99.76414489746094,
      "Text": "ML",
      "TextType": "PRINTED",
      "Geometry": {
        "BoundingBox": {
          "Width": 0.02499254234135151,
          "Height": 0.012369240634143353,
          "Left": 0.17686837911605835,
          "Top": 0.24772247672080994
        },
        "Polygon": [
          {
            "X": 0.17737777531147003,
            "Y": 0.2488461583852768
          },
          {
            "X": 0.2018609195947647,
            "Y": 0.24772247672080994
          },
          {
            "X": 0.2013629674911499,
            "Y": 0.25899794697761536
          },
          {
            "X": 0.17686837911605835,
            "Y": 0.26009172201156616
          }
        ]
      },
      "Id": "2613cf51-a826-4979-8427-6226e0e12d0a",
      "Page": 1
    },
    {
      "BlockType": "WORD",
      "Confidence": 99.66697692871094,
      "Text": "e",
      "TextType": "PRINTED",
      "Geometry": {
        "BoundingBox": {
          "Width": 0.009651354514062405,
          "Height": 0.009029414504766464,
          "Left": 0.20697422325611115,
          "Top": 0.24904213845729828
        },
        "Polygon": [
          {
            "X": 0.20735204219818115,
            "Y": 0.2494657188653946
          },
          {
            "X": 0.21662558615207672,
            "Y": 0.24904213845729828
          },
          {
            "X": 0.21625107526779175,
            "Y": 0.25765660405158997
          },
          {
            "X": 0.20697422325611115,
            "Y": 0.25807154178619385
          }
        ]
      },
      "Id": "79ad4e34-fc4d-4593-8139-4044665e5882",
      "Page": 1
    },
    {
      "BlockType": "WORD",
      "Confidence": 99.4781494140625,
      "Text": "IA",
      "TextType": "PRINTED",
      "Geometry": {
        "BoundingBox": {
          "Width": 0.01777152344584465,
          "Height": 0.012084810063242912,
          "Left": 0.22223833203315735,
          "Top": 0.24512605369091034
        },
        "Polygon": [
          {
            "X": 0.2227260023355484,
            "Y": 0.24592091143131256
          },
          {
            "X": 0.2400098443031311,
            "Y": 0.24512605369091034
          },
          {
            "X": 0.23953032493591309,
            "Y": 0.2564370930194855
          },
          {
            "X": 0.22223833203315735,
            "Y": 0.2572108507156372
          }
        ]
      },
      "Id": "0c8d299b-68a7-436c-a643-cf62528d21ca",
      "Page": 1
    },
    {
      "BlockType": "WORD",
      "Confidence": 98.8609619140625,
      "Text": "generativa",
      "TextType": "PRINTED",
      "Geometry": {
        "BoundingBox": {
          "Width": 0.09674736857414246,
          "Height": 0.020680909976363182,
          "Left": 0.2444974184036255,
          "Top": 0.23792704939842224
        },
        "Polygon": [
          {
            "X": 0.24518193304538727,
            "Y": 0.24237143993377686
          },
          {
            "X": 0.34124478697776794,
            "Y": 0.23792704939842224
          },
          {
            "X": 0.3406262993812561,
            "Y": 0.25433170795440674
          },
          {
            "X": 0.2444974184036255,
            "Y": 0.25860795378685
          }
        ]
      },
      "Id": "a0a4f0e2-8f00-49c3-b839-d2a01236de1b",
      "Page": 1
    },
    {
      "BlockType": "WORD",
      "Confidence": 93.05170440673828,
      "Text": "ud",
      "TextType": "PRINTED",
      "Geometry": {
        "BoundingBox": {
          "Width": 0.02419297769665718,
          "Height": 0.013362256810069084,
          "Left": 0,
          "Top": 0.2945995330810547
        },
        "Polygon": [
          {
            "X": 0,
            "Y": 0.29561734199523926
          },
          {
            "X": 0.02419297769665718,
            "Y": 0.2945995330810547
          },
          {
            "X": 0.02354554645717144,
            "Y": 0.3069775700569153
          },
          {
            "X": 0,
            "Y": 0.3079617917537689
          }
        ]
      },
      "Id": "1a3e7b0e-f57b-48d5-92b8-ae68f1023f77",
      "Page": 1
    },
    {
      "BlockType": "WORD",
      "Confidence": 96.75443267822266,
      "Text": "erience",
      "TextType": "PRINTED",
      "Geometry": {
        "BoundingBox": {
          "Width": 0.0644536241889,
          "Height": 0.015120064839720726,
          "Left": 0,
          "Top": 0.31188103556632996
        },
        "Polygon": [
          {
            "X": 0,
            "Y": 0.31445735692977905
          },
          {
            "X": 0.0644536241889,
            "Y": 0.31188103556632996
          },
          {
            "X": 0.0638168603181839,
            "Y": 0.3245159089565277
          },
          {
            "X": 0,
            "Y": 0.32700109481811523
          }
        ]
      },
      "Id": "adc99b53-7688-427a-8a40-22131f32f1b4",
      "Page": 1
    },
    {
      "BlockType": "WORD",
      "Confidence": 46.66444778442383,
      "Text": "OF",
      "TextType": "PRINTED",
      "Geometry": {
        "BoundingBox": {
          "Width": 0.018256327137351036,
          "Height": 0.01034926064312458,
          "Left": 0.3701011836528778,
          "Top": 0.31209003925323486
        },
        "Polygon": [
          {
            "X": 0.3704513609409332,
            "Y": 0.3127706050872803
          },
          {
            "X": 0.3883574903011322,
            "Y": 0.31209003925323486
          },
          {
            "X": 0.38801467418670654,
            "Y": 0.32177722454071045
          },
          {
            "X": 0.3701011836528778,
            "Y": 0.3224393129348755
          }
        ]
      },
      "Id": "839cd689-5f6e-46da-94b9-8c2d3d6a9210",
      "Page": 1
    },
    {
      "BlockType": "WORD",
      "Confidence": 99.70413208007812,
      "Text": "5",
      "TextType": "PRINTED",
      "Geometry": {
        "BoundingBox": {
          "Width": 0.010578660294413567,
          "Height": 0.01221572794020176,
          "Left": 0.0013427706435322762,
          "Top": 0.3334949016571045
        },
        "Polygon": [
          {
            "X": 0.0019734089728444815,
            "Y": 0.3338650166988373
          },
          {
            "X": 0.011921430937945843,
            "Y": 0.3334949016571045
          },
          {
            "X": 0.011295544914901257,
            "Y": 0.3453536033630371
          },
          {
            "X": 0.0013427706435322762,
            "Y": 0.3457106351852417
          }
        ]
      },
      "Id": "18f6ad20-e4cc-4d9f-9a52-2d38e8df409a",
      "Page": 1
    },
    {
      "BlockType": "WORD",
      "Confidence": 99.11076354980469,
      "Text": "av",
      "TextType": "PRINTED",
      "Geometry": {
        "BoundingBox": {
          "Width": 0.10543731600046158,
          "Height": 0.051836028695106506,
          "Left": 0.8945626616477966,
          "Top": 0.27525290846824646
        },
        "Polygon": [
          {
            "X": 0.8951310515403748,
            "Y": 0.2794284522533417
          },
          {
            "X": 1,
            "Y": 0.27525290846824646
          },
          {
            "X": 1,
            "Y": 0.32342347502708435
          },
          {
            "X": 0.8945626616477966,
            "Y": 0.32708895206451416
          }
        ]
      },
      "Id": "8d169803-a43e-4729-8571-a3bd34a2612a",
      "Page": 1
    },
    {
      "BlockType": "WORD",
      "Confidence": 99.17971801757812,
      "Text": "Os",
      "TextType": "PRINTED",
      "Geometry": {
        "BoundingBox": {
          "Width": 0.016711654141545296,
          "Height": 0.00919943768531084,
          "Left": 0.1240634098649025,
          "Top": 0.3731580972671509
        },
        "Polygon": [
          {
            "X": 0.12447523325681686,
            "Y": 0.37368401885032654
          },
          {
            "X": 0.14077506959438324,
            "Y": 0.3731580972671509
          },
          {
            "X": 0.14036904275417328,
            "Y": 0.38184717297554016
          },
          {
            "X": 0.1240634098649025,
            "Y": 0.38235753774642944
          }
        ]
      },
      "Id": "31ab89b8-5f90-4326-a676-82ac38cc4e1e",
      "Page": 1
    },
    {
      "BlockType": "WORD",
      "Confidence": 98.81890106201172,
      "Text": "especialistas",
      "TextType": "PRINTED",
      "Geometry": {
        "BoundingBox": {
          "Width": 0.0828794464468956,
          "Height": 0.01367346290498972,
          "Left": 0.14437228441238403,
          "Top": 0.3697534501552582
        },
        "Polygon": [
          {
            "X": 0.14488470554351807,
            "Y": 0.37241655588150024
          },
          {
            "X": 0.22725173830986023,
            "Y": 0.3697534501552582
          },
          {
            "X": 0.22677691280841827,
            "Y": 0.380863219499588
          },
          {
            "X": 0.14437228441238403,
            "Y": 0.3834269046783447
          }
        ]
      },
      "Id": "532cab95-7fbe-49b2-9b08-07c715171df6",
      "Page": 1
    },
    {
      "BlockType": "WORD",
      "Confidence": 99.36407470703125,
      "Text": "estão",
      "TextType": "PRINTED",
      "Geometry": {
        "BoundingBox": {
          "Width": 0.036071356385946274,
          "Height": 0.010709469206631184,
          "Left": 0.2315090298652649,
          "Top": 0.3688525855541229
        },
        "Polygon": [
          {
            "X": 0.23191547393798828,
            "Y": 0.37000414729118347
          },
          {
            "X": 0.26758038997650146,
            "Y": 0.3688525855541229
          },
          {
            "X": 0.267188161611557,
            "Y": 0.3784475028514862
          },
          {
            "X": 0.2315090298652649,
            "Y": 0.37956205010414124
          }
        ]
      },
      "Id": "367bc83b-032b-4f7d-ac6a-edea05343d66",
      "Page": 1
    },
    {
      "BlockType": "WORD",
      "Confidence": 98.31985473632812,
      "Text": "São",
      "TextType": "PRINTED",
      "Geometry": {
        "BoundingBox": {
          "Width": 0.025800829753279686,
          "Height": 0.010545223951339722,
          "Left": 0.3251456618309021,
          "Top": 0.3665984570980072
        },
        "Polygon": [
          {
            "X": 0.3255172073841095,
            "Y": 0.3674183189868927
          },
          {
            "X": 0.3509465157985687,
            "Y": 0.3665984570980072
          },
          {
            "X": 0.350585401058197,
            "Y": 0.37635040283203125
          },
          {
            "X": 0.3251456618309021,
            "Y": 0.3771436810493469
          }
        ]
      },
      "Id": "ebbece3b-37bf-4153-a345-43b061101d15",
      "Page": 1
    },
    {
      "BlockType": "WORD",
      "Confidence": 96.75675964355469,
      "Text": "necessárias",
      "TextType": "PRINTED",
      "Geometry": {
        "BoundingBox": {
          "Width": 0.08218424022197723,
          "Height": 0.012730199843645096,
          "Left": 0.355795294046402,
          "Top": 0.36406409740448
        },
        "Polygon": [
          {
            "X": 0.35616666078567505,
            "Y": 0.3666993975639343
          },
          {
            "X": 0.4379795491695404,
            "Y": 0.36406409740448
          },
          {
            "X": 0.4376433789730072,
            "Y": 0.3742474317550659
          },
          {
            "X": 0.355795294046402,
            "Y": 0.3767942786216736
          }
        ]
      },
      "Id": "3a61c593-4ba2-451c-876b-0c906f8ebd08",
      "Page": 1
    },
    {
      "BlockType": "WORD",
      "Confidence": 95.81006622314453,
      "Text": "É",
      "TextType": "PRINTED",
      "Geometry": {
        "BoundingBox": {
          "Width": 0.009073619730770588,
          "Height": 0.011760271154344082,
          "Left": 0.52167147397995,
          "Top": 0.35993221402168274
        },
        "Polygon": [
          {
            "X": 0.5220058560371399,
            "Y": 0.3602147698402405
          },
          {
            "X": 0.5307450890541077,
            "Y": 0.35993221402168274
          },
          {
            "X": 0.5304150581359863,
            "Y": 0.3714204728603363
          },
          {
            "X": 0.52167147397995,
            "Y": 0.3716924786567688
          }
        ]
      },
      "Id": "3c7f1487-8c01-4318-a58e-c873783cbb6b",
      "Page": 1
    },
    {
      "BlockType": "WORD",
      "Confidence": 97.78644561767578,
      "Text": "necessária",
      "TextType": "PRINTED",
      "Geometry": {
        "BoundingBox": {
          "Width": 0.08175849169492722,
          "Height": 0.013296728022396564,
          "Left": 0.5356578826904297,
          "Top": 0.3584071099758148
        },
        "Polygon": [
          {
            "X": 0.535961925983429,
            "Y": 0.36102980375289917
          },
          {
            "X": 0.6174163818359375,
            "Y": 0.3584071099758148
          },
          {
            "X": 0.6171502470970154,
            "Y": 0.36917245388031006
          },
          {
            "X": 0.5356578826904297,
            "Y": 0.3717038333415985
          }
        ]
      },
      "Id": "1c6ffd13-caab-4da4-ab6e-e5597d41eebe",
      "Page": 1
    },
    {
      "BlockType": "WORD",
      "Confidence": 99.7820053100586,
      "Text": "uma",
      "TextType": "PRINTED",
      "Geometry": {
        "BoundingBox": {
          "Width": 0.03536482900381088,
          "Height": 0.009319833479821682,
          "Left": 0.6231575012207031,
          "Top": 0.3596024215221405
        },
        "Polygon": [
          {
            "X": 0.6233578324317932,
            "Y": 0.3607253432273865
          },
          {
            "X": 0.6585223078727722,
            "Y": 0.3596024215221405
          },
          {
            "X": 0.6583345532417297,
            "Y": 0.367829293012619
          },
          {
            "X": 0.6231575012207031,
            "Y": 0.36892223358154297
          }
        ]
      },
      "Id": "ea9c1362-9a9e-463d-8112-476da6845ae4",
      "Page": 1
    },
    {
      "BlockType": "WORD",
      "Confidence": 99.76243591308594,
      "Text": "forte",
      "TextType": "PRINTED",
      "Geometry": {
        "BoundingBox": {
          "Width": 0.04213814064860344,
          "Height": 0.011961236596107483,
          "Left": 0.664002537727356,
          "Top": 0.3554435670375824
        },
        "Polygon": [
          {
            "X": 0.6642419695854187,
            "Y": 0.3567931354045868
          },
          {
            "X": 0.7061406970024109,
            "Y": 0.3554435670375824
          },
          {
            "X": 0.7059208750724792,
            "Y": 0.36610132455825806
          },
          {
            "X": 0.664002537727356,
            "Y": 0.3674048185348511
          }
        ]
      },
      "Id": "cc1ce15e-be7e-4e71-916a-eff82f5dfef8",
      "Page": 1
    },
    {
      "BlockType": "WORD",
      "Confidence": 99.71257019042969,
      "Text": "com",
      "TextType": "PRINTED",
      "Geometry": {
        "BoundingBox": {
          "Width": 0.02679695561528206,
          "Height": 0.0074926624074578285,
          "Left": 0.14287349581718445,
          "Top": 0.38647136092185974
        },
        "Polygon": [
          {
            "X": 0.14318469166755676,
            "Y": 0.3872841000556946
          },
          {
            "X": 0.1696704626083374,
            "Y": 0.38647136092185974
          },
          {
            "X": 0.16936653852462769,
            "Y": 0.39317068457603455
          },
          {
            "X": 0.14287349581718445,
            "Y": 0.393964022397995
          }
        ]
      },
      "Id": "2c8bf561-1327-4b86-b053-e54d9aa67e4d",
      "Page": 1
    },
    {
      "BlockType": "WORD",
      "Confidence": 98.69872283935547,
      "Text": "excesso",
      "TextType": "PRINTED",
      "Geometry": {
        "BoundingBox": {
          "Width": 0.05018763616681099,
          "Height": 0.008671175688505173,
          "Left": 0.1738421618938446,
          "Top": 0.38465070724487305
        },
        "Polygon": [
          {
            "X": 0.17416460812091827,
            "Y": 0.38618171215057373
          },
          {
            "X": 0.2240298092365265,
            "Y": 0.38465070724487305
          },
          {
            "X": 0.22372211515903473,
            "Y": 0.39182978868484497
          },
          {
            "X": 0.1738421618938446,
            "Y": 0.3933218717575073
          }
        ]
      },
      "Id": "09c37b7c-5592-498d-a597-74ac5296641d",
      "Page": 1
    },
    {
      "BlockType": "WORD",
      "Confidence": 99.90068817138672,
      "Text": "de",
      "TextType": "PRINTED",
      "Geometry": {
        "BoundingBox": {
          "Width": 0.015908410772681236,
          "Height": 0.009945145808160305,
          "Left": 0.22833828628063202,
          "Top": 0.382315069437027
        },
        "Polygon": [
          {
            "X": 0.22874197363853455,
            "Y": 0.38279402256011963
          },
          {
            "X": 0.2442466914653778,
            "Y": 0.382315069437027
          },
          {
            "X": 0.24384911358356476,
            "Y": 0.39179718494415283
          },
          {
            "X": 0.22833828628063202,
            "Y": 0.39226022362709045
          }
        ]
      },
      "Id": "962a22c1-e885-40da-920d-3aa82b334034",
      "Page": 1
    },
    {
      "BlockType": "WORD",
      "Confidence": 98.47979736328125,
      "Text": "habilidades",
      "TextType": "PRINTED",
      "Geometry": {
        "BoundingBox": {
          "Width": 0.08242111653089523,
          "Height": 0.01268625445663929,
          "Left": 0.2910291254520416,
          "Top": 0.3784326910972595
        },
        "Polygon": [
          {
            "X": 0.29143276810646057,
            "Y": 0.38096535205841064
          },
          {
            "X": 0.37345024943351746,
            "Y": 0.3784326910972595
          },
          {
            "X": 0.3730818033218384,
            "Y": 0.38867613673210144
          },
          {
            "X": 0.2910291254520416,
            "Y": 0.39111894369125366
          }
        ]
      },
      "Id": "60ee0bc2-9053-45c8-a0cd-8233ab54d357",
      "Page": 1
    },
    {
      "BlockType": "WORD",
      "Confidence": 98.6474609375,
      "Text": "técnicas",
      "TextType": "PRINTED",
      "Geometry": {
        "BoundingBox": {
          "Width": 0.05953673645853996,
          "Height": 0.011953725479543209,
          "Left": 0.37772729992866516,
          "Top": 0.37736445665359497
        },
        "Polygon": [
          {
            "X": 0.3780895471572876,
            "Y": 0.3791860044002533
          },
          {
            "X": 0.43726402521133423,
            "Y": 0.37736445665359497
          },
          {
            "X": 0.43692731857299805,
            "Y": 0.38756075501441956
          },
          {
            "X": 0.37772729992866516,
            "Y": 0.38931819796562195
          }
        ]
      },
      "Id": "a72560c2-03fa-4cf1-b952-4beb1d75c41d",
      "Page": 1
    },
    {
      "BlockType": "WORD",
      "Confidence": 99.68946075439453,
      "Text": "e",
      "TextType": "PRINTED",
      "Geometry": {
        "BoundingBox": {
          "Width": 0.008365868590772152,
          "Height": 0.00748458644375205,
          "Left": 0.44178271293640137,
          "Top": 0.3799594044685364
        },
        "Polygon": [
          {
            "X": 0.442020058631897,
            "Y": 0.38020700216293335
          },
          {
            "X": 0.4501485824584961,
            "Y": 0.3799594044685364
          },
          {
            "X": 0.44991371035575867,
            "Y": 0.3872026205062866
          },
          {
            "X": 0.44178271293640137,
            "Y": 0.38744398951530457
          }
        ]
      },
      "Id": "56bc28f9-a464-4c17-a31c-54419cc19661",
      "Page": 1
    },
    {
      "BlockType": "WORD",
      "Confidence": 99.88694763183594,
      "Text": "de",
      "TextType": "PRINTED",
      "Geometry": {
        "BoundingBox": {
          "Width": 0.018540356308221817,
          "Height": 0.01035341341048479,
          "Left": 0.4545190632343292,
          "Top": 0.37688228487968445
        },
        "Polygon": [
          {
            "X": 0.454834520816803,
            "Y": 0.37744206190109253
          },
          {
            "X": 0.47305941581726074,
            "Y": 0.37688228487968445
          },
          {
            "X": 0.4727516174316406,
            "Y": 0.3866948187351227
          },
          {
            "X": 0.4545190632343292,
            "Y": 0.38723570108413696
          }
        ]
      },
      "Id": "7e53db75-d86b-4c91-8141-3e9334ff5284",
      "Page": 1
    },
    {
      "BlockType": "WORD",
      "Confidence": 97.46797180175781,
      "Text": "colaboração",
      "TextType": "PRINTED",
      "Geometry": {
        "BoundingBox": {
          "Width": 0.09617678821086884,
          "Height": 0.015602517873048782,
          "Left": 0.49669015407562256,
          "Top": 0.37307968735694885
        },
        "Polygon": [
          {
            "X": 0.4970732629299164,
            "Y": 0.3760233521461487
          },
          {
            "X": 0.5928669571876526,
            "Y": 0.37307968735694885
          },
          {
            "X": 0.5925365686416626,
            "Y": 0.38586652278900146
          },
          {
            "X": 0.49669015407562256,
            "Y": 0.38868218660354614
          }
        ]
      },
      "Id": "2066cc53-7c22-4cbc-914a-42ae4f7b9d9f",
      "Page": 1
    },
    {
      "BlockType": "WORD",
      "Confidence": 99.78639221191406,
      "Text": "entre",
      "TextType": "PRINTED",
      "Geometry": {
        "BoundingBox": {
          "Width": 0.04178512096405029,
          "Height": 0.010087355971336365,
          "Left": 0.5974669456481934,
          "Top": 0.37356922030448914
        },
        "Polygon": [
          {
            "X": 0.5976927876472473,
            "Y": 0.3748379349708557
          },
          {
            "X": 0.6392520666122437,
            "Y": 0.37356922030448914
          },
          {
            "X": 0.6390421390533447,
            "Y": 0.3824261426925659
          },
          {
            "X": 0.5974669456481934,
            "Y": 0.3836565613746643
          }
        ]
      },
      "Id": "5d737a21-f6ba-477d-b7e1-87cd6bba6add",
      "Page": 1
    },
    {
      "BlockType": "WORD",
      "Confidence": 99.36994934082031,
      "Text": "diferentes",
      "TextType": "PRINTED",
      "Geometry": {
        "BoundingBox": {
          "Width": 0.08698222786188126,
          "Height": 0.013369016349315643,
          "Left": 0.6460327506065369,
          "Top": 0.3688347041606903
        },
        "Polygon": [
          {
            "X": 0.6462829113006592,
            "Y": 0.37149935960769653
          },
          {
            "X": 0.7330149412155151,
            "Y": 0.3688347041606903
          },
          {
            "X": 0.7328057885169983,
            "Y": 0.3796355128288269
          },
          {
            "X": 0.6460327506065369,
            "Y": 0.38220372796058655
          }
        ]
      },
      "Id": "4c4f11a0-90a0-4293-893b-38fd5651051b",
      "Page": 1
    },
    {
      "BlockType": "WORD",
      "Confidence": 90.99398803710938,
      "Text": "demanda.",
      "TextType": "PRINTED",
      "Geometry": {
        "BoundingBox": {
          "Width": 0.0661718025803566,
          "Height": 0.011433477513492107,
          "Left": 0.1586647927761078,
          "Top": 0.3949580490589142
        },
        "Polygon": [
          {
            "X": 0.1590997278690338,
            "Y": 0.39690157771110535
          },
          {
            "X": 0.2248365879058838,
            "Y": 0.3949580490589142
          },
          {
            "X": 0.2244274914264679,
            "Y": 0.4045163691043854
          },
          {
            "X": 0.1586647927761078,
            "Y": 0.40639153122901917
          }
        ]
      },
      "Id": "a11a0703-8259-4e25-b4d1-79a097f0d1b4",
      "Page": 1
    },
    {
      "BlockType": "WORD",
      "Confidence": 93.97078704833984,
      "Text": "codificação",
      "TextType": "PRINTED",
      "Geometry": {
        "BoundingBox": {
          "Width": 0.08225850760936737,
          "Height": 0.014534717425704002,
          "Left": 0.33847489953041077,
          "Top": 0.39090603590011597
        },
        "Polygon": [
          {
            "X": 0.33893030881881714,
            "Y": 0.39330920577049255
          },
          {
            "X": 0.42073342204093933,
            "Y": 0.39090603590011597
          },
          {
            "X": 0.42032018303871155,
            "Y": 0.4031441807746887
          },
          {
            "X": 0.33847489953041077,
            "Y": 0.4054407477378845
          }
        ]
      },
      "Id": "89cdd253-e3bf-41c7-82b4-f6e6cdc753c8",
      "Page": 1
    },
    {
      "BlockType": "WORD",
      "Confidence": 99.26884460449219,
      "Text": "conjuntos",
      "TextType": "PRINTED",
      "Geometry": {
        "BoundingBox": {
          "Width": 0.07856792211532593,
          "Height": 0.014582647942006588,
          "Left": 0.5099567770957947,
          "Top": 0.38717421889305115
        },
        "Polygon": [
          {
            "X": 0.5103210806846619,
            "Y": 0.3894617557525635
          },
          {
            "X": 0.5885246992111206,
            "Y": 0.38717421889305115
          },
          {
            "X": 0.5882020592689514,
            "Y": 0.3995707333087921
          },
          {
            "X": 0.5099567770957947,
            "Y": 0.4017568528652191
          }
        ]
      },
      "Id": "4e6cba48-f999-4a85-a913-8901f29f65c6",
      "Page": 1
    },
    {
      "BlockType": "WORD",
      "Confidence": 99.90019226074219,
      "Text": "de",
      "TextType": "PRINTED",
      "Geometry": {
        "BoundingBox": {
          "Width": 0.019464673474431038,
          "Height": 0.011491242796182632,
          "Left": 0.5932177901268005,
          "Top": 0.3864597976207733
        },
        "Polygon": [
          {
            "X": 0.5934997200965881,
            "Y": 0.38702094554901123
          },
          {
            "X": 0.6126824617385864,
            "Y": 0.3864597976207733
          },
          {
            "X": 0.6124096512794495,
            "Y": 0.3974118232727051
          },
          {
            "X": 0.5932177901268005,
            "Y": 0.39795103669166565
          }
        ]
      },
      "Id": "0102fa54-a158-416a-b4fa-b8363bb33f92",
      "Page": 1
    },
    {
      "BlockType": "WORD",
      "Confidence": 98.67182159423828,
      "Text": "habilidades",
      "TextType": "PRINTED",
      "Geometry": {
        "BoundingBox": {
          "Width": 0.09854838997125626,
          "Height": 0.014197228476405144,
          "Left": 0.6179437041282654,
          "Top": 0.3832663893699646
        },
        "Polygon": [
          {
            "X": 0.6182228326797485,
            "Y": 0.3861425518989563
          },
          {
            "X": 0.7164921164512634,
            "Y": 0.3832663893699646
          },
          {
            "X": 0.7162620425224304,
            "Y": 0.3947034478187561
          },
          {
            "X": 0.6179437041282654,
            "Y": 0.3974636197090149
          }
        ]
      },
      "Id": "9c1c143c-f65c-4d30-9ded-2411729af633",
      "Page": 1
    }
  ],
  "DetectDocumentTextModelVersion": "1.0"
}