{
  "DocumentMetadata": {
    "Pages": 1
  },
  "JobStatus": "SUCCEEDED",
  "Blocks": [
    {
      "BlockType": "PAGE",
      "Geometry": {
        "BoundingBox": {
          "Width": 0.9561281204223633,
          "Height": 0.8906345367431641,
          "Left": 0,
          "Top": 0
        },
        "Polygon": [
          {
            "X": 0,
            "Y": 0.01861266978085041
          },
          {
            "X": 0.9539165496826172,
            "Y": 0
          },
          {
            "X": 0.9561281204223633,
            "Y": 0.8782435059547424
          },
          {
            "X": 0.002432058332487941,
            "Y": 0.8906345367431641
          }
        ]
      },
      "Id": "95f4fad6-b183-4cdd-af32-98d954aeec0b",
      "Relationships": [
        {
          "Type": "CHILD",
          "Ids": [
            "683b8bef-5cf0-4ce1-a227-e19e40c2a073",
            "ffa6c115-1fc4-460c-b72a-c9615c3d99c1",
            "4989d111-d476-490e-b5a0-eec4394f3956",
            "3275284c-ad7c-423f-9198-9367b23a9b0d",
            "31b09420-9ca3-44c8-802d-96a5e826bd55",
            "ea164eb1-44dd-4480-90b2-1ca031020b6c",
            "96fff848-843a-42af-97d2-94117d3fa842",
            "52002880-5fff-4ba2-b617-c171025841f9",
            "16a0a2a7-a3bc-45fb-88a5-949c9b965022",
            "9356067c-79a1-48c9-a07f-af7e700575a2",
            "c65b03f9-197d-4a16-96db-d685f984c8f8",
            "14c30b50-bc81-4c92-842a-c564a41afa12",
            "24e0dfee-250d-433d-afb7-f768a3b50a14",
            "655b17da-fa7e-4edc-9131-d5338c6695aa",
            "ecfccf9d-e259-4ac4-afd3-fc3e86aff8a5",
            "7d82dd44-b3cb-489c-98ac-474c6fb43d14",
            "c62a1de0-742c-4269-aa4a-7bba717dbccb",
            "7627d7ca-0124-4bdb-8fcb-4fa8c1376118",
            "eae9e9a6-383d-4a52-8c6a-56872c290b9f",
            "d9fd69cf-b6e3-4f54-900d-b090d422446f",
            "265a0cef-52b6-4fc2-b3c4-40aeecd57d8e",
            "6e420c7c-0e37-45e6-8932-2b7a5704b1cb",
            "165b2166-ac2c-4a06-9ac7-7a50da5147da"
          ]
        }
      ],
      "Page": 1
    },
    {
      "BlockType": "LINE",
      "Confidence": 95.29097747802734,
      "Text": "Cloud",
      "Geometry": {
        "BoundingBox": {
          "Width": 0.0249507836997509,
          "Height": 0.007170494180172682,
          "Left": 0.7101550698280334,
          "Top": 0.14394919574260712
        },
        "Polygon": [
          {
            "X": 0.7101550698280334,
            "Y": 0.14464499056339264
          },
          {
            "X": 0.7350878715515137,
            "Y": 0.14394919574260712
          },
          {
            "X": 0.7351058721542358,
            "Y": 0.15042714774608612
          },
          {
            "X": 0.7101732492446899,
            "Y": 0.1511196792125702
          }
        ]
      },
      "Id": "683b8bef-5cf0-4ce1-a227-e19e40c2a073",
      "Relationships": [
        {
          "Type": "CHILD",
          "Ids": [
            "c9698d3d-805b-4da7-b76e-cba6cd3f3e21"
          ]
        }
      ],
      "Page": 1
    },
    {
      "BlockType": "LINE",
      "Confidence": 98.16665649414062,
      "Text": "aws",
      "Geometry": {
        "BoundingBox": {
          "Width": 0.046301476657390594,
          "Height": 0.01494551356881857,
          "Left": 0.6368244886398315,
          "Top": 0.1487203985452652
        },
        "Polygon": [
          {
            "X": 0.6368244886398315,
            "Y": 0.15000833570957184
          },
          {
            "X": 0.683087170124054,
            "Y": 0.1487203985452652
          },
          {
            "X": 0.6831259727478027,
            "Y": 0.1623907834291458
          },
          {
            "X": 0.6368641257286072,
            "Y": 0.16366590559482574
          }
        ]
      },
      "Id": "ffa6c115-1fc4-460c-b72a-c9615c3d99c1",
      "Relationships": [
        {
          "Type": "CHILD",
          "Ids": [
            "d9939608-1b7e-4d4d-9647-1a829d966a2e"
          ]
        }
      ],
      "Page": 1
    },
    {
      "BlockType": "LINE",
      "Confidence": 99.59778594970703,
      "Text": "Experience",
      "Geometry": {
        "BoundingBox": {
          "Width": 0.04674982652068138,
          "Height": 0.008978072553873062,
          "Left": 0.7101320624351501,
          "Top": 0.15085960924625397
        },
        "Polygon": [
          {
            "X": 0.7101320624351501,
            "Y": 0.15215657651424408
          },
          {
            "X": 0.7568607926368713,
            "Y": 0.15085960924625397
          },
          {
            "X": 0.7568818926811218,
            "Y": 0.1585479974746704
          },
          {
            "X": 0.7101536393165588,
            "Y": 0.15983767807483673
          }
        ]
      },
      "Id": "4989d111-d476-490e-b5a0-eec4394f3956",
      "Relationships": [
        {
          "Type": "CHILD",
          "Ids": [
            "da27f212-dca5-4383-8376-778332d7b628"
          ]
        }
      ],
      "Page": 1
    },
    {
      "BlockType": "LINE",
      "Confidence": 99.53162384033203,
      "Text": "2025",
      "Geometry": {
        "BoundingBox": {
          "Width": 0.0210017878562212,
          "Height": 0.006691057700663805,
          "Left": 0.7103696465492249,
          "Top": 0.16049563884735107
        },
        "Polygon": [
          {
            "X": 0.7103696465492249,
            "Y": 0.16107428073883057
          },
          {
            "X": 0.7313544154167175,
            "Y": 0.16049563884735107
          },
          {
            "X": 0.7313714027404785,
            "Y": 0.16661064326763153
          },
          {
            "X": 0.7103867530822754,
            "Y": 0.1671866923570633
          }
        ]
      },
      "Id": "3275284c-ad7c-423f-9198-9367b23a9b0d",
      "Relationships": [
        {
          "Type": "CHILD",
          "Ids": [
            "41faaf5f-29e5-4e3d-b135-3ab38ab40d33"
          ]
        }
      ],
      "Page": 1
    },
    {
      "BlockType": "LINE",
      "Confidence": 92.6383285522461,
      "Text": "Acelere o desenvolvimento de aplicações de IA",
      "Geometry": {
        "BoundingBox": {
          "Width": 0.2250073105096817,
          "Height": 0.02244548685848713,
          "Left": 0.4619761109352112,
          "Top": 0.22342549264431
        },
        "Polygon": [
          {
            "X": 0.4619761109352112,
            "Y": 0.22934754192829132
          },
          {
            "X": 0.6869363188743591,
            "Y": 0.22342549264431
          },
          {
            "X": 0.6869834065437317,
            "Y": 0.24002467095851898
          },
          {
            "X": 0.46202781796455383,
            "Y": 0.24587097764015198
          }
        ]
      },
      "Id": "31b09420-9ca3-44c8-802d-96a5e826bd55",
      "Relationships": [
        {
          "Type": "CHILD",
          "Ids": [
            "6d1591cf-dadc-4d9c-8e01-d9ddb25da428",
            "6890451b-46ee-4e23-a3cc-b50444620a53",
            "6498c81f-4cc5-418a-ba13-c9532c9deef5",
            "55132ed5-010a-406e-b3ca-9ff140cd354b",
            "9fabbf64-488a-47ee-93a3-ca23310bd2ee",
            "5355248b-7de7-414d-b772-bc847893a27e",
            "ebe20d8f-54d9-41a1-b9e6-912db72f5e9d"
          ]
        }
      ],
      "Page": 1
    },
    {
      "BlockType": "LINE",
      "Confidence": 98.51475524902344,
      "Text": "ud",
      "Geometry": {
        "BoundingBox": {
          "Width": 0.01805679313838482,
          "Height": 0.013576134108006954,
          "Left": 0.00007337009446928278,
          "Top": 0.25820791721343994
        },
        "Polygon": [
          {
            "X": 0.00007337009446928278,
            "Y": 0.25867563486099243
          },
          {
            "X": 0.018081527203321457,
            "Y": 0.25820791721343994
          },
          {
            "X": 0.018130162730813026,
            "Y": 0.27132120728492737
          },
          {
            "X": 0.00012229524145368487,
            "Y": 0.27178406715393066
          }
        ]
      },
      "Id": "ea164eb1-44dd-4480-90b2-1ca031020b6c",
      "Relationships": [
        {
          "Type": "CHILD",
          "Ids": [
            "c7296efd-9a56-49c1-8016-05d5ec8d83c3"
          ]
        }
      ],
      "Page": 1
    },
    {
      "BlockType": "LINE",
      "Confidence": 98.8296890258789,
      "Text": "generativa usando FMs por meio de uma API,",
      "Geometry": {
        "BoundingBox": {
          "Width": 0.21705777943134308,
          "Height": 0.02292349562048912,
          "Left": 0.46204257011413574,
          "Top": 0.23464444279670715
        },
        "Polygon": [
          {
            "X": 0.46204257011413574,
            "Y": 0.2403087615966797
          },
          {
            "X": 0.6790509819984436,
            "Y": 0.23464444279670715
          },
          {
            "X": 0.6791003346443176,
            "Y": 0.2519799470901489
          },
          {
            "X": 0.46209657192230225,
            "Y": 0.2575679421424866
          }
        ]
      },
      "Id": "96fff848-843a-42af-97d2-94117d3fa842",
      "Relationships": [
        {
          "Type": "CHILD",
          "Ids": [
            "cb8dcff1-4944-400d-b9d6-06f721d74d95",
            "eb27bf67-b469-4cea-8634-2f812f55f636",
            "88cc6202-662d-4753-904b-3fcfee1060ed",
            "e0a7c4aa-85ea-4b79-86c5-7854dce487ec",
            "86bec67d-5585-455f-b2cf-f48fee883fa7",
            "763c3c04-5b3e-4ce0-9ebc-f51e3fe01922",
            "591d242d-97cf-4efa-81d3-62d98778a8db",
            "c7219ffa-7ec9-4a5f-b1e0-1c683eb7900c"
          ]
        }
      ],
      "Page": 1
    },
    {
      "BlockType": "LINE",
      "Confidence": 98.82714080810547,
      "Text": "sem gerenciar infraestrutura",
      "Geometry": {
        "BoundingBox": {
          "Width": 0.1342829316854477,
          "Height": 0.01573437638580799,
          "Left": 0.46215033531188965,
          "Top": 0.2514266073703766
        },
        "Polygon": [
          {
            "X": 0.46215033531188965,
            "Y": 0.2548908591270447
          },
          {
            "X": 0.5963969230651855,
            "Y": 0.2514266073703766
          },
          {
            "X": 0.5964332818984985,
            "Y": 0.2637302875518799
          },
          {
            "X": 0.4621887505054474,
            "Y": 0.26716098189353943
          }
        ]
      },
      "Id": "52002880-5fff-4ba2-b617-c171025841f9",
      "Relationships": [
        {
          "Type": "CHILD",
          "Ids": [
            "d6e208fd-eb97-4b12-b17c-ed391b6ddb19",
            "2efbfb35-4af2-4e4d-a85b-94a2828646f7",
            "7239721c-218b-4dda-bb9e-735294e87db0"
          ]
        }
      ],
      "Page": 1
    },
    {
      "BlockType": "LINE",
      "Confidence": 98.36918640136719,
      "Text": "erience",
      "Geometry": {
        "BoundingBox": {
          "Width": 0.062160346657037735,
          "Height": 0.015984950587153435,
          "Left": 0.00019581591186579317,
          "Top": 0.2761252522468567
        },
        "Polygon": [
          {
            "X": 0.00019581591186579317,
            "Y": 0.2777140438556671
          },
          {
            "X": 0.06230353191494942,
            "Y": 0.2761252522468567
          },
          {
            "X": 0.06235616281628609,
            "Y": 0.29053980112075806
          },
          {
            "X": 0.0002495463704690337,
            "Y": 0.2921102046966553
          }
        ]
      },
      "Id": "16a0a2a7-a3bc-45fb-88a5-949c9b965022",
      "Relationships": [
        {
          "Type": "CHILD",
          "Ids": [
            "a40ee682-382e-4966-8ce9-879e6ab78693"
          ]
        }
      ],
      "Page": 1
    },
    {
      "BlockType": "LINE",
      "Confidence": 99.14342498779297,
      "Text": "5",
      "Geometry": {
        "BoundingBox": {
          "Width": 0.008862609975039959,
          "Height": 0.012071173638105392,
          "Left": 0.00036076316609978676,
          "Top": 0.2993757724761963
        },
        "Polygon": [
          {
            "X": 0.00036076316609978676,
            "Y": 0.2995973825454712
          },
          {
            "X": 0.009179276414215565,
            "Y": 0.2993757724761963
          },
          {
            "X": 0.009223372675478458,
            "Y": 0.3112274706363678
          },
          {
            "X": 0.0004049876588396728,
            "Y": 0.3114469349384308
          }
        ]
      },
      "Id": "9356067c-79a1-48c9-a07f-af7e700575a2",
      "Relationships": [
        {
          "Type": "CHILD",
          "Ids": [
            "47be515e-095f-46e6-83d5-09529ff593a8"
          ]
        }
      ],
      "Page": 1
    },
    {
      "BlockType": "LINE",
      "Confidence": 99.89434051513672,
      "Text": "Amazon",
      "Geometry": {
        "BoundingBox": {
          "Width": 0.10918457061052322,
          "Height": 0.021332189440727234,
          "Left": 0.17503133416175842,
          "Top": 0.29021507501602173
        },
        "Polygon": [
          {
            "X": 0.17503133416175842,
            "Y": 0.2929624915122986
          },
          {
            "X": 0.2841532826423645,
            "Y": 0.29021507501602173
          },
          {
            "X": 0.28421589732170105,
            "Y": 0.30884137749671936
          },
          {
            "X": 0.17509646713733673,
            "Y": 0.31154724955558777
          }
        ]
      },
      "Id": "c65b03f9-197d-4a16-96db-d685f984c8f8",
      "Relationships": [
        {
          "Type": "CHILD",
          "Ids": [
            "2fd9de04-1b83-458e-a6e6-6574a175a815"
          ]
        }
      ],
      "Page": 1
    },
    {
      "BlockType": "LINE",
      "Confidence": 96.40062713623047,
      "Text": "Escolha FMs da Amazon, A121 Labs,",
      "Geometry": {
        "BoundingBox": {
          "Width": 0.16589902341365814,
          "Height": 0.016421064734458923,
          "Left": 0.46254587173461914,
          "Top": 0.28259599208831787
        },
        "Polygon": [
          {
            "X": 0.46254587173461914,
            "Y": 0.28676852583885193
          },
          {
            "X": 0.6284090876579285,
            "Y": 0.28259599208831787
          },
          {
            "X": 0.6284449100494385,
            "Y": 0.29488593339920044
          },
          {
            "X": 0.4625841975212097,
            "Y": 0.299017071723938
          }
        ]
      },
      "Id": "14c30b50-bc81-4c92-842a-c564a41afa12",
      "Relationships": [
        {
          "Type": "CHILD",
          "Ids": [
            "8ecdd4d9-90ec-4ae0-b149-b1929315bb50",
            "7da30013-a038-4ee7-a475-d91987718440",
            "6b3325fe-3393-46ff-a63b-86a417753052",
            "1ef0e8f0-7c22-4924-8cc5-7b34f3244356",
            "5b229f41-ebc2-441d-ba46-73574f5b4434",
            "02d7bae9-5f7f-47ee-9411-165533a4b334"
          ]
        }
      ],
      "Page": 1
    },
    {
      "BlockType": "LINE",
      "Confidence": 82.95401000976562,
      "Text": "Anthropic, Cohere, Meta, Mistral Al e",
      "Geometry": {
        "BoundingBox": {
          "Width": 0.17669062316417694,
          "Height": 0.017278490588068962,
          "Left": 0.46173056960105896,
          "Top": 0.2929801046848297
        },
        "Polygon": [
          {
            "X": 0.46173056960105896,
            "Y": 0.29738596081733704
          },
          {
            "X": 0.6383837461471558,
            "Y": 0.2929801046848297
          },
          {
            "X": 0.6384211778640747,
            "Y": 0.305899053812027
          },
          {
            "X": 0.4617708623409271,
            "Y": 0.31025856733322144
          }
        ]
      },
      "Id": "24e0dfee-250d-433d-afb7-f768a3b50a14",
      "Relationships": [
        {
          "Type": "CHILD",
          "Ids": [
            "2f0bb536-7f05-4da2-9f82-bb17cdf84d32",
            "c7a62302-48d9-4d33-98f9-c990cdfb8034",
            "b132dc7a-2dcc-4e59-b54c-6d12c8a15d50",
            "11c3e51e-cc34-4541-95a4-60d4bce3ea2a",
            "696219be-fe08-43f9-ba24-3d2eec625707",
            "80b7b1a7-7e37-40f4-a5b5-4a6a012552a8"
          ]
        }
      ],
      "Page": 1
    },
    {
      "BlockType": "LINE",
      "Confidence": 97.50758361816406,
      "Text": "Bedrock",
      "Geometry": {
        "BoundingBox": {
          "Width": 0.12576645612716675,
          "Height": 0.026683639734983444,
          "Left": 0.1782410740852356,
          "Top": 0.3133212924003601
        },
        "Polygon": [
          {
            "X": 0.1782410740852356,
            "Y": 0.31642523407936096
          },
          {
            "X": 0.3039286434650421,
            "Y": 0.3133212924003601
          },
          {
            "X": 0.30400753021240234,
            "Y": 0.33696168661117554
          },
          {
            "X": 0.17832359671592712,
            "Y": 0.34000492095947266
          }
        ]
      },
      "Id": "655b17da-fa7e-4edc-9131-d5338c6695aa",
      "Relationships": [
        {
          "Type": "CHILD",
          "Ids": [
            "2b68710e-4b4c-4ce5-b2d6-e2b0f4de99be"
          ]
        }
      ],
      "Page": 1
    },
    {
      "BlockType": "LINE",
      "Confidence": 92.86466979980469,
      "Text": "Stability Al para encontrar O FM certo para",
      "Geometry": {
        "BoundingBox": {
          "Width": 0.20283037424087524,
          "Height": 0.01749487966299057,
          "Left": 0.4618220031261444,
          "Top": 0.3033660054206848
        },
        "Polygon": [
          {
            "X": 0.4618220031261444,
            "Y": 0.30837851762771606
          },
          {
            "X": 0.6646164655685425,
            "Y": 0.3033660054206848
          },
          {
            "X": 0.6646523475646973,
            "Y": 0.3158999979496002
          },
          {
            "X": 0.4618610739707947,
            "Y": 0.320860892534256
          }
        ]
      },
      "Id": "ecfccf9d-e259-4ac4-afd3-fc3e86aff8a5",
      "Relationships": [
        {
          "Type": "CHILD",
          "Ids": [
            "a793a771-6e06-4f26-872a-8ee073820389",
            "7aea0980-0082-488a-8aad-304bc13d1729",
            "ff5abcb3-a41f-42e9-b85d-c2a99f182890",
            "6fe0fc0e-7cfa-470d-9c8e-d8b2a408e728",
            "e2e10f53-407b-4d77-96a4-ef3ac32cc47d",
            "9959c81e-93b2-4fe1-9f9a-7ee6128471fa",
            "593b156e-a500-4e79-a30f-9d306a64d2e6",
            "ab8d1052-1d5f-401a-b4fb-3c69318864ec"
          ]
        }
      ],
      "Page": 1
    },
    {
      "BlockType": "LINE",
      "Confidence": 99.34635162353516,
      "Text": "seu caso de uso",
      "Geometry": {
        "BoundingBox": {
          "Width": 0.0722443088889122,
          "Height": 0.009717524982988834,
          "Left": 0.4617113769054413,
          "Top": 0.3207102119922638
        },
        "Polygon": [
          {
            "X": 0.4617113769054413,
            "Y": 0.32247456908226013
          },
          {
            "X": 0.5339314937591553,
            "Y": 0.3207102119922638
          },
          {
            "X": 0.5339556932449341,
            "Y": 0.3286750614643097
          },
          {
            "X": 0.4617362916469574,
            "Y": 0.33042773604393005
          }
        ]
      },
      "Id": "7d82dd44-b3cb-489c-98ac-474c6fb43d14",
      "Relationships": [
        {
          "Type": "CHILD",
          "Ids": [
            "93382c1a-6e8b-49e2-91a3-90e0b8f7bb0c",
            "63a1e4ca-4063-49dd-889a-c27d3e10eac9",
            "71d010d3-49c3-40a0-b203-3a1bc76db7fd",
            "e9f0583c-b0d6-4651-8747-77ad27d66667"
          ]
        }
      ],
      "Page": 1
    },
    {
      "BlockType": "LINE",
      "Confidence": 97.84658813476562,
      "Text": "A maneira mais fácil de criar e",
      "Geometry": {
        "BoundingBox": {
          "Width": 0.15394119918346405,
          "Height": 0.013840404339134693,
          "Left": 0.170109361410141,
          "Top": 0.35092779994010925
        },
        "Polygon": [
          {
            "X": 0.170109361410141,
            "Y": 0.35460901260375977
          },
          {
            "X": 0.32401683926582336,
            "Y": 0.35092779994010925
          },
          {
            "X": 0.32405057549476624,
            "Y": 0.36111900210380554
          },
          {
            "X": 0.17014503479003906,
            "Y": 0.36476820707321167
          }
        ]
      },
      "Id": "c62a1de0-742c-4269-aa4a-7bba717dbccb",
      "Relationships": [
        {
          "Type": "CHILD",
          "Ids": [
            "5d2ad91e-e7d5-4f47-837e-52f4a1e8f487",
            "f1f9fba3-e68d-4440-9145-64f31a58b64a",
            "6b1845a5-6320-401e-ad19-d3bc0c3afaa7",
            "be15a0fd-8898-4261-a5ac-7c054a6aa55d",
            "9c6c0a7b-659d-4803-80db-adaf9dd93bf2",
            "5e3c1b85-d1bc-48d3-91f2-89d74037c96e",
            "461b558c-62f4-433a-9197-c213bd3a3897"
          ]
        }
      ],
      "Page": 1
    },
    {
      "BlockType": "LINE",
      "Confidence": 96.3673324584961,
      "Text": "Construído com segurança de dados,",
      "Geometry": {
        "BoundingBox": {
          "Width": 0.17347848415374756,
          "Height": 0.014888941310346127,
          "Left": 0.4616077244281769,
          "Top": 0.3376924693584442
        },
        "Polygon": [
          {
            "X": 0.4616077244281769,
            "Y": 0.34186145663261414
          },
          {
            "X": 0.6350549459457397,
            "Y": 0.3376924693584442
          },
          {
            "X": 0.6350862383842468,
            "Y": 0.34845033288002014
          },
          {
            "X": 0.4616412818431854,
            "Y": 0.3525814116001129
          }
        ]
      },
      "Id": "7627d7ca-0124-4bdb-8fcb-4fa8c1376118",
      "Relationships": [
        {
          "Type": "CHILD",
          "Ids": [
            "a2366a17-9ee0-4db9-82fd-f1b37536b05f",
            "55769054-31c8-46d5-8cf6-35289d65fa44",
            "a9d8c1a1-8f23-4ed5-b798-ccb465d03a8f",
            "48dcbf63-ab79-4630-8cad-d290fbb36cc0",
            "5dffe88a-7066-4729-8cec-8a87cf8dbb60"
          ]
        }
      ],
      "Page": 1
    },
    {
      "BlockType": "LINE",
      "Confidence": 99.23049926757812,
      "Text": "privacidade e segurança em mente",
      "Geometry": {
        "BoundingBox": {
          "Width": 0.16446997225284576,
          "Height": 0.014568468555808067,
          "Left": 0.4616076946258545,
          "Top": 0.34968987107276917
        },
        "Polygon": [
          {
            "X": 0.4616076946258545,
            "Y": 0.3536030352115631
          },
          {
            "X": 0.6260464787483215,
            "Y": 0.34968987107276917
          },
          {
            "X": 0.6260776519775391,
            "Y": 0.3603808581829071
          },
          {
            "X": 0.4616410434246063,
            "Y": 0.364258348941803
          }
        ]
      },
      "Id": "eae9e9a6-383d-4a52-8c6a-56872c290b9f",
      "Relationships": [
        {
          "Type": "CHILD",
          "Ids": [
            "75aa85d6-333c-482e-ac30-004a3121c247",
            "5e219285-fdcc-45b2-8d6b-f491e4147be2",
            "27b38ee9-78e2-43a1-890d-df97c17b528c",
            "021206d1-4d07-4afc-bc31-8b295d191d1e",
            "76f9da7e-a2fa-49f7-af64-7e771081cba5"
          ]
        }
      ],
      "Page": 1
    },
    {
      "BlockType": "LINE",
      "Confidence": 99.2630386352539,
      "Text": "dimensionar aplicativos de IA",
      "Geometry": {
        "BoundingBox": {
          "Width": 0.15006043016910553,
          "Height": 0.013783371075987816,
          "Left": 0.17038720846176147,
          "Top": 0.36473730206489563
        },
        "Polygon": [
          {
            "X": 0.17038720846176147,
            "Y": 0.3682836890220642
          },
          {
            "X": 0.32041358947753906,
            "Y": 0.36473730206489563
          },
          {
            "X": 0.3204476535320282,
            "Y": 0.3750057518482208
          },
          {
            "X": 0.17042315006256104,
            "Y": 0.378520667552948
          }
        ]
      },
      "Id": "d9fd69cf-b6e3-4f54-900d-b090d422446f",
      "Relationships": [
        {
          "Type": "CHILD",
          "Ids": [
            "078d14d2-8a4d-4bb7-b95b-d6d89bc440aa",
            "4bf6ac9e-110a-44a0-b087-2d107fa31e83",
            "b896d470-a59a-4d80-ad1d-5031fd1096b2",
            "afb2c340-009c-4be2-ab5f-48a1ec44885d"
          ]
        }
      ],
      "Page": 1
    },
    {
      "BlockType": "LINE",
      "Confidence": 99.511474609375,
      "Text": "generativa com modelos",
      "Geometry": {
        "BoundingBox": {
          "Width": 0.1253555566072464,
          "Height": 0.013523650355637074,
          "Left": 0.16968059539794922,
          "Top": 0.37938258051872253
        },
        "Polygon": [
          {
            "X": 0.16968059539794922,
            "Y": 0.3823090195655823
          },
          {
            "X": 0.2950005829334259,
            "Y": 0.37938258051872253
          },
          {
            "X": 0.2950361669063568,
            "Y": 0.39000698924064636
          },
          {
            "X": 0.16971781849861145,
            "Y": 0.39290621876716614
          }
        ]
      },
      "Id": "265a0cef-52b6-4fc2-b3c4-40aeecd57d8e",
      "Relationships": [
        {
          "Type": "CHILD",
          "Ids": [
            "0874d09f-daba-43bf-b650-a66313afa3d1",
            "b2ee591c-bdbf-48a1-85d6-9f57e96be39e",
            "1fbd2fd6-e02b-4808-8cc4-1bc31d48f504"
          ]
        }
      ],
      "Page": 1
    },
    {
      "BlockType": "LINE",
      "Confidence": 99.12723541259766,
      "Text": "fundacionais (FMs)",
      "Geometry": {
        "BoundingBox": {
          "Width": 0.09637787193059921,
          "Height": 0.013724452815949917,
          "Left": 0.1692168414592743,
          "Top": 0.3920736312866211
        },
        "Polygon": [
          {
            "X": 0.1692168414592743,
            "Y": 0.3942996859550476
          },
          {
            "X": 0.2655557096004486,
            "Y": 0.3920736312866211
          },
          {
            "X": 0.2655947208404541,
            "Y": 0.4035947024822235
          },
          {
            "X": 0.1692572385072708,
            "Y": 0.405798077583313
          }
        ]
      },
      "Id": "6e420c7c-0e37-45e6-8932-2b7a5704b1cb",
      "Relationships": [
        {
          "Type": "CHILD",
          "Ids": [
            "17295ea3-f1f8-4bcf-91a6-3752b53f4219",
            "380574cf-8037-4805-a5d7-ff4182677d3c"
          ]
        }
      ],
      "Page": 1
    },
    {
      "BlockType": "LINE",
      "Confidence": 91.48065948486328,
      "Text": "15",
      "Geometry": {
        "BoundingBox": {
          "Width": 0.007244566921144724,
          "Height": 0.004971902351826429,
          "Left": 0.7534802556037903,
          "Top": 0.41098442673683167
        },
        "Polygon": [
          {
            "X": 0.7534802556037903,
            "Y": 0.4111470878124237
          },
          {
            "X": 0.7607116103172302,
            "Y": 0.41098442673683167
          },
          {
            "X": 0.7607247829437256,
            "Y": 0.41579440236091614
          },
          {
            "X": 0.7534934878349304,
            "Y": 0.4159563481807709
          }
        ]
      },
      "Id": "165b2166-ac2c-4a06-9ac7-7a50da5147da",
      "Relationships": [
        {
          "Type": "CHILD",
          "Ids": [
            "a14990c0-0a1c-4508-b920-5018c0346cfd"
          ]
        }
      ],
      "Page": 1
    },
    {
      "BlockType": "WORD",
      "Confidence": 95.29097747802734,
      "Text": "Cloud",
      "TextType": "PRINTED",
      "Geometry": {
        "BoundingBox": {
          "Width": 0.0249507836997509,
          "Height": 0.007170494180172682,
          "Left": 0.7101550698280334,
          "Top": 0.14394919574260712
        },
        "Polygon": [
          {
            "X": 0.7101550698280334,
            "Y": 0.14464499056339264
          },
          {
            "X": 0.7350878715515137,
            "Y": 0.14394919574260712
          },
          {
            "X": 0.7351058721542358,
            "Y": 0.15042714774608612
          },
          {
            "X": 0.7101732492446899,
            "Y": 0.1511196792125702
          }
        ]
      },
      "Id": "c9698d3d-805b-4da7-b76e-cba6cd3f3e21",
      "Page": 1
    },
    {
      "BlockType": "WORD",
      "Confidence": 98.16665649414062,
      "Text": "aws",
      "TextType": "PRINTED",
      "Geometry": {
        "BoundingBox": {
          "Width": 0.046301476657390594,
          "Height": 0.01494551356881857,
          "Left": 0.6368244886398315,
          "Top": 0.1487203985452652
        },
        "Polygon": [
          {
            "X": 0.6368244886398315,
            "Y": 0.15000833570957184
          },
          {
            "X": 0.683087170124054,
            "Y": 0.1487203985452652
          },
          {
            "X": 0.6831259727478027,
            "Y": 0.1623907834291458
          },
          {
            "X": 0.6368641257286072,
            "Y": 0.16366590559482574
          }
        ]
      },
      "Id": "d9939608-1b7e-4d4d-9647-1a829d966a2e",
      "Page": 1
    },
    {
      "BlockType": "WORD",
      "Confidence": 99.59778594970703,
      "Text": "Experience",
      "TextType": "PRINTED",
      "Geometry": {
        "BoundingBox": {
          "Width": 0.04674982652068138,
          "Height": 0.008978072553873062,
          "Left": 0.7101320624351501,
          "Top": 0.15085960924625397
        },
        "Polygon": [
          {
            "X": 0.7101320624351501,
            "Y": 0.15215657651424408
          },
          {
            "X": 0.7568607926368713,
            "Y": 0.15085960924625397
          },
          {
            "X": 0.7568818926811218,
            "Y": 0.1585479974746704
          },
          {
            "X": 0.7101536393165588,
            "Y": 0.15983767807483673
          }
        ]
      },
      "Id": "da27f212-dca5-4383-8376-778332d7b628",
      "Page": 1
    },
    {
      "BlockType": "WORD",
      "Confidence": 99.53162384033203,
      "Text": "2025",
      "TextType": "PRINTED",
      "Geometry": {
        "BoundingBox": {
          "Width": 0.0210017878562212,
          "Height": 0.006691057700663805,
          "Left": 0.7103696465492249,
          "Top": 0.16049563884735107
        },
        "Polygon": [
          {
            "X": 0.7103696465492249,
            "Y": 0.16107428073883057
          },
          {
            "X": 0.7313544154167175,
            "Y": 0.16049563884735107
          },
          {
            "X": 0.7313714027404785,
            "Y": 0.16661064326763153
          },
          {
            "X": 0.7103867530822754,
            "Y": 0.1671866923570633
          }
        ]
      },
      "Id": "41faaf5f-29e5-4e3d-b135-3ab38ab40d33",
      "Page": 1
    },
    {
      "BlockType": "WORD",
      "Confidence": 99.67356872558594,
      "Text": "Acelere",
      "TextType": "PRINTED",
      "Geometry": {
        "BoundingBox": {
          "Width": 0.0348624624311924,
          "Height": 0.008876786567270756,
          "Left": 0.4620029032230377,
          "Top": 0.2369941920042038
        },
        "Polygon": [
          {
            "X": 0.4620029032230377,
            "Y": 0.23790523409843445
          },
          {
            "X": 0.49684077501296997,
            "Y": 0.2369941920042038
          },
          {
            "X": 0.4968653619289398,
            "Y": 0.244965597987175
          },
          {
            "X": 0.46202781796455383,
            "Y": 0.24587097764015198
          }
        ]
      },
      "Id": "6d1591cf-dadc-4d9c-8e01-d9ddb25da428",
      "Page": 1
    },
    {
      "BlockType": "WORD",
      "Confidence": 57.70661926269531,
      "Text": "o",
      "TextType": "PRINTED",
      "Geometry": {
        "BoundingBox": {
          "Width": 0.006380429957062006,
          "Height": 0.005834001582115889,
          "Left": 0.4991655945777893,
          "Top": 0.2373906821012497
        },
        "Polygon": [
          {
            "X": 0.4991655945777893,
            "Y": 0.23755700886249542
          },
          {
            "X": 0.5055285692214966,
            "Y": 0.2373906821012497
          },
          {
            "X": 0.5055460333824158,
            "Y": 0.24305909872055054
          },
          {
            "X": 0.4991830587387085,
            "Y": 0.24322468042373657
          }
        ]
      },
      "Id": "6890451b-46ee-4e23-a3cc-b50444620a53",
      "Page": 1
    },
    {
      "BlockType": "WORD",
      "Confidence": 97.72716522216797,
      "Text": "desenvolvimento",
      "TextType": "PRINTED",
      "Geometry": {
        "BoundingBox": {
          "Width": 0.08213171362876892,
          "Height": 0.011846872977912426,
          "Left": 0.5077396631240845,
          "Top": 0.23060111701488495
        },
        "Polygon": [
          {
            "X": 0.5077396631240845,
            "Y": 0.23275478184223175
          },
          {
            "X": 0.5898426175117493,
            "Y": 0.23060111701488495
          },
          {
            "X": 0.5898714065551758,
            "Y": 0.24031054973602295
          },
          {
            "X": 0.5077694058418274,
            "Y": 0.24244798719882965
          }
        ]
      },
      "Id": "6498c81f-4cc5-418a-ba13-c9532c9deef5",
      "Page": 1
    },
    {
      "BlockType": "WORD",
      "Confidence": 99.76634979248047,
      "Text": "de",
      "TextType": "PRINTED",
      "Geometry": {
        "BoundingBox": {
          "Width": 0.012341832742094994,
          "Height": 0.007737269159406424,
          "Left": 0.5923333168029785,
          "Top": 0.22869645059108734
        },
        "Polygon": [
          {
            "X": 0.5923333168029785,
            "Y": 0.22901999950408936
          },
          {
            "X": 0.6046532988548279,
            "Y": 0.22869645059108734
          },
          {
            "X": 0.6046751737594604,
            "Y": 0.23611204326152802
          },
          {
            "X": 0.5923552513122559,
            "Y": 0.2364337295293808
          }
        ]
      },
      "Id": "55132ed5-010a-406e-b3ca-9ff140cd354b",
      "Page": 1
    },
    {
      "BlockType": "WORD",
      "Confidence": 94.60929870605469,
      "Text": "aplicações",
      "TextType": "PRINTED",
      "Geometry": {
        "BoundingBox": {
          "Width": 0.050781264901161194,
          "Height": 0.010793101042509079,
          "Left": 0.6072839498519897,
          "Top": 0.2257450670003891
        },
        "Polygon": [
          {
            "X": 0.6072839498519897,
            "Y": 0.22707955539226532
          },
          {
            "X": 0.6580379605293274,
            "Y": 0.2257450670003891
          },
          {
            "X": 0.6580651998519897,
            "Y": 0.23521342873573303
          },
          {
            "X": 0.6073117256164551,
            "Y": 0.23653815686702728
          }
        ]
      },
      "Id": "9fabbf64-488a-47ee-93a3-ca23310bd2ee",
      "Page": 1
    },
    {
      "BlockType": "WORD",
      "Confidence": 99.79590606689453,
      "Text": "de",
      "TextType": "PRINTED",
      "Geometry": {
        "BoundingBox": {
          "Width": 0.01245899684727192,
          "Height": 0.007357941009104252,
          "Left": 0.6611904501914978,
          "Top": 0.22417308390140533
        },
        "Polygon": [
          {
            "X": 0.6611904501914978,
            "Y": 0.22450044751167297
          },
          {
            "X": 0.6736293435096741,
            "Y": 0.22417308390140533
          },
          {
            "X": 0.6736494302749634,
            "Y": 0.23120544850826263
          },
          {
            "X": 0.6612105965614319,
            "Y": 0.231531023979187
          }
        ]
      },
      "Id": "5355248b-7de7-414d-b772-bc847893a27e",
      "Page": 1
    },
    {
      "BlockType": "WORD",
      "Confidence": 99.18943786621094,
      "Text": "IA",
      "TextType": "PRINTED",
      "Geometry": {
        "BoundingBox": {
          "Width": 0.010016778483986855,
          "Height": 0.006870658602565527,
          "Left": 0.6769382953643799,
          "Top": 0.22342549264431
        },
        "Polygon": [
          {
            "X": 0.6769382953643799,
            "Y": 0.22368869185447693
          },
          {
            "X": 0.6869363188743591,
            "Y": 0.22342549264431
          },
          {
            "X": 0.6869550943374634,
            "Y": 0.23003429174423218
          },
          {
            "X": 0.6769571304321289,
            "Y": 0.23029614984989166
          }
        ]
      },
      "Id": "ebe20d8f-54d9-41a1-b9e6-912db72f5e9d",
      "Page": 1
    },
    {
      "BlockType": "WORD",
      "Confidence": 98.51475524902344,
      "Text": "ud",
      "TextType": "PRINTED",
      "Geometry": {
        "BoundingBox": {
          "Width": 0.01805679313838482,
          "Height": 0.013576134108006954,
          "Left": 0.00007337009446928278,
          "Top": 0.25820791721343994
        },
        "Polygon": [
          {
            "X": 0.00007337009446928278,
            "Y": 0.25867563486099243
          },
          {
            "X": 0.018081527203321457,
            "Y": 0.25820791721343994
          },
          {
            "X": 0.018130162730813026,
            "Y": 0.27132120728492737
          },
          {
            "X": 0.00012229524145368487,
            "Y": 0.27178406715393066
          }
        ]
      },
      "Id": "c7296efd-9a56-49c1-8016-05d5ec8d83c3",
      "Page": 1
    },
    {
      "BlockType": "WORD",
      "Confidence": 99.1270523071289,
      "Text": "generativa",
      "TextType": "PRINTED",
      "Geometry": {
        "BoundingBox": {
          "Width": 0.048571616411209106,
          "Height": 0.011145935393869877,
          "Left": 0.4620656371116638,
          "Top": 0.24642200767993927
        },
        "Polygon": [
          {
            "X": 0.4620656371116638,
            "Y": 0.24768173694610596
          },
          {
            "X": 0.5106068849563599,
            "Y": 0.24642200767993927
          },
          {
            "X": 0.5106372237205505,
            "Y": 0.25631797313690186
          },
          {
            "X": 0.46209657192230225,
            "Y": 0.2575679421424866
          }
        ]
      },
      "Id": "cb8dcff1-4944-400d-b9d6-06f721d74d95",
      "Page": 1
    },
    {
      "BlockType": "WORD",
      "Confidence": 99.1409683227539,
      "Text": "usando",
      "TextType": "PRINTED",
      "Geometry": {
        "BoundingBox": {
          "Width": 0.03443579748272896,
          "Height": 0.009462960995733738,
          "Left": 0.5128146409988403,
          "Top": 0.2437366247177124
        },
        "Polygon": [
          {
            "X": 0.5128146409988403,
            "Y": 0.2446308434009552
          },
          {
            "X": 0.5472245216369629,
            "Y": 0.2437366247177124
          },
          {
            "X": 0.5472504496574402,
            "Y": 0.2523113787174225
          },
          {
            "X": 0.5128408670425415,
            "Y": 0.25319957733154297
          }
        ]
      },
      "Id": "eb27bf67-b469-4cea-8634-2f812f55f636",
      "Page": 1
    },
    {
      "BlockType": "WORD",
      "Confidence": 99.53813171386719,
      "Text": "FMs",
      "TextType": "PRINTED",
      "Geometry": {
        "BoundingBox": {
          "Width": 0.02000747062265873,
          "Height": 0.00819220021367073,
          "Left": 0.5501688718795776,
          "Top": 0.24211737513542175
        },
        "Polygon": [
          {
            "X": 0.5501688718795776,
            "Y": 0.24263712763786316
          },
          {
            "X": 0.5701534152030945,
            "Y": 0.24211737513542175
          },
          {
            "X": 0.570176362991333,
            "Y": 0.2497929334640503
          },
          {
            "X": 0.5501919984817505,
            "Y": 0.250309556722641
          }
        ]
      },
      "Id": "88cc6202-662d-4753-904b-3fcfee1060ed",
      "Page": 1
    },
    {
      "BlockType": "WORD",
      "Confidence": 99.08097076416016,
      "Text": "por",
      "TextType": "PRINTED",
      "Geometry": {
        "BoundingBox": {
          "Width": 0.01699693314731121,
          "Height": 0.008161302655935287,
          "Left": 0.5727185606956482,
          "Top": 0.24178670346736908
        },
        "Polygon": [
          {
            "X": 0.5727185606956482,
            "Y": 0.24222810566425323
          },
          {
            "X": 0.5896925926208496,
            "Y": 0.24178670346736908
          },
          {
            "X": 0.5897154808044434,
            "Y": 0.2495092749595642
          },
          {
            "X": 0.5727416276931763,
            "Y": 0.24994800984859467
          }
        ]
      },
      "Id": "e0a7c4aa-85ea-4b79-86c5-7854dce487ec",
      "Page": 1
    },
    {
      "BlockType": "WORD",
      "Confidence": 99.56285095214844,
      "Text": "meio",
      "TextType": "PRINTED",
      "Geometry": {
        "BoundingBox": {
          "Width": 0.024377601221203804,
          "Height": 0.008281510323286057,
          "Left": 0.5924733877182007,
          "Top": 0.23871567845344543
        },
        "Polygon": [
          {
            "X": 0.5924733877182007,
            "Y": 0.23935018479824066
          },
          {
            "X": 0.6168286204338074,
            "Y": 0.23871567845344543
          },
          {
            "X": 0.6168510317802429,
            "Y": 0.2463664710521698
          },
          {
            "X": 0.5924960374832153,
            "Y": 0.2469971925020218
          }
        ]
      },
      "Id": "86bec67d-5585-455f-b2cf-f48fee883fa7",
      "Page": 1
    },
    {
      "BlockType": "WORD",
      "Confidence": 99.79732513427734,
      "Text": "de",
      "TextType": "PRINTED",
      "Geometry": {
        "BoundingBox": {
          "Width": 0.012270168401300907,
          "Height": 0.007686187047511339,
          "Left": 0.6197022795677185,
          "Top": 0.23750902712345123
        },
        "Polygon": [
          {
            "X": 0.6197022795677185,
            "Y": 0.2378283441066742
          },
          {
            "X": 0.6319510340690613,
            "Y": 0.23750902712345123
          },
          {
            "X": 0.6319724321365356,
            "Y": 0.24487774074077606
          },
          {
            "X": 0.6197237968444824,
            "Y": 0.24519522488117218
          }
        ]
      },
      "Id": "763c3c04-5b3e-4ce0-9ebc-f51e3fe01922",
      "Page": 1
    },
    {
      "BlockType": "WORD",
      "Confidence": 99.5883560180664,
      "Text": "uma",
      "TextType": "PRINTED",
      "Geometry": {
        "BoundingBox": {
          "Width": 0.022028956562280655,
          "Height": 0.006515308748930693,
          "Left": 0.634926438331604,
          "Top": 0.23727823793888092
        },
        "Polygon": [
          {
            "X": 0.634926438331604,
            "Y": 0.23785187304019928
          },
          {
            "X": 0.6569383144378662,
            "Y": 0.23727823793888092
          },
          {
            "X": 0.6569554209709167,
            "Y": 0.24322257936000824
          },
          {
            "X": 0.6349437236785889,
            "Y": 0.2437935471534729
          }
        ]
      },
      "Id": "591d242d-97cf-4efa-81d3-62d98778a8db",
      "Page": 1
    },
    {
      "BlockType": "WORD",
      "Confidence": 94.8019027709961,
      "Text": "API,",
      "TextType": "PRINTED",
      "Geometry": {
        "BoundingBox": {
          "Width": 0.019177600741386414,
          "Height": 0.008071736432611942,
          "Left": 0.6598949432373047,
          "Top": 0.23464444279670715
        },
        "Polygon": [
          {
            "X": 0.6598949432373047,
            "Y": 0.2351444512605667
          },
          {
            "X": 0.6790509819984436,
            "Y": 0.23464444279670715
          },
          {
            "X": 0.6790725588798523,
            "Y": 0.24221912026405334
          },
          {
            "X": 0.6599166989326477,
            "Y": 0.24271617829799652
          }
        ]
      },
      "Id": "c7219ffa-7ec9-4a5f-b1e0-1c683eb7900c",
      "Page": 1
    },
    {
      "BlockType": "WORD",
      "Confidence": 99.68260192871094,
      "Text": "sem",
      "TextType": "PRINTED",
      "Geometry": {
        "BoundingBox": {
          "Width": 0.018709244206547737,
          "Height": 0.006273183971643448,
          "Left": 0.46216878294944763,
          "Top": 0.26030293107032776
        },
        "Polygon": [
          {
            "X": 0.46216878294944763,
            "Y": 0.26078304648399353
          },
          {
            "X": 0.48086002469062805,
            "Y": 0.26030293107032776
          },
          {
            "X": 0.4808780252933502,
            "Y": 0.2660982310771942
          },
          {
            "X": 0.46218690276145935,
            "Y": 0.2665761411190033
          }
        ]
      },
      "Id": "d6e208fd-eb97-4b12-b17c-ed391b6ddb19",
      "Page": 1
    },
    {
      "BlockType": "WORD",
      "Confidence": 97.88787078857422,
      "Text": "gerenciar",
      "TextType": "PRINTED",
      "Geometry": {
        "BoundingBox": {
          "Width": 0.04399478808045387,
          "Height": 0.010860648937523365,
          "Left": 0.48370930552482605,
          "Top": 0.25574958324432373
        },
        "Polygon": [
          {
            "X": 0.48370930552482605,
            "Y": 0.25688183307647705
          },
          {
            "X": 0.5276744961738586,
            "Y": 0.25574958324432373
          },
          {
            "X": 0.527704119682312,
            "Y": 0.2654866874217987
          },
          {
            "X": 0.4837394952774048,
            "Y": 0.2666102349758148
          }
        ]
      },
      "Id": "2efbfb35-4af2-4e4d-a85b-94a2828646f7",
      "Page": 1
    },
    {
      "BlockType": "WORD",
      "Confidence": 98.91094970703125,
      "Text": "infraestrutura",
      "TextType": "PRINTED",
      "Geometry": {
        "BoundingBox": {
          "Width": 0.06689805537462234,
          "Height": 0.011739359237253666,
          "Left": 0.5295284986495972,
          "Top": 0.2514266073703766
        },
        "Polygon": [
          {
            "X": 0.5295284986495972,
            "Y": 0.25315216183662415
          },
          {
            "X": 0.5963969230651855,
            "Y": 0.2514266073703766
          },
          {
            "X": 0.5964265465736389,
            "Y": 0.2614540457725525
          },
          {
            "X": 0.5295589566230774,
            "Y": 0.2631659507751465
          }
        ]
      },
      "Id": "7239721c-218b-4dda-bb9e-735294e87db0",
      "Page": 1
    },
    {
      "BlockType": "WORD",
      "Confidence": 98.36918640136719,
      "Text": "erience",
      "TextType": "PRINTED",
      "Geometry": {
        "BoundingBox": {
          "Width": 0.062160346657037735,
          "Height": 0.015984950587153435,
          "Left": 0.00019581591186579317,
          "Top": 0.2761252522468567
        },
        "Polygon": [
          {
            "X": 0.00019581591186579317,
            "Y": 0.2777140438556671
          },
          {
            "X": 0.06230353191494942,
            "Y": 0.2761252522468567
          },
          {
            "X": 0.06235616281628609,
            "Y": 0.29053980112075806
          },
          {
            "X": 0.0002495463704690337,
            "Y": 0.2921102046966553
          }
        ]
      },
      "Id": "a40ee682-382e-4966-8ce9-879e6ab78693",
      "Page": 1
    },
    {
      "BlockType": "WORD",
      "Confidence": 99.14342498779297,
      "Text": "5",
      "TextType": "PRINTED",
      "Geometry": {
        "BoundingBox": {
          "Width": 0.008862609975039959,
          "Height": 0.012071173638105392,
          "Left": 0.00036076316609978676,
          "Top": 0.2993757724761963
        },
        "Polygon": [
          {
            "X": 0.00036076316609978676,
            "Y": 0.2995973825454712
          },
          {
            "X": 0.009179276414215565,
            "Y": 0.2993757724761963
          },
          {
            "X": 0.009223372675478458,
            "Y": 0.3112274706363678
          },
          {
            "X": 0.0004049876588396728,
            "Y": 0.3114469349384308
          }
        ]
      },
      "Id": "47be515e-095f-46e6-83d5-09529ff593a8",
      "Page": 1
    },
    {
      "BlockType": "WORD",
      "Confidence": 99.89434051513672,
      "Text": "Amazon",
      "TextType": "PRINTED",
      "Geometry": {
        "BoundingBox": {
          "Width": 0.10918457061052322,
          "Height": 0.021332189440727234,
          "Left": 0.17503133416175842,
          "Top": 0.29021507501602173
        },
        "Polygon": [
          {
            "X": 0.17503133416175842,
            "Y": 0.2929624915122986
          },
          {
            "X": 0.2841532826423645,
            "Y": 0.29021507501602173
          },
          {
            "X": 0.28421589732170105,
            "Y": 0.30884137749671936
          },
          {
            "X": 0.17509646713733673,
            "Y": 0.31154724955558777
          }
        ]
      },
      "Id": "2fd9de04-1b83-458e-a6e6-6574a175a815",
      "Page": 1
    },
    {
      "BlockType": "WORD",
      "Confidence": 99.82379913330078,
      "Text": "Escolha",
      "TextType": "PRINTED",
      "Geometry": {
        "BoundingBox": {
          "Width": 0.03369560092687607,
          "Height": 0.008525699377059937,
          "Left": 0.46256014704704285,
          "Top": 0.29049137234687805
        },
        "Polygon": [
          {
            "X": 0.46256014704704285,
            "Y": 0.2913353145122528
          },
          {
            "X": 0.4962320327758789,
            "Y": 0.29049137234687805
          },
          {
            "X": 0.4962557554244995,
            "Y": 0.29817840456962585
          },
          {
            "X": 0.4625841975212097,
            "Y": 0.299017071723938
          }
        ]
      },
      "Id": "8ecdd4d9-90ec-4ae0-b149-b1929315bb50",
      "Page": 1
    },
    {
      "BlockType": "WORD",
      "Confidence": 99.73942565917969,
      "Text": "FMs",
      "TextType": "PRINTED",
      "Geometry": {
        "BoundingBox": {
          "Width": 0.019018976017832756,
          "Height": 0.0076685333624482155,
          "Left": 0.4992762506008148,
          "Top": 0.28932589292526245
        },
        "Polygon": [
          {
            "X": 0.4992762506008148,
            "Y": 0.2898022532463074
          },
          {
            "X": 0.5182732343673706,
            "Y": 0.28932589292526245
          },
          {
            "X": 0.5182952284812927,
            "Y": 0.296520859003067
          },
          {
            "X": 0.49929842352867126,
            "Y": 0.2969944179058075
          }
        ]
      },
      "Id": "7da30013-a038-4ee7-a475-d91987718440",
      "Page": 1
    },
    {
      "BlockType": "WORD",
      "Confidence": 99.7890853881836,
      "Text": "da",
      "TextType": "PRINTED",
      "Geometry": {
        "BoundingBox": {
          "Width": 0.01154255773872137,
          "Height": 0.007626330014318228,
          "Left": 0.5208950042724609,
          "Top": 0.2881263196468353
        },
        "Polygon": [
          {
            "X": 0.5208950042724609,
            "Y": 0.28841540217399597
          },
          {
            "X": 0.5324152708053589,
            "Y": 0.2881263196468353
          },
          {
            "X": 0.5324375629425049,
            "Y": 0.29546529054641724
          },
          {
            "X": 0.5209174156188965,
            "Y": 0.2957526445388794
          }
        ]
      },
      "Id": "6b3325fe-3393-46ff-a63b-86a417753052",
      "Page": 1
    },
    {
      "BlockType": "WORD",
      "Confidence": 97.84168243408203,
      "Text": "Amazon,",
      "TextType": "PRINTED",
      "Geometry": {
        "BoundingBox": {
          "Width": 0.04140375554561615,
          "Height": 0.008990858681499958,
          "Left": 0.5350265502929688,
          "Top": 0.2861970365047455
        },
        "Polygon": [
          {
            "X": 0.5350265502929688,
            "Y": 0.2872360646724701
          },
          {
            "X": 0.5764065384864807,
            "Y": 0.2861970365047455
          },
          {
            "X": 0.5764302611351013,
            "Y": 0.2941555380821228
          },
          {
            "X": 0.5350506901741028,
            "Y": 0.29518789052963257
          }
        ]
      },
      "Id": "1ef0e8f0-7c22-4924-8cc5-7b34f3244356",
      "Page": 1
    },
    {
      "BlockType": "WORD",
      "Confidence": 89.50916290283203,
      "Text": "A121",
      "TextType": "PRINTED",
      "Geometry": {
        "BoundingBox": {
          "Width": 0.021351957693696022,
          "Height": 0.00786469504237175,
          "Left": 0.5792701244354248,
          "Top": 0.2842886447906494
        },
        "Polygon": [
          {
            "X": 0.5792701244354248,
            "Y": 0.28482478857040405
          },
          {
            "X": 0.6006004214286804,
            "Y": 0.2842886447906494
          },
          {
            "X": 0.6006220579147339,
            "Y": 0.2916203439235687
          },
          {
            "X": 0.5792919397354126,
            "Y": 0.29215332865715027
          }
        ]
      },
      "Id": "5b229f41-ebc2-441d-ba46-73574f5b4434",
      "Page": 1
    },
    {
      "BlockType": "WORD",
      "Confidence": 91.70059204101562,
      "Text": "Labs,",
      "TextType": "PRINTED",
      "Geometry": {
        "BoundingBox": {
          "Width": 0.023803800344467163,
          "Height": 0.00781969167292118,
          "Left": 0.6046263575553894,
          "Top": 0.28259599208831787
        },
        "Polygon": [
          {
            "X": 0.6046263575553894,
            "Y": 0.28319430351257324
          },
          {
            "X": 0.6284090876579285,
            "Y": 0.28259599208831787
          },
          {
            "X": 0.6284301280975342,
            "Y": 0.2898208796977997
          },
          {
            "X": 0.6046475768089294,
            "Y": 0.2904157042503357
          }
        ]
      },
      "Id": "02d7bae9-5f7f-47ee-9411-165533a4b334",
      "Page": 1
    },
    {
      "BlockType": "WORD",
      "Confidence": 64.0511703491211,
      "Text": "Anthropic,",
      "TextType": "PRINTED",
      "Geometry": {
        "BoundingBox": {
          "Width": 0.0476645827293396,
          "Height": 0.009691108018159866,
          "Left": 0.4617442488670349,
          "Top": 0.30056747794151306
        },
        "Polygon": [
          {
            "X": 0.4617442488670349,
            "Y": 0.30175137519836426
          },
          {
            "X": 0.5093827247619629,
            "Y": 0.30056747794151306
          },
          {
            "X": 0.5094088315963745,
            "Y": 0.30908292531967163
          },
          {
            "X": 0.4617708623409271,
            "Y": 0.31025856733322144
          }
        ]
      },
      "Id": "2f0bb536-7f05-4da2-9f82-bb17cdf84d32",
      "Page": 1
    },
    {
      "BlockType": "WORD",
      "Confidence": 84.18431854248047,
      "Text": "Cohere,",
      "TextType": "PRINTED",
      "Geometry": {
        "BoundingBox": {
          "Width": 0.03607915714383125,
          "Height": 0.00878764409571886,
          "Left": 0.512574315071106,
          "Top": 0.2980475425720215
        },
        "Polygon": [
          {
            "X": 0.512574315071106,
            "Y": 0.29894471168518066
          },
          {
            "X": 0.548629641532898,
            "Y": 0.2980475425720215
          },
          {
            "X": 0.5486534833908081,
            "Y": 0.3059437870979309
          },
          {
            "X": 0.5125985145568848,
            "Y": 0.3068351745605469
          }
        ]
      },
      "Id": "c7a62302-48d9-4d33-98f9-c990cdfb8034",
      "Page": 1
    },
    {
      "BlockType": "WORD",
      "Confidence": 97.82503509521484,
      "Text": "Meta,",
      "TextType": "PRINTED",
      "Geometry": {
        "BoundingBox": {
          "Width": 0.027625231072306633,
          "Height": 0.008595996536314487,
          "Left": 0.5520516037940979,
          "Top": 0.29640430212020874
        },
        "Polygon": [
          {
            "X": 0.5520516037940979,
            "Y": 0.29709163308143616
          },
          {
            "X": 0.5796533226966858,
            "Y": 0.29640430212020874
          },
          {
            "X": 0.5796768665313721,
            "Y": 0.304317444562912
          },
          {
            "X": 0.5520754456520081,
            "Y": 0.30500030517578125
          }
        ]
      },
      "Id": "b132dc7a-2dcc-4e59-b54c-6d12c8a15d50",
      "Page": 1
    },
    {
      "BlockType": "WORD",
      "Confidence": 95.4750747680664,
      "Text": "Mistral",
      "TextType": "PRINTED",
      "Geometry": {
        "BoundingBox": {
          "Width": 0.033718451857566833,
          "Height": 0.008461834862828255,
          "Left": 0.5831312537193298,
          "Top": 0.29388171434402466
        },
        "Polygon": [
          {
            "X": 0.5831312537193298,
            "Y": 0.2947218716144562
          },
          {
            "X": 0.6168273687362671,
            "Y": 0.29388171434402466
          },
          {
            "X": 0.6168497204780579,
            "Y": 0.3015086054801941
          },
          {
            "X": 0.5831539034843445,
            "Y": 0.30234354734420776
          }
        ]
      },
      "Id": "11c3e51e-cc34-4541-95a4-60d4bce3ea2a",
      "Page": 1
    },
    {
      "BlockType": "WORD",
      "Confidence": 65.54182434082031,
      "Text": "Al",
      "TextType": "PRINTED",
      "Geometry": {
        "BoundingBox": {
          "Width": 0.011583077721297741,
          "Height": 0.006970791611820459,
          "Left": 0.6198010444641113,
          "Top": 0.29315516352653503
        },
        "Polygon": [
          {
            "X": 0.6198010444641113,
            "Y": 0.29344356060028076
          },
          {
            "X": 0.6313647031784058,
            "Y": 0.29315516352653503
          },
          {
            "X": 0.6313841342926025,
            "Y": 0.2998391091823578
          },
          {
            "X": 0.6198205947875977,
            "Y": 0.30012595653533936
          }
        ]
      },
      "Id": "696219be-fe08-43f9-ba24-3d2eec625707",
      "Page": 1
    },
    {
      "BlockType": "WORD",
      "Confidence": 90.64665985107422,
      "Text": "e",
      "TextType": "PRINTED",
      "Geometry": {
        "BoundingBox": {
          "Width": 0.005644338671118021,
          "Height": 0.005536739248782396,
          "Left": 0.6327576637268066,
          "Top": 0.29387831687927246
        },
        "Polygon": [
          {
            "X": 0.6327576637268066,
            "Y": 0.29401859641075134
          },
          {
            "X": 0.6383863091468811,
            "Y": 0.29387831687927246
          },
          {
            "X": 0.638401985168457,
            "Y": 0.29927539825439453
          },
          {
            "X": 0.6327733397483826,
            "Y": 0.29941505193710327
          }
        ]
      },
      "Id": "80b7b1a7-7e37-40f4-a5b5-4a6a012552a8",
      "Page": 1
    },
    {
      "BlockType": "WORD",
      "Confidence": 97.50758361816406,
      "Text": "Bedrock",
      "TextType": "PRINTED",
      "Geometry": {
        "BoundingBox": {
          "Width": 0.12576645612716675,
          "Height": 0.026683639734983444,
          "Left": 0.1782410740852356,
          "Top": 0.3133212924003601
        },
        "Polygon": [
          {
            "X": 0.1782410740852356,
            "Y": 0.31642523407936096
          },
          {
            "X": 0.3039286434650421,
            "Y": 0.3133212924003601
          },
          {
            "X": 0.30400753021240234,
            "Y": 0.33696168661117554
          },
          {
            "X": 0.17832359671592712,
            "Y": 0.34000492095947266
          }
        ]
      },
      "Id": "2b68710e-4b4c-4ce5-b2d6-e2b0f4de99be",
      "Page": 1
    },
    {
      "BlockType": "WORD",
      "Confidence": 99.47850036621094,
      "Text": "Stability",
      "TextType": "PRINTED",
      "Geometry": {
        "BoundingBox": {
          "Width": 0.0366056002676487,
          "Height": 0.00912791583687067,
          "Left": 0.4618353247642517,
          "Top": 0.3117329776287079
        },
        "Polygon": [
          {
            "X": 0.4618353247642517,
            "Y": 0.3126339614391327
          },
          {
            "X": 0.4984155297279358,
            "Y": 0.3117329776287079
          },
          {
            "X": 0.4984409213066101,
            "Y": 0.31996604800224304
          },
          {
            "X": 0.4618610739707947,
            "Y": 0.320860892534256
          }
        ]
      },
      "Id": "a793a771-6e06-4f26-872a-8ee073820389",
      "Page": 1
    },
    {
      "BlockType": "WORD",
      "Confidence": 78.15130615234375,
      "Text": "Al",
      "TextType": "PRINTED",
      "Geometry": {
        "BoundingBox": {
          "Width": 0.00934828631579876,
          "Height": 0.006818512454628944,
          "Left": 0.5010595917701721,
          "Top": 0.3111637830734253
        },
        "Polygon": [
          {
            "X": 0.5010595917701721,
            "Y": 0.3113935887813568
          },
          {
            "X": 0.510387659072876,
            "Y": 0.3111637830734253
          },
          {
            "X": 0.5104078650474548,
            "Y": 0.31775376200675964
          },
          {
            "X": 0.5010799169540405,
            "Y": 0.3179823160171509
          }
        ]
      },
      "Id": "7aea0980-0082-488a-8aad-304bc13d1729",
      "Page": 1
    },
    {
      "BlockType": "WORD",
      "Confidence": 99.74617004394531,
      "Text": "para",
      "TextType": "PRINTED",
      "Geometry": {
        "BoundingBox": {
          "Width": 0.02006547898054123,
          "Height": 0.007982439361512661,
          "Left": 0.513572096824646,
          "Top": 0.31098973751068115
        },
        "Polygon": [
          {
            "X": 0.513572096824646,
            "Y": 0.31148335337638855
          },
          {
            "X": 0.5336148142814636,
            "Y": 0.31098973751068115
          },
          {
            "X": 0.5336375832557678,
            "Y": 0.3184816241264343
          },
          {
            "X": 0.5135950446128845,
            "Y": 0.3189721703529358
          }
        ]
      },
      "Id": "ff5abcb3-a41f-42e9-b85d-c2a99f182890",
      "Page": 1
    },
    {
      "BlockType": "WORD",
      "Confidence": 98.74927520751953,
      "Text": "encontrar",
      "TextType": "PRINTED",
      "Geometry": {
        "BoundingBox": {
          "Width": 0.04692568629980087,
          "Height": 0.008515103720128536,
          "Left": 0.5364705324172974,
          "Top": 0.3075864613056183
        },
        "Polygon": [
          {
            "X": 0.5364705324172974,
            "Y": 0.3087436854839325
          },
          {
            "X": 0.5833743214607239,
            "Y": 0.3075864613056183
          },
          {
            "X": 0.5833961963653564,
            "Y": 0.3149513602256775
          },
          {
            "X": 0.5364928245544434,
            "Y": 0.3161015808582306
          }
        ]
      },
      "Id": "6fe0fc0e-7cfa-470d-9c8e-d8b2a408e728",
      "Page": 1
    },
    {
      "BlockType": "WORD",
      "Confidence": 67.74683380126953,
      "Text": "O",
      "TextType": "PRINTED",
      "Geometry": {
        "BoundingBox": {
          "Width": 0.006413233000785112,
          "Height": 0.0055987294763326645,
          "Left": 0.5859714150428772,
          "Top": 0.30766287446022034
        },
        "Polygon": [
          {
            "X": 0.5859714150428772,
            "Y": 0.3078206777572632
          },
          {
            "X": 0.5923685431480408,
            "Y": 0.30766287446022034
          },
          {
            "X": 0.5923846364021301,
            "Y": 0.313104510307312
          },
          {
            "X": 0.5859875679016113,
            "Y": 0.31326159834861755
          }
        ]
      },
      "Id": "e2e10f53-407b-4d77-96a4-ef3ac32cc47d",
      "Page": 1
    },
    {
      "BlockType": "WORD",
      "Confidence": 99.79254913330078,
      "Text": "FM",
      "TextType": "PRINTED",
      "Geometry": {
        "BoundingBox": {
          "Width": 0.015245429240167141,
          "Height": 0.007239304017275572,
          "Left": 0.5956116914749146,
          "Top": 0.3054596185684204
        },
        "Polygon": [
          {
            "X": 0.5956116914749146,
            "Y": 0.3058357238769531
          },
          {
            "X": 0.6108369827270508,
            "Y": 0.3054596185684204
          },
          {
            "X": 0.6108571290969849,
            "Y": 0.31232497096061707
          },
          {
            "X": 0.595632016658783,
            "Y": 0.31269893050193787
          }
        ]
      },
      "Id": "9959c81e-93b2-4fe1-9f9a-7ee6128471fa",
      "Page": 1
    },
    {
      "BlockType": "WORD",
      "Confidence": 99.57652282714844,
      "Text": "certo",
      "TextType": "PRINTED",
      "Geometry": {
        "BoundingBox": {
          "Width": 0.025756869465112686,
          "Height": 0.007236841134727001,
          "Left": 0.6139305233955383,
          "Top": 0.30421730875968933
        },
        "Polygon": [
          {
            "X": 0.6139305233955383,
            "Y": 0.3048533499240875
          },
          {
            "X": 0.6396682262420654,
            "Y": 0.30421730875968933
          },
          {
            "X": 0.6396873593330383,
            "Y": 0.3108215630054474
          },
          {
            "X": 0.6139498353004456,
            "Y": 0.311454176902771
          }
        ]
      },
      "Id": "593b156e-a500-4e79-a30f-9d306a64d2e6",
      "Page": 1
    },
    {
      "BlockType": "WORD",
      "Confidence": 99.67620086669922,
      "Text": "para",
      "TextType": "PRINTED",
      "Geometry": {
        "BoundingBox": {
          "Width": 0.021774156019091606,
          "Height": 0.008010792545974255,
          "Left": 0.6428636908531189,
          "Top": 0.3033660054206848
        },
        "Polygon": [
          {
            "X": 0.6428636908531189,
            "Y": 0.3039036691188812
          },
          {
            "X": 0.6646164655685425,
            "Y": 0.3033660054206848
          },
          {
            "X": 0.6646378636360168,
            "Y": 0.31084245443344116
          },
          {
            "X": 0.6428853273391724,
            "Y": 0.31137681007385254
          }
        ]
      },
      "Id": "ab8d1052-1d5f-401a-b4fb-3c69318864ec",
      "Page": 1
    },
    {
      "BlockType": "WORD",
      "Confidence": 99.60169219970703,
      "Text": "seu",
      "TextType": "PRINTED",
      "Geometry": {
        "BoundingBox": {
          "Width": 0.015946675091981888,
          "Height": 0.006041766609996557,
          "Left": 0.4617185890674591,
          "Top": 0.32438597083091736
        },
        "Polygon": [
          {
            "X": 0.4617185890674591,
            "Y": 0.3247743844985962
          },
          {
            "X": 0.47764766216278076,
            "Y": 0.32438597083091736
          },
          {
            "X": 0.4776652455329895,
            "Y": 0.33004117012023926
          },
          {
            "X": 0.4617362916469574,
            "Y": 0.33042773604393005
          }
        ]
      },
      "Id": "93382c1a-6e8b-49e2-91a3-90e0b8f7bb0c",
      "Page": 1
    },
    {
      "BlockType": "WORD",
      "Confidence": 99.7757568359375,
      "Text": "caso",
      "TextType": "PRINTED",
      "Geometry": {
        "BoundingBox": {
          "Width": 0.020148221403360367,
          "Height": 0.006164879072457552,
          "Left": 0.48034143447875977,
          "Top": 0.3233507573604584
        },
        "Polygon": [
          {
            "X": 0.48034143447875977,
            "Y": 0.32384181022644043
          },
          {
            "X": 0.5004721879959106,
            "Y": 0.3233507573604584
          },
          {
            "X": 0.5004896521568298,
            "Y": 0.3290269076824188
          },
          {
            "X": 0.4803590774536133,
            "Y": 0.32951563596725464
          }
        ]
      },
      "Id": "63a1e4ca-4063-49dd-889a-c27d3e10eac9",
      "Page": 1
    },
    {
      "BlockType": "WORD",
      "Confidence": 99.7503433227539,
      "Text": "de",
      "TextType": "PRINTED",
      "Geometry": {
        "BoundingBox": {
          "Width": 0.01145930215716362,
          "Height": 0.007258422672748566,
          "Left": 0.503302276134491,
          "Top": 0.321179062128067
        },
        "Polygon": [
          {
            "X": 0.503302276134491,
            "Y": 0.32145848870277405
          },
          {
            "X": 0.5147402286529541,
            "Y": 0.321179062128067
          },
          {
            "X": 0.5147616267204285,
            "Y": 0.3281596601009369
          },
          {
            "X": 0.5033237934112549,
            "Y": 0.328437477350235
          }
        ]
      },
      "Id": "71d010d3-49c3-40a0-b203-3a1bc76db7fd",
      "Page": 1
    },
    {
      "BlockType": "WORD",
      "Confidence": 98.25759887695312,
      "Text": "uso",
      "TextType": "PRINTED",
      "Geometry": {
        "BoundingBox": {
          "Width": 0.016242817044258118,
          "Height": 0.006128478795289993,
          "Left": 0.5177088379859924,
          "Top": 0.3216005265712738
        },
        "Polygon": [
          {
            "X": 0.5177088379859924,
            "Y": 0.32199662923812866
          },
          {
            "X": 0.5339342355728149,
            "Y": 0.3216005265712738
          },
          {
            "X": 0.5339516401290894,
            "Y": 0.32733482122421265
          },
          {
            "X": 0.5177263617515564,
            "Y": 0.3277290165424347
          }
        ]
      },
      "Id": "e9f0583c-b0d6-4651-8747-77ad27d66667",
      "Page": 1
    },
    {
      "BlockType": "WORD",
      "Confidence": 99.71955108642578,
      "Text": "A",
      "TextType": "PRINTED",
      "Geometry": {
        "BoundingBox": {
          "Width": 0.008228066377341747,
          "Height": 0.007689615711569786,
          "Left": 0.17011798918247223,
          "Top": 0.3568727970123291
        },
        "Polygon": [
          {
            "X": 0.17011798918247223,
            "Y": 0.3570685386657715
          },
          {
            "X": 0.17831982672214508,
            "Y": 0.3568727970123291
          },
          {
            "X": 0.17834606766700745,
            "Y": 0.36436790227890015
          },
          {
            "X": 0.17014430463314056,
            "Y": 0.36456239223480225
          }
        ]
      },
      "Id": "5d2ad91e-e7d5-4f47-837e-52f4a1e8f487",
      "Page": 1
    },
    {
      "BlockType": "WORD",
      "Confidence": 99.60552215576172,
      "Text": "maneira",
      "TextType": "PRINTED",
      "Geometry": {
        "BoundingBox": {
          "Width": 0.04165678098797798,
          "Height": 0.010055584833025932,
          "Left": 0.1802731603384018,
          "Top": 0.35447171330451965
        },
        "Polygon": [
          {
            "X": 0.1802731603384018,
            "Y": 0.35546639561653137
          },
          {
            "X": 0.22189871966838837,
            "Y": 0.35447171330451965
          },
          {
            "X": 0.22192993760108948,
            "Y": 0.3635403513908386
          },
          {
            "X": 0.1803048551082611,
            "Y": 0.36452728509902954
          }
        ]
      },
      "Id": "f1f9fba3-e68d-4440-9145-64f31a58b64a",
      "Page": 1
    },
    {
      "BlockType": "WORD",
      "Confidence": 99.88135528564453,
      "Text": "mais",
      "TextType": "PRINTED",
      "Geometry": {
        "BoundingBox": {
          "Width": 0.023785201832652092,
          "Height": 0.008749171160161495,
          "Left": 0.2245614230632782,
          "Top": 0.35391950607299805
        },
        "Polygon": [
          {
            "X": 0.2245614230632782,
            "Y": 0.35448718070983887
          },
          {
            "X": 0.24831873178482056,
            "Y": 0.35391950607299805
          },
          {
            "X": 0.24834662675857544,
            "Y": 0.36210498213768005
          },
          {
            "X": 0.22458957135677338,
            "Y": 0.3626686632633209
          }
        ]
      },
      "Id": "6b1845a5-6320-401e-ad19-d3bc0c3afaa7",
      "Page": 1
    },
    {
      "BlockType": "WORD",
      "Confidence": 87.40249633789062,
      "Text": "fácil",
      "TextType": "PRINTED",
      "Geometry": {
        "BoundingBox": {
          "Width": 0.021273862570524216,
          "Height": 0.008976147510111332,
          "Left": 0.2512325942516327,
          "Top": 0.35245174169540405
        },
        "Polygon": [
          {
            "X": 0.2512325942516327,
            "Y": 0.3529597520828247
          },
          {
            "X": 0.2724778354167938,
            "Y": 0.35245174169540405
          },
          {
            "X": 0.2725064754486084,
            "Y": 0.36092352867126465
          },
          {
            "X": 0.251261442899704,
            "Y": 0.3614278733730316
          }
        ]
      },
      "Id": "be15a0fd-8898-4261-a5ac-7c054a6aa55d",
      "Page": 1
    },
    {
      "BlockType": "WORD",
      "Confidence": 99.86178588867188,
      "Text": "de",
      "TextType": "PRINTED",
      "Geometry": {
        "BoundingBox": {
          "Width": 0.013262514024972916,
          "Height": 0.008818711154162884,
          "Left": 0.2750881314277649,
          "Top": 0.35178154706954956
        },
        "Polygon": [
          {
            "X": 0.2750881314277649,
            "Y": 0.3520980775356293
          },
          {
            "X": 0.2883220911026001,
            "Y": 0.35178154706954956
          },
          {
            "X": 0.2883506417274475,
            "Y": 0.36028602719306946
          },
          {
            "X": 0.27511683106422424,
            "Y": 0.3606002628803253
          }
        ]
      },
      "Id": "9c6c0a7b-659d-4803-80db-adaf9dd93bf2",
      "Page": 1
    },
    {
      "BlockType": "WORD",
      "Confidence": 99.70051574707031,
      "Text": "criar",
      "TextType": "PRINTED",
      "Geometry": {
        "BoundingBox": {
          "Width": 0.02414238266646862,
          "Height": 0.00864445324987173,
          "Left": 0.29105520248413086,
          "Top": 0.3512398302555084
        },
        "Polygon": [
          {
            "X": 0.29105520248413086,
            "Y": 0.3518165946006775
          },
          {
            "X": 0.3151707649230957,
            "Y": 0.3512398302555084
          },
          {
            "X": 0.31519758701324463,
            "Y": 0.3593115210533142
          },
          {
            "X": 0.2910822629928589,
            "Y": 0.3598842918872833
          }
        ]
      },
      "Id": "5e3c1b85-d1bc-48d3-91f2-89d74037c96e",
      "Page": 1
    },
    {
      "BlockType": "WORD",
      "Confidence": 98.75492095947266,
      "Text": "e",
      "TextType": "PRINTED",
      "Geometry": {
        "BoundingBox": {
          "Width": 0.006066401023417711,
          "Height": 0.006204543635249138,
          "Left": 0.3179759085178375,
          "Top": 0.3525632917881012
        },
        "Polygon": [
          {
            "X": 0.3179759085178375,
            "Y": 0.35270771384239197
          },
          {
            "X": 0.32402223348617554,
            "Y": 0.3525632917881012
          },
          {
            "X": 0.32404229044914246,
            "Y": 0.3586241602897644
          },
          {
            "X": 0.31799599528312683,
            "Y": 0.3587678372859955
          }
        ]
      },
      "Id": "461b558c-62f4-433a-9197-c213bd3a3897",
      "Page": 1
    },
    {
      "BlockType": "WORD",
      "Confidence": 94.15878295898438,
      "Text": "Construído",
      "TextType": "PRINTED",
      "Geometry": {
        "BoundingBox": {
          "Width": 0.05023671314120293,
          "Height": 0.0088701406493783,
          "Left": 0.46161729097366333,
          "Top": 0.343711256980896
        },
        "Polygon": [
          {
            "X": 0.46161729097366333,
            "Y": 0.3449150621891022
          },
          {
            "X": 0.5118305087089539,
            "Y": 0.343711256980896
          },
          {
            "X": 0.5118539929389954,
            "Y": 0.3513854444026947
          },
          {
            "X": 0.4616412818431854,
            "Y": 0.3525814116001129
          }
        ]
      },
      "Id": "a2366a17-9ee0-4db9-82fd-f1b37536b05f",
      "Page": 1
    },
    {
      "BlockType": "WORD",
      "Confidence": 99.23200225830078,
      "Text": "com",
      "TextType": "PRINTED",
      "Geometry": {
        "BoundingBox": {
          "Width": 0.01980403997004032,
          "Height": 0.006066200323402882,
          "Left": 0.51470547914505,
          "Top": 0.3441084325313568
        },
        "Polygon": [
          {
            "X": 0.51470547914505,
            "Y": 0.3445824384689331
          },
          {
            "X": 0.534492552280426,
            "Y": 0.3441084325313568
          },
          {
            "X": 0.534509539604187,
            "Y": 0.3497028946876526
          },
          {
            "X": 0.5147225856781006,
            "Y": 0.3501746356487274
          }
        ]
      },
      "Id": "55769054-31c8-46d5-8cf6-35289d65fa44",
      "Page": 1
    },
    {
      "BlockType": "WORD",
      "Confidence": 98.71778869628906,
      "Text": "segurança",
      "TextType": "PRINTED",
      "Geometry": {
        "BoundingBox": {
          "Width": 0.048061031848192215,
          "Height": 0.009145943447947502,
          "Left": 0.5374435186386108,
          "Top": 0.34126874804496765
        },
        "Polygon": [
          {
            "X": 0.5374435186386108,
            "Y": 0.3424210250377655
          },
          {
            "X": 0.585480809211731,
            "Y": 0.34126874804496765
          },
          {
            "X": 0.5855045914649963,
            "Y": 0.34927019476890564
          },
          {
            "X": 0.5374677777290344,
            "Y": 0.3504146933555603
          }
        ]
      },
      "Id": "a9d8c1a1-8f23-4ed5-b798-ccb465d03a8f",
      "Page": 1
    },
    {
      "BlockType": "WORD",
      "Confidence": 99.78634643554688,
      "Text": "de",
      "TextType": "PRINTED",
      "Geometry": {
        "BoundingBox": {
          "Width": 0.0116580780595541,
          "Height": 0.007517698686569929,
          "Left": 0.5883245468139648,
          "Top": 0.3391619324684143
        },
        "Polygon": [
          {
            "X": 0.5883245468139648,
            "Y": 0.3394414782524109
          },
          {
            "X": 0.5999612808227539,
            "Y": 0.3391619324684143
          },
          {
            "X": 0.5999826192855835,
            "Y": 0.34640181064605713
          },
          {
            "X": 0.588346004486084,
            "Y": 0.3466796278953552
          }
        ]
      },
      "Id": "48dcbf63-ab79-4630-8cad-d290fbb36cc0",
      "Page": 1
    },
    {
      "BlockType": "WORD",
      "Confidence": 89.9417495727539,
      "Text": "dados,",
      "TextType": "PRINTED",
      "Geometry": {
        "BoundingBox": {
          "Width": 0.032087668776512146,
          "Height": 0.008890577591955662,
          "Left": 0.6029908657073975,
          "Top": 0.3376924693584442
        },
        "Polygon": [
          {
            "X": 0.6029908657073975,
            "Y": 0.33846315741539
          },
          {
            "X": 0.6350549459457397,
            "Y": 0.3376924693584442
          },
          {
            "X": 0.6350785493850708,
            "Y": 0.3458176553249359
          },
          {
            "X": 0.6030148267745972,
            "Y": 0.3465830385684967
          }
        ]
      },
      "Id": "5dffe88a-7066-4729-8cec-8a87cf8dbb60",
      "Page": 1
    },
    {
      "BlockType": "WORD",
      "Confidence": 99.06639099121094,
      "Text": "privacidade",
      "TextType": "PRINTED",
      "Geometry": {
        "BoundingBox": {
          "Width": 0.05246108025312424,
          "Height": 0.01010076329112053,
          "Left": 0.46161332726478577,
          "Top": 0.35415756702423096
        },
        "Polygon": [
          {
            "X": 0.46161332726478577,
            "Y": 0.35540342330932617
          },
          {
            "X": 0.5140472650527954,
            "Y": 0.35415756702423096
          },
          {
            "X": 0.5140743851661682,
            "Y": 0.36302193999290466
          },
          {
            "X": 0.4616410434246063,
            "Y": 0.364258348941803
          }
        ]
      },
      "Id": "75aa85d6-333c-482e-ac30-004a3121c247",
      "Page": 1
    },
    {
      "BlockType": "WORD",
      "Confidence": 99.18670654296875,
      "Text": "e",
      "TextType": "PRINTED",
      "Geometry": {
        "BoundingBox": {
          "Width": 0.006033106707036495,
          "Height": 0.005557511933147907,
          "Left": 0.516787588596344,
          "Top": 0.3552350699901581
        },
        "Polygon": [
          {
            "X": 0.516787588596344,
            "Y": 0.3553778827190399
          },
          {
            "X": 0.5228042006492615,
            "Y": 0.3552350699901581
          },
          {
            "X": 0.5228207111358643,
            "Y": 0.3606504499912262
          },
          {
            "X": 0.5168041586875916,
            "Y": 0.3607926070690155
          }
        ]
      },
      "Id": "5e219285-fdcc-45b2-8d6b-f491e4147be2",
      "Page": 1
    },
    {
      "BlockType": "WORD",
      "Confidence": 98.5678482055664,
      "Text": "segurança",
      "TextType": "PRINTED",
      "Geometry": {
        "BoundingBox": {
          "Width": 0.0480269230902195,
          "Height": 0.008764450438320637,
          "Left": 0.5254053473472595,
          "Top": 0.3528788387775421
        },
        "Polygon": [
          {
            "X": 0.5254053473472595,
            "Y": 0.35401931405067444
          },
          {
            "X": 0.5734094977378845,
            "Y": 0.3528788387775421
          },
          {
            "X": 0.5734322667121887,
            "Y": 0.3605102598667145
          },
          {
            "X": 0.5254285931587219,
            "Y": 0.3616432845592499
          }
        ]
      },
      "Id": "27b38ee9-78e2-43a1-890d-df97c17b528c",
      "Page": 1
    },
    {
      "BlockType": "WORD",
      "Confidence": 99.62682342529297,
      "Text": "em",
      "TextType": "PRINTED",
      "Geometry": {
        "BoundingBox": {
          "Width": 0.015300797298550606,
          "Height": 0.006100532598793507,
          "Left": 0.5762382745742798,
          "Top": 0.35199010372161865
        },
        "Polygon": [
          {
            "X": 0.5762382745742798,
            "Y": 0.35235336422920227
          },
          {
            "X": 0.5915220379829407,
            "Y": 0.35199010372161865
          },
          {
            "X": 0.5915390253067017,
            "Y": 0.3577291667461395
          },
          {
            "X": 0.5762553811073303,
            "Y": 0.3580906391143799
          }
        ]
      },
      "Id": "021206d1-4d07-4afc-bc31-8b295d191d1e",
      "Page": 1
    },
    {
      "BlockType": "WORD",
      "Confidence": 99.70472717285156,
      "Text": "mente",
      "TextType": "PRINTED",
      "Geometry": {
        "BoundingBox": {
          "Width": 0.03133029490709305,
          "Height": 0.007375042885541916,
          "Left": 0.5947355031967163,
          "Top": 0.34968987107276917
        },
        "Polygon": [
          {
            "X": 0.5947355031967163,
            "Y": 0.3504349887371063
          },
          {
            "X": 0.6260464787483215,
            "Y": 0.34968987107276917
          },
          {
            "X": 0.6260658502578735,
            "Y": 0.3563240170478821
          },
          {
            "X": 0.5947551131248474,
            "Y": 0.3570649027824402
          }
        ]
      },
      "Id": "76f9da7e-a2fa-49f7-af64-7e771081cba5",
      "Page": 1
    },
    {
      "BlockType": "WORD",
      "Confidence": 98.37745666503906,
      "Text": "dimensionar",
      "TextType": "PRINTED",
      "Geometry": {
        "BoundingBox": {
          "Width": 0.06277868151664734,
          "Height": 0.009807882830500603,
          "Left": 0.1703910380601883,
          "Top": 0.36789223551750183
        },
        "Polygon": [
          {
            "X": 0.1703910380601883,
            "Y": 0.36937415599823
          },
          {
            "X": 0.23314112424850464,
            "Y": 0.36789223551750183
          },
          {
            "X": 0.23316971957683563,
            "Y": 0.3762288987636566
          },
          {
            "X": 0.17042025923728943,
            "Y": 0.3777001202106476
          }
        ]
      },
      "Id": "078d14d2-8a4d-4bb7-b95b-d6d89bc440aa",
      "Page": 1
    },
    {
      "BlockType": "WORD",
      "Confidence": 99.29792022705078,
      "Text": "aplicativos",
      "TextType": "PRINTED",
      "Geometry": {
        "BoundingBox": {
          "Width": 0.05502407252788544,
          "Height": 0.011268078349530697,
          "Left": 0.23518189787864685,
          "Top": 0.3657345473766327
        },
        "Polygon": [
          {
            "X": 0.23518189787864685,
            "Y": 0.3670341372489929
          },
          {
            "X": 0.2901724874973297,
            "Y": 0.3657345473766327
          },
          {
            "X": 0.2902059853076935,
            "Y": 0.3757142722606659
          },
          {
            "X": 0.23521605134010315,
            "Y": 0.37700262665748596
          }
        ]
      },
      "Id": "4bf6ac9e-110a-44a0-b087-2d107fa31e83",
      "Page": 1
    },
    {
      "BlockType": "WORD",
      "Confidence": 99.8276138305664,
      "Text": "de",
      "TextType": "PRINTED",
      "Geometry": {
        "BoundingBox": {
          "Width": 0.013200165703892708,
          "Height": 0.008318653330206871,
          "Left": 0.293353796005249,
          "Top": 0.3650655448436737
        },
        "Polygon": [
          {
            "X": 0.293353796005249,
            "Y": 0.36537694931030273
          },
          {
            "X": 0.3065272569656372,
            "Y": 0.3650655448436737
          },
          {
            "X": 0.3065539598464966,
            "Y": 0.3730749487876892
          },
          {
            "X": 0.29338061809539795,
            "Y": 0.3733842074871063
          }
        ]
      },
      "Id": "b896d470-a59a-4d80-ad1d-5031fd1096b2",
      "Page": 1
    },
    {
      "BlockType": "WORD",
      "Confidence": 99.54913330078125,
      "Text": "IA",
      "TextType": "PRINTED",
      "Geometry": {
        "BoundingBox": {
          "Width": 0.01064973883330822,
          "Height": 0.007871590554714203,
          "Left": 0.3097898066043854,
          "Top": 0.36494141817092896
        },
        "Polygon": [
          {
            "X": 0.3097898066043854,
            "Y": 0.3651925325393677
          },
          {
            "X": 0.320414274930954,
            "Y": 0.36494141817092896
          },
          {
            "X": 0.32043954730033875,
            "Y": 0.37256357073783875
          },
          {
            "X": 0.3098151683807373,
            "Y": 0.37281301617622375
          }
        ]
      },
      "Id": "afb2c340-009c-4be2-ab5f-48a1ec44885d",
      "Page": 1
    },
    {
      "BlockType": "WORD",
      "Confidence": 99.36624908447266,
      "Text": "generativa",
      "TextType": "PRINTED",
      "Geometry": {
        "BoundingBox": {
          "Width": 0.05227671563625336,
          "Height": 0.010969840921461582,
          "Left": 0.169683575630188,
          "Top": 0.38193637132644653
        },
        "Polygon": [
          {
            "X": 0.169683575630188,
            "Y": 0.3831554353237152
          },
          {
            "X": 0.22192667424678802,
            "Y": 0.38193637132644653
          },
          {
            "X": 0.22196029126644135,
            "Y": 0.39169758558273315
          },
          {
            "X": 0.16971781849861145,
            "Y": 0.39290621876716614
          }
        ]
      },
      "Id": "0874d09f-daba-43bf-b650-a66313afa3d1",
      "Page": 1
    },
    {
      "BlockType": "WORD",
      "Confidence": 99.45573425292969,
      "Text": "com",
      "TextType": "PRINTED",
      "Geometry": {
        "BoundingBox": {
          "Width": 0.02191738225519657,
          "Height": 0.007132998667657375,
          "Left": 0.22495485842227936,
          "Top": 0.38247883319854736
        },
        "Polygon": [
          {
            "X": 0.22495485842227936,
            "Y": 0.38298922777175903
          },
          {
            "X": 0.2468496412038803,
            "Y": 0.38247883319854736
          },
          {
            "X": 0.24687224626541138,
            "Y": 0.3891043961048126
          },
          {
            "X": 0.22497764229774475,
            "Y": 0.3896118402481079
          }
        ]
      },
      "Id": "b2ee591c-bdbf-48a1-85d6-9f57e96be39e",
      "Page": 1
    },
    {
      "BlockType": "WORD",
      "Confidence": 99.71244049072266,
      "Text": "modelos",
      "TextType": "PRINTED",
      "Geometry": {
        "BoundingBox": {
          "Width": 0.04493041709065437,
          "Height": 0.009346266277134418,
          "Left": 0.25009799003601074,
          "Top": 0.37938258051872253
        },
        "Polygon": [
          {
            "X": 0.25009799003601074,
            "Y": 0.3804311156272888
          },
          {
            "X": 0.2950005829334259,
            "Y": 0.37938258051872253
          },
          {
            "X": 0.2950283885002136,
            "Y": 0.38768789172172546
          },
          {
            "X": 0.2501262426376343,
            "Y": 0.3887288272380829
          }
        ]
      },
      "Id": "1fbd2fd6-e02b-4808-8cc4-1bc31d48f504",
      "Page": 1
    },
    {
      "BlockType": "WORD",
      "Confidence": 99.37957763671875,
      "Text": "fundacionais",
      "TextType": "PRINTED",
      "Geometry": {
        "BoundingBox": {
          "Width": 0.06351274996995926,
          "Height": 0.009794889017939568,
          "Left": 0.16922345757484436,
          "Top": 0.3947169780731201
        },
        "Polygon": [
          {
            "X": 0.16922345757484436,
            "Y": 0.3961814343929291
          },
          {
            "X": 0.23270760476589203,
            "Y": 0.3947169780731201
          },
          {
            "X": 0.23273620009422302,
            "Y": 0.403058260679245
          },
          {
            "X": 0.16925272345542908,
            "Y": 0.40451186895370483
          }
        ]
      },
      "Id": "17295ea3-f1f8-4bcf-91a6-3752b53f4219",
      "Page": 1
    },
    {
      "BlockType": "WORD",
      "Confidence": 98.8749008178711,
      "Text": "(FMs)",
      "TextType": "PRINTED",
      "Geometry": {
        "BoundingBox": {
          "Width": 0.03054528869688511,
          "Height": 0.012218800373375416,
          "Left": 0.23504942655563354,
          "Top": 0.3920736312866211
        },
        "Polygon": [
          {
            "X": 0.23504942655563354,
            "Y": 0.39277851581573486
          },
          {
            "X": 0.2655557096004486,
            "Y": 0.3920736312866211
          },
          {
            "X": 0.2655947208404541,
            "Y": 0.4035947024822235
          },
          {
            "X": 0.23508888483047485,
            "Y": 0.40429240465164185
          }
        ]
      },
      "Id": "380574cf-8037-4805-a5d7-ff4182677d3c",
      "Page": 1
    },
    {
      "BlockType": "WORD",
      "Confidence": 91.48065948486328,
      "Text": "15",
      "TextType": "PRINTED",
      "Geometry": {
        "BoundingBox": {
          "Width": 0.007244566921144724,
          "Height": 0.004971902351826429,
          "Left": 0.7534802556037903,
          "Top": 0.41098442673683167
        },
        "Polygon": [
          {
            "X": 0.7534802556037903,
            "Y": 0.4111470878124237
          },
          {
            "X": 0.7607116103172302,
            "Y": 0.41098442673683167
          },
          {
            "X": 0.7607247829437256,
            "Y": 0.41579440236091614
          },
          {
            "X": 0.7534934878349304,
            "Y": 0.4159563481807709
          }
        ]
      },
      "Id": "a14990c0-0a1c-4508-b920-5018c0346cfd",
      "Page": 1
    }
  ],
  "DetectDocumentTextModelVersion": "1.0"
}