{
  "DocumentMetadata": {
    "Pages": 1
  },
  "JobStatus": "SUCCEEDED",
  "Blocks": [
    {
      "BlockType": "PAGE",
      "Geometry": {
        "BoundingBox": {
          "Width": 1,
          "Height": 1,
          "Left": 0,
          "Top": 0
        },
        "Polygon": [
          {
            "X": 0,
            "Y": 3.8542147251519054e-8
          },
          {
            "X": 1,
            "Y": 0
          },
          {
            "X": 1,
            "Y": 1
          },
          {
            "X": 0,
            "Y": 1
          }
        ]
      },
      "Id": "da9b9512-29dc-4d25-88b2-6dc8ad2573f9",
      "Relationships": [
        {
          "Type": "CHILD",
          "Ids": [
            "6cdfbb4e-e96d-409b-88e9-459d8950db63",
            "61c8422f-9870-4d94-b5a4-8ccf9ca50579",
            "ee758f19-3097-4f0d-9f19-0f50acfb43d6",
            "f3c6f7b3-d51a-4a6d-8ebb-257e1435e1b7",
            "79d9d8da-c5e5-41ce-8ece-85b7ea5dd121",
            "0bfd0691-aa08-4089-9806-75755f8cc459",
            "2b2128d8-6ebb-4587-80f4-49b710dc94d0",
            "3dc2e87e-41f2-4697-8d44-c9747b3c1d5c",
            "74867176-7d66-43e2-903c-b9b7935b9516",
            "0e231282-4d8f-467a-ac51-10c575b47cf1",
            "2e13f6cc-3511-4a6b-90f7-787f0f54c2bc",
            "ef725db9-dba3-49c4-a964-b1faafb316c8"
          ]
        }
      ],
      "Page": 1
    },
    {
      "BlockType": "LINE",
      "Confidence": 90.99386596679688,
      "Text": "Cloud",
      "Geometry": {
        "BoundingBox": {
          "Width": 0.02688714675605297,
          "Height": 0.007794905919581652,
          "Left": 0.6727597713470459,
          "Top": 0.10515423864126205
        },
        "Polygon": [
          {
            "X": 0.6728249192237854,
            "Y": 0.10524383187294006
          },
          {
            "X": 0.6996469497680664,
            "Y": 0.10515423864126205
          },
          {
            "X": 0.6995803117752075,
            "Y": 0.11286231130361557
          },
          {
            "X": 0.6727597713470459,
            "Y": 0.11294914782047272
          }
        ]
      },
      "Id": "6cdfbb4e-e96d-409b-88e9-459d8950db63",
      "Relationships": [
        {
          "Type": "CHILD",
          "Ids": [
            "abc41c28-84fb-457d-be99-450ecaa290c5"
          ]
        }
      ],
      "Page": 1
    },
    {
      "BlockType": "LINE",
      "Confidence": 61.684173583984375,
      "Text": "aws",
      "Geometry": {
        "BoundingBox": {
          "Width": 0.04964388906955719,
          "Height": 0.014865006320178509,
          "Left": 0.5950602889060974,
          "Top": 0.1102876365184784
        },
        "Polygon": [
          {
            "X": 0.5951763391494751,
            "Y": 0.11044980585575104
          },
          {
            "X": 0.6447041630744934,
            "Y": 0.1102876365184784
          },
          {
            "X": 0.6445827484130859,
            "Y": 0.12500017881393433
          },
          {
            "X": 0.5950602889060974,
            "Y": 0.12515263259410858
          }
        ]
      },
      "Id": "61c8422f-9870-4d94-b5a4-8ccf9ca50579",
      "Relationships": [
        {
          "Type": "CHILD",
          "Ids": [
            "cd399e5a-8884-403a-94cc-d765cf183ee0"
          ]
        }
      ],
      "Page": 1
    },
    {
      "BlockType": "LINE",
      "Confidence": 99.63228607177734,
      "Text": "Experience",
      "Geometry": {
        "BoundingBox": {
          "Width": 0.04938051849603653,
          "Height": 0.009269661270081997,
          "Left": 0.6729353666305542,
          "Top": 0.11309127509593964
        },
        "Polygon": [
          {
            "X": 0.673012375831604,
            "Y": 0.11325070261955261
          },
          {
            "X": 0.7223158478736877,
            "Y": 0.11309127509593964
          },
          {
            "X": 0.7222355604171753,
            "Y": 0.12220748513936996
          },
          {
            "X": 0.6729353666305542,
            "Y": 0.12236093729734421
          }
        ]
      },
      "Id": "ee758f19-3097-4f0d-9f19-0f50acfb43d6",
      "Relationships": [
        {
          "Type": "CHILD",
          "Ids": [
            "2236fb5e-6af0-4cf0-9019-799117d8c537"
          ]
        }
      ],
      "Page": 1
    },
    {
      "BlockType": "LINE",
      "Confidence": 95.77299499511719,
      "Text": "Construindo modelos de séries EXCESSO temporais DE OFERTA",
      "Geometry": {
        "BoundingBox": {
          "Width": 0.4711865186691284,
          "Height": 0.04825269803404808,
          "Left": 0.06372576206922531,
          "Top": 0.1153547540307045
        },
        "Polygon": [
          {
            "X": 0.06391595304012299,
            "Y": 0.11686740070581436
          },
          {
            "X": 0.5349122881889343,
            "Y": 0.1153547540307045
          },
          {
            "X": 0.5345613956451416,
            "Y": 0.16239048540592194
          },
          {
            "X": 0.06372576206922531,
            "Y": 0.16360744833946228
          }
        ]
      },
      "Id": "f3c6f7b3-d51a-4a6d-8ebb-257e1435e1b7",
      "Relationships": [
        {
          "Type": "CHILD",
          "Ids": [
            "4fcf1a97-0f85-4682-8149-4afc01377dd1",
            "c6b07dd2-9833-4ad9-9d5b-d10da911e879",
            "13f88b4f-995b-4f39-ac64-d58e4f2fa563",
            "580ccf0d-d25d-471b-9159-3661bbaafd65",
            "a73b057a-9c23-4e51-ae19-1d92267e41d7",
            "fce24985-63e1-4989-a423-4856d55c66ed",
            "3e6547d3-9139-4c86-a433-5d47170dd9fe",
            "72df54a6-5560-4b68-bd77-f9078e0d5142"
          ]
        }
      ],
      "Page": 1
    },
    {
      "BlockType": "LINE",
      "Confidence": 99.46378326416016,
      "Text": "2025",
      "Geometry": {
        "BoundingBox": {
          "Width": 0.022484779357910156,
          "Height": 0.006802169140428305,
          "Left": 0.6725437641143799,
          "Top": 0.12319038808345795
        },
        "Polygon": [
          {
            "X": 0.6726006269454956,
            "Y": 0.12325992435216904
          },
          {
            "X": 0.69502854347229,
            "Y": 0.12319038808345795
          },
          {
            "X": 0.6949704885482788,
            "Y": 0.12992502748966217
          },
          {
            "X": 0.6725437641143799,
            "Y": 0.1299925595521927
          }
        ]
      },
      "Id": "79d9d8da-c5e5-41ce-8ece-85b7ea5dd121",
      "Relationships": [
        {
          "Type": "CHILD",
          "Ids": [
            "039f481d-226f-4df8-9ec9-062cd35a0fc3"
          ]
        }
      ],
      "Page": 1
    },
    {
      "BlockType": "LINE",
      "Confidence": 97.07930755615234,
      "Text": "EQUILIBRIO QUE BUSCA MINIMIZAR A FALTA E 0",
      "Geometry": {
        "BoundingBox": {
          "Width": 0.3044961094856262,
          "Height": 0.030093753710389137,
          "Left": 0.0821775272488594,
          "Top": 0.15044599771499634
        },
        "Polygon": [
          {
            "X": 0.08230047672986984,
            "Y": 0.15128281712532043
          },
          {
            "X": 0.3866736590862274,
            "Y": 0.15044599771499634
          },
          {
            "X": 0.3864857852458954,
            "Y": 0.17982248961925507
          },
          {
            "X": 0.0821775272488594,
            "Y": 0.18053975701332092
          }
        ]
      },
      "Id": "0bfd0691-aa08-4089-9806-75755f8cc459",
      "Relationships": [
        {
          "Type": "CHILD",
          "Ids": [
            "35b38fd9-eeb4-44cd-bd86-1bcd3165f68d",
            "755b5f59-e9f5-4f1d-a2e6-908b13b45879",
            "200316c9-d9c3-4008-ba70-386ed9d9a47f",
            "3a0e3a8b-21c7-43d1-8dc7-1f5c2cb05bd3",
            "af3a06cc-83f1-40db-8c7f-11bc5539e172",
            "8d265bfd-7a61-4fe0-8bff-619ce667951a",
            "804faca7-da98-444d-b28b-86075fae75c2",
            "7ee69e0b-52ca-4bb3-9f2d-e24da958d55b"
          ]
        }
      ],
      "Page": 1
    },
    {
      "BlockType": "LINE",
      "Confidence": 98.78553009033203,
      "Text": "UM",
      "Geometry": {
        "BoundingBox": {
          "Width": 0.013165829703211784,
          "Height": 0.0067445142194628716,
          "Left": 0.06212160736322403,
          "Top": 0.17486260831356049
        },
        "Polygon": [
          {
            "X": 0.06214884668588638,
            "Y": 0.17489458620548248
          },
          {
            "X": 0.07528743892908096,
            "Y": 0.17486260831356049
          },
          {
            "X": 0.07525955885648727,
            "Y": 0.18157634139060974
          },
          {
            "X": 0.06212160736322403,
            "Y": 0.18160712718963623
          }
        ]
      },
      "Id": "2b2128d8-6ebb-4587-80f4-49b710dc94d0",
      "Relationships": [
        {
          "Type": "CHILD",
          "Ids": [
            "1cdc5d28-bf93-473f-9a41-cf04092abd5f"
          ]
        }
      ],
      "Page": 1
    },
    {
      "BlockType": "LINE",
      "Confidence": 59.65128707885742,
      "Text": "a",
      "Geometry": {
        "BoundingBox": {
          "Width": 0.09096303582191467,
          "Height": 0.05862116068601608,
          "Left": 0.9090369939804077,
          "Top": 0.18836912512779236
        },
        "Polygon": [
          {
            "X": 0.9096307158470154,
            "Y": 0.1885760873556137
          },
          {
            "X": 1,
            "Y": 0.18836912512779236
          },
          {
            "X": 1,
            "Y": 0.2468554675579071
          },
          {
            "X": 0.9090369939804077,
            "Y": 0.24699029326438904
          }
        ]
      },
      "Id": "3dc2e87e-41f2-4697-8d44-c9747b3c1d5c",
      "Relationships": [
        {
          "Type": "CHILD",
          "Ids": [
            "0fe086ec-d3ea-46ee-b1ca-0da30dc8fa19"
          ]
        }
      ],
      "Page": 1
    },
    {
      "BlockType": "LINE",
      "Confidence": 96.185546875,
      "Text": "História",
      "Geometry": {
        "BoundingBox": {
          "Width": 0.04777306318283081,
          "Height": 0.01035235170274973,
          "Left": 0.395746648311615,
          "Top": 0.3064589202404022
        },
        "Polygon": [
          {
            "X": 0.39581337571144104,
            "Y": 0.3064906597137451
          },
          {
            "X": 0.4435197114944458,
            "Y": 0.3064589202404022
          },
          {
            "X": 0.44344934821128845,
            "Y": 0.31678611040115356
          },
          {
            "X": 0.395746648311615,
            "Y": 0.3168112635612488
          }
        ]
      },
      "Id": "74867176-7d66-43e2-903c-b9b7935b9516",
      "Relationships": [
        {
          "Type": "CHILD",
          "Ids": [
            "c12f6ebc-c5e9-4055-8414-eb166b9ea2c8"
          ]
        }
      ],
      "Page": 1
    },
    {
      "BlockType": "LINE",
      "Confidence": 99.80115509033203,
      "Text": "Futuro",
      "Geometry": {
        "BoundingBox": {
          "Width": 0.04369862750172615,
          "Height": 0.009062772616744041,
          "Left": 0.5264756083488464,
          "Top": 0.3029172420501709
        },
        "Polygon": [
          {
            "X": 0.5265425443649292,
            "Y": 0.3029482960700989
          },
          {
            "X": 0.5701742768287659,
            "Y": 0.3029172420501709
          },
          {
            "X": 0.5701044797897339,
            "Y": 0.31195423007011414
          },
          {
            "X": 0.5264756083488464,
            "Y": 0.3119800388813019
          }
        ]
      },
      "Id": "0e231282-4d8f-467a-ac51-10c575b47cf1",
      "Relationships": [
        {
          "Type": "CHILD",
          "Ids": [
            "977d5242-87de-45f7-8ccf-d938bee884be"
          ]
        }
      ],
      "Page": 1
    },
    {
      "BlockType": "LINE",
      "Confidence": 99.5052490234375,
      "Text": "conhecida",
      "Geometry": {
        "BoundingBox": {
          "Width": 0.06144004315137863,
          "Height": 0.010743264108896255,
          "Left": 0.3886946737766266,
          "Top": 0.31886377930641174
        },
        "Polygon": [
          {
            "X": 0.3887633979320526,
            "Y": 0.3188944458961487
          },
          {
            "X": 0.4501346945762634,
            "Y": 0.31886377930641174
          },
          {
            "X": 0.4500611424446106,
            "Y": 0.32958516478538513
          },
          {
            "X": 0.3886946737766266,
            "Y": 0.3296070396900177
          }
        ]
      },
      "Id": "2e13f6cc-3511-4a6b-90f7-787f0f54c2bc",
      "Relationships": [
        {
          "Type": "CHILD",
          "Ids": [
            "e930fdaa-bbda-473a-b25b-690289501fff"
          ]
        }
      ],
      "Page": 1
    },
    {
      "BlockType": "LINE",
      "Confidence": 98.60194396972656,
      "Text": "desconhecido",
      "Geometry": {
        "BoundingBox": {
          "Width": 0.0886164978146553,
          "Height": 0.01131912786513567,
          "Left": 0.5033569931983948,
          "Top": 0.314543217420578
        },
        "Polygon": [
          {
            "X": 0.5034385919570923,
            "Y": 0.31459248065948486
          },
          {
            "X": 0.5919734835624695,
            "Y": 0.314543217420578
          },
          {
            "X": 0.5918845534324646,
            "Y": 0.32582637667655945
          },
          {
            "X": 0.5033569931983948,
            "Y": 0.3258623480796814
          }
        ]
      },
      "Id": "ef725db9-dba3-49c4-a964-b1faafb316c8",
      "Relationships": [
        {
          "Type": "CHILD",
          "Ids": [
            "d9fb11e1-92df-4b87-b538-a8ee782d5e5d"
          ]
        }
      ],
      "Page": 1
    },
    {
      "BlockType": "WORD",
      "Confidence": 90.99386596679688,
      "Text": "Cloud",
      "TextType": "PRINTED",
      "Geometry": {
        "BoundingBox": {
          "Width": 0.02688714675605297,
          "Height": 0.007794905919581652,
          "Left": 0.6727597713470459,
          "Top": 0.10515423864126205
        },
        "Polygon": [
          {
            "X": 0.6728249192237854,
            "Y": 0.10524383187294006
          },
          {
            "X": 0.6996469497680664,
            "Y": 0.10515423864126205
          },
          {
            "X": 0.6995803117752075,
            "Y": 0.11286231130361557
          },
          {
            "X": 0.6727597713470459,
            "Y": 0.11294914782047272
          }
        ]
      },
      "Id": "abc41c28-84fb-457d-be99-450ecaa290c5",
      "Page": 1
    },
    {
      "BlockType": "WORD",
      "Confidence": 61.684173583984375,
      "Text": "aws",
      "TextType": "PRINTED",
      "Geometry": {
        "BoundingBox": {
          "Width": 0.04964388906955719,
          "Height": 0.014865006320178509,
          "Left": 0.5950602889060974,
          "Top": 0.1102876365184784
        },
        "Polygon": [
          {
            "X": 0.5951763391494751,
            "Y": 0.11044980585575104
          },
          {
            "X": 0.6447041630744934,
            "Y": 0.1102876365184784
          },
          {
            "X": 0.6445827484130859,
            "Y": 0.12500017881393433
          },
          {
            "X": 0.5950602889060974,
            "Y": 0.12515263259410858
          }
        ]
      },
      "Id": "cd399e5a-8884-403a-94cc-d765cf183ee0",
      "Page": 1
    },
    {
      "BlockType": "WORD",
      "Confidence": 99.63228607177734,
      "Text": "Experience",
      "TextType": "PRINTED",
      "Geometry": {
        "BoundingBox": {
          "Width": 0.04938051849603653,
          "Height": 0.009269661270081997,
          "Left": 0.6729353666305542,
          "Top": 0.11309127509593964
        },
        "Polygon": [
          {
            "X": 0.673012375831604,
            "Y": 0.11325070261955261
          },
          {
            "X": 0.7223158478736877,
            "Y": 0.11309127509593964
          },
          {
            "X": 0.7222355604171753,
            "Y": 0.12220748513936996
          },
          {
            "X": 0.6729353666305542,
            "Y": 0.12236093729734421
          }
        ]
      },
      "Id": "2236fb5e-6af0-4cf0-9019-799117d8c537",
      "Page": 1
    },
    {
      "BlockType": "WORD",
      "Confidence": 84.65923309326172,
      "Text": "Construindo",
      "TextType": "PRINTED",
      "Geometry": {
        "BoundingBox": {
          "Width": 0.11627690494060516,
          "Height": 0.021191924810409546,
          "Left": 0.06372576206922531,
          "Top": 0.14241552352905273
        },
        "Polygon": [
          {
            "X": 0.06381063908338547,
            "Y": 0.14274835586547852
          },
          {
            "X": 0.18000267446041107,
            "Y": 0.14241552352905273
          },
          {
            "X": 0.1799001842737198,
            "Y": 0.16330717504024506
          },
          {
            "X": 0.06372576206922531,
            "Y": 0.16360744833946228
          }
        ]
      },
      "Id": "4fcf1a97-0f85-4682-8149-4afc01377dd1",
      "Page": 1
    },
    {
      "BlockType": "WORD",
      "Confidence": 99.0669937133789,
      "Text": "modelos",
      "TextType": "PRINTED",
      "Geometry": {
        "BoundingBox": {
          "Width": 0.07829061150550842,
          "Height": 0.016933448612689972,
          "Left": 0.18943242728710175,
          "Top": 0.13578762114048004
        },
        "Polygon": [
          {
            "X": 0.18951550126075745,
            "Y": 0.1360183209180832
          },
          {
            "X": 0.267723023891449,
            "Y": 0.13578762114048004
          },
          {
            "X": 0.2676304578781128,
            "Y": 0.15250788629055023
          },
          {
            "X": 0.18943242728710175,
            "Y": 0.15272106230258942
          }
        ]
      },
      "Id": "c6b07dd2-9833-4ad9-9d5b-d10da911e879",
      "Page": 1
    },
    {
      "BlockType": "WORD",
      "Confidence": 99.7611312866211,
      "Text": "de",
      "TextType": "PRINTED",
      "Geometry": {
        "BoundingBox": {
          "Width": 0.02183666080236435,
          "Height": 0.012542170472443104,
          "Left": 0.2805037796497345,
          "Top": 0.13263645768165588
        },
        "Polygon": [
          {
            "X": 0.2805740237236023,
            "Y": 0.1327015459537506
          },
          {
            "X": 0.30234044790267944,
            "Y": 0.13263645768165588
          },
          {
            "X": 0.30226823687553406,
            "Y": 0.1451171636581421
          },
          {
            "X": 0.2805037796497345,
            "Y": 0.1451786309480667
          }
        ]
      },
      "Id": "13f88b4f-995b-4f39-ac64-d58e4f2fa563",
      "Page": 1
    },
    {
      "BlockType": "WORD",
      "Confidence": 95.82917785644531,
      "Text": "séries",
      "TextType": "PRINTED",
      "Geometry": {
        "BoundingBox": {
          "Width": 0.06983426958322525,
          "Height": 0.016799498349428177,
          "Left": 0.315245658159256,
          "Top": 0.1259721964597702
        },
        "Polygon": [
          {
            "X": 0.3153431713581085,
            "Y": 0.12618672847747803
          },
          {
            "X": 0.38507992029190063,
            "Y": 0.1259721964597702
          },
          {
            "X": 0.3849739730358124,
            "Y": 0.14257265627384186
          },
          {
            "X": 0.315245658159256,
            "Y": 0.14277170598506927
          }
        ]
      },
      "Id": "580ccf0d-d25d-471b-9159-3661bbaafd65",
      "Page": 1
    },
    {
      "BlockType": "WORD",
      "Confidence": 93.7203598022461,
      "Text": "EXCESSO",
      "TextType": "PRINTED",
      "Geometry": {
        "BoundingBox": {
          "Width": 0.056029438972473145,
          "Height": 0.011165675707161427,
          "Left": 0.3957131803035736,
          "Top": 0.14491510391235352
        },
        "Polygon": [
          {
            "X": 0.39578428864479065,
            "Y": 0.14507295191287994
          },
          {
            "X": 0.45174261927604675,
            "Y": 0.14491510391235352
          },
          {
            "X": 0.45166701078414917,
            "Y": 0.15593117475509644
          },
          {
            "X": 0.3957131803035736,
            "Y": 0.15608078241348267
          }
        ]
      },
      "Id": "a73b057a-9c23-4e51-ae19-1d92267e41d7",
      "Page": 1
    },
    {
      "BlockType": "WORD",
      "Confidence": 99.2262191772461,
      "Text": "temporais",
      "TextType": "PRINTED",
      "Geometry": {
        "BoundingBox": {
          "Width": 0.11213790625333786,
          "Height": 0.021778061985969543,
          "Left": 0.39828887581825256,
          "Top": 0.11543338745832443
        },
        "Polygon": [
          {
            "X": 0.3984276354312897,
            "Y": 0.11579308658838272
          },
          {
            "X": 0.5104267597198486,
            "Y": 0.11543338745832443
          },
          {
            "X": 0.5102705359458923,
            "Y": 0.13688383996486664
          },
          {
            "X": 0.39828887581825256,
            "Y": 0.13721145689487457
          }
        ]
      },
      "Id": "fce24985-63e1-4989-a423-4856d55c66ed",
      "Page": 1
    },
    {
      "BlockType": "WORD",
      "Confidence": 94.79051971435547,
      "Text": "DE",
      "TextType": "PRINTED",
      "Geometry": {
        "BoundingBox": {
          "Width": 0.015802700072526932,
          "Height": 0.008014854043722153,
          "Left": 0.4599548578262329,
          "Top": 0.14319553971290588
        },
        "Polygon": [
          {
            "X": 0.4600100517272949,
            "Y": 0.1432403028011322
          },
          {
            "X": 0.47575756907463074,
            "Y": 0.14319553971290588
          },
          {
            "X": 0.4757014811038971,
            "Y": 0.15116730332374573
          },
          {
            "X": 0.4599548578262329,
            "Y": 0.15121039748191833
          }
        ]
      },
      "Id": "3e6547d3-9139-4c86-a433-5d47170dd9fe",
      "Page": 1
    },
    {
      "BlockType": "WORD",
      "Confidence": 99.13031005859375,
      "Text": "OFERTA",
      "TextType": "PRINTED",
      "Geometry": {
        "BoundingBox": {
          "Width": 0.04985249042510986,
          "Height": 0.010204645805060863,
          "Left": 0.48488306999206543,
          "Top": 0.13904325664043427
        },
        "Polygon": [
          {
            "X": 0.48495450615882874,
            "Y": 0.13918742537498474
          },
          {
            "X": 0.5347355604171753,
            "Y": 0.13904325664043427
          },
          {
            "X": 0.5346604585647583,
            "Y": 0.14911043643951416
          },
          {
            "X": 0.48488306999206543,
            "Y": 0.1492479145526886
          }
        ]
      },
      "Id": "72df54a6-5560-4b68-bd77-f9078e0d5142",
      "Page": 1
    },
    {
      "BlockType": "WORD",
      "Confidence": 99.46378326416016,
      "Text": "2025",
      "TextType": "PRINTED",
      "Geometry": {
        "BoundingBox": {
          "Width": 0.022484779357910156,
          "Height": 0.006802169140428305,
          "Left": 0.6725437641143799,
          "Top": 0.12319038808345795
        },
        "Polygon": [
          {
            "X": 0.6726006269454956,
            "Y": 0.12325992435216904
          },
          {
            "X": 0.69502854347229,
            "Y": 0.12319038808345795
          },
          {
            "X": 0.6949704885482788,
            "Y": 0.12992502748966217
          },
          {
            "X": 0.6725437641143799,
            "Y": 0.1299925595521927
          }
        ]
      },
      "Id": "039f481d-226f-4df8-9ec9-062cd35a0fc3",
      "Page": 1
    },
    {
      "BlockType": "WORD",
      "Confidence": 96.82466125488281,
      "Text": "EQUILIBRIO",
      "TextType": "PRINTED",
      "Geometry": {
        "BoundingBox": {
          "Width": 0.06847873330116272,
          "Height": 0.011399967595934868,
          "Left": 0.0821775272488594,
          "Top": 0.1691397875547409
        },
        "Polygon": [
          {
            "X": 0.08222471177577972,
            "Y": 0.16931138932704926
          },
          {
            "X": 0.15065625309944153,
            "Y": 0.1691397875547409
          },
          {
            "X": 0.1506034880876541,
            "Y": 0.18037846684455872
          },
          {
            "X": 0.0821775272488594,
            "Y": 0.18053975701332092
          }
        ]
      },
      "Id": "35b38fd9-eeb4-44cd-bd86-1bcd3165f68d",
      "Page": 1
    },
    {
      "BlockType": "WORD",
      "Confidence": 95.21902465820312,
      "Text": "QUE",
      "TextType": "PRINTED",
      "Geometry": {
        "BoundingBox": {
          "Width": 0.019915428012609482,
          "Height": 0.008430227637290955,
          "Left": 0.15724332630634308,
          "Top": 0.16675010323524475
        },
        "Polygon": [
          {
            "X": 0.15728308260440826,
            "Y": 0.16680055856704712
          },
          {
            "X": 0.17715875804424286,
            "Y": 0.16675010323524475
          },
          {
            "X": 0.17711780965328217,
            "Y": 0.17513211071491241
          },
          {
            "X": 0.15724332630634308,
            "Y": 0.1751803308725357
          }
        ]
      },
      "Id": "755b5f59-e9f5-4f1d-a2e6-908b13b45879",
      "Page": 1
    },
    {
      "BlockType": "WORD",
      "Confidence": 98.53006744384766,
      "Text": "BUSCA",
      "TextType": "PRINTED",
      "Geometry": {
        "BoundingBox": {
          "Width": 0.03481503203511238,
          "Height": 0.009263881482183933,
          "Left": 0.18550869822502136,
          "Top": 0.16304939985275269
        },
        "Polygon": [
          {
            "X": 0.18555408716201782,
            "Y": 0.16313934326171875
          },
          {
            "X": 0.22032374143600464,
            "Y": 0.16304939985275269
          },
          {
            "X": 0.22027604281902313,
            "Y": 0.1722276210784912
          },
          {
            "X": 0.18550869822502136,
            "Y": 0.17231328785419464
          }
        ]
      },
      "Id": "200316c9-d9c3-4008-ba70-386ed9d9a47f",
      "Page": 1
    },
    {
      "BlockType": "WORD",
      "Confidence": 99.04954528808594,
      "Text": "MINIMIZAR",
      "TextType": "PRINTED",
      "Geometry": {
        "BoundingBox": {
          "Width": 0.06593285501003265,
          "Height": 0.012109508737921715,
          "Left": 0.2278030812740326,
          "Top": 0.15726181864738464
        },
        "Polygon": [
          {
            "X": 0.22786575555801392,
            "Y": 0.15743713080883026
          },
          {
            "X": 0.29373595118522644,
            "Y": 0.15726181864738464
          },
          {
            "X": 0.2936675548553467,
            "Y": 0.16920654475688934
          },
          {
            "X": 0.2278030812740326,
            "Y": 0.1693713217973709
          }
        ]
      },
      "Id": "3a0e3a8b-21c7-43d1-8dc7-1f5c2cb05bd3",
      "Page": 1
    },
    {
      "BlockType": "WORD",
      "Confidence": 99.82453918457031,
      "Text": "A",
      "TextType": "PRINTED",
      "Geometry": {
        "BoundingBox": {
          "Width": 0.00703427055850625,
          "Height": 0.006794419605284929,
          "Left": 0.3023412227630615,
          "Top": 0.15645045042037964
        },
        "Polygon": [
          {
            "X": 0.30238044261932373,
            "Y": 0.15646913647651672
          },
          {
            "X": 0.30937549471855164,
            "Y": 0.15645045042037964
          },
          {
            "X": 0.30933594703674316,
            "Y": 0.16322681307792664
          },
          {
            "X": 0.3023412227630615,
            "Y": 0.16324487328529358
          }
        ]
      },
      "Id": "af3a06cc-83f1-40db-8c7f-11bc5539e172",
      "Page": 1
    },
    {
      "BlockType": "WORD",
      "Confidence": 99.1002197265625,
      "Text": "FALTA",
      "TextType": "PRINTED",
      "Geometry": {
        "BoundingBox": {
          "Width": 0.03799838945269585,
          "Height": 0.009570321068167686,
          "Left": 0.3172241747379303,
          "Top": 0.15259170532226562
        },
        "Polygon": [
          {
            "X": 0.31727999448776245,
            "Y": 0.152694970369339
          },
          {
            "X": 0.35522258281707764,
            "Y": 0.15259170532226562
          },
          {
            "X": 0.35516414046287537,
            "Y": 0.1620635688304901
          },
          {
            "X": 0.3172241747379303,
            "Y": 0.16216202080249786
          }
        ]
      },
      "Id": "8d265bfd-7a61-4fe0-8bff-619ce667951a",
      "Page": 1
    },
    {
      "BlockType": "WORD",
      "Confidence": 97.73779296875,
      "Text": "E",
      "TextType": "PRINTED",
      "Geometry": {
        "BoundingBox": {
          "Width": 0.006572908256202936,
          "Height": 0.007032726425677538,
          "Left": 0.36436131596565247,
          "Top": 0.15130950510501862
        },
        "Polygon": [
          {
            "X": 0.3644050359725952,
            "Y": 0.15132738649845123
          },
          {
            "X": 0.37093421816825867,
            "Y": 0.15130950510501862
          },
          {
            "X": 0.37089014053344727,
            "Y": 0.1583249568939209
          },
          {
            "X": 0.36436131596565247,
            "Y": 0.15834222733974457
          }
        ]
      },
      "Id": "804faca7-da98-444d-b28b-86075fae75c2",
      "Page": 1
    },
    {
      "BlockType": "WORD",
      "Confidence": 90.34858703613281,
      "Text": "0",
      "TextType": "PRINTED",
      "Geometry": {
        "BoundingBox": {
          "Width": 0.006727725733071566,
          "Height": 0.006429851055145264,
          "Left": 0.37994593381881714,
          "Top": 0.15044599771499634
        },
        "Polygon": [
          {
            "X": 0.37998661398887634,
            "Y": 0.15046438574790955
          },
          {
            "X": 0.3866736590862274,
            "Y": 0.15044599771499634
          },
          {
            "X": 0.38663265109062195,
            "Y": 0.15685804188251495
          },
          {
            "X": 0.37994593381881714,
            "Y": 0.1568758487701416
          }
        ]
      },
      "Id": "7ee69e0b-52ca-4bb3-9f2d-e24da958d55b",
      "Page": 1
    },
    {
      "BlockType": "WORD",
      "Confidence": 98.78553009033203,
      "Text": "UM",
      "TextType": "PRINTED",
      "Geometry": {
        "BoundingBox": {
          "Width": 0.013165829703211784,
          "Height": 0.0067445142194628716,
          "Left": 0.06212160736322403,
          "Top": 0.17486260831356049
        },
        "Polygon": [
          {
            "X": 0.06214884668588638,
            "Y": 0.17489458620548248
          },
          {
            "X": 0.07528743892908096,
            "Y": 0.17486260831356049
          },
          {
            "X": 0.07525955885648727,
            "Y": 0.18157634139060974
          },
          {
            "X": 0.06212160736322403,
            "Y": 0.18160712718963623
          }
        ]
      },
      "Id": "1cdc5d28-bf93-473f-9a41-cf04092abd5f",
      "Page": 1
    },
    {
      "BlockType": "WORD",
      "Confidence": 59.65128707885742,
      "Text": "a",
      "TextType": "PRINTED",
      "Geometry": {
        "BoundingBox": {
          "Width": 0.09096303582191467,
          "Height": 0.05862116068601608,
          "Left": 0.9090369939804077,
          "Top": 0.18836912512779236
        },
        "Polygon": [
          {
            "X": 0.9096307158470154,
            "Y": 0.1885760873556137
          },
          {
            "X": 1,
            "Y": 0.18836912512779236
          },
          {
            "X": 1,
            "Y": 0.2468554675579071
          },
          {
            "X": 0.9090369939804077,
            "Y": 0.24699029326438904
          }
        ]
      },
      "Id": "0fe086ec-d3ea-46ee-b1ca-0da30dc8fa19",
      "Page": 1
    },
    {
      "BlockType": "WORD",
      "Confidence": 96.185546875,
      "Text": "História",
      "TextType": "PRINTED",
      "Geometry": {
        "BoundingBox": {
          "Width": 0.04777306318283081,
          "Height": 0.01035235170274973,
          "Left": 0.395746648311615,
          "Top": 0.3064589202404022
        },
        "Polygon": [
          {
            "X": 0.39581337571144104,
            "Y": 0.3064906597137451
          },
          {
            "X": 0.4435197114944458,
            "Y": 0.3064589202404022
          },
          {
            "X": 0.44344934821128845,
            "Y": 0.31678611040115356
          },
          {
            "X": 0.395746648311615,
            "Y": 0.3168112635612488
          }
        ]
      },
      "Id": "c12f6ebc-c5e9-4055-8414-eb166b9ea2c8",
      "Page": 1
    },
    {
      "BlockType": "WORD",
      "Confidence": 99.80115509033203,
      "Text": "Futuro",
      "TextType": "PRINTED",
      "Geometry": {
        "BoundingBox": {
          "Width": 0.04369862750172615,
          "Height": 0.009062772616744041,
          "Left": 0.5264756083488464,
          "Top": 0.3029172420501709
        },
        "Polygon": [
          {
            "X": 0.5265425443649292,
            "Y": 0.3029482960700989
          },
          {
            "X": 0.5701742768287659,
            "Y": 0.3029172420501709
          },
          {
            "X": 0.5701044797897339,
            "Y": 0.31195423007011414
          },
          {
            "X": 0.5264756083488464,
            "Y": 0.3119800388813019
          }
        ]
      },
      "Id": "977d5242-87de-45f7-8ccf-d938bee884be",
      "Page": 1
    },
    {
      "BlockType": "WORD",
      "Confidence": 99.5052490234375,
      "Text": "conhecida",
      "TextType": "PRINTED",
      "Geometry": {
        "BoundingBox": {
          "Width": 0.06144004315137863,
          "Height": 0.010743264108896255,
          "Left": 0.3886946737766266,
          "Top": 0.31886377930641174
        },
        "Polygon": [
          {
            "X": 0.3887633979320526,
            "Y": 0.3188944458961487
          },
          {
            "X": 0.4501346945762634,
            "Y": 0.31886377930641174
          },
          {
            "X": 0.4500611424446106,
            "Y": 0.32958516478538513
          },
          {
            "X": 0.3886946737766266,
            "Y": 0.3296070396900177
          }
        ]
      },
      "Id": "e930fdaa-bbda-473a-b25b-690289501fff",
      "Page": 1
    },
    {
      "BlockType": "WORD",
      "Confidence": 98.60194396972656,
      "Text": "desconhecido",
      "TextType": "PRINTED",
      "Geometry": {
        "BoundingBox": {
          "Width": 0.0886164978146553,
          "Height": 0.01131912786513567,
          "Left": 0.5033569931983948,
          "Top": 0.314543217420578
        },
        "Polygon": [
          {
            "X": 0.5034385919570923,
            "Y": 0.31459248065948486
          },
          {
            "X": 0.5919734835624695,
            "Y": 0.314543217420578
          },
          {
            "X": 0.5918845534324646,
            "Y": 0.32582637667655945
          },
          {
            "X": 0.5033569931983948,
            "Y": 0.3258623480796814
          }
        ]
      },
      "Id": "d9fb11e1-92df-4b87-b538-a8ee782d5e5d",
      "Page": 1
    }
  ],
  "DetectDocumentTextModelVersion": "1.0"
}