{
  "DocumentMetadata": {
    "Pages": 1
  },
  "JobStatus": "SUCCEEDED",
  "Blocks": [
    {
      "BlockType": "PAGE",
      "Geometry": {
        "BoundingBox": {
          "Width": 1,
          "Height": 1,
          "Left": 0,
          "Top": 0
        },
        "Polygon": [
          {
            "X": 4.9154035508536253e-8,
            "Y": 7.61771588031479e-8
          },
          {
            "X": 1,
            "Y": 0
          },
          {
            "X": 1,
            "Y": 1
          },
          {
            "X": 0,
            "Y": 1
          }
        ]
      },
      "Id": "16c1b77c-7580-4282-9dfb-c40337c0f9c8",
      "Relationships": [
        {
          "Type": "CHILD",
          "Ids": [
            "2288a160-7d0e-4e00-a6f9-6fbef73d84bd",
            "7f5b1ccc-8042-4384-94d3-229a330975da",
            "adcf8349-1466-4185-a0b8-c925f560a241",
            "15c2a597-213a-4a2d-b78b-680b6dc005b8",
            "8c3f4270-ffe3-4ff6-9817-8554bbf321b4",
            "55681f84-7b5e-4919-8f07-7456f2ebbf9e",
            "636379f9-a330-4e06-8bd4-4d77d049394e",
            "8ff9e265-c940-4a74-8944-6474a1e894c6",
            "6a8e5c2b-5eb1-4e4e-aa7c-2d9b6013d526",
            "43c17b14-fa12-4da4-880b-3fde95eea919",
            "e3bb1d43-33fb-47ef-b70d-33bd174db261",
            "c335e706-5727-499f-8075-31f7ae48078a",
            "43777cb7-df25-49a5-88fa-54e1e54b3aaf",
            "8bdb54f1-f30e-448b-96c4-4e98ba3a8142",
            "c7ade2a3-2a26-4153-bfc6-06cbcb5a99cd",
            "8cf4e11c-28d7-4675-88b1-532244c56220",
            "a535713b-34af-457b-8869-e359c89adac5",
            "10fc88fc-8baa-460a-b7c6-d50aeedcb6ea",
            "c4c5ab6b-3153-4873-8b49-7142aa8eaf21",
            "f24bd0b3-7a10-4046-906b-b57f2f87a285",
            "1f31e093-57ef-4b0b-8df4-8baa76969da7",
            "c1bd102d-a41d-461e-a232-2f21db0a58e1",
            "03af9723-a979-462e-9231-a67229da5541"
          ]
        }
      ],
      "Page": 1
    },
    {
      "BlockType": "LINE",
      "Confidence": 99.959716796875,
      "Text": "Get started",
      "Geometry": {
        "BoundingBox": {
          "Width": 0.10655210167169571,
          "Height": 0.021495427936315536,
          "Left": 0.38201841711997986,
          "Top": 0.2694856822490692
        },
        "Polygon": [
          {
            "X": 0.3823370039463043,
            "Y": 0.2751350998878479
          },
          {
            "X": 0.48857054114341736,
            "Y": 0.2694856822490692
          },
          {
            "X": 0.488229900598526,
            "Y": 0.2854396104812622
          },
          {
            "X": 0.38201841711997986,
            "Y": 0.29098111391067505
          }
        ]
      },
      "Id": "2288a160-7d0e-4e00-a6f9-6fbef73d84bd",
      "Relationships": [
        {
          "Type": "CHILD",
          "Ids": [
            "9409ba77-62cc-45d2-a705-ad5cf372668f",
            "7b20857d-9867-4084-85be-d20402c77b1f"
          ]
        }
      ],
      "Page": 1
    },
    {
      "BlockType": "LINE",
      "Confidence": 96.88651275634766,
      "Text": "Crie um protótipo da",
      "Geometry": {
        "BoundingBox": {
          "Width": 0.10071694850921631,
          "Height": 0.014212188310921192,
          "Left": 0.3816564977169037,
          "Top": 0.29975271224975586
        },
        "Polygon": [
          {
            "X": 0.3818385899066925,
            "Y": 0.3049091696739197
          },
          {
            "X": 0.48237344622612,
            "Y": 0.29975271224975586
          },
          {
            "X": 0.4821794629096985,
            "Y": 0.30886679887771606
          },
          {
            "X": 0.3816564977169037,
            "Y": 0.3139649033546448
          }
        ]
      },
      "Id": "7f5b1ccc-8042-4384-94d3-229a330975da",
      "Relationships": [
        {
          "Type": "CHILD",
          "Ids": [
            "b2b1778a-ca2f-4199-acb7-309e8d02e395",
            "9ae7ae7e-0dfe-4d2a-a228-a34da16c5989",
            "a07e079a-42fd-4ec5-b203-0eb649401426",
            "e1cfbf4e-e2f8-48ea-9ed0-b93bcfa9568b"
          ]
        }
      ],
      "Page": 1
    },
    {
      "BlockType": "LINE",
      "Confidence": 99.37645721435547,
      "Text": "Escale seus projetos",
      "Geometry": {
        "BoundingBox": {
          "Width": 0.10656332969665527,
          "Height": 0.014537612907588482,
          "Left": 0.5625462532043457,
          "Top": 0.2893982529640198
        },
        "Polygon": [
          {
            "X": 0.5627480149269104,
            "Y": 0.2948586940765381
          },
          {
            "X": 0.669109582901001,
            "Y": 0.2893982529640198
          },
          {
            "X": 0.6688950657844543,
            "Y": 0.29853659868240356
          },
          {
            "X": 0.5625462532043457,
            "Y": 0.30393585562705994
          }
        ]
      },
      "Id": "adcf8349-1466-4185-a0b8-c925f560a241",
      "Relationships": [
        {
          "Type": "CHILD",
          "Ids": [
            "224c9351-71e9-4790-82bd-9148e7690d92",
            "ce6a3db5-3418-4205-a91b-4eee5ae50192",
            "01d95c0b-b088-4320-acd3-01a9000ba83e"
          ]
        }
      ],
      "Page": 1
    },
    {
      "BlockType": "LINE",
      "Confidence": 98.92897033691406,
      "Text": "Desenvolva sua",
      "Geometry": {
        "BoundingBox": {
          "Width": 0.06731227040290833,
          "Height": 0.010585621930658817,
          "Left": 0.23152443766593933,
          "Top": 0.31535258889198303
        },
        "Polygon": [
          {
            "X": 0.23165592551231384,
            "Y": 0.3187717795372009
          },
          {
            "X": 0.29883670806884766,
            "Y": 0.31535258889198303
          },
          {
            "X": 0.2986989915370941,
            "Y": 0.3225501775741577
          },
          {
            "X": 0.23152443766593933,
            "Y": 0.3259381949901581
          }
        ]
      },
      "Id": "15c2a597-213a-4a2d-b78b-680b6dc005b8",
      "Relationships": [
        {
          "Type": "CHILD",
          "Ids": [
            "9f992ce5-db52-4de1-bac2-6b0862b56643",
            "31ce37eb-ecb8-4e11-9268-5610b041801f"
          ]
        }
      ],
      "Page": 1
    },
    {
      "BlockType": "LINE",
      "Confidence": 93.26309204101562,
      "Text": "estratégia e equipe",
      "Geometry": {
        "BoundingBox": {
          "Width": 0.08475631475448608,
          "Height": 0.012617857195436954,
          "Left": 0.2214481383562088,
          "Top": 0.32292431592941284
        },
        "Polygon": [
          {
            "X": 0.2216004580259323,
            "Y": 0.32718735933303833
          },
          {
            "X": 0.3062044382095337,
            "Y": 0.32292431592941284
          },
          {
            "X": 0.30604296922683716,
            "Y": 0.33132490515708923
          },
          {
            "X": 0.2214481383562088,
            "Y": 0.3355421721935272
          }
        ]
      },
      "Id": "8c3f4270-ffe3-4ff6-9817-8554bbf321b4",
      "Relationships": [
        {
          "Type": "CHILD",
          "Ids": [
            "dc64784b-f482-4082-9928-3c04cdcccc48",
            "9a40f64c-d075-4bf2-afc1-6c122d4c232f",
            "c27439f3-d724-4b8f-81cc-3e3b9fd93639"
          ]
        }
      ],
      "Page": 1
    },
    {
      "BlockType": "LINE",
      "Confidence": 94.8572769165039,
      "Text": "sua estratégia",
      "Geometry": {
        "BoundingBox": {
          "Width": 0.06744619458913803,
          "Height": 0.010588785633444786,
          "Left": 0.39743486046791077,
          "Top": 0.3112376630306244
        },
        "Polygon": [
          {
            "X": 0.3975805938243866,
            "Y": 0.3146445155143738
          },
          {
            "X": 0.4648810625076294,
            "Y": 0.3112376630306244
          },
          {
            "X": 0.464728981256485,
            "Y": 0.31845057010650635
          },
          {
            "X": 0.39743486046791077,
            "Y": 0.3218264579772949
          }
        ]
      },
      "Id": "55681f84-7b5e-4919-8f07-7456f2ebbf9e",
      "Relationships": [
        {
          "Type": "CHILD",
          "Ids": [
            "a83dcb2f-4df0-4c47-ab53-cd6f41efb300",
            "0036540a-d5c1-4e1f-9be8-8e1ab3a0b2a4"
          ]
        }
      ],
      "Page": 1
    },
    {
      "BlockType": "LINE",
      "Confidence": 99.84752655029297,
      "Text": "Cloud",
      "Geometry": {
        "BoundingBox": {
          "Width": 0.04730718210339546,
          "Height": 0.015427312813699245,
          "Left": 0.003221654100343585,
          "Top": 0.3568064272403717
        },
        "Polygon": [
          {
            "X": 0.003427312010899186,
            "Y": 0.3591156303882599
          },
          {
            "X": 0.050528835505247116,
            "Y": 0.3568064272403717
          },
          {
            "X": 0.05031527206301689,
            "Y": 0.3699651062488556
          },
          {
            "X": 0.003221654100343585,
            "Y": 0.3722337484359741
          }
        ]
      },
      "Id": "636379f9-a330-4e06-8bd4-4d77d049394e",
      "Relationships": [
        {
          "Type": "CHILD",
          "Ids": [
            "7aaac001-c3c4-402d-82e3-a4ec555bfb3e"
          ]
        }
      ],
      "Page": 1
    },
    {
      "BlockType": "LINE",
      "Confidence": 99.89437866210938,
      "Text": "Experience",
      "Geometry": {
        "BoundingBox": {
          "Width": 0.08950716257095337,
          "Height": 0.01999419555068016,
          "Left": 0,
          "Top": 0.37308162450790405
        },
        "Polygon": [
          {
            "X": 0.00022013128909748048,
            "Y": 0.3773539364337921
          },
          {
            "X": 0.08950716257095337,
            "Y": 0.37308162450790405
          },
          {
            "X": 0.08924321830272675,
            "Y": 0.3888956606388092
          },
          {
            "X": 0,
            "Y": 0.3930758237838745
          }
        ]
      },
      "Id": "8ff9e265-c940-4a74-8944-6474a1e894c6",
      "Relationships": [
        {
          "Type": "CHILD",
          "Ids": [
            "7df21bf0-4f6d-4f64-9ca2-d490f1afea2e"
          ]
        }
      ],
      "Page": 1
    },
    {
      "BlockType": "LINE",
      "Confidence": 98.65646362304688,
      "Text": "Data-driven everything",
      "Geometry": {
        "BoundingBox": {
          "Width": 0.08814078569412231,
          "Height": 0.011381986550986767,
          "Left": 0.21418602764606476,
          "Top": 0.36969873309135437
        },
        "Polygon": [
          {
            "X": 0.21431691944599152,
            "Y": 0.37387174367904663
          },
          {
            "X": 0.30232682824134827,
            "Y": 0.36969873309135437
          },
          {
            "X": 0.3021877110004425,
            "Y": 0.3769487738609314
          },
          {
            "X": 0.21418602764606476,
            "Y": 0.3810807168483734
          }
        ]
      },
      "Id": "6a8e5c2b-5eb1-4e4e-aa7c-2d9b6013d526",
      "Relationships": [
        {
          "Type": "CHILD",
          "Ids": [
            "a6eac6d0-785d-4396-be90-8560798eb1b8",
            "95f3a7a7-ff9d-4e4d-b1a6-de4863a8da91"
          ]
        }
      ],
      "Page": 1
    },
    {
      "BlockType": "LINE",
      "Confidence": 90.26249694824219,
      "Text": "Generative Al Innovation Center",
      "Geometry": {
        "BoundingBox": {
          "Width": 0.13224674761295319,
          "Height": 0.013862933032214642,
          "Left": 0.36217761039733887,
          "Top": 0.35767433047294617
        },
        "Polygon": [
          {
            "X": 0.36232829093933105,
            "Y": 0.36396199464797974
          },
          {
            "X": 0.49442437291145325,
            "Y": 0.35767433047294617
          },
          {
            "X": 0.4942605793476105,
            "Y": 0.3653137981891632
          },
          {
            "X": 0.36217761039733887,
            "Y": 0.3715372681617737
          }
        ]
      },
      "Id": "43c17b14-fa12-4da4-880b-3fde95eea919",
      "Relationships": [
        {
          "Type": "CHILD",
          "Ids": [
            "c914d418-4591-4c21-a10f-d91c02e534d4",
            "fde7fa11-4334-4912-b65f-5babf1841623",
            "71dbde73-2639-4760-9716-29710ab1a7bf",
            "41fc1500-8b1a-4beb-8f0a-562e1c713037"
          ]
        }
      ],
      "Page": 1
    },
    {
      "BlockType": "LINE",
      "Confidence": 99.1084213256836,
      "Text": "AWS Marketplace (ISVs)",
      "Geometry": {
        "BoundingBox": {
          "Width": 0.10922442376613617,
          "Height": 0.0143231600522995,
          "Left": 0.5587536096572876,
          "Top": 0.345299631357193
        },
        "Polygon": [
          {
            "X": 0.558955729007721,
            "Y": 0.3505169451236725
          },
          {
            "X": 0.667978048324585,
            "Y": 0.345299631357193
          },
          {
            "X": 0.667762815952301,
            "Y": 0.35446834564208984
          },
          {
            "X": 0.5587536096572876,
            "Y": 0.3596227765083313
          }
        ]
      },
      "Id": "e3bb1d43-33fb-47ef-b70d-33bd174db261",
      "Relationships": [
        {
          "Type": "CHILD",
          "Ids": [
            "2ea8cfe9-d316-4db2-8b59-16b0cc49cd76",
            "5cd25147-e25f-4fce-ae52-3269cf553ad0",
            "503a793e-8567-490e-837c-c4169d7824f6"
          ]
        }
      ],
      "Page": 1
    },
    {
      "BlockType": "LINE",
      "Confidence": 99.02919006347656,
      "Text": "5",
      "Geometry": {
        "BoundingBox": {
          "Width": 0.010422859340906143,
          "Height": 0.012118352577090263,
          "Left": 0.02766965515911579,
          "Top": 0.3949960172176361
        },
        "Polygon": [
          {
            "X": 0.027855580672621727,
            "Y": 0.395472913980484
          },
          {
            "X": 0.038092512637376785,
            "Y": 0.3949960172176361
          },
          {
            "X": 0.03790506348013878,
            "Y": 0.406645268201828
          },
          {
            "X": 0.02766965515911579,
            "Y": 0.4071143567562103
          }
        ]
      },
      "Id": "c335e706-5727-499f-8075-31f7ae48078a",
      "Relationships": [
        {
          "Type": "CHILD",
          "Ids": [
            "b0412322-be3f-4f88-bf2c-b03cb0f674ca"
          ]
        }
      ],
      "Page": 1
    },
    {
      "BlockType": "LINE",
      "Confidence": 82.27676391601562,
      "Text": "5",
      "Geometry": {
        "BoundingBox": {
          "Width": 0.022955428808927536,
          "Height": 0.018433738499879837,
          "Left": 0.41784340143203735,
          "Top": 0.3783057630062103
        },
        "Polygon": [
          {
            "X": 0.41820067167282104,
            "Y": 0.3793555498123169
          },
          {
            "X": 0.4407988488674164,
            "Y": 0.3783057630062103
          },
          {
            "X": 0.440436452627182,
            "Y": 0.39571478962898254
          },
          {
            "X": 0.41784340143203735,
            "Y": 0.39673948287963867
          }
        ]
      },
      "Id": "43777cb7-df25-49a5-88fa-54e1e54b3aaf",
      "Relationships": [
        {
          "Type": "CHILD",
          "Ids": [
            "39b2b7a5-1f4a-4a5c-a703-94b312bb5737"
          ]
        }
      ],
      "Page": 1
    },
    {
      "BlockType": "LINE",
      "Confidence": 84.8372573852539,
      "Text": "88",
      "Geometry": {
        "BoundingBox": {
          "Width": 0.02324659563601017,
          "Height": 0.010606451891362667,
          "Left": 0.6039009690284729,
          "Top": 0.3664005398750305
        },
        "Polygon": [
          {
            "X": 0.6041176319122314,
            "Y": 0.36747509241104126
          },
          {
            "X": 0.6271475553512573,
            "Y": 0.3664005398750305
          },
          {
            "X": 0.6269280314445496,
            "Y": 0.3759463131427765
          },
          {
            "X": 0.6039009690284729,
            "Y": 0.37700700759887695
          }
        ]
      },
      "Id": "8bdb54f1-f30e-448b-96c4-4e98ba3a8142",
      "Relationships": [
        {
          "Type": "CHILD",
          "Ids": [
            "d525bb7a-e885-45b3-843d-90dabd085708"
          ]
        }
      ],
      "Page": 1
    },
    {
      "BlockType": "LINE",
      "Confidence": 99.86759948730469,
      "Text": "Data strategy",
      "Geometry": {
        "BoundingBox": {
          "Width": 0.05226869136095047,
          "Height": 0.009306848980486393,
          "Left": 0.22913675010204315,
          "Top": 0.4077551066875458
        },
        "Polygon": [
          {
            "X": 0.22926434874534607,
            "Y": 0.4101038873195648
          },
          {
            "X": 0.2814054489135742,
            "Y": 0.4077551066875458
          },
          {
            "X": 0.28127312660217285,
            "Y": 0.41473665833473206
          },
          {
            "X": 0.22913675010204315,
            "Y": 0.4170619547367096
          }
        ]
      },
      "Id": "c7ade2a3-2a26-4153-bfc6-06cbcb5a99cd",
      "Relationships": [
        {
          "Type": "CHILD",
          "Ids": [
            "cfbea03b-004e-421b-b3d0-10f8fc87bce1",
            "b3afa75a-2354-46e4-a96f-cb21d1ea386d"
          ]
        }
      ],
      "Page": 1
    },
    {
      "BlockType": "LINE",
      "Confidence": 99.70978546142578,
      "Text": "AWS Immersion Day",
      "Geometry": {
        "BoundingBox": {
          "Width": 0.08502915501594543,
          "Height": 0.011260870844125748,
          "Left": 0.38381826877593994,
          "Top": 0.39782002568244934
        },
        "Polygon": [
          {
            "X": 0.3839679956436157,
            "Y": 0.4016515016555786
          },
          {
            "X": 0.4688474237918854,
            "Y": 0.39782002568244934
          },
          {
            "X": 0.4686894416809082,
            "Y": 0.40528976917266846
          },
          {
            "X": 0.38381826877593994,
            "Y": 0.4090808928012848
          }
        ]
      },
      "Id": "8cf4e11c-28d7-4675-88b1-532244c56220",
      "Relationships": [
        {
          "Type": "CHILD",
          "Ids": [
            "7e2c498f-cb6c-4cdb-b56e-ccf0871403f3",
            "5c89f280-f4c0-41f9-a9ad-eae85c6c8bb3",
            "206b1143-2546-4121-a123-181d5b57233c"
          ]
        }
      ],
      "Page": 1
    },
    {
      "BlockType": "LINE",
      "Confidence": 99.7761459350586,
      "Text": "AWS Professional Services",
      "Geometry": {
        "BoundingBox": {
          "Width": 0.12137756496667862,
          "Height": 0.013057085685431957,
          "Left": 0.5529616475105286,
          "Top": 0.38579198718070984
        },
        "Polygon": [
          {
            "X": 0.5531290769577026,
            "Y": 0.3912842571735382
          },
          {
            "X": 0.6743391752243042,
            "Y": 0.38579198718070984
          },
          {
            "X": 0.674159586429596,
            "Y": 0.39341485500335693
          },
          {
            "X": 0.5529616475105286,
            "Y": 0.3988490700721741
          }
        ]
      },
      "Id": "a535713b-34af-457b-8869-e359c89adac5",
      "Relationships": [
        {
          "Type": "CHILD",
          "Ids": [
            "693e0790-2c06-433a-bb2a-02707c4667a6",
            "d0bc8889-590c-4b04-9850-a73baf43596d",
            "0be24381-a117-4787-9f6e-a6534c7600f3"
          ]
        }
      ],
      "Page": 1
    },
    {
      "BlockType": "LINE",
      "Confidence": 99.66307830810547,
      "Text": "AWS Pathfinder",
      "Geometry": {
        "BoundingBox": {
          "Width": 0.06250952184200287,
          "Height": 0.00873097125440836,
          "Left": 0.220846489071846,
          "Top": 0.4445260465145111
        },
        "Polygon": [
          {
            "X": 0.2209572046995163,
            "Y": 0.44718989729881287
          },
          {
            "X": 0.2833560109138489,
            "Y": 0.4445260465145111
          },
          {
            "X": 0.2832403779029846,
            "Y": 0.45061761140823364
          },
          {
            "X": 0.220846489071846,
            "Y": 0.4532569944858551
          }
        ]
      },
      "Id": "10fc88fc-8baa-460a-b7c6-d50aeedcb6ea",
      "Relationships": [
        {
          "Type": "CHILD",
          "Ids": [
            "b03a4f1f-308f-47c8-b801-0ee676abb3ef",
            "1a943a32-016a-40cf-88d6-1c54d4f0cae6"
          ]
        }
      ],
      "Page": 1
    },
    {
      "BlockType": "LINE",
      "Confidence": 99.89936065673828,
      "Text": "AWS Migration",
      "Geometry": {
        "BoundingBox": {
          "Width": 0.07030583173036575,
          "Height": 0.011160464957356453,
          "Left": 0.5776060819625854,
          "Top": 0.4282785654067993
        },
        "Polygon": [
          {
            "X": 0.5777892470359802,
            "Y": 0.4312751591205597
          },
          {
            "X": 0.6479119062423706,
            "Y": 0.4282785654067993
          },
          {
            "X": 0.6477211713790894,
            "Y": 0.4364786148071289
          },
          {
            "X": 0.5776060819625854,
            "Y": 0.4394390285015106
          }
        ]
      },
      "Id": "c4c5ab6b-3153-4873-8b49-7142aa8eaf21",
      "Relationships": [
        {
          "Type": "CHILD",
          "Ids": [
            "f708c58b-9afc-4ec5-927a-ca2ea3d9096c",
            "40578a8a-55db-4eed-bad3-dac9de275715"
          ]
        }
      ],
      "Page": 1
    },
    {
      "BlockType": "LINE",
      "Confidence": 99.90694427490234,
      "Text": "Acceleration Program",
      "Geometry": {
        "BoundingBox": {
          "Width": 0.10149272531270981,
          "Height": 0.01208184938877821,
          "Left": 0.5624658465385437,
          "Top": 0.436257004737854
        },
        "Polygon": [
          {
            "X": 0.5626396536827087,
            "Y": 0.44053196907043457
          },
          {
            "X": 0.6639586091041565,
            "Y": 0.436257004737854
          },
          {
            "X": 0.663774311542511,
            "Y": 0.44411396980285645
          },
          {
            "X": 0.5624658465385437,
            "Y": 0.4483388662338257
          }
        ]
      },
      "Id": "f24bd0b3-7a10-4046-906b-b57f2f87a285",
      "Relationships": [
        {
          "Type": "CHILD",
          "Ids": [
            "9572a6ed-7169-4e9a-8560-4d9024eb7b73",
            "dd83c451-27a9-4161-9cbc-c442bbbfa199"
          ]
        }
      ],
      "Page": 1
    },
    {
      "BlockType": "LINE",
      "Confidence": 99.92301177978516,
      "Text": "AWS Partner Network",
      "Geometry": {
        "BoundingBox": {
          "Width": 0.10290215909481049,
          "Height": 0.010948405601084232,
          "Left": 0.5622992515563965,
          "Top": 0.47772762179374695
        },
        "Polygon": [
          {
            "X": 0.562452495098114,
            "Y": 0.4817967712879181
          },
          {
            "X": 0.6652014255523682,
            "Y": 0.47772762179374695
          },
          {
            "X": 0.6650388836860657,
            "Y": 0.4846515953540802
          },
          {
            "X": 0.5622992515563965,
            "Y": 0.4886760413646698
          }
        ]
      },
      "Id": "1f31e093-57ef-4b0b-8df4-8baa76969da7",
      "Relationships": [
        {
          "Type": "CHILD",
          "Ids": [
            "4683f8b1-26be-4572-938e-3cf019ec7060",
            "f89f360b-def6-4008-b3c2-f5d94614b2cd",
            "d40a9da0-4f66-400e-8d56-e5434d655314"
          ]
        }
      ],
      "Page": 1
    },
    {
      "BlockType": "LINE",
      "Confidence": 99.48961639404297,
      "Text": "100,000+ AWS partners globally",
      "Geometry": {
        "BoundingBox": {
          "Width": 0.1304447054862976,
          "Height": 0.013062547892332077,
          "Left": 0.5493683218955994,
          "Top": 0.48521581292152405
        },
        "Polygon": [
          {
            "X": 0.5495445728302002,
            "Y": 0.49030929803848267
          },
          {
            "X": 0.679813027381897,
            "Y": 0.48521581292152405
          },
          {
            "X": 0.6796229481697083,
            "Y": 0.4932505786418915
          },
          {
            "X": 0.5493683218955994,
            "Y": 0.4982783794403076
          }
        ]
      },
      "Id": "c1bd102d-a41d-461e-a232-2f21db0a58e1",
      "Relationships": [
        {
          "Type": "CHILD",
          "Ids": [
            "c8a8ca8f-cf95-4886-9760-88aa44c4ed55",
            "b510de4b-c92f-4ec6-970b-1ebde1df1b85",
            "64fbbdb4-d0eb-4c93-903f-6b753c980a28",
            "376dd4ac-af16-4e7d-9adc-957ebc0ebdb2"
          ]
        }
      ],
      "Page": 1
    },
    {
      "BlockType": "LINE",
      "Confidence": 97.13793182373047,
      "Text": "30",
      "Geometry": {
        "BoundingBox": {
          "Width": 0.011264446191489697,
          "Height": 0.006525611504912376,
          "Left": 0.7449083924293518,
          "Top": 0.500341534614563
        },
        "Polygon": [
          {
            "X": 0.7450574636459351,
            "Y": 0.5007636547088623
          },
          {
            "X": 0.7561728358268738,
            "Y": 0.500341534614563
          },
          {
            "X": 0.7560228705406189,
            "Y": 0.5064492225646973
          },
          {
            "X": 0.7449083924293518,
            "Y": 0.5068671107292175
          }
        ]
      },
      "Id": "03af9723-a979-462e-9231-a67229da5541",
      "Relationships": [
        {
          "Type": "CHILD",
          "Ids": [
            "3da9c489-2ed8-480c-955a-8fec72495ba9"
          ]
        }
      ],
      "Page": 1
    },
    {
      "BlockType": "WORD",
      "Confidence": 99.9649658203125,
      "Text": "Get",
      "TextType": "PRINTED",
      "Geometry": {
        "BoundingBox": {
          "Width": 0.03319250047206879,
          "Height": 0.014395425096154213,
          "Left": 0.38201841711997986,
          "Top": 0.2765856981277466
        },
        "Polygon": [
          {
            "X": 0.38227277994155884,
            "Y": 0.27833062410354614
          },
          {
            "X": 0.41521093249320984,
            "Y": 0.2765856981277466
          },
          {
            "X": 0.4149511456489563,
            "Y": 0.2892628610134125
          },
          {
            "X": 0.38201841711997986,
            "Y": 0.29098111391067505
          }
        ]
      },
      "Id": "9409ba77-62cc-45d2-a705-ad5cf372668f",
      "Page": 1
    },
    {
      "BlockType": "WORD",
      "Confidence": 99.9544677734375,
      "Text": "started",
      "TextType": "PRINTED",
      "Geometry": {
        "BoundingBox": {
          "Width": 0.06945338845252991,
          "Height": 0.01842539571225643,
          "Left": 0.41911715269088745,
          "Top": 0.2694856822490692
        },
        "Polygon": [
          {
            "X": 0.419420063495636,
            "Y": 0.2731630504131317
          },
          {
            "X": 0.48857054114341736,
            "Y": 0.2694856822490692
          },
          {
            "X": 0.48825427889823914,
            "Y": 0.28429892659187317
          },
          {
            "X": 0.41911715269088745,
            "Y": 0.2879110872745514
          }
        ]
      },
      "Id": "7b20857d-9867-4084-85be-d20402c77b1f",
      "Page": 1
    },
    {
      "BlockType": "WORD",
      "Confidence": 99.64125061035156,
      "Text": "Crie",
      "TextType": "PRINTED",
      "Geometry": {
        "BoundingBox": {
          "Width": 0.01872686855494976,
          "Height": 0.0074214511550962925,
          "Left": 0.38165906071662903,
          "Top": 0.30641618371009827
        },
        "Polygon": [
          {
            "X": 0.3817891776561737,
            "Y": 0.30736711621284485
          },
          {
            "X": 0.40038594603538513,
            "Y": 0.30641618371009827
          },
          {
            "X": 0.4002542793750763,
            "Y": 0.31289443373680115
          },
          {
            "X": 0.38165906071662903,
            "Y": 0.3138376474380493
          }
        ]
      },
      "Id": "b2b1778a-ca2f-4199-acb7-309e8d02e395",
      "Page": 1
    },
    {
      "BlockType": "WORD",
      "Confidence": 99.58048248291016,
      "Text": "um",
      "TextType": "PRINTED",
      "Geometry": {
        "BoundingBox": {
          "Width": 0.01568645052611828,
          "Height": 0.006285517942160368,
          "Left": 0.40294286608695984,
          "Top": 0.3060304522514343
        },
        "Polygon": [
          {
            "X": 0.4030546247959137,
            "Y": 0.30682632327079773
          },
          {
            "X": 0.41862931847572327,
            "Y": 0.3060304522514343
          },
          {
            "X": 0.41851645708084106,
            "Y": 0.3115255832672119
          },
          {
            "X": 0.40294286608695984,
            "Y": 0.312315970659256
          }
        ]
      },
      "Id": "9ae7ae7e-0dfe-4d2a-a228-a34da16c5989",
      "Page": 1
    },
    {
      "BlockType": "WORD",
      "Confidence": 88.68688201904297,
      "Text": "protótipo",
      "TextType": "PRINTED",
      "Geometry": {
        "BoundingBox": {
          "Width": 0.046874549239873886,
          "Height": 0.010803153738379478,
          "Left": 0.42066308856010437,
          "Top": 0.3011834919452667
        },
        "Polygon": [
          {
            "X": 0.4208360016345978,
            "Y": 0.30357685685157776
          },
          {
            "X": 0.46753761172294617,
            "Y": 0.3011834919452667
          },
          {
            "X": 0.4673595428466797,
            "Y": 0.30961841344833374
          },
          {
            "X": 0.42066308856010437,
            "Y": 0.31198665499687195
          }
        ]
      },
      "Id": "a07e079a-42fd-4ec5-b203-0eb649401426",
      "Page": 1
    },
    {
      "BlockType": "WORD",
      "Confidence": 99.63740539550781,
      "Text": "da",
      "TextType": "PRINTED",
      "Geometry": {
        "BoundingBox": {
          "Width": 0.012438824400305748,
          "Height": 0.007100202143192291,
          "Left": 0.4699346423149109,
          "Top": 0.29975271224975586
        },
        "Polygon": [
          {
            "X": 0.470071405172348,
            "Y": 0.30038368701934814
          },
          {
            "X": 0.48237344622612,
            "Y": 0.29975271224975586
          },
          {
            "X": 0.4822356402873993,
            "Y": 0.3062269985675812
          },
          {
            "X": 0.4699346423149109,
            "Y": 0.30685290694236755
          }
        ]
      },
      "Id": "e1cfbf4e-e2f8-48ea-9ed0-b93bcfa9568b",
      "Page": 1
    },
    {
      "BlockType": "WORD",
      "Confidence": 99.68983459472656,
      "Text": "Escale",
      "TextType": "PRINTED",
      "Geometry": {
        "BoundingBox": {
          "Width": 0.0330650694668293,
          "Height": 0.009133579209446907,
          "Left": 0.5625462532043457,
          "Top": 0.2948022782802582
        },
        "Polygon": [
          {
            "X": 0.562711775302887,
            "Y": 0.2964879274368286
          },
          {
            "X": 0.5956113338470459,
            "Y": 0.2948022782802582
          },
          {
            "X": 0.595442533493042,
            "Y": 0.3022657334804535
          },
          {
            "X": 0.5625462532043457,
            "Y": 0.30393585562705994
          }
        ]
      },
      "Id": "224c9351-71e9-4790-82bd-9148e7690d92",
      "Page": 1
    },
    {
      "BlockType": "WORD",
      "Confidence": 99.62944030761719,
      "Text": "seus",
      "TextType": "PRINTED",
      "Geometry": {
        "BoundingBox": {
          "Width": 0.023549970239400864,
          "Height": 0.007165387272834778,
          "Left": 0.5980185270309448,
          "Top": 0.29430294036865234
        },
        "Polygon": [
          {
            "X": 0.5981536507606506,
            "Y": 0.2955014407634735
          },
          {
            "X": 0.621568500995636,
            "Y": 0.29430294036865234
          },
          {
            "X": 0.6214315891265869,
            "Y": 0.3002786934375763
          },
          {
            "X": 0.5980185270309448,
            "Y": 0.3014683425426483
          }
        ]
      },
      "Id": "ce6a3db5-3418-4205-a91b-4eee5ae50192",
      "Page": 1
    },
    {
      "BlockType": "WORD",
      "Confidence": 98.81010437011719,
      "Text": "projetos",
      "TextType": "PRINTED",
      "Geometry": {
        "BoundingBox": {
          "Width": 0.04524450749158859,
          "Height": 0.011347563937306404,
          "Left": 0.6238650679588318,
          "Top": 0.2893982529640198
        },
        "Polygon": [
          {
            "X": 0.6240723729133606,
            "Y": 0.29171040654182434
          },
          {
            "X": 0.669109582901001,
            "Y": 0.2893982529640198
          },
          {
            "X": 0.6688969135284424,
            "Y": 0.29845935106277466
          },
          {
            "X": 0.6238650679588318,
            "Y": 0.30074581503868103
          }
        ]
      },
      "Id": "01d95c0b-b088-4320-acd3-01a9000ba83e",
      "Page": 1
    },
    {
      "BlockType": "WORD",
      "Confidence": 98.31983184814453,
      "Text": "Desenvolva",
      "TextType": "PRINTED",
      "Geometry": {
        "BoundingBox": {
          "Width": 0.048863787204027176,
          "Height": 0.009332188405096531,
          "Left": 0.23152443766593933,
          "Top": 0.3166060149669647
        },
        "Polygon": [
          {
            "X": 0.23165017366409302,
            "Y": 0.31908556818962097
          },
          {
            "X": 0.2803882360458374,
            "Y": 0.3166060149669647
          },
          {
            "X": 0.2802581787109375,
            "Y": 0.3234802484512329
          },
          {
            "X": 0.23152443766593933,
            "Y": 0.3259381949901581
          }
        ]
      },
      "Id": "9f992ce5-db52-4de1-bac2-6b0862b56643",
      "Page": 1
    },
    {
      "BlockType": "WORD",
      "Confidence": 99.5381088256836,
      "Text": "sua",
      "TextType": "PRINTED",
      "Geometry": {
        "BoundingBox": {
          "Width": 0.015769680961966515,
          "Height": 0.006250998005270958,
          "Left": 0.2830670177936554,
          "Top": 0.31535258889198303
        },
        "Polygon": [
          {
            "X": 0.2831703722476959,
            "Y": 0.31614992022514343
          },
          {
            "X": 0.29883670806884766,
            "Y": 0.31535258889198303
          },
          {
            "X": 0.2987322509288788,
            "Y": 0.32081174850463867
          },
          {
            "X": 0.2830670177936554,
            "Y": 0.32160359621047974
          }
        ]
      },
      "Id": "31ce37eb-ecb8-4e11-9268-5610b041801f",
      "Page": 1
    },
    {
      "BlockType": "WORD",
      "Confidence": 82.96977996826172,
      "Text": "estratégia",
      "TextType": "PRINTED",
      "Geometry": {
        "BoundingBox": {
          "Width": 0.04391128197312355,
          "Height": 0.008833842352032661,
          "Left": 0.2214481383562088,
          "Top": 0.3267083466053009
        },
        "Polygon": [
          {
            "X": 0.22156906127929688,
            "Y": 0.3289100229740143
          },
          {
            "X": 0.26535943150520325,
            "Y": 0.3267083466053009
          },
          {
            "X": 0.26523473858833313,
            "Y": 0.3333593010902405
          },
          {
            "X": 0.2214481383562088,
            "Y": 0.3355421721935272
          }
        ]
      },
      "Id": "dc64784b-f482-4082-9928-3c04cdcccc48",
      "Page": 1
    },
    {
      "BlockType": "WORD",
      "Confidence": 97.36255645751953,
      "Text": "e",
      "TextType": "PRINTED",
      "Geometry": {
        "BoundingBox": {
          "Width": 0.00594073161482811,
          "Height": 0.0052986908704042435,
          "Left": 0.2673841416835785,
          "Top": 0.3261997103691101
        },
        "Polygon": [
          {
            "X": 0.2674780786037445,
            "Y": 0.3264937102794647
          },
          {
            "X": 0.2733248770236969,
            "Y": 0.3261997103691101
          },
          {
            "X": 0.27323055267333984,
            "Y": 0.3312062919139862
          },
          {
            "X": 0.2673841416835785,
            "Y": 0.331498384475708
          }
        ]
      },
      "Id": "9a40f64c-d075-4bf2-afc1-6c122d4c232f",
      "Page": 1
    },
    {
      "BlockType": "WORD",
      "Confidence": 99.45692443847656,
      "Text": "equipe",
      "TextType": "PRINTED",
      "Geometry": {
        "BoundingBox": {
          "Width": 0.030837859958410263,
          "Height": 0.008885369636118412,
          "Left": 0.2753666043281555,
          "Top": 0.32292431592941284
        },
        "Polygon": [
          {
            "X": 0.275505006313324,
            "Y": 0.32447120547294617
          },
          {
            "X": 0.3062044382095337,
            "Y": 0.32292431592941284
          },
          {
            "X": 0.30606311559677124,
            "Y": 0.33027735352516174
          },
          {
            "X": 0.2753666043281555,
            "Y": 0.3318096995353699
          }
        ]
      },
      "Id": "c27439f3-d724-4b8f-81cc-3e3b9fd93639",
      "Page": 1
    },
    {
      "BlockType": "WORD",
      "Confidence": 99.67727661132812,
      "Text": "sua",
      "TextType": "PRINTED",
      "Geometry": {
        "BoundingBox": {
          "Width": 0.016591884195804596,
          "Height": 0.005792669486254454,
          "Left": 0.3974415361881256,
          "Top": 0.31570443511009216
        },
        "Polygon": [
          {
            "X": 0.39754220843315125,
            "Y": 0.3165372610092163
          },
          {
            "X": 0.4140334129333496,
            "Y": 0.31570443511009216
          },
          {
            "X": 0.4139316976070404,
            "Y": 0.3206695020198822
          },
          {
            "X": 0.3974415361881256,
            "Y": 0.3214970827102661
          }
        ]
      },
      "Id": "a83dcb2f-4df0-4c47-ab53-cd6f41efb300",
      "Page": 1
    },
    {
      "BlockType": "WORD",
      "Confidence": 90.03727722167969,
      "Text": "estratégia",
      "TextType": "PRINTED",
      "Geometry": {
        "BoundingBox": {
          "Width": 0.04824046045541763,
          "Height": 0.009625306352972984,
          "Left": 0.41664057970046997,
          "Top": 0.3112376630306244
        },
        "Polygon": [
          {
            "X": 0.41678813099861145,
            "Y": 0.3136722147464752
          },
          {
            "X": 0.4648810625076294,
            "Y": 0.3112376630306244
          },
          {
            "X": 0.464728981256485,
            "Y": 0.31845057010650635
          },
          {
            "X": 0.41664057970046997,
            "Y": 0.3208629786968231
          }
        ]
      },
      "Id": "0036540a-d5c1-4e1f-9be8-8e1ab3a0b2a4",
      "Page": 1
    },
    {
      "BlockType": "WORD",
      "Confidence": 99.84752655029297,
      "Text": "Cloud",
      "TextType": "PRINTED",
      "Geometry": {
        "BoundingBox": {
          "Width": 0.04730718210339546,
          "Height": 0.015427312813699245,
          "Left": 0.003221654100343585,
          "Top": 0.3568064272403717
        },
        "Polygon": [
          {
            "X": 0.003427312010899186,
            "Y": 0.3591156303882599
          },
          {
            "X": 0.050528835505247116,
            "Y": 0.3568064272403717
          },
          {
            "X": 0.05031527206301689,
            "Y": 0.3699651062488556
          },
          {
            "X": 0.003221654100343585,
            "Y": 0.3722337484359741
          }
        ]
      },
      "Id": "7aaac001-c3c4-402d-82e3-a4ec555bfb3e",
      "Page": 1
    },
    {
      "BlockType": "WORD",
      "Confidence": 99.89437866210938,
      "Text": "Experience",
      "TextType": "PRINTED",
      "Geometry": {
        "BoundingBox": {
          "Width": 0.08950716257095337,
          "Height": 0.01999419555068016,
          "Left": 0,
          "Top": 0.37308162450790405
        },
        "Polygon": [
          {
            "X": 0.00022013128909748048,
            "Y": 0.3773539364337921
          },
          {
            "X": 0.08950716257095337,
            "Y": 0.37308162450790405
          },
          {
            "X": 0.08924321830272675,
            "Y": 0.3888956606388092
          },
          {
            "X": 0,
            "Y": 0.3930758237838745
          }
        ]
      },
      "Id": "7df21bf0-4f6d-4f64-9ca2-d490f1afea2e",
      "Page": 1
    },
    {
      "BlockType": "WORD",
      "Confidence": 98.96695709228516,
      "Text": "Data-driven",
      "TextType": "PRINTED",
      "Geometry": {
        "BoundingBox": {
          "Width": 0.04486764594912529,
          "Height": 0.008331756107509136,
          "Left": 0.21419352293014526,
          "Top": 0.37233617901802063
        },
        "Polygon": [
          {
            "X": 0.2143062949180603,
            "Y": 0.37445658445358276
          },
          {
            "X": 0.25906118750572205,
            "Y": 0.37233617901802063
          },
          {
            "X": 0.2589448094367981,
            "Y": 0.37856554985046387
          },
          {
            "X": 0.21419352293014526,
            "Y": 0.38066795468330383
          }
        ]
      },
      "Id": "a6eac6d0-785d-4396-be90-8560798eb1b8",
      "Page": 1
    },
    {
      "BlockType": "WORD",
      "Confidence": 98.34596252441406,
      "Text": "everything",
      "TextType": "PRINTED",
      "Geometry": {
        "BoundingBox": {
          "Width": 0.04144002124667168,
          "Height": 0.00918925367295742,
          "Left": 0.2608867883682251,
          "Top": 0.36969873309135437
        },
        "Polygon": [
          {
            "X": 0.26102203130722046,
            "Y": 0.37165719270706177
          },
          {
            "X": 0.30232682824134827,
            "Y": 0.36969873309135437
          },
          {
            "X": 0.3021877110004425,
            "Y": 0.3769487738609314
          },
          {
            "X": 0.2608867883682251,
            "Y": 0.37888798117637634
          }
        ]
      },
      "Id": "95f3a7a7-ff9d-4e4d-b1a6-de4863a8da91",
      "Page": 1
    },
    {
      "BlockType": "WORD",
      "Confidence": 99.89639282226562,
      "Text": "Generative",
      "TextType": "PRINTED",
      "Geometry": {
        "BoundingBox": {
          "Width": 0.04443340003490448,
          "Height": 0.008287041448056698,
          "Left": 0.36217761039733887,
          "Top": 0.3632502257823944
        },
        "Polygon": [
          {
            "X": 0.3623005747795105,
            "Y": 0.3653554320335388
          },
          {
            "X": 0.40661099553108215,
            "Y": 0.3632502257823944
          },
          {
            "X": 0.406484454870224,
            "Y": 0.3694496154785156
          },
          {
            "X": 0.36217761039733887,
            "Y": 0.3715372681617737
          }
        ]
      },
      "Id": "c914d418-4591-4c21-a10f-d91c02e534d4",
      "Page": 1
    },
    {
      "BlockType": "WORD",
      "Confidence": 62.26871109008789,
      "Text": "Al",
      "TextType": "PRINTED",
      "Geometry": {
        "BoundingBox": {
          "Width": 0.009378571063280106,
          "Height": 0.006505902390927076,
          "Left": 0.4079452157020569,
          "Top": 0.36254817247390747
        },
        "Polygon": [
          {
            "X": 0.4080691337585449,
            "Y": 0.3629879951477051
          },
          {
            "X": 0.4173237681388855,
            "Y": 0.36254817247390747
          },
          {
            "X": 0.41719913482666016,
            "Y": 0.36861786246299744
          },
          {
            "X": 0.4079452157020569,
            "Y": 0.36905407905578613
          }
        ]
      },
      "Id": "fde7fa11-4334-4912-b65f-5babf1841623",
      "Page": 1
    },
    {
      "BlockType": "WORD",
      "Confidence": 99.28848266601562,
      "Text": "Innovation",
      "TextType": "PRINTED",
      "Geometry": {
        "BoundingBox": {
          "Width": 0.04507938027381897,
          "Height": 0.00846038293093443,
          "Left": 0.419077605009079,
          "Top": 0.3596413731575012
        },
        "Polygon": [
          {
            "X": 0.4192076027393341,
            "Y": 0.36177945137023926
          },
          {
            "X": 0.46415698528289795,
            "Y": 0.3596413731575012
          },
          {
            "X": 0.46402329206466675,
            "Y": 0.3659818768501282
          },
          {
            "X": 0.419077605009079,
            "Y": 0.3681017756462097
          }
        ]
      },
      "Id": "71dbde73-2639-4760-9716-29710ab1a7bf",
      "Page": 1
    },
    {
      "BlockType": "WORD",
      "Confidence": 99.59642028808594,
      "Text": "Center",
      "TextType": "PRINTED",
      "Geometry": {
        "BoundingBox": {
          "Width": 0.028607405722141266,
          "Height": 0.007609146647155285,
          "Left": 0.4658169448375702,
          "Top": 0.35767433047294617
        },
        "Polygon": [
          {
            "X": 0.4659489393234253,
            "Y": 0.35902974009513855
          },
          {
            "X": 0.49442437291145325,
            "Y": 0.35767433047294617
          },
          {
            "X": 0.4942900240421295,
            "Y": 0.36393943428993225
          },
          {
            "X": 0.4658169448375702,
            "Y": 0.3652834892272949
          }
        ]
      },
      "Id": "41fc1500-8b1a-4beb-8f0a-562e1c713037",
      "Page": 1
    },
    {
      "BlockType": "WORD",
      "Confidence": 99.82209777832031,
      "Text": "AWS",
      "TextType": "PRINTED",
      "Geometry": {
        "BoundingBox": {
          "Width": 0.02166092023253441,
          "Height": 0.0070541319437325,
          "Left": 0.5587706565856934,
          "Top": 0.35180020332336426
        },
        "Polygon": [
          {
            "X": 0.5589044690132141,
            "Y": 0.3528272807598114
          },
          {
            "X": 0.5804315805435181,
            "Y": 0.35180020332336426
          },
          {
            "X": 0.5802960991859436,
            "Y": 0.35783547163009644
          },
          {
            "X": 0.5587706565856934,
            "Y": 0.3588543236255646
          }
        ]
      },
      "Id": "2ea8cfe9-d316-4db2-8b59-16b0cc49cd76",
      "Page": 1
    },
    {
      "BlockType": "WORD",
      "Confidence": 99.82942199707031,
      "Text": "Marketplace",
      "TextType": "PRINTED",
      "Geometry": {
        "BoundingBox": {
          "Width": 0.055853042751550674,
          "Height": 0.01089214626699686,
          "Left": 0.5827171802520752,
          "Top": 0.34759753942489624
        },
        "Polygon": [
          {
            "X": 0.582902193069458,
            "Y": 0.350258469581604
          },
          {
            "X": 0.638570249080658,
            "Y": 0.34759753942489624
          },
          {
            "X": 0.6383791565895081,
            "Y": 0.3558577299118042
          },
          {
            "X": 0.5827171802520752,
            "Y": 0.35848966240882874
          }
        ]
      },
      "Id": "5cd25147-e25f-4fce-ae52-3269cf553ad0",
      "Page": 1
    },
    {
      "BlockType": "WORD",
      "Confidence": 97.67374420166016,
      "Text": "(ISVs)",
      "TextType": "PRINTED",
      "Geometry": {
        "BoundingBox": {
          "Width": 0.027206769213080406,
          "Height": 0.008918114006519318,
          "Left": 0.6407712697982788,
          "Top": 0.345299631357193
        },
        "Polygon": [
          {
            "X": 0.6409478187561035,
            "Y": 0.3465931713581085
          },
          {
            "X": 0.667978048324585,
            "Y": 0.345299631357193
          },
          {
            "X": 0.6677987575531006,
            "Y": 0.3529371917247772
          },
          {
            "X": 0.6407712697982788,
            "Y": 0.3542177379131317
          }
        ]
      },
      "Id": "503a793e-8567-490e-837c-c4169d7824f6",
      "Page": 1
    },
    {
      "BlockType": "WORD",
      "Confidence": 99.02919006347656,
      "Text": "5",
      "TextType": "PRINTED",
      "Geometry": {
        "BoundingBox": {
          "Width": 0.010422859340906143,
          "Height": 0.012118352577090263,
          "Left": 0.02766965515911579,
          "Top": 0.3949960172176361
        },
        "Polygon": [
          {
            "X": 0.027855580672621727,
            "Y": 0.395472913980484
          },
          {
            "X": 0.038092512637376785,
            "Y": 0.3949960172176361
          },
          {
            "X": 0.03790506348013878,
            "Y": 0.406645268201828
          },
          {
            "X": 0.02766965515911579,
            "Y": 0.4071143567562103
          }
        ]
      },
      "Id": "b0412322-be3f-4f88-bf2c-b03cb0f674ca",
      "Page": 1
    },
    {
      "BlockType": "WORD",
      "Confidence": 82.27676391601562,
      "Text": "5",
      "TextType": "PRINTED",
      "Geometry": {
        "BoundingBox": {
          "Width": 0.022955428808927536,
          "Height": 0.018433738499879837,
          "Left": 0.41784340143203735,
          "Top": 0.3783057630062103
        },
        "Polygon": [
          {
            "X": 0.41820067167282104,
            "Y": 0.3793555498123169
          },
          {
            "X": 0.4407988488674164,
            "Y": 0.3783057630062103
          },
          {
            "X": 0.440436452627182,
            "Y": 0.39571478962898254
          },
          {
            "X": 0.41784340143203735,
            "Y": 0.39673948287963867
          }
        ]
      },
      "Id": "39b2b7a5-1f4a-4a5c-a703-94b312bb5737",
      "Page": 1
    },
    {
      "BlockType": "WORD",
      "Confidence": 84.8372573852539,
      "Text": "88",
      "TextType": "PRINTED",
      "Geometry": {
        "BoundingBox": {
          "Width": 0.02324659563601017,
          "Height": 0.010606451891362667,
          "Left": 0.6039009690284729,
          "Top": 0.3664005398750305
        },
        "Polygon": [
          {
            "X": 0.6041176319122314,
            "Y": 0.36747509241104126
          },
          {
            "X": 0.6271475553512573,
            "Y": 0.3664005398750305
          },
          {
            "X": 0.6269280314445496,
            "Y": 0.3759463131427765
          },
          {
            "X": 0.6039009690284729,
            "Y": 0.37700700759887695
          }
        ]
      },
      "Id": "d525bb7a-e885-45b3-843d-90dabd085708",
      "Page": 1
    },
    {
      "BlockType": "WORD",
      "Confidence": 99.7958984375,
      "Text": "Data",
      "TextType": "PRINTED",
      "Geometry": {
        "BoundingBox": {
          "Width": 0.018261460587382317,
          "Height": 0.006773774977773428,
          "Left": 0.22915512323379517,
          "Top": 0.4092862010002136
        },
        "Polygon": [
          {
            "X": 0.22926434874534607,
            "Y": 0.4101038873195648
          },
          {
            "X": 0.24741658568382263,
            "Y": 0.4092862010002136
          },
          {
            "X": 0.2473059594631195,
            "Y": 0.4152492582798004
          },
          {
            "X": 0.22915512323379517,
            "Y": 0.4160599708557129
          }
        ]
      },
      "Id": "cfbea03b-004e-421b-b3d0-10f8fc87bce1",
      "Page": 1
    },
    {
      "BlockType": "WORD",
      "Confidence": 99.93929290771484,
      "Text": "strategy",
      "TextType": "PRINTED",
      "Geometry": {
        "BoundingBox": {
          "Width": 0.032188501209020615,
          "Height": 0.008300033397972584,
          "Left": 0.24921482801437378,
          "Top": 0.4078664481639862
        },
        "Polygon": [
          {
            "X": 0.2493421733379364,
            "Y": 0.4093104600906372
          },
          {
            "X": 0.2814033329486847,
            "Y": 0.4078664481639862
          },
          {
            "X": 0.28127312660217285,
            "Y": 0.41473665833473206
          },
          {
            "X": 0.24921482801437378,
            "Y": 0.4161664843559265
          }
        ]
      },
      "Id": "b3afa75a-2354-46e4-a96f-cb21d1ea386d",
      "Page": 1
    },
    {
      "BlockType": "WORD",
      "Confidence": 99.86143493652344,
      "Text": "AWS",
      "TextType": "PRINTED",
      "Geometry": {
        "BoundingBox": {
          "Width": 0.02020631916821003,
          "Height": 0.0066716717556118965,
          "Left": 0.38384202122688293,
          "Top": 0.4012306034564972
        },
        "Polygon": [
          {
            "X": 0.38395822048187256,
            "Y": 0.4021368622779846
          },
          {
            "X": 0.404048353433609,
            "Y": 0.4012306034564972
          },
          {
            "X": 0.4039306342601776,
            "Y": 0.4070034325122833
          },
          {
            "X": 0.38384202122688293,
            "Y": 0.4079022705554962
          }
        ]
      },
      "Id": "7e2c498f-cb6c-4cdb-b56e-ccf0871403f3",
      "Page": 1
    },
    {
      "BlockType": "WORD",
      "Confidence": 99.30159759521484,
      "Text": "Immersion",
      "TextType": "PRINTED",
      "Geometry": {
        "BoundingBox": {
          "Width": 0.04389427974820137,
          "Height": 0.008322631940245628,
          "Left": 0.40602728724479675,
          "Top": 0.398674339056015
        },
        "Polygon": [
          {
            "X": 0.40615686774253845,
            "Y": 0.40064990520477295
          },
          {
            "X": 0.449921578168869,
            "Y": 0.398674339056015
          },
          {
            "X": 0.449788361787796,
            "Y": 0.4050391614437103
          },
          {
            "X": 0.40602728724479675,
            "Y": 0.4069969654083252
          }
        ]
      },
      "Id": "5c89f280-f4c0-41f9-a9ad-eae85c6c8bb3",
      "Page": 1
    },
    {
      "BlockType": "WORD",
      "Confidence": 99.96631622314453,
      "Text": "Day",
      "TextType": "PRINTED",
      "Geometry": {
        "BoundingBox": {
          "Width": 0.016494791954755783,
          "Height": 0.008108055219054222,
          "Left": 0.4523507058620453,
          "Top": 0.39791154861450195
        },
        "Polygon": [
          {
            "X": 0.4525051712989807,
            "Y": 0.39864906668663025
          },
          {
            "X": 0.4688454866409302,
            "Y": 0.39791154861450195
          },
          {
            "X": 0.4686894416809082,
            "Y": 0.40528976917266846
          },
          {
            "X": 0.4523507058620453,
            "Y": 0.4060195982456207
          }
        ]
      },
      "Id": "206b1143-2546-4121-a123-181d5b57233c",
      "Page": 1
    },
    {
      "BlockType": "WORD",
      "Confidence": 99.79620361328125,
      "Text": "AWS",
      "TextType": "PRINTED",
      "Geometry": {
        "BoundingBox": {
          "Width": 0.02187414839863777,
          "Height": 0.007243562024086714,
          "Left": 0.5529616475105286,
          "Top": 0.3916054964065552
        },
        "Polygon": [
          {
            "X": 0.5531002283096313,
            "Y": 0.39258861541748047
          },
          {
            "X": 0.5748357772827148,
            "Y": 0.3916054964065552
          },
          {
            "X": 0.5746954083442688,
            "Y": 0.3978745639324188
          },
          {
            "X": 0.5529616475105286,
            "Y": 0.3988490700721741
          }
        ]
      },
      "Id": "693e0790-2c06-433a-bb2a-02707c4667a6",
      "Page": 1
    },
    {
      "BlockType": "WORD",
      "Confidence": 99.69095611572266,
      "Text": "Professional",
      "TextType": "PRINTED",
      "Geometry": {
        "BoundingBox": {
          "Width": 0.05621814355254173,
          "Height": 0.009385447017848492,
          "Left": 0.5771512985229492,
          "Top": 0.38812410831451416
        },
        "Polygon": [
          {
            "X": 0.5773048400878906,
            "Y": 0.3906628489494324
          },
          {
            "X": 0.6333694458007812,
            "Y": 0.38812410831451416
          },
          {
            "X": 0.6332108378410339,
            "Y": 0.3949950933456421
          },
          {
            "X": 0.5771512985229492,
            "Y": 0.39750954508781433
          }
        ]
      },
      "Id": "d0bc8889-590c-4b04-9850-a73baf43596d",
      "Page": 1
    },
    {
      "BlockType": "WORD",
      "Confidence": 99.84127044677734,
      "Text": "Services",
      "TextType": "PRINTED",
      "Geometry": {
        "BoundingBox": {
          "Width": 0.03882620111107826,
          "Height": 0.008292640559375286,
          "Left": 0.6355130076408386,
          "Top": 0.38579198718070984
        },
        "Polygon": [
          {
            "X": 0.6356641054153442,
            "Y": 0.3875444233417511
          },
          {
            "X": 0.6743391752243042,
            "Y": 0.38579198718070984
          },
          {
            "X": 0.6741847395896912,
            "Y": 0.39234811067581177
          },
          {
            "X": 0.6355130076408386,
            "Y": 0.3940846025943756
          }
        ]
      },
      "Id": "0be24381-a117-4787-9f6e-a6534c7600f3",
      "Page": 1
    },
    {
      "BlockType": "WORD",
      "Confidence": 99.62457275390625,
      "Text": "AWS",
      "TextType": "PRINTED",
      "Geometry": {
        "BoundingBox": {
          "Width": 0.01834239810705185,
          "Height": 0.006532668136060238,
          "Left": 0.22084762156009674,
          "Top": 0.4466617703437805
        },
        "Polygon": [
          {
            "X": 0.22095264494419098,
            "Y": 0.4474400579929352
          },
          {
            "X": 0.2391900271177292,
            "Y": 0.4466617703437805
          },
          {
            "X": 0.2390836477279663,
            "Y": 0.45242294669151306
          },
          {
            "X": 0.22084762156009674,
            "Y": 0.45319443941116333
          }
        ]
      },
      "Id": "b03a4f1f-308f-47c8-b801-0ee676abb3ef",
      "Page": 1
    },
    {
      "BlockType": "WORD",
      "Confidence": 99.70157623291016,
      "Text": "Pathfinder",
      "TextType": "PRINTED",
      "Geometry": {
        "BoundingBox": {
          "Width": 0.04227696731686592,
          "Height": 0.007875096052885056,
          "Left": 0.24107904732227325,
          "Top": 0.4445260465145111
        },
        "Polygon": [
          {
            "X": 0.24119135737419128,
            "Y": 0.4463260769844055
          },
          {
            "X": 0.2833560109138489,
            "Y": 0.4445260465145111
          },
          {
            "X": 0.2832403779029846,
            "Y": 0.45061761140823364
          },
          {
            "X": 0.24107904732227325,
            "Y": 0.45240113139152527
          }
        ]
      },
      "Id": "1a943a32-016a-40cf-88d6-1c54d4f0cae6",
      "Page": 1
    },
    {
      "BlockType": "WORD",
      "Confidence": 99.8724136352539,
      "Text": "AWS",
      "TextType": "PRINTED",
      "Geometry": {
        "BoundingBox": {
          "Width": 0.02253901958465576,
          "Height": 0.0076564303599298,
          "Left": 0.5776312351226807,
          "Top": 0.4306609332561493
        },
        "Polygon": [
          {
            "X": 0.5777815580368042,
            "Y": 0.43161720037460327
          },
          {
            "X": 0.6001702547073364,
            "Y": 0.4306609332561493
          },
          {
            "X": 0.6000179648399353,
            "Y": 0.43737056851387024
          },
          {
            "X": 0.5776312351226807,
            "Y": 0.43831735849380493
          }
        ]
      },
      "Id": "f708c58b-9afc-4ec5-927a-ca2ea3d9096c",
      "Page": 1
    },
    {
      "BlockType": "WORD",
      "Confidence": 99.92630004882812,
      "Text": "Migration",
      "TextType": "PRINTED",
      "Geometry": {
        "BoundingBox": {
          "Width": 0.04543239250779152,
          "Height": 0.010110258124768734,
          "Left": 0.6024795174598694,
          "Top": 0.4282785654067993
        },
        "Polygon": [
          {
            "X": 0.602665364742279,
            "Y": 0.4302121102809906
          },
          {
            "X": 0.6479119062423706,
            "Y": 0.4282785654067993
          },
          {
            "X": 0.6477211713790894,
            "Y": 0.4364786148071289
          },
          {
            "X": 0.6024795174598694,
            "Y": 0.4383888244628906
          }
        ]
      },
      "Id": "40578a8a-55db-4eed-bad3-dac9de275715",
      "Page": 1
    },
    {
      "BlockType": "WORD",
      "Confidence": 99.9021224975586,
      "Text": "Acceleration",
      "TextType": "PRINTED",
      "Geometry": {
        "BoundingBox": {
          "Width": 0.057690467685461044,
          "Height": 0.008924927562475204,
          "Left": 0.5624950528144836,
          "Top": 0.43810391426086426
        },
        "Polygon": [
          {
            "X": 0.5626396536827087,
            "Y": 0.44053196907043457
          },
          {
            "X": 0.6201854944229126,
            "Y": 0.43810391426086426
          },
          {
            "X": 0.6200359463691711,
            "Y": 0.44462448358535767
          },
          {
            "X": 0.5624950528144836,
            "Y": 0.44702884554862976
          }
        ]
      },
      "Id": "9572a6ed-7169-4e9a-8560-4d9024eb7b73",
      "Page": 1
    },
    {
      "BlockType": "WORD",
      "Confidence": 99.91177368164062,
      "Text": "Program",
      "TextType": "PRINTED",
      "Geometry": {
        "BoundingBox": {
          "Width": 0.04098441079258919,
          "Height": 0.0095028355717659,
          "Left": 0.622972846031189,
          "Top": 0.4363126754760742
        },
        "Polygon": [
          {
            "X": 0.6231516003608704,
            "Y": 0.4380342364311218
          },
          {
            "X": 0.6639572978019714,
            "Y": 0.4363126754760742
          },
          {
            "X": 0.663774311542511,
            "Y": 0.44411396980285645
          },
          {
            "X": 0.622972846031189,
            "Y": 0.4458155035972595
          }
        ]
      },
      "Id": "dd83c451-27a9-4161-9cbc-c442bbbfa199",
      "Page": 1
    },
    {
      "BlockType": "WORD",
      "Confidence": 99.8729248046875,
      "Text": "AWS",
      "TextType": "PRINTED",
      "Geometry": {
        "BoundingBox": {
          "Width": 0.021992649883031845,
          "Height": 0.007207537069916725,
          "Left": 0.5623112320899963,
          "Top": 0.4809314012527466
        },
        "Polygon": [
          {
            "X": 0.562452495098114,
            "Y": 0.4817967712879181
          },
          {
            "X": 0.5843038558959961,
            "Y": 0.4809314012527466
          },
          {
            "X": 0.5841608047485352,
            "Y": 0.48728230595588684
          },
          {
            "X": 0.5623112320899963,
            "Y": 0.48813891410827637
          }
        ]
      },
      "Id": "4683f8b1-26be-4572-938e-3cf019ec7060",
      "Page": 1
    },
    {
      "BlockType": "WORD",
      "Confidence": 99.94658660888672,
      "Text": "Partner",
      "TextType": "PRINTED",
      "Geometry": {
        "BoundingBox": {
          "Width": 0.03451502323150635,
          "Height": 0.008009444922208786,
          "Left": 0.5868548154830933,
          "Top": 0.4794904887676239
        },
        "Polygon": [
          {
            "X": 0.5870047807693481,
            "Y": 0.4808513820171356
          },
          {
            "X": 0.6213698387145996,
            "Y": 0.4794904887676239
          },
          {
            "X": 0.6212168335914612,
            "Y": 0.4861534833908081
          },
          {
            "X": 0.5868548154830933,
            "Y": 0.4874999523162842
          }
        ]
      },
      "Id": "f89f360b-def6-4008-b3c2-f5d94614b2cd",
      "Page": 1
    },
    {
      "BlockType": "WORD",
      "Confidence": 99.94952392578125,
      "Text": "Network",
      "TextType": "PRINTED",
      "Geometry": {
        "BoundingBox": {
          "Width": 0.041456498205661774,
          "Height": 0.008198528550565243,
          "Left": 0.6237368583679199,
          "Top": 0.4780709147453308
        },
        "Polygon": [
          {
            "X": 0.6238877773284912,
            "Y": 0.4797058403491974
          },
          {
            "X": 0.6651933789253235,
            "Y": 0.4780709147453308
          },
          {
            "X": 0.6650388836860657,
            "Y": 0.4846515953540802
          },
          {
            "X": 0.6237368583679199,
            "Y": 0.48626944422721863
          }
        ]
      },
      "Id": "d40a9da0-4f66-400e-8d56-e5434d655314",
      "Page": 1
    },
    {
      "BlockType": "WORD",
      "Confidence": 98.22802734375,
      "Text": "100,000+",
      "TextType": "PRINTED",
      "Geometry": {
        "BoundingBox": {
          "Width": 0.037009041756391525,
          "Height": 0.007808658294379711,
          "Left": 0.549403727054596,
          "Top": 0.48886775970458984
        },
        "Polygon": [
          {
            "X": 0.5495445728302002,
            "Y": 0.49030929803848267
          },
          {
            "X": 0.586412787437439,
            "Y": 0.48886775970458984
          },
          {
            "X": 0.5862688422203064,
            "Y": 0.49524974822998047
          },
          {
            "X": 0.549403727054596,
            "Y": 0.49667641520500183
          }
        ]
      },
      "Id": "c8a8ca8f-cf95-4886-9760-88aa44c4ed55",
      "Page": 1
    },
    {
      "BlockType": "WORD",
      "Confidence": 99.83553314208984,
      "Text": "AWS",
      "TextType": "PRINTED",
      "Geometry": {
        "BoundingBox": {
          "Width": 0.0195549838244915,
          "Height": 0.006622490473091602,
          "Left": 0.5878907442092896,
          "Top": 0.4884245693683624
        },
        "Polygon": [
          {
            "X": 0.5880231261253357,
            "Y": 0.48918354511260986
          },
          {
            "X": 0.6074457168579102,
            "Y": 0.4884245693683624
          },
          {
            "X": 0.6073118448257446,
            "Y": 0.49429529905319214
          },
          {
            "X": 0.5878907442092896,
            "Y": 0.49504706263542175
          }
        ]
      },
      "Id": "b510de4b-c92f-4ec6-970b-1ebde1df1b85",
      "Page": 1
    },
    {
      "BlockType": "WORD",
      "Confidence": 99.93769073486328,
      "Text": "partners",
      "TextType": "PRINTED",
      "Geometry": {
        "BoundingBox": {
          "Width": 0.03459853678941727,
          "Height": 0.00754812266677618,
          "Left": 0.6094426512718201,
          "Top": 0.48789748549461365
        },
        "Polygon": [
          {
            "X": 0.6095842719078064,
            "Y": 0.48924198746681213
          },
          {
            "X": 0.6440411806106567,
            "Y": 0.48789748549461365
          },
          {
            "X": 0.643896758556366,
            "Y": 0.49411457777023315
          },
          {
            "X": 0.6094426512718201,
            "Y": 0.4954456090927124
          }
        ]
      },
      "Id": "64fbbdb4-d0eb-4c93-903f-6b753c980a28",
      "Page": 1
    },
    {
      "BlockType": "WORD",
      "Confidence": 99.95722961425781,
      "Text": "globally",
      "TextType": "PRINTED",
      "Geometry": {
        "BoundingBox": {
          "Width": 0.03371737524867058,
          "Height": 0.008470455184578896,
          "Left": 0.6460753083229065,
          "Top": 0.4860750436782837
        },
        "Polygon": [
          {
            "X": 0.6462418437004089,
            "Y": 0.487385094165802
          },
          {
            "X": 0.6797927021980286,
            "Y": 0.4860750436782837
          },
          {
            "X": 0.6796229481697083,
            "Y": 0.4932505786418915
          },
          {
            "X": 0.6460753083229065,
            "Y": 0.49454551935195923
          }
        ]
      },
      "Id": "376dd4ac-af16-4e7d-9adc-957ebc0ebdb2",
      "Page": 1
    },
    {
      "BlockType": "WORD",
      "Confidence": 97.13793182373047,
      "Text": "30",
      "TextType": "PRINTED",
      "Geometry": {
        "BoundingBox": {
          "Width": 0.011264446191489697,
          "Height": 0.006525611504912376,
          "Left": 0.7449083924293518,
          "Top": 0.500341534614563
        },
        "Polygon": [
          {
            "X": 0.7450574636459351,
            "Y": 0.5007636547088623
          },
          {
            "X": 0.7561728358268738,
            "Y": 0.500341534614563
          },
          {
            "X": 0.7560228705406189,
            "Y": 0.5064492225646973
          },
          {
            "X": 0.7449083924293518,
            "Y": 0.5068671107292175
          }
        ]
      },
      "Id": "3da9c489-2ed8-480c-955a-8fec72495ba9",
      "Page": 1
    }
  ],
  "DetectDocumentTextModelVersion": "1.0"
}