{
  "DocumentMetadata": {
    "Pages": 1
  },
  "JobStatus": "SUCCEEDED",
  "Blocks": [
    {
      "BlockType": "PAGE",
      "Geometry": {
        "BoundingBox": {
          "Width": 1,
          "Height": 1,
          "Left": 0,
          "Top": 0
        },
        "Polygon": [
          {
            "X": 0,
            "Y": 0.00037556386087089777
          },
          {
            "X": 1,
            "Y": 0
          },
          {
            "X": 1,
            "Y": 1
          },
          {
            "X": 0.000055117037845775485,
            "Y": 1
          }
        ]
      },
      "Id": "57eb0006-08ac-4448-a333-6d06ae4b4783",
      "Relationships": [
        {
          "Type": "CHILD",
          "Ids": [
            "abae2e76-f75b-41c9-a070-48399b2b5b13",
            "a6305a78-66e8-4f78-b246-25032fd5864d",
            "6228f7df-3478-467b-bc7b-bc9dda1891b2",
            "b8484076-12a6-4f8e-be29-34770f3a1242",
            "baaedc14-dcba-40a8-acff-73f198a692d5",
            "4ee13e01-cb45-41a3-abd3-22234d2178b9",
            "2e0a751c-b455-4204-931d-08de6713ed34",
            "cb28a317-fdea-4e94-a12d-f76313c61327",
            "20dc8b7b-f4d0-4d5a-be24-88fbaa0f9130",
            "12809768-7ffe-4a1f-ab76-fe0ca833ddd4",
            "0363cc7a-6afc-4766-9f60-f0f7fcf993ff",
            "46169f9e-7ae2-4b6a-82a8-b3a1bc25bfc2",
            "b9104fe4-3ac2-4ef9-b6f8-7161f3325835",
            "bed1b812-d7f6-4808-9167-6b00681077e1"
          ]
        }
      ],
      "Page": 1
    },
    {
      "BlockType": "LINE",
      "Confidence": 98.03353881835938,
      "Text": "Cloud",
      "Geometry": {
        "BoundingBox": {
          "Width": 0.023302098736166954,
          "Height": 0.007736647501587868,
          "Left": 0.28357189893722534,
          "Top": 0.26582926511764526
        },
        "Polygon": [
          {
            "X": 0.28357189893722534,
            "Y": 0.26641592383384705
          },
          {
            "X": 0.306811660528183,
            "Y": 0.26582926511764526
          },
          {
            "X": 0.30687400698661804,
            "Y": 0.27298399806022644
          },
          {
            "X": 0.28363558650016785,
            "Y": 0.2735658884048462
          }
        ]
      },
      "Id": "abae2e76-f75b-41c9-a070-48399b2b5b13",
      "Relationships": [
        {
          "Type": "CHILD",
          "Ids": [
            "45e0c53e-00c9-4760-ba8a-ee11320b8d80"
          ]
        }
      ],
      "Page": 1
    },
    {
      "BlockType": "LINE",
      "Confidence": 98.29885864257812,
      "Text": "aws",
      "Geometry": {
        "BoundingBox": {
          "Width": 0.04233845695853233,
          "Height": 0.01532223541289568,
          "Left": 0.21691636741161346,
          "Top": 0.27105051279067993
        },
        "Polygon": [
          {
            "X": 0.21691636741161346,
            "Y": 0.272111177444458
          },
          {
            "X": 0.2591247260570526,
            "Y": 0.27105051279067993
          },
          {
            "X": 0.2592548429965973,
            "Y": 0.2853294014930725
          },
          {
            "X": 0.21705135703086853,
            "Y": 0.28637275099754333
          }
        ]
      },
      "Id": "a6305a78-66e8-4f78-b246-25032fd5864d",
      "Relationships": [
        {
          "Type": "CHILD",
          "Ids": [
            "686e98c4-88ca-45be-8ae1-b1088357db32"
          ]
        }
      ],
      "Page": 1
    },
    {
      "BlockType": "LINE",
      "Confidence": 99.58808898925781,
      "Text": "Experience",
      "Geometry": {
        "BoundingBox": {
          "Width": 0.04249411076307297,
          "Height": 0.009167708456516266,
          "Left": 0.28301525115966797,
          "Top": 0.2732972800731659
        },
        "Polygon": [
          {
            "X": 0.28301525115966797,
            "Y": 0.2743586301803589
          },
          {
            "X": 0.3254399001598358,
            "Y": 0.2732972800731659
          },
          {
            "X": 0.32550936937332153,
            "Y": 0.2814134657382965
          },
          {
            "X": 0.28308749198913574,
            "Y": 0.28246498107910156
          }
        ]
      },
      "Id": "6228f7df-3478-467b-bc7b-bc9dda1891b2",
      "Relationships": [
        {
          "Type": "CHILD",
          "Ids": [
            "54a9c07d-7b5b-409a-a54d-14ade17f24b1"
          ]
        }
      ],
      "Page": 1
    },
    {
      "BlockType": "LINE",
      "Confidence": 95.32294464111328,
      "Text": "LET'S UP",
      "Geometry": {
        "BoundingBox": {
          "Width": 0.11509180814027786,
          "Height": 0.030286755412817,
          "Left": 0.3693610429763794,
          "Top": 0.25203937292099
        },
        "Polygon": [
          {
            "X": 0.3693610429763794,
            "Y": 0.2549700438976288
          },
          {
            "X": 0.48425450921058655,
            "Y": 0.25203937292099
          },
          {
            "X": 0.48445284366607666,
            "Y": 0.27948546409606934
          },
          {
            "X": 0.3695850372314453,
            "Y": 0.2823261320590973
          }
        ]
      },
      "Id": "b8484076-12a6-4f8e-be29-34770f3a1242",
      "Relationships": [
        {
          "Type": "CHILD",
          "Ids": [
            "e66cfd07-a106-4679-a482-aa27906d47e0",
            "2cfaf7a4-dc02-4427-b0a9-85cbe35d707d"
          ]
        }
      ],
      "Page": 1
    },
    {
      "BlockType": "LINE",
      "Confidence": 99.92660522460938,
      "Text": "2025",
      "Geometry": {
        "BoundingBox": {
          "Width": 0.020007189363241196,
          "Height": 0.007349533028900623,
          "Left": 0.2821425199508667,
          "Top": 0.2828525900840759
        },
        "Polygon": [
          {
            "X": 0.2821425199508667,
            "Y": 0.2833465039730072
          },
          {
            "X": 0.302089661359787,
            "Y": 0.2828525900840759
          },
          {
            "X": 0.3021497130393982,
            "Y": 0.2897121012210846
          },
          {
            "X": 0.28220367431640625,
            "Y": 0.2902021110057831
          }
        ]
      },
      "Id": "baaedc14-dcba-40a8-acff-73f198a692d5",
      "Relationships": [
        {
          "Type": "CHILD",
          "Ids": [
            "09907ccb-0cb2-4405-a3b9-4eff2c0de32c"
          ]
        }
      ],
      "Page": 1
    },
    {
      "BlockType": "LINE",
      "Confidence": 99.25255584716797,
      "Text": "Cloud",
      "Geometry": {
        "BoundingBox": {
          "Width": 0.04498477280139923,
          "Height": 0.014585105702280998,
          "Left": 0.0637754574418068,
          "Top": 0.32961344718933105
        },
        "Polygon": [
          {
            "X": 0.0637754574418068,
            "Y": 0.33066999912261963
          },
          {
            "X": 0.10861968249082565,
            "Y": 0.32961344718933105
          },
          {
            "X": 0.10876023024320602,
            "Y": 0.3431594967842102
          },
          {
            "X": 0.06392090767621994,
            "Y": 0.3441985547542572
          }
        ]
      },
      "Id": "4ee13e01-cb45-41a3-abd3-22234d2178b9",
      "Relationships": [
        {
          "Type": "CHILD",
          "Ids": [
            "e0342690-2ada-4d0f-b738-5d958f42771c"
          ]
        }
      ],
      "Page": 1
    },
    {
      "BlockType": "LINE",
      "Confidence": 99.13494873046875,
      "Text": "S",
      "Geometry": {
        "BoundingBox": {
          "Width": 0.01732056401669979,
          "Height": 0.027472946792840958,
          "Left": 0,
          "Top": 0.3377755880355835
        },
        "Polygon": [
          {
            "X": 0,
            "Y": 0.3382226824760437
          },
          {
            "X": 0.0170192401856184,
            "Y": 0.3377755880355835
          },
          {
            "X": 0.01732056401669979,
            "Y": 0.3648163676261902
          },
          {
            "X": 0,
            "Y": 0.36524853110313416
          }
        ]
      },
      "Id": "2e0a751c-b455-4204-931d-08de6713ed34",
      "Relationships": [
        {
          "Type": "CHILD",
          "Ids": [
            "175c46ef-e17a-4994-af3b-3601030ad5b7"
          ]
        }
      ],
      "Page": 1
    },
    {
      "BlockType": "LINE",
      "Confidence": 99.62791442871094,
      "Text": "Experience",
      "Geometry": {
        "BoundingBox": {
          "Width": 0.08586814999580383,
          "Height": 0.01782589592039585,
          "Left": 0.06075163558125496,
          "Top": 0.3462145924568176
        },
        "Polygon": [
          {
            "X": 0.06075163558125496,
            "Y": 0.3481910228729248
          },
          {
            "X": 0.1464599370956421,
            "Y": 0.3462145924568176
          },
          {
            "X": 0.1466197818517685,
            "Y": 0.3621032238006592
          },
          {
            "X": 0.06092246249318123,
            "Y": 0.3640404939651489
          }
        ]
      },
      "Id": "cb28a317-fdea-4e94-a12d-f76313c61327",
      "Relationships": [
        {
          "Type": "CHILD",
          "Ids": [
            "2bab61d5-9ab9-4899-8f91-add721c78ef7"
          ]
        }
      ],
      "Page": 1
    },
    {
      "BlockType": "LINE",
      "Confidence": 98.9178466796875,
      "Text": "Acelere a inovação com IA generativa e",
      "Geometry": {
        "BoundingBox": {
          "Width": 0.43577367067337036,
          "Height": 0.04329273849725723,
          "Left": 0.20839181542396545,
          "Top": 0.3121788799762726
        },
        "Polygon": [
          {
            "X": 0.20839181542396545,
            "Y": 0.3225005567073822
          },
          {
            "X": 0.6439687609672546,
            "Y": 0.3121788799762726
          },
          {
            "X": 0.6441654562950134,
            "Y": 0.34556278586387634
          },
          {
            "X": 0.20870636403560638,
            "Y": 0.3554716408252716
          }
        ]
      },
      "Id": "20dc8b7b-f4d0-4d5a-be24-88fbaa0f9130",
      "Relationships": [
        {
          "Type": "CHILD",
          "Ids": [
            "e31d8fbc-fe45-4298-ac05-0e0d82ec4c13",
            "a6246d54-f1ea-4f1a-9feb-c54e3bc667a5",
            "edbd4c6b-fb47-4d0f-812c-3b3bb1e9ec95",
            "e9581994-c56e-4670-bd90-476b51c18494",
            "449486f3-c7cb-4360-a28b-8dbdec2a51af",
            "88cc3e64-37b6-480e-8ef4-8970d9cf7cff",
            "f6e521a3-e248-4757-b7cd-65358f070c8e"
          ]
        }
      ],
      "Page": 1
    },
    {
      "BlockType": "LINE",
      "Confidence": 99.8480453491211,
      "Text": "2025",
      "Geometry": {
        "BoundingBox": {
          "Width": 0.03796130418777466,
          "Height": 0.012285771779716015,
          "Left": 0.05911427363753319,
          "Top": 0.36752593517303467
        },
        "Polygon": [
          {
            "X": 0.05911427363753319,
            "Y": 0.3683767020702362
          },
          {
            "X": 0.09695564955472946,
            "Y": 0.36752593517303467
          },
          {
            "X": 0.09707558155059814,
            "Y": 0.37897342443466187
          },
          {
            "X": 0.05923769995570183,
            "Y": 0.37981170415878296
          }
        ]
      },
      "Id": "12809768-7ffe-4a1f-ab76-fe0ca833ddd4",
      "Relationships": [
        {
          "Type": "CHILD",
          "Ids": [
            "f003d14c-4e11-42f2-9720-eb0e46eb6b16"
          ]
        }
      ],
      "Page": 1
    },
    {
      "BlockType": "LINE",
      "Confidence": 99.37576293945312,
      "Text": "machine learning sem código",
      "Geometry": {
        "BoundingBox": {
          "Width": 0.31426936388015747,
          "Height": 0.033029522746801376,
          "Left": 0.20787940919399261,
          "Top": 0.3439069092273712
        },
        "Polygon": [
          {
            "X": 0.20787940919399261,
            "Y": 0.3510934114456177
          },
          {
            "X": 0.521968424320221,
            "Y": 0.3439069092273712
          },
          {
            "X": 0.5221487879753113,
            "Y": 0.3699831962585449
          },
          {
            "X": 0.20812611281871796,
            "Y": 0.3769364058971405
          }
        ]
      },
      "Id": "0363cc7a-6afc-4766-9f60-f0f7fcf993ff",
      "Relationships": [
        {
          "Type": "CHILD",
          "Ids": [
            "8566c400-5a65-4381-bd82-20d1746201e8",
            "dc9ca420-c171-4286-a436-ba52854ee48c",
            "828130b5-8bd4-4c97-a062-37e31e8405ba",
            "987653d5-5ee9-43b9-a9ae-8c286df714a7"
          ]
        }
      ],
      "Page": 1
    },
    {
      "BlockType": "LINE",
      "Confidence": 99.61460876464844,
      "Text": "Cristiano Scandura",
      "Geometry": {
        "BoundingBox": {
          "Width": 0.08989570289850235,
          "Height": 0.010227657854557037,
          "Left": 0.20655974745750427,
          "Top": 0.4036622941493988
        },
        "Polygon": [
          {
            "X": 0.20655974745750427,
            "Y": 0.40557780861854553
          },
          {
            "X": 0.29638203978538513,
            "Y": 0.4036622941493988
          },
          {
            "X": 0.296455442905426,
            "Y": 0.41199591755867004
          },
          {
            "X": 0.20663923025131226,
            "Y": 0.41388997435569763
          }
        ]
      },
      "Id": "46169f9e-7ae2-4b6a-82a8-b3a1bc25bfc2",
      "Relationships": [
        {
          "Type": "CHILD",
          "Ids": [
            "e2b204c6-84ab-4ec9-9e4a-1fea1f2b8cd0",
            "e2797238-d8e7-4033-b4d8-c4ff477b6502"
          ]
        }
      ],
      "Page": 1
    },
    {
      "BlockType": "LINE",
      "Confidence": 97.6204833984375,
      "Text": "Arquiteto de Soluções Sr.",
      "Geometry": {
        "BoundingBox": {
          "Width": 0.07954107224941254,
          "Height": 0.00887342356145382,
          "Left": 0.20477396249771118,
          "Top": 0.41792741417884827
        },
        "Polygon": [
          {
            "X": 0.20477396249771118,
            "Y": 0.419590562582016
          },
          {
            "X": 0.2842506468296051,
            "Y": 0.41792741417884827
          },
          {
            "X": 0.2843150496482849,
            "Y": 0.4251541197299957
          },
          {
            "X": 0.20484302937984467,
            "Y": 0.42680081725120544
          }
        ]
      },
      "Id": "b9104fe4-3ac2-4ef9-b6f8-7161f3325835",
      "Relationships": [
        {
          "Type": "CHILD",
          "Ids": [
            "22101919-7cc3-4ed5-b962-7b8c2c8df54f",
            "7caf281a-9caa-4389-81e9-39c739289c52",
            "6ee83d5c-e822-4f09-834e-f65d56c497c8",
            "829069cc-934b-4f45-b495-0c94c1cd0d14"
          ]
        }
      ],
      "Page": 1
    },
    {
      "BlockType": "LINE",
      "Confidence": 99.67877960205078,
      "Text": "AWS",
      "Geometry": {
        "BoundingBox": {
          "Width": 0.01566796563565731,
          "Height": 0.0057242251932621,
          "Left": 0.20351140201091766,
          "Top": 0.43107348680496216
        },
        "Polygon": [
          {
            "X": 0.20351140201091766,
            "Y": 0.4313950538635254
          },
          {
            "X": 0.21912825107574463,
            "Y": 0.43107348680496216
          },
          {
            "X": 0.21917937695980072,
            "Y": 0.4364785850048065
          },
          {
            "X": 0.20356321334838867,
            "Y": 0.43679770827293396
          }
        ]
      },
      "Id": "bed1b812-d7f6-4808-9167-6b00681077e1",
      "Relationships": [
        {
          "Type": "CHILD",
          "Ids": [
            "317f8412-70eb-40e8-a0b5-9fe8df19c9dc"
          ]
        }
      ],
      "Page": 1
    },
    {
      "BlockType": "WORD",
      "Confidence": 98.03353881835938,
      "Text": "Cloud",
      "TextType": "PRINTED",
      "Geometry": {
        "BoundingBox": {
          "Width": 0.023302098736166954,
          "Height": 0.007736647501587868,
          "Left": 0.28357189893722534,
          "Top": 0.26582926511764526
        },
        "Polygon": [
          {
            "X": 0.28357189893722534,
            "Y": 0.26641592383384705
          },
          {
            "X": 0.306811660528183,
            "Y": 0.26582926511764526
          },
          {
            "X": 0.30687400698661804,
            "Y": 0.27298399806022644
          },
          {
            "X": 0.28363558650016785,
            "Y": 0.2735658884048462
          }
        ]
      },
      "Id": "45e0c53e-00c9-4760-ba8a-ee11320b8d80",
      "Page": 1
    },
    {
      "BlockType": "WORD",
      "Confidence": 98.29885864257812,
      "Text": "aws",
      "TextType": "PRINTED",
      "Geometry": {
        "BoundingBox": {
          "Width": 0.04233845695853233,
          "Height": 0.01532223541289568,
          "Left": 0.21691636741161346,
          "Top": 0.27105051279067993
        },
        "Polygon": [
          {
            "X": 0.21691636741161346,
            "Y": 0.272111177444458
          },
          {
            "X": 0.2591247260570526,
            "Y": 0.27105051279067993
          },
          {
            "X": 0.2592548429965973,
            "Y": 0.2853294014930725
          },
          {
            "X": 0.21705135703086853,
            "Y": 0.28637275099754333
          }
        ]
      },
      "Id": "686e98c4-88ca-45be-8ae1-b1088357db32",
      "Page": 1
    },
    {
      "BlockType": "WORD",
      "Confidence": 99.58808898925781,
      "Text": "Experience",
      "TextType": "PRINTED",
      "Geometry": {
        "BoundingBox": {
          "Width": 0.04249411076307297,
          "Height": 0.009167708456516266,
          "Left": 0.28301525115966797,
          "Top": 0.2732972800731659
        },
        "Polygon": [
          {
            "X": 0.28301525115966797,
            "Y": 0.2743586301803589
          },
          {
            "X": 0.3254399001598358,
            "Y": 0.2732972800731659
          },
          {
            "X": 0.32550936937332153,
            "Y": 0.2814134657382965
          },
          {
            "X": 0.28308749198913574,
            "Y": 0.28246498107910156
          }
        ]
      },
      "Id": "54a9c07d-7b5b-409a-a54d-14ade17f24b1",
      "Page": 1
    },
    {
      "BlockType": "WORD",
      "Confidence": 93.66138458251953,
      "Text": "LET'S",
      "TextType": "PRINTED",
      "Geometry": {
        "BoundingBox": {
          "Width": 0.04199540987610817,
          "Height": 0.02550194039940834,
          "Left": 0.36938491463661194,
          "Top": 0.25682419538497925
        },
        "Polygon": [
          {
            "X": 0.36938491463661194,
            "Y": 0.2578870356082916
          },
          {
            "X": 0.411188542842865,
            "Y": 0.25682419538497925
          },
          {
            "X": 0.4113803505897522,
            "Y": 0.28129255771636963
          },
          {
            "X": 0.3695850372314453,
            "Y": 0.2823261320590973
          }
        ]
      },
      "Id": "e66cfd07-a106-4679-a482-aa27906d47e0",
      "Page": 1
    },
    {
      "BlockType": "WORD",
      "Confidence": 96.9844970703125,
      "Text": "UP",
      "TextType": "PRINTED",
      "Geometry": {
        "BoundingBox": {
          "Width": 0.01918616332113743,
          "Height": 0.017561553046107292,
          "Left": 0.4651918113231659,
          "Top": 0.25203937292099
        },
        "Polygon": [
          {
            "X": 0.4651918113231659,
            "Y": 0.2525256276130676
          },
          {
            "X": 0.48425450921058655,
            "Y": 0.25203937292099
          },
          {
            "X": 0.48437798023223877,
            "Y": 0.26912400126457214
          },
          {
            "X": 0.4653179347515106,
            "Y": 0.26960092782974243
          }
        ]
      },
      "Id": "2cfaf7a4-dc02-4427-b0a9-85cbe35d707d",
      "Page": 1
    },
    {
      "BlockType": "WORD",
      "Confidence": 99.92660522460938,
      "Text": "2025",
      "TextType": "PRINTED",
      "Geometry": {
        "BoundingBox": {
          "Width": 0.020007189363241196,
          "Height": 0.007349533028900623,
          "Left": 0.2821425199508667,
          "Top": 0.2828525900840759
        },
        "Polygon": [
          {
            "X": 0.2821425199508667,
            "Y": 0.2833465039730072
          },
          {
            "X": 0.302089661359787,
            "Y": 0.2828525900840759
          },
          {
            "X": 0.3021497130393982,
            "Y": 0.2897121012210846
          },
          {
            "X": 0.28220367431640625,
            "Y": 0.2902021110057831
          }
        ]
      },
      "Id": "09907ccb-0cb2-4405-a3b9-4eff2c0de32c",
      "Page": 1
    },
    {
      "BlockType": "WORD",
      "Confidence": 99.25255584716797,
      "Text": "Cloud",
      "TextType": "PRINTED",
      "Geometry": {
        "BoundingBox": {
          "Width": 0.04498477280139923,
          "Height": 0.014585105702280998,
          "Left": 0.0637754574418068,
          "Top": 0.32961344718933105
        },
        "Polygon": [
          {
            "X": 0.0637754574418068,
            "Y": 0.33066999912261963
          },
          {
            "X": 0.10861968249082565,
            "Y": 0.32961344718933105
          },
          {
            "X": 0.10876023024320602,
            "Y": 0.3431594967842102
          },
          {
            "X": 0.06392090767621994,
            "Y": 0.3441985547542572
          }
        ]
      },
      "Id": "e0342690-2ada-4d0f-b738-5d958f42771c",
      "Page": 1
    },
    {
      "BlockType": "WORD",
      "Confidence": 99.13494873046875,
      "Text": "S",
      "TextType": "PRINTED",
      "Geometry": {
        "BoundingBox": {
          "Width": 0.01732056401669979,
          "Height": 0.027472946792840958,
          "Left": 0,
          "Top": 0.3377755880355835
        },
        "Polygon": [
          {
            "X": 0,
            "Y": 0.3382226824760437
          },
          {
            "X": 0.0170192401856184,
            "Y": 0.3377755880355835
          },
          {
            "X": 0.01732056401669979,
            "Y": 0.3648163676261902
          },
          {
            "X": 0,
            "Y": 0.36524853110313416
          }
        ]
      },
      "Id": "175c46ef-e17a-4994-af3b-3601030ad5b7",
      "Page": 1
    },
    {
      "BlockType": "WORD",
      "Confidence": 99.62791442871094,
      "Text": "Experience",
      "TextType": "PRINTED",
      "Geometry": {
        "BoundingBox": {
          "Width": 0.08586814999580383,
          "Height": 0.01782589592039585,
          "Left": 0.06075163558125496,
          "Top": 0.3462145924568176
        },
        "Polygon": [
          {
            "X": 0.06075163558125496,
            "Y": 0.3481910228729248
          },
          {
            "X": 0.1464599370956421,
            "Y": 0.3462145924568176
          },
          {
            "X": 0.1466197818517685,
            "Y": 0.3621032238006592
          },
          {
            "X": 0.06092246249318123,
            "Y": 0.3640404939651489
          }
        ]
      },
      "Id": "2bab61d5-9ab9-4899-8f91-add721c78ef7",
      "Page": 1
    },
    {
      "BlockType": "WORD",
      "Confidence": 99.55887603759766,
      "Text": "Acelere",
      "TextType": "PRINTED",
      "Geometry": {
        "BoundingBox": {
          "Width": 0.0749460980296135,
          "Height": 0.018928198143839836,
          "Left": 0.2085423767566681,
          "Top": 0.3365434408187866
        },
        "Polygon": [
          {
            "X": 0.2085423767566681,
            "Y": 0.33828204870224
          },
          {
            "X": 0.2833349108695984,
            "Y": 0.3365434408187866
          },
          {
            "X": 0.2834884822368622,
            "Y": 0.3537699580192566
          },
          {
            "X": 0.20870636403560638,
            "Y": 0.3554716408252716
          }
        ]
      },
      "Id": "e31d8fbc-fe45-4298-ac05-0e0d82ec4c13",
      "Page": 1
    },
    {
      "BlockType": "WORD",
      "Confidence": 99.95274353027344,
      "Text": "a",
      "TextType": "PRINTED",
      "Geometry": {
        "BoundingBox": {
          "Width": 0.011545614339411259,
          "Height": 0.011560172773897648,
          "Left": 0.289286732673645,
          "Top": 0.33857202529907227
        },
        "Polygon": [
          {
            "X": 0.289286732673645,
            "Y": 0.33883732557296753
          },
          {
            "X": 0.3007332682609558,
            "Y": 0.33857202529907227
          },
          {
            "X": 0.3008323311805725,
            "Y": 0.34987062215805054
          },
          {
            "X": 0.2893868386745453,
            "Y": 0.35013219714164734
          }
        ]
      },
      "Id": "a6246d54-f1ea-4f1a-9feb-c54e3bc667a5",
      "Page": 1
    },
    {
      "BlockType": "WORD",
      "Confidence": 95.12207794189453,
      "Text": "inovação",
      "TextType": "PRINTED",
      "Geometry": {
        "BoundingBox": {
          "Width": 0.09370115399360657,
          "Height": 0.022570744156837463,
          "Left": 0.3076786994934082,
          "Top": 0.3282773792743683
        },
        "Polygon": [
          {
            "X": 0.3076786994934082,
            "Y": 0.33046647906303406
          },
          {
            "X": 0.40121787786483765,
            "Y": 0.3282773792743683
          },
          {
            "X": 0.40137985348701477,
            "Y": 0.3487136960029602
          },
          {
            "X": 0.3078562021255493,
            "Y": 0.35084813833236694
          }
        ]
      },
      "Id": "edbd4c6b-fb47-4d0f-812c-3b3bb1e9ec95",
      "Page": 1
    },
    {
      "BlockType": "WORD",
      "Confidence": 99.64250946044922,
      "Text": "com",
      "TextType": "PRINTED",
      "Geometry": {
        "BoundingBox": {
          "Width": 0.0475853756070137,
          "Height": 0.015843460336327553,
          "Left": 0.40806421637535095,
          "Top": 0.3270927369594574
        },
        "Polygon": [
          {
            "X": 0.40806421637535095,
            "Y": 0.32820364832878113
          },
          {
            "X": 0.45553937554359436,
            "Y": 0.3270927369594574
          },
          {
            "X": 0.45564958453178406,
            "Y": 0.34184524416923523
          },
          {
            "X": 0.4081801474094391,
            "Y": 0.3429361879825592
          }
        ]
      },
      "Id": "e9581994-c56e-4670-bd90-476b51c18494",
      "Page": 1
    },
    {
      "BlockType": "WORD",
      "Confidence": 99.19534301757812,
      "Text": "IA",
      "TextType": "PRINTED",
      "Geometry": {
        "BoundingBox": {
          "Width": 0.022852739319205284,
          "Height": 0.016664575785398483,
          "Left": 0.46307244896888733,
          "Top": 0.32237064838409424
        },
        "Polygon": [
          {
            "X": 0.46307244896888733,
            "Y": 0.3229052722454071
          },
          {
            "X": 0.48580870032310486,
            "Y": 0.32237064838409424
          },
          {
            "X": 0.48592519760131836,
            "Y": 0.33851107954978943
          },
          {
            "X": 0.463191956281662,
            "Y": 0.3390352427959442
          }
        ]
      },
      "Id": "449486f3-c7cb-4360-a28b-8dbdec2a51af",
      "Page": 1
    },
    {
      "BlockType": "WORD",
      "Confidence": 99.11640167236328,
      "Text": "generativa",
      "TextType": "PRINTED",
      "Geometry": {
        "BoundingBox": {
          "Width": 0.12972994148731232,
          "Height": 0.028146974742412567,
          "Left": 0.49041131138801575,
          "Top": 0.31274715065956116
        },
        "Polygon": [
          {
            "X": 0.49041131138801575,
            "Y": 0.3158176839351654
          },
          {
            "X": 0.6199878454208374,
            "Y": 0.31274715065956116
          },
          {
            "X": 0.6201412677764893,
            "Y": 0.3379162847995758
          },
          {
            "X": 0.4905913174152374,
            "Y": 0.3408941328525543
          }
        ]
      },
      "Id": "88cc3e64-37b6-480e-8ef4-8970d9cf7cff",
      "Page": 1
    },
    {
      "BlockType": "WORD",
      "Confidence": 99.83699035644531,
      "Text": "e",
      "TextType": "PRINTED",
      "Geometry": {
        "BoundingBox": {
          "Width": 0.016009408980607986,
          "Height": 0.014184854924678802,
          "Left": 0.6280480027198792,
          "Top": 0.3134145438671112
        },
        "Polygon": [
          {
            "X": 0.6280480027198792,
            "Y": 0.313791424036026
          },
          {
            "X": 0.6439760327339172,
            "Y": 0.3134145438671112
          },
          {
            "X": 0.6440574526786804,
            "Y": 0.32722875475883484
          },
          {
            "X": 0.6281312108039856,
            "Y": 0.3275993764400482
          }
        ]
      },
      "Id": "f6e521a3-e248-4757-b7cd-65358f070c8e",
      "Page": 1
    },
    {
      "BlockType": "WORD",
      "Confidence": 99.8480453491211,
      "Text": "2025",
      "TextType": "PRINTED",
      "Geometry": {
        "BoundingBox": {
          "Width": 0.03796130418777466,
          "Height": 0.012285771779716015,
          "Left": 0.05911427363753319,
          "Top": 0.36752593517303467
        },
        "Polygon": [
          {
            "X": 0.05911427363753319,
            "Y": 0.3683767020702362
          },
          {
            "X": 0.09695564955472946,
            "Y": 0.36752593517303467
          },
          {
            "X": 0.09707558155059814,
            "Y": 0.37897342443466187
          },
          {
            "X": 0.05923769995570183,
            "Y": 0.37981170415878296
          }
        ]
      },
      "Id": "f003d14c-4e11-42f2-9720-eb0e46eb6b16",
      "Page": 1
    },
    {
      "BlockType": "WORD",
      "Confidence": 99.88407135009766,
      "Text": "machine",
      "TextType": "PRINTED",
      "Geometry": {
        "BoundingBox": {
          "Width": 0.08568736165761948,
          "Height": 0.01899571903049946,
          "Left": 0.2079632580280304,
          "Top": 0.3579407036304474
        },
        "Polygon": [
          {
            "X": 0.2079632580280304,
            "Y": 0.3598763644695282
          },
          {
            "X": 0.29349958896636963,
            "Y": 0.3579407036304474
          },
          {
            "X": 0.2936505973339081,
            "Y": 0.37504270672798157
          },
          {
            "X": 0.20812611281871796,
            "Y": 0.3769364058971405
          }
        ]
      },
      "Id": "8566c400-5a65-4381-bd82-20d1746201e8",
      "Page": 1
    },
    {
      "BlockType": "WORD",
      "Confidence": 99.72813415527344,
      "Text": "learning",
      "TextType": "PRINTED",
      "Geometry": {
        "BoundingBox": {
          "Width": 0.08674526959657669,
          "Height": 0.02038976550102234,
          "Left": 0.2992004454135895,
          "Top": 0.35304978489875793
        },
        "Polygon": [
          {
            "X": 0.2992004454135895,
            "Y": 0.3550163209438324
          },
          {
            "X": 0.3857969045639038,
            "Y": 0.35304978489875793
          },
          {
            "X": 0.38594570755958557,
            "Y": 0.37151873111724854
          },
          {
            "X": 0.2993622422218323,
            "Y": 0.3734395503997803
          }
        ]
      },
      "Id": "dc9ca420-c171-4286-a436-ba52854ee48c",
      "Page": 1
    },
    {
      "BlockType": "WORD",
      "Confidence": 99.65467071533203,
      "Text": "sem",
      "TextType": "PRINTED",
      "Geometry": {
        "BoundingBox": {
          "Width": 0.045547548681497574,
          "Height": 0.014948454685509205,
          "Left": 0.3919546604156494,
          "Top": 0.3522889316082001
        },
        "Polygon": [
          {
            "X": 0.3919546604156494,
            "Y": 0.35332033038139343
          },
          {
            "X": 0.43739596009254456,
            "Y": 0.3522889316082001
          },
          {
            "X": 0.4375022053718567,
            "Y": 0.3662240505218506
          },
          {
            "X": 0.392066091299057,
            "Y": 0.367237389087677
          }
        ]
      },
      "Id": "828130b5-8bd4-4c97-a062-37e31e8405ba",
      "Page": 1
    },
    {
      "BlockType": "WORD",
      "Confidence": 98.23616790771484,
      "Text": "código",
      "TextType": "PRINTED",
      "Geometry": {
        "BoundingBox": {
          "Width": 0.0777323991060257,
          "Height": 0.022154321894049644,
          "Left": 0.44437727332115173,
          "Top": 0.3439069092273712
        },
        "Polygon": [
          {
            "X": 0.44437727332115173,
            "Y": 0.34568220376968384
          },
          {
            "X": 0.521968424320221,
            "Y": 0.3439069092273712
          },
          {
            "X": 0.5221096873283386,
            "Y": 0.36433103680610657
          },
          {
            "X": 0.44453147053718567,
            "Y": 0.3660612106323242
          }
        ]
      },
      "Id": "987653d5-5ee9-43b9-a9ae-8c286df714a7",
      "Page": 1
    },
    {
      "BlockType": "WORD",
      "Confidence": 99.47435760498047,
      "Text": "Cristiano",
      "TextType": "PRINTED",
      "Geometry": {
        "BoundingBox": {
          "Width": 0.041973479092121124,
          "Height": 0.007952180691063404,
          "Left": 0.20657172799110413,
          "Top": 0.4059377908706665
        },
        "Polygon": [
          {
            "X": 0.20657172799110413,
            "Y": 0.4068300127983093
          },
          {
            "X": 0.24848009645938873,
            "Y": 0.4059377908706665
          },
          {
            "X": 0.24854519963264465,
            "Y": 0.4130062460899353
          },
          {
            "X": 0.20663923025131226,
            "Y": 0.41388997435569763
          }
        ]
      },
      "Id": "e2b204c6-84ab-4ec9-9e4a-1fea1f2b8cd0",
      "Page": 1
    },
    {
      "BlockType": "WORD",
      "Confidence": 99.7548599243164,
      "Text": "Scandura",
      "TextType": "PRINTED",
      "Geometry": {
        "BoundingBox": {
          "Width": 0.04521121457219124,
          "Height": 0.00840369425714016,
          "Left": 0.2512364685535431,
          "Top": 0.4036622941493988
        },
        "Polygon": [
          {
            "X": 0.2512364685535431,
            "Y": 0.4046250581741333
          },
          {
            "X": 0.29638203978538513,
            "Y": 0.4036622941493988
          },
          {
            "X": 0.29644766449928284,
            "Y": 0.41111287474632263
          },
          {
            "X": 0.25130483508110046,
            "Y": 0.4120660126209259
          }
        ]
      },
      "Id": "e2797238-d8e7-4033-b4d8-c4ff477b6502",
      "Page": 1
    },
    {
      "BlockType": "WORD",
      "Confidence": 97.96127319335938,
      "Text": "Arquiteto",
      "TextType": "PRINTED",
      "Geometry": {
        "BoundingBox": {
          "Width": 0.03108227252960205,
          "Height": 0.006957877893000841,
          "Left": 0.20478259027004242,
          "Top": 0.4198429584503174
        },
        "Polygon": [
          {
            "X": 0.20478259027004242,
            "Y": 0.42049136757850647
          },
          {
            "X": 0.23580601811408997,
            "Y": 0.4198429584503174
          },
          {
            "X": 0.23586486279964447,
            "Y": 0.42615804076194763
          },
          {
            "X": 0.20484302937984467,
            "Y": 0.42680081725120544
          }
        ]
      },
      "Id": "22101919-7cc3-4ed5-b962-7b8c2c8df54f",
      "Page": 1
    },
    {
      "BlockType": "WORD",
      "Confidence": 99.62222290039062,
      "Text": "de",
      "TextType": "PRINTED",
      "Geometry": {
        "BoundingBox": {
          "Width": 0.008245076984167099,
          "Height": 0.005443940404802561,
          "Left": 0.23704351484775543,
          "Top": 0.4194326400756836
        },
        "Polygon": [
          {
            "X": 0.23704351484775543,
            "Y": 0.41960400342941284
          },
          {
            "X": 0.24523986876010895,
            "Y": 0.4194326400756836
          },
          {
            "X": 0.24528858065605164,
            "Y": 0.42470645904541016
          },
          {
            "X": 0.23709258437156677,
            "Y": 0.4248765707015991
          }
        ]
      },
      "Id": "7caf281a-9caa-4389-81e9-39c739289c52",
      "Page": 1
    },
    {
      "BlockType": "WORD",
      "Confidence": 96.66841125488281,
      "Text": "Soluções",
      "TextType": "PRINTED",
      "Geometry": {
        "BoundingBox": {
          "Width": 0.028617700561881065,
          "Height": 0.006777019239962101,
          "Left": 0.2465829700231552,
          "Top": 0.4182911217212677
        },
        "Polygon": [
          {
            "X": 0.2465829700231552,
            "Y": 0.418888658285141
          },
          {
            "X": 0.2751450836658478,
            "Y": 0.4182911217212677
          },
          {
            "X": 0.27520066499710083,
            "Y": 0.42447564005851746
          },
          {
            "X": 0.24663998186588287,
            "Y": 0.4250681400299072
          }
        ]
      },
      "Id": "6ee83d5c-e822-4f09-834e-f65d56c497c8",
      "Page": 1
    },
    {
      "BlockType": "WORD",
      "Confidence": 96.23005676269531,
      "Text": "Sr.",
      "TextType": "PRINTED",
      "Geometry": {
        "BoundingBox": {
          "Width": 0.007494749501347542,
          "Height": 0.005506915505975485,
          "Left": 0.276803582906723,
          "Top": 0.41792741417884827
        },
        "Polygon": [
          {
            "X": 0.276803582906723,
            "Y": 0.4180832505226135
          },
          {
            "X": 0.2842506468296051,
            "Y": 0.41792741417884827
          },
          {
            "X": 0.2842983305454254,
            "Y": 0.42327961325645447
          },
          {
            "X": 0.2768515944480896,
            "Y": 0.423434317111969
          }
        ]
      },
      "Id": "829069cc-934b-4f45-b495-0c94c1cd0d14",
      "Page": 1
    },
    {
      "BlockType": "WORD",
      "Confidence": 99.67877960205078,
      "Text": "AWS",
      "TextType": "PRINTED",
      "Geometry": {
        "BoundingBox": {
          "Width": 0.01566796563565731,
          "Height": 0.0057242251932621,
          "Left": 0.20351140201091766,
          "Top": 0.43107348680496216
        },
        "Polygon": [
          {
            "X": 0.20351140201091766,
            "Y": 0.4313950538635254
          },
          {
            "X": 0.21912825107574463,
            "Y": 0.43107348680496216
          },
          {
            "X": 0.21917937695980072,
            "Y": 0.4364785850048065
          },
          {
            "X": 0.20356321334838867,
            "Y": 0.43679770827293396
          }
        ]
      },
      "Id": "317f8412-70eb-40e8-a0b5-9fe8df19c9dc",
      "Page": 1
    }
  ],
  "DetectDocumentTextModelVersion": "1.0"
}