{
  "DocumentMetadata": {
    "Pages": 1
  },
  "JobStatus": "SUCCEEDED",
  "Blocks": [
    {
      "BlockType": "PAGE",
      "Geometry": {
        "BoundingBox": {
          "Width": 0.98655766248703,
          "Height": 0.8758750557899475,
          "Left": 0,
          "Top": 0
        },
        "Polygon": [
          {
            "X": 0,
            "Y": 0.025805748999118805
          },
          {
            "X": 0.9809909462928772,
            "Y": 0
          },
          {
            "X": 0.98655766248703,
            "Y": 0.8743507266044617
          },
          {
            "X": 0,
            "Y": 0.8758750557899475
          }
        ]
      },
      "Id": "1b706678-d245-4305-bf48-895a2f5de062",
      "Relationships": [
        {
          "Type": "CHILD",
          "Ids": [
            "09b1105b-8d73-45b7-8427-55a08887a858",
            "236fe8a6-afda-4951-bc36-bf0202a4dc0b",
            "aa307de8-468c-486d-abad-755ea085e010",
            "f05b5ba9-d9f7-4ac6-8293-13db03cbdc7d",
            "8a992182-40f6-49cb-80da-db4323d0e034",
            "074ca7de-5c75-4748-8017-2f811e2b5048",
            "7fa3f0e1-bcff-4889-a2ff-8aca2bb77236",
            "3435cf57-cb4a-43ba-80f5-d4fbaf76ff62",
            "c296f603-ae23-449e-b061-bd2fd518e740",
            "ca6e57fc-6f58-474d-b29c-205a216dc856",
            "2096a389-b15b-4171-8ab0-eef87428824a",
            "166229d3-3da6-4c46-acd2-854aea2a813d"
          ]
        }
      ],
      "Page": 1
    },
    {
      "BlockType": "LINE",
      "Confidence": 99.43939208984375,
      "Text": "Cloud",
      "Geometry": {
        "BoundingBox": {
          "Width": 0.025320181623101234,
          "Height": 0.008498012088239193,
          "Left": 0.19990216195583344,
          "Top": 0.18808108568191528
        },
        "Polygon": [
          {
            "X": 0.19990216195583344,
            "Y": 0.18918229639530182
          },
          {
            "X": 0.22510123252868652,
            "Y": 0.18808108568191528
          },
          {
            "X": 0.22522234916687012,
            "Y": 0.19548943638801575
          },
          {
            "X": 0.20002558827400208,
            "Y": 0.19657909870147705
          }
        ]
      },
      "Id": "09b1105b-8d73-45b7-8427-55a08887a858",
      "Relationships": [
        {
          "Type": "CHILD",
          "Ids": [
            "b0ff5804-0d90-4a99-9b7a-81a1210e2348"
          ]
        }
      ],
      "Page": 1
    },
    {
      "BlockType": "LINE",
      "Confidence": 99.26042938232422,
      "Text": "aws",
      "Geometry": {
        "BoundingBox": {
          "Width": 0.0460975356400013,
          "Height": 0.016790267080068588,
          "Left": 0.12717244029045105,
          "Top": 0.19358915090560913
        },
        "Polygon": [
          {
            "X": 0.12717244029045105,
            "Y": 0.19558347761631012
          },
          {
            "X": 0.1730169802904129,
            "Y": 0.19358915090560913
          },
          {
            "X": 0.17326997220516205,
            "Y": 0.2084273248910904
          },
          {
            "X": 0.12743383646011353,
            "Y": 0.21037940680980682
          }
        ]
      },
      "Id": "236fe8a6-afda-4951-bc36-bf0202a4dc0b",
      "Relationships": [
        {
          "Type": "CHILD",
          "Ids": [
            "e0d27277-a9f1-470c-a13f-a3b85831126f"
          ]
        }
      ],
      "Page": 1
    },
    {
      "BlockType": "LINE",
      "Confidence": 99.8465347290039,
      "Text": "Experience",
      "Geometry": {
        "BoundingBox": {
          "Width": 0.04656190052628517,
          "Height": 0.01067839190363884,
          "Left": 0.19956515729427338,
          "Top": 0.19618739187717438
        },
        "Polygon": [
          {
            "X": 0.19956515729427338,
            "Y": 0.19819043576717377
          },
          {
            "X": 0.24598725140094757,
            "Y": 0.19618739187717438
          },
          {
            "X": 0.24612705409526825,
            "Y": 0.20488771796226501
          },
          {
            "X": 0.19970998167991638,
            "Y": 0.20686578750610352
          }
        ]
      },
      "Id": "aa307de8-468c-486d-abad-755ea085e010",
      "Relationships": [
        {
          "Type": "CHILD",
          "Ids": [
            "08ea3c81-75d7-4b68-b0c9-29d68249613d"
          ]
        }
      ],
      "Page": 1
    },
    {
      "BlockType": "LINE",
      "Confidence": 69.46865844726562,
      "Text": "LET'S LEVEL LEVEL OF UP",
      "Geometry": {
        "BoundingBox": {
          "Width": 0.12161455303430557,
          "Height": 0.02979903481900692,
          "Left": 0.295958936214447,
          "Top": 0.17408175766468048
        },
        "Polygon": [
          {
            "X": 0.295958936214447,
            "Y": 0.1794227808713913
          },
          {
            "X": 0.4172344207763672,
            "Y": 0.17408175766468048
          },
          {
            "X": 0.4175735116004944,
            "Y": 0.19872261583805084
          },
          {
            "X": 0.2963354289531708,
            "Y": 0.20388080179691315
          }
        ]
      },
      "Id": "f05b5ba9-d9f7-4ac6-8293-13db03cbdc7d",
      "Relationships": [
        {
          "Type": "CHILD",
          "Ids": [
            "d3cfc7d4-79f8-42e1-8020-64ceddef875e",
            "0c27d487-c8f2-4167-bcfc-d2be2bae16e2",
            "6d85d277-10a4-4fe6-bc96-1b94859db696",
            "d63f149a-fffb-4126-a92f-63ea152d9344",
            "4040b028-0864-407c-8f59-b60ee8902502"
          ]
        }
      ],
      "Page": 1
    },
    {
      "BlockType": "LINE",
      "Confidence": 99.94788360595703,
      "Text": "2025",
      "Geometry": {
        "BoundingBox": {
          "Width": 0.021784260869026184,
          "Height": 0.007714864332228899,
          "Left": 0.19907404482364655,
          "Top": 0.207237109541893
        },
        "Polygon": [
          {
            "X": 0.19907404482364655,
            "Y": 0.20815901458263397
          },
          {
            "X": 0.22074668109416962,
            "Y": 0.207237109541893
          },
          {
            "X": 0.22085830569267273,
            "Y": 0.21403920650482178
          },
          {
            "X": 0.1991875022649765,
            "Y": 0.21495197713375092
          }
        ]
      },
      "Id": "8a992182-40f6-49cb-80da-db4323d0e034",
      "Relationships": [
        {
          "Type": "CHILD",
          "Ids": [
            "1e2b20d5-b5b8-48ed-b8b4-cc970d37f6d4"
          ]
        }
      ],
      "Page": 1
    },
    {
      "BlockType": "LINE",
      "Confidence": 98.39753723144531,
      "Text": "d",
      "Geometry": {
        "BoundingBox": {
          "Width": 0.010361311957240105,
          "Height": 0.013946316204965115,
          "Left": 0,
          "Top": 0.25734394788742065
        },
        "Polygon": [
          {
            "X": 0,
            "Y": 0.2577640414237976
          },
          {
            "X": 0.010100663639605045,
            "Y": 0.25734394788742065
          },
          {
            "X": 0.010361311957240105,
            "Y": 0.2708790600299835
          },
          {
            "X": 0,
            "Y": 0.27129024267196655
          }
        ]
      },
      "Id": "074ca7de-5c75-4748-8017-2f811e2b5048",
      "Relationships": [
        {
          "Type": "CHILD",
          "Ids": [
            "0bcd04a8-2d72-4174-a2b0-5f47ce20ace1"
          ]
        }
      ],
      "Page": 1
    },
    {
      "BlockType": "LINE",
      "Confidence": 99.53765869140625,
      "Text": "rience",
      "Geometry": {
        "BoundingBox": {
          "Width": 0.05407547950744629,
          "Height": 0.015675434842705727,
          "Left": 0,
          "Top": 0.2759915292263031
        },
        "Polygon": [
          {
            "X": 0,
            "Y": 0.2781318426132202
          },
          {
            "X": 0.053821858018636703,
            "Y": 0.2759915292263031
          },
          {
            "X": 0.05407547950744629,
            "Y": 0.2895735502243042
          },
          {
            "X": 0,
            "Y": 0.2916669547557831
          }
        ]
      },
      "Id": "7fa3f0e1-bcff-4889-a2ff-8aca2bb77236",
      "Relationships": [
        {
          "Type": "CHILD",
          "Ids": [
            "0820af1f-8c78-44a9-9e1a-bc5aa5d4f8b5"
          ]
        }
      ],
      "Page": 1
    },
    {
      "BlockType": "LINE",
      "Confidence": 99.79792785644531,
      "Text": "A abordagem da AWS para proteger",
      "Geometry": {
        "BoundingBox": {
          "Width": 0.42953306436538696,
          "Height": 0.044132333248853683,
          "Left": 0.12235073000192642,
          "Top": 0.244536891579628
        },
        "Polygon": [
          {
            "X": 0.12235073000192642,
            "Y": 0.26146823167800903
          },
          {
            "X": 0.5515496134757996,
            "Y": 0.244536891579628
          },
          {
            "X": 0.5518838167190552,
            "Y": 0.2724645137786865
          },
          {
            "X": 0.12283347547054291,
            "Y": 0.288669228553772
          }
        ]
      },
      "Id": "3435cf57-cb4a-43ba-80f5-d4fbaf76ff62",
      "Relationships": [
        {
          "Type": "CHILD",
          "Ids": [
            "7f6aa2af-bd3f-4a12-9bd2-b0ae2cc4be06",
            "bdbeafe4-95af-4fb6-a05f-a51c414f60bd",
            "6f41907d-139b-4d5f-85f2-4945419fe50e",
            "33f44ba2-8c40-4fef-aed3-ada41f9ce21d",
            "5862964f-3783-433d-a569-e0ee1994184d",
            "760863da-b150-4d08-ba1d-09bbbe96f690"
          ]
        }
      ],
      "Page": 1
    },
    {
      "BlockType": "LINE",
      "Confidence": 99.54885864257812,
      "Text": "a IA generativa",
      "Geometry": {
        "BoundingBox": {
          "Width": 0.16526073217391968,
          "Height": 0.027602093294262886,
          "Left": 0.12311515212059021,
          "Top": 0.2856181859970093
        },
        "Polygon": [
          {
            "X": 0.12311515212059021,
            "Y": 0.2918150722980499
          },
          {
            "X": 0.2880402207374573,
            "Y": 0.2856181859970093
          },
          {
            "X": 0.2883758842945099,
            "Y": 0.3072429895401001
          },
          {
            "X": 0.12349496781826019,
            "Y": 0.3132202625274658
          }
        ]
      },
      "Id": "c296f603-ae23-449e-b061-bd2fd518e740",
      "Relationships": [
        {
          "Type": "CHILD",
          "Ids": [
            "491e8323-b5b7-4804-9410-8f12b67fe186",
            "b2ecfbb8-a323-46c5-8e9a-520f0ca2d38f",
            "0578c584-1850-497c-8df3-878cd600fadf"
          ]
        }
      ],
      "Page": 1
    },
    {
      "BlockType": "LINE",
      "Confidence": 99.77254486083984,
      "Text": "Matheus Anderle de Souza",
      "Geometry": {
        "BoundingBox": {
          "Width": 0.1388978362083435,
          "Height": 0.013553422875702381,
          "Left": 0.12411307543516159,
          "Top": 0.3378673791885376
        },
        "Polygon": [
          {
            "X": 0.12411307543516159,
            "Y": 0.34264546632766724
          },
          {
            "X": 0.2628704309463501,
            "Y": 0.3378673791885376
          },
          {
            "X": 0.2630109190940857,
            "Y": 0.3467184007167816
          },
          {
            "X": 0.12426877021789551,
            "Y": 0.3514207899570465
          }
        ]
      },
      "Id": "ca6e57fc-6f58-474d-b29c-205a216dc856",
      "Relationships": [
        {
          "Type": "CHILD",
          "Ids": [
            "f578ea9d-cf4b-4b34-8290-1e9d443fd687",
            "b8cc11aa-578f-4cd5-b18f-90018f317e49",
            "331e3728-02a6-4df3-9a4e-41112ac2c916",
            "9ced1359-3c5f-4651-a167-af95d2affabf"
          ]
        }
      ],
      "Page": 1
    },
    {
      "BlockType": "LINE",
      "Confidence": 99.71312713623047,
      "Text": "Senior Solutions Architect",
      "Geometry": {
        "BoundingBox": {
          "Width": 0.08868705481290817,
          "Height": 0.00968953873962164,
          "Left": 0.12295541167259216,
          "Top": 0.3547746241092682
        },
        "Polygon": [
          {
            "X": 0.12295541167259216,
            "Y": 0.35774239897727966
          },
          {
            "X": 0.21153049170970917,
            "Y": 0.3547746241092682
          },
          {
            "X": 0.21164247393608093,
            "Y": 0.36153340339660645
          },
          {
            "X": 0.12307480722665787,
            "Y": 0.3644641637802124
          }
        ]
      },
      "Id": "2096a389-b15b-4171-8ab0-eef87428824a",
      "Relationships": [
        {
          "Type": "CHILD",
          "Ids": [
            "59d742f0-a2db-40b9-93d3-923c8b3476d9",
            "f569ad32-f991-4ea9-9eb2-66755342eb5a",
            "657725e2-822f-4777-ab8b-c32615a2db29"
          ]
        }
      ],
      "Page": 1
    },
    {
      "BlockType": "LINE",
      "Confidence": 99.83893585205078,
      "Text": "AWS",
      "Geometry": {
        "BoundingBox": {
          "Width": 0.01711379736661911,
          "Height": 0.006436438299715519,
          "Left": 0.12193812429904938,
          "Top": 0.36958783864974976
        },
        "Polygon": [
          {
            "X": 0.12193812429904938,
            "Y": 0.3701448142528534
          },
          {
            "X": 0.13894863426685333,
            "Y": 0.36958783864974976
          },
          {
            "X": 0.13905192911624908,
            "Y": 0.3754735291004181
          },
          {
            "X": 0.12204265594482422,
            "Y": 0.3760242760181427
          }
        ]
      },
      "Id": "166229d3-3da6-4c46-acd2-854aea2a813d",
      "Relationships": [
        {
          "Type": "CHILD",
          "Ids": [
            "359e8d9c-4d87-487b-af8b-748e850b5ec3"
          ]
        }
      ],
      "Page": 1
    },
    {
      "BlockType": "WORD",
      "Confidence": 99.43939208984375,
      "Text": "Cloud",
      "TextType": "PRINTED",
      "Geometry": {
        "BoundingBox": {
          "Width": 0.025320181623101234,
          "Height": 0.008498012088239193,
          "Left": 0.19990216195583344,
          "Top": 0.18808108568191528
        },
        "Polygon": [
          {
            "X": 0.19990216195583344,
            "Y": 0.18918229639530182
          },
          {
            "X": 0.22510123252868652,
            "Y": 0.18808108568191528
          },
          {
            "X": 0.22522234916687012,
            "Y": 0.19548943638801575
          },
          {
            "X": 0.20002558827400208,
            "Y": 0.19657909870147705
          }
        ]
      },
      "Id": "b0ff5804-0d90-4a99-9b7a-81a1210e2348",
      "Page": 1
    },
    {
      "BlockType": "WORD",
      "Confidence": 99.26042938232422,
      "Text": "aws",
      "TextType": "PRINTED",
      "Geometry": {
        "BoundingBox": {
          "Width": 0.0460975356400013,
          "Height": 0.016790267080068588,
          "Left": 0.12717244029045105,
          "Top": 0.19358915090560913
        },
        "Polygon": [
          {
            "X": 0.12717244029045105,
            "Y": 0.19558347761631012
          },
          {
            "X": 0.1730169802904129,
            "Y": 0.19358915090560913
          },
          {
            "X": 0.17326997220516205,
            "Y": 0.2084273248910904
          },
          {
            "X": 0.12743383646011353,
            "Y": 0.21037940680980682
          }
        ]
      },
      "Id": "e0d27277-a9f1-470c-a13f-a3b85831126f",
      "Page": 1
    },
    {
      "BlockType": "WORD",
      "Confidence": 99.8465347290039,
      "Text": "Experience",
      "TextType": "PRINTED",
      "Geometry": {
        "BoundingBox": {
          "Width": 0.04656190052628517,
          "Height": 0.01067839190363884,
          "Left": 0.19956515729427338,
          "Top": 0.19618739187717438
        },
        "Polygon": [
          {
            "X": 0.19956515729427338,
            "Y": 0.19819043576717377
          },
          {
            "X": 0.24598725140094757,
            "Y": 0.19618739187717438
          },
          {
            "X": 0.24612705409526825,
            "Y": 0.20488771796226501
          },
          {
            "X": 0.19970998167991638,
            "Y": 0.20686578750610352
          }
        ]
      },
      "Id": "08ea3c81-75d7-4b68-b0c9-29d68249613d",
      "Page": 1
    },
    {
      "BlockType": "WORD",
      "Confidence": 53.91694259643555,
      "Text": "LET'S",
      "TextType": "PRINTED",
      "Geometry": {
        "BoundingBox": {
          "Width": 0.03679606318473816,
          "Height": 0.023023687303066254,
          "Left": 0.2960056662559509,
          "Top": 0.1808571070432663
        },
        "Polygon": [
          {
            "X": 0.2960056662559509,
            "Y": 0.18245677649974823
          },
          {
            "X": 0.3324817419052124,
            "Y": 0.1808571070432663
          },
          {
            "X": 0.3328017294406891,
            "Y": 0.20232930779457092
          },
          {
            "X": 0.2963354289531708,
            "Y": 0.20388080179691315
          }
        ]
      },
      "Id": "d3cfc7d4-79f8-42e1-8020-64ceddef875e",
      "Page": 1
    },
    {
      "BlockType": "WORD",
      "Confidence": 99.48583221435547,
      "Text": "LEVEL",
      "TextType": "PRINTED",
      "Geometry": {
        "BoundingBox": {
          "Width": 0.04383012652397156,
          "Height": 0.01451937947422266,
          "Left": 0.34648752212524414,
          "Top": 0.17615175247192383
        },
        "Polygon": [
          {
            "X": 0.34648752212524414,
            "Y": 0.17807187139987946
          },
          {
            "X": 0.3901391923427582,
            "Y": 0.17615175247192383
          },
          {
            "X": 0.3903176486492157,
            "Y": 0.18878482282161713
          },
          {
            "X": 0.3466728925704956,
            "Y": 0.1906711310148239
          }
        ]
      },
      "Id": "0c27d487-c8f2-4167-bcfc-d2be2bae16e2",
      "Page": 1
    },
    {
      "BlockType": "WORD",
      "Confidence": 59.1236572265625,
      "Text": "LEVEL",
      "TextType": "PRINTED",
      "Geometry": {
        "BoundingBox": {
          "Width": 0.043540243059396744,
          "Height": 0.018061842769384384,
          "Left": 0.3467892110347748,
          "Top": 0.18161934614181519
        },
        "Polygon": [
          {
            "X": 0.3467892110347748,
            "Y": 0.18351010978221893
          },
          {
            "X": 0.3901003897190094,
            "Y": 0.18161934614181519
          },
          {
            "X": 0.3903294503688812,
            "Y": 0.19783346354961395
          },
          {
            "X": 0.34702709317207336,
            "Y": 0.19968119263648987
          }
        ]
      },
      "Id": "6d85d277-10a4-4fe6-bc96-1b94859db696",
      "Page": 1
    },
    {
      "BlockType": "WORD",
      "Confidence": 34.89830780029297,
      "Text": "OF",
      "TextType": "PRINTED",
      "Geometry": {
        "BoundingBox": {
          "Width": 0.017624156549572945,
          "Height": 0.013583103194832802,
          "Left": 0.3988046646118164,
          "Top": 0.18142662942409515
        },
        "Polygon": [
          {
            "X": 0.3988046646118164,
            "Y": 0.1821873039007187
          },
          {
            "X": 0.4162519872188568,
            "Y": 0.18142662942409515
          },
          {
            "X": 0.4164288341999054,
            "Y": 0.1942627727985382
          },
          {
            "X": 0.39898431301116943,
            "Y": 0.1950097382068634
          }
        ]
      },
      "Id": "d63f149a-fffb-4126-a92f-63ea152d9344",
      "Page": 1
    },
    {
      "BlockType": "WORD",
      "Confidence": 99.91857147216797,
      "Text": "UP",
      "TextType": "PRINTED",
      "Geometry": {
        "BoundingBox": {
          "Width": 0.018502267077565193,
          "Height": 0.010550144128501415,
          "Left": 0.39886635541915894,
          "Top": 0.17408175766468048
        },
        "Polygon": [
          {
            "X": 0.39886635541915894,
            "Y": 0.1748906970024109
          },
          {
            "X": 0.4172344207763672,
            "Y": 0.17408175766468048
          },
          {
            "X": 0.417368620634079,
            "Y": 0.18383392691612244
          },
          {
            "X": 0.3990028202533722,
            "Y": 0.18463191390037537
          }
        ]
      },
      "Id": "4040b028-0864-407c-8f59-b60ee8902502",
      "Page": 1
    },
    {
      "BlockType": "WORD",
      "Confidence": 99.94788360595703,
      "Text": "2025",
      "TextType": "PRINTED",
      "Geometry": {
        "BoundingBox": {
          "Width": 0.021784260869026184,
          "Height": 0.007714864332228899,
          "Left": 0.19907404482364655,
          "Top": 0.207237109541893
        },
        "Polygon": [
          {
            "X": 0.19907404482364655,
            "Y": 0.20815901458263397
          },
          {
            "X": 0.22074668109416962,
            "Y": 0.207237109541893
          },
          {
            "X": 0.22085830569267273,
            "Y": 0.21403920650482178
          },
          {
            "X": 0.1991875022649765,
            "Y": 0.21495197713375092
          }
        ]
      },
      "Id": "1e2b20d5-b5b8-48ed-b8b4-cc970d37f6d4",
      "Page": 1
    },
    {
      "BlockType": "WORD",
      "Confidence": 98.39753723144531,
      "Text": "d",
      "TextType": "PRINTED",
      "Geometry": {
        "BoundingBox": {
          "Width": 0.010361311957240105,
          "Height": 0.013946316204965115,
          "Left": 0,
          "Top": 0.25734394788742065
        },
        "Polygon": [
          {
            "X": 0,
            "Y": 0.2577640414237976
          },
          {
            "X": 0.010100663639605045,
            "Y": 0.25734394788742065
          },
          {
            "X": 0.010361311957240105,
            "Y": 0.2708790600299835
          },
          {
            "X": 0,
            "Y": 0.27129024267196655
          }
        ]
      },
      "Id": "0bcd04a8-2d72-4174-a2b0-5f47ce20ace1",
      "Page": 1
    },
    {
      "BlockType": "WORD",
      "Confidence": 99.53765869140625,
      "Text": "rience",
      "TextType": "PRINTED",
      "Geometry": {
        "BoundingBox": {
          "Width": 0.05407547950744629,
          "Height": 0.015675434842705727,
          "Left": 0,
          "Top": 0.2759915292263031
        },
        "Polygon": [
          {
            "X": 0,
            "Y": 0.2781318426132202
          },
          {
            "X": 0.053821858018636703,
            "Y": 0.2759915292263031
          },
          {
            "X": 0.05407547950744629,
            "Y": 0.2895735502243042
          },
          {
            "X": 0,
            "Y": 0.2916669547557831
          }
        ]
      },
      "Id": "0820af1f-8c78-44a9-9e1a-bc5aa5d4f8b5",
      "Page": 1
    },
    {
      "BlockType": "WORD",
      "Confidence": 99.84284973144531,
      "Text": "A",
      "TextType": "PRINTED",
      "Geometry": {
        "BoundingBox": {
          "Width": 0.017402032390236855,
          "Height": 0.015953179448843002,
          "Left": 0.12253034859895706,
          "Top": 0.27092376351356506
        },
        "Polygon": [
          {
            "X": 0.12253034859895706,
            "Y": 0.2715889811515808
          },
          {
            "X": 0.13966430723667145,
            "Y": 0.27092376351356506
          },
          {
            "X": 0.13993237912654877,
            "Y": 0.2862280309200287
          },
          {
            "X": 0.12280166894197464,
            "Y": 0.28687694668769836
          }
        ]
      },
      "Id": "7f6aa2af-bd3f-4a12-9bd2-b0ae2cc4be06",
      "Page": 1
    },
    {
      "BlockType": "WORD",
      "Confidence": 99.54405975341797,
      "Text": "abordagem",
      "TextType": "PRINTED",
      "Geometry": {
        "BoundingBox": {
          "Width": 0.1255805939435959,
          "Height": 0.02555130608379841,
          "Left": 0.1450256109237671,
          "Top": 0.2622661292552948
        },
        "Polygon": [
          {
            "X": 0.1450256109237671,
            "Y": 0.26715636253356934
          },
          {
            "X": 0.27027812600135803,
            "Y": 0.2622661292552948
          },
          {
            "X": 0.2706061899662018,
            "Y": 0.2830880284309387
          },
          {
            "X": 0.1453860104084015,
            "Y": 0.28781744837760925
          }
        ]
      },
      "Id": "bdbeafe4-95af-4fb6-a05f-a51c414f60bd",
      "Page": 1
    },
    {
      "BlockType": "WORD",
      "Confidence": 99.8393783569336,
      "Text": "da",
      "TextType": "PRINTED",
      "Geometry": {
        "BoundingBox": {
          "Width": 0.02762848325073719,
          "Height": 0.017660027369856834,
          "Left": 0.27851852774620056,
          "Top": 0.2590784430503845
        },
        "Polygon": [
          {
            "X": 0.27851852774620056,
            "Y": 0.2601502239704132
          },
          {
            "X": 0.3058931827545166,
            "Y": 0.2590784430503845
          },
          {
            "X": 0.3061470091342926,
            "Y": 0.27569466829299927
          },
          {
            "X": 0.2787780463695526,
            "Y": 0.2767384648323059
          }
        ]
      },
      "Id": "6f41907d-139b-4d5f-85f2-4945419fe50e",
      "Page": 1
    },
    {
      "BlockType": "WORD",
      "Confidence": 99.93680572509766,
      "Text": "AWS",
      "TextType": "PRINTED",
      "Geometry": {
        "BoundingBox": {
          "Width": 0.0568033792078495,
          "Height": 0.0190044566988945,
          "Left": 0.31251534819602966,
          "Top": 0.25550663471221924
        },
        "Polygon": [
          {
            "X": 0.31251534819602966,
            "Y": 0.25772491097450256
          },
          {
            "X": 0.369075745344162,
            "Y": 0.25550663471221924
          },
          {
            "X": 0.36931872367858887,
            "Y": 0.2723512351512909
          },
          {
            "X": 0.3127702474594116,
            "Y": 0.27451109886169434
          }
        ]
      },
      "Id": "33f44ba2-8c40-4fef-aed3-ada41f9ce21d",
      "Page": 1
    },
    {
      "BlockType": "WORD",
      "Confidence": 99.74433898925781,
      "Text": "para",
      "TextType": "PRINTED",
      "Geometry": {
        "BoundingBox": {
          "Width": 0.05274968966841698,
          "Height": 0.020325088873505592,
          "Left": 0.37758660316467285,
          "Top": 0.25453367829322815
        },
        "Polygon": [
          {
            "X": 0.37758660316467285,
            "Y": 0.2565882205963135
          },
          {
            "X": 0.43008697032928467,
            "Y": 0.25453367829322815
          },
          {
            "X": 0.4303362965583801,
            "Y": 0.2728630304336548
          },
          {
            "X": 0.3778480589389801,
            "Y": 0.2748587727546692
          }
        ]
      },
      "Id": "5862964f-3783-433d-a569-e0ee1994184d",
      "Page": 1
    },
    {
      "BlockType": "WORD",
      "Confidence": 99.880126953125,
      "Text": "proteger",
      "TextType": "PRINTED",
      "Geometry": {
        "BoundingBox": {
          "Width": 0.11304789781570435,
          "Height": 0.026267802342772484,
          "Left": 0.4387646019458771,
          "Top": 0.244536891579628
        },
        "Polygon": [
          {
            "X": 0.4387646019458771,
            "Y": 0.2489861100912094
          },
          {
            "X": 0.5515496134757996,
            "Y": 0.244536891579628
          },
          {
            "X": 0.551812469959259,
            "Y": 0.26650571823120117
          },
          {
            "X": 0.4390588104724884,
            "Y": 0.2708047032356262
          }
        ]
      },
      "Id": "760863da-b150-4d08-ba1d-09bbbe96f690",
      "Page": 1
    },
    {
      "BlockType": "WORD",
      "Confidence": 99.9000244140625,
      "Text": "a",
      "TextType": "PRINTED",
      "Geometry": {
        "BoundingBox": {
          "Width": 0.011789487674832344,
          "Height": 0.012110383249819279,
          "Left": 0.12324252724647522,
          "Top": 0.2985634207725525
        },
        "Polygon": [
          {
            "X": 0.12324252724647522,
            "Y": 0.2989935278892517
          },
          {
            "X": 0.1348264366388321,
            "Y": 0.2985634207725525
          },
          {
            "X": 0.13503201305866241,
            "Y": 0.3102521002292633
          },
          {
            "X": 0.12344978004693985,
            "Y": 0.3106738030910492
          }
        ]
      },
      "Id": "491e8323-b5b7-4804-9410-8f12b67fe186",
      "Page": 1
    },
    {
      "BlockType": "WORD",
      "Confidence": 99.79254913330078,
      "Text": "IA",
      "TextType": "PRINTED",
      "Geometry": {
        "BoundingBox": {
          "Width": 0.021709783002734184,
          "Height": 0.015842780470848083,
          "Left": 0.14208601415157318,
          "Top": 0.29340338706970215
        },
        "Polygon": [
          {
            "X": 0.14208601415157318,
            "Y": 0.29420527815818787
          },
          {
            "X": 0.16353674232959747,
            "Y": 0.29340338706970215
          },
          {
            "X": 0.16379579901695251,
            "Y": 0.3084643483161926
          },
          {
            "X": 0.14234906435012817,
            "Y": 0.3092461824417114
          }
        ]
      },
      "Id": "b2ecfbb8-a323-46c5-8e9a-520f0ca2d38f",
      "Page": 1
    },
    {
      "BlockType": "WORD",
      "Confidence": 98.9540023803711,
      "Text": "generativa",
      "TextType": "PRINTED",
      "Geometry": {
        "BoundingBox": {
          "Width": 0.1191457137465477,
          "Height": 0.025930767878890038,
          "Left": 0.1692301630973816,
          "Top": 0.2856181859970093
        },
        "Polygon": [
          {
            "X": 0.1692301630973816,
            "Y": 0.29008233547210693
          },
          {
            "X": 0.2880402207374573,
            "Y": 0.2856181859970093
          },
          {
            "X": 0.2883758842945099,
            "Y": 0.3072429895401001
          },
          {
            "X": 0.16959773004055023,
            "Y": 0.31154894828796387
          }
        ]
      },
      "Id": "0578c584-1850-497c-8df3-878cd600fadf",
      "Page": 1
    },
    {
      "BlockType": "WORD",
      "Confidence": 99.91213989257812,
      "Text": "Matheus",
      "TextType": "PRINTED",
      "Geometry": {
        "BoundingBox": {
          "Width": 0.04327649623155594,
          "Height": 0.009192382916808128,
          "Left": 0.12413198500871658,
          "Top": 0.34222841262817383
        },
        "Polygon": [
          {
            "X": 0.12413198500871658,
            "Y": 0.3437112271785736
          },
          {
            "X": 0.1672758162021637,
            "Y": 0.34222841262817383
          },
          {
            "X": 0.16740848124027252,
            "Y": 0.3499586582183838
          },
          {
            "X": 0.12426877021789551,
            "Y": 0.3514207899570465
          }
        ]
      },
      "Id": "f578ea9d-cf4b-4b34-8290-1e9d443fd687",
      "Page": 1
    },
    {
      "BlockType": "WORD",
      "Confidence": 99.80115509033203,
      "Text": "Anderle",
      "TextType": "PRINTED",
      "Geometry": {
        "BoundingBox": {
          "Width": 0.04142755642533302,
          "Height": 0.00958640594035387,
          "Left": 0.16996318101882935,
          "Top": 0.33982381224632263
        },
        "Polygon": [
          {
            "X": 0.16996318101882935,
            "Y": 0.34124526381492615
          },
          {
            "X": 0.21125511825084686,
            "Y": 0.33982381224632263
          },
          {
            "X": 0.21139074862003326,
            "Y": 0.34800970554351807
          },
          {
            "X": 0.1701030135154724,
            "Y": 0.3494102358818054
          }
        ]
      },
      "Id": "b8cc11aa-578f-4cd5-b18f-90018f317e49",
      "Page": 1
    },
    {
      "BlockType": "WORD",
      "Confidence": 99.89787292480469,
      "Text": "de",
      "TextType": "PRINTED",
      "Geometry": {
        "BoundingBox": {
          "Width": 0.013101162388920784,
          "Height": 0.00824326928704977,
          "Left": 0.21433882415294647,
          "Top": 0.339184045791626
        },
        "Polygon": [
          {
            "X": 0.21433882415294647,
            "Y": 0.33963072299957275
          },
          {
            "X": 0.22731240093708038,
            "Y": 0.339184045791626
          },
          {
            "X": 0.2274399846792221,
            "Y": 0.34698691964149475
          },
          {
            "X": 0.21446767449378967,
            "Y": 0.3474273383617401
          }
        ]
      },
      "Id": "331e3728-02a6-4df3-9a4e-41112ac2c916",
      "Page": 1
    },
    {
      "BlockType": "WORD",
      "Confidence": 99.47900390625,
      "Text": "Souza",
      "TextType": "PRINTED",
      "Geometry": {
        "BoundingBox": {
          "Width": 0.03235249221324921,
          "Height": 0.008769401349127293,
          "Left": 0.2306397557258606,
          "Top": 0.3378673791885376
        },
        "Polygon": [
          {
            "X": 0.2306397557258606,
            "Y": 0.33897721767425537
          },
          {
            "X": 0.2628704309463501,
            "Y": 0.3378673791885376
          },
          {
            "X": 0.2629922330379486,
            "Y": 0.34554216265678406
          },
          {
            "X": 0.23076464235782623,
            "Y": 0.3466367721557617
          }
        ]
      },
      "Id": "9ced1359-3c5f-4651-a167-af95d2affabf",
      "Page": 1
    },
    {
      "BlockType": "WORD",
      "Confidence": 99.52057647705078,
      "Text": "Senior",
      "TextType": "PRINTED",
      "Geometry": {
        "BoundingBox": {
          "Width": 0.022213585674762726,
          "Height": 0.006731007713824511,
          "Left": 0.122968390583992,
          "Top": 0.3577331602573395
        },
        "Polygon": [
          {
            "X": 0.122968390583992,
            "Y": 0.35847291350364685
          },
          {
            "X": 0.1450771987438202,
            "Y": 0.3577331602573395
          },
          {
            "X": 0.14518196880817413,
            "Y": 0.36373260617256165
          },
          {
            "X": 0.12307480722665787,
            "Y": 0.3644641637802124
          }
        ]
      },
      "Id": "59d742f0-a2db-40b9-93d3-923c8b3476d9",
      "Page": 1
    },
    {
      "BlockType": "WORD",
      "Confidence": 99.66195678710938,
      "Text": "Solutions",
      "TextType": "PRINTED",
      "Geometry": {
        "BoundingBox": {
          "Width": 0.031865254044532776,
          "Height": 0.007534860633313656,
          "Left": 0.14655640721321106,
          "Top": 0.35588765144348145
        },
        "Polygon": [
          {
            "X": 0.14655640721321106,
            "Y": 0.35695162415504456
          },
          {
            "X": 0.1783113330602646,
            "Y": 0.35588765144348145
          },
          {
            "X": 0.17842166125774384,
            "Y": 0.3623712956905365
          },
          {
            "X": 0.14666928350925446,
            "Y": 0.3634225130081177
          }
        ]
      },
      "Id": "f569ad32-f991-4ea9-9eb2-66755342eb5a",
      "Page": 1
    },
    {
      "BlockType": "WORD",
      "Confidence": 99.95685577392578,
      "Text": "Architect",
      "TextType": "PRINTED",
      "Geometry": {
        "BoundingBox": {
          "Width": 0.031973276287317276,
          "Height": 0.00706079788506031,
          "Left": 0.17966072261333466,
          "Top": 0.35501736402511597
        },
        "Polygon": [
          {
            "X": 0.17966072261333466,
            "Y": 0.3560848534107208
          },
          {
            "X": 0.2115345150232315,
            "Y": 0.35501736402511597
          },
          {
            "X": 0.21163401007652283,
            "Y": 0.3610225319862366
          },
          {
            "X": 0.179762601852417,
            "Y": 0.36207816004753113
          }
        ]
      },
      "Id": "657725e2-822f-4777-ab8b-c32615a2db29",
      "Page": 1
    },
    {
      "BlockType": "WORD",
      "Confidence": 99.83893585205078,
      "Text": "AWS",
      "TextType": "PRINTED",
      "Geometry": {
        "BoundingBox": {
          "Width": 0.01711379736661911,
          "Height": 0.006436438299715519,
          "Left": 0.12193812429904938,
          "Top": 0.36958783864974976
        },
        "Polygon": [
          {
            "X": 0.12193812429904938,
            "Y": 0.3701448142528534
          },
          {
            "X": 0.13894863426685333,
            "Y": 0.36958783864974976
          },
          {
            "X": 0.13905192911624908,
            "Y": 0.3754735291004181
          },
          {
            "X": 0.12204265594482422,
            "Y": 0.3760242760181427
          }
        ]
      },
      "Id": "359e8d9c-4d87-487b-af8b-748e850b5ec3",
      "Page": 1
    }
  ],
  "DetectDocumentTextModelVersion": "1.0"
}