{
  "DocumentMetadata": {
    "Pages": 1
  },
  "JobStatus": "SUCCEEDED",
  "Blocks": [
    {
      "BlockType": "PAGE",
      "Geometry": {
        "BoundingBox": {
          "Width": 0.8496484756469727,
          "Height": 0.7030251622200012,
          "Left": 0.008522439748048782,
          "Top": 0.06527069956064224
        },
        "Polygon": [
          {
            "X": 0.0244897548109293,
            "Y": 0.1005745530128479
          },
          {
            "X": 0.8422514200210571,
            "Y": 0.06527069956064224
          },
          {
            "X": 0.8581709265708923,
            "Y": 0.7454676628112793
          },
          {
            "X": 0.008522439748048782,
            "Y": 0.7682958245277405
          }
        ]
      },
      "Id": "ef826c87-41cf-4fd6-afd6-5d7de74c7d72",
      "Relationships": [
        {
          "Type": "CHILD",
          "Ids": [
            "c4d2622f-17d7-4c71-9db2-325a85397e1b",
            "a7fd0a04-62d6-4a66-ba9b-36c9dea0b9ca",
            "38fb6755-9cd8-47e6-a3d7-e94760ae6a7a",
            "a7481334-4063-46c2-9d6a-955c1836abb0",
            "7d1fc36b-28b9-4804-9f7e-28b3e02b081d",
            "0457e510-fb3d-407d-a71d-56a9b2c167cd",
            "1d4c061e-7f31-4fcf-923a-70a9df85149b",
            "9638a729-a1be-45da-bc46-b7bced15c91c",
            "a5172b09-842f-4172-a034-c2a49ed30200",
            "bafd8a16-283b-4bd3-bdb6-19b603639897",
            "e3aaed02-3068-40cd-bae4-d0ed7b51e081",
            "19ada4c3-b953-4d24-8490-9e44f507775a",
            "d6beab1e-ad23-4a7a-9ad4-4e77f4785639",
            "f8b9dba5-352b-42b3-8432-2bc599aca396",
            "3f221b15-d869-4bb9-9329-2ca549bb65ac",
            "cfc72f15-8032-431b-8389-588102ff2745",
            "99f17891-cafe-448d-9253-15bac711778c"
          ]
        }
      ],
      "Page": 1
    },
    {
      "BlockType": "LINE",
      "Confidence": 86.34176635742188,
      "Text": "Planejar,",
      "Geometry": {
        "BoundingBox": {
          "Width": 0.11335526406764984,
          "Height": 0.021245276555418968,
          "Left": 0.6002994179725647,
          "Top": 0.2653210461139679
        },
        "Polygon": [
          {
            "X": 0.6002994179725647,
            "Y": 0.26967474818229675
          },
          {
            "X": 0.7133878469467163,
            "Y": 0.2653210461139679
          },
          {
            "X": 0.713654637336731,
            "Y": 0.2822544574737549
          },
          {
            "X": 0.600456178188324,
            "Y": 0.2865663170814514
          }
        ]
      },
      "Id": "c4d2622f-17d7-4c71-9db2-325a85397e1b",
      "Relationships": [
        {
          "Type": "CHILD",
          "Ids": [
            "14f76cde-10c4-4921-8963-914adb7555a4"
          ]
        }
      ],
      "Page": 1
    },
    {
      "BlockType": "LINE",
      "Confidence": 97.72618103027344,
      "Text": "Sistemas",
      "Geometry": {
        "BoundingBox": {
          "Width": 0.09087244421243668,
          "Height": 0.017082154750823975,
          "Left": 0.37572184205055237,
          "Top": 0.28725728392601013
        },
        "Polygon": [
          {
            "X": 0.3757704198360443,
            "Y": 0.2907257080078125
          },
          {
            "X": 0.4665721654891968,
            "Y": 0.28725728392601013
          },
          {
            "X": 0.46659430861473083,
            "Y": 0.3008982837200165
          },
          {
            "X": 0.37572184205055237,
            "Y": 0.3043394386768341
          }
        ]
      },
      "Id": "a7fd0a04-62d6-4a66-ba9b-36c9dea0b9ca",
      "Relationships": [
        {
          "Type": "CHILD",
          "Ids": [
            "73164ebc-75df-41e9-baeb-ce7d9ded26a6"
          ]
        }
      ],
      "Page": 1
    },
    {
      "BlockType": "LINE",
      "Confidence": 97.54656219482422,
      "Text": "raciocinar",
      "Geometry": {
        "BoundingBox": {
          "Width": 0.13229964673519135,
          "Height": 0.0216996893286705,
          "Left": 0.5996106863021851,
          "Top": 0.28177958726882935
        },
        "Polygon": [
          {
            "X": 0.5996106863021851,
            "Y": 0.286807656288147
          },
          {
            "X": 0.7316296696662903,
            "Y": 0.28177958726882935
          },
          {
            "X": 0.7319103479385376,
            "Y": 0.2984994649887085
          },
          {
            "X": 0.5997645854949951,
            "Y": 0.30347928404808044
          }
        ]
      },
      "Id": "38fb6755-9cd8-47e6-a3d7-e94760ae6a7a",
      "Relationships": [
        {
          "Type": "CHILD",
          "Ids": [
            "3204d596-a1b9-4ee4-bfee-f2d20851972e"
          ]
        }
      ],
      "Page": 1
    },
    {
      "BlockType": "LINE",
      "Confidence": 90.57032775878906,
      "Text": "8",
      "Geometry": {
        "BoundingBox": {
          "Width": 0.018688324838876724,
          "Height": 0.01678057387471199,
          "Left": 0.32834479212760925,
          "Top": 0.3084591329097748
        },
        "Polygon": [
          {
            "X": 0.32844558358192444,
            "Y": 0.30916163325309753
          },
          {
            "X": 0.34703314304351807,
            "Y": 0.3084591329097748
          },
          {
            "X": 0.34694939851760864,
            "Y": 0.3245438039302826
          },
          {
            "X": 0.32834479212760925,
            "Y": 0.3252396881580353
          }
        ]
      },
      "Id": "a7481334-4063-46c2-9d6a-955c1836abb0",
      "Relationships": [
        {
          "Type": "CHILD",
          "Ids": [
            "0f3ea197-1325-48a6-ba1e-30584b84280a"
          ]
        }
      ],
      "Page": 1
    },
    {
      "BlockType": "LINE",
      "Confidence": 97.56629180908203,
      "Text": "inteligentes",
      "Geometry": {
        "BoundingBox": {
          "Width": 0.13962672650814056,
          "Height": 0.023513954132795334,
          "Left": 0.3751911222934723,
          "Top": 0.2998507022857666
        },
        "Polygon": [
          {
            "X": 0.3752566874027252,
            "Y": 0.3051299452781677
          },
          {
            "X": 0.5147378444671631,
            "Y": 0.2998507022857666
          },
          {
            "X": 0.5148178339004517,
            "Y": 0.3181415796279907
          },
          {
            "X": 0.3751911222934723,
            "Y": 0.32336464524269104
          }
        ]
      },
      "Id": "7d1fc36b-28b9-4804-9f7e-28b3e02b081d",
      "Relationships": [
        {
          "Type": "CHILD",
          "Ids": [
            "63464edf-8da3-4d39-8014-9fd7f50c60d7"
          ]
        }
      ],
      "Page": 1
    },
    {
      "BlockType": "LINE",
      "Confidence": 95.07125854492188,
      "Text": "e autônomos",
      "Geometry": {
        "BoundingBox": {
          "Width": 0.12687267363071442,
          "Height": 0.021422335878014565,
          "Left": 0.37485358119010925,
          "Top": 0.31869128346443176
        },
        "Polygon": [
          {
            "X": 0.3749138116836548,
            "Y": 0.3234325647354126
          },
          {
            "X": 0.5016656517982483,
            "Y": 0.31869128346443176
          },
          {
            "X": 0.5017262697219849,
            "Y": 0.33541905879974365
          },
          {
            "X": 0.37485358119010925,
            "Y": 0.3401136100292206
          }
        ]
      },
      "Id": "0457e510-fb3d-407d-a71d-56a9b2c167cd",
      "Relationships": [
        {
          "Type": "CHILD",
          "Ids": [
            "49203119-3623-42fa-8e2d-b5f9f6737bcd",
            "8e1174a0-3280-478b-ae3f-db0ef7feabed"
          ]
        }
      ],
      "Page": 1
    },
    {
      "BlockType": "LINE",
      "Confidence": 99.5720443725586,
      "Text": "e agir",
      "Geometry": {
        "BoundingBox": {
          "Width": 0.07822924107313156,
          "Height": 0.019951827824115753,
          "Left": 0.5997359752655029,
          "Top": 0.30445656180381775
        },
        "Polygon": [
          {
            "X": 0.5997359752655029,
            "Y": 0.30738842487335205
          },
          {
            "X": 0.6777319312095642,
            "Y": 0.30445656180381775
          },
          {
            "X": 0.6779652237892151,
            "Y": 0.32150566577911377
          },
          {
            "X": 0.5998930335044861,
            "Y": 0.3244083821773529
          }
        ]
      },
      "Id": "1d4c061e-7f31-4fcf-923a-70a9df85149b",
      "Relationships": [
        {
          "Type": "CHILD",
          "Ids": [
            "c368c606-a300-4ad4-90c9-771b2d69b05b",
            "9b956803-9bb2-4813-a664-51deec309db9"
          ]
        }
      ],
      "Page": 1
    },
    {
      "BlockType": "LINE",
      "Confidence": 54.03969955444336,
      "Text": "ce",
      "Geometry": {
        "BoundingBox": {
          "Width": 0.026182904839515686,
          "Height": 0.012263664975762367,
          "Left": 0.01818685606122017,
          "Top": 0.351885586977005
        },
        "Polygon": [
          {
            "X": 0.018457183614373207,
            "Y": 0.3528447151184082
          },
          {
            "X": 0.044369760900735855,
            "Y": 0.351885586977005
          },
          {
            "X": 0.04411596059799194,
            "Y": 0.3631967008113861
          },
          {
            "X": 0.01818685606122017,
            "Y": 0.364149272441864
          }
        ]
      },
      "Id": "9638a729-a1be-45da-bc46-b7bced15c91c",
      "Relationships": [
        {
          "Type": "CHILD",
          "Ids": [
            "c94871f7-8262-4b04-981d-77a8d11d263e"
          ]
        }
      ],
      "Page": 1
    },
    {
      "BlockType": "LINE",
      "Confidence": 97.9883804321289,
      "Text": "0 que é um",
      "Geometry": {
        "BoundingBox": {
          "Width": 0.1303490549325943,
          "Height": 0.023779528215527534,
          "Left": 0.10808871686458588,
          "Top": 0.3467976748943329
        },
        "Polygon": [
          {
            "X": 0.10844520479440689,
            "Y": 0.3516024947166443
          },
          {
            "X": 0.23843777179718018,
            "Y": 0.3467976748943329
          },
          {
            "X": 0.23822113871574402,
            "Y": 0.36582738161087036
          },
          {
            "X": 0.10808871686458588,
            "Y": 0.37057721614837646
          }
        ]
      },
      "Id": "a5172b09-842f-4172-a034-c2a49ed30200",
      "Relationships": [
        {
          "Type": "CHILD",
          "Ids": [
            "e4607a76-7ef8-4e44-86c1-7dc99962a43c",
            "4d9af725-00a3-4045-a83b-e3a8c7cac392",
            "03b7918b-79b5-4fd2-9dc2-ca70df3a6752",
            "21f03f36-0e23-42c2-85e8-80e49632daa7"
          ]
        }
      ],
      "Page": 1
    },
    {
      "BlockType": "LINE",
      "Confidence": 99.51719665527344,
      "Text": "Agente de IA",
      "Geometry": {
        "BoundingBox": {
          "Width": 0.15903602540493011,
          "Height": 0.02630292996764183,
          "Left": 0.10502079129219055,
          "Top": 0.36437079310417175
        },
        "Polygon": [
          {
            "X": 0.10540927201509476,
            "Y": 0.3701634109020233
          },
          {
            "X": 0.26405683159828186,
            "Y": 0.36437079310417175
          },
          {
            "X": 0.2638527750968933,
            "Y": 0.3849537670612335
          },
          {
            "X": 0.10502079129219055,
            "Y": 0.3906737267971039
          }
        ]
      },
      "Id": "bafd8a16-283b-4bd3-bdb6-19b603639897",
      "Relationships": [
        {
          "Type": "CHILD",
          "Ids": [
            "f60aa11d-e077-4568-8c65-8fafa7d39339",
            "cc97f4e8-cd7a-4408-b8d1-8d06a7e81bff",
            "41bd184a-f80b-4036-9031-4ce0fbac0288"
          ]
        }
      ],
      "Page": 1
    },
    {
      "BlockType": "LINE",
      "Confidence": 99.2298355102539,
      "Text": "Acesso aos",
      "Geometry": {
        "BoundingBox": {
          "Width": 0.11634009331464767,
          "Height": 0.015693264082074165,
          "Left": 0.37226417660713196,
          "Top": 0.37236282229423523
        },
        "Polygon": [
          {
            "X": 0.37230727076530457,
            "Y": 0.3765624463558197
          },
          {
            "X": 0.4885712265968323,
            "Y": 0.37236282229423523
          },
          {
            "X": 0.48860427737236023,
            "Y": 0.3838861286640167
          },
          {
            "X": 0.37226417660713196,
            "Y": 0.38805609941482544
          }
        ]
      },
      "Id": "e3aaed02-3068-40cd-bae4-d0ed7b51e081",
      "Relationships": [
        {
          "Type": "CHILD",
          "Ids": [
            "e8be8162-a768-4b40-92e2-77b6c717dfcc",
            "4bfb553d-7f11-4984-8717-01ee0e7d8e9d"
          ]
        }
      ],
      "Page": 1
    },
    {
      "BlockType": "LINE",
      "Confidence": 97.91545104980469,
      "Text": "Capacidade",
      "Geometry": {
        "BoundingBox": {
          "Width": 0.1337786614894867,
          "Height": 0.023929757997393608,
          "Left": 0.5926089882850647,
          "Top": 0.3536147475242615
        },
        "Polygon": [
          {
            "X": 0.5926089882850647,
            "Y": 0.35846829414367676
          },
          {
            "X": 0.7260738015174866,
            "Y": 0.3536147475242615
          },
          {
            "X": 0.726387619972229,
            "Y": 0.37274712324142456
          },
          {
            "X": 0.5927767157554626,
            "Y": 0.3775445222854614
          }
        ]
      },
      "Id": "19ada4c3-b953-4d24-8490-9e44f507775a",
      "Relationships": [
        {
          "Type": "CHILD",
          "Ids": [
            "c6ab7942-822a-40c8-be48-965a55f42715"
          ]
        }
      ],
      "Page": 1
    },
    {
      "BlockType": "LINE",
      "Confidence": 98.20452117919922,
      "Text": "Generativa?",
      "Geometry": {
        "BoundingBox": {
          "Width": 0.14445076882839203,
          "Height": 0.02178962342441082,
          "Left": 0.10373435914516449,
          "Top": 0.38471683859825134
        },
        "Polygon": [
          {
            "X": 0.10404963046312332,
            "Y": 0.38991034030914307
          },
          {
            "X": 0.24818512797355652,
            "Y": 0.38471683859825134
          },
          {
            "X": 0.2480052262544632,
            "Y": 0.4013664424419403
          },
          {
            "X": 0.10373435914516449,
            "Y": 0.4065064787864685
          }
        ]
      },
      "Id": "d6beab1e-ad23-4a7a-9ad4-4e77f4785639",
      "Relationships": [
        {
          "Type": "CHILD",
          "Ids": [
            "7aaa3041-0890-4477-afd5-cf9d2d97113a"
          ]
        }
      ],
      "Page": 1
    },
    {
      "BlockType": "LINE",
      "Confidence": 99.53330993652344,
      "Text": "dados",
      "Geometry": {
        "BoundingBox": {
          "Width": 0.05591197684407234,
          "Height": 0.014498826116323471,
          "Left": 0.3723416030406952,
          "Top": 0.39157965779304504
        },
        "Polygon": [
          {
            "X": 0.3723883628845215,
            "Y": 0.3935745656490326
          },
          {
            "X": 0.4282535910606384,
            "Y": 0.39157965779304504
          },
          {
            "X": 0.42824652791023254,
            "Y": 0.40409910678863525
          },
          {
            "X": 0.3723416030406952,
            "Y": 0.4060784876346588
          }
        ]
      },
      "Id": "f8b9dba5-352b-42b3-8432-2bc599aca396",
      "Relationships": [
        {
          "Type": "CHILD",
          "Ids": [
            "f9bf6e2b-af82-43af-975f-ae8963ab11f5"
          ]
        }
      ],
      "Page": 1
    },
    {
      "BlockType": "LINE",
      "Confidence": 99.32769775390625,
      "Text": "de usar",
      "Geometry": {
        "BoundingBox": {
          "Width": 0.0952262282371521,
          "Height": 0.017757968977093697,
          "Left": 0.5914843678474426,
          "Top": 0.3774021565914154
        },
        "Polygon": [
          {
            "X": 0.5914843678474426,
            "Y": 0.38080668449401855
          },
          {
            "X": 0.6865073442459106,
            "Y": 0.3774021565914154
          },
          {
            "X": 0.6867105960845947,
            "Y": 0.39178574085235596
          },
          {
            "X": 0.591609537601471,
            "Y": 0.39516013860702515
          }
        ]
      },
      "Id": "3f221b15-d869-4bb9-9329-2ca549bb65ac",
      "Relationships": [
        {
          "Type": "CHILD",
          "Ids": [
            "e517090e-8a43-412d-985a-6f6ea9bbf57b",
            "0b72d854-f90d-4a82-98e2-3f75ffae27e2"
          ]
        }
      ],
      "Page": 1
    },
    {
      "BlockType": "LINE",
      "Confidence": 98.54345703125,
      "Text": "corporativos",
      "Geometry": {
        "BoundingBox": {
          "Width": 0.1414797604084015,
          "Height": 0.021355189383029938,
          "Left": 0.37158727645874023,
          "Top": 0.4057748019695282
        },
        "Polygon": [
          {
            "X": 0.3716491162776947,
            "Y": 0.4107634425163269
          },
          {
            "X": 0.5129972696304321,
            "Y": 0.4057748019695282
          },
          {
            "X": 0.5130670666694641,
            "Y": 0.4221928119659424
          },
          {
            "X": 0.37158727645874023,
            "Y": 0.42712998390197754
          }
        ]
      },
      "Id": "cfc72f15-8032-431b-8389-588102ff2745",
      "Relationships": [
        {
          "Type": "CHILD",
          "Ids": [
            "a7ea9f67-b141-4fb8-af1a-8045734701ec"
          ]
        }
      ],
      "Page": 1
    },
    {
      "BlockType": "LINE",
      "Confidence": 98.27418518066406,
      "Text": "ferramentas",
      "Geometry": {
        "BoundingBox": {
          "Width": 0.1481039971113205,
          "Height": 0.02026095986366272,
          "Left": 0.5934169292449951,
          "Top": 0.3928399085998535
        },
        "Polygon": [
          {
            "X": 0.5934169292449951,
            "Y": 0.398075133562088
          },
          {
            "X": 0.7412612438201904,
            "Y": 0.3928399085998535
          },
          {
            "X": 0.7415209412574768,
            "Y": 0.4079147279262543
          },
          {
            "X": 0.5935494899749756,
            "Y": 0.41310086846351624
          }
        ]
      },
      "Id": "99f17891-cafe-448d-9253-15bac711778c",
      "Relationships": [
        {
          "Type": "CHILD",
          "Ids": [
            "e3178f0f-15aa-478c-83d7-81e5b1a2f65d"
          ]
        }
      ],
      "Page": 1
    },
    {
      "BlockType": "WORD",
      "Confidence": 86.34176635742188,
      "Text": "Planejar,",
      "TextType": "PRINTED",
      "Geometry": {
        "BoundingBox": {
          "Width": 0.11335526406764984,
          "Height": 0.021245276555418968,
          "Left": 0.6002994179725647,
          "Top": 0.2653210461139679
        },
        "Polygon": [
          {
            "X": 0.6002994179725647,
            "Y": 0.26967474818229675
          },
          {
            "X": 0.7133878469467163,
            "Y": 0.2653210461139679
          },
          {
            "X": 0.713654637336731,
            "Y": 0.2822544574737549
          },
          {
            "X": 0.600456178188324,
            "Y": 0.2865663170814514
          }
        ]
      },
      "Id": "14f76cde-10c4-4921-8963-914adb7555a4",
      "Page": 1
    },
    {
      "BlockType": "WORD",
      "Confidence": 97.72618103027344,
      "Text": "Sistemas",
      "TextType": "PRINTED",
      "Geometry": {
        "BoundingBox": {
          "Width": 0.09087244421243668,
          "Height": 0.017082154750823975,
          "Left": 0.37572184205055237,
          "Top": 0.28725728392601013
        },
        "Polygon": [
          {
            "X": 0.3757704198360443,
            "Y": 0.2907257080078125
          },
          {
            "X": 0.4665721654891968,
            "Y": 0.28725728392601013
          },
          {
            "X": 0.46659430861473083,
            "Y": 0.3008982837200165
          },
          {
            "X": 0.37572184205055237,
            "Y": 0.3043394386768341
          }
        ]
      },
      "Id": "73164ebc-75df-41e9-baeb-ce7d9ded26a6",
      "Page": 1
    },
    {
      "BlockType": "WORD",
      "Confidence": 97.54656219482422,
      "Text": "raciocinar",
      "TextType": "PRINTED",
      "Geometry": {
        "BoundingBox": {
          "Width": 0.13229964673519135,
          "Height": 0.0216996893286705,
          "Left": 0.5996106863021851,
          "Top": 0.28177958726882935
        },
        "Polygon": [
          {
            "X": 0.5996106863021851,
            "Y": 0.286807656288147
          },
          {
            "X": 0.7316296696662903,
            "Y": 0.28177958726882935
          },
          {
            "X": 0.7319103479385376,
            "Y": 0.2984994649887085
          },
          {
            "X": 0.5997645854949951,
            "Y": 0.30347928404808044
          }
        ]
      },
      "Id": "3204d596-a1b9-4ee4-bfee-f2d20851972e",
      "Page": 1
    },
    {
      "BlockType": "WORD",
      "Confidence": 90.57032775878906,
      "Text": "8",
      "TextType": "PRINTED",
      "Geometry": {
        "BoundingBox": {
          "Width": 0.018688324838876724,
          "Height": 0.01678057387471199,
          "Left": 0.32834479212760925,
          "Top": 0.3084591329097748
        },
        "Polygon": [
          {
            "X": 0.32844558358192444,
            "Y": 0.30916163325309753
          },
          {
            "X": 0.34703314304351807,
            "Y": 0.3084591329097748
          },
          {
            "X": 0.34694939851760864,
            "Y": 0.3245438039302826
          },
          {
            "X": 0.32834479212760925,
            "Y": 0.3252396881580353
          }
        ]
      },
      "Id": "0f3ea197-1325-48a6-ba1e-30584b84280a",
      "Page": 1
    },
    {
      "BlockType": "WORD",
      "Confidence": 97.56629180908203,
      "Text": "inteligentes",
      "TextType": "PRINTED",
      "Geometry": {
        "BoundingBox": {
          "Width": 0.13962672650814056,
          "Height": 0.023513954132795334,
          "Left": 0.3751911222934723,
          "Top": 0.2998507022857666
        },
        "Polygon": [
          {
            "X": 0.3752566874027252,
            "Y": 0.3051299452781677
          },
          {
            "X": 0.5147378444671631,
            "Y": 0.2998507022857666
          },
          {
            "X": 0.5148178339004517,
            "Y": 0.3181415796279907
          },
          {
            "X": 0.3751911222934723,
            "Y": 0.32336464524269104
          }
        ]
      },
      "Id": "63464edf-8da3-4d39-8014-9fd7f50c60d7",
      "Page": 1
    },
    {
      "BlockType": "WORD",
      "Confidence": 99.37879943847656,
      "Text": "e",
      "TextType": "PRINTED",
      "Geometry": {
        "BoundingBox": {
          "Width": 0.010716297663748264,
          "Height": 0.01019011065363884,
          "Left": 0.37485358119010925,
          "Top": 0.32992351055145264
        },
        "Polygon": [
          {
            "X": 0.37488895654678345,
            "Y": 0.3303212523460388
          },
          {
            "X": 0.38556990027427673,
            "Y": 0.32992351055145264
          },
          {
            "X": 0.3855404853820801,
            "Y": 0.33971819281578064
          },
          {
            "X": 0.37485358119010925,
            "Y": 0.3401136100292206
          }
        ]
      },
      "Id": "49203119-3623-42fa-8e2d-b5f9f6737bcd",
      "Page": 1
    },
    {
      "BlockType": "WORD",
      "Confidence": 90.76373291015625,
      "Text": "autônomos",
      "TextType": "PRINTED",
      "Geometry": {
        "BoundingBox": {
          "Width": 0.10496273636817932,
          "Height": 0.019447337836027145,
          "Left": 0.3967593014240265,
          "Top": 0.31869128346443176
        },
        "Polygon": [
          {
            "X": 0.39679595828056335,
            "Y": 0.32261404395103455
          },
          {
            "X": 0.5016656517982483,
            "Y": 0.31869128346443176
          },
          {
            "X": 0.5017220377922058,
            "Y": 0.3342518210411072
          },
          {
            "X": 0.3967593014240265,
            "Y": 0.338138610124588
          }
        ]
      },
      "Id": "8e1174a0-3280-478b-ae3f-db0ef7feabed",
      "Page": 1
    },
    {
      "BlockType": "WORD",
      "Confidence": 99.850830078125,
      "Text": "e",
      "TextType": "PRINTED",
      "Geometry": {
        "BoundingBox": {
          "Width": 0.011707128025591373,
          "Height": 0.009999886155128479,
          "Left": 0.599787175655365,
          "Top": 0.31250137090682983
        },
        "Polygon": [
          {
            "X": 0.599787175655365,
            "Y": 0.31293633580207825
          },
          {
            "X": 0.6113997101783752,
            "Y": 0.31250137090682983
          },
          {
            "X": 0.6114943027496338,
            "Y": 0.3220687508583069
          },
          {
            "X": 0.5998754501342773,
            "Y": 0.3225012719631195
          }
        ]
      },
      "Id": "c368c606-a300-4ad4-90c9-771b2d69b05b",
      "Page": 1
    },
    {
      "BlockType": "WORD",
      "Confidence": 99.29325866699219,
      "Text": "agir",
      "TextType": "PRINTED",
      "Geometry": {
        "BoundingBox": {
          "Width": 0.05224623158574104,
          "Height": 0.01898484118282795,
          "Left": 0.6257190108299255,
          "Top": 0.30445656180381775
        },
        "Polygon": [
          {
            "X": 0.6257190108299255,
            "Y": 0.3064117133617401
          },
          {
            "X": 0.6777319312095642,
            "Y": 0.30445656180381775
          },
          {
            "X": 0.6779652237892151,
            "Y": 0.32150566577911377
          },
          {
            "X": 0.625901460647583,
            "Y": 0.32344138622283936
          }
        ]
      },
      "Id": "9b956803-9bb2-4813-a664-51deec309db9",
      "Page": 1
    },
    {
      "BlockType": "WORD",
      "Confidence": 54.03969955444336,
      "Text": "ce",
      "TextType": "PRINTED",
      "Geometry": {
        "BoundingBox": {
          "Width": 0.026182904839515686,
          "Height": 0.012263664975762367,
          "Left": 0.01818685606122017,
          "Top": 0.351885586977005
        },
        "Polygon": [
          {
            "X": 0.018457183614373207,
            "Y": 0.3528447151184082
          },
          {
            "X": 0.044369760900735855,
            "Y": 0.351885586977005
          },
          {
            "X": 0.04411596059799194,
            "Y": 0.3631967008113861
          },
          {
            "X": 0.01818685606122017,
            "Y": 0.364149272441864
          }
        ]
      },
      "Id": "c94871f7-8262-4b04-981d-77a8d11d263e",
      "Page": 1
    },
    {
      "BlockType": "WORD",
      "Confidence": 93.48396301269531,
      "Text": "0",
      "TextType": "PRINTED",
      "Geometry": {
        "BoundingBox": {
          "Width": 0.012269486673176289,
          "Height": 0.013533046469092369,
          "Left": 0.10812236368656158,
          "Top": 0.35525310039520264
        },
        "Polygon": [
          {
            "X": 0.10836829245090485,
            "Y": 0.35569632053375244
          },
          {
            "X": 0.1203918531537056,
            "Y": 0.35525310039520264
          },
          {
            "X": 0.12015482038259506,
            "Y": 0.3683464527130127
          },
          {
            "X": 0.10812236368656158,
            "Y": 0.36878615617752075
          }
        ]
      },
      "Id": "e4607a76-7ef8-4e44-86c1-7dc99962a43c",
      "Page": 1
    },
    {
      "BlockType": "WORD",
      "Confidence": 99.9259033203125,
      "Text": "que",
      "TextType": "PRINTED",
      "Geometry": {
        "BoundingBox": {
          "Width": 0.03787858039140701,
          "Height": 0.015492651611566544,
          "Left": 0.13322429358959198,
          "Top": 0.354167103767395
        },
        "Polygon": [
          {
            "X": 0.13346914947032928,
            "Y": 0.35555365681648254
          },
          {
            "X": 0.1711028814315796,
            "Y": 0.354167103767395
          },
          {
            "X": 0.17088806629180908,
            "Y": 0.36828503012657166
          },
          {
            "X": 0.13322429358959198,
            "Y": 0.36965975165367126
          }
        ]
      },
      "Id": "4d9af725-00a3-4045-a83b-e3a8c7cac392",
      "Page": 1
    },
    {
      "BlockType": "WORD",
      "Confidence": 99.58707427978516,
      "Text": "é",
      "TextType": "PRINTED",
      "Geometry": {
        "BoundingBox": {
          "Width": 0.01257163193076849,
          "Height": 0.015131339430809021,
          "Left": 0.18533195555210114,
          "Top": 0.3482958972454071
        },
        "Polygon": [
          {
            "X": 0.1855432242155075,
            "Y": 0.3487527668476105
          },
          {
            "X": 0.197903573513031,
            "Y": 0.3482958972454071
          },
          {
            "X": 0.1977025866508484,
            "Y": 0.3629744052886963
          },
          {
            "X": 0.18533195555210114,
            "Y": 0.3634272515773773
          }
        ]
      },
      "Id": "03b7918b-79b5-4fd2-9dc2-ca70df3a6752",
      "Page": 1
    },
    {
      "BlockType": "WORD",
      "Confidence": 98.95658111572266,
      "Text": "um",
      "TextType": "PRINTED",
      "Geometry": {
        "BoundingBox": {
          "Width": 0.026618044823408127,
          "Height": 0.011953102424740791,
          "Left": 0.2117883414030075,
          "Top": 0.34955552220344543
        },
        "Polygon": [
          {
            "X": 0.21192984282970428,
            "Y": 0.3505323827266693
          },
          {
            "X": 0.23840637505054474,
            "Y": 0.34955552220344543
          },
          {
            "X": 0.23828135430812836,
            "Y": 0.36053821444511414
          },
          {
            "X": 0.2117883414030075,
            "Y": 0.3615086078643799
          }
        ]
      },
      "Id": "21f03f36-0e23-42c2-85e8-80e49632daa7",
      "Page": 1
    },
    {
      "BlockType": "WORD",
      "Confidence": 99.41756439208984,
      "Text": "Agente",
      "TextType": "PRINTED",
      "Geometry": {
        "BoundingBox": {
          "Width": 0.07746367156505585,
          "Height": 0.02064787596464157,
          "Left": 0.10502079129219055,
          "Top": 0.3700258433818817
        },
        "Polygon": [
          {
            "X": 0.10535863041877747,
            "Y": 0.3728368878364563
          },
          {
            "X": 0.1824844628572464,
            "Y": 0.3700258433818817
          },
          {
            "X": 0.18222442269325256,
            "Y": 0.387893408536911
          },
          {
            "X": 0.10502079129219055,
            "Y": 0.3906737267971039
          }
        ]
      },
      "Id": "f60aa11d-e077-4568-8c65-8fafa7d39339",
      "Page": 1
    },
    {
      "BlockType": "WORD",
      "Confidence": 99.79696655273438,
      "Text": "de",
      "TextType": "PRINTED",
      "Geometry": {
        "BoundingBox": {
          "Width": 0.02602132223546505,
          "Height": 0.01557946391403675,
          "Left": 0.19672125577926636,
          "Top": 0.36664262413978577
        },
        "Polygon": [
          {
            "X": 0.19692227244377136,
            "Y": 0.3675849139690399
          },
          {
            "X": 0.22274257242679596,
            "Y": 0.36664262413978577
          },
          {
            "X": 0.22256295382976532,
            "Y": 0.38128823041915894
          },
          {
            "X": 0.19672125577926636,
            "Y": 0.38222208619117737
          }
        ]
      },
      "Id": "cc97f4e8-cd7a-4408-b8d1-8d06a7e81bff",
      "Page": 1
    },
    {
      "BlockType": "WORD",
      "Confidence": 99.3370590209961,
      "Text": "IA",
      "TextType": "PRINTED",
      "Geometry": {
        "BoundingBox": {
          "Width": 0.026271400973200798,
          "Height": 0.015232712961733341,
          "Left": 0.2377854287624359,
          "Top": 0.36437079310417175
        },
        "Polygon": [
          {
            "X": 0.2379482090473175,
            "Y": 0.36532407999038696
          },
          {
            "X": 0.26405683159828186,
            "Y": 0.36437079310417175
          },
          {
            "X": 0.26391518115997314,
            "Y": 0.3786585330963135
          },
          {
            "X": 0.2377854287624359,
            "Y": 0.3796035051345825
          }
        ]
      },
      "Id": "41bd184a-f80b-4036-9031-4ce0fbac0288",
      "Page": 1
    },
    {
      "BlockType": "WORD",
      "Confidence": 99.29247283935547,
      "Text": "Acesso",
      "TextType": "PRINTED",
      "Geometry": {
        "BoundingBox": {
          "Width": 0.06907817721366882,
          "Height": 0.013987219892442226,
          "Left": 0.37226417660713196,
          "Top": 0.37406888604164124
        },
        "Polygon": [
          {
            "X": 0.37230727076530457,
            "Y": 0.3765624463558197
          },
          {
            "X": 0.44134029746055603,
            "Y": 0.37406888604164124
          },
          {
            "X": 0.4413423538208008,
            "Y": 0.3855801522731781
          },
          {
            "X": 0.37226417660713196,
            "Y": 0.38805609941482544
          }
        ]
      },
      "Id": "e8be8162-a768-4b40-92e2-77b6c717dfcc",
      "Page": 1
    },
    {
      "BlockType": "WORD",
      "Confidence": 99.16719818115234,
      "Text": "aos",
      "TextType": "PRINTED",
      "Geometry": {
        "BoundingBox": {
          "Width": 0.034058041870594025,
          "Height": 0.011054005473852158,
          "Left": 0.45454171299934387,
          "Top": 0.37247151136398315
        },
        "Polygon": [
          {
            "X": 0.45454171299934387,
            "Y": 0.3737006187438965
          },
          {
            "X": 0.48857155442237854,
            "Y": 0.37247151136398315
          },
          {
            "X": 0.4885997474193573,
            "Y": 0.38230380415916443
          },
          {
            "X": 0.4545508325099945,
            "Y": 0.3835255205631256
          }
        ]
      },
      "Id": "4bfb553d-7f11-4984-8717-01ee0e7d8e9d",
      "Page": 1
    },
    {
      "BlockType": "WORD",
      "Confidence": 97.91545104980469,
      "Text": "Capacidade",
      "TextType": "PRINTED",
      "Geometry": {
        "BoundingBox": {
          "Width": 0.1337786614894867,
          "Height": 0.023929757997393608,
          "Left": 0.5926089882850647,
          "Top": 0.3536147475242615
        },
        "Polygon": [
          {
            "X": 0.5926089882850647,
            "Y": 0.35846829414367676
          },
          {
            "X": 0.7260738015174866,
            "Y": 0.3536147475242615
          },
          {
            "X": 0.726387619972229,
            "Y": 0.37274712324142456
          },
          {
            "X": 0.5927767157554626,
            "Y": 0.3775445222854614
          }
        ]
      },
      "Id": "c6ab7942-822a-40c8-be48-965a55f42715",
      "Page": 1
    },
    {
      "BlockType": "WORD",
      "Confidence": 98.20452117919922,
      "Text": "Generativa?",
      "TextType": "PRINTED",
      "Geometry": {
        "BoundingBox": {
          "Width": 0.14445076882839203,
          "Height": 0.02178962342441082,
          "Left": 0.10373435914516449,
          "Top": 0.38471683859825134
        },
        "Polygon": [
          {
            "X": 0.10404963046312332,
            "Y": 0.38991034030914307
          },
          {
            "X": 0.24818512797355652,
            "Y": 0.38471683859825134
          },
          {
            "X": 0.2480052262544632,
            "Y": 0.4013664424419403
          },
          {
            "X": 0.10373435914516449,
            "Y": 0.4065064787864685
          }
        ]
      },
      "Id": "7aaa3041-0890-4477-afd5-cf9d2d97113a",
      "Page": 1
    },
    {
      "BlockType": "WORD",
      "Confidence": 99.53330993652344,
      "Text": "dados",
      "TextType": "PRINTED",
      "Geometry": {
        "BoundingBox": {
          "Width": 0.05591197684407234,
          "Height": 0.014498826116323471,
          "Left": 0.3723416030406952,
          "Top": 0.39157965779304504
        },
        "Polygon": [
          {
            "X": 0.3723883628845215,
            "Y": 0.3935745656490326
          },
          {
            "X": 0.4282535910606384,
            "Y": 0.39157965779304504
          },
          {
            "X": 0.42824652791023254,
            "Y": 0.40409910678863525
          },
          {
            "X": 0.3723416030406952,
            "Y": 0.4060784876346588
          }
        ]
      },
      "Id": "f9bf6e2b-af82-43af-975f-ae8963ab11f5",
      "Page": 1
    },
    {
      "BlockType": "WORD",
      "Confidence": 99.76246643066406,
      "Text": "de",
      "TextType": "PRINTED",
      "Geometry": {
        "BoundingBox": {
          "Width": 0.028598252683877945,
          "Height": 0.015372765250504017,
          "Left": 0.5914843678474426,
          "Top": 0.3797873854637146
        },
        "Polygon": [
          {
            "X": 0.5914843678474426,
            "Y": 0.38080668449401855
          },
          {
            "X": 0.6199341416358948,
            "Y": 0.3797873854637146
          },
          {
            "X": 0.6200826168060303,
            "Y": 0.3941498398780823
          },
          {
            "X": 0.591609537601471,
            "Y": 0.39516013860702515
          }
        ]
      },
      "Id": "e517090e-8a43-412d-985a-6f6ea9bbf57b",
      "Page": 1
    },
    {
      "BlockType": "WORD",
      "Confidence": 98.89293670654297,
      "Text": "usar",
      "TextType": "PRINTED",
      "Geometry": {
        "BoundingBox": {
          "Width": 0.053768761456012726,
          "Height": 0.012910310178995132,
          "Left": 0.6329132914543152,
          "Top": 0.3787631392478943
        },
        "Polygon": [
          {
            "X": 0.6329132914543152,
            "Y": 0.3806822597980499
          },
          {
            "X": 0.6865265965461731,
            "Y": 0.3787631392478943
          },
          {
            "X": 0.6866820454597473,
            "Y": 0.3897673487663269
          },
          {
            "X": 0.6330350637435913,
            "Y": 0.3916734457015991
          }
        ]
      },
      "Id": "0b72d854-f90d-4a82-98e2-3f75ffae27e2",
      "Page": 1
    },
    {
      "BlockType": "WORD",
      "Confidence": 98.54345703125,
      "Text": "corporativos",
      "TextType": "PRINTED",
      "Geometry": {
        "BoundingBox": {
          "Width": 0.1414797604084015,
          "Height": 0.021355189383029938,
          "Left": 0.37158727645874023,
          "Top": 0.4057748019695282
        },
        "Polygon": [
          {
            "X": 0.3716491162776947,
            "Y": 0.4107634425163269
          },
          {
            "X": 0.5129972696304321,
            "Y": 0.4057748019695282
          },
          {
            "X": 0.5130670666694641,
            "Y": 0.4221928119659424
          },
          {
            "X": 0.37158727645874023,
            "Y": 0.42712998390197754
          }
        ]
      },
      "Id": "a7ea9f67-b141-4fb8-af1a-8045734701ec",
      "Page": 1
    },
    {
      "BlockType": "WORD",
      "Confidence": 98.27418518066406,
      "Text": "ferramentas",
      "TextType": "PRINTED",
      "Geometry": {
        "BoundingBox": {
          "Width": 0.1481039971113205,
          "Height": 0.02026095986366272,
          "Left": 0.5934169292449951,
          "Top": 0.3928399085998535
        },
        "Polygon": [
          {
            "X": 0.5934169292449951,
            "Y": 0.398075133562088
          },
          {
            "X": 0.7412612438201904,
            "Y": 0.3928399085998535
          },
          {
            "X": 0.7415209412574768,
            "Y": 0.4079147279262543
          },
          {
            "X": 0.5935494899749756,
            "Y": 0.41310086846351624
          }
        ]
      },
      "Id": "e3178f0f-15aa-478c-83d7-81e5b1a2f65d",
      "Page": 1
    }
  ],
  "DetectDocumentTextModelVersion": "1.0"
}