{
  "DocumentMetadata": {
    "Pages": 1
  },
  "JobStatus": "SUCCEEDED",
  "Blocks": [
    {
      "BlockType": "PAGE",
      "Geometry": {
        "BoundingBox": {
          "Width": 1,
          "Height": 1,
          "Left": 0,
          "Top": 0
        },
        "Polygon": [
          {
            "X": 0,
            "Y": 0
          },
          {
            "X": 1,
            "Y": 0.000030893519578967243
          },
          {
            "X": 1,
            "Y": 1
          },
          {
            "X": 0.000030089162464719266,
            "Y": 1
          }
        ]
      },
      "Id": "15ed1453-c3e4-46e0-90f1-d192058475e2",
      "Relationships": [
        {
          "Type": "CHILD",
          "Ids": [
            "1ccba586-0c86-4cb4-8f00-33818078429f",
            "5f2199af-35b3-4dd6-8536-18529e0ea8bb",
            "d38f71b0-7a72-45e6-bc3c-82bb1f8d8f37",
            "c9df190a-6398-47c0-a69e-2436894f36e0",
            "60569f78-0983-44c7-87d3-32962811ccb9",
            "4981dc87-223f-4681-8dbe-e5c4a05a2955",
            "999955e3-4c9c-4a73-9be7-59f732ed6fb2",
            "cc81f5c1-f44a-4619-8dc7-adaf7ed7d739",
            "3d6d8095-5bb7-4f44-998f-a1cfa62fa874",
            "d8fd36bb-0848-4973-a19b-bb17b801ca07",
            "112f6f25-3885-4639-ac05-8ae84e37acb4",
            "b928c031-107d-4d11-b44c-d12a7e3ddb9f",
            "6629c7d5-73b6-44f9-9063-4107e5265b65",
            "7b879460-27d0-4b2b-8212-7e091e90135c",
            "b10785e1-1719-4e7e-8231-2a041ed18d33",
            "f90c7d15-e673-4006-8eb2-90b478e522e6",
            "da95e568-500b-45d2-8901-d82215c059c7",
            "f87f188c-7701-4d0e-9b65-e34d3e53c51d",
            "615f7572-a2d9-4f3b-9dd9-5526af835231",
            "45e99a58-0a79-459b-b4b6-48753d52ead0"
          ]
        }
      ],
      "Page": 1
    },
    {
      "BlockType": "LINE",
      "Confidence": 74.23596954345703,
      "Text": "ANTHROPIC 00Meta",
      "Geometry": {
        "BoundingBox": {
          "Width": 0.09789594262838364,
          "Height": 0.00906581524759531,
          "Left": 0.5685847997665405,
          "Top": 0.3465246260166168
        },
        "Polygon": [
          {
            "X": 0.5685847997665405,
            "Y": 0.3465246260166168
          },
          {
            "X": 0.6664572954177856,
            "Y": 0.3478396534919739
          },
          {
            "X": 0.6664807796478271,
            "Y": 0.35559043288230896
          },
          {
            "X": 0.5686066746711731,
            "Y": 0.3543127179145813
          }
        ]
      },
      "Id": "1ccba586-0c86-4cb4-8f00-33818078429f",
      "Relationships": [
        {
          "Type": "CHILD",
          "Ids": [
            "c037dad8-fe62-4ce7-9f2f-3411f143f14d",
            "60c67fef-0176-4fa6-aa75-6b6f3cea8d29"
          ]
        }
      ],
      "Page": 1
    },
    {
      "BlockType": "LINE",
      "Confidence": 20.013004302978516,
      "Text": "ALABAS",
      "Geometry": {
        "BoundingBox": {
          "Width": 0.02842491678893566,
          "Height": 0.005322855431586504,
          "Left": 0.6345879435539246,
          "Top": 0.356184720993042
        },
        "Polygon": [
          {
            "X": 0.6345879435539246,
            "Y": 0.356184720993042
          },
          {
            "X": 0.662997841835022,
            "Y": 0.35655418038368225
          },
          {
            "X": 0.6630128622055054,
            "Y": 0.3615075647830963
          },
          {
            "X": 0.6346026062965393,
            "Y": 0.36114501953125
          }
        ]
      },
      "Id": "5f2199af-35b3-4dd6-8536-18529e0ea8bb",
      "Relationships": [
        {
          "Type": "CHILD",
          "Ids": [
            "c39a102a-0f2a-434c-bdf1-f05928d7ff7e"
          ]
        }
      ],
      "Page": 1
    },
    {
      "BlockType": "LINE",
      "Confidence": 99.626220703125,
      "Text": "amazon",
      "Geometry": {
        "BoundingBox": {
          "Width": 0.03554671257734299,
          "Height": 0.008032072335481644,
          "Left": 0.5982882976531982,
          "Top": 0.3687331974506378
        },
        "Polygon": [
          {
            "X": 0.5982882976531982,
            "Y": 0.3687331974506378
          },
          {
            "X": 0.6338126063346863,
            "Y": 0.36917251348495483
          },
          {
            "X": 0.6338350176811218,
            "Y": 0.37676525115966797
          },
          {
            "X": 0.5983101725578308,
            "Y": 0.3763391673564911
          }
        ]
      },
      "Id": "d38f71b0-7a72-45e6-bc3c-82bb1f8d8f37",
      "Relationships": [
        {
          "Type": "CHILD",
          "Ids": [
            "da8192f7-11e4-404b-8966-a39d197c44c6"
          ]
        }
      ],
      "Page": 1
    },
    {
      "BlockType": "LINE",
      "Confidence": 64.36365509033203,
      "Text": "cohere",
      "Geometry": {
        "BoundingBox": {
          "Width": 0.04288763552904129,
          "Height": 0.00726647675037384,
          "Left": 0.6496931910514832,
          "Top": 0.37258243560791016
        },
        "Polygon": [
          {
            "X": 0.6496931910514832,
            "Y": 0.37258243560791016
          },
          {
            "X": 0.6925600171089172,
            "Y": 0.3731057941913605
          },
          {
            "X": 0.6925808191299438,
            "Y": 0.3798488974571228
          },
          {
            "X": 0.649713397026062,
            "Y": 0.3793397843837738
          }
        ]
      },
      "Id": "c9df190a-6398-47c0-a69e-2436894f36e0",
      "Relationships": [
        {
          "Type": "CHILD",
          "Ids": [
            "ea6fae82-12cc-4ccb-8e50-4bf9d1992a49"
          ]
        }
      ],
      "Page": 1
    },
    {
      "BlockType": "LINE",
      "Confidence": 41.57358932495117,
      "Text": "COMMAND",
      "Geometry": {
        "BoundingBox": {
          "Width": 0.03349772095680237,
          "Height": 0.004833224695175886,
          "Left": 0.6527352929115295,
          "Top": 0.38110917806625366
        },
        "Polygon": [
          {
            "X": 0.6527352929115295,
            "Y": 0.38110917806625366
          },
          {
            "X": 0.6862193942070007,
            "Y": 0.38150399923324585
          },
          {
            "X": 0.6862330436706543,
            "Y": 0.38594239950180054
          },
          {
            "X": 0.6527486443519592,
            "Y": 0.38555487990379333
          }
        ]
      },
      "Id": "60569f78-0983-44c7-87d3-32962811ccb9",
      "Relationships": [
        {
          "Type": "CHILD",
          "Ids": [
            "65356342-e35b-450c-bc12-2699dc491628"
          ]
        }
      ],
      "Page": 1
    },
    {
      "BlockType": "LINE",
      "Confidence": 85.02094268798828,
      "Text": "stability.ai A121lobs",
      "Geometry": {
        "BoundingBox": {
          "Width": 0.09802676737308502,
          "Height": 0.008814257569611073,
          "Left": 0.6096251010894775,
          "Top": 0.3954117000102997
        },
        "Polygon": [
          {
            "X": 0.6096251010894775,
            "Y": 0.3954117000102997
          },
          {
            "X": 0.7076277136802673,
            "Y": 0.39649611711502075
          },
          {
            "X": 0.7076518535614014,
            "Y": 0.4042259454727173
          },
          {
            "X": 0.6096476316452026,
            "Y": 0.403178870677948
          }
        ]
      },
      "Id": "4981dc87-223f-4681-8dbe-e5c4a05a2955",
      "Relationships": [
        {
          "Type": "CHILD",
          "Ids": [
            "9b923913-5975-4dc3-9017-c01d20148ee2",
            "2fc923ea-8674-44a5-962a-b4d2cc8652df"
          ]
        }
      ],
      "Page": 1
    },
    {
      "BlockType": "LINE",
      "Confidence": 99.3804931640625,
      "Text": "NS",
      "Geometry": {
        "BoundingBox": {
          "Width": 0.09541784226894379,
          "Height": 0.042962200939655304,
          "Left": 0,
          "Top": 0.39181041717529297
        },
        "Polygon": [
          {
            "X": 0,
            "Y": 0.39181041717529297
          },
          {
            "X": 0.09534512460231781,
            "Y": 0.39285868406295776
          },
          {
            "X": 0.09541784226894379,
            "Y": 0.4347726106643677
          },
          {
            "X": 0,
            "Y": 0.4339168667793274
          }
        ]
      },
      "Id": "999955e3-4c9c-4a73-9be7-59f732ed6fb2",
      "Relationships": [
        {
          "Type": "CHILD",
          "Ids": [
            "1144794e-e2fb-4bd3-8c1e-c011214a8a13"
          ]
        }
      ],
      "Page": 1
    },
    {
      "BlockType": "LINE",
      "Confidence": 99.37371063232422,
      "Text": "aws",
      "Geometry": {
        "BoundingBox": {
          "Width": 0.0798431858420372,
          "Height": 0.02399793267250061,
          "Left": 0.7768971920013428,
          "Top": 0.3915649652481079
        },
        "Polygon": [
          {
            "X": 0.7768971920013428,
            "Y": 0.3915649652481079
          },
          {
            "X": 0.8566604256629944,
            "Y": 0.39247003197669983
          },
          {
            "X": 0.8567403554916382,
            "Y": 0.4155628979206085
          },
          {
            "X": 0.7769732475280762,
            "Y": 0.41474926471710205
          }
        ]
      },
      "Id": "cc81f5c1-f44a-4619-8dc7-adaf7ed7d739",
      "Relationships": [
        {
          "Type": "CHILD",
          "Ids": [
            "9804e825-471d-4f5c-ab84-b3d47b6c088a"
          ]
        }
      ],
      "Page": 1
    },
    {
      "BlockType": "LINE",
      "Confidence": 99.92558288574219,
      "Text": "Cloud",
      "Geometry": {
        "BoundingBox": {
          "Width": 0.03939765691757202,
          "Height": 0.010788524523377419,
          "Left": 0.8998441100120544,
          "Top": 0.39487430453300476
        },
        "Polygon": [
          {
            "X": 0.8998441100120544,
            "Y": 0.39487430453300476
          },
          {
            "X": 0.9392039775848389,
            "Y": 0.3953171670436859
          },
          {
            "X": 0.9392417669296265,
            "Y": 0.4056628346443176
          },
          {
            "X": 0.8998810052871704,
            "Y": 0.4052402675151825
          }
        ]
      },
      "Id": "3d6d8095-5bb7-4f44-998f-a1cfa62fa874",
      "Relationships": [
        {
          "Type": "CHILD",
          "Ids": [
            "b86f545e-bb0a-4427-8759-ccc52376249b"
          ]
        }
      ],
      "Page": 1
    },
    {
      "BlockType": "LINE",
      "Confidence": 99.85285186767578,
      "Text": "Experience",
      "Geometry": {
        "BoundingBox": {
          "Width": 0.07311811298131943,
          "Height": 0.012306693941354752,
          "Left": 0.9017037749290466,
          "Top": 0.4106351137161255
        },
        "Polygon": [
          {
            "X": 0.9017037749290466,
            "Y": 0.4106351137161255
          },
          {
            "X": 0.9747788310050964,
            "Y": 0.41140007972717285
          },
          {
            "X": 0.9748218655586243,
            "Y": 0.42294180393218994
          },
          {
            "X": 0.9017450213432312,
            "Y": 0.4222189486026764
          }
        ]
      },
      "Id": "d8fd36bb-0848-4973-a19b-bb17b801ca07",
      "Relationships": [
        {
          "Type": "CHILD",
          "Ids": [
            "7f8c472e-4250-4154-8df5-0c00647d913e"
          ]
        }
      ],
      "Page": 1
    },
    {
      "BlockType": "LINE",
      "Confidence": 99.85454559326172,
      "Text": "Data flywheel",
      "Geometry": {
        "BoundingBox": {
          "Width": 0.09956930577754974,
          "Height": 0.013906103558838367,
          "Left": 0.4424958825111389,
          "Top": 0.41691386699676514
        },
        "Polygon": [
          {
            "X": 0.4424958825111389,
            "Y": 0.41691386699676514
          },
          {
            "X": 0.5420296788215637,
            "Y": 0.4179021418094635
          },
          {
            "X": 0.5420652031898499,
            "Y": 0.4308199882507324
          },
          {
            "X": 0.4425286054611206,
            "Y": 0.4298945367336273
          }
        ]
      },
      "Id": "112f6f25-3885-4639-ac05-8ae84e37acb4",
      "Relationships": [
        {
          "Type": "CHILD",
          "Ids": [
            "a83c9b95-eca9-4168-9546-27b3d17b0857",
            "8a5c876d-da14-4e3a-9167-c1f70f11200c"
          ]
        }
      ],
      "Page": 1
    },
    {
      "BlockType": "LINE",
      "Confidence": 99.93690490722656,
      "Text": "2025",
      "Geometry": {
        "BoundingBox": {
          "Width": 0.033332813531160355,
          "Height": 0.009469175711274147,
          "Left": 0.9046565294265747,
          "Top": 0.426169753074646
        },
        "Polygon": [
          {
            "X": 0.9046565294265747,
            "Y": 0.426169753074646
          },
          {
            "X": 0.9379559755325317,
            "Y": 0.4264926612377167
          },
          {
            "X": 0.9379892945289612,
            "Y": 0.4356389343738556
          },
          {
            "X": 0.9046891927719116,
            "Y": 0.43533122539520264
          }
        ]
      },
      "Id": "b928c031-107d-4d11-b44c-d12a7e3ddb9f",
      "Relationships": [
        {
          "Type": "CHILD",
          "Ids": [
            "d407332d-1e85-439d-906b-de1573783af3"
          ]
        }
      ],
      "Page": 1
    },
    {
      "BlockType": "LINE",
      "Confidence": 97.28278350830078,
      "Text": "for generative Al",
      "Geometry": {
        "BoundingBox": {
          "Width": 0.1155083179473877,
          "Height": 0.01477442029863596,
          "Left": 0.4349710941314697,
          "Top": 0.43009504675865173
        },
        "Polygon": [
          {
            "X": 0.4349710941314697,
            "Y": 0.43009504675865173
          },
          {
            "X": 0.5504415035247803,
            "Y": 0.4311670958995819
          },
          {
            "X": 0.5504794120788574,
            "Y": 0.4448694586753845
          },
          {
            "X": 0.43500563502311707,
            "Y": 0.4438747763633728
          }
        ]
      },
      "Id": "6629c7d5-73b6-44f9-9063-4107e5265b65",
      "Relationships": [
        {
          "Type": "CHILD",
          "Ids": [
            "e9d639eb-63ca-4f92-9d5c-f19f6f8cbb3e",
            "04c8b6e2-0677-4ffe-b393-6824c1644241",
            "be0de5f6-e580-49b5-926d-f4723d1a95ac"
          ]
        }
      ],
      "Page": 1
    },
    {
      "BlockType": "LINE",
      "Confidence": 38.61673355102539,
      "Text": "be",
      "Geometry": {
        "BoundingBox": {
          "Width": 0.01666409894824028,
          "Height": 0.007897150702774525,
          "Left": 0.6454207301139832,
          "Top": 0.44120532274246216
        },
        "Polygon": [
          {
            "X": 0.6454207301139832,
            "Y": 0.44120532274246216
          },
          {
            "X": 0.6620614528656006,
            "Y": 0.44135233759880066
          },
          {
            "X": 0.6620848178863525,
            "Y": 0.4491024911403656
          },
          {
            "X": 0.645443856716156,
            "Y": 0.4489618241786957
          }
        ]
      },
      "Id": "7b879460-27d0-4b2b-8212-7e091e90135c",
      "Relationships": [
        {
          "Type": "CHILD",
          "Ids": [
            "8ae06ede-136c-4b75-9f14-6d2cdafe1284"
          ]
        }
      ],
      "Page": 1
    },
    {
      "BlockType": "LINE",
      "Confidence": 15.60177230834961,
      "Text": "ID",
      "Geometry": {
        "BoundingBox": {
          "Width": 0.010651656426489353,
          "Height": 0.009555356577038765,
          "Left": 0.3259650468826294,
          "Top": 0.45691874623298645
        },
        "Polygon": [
          {
            "X": 0.3259650468826294,
            "Y": 0.45691874623298645
          },
          {
            "X": 0.3365950882434845,
            "Y": 0.457003116607666
          },
          {
            "X": 0.3366166949272156,
            "Y": 0.46647408604621887
          },
          {
            "X": 0.32598644495010376,
            "Y": 0.4663945734500885
          }
        ]
      },
      "Id": "b10785e1-1719-4e7e-8231-2a041ed18d33",
      "Relationships": [
        {
          "Type": "CHILD",
          "Ids": [
            "09881dfe-2da9-4fb8-b402-bc140ed80477"
          ]
        }
      ],
      "Page": 1
    },
    {
      "BlockType": "LINE",
      "Confidence": 17.651636123657227,
      "Text": "81",
      "Geometry": {
        "BoundingBox": {
          "Width": 0.015054061077535152,
          "Height": 0.008848539553582668,
          "Left": 0.6315498352050781,
          "Top": 0.4591699242591858
        },
        "Polygon": [
          {
            "X": 0.6315498352050781,
            "Y": 0.4591699242591858
          },
          {
            "X": 0.6465778350830078,
            "Y": 0.4592893421649933
          },
          {
            "X": 0.6466039419174194,
            "Y": 0.46801847219467163
          },
          {
            "X": 0.6315756440162659,
            "Y": 0.4679054915904999
          }
        ]
      },
      "Id": "f90c7d15-e673-4006-8eb2-90b478e522e6",
      "Relationships": [
        {
          "Type": "CHILD",
          "Ids": [
            "4eec4276-ee31-4276-9e20-5daa7156d50a"
          ]
        }
      ],
      "Page": 1
    },
    {
      "BlockType": "LINE",
      "Confidence": 17.203487396240234,
      "Text": "0.0",
      "Geometry": {
        "BoundingBox": {
          "Width": 0.019803643226623535,
          "Height": 0.010363444685935974,
          "Left": 0.6129705905914307,
          "Top": 0.4746667742729187
        },
        "Polygon": [
          {
            "X": 0.6129705905914307,
            "Y": 0.4746667742729187
          },
          {
            "X": 0.6327440142631531,
            "Y": 0.4748087227344513
          },
          {
            "X": 0.6327742338180542,
            "Y": 0.48503023386001587
          },
          {
            "X": 0.6130003333091736,
            "Y": 0.4848982095718384
          }
        ]
      },
      "Id": "da95e568-500b-45d2-8901-d82215c059c7",
      "Relationships": [
        {
          "Type": "CHILD",
          "Ids": [
            "8ce1db47-1ee3-4f7d-9453-1b67838ab968"
          ]
        }
      ],
      "Page": 1
    },
    {
      "BlockType": "LINE",
      "Confidence": 15.561544418334961,
      "Text": "OS",
      "Geometry": {
        "BoundingBox": {
          "Width": 0.019331373274326324,
          "Height": 0.010287790559232235,
          "Left": 0.5852280259132385,
          "Top": 0.5121335983276367
        },
        "Polygon": [
          {
            "X": 0.5852280259132385,
            "Y": 0.5121335983276367
          },
          {
            "X": 0.6045299768447876,
            "Y": 0.5122365355491638
          },
          {
            "X": 0.6045593619346619,
            "Y": 0.5224214196205139
          },
          {
            "X": 0.5852569937705994,
            "Y": 0.5223280787467957
          }
        ]
      },
      "Id": "f87f188c-7701-4d0e-9b65-e34d3e53c51d",
      "Relationships": [
        {
          "Type": "CHILD",
          "Ids": [
            "2c8b01d1-e016-40a5-b0c8-dc896cf3d380"
          ]
        }
      ],
      "Page": 1
    },
    {
      "BlockType": "LINE",
      "Confidence": 72.60986328125,
      "Text": "EE",
      "Geometry": {
        "BoundingBox": {
          "Width": 0.013488066382706165,
          "Height": 0.0074495477601885796,
          "Left": 0.6203151345252991,
          "Top": 0.5141572952270508
        },
        "Polygon": [
          {
            "X": 0.6203151345252991,
            "Y": 0.5141572952270508
          },
          {
            "X": 0.633781373500824,
            "Y": 0.5142279267311096
          },
          {
            "X": 0.6338031888008118,
            "Y": 0.5216068625450134
          },
          {
            "X": 0.6203367114067078,
            "Y": 0.5215411186218262
          }
        ]
      },
      "Id": "615f7572-a2d9-4f3b-9dd9-5526af835231",
      "Relationships": [
        {
          "Type": "CHILD",
          "Ids": [
            "32aec480-c52c-4792-b689-aee0299e596c"
          ]
        }
      ],
      "Page": 1
    },
    {
      "BlockType": "LINE",
      "Confidence": 70.13565063476562,
      "Text": "M",
      "Geometry": {
        "BoundingBox": {
          "Width": 0.006600706838071346,
          "Height": 0.005165562033653259,
          "Left": 0.6562483310699463,
          "Top": 0.5150114893913269
        },
        "Polygon": [
          {
            "X": 0.6562483310699463,
            "Y": 0.5150114893913269
          },
          {
            "X": 0.662833571434021,
            "Y": 0.5150458216667175
          },
          {
            "X": 0.6628490686416626,
            "Y": 0.5201770663261414
          },
          {
            "X": 0.6562637686729431,
            "Y": 0.5201444029808044
          }
        ]
      },
      "Id": "45e99a58-0a79-459b-b4b6-48753d52ead0",
      "Relationships": [
        {
          "Type": "CHILD",
          "Ids": [
            "a5ebc876-9091-4092-a61e-7c8060d74230"
          ]
        }
      ],
      "Page": 1
    },
    {
      "BlockType": "WORD",
      "Confidence": 98.25407409667969,
      "Text": "ANTHROPIC",
      "TextType": "PRINTED",
      "Geometry": {
        "BoundingBox": {
          "Width": 0.04827175661921501,
          "Height": 0.0067567420192062855,
          "Left": 0.5685847997665405,
          "Top": 0.3465246260166168
        },
        "Polygon": [
          {
            "X": 0.5685847997665405,
            "Y": 0.3465246260166168
          },
          {
            "X": 0.6168387532234192,
            "Y": 0.34717297554016113
          },
          {
            "X": 0.616856575012207,
            "Y": 0.3532813787460327
          },
          {
            "X": 0.5686020255088806,
            "Y": 0.35264748334884644
          }
        ]
      },
      "Id": "c037dad8-fe62-4ce7-9f2f-3411f143f14d",
      "Page": 1
    },
    {
      "BlockType": "WORD",
      "Confidence": 50.217864990234375,
      "Text": "00Meta",
      "TextType": "PRINTED",
      "Geometry": {
        "BoundingBox": {
          "Width": 0.03338193520903587,
          "Height": 0.006761910859495401,
          "Left": 0.633098840713501,
          "Top": 0.34882852435112
        },
        "Polygon": [
          {
            "X": 0.633098840713501,
            "Y": 0.34882852435112
          },
          {
            "X": 0.6664616465568542,
            "Y": 0.3492744266986847
          },
          {
            "X": 0.6664807796478271,
            "Y": 0.35559043288230896
          },
          {
            "X": 0.6331174969673157,
            "Y": 0.3551549017429352
          }
        ]
      },
      "Id": "60c67fef-0176-4fa6-aa75-6b6f3cea8d29",
      "Page": 1
    },
    {
      "BlockType": "WORD",
      "Confidence": 20.013004302978516,
      "Text": "ALABAS",
      "TextType": "PRINTED",
      "Geometry": {
        "BoundingBox": {
          "Width": 0.02842491678893566,
          "Height": 0.005322855431586504,
          "Left": 0.6345879435539246,
          "Top": 0.356184720993042
        },
        "Polygon": [
          {
            "X": 0.6345879435539246,
            "Y": 0.356184720993042
          },
          {
            "X": 0.662997841835022,
            "Y": 0.35655418038368225
          },
          {
            "X": 0.6630128622055054,
            "Y": 0.3615075647830963
          },
          {
            "X": 0.6346026062965393,
            "Y": 0.36114501953125
          }
        ]
      },
      "Id": "c39a102a-0f2a-434c-bdf1-f05928d7ff7e",
      "Page": 1
    },
    {
      "BlockType": "WORD",
      "Confidence": 99.626220703125,
      "Text": "amazon",
      "TextType": "PRINTED",
      "Geometry": {
        "BoundingBox": {
          "Width": 0.03554671257734299,
          "Height": 0.008032072335481644,
          "Left": 0.5982882976531982,
          "Top": 0.3687331974506378
        },
        "Polygon": [
          {
            "X": 0.5982882976531982,
            "Y": 0.3687331974506378
          },
          {
            "X": 0.6338126063346863,
            "Y": 0.36917251348495483
          },
          {
            "X": 0.6338350176811218,
            "Y": 0.37676525115966797
          },
          {
            "X": 0.5983101725578308,
            "Y": 0.3763391673564911
          }
        ]
      },
      "Id": "da8192f7-11e4-404b-8966-a39d197c44c6",
      "Page": 1
    },
    {
      "BlockType": "WORD",
      "Confidence": 64.36365509033203,
      "Text": "cohere",
      "TextType": "PRINTED",
      "Geometry": {
        "BoundingBox": {
          "Width": 0.04288763552904129,
          "Height": 0.00726647675037384,
          "Left": 0.6496931910514832,
          "Top": 0.37258243560791016
        },
        "Polygon": [
          {
            "X": 0.6496931910514832,
            "Y": 0.37258243560791016
          },
          {
            "X": 0.6925600171089172,
            "Y": 0.3731057941913605
          },
          {
            "X": 0.6925808191299438,
            "Y": 0.3798488974571228
          },
          {
            "X": 0.649713397026062,
            "Y": 0.3793397843837738
          }
        ]
      },
      "Id": "ea6fae82-12cc-4ccb-8e50-4bf9d1992a49",
      "Page": 1
    },
    {
      "BlockType": "WORD",
      "Confidence": 41.57358932495117,
      "Text": "COMMAND",
      "TextType": "PRINTED",
      "Geometry": {
        "BoundingBox": {
          "Width": 0.03349772095680237,
          "Height": 0.004833224695175886,
          "Left": 0.6527352929115295,
          "Top": 0.38110917806625366
        },
        "Polygon": [
          {
            "X": 0.6527352929115295,
            "Y": 0.38110917806625366
          },
          {
            "X": 0.6862193942070007,
            "Y": 0.38150399923324585
          },
          {
            "X": 0.6862330436706543,
            "Y": 0.38594239950180054
          },
          {
            "X": 0.6527486443519592,
            "Y": 0.38555487990379333
          }
        ]
      },
      "Id": "65356342-e35b-450c-bc12-2699dc491628",
      "Page": 1
    },
    {
      "BlockType": "WORD",
      "Confidence": 95.88790130615234,
      "Text": "stability.ai",
      "TextType": "PRINTED",
      "Geometry": {
        "BoundingBox": {
          "Width": 0.04879598319530487,
          "Height": 0.00828827079385519,
          "Left": 0.6096251010894775,
          "Top": 0.3954117000102997
        },
        "Polygon": [
          {
            "X": 0.6096251010894775,
            "Y": 0.3954117000102997
          },
          {
            "X": 0.6583977341651917,
            "Y": 0.39595139026641846
          },
          {
            "X": 0.6584210991859436,
            "Y": 0.40369996428489685
          },
          {
            "X": 0.6096476316452026,
            "Y": 0.403178870677948
          }
        ]
      },
      "Id": "9b923913-5975-4dc3-9017-c01d20148ee2",
      "Page": 1
    },
    {
      "BlockType": "WORD",
      "Confidence": 74.15398406982422,
      "Text": "A121lobs",
      "TextType": "PRINTED",
      "Geometry": {
        "BoundingBox": {
          "Width": 0.03843899071216583,
          "Height": 0.007178924977779388,
          "Left": 0.6692113280296326,
          "Top": 0.39655694365501404
        },
        "Polygon": [
          {
            "X": 0.6692113280296326,
            "Y": 0.39655694365501404
          },
          {
            "X": 0.7076292634010315,
            "Y": 0.3969811201095581
          },
          {
            "X": 0.707650363445282,
            "Y": 0.403735876083374
          },
          {
            "X": 0.6692318916320801,
            "Y": 0.4033244848251343
          }
        ]
      },
      "Id": "2fc923ea-8674-44a5-962a-b4d2cc8652df",
      "Page": 1
    },
    {
      "BlockType": "WORD",
      "Confidence": 99.3804931640625,
      "Text": "NS",
      "TextType": "PRINTED",
      "Geometry": {
        "BoundingBox": {
          "Width": 0.09541784226894379,
          "Height": 0.042962200939655304,
          "Left": 0,
          "Top": 0.39181041717529297
        },
        "Polygon": [
          {
            "X": 0,
            "Y": 0.39181041717529297
          },
          {
            "X": 0.09534512460231781,
            "Y": 0.39285868406295776
          },
          {
            "X": 0.09541784226894379,
            "Y": 0.4347726106643677
          },
          {
            "X": 0,
            "Y": 0.4339168667793274
          }
        ]
      },
      "Id": "1144794e-e2fb-4bd3-8c1e-c011214a8a13",
      "Page": 1
    },
    {
      "BlockType": "WORD",
      "Confidence": 99.37371063232422,
      "Text": "aws",
      "TextType": "PRINTED",
      "Geometry": {
        "BoundingBox": {
          "Width": 0.0798431858420372,
          "Height": 0.02399793267250061,
          "Left": 0.7768971920013428,
          "Top": 0.3915649652481079
        },
        "Polygon": [
          {
            "X": 0.7768971920013428,
            "Y": 0.3915649652481079
          },
          {
            "X": 0.8566604256629944,
            "Y": 0.39247003197669983
          },
          {
            "X": 0.8567403554916382,
            "Y": 0.4155628979206085
          },
          {
            "X": 0.7769732475280762,
            "Y": 0.41474926471710205
          }
        ]
      },
      "Id": "9804e825-471d-4f5c-ab84-b3d47b6c088a",
      "Page": 1
    },
    {
      "BlockType": "WORD",
      "Confidence": 99.92558288574219,
      "Text": "Cloud",
      "TextType": "PRINTED",
      "Geometry": {
        "BoundingBox": {
          "Width": 0.03939765691757202,
          "Height": 0.010788524523377419,
          "Left": 0.8998441100120544,
          "Top": 0.39487430453300476
        },
        "Polygon": [
          {
            "X": 0.8998441100120544,
            "Y": 0.39487430453300476
          },
          {
            "X": 0.9392039775848389,
            "Y": 0.3953171670436859
          },
          {
            "X": 0.9392417669296265,
            "Y": 0.4056628346443176
          },
          {
            "X": 0.8998810052871704,
            "Y": 0.4052402675151825
          }
        ]
      },
      "Id": "b86f545e-bb0a-4427-8759-ccc52376249b",
      "Page": 1
    },
    {
      "BlockType": "WORD",
      "Confidence": 99.85285186767578,
      "Text": "Experience",
      "TextType": "PRINTED",
      "Geometry": {
        "BoundingBox": {
          "Width": 0.07311811298131943,
          "Height": 0.012306693941354752,
          "Left": 0.9017037749290466,
          "Top": 0.4106351137161255
        },
        "Polygon": [
          {
            "X": 0.9017037749290466,
            "Y": 0.4106351137161255
          },
          {
            "X": 0.9747788310050964,
            "Y": 0.41140007972717285
          },
          {
            "X": 0.9748218655586243,
            "Y": 0.42294180393218994
          },
          {
            "X": 0.9017450213432312,
            "Y": 0.4222189486026764
          }
        ]
      },
      "Id": "7f8c472e-4250-4154-8df5-0c00647d913e",
      "Page": 1
    },
    {
      "BlockType": "WORD",
      "Confidence": 99.83069610595703,
      "Text": "Data",
      "TextType": "PRINTED",
      "Geometry": {
        "BoundingBox": {
          "Width": 0.03721168264746666,
          "Height": 0.010641414672136307,
          "Left": 0.4424959123134613,
          "Top": 0.41693320870399475
        },
        "Polygon": [
          {
            "X": 0.4424959123134613,
            "Y": 0.41693320870399475
          },
          {
            "X": 0.4796808362007141,
            "Y": 0.4173023998737335
          },
          {
            "X": 0.47970759868621826,
            "Y": 0.42757463455200195
          },
          {
            "X": 0.442521870136261,
            "Y": 0.4272240698337555
          }
        ]
      },
      "Id": "a83c9b95-eca9-4168-9546-27b3d17b0857",
      "Page": 1
    },
    {
      "BlockType": "WORD",
      "Confidence": 99.8783950805664,
      "Text": "flywheel",
      "TextType": "PRINTED",
      "Geometry": {
        "BoundingBox": {
          "Width": 0.058725882321596146,
          "Height": 0.013500570319592953,
          "Left": 0.4833393096923828,
          "Top": 0.4173194169998169
        },
        "Polygon": [
          {
            "X": 0.4833393096923828,
            "Y": 0.4173194169998169
          },
          {
            "X": 0.5420296788215637,
            "Y": 0.4179021418094635
          },
          {
            "X": 0.5420652031898499,
            "Y": 0.4308199882507324
          },
          {
            "X": 0.48337316513061523,
            "Y": 0.4302743077278137
          }
        ]
      },
      "Id": "8a5c876d-da14-4e3a-9167-c1f70f11200c",
      "Page": 1
    },
    {
      "BlockType": "WORD",
      "Confidence": 99.93690490722656,
      "Text": "2025",
      "TextType": "PRINTED",
      "Geometry": {
        "BoundingBox": {
          "Width": 0.033332813531160355,
          "Height": 0.009469175711274147,
          "Left": 0.9046565294265747,
          "Top": 0.426169753074646
        },
        "Polygon": [
          {
            "X": 0.9046565294265747,
            "Y": 0.426169753074646
          },
          {
            "X": 0.9379559755325317,
            "Y": 0.4264926612377167
          },
          {
            "X": 0.9379892945289612,
            "Y": 0.4356389343738556
          },
          {
            "X": 0.9046891927719116,
            "Y": 0.43533122539520264
          }
        ]
      },
      "Id": "d407332d-1e85-439d-906b-de1573783af3",
      "Page": 1
    },
    {
      "BlockType": "WORD",
      "Confidence": 99.94491577148438,
      "Text": "for",
      "TextType": "PRINTED",
      "Geometry": {
        "BoundingBox": {
          "Width": 0.021706463769078255,
          "Height": 0.010949765332043171,
          "Left": 0.4349710941314697,
          "Top": 0.43009504675865173
        },
        "Polygon": [
          {
            "X": 0.4349710941314697,
            "Y": 0.43009504675865173
          },
          {
            "X": 0.45665010809898376,
            "Y": 0.4302963316440582
          },
          {
            "X": 0.4566775858402252,
            "Y": 0.44104480743408203
          },
          {
            "X": 0.4349980652332306,
            "Y": 0.44085487723350525
          }
        ]
      },
      "Id": "e9d639eb-63ca-4f92-9d5c-f19f6f8cbb3e",
      "Page": 1
    },
    {
      "BlockType": "WORD",
      "Confidence": 99.37350463867188,
      "Text": "generative",
      "TextType": "PRINTED",
      "Geometry": {
        "BoundingBox": {
          "Width": 0.07263107597827911,
          "Height": 0.013161281123757362,
          "Left": 0.46070557832717896,
          "Top": 0.4315605163574219
        },
        "Polygon": [
          {
            "X": 0.46070557832717896,
            "Y": 0.4315605163574219
          },
          {
            "X": 0.5333025455474854,
            "Y": 0.4322302043437958
          },
          {
            "X": 0.5333366394042969,
            "Y": 0.4447217881679535
          },
          {
            "X": 0.4607377052307129,
            "Y": 0.4440964162349701
          }
        ]
      },
      "Id": "04c8b6e2-0677-4ffe-b393-6824c1644241",
      "Page": 1
    },
    {
      "BlockType": "WORD",
      "Confidence": 92.52993774414062,
      "Text": "Al",
      "TextType": "PRINTED",
      "Geometry": {
        "BoundingBox": {
          "Width": 0.014158903621137142,
          "Height": 0.009389768354594707,
          "Left": 0.5363135933876038,
          "Top": 0.4329824149608612
        },
        "Polygon": [
          {
            "X": 0.5363135933876038,
            "Y": 0.4329824149608612
          },
          {
            "X": 0.5504468679428101,
            "Y": 0.4331122934818268
          },
          {
            "X": 0.5504724979400635,
            "Y": 0.4423721730709076
          },
          {
            "X": 0.5363389253616333,
            "Y": 0.44224870204925537
          }
        ]
      },
      "Id": "be0de5f6-e580-49b5-926d-f4723d1a95ac",
      "Page": 1
    },
    {
      "BlockType": "WORD",
      "Confidence": 38.61673355102539,
      "Text": "be",
      "TextType": "PRINTED",
      "Geometry": {
        "BoundingBox": {
          "Width": 0.01666409894824028,
          "Height": 0.007897150702774525,
          "Left": 0.6454207301139832,
          "Top": 0.44120532274246216
        },
        "Polygon": [
          {
            "X": 0.6454207301139832,
            "Y": 0.44120532274246216
          },
          {
            "X": 0.6620614528656006,
            "Y": 0.44135233759880066
          },
          {
            "X": 0.6620848178863525,
            "Y": 0.4491024911403656
          },
          {
            "X": 0.645443856716156,
            "Y": 0.4489618241786957
          }
        ]
      },
      "Id": "8ae06ede-136c-4b75-9f14-6d2cdafe1284",
      "Page": 1
    },
    {
      "BlockType": "WORD",
      "Confidence": 15.60177230834961,
      "Text": "ID",
      "TextType": "PRINTED",
      "Geometry": {
        "BoundingBox": {
          "Width": 0.010651656426489353,
          "Height": 0.009555356577038765,
          "Left": 0.3259650468826294,
          "Top": 0.45691874623298645
        },
        "Polygon": [
          {
            "X": 0.3259650468826294,
            "Y": 0.45691874623298645
          },
          {
            "X": 0.3365950882434845,
            "Y": 0.457003116607666
          },
          {
            "X": 0.3366166949272156,
            "Y": 0.46647408604621887
          },
          {
            "X": 0.32598644495010376,
            "Y": 0.4663945734500885
          }
        ]
      },
      "Id": "09881dfe-2da9-4fb8-b402-bc140ed80477",
      "Page": 1
    },
    {
      "BlockType": "WORD",
      "Confidence": 17.651636123657227,
      "Text": "81",
      "TextType": "PRINTED",
      "Geometry": {
        "BoundingBox": {
          "Width": 0.015054061077535152,
          "Height": 0.008848539553582668,
          "Left": 0.6315498352050781,
          "Top": 0.4591699242591858
        },
        "Polygon": [
          {
            "X": 0.6315498352050781,
            "Y": 0.4591699242591858
          },
          {
            "X": 0.6465778350830078,
            "Y": 0.4592893421649933
          },
          {
            "X": 0.6466039419174194,
            "Y": 0.46801847219467163
          },
          {
            "X": 0.6315756440162659,
            "Y": 0.4679054915904999
          }
        ]
      },
      "Id": "4eec4276-ee31-4276-9e20-5daa7156d50a",
      "Page": 1
    },
    {
      "BlockType": "WORD",
      "Confidence": 17.203487396240234,
      "Text": "0.0",
      "TextType": "PRINTED",
      "Geometry": {
        "BoundingBox": {
          "Width": 0.019803643226623535,
          "Height": 0.010363444685935974,
          "Left": 0.6129705905914307,
          "Top": 0.4746667742729187
        },
        "Polygon": [
          {
            "X": 0.6129705905914307,
            "Y": 0.4746667742729187
          },
          {
            "X": 0.6327440142631531,
            "Y": 0.4748087227344513
          },
          {
            "X": 0.6327742338180542,
            "Y": 0.48503023386001587
          },
          {
            "X": 0.6130003333091736,
            "Y": 0.4848982095718384
          }
        ]
      },
      "Id": "8ce1db47-1ee3-4f7d-9453-1b67838ab968",
      "Page": 1
    },
    {
      "BlockType": "WORD",
      "Confidence": 15.561544418334961,
      "Text": "OS",
      "TextType": "PRINTED",
      "Geometry": {
        "BoundingBox": {
          "Width": 0.019331373274326324,
          "Height": 0.010287790559232235,
          "Left": 0.5852280259132385,
          "Top": 0.5121335983276367
        },
        "Polygon": [
          {
            "X": 0.5852280259132385,
            "Y": 0.5121335983276367
          },
          {
            "X": 0.6045299768447876,
            "Y": 0.5122365355491638
          },
          {
            "X": 0.6045593619346619,
            "Y": 0.5224214196205139
          },
          {
            "X": 0.5852569937705994,
            "Y": 0.5223280787467957
          }
        ]
      },
      "Id": "2c8b01d1-e016-40a5-b0c8-dc896cf3d380",
      "Page": 1
    },
    {
      "BlockType": "WORD",
      "Confidence": 72.60986328125,
      "Text": "EE",
      "TextType": "PRINTED",
      "Geometry": {
        "BoundingBox": {
          "Width": 0.013488066382706165,
          "Height": 0.0074495477601885796,
          "Left": 0.6203151345252991,
          "Top": 0.5141572952270508
        },
        "Polygon": [
          {
            "X": 0.6203151345252991,
            "Y": 0.5141572952270508
          },
          {
            "X": 0.633781373500824,
            "Y": 0.5142279267311096
          },
          {
            "X": 0.6338031888008118,
            "Y": 0.5216068625450134
          },
          {
            "X": 0.6203367114067078,
            "Y": 0.5215411186218262
          }
        ]
      },
      "Id": "32aec480-c52c-4792-b689-aee0299e596c",
      "Page": 1
    },
    {
      "BlockType": "WORD",
      "Confidence": 70.13565063476562,
      "Text": "M",
      "TextType": "PRINTED",
      "Geometry": {
        "BoundingBox": {
          "Width": 0.006600706838071346,
          "Height": 0.005165562033653259,
          "Left": 0.6562483310699463,
          "Top": 0.5150114893913269
        },
        "Polygon": [
          {
            "X": 0.6562483310699463,
            "Y": 0.5150114893913269
          },
          {
            "X": 0.662833571434021,
            "Y": 0.5150458216667175
          },
          {
            "X": 0.6628490686416626,
            "Y": 0.5201770663261414
          },
          {
            "X": 0.6562637686729431,
            "Y": 0.5201444029808044
          }
        ]
      },
      "Id": "a5ebc876-9091-4092-a61e-7c8060d74230",
      "Page": 1
    }
  ],
  "DetectDocumentTextModelVersion": "1.0"
}