'Page Number,'Tipo,'Texto,'Confidence Score % (Line),
"'1","'LINE","'Cloud","'98.38745880"
"'1","'LINE","'Destrinchando a responsabilidade na IA","'99.17968750"
"'1","'LINE","'aws","'97.59223175"
"'1","'LINE","'Experience","'99.54959869"
"'1","'LINE","'2025","'99.71482849"
"'1","'LINE","'Proteção","'96.47671509"
"'1","'LINE","'do sistema para evitar resultados negativos do sistema, metas","'99.43888855"
"'1","'LINE","'incentivar Design respostas precisas e relevantes e alinhar com","'98.79207611"
"'1","'LINE","'Cloud","'99.83955383"
"'1","'LINE","'Os riscos só podem ser gerenciados por meio da aplicação de","'98.58972931"
"'1","'LINE","'de equidade, parcialidade e a intencionalidade desejada","'98.53609467"
"'1","'LINE","'como Amazon Bedrock Guardrails","'99.68363953"
"'1","'LINE","'probabilisticamente, serviços Os sistemas risco","'97.77897644"
"'1","'LINE","'atuais só podem abordar esse","'94.79959106"
"'1","'LINE","'Experience","'99.81151581"
"'1","'LINE","'e os clientes precisarão calibrar O risco","'94.80003357"
"'1","'LINE","'aceitável antes da implantação","'98.07442474"
"'1","'LINE","'a","'88.29718018"
"'1","'LINE","'2025","'99.78036499"
"'1","'LINE","'Segurança","'98.74047852"
"'1","'LINE","'Design do sistema para evitar revelar informações","'98.94853973"
"'1","'LINE","'sensiveis/confidenciais a usuários não autorizados","'96.07447052"
"'1","'LINE","'.","'51.47709274"
"'1","'LINE","'A melhor prática é usar controles de segurança tradicionais para","'99.03644562"
"'1","'LINE","'filtrar todos os dados antes que eles entrem no modelo","'98.46329498"
"'1","'LINE","'fundacional com base na identidade do usuário final","'99.25200653"
"'1","'LINE","'Usar controles determinísticos, auditáveis e explicáveis","'94.17650604"
"'1","'LINE","'Qualquer falha do sistema onde os usuários podem ser expostos","'98.45001221"
"'1","'LINE","'a conteúdo não autorizado deve ser considerada um erro fatal","'98.33804321"
