{
  "DocumentMetadata": {
    "Pages": 1
  },
  "JobStatus": "SUCCEEDED",
  "Blocks": [
    {
      "BlockType": "PAGE",
      "Geometry": {
        "BoundingBox": {
          "Width": 1,
          "Height": 0.781887412071228,
          "Left": 0,
          "Top": 0.005601390264928341
        },
        "Polygon": [
          {
            "X": 0,
            "Y": 0.005601390264928341
          },
          {
            "X": 1,
            "Y": 0.012799818068742752
          },
          {
            "X": 1,
            "Y": 0.7872857451438904
          },
          {
            "X": 0,
            "Y": 0.7874888181686401
          }
        ]
      },
      "Id": "1476aafa-3bc5-40e6-9b26-db0b62508512",
      "Relationships": [
        {
          "Type": "CHILD",
          "Ids": [
            "2b918240-7eaa-479b-864d-48b59a95a1a0",
            "793dd428-d3a1-4b13-a1b0-14700f7d0893",
            "94754253-3f9e-4fad-86ab-930071c31ad4",
            "6b71aaae-0555-4695-88fc-40dbaf0bef0a",
            "eb358445-4312-4469-a414-f12444432ec6",
            "6cc99c9d-6613-4635-a6de-05f2e0cb2dea",
            "dfca29b8-b142-422c-aaf2-33aea25ec6fe",
            "35f30ba9-6b33-4dc1-a43b-62232b502f7c",
            "64c7a4da-ac71-43ce-8f23-7aca15a21690",
            "de612bb2-922c-45f7-b045-1f582b8ad2eb",
            "dddb2ff9-a1f6-4a38-a480-65fec2496239",
            "b47c74c2-51a5-453d-857a-474c181d4a1c",
            "49aa062c-1d7a-4f23-b780-fa9d0caf6119",
            "79679c68-4111-46aa-8c67-b696a9073f04",
            "24bc0828-c320-4e71-9882-9493560e493d",
            "3f91ba8e-1de2-4e8e-abcf-43b7e6e1547b",
            "360965b6-b78e-43af-8dfd-fa8b68855e27"
          ]
        }
      ],
      "Page": 1
    },
    {
      "BlockType": "LINE",
      "Confidence": 99.84451293945312,
      "Text": "FIRESIDE CHAT",
      "Geometry": {
        "BoundingBox": {
          "Width": 0.2363210767507553,
          "Height": 0.02454659715294838,
          "Left": 0.10028943419456482,
          "Top": 0.31502866744995117
        },
        "Polygon": [
          {
            "X": 0.1003035232424736,
            "Y": 0.31502866744995117
          },
          {
            "X": 0.3366105258464813,
            "Y": 0.31603601574897766
          },
          {
            "X": 0.33659180998802185,
            "Y": 0.33957526087760925
          },
          {
            "X": 0.10028943419456482,
            "Y": 0.3386206030845642
          }
        ]
      },
      "Id": "2b918240-7eaa-479b-864d-48b59a95a1a0",
      "Relationships": [
        {
          "Type": "CHILD",
          "Ids": [
            "501b43f7-9ead-42c5-91a1-12aabc50ceb3",
            "c6d2a7f0-3d89-4d67-a139-b8b4135e6906"
          ]
        }
      ],
      "Page": 1
    },
    {
      "BlockType": "LINE",
      "Confidence": 98.30269622802734,
      "Text": "aws",
      "Geometry": {
        "BoundingBox": {
          "Width": 0.05326658487319946,
          "Height": 0.012064427137374878,
          "Left": 0.8348343372344971,
          "Top": 0.33240556716918945
        },
        "Polygon": [
          {
            "X": 0.8348487019538879,
            "Y": 0.33240556716918945
          },
          {
            "X": 0.8881009221076965,
            "Y": 0.3326253592967987
          },
          {
            "X": 0.8880860805511475,
            "Y": 0.34446999430656433
          },
          {
            "X": 0.8348343372344971,
            "Y": 0.3442562222480774
          }
        ]
      },
      "Id": "793dd428-d3a1-4b13-a1b0-14700f7d0893",
      "Relationships": [
        {
          "Type": "CHILD",
          "Ids": [
            "3f4d09b0-d91f-406b-91bb-85bd8d30a148"
          ]
        }
      ],
      "Page": 1
    },
    {
      "BlockType": "LINE",
      "Confidence": 99.85169219970703,
      "Text": "Cloud",
      "Geometry": {
        "BoundingBox": {
          "Width": 0.028273379430174828,
          "Height": 0.005931969732046127,
          "Left": 0.916893720626831,
          "Top": 0.3359485864639282
        },
        "Polygon": [
          {
            "X": 0.916901171207428,
            "Y": 0.3359485864639282
          },
          {
            "X": 0.945167064666748,
            "Y": 0.3360643982887268
          },
          {
            "X": 0.9451594948768616,
            "Y": 0.34188055992126465
          },
          {
            "X": 0.916893720626831,
            "Y": 0.3417663276195526
          }
        ]
      },
      "Id": "94754253-3f9e-4fad-86ab-930071c31ad4",
      "Relationships": [
        {
          "Type": "CHILD",
          "Ids": [
            "5661f2f7-8296-4a06-ae6f-81d09ca846c4"
          ]
        }
      ],
      "Page": 1
    },
    {
      "BlockType": "LINE",
      "Confidence": 98.25846862792969,
      "Text": "TALK SHOW",
      "Geometry": {
        "BoundingBox": {
          "Width": 0.12818056344985962,
          "Height": 0.012562454678118229,
          "Left": 0.10271033644676208,
          "Top": 0.3378843367099762
        },
        "Polygon": [
          {
            "X": 0.1027175560593605,
            "Y": 0.3378843367099762
          },
          {
            "X": 0.2308908849954605,
            "Y": 0.33840304613113403
          },
          {
            "X": 0.23088239133358002,
            "Y": 0.35044679045677185
          },
          {
            "X": 0.10271033644676208,
            "Y": 0.349942684173584
          }
        ]
      },
      "Id": "6b71aaae-0555-4695-88fc-40dbaf0bef0a",
      "Relationships": [
        {
          "Type": "CHILD",
          "Ids": [
            "97bfc0b0-7d6f-4c48-b60e-2270cc753713",
            "0eb8ead0-5cb8-4574-871c-2896c9bf8927"
          ]
        }
      ],
      "Page": 1
    },
    {
      "BlockType": "LINE",
      "Confidence": 99.46092224121094,
      "Text": "Experience",
      "Geometry": {
        "BoundingBox": {
          "Width": 0.05131429433822632,
          "Height": 0.00742692407220602,
          "Left": 0.9174401164054871,
          "Top": 0.34282559156417847
        },
        "Polygon": [
          {
            "X": 0.9174493551254272,
            "Y": 0.34282559156417847
          },
          {
            "X": 0.9687544107437134,
            "Y": 0.3430324196815491
          },
          {
            "X": 0.9687448740005493,
            "Y": 0.35025253891944885
          },
          {
            "X": 0.9174401164054871,
            "Y": 0.35004922747612
          }
        ]
      },
      "Id": "eb358445-4312-4469-a414-f12444432ec6",
      "Relationships": [
        {
          "Type": "CHILD",
          "Ids": [
            "c8bcec83-6a9f-4be4-9d5a-78079050e652"
          ]
        }
      ],
      "Page": 1
    },
    {
      "BlockType": "LINE",
      "Confidence": 99.84113311767578,
      "Text": "2025",
      "Geometry": {
        "BoundingBox": {
          "Width": 0.023865092545747757,
          "Height": 0.005915969144552946,
          "Left": 0.9182069301605225,
          "Top": 0.350017786026001
        },
        "Polygon": [
          {
            "X": 0.9182143807411194,
            "Y": 0.350017786026001
          },
          {
            "X": 0.9420720338821411,
            "Y": 0.35011231899261475
          },
          {
            "X": 0.9420644640922546,
            "Y": 0.3559337556362152
          },
          {
            "X": 0.9182069301605225,
            "Y": 0.3558405339717865
          }
        ]
      },
      "Id": "6cc99c9d-6613-4635-a6de-05f2e0cb2dea",
      "Relationships": [
        {
          "Type": "CHILD",
          "Ids": [
            "10768fb8-f331-4d56-86f7-3bc0c3104833"
          ]
        }
      ],
      "Page": 1
    },
    {
      "BlockType": "LINE",
      "Confidence": 99.8842544555664,
      "Text": "hotmart",
      "Geometry": {
        "BoundingBox": {
          "Width": 0.20863212645053864,
          "Height": 0.030063217505812645,
          "Left": 0.17896902561187744,
          "Top": 0.4245193302631378
        },
        "Polygon": [
          {
            "X": 0.17898854613304138,
            "Y": 0.4245193302631378
          },
          {
            "X": 0.3876011371612549,
            "Y": 0.42519325017929077
          },
          {
            "X": 0.38757652044296265,
            "Y": 0.454582542181015
          },
          {
            "X": 0.17896902561187744,
            "Y": 0.45396676659584045
          }
        ]
      },
      "Id": "dfca29b8-b142-422c-aaf2-33aea25ec6fe",
      "Relationships": [
        {
          "Type": "CHILD",
          "Ids": [
            "13abb207-5f85-4cbb-8f91-5677e1755a1b"
          ]
        }
      ],
      "Page": 1
    },
    {
      "BlockType": "LINE",
      "Confidence": 94.24090576171875,
      "Text": "inter",
      "Geometry": {
        "BoundingBox": {
          "Width": 0.1461174190044403,
          "Height": 0.032273221760988235,
          "Left": 0.5095803141593933,
          "Top": 0.4295859634876251
        },
        "Polygon": [
          {
            "X": 0.5096102356910706,
            "Y": 0.4295859634876251
          },
          {
            "X": 0.655697762966156,
            "Y": 0.43005234003067017
          },
          {
            "X": 0.6556639671325684,
            "Y": 0.46185919642448425
          },
          {
            "X": 0.5095803141593933,
            "Y": 0.4614369869232178
          }
        ]
      },
      "Id": "35f30ba9-6b33-4dc1-a43b-62232b502f7c",
      "Relationships": [
        {
          "Type": "CHILD",
          "Ids": [
            "3d7b2aec-2278-44fc-aebb-0ca7b915131c"
          ]
        }
      ],
      "Page": 1
    },
    {
      "BlockType": "LINE",
      "Confidence": 98.38128662109375,
      "Text": "+MaterDei",
      "Geometry": {
        "BoundingBox": {
          "Width": 0.2514776289463043,
          "Height": 0.030605357140302658,
          "Left": 0.7108739614486694,
          "Top": 0.4360998868942261
        },
        "Polygon": [
          {
            "X": 0.7109070420265198,
            "Y": 0.4360998868942261
          },
          {
            "X": 0.9623515605926514,
            "Y": 0.43688857555389404
          },
          {
            "X": 0.9623122215270996,
            "Y": 0.46670523285865784
          },
          {
            "X": 0.7108739614486694,
            "Y": 0.46598801016807556
          }
        ]
      },
      "Id": "64c7a4da-ac71-43ce-8f23-7aca15a21690",
      "Relationships": [
        {
          "Type": "CHILD",
          "Ids": [
            "b526a7c2-20ff-4765-8e35-b0c28703ddde"
          ]
        }
      ],
      "Page": 1
    },
    {
      "BlockType": "LINE",
      "Confidence": 96.60936737060547,
      "Text": "Rede de Saúde",
      "Geometry": {
        "BoundingBox": {
          "Width": 0.11918126046657562,
          "Height": 0.011516919359564781,
          "Left": 0.7594106793403625,
          "Top": 0.4636628031730652
        },
        "Polygon": [
          {
            "X": 0.7594234943389893,
            "Y": 0.4636628031730652
          },
          {
            "X": 0.8785918951034546,
            "Y": 0.4640055298805237
          },
          {
            "X": 0.8785779476165771,
            "Y": 0.4751797318458557
          },
          {
            "X": 0.7594106793403625,
            "Y": 0.4748497009277344
          }
        ]
      },
      "Id": "de612bb2-922c-45f7-b045-1f582b8ad2eb",
      "Relationships": [
        {
          "Type": "CHILD",
          "Ids": [
            "2bfbf6b4-6632-4899-8b33-3db8f153197c",
            "6616a408-09fd-4030-922d-7948185cc038",
            "f88d3752-be76-4bdf-8dd5-cf7266f102bc"
          ]
        }
      ],
      "Page": 1
    },
    {
      "BlockType": "LINE",
      "Confidence": 99.84082794189453,
      "Text": "BRUNO BRAGA",
      "Geometry": {
        "BoundingBox": {
          "Width": 0.1297680288553238,
          "Height": 0.011412731371819973,
          "Left": 0.1737055778503418,
          "Top": 0.4689011871814728
        },
        "Polygon": [
          {
            "X": 0.1737128645181656,
            "Y": 0.4689011871814728
          },
          {
            "X": 0.3034735918045044,
            "Y": 0.469265878200531
          },
          {
            "X": 0.3034651279449463,
            "Y": 0.4803139269351959
          },
          {
            "X": 0.1737055778503418,
            "Y": 0.4799628257751465
          }
        ]
      },
      "Id": "dddb2ff9-a1f6-4a38-a480-65fec2496239",
      "Relationships": [
        {
          "Type": "CHILD",
          "Ids": [
            "9a0b6cba-bbbc-49b6-b730-e6dfca4b3497",
            "ef005da8-a2c1-4238-8bfb-a0ffd52c4b7e"
          ]
        }
      ],
      "Page": 1
    },
    {
      "BlockType": "LINE",
      "Confidence": 99.77214050292969,
      "Text": "VITOR MATTIOLI ROLIM",
      "Geometry": {
        "BoundingBox": {
          "Width": 0.18866190314292908,
          "Height": 0.012288223020732403,
          "Left": 0.4754422605037689,
          "Top": 0.4783945381641388
        },
        "Polygon": [
          {
            "X": 0.4754530191421509,
            "Y": 0.4783945381641388
          },
          {
            "X": 0.664104163646698,
            "Y": 0.47890928387641907
          },
          {
            "X": 0.6640915870666504,
            "Y": 0.49068278074264526
          },
          {
            "X": 0.4754422605037689,
            "Y": 0.49018916487693787
          }
        ]
      },
      "Id": "b47c74c2-51a5-453d-857a-474c181d4a1c",
      "Relationships": [
        {
          "Type": "CHILD",
          "Ids": [
            "a4ddb2f1-96f0-45f4-834f-8d9b17d9eed8",
            "ee3bd376-aaee-4507-80ae-d95d5dfebfa0",
            "37357ae8-ff9c-4ea2-bbfd-73bb93953624"
          ]
        }
      ],
      "Page": 1
    },
    {
      "BlockType": "LINE",
      "Confidence": 99.68367767333984,
      "Text": "IT DIRECTOR",
      "Geometry": {
        "BoundingBox": {
          "Width": 0.11166330426931381,
          "Height": 0.00931993406265974,
          "Left": 0.17111946642398834,
          "Top": 0.487822562456131
        },
        "Polygon": [
          {
            "X": 0.1711253970861435,
            "Y": 0.487822562456131
          },
          {
            "X": 0.28278276324272156,
            "Y": 0.48811638355255127
          },
          {
            "X": 0.28277599811553955,
            "Y": 0.497142493724823
          },
          {
            "X": 0.17111946642398834,
            "Y": 0.49685823917388916
          }
        ]
      },
      "Id": "49aa062c-1d7a-4f23-b780-fa9d0caf6119",
      "Relationships": [
        {
          "Type": "CHILD",
          "Ids": [
            "d4f66536-771b-4450-8ed6-3ff216f545e7",
            "1414011e-29e2-4298-968e-0b4f18272eaf"
          ]
        }
      ],
      "Page": 1
    },
    {
      "BlockType": "LINE",
      "Confidence": 99.86199951171875,
      "Text": "LARA SALVADOR GEO",
      "Geometry": {
        "BoundingBox": {
          "Width": 0.16040705144405365,
          "Height": 0.01154085248708725,
          "Left": 0.7624220848083496,
          "Top": 0.486417293548584
        },
        "Polygon": [
          {
            "X": 0.7624348998069763,
            "Y": 0.486417293548584
          },
          {
            "X": 0.9228291511535645,
            "Y": 0.48684388399124146
          },
          {
            "X": 0.9228148460388184,
            "Y": 0.49795815348625183
          },
          {
            "X": 0.7624220848083496,
            "Y": 0.49754855036735535
          }
        ]
      },
      "Id": "79679c68-4111-46aa-8c67-b696a9073f04",
      "Relationships": [
        {
          "Type": "CHILD",
          "Ids": [
            "526c623d-f9f4-4b18-8284-09be0571eaab",
            "c3468355-4d21-4b76-bb63-113d545b40f1",
            "ba11d5e6-9ed5-4f30-95c0-a86eaf2a7695"
          ]
        }
      ],
      "Page": 1
    },
    {
      "BlockType": "LINE",
      "Confidence": 98.36067962646484,
      "Text": "Tech Manager Data & AI",
      "Geometry": {
        "BoundingBox": {
          "Width": 0.19461289048194885,
          "Height": 0.010864371433854103,
          "Left": 0.47491610050201416,
          "Top": 0.4957631230354309
        },
        "Polygon": [
          {
            "X": 0.47492554783821106,
            "Y": 0.4957631230354309
          },
          {
            "X": 0.6695289611816406,
            "Y": 0.4962620437145233
          },
          {
            "X": 0.6695178747177124,
            "Y": 0.5066275000572205
          },
          {
            "X": 0.47491610050201416,
            "Y": 0.5061478018760681
          }
        ]
      },
      "Id": "24bc0828-c320-4e71-9882-9493560e493d",
      "Relationships": [
        {
          "Type": "CHILD",
          "Ids": [
            "6b993fef-6fd2-4012-a093-2f8697f67554",
            "2ed9bccf-7f87-4de3-8655-c5d862640f8d",
            "90503aec-d78b-4c1e-9638-ceeb160e51d9",
            "99d03919-dbde-473f-9d08-c76824b40f38",
            "da6c94e0-7e41-4c29-a05f-315c175369f0"
          ]
        }
      ],
      "Page": 1
    },
    {
      "BlockType": "LINE",
      "Confidence": 88.01627349853516,
      "Text": "DIRETORA DE INOVAÇÃO",
      "Geometry": {
        "BoundingBox": {
          "Width": 0.16177715361118317,
          "Height": 0.010147619992494583,
          "Left": 0.7627645134925842,
          "Top": 0.502872109413147
        },
        "Polygon": [
          {
            "X": 0.762775719165802,
            "Y": 0.502872109413147
          },
          {
            "X": 0.9245416522026062,
            "Y": 0.5032770037651062
          },
          {
            "X": 0.9245291352272034,
            "Y": 0.5130197405815125
          },
          {
            "X": 0.7627645134925842,
            "Y": 0.5126298666000366
          }
        ]
      },
      "Id": "3f91ba8e-1de2-4e8e-abcf-43b7e6e1547b",
      "Relationships": [
        {
          "Type": "CHILD",
          "Ids": [
            "42b7e280-288c-4168-bf0f-e267404c8427",
            "781f7e49-933c-4f3c-bbfc-af0e15d5b47e",
            "40222028-8ce9-4027-8c45-7f44f24e3c7d"
          ]
        }
      ],
      "Page": 1
    },
    {
      "BlockType": "LINE",
      "Confidence": 80.2707290649414,
      "Text": "Confidencial and Trademark",
      "Geometry": {
        "BoundingBox": {
          "Width": 0.08458045870065689,
          "Height": 0.005097296088933945,
          "Left": 0.32961422204971313,
          "Top": 0.570012629032135
        },
        "Polygon": [
          {
            "X": 0.3296181261539459,
            "Y": 0.570012629032135
          },
          {
            "X": 0.4141947031021118,
            "Y": 0.5701696872711182
          },
          {
            "X": 0.4141904413700104,
            "Y": 0.5751099586486816
          },
          {
            "X": 0.32961422204971313,
            "Y": 0.5749568343162537
          }
        ]
      },
      "Id": "360965b6-b78e-43af-8dfd-fa8b68855e27",
      "Relationships": [
        {
          "Type": "CHILD",
          "Ids": [
            "eef6074c-e60c-4855-a6ef-03ea699861f2",
            "784334d9-b82a-4ad7-a436-e3c0f3012c06",
            "671a7478-7845-4e72-b5e5-ea7bbeb651a9"
          ]
        }
      ],
      "Page": 1
    },
    {
      "BlockType": "WORD",
      "Confidence": 99.79774475097656,
      "Text": "FIRESIDE",
      "TextType": "PRINTED",
      "Geometry": {
        "BoundingBox": {
          "Width": 0.1462702751159668,
          "Height": 0.02062954008579254,
          "Left": 0.10029155761003494,
          "Top": 0.31502866744995117
        },
        "Polygon": [
          {
            "X": 0.1003035232424736,
            "Y": 0.31502866744995117
          },
          {
            "X": 0.24656182527542114,
            "Y": 0.31565213203430176
          },
          {
            "X": 0.24654743075370789,
            "Y": 0.3356581926345825
          },
          {
            "X": 0.10029155761003494,
            "Y": 0.3350624144077301
          }
        ]
      },
      "Id": "501b43f7-9ead-42c5-91a1-12aabc50ceb3",
      "Page": 1
    },
    {
      "BlockType": "WORD",
      "Confidence": 99.89128875732422,
      "Text": "CHAT",
      "TextType": "PRINTED",
      "Geometry": {
        "BoundingBox": {
          "Width": 0.08672244101762772,
          "Height": 0.016761239618062973,
          "Left": 0.24988240003585815,
          "Top": 0.322814017534256
        },
        "Polygon": [
          {
            "X": 0.24989424645900726,
            "Y": 0.322814017534256
          },
          {
            "X": 0.3366048336029053,
            "Y": 0.3231777846813202
          },
          {
            "X": 0.33659180998802185,
            "Y": 0.33957526087760925
          },
          {
            "X": 0.24988240003585815,
            "Y": 0.3392249643802643
          }
        ]
      },
      "Id": "c6d2a7f0-3d89-4d67-a139-b8b4135e6906",
      "Page": 1
    },
    {
      "BlockType": "WORD",
      "Confidence": 98.30269622802734,
      "Text": "aws",
      "TextType": "PRINTED",
      "Geometry": {
        "BoundingBox": {
          "Width": 0.05326658487319946,
          "Height": 0.012064427137374878,
          "Left": 0.8348343372344971,
          "Top": 0.33240556716918945
        },
        "Polygon": [
          {
            "X": 0.8348487019538879,
            "Y": 0.33240556716918945
          },
          {
            "X": 0.8881009221076965,
            "Y": 0.3326253592967987
          },
          {
            "X": 0.8880860805511475,
            "Y": 0.34446999430656433
          },
          {
            "X": 0.8348343372344971,
            "Y": 0.3442562222480774
          }
        ]
      },
      "Id": "3f4d09b0-d91f-406b-91bb-85bd8d30a148",
      "Page": 1
    },
    {
      "BlockType": "WORD",
      "Confidence": 99.85169219970703,
      "Text": "Cloud",
      "TextType": "PRINTED",
      "Geometry": {
        "BoundingBox": {
          "Width": 0.028273379430174828,
          "Height": 0.005931969732046127,
          "Left": 0.916893720626831,
          "Top": 0.3359485864639282
        },
        "Polygon": [
          {
            "X": 0.916901171207428,
            "Y": 0.3359485864639282
          },
          {
            "X": 0.945167064666748,
            "Y": 0.3360643982887268
          },
          {
            "X": 0.9451594948768616,
            "Y": 0.34188055992126465
          },
          {
            "X": 0.916893720626831,
            "Y": 0.3417663276195526
          }
        ]
      },
      "Id": "5661f2f7-8296-4a06-ae6f-81d09ca846c4",
      "Page": 1
    },
    {
      "BlockType": "WORD",
      "Confidence": 99.83595275878906,
      "Text": "TALK",
      "TextType": "PRINTED",
      "Geometry": {
        "BoundingBox": {
          "Width": 0.05570492520928383,
          "Height": 0.009751245379447937,
          "Left": 0.10271184891462326,
          "Top": 0.3378843367099762
        },
        "Polygon": [
          {
            "X": 0.1027175560593605,
            "Y": 0.3378843367099762
          },
          {
            "X": 0.1584167778491974,
            "Y": 0.3381097614765167
          },
          {
            "X": 0.15841062366962433,
            "Y": 0.3476355969905853
          },
          {
            "X": 0.10271184891462326,
            "Y": 0.3474152088165283
          }
        ]
      },
      "Id": "97bfc0b0-7d6f-4c48-b60e-2270cc753713",
      "Page": 1
    },
    {
      "BlockType": "WORD",
      "Confidence": 96.68099212646484,
      "Text": "SHOW",
      "TextType": "PRINTED",
      "Geometry": {
        "BoundingBox": {
          "Width": 0.06353864818811417,
          "Height": 0.009837375022470951,
          "Left": 0.16735050082206726,
          "Top": 0.34060943126678467
        },
        "Polygon": [
          {
            "X": 0.16735677421092987,
            "Y": 0.34060943126678467
          },
          {
            "X": 0.23088915646076202,
            "Y": 0.34086504578590393
          },
          {
            "X": 0.23088239133358002,
            "Y": 0.35044679045677185
          },
          {
            "X": 0.16735050082206726,
            "Y": 0.3501969277858734
          }
        ]
      },
      "Id": "0eb8ead0-5cb8-4574-871c-2896c9bf8927",
      "Page": 1
    },
    {
      "BlockType": "WORD",
      "Confidence": 99.46092224121094,
      "Text": "Experience",
      "TextType": "PRINTED",
      "Geometry": {
        "BoundingBox": {
          "Width": 0.05131429433822632,
          "Height": 0.00742692407220602,
          "Left": 0.9174401164054871,
          "Top": 0.34282559156417847
        },
        "Polygon": [
          {
            "X": 0.9174493551254272,
            "Y": 0.34282559156417847
          },
          {
            "X": 0.9687544107437134,
            "Y": 0.3430324196815491
          },
          {
            "X": 0.9687448740005493,
            "Y": 0.35025253891944885
          },
          {
            "X": 0.9174401164054871,
            "Y": 0.35004922747612
          }
        ]
      },
      "Id": "c8bcec83-6a9f-4be4-9d5a-78079050e652",
      "Page": 1
    },
    {
      "BlockType": "WORD",
      "Confidence": 99.84113311767578,
      "Text": "2025",
      "TextType": "PRINTED",
      "Geometry": {
        "BoundingBox": {
          "Width": 0.023865092545747757,
          "Height": 0.005915969144552946,
          "Left": 0.9182069301605225,
          "Top": 0.350017786026001
        },
        "Polygon": [
          {
            "X": 0.9182143807411194,
            "Y": 0.350017786026001
          },
          {
            "X": 0.9420720338821411,
            "Y": 0.35011231899261475
          },
          {
            "X": 0.9420644640922546,
            "Y": 0.3559337556362152
          },
          {
            "X": 0.9182069301605225,
            "Y": 0.3558405339717865
          }
        ]
      },
      "Id": "10768fb8-f331-4d56-86f7-3bc0c3104833",
      "Page": 1
    },
    {
      "BlockType": "WORD",
      "Confidence": 99.8842544555664,
      "Text": "hotmart",
      "TextType": "PRINTED",
      "Geometry": {
        "BoundingBox": {
          "Width": 0.20863212645053864,
          "Height": 0.030063217505812645,
          "Left": 0.17896902561187744,
          "Top": 0.4245193302631378
        },
        "Polygon": [
          {
            "X": 0.17898854613304138,
            "Y": 0.4245193302631378
          },
          {
            "X": 0.3876011371612549,
            "Y": 0.42519325017929077
          },
          {
            "X": 0.38757652044296265,
            "Y": 0.454582542181015
          },
          {
            "X": 0.17896902561187744,
            "Y": 0.45396676659584045
          }
        ]
      },
      "Id": "13abb207-5f85-4cbb-8f91-5677e1755a1b",
      "Page": 1
    },
    {
      "BlockType": "WORD",
      "Confidence": 94.24090576171875,
      "Text": "inter",
      "TextType": "PRINTED",
      "Geometry": {
        "BoundingBox": {
          "Width": 0.1461174190044403,
          "Height": 0.032273221760988235,
          "Left": 0.5095803141593933,
          "Top": 0.4295859634876251
        },
        "Polygon": [
          {
            "X": 0.5096102356910706,
            "Y": 0.4295859634876251
          },
          {
            "X": 0.655697762966156,
            "Y": 0.43005234003067017
          },
          {
            "X": 0.6556639671325684,
            "Y": 0.46185919642448425
          },
          {
            "X": 0.5095803141593933,
            "Y": 0.4614369869232178
          }
        ]
      },
      "Id": "3d7b2aec-2278-44fc-aebb-0ca7b915131c",
      "Page": 1
    },
    {
      "BlockType": "WORD",
      "Confidence": 98.38128662109375,
      "Text": "+MaterDei",
      "TextType": "PRINTED",
      "Geometry": {
        "BoundingBox": {
          "Width": 0.2514776289463043,
          "Height": 0.030605357140302658,
          "Left": 0.7108739614486694,
          "Top": 0.4360998868942261
        },
        "Polygon": [
          {
            "X": 0.7109070420265198,
            "Y": 0.4360998868942261
          },
          {
            "X": 0.9623515605926514,
            "Y": 0.43688857555389404
          },
          {
            "X": 0.9623122215270996,
            "Y": 0.46670523285865784
          },
          {
            "X": 0.7108739614486694,
            "Y": 0.46598801016807556
          }
        ]
      },
      "Id": "b526a7c2-20ff-4765-8e35-b0c28703ddde",
      "Page": 1
    },
    {
      "BlockType": "WORD",
      "Confidence": 99.83246612548828,
      "Text": "Rede",
      "TextType": "PRINTED",
      "Geometry": {
        "BoundingBox": {
          "Width": 0.04181617125868797,
          "Height": 0.009531837888062,
          "Left": 0.7594127058982849,
          "Top": 0.4636628031730652
        },
        "Polygon": [
          {
            "X": 0.7594234943389893,
            "Y": 0.4636628031730652
          },
          {
            "X": 0.8012288808822632,
            "Y": 0.46378302574157715
          },
          {
            "X": 0.8012177348136902,
            "Y": 0.4731946587562561
          },
          {
            "X": 0.7594127058982849,
            "Y": 0.4730781614780426
          }
        ]
      },
      "Id": "2bfbf6b4-6632-4899-8b33-3db8f153197c",
      "Page": 1
    },
    {
      "BlockType": "WORD",
      "Confidence": 99.77748107910156,
      "Text": "de",
      "TextType": "PRINTED",
      "Geometry": {
        "BoundingBox": {
          "Width": 0.019849492236971855,
          "Height": 0.008247796446084976,
          "Left": 0.8047259449958801,
          "Top": 0.46531942486763
        },
        "Polygon": [
          {
            "X": 0.8047356605529785,
            "Y": 0.46531942486763
          },
          {
            "X": 0.8245754241943359,
            "Y": 0.46537619829177856
          },
          {
            "X": 0.824565589427948,
            "Y": 0.4735672175884247
          },
          {
            "X": 0.8047259449958801,
            "Y": 0.4735119938850403
          }
        ]
      },
      "Id": "6616a408-09fd-4030-922d-7948185cc038",
      "Page": 1
    },
    {
      "BlockType": "WORD",
      "Confidence": 90.21814727783203,
      "Text": "Saúde",
      "TextType": "PRINTED",
      "Geometry": {
        "BoundingBox": {
          "Width": 0.050757504999637604,
          "Height": 0.009406418539583683,
          "Left": 0.827832043170929,
          "Top": 0.4657733142375946
        },
        "Polygon": [
          {
            "X": 0.827843189239502,
            "Y": 0.4657733142375946
          },
          {
            "X": 0.8785895109176636,
            "Y": 0.46591833233833313
          },
          {
            "X": 0.8785779476165771,
            "Y": 0.4751797318458557
          },
          {
            "X": 0.827832043170929,
            "Y": 0.47503918409347534
          }
        ]
      },
      "Id": "f88d3752-be76-4bdf-8dd5-cf7266f102bc",
      "Page": 1
    },
    {
      "BlockType": "WORD",
      "Confidence": 99.74934387207031,
      "Text": "BRUNO",
      "TextType": "PRINTED",
      "Geometry": {
        "BoundingBox": {
          "Width": 0.06395624577999115,
          "Height": 0.009607202373445034,
          "Left": 0.17370665073394775,
          "Top": 0.4689011871814728
        },
        "Polygon": [
          {
            "X": 0.1737128645181656,
            "Y": 0.4689011871814728
          },
          {
            "X": 0.2376628965139389,
            "Y": 0.46908092498779297
          },
          {
            "X": 0.23765617609024048,
            "Y": 0.4785084128379822
          },
          {
            "X": 0.17370665073394775,
            "Y": 0.47833436727523804
          }
        ]
      },
      "Id": "9a0b6cba-bbbc-49b6-b730-e6dfca4b3497",
      "Page": 1
    },
    {
      "BlockType": "WORD",
      "Confidence": 99.93230438232422,
      "Text": "BRAGA",
      "TextType": "PRINTED",
      "Geometry": {
        "BoundingBox": {
          "Width": 0.06003690883517265,
          "Height": 0.009336627088487148,
          "Left": 0.24343524873256683,
          "Top": 0.4709773063659668
        },
        "Polygon": [
          {
            "X": 0.24344182014465332,
            "Y": 0.4709773063659668
          },
          {
            "X": 0.3034721612930298,
            "Y": 0.4711449444293976
          },
          {
            "X": 0.3034651279449463,
            "Y": 0.4803139269351959
          },
          {
            "X": 0.24343524873256683,
            "Y": 0.480151504278183
          }
        ]
      },
      "Id": "ef005da8-a2c1-4238-8bfb-a0ffd52c4b7e",
      "Page": 1
    },
    {
      "BlockType": "WORD",
      "Confidence": 99.83170318603516,
      "Text": "VITOR",
      "TextType": "PRINTED",
      "Geometry": {
        "BoundingBox": {
          "Width": 0.052095815539360046,
          "Height": 0.0086432583630085,
          "Left": 0.4754452705383301,
          "Top": 0.4783945381641388
        },
        "Polygon": [
          {
            "X": 0.4754530191421509,
            "Y": 0.4783945381641388
          },
          {
            "X": 0.5275411009788513,
            "Y": 0.4785366654396057
          },
          {
            "X": 0.5275329351425171,
            "Y": 0.4870378077030182
          },
          {
            "X": 0.4754452705383301,
            "Y": 0.48689988255500793
          }
        ]
      },
      "Id": "a4ddb2f1-96f0-45f4-834f-8d9b17d9eed8",
      "Page": 1
    },
    {
      "BlockType": "WORD",
      "Confidence": 99.71761322021484,
      "Text": "MATTIOLI",
      "TextType": "PRINTED",
      "Geometry": {
        "BoundingBox": {
          "Width": 0.07739514112472534,
          "Height": 0.009424295276403427,
          "Left": 0.5314841270446777,
          "Top": 0.47978928685188293
        },
        "Polygon": [
          {
            "X": 0.5314929485321045,
            "Y": 0.47978928685188293
          },
          {
            "X": 0.6088792681694031,
            "Y": 0.47999951243400574
          },
          {
            "X": 0.6088698506355286,
            "Y": 0.48921358585357666
          },
          {
            "X": 0.5314841270446777,
            "Y": 0.48901012539863586
          }
        ]
      },
      "Id": "ee3bd376-aaee-4507-80ae-d95d5dfebfa0",
      "Page": 1
    },
    {
      "BlockType": "WORD",
      "Confidence": 99.76709747314453,
      "Text": "ROLIM",
      "TextType": "PRINTED",
      "Geometry": {
        "BoundingBox": {
          "Width": 0.05075760558247566,
          "Height": 0.008526230230927467,
          "Left": 0.6133429408073425,
          "Top": 0.48215654492378235
        },
        "Polygon": [
          {
            "X": 0.613351583480835,
            "Y": 0.48215654492378235
          },
          {
            "X": 0.6641005277633667,
            "Y": 0.48229336738586426
          },
          {
            "X": 0.6640915870666504,
            "Y": 0.49068278074264526
          },
          {
            "X": 0.6133429408073425,
            "Y": 0.4905499815940857
          }
        ]
      },
      "Id": "37357ae8-ff9c-4ea2-bbfd-73bb93953624",
      "Page": 1
    },
    {
      "BlockType": "WORD",
      "Confidence": 99.7421646118164,
      "Text": "IT",
      "TextType": "PRINTED",
      "Geometry": {
        "BoundingBox": {
          "Width": 0.017100177705287933,
          "Height": 0.00663097994402051,
          "Left": 0.17112107574939728,
          "Top": 0.487822562456131
        },
        "Polygon": [
          {
            "X": 0.1711253970861435,
            "Y": 0.487822562456131
          },
          {
            "X": 0.18822124600410461,
            "Y": 0.4878675639629364
          },
          {
            "X": 0.18821683526039124,
            "Y": 0.4944535493850708
          },
          {
            "X": 0.17112107574939728,
            "Y": 0.49440962076187134
          }
        ]
      },
      "Id": "d4f66536-771b-4450-8ed6-3ff216f545e7",
      "Page": 1
    },
    {
      "BlockType": "WORD",
      "Confidence": 99.62519073486328,
      "Text": "DIRECTOR",
      "TextType": "PRINTED",
      "Geometry": {
        "BoundingBox": {
          "Width": 0.0849841758608818,
          "Height": 0.008371621370315552,
          "Left": 0.19779793918132782,
          "Top": 0.48877087235450745
        },
        "Polygon": [
          {
            "X": 0.19780346751213074,
            "Y": 0.48877087235450745
          },
          {
            "X": 0.28278210759162903,
            "Y": 0.4889937937259674
          },
          {
            "X": 0.28277599811553955,
            "Y": 0.497142493724823
          },
          {
            "X": 0.19779793918132782,
            "Y": 0.4969261586666107
          }
        ]
      },
      "Id": "1414011e-29e2-4298-968e-0b4f18272eaf",
      "Page": 1
    },
    {
      "BlockType": "WORD",
      "Confidence": 99.85911560058594,
      "Text": "LARA",
      "TextType": "PRINTED",
      "Geometry": {
        "BoundingBox": {
          "Width": 0.03979625552892685,
          "Height": 0.008171765133738518,
          "Left": 0.7624256014823914,
          "Top": 0.486417293548584
        },
        "Polygon": [
          {
            "X": 0.7624348998069763,
            "Y": 0.486417293548584
          },
          {
            "X": 0.8022218346595764,
            "Y": 0.4865231215953827
          },
          {
            "X": 0.8022122979164124,
            "Y": 0.49458906054496765
          },
          {
            "X": 0.7624256014823914,
            "Y": 0.4944863021373749
          }
        ]
      },
      "Id": "526c623d-f9f4-4b18-8284-09be0571eaab",
      "Page": 1
    },
    {
      "BlockType": "WORD",
      "Confidence": 99.84913635253906,
      "Text": "SALVADOR",
      "TextType": "PRINTED",
      "Geometry": {
        "BoundingBox": {
          "Width": 0.08173463493585587,
          "Height": 0.009547669440507889,
          "Left": 0.8056529760360718,
          "Top": 0.48749250173568726
        },
        "Polygon": [
          {
            "X": 0.8056640625,
            "Y": 0.48749250173568726
          },
          {
            "X": 0.8873876333236694,
            "Y": 0.487709105014801
          },
          {
            "X": 0.8873758912086487,
            "Y": 0.49704018235206604
          },
          {
            "X": 0.8056529760360718,
            "Y": 0.4968308210372925
          }
        ]
      },
      "Id": "c3468355-4d21-4b76-bb63-113d545b40f1",
      "Page": 1
    },
    {
      "BlockType": "WORD",
      "Confidence": 99.87773895263672,
      "Text": "GEO",
      "TextType": "PRINTED",
      "Geometry": {
        "BoundingBox": {
          "Width": 0.031111598014831543,
          "Height": 0.00775541178882122,
          "Left": 0.8917130827903748,
          "Top": 0.49020272493362427
        },
        "Polygon": [
          {
            "X": 0.8917227983474731,
            "Y": 0.49020272493362427
          },
          {
            "X": 0.9228246808052063,
            "Y": 0.49028444290161133
          },
          {
            "X": 0.9228148460388184,
            "Y": 0.49795815348625183
          },
          {
            "X": 0.8917130827903748,
            "Y": 0.4978787302970886
          }
        ]
      },
      "Id": "ba11d5e6-9ed5-4f30-95c0-a86eaf2a7695",
      "Page": 1
    },
    {
      "BlockType": "WORD",
      "Confidence": 99.79792022705078,
      "Text": "Tech",
      "TextType": "PRINTED",
      "Geometry": {
        "BoundingBox": {
          "Width": 0.03833295777440071,
          "Height": 0.00682262284681201,
          "Left": 0.4749194383621216,
          "Top": 0.4957631230354309
        },
        "Polygon": [
          {
            "X": 0.47492554783821106,
            "Y": 0.4957631230354309
          },
          {
            "X": 0.5132523775100708,
            "Y": 0.49586138129234314
          },
          {
            "X": 0.5132460594177246,
            "Y": 0.502585768699646
          },
          {
            "X": 0.4749194383621216,
            "Y": 0.5024899244308472
          }
        ]
      },
      "Id": "6b993fef-6fd2-4012-a093-2f8697f67554",
      "Page": 1
    },
    {
      "BlockType": "WORD",
      "Confidence": 99.74295043945312,
      "Text": "Manager",
      "TextType": "PRINTED",
      "Geometry": {
        "BoundingBox": {
          "Width": 0.06645720452070236,
          "Height": 0.008379283361136913,
          "Left": 0.5204910635948181,
          "Top": 0.4972394108772278
        },
        "Polygon": [
          {
            "X": 0.5204988121986389,
            "Y": 0.4972394108772278
          },
          {
            "X": 0.5869482755661011,
            "Y": 0.497408926486969
          },
          {
            "X": 0.5869399905204773,
            "Y": 0.505618691444397
          },
          {
            "X": 0.5204910635948181,
            "Y": 0.505454421043396
          }
        ]
      },
      "Id": "2ed9bccf-7f87-4de3-8655-c5d862640f8d",
      "Page": 1
    },
    {
      "BlockType": "WORD",
      "Confidence": 99.78096771240234,
      "Text": "Data",
      "TextType": "PRINTED",
      "Geometry": {
        "BoundingBox": {
          "Width": 0.0352305993437767,
          "Height": 0.006731241475790739,
          "Left": 0.595065176486969,
          "Top": 0.4991222321987152
        },
        "Polygon": [
          {
            "X": 0.5950719118118286,
            "Y": 0.4991222321987152
          },
          {
            "X": 0.6302958130836487,
            "Y": 0.49921151995658875
          },
          {
            "X": 0.6302888989448547,
            "Y": 0.5058534741401672
          },
          {
            "X": 0.595065176486969,
            "Y": 0.5057663917541504
          }
        ]
      },
      "Id": "90503aec-d78b-4c1e-9638-ceeb160e51d9",
      "Page": 1
    },
    {
      "BlockType": "WORD",
      "Confidence": 99.95275115966797,
      "Text": "&",
      "TextType": "PRINTED",
      "Geometry": {
        "BoundingBox": {
          "Width": 0.010563974268734455,
          "Height": 0.00609196163713932,
          "Left": 0.6368006467819214,
          "Top": 0.500044047832489
        },
        "Polygon": [
          {
            "X": 0.6368070244789124,
            "Y": 0.500044047832489
          },
          {
            "X": 0.647364616394043,
            "Y": 0.5000706911087036
          },
          {
            "X": 0.647358238697052,
            "Y": 0.5061360001564026
          },
          {
            "X": 0.6368006467819214,
            "Y": 0.506109893321991
          }
        ]
      },
      "Id": "99d03919-dbde-473f-9d08-c76824b40f38",
      "Page": 1
    },
    {
      "BlockType": "WORD",
      "Confidence": 92.52880859375,
      "Text": "AI",
      "TextType": "PRINTED",
      "Geometry": {
        "BoundingBox": {
          "Width": 0.015677837654948235,
          "Height": 0.006578946486115456,
          "Left": 0.6538470387458801,
          "Top": 0.5000485777854919
        },
        "Polygon": [
          {
            "X": 0.6538539528846741,
            "Y": 0.5000485777854919
          },
          {
            "X": 0.6695248484611511,
            "Y": 0.5000881552696228
          },
          {
            "X": 0.6695178747177124,
            "Y": 0.5066275000572205
          },
          {
            "X": 0.6538470387458801,
            "Y": 0.506588876247406
          }
        ]
      },
      "Id": "da6c94e0-7e41-4c29-a05f-315c175369f0",
      "Page": 1
    },
    {
      "BlockType": "WORD",
      "Confidence": 99.45718383789062,
      "Text": "DIRETORA",
      "TextType": "PRINTED",
      "Geometry": {
        "BoundingBox": {
          "Width": 0.06722093373537064,
          "Height": 0.007388429716229439,
          "Left": 0.7627674341201782,
          "Top": 0.502872109413147
        },
        "Polygon": [
          {
            "X": 0.762775719165802,
            "Y": 0.502872109413147
          },
          {
            "X": 0.8299883604049683,
            "Y": 0.5030403733253479
          },
          {
            "X": 0.829979658126831,
            "Y": 0.5102605223655701
          },
          {
            "X": 0.7627674341201782,
            "Y": 0.5100969076156616
          }
        ]
      },
      "Id": "42b7e280-288c-4168-bf0f-e267404c8427",
      "Page": 1
    },
    {
      "BlockType": "WORD",
      "Confidence": 98.592041015625,
      "Text": "DE",
      "TextType": "PRINTED",
      "Geometry": {
        "BoundingBox": {
          "Width": 0.017236564308404922,
          "Height": 0.005597733426839113,
          "Left": 0.8350843191146851,
          "Top": 0.5049237012863159
        },
        "Polygon": [
          {
            "X": 0.8350910544395447,
            "Y": 0.5049237012863159
          },
          {
            "X": 0.8523209095001221,
            "Y": 0.5049664974212646
          },
          {
            "X": 0.8523140549659729,
            "Y": 0.510521411895752
          },
          {
            "X": 0.8350843191146851,
            "Y": 0.5104795098304749
          }
        ]
      },
      "Id": "781f7e49-933c-4f3c-bbfc-af0e15d5b47e",
      "Page": 1
    },
    {
      "BlockType": "WORD",
      "Confidence": 65.99958801269531,
      "Text": "INOVAÇÃO",
      "TextType": "PRINTED",
      "Geometry": {
        "BoundingBox": {
          "Width": 0.06740359961986542,
          "Height": 0.007748978212475777,
          "Left": 0.8571352958679199,
          "Top": 0.505270779132843
        },
        "Polygon": [
          {
            "X": 0.8571445941925049,
            "Y": 0.505270779132843
          },
          {
            "X": 0.9245388507843018,
            "Y": 0.5054380297660828
          },
          {
            "X": 0.9245291352272034,
            "Y": 0.5130197405815125
          },
          {
            "X": 0.8571352958679199,
            "Y": 0.5128573179244995
          }
        ]
      },
      "Id": "40222028-8ce9-4027-8c45-7f44f24e3c7d",
      "Page": 1
    },
    {
      "BlockType": "WORD",
      "Confidence": 75.07804107666016,
      "Text": "Confidencial",
      "TextType": "PRINTED",
      "Geometry": {
        "BoundingBox": {
          "Width": 0.037326473742723465,
          "Height": 0.004592669662088156,
          "Left": 0.3296145498752594,
          "Top": 0.570012629032135
        },
        "Polygon": [
          {
            "X": 0.3296181261539459,
            "Y": 0.570012629032135
          },
          {
            "X": 0.36694103479385376,
            "Y": 0.5700819492340088
          },
          {
            "X": 0.3669373393058777,
            "Y": 0.5746052861213684
          },
          {
            "X": 0.3296145498752594,
            "Y": 0.5745376348495483
          }
        ]
      },
      "Id": "eef6074c-e60c-4855-a6ef-03ea699861f2",
      "Page": 1
    },
    {
      "BlockType": "WORD",
      "Confidence": 90.22697448730469,
      "Text": "and",
      "TextType": "PRINTED",
      "Geometry": {
        "BoundingBox": {
          "Width": 0.011147275567054749,
          "Height": 0.0038062555249780416,
          "Left": 0.36893609166145325,
          "Top": 0.570764422416687
        },
        "Polygon": [
          {
            "X": 0.36893922090530396,
            "Y": 0.570764422416687
          },
          {
            "X": 0.3800833821296692,
            "Y": 0.5707850456237793
          },
          {
            "X": 0.3800802230834961,
            "Y": 0.5745706558227539
          },
          {
            "X": 0.36893609166145325,
            "Y": 0.574550449848175
          }
        ]
      },
      "Id": "784334d9-b82a-4ad7-a436-e3c0f3012c06",
      "Page": 1
    },
    {
      "BlockType": "WORD",
      "Confidence": 75.5071792602539,
      "Text": "Trademark",
      "TextType": "PRINTED",
      "Geometry": {
        "BoundingBox": {
          "Width": 0.032374344766139984,
          "Height": 0.004547090735286474,
          "Left": 0.3818199634552002,
          "Top": 0.5705628395080566
        },
        "Polygon": [
          {
            "X": 0.38182368874549866,
            "Y": 0.5705628395080566
          },
          {
            "X": 0.4141943156719208,
            "Y": 0.5706228017807007
          },
          {
            "X": 0.4141904413700104,
            "Y": 0.5751099586486816
          },
          {
            "X": 0.3818199634552002,
            "Y": 0.5750513672828674
          }
        ]
      },
      "Id": "671a7478-7845-4e72-b5e5-ea7bbeb651a9",
      "Page": 1
    }
  ],
  "DetectDocumentTextModelVersion": "1.0"
}