{
  "DocumentMetadata": {
    "Pages": 1
  },
  "JobStatus": "SUCCEEDED",
  "Blocks": [
    {
      "BlockType": "PAGE",
      "Geometry": {
        "BoundingBox": {
          "Width": 1,
          "Height": 1,
          "Left": 0,
          "Top": 0
        },
        "Polygon": [
          {
            "X": 5.6971604323052816e-8,
            "Y": 0
          },
          {
            "X": 0.9915031790733337,
            "Y": 0
          },
          {
            "X": 1,
            "Y": 0.9994146227836609
          },
          {
            "X": 0,
            "Y": 1
          }
        ]
      },
      "Id": "7d581954-2847-4df7-b516-8ce38a5f9820",
      "Relationships": [
        {
          "Type": "CHILD",
          "Ids": [
            "ac5ae8e5-78c0-4482-b2ff-ee3bc81422ab",
            "a2b5de18-5029-4975-8886-63e4e3a75c26",
            "81f0ce8e-9c57-4e64-9be5-c15df561e865",
            "bea75421-6419-44b0-bc6b-6421213a2af5",
            "0e1ec0c9-6cab-4a35-872f-a3ac2aa2c37d",
            "9be66aeb-8fab-406e-8922-7b655ad72260",
            "731fc5b9-c989-4c1a-9a4f-fcb1ff22e2c5",
            "5b26b55e-2073-49df-bc39-1e8af8c27871",
            "90c14675-5e28-4d20-a365-2465eaaed08d",
            "759f477b-6a19-49ff-bc3d-4c9dda3f33e9",
            "b1fee8df-c145-4923-88a5-b1fd268785fc",
            "7e117032-b747-4b92-8d62-f2b53f0a24af",
            "132adfcd-dc4b-45a8-9eeb-69f11d1b3253",
            "a9d2197d-91ed-441f-9828-47ca2c2c1281",
            "0bbd345a-7c77-407a-bc2c-48493b5ee21c",
            "a7e88fd3-b3f3-47cb-8dc3-dbedb977c144",
            "9e7fd49d-0da2-4e6d-88dc-4095a9ccce24"
          ]
        }
      ],
      "Page": 1
    },
    {
      "BlockType": "LINE",
      "Confidence": 99.31718444824219,
      "Text": "Amazon SageMaker Canvas",
      "Geometry": {
        "BoundingBox": {
          "Width": 0.24046213924884796,
          "Height": 0.03492990508675575,
          "Left": 0.12614108622074127,
          "Top": 0.2698397636413574
        },
        "Polygon": [
          {
            "X": 0.12648554146289825,
            "Y": 0.287283331155777
          },
          {
            "X": 0.36640340089797974,
            "Y": 0.2698397636413574
          },
          {
            "X": 0.36660322546958923,
            "Y": 0.2876302897930145
          },
          {
            "X": 0.12614108622074127,
            "Y": 0.3047696650028229
          }
        ]
      },
      "Id": "ac5ae8e5-78c0-4482-b2ff-ee3bc81422ab",
      "Relationships": [
        {
          "Type": "CHILD",
          "Ids": [
            "fcb89c52-c108-49a8-90f1-a6c983d6498b",
            "92286196-e59c-4440-861d-2b5f5aafd30c",
            "b4542beb-64dd-41a6-8506-106f334f2110"
          ]
        }
      ],
      "Page": 1
    },
    {
      "BlockType": "LINE",
      "Confidence": 96.17774963378906,
      "Text": "aws",
      "Geometry": {
        "BoundingBox": {
          "Width": 0.04247535392642021,
          "Height": 0.013867405243217945,
          "Left": 0.5980843901634216,
          "Top": 0.24571552872657776
        },
        "Polygon": [
          {
            "X": 0.5980843901634216,
            "Y": 0.24878092110157013
          },
          {
            "X": 0.6400538086891174,
            "Y": 0.24571552872657776
          },
          {
            "X": 0.6405597925186157,
            "Y": 0.25654903054237366
          },
          {
            "X": 0.5985300540924072,
            "Y": 0.2595829367637634
          }
        ]
      },
      "Id": "a2b5de18-5029-4975-8886-63e4e3a75c26",
      "Relationships": [
        {
          "Type": "CHILD",
          "Ids": [
            "e1c551a3-a285-479a-b90f-b2b556ea70b2"
          ]
        }
      ],
      "Page": 1
    },
    {
      "BlockType": "LINE",
      "Confidence": 98.44307708740234,
      "Text": "Cloud",
      "Geometry": {
        "BoundingBox": {
          "Width": 0.02319444715976715,
          "Height": 0.00702450517565012,
          "Left": 0.6653825044631958,
          "Top": 0.24033905565738678
        },
        "Polygon": [
          {
            "X": 0.6653825044631958,
            "Y": 0.24201573431491852
          },
          {
            "X": 0.6882930994033813,
            "Y": 0.24033905565738678
          },
          {
            "X": 0.6885769367218018,
            "Y": 0.2456953227519989
          },
          {
            "X": 0.665649950504303,
            "Y": 0.24736355245113373
          }
        ]
      },
      "Id": "81f0ce8e-9c57-4e64-9be5-c15df561e865",
      "Relationships": [
        {
          "Type": "CHILD",
          "Ids": [
            "5329caca-5cb0-43bd-b2b1-fef320c0232c"
          ]
        }
      ],
      "Page": 1
    },
    {
      "BlockType": "LINE",
      "Confidence": 99.76781463623047,
      "Text": "Experience",
      "Geometry": {
        "BoundingBox": {
          "Width": 0.04331118240952492,
          "Height": 0.009567252360284328,
          "Left": 0.6658889055252075,
          "Top": 0.2458144575357437
        },
        "Polygon": [
          {
            "X": 0.6658889055252075,
            "Y": 0.24893438816070557
          },
          {
            "X": 0.7088404893875122,
            "Y": 0.2458144575357437
          },
          {
            "X": 0.7092000842094421,
            "Y": 0.2522808909416199
          },
          {
            "X": 0.6662114858627319,
            "Y": 0.25538170337677
          }
        ]
      },
      "Id": "bea75421-6419-44b0-bc6b-6421213a2af5",
      "Relationships": [
        {
          "Type": "CHILD",
          "Ids": [
            "e7acdaf4-fdbc-41cf-a893-6b20ced3df97"
          ]
        }
      ],
      "Page": 1
    },
    {
      "BlockType": "LINE",
      "Confidence": 99.8860092163086,
      "Text": "2025",
      "Geometry": {
        "BoundingBox": {
          "Width": 0.020448360592126846,
          "Height": 0.0068273949436843395,
          "Left": 0.6661272644996643,
          "Top": 0.25530529022216797
        },
        "Polygon": [
          {
            "X": 0.6661272644996643,
            "Y": 0.2567576467990875
          },
          {
            "X": 0.6862923502922058,
            "Y": 0.25530529022216797
          },
          {
            "X": 0.6865756511688232,
            "Y": 0.26068779826164246
          },
          {
            "X": 0.6663960814476013,
            "Y": 0.2621326744556427
          }
        ]
      },
      "Id": "0e1ec0c9-6cab-4a35-872f-a3ac2aa2c37d",
      "Relationships": [
        {
          "Type": "CHILD",
          "Ids": [
            "3bfb9afc-0ae7-4a71-bb23-549261d8fb03"
          ]
        }
      ],
      "Page": 1
    },
    {
      "BlockType": "LINE",
      "Confidence": 99.14735412597656,
      "Text": "Modelos de ML prontos para uso, incluindo modelos de fundação",
      "Geometry": {
        "BoundingBox": {
          "Width": 0.4815468490123749,
          "Height": 0.05329139903187752,
          "Left": 0.21349677443504333,
          "Top": 0.2841603755950928
        },
        "Polygon": [
          {
            "X": 0.21366384625434875,
            "Y": 0.31764721870422363
          },
          {
            "X": 0.6939489841461182,
            "Y": 0.2841603755950928
          },
          {
            "X": 0.6950436234474182,
            "Y": 0.30465176701545715
          },
          {
            "X": 0.21349677443504333,
            "Y": 0.3374517560005188
          }
        ]
      },
      "Id": "9be66aeb-8fab-406e-8922-7b655ad72260",
      "Relationships": [
        {
          "Type": "CHILD",
          "Ids": [
            "09eb1efb-3549-48c3-93bf-315b3a119010",
            "fd7e293e-c8c7-400c-be39-db9cd8bbde0b",
            "85adda90-ed67-4e33-8fe1-c18b80ebd9e4",
            "b48c2724-91f1-4f7d-bc34-9446fa15922d",
            "37f3da38-f492-4c9f-b4a8-c83858da63aa",
            "433ce83f-feab-4052-a95b-5c999281fad8",
            "a2b7285b-8a25-4023-863f-9e348169f1ba",
            "79cbb125-0f94-40f0-ae84-2f3b277ab74b",
            "4afb1c8c-1d62-49d3-a0d5-06b4e8696657",
            "116d771a-4f8e-4499-8b75-ed85ca7cc1a2"
          ]
        }
      ],
      "Page": 1
    },
    {
      "BlockType": "LINE",
      "Confidence": 99.4177474975586,
      "Text": "Acesse, avalie e personalize FMs do Amazon Bedrock e do Amazon SageMaker",
      "Geometry": {
        "BoundingBox": {
          "Width": 0.4830198884010315,
          "Height": 0.05247705429792404,
          "Left": 0.21193186938762665,
          "Top": 0.2979491353034973
        },
        "Polygon": [
          {
            "X": 0.21209916472434998,
            "Y": 0.3310207724571228
          },
          {
            "X": 0.693881094455719,
            "Y": 0.2979491353034973
          },
          {
            "X": 0.6949517726898193,
            "Y": 0.3180311918258667
          },
          {
            "X": 0.21193186938762665,
            "Y": 0.35042619705200195
          }
        ]
      },
      "Id": "731fc5b9-c989-4c1a-9a4f-fcb1ff22e2c5",
      "Relationships": [
        {
          "Type": "CHILD",
          "Ids": [
            "f6b97e60-d1f0-4f07-aef5-57a0ab72d7da",
            "9f342a08-064d-4b9b-955d-d9afea8fc82a",
            "c90e1bb7-a58a-4192-9098-f24585706124",
            "10d5d427-3a06-4f75-9fc4-e800f4442e0a",
            "006d2207-d708-4ceb-b9ef-2161d8ffd4b0",
            "e7e27696-6e2c-4b6d-9ef9-8cb4cb1a78da",
            "39d8369d-fbca-4a0c-a327-265681b9aa8f",
            "7b05e491-9084-44f4-9f54-9bd7c88f5084",
            "0631b499-3a25-4109-b582-4f39ccc07460",
            "c4e9d352-f124-4235-b7f3-25e9b27863d3",
            "1a25d903-db4b-4889-a7bb-d19a52b45cce",
            "3e9ee93d-c2f9-415e-91c1-996e039dedf0"
          ]
        }
      ],
      "Page": 1
    },
    {
      "BlockType": "LINE",
      "Confidence": 99.51258850097656,
      "Text": "JumpStart",
      "Geometry": {
        "BoundingBox": {
          "Width": 0.05896894261240959,
          "Height": 0.013721013441681862,
          "Left": 0.211646169424057,
          "Top": 0.34851595759391785
        },
        "Polygon": [
          {
            "X": 0.2117307335138321,
            "Y": 0.3524555265903473
          },
          {
            "X": 0.2706151008605957,
            "Y": 0.34851595759391785
          },
          {
            "X": 0.27060407400131226,
            "Y": 0.3583393096923828
          },
          {
            "X": 0.211646169424057,
            "Y": 0.36223694682121277
          }
        ]
      },
      "Id": "5b26b55e-2073-49df-bc39-1e8af8c27871",
      "Relationships": [
        {
          "Type": "CHILD",
          "Ids": [
            "bb24d6e2-5d7c-44e2-8c7b-ba34f34cbed9"
          ]
        }
      ],
      "Page": 1
    },
    {
      "BlockType": "LINE",
      "Confidence": 78.88388061523438,
      "Text": "erience",
      "Geometry": {
        "BoundingBox": {
          "Width": 0.056875523179769516,
          "Height": 0.016504831612110138,
          "Left": 0,
          "Top": 0.37208065390586853
        },
        "Polygon": [
          {
            "X": 0,
            "Y": 0.3758961856365204
          },
          {
            "X": 0.056875523179769516,
            "Y": 0.37208065390586853
          },
          {
            "X": 0.05651417374610901,
            "Y": 0.3848244547843933
          },
          {
            "X": 0,
            "Y": 0.38858550786972046
          }
        ]
      },
      "Id": "90c14675-5e28-4d20-a365-2465eaaed08d",
      "Relationships": [
        {
          "Type": "CHILD",
          "Ids": [
            "a41c7140-84ec-4e61-b124-45456a6193c2"
          ]
        }
      ],
      "Page": 1
    },
    {
      "BlockType": "LINE",
      "Confidence": 66.00669860839844,
      "Text": "av",
      "Geometry": {
        "BoundingBox": {
          "Width": 0.12210015207529068,
          "Height": 0.05568334832787514,
          "Left": 0.8778998255729675,
          "Top": 0.2992975115776062
        },
        "Polygon": [
          {
            "X": 0.8778998255729675,
            "Y": 0.30729591846466064
          },
          {
            "X": 0.9973693490028381,
            "Y": 0.2992975115776062
          },
          {
            "X": 1,
            "Y": 0.34737512469291687
          },
          {
            "X": 0.88156658411026,
            "Y": 0.35498085618019104
          }
        ]
      },
      "Id": "759f477b-6a19-49ff-bc3d-4c9dda3f33e9",
      "Relationships": [
        {
          "Type": "CHILD",
          "Ids": [
            "04c7c393-d71d-4ed0-b2f2-da879c1a57c2"
          ]
        }
      ],
      "Page": 1
    },
    {
      "BlockType": "LINE",
      "Confidence": 99.23409271240234,
      "Text": "Construção de modelos de ponta a ponta",
      "Geometry": {
        "BoundingBox": {
          "Width": 0.29286983609199524,
          "Height": 0.03150435537099838,
          "Left": 0.2104102373123169,
          "Top": 0.3728889524936676
        },
        "Polygon": [
          {
            "X": 0.21052291989326477,
            "Y": 0.3915235698223114
          },
          {
            "X": 0.5029057860374451,
            "Y": 0.3728889524936676
          },
          {
            "X": 0.5032800436019897,
            "Y": 0.3860339820384979
          },
          {
            "X": 0.2104102373123169,
            "Y": 0.4043933153152466
          }
        ]
      },
      "Id": "b1fee8df-c145-4923-88a5-b1fd268785fc",
      "Relationships": [
        {
          "Type": "CHILD",
          "Ids": [
            "770f12ff-d78c-4308-915f-a12cbd23fb53",
            "be486bf5-0fa8-4476-88ee-44cbb18f4b72",
            "e720122b-ae71-40b6-ae6e-7661b5f3bbb7",
            "60be86cc-2a95-4343-a17b-a413bad043c9",
            "e92453a5-0894-44ed-b238-24facc2a90e1",
            "962d283b-0eff-4af4-bb14-9c7704a1a388",
            "7478b6df-2c93-418b-88ba-67f6a5378642"
          ]
        }
      ],
      "Page": 1
    },
    {
      "BlockType": "LINE",
      "Confidence": 98.88906860351562,
      "Text": "Prepare dados, treine e implante modelos na produção sem escrever",
      "Geometry": {
        "BoundingBox": {
          "Width": 0.4216495752334595,
          "Height": 0.03841174393892288,
          "Left": 0.2101358026266098,
          "Top": 0.3777850270271301
        },
        "Polygon": [
          {
            "X": 0.21024124324321747,
            "Y": 0.40418341755867004
          },
          {
            "X": 0.6312305927276611,
            "Y": 0.3777850270271301
          },
          {
            "X": 0.6317853927612305,
            "Y": 0.3901686370372772
          },
          {
            "X": 0.2101358026266098,
            "Y": 0.4161967635154724
          }
        ]
      },
      "Id": "7e117032-b747-4b92-8d62-f2b53f0a24af",
      "Relationships": [
        {
          "Type": "CHILD",
          "Ids": [
            "f689a283-c536-4474-a94c-00b58aa1c920",
            "563cbae4-cb25-40ed-aaaf-365d83448b5d",
            "9b70324e-8e3f-4fee-89d0-3cb36b2ec40d",
            "1de8c69c-0244-425a-b7c9-4113772378f5",
            "8ac84f44-df7d-49a5-ac18-d90b8a33f6a6",
            "0b3aedbe-cf69-4b30-a3cd-9e89b3d78e68",
            "8a23ea4f-9130-4d7f-9710-0388446da88c",
            "caadb9e9-6888-4f24-99eb-01d09a288f01",
            "a25a9dc6-4f86-4dad-9c5a-00d1bed4c554",
            "438586c9-2257-4ccf-b3e5-b338a62dc6cb"
          ]
        }
      ],
      "Page": 1
    },
    {
      "BlockType": "LINE",
      "Confidence": 95.18399810791016,
      "Text": "código",
      "Geometry": {
        "BoundingBox": {
          "Width": 0.0407993420958519,
          "Height": 0.012785724364221096,
          "Left": 0.208457350730896,
          "Top": 0.4153398871421814
        },
        "Polygon": [
          {
            "X": 0.2085496187210083,
            "Y": 0.41784757375717163
          },
          {
            "X": 0.2492567002773285,
            "Y": 0.4153398871421814
          },
          {
            "X": 0.24921731650829315,
            "Y": 0.4256487190723419
          },
          {
            "X": 0.208457350730896,
            "Y": 0.42812561988830566
          }
        ]
      },
      "Id": "132adfcd-dc4b-45a8-9eeb-69f11d1b3253",
      "Relationships": [
        {
          "Type": "CHILD",
          "Ids": [
            "518a4809-2a59-48c9-affb-1ce7db5a6eeb"
          ]
        }
      ],
      "Page": 1
    },
    {
      "BlockType": "LINE",
      "Confidence": 30.959335327148438,
      "Text": "Ro",
      "Geometry": {
        "BoundingBox": {
          "Width": 0.01036820001900196,
          "Height": 0.008016452193260193,
          "Left": 0.15954120457172394,
          "Top": 0.4631662368774414
        },
        "Polygon": [
          {
            "X": 0.15965312719345093,
            "Y": 0.4637621343135834
          },
          {
            "X": 0.16990940272808075,
            "Y": 0.4631662368774414
          },
          {
            "X": 0.16980698704719543,
            "Y": 0.4705924689769745
          },
          {
            "X": 0.15954120457172394,
            "Y": 0.4711826741695404
          }
        ]
      },
      "Id": "a9d2197d-91ed-441f-9828-47ca2c2c1281",
      "Relationships": [
        {
          "Type": "CHILD",
          "Ids": [
            "d7633860-1a7f-449f-8256-dc099d6d2908"
          ]
        }
      ],
      "Page": 1
    },
    {
      "BlockType": "LINE",
      "Confidence": 99.0042724609375,
      "Text": "Impulsione a colaboração com especialistas de ML",
      "Geometry": {
        "BoundingBox": {
          "Width": 0.36962223052978516,
          "Height": 0.03351307660341263,
          "Left": 0.20818699896335602,
          "Top": 0.4412989616394043
        },
        "Polygon": [
          {
            "X": 0.20829559862613678,
            "Y": 0.4626879096031189
          },
          {
            "X": 0.5773405432701111,
            "Y": 0.4412989616394043
          },
          {
            "X": 0.57780921459198,
            "Y": 0.45375391840934753
          },
          {
            "X": 0.20818699896335602,
            "Y": 0.47481203079223633
          }
        ]
      },
      "Id": "0bbd345a-7c77-407a-bc2c-48493b5ee21c",
      "Relationships": [
        {
          "Type": "CHILD",
          "Ids": [
            "129c77c5-03a0-481a-b2c0-4a793650c482",
            "a4426e9d-f501-431b-bca8-e02758f97f02",
            "468dbb3c-6770-43dd-9009-7d07483b2cc2",
            "b56888a7-48cc-4f40-891e-e987060ab2f4",
            "d24e201d-ab91-4a2c-a039-9f741f082354",
            "d4ca8c3e-cae4-4e27-8d02-8ad664a5b74a",
            "85c0d040-f038-4763-9cec-ca66e530e5e3"
          ]
        }
      ],
      "Page": 1
    },
    {
      "BlockType": "LINE",
      "Confidence": 95.57322692871094,
      "Text": "Compartilhe modelos com o Amazon SageMaker Studio e o Amazon",
      "Geometry": {
        "BoundingBox": {
          "Width": 0.4241081774234772,
          "Height": 0.03507222235202789,
          "Left": 0.20759257674217224,
          "Top": 0.45227673649787903
        },
        "Polygon": [
          {
            "X": 0.2076917439699173,
            "Y": 0.47635263204574585
          },
          {
            "X": 0.6311975121498108,
            "Y": 0.45227673649787903
          },
          {
            "X": 0.6317007541656494,
            "Y": 0.4636179208755493
          },
          {
            "X": 0.20759257674217224,
            "Y": 0.4873489439487457
          }
        ]
      },
      "Id": "a7e88fd3-b3f3-47cb-8dc3-dbedb977c144",
      "Relationships": [
        {
          "Type": "CHILD",
          "Ids": [
            "fc8886d7-399a-4885-94f3-e1ebac09a18c",
            "bf88fbb0-f5c6-4111-99c2-cfa321067191",
            "58aa35b0-c0f3-4902-9a41-4140bbff474d",
            "9cce9ff6-04f0-46ec-a7f5-2cf9d05ea31f",
            "95b9f699-cc54-4418-b95c-5be9f79a5f81",
            "b42b1aa6-cb45-4890-b6da-b81942db826f",
            "c1b0b0a8-d324-451e-bf4c-4f717ca4fc2c",
            "fe257378-a01f-4b75-aaab-f0cbdb36b1ed",
            "e2e05ccb-f742-4aad-a992-1c14dc93e3ad",
            "f0a8dcf4-8127-4cbc-a6da-4402aff6c25e"
          ]
        }
      ],
      "Page": 1
    },
    {
      "BlockType": "LINE",
      "Confidence": 99.74989318847656,
      "Text": "QuickSight",
      "Geometry": {
        "BoundingBox": {
          "Width": 0.064101442694664,
          "Height": 0.013840576633810997,
          "Left": 0.2073642611503601,
          "Top": 0.4846895933151245
        },
        "Polygon": [
          {
            "X": 0.20745697617530823,
            "Y": 0.4882664978504181
          },
          {
            "X": 0.2714656889438629,
            "Y": 0.4846895933151245
          },
          {
            "X": 0.27145540714263916,
            "Y": 0.4950021803379059
          },
          {
            "X": 0.2073642611503601,
            "Y": 0.49853017926216125
          }
        ]
      },
      "Id": "9e7fd49d-0da2-4e6d-88dc-4095a9ccce24",
      "Relationships": [
        {
          "Type": "CHILD",
          "Ids": [
            "c5886fa4-d6a8-4242-ac8f-28339ef950f2"
          ]
        }
      ],
      "Page": 1
    },
    {
      "BlockType": "WORD",
      "Confidence": 99.77363586425781,
      "Text": "Amazon",
      "TextType": "PRINTED",
      "Geometry": {
        "BoundingBox": {
          "Width": 0.06749818474054337,
          "Height": 0.015856362879276276,
          "Left": 0.12614108622074127,
          "Top": 0.2889133095741272
        },
        "Polygon": [
          {
            "X": 0.1263577789068222,
            "Y": 0.2937694191932678
          },
          {
            "X": 0.19363927841186523,
            "Y": 0.2889133095741272
          },
          {
            "X": 0.19351717829704285,
            "Y": 0.29996731877326965
          },
          {
            "X": 0.12614108622074127,
            "Y": 0.3047696650028229
          }
        ]
      },
      "Id": "fcb89c52-c108-49a8-90f1-a6c983d6498b",
      "Page": 1
    },
    {
      "BlockType": "WORD",
      "Confidence": 98.6646499633789,
      "Text": "SageMaker",
      "TextType": "PRINTED",
      "Geometry": {
        "BoundingBox": {
          "Width": 0.0984480232000351,
          "Height": 0.023219158872961998,
          "Left": 0.19916488230228424,
          "Top": 0.27589136362075806
        },
        "Polygon": [
          {
            "X": 0.1993308812379837,
            "Y": 0.2830260097980499
          },
          {
            "X": 0.2975749373435974,
            "Y": 0.27589136362075806
          },
          {
            "X": 0.29761290550231934,
            "Y": 0.2920898199081421
          },
          {
            "X": 0.19916488230228424,
            "Y": 0.2991105020046234
          }
        ]
      },
      "Id": "92286196-e59c-4440-861d-2b5f5aafd30c",
      "Page": 1
    },
    {
      "BlockType": "WORD",
      "Confidence": 99.5132827758789,
      "Text": "Canvas",
      "TextType": "PRINTED",
      "Geometry": {
        "BoundingBox": {
          "Width": 0.064084991812706,
          "Height": 0.016812194138765335,
          "Left": 0.3024556636810303,
          "Top": 0.2698397636413574
        },
        "Polygon": [
          {
            "X": 0.3024556636810303,
            "Y": 0.2744891941547394
          },
          {
            "X": 0.36640340089797974,
            "Y": 0.2698397636413574
          },
          {
            "X": 0.3665406405925751,
            "Y": 0.28205808997154236
          },
          {
            "X": 0.30249181389808655,
            "Y": 0.28665196895599365
          }
        ]
      },
      "Id": "b4542beb-64dd-41a6-8506-106f334f2110",
      "Page": 1
    },
    {
      "BlockType": "WORD",
      "Confidence": 96.17774963378906,
      "Text": "aws",
      "TextType": "PRINTED",
      "Geometry": {
        "BoundingBox": {
          "Width": 0.04247535392642021,
          "Height": 0.013867405243217945,
          "Left": 0.5980843901634216,
          "Top": 0.24571552872657776
        },
        "Polygon": [
          {
            "X": 0.5980843901634216,
            "Y": 0.24878092110157013
          },
          {
            "X": 0.6400538086891174,
            "Y": 0.24571552872657776
          },
          {
            "X": 0.6405597925186157,
            "Y": 0.25654903054237366
          },
          {
            "X": 0.5985300540924072,
            "Y": 0.2595829367637634
          }
        ]
      },
      "Id": "e1c551a3-a285-479a-b90f-b2b556ea70b2",
      "Page": 1
    },
    {
      "BlockType": "WORD",
      "Confidence": 98.44307708740234,
      "Text": "Cloud",
      "TextType": "PRINTED",
      "Geometry": {
        "BoundingBox": {
          "Width": 0.02319444715976715,
          "Height": 0.00702450517565012,
          "Left": 0.6653825044631958,
          "Top": 0.24033905565738678
        },
        "Polygon": [
          {
            "X": 0.6653825044631958,
            "Y": 0.24201573431491852
          },
          {
            "X": 0.6882930994033813,
            "Y": 0.24033905565738678
          },
          {
            "X": 0.6885769367218018,
            "Y": 0.2456953227519989
          },
          {
            "X": 0.665649950504303,
            "Y": 0.24736355245113373
          }
        ]
      },
      "Id": "5329caca-5cb0-43bd-b2b1-fef320c0232c",
      "Page": 1
    },
    {
      "BlockType": "WORD",
      "Confidence": 99.76781463623047,
      "Text": "Experience",
      "TextType": "PRINTED",
      "Geometry": {
        "BoundingBox": {
          "Width": 0.04331118240952492,
          "Height": 0.009567252360284328,
          "Left": 0.6658889055252075,
          "Top": 0.2458144575357437
        },
        "Polygon": [
          {
            "X": 0.6658889055252075,
            "Y": 0.24893438816070557
          },
          {
            "X": 0.7088404893875122,
            "Y": 0.2458144575357437
          },
          {
            "X": 0.7092000842094421,
            "Y": 0.2522808909416199
          },
          {
            "X": 0.6662114858627319,
            "Y": 0.25538170337677
          }
        ]
      },
      "Id": "e7acdaf4-fdbc-41cf-a893-6b20ced3df97",
      "Page": 1
    },
    {
      "BlockType": "WORD",
      "Confidence": 99.8860092163086,
      "Text": "2025",
      "TextType": "PRINTED",
      "Geometry": {
        "BoundingBox": {
          "Width": 0.020448360592126846,
          "Height": 0.0068273949436843395,
          "Left": 0.6661272644996643,
          "Top": 0.25530529022216797
        },
        "Polygon": [
          {
            "X": 0.6661272644996643,
            "Y": 0.2567576467990875
          },
          {
            "X": 0.6862923502922058,
            "Y": 0.25530529022216797
          },
          {
            "X": 0.6865756511688232,
            "Y": 0.26068779826164246
          },
          {
            "X": 0.6663960814476013,
            "Y": 0.2621326744556427
          }
        ]
      },
      "Id": "3bfb9afc-0ae7-4a71-bb23-549261d8fb03",
      "Page": 1
    },
    {
      "BlockType": "WORD",
      "Confidence": 99.36685943603516,
      "Text": "Modelos",
      "TextType": "PRINTED",
      "Geometry": {
        "BoundingBox": {
          "Width": 0.05551214888691902,
          "Height": 0.013433479703962803,
          "Left": 0.2134980857372284,
          "Top": 0.32386359572410583
        },
        "Polygon": [
          {
            "X": 0.2135791778564453,
            "Y": 0.3276832103729248
          },
          {
            "X": 0.2690102458000183,
            "Y": 0.32386359572410583
          },
          {
            "X": 0.2689973711967468,
            "Y": 0.33351612091064453
          },
          {
            "X": 0.2134980857372284,
            "Y": 0.33729708194732666
          }
        ]
      },
      "Id": "09eb1efb-3549-48c3-93bf-315b3a119010",
      "Page": 1
    },
    {
      "BlockType": "WORD",
      "Confidence": 99.84904479980469,
      "Text": "de",
      "TextType": "PRINTED",
      "Geometry": {
        "BoundingBox": {
          "Width": 0.016505485400557518,
          "Height": 0.010391902178525925,
          "Left": 0.27309998869895935,
          "Top": 0.3219960927963257
        },
        "Polygon": [
          {
            "X": 0.27310746908187866,
            "Y": 0.3231326937675476
          },
          {
            "X": 0.2895933985710144,
            "Y": 0.3219960927963257
          },
          {
            "X": 0.2896054983139038,
            "Y": 0.33126237988471985
          },
          {
            "X": 0.27309998869895935,
            "Y": 0.3323879837989807
          }
        ]
      },
      "Id": "fd7e293e-c8c7-400c-be39-db9cd8bbde0b",
      "Page": 1
    },
    {
      "BlockType": "WORD",
      "Confidence": 99.89668273925781,
      "Text": "ML",
      "TextType": "PRINTED",
      "Geometry": {
        "BoundingBox": {
          "Width": 0.019913449883461,
          "Height": 0.010503370314836502,
          "Left": 0.29440024495124817,
          "Top": 0.3200516700744629
        },
        "Polygon": [
          {
            "X": 0.29440024495124817,
            "Y": 0.32142215967178345
          },
          {
            "X": 0.31427279114723206,
            "Y": 0.3200516700744629
          },
          {
            "X": 0.314313679933548,
            "Y": 0.32919761538505554
          },
          {
            "X": 0.2944177985191345,
            "Y": 0.3305550515651703
          }
        ]
      },
      "Id": "85adda90-ed67-4e33-8fe1-c18b80ebd9e4",
      "Page": 1
    },
    {
      "BlockType": "WORD",
      "Confidence": 99.49933624267578,
      "Text": "prontos",
      "TextType": "PRINTED",
      "Geometry": {
        "BoundingBox": {
          "Width": 0.05458669736981392,
          "Height": 0.014946777373552322,
          "Left": 0.31840193271636963,
          "Top": 0.31535568833351135
        },
        "Polygon": [
          {
            "X": 0.31840193271636963,
            "Y": 0.31911373138427734
          },
          {
            "X": 0.3728539049625397,
            "Y": 0.31535568833351135
          },
          {
            "X": 0.37298864126205444,
            "Y": 0.32658815383911133
          },
          {
            "X": 0.3184579014778137,
            "Y": 0.33030247688293457
          }
        ]
      },
      "Id": "b48c2724-91f1-4f7d-bc34-9446fa15922d",
      "Page": 1
    },
    {
      "BlockType": "WORD",
      "Confidence": 99.67471313476562,
      "Text": "para",
      "TextType": "PRINTED",
      "Geometry": {
        "BoundingBox": {
          "Width": 0.03157767280936241,
          "Height": 0.011698111891746521,
          "Left": 0.37747064232826233,
          "Top": 0.31318598985671997
        },
        "Polygon": [
          {
            "X": 0.37747064232826233,
            "Y": 0.3153536021709442
          },
          {
            "X": 0.4088895320892334,
            "Y": 0.31318598985671997
          },
          {
            "X": 0.40904831886291504,
            "Y": 0.3227378726005554
          },
          {
            "X": 0.3775905966758728,
            "Y": 0.3248840868473053
          }
        ]
      },
      "Id": "37f3da38-f492-4c9f-b4a8-c83858da63aa",
      "Page": 1
    },
    {
      "BlockType": "WORD",
      "Confidence": 97.0219497680664,
      "Text": "uso,",
      "TextType": "PRINTED",
      "Geometry": {
        "BoundingBox": {
          "Width": 0.02849235013127327,
          "Height": 0.01065137516707182,
          "Left": 0.4137692153453827,
          "Top": 0.3100930154323578
        },
        "Polygon": [
          {
            "X": 0.4137692153453827,
            "Y": 0.3120479881763458
          },
          {
            "X": 0.4420795142650604,
            "Y": 0.3100930154323578
          },
          {
            "X": 0.44226154685020447,
            "Y": 0.3188069760799408
          },
          {
            "X": 0.41391924023628235,
            "Y": 0.3207443952560425
          }
        ]
      },
      "Id": "433ce83f-feab-4052-a95b-5c999281fad8",
      "Page": 1
    },
    {
      "BlockType": "WORD",
      "Confidence": 99.19437408447266,
      "Text": "incluindo",
      "TextType": "PRINTED",
      "Geometry": {
        "BoundingBox": {
          "Width": 0.0709252655506134,
          "Height": 0.015775931999087334,
          "Left": 0.44730839133262634,
          "Top": 0.3008519113063812
        },
        "Polygon": [
          {
            "X": 0.44730839133262634,
            "Y": 0.30574890971183777
          },
          {
            "X": 0.5178983807563782,
            "Y": 0.3008519113063812
          },
          {
            "X": 0.5182336568832397,
            "Y": 0.3117852807044983
          },
          {
            "X": 0.44754311442375183,
            "Y": 0.3166278302669525
          }
        ]
      },
      "Id": "a2b7285b-8a25-4023-863f-9e348169f1ba",
      "Page": 1
    },
    {
      "BlockType": "WORD",
      "Confidence": 99.46221160888672,
      "Text": "modelos",
      "TextType": "PRINTED",
      "Geometry": {
        "BoundingBox": {
          "Width": 0.06659481674432755,
          "Height": 0.01503294613212347,
          "Left": 0.5227211713790894,
          "Top": 0.2944025993347168
        },
        "Polygon": [
          {
            "X": 0.5227211713790894,
            "Y": 0.29900145530700684
          },
          {
            "X": 0.5888984799385071,
            "Y": 0.2944025993347168
          },
          {
            "X": 0.5893160104751587,
            "Y": 0.3048853576183319
          },
          {
            "X": 0.523047685623169,
            "Y": 0.30943554639816284
          }
        ]
      },
      "Id": "79cbb125-0f94-40f0-ae84-2f3b277ab74b",
      "Page": 1
    },
    {
      "BlockType": "WORD",
      "Confidence": 99.84398651123047,
      "Text": "de",
      "TextType": "PRINTED",
      "Geometry": {
        "BoundingBox": {
          "Width": 0.020028259605169296,
          "Height": 0.011633830145001411,
          "Left": 0.593784749507904,
          "Top": 0.291216641664505
        },
        "Polygon": [
          {
            "X": 0.593784749507904,
            "Y": 0.2925800085067749
          },
          {
            "X": 0.6133707761764526,
            "Y": 0.291216641664505
          },
          {
            "X": 0.6138129830360413,
            "Y": 0.30150115489959717
          },
          {
            "X": 0.5942003726959229,
            "Y": 0.3028504550457001
          }
        ]
      },
      "Id": "4afb1c8c-1d62-49d3-a0d5-06b4e8696657",
      "Page": 1
    },
    {
      "BlockType": "WORD",
      "Confidence": 97.66439056396484,
      "Text": "fundação",
      "TextType": "PRINTED",
      "Geometry": {
        "BoundingBox": {
          "Width": 0.0768711045384407,
          "Height": 0.018381845206022263,
          "Left": 0.6177798509597778,
          "Top": 0.2841603755950928
        },
        "Polygon": [
          {
            "X": 0.6177798509597778,
            "Y": 0.2894710898399353
          },
          {
            "X": 0.6939489841461182,
            "Y": 0.2841603755950928
          },
          {
            "X": 0.6946509480476379,
            "Y": 0.2973009943962097
          },
          {
            "X": 0.6183494329452515,
            "Y": 0.30254220962524414
          }
        ]
      },
      "Id": "116d771a-4f8e-4499-8b75-ed85ca7cc1a2",
      "Page": 1
    },
    {
      "BlockType": "WORD",
      "Confidence": 97.14987182617188,
      "Text": "Acesse,",
      "TextType": "PRINTED",
      "Geometry": {
        "BoundingBox": {
          "Width": 0.040053825825452805,
          "Height": 0.011337228119373322,
          "Left": 0.21193186938762665,
          "Top": 0.33908897638320923
        },
        "Polygon": [
          {
            "X": 0.21200624108314514,
            "Y": 0.341798335313797
          },
          {
            "X": 0.25198569893836975,
            "Y": 0.33908897638320923
          },
          {
            "X": 0.2519553303718567,
            "Y": 0.3477419316768646
          },
          {
            "X": 0.21193186938762665,
            "Y": 0.35042619705200195
          }
        ]
      },
      "Id": "f6b97e60-d1f0-4f07-aef5-57a0ab72d7da",
      "Page": 1
    },
    {
      "BlockType": "WORD",
      "Confidence": 99.72908782958984,
      "Text": "avalie",
      "TextType": "PRINTED",
      "Geometry": {
        "BoundingBox": {
          "Width": 0.0337979793548584,
          "Height": 0.010763581842184067,
          "Left": 0.25546973943710327,
          "Top": 0.33512112498283386
        },
        "Polygon": [
          {
            "X": 0.25549566745758057,
            "Y": 0.3374130129814148
          },
          {
            "X": 0.2892570197582245,
            "Y": 0.33512112498283386
          },
          {
            "X": 0.28926771879196167,
            "Y": 0.34361350536346436
          },
          {
            "X": 0.25546973943710327,
            "Y": 0.3458847105503082
          }
        ]
      },
      "Id": "9f342a08-064d-4b9b-955d-d9afea8fc82a",
      "Page": 1
    },
    {
      "BlockType": "WORD",
      "Confidence": 99.2001724243164,
      "Text": "e",
      "TextType": "PRINTED",
      "Geometry": {
        "BoundingBox": {
          "Width": 0.006702920887619257,
          "Height": 0.00659741647541523,
          "Left": 0.2925046384334564,
          "Top": 0.33605244755744934
        },
        "Polygon": [
          {
            "X": 0.2925046384334564,
            "Y": 0.3365055322647095
          },
          {
            "X": 0.29919201135635376,
            "Y": 0.33605244755744934
          },
          {
            "X": 0.29920756816864014,
            "Y": 0.3421997129917145
          },
          {
            "X": 0.29251495003700256,
            "Y": 0.3426498472690582
          }
        ]
      },
      "Id": "c90e1bb7-a58a-4192-9098-f24585706124",
      "Page": 1
    },
    {
      "BlockType": "WORD",
      "Confidence": 99.59113311767578,
      "Text": "personalize",
      "TextType": "PRINTED",
      "Geometry": {
        "BoundingBox": {
          "Width": 0.06724485754966736,
          "Height": 0.01521848700940609,
          "Left": 0.3024354577064514,
          "Top": 0.32821202278137207
        },
        "Polygon": [
          {
            "X": 0.3024354577064514,
            "Y": 0.33277642726898193
          },
          {
            "X": 0.3695566654205322,
            "Y": 0.32821202278137207
          },
          {
            "X": 0.36968034505844116,
            "Y": 0.33891767263412476
          },
          {
            "X": 0.30246689915657043,
            "Y": 0.3434305191040039
          }
        ]
      },
      "Id": "10d5d427-3a06-4f75-9fc4-e800f4442e0a",
      "Page": 1
    },
    {
      "BlockType": "WORD",
      "Confidence": 99.56212615966797,
      "Text": "FMs",
      "TextType": "PRINTED",
      "Geometry": {
        "BoundingBox": {
          "Width": 0.02330111525952816,
          "Height": 0.009679332375526428,
          "Left": 0.3734355568885803,
          "Top": 0.3260459005832672
        },
        "Polygon": [
          {
            "X": 0.3734355568885803,
            "Y": 0.32762274146080017
          },
          {
            "X": 0.39661476016044617,
            "Y": 0.3260459005832672
          },
          {
            "X": 0.39673668146133423,
            "Y": 0.3341618478298187
          },
          {
            "X": 0.3735331892967224,
            "Y": 0.33572521805763245
          }
        ]
      },
      "Id": "006d2207-d708-4ceb-b9ef-2161d8ffd4b0",
      "Page": 1
    },
    {
      "BlockType": "WORD",
      "Confidence": 99.87247467041016,
      "Text": "do",
      "TextType": "PRINTED",
      "Geometry": {
        "BoundingBox": {
          "Width": 0.015124406665563583,
          "Height": 0.009092133492231369,
          "Left": 0.4003184735774994,
          "Top": 0.3243699073791504
        },
        "Polygon": [
          {
            "X": 0.4003184735774994,
            "Y": 0.32538971304893494
          },
          {
            "X": 0.4153020977973938,
            "Y": 0.3243699073791504
          },
          {
            "X": 0.41544288396835327,
            "Y": 0.33245089650154114
          },
          {
            "X": 0.40044358372688293,
            "Y": 0.33346205949783325
          }
        ]
      },
      "Id": "e7e27696-6e2c-4b6d-9ef9-8cb4cb1a78da",
      "Page": 1
    },
    {
      "BlockType": "WORD",
      "Confidence": 99.89369201660156,
      "Text": "Amazon",
      "TextType": "PRINTED",
      "Geometry": {
        "BoundingBox": {
          "Width": 0.05027146637439728,
          "Height": 0.01166517660021782,
          "Left": 0.41864892840385437,
          "Top": 0.32019907236099243
        },
        "Polygon": [
          {
            "X": 0.41864892840385437,
            "Y": 0.32360905408859253
          },
          {
            "X": 0.4687192440032959,
            "Y": 0.32019907236099243
          },
          {
            "X": 0.46892040967941284,
            "Y": 0.3284837603569031
          },
          {
            "X": 0.4187963008880615,
            "Y": 0.33186426758766174
          }
        ]
      },
      "Id": "39d8369d-fbca-4a0c-a327-265681b9aa8f",
      "Page": 1
    },
    {
      "BlockType": "WORD",
      "Confidence": 99.73214721679688,
      "Text": "Bedrock",
      "TextType": "PRINTED",
      "Geometry": {
        "BoundingBox": {
          "Width": 0.0513177290558815,
          "Height": 0.011679023504257202,
          "Left": 0.47266027331352234,
          "Top": 0.31506839394569397
        },
        "Polygon": [
          {
            "X": 0.47266027331352234,
            "Y": 0.31855136156082153
          },
          {
            "X": 0.5237200856208801,
            "Y": 0.31506839394569397
          },
          {
            "X": 0.5239779949188232,
            "Y": 0.32329416275024414
          },
          {
            "X": 0.47286349534988403,
            "Y": 0.32674741744995117
          }
        ]
      },
      "Id": "7b05e491-9084-44f4-9f54-9bd7c88f5084",
      "Page": 1
    },
    {
      "BlockType": "WORD",
      "Confidence": 99.48359680175781,
      "Text": "e",
      "TextType": "PRINTED",
      "Geometry": {
        "BoundingBox": {
          "Width": 0.007375255227088928,
          "Height": 0.006867527030408382,
          "Left": 0.5282928347587585,
          "Top": 0.31511402130126953
        },
        "Polygon": [
          {
            "X": 0.5282928347587585,
            "Y": 0.3156023323535919
          },
          {
            "X": 0.5354583263397217,
            "Y": 0.31511402130126953
          },
          {
            "X": 0.5356680750846863,
            "Y": 0.32149648666381836
          },
          {
            "X": 0.5284966230392456,
            "Y": 0.3219815492630005
          }
        ]
      },
      "Id": "0631b499-3a25-4109-b582-4f39ccc07460",
      "Page": 1
    },
    {
      "BlockType": "WORD",
      "Confidence": 99.83610534667969,
      "Text": "do",
      "TextType": "PRINTED",
      "Geometry": {
        "BoundingBox": {
          "Width": 0.016568640246987343,
          "Height": 0.009529657661914825,
          "Left": 0.5392158627510071,
          "Top": 0.31170809268951416
        },
        "Polygon": [
          {
            "X": 0.5392158627510071,
            "Y": 0.3128194510936737
          },
          {
            "X": 0.555485725402832,
            "Y": 0.31170809268951416
          },
          {
            "X": 0.5557845234870911,
            "Y": 0.32013607025146484
          },
          {
            "X": 0.539496660232544,
            "Y": 0.3212377727031708
          }
        ]
      },
      "Id": "c4e9d352-f124-4235-b7f3-25e9b27863d3",
      "Page": 1
    },
    {
      "BlockType": "WORD",
      "Confidence": 99.8720474243164,
      "Text": "Amazon",
      "TextType": "PRINTED",
      "Geometry": {
        "BoundingBox": {
          "Width": 0.054530996829271317,
          "Height": 0.01220379862934351,
          "Left": 0.5589379072189331,
          "Top": 0.30699506402015686
        },
        "Polygon": [
          {
            "X": 0.5589379072189331,
            "Y": 0.3106982707977295
          },
          {
            "X": 0.6131030917167664,
            "Y": 0.30699506402015686
          },
          {
            "X": 0.6134689450263977,
            "Y": 0.3155280351638794
          },
          {
            "X": 0.5592430830001831,
            "Y": 0.3191988468170166
          }
        ]
      },
      "Id": "1a25d903-db4b-4889-a7bb-d19a52b45cce",
      "Page": 1
    },
    {
      "BlockType": "WORD",
      "Confidence": 99.0904541015625,
      "Text": "SageMaker",
      "TextType": "PRINTED",
      "Geometry": {
        "BoundingBox": {
          "Width": 0.07803861796855927,
          "Height": 0.01781022734940052,
          "Left": 0.6165124773979187,
          "Top": 0.2979491353034973
        },
        "Polygon": [
          {
            "X": 0.6165124773979187,
            "Y": 0.30326005816459656
          },
          {
            "X": 0.693881094455719,
            "Y": 0.2979491353034973
          },
          {
            "X": 0.6945511102676392,
            "Y": 0.3105161190032959
          },
          {
            "X": 0.6170541048049927,
            "Y": 0.3157593607902527
          }
        ]
      },
      "Id": "3e9ee93d-c2f9-415e-91c1-996e039dedf0",
      "Page": 1
    },
    {
      "BlockType": "WORD",
      "Confidence": 99.51258850097656,
      "Text": "JumpStart",
      "TextType": "PRINTED",
      "Geometry": {
        "BoundingBox": {
          "Width": 0.05896894261240959,
          "Height": 0.013721013441681862,
          "Left": 0.211646169424057,
          "Top": 0.34851595759391785
        },
        "Polygon": [
          {
            "X": 0.2117307335138321,
            "Y": 0.3524555265903473
          },
          {
            "X": 0.2706151008605957,
            "Y": 0.34851595759391785
          },
          {
            "X": 0.27060407400131226,
            "Y": 0.3583393096923828
          },
          {
            "X": 0.211646169424057,
            "Y": 0.36223694682121277
          }
        ]
      },
      "Id": "bb24d6e2-5d7c-44e2-8c7b-ba34f34cbed9",
      "Page": 1
    },
    {
      "BlockType": "WORD",
      "Confidence": 78.88388061523438,
      "Text": "erience",
      "TextType": "PRINTED",
      "Geometry": {
        "BoundingBox": {
          "Width": 0.056875523179769516,
          "Height": 0.016504831612110138,
          "Left": 0,
          "Top": 0.37208065390586853
        },
        "Polygon": [
          {
            "X": 0,
            "Y": 0.3758961856365204
          },
          {
            "X": 0.056875523179769516,
            "Y": 0.37208065390586853
          },
          {
            "X": 0.05651417374610901,
            "Y": 0.3848244547843933
          },
          {
            "X": 0,
            "Y": 0.38858550786972046
          }
        ]
      },
      "Id": "a41c7140-84ec-4e61-b124-45456a6193c2",
      "Page": 1
    },
    {
      "BlockType": "WORD",
      "Confidence": 66.00669860839844,
      "Text": "av",
      "TextType": "PRINTED",
      "Geometry": {
        "BoundingBox": {
          "Width": 0.12210015207529068,
          "Height": 0.05568334832787514,
          "Left": 0.8778998255729675,
          "Top": 0.2992975115776062
        },
        "Polygon": [
          {
            "X": 0.8778998255729675,
            "Y": 0.30729591846466064
          },
          {
            "X": 0.9973693490028381,
            "Y": 0.2992975115776062
          },
          {
            "X": 1,
            "Y": 0.34737512469291687
          },
          {
            "X": 0.88156658411026,
            "Y": 0.35498085618019104
          }
        ]
      },
      "Id": "04c7c393-d71d-4ed0-b2f2-da879c1a57c2",
      "Page": 1
    },
    {
      "BlockType": "WORD",
      "Confidence": 97.00898742675781,
      "Text": "Construção",
      "TextType": "PRINTED",
      "Geometry": {
        "BoundingBox": {
          "Width": 0.07633432745933533,
          "Height": 0.016397807747125626,
          "Left": 0.2104102373123169,
          "Top": 0.38799551129341125
        },
        "Polygon": [
          {
            "X": 0.21051135659217834,
            "Y": 0.3928452432155609
          },
          {
            "X": 0.2867337465286255,
            "Y": 0.38799551129341125
          },
          {
            "X": 0.2867445647716522,
            "Y": 0.3996081054210663
          },
          {
            "X": 0.2104102373123169,
            "Y": 0.4043933153152466
          }
        ]
      },
      "Id": "770f12ff-d78c-4308-915f-a12cbd23fb53",
      "Page": 1
    },
    {
      "BlockType": "WORD",
      "Confidence": 99.83660125732422,
      "Text": "de",
      "TextType": "PRINTED",
      "Geometry": {
        "BoundingBox": {
          "Width": 0.017070908099412918,
          "Height": 0.010261020623147488,
          "Left": 0.2910139560699463,
          "Top": 0.38666975498199463
        },
        "Polygon": [
          {
            "X": 0.2910139560699463,
            "Y": 0.3877537250518799
          },
          {
            "X": 0.30805137753486633,
            "Y": 0.38666975498199463
          },
          {
            "X": 0.3080848753452301,
            "Y": 0.39585816860198975
          },
          {
            "X": 0.2910275161266327,
            "Y": 0.3969307541847229
          }
        ]
      },
      "Id": "be486bf5-0fa8-4476-88ee-44cbb18f4b72",
      "Page": 1
    },
    {
      "BlockType": "WORD",
      "Confidence": 99.58599090576172,
      "Text": "modelos",
      "TextType": "PRINTED",
      "Geometry": {
        "BoundingBox": {
          "Width": 0.0605742521584034,
          "Height": 0.013533643446862698,
          "Left": 0.3124566674232483,
          "Top": 0.38190165162086487
        },
        "Polygon": [
          {
            "X": 0.3124566674232483,
            "Y": 0.3857513666152954
          },
          {
            "X": 0.3729151785373688,
            "Y": 0.38190165162086487
          },
          {
            "X": 0.3730309307575226,
            "Y": 0.39162811636924744
          },
          {
            "X": 0.3124973773956299,
            "Y": 0.39543530344963074
          }
        ]
      },
      "Id": "e720122b-ae71-40b6-ae6e-7661b5f3bbb7",
      "Page": 1
    },
    {
      "BlockType": "WORD",
      "Confidence": 99.85032653808594,
      "Text": "de",
      "TextType": "PRINTED",
      "Geometry": {
        "BoundingBox": {
          "Width": 0.01750889979302883,
          "Height": 0.010859047994017601,
          "Left": 0.3773360252380371,
          "Top": 0.3800683915615082
        },
        "Polygon": [
          {
            "X": 0.3773360252380371,
            "Y": 0.381174772977829
          },
          {
            "X": 0.39470160007476807,
            "Y": 0.3800683915615082
          },
          {
            "X": 0.3948449194431305,
            "Y": 0.3898332715034485
          },
          {
            "X": 0.37745755910873413,
            "Y": 0.39092743396759033
          }
        ]
      },
      "Id": "60be86cc-2a95-4343-a17b-a413bad043c9",
      "Page": 1
    },
    {
      "BlockType": "WORD",
      "Confidence": 99.24751281738281,
      "Text": "ponta",
      "TextType": "PRINTED",
      "Geometry": {
        "BoundingBox": {
          "Width": 0.04254988208413124,
          "Height": 0.01373324915766716,
          "Left": 0.39920398592948914,
          "Top": 0.37736088037490845
        },
        "Polygon": [
          {
            "X": 0.39920398592948914,
            "Y": 0.3800562918186188
          },
          {
            "X": 0.44152531027793884,
            "Y": 0.37736088037490845
          },
          {
            "X": 0.4417538642883301,
            "Y": 0.3884323835372925
          },
          {
            "X": 0.39937230944633484,
            "Y": 0.3910941183567047
          }
        ]
      },
      "Id": "e92453a5-0894-44ed-b238-24facc2a90e1",
      "Page": 1
    },
    {
      "BlockType": "WORD",
      "Confidence": 99.70672607421875,
      "Text": "a",
      "TextType": "PRINTED",
      "Geometry": {
        "BoundingBox": {
          "Width": 0.008271638303995132,
          "Height": 0.008062380366027355,
          "Left": 0.44651880860328674,
          "Top": 0.37787553668022156
        },
        "Polygon": [
          {
            "X": 0.44651880860328674,
            "Y": 0.37839075922966003
          },
          {
            "X": 0.45462197065353394,
            "Y": 0.37787553668022156
          },
          {
            "X": 0.4547904431819916,
            "Y": 0.3854271173477173
          },
          {
            "X": 0.44667935371398926,
            "Y": 0.3859379291534424
          }
        ]
      },
      "Id": "962d283b-0eff-4af4-bb14-9c7704a1a388",
      "Page": 1
    },
    {
      "BlockType": "WORD",
      "Confidence": 99.4024887084961,
      "Text": "ponta",
      "TextType": "PRINTED",
      "Geometry": {
        "BoundingBox": {
          "Width": 0.043562959879636765,
          "Height": 0.013905525207519531,
          "Left": 0.4596612751483917,
          "Top": 0.3728889524936676
        },
        "Polygon": [
          {
            "X": 0.4596612751483917,
            "Y": 0.37564510107040405
          },
          {
            "X": 0.5029057860374451,
            "Y": 0.3728889524936676
          },
          {
            "X": 0.50322425365448,
            "Y": 0.3840729296207428
          },
          {
            "X": 0.45991721749305725,
            "Y": 0.38679447770118713
          }
        ]
      },
      "Id": "7478b6df-2c93-418b-88ba-67f6a5378642",
      "Page": 1
    },
    {
      "BlockType": "WORD",
      "Confidence": 99.70014190673828,
      "Text": "Prepare",
      "TextType": "PRINTED",
      "Geometry": {
        "BoundingBox": {
          "Width": 0.043695930391550064,
          "Height": 0.011974791064858437,
          "Left": 0.2101358026266098,
          "Top": 0.4042219817638397
        },
        "Polygon": [
          {
            "X": 0.21021698415279388,
            "Y": 0.4069470763206482
          },
          {
            "X": 0.25383174419403076,
            "Y": 0.4042219817638397
          },
          {
            "X": 0.2538016140460968,
            "Y": 0.4135012924671173
          },
          {
            "X": 0.2101358026266098,
            "Y": 0.4161967635154724
          }
        ]
      },
      "Id": "f689a283-c536-4474-a94c-00b58aa1c920",
      "Page": 1
    },
    {
      "BlockType": "WORD",
      "Confidence": 97.40322875976562,
      "Text": "dados,",
      "TextType": "PRINTED",
      "Geometry": {
        "BoundingBox": {
          "Width": 0.0371331125497818,
          "Height": 0.011379681527614594,
          "Left": 0.257447749376297,
          "Top": 0.4010254442691803
        },
        "Polygon": [
          {
            "X": 0.2574729919433594,
            "Y": 0.4033448398113251
          },
          {
            "X": 0.2945633828639984,
            "Y": 0.4010254442691803
          },
          {
            "X": 0.29458087682724,
            "Y": 0.41011032462120056
          },
          {
            "X": 0.257447749376297,
            "Y": 0.4124051332473755
          }
        ]
      },
      "Id": "563cbae4-cb25-40ed-aaaf-365d83448b5d",
      "Page": 1
    },
    {
      "BlockType": "WORD",
      "Confidence": 99.5308837890625,
      "Text": "treine",
      "TextType": "PRINTED",
      "Geometry": {
        "BoundingBox": {
          "Width": 0.0348733589053154,
          "Height": 0.01020959671586752,
          "Left": 0.2985304296016693,
          "Top": 0.39854446053504944
        },
        "Polygon": [
          {
            "X": 0.2985304296016693,
            "Y": 0.400721937417984
          },
          {
            "X": 0.3333486318588257,
            "Y": 0.39854446053504944
          },
          {
            "X": 0.3334037959575653,
            "Y": 0.40659695863723755
          },
          {
            "X": 0.29854992032051086,
            "Y": 0.40875405073165894
          }
        ]
      },
      "Id": "9b70324e-8e3f-4fee-89d0-3cb36b2ec40d",
      "Page": 1
    },
    {
      "BlockType": "WORD",
      "Confidence": 99.22212219238281,
      "Text": "e",
      "TextType": "PRINTED",
      "Geometry": {
        "BoundingBox": {
          "Width": 0.006649354938417673,
          "Height": 0.006643346510827541,
          "Left": 0.337172269821167,
          "Top": 0.3995401859283447
        },
        "Polygon": [
          {
            "X": 0.337172269821167,
            "Y": 0.3999519348144531
          },
          {
            "X": 0.34377068281173706,
            "Y": 0.3995401859283447
          },
          {
            "X": 0.34382164478302,
            "Y": 0.40577471256256104
          },
          {
            "X": 0.3372179865837097,
            "Y": 0.40618351101875305
          }
        ]
      },
      "Id": "1de8c69c-0244-425a-b7c9-4113772378f5",
      "Page": 1
    },
    {
      "BlockType": "WORD",
      "Confidence": 99.4034423828125,
      "Text": "implante",
      "TextType": "PRINTED",
      "Geometry": {
        "BoundingBox": {
          "Width": 0.054335590451955795,
          "Height": 0.013835249468684196,
          "Left": 0.3472963571548462,
          "Top": 0.39345380663871765
        },
        "Polygon": [
          {
            "X": 0.3472963571548462,
            "Y": 0.396845281124115
          },
          {
            "X": 0.40146929025650024,
            "Y": 0.39345380663871765
          },
          {
            "X": 0.4016319215297699,
            "Y": 0.4039386212825775
          },
          {
            "X": 0.3473863899707794,
            "Y": 0.407289057970047
          }
        ]
      },
      "Id": "8ac84f44-df7d-49a5-ac18-d90b8a33f6a6",
      "Page": 1
    },
    {
      "BlockType": "WORD",
      "Confidence": 99.61184692382812,
      "Text": "modelos",
      "TextType": "PRINTED",
      "Geometry": {
        "BoundingBox": {
          "Width": 0.05290382355451584,
          "Height": 0.012111292220652103,
          "Left": 0.4052439332008362,
          "Top": 0.38952508568763733
        },
        "Polygon": [
          {
            "X": 0.4052439332008362,
            "Y": 0.3928261995315552
          },
          {
            "X": 0.4579470157623291,
            "Y": 0.38952508568763733
          },
          {
            "X": 0.45814773440361023,
            "Y": 0.398368775844574
          },
          {
            "X": 0.4053848087787628,
            "Y": 0.40163639187812805
          }
        ]
      },
      "Id": "0b3aedbe-cf69-4b30-a3cd-9e89b3d78e68",
      "Page": 1
    },
    {
      "BlockType": "WORD",
      "Confidence": 99.79948425292969,
      "Text": "na",
      "TextType": "PRINTED",
      "Geometry": {
        "BoundingBox": {
          "Width": 0.014760629273951054,
          "Height": 0.007299215067178011,
          "Left": 0.4621308445930481,
          "Top": 0.3901429772377014
        },
        "Polygon": [
          {
            "X": 0.4621308445930481,
            "Y": 0.3910554051399231
          },
          {
            "X": 0.4767310917377472,
            "Y": 0.3901429772377014
          },
          {
            "X": 0.47689148783683777,
            "Y": 0.3965364992618561
          },
          {
            "X": 0.46227920055389404,
            "Y": 0.39744219183921814
          }
        ]
      },
      "Id": "8a23ea4f-9130-4d7f-9710-0388446da88c",
      "Page": 1
    },
    {
      "BlockType": "WORD",
      "Confidence": 94.83673858642578,
      "Text": "produção",
      "TextType": "PRINTED",
      "Geometry": {
        "BoundingBox": {
          "Width": 0.06029445305466652,
          "Height": 0.014477713964879513,
          "Left": 0.4809211492538452,
          "Top": 0.383451908826828
        },
        "Polygon": [
          {
            "X": 0.4809211492538452,
            "Y": 0.38721027970314026
          },
          {
            "X": 0.5408574938774109,
            "Y": 0.383451908826828
          },
          {
            "X": 0.5412155985832214,
            "Y": 0.3942173421382904
          },
          {
            "X": 0.481195867061615,
            "Y": 0.3979296386241913
          }
        ]
      },
      "Id": "caadb9e9-6888-4f24-99eb-01d09a288f01",
      "Page": 1
    },
    {
      "BlockType": "WORD",
      "Confidence": 99.73217010498047,
      "Text": "sem",
      "TextType": "PRINTED",
      "Geometry": {
        "BoundingBox": {
          "Width": 0.02637595869600773,
          "Height": 0.008608229458332062,
          "Left": 0.5449275970458984,
          "Top": 0.38294273614883423
        },
        "Polygon": [
          {
            "X": 0.5449275970458984,
            "Y": 0.38457754254341125
          },
          {
            "X": 0.5710442662239075,
            "Y": 0.38294273614883423
          },
          {
            "X": 0.5713035464286804,
            "Y": 0.3899291455745697
          },
          {
            "X": 0.545163094997406,
            "Y": 0.3915509581565857
          }
        ]
      },
      "Id": "a25a9dc6-4f86-4dad-9c5a-00d1bed4c554",
      "Page": 1
    },
    {
      "BlockType": "WORD",
      "Confidence": 99.6506118774414,
      "Text": "escrever",
      "TextType": "PRINTED",
      "Geometry": {
        "BoundingBox": {
          "Width": 0.056290846318006516,
          "Height": 0.010951761156320572,
          "Left": 0.5753017067909241,
          "Top": 0.37838852405548096
        },
        "Polygon": [
          {
            "X": 0.5753017067909241,
            "Y": 0.38189461827278137
          },
          {
            "X": 0.6312576532363892,
            "Y": 0.37838852405548096
          },
          {
            "X": 0.6315925121307373,
            "Y": 0.3858638107776642
          },
          {
            "X": 0.5755820274353027,
            "Y": 0.3893403112888336
          }
        ]
      },
      "Id": "438586c9-2257-4ccf-b3e5-b338a62dc6cb",
      "Page": 1
    },
    {
      "BlockType": "WORD",
      "Confidence": 95.18399810791016,
      "Text": "código",
      "TextType": "PRINTED",
      "Geometry": {
        "BoundingBox": {
          "Width": 0.0407993420958519,
          "Height": 0.012785724364221096,
          "Left": 0.208457350730896,
          "Top": 0.4153398871421814
        },
        "Polygon": [
          {
            "X": 0.2085496187210083,
            "Y": 0.41784757375717163
          },
          {
            "X": 0.2492567002773285,
            "Y": 0.4153398871421814
          },
          {
            "X": 0.24921731650829315,
            "Y": 0.4256487190723419
          },
          {
            "X": 0.208457350730896,
            "Y": 0.42812561988830566
          }
        ]
      },
      "Id": "518a4809-2a59-48c9-affb-1ce7db5a6eeb",
      "Page": 1
    },
    {
      "BlockType": "WORD",
      "Confidence": 30.959335327148438,
      "Text": "Ro",
      "TextType": "PRINTED",
      "Geometry": {
        "BoundingBox": {
          "Width": 0.01036820001900196,
          "Height": 0.008016452193260193,
          "Left": 0.15954120457172394,
          "Top": 0.4631662368774414
        },
        "Polygon": [
          {
            "X": 0.15965312719345093,
            "Y": 0.4637621343135834
          },
          {
            "X": 0.16990940272808075,
            "Y": 0.4631662368774414
          },
          {
            "X": 0.16980698704719543,
            "Y": 0.4705924689769745
          },
          {
            "X": 0.15954120457172394,
            "Y": 0.4711826741695404
          }
        ]
      },
      "Id": "d7633860-1a7f-449f-8256-dc099d6d2908",
      "Page": 1
    },
    {
      "BlockType": "WORD",
      "Confidence": 98.16078186035156,
      "Text": "Impulsione",
      "TextType": "PRINTED",
      "Geometry": {
        "BoundingBox": {
          "Width": 0.07739188522100449,
          "Height": 0.015766795724630356,
          "Left": 0.20819449424743652,
          "Top": 0.458208829164505
        },
        "Polygon": [
          {
            "X": 0.20829559862613678,
            "Y": 0.4626879096031189
          },
          {
            "X": 0.28557753562927246,
            "Y": 0.458208829164505
          },
          {
            "X": 0.2855863869190216,
            "Y": 0.4695611894130707
          },
          {
            "X": 0.20819449424743652,
            "Y": 0.47397562861442566
          }
        ]
      },
      "Id": "129c77c5-03a0-481a-b2c0-4a793650c482",
      "Page": 1
    },
    {
      "BlockType": "WORD",
      "Confidence": 99.42295837402344,
      "Text": "a",
      "TextType": "PRINTED",
      "Geometry": {
        "BoundingBox": {
          "Width": 0.007816720753908157,
          "Height": 0.007987952791154385,
          "Left": 0.2896771728992462,
          "Top": 0.4598478376865387
        },
        "Polygon": [
          {
            "X": 0.2896771728992462,
            "Y": 0.46029841899871826
          },
          {
            "X": 0.29747670888900757,
            "Y": 0.4598478376865387
          },
          {
            "X": 0.29749390482902527,
            "Y": 0.4673895537853241
          },
          {
            "X": 0.289686918258667,
            "Y": 0.46783581376075745
          }
        ]
      },
      "Id": "a4426e9d-f501-431b-bca8-e02758f97f02",
      "Page": 1
    },
    {
      "BlockType": "WORD",
      "Confidence": 97.33158111572266,
      "Text": "colaboração",
      "TextType": "PRINTED",
      "Geometry": {
        "BoundingBox": {
          "Width": 0.0874134749174118,
          "Height": 0.01703440025448799,
          "Left": 0.30207809805870056,
          "Top": 0.4524265229701996
        },
        "Polygon": [
          {
            "X": 0.30207809805870056,
            "Y": 0.4574815034866333
          },
          {
            "X": 0.38932445645332336,
            "Y": 0.4524265229701996
          },
          {
            "X": 0.38949158787727356,
            "Y": 0.46448275446891785
          },
          {
            "X": 0.302112340927124,
            "Y": 0.46946093440055847
          }
        ]
      },
      "Id": "468dbb3c-6770-43dd-9009-7d07483b2cc2",
      "Page": 1
    },
    {
      "BlockType": "WORD",
      "Confidence": 99.67456817626953,
      "Text": "com",
      "TextType": "PRINTED",
      "Geometry": {
        "BoundingBox": {
          "Width": 0.030318209901452065,
          "Height": 0.009480350650846958,
          "Left": 0.3943031132221222,
          "Top": 0.45266643166542053
        },
        "Polygon": [
          {
            "X": 0.3943031132221222,
            "Y": 0.45440933108329773
          },
          {
            "X": 0.4244794249534607,
            "Y": 0.45266643166542053
          },
          {
            "X": 0.4246213138103485,
            "Y": 0.4604209065437317
          },
          {
            "X": 0.3944151997566223,
            "Y": 0.4621467888355255
          }
        ]
      },
      "Id": "b56888a7-48cc-4f40-891e-e987060ab2f4",
      "Page": 1
    },
    {
      "BlockType": "WORD",
      "Confidence": 98.75212860107422,
      "Text": "especialistas",
      "TextType": "PRINTED",
      "Geometry": {
        "BoundingBox": {
          "Width": 0.09643635153770447,
          "Height": 0.017679687589406967,
          "Left": 0.42932039499282837,
          "Top": 0.4445030987262726
        },
        "Polygon": [
          {
            "X": 0.42932039499282837,
            "Y": 0.4500688910484314
          },
          {
            "X": 0.5253779292106628,
            "Y": 0.4445030987262726
          },
          {
            "X": 0.5257567167282104,
            "Y": 0.45670151710510254
          },
          {
            "X": 0.42954951524734497,
            "Y": 0.46218276023864746
          }
        ]
      },
      "Id": "d24e201d-ab91-4a2c-a039-9f741f082354",
      "Page": 1
    },
    {
      "BlockType": "WORD",
      "Confidence": 99.8770751953125,
      "Text": "de",
      "TextType": "PRINTED",
      "Geometry": {
        "BoundingBox": {
          "Width": 0.019056372344493866,
          "Height": 0.011274446733295918,
          "Left": 0.5302289128303528,
          "Top": 0.44310230016708374
        },
        "Polygon": [
          {
            "X": 0.5302289128303528,
            "Y": 0.44418638944625854
          },
          {
            "X": 0.548937976360321,
            "Y": 0.44310230016708374
          },
          {
            "X": 0.5492852926254272,
            "Y": 0.4533063769340515
          },
          {
            "X": 0.5305516123771667,
            "Y": 0.4543767273426056
          }
        ]
      },
      "Id": "d4ca8c3e-cae4-4e27-8d02-8ad664a5b74a",
      "Page": 1
    },
    {
      "BlockType": "WORD",
      "Confidence": 99.81077575683594,
      "Text": "ML",
      "TextType": "PRINTED",
      "Geometry": {
        "BoundingBox": {
          "Width": 0.02393990010023117,
          "Height": 0.011155304498970509,
          "Left": 0.553786039352417,
          "Top": 0.4417337477207184
        },
        "Polygon": [
          {
            "X": 0.553786039352417,
            "Y": 0.4430990517139435
          },
          {
            "X": 0.5773569345474243,
            "Y": 0.4417337477207184
          },
          {
            "X": 0.5777259469032288,
            "Y": 0.4515403211116791
          },
          {
            "X": 0.5541252493858337,
            "Y": 0.4528890550136566
          }
        ]
      },
      "Id": "85c0d040-f038-4763-9cec-ca66e530e5e3",
      "Page": 1
    },
    {
      "BlockType": "WORD",
      "Confidence": 96.86744689941406,
      "Text": "Compartilhe",
      "TextType": "PRINTED",
      "Geometry": {
        "BoundingBox": {
          "Width": 0.07212921231985092,
          "Height": 0.0141479866579175,
          "Left": 0.20760108530521393,
          "Top": 0.4722573161125183
        },
        "Polygon": [
          {
            "X": 0.2076917439699173,
            "Y": 0.47635263204574585
          },
          {
            "X": 0.2797298729419708,
            "Y": 0.4722573161125183
          },
          {
            "X": 0.27973029017448425,
            "Y": 0.4823637902736664
          },
          {
            "X": 0.20760108530521393,
            "Y": 0.48640531301498413
          }
        ]
      },
      "Id": "fc8886d7-399a-4885-94f3-e1ebac09a18c",
      "Page": 1
    },
    {
      "BlockType": "WORD",
      "Confidence": 99.5285873413086,
      "Text": "modelos",
      "TextType": "PRINTED",
      "Geometry": {
        "BoundingBox": {
          "Width": 0.05121803283691406,
          "Height": 0.011716042645275593,
          "Left": 0.2831960916519165,
          "Top": 0.46936720609664917
        },
        "Polygon": [
          {
            "X": 0.2831960916519165,
            "Y": 0.4722745418548584
          },
          {
            "X": 0.334352970123291,
            "Y": 0.46936720609664917
          },
          {
            "X": 0.33441412448883057,
            "Y": 0.47820913791656494
          },
          {
            "X": 0.2832002639770508,
            "Y": 0.4810832440853119
          }
        ]
      },
      "Id": "bf88fbb0-f5c6-4111-99c2-cfa321067191",
      "Page": 1
    },
    {
      "BlockType": "WORD",
      "Confidence": 99.66726684570312,
      "Text": "com",
      "TextType": "PRINTED",
      "Geometry": {
        "BoundingBox": {
          "Width": 0.02498684637248516,
          "Height": 0.008285479620099068,
          "Left": 0.33786991238594055,
          "Top": 0.46976473927497864
        },
        "Polygon": [
          {
            "X": 0.33786991238594055,
            "Y": 0.4711766541004181
          },
          {
            "X": 0.3627845048904419,
            "Y": 0.46976473927497864
          },
          {
            "X": 0.36285677552223206,
            "Y": 0.4766508638858795
          },
          {
            "X": 0.33792048692703247,
            "Y": 0.47805020213127136
          }
        ]
      },
      "Id": "58aa35b0-c0f3-4902-9a41-4140bbff474d",
      "Page": 1
    },
    {
      "BlockType": "WORD",
      "Confidence": 70.3563461303711,
      "Text": "o",
      "TextType": "PRINTED",
      "Geometry": {
        "BoundingBox": {
          "Width": 0.007408264558762312,
          "Height": 0.006743791047483683,
          "Left": 0.3668367862701416,
          "Top": 0.4695517122745514
        },
        "Polygon": [
          {
            "X": 0.3668367862701416,
            "Y": 0.4699670076370239
          },
          {
            "X": 0.3741695284843445,
            "Y": 0.4695517122745514
          },
          {
            "X": 0.3742450475692749,
            "Y": 0.4758836030960083
          },
          {
            "X": 0.36690643429756165,
            "Y": 0.47629550099372864
          }
        ]
      },
      "Id": "9cce9ff6-04f0-46ec-a7f5-2cf9d05ea31f",
      "Page": 1
    },
    {
      "BlockType": "WORD",
      "Confidence": 99.94816589355469,
      "Text": "Amazon",
      "TextType": "PRINTED",
      "Geometry": {
        "BoundingBox": {
          "Width": 0.05072009935975075,
          "Height": 0.011463005095720291,
          "Left": 0.37722837924957275,
          "Top": 0.4646069407463074
        },
        "Polygon": [
          {
            "X": 0.37722837924957275,
            "Y": 0.46747806668281555
          },
          {
            "X": 0.42778733372688293,
            "Y": 0.4646069407463074
          },
          {
            "X": 0.4279484748840332,
            "Y": 0.4732305705547333
          },
          {
            "X": 0.3773341774940491,
            "Y": 0.47606992721557617
          }
        ]
      },
      "Id": "95b9f699-cc54-4418-b95c-5be9f79a5f81",
      "Page": 1
    },
    {
      "BlockType": "WORD",
      "Confidence": 99.39983367919922,
      "Text": "SageMaker",
      "TextType": "PRINTED",
      "Geometry": {
        "BoundingBox": {
          "Width": 0.07105701416730881,
          "Height": 0.014476148411631584,
          "Left": 0.43165019154548645,
          "Top": 0.46032440662384033
        },
        "Polygon": [
          {
            "X": 0.43165019154548645,
            "Y": 0.46434304118156433
          },
          {
            "X": 0.5024118423461914,
            "Y": 0.46032440662384033
          },
          {
            "X": 0.5027072429656982,
            "Y": 0.47083577513694763
          },
          {
            "X": 0.43185070157051086,
            "Y": 0.47480055689811707
          }
        ]
      },
      "Id": "b42b1aa6-cb45-4890-b6da-b81942db826f",
      "Page": 1
    },
    {
      "BlockType": "WORD",
      "Confidence": 99.38096618652344,
      "Text": "Studio",
      "TextType": "PRINTED",
      "Geometry": {
        "BoundingBox": {
          "Width": 0.042737219482660294,
          "Height": 0.01120050996541977,
          "Left": 0.5058332085609436,
          "Top": 0.45786169171333313
        },
        "Polygon": [
          {
            "X": 0.5058332085609436,
            "Y": 0.46027135848999023
          },
          {
            "X": 0.548271656036377,
            "Y": 0.45786169171333313
          },
          {
            "X": 0.548570454120636,
            "Y": 0.46667951345443726
          },
          {
            "X": 0.5060840249061584,
            "Y": 0.4690622091293335
          }
        ]
      },
      "Id": "c1b0b0a8-d324-451e-bf4c-4f717ca4fc2c",
      "Page": 1
    },
    {
      "BlockType": "WORD",
      "Confidence": 99.48233795166016,
      "Text": "e",
      "TextType": "PRINTED",
      "Geometry": {
        "BoundingBox": {
          "Width": 0.007571709342300892,
          "Height": 0.006963077932596207,
          "Left": 0.5526483654975891,
          "Top": 0.4592478275299072
        },
        "Polygon": [
          {
            "X": 0.5526483654975891,
            "Y": 0.45966342091560364
          },
          {
            "X": 0.5599884390830994,
            "Y": 0.4592478275299072
          },
          {
            "X": 0.5602201223373413,
            "Y": 0.4657987952232361
          },
          {
            "X": 0.5528738498687744,
            "Y": 0.46621090173721313
          }
        ]
      },
      "Id": "fe257378-a01f-4b75-aaab-f0cbdb36b1ed",
      "Page": 1
    },
    {
      "BlockType": "WORD",
      "Confidence": 91.17478942871094,
      "Text": "o",
      "TextType": "PRINTED",
      "Geometry": {
        "BoundingBox": {
          "Width": 0.00789878610521555,
          "Height": 0.0069892024621367455,
          "Left": 0.5642359256744385,
          "Top": 0.458632230758667
        },
        "Polygon": [
          {
            "X": 0.5642359256744385,
            "Y": 0.4590657353401184
          },
          {
            "X": 0.5718929171562195,
            "Y": 0.458632230758667
          },
          {
            "X": 0.5721346735954285,
            "Y": 0.4651915729045868
          },
          {
            "X": 0.5644712448120117,
            "Y": 0.4656214416027069
          }
        ]
      },
      "Id": "e2e05ccb-f742-4aad-a992-1c14dc93e3ad",
      "Page": 1
    },
    {
      "BlockType": "WORD",
      "Confidence": 99.9265365600586,
      "Text": "Amazon",
      "TextType": "PRINTED",
      "Geometry": {
        "BoundingBox": {
          "Width": 0.05571221187710762,
          "Height": 0.011620848439633846,
          "Left": 0.5759135484695435,
          "Top": 0.45341402292251587
        },
        "Polygon": [
          {
            "X": 0.5759135484695435,
            "Y": 0.4565547704696655
          },
          {
            "X": 0.6312479972839355,
            "Y": 0.45341402292251587
          },
          {
            "X": 0.631625771522522,
            "Y": 0.4619278311729431
          },
          {
            "X": 0.576230525970459,
            "Y": 0.4650348722934723
          }
        ]
      },
      "Id": "f0a8dcf4-8127-4cbc-a6da-4402aff6c25e",
      "Page": 1
    },
    {
      "BlockType": "WORD",
      "Confidence": 99.74989318847656,
      "Text": "QuickSight",
      "TextType": "PRINTED",
      "Geometry": {
        "BoundingBox": {
          "Width": 0.064101442694664,
          "Height": 0.013840576633810997,
          "Left": 0.2073642611503601,
          "Top": 0.4846895933151245
        },
        "Polygon": [
          {
            "X": 0.20745697617530823,
            "Y": 0.4882664978504181
          },
          {
            "X": 0.2714656889438629,
            "Y": 0.4846895933151245
          },
          {
            "X": 0.27145540714263916,
            "Y": 0.4950021803379059
          },
          {
            "X": 0.2073642611503601,
            "Y": 0.49853017926216125
          }
        ]
      },
      "Id": "c5886fa4-d6a8-4242-ac8f-28339ef950f2",
      "Page": 1
    }
  ],
  "DetectDocumentTextModelVersion": "1.0"
}