{
  "DocumentMetadata": {
    "Pages": 1
  },
  "JobStatus": "SUCCEEDED",
  "Blocks": [
    {
      "BlockType": "PAGE",
      "Geometry": {
        "BoundingBox": {
          "Width": 1,
          "Height": 0.9406780004501343,
          "Left": 0,
          "Top": 0
        },
        "Polygon": [
          {
            "X": 0.000022042542695999146,
            "Y": 0
          },
          {
            "X": 1,
            "Y": 0.00001183531821880024
          },
          {
            "X": 0.9968363046646118,
            "Y": 0.9406780004501343
          },
          {
            "X": 0,
            "Y": 0.932820200920105
          }
        ]
      },
      "Id": "14212f5d-acdc-4e4b-8eef-8da0a02f8795",
      "Relationships": [
        {
          "Type": "CHILD",
          "Ids": [
            "65c9bddd-7503-4ec5-b9d9-d62744fc7275",
            "b2348486-2cb6-439a-9702-ef0afc708c5c",
            "4d562ec7-d74a-4f4d-80a5-d7235cab76eb",
            "1780a068-3dc1-4e83-85ab-48f8870dbd42",
            "66800d85-f869-4ffd-a6fa-8fb4766b5382",
            "c14cd276-d032-4e97-adcf-15e705f8de92",
            "1bd9fabe-eaf5-4e00-b7cb-0c2b006850b4",
            "a8447f15-a785-4f81-a4c9-d67f1e22a516",
            "b4987fcf-9559-4996-b5b9-3fb4ddb68df6",
            "24632b9c-0243-4282-acfb-60b62c1f0e58",
            "8a100359-8772-429e-bca8-55104dbc3cd6",
            "7be4fd8c-e4b1-452e-b772-a312e0966358",
            "6c1ddebb-719b-4356-b01e-0ee60c903524",
            "01111772-af3b-4b39-ad84-f7508d4ae91c",
            "3d7ca178-da7f-4ee8-b99b-780f750790c6",
            "0aa9c4ec-8728-4443-84b8-c9732abcc50a",
            "7bf5f5b3-204f-449a-8cf7-4bb908cdc565",
            "93db4bca-18e9-49f9-9e13-7cbd11c3b1dd",
            "fa586776-acb1-4d43-8b11-97987a909cd7",
            "3f758cc5-d36d-4d19-9e36-bc8a4e4f924a",
            "8f15a57f-df5f-41d6-a77e-2815a05fccfb",
            "3cf62ba4-ee02-452c-9f90-7a2f6239cd0c",
            "d48d8f2c-820a-42fd-b0a5-c690a051bc0b",
            "020bf67f-da41-49dc-a789-58e3b61974ef",
            "36268323-5fac-42fb-8c90-2497ac87ff53",
            "b6b222d0-31e6-4d6b-9faf-ff73fda6daf6",
            "5f999a6e-b6f8-46bc-b2b7-4b6b0b569a11",
            "a4c9d370-9a51-460c-b01d-6b488d5a0d28"
          ]
        }
      ],
      "Page": 1
    },
    {
      "BlockType": "LINE",
      "Confidence": 98.35498046875,
      "Text": "Cloud",
      "Geometry": {
        "BoundingBox": {
          "Width": 0.024953706189990044,
          "Height": 0.006295410916209221,
          "Left": 0.6899687647819519,
          "Top": 0.16007594764232635
        },
        "Polygon": [
          {
            "X": 0.6900067925453186,
            "Y": 0.16007594764232635
          },
          {
            "X": 0.7149224877357483,
            "Y": 0.1601923406124115
          },
          {
            "X": 0.7148842811584473,
            "Y": 0.16637136042118073
          },
          {
            "X": 0.6899687647819519,
            "Y": 0.16625434160232544
          }
        ]
      },
      "Id": "65c9bddd-7503-4ec5-b9d9-d62744fc7275",
      "Relationships": [
        {
          "Type": "CHILD",
          "Ids": [
            "6a488426-8232-4e7d-9aef-3cd719c2ee26"
          ]
        }
      ],
      "Page": 1
    },
    {
      "BlockType": "LINE",
      "Confidence": 97.36946105957031,
      "Text": "aws",
      "Geometry": {
        "BoundingBox": {
          "Width": 0.044943615794181824,
          "Height": 0.012964761815965176,
          "Left": 0.6183950901031494,
          "Top": 0.16252130270004272
        },
        "Polygon": [
          {
            "X": 0.6184726357460022,
            "Y": 0.16252130270004272
          },
          {
            "X": 0.6633387207984924,
            "Y": 0.16273140907287598
          },
          {
            "X": 0.6632605791091919,
            "Y": 0.17548605799674988
          },
          {
            "X": 0.6183950901031494,
            "Y": 0.17527364194393158
          }
        ]
      },
      "Id": "b2348486-2cb6-439a-9702-ef0afc708c5c",
      "Relationships": [
        {
          "Type": "CHILD",
          "Ids": [
            "f67f7970-e131-4fe2-9674-86bb06fb8f74"
          ]
        }
      ],
      "Page": 1
    },
    {
      "BlockType": "LINE",
      "Confidence": 99.63488006591797,
      "Text": "Experience",
      "Geometry": {
        "BoundingBox": {
          "Width": 0.04588693007826805,
          "Height": 0.007192839868366718,
          "Left": 0.6896023750305176,
          "Top": 0.16765031218528748
        },
        "Polygon": [
          {
            "X": 0.6896452903747559,
            "Y": 0.16765031218528748
          },
          {
            "X": 0.7354893088340759,
            "Y": 0.16786588728427887
          },
          {
            "X": 0.7354460954666138,
            "Y": 0.17484314739704132
          },
          {
            "X": 0.6896023750305176,
            "Y": 0.17462627589702606
          }
        ]
      },
      "Id": "4d562ec7-d74a-4f4d-80a5-d7235cab76eb",
      "Relationships": [
        {
          "Type": "CHILD",
          "Ids": [
            "6c829d1c-b5a1-4e98-bd74-6a4c88623e81"
          ]
        }
      ],
      "Page": 1
    },
    {
      "BlockType": "LINE",
      "Confidence": 97.06591033935547,
      "Text": "Segurança e Identidade Integradas",
      "Geometry": {
        "BoundingBox": {
          "Width": 0.34241288900375366,
          "Height": 0.035151172429323196,
          "Left": 0.1026526391506195,
          "Top": 0.16554772853851318
        },
        "Polygon": [
          {
            "X": 0.10283917933702469,
            "Y": 0.16554772853851318
          },
          {
            "X": 0.44506552815437317,
            "Y": 0.16715791821479797
          },
          {
            "X": 0.4448673129081726,
            "Y": 0.20069891214370728
          },
          {
            "X": 0.1026526391506195,
            "Y": 0.199041947722435
          }
        ]
      },
      "Id": "1780a068-3dc1-4e83-85ab-48f8870dbd42",
      "Relationships": [
        {
          "Type": "CHILD",
          "Ids": [
            "206ad04b-0c6b-404d-adc5-aea04cb2792e",
            "af6bd60c-291f-4e44-b799-3430c694bc2e",
            "9e089137-943c-4643-9ea9-d120c48d3089",
            "314f25a0-9a30-4828-9b62-144375d795cb"
          ]
        }
      ],
      "Page": 1
    },
    {
      "BlockType": "LINE",
      "Confidence": 99.8260498046875,
      "Text": "2025",
      "Geometry": {
        "BoundingBox": {
          "Width": 0.020512759685516357,
          "Height": 0.006158836651593447,
          "Left": 0.6898041367530823,
          "Top": 0.176051527261734
        },
        "Polygon": [
          {
            "X": 0.6898413896560669,
            "Y": 0.176051527261734
          },
          {
            "X": 0.7103168964385986,
            "Y": 0.17614851891994476
          },
          {
            "X": 0.7102794647216797,
            "Y": 0.18221037089824677
          },
          {
            "X": 0.6898041367530823,
            "Y": 0.18211287260055542
          }
        ]
      },
      "Id": "66800d85-f869-4ffd-a6fa-8fb4766b5382",
      "Relationships": [
        {
          "Type": "CHILD",
          "Ids": [
            "d0b5747a-081b-46f5-82c6-3ea5c5b915dc"
          ]
        }
      ],
      "Page": 1
    },
    {
      "BlockType": "LINE",
      "Confidence": 92.94121551513672,
      "Text": "integrando mecanismos de segurança em sua implantação Modelos delA generativa",
      "Geometry": {
        "BoundingBox": {
          "Width": 0.47454366087913513,
          "Height": 0.03323889896273613,
          "Left": 0.100261390209198,
          "Top": 0.18625271320343018
        },
        "Polygon": [
          {
            "X": 0.10043345391750336,
            "Y": 0.18625271320343018
          },
          {
            "X": 0.5748050212860107,
            "Y": 0.1885247826576233
          },
          {
            "X": 0.5746180415153503,
            "Y": 0.2194916158914566
          },
          {
            "X": 0.100261390209198,
            "Y": 0.2171597182750702
          }
        ]
      },
      "Id": "c14cd276-d032-4e97-adcf-15e705f8de92",
      "Relationships": [
        {
          "Type": "CHILD",
          "Ids": [
            "b7411571-f911-4918-aa24-b3e471bd276d",
            "b4019858-8218-443d-8053-46e696094715",
            "cfa3e405-3bc1-4fb4-a1d6-a2b1a6833848",
            "7ed3765c-06d3-4eca-98ff-85684a169fea",
            "db976bf7-5183-4994-be78-1b509594afdd",
            "737d482b-a9fb-43bd-a443-b99b8d8a3dc2",
            "63a18280-50e1-4ee2-bcef-a4290fae0ef3",
            "d3620e42-fd01-4080-8fee-caa8ea9550a5",
            "56ca88b3-895e-418d-85c8-e21f33696834",
            "82d92388-1706-4dce-95a5-96cc265a1b54"
          ]
        }
      ],
      "Page": 1
    },
    {
      "BlockType": "LINE",
      "Confidence": 99.16826629638672,
      "Text": "fundacionais",
      "Geometry": {
        "BoundingBox": {
          "Width": 0.07001950591802597,
          "Height": 0.01037889439612627,
          "Left": 0.44205987453460693,
          "Top": 0.21967710554599762
        },
        "Polygon": [
          {
            "X": 0.44211912155151367,
            "Y": 0.21967710554599762
          },
          {
            "X": 0.5120793581008911,
            "Y": 0.22002126276493073
          },
          {
            "X": 0.5120193958282471,
            "Y": 0.2300560027360916
          },
          {
            "X": 0.44205987453460693,
            "Y": 0.2297089844942093
          }
        ]
      },
      "Id": "1bd9fabe-eaf5-4e00-b7cb-0c2b006850b4",
      "Relationships": [
        {
          "Type": "CHILD",
          "Ids": [
            "d7d4c3bc-a7c4-4dd1-ac1f-8e619941c970"
          ]
        }
      ],
      "Page": 1
    },
    {
      "BlockType": "LINE",
      "Confidence": 85.8370361328125,
      "Text": "ce",
      "Geometry": {
        "BoundingBox": {
          "Width": 0.02473525144159794,
          "Height": 0.009618820622563362,
          "Left": 0.00010858731548069045,
          "Top": 0.2693237066268921
        },
        "Polygon": [
          {
            "X": 0.0001604838907951489,
            "Y": 0.2693237066268921
          },
          {
            "X": 0.024843838065862656,
            "Y": 0.2694503664970398
          },
          {
            "X": 0.02479170449078083,
            "Y": 0.2789425253868103
          },
          {
            "X": 0.00010858731548069045,
            "Y": 0.2788149118423462
          }
        ]
      },
      "Id": "a8447f15-a785-4f81-a4c9-d67f1e22a516",
      "Relationships": [
        {
          "Type": "CHILD",
          "Ids": [
            "fa99dca6-82b8-453c-81bc-aba29492f900"
          ]
        }
      ],
      "Page": 1
    },
    {
      "BlockType": "LINE",
      "Confidence": 98.83930969238281,
      "Text": "Resposta",
      "Geometry": {
        "BoundingBox": {
          "Width": 0.043969448655843735,
          "Height": 0.008287143893539906,
          "Left": 0.5383906364440918,
          "Top": 0.27755188941955566
        },
        "Polygon": [
          {
            "X": 0.5384390354156494,
            "Y": 0.27755188941955566
          },
          {
            "X": 0.5823600888252258,
            "Y": 0.2777782380580902
          },
          {
            "X": 0.5823113322257996,
            "Y": 0.2858390212059021
          },
          {
            "X": 0.5383906364440918,
            "Y": 0.28561124205589294
          }
        ]
      },
      "Id": "b4987fcf-9559-4996-b5b9-3fb4ddb68df6",
      "Relationships": [
        {
          "Type": "CHILD",
          "Ids": [
            "01650b79-330f-4f22-ac4f-29482a0eb87a"
          ]
        }
      ],
      "Page": 1
    },
    {
      "BlockType": "LINE",
      "Confidence": 97.6162338256836,
      "Text": "av",
      "Geometry": {
        "BoundingBox": {
          "Width": 0.09347822517156601,
          "Height": 0.05010431259870529,
          "Left": 0.9062634706497192,
          "Top": 0.24400797486305237
        },
        "Polygon": [
          {
            "X": 0.9065795540809631,
            "Y": 0.24400797486305237
          },
          {
            "X": 0.9997417330741882,
            "Y": 0.2444746345281601
          },
          {
            "X": 0.9994209408760071,
            "Y": 0.29411229491233826
          },
          {
            "X": 0.9062634706497192,
            "Y": 0.2936268448829651
          }
        ]
      },
      "Id": "24632b9c-0243-4282-acfb-60b62c1f0e58",
      "Relationships": [
        {
          "Type": "CHILD",
          "Ids": [
            "8ba909cb-d10b-4d49-bbf0-0b44e1319c85"
          ]
        }
      ],
      "Page": 1
    },
    {
      "BlockType": "LINE",
      "Confidence": 29.546207427978516,
      "Text": "88",
      "Geometry": {
        "BoundingBox": {
          "Width": 0.03041773848235607,
          "Height": 0.016054121777415276,
          "Left": 0.16185322403907776,
          "Top": 0.2804948091506958
        },
        "Polygon": [
          {
            "X": 0.16194269061088562,
            "Y": 0.2804948091506958
          },
          {
            "X": 0.19227096438407898,
            "Y": 0.28065168857574463
          },
          {
            "X": 0.19218099117279053,
            "Y": 0.29654890298843384
          },
          {
            "X": 0.16185322403907776,
            "Y": 0.2963900566101074
          }
        ]
      },
      "Id": "8a100359-8772-429e-bca8-55104dbc3cd6",
      "Relationships": [
        {
          "Type": "CHILD",
          "Ids": [
            "9a152211-116e-44b7-9648-5eb521e8b7f4"
          ]
        }
      ],
      "Page": 1
    },
    {
      "BlockType": "LINE",
      "Confidence": 99.77127075195312,
      "Text": "final",
      "Geometry": {
        "BoundingBox": {
          "Width": 0.022996608167886734,
          "Height": 0.007234153803437948,
          "Left": 0.548340380191803,
          "Top": 0.287066251039505
        },
        "Polygon": [
          {
            "X": 0.5483831763267517,
            "Y": 0.287066251039505
          },
          {
            "X": 0.5713369846343994,
            "Y": 0.287185400724411
          },
          {
            "X": 0.5712940096855164,
            "Y": 0.294300377368927
          },
          {
            "X": 0.548340380191803,
            "Y": 0.2941805422306061
          }
        ]
      },
      "Id": "7be4fd8c-e4b1-452e-b772-a312e0966358",
      "Relationships": [
        {
          "Type": "CHILD",
          "Ids": [
            "7c50bad8-6b8c-41bd-91ab-b7f77d6247b0"
          ]
        }
      ],
      "Page": 1
    },
    {
      "BlockType": "LINE",
      "Confidence": 13.08287239074707,
      "Text": "Find",
      "Geometry": {
        "BoundingBox": {
          "Width": 0.014042538590729237,
          "Height": 0.004570018034428358,
          "Left": 0.17044565081596375,
          "Top": 0.29868224263191223
        },
        "Polygon": [
          {
            "X": 0.17047099769115448,
            "Y": 0.29868224263191223
          },
          {
            "X": 0.1844881922006607,
            "Y": 0.29875579476356506
          },
          {
            "X": 0.1844627857208252,
            "Y": 0.303252249956131
          },
          {
            "X": 0.17044565081596375,
            "Y": 0.30317845940589905
          }
        ]
      },
      "Id": "6c1ddebb-719b-4356-b01e-0ee60c903524",
      "Relationships": [
        {
          "Type": "CHILD",
          "Ids": [
            "97bcccc3-eff8-4d29-acd4-082c4a01344b"
          ]
        }
      ],
      "Page": 1
    },
    {
      "BlockType": "LINE",
      "Confidence": 34.714351654052734,
      "Text": "Identifiques",
      "Geometry": {
        "BoundingBox": {
          "Width": 0.046315986663103104,
          "Height": 0.005367294419556856,
          "Left": 0.20763657987117767,
          "Top": 0.3020307719707489
        },
        "Polygon": [
          {
            "X": 0.20766563713550568,
            "Y": 0.3020307719707489
          },
          {
            "X": 0.2539525628089905,
            "Y": 0.30227425694465637
          },
          {
            "X": 0.253923237323761,
            "Y": 0.3073980510234833
          },
          {
            "X": 0.20763657987117767,
            "Y": 0.3071536123752594
          }
        ]
      },
      "Id": "01111772-af3b-4b39-ad84-f7508d4ae91c",
      "Relationships": [
        {
          "Type": "CHILD",
          "Ids": [
            "32b9a8d3-2db6-4e40-9393-c975a1ba32bd"
          ]
        }
      ],
      "Page": 1
    },
    {
      "BlockType": "LINE",
      "Confidence": 95.6579360961914,
      "Text": "Usuários",
      "Geometry": {
        "BoundingBox": {
          "Width": 0.041726142168045044,
          "Height": 0.006666906177997589,
          "Left": 0.15560995042324066,
          "Top": 0.307219535112381
        },
        "Polygon": [
          {
            "X": 0.1556461900472641,
            "Y": 0.307219535112381
          },
          {
            "X": 0.1973360925912857,
            "Y": 0.30743977427482605
          },
          {
            "X": 0.19729958474636078,
            "Y": 0.313886433839798
          },
          {
            "X": 0.15560995042324066,
            "Y": 0.31366512179374695
          }
        ]
      },
      "Id": "3d7ca178-da7f-4ee8-b99b-780f750790c6",
      "Relationships": [
        {
          "Type": "CHILD",
          "Ids": [
            "41c08c09-1dcd-495a-8ad6-38797cd9f74b"
          ]
        }
      ],
      "Page": 1
    },
    {
      "BlockType": "LINE",
      "Confidence": 59.6331901550293,
      "Text": "autorize",
      "Geometry": {
        "BoundingBox": {
          "Width": 0.03137991577386856,
          "Height": 0.004716688767075539,
          "Left": 0.20631439983844757,
          "Top": 0.30988815426826477
        },
        "Polygon": [
          {
            "X": 0.20634020864963531,
            "Y": 0.30988815426826477
          },
          {
            "X": 0.23769430816173553,
            "Y": 0.31005409359931946
          },
          {
            "X": 0.23766835033893585,
            "Y": 0.31460484862327576
          },
          {
            "X": 0.20631439983844757,
            "Y": 0.3144383132457733
          }
        ]
      },
      "Id": "0aa9c4ec-8728-4443-84b8-c9732abcc50a",
      "Relationships": [
        {
          "Type": "CHILD",
          "Ids": [
            "b3e59300-4daf-47dd-9d2b-585e16cfe39a"
          ]
        }
      ],
      "Page": 1
    },
    {
      "BlockType": "LINE",
      "Confidence": 95.02951049804688,
      "Text": "Generative Al-",
      "Geometry": {
        "BoundingBox": {
          "Width": 0.07260546088218689,
          "Height": 0.008511212654411793,
          "Left": 0.2604328393936157,
          "Top": 0.30523738265037537
        },
        "Polygon": [
          {
            "X": 0.2604793608188629,
            "Y": 0.30523738265037537
          },
          {
            "X": 0.3330383002758026,
            "Y": 0.3056199252605438
          },
          {
            "X": 0.3329911530017853,
            "Y": 0.3137485682964325
          },
          {
            "X": 0.2604328393936157,
            "Y": 0.313363641500473
          }
        ]
      },
      "Id": "7bf5f5b3-204f-449a-8cf7-4bb908cdc565",
      "Relationships": [
        {
          "Type": "CHILD",
          "Ids": [
            "111309be-bc5a-4b28-ba60-34bbaa9580a5",
            "78a430ea-f09d-466e-beff-301406688191"
          ]
        }
      ],
      "Page": 1
    },
    {
      "BlockType": "LINE",
      "Confidence": 99.88217163085938,
      "Text": "driven apps",
      "Geometry": {
        "BoundingBox": {
          "Width": 0.05905628949403763,
          "Height": 0.00857594981789589,
          "Left": 0.26631417870521545,
          "Top": 0.31597036123275757
        },
        "Polygon": [
          {
            "X": 0.2663615345954895,
            "Y": 0.31597036123275757
          },
          {
            "X": 0.3253704607486725,
            "Y": 0.31628406047821045
          },
          {
            "X": 0.32532259821891785,
            "Y": 0.32454630732536316
          },
          {
            "X": 0.26631417870521545,
            "Y": 0.3242306411266327
          }
        ]
      },
      "Id": "93db4bca-18e9-49f9-9e13-7cbd11c3b1dd",
      "Relationships": [
        {
          "Type": "CHILD",
          "Ids": [
            "b15aeb3e-c35b-4561-808b-09781b14e873",
            "00de766f-d992-4e77-9243-eedff9b091f3"
          ]
        }
      ],
      "Page": 1
    },
    {
      "BlockType": "LINE",
      "Confidence": 99.95413208007812,
      "Text": "Agent",
      "Geometry": {
        "BoundingBox": {
          "Width": 0.03243154659867287,
          "Height": 0.008605127222836018,
          "Left": 0.3998155891895294,
          "Top": 0.314170241355896
        },
        "Polygon": [
          {
            "X": 0.3998650312423706,
            "Y": 0.314170241355896
          },
          {
            "X": 0.432247132062912,
            "Y": 0.31434205174446106
          },
          {
            "X": 0.4321973919868469,
            "Y": 0.32277536392211914
          },
          {
            "X": 0.3998155891895294,
            "Y": 0.32260245084762573
          }
        ]
      },
      "Id": "fa586776-acb1-4d43-8b11-97987a909cd7",
      "Relationships": [
        {
          "Type": "CHILD",
          "Ids": [
            "95bf4a49-0fc2-454e-aad3-ca0656f0e2dd"
          ]
        }
      ],
      "Page": 1
    },
    {
      "BlockType": "LINE",
      "Confidence": 99.3736801147461,
      "Text": "Autorize",
      "Geometry": {
        "BoundingBox": {
          "Width": 0.033872634172439575,
          "Height": 0.005634407978504896,
          "Left": 0.34041324257850647,
          "Top": 0.3373478055000305
        },
        "Polygon": [
          {
            "X": 0.3404448926448822,
            "Y": 0.3373478055000305
          },
          {
            "X": 0.37428587675094604,
            "Y": 0.33753061294555664
          },
          {
            "X": 0.3742540180683136,
            "Y": 0.3429822325706482
          },
          {
            "X": 0.34041324257850647,
            "Y": 0.3427986800670624
          }
        ]
      },
      "Id": "3f758cc5-d36d-4d19-9e36-bc8a4e4f924a",
      "Relationships": [
        {
          "Type": "CHILD",
          "Ids": [
            "d4dc2968-8189-4e49-82b2-dcd0749327f6"
          ]
        }
      ],
      "Page": 1
    },
    {
      "BlockType": "LINE",
      "Confidence": 99.53639221191406,
      "Text": "Autorize",
      "Geometry": {
        "BoundingBox": {
          "Width": 0.03544149920344353,
          "Height": 0.00607255520299077,
          "Left": 0.4549103379249573,
          "Top": 0.33539673686027527
        },
        "Polygon": [
          {
            "X": 0.4549451470375061,
            "Y": 0.33539673686027527
          },
          {
            "X": 0.4903518259525299,
            "Y": 0.33558762073516846
          },
          {
            "X": 0.49031680822372437,
            "Y": 0.34146928787231445
          },
          {
            "X": 0.4549103379249573,
            "Y": 0.3412775695323944
          }
        ]
      },
      "Id": "8f15a57f-df5f-41d6-a77e-2815a05fccfb",
      "Relationships": [
        {
          "Type": "CHILD",
          "Ids": [
            "a75c8497-ad98-4394-947e-79a54a8c1cac"
          ]
        }
      ],
      "Page": 1
    },
    {
      "BlockType": "LINE",
      "Confidence": 98.5242691040039,
      "Text": "aqui",
      "Geometry": {
        "BoundingBox": {
          "Width": 0.01638561487197876,
          "Height": 0.006533708423376083,
          "Left": 0.3491201102733612,
          "Top": 0.3453005254268646
        },
        "Polygon": [
          {
            "X": 0.3491576015949249,
            "Y": 0.3453005254268646
          },
          {
            "X": 0.36550572514533997,
            "Y": 0.34538933634757996
          },
          {
            "X": 0.3654681444168091,
            "Y": 0.3518342077732086
          },
          {
            "X": 0.3491201102733612,
            "Y": 0.35174494981765747
          }
        ]
      },
      "Id": "3cf62ba4-ee02-452c-9f90-7a2f6239cd0c",
      "Relationships": [
        {
          "Type": "CHILD",
          "Ids": [
            "5d385248-dc83-4d13-847a-7721085ef894"
          ]
        }
      ],
      "Page": 1
    },
    {
      "BlockType": "LINE",
      "Confidence": 95.56770324707031,
      "Text": "aqui",
      "Geometry": {
        "BoundingBox": {
          "Width": 0.016618793830275536,
          "Height": 0.006464418955147266,
          "Left": 0.46400830149650574,
          "Top": 0.3437950909137726
        },
        "Polygon": [
          {
            "X": 0.4640461206436157,
            "Y": 0.3437950909137726
          },
          {
            "X": 0.4806270897388458,
            "Y": 0.34388503432273865
          },
          {
            "X": 0.48058921098709106,
            "Y": 0.3502595126628876
          },
          {
            "X": 0.46400830149650574,
            "Y": 0.3501691222190857
          }
        ]
      },
      "Id": "d48d8f2c-820a-42fd-b0a5-c690a051bc0b",
      "Relationships": [
        {
          "Type": "CHILD",
          "Ids": [
            "1a71f05d-ae27-46ef-b0d5-6fd33a925605"
          ]
        }
      ],
      "Page": 1
    },
    {
      "BlockType": "LINE",
      "Confidence": 76.56584930419922,
      "Text": "x",
      "Geometry": {
        "BoundingBox": {
          "Width": 0.007337668910622597,
          "Height": 0.005594606511294842,
          "Left": 0.5128189325332642,
          "Top": 0.3460412919521332
        },
        "Polygon": [
          {
            "X": 0.512852132320404,
            "Y": 0.3460412919521332
          },
          {
            "X": 0.5201565623283386,
            "Y": 0.3460809886455536
          },
          {
            "X": 0.5201233625411987,
            "Y": 0.3516359031200409
          },
          {
            "X": 0.5128189325332642,
            "Y": 0.35159605741500854
          }
        ]
      },
      "Id": "020bf67f-da41-49dc-a789-58e3b61974ef",
      "Relationships": [
        {
          "Type": "CHILD",
          "Ids": [
            "f7f7e128-7131-4a1c-a870-df99e98e31d2"
          ]
        }
      ],
      "Page": 1
    },
    {
      "BlockType": "LINE",
      "Confidence": 94.26129150390625,
      "Text": "F",
      "Geometry": {
        "BoundingBox": {
          "Width": 0.010952038690447807,
          "Height": 0.008083177730441093,
          "Left": 0.5283409953117371,
          "Top": 0.34245628118515015
        },
        "Polygon": [
          {
            "X": 0.5283890962600708,
            "Y": 0.34245628118515015
          },
          {
            "X": 0.5392929911613464,
            "Y": 0.34251534938812256
          },
          {
            "X": 0.5392448306083679,
            "Y": 0.3505394458770752
          },
          {
            "X": 0.5283409953117371,
            "Y": 0.35048002004623413
          }
        ]
      },
      "Id": "36268323-5fac-42fb-8c90-2497ac87ff53",
      "Relationships": [
        {
          "Type": "CHILD",
          "Ids": [
            "f7f59cf3-8480-463f-af52-bd0d52be8543"
          ]
        }
      ],
      "Page": 1
    },
    {
      "BlockType": "LINE",
      "Confidence": 99.87625885009766,
      "Text": "Base de",
      "Geometry": {
        "BoundingBox": {
          "Width": 0.03981770947575569,
          "Height": 0.007657378446310759,
          "Left": 0.3463541567325592,
          "Top": 0.41439831256866455
        },
        "Polygon": [
          {
            "X": 0.346397340297699,
            "Y": 0.41439831256866455
          },
          {
            "X": 0.3861718773841858,
            "Y": 0.4146256446838379
          },
          {
            "X": 0.38612836599349976,
            "Y": 0.4220556914806366
          },
          {
            "X": 0.3463541567325592,
            "Y": 0.42182713747024536
          }
        ]
      },
      "Id": "b6b222d0-31e6-4d6b-9faf-ff73fda6daf6",
      "Relationships": [
        {
          "Type": "CHILD",
          "Ids": [
            "5928cc0e-d7dc-4c9f-b798-0a10c86586cc",
            "f6b1bd49-e93d-44a2-b264-7d8bc17399b1"
          ]
        }
      ],
      "Page": 1
    },
    {
      "BlockType": "LINE",
      "Confidence": 99.64341735839844,
      "Text": "Ferramentas",
      "Geometry": {
        "BoundingBox": {
          "Width": 0.0674864873290062,
          "Height": 0.007663613185286522,
          "Left": 0.4228111803531647,
          "Top": 0.4203494191169739
        },
        "Polygon": [
          {
            "X": 0.4228540360927582,
            "Y": 0.4203494191169739
          },
          {
            "X": 0.49029767513275146,
            "Y": 0.4207364320755005
          },
          {
            "X": 0.49025431275367737,
            "Y": 0.42801302671432495
          },
          {
            "X": 0.4228111803531647,
            "Y": 0.42762401700019836
          }
        ]
      },
      "Id": "5f999a6e-b6f8-46bc-b2b7-4b6b0b569a11",
      "Relationships": [
        {
          "Type": "CHILD",
          "Ids": [
            "2a70c7ae-f430-4dc4-a791-8da4433b0811"
          ]
        }
      ],
      "Page": 1
    },
    {
      "BlockType": "LINE",
      "Confidence": 99.49642181396484,
      "Text": "conhecimento",
      "Geometry": {
        "BoundingBox": {
          "Width": 0.07330740988254547,
          "Height": 0.007915659807622433,
          "Left": 0.32907310128211975,
          "Top": 0.4245748817920685
        },
        "Polygon": [
          {
            "X": 0.3291165232658386,
            "Y": 0.4245748817920685
          },
          {
            "X": 0.4023805260658264,
            "Y": 0.4249967038631439
          },
          {
            "X": 0.4023365378379822,
            "Y": 0.4324905276298523
          },
          {
            "X": 0.32907310128211975,
            "Y": 0.4320664703845978
          }
        ]
      },
      "Id": "a4c9d370-9a51-460c-b01d-6b488d5a0d28",
      "Relationships": [
        {
          "Type": "CHILD",
          "Ids": [
            "1b378551-b1dc-4bd3-8d36-6068a04a64c5"
          ]
        }
      ],
      "Page": 1
    },
    {
      "BlockType": "WORD",
      "Confidence": 98.35498046875,
      "Text": "Cloud",
      "TextType": "PRINTED",
      "Geometry": {
        "BoundingBox": {
          "Width": 0.024953706189990044,
          "Height": 0.006295410916209221,
          "Left": 0.6899687647819519,
          "Top": 0.16007594764232635
        },
        "Polygon": [
          {
            "X": 0.6900067925453186,
            "Y": 0.16007594764232635
          },
          {
            "X": 0.7149224877357483,
            "Y": 0.1601923406124115
          },
          {
            "X": 0.7148842811584473,
            "Y": 0.16637136042118073
          },
          {
            "X": 0.6899687647819519,
            "Y": 0.16625434160232544
          }
        ]
      },
      "Id": "6a488426-8232-4e7d-9aef-3cd719c2ee26",
      "Page": 1
    },
    {
      "BlockType": "WORD",
      "Confidence": 97.36946105957031,
      "Text": "aws",
      "TextType": "PRINTED",
      "Geometry": {
        "BoundingBox": {
          "Width": 0.044943615794181824,
          "Height": 0.012964761815965176,
          "Left": 0.6183950901031494,
          "Top": 0.16252130270004272
        },
        "Polygon": [
          {
            "X": 0.6184726357460022,
            "Y": 0.16252130270004272
          },
          {
            "X": 0.6633387207984924,
            "Y": 0.16273140907287598
          },
          {
            "X": 0.6632605791091919,
            "Y": 0.17548605799674988
          },
          {
            "X": 0.6183950901031494,
            "Y": 0.17527364194393158
          }
        ]
      },
      "Id": "f67f7970-e131-4fe2-9674-86bb06fb8f74",
      "Page": 1
    },
    {
      "BlockType": "WORD",
      "Confidence": 99.63488006591797,
      "Text": "Experience",
      "TextType": "PRINTED",
      "Geometry": {
        "BoundingBox": {
          "Width": 0.04588693007826805,
          "Height": 0.007192839868366718,
          "Left": 0.6896023750305176,
          "Top": 0.16765031218528748
        },
        "Polygon": [
          {
            "X": 0.6896452903747559,
            "Y": 0.16765031218528748
          },
          {
            "X": 0.7354893088340759,
            "Y": 0.16786588728427887
          },
          {
            "X": 0.7354460954666138,
            "Y": 0.17484314739704132
          },
          {
            "X": 0.6896023750305176,
            "Y": 0.17462627589702606
          }
        ]
      },
      "Id": "6c829d1c-b5a1-4e98-bd74-6a4c88623e81",
      "Page": 1
    },
    {
      "BlockType": "WORD",
      "Confidence": 95.59130096435547,
      "Text": "Segurança",
      "TextType": "PRINTED",
      "Geometry": {
        "BoundingBox": {
          "Width": 0.09910089522600174,
          "Height": 0.018704526126384735,
          "Left": 0.1026526391506195,
          "Top": 0.18081675469875336
        },
        "Polygon": [
          {
            "X": 0.1027541384100914,
            "Y": 0.18081675469875336
          },
          {
            "X": 0.20175352692604065,
            "Y": 0.1812887340784073
          },
          {
            "X": 0.20165018737316132,
            "Y": 0.1995212882757187
          },
          {
            "X": 0.1026526391506195,
            "Y": 0.199041947722435
          }
        ]
      },
      "Id": "206ad04b-0c6b-404d-adc5-aea04cb2792e",
      "Page": 1
    },
    {
      "BlockType": "WORD",
      "Confidence": 99.803955078125,
      "Text": "e",
      "TextType": "PRINTED",
      "Geometry": {
        "BoundingBox": {
          "Width": 0.011296113952994347,
          "Height": 0.011120724491775036,
          "Left": 0.20576588809490204,
          "Top": 0.18069712817668915
        },
        "Polygon": [
          {
            "X": 0.20582865178585052,
            "Y": 0.18069712817668915
          },
          {
            "X": 0.21706199645996094,
            "Y": 0.18075065314769745
          },
          {
            "X": 0.2169990986585617,
            "Y": 0.19181784987449646
          },
          {
            "X": 0.20576588809490204,
            "Y": 0.19176381826400757
          }
        ]
      },
      "Id": "af6bd60c-291f-4e44-b799-3430c694bc2e",
      "Page": 1
    },
    {
      "BlockType": "WORD",
      "Confidence": 93.67728424072266,
      "Text": "Identidade",
      "TextType": "PRINTED",
      "Geometry": {
        "BoundingBox": {
          "Width": 0.10769366472959518,
          "Height": 0.019964387640357018,
          "Left": 0.22170127928256989,
          "Top": 0.17231473326683044
        },
        "Polygon": [
          {
            "X": 0.22181189060211182,
            "Y": 0.17231473326683044
          },
          {
            "X": 0.3293949365615845,
            "Y": 0.17282365262508392
          },
          {
            "X": 0.3292821943759918,
            "Y": 0.1922791302204132
          },
          {
            "X": 0.22170127928256989,
            "Y": 0.19176168739795685
          }
        ]
      },
      "Id": "9e089137-943c-4643-9ea9-d120c48d3089",
      "Page": 1
    },
    {
      "BlockType": "WORD",
      "Confidence": 99.19110870361328,
      "Text": "Integradas",
      "TextType": "PRINTED",
      "Geometry": {
        "BoundingBox": {
          "Width": 0.11046447604894638,
          "Height": 0.020962975919246674,
          "Left": 0.3346010446548462,
          "Top": 0.16663874685764313
        },
        "Polygon": [
          {
            "X": 0.33471956849098206,
            "Y": 0.16663874685764313
          },
          {
            "X": 0.44506552815437317,
            "Y": 0.16715791821479797
          },
          {
            "X": 0.44494470953941345,
            "Y": 0.1876017153263092
          },
          {
            "X": 0.3346010446548462,
            "Y": 0.18707333505153656
          }
        ]
      },
      "Id": "314f25a0-9a30-4828-9b62-144375d795cb",
      "Page": 1
    },
    {
      "BlockType": "WORD",
      "Confidence": 99.8260498046875,
      "Text": "2025",
      "TextType": "PRINTED",
      "Geometry": {
        "BoundingBox": {
          "Width": 0.020512759685516357,
          "Height": 0.006158836651593447,
          "Left": 0.6898041367530823,
          "Top": 0.176051527261734
        },
        "Polygon": [
          {
            "X": 0.6898413896560669,
            "Y": 0.176051527261734
          },
          {
            "X": 0.7103168964385986,
            "Y": 0.17614851891994476
          },
          {
            "X": 0.7102794647216797,
            "Y": 0.18221037089824677
          },
          {
            "X": 0.6898041367530823,
            "Y": 0.18211287260055542
          }
        ]
      },
      "Id": "d0b5747a-081b-46f5-82c6-3ea5c5b915dc",
      "Page": 1
    },
    {
      "BlockType": "WORD",
      "Confidence": 99.0803451538086,
      "Text": "integrando",
      "TextType": "PRINTED",
      "Geometry": {
        "BoundingBox": {
          "Width": 0.06396179646253586,
          "Height": 0.009921485558152199,
          "Left": 0.1002616286277771,
          "Top": 0.2075086534023285
        },
        "Polygon": [
          {
            "X": 0.10031511634588242,
            "Y": 0.2075086534023285
          },
          {
            "X": 0.16422343254089355,
            "Y": 0.20782031118869781
          },
          {
            "X": 0.1641693115234375,
            "Y": 0.21743014454841614
          },
          {
            "X": 0.1002616286277771,
            "Y": 0.21711598336696625
          }
        ]
      },
      "Id": "b7411571-f911-4918-aa24-b3e471bd276d",
      "Page": 1
    },
    {
      "BlockType": "WORD",
      "Confidence": 99.54131317138672,
      "Text": "mecanismos",
      "TextType": "PRINTED",
      "Geometry": {
        "BoundingBox": {
          "Width": 0.07290402799844742,
          "Height": 0.010588293895125389,
          "Left": 0.16804178059101105,
          "Top": 0.2041822224855423
        },
        "Polygon": [
          {
            "X": 0.16809943318367004,
            "Y": 0.2041822224855423
          },
          {
            "X": 0.24094581604003906,
            "Y": 0.20453636348247528
          },
          {
            "X": 0.24088740348815918,
            "Y": 0.21477051079273224
          },
          {
            "X": 0.16804178059101105,
            "Y": 0.2144133299589157
          }
        ]
      },
      "Id": "b4019858-8218-443d-8053-46e696094715",
      "Page": 1
    },
    {
      "BlockType": "WORD",
      "Confidence": 99.29634094238281,
      "Text": "de",
      "TextType": "PRINTED",
      "Geometry": {
        "BoundingBox": {
          "Width": 0.01395596843212843,
          "Height": 0.007123120129108429,
          "Left": 0.2433023303747177,
          "Top": 0.20313112437725067
        },
        "Polygon": [
          {
            "X": 0.24334260821342468,
            "Y": 0.20313112437725067
          },
          {
            "X": 0.2572582960128784,
            "Y": 0.20319870114326477
          },
          {
            "X": 0.2572179138660431,
            "Y": 0.2102542519569397
          },
          {
            "X": 0.2433023303747177,
            "Y": 0.21018627285957336
          }
        ]
      },
      "Id": "cfa3e405-3bc1-4fb4-a1d6-a2b1a6833848",
      "Page": 1
    },
    {
      "BlockType": "WORD",
      "Confidence": 91.45125579833984,
      "Text": "segurança",
      "TextType": "PRINTED",
      "Geometry": {
        "BoundingBox": {
          "Width": 0.061946891248226166,
          "Height": 0.010400310158729553,
          "Left": 0.26209527254104614,
          "Top": 0.20022833347320557
        },
        "Polygon": [
          {
            "X": 0.26215311884880066,
            "Y": 0.20022833347320557
          },
          {
            "X": 0.3240421712398529,
            "Y": 0.2005281001329422
          },
          {
            "X": 0.32398369908332825,
            "Y": 0.21062864363193512
          },
          {
            "X": 0.26209527254104614,
            "Y": 0.21032634377479553
          }
        ]
      },
      "Id": "7ed3765c-06d3-4eca-98ff-85684a169fea",
      "Page": 1
    },
    {
      "BlockType": "WORD",
      "Confidence": 97.73470306396484,
      "Text": "em",
      "TextType": "PRINTED",
      "Geometry": {
        "BoundingBox": {
          "Width": 0.017324866726994514,
          "Height": 0.006743261590600014,
          "Left": 0.32876887917518616,
          "Top": 0.19959944486618042
        },
        "Polygon": [
          {
            "X": 0.3288074731826782,
            "Y": 0.19959944486618042
          },
          {
            "X": 0.3460937440395355,
            "Y": 0.19968309998512268
          },
          {
            "X": 0.3460550606250763,
            "Y": 0.2063426971435547
          },
          {
            "X": 0.32876887917518616,
            "Y": 0.20625858008861542
          }
        ]
      },
      "Id": "db976bf7-5183-4994-be78-1b509594afdd",
      "Page": 1
    },
    {
      "BlockType": "WORD",
      "Confidence": 98.86785888671875,
      "Text": "sua",
      "TextType": "PRINTED",
      "Geometry": {
        "BoundingBox": {
          "Width": 0.02232898212969303,
          "Height": 0.007636220660060644,
          "Left": 0.3503904938697815,
          "Top": 0.19849513471126556
        },
        "Polygon": [
          {
            "X": 0.350434273481369,
            "Y": 0.19849513471126556
          },
          {
            "X": 0.37271949648857117,
            "Y": 0.19860287010669708
          },
          {
            "X": 0.3726755380630493,
            "Y": 0.20613135397434235
          },
          {
            "X": 0.3503904938697815,
            "Y": 0.20602291822433472
          }
        ]
      },
      "Id": "737d482b-a9fb-43bd-a443-b99b8d8a3dc2",
      "Page": 1
    },
    {
      "BlockType": "WORD",
      "Confidence": 90.98648071289062,
      "Text": "implantação",
      "TextType": "PRINTED",
      "Geometry": {
        "BoundingBox": {
          "Width": 0.07924787700176239,
          "Height": 0.011287677101790905,
          "Left": 0.37770992517471313,
          "Top": 0.1933697611093521
        },
        "Polygon": [
          {
            "X": 0.37777361273765564,
            "Y": 0.1933697611093521
          },
          {
            "X": 0.45695778727531433,
            "Y": 0.19375090301036835
          },
          {
            "X": 0.4568932056427002,
            "Y": 0.2046574354171753
          },
          {
            "X": 0.37770992517471313,
            "Y": 0.2042727917432785
          }
        ]
      },
      "Id": "63a18280-50e1-4ee2-bcef-a4290fae0ef3",
      "Page": 1
    },
    {
      "BlockType": "WORD",
      "Confidence": 99.62464904785156,
      "Text": "Modelos",
      "TextType": "PRINTED",
      "Geometry": {
        "BoundingBox": {
          "Width": 0.04576205834746361,
          "Height": 0.00889759324491024,
          "Left": 0.45460009574890137,
          "Top": 0.21022872626781464
        },
        "Polygon": [
          {
            "X": 0.454651415348053,
            "Y": 0.21022872626781464
          },
          {
            "X": 0.5003621578216553,
            "Y": 0.21045181155204773
          },
          {
            "X": 0.5003104209899902,
            "Y": 0.21912631392478943
          },
          {
            "X": 0.45460009574890137,
            "Y": 0.2189016044139862
          }
        ]
      },
      "Id": "d3620e42-fd01-4080-8fee-caa8ea9550a5",
      "Page": 1
    },
    {
      "BlockType": "WORD",
      "Confidence": 53.23107147216797,
      "Text": "delA",
      "TextType": "PRINTED",
      "Geometry": {
        "BoundingBox": {
          "Width": 0.03536124899983406,
          "Height": 0.009096297435462475,
          "Left": 0.46180254220962524,
          "Top": 0.19106921553611755
        },
        "Polygon": [
          {
            "X": 0.4618554413318634,
            "Y": 0.19106921553611755
          },
          {
            "X": 0.4971638023853302,
            "Y": 0.19123877584934235
          },
          {
            "X": 0.4971105754375458,
            "Y": 0.2001655101776123
          },
          {
            "X": 0.46180254220962524,
            "Y": 0.19999466836452484
          }
        ]
      },
      "Id": "56ca88b3-895e-418d-85c8-e21f33696834",
      "Page": 1
    },
    {
      "BlockType": "WORD",
      "Confidence": 99.5981674194336,
      "Text": "generativa",
      "TextType": "PRINTED",
      "Geometry": {
        "BoundingBox": {
          "Width": 0.07407203316688538,
          "Height": 0.011833854019641876,
          "Left": 0.5007330179214478,
          "Top": 0.18817034363746643
        },
        "Polygon": [
          {
            "X": 0.5008014440536499,
            "Y": 0.18817034363746643
          },
          {
            "X": 0.5748050212860107,
            "Y": 0.1885247826576233
          },
          {
            "X": 0.574735701084137,
            "Y": 0.2000041902065277
          },
          {
            "X": 0.5007330179214478,
            "Y": 0.19964627921581268
          }
        ]
      },
      "Id": "82d92388-1706-4dce-95a5-96cc265a1b54",
      "Page": 1
    },
    {
      "BlockType": "WORD",
      "Confidence": 99.16826629638672,
      "Text": "fundacionais",
      "TextType": "PRINTED",
      "Geometry": {
        "BoundingBox": {
          "Width": 0.07001950591802597,
          "Height": 0.01037889439612627,
          "Left": 0.44205987453460693,
          "Top": 0.21967710554599762
        },
        "Polygon": [
          {
            "X": 0.44211912155151367,
            "Y": 0.21967710554599762
          },
          {
            "X": 0.5120793581008911,
            "Y": 0.22002126276493073
          },
          {
            "X": 0.5120193958282471,
            "Y": 0.2300560027360916
          },
          {
            "X": 0.44205987453460693,
            "Y": 0.2297089844942093
          }
        ]
      },
      "Id": "d7d4c3bc-a7c4-4dd1-ac1f-8e619941c970",
      "Page": 1
    },
    {
      "BlockType": "WORD",
      "Confidence": 85.8370361328125,
      "Text": "ce",
      "TextType": "PRINTED",
      "Geometry": {
        "BoundingBox": {
          "Width": 0.02473525144159794,
          "Height": 0.009618820622563362,
          "Left": 0.00010858731548069045,
          "Top": 0.2693237066268921
        },
        "Polygon": [
          {
            "X": 0.0001604838907951489,
            "Y": 0.2693237066268921
          },
          {
            "X": 0.024843838065862656,
            "Y": 0.2694503664970398
          },
          {
            "X": 0.02479170449078083,
            "Y": 0.2789425253868103
          },
          {
            "X": 0.00010858731548069045,
            "Y": 0.2788149118423462
          }
        ]
      },
      "Id": "fa99dca6-82b8-453c-81bc-aba29492f900",
      "Page": 1
    },
    {
      "BlockType": "WORD",
      "Confidence": 98.83930969238281,
      "Text": "Resposta",
      "TextType": "PRINTED",
      "Geometry": {
        "BoundingBox": {
          "Width": 0.043969448655843735,
          "Height": 0.008287143893539906,
          "Left": 0.5383906364440918,
          "Top": 0.27755188941955566
        },
        "Polygon": [
          {
            "X": 0.5384390354156494,
            "Y": 0.27755188941955566
          },
          {
            "X": 0.5823600888252258,
            "Y": 0.2777782380580902
          },
          {
            "X": 0.5823113322257996,
            "Y": 0.2858390212059021
          },
          {
            "X": 0.5383906364440918,
            "Y": 0.28561124205589294
          }
        ]
      },
      "Id": "01650b79-330f-4f22-ac4f-29482a0eb87a",
      "Page": 1
    },
    {
      "BlockType": "WORD",
      "Confidence": 97.6162338256836,
      "Text": "av",
      "TextType": "PRINTED",
      "Geometry": {
        "BoundingBox": {
          "Width": 0.09347822517156601,
          "Height": 0.05010431259870529,
          "Left": 0.9062634706497192,
          "Top": 0.24400797486305237
        },
        "Polygon": [
          {
            "X": 0.9065795540809631,
            "Y": 0.24400797486305237
          },
          {
            "X": 0.9997417330741882,
            "Y": 0.2444746345281601
          },
          {
            "X": 0.9994209408760071,
            "Y": 0.29411229491233826
          },
          {
            "X": 0.9062634706497192,
            "Y": 0.2936268448829651
          }
        ]
      },
      "Id": "8ba909cb-d10b-4d49-bbf0-0b44e1319c85",
      "Page": 1
    },
    {
      "BlockType": "WORD",
      "Confidence": 29.546207427978516,
      "Text": "88",
      "TextType": "PRINTED",
      "Geometry": {
        "BoundingBox": {
          "Width": 0.03041773848235607,
          "Height": 0.016054121777415276,
          "Left": 0.16185322403907776,
          "Top": 0.2804948091506958
        },
        "Polygon": [
          {
            "X": 0.16194269061088562,
            "Y": 0.2804948091506958
          },
          {
            "X": 0.19227096438407898,
            "Y": 0.28065168857574463
          },
          {
            "X": 0.19218099117279053,
            "Y": 0.29654890298843384
          },
          {
            "X": 0.16185322403907776,
            "Y": 0.2963900566101074
          }
        ]
      },
      "Id": "9a152211-116e-44b7-9648-5eb521e8b7f4",
      "Page": 1
    },
    {
      "BlockType": "WORD",
      "Confidence": 99.77127075195312,
      "Text": "final",
      "TextType": "PRINTED",
      "Geometry": {
        "BoundingBox": {
          "Width": 0.022996608167886734,
          "Height": 0.007234153803437948,
          "Left": 0.548340380191803,
          "Top": 0.287066251039505
        },
        "Polygon": [
          {
            "X": 0.5483831763267517,
            "Y": 0.287066251039505
          },
          {
            "X": 0.5713369846343994,
            "Y": 0.287185400724411
          },
          {
            "X": 0.5712940096855164,
            "Y": 0.294300377368927
          },
          {
            "X": 0.548340380191803,
            "Y": 0.2941805422306061
          }
        ]
      },
      "Id": "7c50bad8-6b8c-41bd-91ab-b7f77d6247b0",
      "Page": 1
    },
    {
      "BlockType": "WORD",
      "Confidence": 13.08287239074707,
      "Text": "Find",
      "TextType": "PRINTED",
      "Geometry": {
        "BoundingBox": {
          "Width": 0.014042538590729237,
          "Height": 0.004570018034428358,
          "Left": 0.17044565081596375,
          "Top": 0.29868224263191223
        },
        "Polygon": [
          {
            "X": 0.17047099769115448,
            "Y": 0.29868224263191223
          },
          {
            "X": 0.1844881922006607,
            "Y": 0.29875579476356506
          },
          {
            "X": 0.1844627857208252,
            "Y": 0.303252249956131
          },
          {
            "X": 0.17044565081596375,
            "Y": 0.30317845940589905
          }
        ]
      },
      "Id": "97bcccc3-eff8-4d29-acd4-082c4a01344b",
      "Page": 1
    },
    {
      "BlockType": "WORD",
      "Confidence": 34.714351654052734,
      "Text": "Identifiques",
      "TextType": "PRINTED",
      "Geometry": {
        "BoundingBox": {
          "Width": 0.046315986663103104,
          "Height": 0.005367294419556856,
          "Left": 0.20763657987117767,
          "Top": 0.3020307719707489
        },
        "Polygon": [
          {
            "X": 0.20766563713550568,
            "Y": 0.3020307719707489
          },
          {
            "X": 0.2539525628089905,
            "Y": 0.30227425694465637
          },
          {
            "X": 0.253923237323761,
            "Y": 0.3073980510234833
          },
          {
            "X": 0.20763657987117767,
            "Y": 0.3071536123752594
          }
        ]
      },
      "Id": "32b9a8d3-2db6-4e40-9393-c975a1ba32bd",
      "Page": 1
    },
    {
      "BlockType": "WORD",
      "Confidence": 95.6579360961914,
      "Text": "Usuários",
      "TextType": "PRINTED",
      "Geometry": {
        "BoundingBox": {
          "Width": 0.041726142168045044,
          "Height": 0.006666906177997589,
          "Left": 0.15560995042324066,
          "Top": 0.307219535112381
        },
        "Polygon": [
          {
            "X": 0.1556461900472641,
            "Y": 0.307219535112381
          },
          {
            "X": 0.1973360925912857,
            "Y": 0.30743977427482605
          },
          {
            "X": 0.19729958474636078,
            "Y": 0.313886433839798
          },
          {
            "X": 0.15560995042324066,
            "Y": 0.31366512179374695
          }
        ]
      },
      "Id": "41c08c09-1dcd-495a-8ad6-38797cd9f74b",
      "Page": 1
    },
    {
      "BlockType": "WORD",
      "Confidence": 59.6331901550293,
      "Text": "autorize",
      "TextType": "PRINTED",
      "Geometry": {
        "BoundingBox": {
          "Width": 0.03137991577386856,
          "Height": 0.004716688767075539,
          "Left": 0.20631439983844757,
          "Top": 0.30988815426826477
        },
        "Polygon": [
          {
            "X": 0.20634020864963531,
            "Y": 0.30988815426826477
          },
          {
            "X": 0.23769430816173553,
            "Y": 0.31005409359931946
          },
          {
            "X": 0.23766835033893585,
            "Y": 0.31460484862327576
          },
          {
            "X": 0.20631439983844757,
            "Y": 0.3144383132457733
          }
        ]
      },
      "Id": "b3e59300-4daf-47dd-9d2b-585e16cfe39a",
      "Page": 1
    },
    {
      "BlockType": "WORD",
      "Confidence": 99.89881896972656,
      "Text": "Generative",
      "TextType": "PRINTED",
      "Geometry": {
        "BoundingBox": {
          "Width": 0.054708413779735565,
          "Height": 0.008276088163256645,
          "Left": 0.2604328393936157,
          "Top": 0.3053775429725647
        },
        "Polygon": [
          {
            "X": 0.26047855615615845,
            "Y": 0.3053775429725647
          },
          {
            "X": 0.3151412308216095,
            "Y": 0.3056657612323761
          },
          {
            "X": 0.31509506702423096,
            "Y": 0.3136536478996277
          },
          {
            "X": 0.2604328393936157,
            "Y": 0.313363641500473
          }
        ]
      },
      "Id": "111309be-bc5a-4b28-ba60-34bbaa9580a5",
      "Page": 1
    },
    {
      "BlockType": "WORD",
      "Confidence": 90.16020202636719,
      "Text": "Al-",
      "TextType": "PRINTED",
      "Geometry": {
        "BoundingBox": {
          "Width": 0.015361329540610313,
          "Height": 0.007061800453811884,
          "Left": 0.31767696142196655,
          "Top": 0.3055391311645508
        },
        "Polygon": [
          {
            "X": 0.3177173435688019,
            "Y": 0.3055391311645508
          },
          {
            "X": 0.3330383002758026,
            "Y": 0.3056199252605438
          },
          {
            "X": 0.33299779891967773,
            "Y": 0.3126009404659271
          },
          {
            "X": 0.31767696142196655,
            "Y": 0.31251972913742065
          }
        ]
      },
      "Id": "78a430ea-f09d-466e-beff-301406688191",
      "Page": 1
    },
    {
      "BlockType": "WORD",
      "Confidence": 99.95630645751953,
      "Text": "driven",
      "TextType": "PRINTED",
      "Geometry": {
        "BoundingBox": {
          "Width": 0.0318213626742363,
          "Height": 0.00748032983392477,
          "Left": 0.26631960272789,
          "Top": 0.31597036123275757
        },
        "Polygon": [
          {
            "X": 0.2663615345954895,
            "Y": 0.31597036123275757
          },
          {
            "X": 0.2981409728527069,
            "Y": 0.3161393105983734
          },
          {
            "X": 0.2980988323688507,
            "Y": 0.3234506845474243
          },
          {
            "X": 0.26631960272789,
            "Y": 0.32328081130981445
          }
        ]
      },
      "Id": "b15aeb3e-c35b-4561-808b-09781b14e873",
      "Page": 1
    },
    {
      "BlockType": "WORD",
      "Confidence": 99.80804443359375,
      "Text": "apps",
      "TextType": "PRINTED",
      "Geometry": {
        "BoundingBox": {
          "Width": 0.024161363020539284,
          "Height": 0.007390144281089306,
          "Left": 0.30120331048965454,
          "Top": 0.3171561658382416
        },
        "Polygon": [
          {
            "X": 0.30124518275260925,
            "Y": 0.3171561658382416
          },
          {
            "X": 0.3253646492958069,
            "Y": 0.317284494638443
          },
          {
            "X": 0.32532259821891785,
            "Y": 0.32454630732536316
          },
          {
            "X": 0.30120331048965454,
            "Y": 0.3244172930717468
          }
        ]
      },
      "Id": "00de766f-d992-4e77-9243-eedff9b091f3",
      "Page": 1
    },
    {
      "BlockType": "WORD",
      "Confidence": 99.95413208007812,
      "Text": "Agent",
      "TextType": "PRINTED",
      "Geometry": {
        "BoundingBox": {
          "Width": 0.03243154659867287,
          "Height": 0.008605127222836018,
          "Left": 0.3998155891895294,
          "Top": 0.314170241355896
        },
        "Polygon": [
          {
            "X": 0.3998650312423706,
            "Y": 0.314170241355896
          },
          {
            "X": 0.432247132062912,
            "Y": 0.31434205174446106
          },
          {
            "X": 0.4321973919868469,
            "Y": 0.32277536392211914
          },
          {
            "X": 0.3998155891895294,
            "Y": 0.32260245084762573
          }
        ]
      },
      "Id": "95bf4a49-0fc2-454e-aad3-ca0656f0e2dd",
      "Page": 1
    },
    {
      "BlockType": "WORD",
      "Confidence": 99.3736801147461,
      "Text": "Autorize",
      "TextType": "PRINTED",
      "Geometry": {
        "BoundingBox": {
          "Width": 0.033872634172439575,
          "Height": 0.005634407978504896,
          "Left": 0.34041324257850647,
          "Top": 0.3373478055000305
        },
        "Polygon": [
          {
            "X": 0.3404448926448822,
            "Y": 0.3373478055000305
          },
          {
            "X": 0.37428587675094604,
            "Y": 0.33753061294555664
          },
          {
            "X": 0.3742540180683136,
            "Y": 0.3429822325706482
          },
          {
            "X": 0.34041324257850647,
            "Y": 0.3427986800670624
          }
        ]
      },
      "Id": "d4dc2968-8189-4e49-82b2-dcd0749327f6",
      "Page": 1
    },
    {
      "BlockType": "WORD",
      "Confidence": 99.53639221191406,
      "Text": "Autorize",
      "TextType": "PRINTED",
      "Geometry": {
        "BoundingBox": {
          "Width": 0.03544149920344353,
          "Height": 0.00607255520299077,
          "Left": 0.4549103379249573,
          "Top": 0.33539673686027527
        },
        "Polygon": [
          {
            "X": 0.4549451470375061,
            "Y": 0.33539673686027527
          },
          {
            "X": 0.4903518259525299,
            "Y": 0.33558762073516846
          },
          {
            "X": 0.49031680822372437,
            "Y": 0.34146928787231445
          },
          {
            "X": 0.4549103379249573,
            "Y": 0.3412775695323944
          }
        ]
      },
      "Id": "a75c8497-ad98-4394-947e-79a54a8c1cac",
      "Page": 1
    },
    {
      "BlockType": "WORD",
      "Confidence": 98.5242691040039,
      "Text": "aqui",
      "TextType": "PRINTED",
      "Geometry": {
        "BoundingBox": {
          "Width": 0.01638561487197876,
          "Height": 0.006533708423376083,
          "Left": 0.3491201102733612,
          "Top": 0.3453005254268646
        },
        "Polygon": [
          {
            "X": 0.3491576015949249,
            "Y": 0.3453005254268646
          },
          {
            "X": 0.36550572514533997,
            "Y": 0.34538933634757996
          },
          {
            "X": 0.3654681444168091,
            "Y": 0.3518342077732086
          },
          {
            "X": 0.3491201102733612,
            "Y": 0.35174494981765747
          }
        ]
      },
      "Id": "5d385248-dc83-4d13-847a-7721085ef894",
      "Page": 1
    },
    {
      "BlockType": "WORD",
      "Confidence": 95.56770324707031,
      "Text": "aqui",
      "TextType": "PRINTED",
      "Geometry": {
        "BoundingBox": {
          "Width": 0.016618793830275536,
          "Height": 0.006464418955147266,
          "Left": 0.46400830149650574,
          "Top": 0.3437950909137726
        },
        "Polygon": [
          {
            "X": 0.4640461206436157,
            "Y": 0.3437950909137726
          },
          {
            "X": 0.4806270897388458,
            "Y": 0.34388503432273865
          },
          {
            "X": 0.48058921098709106,
            "Y": 0.3502595126628876
          },
          {
            "X": 0.46400830149650574,
            "Y": 0.3501691222190857
          }
        ]
      },
      "Id": "1a71f05d-ae27-46ef-b0d5-6fd33a925605",
      "Page": 1
    },
    {
      "BlockType": "WORD",
      "Confidence": 76.56584930419922,
      "Text": "x",
      "TextType": "PRINTED",
      "Geometry": {
        "BoundingBox": {
          "Width": 0.007337668910622597,
          "Height": 0.005594606511294842,
          "Left": 0.5128189325332642,
          "Top": 0.3460412919521332
        },
        "Polygon": [
          {
            "X": 0.512852132320404,
            "Y": 0.3460412919521332
          },
          {
            "X": 0.5201565623283386,
            "Y": 0.3460809886455536
          },
          {
            "X": 0.5201233625411987,
            "Y": 0.3516359031200409
          },
          {
            "X": 0.5128189325332642,
            "Y": 0.35159605741500854
          }
        ]
      },
      "Id": "f7f7e128-7131-4a1c-a870-df99e98e31d2",
      "Page": 1
    },
    {
      "BlockType": "WORD",
      "Confidence": 94.26129150390625,
      "Text": "F",
      "TextType": "PRINTED",
      "Geometry": {
        "BoundingBox": {
          "Width": 0.010952038690447807,
          "Height": 0.008083177730441093,
          "Left": 0.5283409953117371,
          "Top": 0.34245628118515015
        },
        "Polygon": [
          {
            "X": 0.5283890962600708,
            "Y": 0.34245628118515015
          },
          {
            "X": 0.5392929911613464,
            "Y": 0.34251534938812256
          },
          {
            "X": 0.5392448306083679,
            "Y": 0.3505394458770752
          },
          {
            "X": 0.5283409953117371,
            "Y": 0.35048002004623413
          }
        ]
      },
      "Id": "f7f59cf3-8480-463f-af52-bd0d52be8543",
      "Page": 1
    },
    {
      "BlockType": "WORD",
      "Confidence": 99.93739318847656,
      "Text": "Base",
      "TextType": "PRINTED",
      "Geometry": {
        "BoundingBox": {
          "Width": 0.024393480271100998,
          "Height": 0.00719355558976531,
          "Left": 0.3463541567325592,
          "Top": 0.41477352380752563
        },
        "Polygon": [
          {
            "X": 0.3463951647281647,
            "Y": 0.41477352380752563
          },
          {
            "X": 0.3707476258277893,
            "Y": 0.41491276025772095
          },
          {
            "X": 0.3707064688205719,
            "Y": 0.4219670593738556
          },
          {
            "X": 0.3463541567325592,
            "Y": 0.42182713747024536
          }
        ]
      },
      "Id": "5928cc0e-d7dc-4c9f-b798-0a10c86586cc",
      "Page": 1
    },
    {
      "BlockType": "WORD",
      "Confidence": 99.81513214111328,
      "Text": "de",
      "TextType": "PRINTED",
      "Geometry": {
        "BoundingBox": {
          "Width": 0.012773814611136913,
          "Height": 0.0074637276120483875,
          "Left": 0.3733980357646942,
          "Top": 0.4145528972148895
        },
        "Polygon": [
          {
            "X": 0.373441219329834,
            "Y": 0.4145528972148895
          },
          {
            "X": 0.3861718773841858,
            "Y": 0.4146256446838379
          },
          {
            "X": 0.38612860441207886,
            "Y": 0.42201662063598633
          },
          {
            "X": 0.3733980357646942,
            "Y": 0.42194345593452454
          }
        ]
      },
      "Id": "f6b1bd49-e93d-44a2-b264-7d8bc17399b1",
      "Page": 1
    },
    {
      "BlockType": "WORD",
      "Confidence": 99.64341735839844,
      "Text": "Ferramentas",
      "TextType": "PRINTED",
      "Geometry": {
        "BoundingBox": {
          "Width": 0.0674864873290062,
          "Height": 0.007663613185286522,
          "Left": 0.4228111803531647,
          "Top": 0.4203494191169739
        },
        "Polygon": [
          {
            "X": 0.4228540360927582,
            "Y": 0.4203494191169739
          },
          {
            "X": 0.49029767513275146,
            "Y": 0.4207364320755005
          },
          {
            "X": 0.49025431275367737,
            "Y": 0.42801302671432495
          },
          {
            "X": 0.4228111803531647,
            "Y": 0.42762401700019836
          }
        ]
      },
      "Id": "2a70c7ae-f430-4dc4-a791-8da4433b0811",
      "Page": 1
    },
    {
      "BlockType": "WORD",
      "Confidence": 99.49642181396484,
      "Text": "conhecimento",
      "TextType": "PRINTED",
      "Geometry": {
        "BoundingBox": {
          "Width": 0.07330740988254547,
          "Height": 0.007915659807622433,
          "Left": 0.32907310128211975,
          "Top": 0.4245748817920685
        },
        "Polygon": [
          {
            "X": 0.3291165232658386,
            "Y": 0.4245748817920685
          },
          {
            "X": 0.4023805260658264,
            "Y": 0.4249967038631439
          },
          {
            "X": 0.4023365378379822,
            "Y": 0.4324905276298523
          },
          {
            "X": 0.32907310128211975,
            "Y": 0.4320664703845978
          }
        ]
      },
      "Id": "1b378551-b1dc-4bd3-8d36-6068a04a64c5",
      "Page": 1
    }
  ],
  "DetectDocumentTextModelVersion": "1.0"
}