{
  "DocumentMetadata": {
    "Pages": 1
  },
  "JobStatus": "SUCCEEDED",
  "Blocks": [
    {
      "BlockType": "PAGE",
      "Geometry": {
        "BoundingBox": {
          "Width": 1,
          "Height": 1,
          "Left": 0,
          "Top": 0
        },
        "Polygon": [
          {
            "X": 0,
            "Y": 0
          },
          {
            "X": 1,
            "Y": 0
          },
          {
            "X": 1,
            "Y": 1
          },
          {
            "X": 0,
            "Y": 1
          }
        ]
      },
      "Id": "1b8e8a90-06e9-4193-a113-71eb0563df63",
      "Relationships": [
        {
          "Type": "CHILD",
          "Ids": [
            "8eb778b6-457c-4543-91f9-4f816d809d15",
            "4f796250-b1c7-4657-933d-653590527c10",
            "08d747e5-5601-48a1-b7e2-510cf43216f0",
            "a49317bf-a285-4fb4-8d38-f8cff629e003",
            "d6667701-ff2e-4deb-bb67-0bcafd0d27d5",
            "71dbe2b0-3693-48c5-9b1a-7accddad1fed",
            "4125f01b-e89a-48a0-8701-ed6f7236f682",
            "ba53353d-0dc4-4a3f-8573-e241bfa9c5d2",
            "a47ec86e-95ed-4782-a1b3-ab6ba586896b",
            "8ab21bdf-0ef1-4733-a050-07775e292313",
            "33229b64-a453-4db6-84c1-0f1e5d7eb0a7",
            "c8ffeb12-900c-47e7-a2b2-bf8171286d5e",
            "2328a4d9-cd37-4ea3-8678-d3ba5e7636a1",
            "c54f55d3-655b-4655-8972-334eef1b995c",
            "cc81f48d-0904-4f39-84a6-1f63931bac20"
          ]
        }
      ],
      "Page": 1
    },
    {
      "BlockType": "LINE",
      "Confidence": 81.19329071044922,
      "Text": "Cloud",
      "Geometry": {
        "BoundingBox": {
          "Width": 0.024692105129361153,
          "Height": 0.007039044518023729,
          "Left": 0.7544552087783813,
          "Top": 0.24539951980113983
        },
        "Polygon": [
          {
            "X": 0.7544552087783813,
            "Y": 0.24539951980113983
          },
          {
            "X": 0.7791473269462585,
            "Y": 0.24539951980113983
          },
          {
            "X": 0.7791473269462585,
            "Y": 0.2524385452270508
          },
          {
            "X": 0.7544552087783813,
            "Y": 0.2524385452270508
          }
        ]
      },
      "Id": "8eb778b6-457c-4543-91f9-4f816d809d15",
      "Relationships": [
        {
          "Type": "CHILD",
          "Ids": [
            "95d4535b-db73-414e-8732-86459888229f"
          ]
        }
      ],
      "Page": 1
    },
    {
      "BlockType": "LINE",
      "Confidence": 65.23372650146484,
      "Text": "aws",
      "Geometry": {
        "BoundingBox": {
          "Width": 0.04566630721092224,
          "Height": 0.015374217182397842,
          "Left": 0.6840481758117676,
          "Top": 0.25082582235336304
        },
        "Polygon": [
          {
            "X": 0.6840481758117676,
            "Y": 0.25082582235336304
          },
          {
            "X": 0.7297144532203674,
            "Y": 0.25082582235336304
          },
          {
            "X": 0.7297144532203674,
            "Y": 0.2662000358104706
          },
          {
            "X": 0.6840481758117676,
            "Y": 0.2662000358104706
          }
        ]
      },
      "Id": "4f796250-b1c7-4657-933d-653590527c10",
      "Relationships": [
        {
          "Type": "CHILD",
          "Ids": [
            "bfa97649-4a4a-45f7-8894-0bb355304b78"
          ]
        }
      ],
      "Page": 1
    },
    {
      "BlockType": "LINE",
      "Confidence": 99.34295654296875,
      "Text": "Experience",
      "Geometry": {
        "BoundingBox": {
          "Width": 0.04543356969952583,
          "Height": 0.009098933078348637,
          "Left": 0.754924476146698,
          "Top": 0.25149187445640564
        },
        "Polygon": [
          {
            "X": 0.754924476146698,
            "Y": 0.25149187445640564
          },
          {
            "X": 0.8003580570220947,
            "Y": 0.25149187445640564
          },
          {
            "X": 0.8003580570220947,
            "Y": 0.2605907917022705
          },
          {
            "X": 0.754924476146698,
            "Y": 0.2605907917022705
          }
        ]
      },
      "Id": "08d747e5-5601-48a1-b7e2-510cf43216f0",
      "Relationships": [
        {
          "Type": "CHILD",
          "Ids": [
            "afcd15a0-a559-4d99-96bf-6ed3085fcfa5"
          ]
        }
      ],
      "Page": 1
    },
    {
      "BlockType": "LINE",
      "Confidence": 99.80665588378906,
      "Text": "2025",
      "Geometry": {
        "BoundingBox": {
          "Width": 0.02099405601620674,
          "Height": 0.006980795878916979,
          "Left": 0.7551921606063843,
          "Top": 0.2603861689567566
        },
        "Polygon": [
          {
            "X": 0.7551921606063843,
            "Y": 0.2603861689567566
          },
          {
            "X": 0.7761862277984619,
            "Y": 0.2603861689567566
          },
          {
            "X": 0.7761862277984619,
            "Y": 0.2673669755458832
          },
          {
            "X": 0.7551921606063843,
            "Y": 0.2673669755458832
          }
        ]
      },
      "Id": "a49317bf-a285-4fb4-8d38-f8cff629e003",
      "Relationships": [
        {
          "Type": "CHILD",
          "Ids": [
            "b3ee4be5-5a8a-4312-8b93-bd1d8c5a8e8b"
          ]
        }
      ],
      "Page": 1
    },
    {
      "BlockType": "LINE",
      "Confidence": 91.3155517578125,
      "Text": "Preparar",
      "Geometry": {
        "BoundingBox": {
          "Width": 0.07095944881439209,
          "Height": 0.01798475906252861,
          "Left": 0.21982485055923462,
          "Top": 0.29725268483161926
        },
        "Polygon": [
          {
            "X": 0.21982485055923462,
            "Y": 0.29725268483161926
          },
          {
            "X": 0.2907842993736267,
            "Y": 0.29725268483161926
          },
          {
            "X": 0.2907842993736267,
            "Y": 0.315237432718277
          },
          {
            "X": 0.21982485055923462,
            "Y": 0.315237432718277
          }
        ]
      },
      "Id": "d6667701-ff2e-4deb-bb67-0bcafd0d27d5",
      "Relationships": [
        {
          "Type": "CHILD",
          "Ids": [
            "42c0af16-d443-42e0-897d-567a611e1e04"
          ]
        }
      ],
      "Page": 1
    },
    {
      "BlockType": "LINE",
      "Confidence": 98.76457977294922,
      "Text": "dados",
      "Geometry": {
        "BoundingBox": {
          "Width": 0.050499945878982544,
          "Height": 0.015125534497201443,
          "Left": 0.29331403970718384,
          "Top": 0.2907514274120331
        },
        "Polygon": [
          {
            "X": 0.29331403970718384,
            "Y": 0.2907514274120331
          },
          {
            "X": 0.3438139855861664,
            "Y": 0.2907514274120331
          },
          {
            "X": 0.3438139855861664,
            "Y": 0.3058769404888153
          },
          {
            "X": 0.29331403970718384,
            "Y": 0.3058769404888153
          }
        ]
      },
      "Id": "71dbe2b0-3693-48c5-9b1a-7accddad1fed",
      "Relationships": [
        {
          "Type": "CHILD",
          "Ids": [
            "0df8ddf2-464f-421d-8686-f1be8eae6528"
          ]
        }
      ],
      "Page": 1
    },
    {
      "BlockType": "LINE",
      "Confidence": 99.6128158569336,
      "Text": "Mais de 50 conectores de",
      "Geometry": {
        "BoundingBox": {
          "Width": 0.128668412566185,
          "Height": 0.019335012882947922,
          "Left": 0.23412883281707764,
          "Top": 0.32727646827697754
        },
        "Polygon": [
          {
            "X": 0.23412883281707764,
            "Y": 0.32727646827697754
          },
          {
            "X": 0.36279726028442383,
            "Y": 0.32727646827697754
          },
          {
            "X": 0.36279726028442383,
            "Y": 0.34661146998405457
          },
          {
            "X": 0.23412883281707764,
            "Y": 0.34661146998405457
          }
        ]
      },
      "Id": "4125f01b-e89a-48a0-8701-ed6f7236f682",
      "Relationships": [
        {
          "Type": "CHILD",
          "Ids": [
            "831c958b-e487-4eeb-9a10-47da2c5382df",
            "937136ff-3e52-4d4f-b034-1f2e89e7b9ac",
            "2e9c51c7-0283-41ba-8ec8-fb65a44be998",
            "e8409886-ff1a-4930-8377-f7c3c02d2fb9",
            "99d7987d-bd78-477d-a921-bd588f6ccb94"
          ]
        }
      ],
      "Page": 1
    },
    {
      "BlockType": "LINE",
      "Confidence": 99.17733764648438,
      "Text": "dados",
      "Geometry": {
        "BoundingBox": {
          "Width": 0.03146100044250488,
          "Height": 0.009944645687937737,
          "Left": 0.23279698193073273,
          "Top": 0.3496897220611572
        },
        "Polygon": [
          {
            "X": 0.23279698193073273,
            "Y": 0.3496897220611572
          },
          {
            "X": 0.2642579972743988,
            "Y": 0.3496897220611572
          },
          {
            "X": 0.2642579972743988,
            "Y": 0.3596343696117401
          },
          {
            "X": 0.23279698193073273,
            "Y": 0.3596343696117401
          }
        ]
      },
      "Id": "ba53353d-0dc4-4a3f-8573-e241bfa9c5d2",
      "Relationships": [
        {
          "Type": "CHILD",
          "Ids": [
            "f4c839e5-a72a-4bd1-b436-0b17dbd1f4ca"
          ]
        }
      ],
      "Page": 1
    },
    {
      "BlockType": "LINE",
      "Confidence": 98.8184814453125,
      "Text": "Cloud",
      "Geometry": {
        "BoundingBox": {
          "Width": 0.04554777592420578,
          "Height": 0.015749741345643997,
          "Left": 0.06972882896661758,
          "Top": 0.3631612956523895
        },
        "Polygon": [
          {
            "X": 0.06972882896661758,
            "Y": 0.3631612956523895
          },
          {
            "X": 0.11527661234140396,
            "Y": 0.3631612956523895
          },
          {
            "X": 0.11527661234140396,
            "Y": 0.3789110481739044
          },
          {
            "X": 0.06972882896661758,
            "Y": 0.3789110481739044
          }
        ]
      },
      "Id": "a47ec86e-95ed-4782-a1b3-ab6ba586896b",
      "Relationships": [
        {
          "Type": "CHILD",
          "Ids": [
            "a23168f9-70e2-4d9e-9ea0-3dd7e5da4f8a"
          ]
        }
      ],
      "Page": 1
    },
    {
      "BlockType": "LINE",
      "Confidence": 98.82013702392578,
      "Text": "Visualize sua pipeline de",
      "Geometry": {
        "BoundingBox": {
          "Width": 0.12494094669818878,
          "Height": 0.017529036849737167,
          "Left": 0.2318529188632965,
          "Top": 0.35998886823654175
        },
        "Polygon": [
          {
            "X": 0.2318529188632965,
            "Y": 0.35998886823654175
          },
          {
            "X": 0.3567938804626465,
            "Y": 0.35998886823654175
          },
          {
            "X": 0.3567938804626465,
            "Y": 0.3775178790092468
          },
          {
            "X": 0.2318529188632965,
            "Y": 0.3775178790092468
          }
        ]
      },
      "Id": "8ab21bdf-0ef1-4733-a050-07775e292313",
      "Relationships": [
        {
          "Type": "CHILD",
          "Ids": [
            "d7301b84-ab76-4141-9561-bac37da1021d",
            "1cef2749-7bb0-49b1-bcc8-29ff1715a293",
            "ecbaf080-63ac-45ce-a55c-077b6aa25c6b",
            "852293bb-bcb7-4f35-b4d0-309d9de819a1"
          ]
        }
      ],
      "Page": 1
    },
    {
      "BlockType": "LINE",
      "Confidence": 98.85249328613281,
      "Text": "S",
      "Geometry": {
        "BoundingBox": {
          "Width": 0.022463614121079445,
          "Height": 0.02719915844500065,
          "Left": 0.0002921138657256961,
          "Top": 0.37170979380607605
        },
        "Polygon": [
          {
            "X": 0.0002921138657256961,
            "Y": 0.37170979380607605
          },
          {
            "X": 0.022755727171897888,
            "Y": 0.37170979380607605
          },
          {
            "X": 0.022755727171897888,
            "Y": 0.39890894293785095
          },
          {
            "X": 0.0002921138657256961,
            "Y": 0.39890894293785095
          }
        ]
      },
      "Id": "33229b64-a453-4db6-84c1-0f1e5d7eb0a7",
      "Relationships": [
        {
          "Type": "CHILD",
          "Ids": [
            "38fc97cd-c55e-4145-a270-ab298753cc8b"
          ]
        }
      ],
      "Page": 1
    },
    {
      "BlockType": "LINE",
      "Confidence": 99.45307159423828,
      "Text": "Experience",
      "Geometry": {
        "BoundingBox": {
          "Width": 0.08542292565107346,
          "Height": 0.019670726731419563,
          "Left": 0.0673355981707573,
          "Top": 0.37932083010673523
        },
        "Polygon": [
          {
            "X": 0.0673355981707573,
            "Y": 0.37932083010673523
          },
          {
            "X": 0.15275852382183075,
            "Y": 0.37932083010673523
          },
          {
            "X": 0.15275852382183075,
            "Y": 0.39899155497550964
          },
          {
            "X": 0.0673355981707573,
            "Y": 0.39899155497550964
          }
        ]
      },
      "Id": "c8ffeb12-900c-47e7-a2b2-bf8171286d5e",
      "Relationships": [
        {
          "Type": "CHILD",
          "Ids": [
            "99b46b0a-4992-4dea-8391-bf05626728f0"
          ]
        }
      ],
      "Page": 1
    },
    {
      "BlockType": "LINE",
      "Confidence": 98.76968383789062,
      "Text": "preparação de dados",
      "Geometry": {
        "BoundingBox": {
          "Width": 0.10769446939229965,
          "Height": 0.017271574586629868,
          "Left": 0.22993214428424835,
          "Top": 0.3751903176307678
        },
        "Polygon": [
          {
            "X": 0.22993214428424835,
            "Y": 0.3751903176307678
          },
          {
            "X": 0.3376266062259674,
            "Y": 0.3751903176307678
          },
          {
            "X": 0.3376266062259674,
            "Y": 0.392461895942688
          },
          {
            "X": 0.22993214428424835,
            "Y": 0.392461895942688
          }
        ]
      },
      "Id": "2328a4d9-cd37-4ea3-8678-d3ba5e7636a1",
      "Relationships": [
        {
          "Type": "CHILD",
          "Ids": [
            "b6d49cfa-1b52-43ba-b2e0-27c008e38128",
            "b60469e9-a1eb-4eae-a43a-5b77afc4c215",
            "6d093055-c3a4-4ee1-8540-0acf7b7ea072"
          ]
        }
      ],
      "Page": 1
    },
    {
      "BlockType": "LINE",
      "Confidence": 76.18087768554688,
      "Text": "7",
      "Geometry": {
        "BoundingBox": {
          "Width": 0.025587981566786766,
          "Height": 0.017877841368317604,
          "Left": 0.000310049916151911,
          "Top": 0.4008925259113312
        },
        "Polygon": [
          {
            "X": 0.000310049916151911,
            "Y": 0.4008925259113312
          },
          {
            "X": 0.025898031890392303,
            "Y": 0.4008925259113312
          },
          {
            "X": 0.025898031890392303,
            "Y": 0.41877037286758423
          },
          {
            "X": 0.000310049916151911,
            "Y": 0.41877037286758423
          }
        ]
      },
      "Id": "c54f55d3-655b-4655-8972-334eef1b995c",
      "Relationships": [
        {
          "Type": "CHILD",
          "Ids": [
            "311d9d4f-8c88-494e-9805-cdb55e2151dd"
          ]
        }
      ],
      "Page": 1
    },
    {
      "BlockType": "LINE",
      "Confidence": 99.6298828125,
      "Text": "2025",
      "Geometry": {
        "BoundingBox": {
          "Width": 0.038703810423612595,
          "Height": 0.013304518535733223,
          "Left": 0.06542351096868515,
          "Top": 0.40110236406326294
        },
        "Polygon": [
          {
            "X": 0.06542351096868515,
            "Y": 0.40110236406326294
          },
          {
            "X": 0.10412731766700745,
            "Y": 0.40110236406326294
          },
          {
            "X": 0.10412731766700745,
            "Y": 0.4144068658351898
          },
          {
            "X": 0.06542351096868515,
            "Y": 0.4144068658351898
          }
        ]
      },
      "Id": "cc81f48d-0904-4f39-84a6-1f63931bac20",
      "Relationships": [
        {
          "Type": "CHILD",
          "Ids": [
            "45d32934-a0b8-40eb-9b0e-e5fae8aab21c"
          ]
        }
      ],
      "Page": 1
    },
    {
      "BlockType": "WORD",
      "Confidence": 81.19329071044922,
      "Text": "Cloud",
      "TextType": "PRINTED",
      "Geometry": {
        "BoundingBox": {
          "Width": 0.024692105129361153,
          "Height": 0.007039044518023729,
          "Left": 0.7544552087783813,
          "Top": 0.24539951980113983
        },
        "Polygon": [
          {
            "X": 0.7544552087783813,
            "Y": 0.24539951980113983
          },
          {
            "X": 0.7791473269462585,
            "Y": 0.24539951980113983
          },
          {
            "X": 0.7791473269462585,
            "Y": 0.2524385452270508
          },
          {
            "X": 0.7544552087783813,
            "Y": 0.2524385452270508
          }
        ]
      },
      "Id": "95d4535b-db73-414e-8732-86459888229f",
      "Page": 1
    },
    {
      "BlockType": "WORD",
      "Confidence": 65.23372650146484,
      "Text": "aws",
      "TextType": "PRINTED",
      "Geometry": {
        "BoundingBox": {
          "Width": 0.04566630721092224,
          "Height": 0.015374217182397842,
          "Left": 0.6840481758117676,
          "Top": 0.25082582235336304
        },
        "Polygon": [
          {
            "X": 0.6840481758117676,
            "Y": 0.25082582235336304
          },
          {
            "X": 0.7297144532203674,
            "Y": 0.25082582235336304
          },
          {
            "X": 0.7297144532203674,
            "Y": 0.2662000358104706
          },
          {
            "X": 0.6840481758117676,
            "Y": 0.2662000358104706
          }
        ]
      },
      "Id": "bfa97649-4a4a-45f7-8894-0bb355304b78",
      "Page": 1
    },
    {
      "BlockType": "WORD",
      "Confidence": 99.34295654296875,
      "Text": "Experience",
      "TextType": "PRINTED",
      "Geometry": {
        "BoundingBox": {
          "Width": 0.04543356969952583,
          "Height": 0.009098933078348637,
          "Left": 0.754924476146698,
          "Top": 0.25149187445640564
        },
        "Polygon": [
          {
            "X": 0.754924476146698,
            "Y": 0.25149187445640564
          },
          {
            "X": 0.8003580570220947,
            "Y": 0.25149187445640564
          },
          {
            "X": 0.8003580570220947,
            "Y": 0.2605907917022705
          },
          {
            "X": 0.754924476146698,
            "Y": 0.2605907917022705
          }
        ]
      },
      "Id": "afcd15a0-a559-4d99-96bf-6ed3085fcfa5",
      "Page": 1
    },
    {
      "BlockType": "WORD",
      "Confidence": 99.80665588378906,
      "Text": "2025",
      "TextType": "PRINTED",
      "Geometry": {
        "BoundingBox": {
          "Width": 0.02099405601620674,
          "Height": 0.006980795878916979,
          "Left": 0.7551921606063843,
          "Top": 0.2603861689567566
        },
        "Polygon": [
          {
            "X": 0.7551921606063843,
            "Y": 0.2603861689567566
          },
          {
            "X": 0.7761862277984619,
            "Y": 0.2603861689567566
          },
          {
            "X": 0.7761862277984619,
            "Y": 0.2673669755458832
          },
          {
            "X": 0.7551921606063843,
            "Y": 0.2673669755458832
          }
        ]
      },
      "Id": "b3ee4be5-5a8a-4312-8b93-bd1d8c5a8e8b",
      "Page": 1
    },
    {
      "BlockType": "WORD",
      "Confidence": 91.3155517578125,
      "Text": "Preparar",
      "TextType": "PRINTED",
      "Geometry": {
        "BoundingBox": {
          "Width": 0.07095944881439209,
          "Height": 0.01798475906252861,
          "Left": 0.21982485055923462,
          "Top": 0.29725268483161926
        },
        "Polygon": [
          {
            "X": 0.21982485055923462,
            "Y": 0.29725268483161926
          },
          {
            "X": 0.2907842993736267,
            "Y": 0.29725268483161926
          },
          {
            "X": 0.2907842993736267,
            "Y": 0.315237432718277
          },
          {
            "X": 0.21982485055923462,
            "Y": 0.315237432718277
          }
        ]
      },
      "Id": "42c0af16-d443-42e0-897d-567a611e1e04",
      "Page": 1
    },
    {
      "BlockType": "WORD",
      "Confidence": 98.76457977294922,
      "Text": "dados",
      "TextType": "PRINTED",
      "Geometry": {
        "BoundingBox": {
          "Width": 0.050499945878982544,
          "Height": 0.015125534497201443,
          "Left": 0.29331403970718384,
          "Top": 0.2907514274120331
        },
        "Polygon": [
          {
            "X": 0.29331403970718384,
            "Y": 0.2907514274120331
          },
          {
            "X": 0.3438139855861664,
            "Y": 0.2907514274120331
          },
          {
            "X": 0.3438139855861664,
            "Y": 0.3058769404888153
          },
          {
            "X": 0.29331403970718384,
            "Y": 0.3058769404888153
          }
        ]
      },
      "Id": "0df8ddf2-464f-421d-8686-f1be8eae6528",
      "Page": 1
    },
    {
      "BlockType": "WORD",
      "Confidence": 99.64583587646484,
      "Text": "Mais",
      "TextType": "PRINTED",
      "Geometry": {
        "BoundingBox": {
          "Width": 0.023567307740449905,
          "Height": 0.009345898404717445,
          "Left": 0.23412883281707764,
          "Top": 0.33726558089256287
        },
        "Polygon": [
          {
            "X": 0.23412883281707764,
            "Y": 0.33726558089256287
          },
          {
            "X": 0.25769615173339844,
            "Y": 0.33726558089256287
          },
          {
            "X": 0.25769615173339844,
            "Y": 0.34661146998405457
          },
          {
            "X": 0.23412883281707764,
            "Y": 0.34661146998405457
          }
        ]
      },
      "Id": "831c958b-e487-4eeb-9a10-47da2c5382df",
      "Page": 1
    },
    {
      "BlockType": "WORD",
      "Confidence": 99.81393432617188,
      "Text": "de",
      "TextType": "PRINTED",
      "Geometry": {
        "BoundingBox": {
          "Width": 0.013386959210038185,
          "Height": 0.008656380698084831,
          "Left": 0.25906914472579956,
          "Top": 0.3357263207435608
        },
        "Polygon": [
          {
            "X": 0.25906914472579956,
            "Y": 0.3357263207435608
          },
          {
            "X": 0.2724560797214508,
            "Y": 0.3357263207435608
          },
          {
            "X": 0.2724560797214508,
            "Y": 0.34438270330429077
          },
          {
            "X": 0.25906914472579956,
            "Y": 0.34438270330429077
          }
        ]
      },
      "Id": "937136ff-3e52-4d4f-b034-1f2e89e7b9ac",
      "Page": 1
    },
    {
      "BlockType": "WORD",
      "Confidence": 99.83476257324219,
      "Text": "50",
      "TextType": "PRINTED",
      "Geometry": {
        "BoundingBox": {
          "Width": 0.013559934683144093,
          "Height": 0.008286123163998127,
          "Left": 0.2744673192501068,
          "Top": 0.3345055878162384
        },
        "Polygon": [
          {
            "X": 0.2744673192501068,
            "Y": 0.3345055878162384
          },
          {
            "X": 0.28802725672721863,
            "Y": 0.3345055878162384
          },
          {
            "X": 0.28802725672721863,
            "Y": 0.34279170632362366
          },
          {
            "X": 0.2744673192501068,
            "Y": 0.34279170632362366
          }
        ]
      },
      "Id": "2e9c51c7-0283-41ba-8ec8-fb65a44be998",
      "Page": 1
    },
    {
      "BlockType": "WORD",
      "Confidence": 98.93208312988281,
      "Text": "conectores",
      "TextType": "PRINTED",
      "Geometry": {
        "BoundingBox": {
          "Width": 0.056419238448143005,
          "Height": 0.011191915720701218,
          "Left": 0.2896636128425598,
          "Top": 0.33035165071487427
        },
        "Polygon": [
          {
            "X": 0.2896636128425598,
            "Y": 0.33035165071487427
          },
          {
            "X": 0.3460828363895416,
            "Y": 0.33035165071487427
          },
          {
            "X": 0.3460828363895416,
            "Y": 0.3415435552597046
          },
          {
            "X": 0.2896636128425598,
            "Y": 0.3415435552597046
          }
        ]
      },
      "Id": "e8409886-ff1a-4930-8377-f7c3c02d2fb9",
      "Page": 1
    },
    {
      "BlockType": "WORD",
      "Confidence": 99.83744812011719,
      "Text": "de",
      "TextType": "PRINTED",
      "Geometry": {
        "BoundingBox": {
          "Width": 0.014024137519299984,
          "Height": 0.008894260972738266,
          "Left": 0.34877312183380127,
          "Top": 0.32727646827697754
        },
        "Polygon": [
          {
            "X": 0.34877312183380127,
            "Y": 0.32727646827697754
          },
          {
            "X": 0.36279726028442383,
            "Y": 0.32727646827697754
          },
          {
            "X": 0.36279726028442383,
            "Y": 0.3361707031726837
          },
          {
            "X": 0.34877312183380127,
            "Y": 0.3361707031726837
          }
        ]
      },
      "Id": "99d7987d-bd78-477d-a921-bd588f6ccb94",
      "Page": 1
    },
    {
      "BlockType": "WORD",
      "Confidence": 99.17733764648438,
      "Text": "dados",
      "TextType": "PRINTED",
      "Geometry": {
        "BoundingBox": {
          "Width": 0.03146100044250488,
          "Height": 0.009944645687937737,
          "Left": 0.23279698193073273,
          "Top": 0.3496897220611572
        },
        "Polygon": [
          {
            "X": 0.23279698193073273,
            "Y": 0.3496897220611572
          },
          {
            "X": 0.2642579972743988,
            "Y": 0.3496897220611572
          },
          {
            "X": 0.2642579972743988,
            "Y": 0.3596343696117401
          },
          {
            "X": 0.23279698193073273,
            "Y": 0.3596343696117401
          }
        ]
      },
      "Id": "f4c839e5-a72a-4bd1-b436-0b17dbd1f4ca",
      "Page": 1
    },
    {
      "BlockType": "WORD",
      "Confidence": 98.8184814453125,
      "Text": "Cloud",
      "TextType": "PRINTED",
      "Geometry": {
        "BoundingBox": {
          "Width": 0.04554777592420578,
          "Height": 0.015749741345643997,
          "Left": 0.06972882896661758,
          "Top": 0.3631612956523895
        },
        "Polygon": [
          {
            "X": 0.06972882896661758,
            "Y": 0.3631612956523895
          },
          {
            "X": 0.11527661234140396,
            "Y": 0.3631612956523895
          },
          {
            "X": 0.11527661234140396,
            "Y": 0.3789110481739044
          },
          {
            "X": 0.06972882896661758,
            "Y": 0.3789110481739044
          }
        ]
      },
      "Id": "a23168f9-70e2-4d9e-9ea0-3dd7e5da4f8a",
      "Page": 1
    },
    {
      "BlockType": "WORD",
      "Confidence": 96.11849975585938,
      "Text": "Visualize",
      "TextType": "PRINTED",
      "Geometry": {
        "BoundingBox": {
          "Width": 0.044415317475795746,
          "Height": 0.0106734037399292,
          "Left": 0.2318529188632965,
          "Top": 0.3668444752693176
        },
        "Polygon": [
          {
            "X": 0.2318529188632965,
            "Y": 0.3668444752693176
          },
          {
            "X": 0.27626824378967285,
            "Y": 0.3668444752693176
          },
          {
            "X": 0.27626824378967285,
            "Y": 0.3775178790092468
          },
          {
            "X": 0.2318529188632965,
            "Y": 0.3775178790092468
          }
        ]
      },
      "Id": "d7301b84-ab76-4141-9561-bac37da1021d",
      "Page": 1
    },
    {
      "BlockType": "WORD",
      "Confidence": 99.51863861083984,
      "Text": "sua",
      "TextType": "PRINTED",
      "Geometry": {
        "BoundingBox": {
          "Width": 0.017425816506147385,
          "Height": 0.007772496901452541,
          "Left": 0.27838218212127686,
          "Top": 0.366085410118103
        },
        "Polygon": [
          {
            "X": 0.27838218212127686,
            "Y": 0.366085410118103
          },
          {
            "X": 0.29580798745155334,
            "Y": 0.366085410118103
          },
          {
            "X": 0.29580798745155334,
            "Y": 0.37385791540145874
          },
          {
            "X": 0.27838218212127686,
            "Y": 0.37385791540145874
          }
        ]
      },
      "Id": "1cef2749-7bb0-49b1-bcc8-29ff1715a293",
      "Page": 1
    },
    {
      "BlockType": "WORD",
      "Confidence": 99.81050872802734,
      "Text": "pipeline",
      "TextType": "PRINTED",
      "Geometry": {
        "BoundingBox": {
          "Width": 0.04262294992804527,
          "Height": 0.012425902299582958,
          "Left": 0.29822152853012085,
          "Top": 0.3612953722476959
        },
        "Polygon": [
          {
            "X": 0.29822152853012085,
            "Y": 0.3612953722476959
          },
          {
            "X": 0.3408444821834564,
            "Y": 0.3612953722476959
          },
          {
            "X": 0.3408444821834564,
            "Y": 0.37372127175331116
          },
          {
            "X": 0.29822152853012085,
            "Y": 0.37372127175331116
          }
        ]
      },
      "Id": "ecbaf080-63ac-45ce-a55c-077b6aa25c6b",
      "Page": 1
    },
    {
      "BlockType": "WORD",
      "Confidence": 99.83291625976562,
      "Text": "de",
      "TextType": "PRINTED",
      "Geometry": {
        "BoundingBox": {
          "Width": 0.014060738496482372,
          "Height": 0.008695772849023342,
          "Left": 0.34273314476013184,
          "Top": 0.35998886823654175
        },
        "Polygon": [
          {
            "X": 0.34273314476013184,
            "Y": 0.35998886823654175
          },
          {
            "X": 0.3567938804626465,
            "Y": 0.35998886823654175
          },
          {
            "X": 0.3567938804626465,
            "Y": 0.3686846196651459
          },
          {
            "X": 0.34273314476013184,
            "Y": 0.3686846196651459
          }
        ]
      },
      "Id": "852293bb-bcb7-4f35-b4d0-309d9de819a1",
      "Page": 1
    },
    {
      "BlockType": "WORD",
      "Confidence": 98.85249328613281,
      "Text": "S",
      "TextType": "PRINTED",
      "Geometry": {
        "BoundingBox": {
          "Width": 0.022463614121079445,
          "Height": 0.02719915844500065,
          "Left": 0.0002921138657256961,
          "Top": 0.37170979380607605
        },
        "Polygon": [
          {
            "X": 0.0002921138657256961,
            "Y": 0.37170979380607605
          },
          {
            "X": 0.022755727171897888,
            "Y": 0.37170979380607605
          },
          {
            "X": 0.022755727171897888,
            "Y": 0.39890894293785095
          },
          {
            "X": 0.0002921138657256961,
            "Y": 0.39890894293785095
          }
        ]
      },
      "Id": "38fc97cd-c55e-4145-a270-ab298753cc8b",
      "Page": 1
    },
    {
      "BlockType": "WORD",
      "Confidence": 99.45307159423828,
      "Text": "Experience",
      "TextType": "PRINTED",
      "Geometry": {
        "BoundingBox": {
          "Width": 0.08542292565107346,
          "Height": 0.019670726731419563,
          "Left": 0.0673355981707573,
          "Top": 0.37932083010673523
        },
        "Polygon": [
          {
            "X": 0.0673355981707573,
            "Y": 0.37932083010673523
          },
          {
            "X": 0.15275852382183075,
            "Y": 0.37932083010673523
          },
          {
            "X": 0.15275852382183075,
            "Y": 0.39899155497550964
          },
          {
            "X": 0.0673355981707573,
            "Y": 0.39899155497550964
          }
        ]
      },
      "Id": "99b46b0a-4992-4dea-8391-bf05626728f0",
      "Page": 1
    },
    {
      "BlockType": "WORD",
      "Confidence": 97.20027923583984,
      "Text": "preparação",
      "TextType": "PRINTED",
      "Geometry": {
        "BoundingBox": {
          "Width": 0.057922616600990295,
          "Height": 0.013507358729839325,
          "Left": 0.22993214428424835,
          "Top": 0.37895452976226807
        },
        "Polygon": [
          {
            "X": 0.22993214428424835,
            "Y": 0.37895452976226807
          },
          {
            "X": 0.28785476088523865,
            "Y": 0.37895452976226807
          },
          {
            "X": 0.28785476088523865,
            "Y": 0.392461895942688
          },
          {
            "X": 0.22993214428424835,
            "Y": 0.392461895942688
          }
        ]
      },
      "Id": "b6d49cfa-1b52-43ba-b2e0-27c008e38128",
      "Page": 1
    },
    {
      "BlockType": "WORD",
      "Confidence": 99.87073516845703,
      "Text": "de",
      "TextType": "PRINTED",
      "Geometry": {
        "BoundingBox": {
          "Width": 0.013297824189066887,
          "Height": 0.008963579311966896,
          "Left": 0.28987401723861694,
          "Top": 0.3772335648536682
        },
        "Polygon": [
          {
            "X": 0.28987401723861694,
            "Y": 0.3772335648536682
          },
          {
            "X": 0.303171843290329,
            "Y": 0.3772335648536682
          },
          {
            "X": 0.303171843290329,
            "Y": 0.38619714975357056
          },
          {
            "X": 0.28987401723861694,
            "Y": 0.38619714975357056
          }
        ]
      },
      "Id": "b60469e9-a1eb-4eae-a43a-5b77afc4c215",
      "Page": 1
    },
    {
      "BlockType": "WORD",
      "Confidence": 99.23802947998047,
      "Text": "dados",
      "TextType": "PRINTED",
      "Geometry": {
        "BoundingBox": {
          "Width": 0.03212291747331619,
          "Height": 0.009674854576587677,
          "Left": 0.3055036962032318,
          "Top": 0.3751903176307678
        },
        "Polygon": [
          {
            "X": 0.3055036962032318,
            "Y": 0.3751903176307678
          },
          {
            "X": 0.3376266062259674,
            "Y": 0.3751903176307678
          },
          {
            "X": 0.3376266062259674,
            "Y": 0.3848651647567749
          },
          {
            "X": 0.3055036962032318,
            "Y": 0.3848651647567749
          }
        ]
      },
      "Id": "6d093055-c3a4-4ee1-8540-0acf7b7ea072",
      "Page": 1
    },
    {
      "BlockType": "WORD",
      "Confidence": 76.18087768554688,
      "Text": "7",
      "TextType": "PRINTED",
      "Geometry": {
        "BoundingBox": {
          "Width": 0.025587981566786766,
          "Height": 0.017877841368317604,
          "Left": 0.000310049916151911,
          "Top": 0.4008925259113312
        },
        "Polygon": [
          {
            "X": 0.000310049916151911,
            "Y": 0.4008925259113312
          },
          {
            "X": 0.025898031890392303,
            "Y": 0.4008925259113312
          },
          {
            "X": 0.025898031890392303,
            "Y": 0.41877037286758423
          },
          {
            "X": 0.000310049916151911,
            "Y": 0.41877037286758423
          }
        ]
      },
      "Id": "311d9d4f-8c88-494e-9805-cdb55e2151dd",
      "Page": 1
    },
    {
      "BlockType": "WORD",
      "Confidence": 99.6298828125,
      "Text": "2025",
      "TextType": "PRINTED",
      "Geometry": {
        "BoundingBox": {
          "Width": 0.038703810423612595,
          "Height": 0.013304518535733223,
          "Left": 0.06542351096868515,
          "Top": 0.40110236406326294
        },
        "Polygon": [
          {
            "X": 0.06542351096868515,
            "Y": 0.40110236406326294
          },
          {
            "X": 0.10412731766700745,
            "Y": 0.40110236406326294
          },
          {
            "X": 0.10412731766700745,
            "Y": 0.4144068658351898
          },
          {
            "X": 0.06542351096868515,
            "Y": 0.4144068658351898
          }
        ]
      },
      "Id": "45d32934-a0b8-40eb-9b0e-e5fae8aab21c",
      "Page": 1
    }
  ],
  "DetectDocumentTextModelVersion": "1.0"
}