{
  "DocumentMetadata": {
    "Pages": 1
  },
  "JobStatus": "SUCCEEDED",
  "Blocks": [
    {
      "BlockType": "PAGE",
      "Geometry": {
        "BoundingBox": {
          "Width": 0.8272192478179932,
          "Height": 0.6656681895256042,
          "Left": 0.01210361160337925,
          "Top": 0.030289646238088608
        },
        "Polygon": [
          {
            "X": 0.02802782505750656,
            "Y": 0.0503230094909668
          },
          {
            "X": 0.8306796550750732,
            "Y": 0.030289646238088608
          },
          {
            "X": 0.8393228650093079,
            "Y": 0.6730689406394958
          },
          {
            "X": 0.01210361160337925,
            "Y": 0.6959578394889832
          }
        ]
      },
      "Id": "2dc6ff3f-418e-43c3-b77a-473956039c4b",
      "Relationships": [
        {
          "Type": "CHILD",
          "Ids": [
            "1444164a-35d6-4b5f-81fb-e3cff6f94f8f",
            "abb43f86-5e1e-40d2-8468-d5a15e689170",
            "1dedafd5-01d0-4221-916b-32ac61ef8698",
            "42e733c6-86b6-4a07-bd7e-92d388fee5a6",
            "45f4cb30-8ed5-493f-acfe-7cc20a3e6a6c",
            "6785b55a-d339-4940-92fc-3ba81bbeb4b6",
            "aebe03ab-a84c-46ec-83ca-3c6dbf4e4494",
            "74f3f6c6-f882-48d7-b1dd-4d0144f0e788",
            "e301a212-a798-4979-9d1f-ed7fcc622be5",
            "dab7a0a0-2985-431c-af84-252c89bc4be3",
            "17b71747-0fc6-4411-ad19-bbd0e42361c1",
            "5d96d190-f40d-4a4e-8e36-ebd40d4ac2c1",
            "e81f3d20-d77c-44a1-9bc0-a9718e335c97",
            "40a7e552-930a-4be1-b2a9-a606006a4b66",
            "3b7779c0-195b-4295-b5f2-30a52244489c",
            "223187b5-bd90-48ab-8470-b38382dcb6d0",
            "605ea4df-7165-444c-8752-b06091185d93",
            "119de12f-7570-4f8d-aabf-a39227d38a4a",
            "65039b2c-46dd-40d3-8ba8-81bd14ddf6d8",
            "420942f3-31be-44dc-870e-7747bcb5aeb5",
            "ac4bb5c9-365b-4f79-80f3-6a0f711f85d0",
            "c8c27f5f-a2ec-4e10-9cdf-ebabd3e20c67",
            "7ac2444d-344d-4c41-8c95-0a207598d36a"
          ]
        }
      ],
      "Page": 1
    },
    {
      "BlockType": "LINE",
      "Confidence": 98.12484741210938,
      "Text": "1. Unifique a experiência do cliente",
      "Geometry": {
        "BoundingBox": {
          "Width": 0.5268798470497131,
          "Height": 0.05686631426215172,
          "Left": 0.0758485496044159,
          "Top": 0.17105238139629364
        },
        "Polygon": [
          {
            "X": 0.07681331783533096,
            "Y": 0.18447497487068176
          },
          {
            "X": 0.6026160717010498,
            "Y": 0.17105238139629364
          },
          {
            "X": 0.6027284264564514,
            "Y": 0.21437247097492218
          },
          {
            "X": 0.0758485496044159,
            "Y": 0.22791869938373566
          }
        ]
      },
      "Id": "1444164a-35d6-4b5f-81fb-e3cff6f94f8f",
      "Relationships": [
        {
          "Type": "CHILD",
          "Ids": [
            "32f56f99-6722-4841-8697-b30d5335e6b0",
            "081d4c27-5670-4424-91fd-2ee55ec5abe8",
            "d12a5af0-4183-45bd-9a54-e772141d05c6",
            "8ae87e2f-04f0-4415-8e29-01280980da27",
            "e9ce4f7b-6a74-4120-a23c-c766da238f84",
            "82324549-5b37-40c7-b97b-18388696b89d"
          ]
        }
      ],
      "Page": 1
    },
    {
      "BlockType": "LINE",
      "Confidence": 99.46009063720703,
      "Text": "1",
      "Geometry": {
        "BoundingBox": {
          "Width": 0.005639364011585712,
          "Height": 0.008559216745197773,
          "Left": 0.407019704580307,
          "Top": 0.2562585771083832
        },
        "Polygon": [
          {
            "X": 0.40707531571388245,
            "Y": 0.25640299916267395
          },
          {
            "X": 0.41265907883644104,
            "Y": 0.2562585771083832
          },
          {
            "X": 0.4126056730747223,
            "Y": 0.264673113822937
          },
          {
            "X": 0.407019704580307,
            "Y": 0.2648178040981293
          }
        ]
      },
      "Id": "abb43f86-5e1e-40d2-8468-d5a15e689170",
      "Relationships": [
        {
          "Type": "CHILD",
          "Ids": [
            "3aa3f8a6-a9e9-4430-97ff-a81c0122f30d"
          ]
        }
      ],
      "Page": 1
    },
    {
      "BlockType": "LINE",
      "Confidence": 63.72975158691406,
      "Text": "W",
      "Geometry": {
        "BoundingBox": {
          "Width": 0.015749914571642876,
          "Height": 0.011690545827150345,
          "Left": 0.46528249979019165,
          "Top": 0.24870987236499786
        },
        "Polygon": [
          {
            "X": 0.465326189994812,
            "Y": 0.2491157501935959
          },
          {
            "X": 0.4810324013233185,
            "Y": 0.24870987236499786
          },
          {
            "X": 0.4809970557689667,
            "Y": 0.2599935829639435
          },
          {
            "X": 0.46528249979019165,
            "Y": 0.2604004144668579
          }
        ]
      },
      "Id": "1dedafd5-01d0-4221-916b-32ac61ef8698",
      "Relationships": [
        {
          "Type": "CHILD",
          "Ids": [
            "f430d4f3-0ea6-45aa-a989-e2053e98e432"
          ]
        }
      ],
      "Page": 1
    },
    {
      "BlockType": "LINE",
      "Confidence": 98.21121978759766,
      "Text": "Especialista",
      "Geometry": {
        "BoundingBox": {
          "Width": 0.07230768352746964,
          "Height": 0.013747806660830975,
          "Left": 0.459503710269928,
          "Top": 0.2642858326435089
        },
        "Polygon": [
          {
            "X": 0.4595528542995453,
            "Y": 0.26615825295448303
          },
          {
            "X": 0.5318114161491394,
            "Y": 0.2642858326435089
          },
          {
            "X": 0.5318025350570679,
            "Y": 0.27615657448768616
          },
          {
            "X": 0.459503710269928,
            "Y": 0.27803364396095276
          }
        ]
      },
      "Id": "42e733c6-86b6-4a07-bd7e-92d388fee5a6",
      "Relationships": [
        {
          "Type": "CHILD",
          "Ids": [
            "69c7984a-9a42-40b5-9d96-f0ed77f0f58a"
          ]
        }
      ],
      "Page": 1
    },
    {
      "BlockType": "LINE",
      "Confidence": 99.74667358398438,
      "Text": "1",
      "Geometry": {
        "BoundingBox": {
          "Width": 0.006092627998441458,
          "Height": 0.008189310319721699,
          "Left": 0.18441219627857208,
          "Top": 0.2885785698890686
        },
        "Polygon": [
          {
            "X": 0.18454912304878235,
            "Y": 0.2887333035469055
          },
          {
            "X": 0.19050481915473938,
            "Y": 0.2885785698890686
          },
          {
            "X": 0.19037014245986938,
            "Y": 0.2966129183769226
          },
          {
            "X": 0.18441219627857208,
            "Y": 0.2967678904533386
          }
        ]
      },
      "Id": "45f4cb30-8ed5-493f-acfe-7cc20a3e6a6c",
      "Relationships": [
        {
          "Type": "CHILD",
          "Ids": [
            "ea4bf42a-31b1-471c-9aa9-78a1a5059793"
          ]
        }
      ],
      "Page": 1
    },
    {
      "BlockType": "LINE",
      "Confidence": 99.170654296875,
      "Text": "em folgas",
      "Geometry": {
        "BoundingBox": {
          "Width": 0.06334669142961502,
          "Height": 0.013018601574003696,
          "Left": 0.4645336866378784,
          "Top": 0.27665388584136963
        },
        "Polygon": [
          {
            "X": 0.4645780622959137,
            "Y": 0.278297483921051
          },
          {
            "X": 0.5278803706169128,
            "Y": 0.27665388584136963
          },
          {
            "X": 0.5278698205947876,
            "Y": 0.2880249619483948
          },
          {
            "X": 0.4645336866378784,
            "Y": 0.28967249393463135
          }
        ]
      },
      "Id": "6785b55a-d339-4940-92fc-3ba81bbeb4b6",
      "Relationships": [
        {
          "Type": "CHILD",
          "Ids": [
            "f719d4ac-00ea-4b07-98f3-3a384e9c7f6b",
            "f1d1e0b9-fe8b-48a2-9d20-b693bb847b2b"
          ]
        }
      ],
      "Page": 1
    },
    {
      "BlockType": "LINE",
      "Confidence": 99.61957550048828,
      "Text": "Regras de",
      "Geometry": {
        "BoundingBox": {
          "Width": 0.06518543511629105,
          "Height": 0.014027552679181099,
          "Left": 0.5600212812423706,
          "Top": 0.291110098361969
        },
        "Polygon": [
          {
            "X": 0.5600212812423706,
            "Y": 0.29280608892440796
          },
          {
            "X": 0.62516188621521,
            "Y": 0.291110098361969
          },
          {
            "X": 0.625206708908081,
            "Y": 0.3034372925758362
          },
          {
            "X": 0.5600284337997437,
            "Y": 0.30513763427734375
          }
        ]
      },
      "Id": "aebe03ab-a84c-46ec-83ca-3c6dbf4e4494",
      "Relationships": [
        {
          "Type": "CHILD",
          "Ids": [
            "6c881e11-84f6-435a-b3ce-570470a42b1a",
            "239f9c36-21f0-400f-bee0-04a73d63cbb8"
          ]
        }
      ],
      "Page": 1
    },
    {
      "BlockType": "LINE",
      "Confidence": 99.59781646728516,
      "Text": "Ainda tenho férias este",
      "Geometry": {
        "BoundingBox": {
          "Width": 0.0987735167145729,
          "Height": 0.011017980054020882,
          "Left": 0.13658562302589417,
          "Top": 0.3093012869358063
        },
        "Polygon": [
          {
            "X": 0.13674835860729218,
            "Y": 0.31187203526496887
          },
          {
            "X": 0.23535913228988647,
            "Y": 0.3093012869358063
          },
          {
            "X": 0.23523551225662231,
            "Y": 0.3177439868450165
          },
          {
            "X": 0.13658562302589417,
            "Y": 0.320319265127182
          }
        ]
      },
      "Id": "74f3f6c6-f882-48d7-b1dd-4d0144f0e788",
      "Relationships": [
        {
          "Type": "CHILD",
          "Ids": [
            "e1dc2cb6-6464-45e9-ae01-07a68f177f6f",
            "da27093e-eb7f-4f74-a182-99ae6490efb2",
            "81ff5268-2d4a-421b-b763-b968a80f44f3",
            "cc55821b-f961-462c-ad16-271810e469c3"
          ]
        }
      ],
      "Page": 1
    },
    {
      "BlockType": "LINE",
      "Confidence": 99.65399169921875,
      "Text": "ano?",
      "Geometry": {
        "BoundingBox": {
          "Width": 0.019747233018279076,
          "Height": 0.006847615819424391,
          "Left": 0.17513975501060486,
          "Top": 0.32009056210517883
        },
        "Polygon": [
          {
            "X": 0.1752503216266632,
            "Y": 0.32060328125953674
          },
          {
            "X": 0.19488699734210968,
            "Y": 0.32009056210517883
          },
          {
            "X": 0.19478227198123932,
            "Y": 0.3264247477054596
          },
          {
            "X": 0.17513975501060486,
            "Y": 0.3269381523132324
          }
        ]
      },
      "Id": "e301a212-a798-4979-9d1f-ed7fcc622be5",
      "Relationships": [
        {
          "Type": "CHILD",
          "Ids": [
            "0cd366d2-af41-4208-9fcc-23114558ce66"
          ]
        }
      ],
      "Page": 1
    },
    {
      "BlockType": "LINE",
      "Confidence": 88.89569854736328,
      "Text": "licenças",
      "Geometry": {
        "BoundingBox": {
          "Width": 0.05298864468932152,
          "Height": 0.012582474388182163,
          "Left": 0.5659424662590027,
          "Top": 0.30383551120758057
        },
        "Polygon": [
          {
            "X": 0.5659424662590027,
            "Y": 0.3052169680595398
          },
          {
            "X": 0.6188936829566956,
            "Y": 0.30383551120758057
          },
          {
            "X": 0.6189311146736145,
            "Y": 0.31503334641456604
          },
          {
            "X": 0.5659520626068115,
            "Y": 0.31641799211502075
          }
        ]
      },
      "Id": "dab7a0a0-2985-431c-af84-252c89bc4be3",
      "Relationships": [
        {
          "Type": "CHILD",
          "Ids": [
            "b2f23388-500a-4ed6-b216-66b042d3a7e8"
          ]
        }
      ],
      "Page": 1
    },
    {
      "BlockType": "LINE",
      "Confidence": 98.54944610595703,
      "Text": "Sim, mais 6 dias.",
      "Geometry": {
        "BoundingBox": {
          "Width": 0.0706617459654808,
          "Height": 0.010364632122218609,
          "Left": 0.15315498411655426,
          "Top": 0.3312000632286072
        },
        "Polygon": [
          {
            "X": 0.15331235527992249,
            "Y": 0.33304449915885925
          },
          {
            "X": 0.22381673753261566,
            "Y": 0.3312000632286072
          },
          {
            "X": 0.223687544465065,
            "Y": 0.33971700072288513
          },
          {
            "X": 0.15315498411655426,
            "Y": 0.34156468510627747
          }
        ]
      },
      "Id": "17b71747-0fc6-4411-ad19-bbd0e42361c1",
      "Relationships": [
        {
          "Type": "CHILD",
          "Ids": [
            "22f5cdfc-5749-4803-826f-38f889b9628f",
            "1908796a-0049-4726-be3e-ccb6c457c03d",
            "12c3c270-161f-4bbc-b8ea-57b191bbb9ff",
            "32a9f6a4-94f9-4a69-9f55-c9723c63d1e1"
          ]
        }
      ],
      "Page": 1
    },
    {
      "BlockType": "LINE",
      "Confidence": 66.52536010742188,
      "Text": "W",
      "Geometry": {
        "BoundingBox": {
          "Width": 0.01623738557100296,
          "Height": 0.011626455001533031,
          "Left": 0.2629348933696747,
          "Top": 0.32349124550819397
        },
        "Polygon": [
          {
            "X": 0.2630843222141266,
            "Y": 0.3239116668701172
          },
          {
            "X": 0.27917227149009705,
            "Y": 0.32349124550819397
          },
          {
            "X": 0.27903130650520325,
            "Y": 0.3346962630748749
          },
          {
            "X": 0.2629348933696747,
            "Y": 0.3351176977157593
          }
        ]
      },
      "Id": "5d96d190-f40d-4a4e-8e36-ebd40d4ac2c1",
      "Relationships": [
        {
          "Type": "CHILD",
          "Ids": [
            "4c1b5b7a-5b38-4bc2-b185-0e87eece95fa"
          ]
        }
      ],
      "Page": 1
    },
    {
      "BlockType": "LINE",
      "Confidence": 80.43388366699219,
      "Text": "W",
      "Geometry": {
        "BoundingBox": {
          "Width": 0.015921613201498985,
          "Height": 0.011159868910908699,
          "Left": 0.46306270360946655,
          "Top": 0.31900259852409363
        },
        "Polygon": [
          {
            "X": 0.4631052613258362,
            "Y": 0.3194176256656647
          },
          {
            "X": 0.4789842963218689,
            "Y": 0.31900259852409363
          },
          {
            "X": 0.47894972562789917,
            "Y": 0.3297465145587921
          },
          {
            "X": 0.46306270360946655,
            "Y": 0.3301624655723572
          }
        ]
      },
      "Id": "e81f3d20-d77c-44a1-9bc0-a9718e335c97",
      "Relationships": [
        {
          "Type": "CHILD",
          "Ids": [
            "e2132c57-fc13-4fa1-8607-1ff849be024b"
          ]
        }
      ],
      "Page": 1
    },
    {
      "BlockType": "LINE",
      "Confidence": 98.87220001220703,
      "Text": "Especialista",
      "Geometry": {
        "BoundingBox": {
          "Width": 0.07424625009298325,
          "Height": 0.014628601260483265,
          "Left": 0.4564875066280365,
          "Top": 0.3344251811504364
        },
        "Polygon": [
          {
            "X": 0.45654162764549255,
            "Y": 0.3363696038722992
          },
          {
            "X": 0.5307337641716003,
            "Y": 0.3344251811504364
          },
          {
            "X": 0.5307236909866333,
            "Y": 0.3471042513847351
          },
          {
            "X": 0.4564875066280365,
            "Y": 0.3490538001060486
          }
        ]
      },
      "Id": "40a7e552-930a-4be1-b2a9-a606006a4b66",
      "Relationships": [
        {
          "Type": "CHILD",
          "Ids": [
            "06a12d3a-16eb-475d-b101-c1060b661610"
          ]
        }
      ],
      "Page": 1
    },
    {
      "BlockType": "LINE",
      "Confidence": 99.80753326416016,
      "Text": "Agente de RH",
      "Geometry": {
        "BoundingBox": {
          "Width": 0.07057026773691177,
          "Height": 0.010866302065551281,
          "Left": 0.25838595628738403,
          "Top": 0.34805047512054443
        },
        "Polygon": [
          {
            "X": 0.25850796699523926,
            "Y": 0.3498992621898651
          },
          {
            "X": 0.3289562165737152,
            "Y": 0.34805047512054443
          },
          {
            "X": 0.3288639485836029,
            "Y": 0.35706454515457153
          },
          {
            "X": 0.25838595628738403,
            "Y": 0.3589167892932892
          }
        ]
      },
      "Id": "3b7779c0-195b-4295-b5f2-30a52244489c",
      "Relationships": [
        {
          "Type": "CHILD",
          "Ids": [
            "3a8a7b94-e6ce-4400-a304-d39a52421fba",
            "678b2c0b-2c09-433f-ae37-76c8a0cd7f79",
            "5a5fb7a9-a584-43c0-92db-782be7acc4b9"
          ]
        }
      ],
      "Page": 1
    },
    {
      "BlockType": "LINE",
      "Confidence": 99.71558380126953,
      "Text": "como agente",
      "Geometry": {
        "BoundingBox": {
          "Width": 0.06680223345756531,
          "Height": 0.010046920739114285,
          "Left": 0.26007696986198425,
          "Top": 0.35898730158805847
        },
        "Polygon": [
          {
            "X": 0.260188490152359,
            "Y": 0.3607405126094818
          },
          {
            "X": 0.32687920331954956,
            "Y": 0.35898730158805847
          },
          {
            "X": 0.3267935812473297,
            "Y": 0.36727800965309143
          },
          {
            "X": 0.26007696986198425,
            "Y": 0.3690342307090759
          }
        ]
      },
      "Id": "223187b5-bd90-48ab-8470-b38382dcb6d0",
      "Relationships": [
        {
          "Type": "CHILD",
          "Ids": [
            "d35c318c-6921-4ded-85d8-2e37cfb3c87c",
            "10936964-1bc6-4f1e-be26-568717577092"
          ]
        }
      ],
      "Page": 1
    },
    {
      "BlockType": "LINE",
      "Confidence": 93.93120574951172,
      "Text": "em licenças",
      "Geometry": {
        "BoundingBox": {
          "Width": 0.07360059022903442,
          "Height": 0.013575376942753792,
          "Left": 0.4568459689617157,
          "Top": 0.34708458185195923
        },
        "Polygon": [
          {
            "X": 0.4568954408168793,
            "Y": 0.34901612997055054
          },
          {
            "X": 0.5304465293884277,
            "Y": 0.34708458185195923
          },
          {
            "X": 0.530437171459198,
            "Y": 0.3587237596511841
          },
          {
            "X": 0.4568459689617157,
            "Y": 0.36065995693206787
          }
        ]
      },
      "Id": "605ea4df-7165-444c-8752-b06091185d93",
      "Relationships": [
        {
          "Type": "CHILD",
          "Ids": [
            "98f9ad8b-eb66-48d1-9c85-4c2bb89d3d38",
            "5472db62-c394-4a71-9205-f1e199fcfa3b"
          ]
        }
      ],
      "Page": 1
    },
    {
      "BlockType": "LINE",
      "Confidence": 99.81306457519531,
      "Text": "supervisor",
      "Geometry": {
        "BoundingBox": {
          "Width": 0.054658155888319016,
          "Height": 0.010915401391685009,
          "Left": 0.2652701437473297,
          "Top": 0.3689801096916199
        },
        "Polygon": [
          {
            "X": 0.26539525389671326,
            "Y": 0.37041595578193665
          },
          {
            "X": 0.31992828845977783,
            "Y": 0.3689801096916199
          },
          {
            "X": 0.3198273777961731,
            "Y": 0.37845683097839355
          },
          {
            "X": 0.2652701437473297,
            "Y": 0.37989550828933716
          }
        ]
      },
      "Id": "119de12f-7570-4f8d-aabf-a39227d38a4a",
      "Relationships": [
        {
          "Type": "CHILD",
          "Ids": [
            "1237da4a-c9d9-48c7-bd14-f433686984d9"
          ]
        }
      ],
      "Page": 1
    },
    {
      "BlockType": "LINE",
      "Confidence": 92.21256256103516,
      "Text": "Políticas",
      "Geometry": {
        "BoundingBox": {
          "Width": 0.057073768228292465,
          "Height": 0.012215138413012028,
          "Left": 0.5630131959915161,
          "Top": 0.37219178676605225
        },
        "Polygon": [
          {
            "X": 0.5630131959915161,
            "Y": 0.3736962378025055
          },
          {
            "X": 0.6200506687164307,
            "Y": 0.37219178676605225
          },
          {
            "X": 0.6200869083404541,
            "Y": 0.38289910554885864
          },
          {
            "X": 0.5630208849906921,
            "Y": 0.3844069242477417
          }
        ]
      },
      "Id": "65039b2c-46dd-40d3-8ba8-81bd14ddf6d8",
      "Relationships": [
        {
          "Type": "CHILD",
          "Ids": [
            "f9f64a96-5e6b-46e1-a2c9-a5c95b4ae292"
          ]
        }
      ],
      "Page": 1
    },
    {
      "BlockType": "LINE",
      "Confidence": 39.88912582397461,
      "Text": "E",
      "Geometry": {
        "BoundingBox": {
          "Width": 0.01532948948442936,
          "Height": 0.010779173113405704,
          "Left": 0.46107548475265503,
          "Top": 0.3922426700592041
        },
        "Polygon": [
          {
            "X": 0.4611174166202545,
            "Y": 0.3926469683647156
          },
          {
            "X": 0.47640496492385864,
            "Y": 0.3922426700592041
          },
          {
            "X": 0.4763704538345337,
            "Y": 0.4026167094707489
          },
          {
            "X": 0.46107548475265503,
            "Y": 0.40302184224128723
          }
        ]
      },
      "Id": "420942f3-31be-44dc-870e-7747bcb5aeb5",
      "Relationships": [
        {
          "Type": "CHILD",
          "Ids": [
            "7e0778f3-0c0c-46ee-abdc-702a91d733b6"
          ]
        }
      ],
      "Page": 1
    },
    {
      "BlockType": "LINE",
      "Confidence": 99.83976745605469,
      "Text": "de RH",
      "Geometry": {
        "BoundingBox": {
          "Width": 0.040818776935338974,
          "Height": 0.01059131883084774,
          "Left": 0.5703023076057434,
          "Top": 0.38556089997291565
        },
        "Polygon": [
          {
            "X": 0.5703023076057434,
            "Y": 0.3866390883922577
          },
          {
            "X": 0.6110929250717163,
            "Y": 0.38556089997291565
          },
          {
            "X": 0.6111210584640503,
            "Y": 0.39507192373275757
          },
          {
            "X": 0.5703123807907104,
            "Y": 0.39615222811698914
          }
        ]
      },
      "Id": "ac4bb5c9-365b-4f79-80f3-6a0f711f85d0",
      "Relationships": [
        {
          "Type": "CHILD",
          "Ids": [
            "02023520-83b6-4c42-8a32-ca8f2b3a0507",
            "bca3a4b3-ebe4-47b4-a968-7e7b622db3c1"
          ]
        }
      ],
      "Page": 1
    },
    {
      "BlockType": "LINE",
      "Confidence": 96.8047866821289,
      "Text": "Especialista em",
      "Geometry": {
        "BoundingBox": {
          "Width": 0.0992257371544838,
          "Height": 0.01461193896830082,
          "Left": 0.44249168038368225,
          "Top": 0.40620020031929016
        },
        "Polygon": [
          {
            "X": 0.4425504803657532,
            "Y": 0.4088292717933655
          },
          {
            "X": 0.5417174100875854,
            "Y": 0.40620020031929016
          },
          {
            "X": 0.5417141318321228,
            "Y": 0.4181766211986542
          },
          {
            "X": 0.44249168038368225,
            "Y": 0.4208121597766876
          }
        ]
      },
      "Id": "c8c27f5f-a2ec-4e10-9cdf-ebabd3e20c67",
      "Relationships": [
        {
          "Type": "CHILD",
          "Ids": [
            "e712c584-6aea-4648-ac79-7234d07d7d6e",
            "76d6b5cd-b098-4974-8f94-f50d9be56162"
          ]
        }
      ],
      "Page": 1
    },
    {
      "BlockType": "LINE",
      "Confidence": 97.13400268554688,
      "Text": "promoção",
      "Geometry": {
        "BoundingBox": {
          "Width": 0.06478045135736465,
          "Height": 0.013218408450484276,
          "Left": 0.45911768078804016,
          "Top": 0.41967594623565674
        },
        "Polygon": [
          {
            "X": 0.45916515588760376,
            "Y": 0.4213956594467163
          },
          {
            "X": 0.5238981246948242,
            "Y": 0.41967594623565674
          },
          {
            "X": 0.5238853693008423,
            "Y": 0.43117061257362366
          },
          {
            "X": 0.45911768078804016,
            "Y": 0.43289437890052795
          }
        ]
      },
      "Id": "7ac2444d-344d-4c41-8c95-0a207598d36a",
      "Relationships": [
        {
          "Type": "CHILD",
          "Ids": [
            "2d56bd3e-c867-4fd1-ab0b-df0beb4a0103"
          ]
        }
      ],
      "Page": 1
    },
    {
      "BlockType": "WORD",
      "Confidence": 98.91203308105469,
      "Text": "1.",
      "TextType": "PRINTED",
      "Geometry": {
        "BoundingBox": {
          "Width": 0.021472077816724777,
          "Height": 0.01396210491657257,
          "Left": 0.0758485496044159,
          "Top": 0.21395659446716309
        },
        "Polygon": [
          {
            "X": 0.07614655047655106,
            "Y": 0.21449978649616241
          },
          {
            "X": 0.09732063114643097,
            "Y": 0.21395659446716309
          },
          {
            "X": 0.09703603386878967,
            "Y": 0.22737395763397217
          },
          {
            "X": 0.0758485496044159,
            "Y": 0.22791869938373566
          }
        ]
      },
      "Id": "32f56f99-6722-4841-8697-b30d5335e6b0",
      "Page": 1
    },
    {
      "BlockType": "WORD",
      "Confidence": 98.10311126708984,
      "Text": "Unifique",
      "TextType": "PRINTED",
      "Geometry": {
        "BoundingBox": {
          "Width": 0.10711981356143951,
          "Height": 0.022318853065371513,
          "Left": 0.1143699660897255,
          "Top": 0.20309452712535858
        },
        "Polygon": [
          {
            "X": 0.11476942151784897,
            "Y": 0.20582887530326843
          },
          {
            "X": 0.2214897722005844,
            "Y": 0.20309452712535858
          },
          {
            "X": 0.22118893265724182,
            "Y": 0.22266770899295807
          },
          {
            "X": 0.1143699660897255,
            "Y": 0.22541336715221405
          }
        ]
      },
      "Id": "081d4c27-5670-4424-91fd-2ee55ec5abe8",
      "Page": 1
    },
    {
      "BlockType": "WORD",
      "Confidence": 99.80907440185547,
      "Text": "a",
      "TextType": "PRINTED",
      "Geometry": {
        "BoundingBox": {
          "Width": 0.011697342619299889,
          "Height": 0.010937327519059181,
          "Left": 0.2370086908340454,
          "Top": 0.20312774181365967
        },
        "Polygon": [
          {
            "X": 0.23716437816619873,
            "Y": 0.20342348515987396
          },
          {
            "X": 0.24870602786540985,
            "Y": 0.20312774181365967
          },
          {
            "X": 0.24855612218379974,
            "Y": 0.21376864612102509
          },
          {
            "X": 0.2370086908340454,
            "Y": 0.2140650600194931
          }
        ]
      },
      "Id": "d12a5af0-4183-45bd-9a54-e772141d05c6",
      "Page": 1
    },
    {
      "BlockType": "WORD",
      "Confidence": 92.60718536376953,
      "Text": "experiência",
      "TextType": "PRINTED",
      "Geometry": {
        "BoundingBox": {
          "Width": 0.16196852922439575,
          "Height": 0.029068907722830772,
          "Left": 0.2637936770915985,
          "Top": 0.18541453778743744
        },
        "Polygon": [
          {
            "X": 0.26412707567214966,
            "Y": 0.18954743444919586
          },
          {
            "X": 0.42576220631599426,
            "Y": 0.18541453778743744
          },
          {
            "X": 0.425618976354599,
            "Y": 0.21032872796058655
          },
          {
            "X": 0.2637936770915985,
            "Y": 0.21448343992233276
          }
        ]
      },
      "Id": "8ae87e2f-04f0-4415-8e29-01280980da27",
      "Page": 1
    },
    {
      "BlockType": "WORD",
      "Confidence": 99.84233093261719,
      "Text": "do",
      "TextType": "PRINTED",
      "Geometry": {
        "BoundingBox": {
          "Width": 0.029668956995010376,
          "Height": 0.016030723229050636,
          "Left": 0.4433286786079407,
          "Top": 0.18123692274093628
        },
        "Polygon": [
          {
            "X": 0.44340378046035767,
            "Y": 0.1819932460784912
          },
          {
            "X": 0.47299763560295105,
            "Y": 0.18123692274093628
          },
          {
            "X": 0.47294384241104126,
            "Y": 0.19650888442993164
          },
          {
            "X": 0.4433286786079407,
            "Y": 0.19726765155792236
          }
        ]
      },
      "Id": "e9ce4f7b-6a74-4120-a23c-c766da238f84",
      "Page": 1
    },
    {
      "BlockType": "WORD",
      "Confidence": 99.47537231445312,
      "Text": "cliente",
      "TextType": "PRINTED",
      "Geometry": {
        "BoundingBox": {
          "Width": 0.1125771701335907,
          "Height": 0.022970642894506454,
          "Left": 0.4900909960269928,
          "Top": 0.17105238139629364
        },
        "Polygon": [
          {
            "X": 0.4901455342769623,
            "Y": 0.17392350733280182
          },
          {
            "X": 0.6026160717010498,
            "Y": 0.17105238139629364
          },
          {
            "X": 0.6026681661605835,
            "Y": 0.19113965332508087
          },
          {
            "X": 0.4900909960269928,
            "Y": 0.1940230280160904
          }
        ]
      },
      "Id": "82324549-5b37-40c7-b97b-18388696b89d",
      "Page": 1
    },
    {
      "BlockType": "WORD",
      "Confidence": 99.46009063720703,
      "Text": "1",
      "TextType": "PRINTED",
      "Geometry": {
        "BoundingBox": {
          "Width": 0.005639364011585712,
          "Height": 0.008559216745197773,
          "Left": 0.407019704580307,
          "Top": 0.2562585771083832
        },
        "Polygon": [
          {
            "X": 0.40707531571388245,
            "Y": 0.25640299916267395
          },
          {
            "X": 0.41265907883644104,
            "Y": 0.2562585771083832
          },
          {
            "X": 0.4126056730747223,
            "Y": 0.264673113822937
          },
          {
            "X": 0.407019704580307,
            "Y": 0.2648178040981293
          }
        ]
      },
      "Id": "3aa3f8a6-a9e9-4430-97ff-a81c0122f30d",
      "Page": 1
    },
    {
      "BlockType": "WORD",
      "Confidence": 63.72975158691406,
      "Text": "W",
      "TextType": "PRINTED",
      "Geometry": {
        "BoundingBox": {
          "Width": 0.015749914571642876,
          "Height": 0.011690545827150345,
          "Left": 0.46528249979019165,
          "Top": 0.24870987236499786
        },
        "Polygon": [
          {
            "X": 0.465326189994812,
            "Y": 0.2491157501935959
          },
          {
            "X": 0.4810324013233185,
            "Y": 0.24870987236499786
          },
          {
            "X": 0.4809970557689667,
            "Y": 0.2599935829639435
          },
          {
            "X": 0.46528249979019165,
            "Y": 0.2604004144668579
          }
        ]
      },
      "Id": "f430d4f3-0ea6-45aa-a989-e2053e98e432",
      "Page": 1
    },
    {
      "BlockType": "WORD",
      "Confidence": 98.21121978759766,
      "Text": "Especialista",
      "TextType": "PRINTED",
      "Geometry": {
        "BoundingBox": {
          "Width": 0.07230768352746964,
          "Height": 0.013747806660830975,
          "Left": 0.459503710269928,
          "Top": 0.2642858326435089
        },
        "Polygon": [
          {
            "X": 0.4595528542995453,
            "Y": 0.26615825295448303
          },
          {
            "X": 0.5318114161491394,
            "Y": 0.2642858326435089
          },
          {
            "X": 0.5318025350570679,
            "Y": 0.27615657448768616
          },
          {
            "X": 0.459503710269928,
            "Y": 0.27803364396095276
          }
        ]
      },
      "Id": "69c7984a-9a42-40b5-9d96-f0ed77f0f58a",
      "Page": 1
    },
    {
      "BlockType": "WORD",
      "Confidence": 99.74667358398438,
      "Text": "1",
      "TextType": "PRINTED",
      "Geometry": {
        "BoundingBox": {
          "Width": 0.006092627998441458,
          "Height": 0.008189310319721699,
          "Left": 0.18441219627857208,
          "Top": 0.2885785698890686
        },
        "Polygon": [
          {
            "X": 0.18454912304878235,
            "Y": 0.2887333035469055
          },
          {
            "X": 0.19050481915473938,
            "Y": 0.2885785698890686
          },
          {
            "X": 0.19037014245986938,
            "Y": 0.2966129183769226
          },
          {
            "X": 0.18441219627857208,
            "Y": 0.2967678904533386
          }
        ]
      },
      "Id": "ea4bf42a-31b1-471c-9aa9-78a1a5059793",
      "Page": 1
    },
    {
      "BlockType": "WORD",
      "Confidence": 99.24747467041016,
      "Text": "em",
      "TextType": "PRINTED",
      "Geometry": {
        "BoundingBox": {
          "Width": 0.01870049722492695,
          "Height": 0.007301822304725647,
          "Left": 0.46453914046287537,
          "Top": 0.28097185492515564
        },
        "Polygon": [
          {
            "X": 0.4645657241344452,
            "Y": 0.28145697712898254
          },
          {
            "X": 0.48323965072631836,
            "Y": 0.28097185492515564
          },
          {
            "X": 0.4832190275192261,
            "Y": 0.28778788447380066
          },
          {
            "X": 0.46453914046287537,
            "Y": 0.2882736921310425
          }
        ]
      },
      "Id": "f719d4ac-00ea-4b07-98f3-3a384e9c7f6b",
      "Page": 1
    },
    {
      "BlockType": "WORD",
      "Confidence": 99.09383392333984,
      "Text": "folgas",
      "TextType": "PRINTED",
      "Geometry": {
        "BoundingBox": {
          "Width": 0.04092298820614815,
          "Height": 0.012435310520231724,
          "Left": 0.4869574010372162,
          "Top": 0.27665388584136963
        },
        "Polygon": [
          {
            "X": 0.4869897961616516,
            "Y": 0.2777155935764313
          },
          {
            "X": 0.5278803706169128,
            "Y": 0.27665388584136963
          },
          {
            "X": 0.5278698205947876,
            "Y": 0.2880249619483948
          },
          {
            "X": 0.4869574010372162,
            "Y": 0.2890892028808594
          }
        ]
      },
      "Id": "f1d1e0b9-fe8b-48a2-9d20-b693bb847b2b",
      "Page": 1
    },
    {
      "BlockType": "WORD",
      "Confidence": 99.39212036132812,
      "Text": "Regras",
      "TextType": "PRINTED",
      "Geometry": {
        "BoundingBox": {
          "Width": 0.04536732658743858,
          "Height": 0.012501917779445648,
          "Left": 0.5600218772888184,
          "Top": 0.2926357388496399
        },
        "Polygon": [
          {
            "X": 0.5600218772888184,
            "Y": 0.29381629824638367
          },
          {
            "X": 0.6053585410118103,
            "Y": 0.2926357388496399
          },
          {
            "X": 0.6053891777992249,
            "Y": 0.30395427346229553
          },
          {
            "X": 0.5600284337997437,
            "Y": 0.30513763427734375
          }
        ]
      },
      "Id": "6c881e11-84f6-435a-b3ce-570470a42b1a",
      "Page": 1
    },
    {
      "BlockType": "WORD",
      "Confidence": 99.8470230102539,
      "Text": "de",
      "TextType": "PRINTED",
      "Geometry": {
        "BoundingBox": {
          "Width": 0.017040999606251717,
          "Height": 0.009657010436058044,
          "Left": 0.6081544160842896,
          "Top": 0.291110098361969
        },
        "Polygon": [
          {
            "X": 0.6081544160842896,
            "Y": 0.29155290126800537
          },
          {
            "X": 0.62516188621521,
            "Y": 0.291110098361969
          },
          {
            "X": 0.6251953840255737,
            "Y": 0.3003234565258026
          },
          {
            "X": 0.608180582523346,
            "Y": 0.30076709389686584
          }
        ]
      },
      "Id": "239f9c36-21f0-400f-bee0-04a73d63cbb8",
      "Page": 1
    },
    {
      "BlockType": "WORD",
      "Confidence": 99.81952667236328,
      "Text": "Ainda",
      "TextType": "PRINTED",
      "Geometry": {
        "BoundingBox": {
          "Width": 0.024846753105521202,
          "Height": 0.007327856030315161,
          "Left": 0.13658562302589417,
          "Top": 0.3129914104938507
        },
        "Polygon": [
          {
            "X": 0.136714369058609,
            "Y": 0.3136359751224518
          },
          {
            "X": 0.16143237054347992,
            "Y": 0.3129914104938507
          },
          {
            "X": 0.16131137311458588,
            "Y": 0.3196737766265869
          },
          {
            "X": 0.13658562302589417,
            "Y": 0.320319265127182
          }
        ]
      },
      "Id": "e1dc2cb6-6464-45e9-ae01-07a68f177f6f",
      "Page": 1
    },
    {
      "BlockType": "WORD",
      "Confidence": 99.82344818115234,
      "Text": "tenho",
      "TextType": "PRINTED",
      "Geometry": {
        "BoundingBox": {
          "Width": 0.025261269882321358,
          "Height": 0.007274653762578964,
          "Left": 0.1637878715991974,
          "Top": 0.3113924264907837
        },
        "Polygon": [
          {
            "X": 0.16390696167945862,
            "Y": 0.31204795837402344
          },
          {
            "X": 0.1890491396188736,
            "Y": 0.3113924264907837
          },
          {
            "X": 0.18893787264823914,
            "Y": 0.3180106282234192
          },
          {
            "X": 0.1637878715991974,
            "Y": 0.31866705417633057
          }
        ]
      },
      "Id": "da27093e-eb7f-4f74-a182-99ae6490efb2",
      "Page": 1
    },
    {
      "BlockType": "WORD",
      "Confidence": 98.89405059814453,
      "Text": "férias",
      "TextType": "PRINTED",
      "Geometry": {
        "BoundingBox": {
          "Width": 0.023973383009433746,
          "Height": 0.007171705365180969,
          "Left": 0.1912006139755249,
          "Top": 0.30995047092437744
        },
        "Polygon": [
          {
            "X": 0.19131003320217133,
            "Y": 0.3105725944042206
          },
          {
            "X": 0.21517398953437805,
            "Y": 0.30995047092437744
          },
          {
            "X": 0.215071901679039,
            "Y": 0.31649917364120483
          },
          {
            "X": 0.1912006139755249,
            "Y": 0.3171221613883972
          }
        ]
      },
      "Id": "81ff5268-2d4a-421b-b763-b968a80f44f3",
      "Page": 1
    },
    {
      "BlockType": "WORD",
      "Confidence": 99.85424041748047,
      "Text": "este",
      "TextType": "PRINTED",
      "Geometry": {
        "BoundingBox": {
          "Width": 0.01778499037027359,
          "Height": 0.006634327117353678,
          "Left": 0.21757414937019348,
          "Top": 0.3093012869358063
        },
        "Polygon": [
          {
            "X": 0.21766966581344604,
            "Y": 0.30976244807243347
          },
          {
            "X": 0.23535913228988647,
            "Y": 0.3093012869358063
          },
          {
            "X": 0.2352687418460846,
            "Y": 0.31547385454177856
          },
          {
            "X": 0.21757414937019348,
            "Y": 0.3159356117248535
          }
        ]
      },
      "Id": "cc55821b-f961-462c-ad16-271810e469c3",
      "Page": 1
    },
    {
      "BlockType": "WORD",
      "Confidence": 99.65399169921875,
      "Text": "ano?",
      "TextType": "PRINTED",
      "Geometry": {
        "BoundingBox": {
          "Width": 0.019747233018279076,
          "Height": 0.006847615819424391,
          "Left": 0.17513975501060486,
          "Top": 0.32009056210517883
        },
        "Polygon": [
          {
            "X": 0.1752503216266632,
            "Y": 0.32060328125953674
          },
          {
            "X": 0.19488699734210968,
            "Y": 0.32009056210517883
          },
          {
            "X": 0.19478227198123932,
            "Y": 0.3264247477054596
          },
          {
            "X": 0.17513975501060486,
            "Y": 0.3269381523132324
          }
        ]
      },
      "Id": "0cd366d2-af41-4208-9fcc-23114558ce66",
      "Page": 1
    },
    {
      "BlockType": "WORD",
      "Confidence": 88.89569854736328,
      "Text": "licenças",
      "TextType": "PRINTED",
      "Geometry": {
        "BoundingBox": {
          "Width": 0.05298864468932152,
          "Height": 0.012582474388182163,
          "Left": 0.5659424662590027,
          "Top": 0.30383551120758057
        },
        "Polygon": [
          {
            "X": 0.5659424662590027,
            "Y": 0.3052169680595398
          },
          {
            "X": 0.6188936829566956,
            "Y": 0.30383551120758057
          },
          {
            "X": 0.6189311146736145,
            "Y": 0.31503334641456604
          },
          {
            "X": 0.5659520626068115,
            "Y": 0.31641799211502075
          }
        ]
      },
      "Id": "b2f23388-500a-4ed6-b216-66b042d3a7e8",
      "Page": 1
    },
    {
      "BlockType": "WORD",
      "Confidence": 99.61486053466797,
      "Text": "Sim,",
      "TextType": "PRINTED",
      "Geometry": {
        "BoundingBox": {
          "Width": 0.01833234913647175,
          "Height": 0.00743302796036005,
          "Left": 0.15315498411655426,
          "Top": 0.33413165807724
        },
        "Polygon": [
          {
            "X": 0.1532834768295288,
            "Y": 0.3346080183982849
          },
          {
            "X": 0.17148733139038086,
            "Y": 0.33413165807724
          },
          {
            "X": 0.17136478424072266,
            "Y": 0.34108766913414
          },
          {
            "X": 0.15315498411655426,
            "Y": 0.34156468510627747
          }
        ]
      },
      "Id": "22f5cdfc-5749-4803-826f-38f889b9628f",
      "Page": 1
    },
    {
      "BlockType": "WORD",
      "Confidence": 99.85112762451172,
      "Text": "mais",
      "TextType": "PRINTED",
      "Geometry": {
        "BoundingBox": {
          "Width": 0.01959979720413685,
          "Height": 0.007286799605935812,
          "Left": 0.17452053725719452,
          "Top": 0.33257877826690674
        },
        "Polygon": [
          {
            "X": 0.17463894188404083,
            "Y": 0.3330884575843811
          },
          {
            "X": 0.19412033259868622,
            "Y": 0.33257877826690674
          },
          {
            "X": 0.19400812685489655,
            "Y": 0.3393551707267761
          },
          {
            "X": 0.17452053725719452,
            "Y": 0.3398655652999878
          }
        ]
      },
      "Id": "1908796a-0049-4726-be3e-ccb6c457c03d",
      "Page": 1
    },
    {
      "BlockType": "WORD",
      "Confidence": 99.7121810913086,
      "Text": "6",
      "TextType": "PRINTED",
      "Geometry": {
        "BoundingBox": {
          "Width": 0.005691769532859325,
          "Height": 0.0065419236198067665,
          "Left": 0.19644826650619507,
          "Top": 0.33239760994911194
        },
        "Polygon": [
          {
            "X": 0.19655343890190125,
            "Y": 0.3325437903404236
          },
          {
            "X": 0.20214003324508667,
            "Y": 0.33239760994911194
          },
          {
            "X": 0.2020365297794342,
            "Y": 0.33879318833351135
          },
          {
            "X": 0.19644826650619507,
            "Y": 0.3389395475387573
          }
        ]
      },
      "Id": "12c3c270-161f-4bbc-b8ea-57b191bbb9ff",
      "Page": 1
    },
    {
      "BlockType": "WORD",
      "Confidence": 95.01961517333984,
      "Text": "dias.",
      "TextType": "PRINTED",
      "Geometry": {
        "BoundingBox": {
          "Width": 0.019328167662024498,
          "Height": 0.007400114554911852,
          "Left": 0.20448856055736542,
          "Top": 0.3312000632286072
        },
        "Polygon": [
          {
            "X": 0.20459939539432526,
            "Y": 0.3317027986049652
          },
          {
            "X": 0.22381673753261566,
            "Y": 0.3312000632286072
          },
          {
            "X": 0.22371211647987366,
            "Y": 0.3380967378616333
          },
          {
            "X": 0.20448856055736542,
            "Y": 0.33860018849372864
          }
        ]
      },
      "Id": "32a9f6a4-94f9-4a69-9f55-c9723c63d1e1",
      "Page": 1
    },
    {
      "BlockType": "WORD",
      "Confidence": 66.52536010742188,
      "Text": "W",
      "TextType": "PRINTED",
      "Geometry": {
        "BoundingBox": {
          "Width": 0.01623738557100296,
          "Height": 0.011626455001533031,
          "Left": 0.2629348933696747,
          "Top": 0.32349124550819397
        },
        "Polygon": [
          {
            "X": 0.2630843222141266,
            "Y": 0.3239116668701172
          },
          {
            "X": 0.27917227149009705,
            "Y": 0.32349124550819397
          },
          {
            "X": 0.27903130650520325,
            "Y": 0.3346962630748749
          },
          {
            "X": 0.2629348933696747,
            "Y": 0.3351176977157593
          }
        ]
      },
      "Id": "4c1b5b7a-5b38-4bc2-b185-0e87eece95fa",
      "Page": 1
    },
    {
      "BlockType": "WORD",
      "Confidence": 80.43388366699219,
      "Text": "W",
      "TextType": "PRINTED",
      "Geometry": {
        "BoundingBox": {
          "Width": 0.015921613201498985,
          "Height": 0.011159868910908699,
          "Left": 0.46306270360946655,
          "Top": 0.31900259852409363
        },
        "Polygon": [
          {
            "X": 0.4631052613258362,
            "Y": 0.3194176256656647
          },
          {
            "X": 0.4789842963218689,
            "Y": 0.31900259852409363
          },
          {
            "X": 0.47894972562789917,
            "Y": 0.3297465145587921
          },
          {
            "X": 0.46306270360946655,
            "Y": 0.3301624655723572
          }
        ]
      },
      "Id": "e2132c57-fc13-4fa1-8607-1ff849be024b",
      "Page": 1
    },
    {
      "BlockType": "WORD",
      "Confidence": 98.87220001220703,
      "Text": "Especialista",
      "TextType": "PRINTED",
      "Geometry": {
        "BoundingBox": {
          "Width": 0.07424625009298325,
          "Height": 0.014628601260483265,
          "Left": 0.4564875066280365,
          "Top": 0.3344251811504364
        },
        "Polygon": [
          {
            "X": 0.45654162764549255,
            "Y": 0.3363696038722992
          },
          {
            "X": 0.5307337641716003,
            "Y": 0.3344251811504364
          },
          {
            "X": 0.5307236909866333,
            "Y": 0.3471042513847351
          },
          {
            "X": 0.4564875066280365,
            "Y": 0.3490538001060486
          }
        ]
      },
      "Id": "06a12d3a-16eb-475d-b101-c1060b661610",
      "Page": 1
    },
    {
      "BlockType": "WORD",
      "Confidence": 99.7222900390625,
      "Text": "Agente",
      "TextType": "PRINTED",
      "Geometry": {
        "BoundingBox": {
          "Width": 0.03694578632712364,
          "Height": 0.009596986696124077,
          "Left": 0.25838595628738403,
          "Top": 0.34931978583335876
        },
        "Polygon": [
          {
            "X": 0.258502721786499,
            "Y": 0.3502863645553589
          },
          {
            "X": 0.295331746339798,
            "Y": 0.34931978583335876
          },
          {
            "X": 0.29522982239723206,
            "Y": 0.3579484820365906
          },
          {
            "X": 0.25838595628738403,
            "Y": 0.3589167892932892
          }
        ]
      },
      "Id": "3a8a7b94-e6ce-4400-a304-d39a52421fba",
      "Page": 1
    },
    {
      "BlockType": "WORD",
      "Confidence": 99.84695434570312,
      "Text": "de",
      "TextType": "PRINTED",
      "Geometry": {
        "BoundingBox": {
          "Width": 0.012664196081459522,
          "Height": 0.00764987338334322,
          "Left": 0.29828590154647827,
          "Top": 0.34852302074432373
        },
        "Polygon": [
          {
            "X": 0.2983713150024414,
            "Y": 0.34885311126708984
          },
          {
            "X": 0.3109501004219055,
            "Y": 0.34852302074432373
          },
          {
            "X": 0.310869038105011,
            "Y": 0.355842262506485
          },
          {
            "X": 0.29828590154647827,
            "Y": 0.3561728894710541
          }
        ]
      },
      "Id": "678b2c0b-2c09-433f-ae37-76c8a0cd7f79",
      "Page": 1
    },
    {
      "BlockType": "WORD",
      "Confidence": 99.85336303710938,
      "Text": "RH",
      "TextType": "PRINTED",
      "Geometry": {
        "BoundingBox": {
          "Width": 0.014442888088524342,
          "Height": 0.007349576335400343,
          "Left": 0.3145112097263336,
          "Top": 0.348256915807724
        },
        "Polygon": [
          {
            "X": 0.314587265253067,
            "Y": 0.34863394498825073
          },
          {
            "X": 0.3289541006088257,
            "Y": 0.348256915807724
          },
          {
            "X": 0.32888272404670715,
            "Y": 0.35522890090942383
          },
          {
            "X": 0.3145112097263336,
            "Y": 0.35560646653175354
          }
        ]
      },
      "Id": "5a5fb7a9-a584-43c0-92db-782be7acc4b9",
      "Page": 1
    },
    {
      "BlockType": "WORD",
      "Confidence": 99.6513900756836,
      "Text": "como",
      "TextType": "PRINTED",
      "Geometry": {
        "BoundingBox": {
          "Width": 0.027964897453784943,
          "Height": 0.006472252309322357,
          "Left": 0.2600935101509094,
          "Top": 0.3613322377204895
        },
        "Polygon": [
          {
            "X": 0.26017066836357117,
            "Y": 0.36206552386283875
          },
          {
            "X": 0.28805840015411377,
            "Y": 0.3613322377204895
          },
          {
            "X": 0.28798872232437134,
            "Y": 0.3670703172683716
          },
          {
            "X": 0.2600935101509094,
            "Y": 0.36780449748039246
          }
        ]
      },
      "Id": "d35c318c-6921-4ded-85d8-2e37cfb3c87c",
      "Page": 1
    },
    {
      "BlockType": "WORD",
      "Confidence": 99.77977752685547,
      "Text": "agente",
      "TextType": "PRINTED",
      "Geometry": {
        "BoundingBox": {
          "Width": 0.0356791689991951,
          "Height": 0.009227647446095943,
          "Left": 0.29120004177093506,
          "Top": 0.35898730158805847
        },
        "Polygon": [
          {
            "X": 0.2912994623184204,
            "Y": 0.3599226474761963
          },
          {
            "X": 0.32687920331954956,
            "Y": 0.35898730158805847
          },
          {
            "X": 0.3267935812473297,
            "Y": 0.36727800965309143
          },
          {
            "X": 0.29120004177093506,
            "Y": 0.3682149648666382
          }
        ]
      },
      "Id": "10936964-1bc6-4f1e-be26-568717577092",
      "Page": 1
    },
    {
      "BlockType": "WORD",
      "Confidence": 99.40336608886719,
      "Text": "em",
      "TextType": "PRINTED",
      "Geometry": {
        "BoundingBox": {
          "Width": 0.01901894435286522,
          "Height": 0.0076871453784406185,
          "Left": 0.4568538963794708,
          "Top": 0.35110652446746826
        },
        "Polygon": [
          {
            "X": 0.4568844139575958,
            "Y": 0.3516053855419159
          },
          {
            "X": 0.47587284445762634,
            "Y": 0.35110652446746826
          },
          {
            "X": 0.4758487045764923,
            "Y": 0.3582940399646759
          },
          {
            "X": 0.4568538963794708,
            "Y": 0.3587936460971832
          }
        ]
      },
      "Id": "98f9ad8b-eb66-48d1-9c85-4c2bb89d3d38",
      "Page": 1
    },
    {
      "BlockType": "WORD",
      "Confidence": 88.45904541015625,
      "Text": "licenças",
      "TextType": "PRINTED",
      "Geometry": {
        "BoundingBox": {
          "Width": 0.05080993473529816,
          "Height": 0.012975749559700489,
          "Left": 0.47963660955429077,
          "Top": 0.34708458185195923
        },
        "Polygon": [
          {
            "X": 0.4796736538410187,
            "Y": 0.3484179377555847
          },
          {
            "X": 0.5304465293884277,
            "Y": 0.34708458185195923
          },
          {
            "X": 0.530437171459198,
            "Y": 0.3587237596511841
          },
          {
            "X": 0.47963660955429077,
            "Y": 0.36006033420562744
          }
        ]
      },
      "Id": "5472db62-c394-4a71-9205-f1e199fcfa3b",
      "Page": 1
    },
    {
      "BlockType": "WORD",
      "Confidence": 99.81306457519531,
      "Text": "supervisor",
      "TextType": "PRINTED",
      "Geometry": {
        "BoundingBox": {
          "Width": 0.054658155888319016,
          "Height": 0.010915401391685009,
          "Left": 0.2652701437473297,
          "Top": 0.3689801096916199
        },
        "Polygon": [
          {
            "X": 0.26539525389671326,
            "Y": 0.37041595578193665
          },
          {
            "X": 0.31992828845977783,
            "Y": 0.3689801096916199
          },
          {
            "X": 0.3198273777961731,
            "Y": 0.37845683097839355
          },
          {
            "X": 0.2652701437473297,
            "Y": 0.37989550828933716
          }
        ]
      },
      "Id": "1237da4a-c9d9-48c7-bd14-f433686984d9",
      "Page": 1
    },
    {
      "BlockType": "WORD",
      "Confidence": 92.21256256103516,
      "Text": "Políticas",
      "TextType": "PRINTED",
      "Geometry": {
        "BoundingBox": {
          "Width": 0.057073768228292465,
          "Height": 0.012215138413012028,
          "Left": 0.5630131959915161,
          "Top": 0.37219178676605225
        },
        "Polygon": [
          {
            "X": 0.5630131959915161,
            "Y": 0.3736962378025055
          },
          {
            "X": 0.6200506687164307,
            "Y": 0.37219178676605225
          },
          {
            "X": 0.6200869083404541,
            "Y": 0.38289910554885864
          },
          {
            "X": 0.5630208849906921,
            "Y": 0.3844069242477417
          }
        ]
      },
      "Id": "f9f64a96-5e6b-46e1-a2c9-a5c95b4ae292",
      "Page": 1
    },
    {
      "BlockType": "WORD",
      "Confidence": 39.88912582397461,
      "Text": "E",
      "TextType": "PRINTED",
      "Geometry": {
        "BoundingBox": {
          "Width": 0.01532948948442936,
          "Height": 0.010779173113405704,
          "Left": 0.46107548475265503,
          "Top": 0.3922426700592041
        },
        "Polygon": [
          {
            "X": 0.4611174166202545,
            "Y": 0.3926469683647156
          },
          {
            "X": 0.47640496492385864,
            "Y": 0.3922426700592041
          },
          {
            "X": 0.4763704538345337,
            "Y": 0.4026167094707489
          },
          {
            "X": 0.46107548475265503,
            "Y": 0.40302184224128723
          }
        ]
      },
      "Id": "7e0778f3-0c0c-46ee-abdc-702a91d733b6",
      "Page": 1
    },
    {
      "BlockType": "WORD",
      "Confidence": 99.8210220336914,
      "Text": "de",
      "TextType": "PRINTED",
      "Geometry": {
        "BoundingBox": {
          "Width": 0.017825312912464142,
          "Height": 0.009894798509776592,
          "Left": 0.570302426815033,
          "Top": 0.38625743985176086
        },
        "Polygon": [
          {
            "X": 0.570302426815033,
            "Y": 0.3867281377315521
          },
          {
            "X": 0.5881099104881287,
            "Y": 0.38625743985176086
          },
          {
            "X": 0.5881277322769165,
            "Y": 0.39568060636520386
          },
          {
            "X": 0.5703123807907104,
            "Y": 0.39615222811698914
          }
        ]
      },
      "Id": "02023520-83b6-4c42-8a32-ca8f2b3a0507",
      "Page": 1
    },
    {
      "BlockType": "WORD",
      "Confidence": 99.85851287841797,
      "Text": "RH",
      "TextType": "PRINTED",
      "Geometry": {
        "BoundingBox": {
          "Width": 0.019824214279651642,
          "Height": 0.009967139922082424,
          "Left": 0.5912966728210449,
          "Top": 0.38556089997291565
        },
        "Polygon": [
          {
            "X": 0.5912966728210449,
            "Y": 0.3860841691493988
          },
          {
            "X": 0.6110929250717163,
            "Y": 0.38556089997291565
          },
          {
            "X": 0.611120879650116,
            "Y": 0.3950037658214569
          },
          {
            "X": 0.5913159251213074,
            "Y": 0.39552804827690125
          }
        ]
      },
      "Id": "bca3a4b3-ebe4-47b4-a968-7e7b622db3c1",
      "Page": 1
    },
    {
      "BlockType": "WORD",
      "Confidence": 97.9900894165039,
      "Text": "Especialista",
      "TextType": "PRINTED",
      "Geometry": {
        "BoundingBox": {
          "Width": 0.07562541961669922,
          "Height": 0.013986262492835522,
          "Left": 0.44249168038368225,
          "Top": 0.4068259000778198
        },
        "Polygon": [
          {
            "X": 0.4425504803657532,
            "Y": 0.4088292717933655
          },
          {
            "X": 0.5181171298027039,
            "Y": 0.4068259000778198
          },
          {
            "X": 0.5181006193161011,
            "Y": 0.4188038408756256
          },
          {
            "X": 0.44249168038368225,
            "Y": 0.4208121597766876
          }
        ]
      },
      "Id": "e712c584-6aea-4648-ac79-7234d07d7d6e",
      "Page": 1
    },
    {
      "BlockType": "WORD",
      "Confidence": 95.61949157714844,
      "Text": "em",
      "TextType": "PRINTED",
      "Geometry": {
        "BoundingBox": {
          "Width": 0.020715011283755302,
          "Height": 0.007883112877607346,
          "Left": 0.5210016965866089,
          "Top": 0.4086824059486389
        },
        "Polygon": [
          {
            "X": 0.5210108757019043,
            "Y": 0.4092315435409546
          },
          {
            "X": 0.5417167544364929,
            "Y": 0.4086824059486389
          },
          {
            "X": 0.5417147278785706,
            "Y": 0.41601553559303284
          },
          {
            "X": 0.5210016965866089,
            "Y": 0.41656550765037537
          }
        ]
      },
      "Id": "76d6b5cd-b098-4974-8f94-f50d9be56162",
      "Page": 1
    },
    {
      "BlockType": "WORD",
      "Confidence": 97.13400268554688,
      "Text": "promoção",
      "TextType": "PRINTED",
      "Geometry": {
        "BoundingBox": {
          "Width": 0.06478045135736465,
          "Height": 0.013218408450484276,
          "Left": 0.45911768078804016,
          "Top": 0.41967594623565674
        },
        "Polygon": [
          {
            "X": 0.45916515588760376,
            "Y": 0.4213956594467163
          },
          {
            "X": 0.5238981246948242,
            "Y": 0.41967594623565674
          },
          {
            "X": 0.5238853693008423,
            "Y": 0.43117061257362366
          },
          {
            "X": 0.45911768078804016,
            "Y": 0.43289437890052795
          }
        ]
      },
      "Id": "2d56bd3e-c867-4fd1-ab0b-df0beb4a0103",
      "Page": 1
    }
  ],
  "DetectDocumentTextModelVersion": "1.0"
}