{
  "DocumentMetadata": {
    "Pages": 1
  },
  "JobStatus": "SUCCEEDED",
  "Blocks": [
    {
      "BlockType": "PAGE",
      "Geometry": {
        "BoundingBox": {
          "Width": 1,
          "Height": 1,
          "Left": 0,
          "Top": 0
        },
        "Polygon": [
          {
            "X": 4.9744535601803364e-8,
            "Y": 0
          },
          {
            "X": 1,
            "Y": 0
          },
          {
            "X": 1,
            "Y": 1
          },
          {
            "X": 0,
            "Y": 1
          }
        ]
      },
      "Id": "fbc56a18-2e89-44f4-897e-790106aec4ae",
      "Relationships": [
        {
          "Type": "CHILD",
          "Ids": [
            "bb8fdc99-e8e7-41cb-bbfa-a2a6152b3c9c",
            "738723d7-5a77-418f-9ac5-d965e06240a0",
            "c353c8bd-1d3d-41b9-9238-f146c2fde8c4",
            "3312b340-958e-46c8-add4-90aebdfaed08",
            "e3bee694-904e-4177-8124-10b81e878ba2",
            "c375deab-11e6-4916-853b-54c321ded08f",
            "84950ec3-f0ca-4505-a09c-c199018b7fa3",
            "37b4352b-fbd8-4eca-901d-8cb5dad5d973",
            "3d556c4e-d9ea-4cbd-8041-6f305f3886bf",
            "27cd3611-2119-4e32-b157-0ed65dda2268",
            "5ccefa2e-b1f5-4ca7-aa48-9b101fb9cfe1",
            "a9071a3f-4361-4e8f-ad00-fdb1e2f95aa5",
            "fee4d8bb-edb2-43b8-bb7e-35dd521e2870",
            "699811e9-ca58-44f7-aa34-cc86d0e7c1c0",
            "6009f9f5-0c51-44ca-ab07-5b4922f0b755",
            "a1d8ca40-1f77-41c3-9bc7-c3d37f9e603a",
            "9c7a33b0-ee86-4af6-98fe-f0ec60448137",
            "6e8a9331-a603-4b8a-9bae-78533d0463d3",
            "5a97e3d2-efaf-4065-a4f3-89716420c37a",
            "39a93fc1-7cf3-41ef-897a-e085cb4fa8ec"
          ]
        }
      ],
      "Page": 1
    },
    {
      "BlockType": "LINE",
      "Confidence": 99.2958984375,
      "Text": "Cloud",
      "Geometry": {
        "BoundingBox": {
          "Width": 0.022572623565793037,
          "Height": 0.006747423205524683,
          "Left": 0.6909093260765076,
          "Top": 0.25600335001945496
        },
        "Polygon": [
          {
            "X": 0.6909855604171753,
            "Y": 0.2571897506713867
          },
          {
            "X": 0.7134819626808167,
            "Y": 0.25600335001945496
          },
          {
            "X": 0.7134082317352295,
            "Y": 0.2615737020969391
          },
          {
            "X": 0.6909093260765076,
            "Y": 0.2627507746219635
          }
        ]
      },
      "Id": "bb8fdc99-e8e7-41cb-bbfa-a2a6152b3c9c",
      "Relationships": [
        {
          "Type": "CHILD",
          "Ids": [
            "2ba0d0a6-c3b7-4dfb-ae62-168ab6d4796a"
          ]
        }
      ],
      "Page": 1
    },
    {
      "BlockType": "LINE",
      "Confidence": 96.31178283691406,
      "Text": "aws",
      "Geometry": {
        "BoundingBox": {
          "Width": 0.042392853647470474,
          "Height": 0.013277982361614704,
          "Left": 0.6228350400924683,
          "Top": 0.2607262134552002
        },
        "Polygon": [
          {
            "X": 0.6230019927024841,
            "Y": 0.26294612884521484
          },
          {
            "X": 0.6652278900146484,
            "Y": 0.2607262134552002
          },
          {
            "X": 0.6650699973106384,
            "Y": 0.27181941270828247
          },
          {
            "X": 0.6228350400924683,
            "Y": 0.2740042209625244
          }
        ]
      },
      "Id": "738723d7-5a77-418f-9ac5-d965e06240a0",
      "Relationships": [
        {
          "Type": "CHILD",
          "Ids": [
            "c6bd58f3-8f80-4c0d-ab31-9a1cb21828b7"
          ]
        }
      ],
      "Page": 1
    },
    {
      "BlockType": "LINE",
      "Confidence": 99.41838073730469,
      "Text": "Treine e avalie modelos",
      "Geometry": {
        "BoundingBox": {
          "Width": 0.20506128668785095,
          "Height": 0.028138307854533195,
          "Left": 0.15256060659885406,
          "Top": 0.2822955548763275
        },
        "Polygon": [
          {
            "X": 0.152993306517601,
            "Y": 0.2929673492908478
          },
          {
            "X": 0.3576218783855438,
            "Y": 0.2822955548763275
          },
          {
            "X": 0.35725700855255127,
            "Y": 0.3000408411026001
          },
          {
            "X": 0.15256060659885406,
            "Y": 0.31043386459350586
          }
        ]
      },
      "Id": "c353c8bd-1d3d-41b9-9238-f146c2fde8c4",
      "Relationships": [
        {
          "Type": "CHILD",
          "Ids": [
            "5d5d2937-2a9b-473f-8cc1-1c291795590a",
            "73b011a3-82e2-4d46-b9dd-32ce62e56a5c",
            "7cd529ff-15ec-45a6-80cd-0a22cc70194a",
            "daf923d9-5495-415a-b354-1e44b647bb7a"
          ]
        }
      ],
      "Page": 1
    },
    {
      "BlockType": "LINE",
      "Confidence": 99.6412353515625,
      "Text": "Experience",
      "Geometry": {
        "BoundingBox": {
          "Width": 0.04293638467788696,
          "Height": 0.008471528068184853,
          "Left": 0.6909281015396118,
          "Top": 0.262088805437088
        },
        "Polygon": [
          {
            "X": 0.691013514995575,
            "Y": 0.26432546973228455
          },
          {
            "X": 0.7338644862174988,
            "Y": 0.262088805437088
          },
          {
            "X": 0.7337843775749207,
            "Y": 0.26834365725517273
          },
          {
            "X": 0.6909281015396118,
            "Y": 0.2705603241920471
          }
        ]
      },
      "Id": "3312b340-958e-46c8-add4-90aebdfaed08",
      "Relationships": [
        {
          "Type": "CHILD",
          "Ids": [
            "21833164-d027-42bb-9e22-3b4efa82fda9"
          ]
        }
      ],
      "Page": 1
    },
    {
      "BlockType": "LINE",
      "Confidence": 50.3707160949707,
      "Text": "a",
      "Geometry": {
        "BoundingBox": {
          "Width": 0.005286534316837788,
          "Height": 0.006507450249046087,
          "Left": 0.6616457104682922,
          "Top": 0.27261072397232056
        },
        "Polygon": [
          {
            "X": 0.661734938621521,
            "Y": 0.2728792428970337
          },
          {
            "X": 0.6669322848320007,
            "Y": 0.27261072397232056
          },
          {
            "X": 0.6668437123298645,
            "Y": 0.27885210514068604
          },
          {
            "X": 0.6616457104682922,
            "Y": 0.2791181802749634
          }
        ]
      },
      "Id": "e3bee694-904e-4177-8124-10b81e878ba2",
      "Relationships": [
        {
          "Type": "CHILD",
          "Ids": [
            "4450f61f-6cbd-4598-b479-cb96e95b5271"
          ]
        }
      ],
      "Page": 1
    },
    {
      "BlockType": "LINE",
      "Confidence": 99.90377044677734,
      "Text": "2025",
      "Geometry": {
        "BoundingBox": {
          "Width": 0.019234590232372284,
          "Height": 0.006297366227954626,
          "Left": 0.6912094354629517,
          "Top": 0.2709631025791168
        },
        "Polygon": [
          {
            "X": 0.6912820935249329,
            "Y": 0.27195218205451965
          },
          {
            "X": 0.7104439735412598,
            "Y": 0.2709631025791168
          },
          {
            "X": 0.7103733420372009,
            "Y": 0.2762790024280548
          },
          {
            "X": 0.6912094354629517,
            "Y": 0.2772604823112488
          }
        ]
      },
      "Id": "c375deab-11e6-4916-853b-54c321ded08f",
      "Relationships": [
        {
          "Type": "CHILD",
          "Ids": [
            "56100c06-a530-428e-9036-e056444901b8"
          ]
        }
      ],
      "Page": 1
    },
    {
      "BlockType": "LINE",
      "Confidence": 99.44715118408203,
      "Text": "Crie modelos de alta qualidade",
      "Geometry": {
        "BoundingBox": {
          "Width": 0.1614811271429062,
          "Height": 0.019664473831653595,
          "Left": 0.15811896324157715,
          "Top": 0.3257063031196594
        },
        "Polygon": [
          {
            "X": 0.1584092080593109,
            "Y": 0.3335916996002197
          },
          {
            "X": 0.31960007548332214,
            "Y": 0.3257063031196594
          },
          {
            "X": 0.31934571266174316,
            "Y": 0.33763352036476135
          },
          {
            "X": 0.15811896324157715,
            "Y": 0.3453707695007324
          }
        ]
      },
      "Id": "84950ec3-f0ca-4505-a09c-c199018b7fa3",
      "Relationships": [
        {
          "Type": "CHILD",
          "Ids": [
            "25cb4635-908e-40e0-b5ff-6ddb3af8523d",
            "5e437bc7-ff05-49c4-b488-18668fdfad10",
            "20dc29c4-392a-4fa5-9240-86d2f7adcee7",
            "07585abe-1c9d-43d6-b0f4-ae7104d1b1ea",
            "d20743b5-4051-4cf7-9429-f2540040d8ff"
          ]
        }
      ],
      "Page": 1
    },
    {
      "BlockType": "LINE",
      "Confidence": 82.47135162353516,
      "Text": "Configure model",
      "Geometry": {
        "BoundingBox": {
          "Width": 0.043480899184942245,
          "Height": 0.007269110530614853,
          "Left": 0.3578929007053375,
          "Top": 0.328789621591568
        },
        "Polygon": [
          {
            "X": 0.3579990863800049,
            "Y": 0.33088767528533936
          },
          {
            "X": 0.40137380361557007,
            "Y": 0.328789621591568
          },
          {
            "X": 0.40127190947532654,
            "Y": 0.33397790789604187
          },
          {
            "X": 0.3578929007053375,
            "Y": 0.33605873584747314
          }
        ]
      },
      "Id": "37b4352b-fbd8-4eca-901d-8cb5dad5d973",
      "Relationships": [
        {
          "Type": "CHILD",
          "Ids": [
            "24a123f6-854b-4168-9cdf-881ad8d1113b",
            "1ccf370d-f208-40f4-a8a2-f3efa0f4251b"
          ]
        }
      ],
      "Page": 1
    },
    {
      "BlockType": "LINE",
      "Confidence": 98.390869140625,
      "Text": "Cloud",
      "Geometry": {
        "BoundingBox": {
          "Width": 0.0414448045194149,
          "Height": 0.014417590573430061,
          "Left": 0,
          "Top": 0.3595157563686371
        },
        "Polygon": [
          {
            "X": 0,
            "Y": 0.36148372292518616
          },
          {
            "X": 0.0414448045194149,
            "Y": 0.3595157563686371
          },
          {
            "X": 0.04110713675618172,
            "Y": 0.37200629711151123
          },
          {
            "X": 0,
            "Y": 0.373933345079422
          }
        ]
      },
      "Id": "3d556c4e-d9ea-4cbd-8041-6f305f3886bf",
      "Relationships": [
        {
          "Type": "CHILD",
          "Ids": [
            "e2772bee-ac96-45f9-ab69-0aa12e05b039"
          ]
        }
      ],
      "Page": 1
    },
    {
      "BlockType": "LINE",
      "Confidence": 91.72906494140625,
      "Text": "para regressão, classificação,",
      "Geometry": {
        "BoundingBox": {
          "Width": 0.15597783029079437,
          "Height": 0.01962253823876381,
          "Left": 0.15667033195495605,
          "Top": 0.3398776352405548
        },
        "Polygon": [
          {
            "X": 0.15697060525417328,
            "Y": 0.3473252058029175
          },
          {
            "X": 0.31264814734458923,
            "Y": 0.3398776352405548
          },
          {
            "X": 0.31238365173339844,
            "Y": 0.3522005081176758
          },
          {
            "X": 0.15667033195495605,
            "Y": 0.3595001697540283
          }
        ]
      },
      "Id": "27cd3611-2119-4e32-b157-0ed65dda2268",
      "Relationships": [
        {
          "Type": "CHILD",
          "Ids": [
            "03d10764-bc89-4693-8386-8c8697768726",
            "8891ce67-accf-4eab-a603-8e6a1a264fdc",
            "f2be06a3-545b-4aa6-9600-7b1c221ea4c7"
          ]
        }
      ],
      "Page": 1
    },
    {
      "BlockType": "LINE",
      "Confidence": 99.58721160888672,
      "Text": "previsão e ajuste fino de FM",
      "Geometry": {
        "BoundingBox": {
          "Width": 0.15121205151081085,
          "Height": 0.018563371151685715,
          "Left": 0.15566721558570862,
          "Top": 0.35377833247184753
        },
        "Polygon": [
          {
            "X": 0.1559510976076126,
            "Y": 0.3608381152153015
          },
          {
            "X": 0.3068792521953583,
            "Y": 0.35377833247184753
          },
          {
            "X": 0.30662813782691956,
            "Y": 0.36541748046875
          },
          {
            "X": 0.15566721558570862,
            "Y": 0.37234169244766235
          }
        ]
      },
      "Id": "5ccefa2e-b1f5-4ca7-aa48-9b101fb9cfe1",
      "Relationships": [
        {
          "Type": "CHILD",
          "Ids": [
            "b2b68684-e342-4038-b4ee-e7264d6c72c4",
            "84f6c481-7aa8-4f4c-97f6-55eb05b94eaa",
            "59fc877f-ca19-4c64-a1a7-8174572531ea",
            "4dcb7866-82ff-4145-9b67-3449f5b1359c",
            "96d29b66-5a60-45ed-9271-5ee707e22794",
            "4f694e8c-6cdb-491c-838f-acc7ba4c000c"
          ]
        }
      ],
      "Page": 1
    },
    {
      "BlockType": "LINE",
      "Confidence": 77.26747131347656,
      "Text": "Experience",
      "Geometry": {
        "BoundingBox": {
          "Width": 0.08095278590917587,
          "Height": 0.019151026383042336,
          "Left": 0,
          "Top": 0.3758160471916199
        },
        "Polygon": [
          {
            "X": 0.00003968057353631593,
            "Y": 0.3795270323753357
          },
          {
            "X": 0.08095278590917587,
            "Y": 0.3758160471916199
          },
          {
            "X": 0.08054547756910324,
            "Y": 0.39135491847991943
          },
          {
            "X": 0,
            "Y": 0.39496707916259766
          }
        ]
      },
      "Id": "a9071a3f-4361-4e8f-ad00-fdb1e2f95aa5",
      "Relationships": [
        {
          "Type": "CHILD",
          "Ids": [
            "7ac741b6-733c-4893-9a6f-6d54d9b9c3be"
          ]
        }
      ],
      "Page": 1
    },
    {
      "BlockType": "LINE",
      "Confidence": 90.51512145996094,
      "Text": "Use o AutoML ou selecione",
      "Geometry": {
        "BoundingBox": {
          "Width": 0.14145617187023163,
          "Height": 0.015582296997308731,
          "Left": 0.15402135252952576,
          "Top": 0.3739311099052429
        },
        "Polygon": [
          {
            "X": 0.1542484313249588,
            "Y": 0.38032060861587524
          },
          {
            "X": 0.2954775094985962,
            "Y": 0.3739311099052429
          },
          {
            "X": 0.29527488350868225,
            "Y": 0.38322532176971436
          },
          {
            "X": 0.15402135252952576,
            "Y": 0.38951340317726135
          }
        ]
      },
      "Id": "fee4d8bb-edb2-43b8-bb7e-35dd521e2870",
      "Relationships": [
        {
          "Type": "CHILD",
          "Ids": [
            "5ca18ee7-db1e-4a83-97c4-73be6bf2289c",
            "d8c5d16c-217e-4be4-b64f-a8cbf896c98d",
            "b23e478b-1762-4728-91a1-010d536b558f",
            "5252fe66-d7fb-41a1-8841-5ab254efe571",
            "c1c5e2a2-3b48-4e50-9821-586a1701fa0a"
          ]
        }
      ],
      "Page": 1
    },
    {
      "BlockType": "LINE",
      "Confidence": 99.65499877929688,
      "Text": "025",
      "Geometry": {
        "BoundingBox": {
          "Width": 0.02911526709794998,
          "Height": 0.012824957258999348,
          "Left": 0,
          "Top": 0.3979995548725128
        },
        "Polygon": [
          {
            "X": 0.00012856571993324906,
            "Y": 0.39928317070007324
          },
          {
            "X": 0.02911526709794998,
            "Y": 0.3979995548725128
          },
          {
            "X": 0.028799861669540405,
            "Y": 0.40956735610961914
          },
          {
            "X": 0,
            "Y": 0.4108245074748993
          }
        ]
      },
      "Id": "699811e9-ca58-44f7-aa34-cc86d0e7c1c0",
      "Relationships": [
        {
          "Type": "CHILD",
          "Ids": [
            "fffee1f6-4b51-44ff-8b7f-dca8448d08c5"
          ]
        }
      ],
      "Page": 1
    },
    {
      "BlockType": "LINE",
      "Confidence": 98.9996337890625,
      "Text": "av",
      "Geometry": {
        "BoundingBox": {
          "Width": 0.09438712149858475,
          "Height": 0.05132501572370529,
          "Left": 0.9056128859519958,
          "Top": 0.322421133518219
        },
        "Polygon": [
          {
            "X": 0.9060467481613159,
            "Y": 0.3268630802631378
          },
          {
            "X": 1,
            "Y": 0.322421133518219
          },
          {
            "X": 1,
            "Y": 0.36963292956352234
          },
          {
            "X": 0.9056128859519958,
            "Y": 0.3737461268901825
          }
        ]
      },
      "Id": "6009f9f5-0c51-44ca-ab07-5b4922f0b755",
      "Relationships": [
        {
          "Type": "CHILD",
          "Ids": [
            "004cd27e-26ba-4ffc-b53c-73821753aee0"
          ]
        }
      ],
      "Page": 1
    },
    {
      "BlockType": "LINE",
      "Confidence": 98.32955932617188,
      "Text": "algoritmos",
      "Geometry": {
        "BoundingBox": {
          "Width": 0.05547132343053818,
          "Height": 0.011409735307097435,
          "Left": 0.15256838500499725,
          "Top": 0.39285558462142944
        },
        "Polygon": [
          {
            "X": 0.15279029309749603,
            "Y": 0.3952900767326355
          },
          {
            "X": 0.20803971588611603,
            "Y": 0.39285558462142944
          },
          {
            "X": 0.20782706141471863,
            "Y": 0.4018695652484894
          },
          {
            "X": 0.15256838500499725,
            "Y": 0.40426531434059143
          }
        ]
      },
      "Id": "a1d8ca40-1f77-41c3-9bc7-c3d37f9e603a",
      "Relationships": [
        {
          "Type": "CHILD",
          "Ids": [
            "34bf5c1a-400f-4920-bc57-9f27debc517a"
          ]
        }
      ],
      "Page": 1
    },
    {
      "BlockType": "LINE",
      "Confidence": 94.38839721679688,
      "Text": "Escolha métricas objetivas, divisões",
      "Geometry": {
        "BoundingBox": {
          "Width": 0.1896483153104782,
          "Height": 0.017718128859996796,
          "Left": 0.15099459886550903,
          "Top": 0.4045320451259613
        },
        "Polygon": [
          {
            "X": 0.15123292803764343,
            "Y": 0.4126197099685669
          },
          {
            "X": 0.34064289927482605,
            "Y": 0.4045320451259613
          },
          {
            "X": 0.3404390513896942,
            "Y": 0.4143051207065582
          },
          {
            "X": 0.15099459886550903,
            "Y": 0.4222501814365387
          }
        ]
      },
      "Id": "9c7a33b0-ee86-4af6-98fe-f0ec60448137",
      "Relationships": [
        {
          "Type": "CHILD",
          "Ids": [
            "85faa311-8024-4123-ab50-d3924ad1c2ca",
            "8ee3af4d-e7b7-42e6-9204-a18a4c5a336d",
            "697df382-5662-48e7-92f7-a24f93e8f19d",
            "626a38a5-ea70-458d-87ac-19158164efef"
          ]
        }
      ],
      "Page": 1
    },
    {
      "BlockType": "LINE",
      "Confidence": 99.67646026611328,
      "Text": "de dados e outros controles de",
      "Geometry": {
        "BoundingBox": {
          "Width": 0.16509778797626495,
          "Height": 0.01557975634932518,
          "Left": 0.14935868978500366,
          "Top": 0.4197312891483307
        },
        "Polygon": [
          {
            "X": 0.14957475662231445,
            "Y": 0.4265904128551483
          },
          {
            "X": 0.3144564926624298,
            "Y": 0.4197312891483307
          },
          {
            "X": 0.3142675459384918,
            "Y": 0.4285643994808197
          },
          {
            "X": 0.14935868978500366,
            "Y": 0.43531104922294617
          }
        ]
      },
      "Id": "6e8a9331-a603-4b8a-9bae-78533d0463d3",
      "Relationships": [
        {
          "Type": "CHILD",
          "Ids": [
            "84933a8c-2665-4558-9c20-557042a69a1a",
            "9221877a-812e-493a-8286-fe55e0a8c64e",
            "0323ce8e-c0a9-4b9b-8fa7-5209a2167b48",
            "69335833-0c8c-408d-80ad-ae81b5ea059a",
            "9a2f7cd0-22de-4f54-b7c2-e6b658c4e285",
            "d4aa26b1-798d-44a8-808f-932b5ad7175d"
          ]
        }
      ],
      "Page": 1
    },
    {
      "BlockType": "LINE",
      "Confidence": 99.54922485351562,
      "Text": "modelo",
      "Geometry": {
        "BoundingBox": {
          "Width": 0.038801152259111404,
          "Height": 0.009051142260432243,
          "Left": 0.14820703864097595,
          "Top": 0.4392717778682709
        },
        "Polygon": [
          {
            "X": 0.1483926922082901,
            "Y": 0.4408348500728607
          },
          {
            "X": 0.18700818717479706,
            "Y": 0.4392717778682709
          },
          {
            "X": 0.18682794272899628,
            "Y": 0.4467824697494507
          },
          {
            "X": 0.14820703864097595,
            "Y": 0.44832292199134827
          }
        ]
      },
      "Id": "5a97e3d2-efaf-4065-a4f3-89716420c37a",
      "Relationships": [
        {
          "Type": "CHILD",
          "Ids": [
            "8be70849-0270-49cd-b64f-d9158cd296a9"
          ]
        }
      ],
      "Page": 1
    },
    {
      "BlockType": "LINE",
      "Confidence": 82.98223114013672,
      "Text": "Save",
      "Geometry": {
        "BoundingBox": {
          "Width": 0.01123024895787239,
          "Height": 0.004582500085234642,
          "Left": 0.7161278128623962,
          "Top": 0.45199093222618103
        },
        "Polygon": [
          {
            "X": 0.7161824703216553,
            "Y": 0.45241406559944153
          },
          {
            "X": 0.7273581027984619,
            "Y": 0.45199093222618103
          },
          {
            "X": 0.7273043990135193,
            "Y": 0.4561537802219391
          },
          {
            "X": 0.7161278128623962,
            "Y": 0.4565734267234802
          }
        ]
      },
      "Id": "39a93fc1-7cf3-41ef-897a-e085cb4fa8ec",
      "Relationships": [
        {
          "Type": "CHILD",
          "Ids": [
            "fe3562f8-49dc-4b94-bf93-abe993ba509f"
          ]
        }
      ],
      "Page": 1
    },
    {
      "BlockType": "WORD",
      "Confidence": 99.2958984375,
      "Text": "Cloud",
      "TextType": "PRINTED",
      "Geometry": {
        "BoundingBox": {
          "Width": 0.022572623565793037,
          "Height": 0.006747423205524683,
          "Left": 0.6909093260765076,
          "Top": 0.25600335001945496
        },
        "Polygon": [
          {
            "X": 0.6909855604171753,
            "Y": 0.2571897506713867
          },
          {
            "X": 0.7134819626808167,
            "Y": 0.25600335001945496
          },
          {
            "X": 0.7134082317352295,
            "Y": 0.2615737020969391
          },
          {
            "X": 0.6909093260765076,
            "Y": 0.2627507746219635
          }
        ]
      },
      "Id": "2ba0d0a6-c3b7-4dfb-ae62-168ab6d4796a",
      "Page": 1
    },
    {
      "BlockType": "WORD",
      "Confidence": 96.31178283691406,
      "Text": "aws",
      "TextType": "PRINTED",
      "Geometry": {
        "BoundingBox": {
          "Width": 0.042392853647470474,
          "Height": 0.013277982361614704,
          "Left": 0.6228350400924683,
          "Top": 0.2607262134552002
        },
        "Polygon": [
          {
            "X": 0.6230019927024841,
            "Y": 0.26294612884521484
          },
          {
            "X": 0.6652278900146484,
            "Y": 0.2607262134552002
          },
          {
            "X": 0.6650699973106384,
            "Y": 0.27181941270828247
          },
          {
            "X": 0.6228350400924683,
            "Y": 0.2740042209625244
          }
        ]
      },
      "Id": "c6bd58f3-8f80-4c0d-ab31-9a1cb21828b7",
      "Page": 1
    },
    {
      "BlockType": "WORD",
      "Confidence": 98.99830627441406,
      "Text": "Treine",
      "TextType": "PRINTED",
      "Geometry": {
        "BoundingBox": {
          "Width": 0.05223517864942551,
          "Height": 0.014084800146520138,
          "Left": 0.15256060659885406,
          "Top": 0.29634907841682434
        },
        "Polygon": [
          {
            "X": 0.15284302830696106,
            "Y": 0.29903364181518555
          },
          {
            "X": 0.20479579269886017,
            "Y": 0.29634907841682434
          },
          {
            "X": 0.2045244574546814,
            "Y": 0.30779552459716797
          },
          {
            "X": 0.15256060659885406,
            "Y": 0.31043386459350586
          }
        ]
      },
      "Id": "5d5d2937-2a9b-473f-8cc1-1c291795590a",
      "Page": 1
    },
    {
      "BlockType": "WORD",
      "Confidence": 99.62811279296875,
      "Text": "e",
      "TextType": "PRINTED",
      "Geometry": {
        "BoundingBox": {
          "Width": 0.009164080955088139,
          "Height": 0.008602425456047058,
          "Left": 0.21019701659679413,
          "Top": 0.2971319258213043
        },
        "Polygon": [
          {
            "X": 0.21038903295993805,
            "Y": 0.29759445786476135
          },
          {
            "X": 0.2193610966205597,
            "Y": 0.2971319258213043
          },
          {
            "X": 0.2191704660654068,
            "Y": 0.3052774965763092
          },
          {
            "X": 0.21019701659679413,
            "Y": 0.3057343661785126
          }
        ]
      },
      "Id": "73b011a3-82e2-4d46-b9dd-32ce62e56a5c",
      "Page": 1
    },
    {
      "BlockType": "WORD",
      "Confidence": 99.50048065185547,
      "Text": "avalie",
      "TextType": "PRINTED",
      "Geometry": {
        "BoundingBox": {
          "Width": 0.05128961056470871,
          "Height": 0.015487185679376125,
          "Left": 0.2242615967988968,
          "Top": 0.28930699825286865
        },
        "Polygon": [
          {
            "X": 0.2245607227087021,
            "Y": 0.2919553220272064
          },
          {
            "X": 0.2755511999130249,
            "Y": 0.28930699825286865
          },
          {
            "X": 0.2752644121646881,
            "Y": 0.30219659209251404
          },
          {
            "X": 0.2242615967988968,
            "Y": 0.30479416251182556
          }
        ]
      },
      "Id": "7cd529ff-15ec-45a6-80cd-0a22cc70194a",
      "Page": 1
    },
    {
      "BlockType": "WORD",
      "Confidence": 99.54660034179688,
      "Text": "modelos",
      "TextType": "PRINTED",
      "Geometry": {
        "BoundingBox": {
          "Width": 0.07653792202472687,
          "Height": 0.01772519014775753,
          "Left": 0.28108397126197815,
          "Top": 0.2822955548763275
        },
        "Polygon": [
          {
            "X": 0.2813882529735565,
            "Y": 0.2862713038921356
          },
          {
            "X": 0.3576218783855438,
            "Y": 0.2822955548763275
          },
          {
            "X": 0.35733750462532043,
            "Y": 0.29612594842910767
          },
          {
            "X": 0.28108397126197815,
            "Y": 0.3000207543373108
          }
        ]
      },
      "Id": "daf923d9-5495-415a-b354-1e44b647bb7a",
      "Page": 1
    },
    {
      "BlockType": "WORD",
      "Confidence": 99.6412353515625,
      "Text": "Experience",
      "TextType": "PRINTED",
      "Geometry": {
        "BoundingBox": {
          "Width": 0.04293638467788696,
          "Height": 0.008471528068184853,
          "Left": 0.6909281015396118,
          "Top": 0.262088805437088
        },
        "Polygon": [
          {
            "X": 0.691013514995575,
            "Y": 0.26432546973228455
          },
          {
            "X": 0.7338644862174988,
            "Y": 0.262088805437088
          },
          {
            "X": 0.7337843775749207,
            "Y": 0.26834365725517273
          },
          {
            "X": 0.6909281015396118,
            "Y": 0.2705603241920471
          }
        ]
      },
      "Id": "21833164-d027-42bb-9e22-3b4efa82fda9",
      "Page": 1
    },
    {
      "BlockType": "WORD",
      "Confidence": 50.3707160949707,
      "Text": "a",
      "TextType": "PRINTED",
      "Geometry": {
        "BoundingBox": {
          "Width": 0.005286534316837788,
          "Height": 0.006507450249046087,
          "Left": 0.6616457104682922,
          "Top": 0.27261072397232056
        },
        "Polygon": [
          {
            "X": 0.661734938621521,
            "Y": 0.2728792428970337
          },
          {
            "X": 0.6669322848320007,
            "Y": 0.27261072397232056
          },
          {
            "X": 0.6668437123298645,
            "Y": 0.27885210514068604
          },
          {
            "X": 0.6616457104682922,
            "Y": 0.2791181802749634
          }
        ]
      },
      "Id": "4450f61f-6cbd-4598-b479-cb96e95b5271",
      "Page": 1
    },
    {
      "BlockType": "WORD",
      "Confidence": 99.90377044677734,
      "Text": "2025",
      "TextType": "PRINTED",
      "Geometry": {
        "BoundingBox": {
          "Width": 0.019234590232372284,
          "Height": 0.006297366227954626,
          "Left": 0.6912094354629517,
          "Top": 0.2709631025791168
        },
        "Polygon": [
          {
            "X": 0.6912820935249329,
            "Y": 0.27195218205451965
          },
          {
            "X": 0.7104439735412598,
            "Y": 0.2709631025791168
          },
          {
            "X": 0.7103733420372009,
            "Y": 0.2762790024280548
          },
          {
            "X": 0.6912094354629517,
            "Y": 0.2772604823112488
          }
        ]
      },
      "Id": "56100c06-a530-428e-9036-e056444901b8",
      "Page": 1
    },
    {
      "BlockType": "WORD",
      "Confidence": 99.5737533569336,
      "Text": "Crie",
      "TextType": "PRINTED",
      "Geometry": {
        "BoundingBox": {
          "Width": 0.019797440618276596,
          "Height": 0.009188552387058735,
          "Left": 0.15811896324157715,
          "Top": 0.33618223667144775
        },
        "Polygon": [
          {
            "X": 0.15832190215587616,
            "Y": 0.33713531494140625
          },
          {
            "X": 0.17791640758514404,
            "Y": 0.33618223667144775
          },
          {
            "X": 0.17771649360656738,
            "Y": 0.3444302976131439
          },
          {
            "X": 0.15811896324157715,
            "Y": 0.3453707695007324
          }
        ]
      },
      "Id": "25cb4635-908e-40e0-b5ff-6ddb3af8523d",
      "Page": 1
    },
    {
      "BlockType": "WORD",
      "Confidence": 99.5090560913086,
      "Text": "modelos",
      "TextType": "PRINTED",
      "Geometry": {
        "BoundingBox": {
          "Width": 0.04532136768102646,
          "Height": 0.011003121733665466,
          "Left": 0.18014174699783325,
          "Top": 0.332053542137146
        },
        "Polygon": [
          {
            "X": 0.18035466969013214,
            "Y": 0.33425405621528625
          },
          {
            "X": 0.2254631072282791,
            "Y": 0.332053542137146
          },
          {
            "X": 0.22525763511657715,
            "Y": 0.34088706970214844
          },
          {
            "X": 0.18014174699783325,
            "Y": 0.34305667877197266
          }
        ]
      },
      "Id": "5e437bc7-ff05-49c4-b488-18668fdfad10",
      "Page": 1
    },
    {
      "BlockType": "WORD",
      "Confidence": 99.84034729003906,
      "Text": "de",
      "TextType": "PRINTED",
      "Geometry": {
        "BoundingBox": {
          "Width": 0.012615575455129147,
          "Height": 0.00827505812048912,
          "Left": 0.2279754877090454,
          "Top": 0.33146774768829346
        },
        "Polygon": [
          {
            "X": 0.22815343737602234,
            "Y": 0.3320743441581726
          },
          {
            "X": 0.24059106409549713,
            "Y": 0.33146774768829346
          },
          {
            "X": 0.24041490256786346,
            "Y": 0.3391436040401459
          },
          {
            "X": 0.2279754877090454,
            "Y": 0.3397428095340729
          }
        ]
      },
      "Id": "20dc29c4-392a-4fa5-9240-86d2f7adcee7",
      "Page": 1
    },
    {
      "BlockType": "WORD",
      "Confidence": 99.57740020751953,
      "Text": "alta",
      "TextType": "PRINTED",
      "Geometry": {
        "BoundingBox": {
          "Width": 0.019663918763399124,
          "Height": 0.008782395161688328,
          "Left": 0.24365146458148956,
          "Top": 0.3298676013946533
        },
        "Polygon": [
          {
            "X": 0.24383068084716797,
            "Y": 0.33081865310668945
          },
          {
            "X": 0.2633153796195984,
            "Y": 0.3298676013946533
          },
          {
            "X": 0.2631390392780304,
            "Y": 0.33771079778671265
          },
          {
            "X": 0.24365146458148956,
            "Y": 0.33865001797676086
          }
        ]
      },
      "Id": "07585abe-1c9d-43d6-b0f4-ae7104d1b1ea",
      "Page": 1
    },
    {
      "BlockType": "WORD",
      "Confidence": 98.73519134521484,
      "Text": "qualidade",
      "TextType": "PRINTED",
      "Geometry": {
        "BoundingBox": {
          "Width": 0.05257774889469147,
          "Height": 0.012414435856044292,
          "Left": 0.26702234148979187,
          "Top": 0.3257063031196594
        },
        "Polygon": [
          {
            "X": 0.26724308729171753,
            "Y": 0.32826757431030273
          },
          {
            "X": 0.31960007548332214,
            "Y": 0.3257063031196594
          },
          {
            "X": 0.31938910484313965,
            "Y": 0.3355993628501892
          },
          {
            "X": 0.26702234148979187,
            "Y": 0.3381207287311554
          }
        ]
      },
      "Id": "d20743b5-4051-4cf7-9429-f2540040d8ff",
      "Page": 1
    },
    {
      "BlockType": "WORD",
      "Confidence": 73.64556884765625,
      "Text": "Configure",
      "TextType": "PRINTED",
      "Geometry": {
        "BoundingBox": {
          "Width": 0.02487618289887905,
          "Height": 0.006052457261830568,
          "Left": 0.3578929007053375,
          "Top": 0.33000630140304565
        },
        "Polygon": [
          {
            "X": 0.35799258947372437,
            "Y": 0.3312041163444519
          },
          {
            "X": 0.38276907801628113,
            "Y": 0.33000630140304565
          },
          {
            "X": 0.38267168402671814,
            "Y": 0.3348701298236847
          },
          {
            "X": 0.3578929007053375,
            "Y": 0.33605873584747314
          }
        ]
      },
      "Id": "24a123f6-854b-4168-9cdf-881ad8d1113b",
      "Page": 1
    },
    {
      "BlockType": "WORD",
      "Confidence": 91.29713439941406,
      "Text": "model",
      "TextType": "PRINTED",
      "Geometry": {
        "BoundingBox": {
          "Width": 0.017492003738880157,
          "Height": 0.005016973242163658,
          "Left": 0.3838818073272705,
          "Top": 0.328789621591568
        },
        "Polygon": [
          {
            "X": 0.38396531343460083,
            "Y": 0.3296316862106323
          },
          {
            "X": 0.40137380361557007,
            "Y": 0.328789621591568
          },
          {
            "X": 0.40129169821739197,
            "Y": 0.33297011256217957
          },
          {
            "X": 0.3838818073272705,
            "Y": 0.3338066041469574
          }
        ]
      },
      "Id": "1ccf370d-f208-40f4-a8a2-f3efa0f4251b",
      "Page": 1
    },
    {
      "BlockType": "WORD",
      "Confidence": 98.390869140625,
      "Text": "Cloud",
      "TextType": "PRINTED",
      "Geometry": {
        "BoundingBox": {
          "Width": 0.0414448045194149,
          "Height": 0.014417590573430061,
          "Left": 0,
          "Top": 0.3595157563686371
        },
        "Polygon": [
          {
            "X": 0,
            "Y": 0.36148372292518616
          },
          {
            "X": 0.0414448045194149,
            "Y": 0.3595157563686371
          },
          {
            "X": 0.04110713675618172,
            "Y": 0.37200629711151123
          },
          {
            "X": 0,
            "Y": 0.373933345079422
          }
        ]
      },
      "Id": "e2772bee-ac96-45f9-ab69-0aa12e05b039",
      "Page": 1
    },
    {
      "BlockType": "WORD",
      "Confidence": 99.73999786376953,
      "Text": "para",
      "TextType": "PRINTED",
      "Geometry": {
        "BoundingBox": {
          "Width": 0.023227091878652573,
          "Height": 0.008871983736753464,
          "Left": 0.15667033195495605,
          "Top": 0.35062816739082336
        },
        "Polygon": [
          {
            "X": 0.15686215460300446,
            "Y": 0.35172218084335327
          },
          {
            "X": 0.17989742755889893,
            "Y": 0.35062816739082336
          },
          {
            "X": 0.17970892786979675,
            "Y": 0.35842013359069824
          },
          {
            "X": 0.15667033195495605,
            "Y": 0.3595001697540283
          }
        ]
      },
      "Id": "03d10764-bc89-4693-8386-8c8697768726",
      "Page": 1
    },
    {
      "BlockType": "WORD",
      "Confidence": 89.64881896972656,
      "Text": "regressão,",
      "TextType": "PRINTED",
      "Geometry": {
        "BoundingBox": {
          "Width": 0.05400191247463226,
          "Height": 0.012629562988877296,
          "Left": 0.18319202959537506,
          "Top": 0.3450535535812378
        },
        "Polygon": [
          {
            "X": 0.18343476951122284,
            "Y": 0.34761878848075867
          },
          {
            "X": 0.23719394207000732,
            "Y": 0.3450535535812378
          },
          {
            "X": 0.23696134984493256,
            "Y": 0.35516005754470825
          },
          {
            "X": 0.18319202959537506,
            "Y": 0.35768312215805054
          }
        ]
      },
      "Id": "8891ce67-accf-4eab-a603-8e6a1a264fdc",
      "Page": 1
    },
    {
      "BlockType": "WORD",
      "Confidence": 85.79838562011719,
      "Text": "classificação,",
      "TextType": "PRINTED",
      "Geometry": {
        "BoundingBox": {
          "Width": 0.07107961922883987,
          "Height": 0.013233624398708344,
          "Left": 0.24156853556632996,
          "Top": 0.3398776352405548
        },
        "Polygon": [
          {
            "X": 0.241794154047966,
            "Y": 0.3432672619819641
          },
          {
            "X": 0.31264814734458923,
            "Y": 0.3398776352405548
          },
          {
            "X": 0.31243571639060974,
            "Y": 0.34977567195892334
          },
          {
            "X": 0.24156853556632996,
            "Y": 0.35311123728752136
          }
        ]
      },
      "Id": "f2be06a3-545b-4aa6-9600-7b1c221ea4c7",
      "Page": 1
    },
    {
      "BlockType": "WORD",
      "Confidence": 98.6783447265625,
      "Text": "previsão",
      "TextType": "PRINTED",
      "Geometry": {
        "BoundingBox": {
          "Width": 0.044124532490968704,
          "Height": 0.011655787006020546,
          "Left": 0.15566721558570862,
          "Top": 0.36068591475486755
        },
        "Polygon": [
          {
            "X": 0.1559043526649475,
            "Y": 0.3627322018146515
          },
          {
            "X": 0.19979174435138702,
            "Y": 0.36068591475486755
          },
          {
            "X": 0.19956248998641968,
            "Y": 0.3703283369541168
          },
          {
            "X": 0.15566721558570862,
            "Y": 0.37234169244766235
          }
        ]
      },
      "Id": "b2b68684-e342-4038-b4ee-e7264d6c72c4",
      "Page": 1
    },
    {
      "BlockType": "WORD",
      "Confidence": 99.67121124267578,
      "Text": "e",
      "TextType": "PRINTED",
      "Geometry": {
        "BoundingBox": {
          "Width": 0.005738765001296997,
          "Height": 0.005777603015303612,
          "Left": 0.2033306509256363,
          "Top": 0.36179059743881226
        },
        "Polygon": [
          {
            "X": 0.2034613937139511,
            "Y": 0.362051397562027
          },
          {
            "X": 0.2090694159269333,
            "Y": 0.36179059743881226
          },
          {
            "X": 0.20893923938274384,
            "Y": 0.3673098087310791
          },
          {
            "X": 0.2033306509256363,
            "Y": 0.3675681948661804
          }
        ]
      },
      "Id": "84f6c481-7aa8-4f4c-97f6-55eb05b94eaa",
      "Page": 1
    },
    {
      "BlockType": "WORD",
      "Confidence": 99.59358978271484,
      "Text": "ajuste",
      "TextType": "PRINTED",
      "Geometry": {
        "BoundingBox": {
          "Width": 0.03177298232913017,
          "Height": 0.010643796995282173,
          "Left": 0.21283428370952606,
          "Top": 0.3579203188419342
        },
        "Polygon": [
          {
            "X": 0.21304982900619507,
            "Y": 0.3593933880329132
          },
          {
            "X": 0.24460726976394653,
            "Y": 0.3579203188419342
          },
          {
            "X": 0.24439716339111328,
            "Y": 0.36711353063583374
          },
          {
            "X": 0.21283428370952606,
            "Y": 0.36856409907341003
          }
        ]
      },
      "Id": "59fc877f-ca19-4c64-a1a7-8174572531ea",
      "Page": 1
    },
    {
      "BlockType": "WORD",
      "Confidence": 99.8477783203125,
      "Text": "fino",
      "TextType": "PRINTED",
      "Geometry": {
        "BoundingBox": {
          "Width": 0.021331558004021645,
          "Height": 0.008821634575724602,
          "Left": 0.24859333038330078,
          "Top": 0.35589516162872314
        },
        "Polygon": [
          {
            "X": 0.24877168238162994,
            "Y": 0.3568839728832245
          },
          {
            "X": 0.2699248790740967,
            "Y": 0.35589516162872314
          },
          {
            "X": 0.26974964141845703,
            "Y": 0.36374080181121826
          },
          {
            "X": 0.24859333038330078,
            "Y": 0.3647167682647705
          }
        ]
      },
      "Id": "4dcb7866-82ff-4145-9b67-3449f5b1359c",
      "Page": 1
    },
    {
      "BlockType": "WORD",
      "Confidence": 99.85772705078125,
      "Text": "de",
      "TextType": "PRINTED",
      "Geometry": {
        "BoundingBox": {
          "Width": 0.013382507488131523,
          "Height": 0.008482899516820908,
          "Left": 0.27382445335388184,
          "Top": 0.35469850897789
        },
        "Polygon": [
          {
            "X": 0.27399948239326477,
            "Y": 0.35531631112098694
          },
          {
            "X": 0.2872069776058197,
            "Y": 0.35469850897789
          },
          {
            "X": 0.28703391551971436,
            "Y": 0.362571656703949
          },
          {
            "X": 0.27382445335388184,
            "Y": 0.3631814122200012
          }
        ]
      },
      "Id": "96d29b66-5a60-45ed-9271-5ee707e22794",
      "Page": 1
    },
    {
      "BlockType": "WORD",
      "Confidence": 99.8746337890625,
      "Text": "FM",
      "TextType": "PRINTED",
      "Geometry": {
        "BoundingBox": {
          "Width": 0.015752503648400307,
          "Height": 0.007973948493599892,
          "Left": 0.2911244034767151,
          "Top": 0.35388797521591187
        },
        "Polygon": [
          {
            "X": 0.2912830412387848,
            "Y": 0.35461726784706116
          },
          {
            "X": 0.30687689781188965,
            "Y": 0.35388797521591187
          },
          {
            "X": 0.30672040581703186,
            "Y": 0.3611413836479187
          },
          {
            "X": 0.2911244034767151,
            "Y": 0.3618619441986084
          }
        ]
      },
      "Id": "4f694e8c-6cdb-491c-838f-acc7ba4c000c",
      "Page": 1
    },
    {
      "BlockType": "WORD",
      "Confidence": 77.26747131347656,
      "Text": "Experience",
      "TextType": "PRINTED",
      "Geometry": {
        "BoundingBox": {
          "Width": 0.08095278590917587,
          "Height": 0.019151026383042336,
          "Left": 0,
          "Top": 0.3758160471916199
        },
        "Polygon": [
          {
            "X": 0.00003968057353631593,
            "Y": 0.3795270323753357
          },
          {
            "X": 0.08095278590917587,
            "Y": 0.3758160471916199
          },
          {
            "X": 0.08054547756910324,
            "Y": 0.39135491847991943
          },
          {
            "X": 0,
            "Y": 0.39496707916259766
          }
        ]
      },
      "Id": "7ac741b6-733c-4893-9a6f-6d54d9b9c3be",
      "Page": 1
    },
    {
      "BlockType": "WORD",
      "Confidence": 99.90326690673828,
      "Text": "Use",
      "TextType": "PRINTED",
      "Geometry": {
        "BoundingBox": {
          "Width": 0.01803610660135746,
          "Height": 0.008075294084846973,
          "Left": 0.15402135252952576,
          "Top": 0.38143810629844666
        },
        "Polygon": [
          {
            "X": 0.154200941324234,
            "Y": 0.382243275642395
          },
          {
            "X": 0.17205746471881866,
            "Y": 0.38143810629844666
          },
          {
            "X": 0.17188028991222382,
            "Y": 0.3887183964252472
          },
          {
            "X": 0.15402135252952576,
            "Y": 0.38951340317726135
          }
        ]
      },
      "Id": "5ca18ee7-db1e-4a83-97c4-73be6bf2289c",
      "Page": 1
    },
    {
      "BlockType": "WORD",
      "Confidence": 67.66015625,
      "Text": "o",
      "TextType": "PRINTED",
      "Geometry": {
        "BoundingBox": {
          "Width": 0.0062470389530062675,
          "Height": 0.005746043752878904,
          "Left": 0.17529165744781494,
          "Top": 0.3824022710323334
        },
        "Polygon": [
          {
            "X": 0.17542442679405212,
            "Y": 0.3826773166656494
          },
          {
            "X": 0.18153870105743408,
            "Y": 0.3824022710323334
          },
          {
            "X": 0.18140657246112823,
            "Y": 0.38787591457366943
          },
          {
            "X": 0.17529165744781494,
            "Y": 0.38814833760261536
          }
        ]
      },
      "Id": "d8c5d16c-217e-4be4-b64f-a8cbf896c98d",
      "Page": 1
    },
    {
      "BlockType": "WORD",
      "Confidence": 86.37007141113281,
      "Text": "AutoML",
      "TextType": "PRINTED",
      "Geometry": {
        "BoundingBox": {
          "Width": 0.03997236490249634,
          "Height": 0.009186752140522003,
          "Left": 0.18493366241455078,
          "Top": 0.37834909558296204
        },
        "Polygon": [
          {
            "X": 0.18511153757572174,
            "Y": 0.3801456689834595
          },
          {
            "X": 0.22490602731704712,
            "Y": 0.37834909558296204
          },
          {
            "X": 0.22473366558551788,
            "Y": 0.38576221466064453
          },
          {
            "X": 0.18493366241455078,
            "Y": 0.38753584027290344
          }
        ]
      },
      "Id": "b23e478b-1762-4728-91a1-010d536b558f",
      "Page": 1
    },
    {
      "BlockType": "WORD",
      "Confidence": 99.36217498779297,
      "Text": "ou",
      "TextType": "PRINTED",
      "Geometry": {
        "BoundingBox": {
          "Width": 0.012834317050874233,
          "Height": 0.0062128533609211445,
          "Left": 0.22906985878944397,
          "Top": 0.37870800495147705
        },
        "Polygon": [
          {
            "X": 0.22920049726963043,
            "Y": 0.3792803883552551
          },
          {
            "X": 0.24190416932106018,
            "Y": 0.37870800495147705
          },
          {
            "X": 0.24177487194538116,
            "Y": 0.38435402512550354
          },
          {
            "X": 0.22906985878944397,
            "Y": 0.3849208354949951
          }
        ]
      },
      "Id": "5252fe66-d7fb-41a1-8841-5ab254efe571",
      "Page": 1
    },
    {
      "BlockType": "WORD",
      "Confidence": 99.27993774414062,
      "Text": "selecione",
      "TextType": "PRINTED",
      "Geometry": {
        "BoundingBox": {
          "Width": 0.049713581800460815,
          "Height": 0.00970012042671442,
          "Left": 0.24576394259929657,
          "Top": 0.3739311099052429
        },
        "Polygon": [
          {
            "X": 0.2459341436624527,
            "Y": 0.3761725425720215
          },
          {
            "X": 0.2954775094985962,
            "Y": 0.3739311099052429
          },
          {
            "X": 0.2953142821788788,
            "Y": 0.3814184367656708
          },
          {
            "X": 0.24576394259929657,
            "Y": 0.38363122940063477
          }
        ]
      },
      "Id": "c1c5e2a2-3b48-4e50-9821-586a1701fa0a",
      "Page": 1
    },
    {
      "BlockType": "WORD",
      "Confidence": 99.65499877929688,
      "Text": "025",
      "TextType": "PRINTED",
      "Geometry": {
        "BoundingBox": {
          "Width": 0.02911526709794998,
          "Height": 0.012824957258999348,
          "Left": 0,
          "Top": 0.3979995548725128
        },
        "Polygon": [
          {
            "X": 0.00012856571993324906,
            "Y": 0.39928317070007324
          },
          {
            "X": 0.02911526709794998,
            "Y": 0.3979995548725128
          },
          {
            "X": 0.028799861669540405,
            "Y": 0.40956735610961914
          },
          {
            "X": 0,
            "Y": 0.4108245074748993
          }
        ]
      },
      "Id": "fffee1f6-4b51-44ff-8b7f-dca8448d08c5",
      "Page": 1
    },
    {
      "BlockType": "WORD",
      "Confidence": 98.9996337890625,
      "Text": "av",
      "TextType": "PRINTED",
      "Geometry": {
        "BoundingBox": {
          "Width": 0.09438712149858475,
          "Height": 0.05132501572370529,
          "Left": 0.9056128859519958,
          "Top": 0.322421133518219
        },
        "Polygon": [
          {
            "X": 0.9060467481613159,
            "Y": 0.3268630802631378
          },
          {
            "X": 1,
            "Y": 0.322421133518219
          },
          {
            "X": 1,
            "Y": 0.36963292956352234
          },
          {
            "X": 0.9056128859519958,
            "Y": 0.3737461268901825
          }
        ]
      },
      "Id": "004cd27e-26ba-4ffc-b53c-73821753aee0",
      "Page": 1
    },
    {
      "BlockType": "WORD",
      "Confidence": 98.32955932617188,
      "Text": "algoritmos",
      "TextType": "PRINTED",
      "Geometry": {
        "BoundingBox": {
          "Width": 0.05547132343053818,
          "Height": 0.011409735307097435,
          "Left": 0.15256838500499725,
          "Top": 0.39285558462142944
        },
        "Polygon": [
          {
            "X": 0.15279029309749603,
            "Y": 0.3952900767326355
          },
          {
            "X": 0.20803971588611603,
            "Y": 0.39285558462142944
          },
          {
            "X": 0.20782706141471863,
            "Y": 0.4018695652484894
          },
          {
            "X": 0.15256838500499725,
            "Y": 0.40426531434059143
          }
        ]
      },
      "Id": "34bf5c1a-400f-4920-bc57-9f27debc517a",
      "Page": 1
    },
    {
      "BlockType": "WORD",
      "Confidence": 99.75341796875,
      "Text": "Escolha",
      "TextType": "PRINTED",
      "Geometry": {
        "BoundingBox": {
          "Width": 0.038337670266628265,
          "Height": 0.009193397127091885,
          "Left": 0.15101101994514465,
          "Top": 0.4123932123184204
        },
        "Polygon": [
          {
            "X": 0.15119832754135132,
            "Y": 0.41401800513267517
          },
          {
            "X": 0.18934868276119232,
            "Y": 0.4123932123184204
          },
          {
            "X": 0.18916675448417664,
            "Y": 0.4199844002723694
          },
          {
            "X": 0.15101101994514465,
            "Y": 0.4215866029262543
          }
        ]
      },
      "Id": "85faa311-8024-4123-ab50-d3924ad1c2ca",
      "Page": 1
    },
    {
      "BlockType": "WORD",
      "Confidence": 93.84989166259766,
      "Text": "métricas",
      "TextType": "PRINTED",
      "Geometry": {
        "BoundingBox": {
          "Width": 0.045109353959560394,
          "Height": 0.010163583792746067,
          "Left": 0.19289430975914001,
          "Top": 0.4094017446041107
        },
        "Polygon": [
          {
            "X": 0.19309133291244507,
            "Y": 0.41131773591041565
          },
          {
            "X": 0.238003671169281,
            "Y": 0.4094017446041107
          },
          {
            "X": 0.23781359195709229,
            "Y": 0.41767817735671997
          },
          {
            "X": 0.19289430975914001,
            "Y": 0.4195653200149536
          }
        ]
      },
      "Id": "8ee3af4d-e7b7-42e6-9204-a18a4c5a336d",
      "Page": 1
    },
    {
      "BlockType": "WORD",
      "Confidence": 88.27289581298828,
      "Text": "objetivas,",
      "TextType": "PRINTED",
      "Geometry": {
        "BoundingBox": {
          "Width": 0.05142313241958618,
          "Height": 0.011618098244071007,
          "Left": 0.24123698472976685,
          "Top": 0.40684741735458374
        },
        "Polygon": [
          {
            "X": 0.24145296216011047,
            "Y": 0.4090328812599182
          },
          {
            "X": 0.292660117149353,
            "Y": 0.40684741735458374
          },
          {
            "X": 0.29245325922966003,
            "Y": 0.41631758213043213
          },
          {
            "X": 0.24123698472976685,
            "Y": 0.4184655249118805
          }
        ]
      },
      "Id": "697df382-5662-48e7-92f7-a24f93e8f19d",
      "Page": 1
    },
    {
      "BlockType": "WORD",
      "Confidence": 95.6773681640625,
      "Text": "divisões",
      "TextType": "PRINTED",
      "Geometry": {
        "BoundingBox": {
          "Width": 0.04386306554079056,
          "Height": 0.009637394919991493,
          "Left": 0.2967798411846161,
          "Top": 0.4045320451259613
        },
        "Polygon": [
          {
            "X": 0.29694893956184387,
            "Y": 0.4063977301120758
          },
          {
            "X": 0.34064289927482605,
            "Y": 0.4045320451259613
          },
          {
            "X": 0.340480238199234,
            "Y": 0.4123299717903137
          },
          {
            "X": 0.2967798411846161,
            "Y": 0.41416943073272705
          }
        ]
      },
      "Id": "626a38a5-ea70-458d-87ac-19158164efef",
      "Page": 1
    },
    {
      "BlockType": "WORD",
      "Confidence": 99.87185668945312,
      "Text": "de",
      "TextType": "PRINTED",
      "Geometry": {
        "BoundingBox": {
          "Width": 0.012203388847410679,
          "Height": 0.008135930635035038,
          "Left": 0.14935868978500366,
          "Top": 0.4271751344203949
        },
        "Polygon": [
          {
            "X": 0.14954790472984314,
            "Y": 0.427673876285553
          },
          {
            "X": 0.16156208515167236,
            "Y": 0.4271751344203949
          },
          {
            "X": 0.16137458384037018,
            "Y": 0.43481945991516113
          },
          {
            "X": 0.14935868978500366,
            "Y": 0.43531104922294617
          }
        ]
      },
      "Id": "84933a8c-2665-4558-9c20-557042a69a1a",
      "Page": 1
    },
    {
      "BlockType": "WORD",
      "Confidence": 99.72469329833984,
      "Text": "dados",
      "TextType": "PRINTED",
      "Geometry": {
        "BoundingBox": {
          "Width": 0.031049838289618492,
          "Height": 0.008964475244283676,
          "Left": 0.16516590118408203,
          "Top": 0.42545732855796814
        },
        "Polygon": [
          {
            "X": 0.16535374522209167,
            "Y": 0.4267392158508301
          },
          {
            "X": 0.19621573388576508,
            "Y": 0.42545732855796814
          },
          {
            "X": 0.19603231549263,
            "Y": 0.43315842747688293
          },
          {
            "X": 0.16516590118408203,
            "Y": 0.4344218075275421
          }
        ]
      },
      "Id": "9221877a-812e-493a-8286-fe55e0a8c64e",
      "Page": 1
    },
    {
      "BlockType": "WORD",
      "Confidence": 99.5489501953125,
      "Text": "e",
      "TextType": "PRINTED",
      "Geometry": {
        "BoundingBox": {
          "Width": 0.006229127757251263,
          "Height": 0.005891740787774324,
          "Left": 0.1992068886756897,
          "Top": 0.4267236590385437
        },
        "Polygon": [
          {
            "X": 0.1993408352136612,
            "Y": 0.4269760549068451
          },
          {
            "X": 0.20543600618839264,
            "Y": 0.4267236590385437
          },
          {
            "X": 0.20530270040035248,
            "Y": 0.43236568570137024
          },
          {
            "X": 0.1992068886756897,
            "Y": 0.43261539936065674
          }
        ]
      },
      "Id": "0323ce8e-c0a9-4b9b-8fa7-5209a2167b48",
      "Page": 1
    },
    {
      "BlockType": "WORD",
      "Confidence": 99.73263549804688,
      "Text": "outros",
      "TextType": "PRINTED",
      "Geometry": {
        "BoundingBox": {
          "Width": 0.03474993631243706,
          "Height": 0.00901756901293993,
          "Left": 0.208181694149971,
          "Top": 0.4233132004737854
        },
        "Polygon": [
          {
            "X": 0.20836035907268524,
            "Y": 0.4247497022151947
          },
          {
            "X": 0.24293163418769836,
            "Y": 0.4233132004737854
          },
          {
            "X": 0.2427578717470169,
            "Y": 0.43091464042663574
          },
          {
            "X": 0.208181694149971,
            "Y": 0.43233075737953186
          }
        ]
      },
      "Id": "69335833-0c8c-408d-80ad-ae81b5ea059a",
      "Page": 1
    },
    {
      "BlockType": "WORD",
      "Confidence": 99.35492706298828,
      "Text": "controles",
      "TextType": "PRINTED",
      "Geometry": {
        "BoundingBox": {
          "Width": 0.05080746114253998,
          "Height": 0.009892852045595646,
          "Left": 0.24658069014549255,
          "Top": 0.42060497403144836
        },
        "Polygon": [
          {
            "X": 0.2467580884695053,
            "Y": 0.4227105379104614
          },
          {
            "X": 0.29738813638687134,
            "Y": 0.42060497403144836
          },
          {
            "X": 0.2972181737422943,
            "Y": 0.42842283844947815
          },
          {
            "X": 0.24658069014549255,
            "Y": 0.43049782514572144
          }
        ]
      },
      "Id": "9a2f7cd0-22de-4f54-b7c2-e6b658c4e285",
      "Page": 1
    },
    {
      "BlockType": "WORD",
      "Confidence": 99.82569885253906,
      "Text": "de",
      "TextType": "PRINTED",
      "Geometry": {
        "BoundingBox": {
          "Width": 0.013454451225697994,
          "Height": 0.008413651958107948,
          "Left": 0.30100202560424805,
          "Top": 0.4197312891483307
        },
        "Polygon": [
          {
            "X": 0.3011723458766937,
            "Y": 0.4202839136123657
          },
          {
            "X": 0.3144564926624298,
            "Y": 0.4197312891483307
          },
          {
            "X": 0.3142881691455841,
            "Y": 0.4276004135608673
          },
          {
            "X": 0.30100202560424805,
            "Y": 0.4281449615955353
          }
        ]
      },
      "Id": "d4aa26b1-798d-44a8-808f-932b5ad7175d",
      "Page": 1
    },
    {
      "BlockType": "WORD",
      "Confidence": 99.54922485351562,
      "Text": "modelo",
      "TextType": "PRINTED",
      "Geometry": {
        "BoundingBox": {
          "Width": 0.038801152259111404,
          "Height": 0.009051142260432243,
          "Left": 0.14820703864097595,
          "Top": 0.4392717778682709
        },
        "Polygon": [
          {
            "X": 0.1483926922082901,
            "Y": 0.4408348500728607
          },
          {
            "X": 0.18700818717479706,
            "Y": 0.4392717778682709
          },
          {
            "X": 0.18682794272899628,
            "Y": 0.4467824697494507
          },
          {
            "X": 0.14820703864097595,
            "Y": 0.44832292199134827
          }
        ]
      },
      "Id": "8be70849-0270-49cd-b64f-d9158cd296a9",
      "Page": 1
    },
    {
      "BlockType": "WORD",
      "Confidence": 82.98223114013672,
      "Text": "Save",
      "TextType": "PRINTED",
      "Geometry": {
        "BoundingBox": {
          "Width": 0.01123024895787239,
          "Height": 0.004582500085234642,
          "Left": 0.7161278128623962,
          "Top": 0.45199093222618103
        },
        "Polygon": [
          {
            "X": 0.7161824703216553,
            "Y": 0.45241406559944153
          },
          {
            "X": 0.7273581027984619,
            "Y": 0.45199093222618103
          },
          {
            "X": 0.7273043990135193,
            "Y": 0.4561537802219391
          },
          {
            "X": 0.7161278128623962,
            "Y": 0.4565734267234802
          }
        ]
      },
      "Id": "fe3562f8-49dc-4b94-bf93-abe993ba509f",
      "Page": 1
    }
  ],
  "DetectDocumentTextModelVersion": "1.0"
}