{
  "DocumentMetadata": {
    "Pages": 1
  },
  "JobStatus": "SUCCEEDED",
  "Blocks": [
    {
      "BlockType": "PAGE",
      "Geometry": {
        "BoundingBox": {
          "Width": 1,
          "Height": 1,
          "Left": 0,
          "Top": 0
        },
        "Polygon": [
          {
            "X": 0,
            "Y": 0
          },
          {
            "X": 1,
            "Y": 0
          },
          {
            "X": 1,
            "Y": 1
          },
          {
            "X": 0,
            "Y": 1
          }
        ]
      },
      "Id": "e657b990-7947-48d4-9978-2ff65e2b78dd",
      "Relationships": [
        {
          "Type": "CHILD",
          "Ids": [
            "3064ff17-e298-4785-a59b-76f515eb502d",
            "7e626f63-a7c4-4166-b4eb-4429afd7441c",
            "74654d01-5040-4c6b-98c1-20a23775779b",
            "59a1cb74-8d13-4743-b79f-ff9713de0c35",
            "da7e8364-c87f-41c6-9186-cc037a8a1e15",
            "31a99300-5c01-4860-b959-5bccf6ceb16d",
            "95337121-6739-40fa-b8e5-74adc2819beb",
            "b2f1709f-76fc-4535-89a2-6379b83bec08",
            "0863c360-e0ba-4fdf-ac2c-6716e553e575",
            "e8927422-ff32-411c-ae51-7e4804333e5d"
          ]
        }
      ],
      "Page": 1
    },
    {
      "BlockType": "LINE",
      "Confidence": 78.54484558105469,
      "Text": "Cloud",
      "Geometry": {
        "BoundingBox": {
          "Width": 0.02596595324575901,
          "Height": 0.007611453998833895,
          "Left": 0.6675826907157898,
          "Top": 0.23093755543231964
        },
        "Polygon": [
          {
            "X": 0.6675826907157898,
            "Y": 0.23093755543231964
          },
          {
            "X": 0.6935486793518066,
            "Y": 0.23093755543231964
          },
          {
            "X": 0.6935486793518066,
            "Y": 0.23854900896549225
          },
          {
            "X": 0.6675826907157898,
            "Y": 0.23854900896549225
          }
        ]
      },
      "Id": "3064ff17-e298-4785-a59b-76f515eb502d",
      "Relationships": [
        {
          "Type": "CHILD",
          "Ids": [
            "59f1c431-f202-4fde-99f1-b3b6229a7950"
          ]
        }
      ],
      "Page": 1
    },
    {
      "BlockType": "LINE",
      "Confidence": 67.97162628173828,
      "Text": "laws",
      "Geometry": {
        "BoundingBox": {
          "Width": 0.04646795988082886,
          "Height": 0.014741001650691032,
          "Left": 0.596001148223877,
          "Top": 0.23667629063129425
        },
        "Polygon": [
          {
            "X": 0.596001148223877,
            "Y": 0.23667629063129425
          },
          {
            "X": 0.6424691081047058,
            "Y": 0.23667629063129425
          },
          {
            "X": 0.6424691081047058,
            "Y": 0.2514173090457916
          },
          {
            "X": 0.596001148223877,
            "Y": 0.2514173090457916
          }
        ]
      },
      "Id": "7e626f63-a7c4-4166-b4eb-4429afd7441c",
      "Relationships": [
        {
          "Type": "CHILD",
          "Ids": [
            "1e56b331-7d74-4da7-9b72-70dfec60fff0"
          ]
        }
      ],
      "Page": 1
    },
    {
      "BlockType": "LINE",
      "Confidence": 99.59009552001953,
      "Text": "Experience",
      "Geometry": {
        "BoundingBox": {
          "Width": 0.04612801596522331,
          "Height": 0.009020683355629444,
          "Left": 0.6686296463012695,
          "Top": 0.2374994456768036
        },
        "Polygon": [
          {
            "X": 0.6686296463012695,
            "Y": 0.2374994456768036
          },
          {
            "X": 0.7147576212882996,
            "Y": 0.2374994456768036
          },
          {
            "X": 0.7147576212882996,
            "Y": 0.24652013182640076
          },
          {
            "X": 0.6686296463012695,
            "Y": 0.24652013182640076
          }
        ]
      },
      "Id": "74654d01-5040-4c6b-98c1-20a23775779b",
      "Relationships": [
        {
          "Type": "CHILD",
          "Ids": [
            "440f293e-1a73-4b36-818a-2362f767ba21"
          ]
        }
      ],
      "Page": 1
    },
    {
      "BlockType": "LINE",
      "Confidence": 99.20931243896484,
      "Text": "2025",
      "Geometry": {
        "BoundingBox": {
          "Width": 0.022023560479283333,
          "Height": 0.006773069966584444,
          "Left": 0.6683998703956604,
          "Top": 0.24687641859054565
        },
        "Polygon": [
          {
            "X": 0.6683998703956604,
            "Y": 0.24687641859054565
          },
          {
            "X": 0.6904234290122986,
            "Y": 0.24687641859054565
          },
          {
            "X": 0.6904234290122986,
            "Y": 0.25364950299263
          },
          {
            "X": 0.6683998703956604,
            "Y": 0.25364950299263
          }
        ]
      },
      "Id": "59a1cb74-8d13-4743-b79f-ff9713de0c35",
      "Relationships": [
        {
          "Type": "CHILD",
          "Ids": [
            "590d33a6-bd8b-4d51-ae03-602521ecf6a4"
          ]
        }
      ],
      "Page": 1
    },
    {
      "BlockType": "LINE",
      "Confidence": 97.9531021118164,
      "Text": "Gere previsões altamente precisas",
      "Geometry": {
        "BoundingBox": {
          "Width": 0.3181074857711792,
          "Height": 0.04546067491173744,
          "Left": 0.10159126669168472,
          "Top": 0.25407475233078003
        },
        "Polygon": [
          {
            "X": 0.10159126669168472,
            "Y": 0.25407475233078003
          },
          {
            "X": 0.4196987748146057,
            "Y": 0.25407475233078003
          },
          {
            "X": 0.4196987748146057,
            "Y": 0.2995354235172272
          },
          {
            "X": 0.10159126669168472,
            "Y": 0.2995354235172272
          }
        ]
      },
      "Id": "da7e8364-c87f-41c6-9186-cc037a8a1e15",
      "Relationships": [
        {
          "Type": "CHILD",
          "Ids": [
            "2390b4cb-7914-4010-94cc-2ae4930b56fd",
            "7b5c9a3d-b9ea-47ed-88d4-7cfd287b2ffe",
            "527e9f5b-bb91-4f5f-9293-6ba2c148b4eb",
            "1cbd1eb6-100e-4495-b1d1-73312a6c9fe9"
          ]
        }
      ],
      "Page": 1
    },
    {
      "BlockType": "LINE",
      "Confidence": 96.20013427734375,
      "Text": "Previsões no aplicativo e",
      "Geometry": {
        "BoundingBox": {
          "Width": 0.16326770186424255,
          "Height": 0.02326023392379284,
          "Left": 0.10773128271102905,
          "Top": 0.3144788444042206
        },
        "Polygon": [
          {
            "X": 0.10773128271102905,
            "Y": 0.3144788444042206
          },
          {
            "X": 0.2709989845752716,
            "Y": 0.3144788444042206
          },
          {
            "X": 0.2709989845752716,
            "Y": 0.33773908019065857
          },
          {
            "X": 0.10773128271102905,
            "Y": 0.33773908019065857
          }
        ]
      },
      "Id": "31a99300-5c01-4860-b959-5bccf6ceb16d",
      "Relationships": [
        {
          "Type": "CHILD",
          "Ids": [
            "c6a283c9-88e2-4fcd-b824-fe28ea3543e5",
            "bb7467a3-8876-4bcf-8e1a-f88edccd3b1c",
            "7808117a-c558-4ff4-b91e-a99b1e951ce7",
            "363f75b8-6e3e-499f-8ae7-a45c1df933e2"
          ]
        }
      ],
      "Page": 1
    },
    {
      "BlockType": "LINE",
      "Confidence": 92.00293731689453,
      "Text": "análises hipotéticas",
      "Geometry": {
        "BoundingBox": {
          "Width": 0.12958788871765137,
          "Height": 0.020422309637069702,
          "Left": 0.10570403188467026,
          "Top": 0.3332824110984802
        },
        "Polygon": [
          {
            "X": 0.10570403188467026,
            "Y": 0.3332824110984802
          },
          {
            "X": 0.23529191315174103,
            "Y": 0.3332824110984802
          },
          {
            "X": 0.23529191315174103,
            "Y": 0.3537047207355499
          },
          {
            "X": 0.10570403188467026,
            "Y": 0.3537047207355499
          }
        ]
      },
      "Id": "95337121-6739-40fa-b8e5-74adc2819beb",
      "Relationships": [
        {
          "Type": "CHILD",
          "Ids": [
            "d73a81df-091f-4cd0-ae92-9367f35bce83",
            "fdd5c82b-cffd-4c5b-8fbb-ecabf2cb21a9"
          ]
        }
      ],
      "Page": 1
    },
    {
      "BlockType": "LINE",
      "Confidence": 98.73568725585938,
      "Text": "av",
      "Geometry": {
        "BoundingBox": {
          "Width": 0.10085047781467438,
          "Height": 0.052426259964704514,
          "Left": 0.8991495370864868,
          "Top": 0.29704222083091736
        },
        "Polygon": [
          {
            "X": 0.8991495370864868,
            "Y": 0.29704222083091736
          },
          {
            "X": 1,
            "Y": 0.29704222083091736
          },
          {
            "X": 1,
            "Y": 0.349468469619751
          },
          {
            "X": 0.8991495370864868,
            "Y": 0.349468469619751
          }
        ]
      },
      "Id": "b2f1709f-76fc-4535-89a2-6379b83bec08",
      "Relationships": [
        {
          "Type": "CHILD",
          "Ids": [
            "5fa58ed9-d695-4c5b-a480-ba464164d08d"
          ]
        }
      ],
      "Page": 1
    },
    {
      "BlockType": "LINE",
      "Confidence": 97.93456268310547,
      "Text": "True.",
      "Geometry": {
        "BoundingBox": {
          "Width": 0.02719174697995186,
          "Height": 0.007132677361369133,
          "Left": 0.6023215651512146,
          "Top": 0.3648527264595032
        },
        "Polygon": [
          {
            "X": 0.6023215651512146,
            "Y": 0.3648527264595032
          },
          {
            "X": 0.6295133233070374,
            "Y": 0.3648527264595032
          },
          {
            "X": 0.6295133233070374,
            "Y": 0.37198540568351746
          },
          {
            "X": 0.6023215651512146,
            "Y": 0.37198540568351746
          }
        ]
      },
      "Id": "0863c360-e0ba-4fdf-ac2c-6716e553e575",
      "Relationships": [
        {
          "Type": "CHILD",
          "Ids": [
            "42fe989a-8468-4abd-84c6-11ebdc781f85"
          ]
        }
      ],
      "Page": 1
    },
    {
      "BlockType": "LINE",
      "Confidence": 91.42292785644531,
      "Text": "ce",
      "Geometry": {
        "BoundingBox": {
          "Width": 0.026229485869407654,
          "Height": 0.013517588376998901,
          "Left": 0.000017769043552107178,
          "Top": 0.3695465326309204
        },
        "Polygon": [
          {
            "X": 0.000017769043552107178,
            "Y": 0.3695465326309204
          },
          {
            "X": 0.026247255504131317,
            "Y": 0.3695465326309204
          },
          {
            "X": 0.026247255504131317,
            "Y": 0.3830641210079193
          },
          {
            "X": 0.000017769043552107178,
            "Y": 0.3830641210079193
          }
        ]
      },
      "Id": "e8927422-ff32-411c-ae51-7e4804333e5d",
      "Relationships": [
        {
          "Type": "CHILD",
          "Ids": [
            "18bae9e1-64bd-4e80-924d-ef0951abf04d"
          ]
        }
      ],
      "Page": 1
    },
    {
      "BlockType": "WORD",
      "Confidence": 78.54484558105469,
      "Text": "Cloud",
      "TextType": "PRINTED",
      "Geometry": {
        "BoundingBox": {
          "Width": 0.02596595324575901,
          "Height": 0.007611453998833895,
          "Left": 0.6675826907157898,
          "Top": 0.23093755543231964
        },
        "Polygon": [
          {
            "X": 0.6675826907157898,
            "Y": 0.23093755543231964
          },
          {
            "X": 0.6935486793518066,
            "Y": 0.23093755543231964
          },
          {
            "X": 0.6935486793518066,
            "Y": 0.23854900896549225
          },
          {
            "X": 0.6675826907157898,
            "Y": 0.23854900896549225
          }
        ]
      },
      "Id": "59f1c431-f202-4fde-99f1-b3b6229a7950",
      "Page": 1
    },
    {
      "BlockType": "WORD",
      "Confidence": 67.97162628173828,
      "Text": "laws",
      "TextType": "PRINTED",
      "Geometry": {
        "BoundingBox": {
          "Width": 0.04646795988082886,
          "Height": 0.014741001650691032,
          "Left": 0.596001148223877,
          "Top": 0.23667629063129425
        },
        "Polygon": [
          {
            "X": 0.596001148223877,
            "Y": 0.23667629063129425
          },
          {
            "X": 0.6424691081047058,
            "Y": 0.23667629063129425
          },
          {
            "X": 0.6424691081047058,
            "Y": 0.2514173090457916
          },
          {
            "X": 0.596001148223877,
            "Y": 0.2514173090457916
          }
        ]
      },
      "Id": "1e56b331-7d74-4da7-9b72-70dfec60fff0",
      "Page": 1
    },
    {
      "BlockType": "WORD",
      "Confidence": 99.59009552001953,
      "Text": "Experience",
      "TextType": "PRINTED",
      "Geometry": {
        "BoundingBox": {
          "Width": 0.04612801596522331,
          "Height": 0.009020683355629444,
          "Left": 0.6686296463012695,
          "Top": 0.2374994456768036
        },
        "Polygon": [
          {
            "X": 0.6686296463012695,
            "Y": 0.2374994456768036
          },
          {
            "X": 0.7147576212882996,
            "Y": 0.2374994456768036
          },
          {
            "X": 0.7147576212882996,
            "Y": 0.24652013182640076
          },
          {
            "X": 0.6686296463012695,
            "Y": 0.24652013182640076
          }
        ]
      },
      "Id": "440f293e-1a73-4b36-818a-2362f767ba21",
      "Page": 1
    },
    {
      "BlockType": "WORD",
      "Confidence": 99.20931243896484,
      "Text": "2025",
      "TextType": "PRINTED",
      "Geometry": {
        "BoundingBox": {
          "Width": 0.022023560479283333,
          "Height": 0.006773069966584444,
          "Left": 0.6683998703956604,
          "Top": 0.24687641859054565
        },
        "Polygon": [
          {
            "X": 0.6683998703956604,
            "Y": 0.24687641859054565
          },
          {
            "X": 0.6904234290122986,
            "Y": 0.24687641859054565
          },
          {
            "X": 0.6904234290122986,
            "Y": 0.25364950299263
          },
          {
            "X": 0.6683998703956604,
            "Y": 0.25364950299263
          }
        ]
      },
      "Id": "590d33a6-bd8b-4d51-ae03-602521ecf6a4",
      "Page": 1
    },
    {
      "BlockType": "WORD",
      "Confidence": 99.56936645507812,
      "Text": "Gere",
      "TextType": "PRINTED",
      "Geometry": {
        "BoundingBox": {
          "Width": 0.04158751666545868,
          "Height": 0.013600952923297882,
          "Left": 0.10159126669168472,
          "Top": 0.2859344780445099
        },
        "Polygon": [
          {
            "X": 0.10159126669168472,
            "Y": 0.2859344780445099
          },
          {
            "X": 0.143178790807724,
            "Y": 0.2859344780445099
          },
          {
            "X": 0.143178790807724,
            "Y": 0.2995354235172272
          },
          {
            "X": 0.10159126669168472,
            "Y": 0.2995354235172272
          }
        ]
      },
      "Id": "2390b4cb-7914-4010-94cc-2ae4930b56fd",
      "Page": 1
    },
    {
      "BlockType": "WORD",
      "Confidence": 95.30896759033203,
      "Text": "previsões",
      "TextType": "PRINTED",
      "Geometry": {
        "BoundingBox": {
          "Width": 0.08750855177640915,
          "Height": 0.023014910519123077,
          "Left": 0.1455250382423401,
          "Top": 0.27461957931518555
        },
        "Polygon": [
          {
            "X": 0.1455250382423401,
            "Y": 0.27461957931518555
          },
          {
            "X": 0.23303359746932983,
            "Y": 0.27461957931518555
          },
          {
            "X": 0.23303359746932983,
            "Y": 0.2976345121860504
          },
          {
            "X": 0.1455250382423401,
            "Y": 0.2976345121860504
          }
        ]
      },
      "Id": "7b5c9a3d-b9ea-47ed-88d4-7cfd287b2ffe",
      "Page": 1
    },
    {
      "BlockType": "WORD",
      "Confidence": 97.61463165283203,
      "Text": "altamente",
      "TextType": "PRINTED",
      "Geometry": {
        "BoundingBox": {
          "Width": 0.09936583787202835,
          "Height": 0.021460670977830887,
          "Left": 0.23478487133979797,
          "Top": 0.26334866881370544
        },
        "Polygon": [
          {
            "X": 0.23478487133979797,
            "Y": 0.26334866881370544
          },
          {
            "X": 0.3341507315635681,
            "Y": 0.26334866881370544
          },
          {
            "X": 0.3341507315635681,
            "Y": 0.28480932116508484
          },
          {
            "X": 0.23478487133979797,
            "Y": 0.28480932116508484
          }
        ]
      },
      "Id": "527e9f5b-bb91-4f5f-9293-6ba2c148b4eb",
      "Page": 1
    },
    {
      "BlockType": "WORD",
      "Confidence": 99.31945037841797,
      "Text": "precisas",
      "TextType": "PRINTED",
      "Geometry": {
        "BoundingBox": {
          "Width": 0.08218207955360413,
          "Height": 0.02408861741423607,
          "Left": 0.3375166952610016,
          "Top": 0.25407475233078003
        },
        "Polygon": [
          {
            "X": 0.3375166952610016,
            "Y": 0.25407475233078003
          },
          {
            "X": 0.4196987748146057,
            "Y": 0.25407475233078003
          },
          {
            "X": 0.4196987748146057,
            "Y": 0.2781633734703064
          },
          {
            "X": 0.3375166952610016,
            "Y": 0.2781633734703064
          }
        ]
      },
      "Id": "1cbd1eb6-100e-4495-b1d1-73312a6c9fe9",
      "Page": 1
    },
    {
      "BlockType": "WORD",
      "Confidence": 87.29035949707031,
      "Text": "Previsões",
      "TextType": "PRINTED",
      "Geometry": {
        "BoundingBox": {
          "Width": 0.06225776672363281,
          "Height": 0.015682103112339973,
          "Left": 0.10773128271102905,
          "Top": 0.32205697894096375
        },
        "Polygon": [
          {
            "X": 0.10773128271102905,
            "Y": 0.32205697894096375
          },
          {
            "X": 0.16998904943466187,
            "Y": 0.32205697894096375
          },
          {
            "X": 0.16998904943466187,
            "Y": 0.33773908019065857
          },
          {
            "X": 0.10773128271102905,
            "Y": 0.33773908019065857
          }
        ]
      },
      "Id": "c6a283c9-88e2-4fcd-b824-fe28ea3543e5",
      "Page": 1
    },
    {
      "BlockType": "WORD",
      "Confidence": 99.69573974609375,
      "Text": "no",
      "TextType": "PRINTED",
      "Geometry": {
        "BoundingBox": {
          "Width": 0.017368141561746597,
          "Height": 0.008262762799859047,
          "Left": 0.17233797907829285,
          "Top": 0.3222399353981018
        },
        "Polygon": [
          {
            "X": 0.17233797907829285,
            "Y": 0.3222399353981018
          },
          {
            "X": 0.18970611691474915,
            "Y": 0.3222399353981018
          },
          {
            "X": 0.18970611691474915,
            "Y": 0.3305026888847351
          },
          {
            "X": 0.17233797907829285,
            "Y": 0.3305026888847351
          }
        ]
      },
      "Id": "bb7467a3-8876-4bcf-8e1a-f88edccd3b1c",
      "Page": 1
    },
    {
      "BlockType": "WORD",
      "Confidence": 98.25023651123047,
      "Text": "aplicativo",
      "TextType": "PRINTED",
      "Geometry": {
        "BoundingBox": {
          "Width": 0.06587459146976471,
          "Height": 0.01524321548640728,
          "Left": 0.19237501919269562,
          "Top": 0.3144788444042206
        },
        "Polygon": [
          {
            "X": 0.19237501919269562,
            "Y": 0.3144788444042206
          },
          {
            "X": 0.2582496106624603,
            "Y": 0.3144788444042206
          },
          {
            "X": 0.2582496106624603,
            "Y": 0.3297220468521118
          },
          {
            "X": 0.19237501919269562,
            "Y": 0.3297220468521118
          }
        ]
      },
      "Id": "7808117a-c558-4ff4-b91e-a99b1e951ce7",
      "Page": 1
    },
    {
      "BlockType": "WORD",
      "Confidence": 99.564208984375,
      "Text": "e",
      "TextType": "PRINTED",
      "Geometry": {
        "BoundingBox": {
          "Width": 0.008560906164348125,
          "Height": 0.007943044416606426,
          "Left": 0.2624380886554718,
          "Top": 0.31469690799713135
        },
        "Polygon": [
          {
            "X": 0.2624380886554718,
            "Y": 0.31469690799713135
          },
          {
            "X": 0.2709989845752716,
            "Y": 0.31469690799713135
          },
          {
            "X": 0.2709989845752716,
            "Y": 0.32263997197151184
          },
          {
            "X": 0.2624380886554718,
            "Y": 0.32263997197151184
          }
        ]
      },
      "Id": "363f75b8-6e3e-499f-8ae7-a45c1df933e2",
      "Page": 1
    },
    {
      "BlockType": "WORD",
      "Confidence": 88.76325225830078,
      "Text": "análises",
      "TextType": "PRINTED",
      "Geometry": {
        "BoundingBox": {
          "Width": 0.05280447006225586,
          "Height": 0.013987929560244083,
          "Left": 0.10570403188467026,
          "Top": 0.3397167921066284
        },
        "Polygon": [
          {
            "X": 0.10570403188467026,
            "Y": 0.3397167921066284
          },
          {
            "X": 0.15850849449634552,
            "Y": 0.3397167921066284
          },
          {
            "X": 0.15850849449634552,
            "Y": 0.3537047207355499
          },
          {
            "X": 0.10570403188467026,
            "Y": 0.3537047207355499
          }
        ]
      },
      "Id": "d73a81df-091f-4cd0-ae92-9367f35bce83",
      "Page": 1
    },
    {
      "BlockType": "WORD",
      "Confidence": 95.24261474609375,
      "Text": "hipotéticas",
      "TextType": "PRINTED",
      "Geometry": {
        "BoundingBox": {
          "Width": 0.0741344466805458,
          "Height": 0.017024723812937737,
          "Left": 0.16115747392177582,
          "Top": 0.3332824110984802
        },
        "Polygon": [
          {
            "X": 0.16115747392177582,
            "Y": 0.3332824110984802
          },
          {
            "X": 0.23529191315174103,
            "Y": 0.3332824110984802
          },
          {
            "X": 0.23529191315174103,
            "Y": 0.3503071367740631
          },
          {
            "X": 0.16115747392177582,
            "Y": 0.3503071367740631
          }
        ]
      },
      "Id": "fdd5c82b-cffd-4c5b-8fbb-ecabf2cb21a9",
      "Page": 1
    },
    {
      "BlockType": "WORD",
      "Confidence": 98.73568725585938,
      "Text": "av",
      "TextType": "PRINTED",
      "Geometry": {
        "BoundingBox": {
          "Width": 0.10085047781467438,
          "Height": 0.052426259964704514,
          "Left": 0.8991495370864868,
          "Top": 0.29704222083091736
        },
        "Polygon": [
          {
            "X": 0.8991495370864868,
            "Y": 0.29704222083091736
          },
          {
            "X": 1,
            "Y": 0.29704222083091736
          },
          {
            "X": 1,
            "Y": 0.349468469619751
          },
          {
            "X": 0.8991495370864868,
            "Y": 0.349468469619751
          }
        ]
      },
      "Id": "5fa58ed9-d695-4c5b-a480-ba464164d08d",
      "Page": 1
    },
    {
      "BlockType": "WORD",
      "Confidence": 97.93456268310547,
      "Text": "True.",
      "TextType": "PRINTED",
      "Geometry": {
        "BoundingBox": {
          "Width": 0.02719174697995186,
          "Height": 0.007132677361369133,
          "Left": 0.6023215651512146,
          "Top": 0.3648527264595032
        },
        "Polygon": [
          {
            "X": 0.6023215651512146,
            "Y": 0.3648527264595032
          },
          {
            "X": 0.6295133233070374,
            "Y": 0.3648527264595032
          },
          {
            "X": 0.6295133233070374,
            "Y": 0.37198540568351746
          },
          {
            "X": 0.6023215651512146,
            "Y": 0.37198540568351746
          }
        ]
      },
      "Id": "42fe989a-8468-4abd-84c6-11ebdc781f85",
      "Page": 1
    },
    {
      "BlockType": "WORD",
      "Confidence": 91.42292785644531,
      "Text": "ce",
      "TextType": "PRINTED",
      "Geometry": {
        "BoundingBox": {
          "Width": 0.026229485869407654,
          "Height": 0.013517588376998901,
          "Left": 0.000017769043552107178,
          "Top": 0.3695465326309204
        },
        "Polygon": [
          {
            "X": 0.000017769043552107178,
            "Y": 0.3695465326309204
          },
          {
            "X": 0.026247255504131317,
            "Y": 0.3695465326309204
          },
          {
            "X": 0.026247255504131317,
            "Y": 0.3830641210079193
          },
          {
            "X": 0.000017769043552107178,
            "Y": 0.3830641210079193
          }
        ]
      },
      "Id": "18bae9e1-64bd-4e80-924d-ef0951abf04d",
      "Page": 1
    }
  ],
  "DetectDocumentTextModelVersion": "1.0"
}