{
  "DocumentMetadata": {
    "Pages": 1
  },
  "JobStatus": "SUCCEEDED",
  "Blocks": [
    {
      "BlockType": "PAGE",
      "Geometry": {
        "BoundingBox": {
          "Width": 0.7399322390556335,
          "Height": 0.5486071109771729,
          "Left": 0.02810174599289894,
          "Top": 0.13660025596618652
        },
        "Polygon": [
          {
            "X": 0.06414618343114853,
            "Y": 0.16364754736423492
          },
          {
            "X": 0.7507540583610535,
            "Y": 0.13660025596618652
          },
          {
            "X": 0.7680339813232422,
            "Y": 0.6769864559173584
          },
          {
            "X": 0.02810174599289894,
            "Y": 0.6852073669433594
          }
        ]
      },
      "Id": "dd51a823-9cab-411f-8d3b-f471227b5d41",
      "Relationships": [
        {
          "Type": "CHILD",
          "Ids": [
            "25b45e3b-f441-43f1-b31a-6b3b9d3c554f",
            "802b740c-a536-419f-9379-42ba7bff89c9",
            "ea52f160-6816-4ec6-b978-c64458d45848",
            "31b0ebc0-b8b4-4ceb-aacc-dd32ef6f3875",
            "4358f51d-2f29-4359-aecb-b74effbd7bcb",
            "ab5416e1-9411-4779-8a3e-802c7c2ffeb7",
            "a5582955-12b6-4dea-932e-6e02224aa865",
            "2f1c64d4-7d4b-47d5-8a98-01c63c5ae164",
            "c78a1ca2-adad-464e-b103-12fa5e87f345",
            "db058edf-292c-4883-bd9f-c678ed963c8b",
            "dd95f8a8-ea2b-4c62-9e96-b7a68d302172",
            "fdd6fb46-8d31-46c5-aab7-a3d5c88b276a",
            "4dc5c6c2-f290-421d-9f34-e13f61ab0368",
            "27e35d15-e460-4354-9089-831bc8eb26eb",
            "127c04ad-6f36-426e-a6c4-65d1110fd7bc",
            "89a8347d-9d1f-4c92-af0d-ae5e4f16be5e",
            "8d5aa4b3-cfbe-4e0d-aecb-cc22e49c41b7",
            "fe2ca36c-b27a-482d-b89d-f1ba28d3ce5b"
          ]
        }
      ],
      "Page": 1
    },
    {
      "BlockType": "LINE",
      "Confidence": 98.81757354736328,
      "Text": "isso leva a desafios",
      "Geometry": {
        "BoundingBox": {
          "Width": 0.3513564467430115,
          "Height": 0.037700098007917404,
          "Left": 0.2220727950334549,
          "Top": 0.2810188829898834
        },
        "Polygon": [
          {
            "X": 0.2232595682144165,
            "Y": 0.29226675629615784
          },
          {
            "X": 0.5732770562171936,
            "Y": 0.2810188829898834
          },
          {
            "X": 0.5734292268753052,
            "Y": 0.3079273998737335
          },
          {
            "X": 0.2220727950334549,
            "Y": 0.31871896982192993
          }
        ]
      },
      "Id": "25b45e3b-f441-43f1-b31a-6b3b9d3c554f",
      "Relationships": [
        {
          "Type": "CHILD",
          "Ids": [
            "ee8d973b-a357-4958-b83c-451b50282dd0",
            "8958484e-4690-459a-a6d7-c1fafb5ae87b",
            "85225405-c2ee-473e-a152-f8e48562f2e4",
            "587d3ba0-a857-4c8b-b454-d6cd061b1273"
          ]
        }
      ],
      "Page": 1
    },
    {
      "BlockType": "LINE",
      "Confidence": 99.16484069824219,
      "Text": "Desenvolver",
      "Geometry": {
        "BoundingBox": {
          "Width": 0.10125953704118729,
          "Height": 0.014639637432992458,
          "Left": 0.14507682621479034,
          "Top": 0.36846813559532166
        },
        "Polygon": [
          {
            "X": 0.14573204517364502,
            "Y": 0.3712851405143738
          },
          {
            "X": 0.24633635580539703,
            "Y": 0.36846813559532166
          },
          {
            "X": 0.24584820866584778,
            "Y": 0.38035038113594055
          },
          {
            "X": 0.14507682621479034,
            "Y": 0.3831077814102173
          }
        ]
      },
      "Id": "802b740c-a536-419f-9379-42ba7bff89c9",
      "Relationships": [
        {
          "Type": "CHILD",
          "Ids": [
            "7c0ed091-8e1a-404a-bc83-4de259bc0101"
          ]
        }
      ],
      "Page": 1
    },
    {
      "BlockType": "LINE",
      "Confidence": 95.0410385131836,
      "Text": "o agente fica",
      "Geometry": {
        "BoundingBox": {
          "Width": 0.1175704076886177,
          "Height": 0.018228497356176376,
          "Left": 0.3255710303783417,
          "Top": 0.35891488194465637
        },
        "Polygon": [
          {
            "X": 0.32601478695869446,
            "Y": 0.3622196912765503
          },
          {
            "X": 0.4431414306163788,
            "Y": 0.35891488194465637
          },
          {
            "X": 0.4429461658000946,
            "Y": 0.37392523884773254
          },
          {
            "X": 0.3255710303783417,
            "Y": 0.37714338302612305
          }
        ]
      },
      "Id": "ea52f160-6816-4ec6-b978-c64458d45848",
      "Relationships": [
        {
          "Type": "CHILD",
          "Ids": [
            "78b86d8a-c620-49ac-9958-f2b564e7205d",
            "46aed142-38c0-40bd-bef2-81f52562e7f5",
            "fcb4b26a-0a5e-4e77-b9f7-a05a92f453e6"
          ]
        }
      ],
      "Page": 1
    },
    {
      "BlockType": "LINE",
      "Confidence": 95.06121063232422,
      "Text": "o agente fica mais",
      "Geometry": {
        "BoundingBox": {
          "Width": 0.18312065303325653,
          "Height": 0.02310090698301792,
          "Left": 0.5029988884925842,
          "Top": 0.34621676802635193
        },
        "Polygon": [
          {
            "X": 0.5030784010887146,
            "Y": 0.35142645239830017
          },
          {
            "X": 0.6857277154922485,
            "Y": 0.34621676802635193
          },
          {
            "X": 0.686119556427002,
            "Y": 0.3642682135105133
          },
          {
            "X": 0.5029988884925842,
            "Y": 0.3693176805973053
          }
        ]
      },
      "Id": "31b0ebc0-b8b4-4ceb-aacc-dd32ef6f3875",
      "Relationships": [
        {
          "Type": "CHILD",
          "Ids": [
            "63c09cbd-2bd7-4aba-9f1d-1f56f6fe6fdd",
            "da72dc55-519e-40d2-a387-6b7bdfe19b88",
            "67dfefc8-259b-4de0-ae5c-bc7790fa6d49",
            "ae2a9fcb-27db-4409-afa4-fbd21018f942"
          ]
        }
      ],
      "Page": 1
    },
    {
      "BlockType": "LINE",
      "Confidence": 98.89701080322266,
      "Text": "fica complicado",
      "Geometry": {
        "BoundingBox": {
          "Width": 0.12980198860168457,
          "Height": 0.01768890582025051,
          "Left": 0.12779946625232697,
          "Top": 0.38409966230392456
        },
        "Polygon": [
          {
            "X": 0.1286185085773468,
            "Y": 0.38760077953338623
          },
          {
            "X": 0.25760146975517273,
            "Y": 0.38409966230392456
          },
          {
            "X": 0.25703904032707214,
            "Y": 0.39837947487831116
          },
          {
            "X": 0.12779946625232697,
            "Y": 0.4017885625362396
          }
        ]
      },
      "Id": "4358f51d-2f29-4359-aecb-b74effbd7bcb",
      "Relationships": [
        {
          "Type": "CHILD",
          "Ids": [
            "8bac51d6-763c-47a9-accb-eddf12ebde84",
            "70f0b6be-cf69-4e40-a14e-d7cdb9689e4d"
          ]
        }
      ],
      "Page": 1
    },
    {
      "BlockType": "LINE",
      "Confidence": 99.05628204345703,
      "Text": "confuso",
      "Geometry": {
        "BoundingBox": {
          "Width": 0.0697028711438179,
          "Height": 0.014288735575973988,
          "Left": 0.347591370344162,
          "Top": 0.37750133872032166
        },
        "Polygon": [
          {
            "X": 0.34792041778564453,
            "Y": 0.3793928027153015
          },
          {
            "X": 0.4172942638397217,
            "Y": 0.37750133872032166
          },
          {
            "X": 0.41708701848983765,
            "Y": 0.3899413049221039
          },
          {
            "X": 0.347591370344162,
            "Y": 0.39179009199142456
          }
        ]
      },
      "Id": "ab5416e1-9411-4779-8a3e-802c7c2ffeb7",
      "Relationships": [
        {
          "Type": "CHILD",
          "Ids": [
            "a3343e46-32d0-4dbb-845d-680b6a480a10"
          ]
        }
      ],
      "Page": 1
    },
    {
      "BlockType": "LINE",
      "Confidence": 99.50971984863281,
      "Text": "lento e mais caro",
      "Geometry": {
        "BoundingBox": {
          "Width": 0.16882683336734772,
          "Height": 0.018630437552928925,
          "Left": 0.509044885635376,
          "Top": 0.3661094903945923
        },
        "Polygon": [
          {
            "X": 0.5090948939323425,
            "Y": 0.3707412779331207
          },
          {
            "X": 0.6775826215744019,
            "Y": 0.3661094903945923
          },
          {
            "X": 0.6778717041015625,
            "Y": 0.3802240490913391
          },
          {
            "X": 0.509044885635376,
            "Y": 0.3847399353981018
          }
        ]
      },
      "Id": "a5582955-12b6-4dea-932e-6e02224aa865",
      "Relationships": [
        {
          "Type": "CHILD",
          "Ids": [
            "d351f130-cd0a-4627-8bbb-619ea52bc453",
            "a1c4113d-8c45-44b0-ada4-666e18e23fec",
            "5106d67a-e759-4ad6-9d1a-58bfdefceb64",
            "5965415d-5ff1-4bd7-b563-4844db09f48b"
          ]
        }
      ],
      "Page": 1
    },
    {
      "BlockType": "LINE",
      "Confidence": 90.93985748291016,
      "Text": "000",
      "Geometry": {
        "BoundingBox": {
          "Width": 0.020473074167966843,
          "Height": 0.005493913311511278,
          "Left": 0.19294336438179016,
          "Top": 0.40443384647369385
        },
        "Polygon": [
          {
            "X": 0.1931837946176529,
            "Y": 0.4049621820449829
          },
          {
            "X": 0.2134164422750473,
            "Y": 0.40443384647369385
          },
          {
            "X": 0.21319004893302917,
            "Y": 0.4094044268131256
          },
          {
            "X": 0.19294336438179016,
            "Y": 0.40992775559425354
          }
        ]
      },
      "Id": "2f1c64d4-7d4b-47d5-8a98-01c63c5ae164",
      "Relationships": [
        {
          "Type": "CHILD",
          "Ids": [
            "4f1d34a3-16ca-4cd9-b5da-3ee2165ef028"
          ]
        }
      ],
      "Page": 1
    },
    {
      "BlockType": "LINE",
      "Confidence": 65.66659545898438,
      "Text": "05",
      "Geometry": {
        "BoundingBox": {
          "Width": 0.014373546466231346,
          "Height": 0.006797667592763901,
          "Left": 0.3589523136615753,
          "Top": 0.4135243892669678
        },
        "Polygon": [
          {
            "X": 0.35911208391189575,
            "Y": 0.4138855040073395
          },
          {
            "X": 0.3733258545398712,
            "Y": 0.4135243892669678
          },
          {
            "X": 0.3731789290904999,
            "Y": 0.4199654757976532
          },
          {
            "X": 0.3589523136615753,
            "Y": 0.4203220307826996
          }
        ]
      },
      "Id": "c78a1ca2-adad-464e-b103-12fa5e87f345",
      "Relationships": [
        {
          "Type": "CHILD",
          "Ids": [
            "b6f1b5ac-406e-4dc2-80f3-6ed0e8f8e714"
          ]
        }
      ],
      "Page": 1
    },
    {
      "BlockType": "LINE",
      "Confidence": 97.86920166015625,
      "Text": "Instruções complexas para",
      "Geometry": {
        "BoundingBox": {
          "Width": 0.1443079560995102,
          "Height": 0.013219197280704975,
          "Left": 0.12602613866329193,
          "Top": 0.4469398558139801
        },
        "Polygon": [
          {
            "X": 0.12658995389938354,
            "Y": 0.4503542482852936
          },
          {
            "X": 0.2703340947628021,
            "Y": 0.4469398558139801
          },
          {
            "X": 0.2699663043022156,
            "Y": 0.45681625604629517
          },
          {
            "X": 0.12602613866329193,
            "Y": 0.4601590633392334
          }
        ]
      },
      "Id": "db058edf-292c-4883-bd9f-c678ed963c8b",
      "Relationships": [
        {
          "Type": "CHILD",
          "Ids": [
            "23161b6d-aa22-4344-ae37-5142a6051a6f",
            "e8ccf7b7-6805-4275-8000-6c84fd7961ec",
            "f42cb344-ac84-4bc3-87a5-92c3acb5e62b"
          ]
        }
      ],
      "Page": 1
    },
    {
      "BlockType": "LINE",
      "Confidence": 99.3788070678711,
      "Text": "Chamando ferramentas erradas",
      "Geometry": {
        "BoundingBox": {
          "Width": 0.18703128397464752,
          "Height": 0.013173834420740604,
          "Left": 0.3013812005519867,
          "Top": 0.44073620438575745
        },
        "Polygon": [
          {
            "X": 0.3016676902770996,
            "Y": 0.44518211483955383
          },
          {
            "X": 0.4884124994277954,
            "Y": 0.44073620438575745
          },
          {
            "X": 0.4883555769920349,
            "Y": 0.4495460093021393
          },
          {
            "X": 0.3013812005519867,
            "Y": 0.4539100229740143
          }
        ]
      },
      "Id": "dd95f8a8-ea2b-4c62-9e96-b7a68d302172",
      "Relationships": [
        {
          "Type": "CHILD",
          "Ids": [
            "d7e0b194-98fe-4f97-badf-398ff2eeed62",
            "748ba1f0-12b3-48d5-b733-35af5ae17a7d",
            "d7ff5515-9ec5-4baf-9283-0445828568be"
          ]
        }
      ],
      "Page": 1
    },
    {
      "BlockType": "LINE",
      "Confidence": 99.05570983886719,
      "Text": "Modelos adicionais necessários",
      "Geometry": {
        "BoundingBox": {
          "Width": 0.20374354720115662,
          "Height": 0.014563784003257751,
          "Left": 0.5134671926498413,
          "Top": 0.43336471915245056
        },
        "Polygon": [
          {
            "X": 0.5134955048561096,
            "Y": 0.43822920322418213
          },
          {
            "X": 0.7169573903083801,
            "Y": 0.43336471915245056
          },
          {
            "X": 0.7172107100486755,
            "Y": 0.4431619346141815
          },
          {
            "X": 0.5134671926498413,
            "Y": 0.4479284882545471
          }
        ]
      },
      "Id": "fdd6fb46-8d31-46c5-aab7-a3d5c88b276a",
      "Relationships": [
        {
          "Type": "CHILD",
          "Ids": [
            "7fc9e321-e234-444f-8f81-db52e354d3c5",
            "7ea76a46-2366-448a-be24-b36ba874853f",
            "e368109e-7f0f-4533-b6cb-bfed81d6c2cb"
          ]
        }
      ],
      "Page": 1
    },
    {
      "BlockType": "LINE",
      "Confidence": 98.52947998046875,
      "Text": "limitar as alucinações",
      "Geometry": {
        "BoundingBox": {
          "Width": 0.11737783998250961,
          "Height": 0.01245319377630949,
          "Left": 0.12419667094945908,
          "Top": 0.4585689902305603
        },
        "Polygon": [
          {
            "X": 0.12475880980491638,
            "Y": 0.46127501130104065
          },
          {
            "X": 0.2415745109319687,
            "Y": 0.4585689902305603
          },
          {
            "X": 0.2411702275276184,
            "Y": 0.468374103307724
          },
          {
            "X": 0.12419667094945908,
            "Y": 0.47102218866348267
          }
        ]
      },
      "Id": "4dc5c6c2-f290-421d-9f34-e13f61ab0368",
      "Relationships": [
        {
          "Type": "CHILD",
          "Ids": [
            "0bfb2853-0508-4b5d-92e8-598ff845e56f",
            "991fb525-9433-4cef-bfc0-4629be07d96e",
            "aff361ca-f9d7-4c4e-aa70-5a81e06598f3"
          ]
        }
      ],
      "Page": 1
    },
    {
      "BlockType": "LINE",
      "Confidence": 99.17670440673828,
      "Text": "Passando argumentos errados",
      "Geometry": {
        "BoundingBox": {
          "Width": 0.17859692871570587,
          "Height": 0.014033393934369087,
          "Left": 0.30025768280029297,
          "Top": 0.45262205600738525
        },
        "Polygon": [
          {
            "X": 0.3005836009979248,
            "Y": 0.45675593614578247
          },
          {
            "X": 0.47885459661483765,
            "Y": 0.45262205600738525
          },
          {
            "X": 0.4787766933441162,
            "Y": 0.4626104533672333
          },
          {
            "X": 0.30025768280029297,
            "Y": 0.4666554629802704
          }
        ]
      },
      "Id": "27e35d15-e460-4354-9089-831bc8eb26eb",
      "Relationships": [
        {
          "Type": "CHILD",
          "Ids": [
            "54fe6aad-982d-4a1c-a90d-1104d8834a6a",
            "aab671e5-faef-4120-9ecc-fea85959b1f3",
            "1e653bbe-582e-4604-bce7-62240f51887e"
          ]
        }
      ],
      "Page": 1
    },
    {
      "BlockType": "LINE",
      "Confidence": 99.2874755859375,
      "Text": "Os prompts aumentam",
      "Geometry": {
        "BoundingBox": {
          "Width": 0.1493462473154068,
          "Height": 0.013513891026377678,
          "Left": 0.5126587748527527,
          "Top": 0.44822216033935547
        },
        "Polygon": [
          {
            "X": 0.5126892328262329,
            "Y": 0.45168158411979675
          },
          {
            "X": 0.6618225574493408,
            "Y": 0.44822216033935547
          },
          {
            "X": 0.6620050668716431,
            "Y": 0.458351194858551
          },
          {
            "X": 0.5126587748527527,
            "Y": 0.4617360532283783
          }
        ]
      },
      "Id": "127c04ad-6f36-426e-a6c4-65d1110fd7bc",
      "Relationships": [
        {
          "Type": "CHILD",
          "Ids": [
            "cf353138-568e-41ee-9ec7-8d98e289dcdf",
            "afc3d25b-0b68-463b-b804-26f179c8c00a",
            "e309e8c7-c2ea-4216-9e03-971b8e665bf9"
          ]
        }
      ],
      "Page": 1
    },
    {
      "BlockType": "LINE",
      "Confidence": 94.46531677246094,
      "Text": "Frágil e difícil de manter",
      "Geometry": {
        "BoundingBox": {
          "Width": 0.1349838376045227,
          "Height": 0.012717088684439659,
          "Left": 0.1225816011428833,
          "Top": 0.46916860342025757
        },
        "Polygon": [
          {
            "X": 0.12314135581254959,
            "Y": 0.4722033143043518
          },
          {
            "X": 0.257565438747406,
            "Y": 0.46916860342025757
          },
          {
            "X": 0.25718602538108826,
            "Y": 0.47891733050346375
          },
          {
            "X": 0.1225816011428833,
            "Y": 0.481885701417923
          }
        ]
      },
      "Id": "89a8347d-9d1f-4c92-af0d-ae5e4f16be5e",
      "Relationships": [
        {
          "Type": "CHILD",
          "Ids": [
            "565d4101-30bf-4c79-b73c-69598d73354c",
            "eebbc94b-1aee-4881-b31d-a5bce234d9a5",
            "23844b05-08dc-4534-8941-b9fda3d024de",
            "a3801aa8-fc92-4c14-98bb-47a8e2205078",
            "bf244334-02f5-4710-b7b5-4dbf7824fbbb"
          ]
        }
      ],
      "Page": 1
    },
    {
      "BlockType": "LINE",
      "Confidence": 98.62764739990234,
      "Text": "Respostas inconsistentes",
      "Geometry": {
        "BoundingBox": {
          "Width": 0.14621619880199432,
          "Height": 0.013155151158571243,
          "Left": 0.2987559735774994,
          "Top": 0.4649299681186676
        },
        "Polygon": [
          {
            "X": 0.2990822196006775,
            "Y": 0.46822360157966614
          },
          {
            "X": 0.4449721872806549,
            "Y": 0.4649299681186676
          },
          {
            "X": 0.44484743475914,
            "Y": 0.47486409544944763
          },
          {
            "X": 0.2987559735774994,
            "Y": 0.47808513045310974
          }
        ]
      },
      "Id": "8d5aa4b3-cfbe-4e0d-aecb-cc22e49c41b7",
      "Relationships": [
        {
          "Type": "CHILD",
          "Ids": [
            "c683d12d-fb59-4488-9531-965e59e3b701",
            "0c2dc29d-2c91-4bbb-9b26-6ab88a4b6efe"
          ]
        }
      ],
      "Page": 1
    },
    {
      "BlockType": "LINE",
      "Confidence": 99.43706512451172,
      "Text": "Agentes repetem etapas",
      "Geometry": {
        "BoundingBox": {
          "Width": 0.15890440344810486,
          "Height": 0.01346768531948328,
          "Left": 0.5113871693611145,
          "Top": 0.459938108921051
        },
        "Polygon": [
          {
            "X": 0.5114188194274902,
            "Y": 0.46351978182792664
          },
          {
            "X": 0.6701006889343262,
            "Y": 0.459938108921051
          },
          {
            "X": 0.6702916026115417,
            "Y": 0.4699023365974426
          },
          {
            "X": 0.5113871693611145,
            "Y": 0.4734058082103729
          }
        ]
      },
      "Id": "fe2ca36c-b27a-482d-b89d-f1ba28d3ce5b",
      "Relationships": [
        {
          "Type": "CHILD",
          "Ids": [
            "3b3d0608-f64d-4047-ac2e-881911010308",
            "355eba4d-cd7b-46f8-a9a4-bdc0e5372287",
            "34900530-4c00-4d42-a896-4769005015c8"
          ]
        }
      ],
      "Page": 1
    },
    {
      "BlockType": "WORD",
      "Confidence": 98.2815170288086,
      "Text": "isso",
      "TextType": "PRINTED",
      "Geometry": {
        "BoundingBox": {
          "Width": 0.06561731547117233,
          "Height": 0.018960466608405113,
          "Left": 0.2220727950334549,
          "Top": 0.2997584939002991
        },
        "Polygon": [
          {
            "X": 0.22283144295215607,
            "Y": 0.30180948972702026
          },
          {
            "X": 0.28769010305404663,
            "Y": 0.2997584939002991
          },
          {
            "X": 0.28708744049072266,
            "Y": 0.3167220950126648
          },
          {
            "X": 0.2220727950334549,
            "Y": 0.31871896982192993
          }
        ]
      },
      "Id": "ee8d973b-a357-4958-b83c-451b50282dd0",
      "Page": 1
    },
    {
      "BlockType": "WORD",
      "Confidence": 99.08336639404297,
      "Text": "leva",
      "TextType": "PRINTED",
      "Geometry": {
        "BoundingBox": {
          "Width": 0.06647145003080368,
          "Height": 0.019300976768136024,
          "Left": 0.3056483864784241,
          "Top": 0.2943468987941742
        },
        "Polygon": [
          {
            "X": 0.30621403455734253,
            "Y": 0.29644066095352173
          },
          {
            "X": 0.37211981415748596,
            "Y": 0.2943468987941742
          },
          {
            "X": 0.37171629071235657,
            "Y": 0.31160980463027954
          },
          {
            "X": 0.3056483864784241,
            "Y": 0.31364789605140686
          }
        ]
      },
      "Id": "8958484e-4690-459a-a6d7-c1fafb5ae87b",
      "Page": 1
    },
    {
      "BlockType": "WORD",
      "Confidence": 99.9336929321289,
      "Text": "a",
      "TextType": "PRINTED",
      "Geometry": {
        "BoundingBox": {
          "Width": 0.015344776213169098,
          "Height": 0.013359860517084599,
          "Left": 0.39227214455604553,
          "Top": 0.2954161763191223
        },
        "Polygon": [
          {
            "X": 0.3925352990627289,
            "Y": 0.29589352011680603
          },
          {
            "X": 0.4076169431209564,
            "Y": 0.2954161763191223
          },
          {
            "X": 0.4073816239833832,
            "Y": 0.3083081543445587
          },
          {
            "X": 0.39227214455604553,
            "Y": 0.30877602100372314
          }
        ]
      },
      "Id": "85225405-c2ee-473e-a152-f8e48562f2e4",
      "Page": 1
    },
    {
      "BlockType": "WORD",
      "Confidence": 97.97172546386719,
      "Text": "desafios",
      "TextType": "PRINTED",
      "Geometry": {
        "BoundingBox": {
          "Width": 0.1462523490190506,
          "Height": 0.02527373842895031,
          "Left": 0.4271419644355774,
          "Top": 0.2810188829898834
        },
        "Polygon": [
          {
            "X": 0.4274592399597168,
            "Y": 0.28570476174354553
          },
          {
            "X": 0.5732770562171936,
            "Y": 0.2810188829898834
          },
          {
            "X": 0.5733942985534668,
            "Y": 0.3017529249191284
          },
          {
            "X": 0.4271419644355774,
            "Y": 0.3062926232814789
          }
        ]
      },
      "Id": "587d3ba0-a857-4c8b-b454-d6cd061b1273",
      "Page": 1
    },
    {
      "BlockType": "WORD",
      "Confidence": 99.16484069824219,
      "Text": "Desenvolver",
      "TextType": "PRINTED",
      "Geometry": {
        "BoundingBox": {
          "Width": 0.10125953704118729,
          "Height": 0.014639637432992458,
          "Left": 0.14507682621479034,
          "Top": 0.36846813559532166
        },
        "Polygon": [
          {
            "X": 0.14573204517364502,
            "Y": 0.3712851405143738
          },
          {
            "X": 0.24633635580539703,
            "Y": 0.36846813559532166
          },
          {
            "X": 0.24584820866584778,
            "Y": 0.38035038113594055
          },
          {
            "X": 0.14507682621479034,
            "Y": 0.3831077814102173
          }
        ]
      },
      "Id": "7c0ed091-8e1a-404a-bc83-4de259bc0101",
      "Page": 1
    },
    {
      "BlockType": "WORD",
      "Confidence": 86.25464630126953,
      "Text": "o",
      "TextType": "PRINTED",
      "Geometry": {
        "BoundingBox": {
          "Width": 0.013475683517754078,
          "Height": 0.01118981372565031,
          "Left": 0.3256263732910156,
          "Top": 0.3640923798084259
        },
        "Polygon": [
          {
            "X": 0.3259481191635132,
            "Y": 0.3644619584083557
          },
          {
            "X": 0.3391020596027374,
            "Y": 0.3640923798084259
          },
          {
            "X": 0.33880043029785156,
            "Y": 0.37491968274116516
          },
          {
            "X": 0.3256263732910156,
            "Y": 0.3752821981906891
          }
        ]
      },
      "Id": "78b86d8a-c620-49ac-9958-f2b564e7205d",
      "Page": 1
    },
    {
      "BlockType": "WORD",
      "Confidence": 99.6788558959961,
      "Text": "agente",
      "TextType": "PRINTED",
      "Geometry": {
        "BoundingBox": {
          "Width": 0.06182241067290306,
          "Height": 0.015417231246829033,
          "Left": 0.34422728419303894,
          "Top": 0.36121463775634766
        },
        "Polygon": [
          {
            "X": 0.3445979058742523,
            "Y": 0.36294445395469666
          },
          {
            "X": 0.4060496985912323,
            "Y": 0.36121463775634766
          },
          {
            "X": 0.40579840540885925,
            "Y": 0.37494373321533203
          },
          {
            "X": 0.34422728419303894,
            "Y": 0.37663188576698303
          }
        ]
      },
      "Id": "46aed142-38c0-40bd-bef2-81f52562e7f5",
      "Page": 1
    },
    {
      "BlockType": "WORD",
      "Confidence": 99.18960571289062,
      "Text": "fica",
      "TextType": "PRINTED",
      "Geometry": {
        "BoundingBox": {
          "Width": 0.032364968210458755,
          "Height": 0.012658553197979927,
          "Left": 0.4107764661312103,
          "Top": 0.35891488194465637
        },
        "Polygon": [
          {
            "X": 0.4109833240509033,
            "Y": 0.35982224345207214
          },
          {
            "X": 0.4431414306163788,
            "Y": 0.35891488194465637
          },
          {
            "X": 0.4429883360862732,
            "Y": 0.3706847131252289
          },
          {
            "X": 0.4107764661312103,
            "Y": 0.37157344818115234
          }
        ]
      },
      "Id": "fcb4b26a-0a5e-4e77-b9f7-a05a92f453e6",
      "Page": 1
    },
    {
      "BlockType": "WORD",
      "Confidence": 81.40690612792969,
      "Text": "o",
      "TextType": "PRINTED",
      "Geometry": {
        "BoundingBox": {
          "Width": 0.014903341419994831,
          "Height": 0.011701288633048534,
          "Left": 0.5030080080032349,
          "Top": 0.35556522011756897
        },
        "Polygon": [
          {
            "X": 0.503058135509491,
            "Y": 0.35598528385162354
          },
          {
            "X": 0.5179113149642944,
            "Y": 0.35556522011756897
          },
          {
            "X": 0.517885148525238,
            "Y": 0.3668546676635742
          },
          {
            "X": 0.5030080080032349,
            "Y": 0.3672665059566498
          }
        ]
      },
      "Id": "63c09cbd-2bd7-4aba-9f1d-1f56f6fe6fdd",
      "Page": 1
    },
    {
      "BlockType": "WORD",
      "Confidence": 99.66333770751953,
      "Text": "agente",
      "TextType": "PRINTED",
      "Geometry": {
        "BoundingBox": {
          "Width": 0.06520573794841766,
          "Height": 0.015508165583014488,
          "Left": 0.5242029428482056,
          "Top": 0.35322484374046326
        },
        "Polygon": [
          {
            "X": 0.5242223739624023,
            "Y": 0.3550664186477661
          },
          {
            "X": 0.5893005132675171,
            "Y": 0.35322484374046326
          },
          {
            "X": 0.5894086956977844,
            "Y": 0.36693498492240906
          },
          {
            "X": 0.5242029428482056,
            "Y": 0.3687329888343811
          }
        ]
      },
      "Id": "da72dc55-519e-40d2-a387-6b7bdfe19b88",
      "Page": 1
    },
    {
      "BlockType": "WORD",
      "Confidence": 99.37503814697266,
      "Text": "fica",
      "TextType": "PRINTED",
      "Geometry": {
        "BoundingBox": {
          "Width": 0.03587610274553299,
          "Height": 0.013503419235348701,
          "Left": 0.5958383083343506,
          "Top": 0.3491659462451935
        },
        "Polygon": [
          {
            "X": 0.5958383083343506,
            "Y": 0.35018160939216614
          },
          {
            "X": 0.631540060043335,
            "Y": 0.3491659462451935
          },
          {
            "X": 0.631714403629303,
            "Y": 0.3616754412651062
          },
          {
            "X": 0.5959485769271851,
            "Y": 0.3626693785190582
          }
        ]
      },
      "Id": "67dfefc8-259b-4de0-ae5c-bc7790fa6d49",
      "Page": 1
    },
    {
      "BlockType": "WORD",
      "Confidence": 99.79955291748047,
      "Text": "mais",
      "TextType": "PRINTED",
      "Geometry": {
        "BoundingBox": {
          "Width": 0.04734493046998978,
          "Height": 0.014366021379828453,
          "Left": 0.6386660933494568,
          "Top": 0.34621676802635193
        },
        "Polygon": [
          {
            "X": 0.6386660933494568,
            "Y": 0.3475591242313385
          },
          {
            "X": 0.6857277154922485,
            "Y": 0.34621676802635193
          },
          {
            "X": 0.6860110759735107,
            "Y": 0.35927027463912964
          },
          {
            "X": 0.6388610005378723,
            "Y": 0.36058279871940613
          }
        ]
      },
      "Id": "ae2a9fcb-27db-4409-afa4-fbd21018f942",
      "Page": 1
    },
    {
      "BlockType": "WORD",
      "Confidence": 99.40868377685547,
      "Text": "fica",
      "TextType": "PRINTED",
      "Geometry": {
        "BoundingBox": {
          "Width": 0.02898753061890602,
          "Height": 0.011666313745081425,
          "Left": 0.1278918832540512,
          "Top": 0.3885214328765869
        },
        "Polygon": [
          {
            "X": 0.12852106988430023,
            "Y": 0.38928863406181335
          },
          {
            "X": 0.15687941014766693,
            "Y": 0.3885214328765869
          },
          {
            "X": 0.15629331767559052,
            "Y": 0.3994361162185669
          },
          {
            "X": 0.1278918832540512,
            "Y": 0.40018776059150696
          }
        ]
      },
      "Id": "8bac51d6-763c-47a9-accb-eddf12ebde84",
      "Page": 1
    },
    {
      "BlockType": "WORD",
      "Confidence": 98.38533782958984,
      "Text": "complicado",
      "TextType": "PRINTED",
      "Geometry": {
        "BoundingBox": {
          "Width": 0.09545964747667313,
          "Height": 0.01678301952779293,
          "Left": 0.162141814827919,
          "Top": 0.38409966230392456
        },
        "Polygon": [
          {
            "X": 0.16289301216602325,
            "Y": 0.38667044043540955
          },
          {
            "X": 0.25760146975517273,
            "Y": 0.38409966230392456
          },
          {
            "X": 0.25703904032707214,
            "Y": 0.39837947487831116
          },
          {
            "X": 0.162141814827919,
            "Y": 0.40088266134262085
          }
        ]
      },
      "Id": "70f0b6be-cf69-4e40-a14e-d7cdb9689e4d",
      "Page": 1
    },
    {
      "BlockType": "WORD",
      "Confidence": 99.05628204345703,
      "Text": "confuso",
      "TextType": "PRINTED",
      "Geometry": {
        "BoundingBox": {
          "Width": 0.0697028711438179,
          "Height": 0.014288735575973988,
          "Left": 0.347591370344162,
          "Top": 0.37750133872032166
        },
        "Polygon": [
          {
            "X": 0.34792041778564453,
            "Y": 0.3793928027153015
          },
          {
            "X": 0.4172942638397217,
            "Y": 0.37750133872032166
          },
          {
            "X": 0.41708701848983765,
            "Y": 0.3899413049221039
          },
          {
            "X": 0.347591370344162,
            "Y": 0.39179009199142456
          }
        ]
      },
      "Id": "a3343e46-32d0-4dbb-845d-680b6a480a10",
      "Page": 1
    },
    {
      "BlockType": "WORD",
      "Confidence": 99.18611907958984,
      "Text": "lento",
      "TextType": "PRINTED",
      "Geometry": {
        "BoundingBox": {
          "Width": 0.04951433837413788,
          "Height": 0.013600297272205353,
          "Left": 0.509044885635376,
          "Top": 0.37113961577415466
        },
        "Polygon": [
          {
            "X": 0.5090886354446411,
            "Y": 0.37249383330345154
          },
          {
            "X": 0.5585165619850159,
            "Y": 0.37113961577415466
          },
          {
            "X": 0.558559238910675,
            "Y": 0.38341549038887024
          },
          {
            "X": 0.509044885635376,
            "Y": 0.3847399353981018
          }
        ]
      },
      "Id": "d351f130-cd0a-4627-8bbb-619ea52bc453",
      "Page": 1
    },
    {
      "BlockType": "WORD",
      "Confidence": 99.70589447021484,
      "Text": "e",
      "TextType": "PRINTED",
      "Geometry": {
        "BoundingBox": {
          "Width": 0.010876449756324291,
          "Height": 0.009311038069427013,
          "Left": 0.5647587180137634,
          "Top": 0.3725578784942627
        },
        "Polygon": [
          {
            "X": 0.5647587180137634,
            "Y": 0.3728533387184143
          },
          {
            "X": 0.5755818486213684,
            "Y": 0.3725578784942627
          },
          {
            "X": 0.5756351947784424,
            "Y": 0.3815782368183136
          },
          {
            "X": 0.56479811668396,
            "Y": 0.3818689286708832
          }
        ]
      },
      "Id": "a1c4113d-8c45-44b0-ada4-666e18e23fec",
      "Page": 1
    },
    {
      "BlockType": "WORD",
      "Confidence": 99.81800842285156,
      "Text": "mais",
      "TextType": "PRINTED",
      "Geometry": {
        "BoundingBox": {
          "Width": 0.04615352302789688,
          "Height": 0.01385820284485817,
          "Left": 0.5821473598480225,
          "Top": 0.367468923330307
        },
        "Polygon": [
          {
            "X": 0.5821473598480225,
            "Y": 0.3687330186367035
          },
          {
            "X": 0.6281315088272095,
            "Y": 0.367468923330307
          },
          {
            "X": 0.6283009052276611,
            "Y": 0.3800913393497467
          },
          {
            "X": 0.5822336673736572,
            "Y": 0.3813271224498749
          }
        ]
      },
      "Id": "5106d67a-e759-4ad6-9d1a-58bfdefceb64",
      "Page": 1
    },
    {
      "BlockType": "WORD",
      "Confidence": 99.32887268066406,
      "Text": "caro",
      "TextType": "PRINTED",
      "Geometry": {
        "BoundingBox": {
          "Width": 0.043274886906147,
          "Height": 0.010911490768194199,
          "Left": 0.6345455646514893,
          "Top": 0.36796942353248596
        },
        "Polygon": [
          {
            "X": 0.6345455646514893,
            "Y": 0.369149386882782
          },
          {
            "X": 0.6776207089424133,
            "Y": 0.36796942353248596
          },
          {
            "X": 0.6778204441070557,
            "Y": 0.3777214586734772
          },
          {
            "X": 0.6346850395202637,
            "Y": 0.37888091802597046
          }
        ]
      },
      "Id": "5965415d-5ff1-4bd7-b563-4844db09f48b",
      "Page": 1
    },
    {
      "BlockType": "WORD",
      "Confidence": 90.93985748291016,
      "Text": "000",
      "TextType": "PRINTED",
      "Geometry": {
        "BoundingBox": {
          "Width": 0.020473074167966843,
          "Height": 0.005493913311511278,
          "Left": 0.19294336438179016,
          "Top": 0.40443384647369385
        },
        "Polygon": [
          {
            "X": 0.1931837946176529,
            "Y": 0.4049621820449829
          },
          {
            "X": 0.2134164422750473,
            "Y": 0.40443384647369385
          },
          {
            "X": 0.21319004893302917,
            "Y": 0.4094044268131256
          },
          {
            "X": 0.19294336438179016,
            "Y": 0.40992775559425354
          }
        ]
      },
      "Id": "4f1d34a3-16ca-4cd9-b5da-3ee2165ef028",
      "Page": 1
    },
    {
      "BlockType": "WORD",
      "Confidence": 65.66659545898438,
      "Text": "05",
      "TextType": "PRINTED",
      "Geometry": {
        "BoundingBox": {
          "Width": 0.014373546466231346,
          "Height": 0.006797667592763901,
          "Left": 0.3589523136615753,
          "Top": 0.4135243892669678
        },
        "Polygon": [
          {
            "X": 0.35911208391189575,
            "Y": 0.4138855040073395
          },
          {
            "X": 0.3733258545398712,
            "Y": 0.4135243892669678
          },
          {
            "X": 0.3731789290904999,
            "Y": 0.4199654757976532
          },
          {
            "X": 0.3589523136615753,
            "Y": 0.4203220307826996
          }
        ]
      },
      "Id": "b6f1b5ac-406e-4dc2-80f3-6ed0e8f8e714",
      "Page": 1
    },
    {
      "BlockType": "WORD",
      "Confidence": 94.82769775390625,
      "Text": "Instruções",
      "TextType": "PRINTED",
      "Geometry": {
        "BoundingBox": {
          "Width": 0.05527358502149582,
          "Height": 0.010879408568143845,
          "Left": 0.12602613866329193,
          "Top": 0.44927966594696045
        },
        "Polygon": [
          {
            "X": 0.12657703459262848,
            "Y": 0.45057883858680725
          },
          {
            "X": 0.18129973113536835,
            "Y": 0.44927966594696045
          },
          {
            "X": 0.18082138895988464,
            "Y": 0.4588865339756012
          },
          {
            "X": 0.12602613866329193,
            "Y": 0.4601590633392334
          }
        ]
      },
      "Id": "23161b6d-aa22-4344-ae37-5142a6051a6f",
      "Page": 1
    },
    {
      "BlockType": "WORD",
      "Confidence": 98.99031066894531,
      "Text": "complexas",
      "TextType": "PRINTED",
      "Geometry": {
        "BoundingBox": {
          "Width": 0.058321237564086914,
          "Height": 0.010620838962495327,
          "Left": 0.18373973667621613,
          "Top": 0.4476114511489868
        },
        "Polygon": [
          {
            "X": 0.1841963678598404,
            "Y": 0.44898590445518494
          },
          {
            "X": 0.24206098914146423,
            "Y": 0.4476114511489868
          },
          {
            "X": 0.24167867004871368,
            "Y": 0.45688489079475403
          },
          {
            "X": 0.18373973667621613,
            "Y": 0.4582322835922241
          }
        ]
      },
      "Id": "e8ccf7b7-6805-4275-8000-6c84fd7961ec",
      "Page": 1
    },
    {
      "BlockType": "WORD",
      "Confidence": 99.78960418701172,
      "Text": "para",
      "TextType": "PRINTED",
      "Geometry": {
        "BoundingBox": {
          "Width": 0.025244681164622307,
          "Height": 0.008330809883773327,
          "Left": 0.24503479897975922,
          "Top": 0.4484066367149353
        },
        "Polygon": [
          {
            "X": 0.24535027146339417,
            "Y": 0.4489968419075012
          },
          {
            "X": 0.2702794671058655,
            "Y": 0.4484066367149353
          },
          {
            "X": 0.26999086141586304,
            "Y": 0.45615699887275696
          },
          {
            "X": 0.24503479897975922,
            "Y": 0.4567374587059021
          }
        ]
      },
      "Id": "f42cb344-ac84-4bc3-87a5-92c3acb5e62b",
      "Page": 1
    },
    {
      "BlockType": "WORD",
      "Confidence": 99.63680267333984,
      "Text": "Chamando",
      "TextType": "PRINTED",
      "Geometry": {
        "BoundingBox": {
          "Width": 0.06212715059518814,
          "Height": 0.00963940005749464,
          "Left": 0.3013812005519867,
          "Top": 0.44427064061164856
        },
        "Polygon": [
          {
            "X": 0.3016493320465088,
            "Y": 0.4457414746284485
          },
          {
            "X": 0.3635083734989166,
            "Y": 0.44427064061164856
          },
          {
            "X": 0.36331090331077576,
            "Y": 0.45246458053588867
          },
          {
            "X": 0.3013812005519867,
            "Y": 0.4539100229740143
          }
        ]
      },
      "Id": "d7e0b194-98fe-4f97-badf-398ff2eeed62",
      "Page": 1
    },
    {
      "BlockType": "WORD",
      "Confidence": 99.04571533203125,
      "Text": "ferramentas",
      "TextType": "PRINTED",
      "Geometry": {
        "BoundingBox": {
          "Width": 0.07233584672212601,
          "Height": 0.01014121063053608,
          "Left": 0.36682361364364624,
          "Top": 0.44204604625701904
        },
        "Polygon": [
          {
            "X": 0.36702245473861694,
            "Y": 0.4437629282474518
          },
          {
            "X": 0.43915945291519165,
            "Y": 0.44204604625701904
          },
          {
            "X": 0.4390460252761841,
            "Y": 0.45050081610679626
          },
          {
            "X": 0.36682361364364624,
            "Y": 0.45218726992607117
          }
        ]
      },
      "Id": "748ba1f0-12b3-48d5-b733-35af5ae17a7d",
      "Page": 1
    },
    {
      "BlockType": "WORD",
      "Confidence": 99.45391082763672,
      "Text": "erradas",
      "TextType": "PRINTED",
      "Geometry": {
        "BoundingBox": {
          "Width": 0.04520459473133087,
          "Height": 0.009384150616824627,
          "Left": 0.44320788979530334,
          "Top": 0.44073620438575745
        },
        "Polygon": [
          {
            "X": 0.4433145225048065,
            "Y": 0.44180986285209656
          },
          {
            "X": 0.4884124994277954,
            "Y": 0.44073620438575745
          },
          {
            "X": 0.48835867643356323,
            "Y": 0.44906535744667053
          },
          {
            "X": 0.44320788979530334,
            "Y": 0.45012032985687256
          }
        ]
      },
      "Id": "d7ff5515-9ec5-4baf-9283-0445828568be",
      "Page": 1
    },
    {
      "BlockType": "WORD",
      "Confidence": 99.6615982055664,
      "Text": "Modelos",
      "TextType": "PRINTED",
      "Geometry": {
        "BoundingBox": {
          "Width": 0.052868880331516266,
          "Height": 0.00950530730187893,
          "Left": 0.5134671926498413,
          "Top": 0.43842318654060364
        },
        "Polygon": [
          {
            "X": 0.5134912133216858,
            "Y": 0.43968167901039124
          },
          {
            "X": 0.5662984848022461,
            "Y": 0.43842318654060364
          },
          {
            "X": 0.5663360357284546,
            "Y": 0.446691632270813
          },
          {
            "X": 0.5134671926498413,
            "Y": 0.4479284882545471
          }
        ]
      },
      "Id": "7fc9e321-e234-444f-8f81-db52e354d3c5",
      "Page": 1
    },
    {
      "BlockType": "WORD",
      "Confidence": 99.55042266845703,
      "Text": "adicionais",
      "TextType": "PRINTED",
      "Geometry": {
        "BoundingBox": {
          "Width": 0.06572837382555008,
          "Height": 0.010247609578073025,
          "Left": 0.5700756907463074,
          "Top": 0.4359869360923767
        },
        "Polygon": [
          {
            "X": 0.5700756907463074,
            "Y": 0.4375530779361725
          },
          {
            "X": 0.6356790661811829,
            "Y": 0.4359869360923767
          },
          {
            "X": 0.6358040571212769,
            "Y": 0.4446965754032135
          },
          {
            "X": 0.5701197981834412,
            "Y": 0.4462345242500305
          }
        ]
      },
      "Id": "7ea76a46-2366-448a-be24-b36ba874853f",
      "Page": 1
    },
    {
      "BlockType": "WORD",
      "Confidence": 97.95512390136719,
      "Text": "necessários",
      "TextType": "PRINTED",
      "Geometry": {
        "BoundingBox": {
          "Width": 0.07745283842086792,
          "Height": 0.010792071931064129,
          "Left": 0.6397367119789124,
          "Top": 0.43336471915245056
        },
        "Polygon": [
          {
            "X": 0.6397367119789124,
            "Y": 0.4352109432220459
          },
          {
            "X": 0.7169573903083801,
            "Y": 0.43336471915245056
          },
          {
            "X": 0.7171895503997803,
            "Y": 0.442344605922699
          },
          {
            "X": 0.639870285987854,
            "Y": 0.44415679574012756
          }
        ]
      },
      "Id": "e368109e-7f0f-4533-b6cb-bfed81d6c2cb",
      "Page": 1
    },
    {
      "BlockType": "WORD",
      "Confidence": 99.40705108642578,
      "Text": "limitar",
      "TextType": "PRINTED",
      "Geometry": {
        "BoundingBox": {
          "Width": 0.036570917814970016,
          "Height": 0.008819322101771832,
          "Left": 0.12428558617830276,
          "Top": 0.4606610834598541
        },
        "Polygon": [
          {
            "X": 0.12474600225687027,
            "Y": 0.46149712800979614
          },
          {
            "X": 0.16085650026798248,
            "Y": 0.4606610834598541
          },
          {
            "X": 0.16043588519096375,
            "Y": 0.46865901350975037
          },
          {
            "X": 0.12428558617830276,
            "Y": 0.46948039531707764
          }
        ]
      },
      "Id": "0bfb2853-0508-4b5d-92e8-598ff845e56f",
      "Page": 1
    },
    {
      "BlockType": "WORD",
      "Confidence": 99.85391998291016,
      "Text": "as",
      "TextType": "PRINTED",
      "Geometry": {
        "BoundingBox": {
          "Width": 0.01185853686183691,
          "Height": 0.006187325809150934,
          "Left": 0.16287942230701447,
          "Top": 0.46208807826042175
        },
        "Polygon": [
          {
            "X": 0.16318880021572113,
            "Y": 0.4623543620109558
          },
          {
            "X": 0.17473796010017395,
            "Y": 0.46208807826042175
          },
          {
            "X": 0.174438014626503,
            "Y": 0.46801257133483887
          },
          {
            "X": 0.16287942230701447,
            "Y": 0.46827539801597595
          }
        ]
      },
      "Id": "991fb525-9433-4cef-bfc0-4629be07d96e",
      "Page": 1
    },
    {
      "BlockType": "WORD",
      "Confidence": 96.32746887207031,
      "Text": "alucinações",
      "TextType": "PRINTED",
      "Geometry": {
        "BoundingBox": {
          "Width": 0.06434616446495056,
          "Height": 0.011252648197114468,
          "Left": 0.17722834646701813,
          "Top": 0.4585689902305603
        },
        "Polygon": [
          {
            "X": 0.17771917581558228,
            "Y": 0.46004819869995117
          },
          {
            "X": 0.2415745109319687,
            "Y": 0.4585689902305603
          },
          {
            "X": 0.2411702275276184,
            "Y": 0.468374103307724
          },
          {
            "X": 0.17722834646701813,
            "Y": 0.46982163190841675
          }
        ]
      },
      "Id": "aff361ca-f9d7-4c4e-aa70-5a81e06598f3",
      "Page": 1
    },
    {
      "BlockType": "WORD",
      "Confidence": 98.9933853149414,
      "Text": "Passando",
      "TextType": "PRINTED",
      "Geometry": {
        "BoundingBox": {
          "Width": 0.05390648916363716,
          "Height": 0.009414470754563808,
          "Left": 0.30030396580696106,
          "Top": 0.4558351933956146
        },
        "Polygon": [
          {
            "X": 0.3005729913711548,
            "Y": 0.4570780396461487
          },
          {
            "X": 0.35421043634414673,
            "Y": 0.4558351933956146
          },
          {
            "X": 0.35400259494781494,
            "Y": 0.46402886509895325
          },
          {
            "X": 0.30030396580696106,
            "Y": 0.4652496576309204
          }
        ]
      },
      "Id": "54fe6aad-982d-4a1c-a90d-1104d8834a6a",
      "Page": 1
    },
    {
      "BlockType": "WORD",
      "Confidence": 99.02067565917969,
      "Text": "argumentos",
      "TextType": "PRINTED",
      "Geometry": {
        "BoundingBox": {
          "Width": 0.07163173705339432,
          "Height": 0.010763859376311302,
          "Left": 0.3577434718608856,
          "Top": 0.45458903908729553
        },
        "Polygon": [
          {
            "X": 0.3579697608947754,
            "Y": 0.4562417268753052
          },
          {
            "X": 0.42937520146369934,
            "Y": 0.45458903908729553
          },
          {
            "X": 0.4292401075363159,
            "Y": 0.46373289823532104
          },
          {
            "X": 0.3577434718608856,
            "Y": 0.4653528928756714
          }
        ]
      },
      "Id": "aab671e5-faef-4120-9ecc-fea85959b1f3",
      "Page": 1
    },
    {
      "BlockType": "WORD",
      "Confidence": 99.51606750488281,
      "Text": "errados",
      "TextType": "PRINTED",
      "Geometry": {
        "BoundingBox": {
          "Width": 0.04588509723544121,
          "Height": 0.009259799495339394,
          "Left": 0.43296951055526733,
          "Top": 0.45262205600738525
        },
        "Polygon": [
          {
            "X": 0.4330863654613495,
            "Y": 0.45368337631225586
          },
          {
            "X": 0.47885459661483765,
            "Y": 0.45262205600738525
          },
          {
            "X": 0.4787905216217041,
            "Y": 0.46083930134773254
          },
          {
            "X": 0.43296951055526733,
            "Y": 0.4618818759918213
          }
        ]
      },
      "Id": "1e653bbe-582e-4604-bce7-62240f51887e",
      "Page": 1
    },
    {
      "BlockType": "WORD",
      "Confidence": 98.60900115966797,
      "Text": "Os",
      "TextType": "PRINTED",
      "Geometry": {
        "BoundingBox": {
          "Width": 0.01639154925942421,
          "Height": 0.008311735466122627,
          "Left": 0.512664794921875,
          "Top": 0.451452374458313
        },
        "Polygon": [
          {
            "X": 0.5126887559890747,
            "Y": 0.4518319368362427
          },
          {
            "X": 0.5290563106536865,
            "Y": 0.451452374458313
          },
          {
            "X": 0.5290506482124329,
            "Y": 0.4593910276889801
          },
          {
            "X": 0.512664794921875,
            "Y": 0.45976412296295166
          }
        ]
      },
      "Id": "cf353138-568e-41ee-9ec7-8d98e289dcdf",
      "Page": 1
    },
    {
      "BlockType": "WORD",
      "Confidence": 99.53104400634766,
      "Text": "prompts",
      "TextType": "PRINTED",
      "Geometry": {
        "BoundingBox": {
          "Width": 0.05410057306289673,
          "Height": 0.011071667075157166,
          "Left": 0.5326234102249146,
          "Top": 0.45021188259124756
        },
        "Polygon": [
          {
            "X": 0.5326255559921265,
            "Y": 0.4514644145965576
          },
          {
            "X": 0.586651086807251,
            "Y": 0.45021188259124756
          },
          {
            "X": 0.5867239832878113,
            "Y": 0.46005740761756897
          },
          {
            "X": 0.5326234102249146,
            "Y": 0.4612835645675659
          }
        ]
      },
      "Id": "afc3d25b-0b68-463b-b804-26f179c8c00a",
      "Page": 1
    },
    {
      "BlockType": "WORD",
      "Confidence": 99.72238159179688,
      "Text": "aumentam",
      "TextType": "PRINTED",
      "Geometry": {
        "BoundingBox": {
          "Width": 0.07140477746725082,
          "Height": 0.00933531578630209,
          "Left": 0.5905566811561584,
          "Top": 0.44822216033935547
        },
        "Polygon": [
          {
            "X": 0.5905566811561584,
            "Y": 0.4498752951622009
          },
          {
            "X": 0.6618225574493408,
            "Y": 0.44822216033935547
          },
          {
            "X": 0.6619614362716675,
            "Y": 0.4559314250946045
          },
          {
            "X": 0.590617835521698,
            "Y": 0.45755746960639954
          }
        ]
      },
      "Id": "e309e8c7-c2ea-4216-9e03-971b8e665bf9",
      "Page": 1
    },
    {
      "BlockType": "WORD",
      "Confidence": 89.01759338378906,
      "Text": "Frágil",
      "TextType": "PRINTED",
      "Geometry": {
        "BoundingBox": {
          "Width": 0.030635546892881393,
          "Height": 0.010292993858456612,
          "Left": 0.1225816011428833,
          "Top": 0.4715926945209503
        },
        "Polygon": [
          {
            "X": 0.12313739955425262,
            "Y": 0.4722716510295868
          },
          {
            "X": 0.153217151761055,
            "Y": 0.4715926945209503
          },
          {
            "X": 0.15270118415355682,
            "Y": 0.481221467256546
          },
          {
            "X": 0.1225816011428833,
            "Y": 0.481885701417923
          }
        ]
      },
      "Id": "565d4101-30bf-4c79-b73c-69598d73354c",
      "Page": 1
    },
    {
      "BlockType": "WORD",
      "Confidence": 99.56298065185547,
      "Text": "e",
      "TextType": "PRINTED",
      "Geometry": {
        "BoundingBox": {
          "Width": 0.006484814919531345,
          "Height": 0.0056975348852574825,
          "Left": 0.15580950677394867,
          "Top": 0.47363969683647156
        },
        "Polygon": [
          {
            "X": 0.15610501170158386,
            "Y": 0.473778635263443
          },
          {
            "X": 0.16229431331157684,
            "Y": 0.47363969683647156
          },
          {
            "X": 0.1620035469532013,
            "Y": 0.47920000553131104
          },
          {
            "X": 0.15580950677394867,
            "Y": 0.479337215423584
          }
        ]
      },
      "Id": "eebbc94b-1aee-4881-b31d-a5bce234d9a5",
      "Page": 1
    },
    {
      "BlockType": "WORD",
      "Confidence": 84.14775085449219,
      "Text": "difícil",
      "TextType": "PRINTED",
      "Geometry": {
        "BoundingBox": {
          "Width": 0.03149383142590523,
          "Height": 0.008777948096394539,
          "Left": 0.16497182846069336,
          "Top": 0.47054797410964966
        },
        "Polygon": [
          {
            "X": 0.16539078950881958,
            "Y": 0.471249520778656
          },
          {
            "X": 0.1964656561613083,
            "Y": 0.47054797410964966
          },
          {
            "X": 0.19608135521411896,
            "Y": 0.478637158870697
          },
          {
            "X": 0.16497182846069336,
            "Y": 0.47932592034339905
          }
        ]
      },
      "Id": "23844b05-08dc-4534-8941-b9fda3d024de",
      "Page": 1
    },
    {
      "BlockType": "WORD",
      "Confidence": 99.8597640991211,
      "Text": "de",
      "TextType": "PRINTED",
      "Geometry": {
        "BoundingBox": {
          "Width": 0.013981341384351254,
          "Height": 0.007841641083359718,
          "Left": 0.1991892158985138,
          "Top": 0.47054144740104675
        },
        "Polygon": [
          {
            "X": 0.19954387843608856,
            "Y": 0.47084882855415344
          },
          {
            "X": 0.21317055821418762,
            "Y": 0.47054144740104675
          },
          {
            "X": 0.2128300815820694,
            "Y": 0.47808095812797546
          },
          {
            "X": 0.1991892158985138,
            "Y": 0.4783830940723419
          }
        ]
      },
      "Id": "a3801aa8-fc92-4c14-98bb-47a8e2205078",
      "Page": 1
    },
    {
      "BlockType": "WORD",
      "Confidence": 99.73847961425781,
      "Text": "manter",
      "TextType": "PRINTED",
      "Geometry": {
        "BoundingBox": {
          "Width": 0.0411839559674263,
          "Height": 0.008088299073278904,
          "Left": 0.2163453996181488,
          "Top": 0.47009581327438354
        },
        "Polygon": [
          {
            "X": 0.21666555106639862,
            "Y": 0.4710162878036499
          },
          {
            "X": 0.2575293481349945,
            "Y": 0.47009581327438354
          },
          {
            "X": 0.2572498023509979,
            "Y": 0.477278470993042
          },
          {
            "X": 0.2163453996181488,
            "Y": 0.4781841039657593
          }
        ]
      },
      "Id": "bf244334-02f5-4710-b7b5-4dbf7824fbbb",
      "Page": 1
    },
    {
      "BlockType": "WORD",
      "Confidence": 98.53067779541016,
      "Text": "Respostas",
      "TextType": "PRINTED",
      "Geometry": {
        "BoundingBox": {
          "Width": 0.05782667547464371,
          "Height": 0.010712468065321445,
          "Left": 0.2987559735774994,
          "Top": 0.4673726558685303
        },
        "Polygon": [
          {
            "X": 0.2990674674510956,
            "Y": 0.46866974234580994
          },
          {
            "X": 0.3565826714038849,
            "Y": 0.4673726558685303
          },
          {
            "X": 0.35634666681289673,
            "Y": 0.4768153727054596
          },
          {
            "X": 0.2987559735774994,
            "Y": 0.47808513045310974
          }
        ]
      },
      "Id": "c683d12d-fb59-4488-9531-965e59e3b701",
      "Page": 1
    },
    {
      "BlockType": "WORD",
      "Confidence": 98.72460174560547,
      "Text": "inconsistentes",
      "TextType": "PRINTED",
      "Geometry": {
        "BoundingBox": {
          "Width": 0.08468622714281082,
          "Height": 0.010447649285197258,
          "Left": 0.3602859675884247,
          "Top": 0.4649299681186676
        },
        "Polygon": [
          {
            "X": 0.3604947328567505,
            "Y": 0.4668371379375458
          },
          {
            "X": 0.4449721872806549,
            "Y": 0.4649299681186676
          },
          {
            "X": 0.4448644816875458,
            "Y": 0.47350674867630005
          },
          {
            "X": 0.3602859675884247,
            "Y": 0.47537761926651
          }
        ]
      },
      "Id": "0c2dc29d-2c91-4bbb-9b26-6ab88a4b6efe",
      "Page": 1
    },
    {
      "BlockType": "WORD",
      "Confidence": 99.46416473388672,
      "Text": "Agentes",
      "TextType": "PRINTED",
      "Geometry": {
        "BoundingBox": {
          "Width": 0.05151157081127167,
          "Height": 0.011047092266380787,
          "Left": 0.5113871693611145,
          "Top": 0.4623587131500244
        },
        "Polygon": [
          {
            "X": 0.5114188194274902,
            "Y": 0.46351978182792664
          },
          {
            "X": 0.5628586411476135,
            "Y": 0.4623587131500244
          },
          {
            "X": 0.5628987550735474,
            "Y": 0.47227010130882263
          },
          {
            "X": 0.5113871693611145,
            "Y": 0.4734058082103729
          }
        ]
      },
      "Id": "3b3d0608-f64d-4047-ac2e-881911010308",
      "Page": 1
    },
    {
      "BlockType": "WORD",
      "Confidence": 99.40418243408203,
      "Text": "repetem",
      "TextType": "PRINTED",
      "Geometry": {
        "BoundingBox": {
          "Width": 0.054228875786066055,
          "Height": 0.010838759131729603,
          "Left": 0.5672755837440491,
          "Top": 0.46117454767227173
        },
        "Polygon": [
          {
            "X": 0.5672755837440491,
            "Y": 0.46239548921585083
          },
          {
            "X": 0.621385931968689,
            "Y": 0.46117454767227173
          },
          {
            "X": 0.6215044260025024,
            "Y": 0.4708182215690613
          },
          {
            "X": 0.5673204660415649,
            "Y": 0.47201329469680786
          }
        ]
      },
      "Id": "355eba4d-cd7b-46f8-a9a4-bdc0e5372287",
      "Page": 1
    },
    {
      "BlockType": "WORD",
      "Confidence": 99.4428482055664,
      "Text": "etapas",
      "TextType": "PRINTED",
      "Geometry": {
        "BoundingBox": {
          "Width": 0.04430489242076874,
          "Height": 0.010120198130607605,
          "Left": 0.6259793639183044,
          "Top": 0.4603739082813263
        },
        "Polygon": [
          {
            "X": 0.6259793639183044,
            "Y": 0.46136894822120667
          },
          {
            "X": 0.6701090335845947,
            "Y": 0.4603739082813263
          },
          {
            "X": 0.6702842116355896,
            "Y": 0.4695189893245697
          },
          {
            "X": 0.6260973811149597,
            "Y": 0.4704940915107727
          }
        ]
      },
      "Id": "34900530-4c00-4d42-a896-4769005015c8",
      "Page": 1
    }
  ],
  "DetectDocumentTextModelVersion": "1.0"
}