{
  "DocumentMetadata": {
    "Pages": 1
  },
  "JobStatus": "SUCCEEDED",
  "Blocks": [
    {
      "BlockType": "PAGE",
      "Geometry": {
        "BoundingBox": {
          "Width": 0.9860104918479919,
          "Height": 0.7578002214431763,
          "Left": 0,
          "Top": 0
        },
        "Polygon": [
          {
            "X": 0,
            "Y": 0.0659376010298729
          },
          {
            "X": 0.9116640686988831,
            "Y": 0
          },
          {
            "X": 0.9860104918479919,
            "Y": 0.6970030069351196
          },
          {
            "X": 0.00996689684689045,
            "Y": 0.7578002214431763
          }
        ]
      },
      "Id": "6bb0700e-1d8f-45fc-afde-257fd2f1bff5",
      "Relationships": [
        {
          "Type": "CHILD",
          "Ids": [
            "c6e63ade-507e-4985-bca9-f13eddd2c012",
            "4364eb10-0ec4-4744-b634-e1bc3f49062d",
            "ebb027d5-8619-4385-9088-66341a615a21",
            "a52356ad-f4bc-4036-a62d-d505f7bc8a4d",
            "c9bb5d0b-73de-4bec-8ed6-bc25d403bdc3",
            "beb78220-d1a4-4d6b-a32a-68345fe648c1",
            "a607fa6c-fbd7-46bb-a4e1-e16893d1f203",
            "78d8ec26-f4df-4bcc-bdd2-0217d4c6f989",
            "d8472fda-ea7b-4ebf-ad28-655639a39561",
            "7dae5ec0-2dde-4071-9676-97d746675a78",
            "db63ade2-21d6-4918-bda1-1912362dc762",
            "50ac8a36-71cf-463f-9131-b161c2fb366e",
            "6db374f1-81c2-474c-8db7-50d7e72be3ad",
            "66ab9333-1cb3-4aa4-b720-88c4e5771dfe"
          ]
        }
      ],
      "Page": 1
    },
    {
      "BlockType": "LINE",
      "Confidence": 89.04044342041016,
      "Text": "Cloud",
      "Geometry": {
        "BoundingBox": {
          "Width": 0.026630977168679237,
          "Height": 0.008917219005525112,
          "Left": 0.7195961475372314,
          "Top": 0.1843550205230713
        },
        "Polygon": [
          {
            "X": 0.7195961475372314,
            "Y": 0.18643270432949066
          },
          {
            "X": 0.74554443359375,
            "Y": 0.1843550205230713
          },
          {
            "X": 0.7462270855903625,
            "Y": 0.19120019674301147
          },
          {
            "X": 0.7202739715576172,
            "Y": 0.19327223300933838
          }
        ]
      },
      "Id": "c6e63ade-507e-4985-bca9-f13eddd2c012",
      "Relationships": [
        {
          "Type": "CHILD",
          "Ids": [
            "4bf3064e-168b-4ce5-842d-42c03b028228"
          ]
        }
      ],
      "Page": 1
    },
    {
      "BlockType": "LINE",
      "Confidence": 64.25930786132812,
      "Text": "aws",
      "Geometry": {
        "BoundingBox": {
          "Width": 0.04773511365056038,
          "Height": 0.017548933625221252,
          "Left": 0.646151602268219,
          "Top": 0.19298332929611206
        },
        "Polygon": [
          {
            "X": 0.646151602268219,
            "Y": 0.19668935239315033
          },
          {
            "X": 0.6925218105316162,
            "Y": 0.19298332929611206
          },
          {
            "X": 0.6938866972923279,
            "Y": 0.20684672892093658
          },
          {
            "X": 0.647499144077301,
            "Y": 0.2105322629213333
          }
        ]
      },
      "Id": "4364eb10-0ec4-4744-b634-e1bc3f49062d",
      "Relationships": [
        {
          "Type": "CHILD",
          "Ids": [
            "6da53647-a80c-42e2-a9f4-0571ae3cfb85"
          ]
        }
      ],
      "Page": 1
    },
    {
      "BlockType": "LINE",
      "Confidence": 99.31129455566406,
      "Text": "Experience",
      "Geometry": {
        "BoundingBox": {
          "Width": 0.04835904389619827,
          "Height": 0.012014102190732956,
          "Left": 0.7206593751907349,
          "Top": 0.189787358045578
        },
        "Polygon": [
          {
            "X": 0.7206593751907349,
            "Y": 0.19358180463314056
          },
          {
            "X": 0.7681931257247925,
            "Y": 0.189787358045578
          },
          {
            "X": 0.7690184116363525,
            "Y": 0.19801944494247437
          },
          {
            "X": 0.7214740514755249,
            "Y": 0.20180146396160126
          }
        ]
      },
      "Id": "ebb027d5-8619-4385-9088-66341a615a21",
      "Relationships": [
        {
          "Type": "CHILD",
          "Ids": [
            "b29b4da3-5e99-449b-9e69-4e61146eb35c"
          ]
        }
      ],
      "Page": 1
    },
    {
      "BlockType": "LINE",
      "Confidence": 99.57793426513672,
      "Text": "2025",
      "Geometry": {
        "BoundingBox": {
          "Width": 0.02299688197672367,
          "Height": 0.008260266855359077,
          "Left": 0.7209718227386475,
          "Top": 0.20092403888702393
        },
        "Polygon": [
          {
            "X": 0.7209718227386475,
            "Y": 0.20270130038261414
          },
          {
            "X": 0.7433223128318787,
            "Y": 0.20092403888702393
          },
          {
            "X": 0.7439687252044678,
            "Y": 0.20741166174411774
          },
          {
            "X": 0.7216143012046814,
            "Y": 0.20918430387973785
          }
        ]
      },
      "Id": "a52356ad-f4bc-4036-a62d-d505f7bc8a4d",
      "Relationships": [
        {
          "Type": "CHILD",
          "Ids": [
            "87498176-d261-48a4-a8bb-e05d199d5887"
          ]
        }
      ],
      "Page": 1
    },
    {
      "BlockType": "LINE",
      "Confidence": 98.55389404296875,
      "Text": "Personalize modelos de fundação",
      "Geometry": {
        "BoundingBox": {
          "Width": 0.30768847465515137,
          "Height": 0.0600808821618557,
          "Left": 0.15924881398677826,
          "Top": 0.2226933240890503
        },
        "Polygon": [
          {
            "X": 0.15924881398677826,
            "Y": 0.24689717590808868
          },
          {
            "X": 0.4635688066482544,
            "Y": 0.2226933240890503
          },
          {
            "X": 0.46693727374076843,
            "Y": 0.25892528891563416
          },
          {
            "X": 0.16232430934906006,
            "Y": 0.2827742099761963
          }
        ]
      },
      "Id": "c9bb5d0b-73de-4bec-8ed6-bc25d403bdc3",
      "Relationships": [
        {
          "Type": "CHILD",
          "Ids": [
            "7a9b2af1-cf81-4223-aca4-992d397c08c5",
            "a81823e4-114f-473d-92af-c39177b66353",
            "d7bfe6ca-600f-4ee3-a957-4ae04982fd33",
            "9db78571-0fa9-4d74-9aa2-cb39cbece4ee"
          ]
        }
      ],
      "Page": 1
    },
    {
      "BlockType": "LINE",
      "Confidence": 97.93113708496094,
      "Text": "Selecione entre os modelos",
      "Geometry": {
        "BoundingBox": {
          "Width": 0.17720867693424225,
          "Height": 0.033922333270311356,
          "Left": 0.16857227683067322,
          "Top": 0.28529566526412964
        },
        "Polygon": [
          {
            "X": 0.16857227683067322,
            "Y": 0.2989256680011749
          },
          {
            "X": 0.34394407272338867,
            "Y": 0.28529566526412964
          },
          {
            "X": 0.3457809388637543,
            "Y": 0.3057037889957428
          },
          {
            "X": 0.17031413316726685,
            "Y": 0.3192180097103119
          }
        ]
      },
      "Id": "beb78220-d1a4-4d6b-a32a-68345fe648c1",
      "Relationships": [
        {
          "Type": "CHILD",
          "Ids": [
            "bf5509db-2422-4ba6-8f37-4256b105022a",
            "88074339-841b-40f7-a2d7-50c70c511e6b",
            "0ef61ad5-f853-4a48-afc6-31c1ce2aa0ac",
            "38336a2a-1be0-40bb-800c-0dff9aa744aa"
          ]
        }
      ],
      "Page": 1
    },
    {
      "BlockType": "LINE",
      "Confidence": 99.62271881103516,
      "Text": "Amazon Bedrock e SageMaker",
      "Geometry": {
        "BoundingBox": {
          "Width": 0.19876804947853088,
          "Height": 0.035579659044742584,
          "Left": 0.1671760529279709,
          "Top": 0.29947784543037415
        },
        "Polygon": [
          {
            "X": 0.1671760529279709,
            "Y": 0.3146761655807495
          },
          {
            "X": 0.3640887439250946,
            "Y": 0.29947784543037415
          },
          {
            "X": 0.36594411730766296,
            "Y": 0.3199898600578308
          },
          {
            "X": 0.1689242273569107,
            "Y": 0.3350575268268585
          }
        ]
      },
      "Id": "a607fa6c-fbd7-46bb-a4e1-e16893d1f203",
      "Relationships": [
        {
          "Type": "CHILD",
          "Ids": [
            "a5718d16-32eb-4fbe-aa97-3559cbb994bc",
            "89bc5338-8083-42e0-8068-ce29228f9759",
            "37ba0f51-0b03-47d1-97a0-9dd8f8ba158b",
            "8688ad13-7346-4994-aecf-ac5d6941bf65"
          ]
        }
      ],
      "Page": 1
    },
    {
      "BlockType": "LINE",
      "Confidence": 99.51331329345703,
      "Text": "Cloud",
      "Geometry": {
        "BoundingBox": {
          "Width": 0.047436583787202835,
          "Height": 0.018397655338048935,
          "Left": 0.009429283440113068,
          "Top": 0.33902573585510254
        },
        "Polygon": [
          {
            "X": 0.009429283440113068,
            "Y": 0.34256651997566223
          },
          {
            "X": 0.05562949925661087,
            "Y": 0.33902573585510254
          },
          {
            "X": 0.0568658709526062,
            "Y": 0.3539050817489624
          },
          {
            "X": 0.01064749713987112,
            "Y": 0.3574233651161194
          }
        ]
      },
      "Id": "78d8ec26-f4df-4bcc-bdd2-0217d4c6f989",
      "Relationships": [
        {
          "Type": "CHILD",
          "Ids": [
            "7aee98f7-dec3-4f2c-ab18-088d200578dc"
          ]
        }
      ],
      "Page": 1
    },
    {
      "BlockType": "LINE",
      "Confidence": 99.73155212402344,
      "Text": "JumpStart",
      "Geometry": {
        "BoundingBox": {
          "Width": 0.06710828095674515,
          "Height": 0.019472016021609306,
          "Left": 0.16791753470897675,
          "Top": 0.33405226469039917
        },
        "Polygon": [
          {
            "X": 0.16791753470897675,
            "Y": 0.33907896280288696
          },
          {
            "X": 0.2337619662284851,
            "Y": 0.33405226469039917
          },
          {
            "X": 0.2350258231163025,
            "Y": 0.34852853417396545
          },
          {
            "X": 0.16915608942508698,
            "Y": 0.35352426767349243
          }
        ]
      },
      "Id": "d8472fda-ea7b-4ebf-ad28-655639a39561",
      "Relationships": [
        {
          "Type": "CHILD",
          "Ids": [
            "3dfb116a-7fe8-4a30-90ea-c7d46d69063b"
          ]
        }
      ],
      "Page": 1
    },
    {
      "BlockType": "LINE",
      "Confidence": 99.49463653564453,
      "Text": "Experience",
      "Geometry": {
        "BoundingBox": {
          "Width": 0.08930855244398117,
          "Height": 0.02496594563126564,
          "Left": 0.007978876121342182,
          "Top": 0.353615403175354
        },
        "Polygon": [
          {
            "X": 0.007978876121342182,
            "Y": 0.36028847098350525
          },
          {
            "X": 0.09574621915817261,
            "Y": 0.353615403175354
          },
          {
            "X": 0.09728743135929108,
            "Y": 0.37196090817451477
          },
          {
            "X": 0.009477578103542328,
            "Y": 0.37858134508132935
          }
        ]
      },
      "Id": "7dae5ec0-2dde-4071-9676-97d746675a78",
      "Relationships": [
        {
          "Type": "CHILD",
          "Ids": [
            "cf318e79-3532-4c27-b4d1-2ea98cdd8d40"
          ]
        }
      ],
      "Page": 1
    },
    {
      "BlockType": "LINE",
      "Confidence": 99.42274475097656,
      "Text": "Aplique RAG ou ajuste",
      "Geometry": {
        "BoundingBox": {
          "Width": 0.1430671662092209,
          "Height": 0.02691679634153843,
          "Left": 0.16781455278396606,
          "Top": 0.3477386236190796
        },
        "Polygon": [
          {
            "X": 0.16781455278396606,
            "Y": 0.3584557771682739
          },
          {
            "X": 0.30943232774734497,
            "Y": 0.3477386236190796
          },
          {
            "X": 0.31088173389434814,
            "Y": 0.36401304602622986
          },
          {
            "X": 0.16920286417007446,
            "Y": 0.37465542554855347
          }
        ]
      },
      "Id": "db63ade2-21d6-4918-bda1-1912362dc762",
      "Relationships": [
        {
          "Type": "CHILD",
          "Ids": [
            "dc5162bd-ada0-41e4-aae0-2e764dbe9de9",
            "9a4183a7-757b-4988-bd9d-1b50b5f68975",
            "1e27406e-93fb-4852-8060-69de9f228241",
            "baff20aa-18eb-4791-8e6b-b910e3efc056"
          ]
        }
      ],
      "Page": 1
    },
    {
      "BlockType": "LINE",
      "Confidence": 99.88032531738281,
      "Text": "2025",
      "Geometry": {
        "BoundingBox": {
          "Width": 0.040787018835544586,
          "Height": 0.016093529760837555,
          "Left": 0.006511007901281118,
          "Top": 0.37878653407096863
        },
        "Polygon": [
          {
            "X": 0.006511007901281118,
            "Y": 0.38177570700645447
          },
          {
            "X": 0.04621165990829468,
            "Y": 0.37878653407096863
          },
          {
            "X": 0.04729802906513214,
            "Y": 0.3919079601764679
          },
          {
            "X": 0.0075836279429495335,
            "Y": 0.394880086183548
          }
        ]
      },
      "Id": "50ac8a36-71cf-463f-9131-b161c2fb366e",
      "Relationships": [
        {
          "Type": "CHILD",
          "Ids": [
            "3cf2b963-bd7d-4cb2-b4a3-1b94b6af0d3e"
          ]
        }
      ],
      "Page": 1
    },
    {
      "BlockType": "LINE",
      "Confidence": 99.24739837646484,
      "Text": "modelos",
      "Geometry": {
        "BoundingBox": {
          "Width": 0.054681405425071716,
          "Height": 0.014961029402911663,
          "Left": 0.16695532202720642,
          "Top": 0.374530166387558
        },
        "Polygon": [
          {
            "X": 0.16695532202720642,
            "Y": 0.3785592317581177
          },
          {
            "X": 0.2206849306821823,
            "Y": 0.374530166387558
          },
          {
            "X": 0.22163672745227814,
            "Y": 0.3854812681674957
          },
          {
            "X": 0.1678915172815323,
            "Y": 0.3894912004470825
          }
        ]
      },
      "Id": "6db374f1-81c2-474c-8db7-50d7e72be3ad",
      "Relationships": [
        {
          "Type": "CHILD",
          "Ids": [
            "e7b7c14b-03b2-47f0-b0e6-e248e49d3a7e"
          ]
        }
      ],
      "Page": 1
    },
    {
      "BlockType": "LINE",
      "Confidence": 94.59159088134766,
      "Text": "10",
      "Geometry": {
        "BoundingBox": {
          "Width": 0.009067831560969353,
          "Height": 0.006235448643565178,
          "Left": 0.7898001074790955,
          "Top": 0.4511282444000244
        },
        "Polygon": [
          {
            "X": 0.7898001074790955,
            "Y": 0.45173153281211853
          },
          {
            "X": 0.7983025908470154,
            "Y": 0.4511282444000244
          },
          {
            "X": 0.79886794090271,
            "Y": 0.4567619264125824
          },
          {
            "X": 0.7903640866279602,
            "Y": 0.45736366510391235
          }
        ]
      },
      "Id": "66ab9333-1cb3-4aa4-b720-88c4e5771dfe",
      "Relationships": [
        {
          "Type": "CHILD",
          "Ids": [
            "a6479788-8da8-4b36-b124-2b4e45bccf4b"
          ]
        }
      ],
      "Page": 1
    },
    {
      "BlockType": "WORD",
      "Confidence": 89.04044342041016,
      "Text": "Cloud",
      "TextType": "PRINTED",
      "Geometry": {
        "BoundingBox": {
          "Width": 0.026630977168679237,
          "Height": 0.008917219005525112,
          "Left": 0.7195961475372314,
          "Top": 0.1843550205230713
        },
        "Polygon": [
          {
            "X": 0.7195961475372314,
            "Y": 0.18643270432949066
          },
          {
            "X": 0.74554443359375,
            "Y": 0.1843550205230713
          },
          {
            "X": 0.7462270855903625,
            "Y": 0.19120019674301147
          },
          {
            "X": 0.7202739715576172,
            "Y": 0.19327223300933838
          }
        ]
      },
      "Id": "4bf3064e-168b-4ce5-842d-42c03b028228",
      "Page": 1
    },
    {
      "BlockType": "WORD",
      "Confidence": 64.25930786132812,
      "Text": "aws",
      "TextType": "PRINTED",
      "Geometry": {
        "BoundingBox": {
          "Width": 0.04773511365056038,
          "Height": 0.017548933625221252,
          "Left": 0.646151602268219,
          "Top": 0.19298332929611206
        },
        "Polygon": [
          {
            "X": 0.646151602268219,
            "Y": 0.19668935239315033
          },
          {
            "X": 0.6925218105316162,
            "Y": 0.19298332929611206
          },
          {
            "X": 0.6938866972923279,
            "Y": 0.20684672892093658
          },
          {
            "X": 0.647499144077301,
            "Y": 0.2105322629213333
          }
        ]
      },
      "Id": "6da53647-a80c-42e2-a9f4-0571ae3cfb85",
      "Page": 1
    },
    {
      "BlockType": "WORD",
      "Confidence": 99.31129455566406,
      "Text": "Experience",
      "TextType": "PRINTED",
      "Geometry": {
        "BoundingBox": {
          "Width": 0.04835904389619827,
          "Height": 0.012014102190732956,
          "Left": 0.7206593751907349,
          "Top": 0.189787358045578
        },
        "Polygon": [
          {
            "X": 0.7206593751907349,
            "Y": 0.19358180463314056
          },
          {
            "X": 0.7681931257247925,
            "Y": 0.189787358045578
          },
          {
            "X": 0.7690184116363525,
            "Y": 0.19801944494247437
          },
          {
            "X": 0.7214740514755249,
            "Y": 0.20180146396160126
          }
        ]
      },
      "Id": "b29b4da3-5e99-449b-9e69-4e61146eb35c",
      "Page": 1
    },
    {
      "BlockType": "WORD",
      "Confidence": 99.57793426513672,
      "Text": "2025",
      "TextType": "PRINTED",
      "Geometry": {
        "BoundingBox": {
          "Width": 0.02299688197672367,
          "Height": 0.008260266855359077,
          "Left": 0.7209718227386475,
          "Top": 0.20092403888702393
        },
        "Polygon": [
          {
            "X": 0.7209718227386475,
            "Y": 0.20270130038261414
          },
          {
            "X": 0.7433223128318787,
            "Y": 0.20092403888702393
          },
          {
            "X": 0.7439687252044678,
            "Y": 0.20741166174411774
          },
          {
            "X": 0.7216143012046814,
            "Y": 0.20918430387973785
          }
        ]
      },
      "Id": "87498176-d261-48a4-a8bb-e05d199d5887",
      "Page": 1
    },
    {
      "BlockType": "WORD",
      "Confidence": 98.51074981689453,
      "Text": "Personalize",
      "TextType": "PRINTED",
      "Geometry": {
        "BoundingBox": {
          "Width": 0.09853024780750275,
          "Height": 0.02691946178674698,
          "Left": 0.16067208349704742,
          "Top": 0.2558547556400299
        },
        "Polygon": [
          {
            "X": 0.16067208349704742,
            "Y": 0.26350027322769165
          },
          {
            "X": 0.2575003504753113,
            "Y": 0.2558547556400299
          },
          {
            "X": 0.25920233130455017,
            "Y": 0.2751893699169159
          },
          {
            "X": 0.16232430934906006,
            "Y": 0.2827742099761963
          }
        ]
      },
      "Id": "7a9b2af1-cf81-4223-aca4-992d397c08c5",
      "Page": 1
    },
    {
      "BlockType": "WORD",
      "Confidence": 99.19239044189453,
      "Text": "modelos",
      "TextType": "PRINTED",
      "Geometry": {
        "BoundingBox": {
          "Width": 0.0798751711845398,
          "Height": 0.023500734940171242,
          "Left": 0.2616482973098755,
          "Top": 0.24322323501110077
        },
        "Polygon": [
          {
            "X": 0.2616482973098755,
            "Y": 0.24942326545715332
          },
          {
            "X": 0.3399624228477478,
            "Y": 0.24322323501110077
          },
          {
            "X": 0.3415234684944153,
            "Y": 0.260567843914032
          },
          {
            "X": 0.2631731629371643,
            "Y": 0.26672396063804626
          }
        ]
      },
      "Id": "a81823e4-114f-473d-92af-c39177b66353",
      "Page": 1
    },
    {
      "BlockType": "WORD",
      "Confidence": 99.82821655273438,
      "Text": "de",
      "TextType": "PRINTED",
      "Geometry": {
        "BoundingBox": {
          "Width": 0.02395830862224102,
          "Height": 0.015464655123651028,
          "Left": 0.3444131314754486,
          "Top": 0.23840564489364624
        },
        "Polygon": [
          {
            "X": 0.3444131314754486,
            "Y": 0.24020631611347198
          },
          {
            "X": 0.3671318292617798,
            "Y": 0.23840564489364624
          },
          {
            "X": 0.36837145686149597,
            "Y": 0.25207963585853577
          },
          {
            "X": 0.34564444422721863,
            "Y": 0.25387030839920044
          }
        ]
      },
      "Id": "d7bfe6ca-600f-4ee3-a957-4ae04982fd33",
      "Page": 1
    },
    {
      "BlockType": "WORD",
      "Confidence": 96.68421936035156,
      "Text": "fundação",
      "TextType": "PRINTED",
      "Geometry": {
        "BoundingBox": {
          "Width": 0.09449481219053268,
          "Height": 0.02805863507091999,
          "Left": 0.3710038959980011,
          "Top": 0.2226933240890503
        },
        "Polygon": [
          {
            "X": 0.3710038959980011,
            "Y": 0.23005540668964386
          },
          {
            "X": 0.4635688066482544,
            "Y": 0.2226933240890503
          },
          {
            "X": 0.4654987156391144,
            "Y": 0.24345168471336365
          },
          {
            "X": 0.3728823959827423,
            "Y": 0.25075194239616394
          }
        ]
      },
      "Id": "9db78571-0fa9-4d74-9aa2-cb39cbece4ee",
      "Page": 1
    },
    {
      "BlockType": "WORD",
      "Confidence": 96.89653778076172,
      "Text": "Selecione",
      "TextType": "PRINTED",
      "Geometry": {
        "BoundingBox": {
          "Width": 0.060115233063697815,
          "Height": 0.01698196865618229,
          "Left": 0.16924886405467987,
          "Top": 0.30223605036735535
        },
        "Polygon": [
          {
            "X": 0.16924886405467987,
            "Y": 0.30680781602859497
          },
          {
            "X": 0.22827933728694916,
            "Y": 0.30223605036735535
          },
          {
            "X": 0.22936409711837769,
            "Y": 0.31467005610466003
          },
          {
            "X": 0.17031413316726685,
            "Y": 0.3192180097103119
          }
        ]
      },
      "Id": "bf5509db-2422-4ba6-8f37-4256b105022a",
      "Page": 1
    },
    {
      "BlockType": "WORD",
      "Confidence": 99.66415405273438,
      "Text": "entre",
      "TextType": "PRINTED",
      "Geometry": {
        "BoundingBox": {
          "Width": 0.035222120583057404,
          "Height": 0.012665039859712124,
          "Left": 0.2310752272605896,
          "Top": 0.29737263917922974
        },
        "Polygon": [
          {
            "X": 0.2310752272605896,
            "Y": 0.3000344932079315
          },
          {
            "X": 0.2654148042201996,
            "Y": 0.29737263917922974
          },
          {
            "X": 0.2662973403930664,
            "Y": 0.30738696455955505
          },
          {
            "X": 0.2319486141204834,
            "Y": 0.31003767251968384
          }
        ]
      },
      "Id": "88074339-841b-40f7-a2d7-50c70c511e6b",
      "Page": 1
    },
    {
      "BlockType": "WORD",
      "Confidence": 96.0672607421875,
      "Text": "os",
      "TextType": "PRINTED",
      "Geometry": {
        "BoundingBox": {
          "Width": 0.015421941876411438,
          "Height": 0.00909997895359993,
          "Left": 0.2688034772872925,
          "Top": 0.29573285579681396
        },
        "Polygon": [
          {
            "X": 0.2688034772872925,
            "Y": 0.2968737483024597
          },
          {
            "X": 0.2835202217102051,
            "Y": 0.29573285579681396
          },
          {
            "X": 0.2842254042625427,
            "Y": 0.3036957383155823
          },
          {
            "X": 0.2695055305957794,
            "Y": 0.3048328459262848
          }
        ]
      },
      "Id": "0ef61ad5-f853-4a48-afc6-31c1ce2aa0ac",
      "Page": 1
    },
    {
      "BlockType": "WORD",
      "Confidence": 99.09660339355469,
      "Text": "modelos",
      "TextType": "PRINTED",
      "Geometry": {
        "BoundingBox": {
          "Width": 0.05870163440704346,
          "Height": 0.016871651634573936,
          "Left": 0.2863602638244629,
          "Top": 0.28529566526412964
        },
        "Polygon": [
          {
            "X": 0.2863602638244629,
            "Y": 0.28977110981941223
          },
          {
            "X": 0.34394407272338867,
            "Y": 0.28529566526412964
          },
          {
            "X": 0.34506189823150635,
            "Y": 0.2977150082588196
          },
          {
            "X": 0.28745904564857483,
            "Y": 0.3021673262119293
          }
        ]
      },
      "Id": "38336a2a-1be0-40bb-800c-0dff9aa744aa",
      "Page": 1
    },
    {
      "BlockType": "WORD",
      "Confidence": 99.61466217041016,
      "Text": "Amazon",
      "TextType": "PRINTED",
      "Geometry": {
        "BoundingBox": {
          "Width": 0.0517929308116436,
          "Height": 0.014668895862996578,
          "Left": 0.16800124943256378,
          "Top": 0.3203886151313782
        },
        "Polygon": [
          {
            "X": 0.16800124943256378,
            "Y": 0.32429686188697815
          },
          {
            "X": 0.21885666251182556,
            "Y": 0.3203886151313782
          },
          {
            "X": 0.21979418396949768,
            "Y": 0.331167072057724
          },
          {
            "X": 0.1689242273569107,
            "Y": 0.3350575268268585
          }
        ]
      },
      "Id": "a5718d16-32eb-4fbe-aa97-3559cbb994bc",
      "Page": 1
    },
    {
      "BlockType": "WORD",
      "Confidence": 99.62263488769531,
      "Text": "Bedrock",
      "TextType": "PRINTED",
      "Geometry": {
        "BoundingBox": {
          "Width": 0.05299381539225578,
          "Height": 0.016160035505890846,
          "Left": 0.22220630943775177,
          "Top": 0.31148919463157654
        },
        "Polygon": [
          {
            "X": 0.22220630943775177,
            "Y": 0.3154873549938202
          },
          {
            "X": 0.2741243839263916,
            "Y": 0.31148919463157654
          },
          {
            "X": 0.27520012855529785,
            "Y": 0.3236715495586395
          },
          {
            "X": 0.22326524555683136,
            "Y": 0.32764923572540283
          }
        ]
      },
      "Id": "89bc5338-8083-42e0-8068-ce29228f9759",
      "Page": 1
    },
    {
      "BlockType": "WORD",
      "Confidence": 99.53024291992188,
      "Text": "e",
      "TextType": "PRINTED",
      "Geometry": {
        "BoundingBox": {
          "Width": 0.008609190583229065,
          "Height": 0.008386065252125263,
          "Left": 0.2777261435985565,
          "Top": 0.3120889961719513
        },
        "Polygon": [
          {
            "X": 0.2777261435985565,
            "Y": 0.31269851326942444
          },
          {
            "X": 0.28564634919166565,
            "Y": 0.3120889961719513
          },
          {
            "X": 0.2863353192806244,
            "Y": 0.3198675215244293
          },
          {
            "X": 0.27841347455978394,
            "Y": 0.3204750716686249
          }
        ]
      },
      "Id": "37ba0f51-0b03-47d1-97a0-9dd8f8ba158b",
      "Page": 1
    },
    {
      "BlockType": "WORD",
      "Confidence": 99.72334289550781,
      "Text": "SageMaker",
      "TextType": "PRINTED",
      "Geometry": {
        "BoundingBox": {
          "Width": 0.07755211740732193,
          "Height": 0.0216230321675539,
          "Left": 0.2879645526409149,
          "Top": 0.29947784543037415
        },
        "Polygon": [
          {
            "X": 0.2879645526409149,
            "Y": 0.3053533434867859
          },
          {
            "X": 0.3640887439250946,
            "Y": 0.29947784543037415
          },
          {
            "X": 0.36551666259765625,
            "Y": 0.3152642548084259
          },
          {
            "X": 0.2893604636192322,
            "Y": 0.3211008906364441
          }
        ]
      },
      "Id": "8688ad13-7346-4994-aecf-ac5d6941bf65",
      "Page": 1
    },
    {
      "BlockType": "WORD",
      "Confidence": 99.51331329345703,
      "Text": "Cloud",
      "TextType": "PRINTED",
      "Geometry": {
        "BoundingBox": {
          "Width": 0.047436583787202835,
          "Height": 0.018397655338048935,
          "Left": 0.009429283440113068,
          "Top": 0.33902573585510254
        },
        "Polygon": [
          {
            "X": 0.009429283440113068,
            "Y": 0.34256651997566223
          },
          {
            "X": 0.05562949925661087,
            "Y": 0.33902573585510254
          },
          {
            "X": 0.0568658709526062,
            "Y": 0.3539050817489624
          },
          {
            "X": 0.01064749713987112,
            "Y": 0.3574233651161194
          }
        ]
      },
      "Id": "7aee98f7-dec3-4f2c-ab18-088d200578dc",
      "Page": 1
    },
    {
      "BlockType": "WORD",
      "Confidence": 99.73155212402344,
      "Text": "JumpStart",
      "TextType": "PRINTED",
      "Geometry": {
        "BoundingBox": {
          "Width": 0.06710828095674515,
          "Height": 0.019472016021609306,
          "Left": 0.16791753470897675,
          "Top": 0.33405226469039917
        },
        "Polygon": [
          {
            "X": 0.16791753470897675,
            "Y": 0.33907896280288696
          },
          {
            "X": 0.2337619662284851,
            "Y": 0.33405226469039917
          },
          {
            "X": 0.2350258231163025,
            "Y": 0.34852853417396545
          },
          {
            "X": 0.16915608942508698,
            "Y": 0.35352426767349243
          }
        ]
      },
      "Id": "3dfb116a-7fe8-4a30-90ea-c7d46d69063b",
      "Page": 1
    },
    {
      "BlockType": "WORD",
      "Confidence": 99.49463653564453,
      "Text": "Experience",
      "TextType": "PRINTED",
      "Geometry": {
        "BoundingBox": {
          "Width": 0.08930855244398117,
          "Height": 0.02496594563126564,
          "Left": 0.007978876121342182,
          "Top": 0.353615403175354
        },
        "Polygon": [
          {
            "X": 0.007978876121342182,
            "Y": 0.36028847098350525
          },
          {
            "X": 0.09574621915817261,
            "Y": 0.353615403175354
          },
          {
            "X": 0.09728743135929108,
            "Y": 0.37196090817451477
          },
          {
            "X": 0.009477578103542328,
            "Y": 0.37858134508132935
          }
        ]
      },
      "Id": "cf318e79-3532-4c27-b4d1-2ea98cdd8d40",
      "Page": 1
    },
    {
      "BlockType": "WORD",
      "Confidence": 98.5947036743164,
      "Text": "Aplique",
      "TextType": "PRINTED",
      "Geometry": {
        "BoundingBox": {
          "Width": 0.04829869046807289,
          "Height": 0.015221377834677696,
          "Left": 0.1682044267654419,
          "Top": 0.35943403840065
        },
        "Polygon": [
          {
            "X": 0.1682044267654419,
            "Y": 0.36300501227378845
          },
          {
            "X": 0.21549005806446075,
            "Y": 0.35943403840065
          },
          {
            "X": 0.2165031135082245,
            "Y": 0.37110239267349243
          },
          {
            "X": 0.16920286417007446,
            "Y": 0.37465542554855347
          }
        ]
      },
      "Id": "dc5162bd-ada0-41e4-aae0-2e764dbe9de9",
      "Page": 1
    },
    {
      "BlockType": "WORD",
      "Confidence": 99.78219604492188,
      "Text": "RAG",
      "TextType": "PRINTED",
      "Geometry": {
        "BoundingBox": {
          "Width": 0.029184933751821518,
          "Height": 0.012977649457752705,
          "Left": 0.21792814135551453,
          "Top": 0.3542199432849884
        },
        "Polygon": [
          {
            "X": 0.21792814135551453,
            "Y": 0.3563550114631653
          },
          {
            "X": 0.24616286158561707,
            "Y": 0.3542199432849884
          },
          {
            "X": 0.24711306393146515,
            "Y": 0.36507245898246765
          },
          {
            "X": 0.21887019276618958,
            "Y": 0.36719757318496704
          }
        ]
      },
      "Id": "9a4183a7-757b-4988-bd9d-1b50b5f68975",
      "Page": 1
    },
    {
      "BlockType": "WORD",
      "Confidence": 99.697509765625,
      "Text": "ou",
      "TextType": "PRINTED",
      "Geometry": {
        "BoundingBox": {
          "Width": 0.01727958209812641,
          "Height": 0.008927484042942524,
          "Left": 0.2495807707309723,
          "Top": 0.35461434721946716
        },
        "Polygon": [
          {
            "X": 0.2495807707309723,
            "Y": 0.3558688163757324
          },
          {
            "X": 0.26618456840515137,
            "Y": 0.35461434721946716
          },
          {
            "X": 0.26686036586761475,
            "Y": 0.36229148507118225
          },
          {
            "X": 0.25025317072868347,
            "Y": 0.3635418117046356
          }
        ]
      },
      "Id": "1e27406e-93fb-4852-8060-69de9f228241",
      "Page": 1
    },
    {
      "BlockType": "WORD",
      "Confidence": 99.61656951904297,
      "Text": "ajuste",
      "TextType": "PRINTED",
      "Geometry": {
        "BoundingBox": {
          "Width": 0.041299574077129364,
          "Height": 0.015670526772737503,
          "Left": 0.2692590653896332,
          "Top": 0.3477386236190796
        },
        "Polygon": [
          {
            "X": 0.2692590653896332,
            "Y": 0.35077881813049316
          },
          {
            "X": 0.30943232774734497,
            "Y": 0.3477386236190796
          },
          {
            "X": 0.31055864691734314,
            "Y": 0.3603854477405548
          },
          {
            "X": 0.2703719139099121,
            "Y": 0.363409161567688
          }
        ]
      },
      "Id": "baff20aa-18eb-4791-8e6b-b910e3efc056",
      "Page": 1
    },
    {
      "BlockType": "WORD",
      "Confidence": 99.88032531738281,
      "Text": "2025",
      "TextType": "PRINTED",
      "Geometry": {
        "BoundingBox": {
          "Width": 0.040787018835544586,
          "Height": 0.016093529760837555,
          "Left": 0.006511007901281118,
          "Top": 0.37878653407096863
        },
        "Polygon": [
          {
            "X": 0.006511007901281118,
            "Y": 0.38177570700645447
          },
          {
            "X": 0.04621165990829468,
            "Y": 0.37878653407096863
          },
          {
            "X": 0.04729802906513214,
            "Y": 0.3919079601764679
          },
          {
            "X": 0.0075836279429495335,
            "Y": 0.394880086183548
          }
        ]
      },
      "Id": "3cf2b963-bd7d-4cb2-b4a3-1b94b6af0d3e",
      "Page": 1
    },
    {
      "BlockType": "WORD",
      "Confidence": 99.24739837646484,
      "Text": "modelos",
      "TextType": "PRINTED",
      "Geometry": {
        "BoundingBox": {
          "Width": 0.054681405425071716,
          "Height": 0.014961029402911663,
          "Left": 0.16695532202720642,
          "Top": 0.374530166387558
        },
        "Polygon": [
          {
            "X": 0.16695532202720642,
            "Y": 0.3785592317581177
          },
          {
            "X": 0.2206849306821823,
            "Y": 0.374530166387558
          },
          {
            "X": 0.22163672745227814,
            "Y": 0.3854812681674957
          },
          {
            "X": 0.1678915172815323,
            "Y": 0.3894912004470825
          }
        ]
      },
      "Id": "e7b7c14b-03b2-47f0-b0e6-e248e49d3a7e",
      "Page": 1
    },
    {
      "BlockType": "WORD",
      "Confidence": 94.59159088134766,
      "Text": "10",
      "TextType": "PRINTED",
      "Geometry": {
        "BoundingBox": {
          "Width": 0.009067831560969353,
          "Height": 0.006235448643565178,
          "Left": 0.7898001074790955,
          "Top": 0.4511282444000244
        },
        "Polygon": [
          {
            "X": 0.7898001074790955,
            "Y": 0.45173153281211853
          },
          {
            "X": 0.7983025908470154,
            "Y": 0.4511282444000244
          },
          {
            "X": 0.79886794090271,
            "Y": 0.4567619264125824
          },
          {
            "X": 0.7903640866279602,
            "Y": 0.45736366510391235
          }
        ]
      },
      "Id": "a6479788-8da8-4b36-b124-2b4e45bccf4b",
      "Page": 1
    }
  ],
  "DetectDocumentTextModelVersion": "1.0"
}