{
  "DocumentMetadata": {
    "Pages": 1
  },
  "JobStatus": "SUCCEEDED",
  "Blocks": [
    {
      "BlockType": "PAGE",
      "Geometry": {
        "BoundingBox": {
          "Width": 0.8636618852615356,
          "Height": 0.6877942085266113,
          "Left": 0.011365563608705997,
          "Top": 0.07651637494564056
        },
        "Polygon": [
          {
            "X": 0.011365563608705997,
            "Y": 0.10537256300449371
          },
          {
            "X": 0.8678765892982483,
            "Y": 0.07651637494564056
          },
          {
            "X": 0.8750274181365967,
            "Y": 0.743835985660553
          },
          {
            "X": 0.01403571292757988,
            "Y": 0.7643105983734131
          }
        ]
      },
      "Id": "de366b54-39df-4b15-b28a-55054858cdcb",
      "Relationships": [
        {
          "Type": "CHILD",
          "Ids": [
            "da181242-e10f-4f6c-b470-b577d1f80932",
            "4778ccd5-966a-401d-b683-c64b4d11bb91",
            "0885a675-165f-4ee7-9e03-15bd3b669f84",
            "990cf06c-0ffd-4d0d-82e6-dc2cc4895446",
            "1611d4ba-412a-42a2-ae32-bf3eb4c99da3",
            "727a4fa9-fb4e-444a-9f15-5946f57c6898",
            "ea0dc7b7-b19d-4b72-b256-094b21ff834b",
            "2e1cfcde-58a6-4737-b635-79110d6abcbd",
            "fa01a9ed-4e38-4674-92ab-850b38b74cab",
            "547fb838-afb0-4426-b2ef-d31b0bdf1988",
            "f04e825d-07c5-4f04-aa5a-25a2d9b0576d",
            "897a3c8e-6bff-41b8-b665-857e2931efee",
            "8f04c329-d239-40b8-bfe5-3e70e80a7d2e",
            "d0cffc57-ad96-4ca0-9904-e52bcf58cac3"
          ]
        }
      ],
      "Page": 1
    },
    {
      "BlockType": "LINE",
      "Confidence": 96.66687774658203,
      "Text": "Colaboração multiagente no Amazon",
      "Geometry": {
        "BoundingBox": {
          "Width": 0.594120442867279,
          "Height": 0.06213029846549034,
          "Left": 0.1346307247877121,
          "Top": 0.23598264157772064
        },
        "Polygon": [
          {
            "X": 0.1346307247877121,
            "Y": 0.2546175718307495
          },
          {
            "X": 0.7283291220664978,
            "Y": 0.23598264157772064
          },
          {
            "X": 0.7287511229515076,
            "Y": 0.27985942363739014
          },
          {
            "X": 0.13484841585159302,
            "Y": 0.2981129586696625
          }
        ]
      },
      "Id": "da181242-e10f-4f6c-b470-b577d1f80932",
      "Relationships": [
        {
          "Type": "CHILD",
          "Ids": [
            "1c86ca11-9545-4137-a1ce-0bf39eab908b",
            "f94944c2-ba28-4d75-bc5b-7f7175e14412",
            "32331e04-e040-45da-a5cf-a4b9a4d69d65",
            "91bf95b8-0c24-44fd-a624-1e7707132845"
          ]
        }
      ],
      "Page": 1
    },
    {
      "BlockType": "LINE",
      "Confidence": 99.8416748046875,
      "Text": "Bedrock",
      "Geometry": {
        "BoundingBox": {
          "Width": 0.1248076856136322,
          "Height": 0.026399144902825356,
          "Left": 0.3449055254459381,
          "Top": 0.277641624212265
        },
        "Polygon": [
          {
            "X": 0.3449055254459381,
            "Y": 0.2814912497997284
          },
          {
            "X": 0.46954140067100525,
            "Y": 0.277641624212265
          },
          {
            "X": 0.4697132110595703,
            "Y": 0.30023252964019775
          },
          {
            "X": 0.3450551927089691,
            "Y": 0.304040789604187
          }
        ]
      },
      "Id": "4778ccd5-966a-401d-b683-c64b4d11bb91",
      "Relationships": [
        {
          "Type": "CHILD",
          "Ids": [
            "c1e58154-7350-4053-a62f-1c630b9d7556"
          ]
        }
      ],
      "Page": 1
    },
    {
      "BlockType": "LINE",
      "Confidence": 98.53213500976562,
      "Text": "nce",
      "Geometry": {
        "BoundingBox": {
          "Width": 0.031978506594896317,
          "Height": 0.014798743650317192,
          "Left": 0.012349718250334263,
          "Top": 0.34728294610977173
        },
        "Polygon": [
          {
            "X": 0.012349718250334263,
            "Y": 0.3482417166233063
          },
          {
            "X": 0.044268686324357986,
            "Y": 0.34728294610977173
          },
          {
            "X": 0.044328223913908005,
            "Y": 0.3611294627189636
          },
          {
            "X": 0.012405800633132458,
            "Y": 0.3620816767215729
          }
        ]
      },
      "Id": "0885a675-165f-4ee7-9e03-15bd3b669f84",
      "Relationships": [
        {
          "Type": "CHILD",
          "Ids": [
            "c23868b4-145d-4171-9783-1000b804b5e9"
          ]
        }
      ],
      "Page": 1
    },
    {
      "BlockType": "LINE",
      "Confidence": 10.993894577026367,
      "Text": "I",
      "Geometry": {
        "BoundingBox": {
          "Width": 0.0018624385120347142,
          "Height": 0.0030520507134497166,
          "Left": 0.012446533888578415,
          "Top": 0.3720789849758148
        },
        "Polygon": [
          {
            "X": 0.012446533888578415,
            "Y": 0.37213391065597534
          },
          {
            "X": 0.014296784065663815,
            "Y": 0.3720789849758148
          },
          {
            "X": 0.014308972284197807,
            "Y": 0.37507620453834534
          },
          {
            "X": 0.012458679266273975,
            "Y": 0.3751310408115387
          }
        ]
      },
      "Id": "990cf06c-0ffd-4d0d-82e6-dc2cc4895446",
      "Relationships": [
        {
          "Type": "CHILD",
          "Ids": [
            "1b026a3f-455e-4626-94e7-1483abb28520"
          ]
        }
      ],
      "Page": 1
    },
    {
      "BlockType": "LINE",
      "Confidence": 18.304113388061523,
      "Text": "I",
      "Geometry": {
        "BoundingBox": {
          "Width": 0.0034285590518265963,
          "Height": 0.013706162571907043,
          "Left": 0.012419013306498528,
          "Top": 0.3652419149875641
        },
        "Polygon": [
          {
            "X": 0.012419013306498528,
            "Y": 0.3653423488140106
          },
          {
            "X": 0.015792081132531166,
            "Y": 0.3652419149875641
          },
          {
            "X": 0.015847573056817055,
            "Y": 0.37884828448295593
          },
          {
            "X": 0.01247414667159319,
            "Y": 0.37894806265830994
          }
        ]
      },
      "Id": "1611d4ba-412a-42a2-ae32-bf3eb4c99da3",
      "Relationships": [
        {
          "Type": "CHILD",
          "Ids": [
            "a172bc50-18d0-44f0-970a-4b89add0c9b7"
          ]
        }
      ],
      "Page": 1
    },
    {
      "BlockType": "LINE",
      "Confidence": 9.920239448547363,
      "Text": "OFIIC",
      "Geometry": {
        "BoundingBox": {
          "Width": 0.028649432584643364,
          "Height": 0.004645521752536297,
          "Left": 0.2169765830039978,
          "Top": 0.3725510835647583
        },
        "Polygon": [
          {
            "X": 0.2169765830039978,
            "Y": 0.3733975291252136
          },
          {
            "X": 0.2456037402153015,
            "Y": 0.3725510835647583
          },
          {
            "X": 0.24562601745128632,
            "Y": 0.3763517439365387
          },
          {
            "X": 0.21699801087379456,
            "Y": 0.37719660997390747
          }
        ]
      },
      "Id": "727a4fa9-fb4e-444a-9f15-5946f57c6898",
      "Relationships": [
        {
          "Type": "CHILD",
          "Ids": [
            "c1a461ef-af2a-42f3-a40c-9f76a8f786b7"
          ]
        }
      ],
      "Page": 1
    },
    {
      "BlockType": "LINE",
      "Confidence": 57.31166458129883,
      "Text": "C",
      "Geometry": {
        "BoundingBox": {
          "Width": 0.005482885520905256,
          "Height": 0.004889435600489378,
          "Left": 0.24892178177833557,
          "Top": 0.378296822309494
        },
        "Polygon": [
          {
            "X": 0.24892178177833557,
            "Y": 0.37845760583877563
          },
          {
            "X": 0.254376620054245,
            "Y": 0.378296822309494
          },
          {
            "X": 0.2544046640396118,
            "Y": 0.3830258250236511
          },
          {
            "X": 0.24894963204860687,
            "Y": 0.3831862509250641
          }
        ]
      },
      "Id": "ea0dc7b7-b19d-4b72-b256-094b21ff834b",
      "Relationships": [
        {
          "Type": "CHILD",
          "Ids": [
            "37c55faf-e126-490e-8ffa-4b885fa8e952"
          ]
        }
      ],
      "Page": 1
    },
    {
      "BlockType": "LINE",
      "Confidence": 99.19677734375,
      "Text": "Habilite a resolução",
      "Geometry": {
        "BoundingBox": {
          "Width": 0.11926000565290451,
          "Height": 0.014295483939349651,
          "Left": 0.17260608077049255,
          "Top": 0.4063732922077179
        },
        "Polygon": [
          {
            "X": 0.17260608077049255,
            "Y": 0.4098348021507263
          },
          {
            "X": 0.29179859161376953,
            "Y": 0.4063732922077179
          },
          {
            "X": 0.29186609387397766,
            "Y": 0.41722631454467773
          },
          {
            "X": 0.17266343533992767,
            "Y": 0.42066875100135803
          }
        ]
      },
      "Id": "2e1cfcde-58a6-4737-b635-79110d6abcbd",
      "Relationships": [
        {
          "Type": "CHILD",
          "Ids": [
            "edc11a12-1ead-40b4-b510-e7e12354571c",
            "7813a1cd-7085-4450-a46b-91246becf0dd",
            "f0879ebc-bede-4430-9b5b-74affe6a0ddd"
          ]
        }
      ],
      "Page": 1
    },
    {
      "BlockType": "LINE",
      "Confidence": 99.54513549804688,
      "Text": "Aumente a velocidade",
      "Geometry": {
        "BoundingBox": {
          "Width": 0.1465933918952942,
          "Height": 0.015020133927464485,
          "Left": 0.3457680642604828,
          "Top": 0.3978208303451538
        },
        "Polygon": [
          {
            "X": 0.3457680642604828,
            "Y": 0.4020816385746002
          },
          {
            "X": 0.4922776222229004,
            "Y": 0.3978208303451538
          },
          {
            "X": 0.492361456155777,
            "Y": 0.40860337018966675
          },
          {
            "X": 0.3458394706249237,
            "Y": 0.41284096240997314
          }
        ]
      },
      "Id": "fa01a9ed-4e38-4674-92ab-850b38b74cab",
      "Relationships": [
        {
          "Type": "CHILD",
          "Ids": [
            "a949a917-82eb-4e6b-a5c5-f4fbe9982940",
            "7ca0e6cd-5743-4cf5-bf40-d14e2dc8389b",
            "5da13926-ad7d-46c3-865b-bcaa9598e6ca"
          ]
        }
      ],
      "Page": 1
    },
    {
      "BlockType": "LINE",
      "Confidence": 93.93641662597656,
      "Text": "Ofereça confiança e",
      "Geometry": {
        "BoundingBox": {
          "Width": 0.147108793258667,
          "Height": 0.017791682854294777,
          "Left": 0.5587217807769775,
          "Top": 0.3884241282939911
        },
        "Polygon": [
          {
            "X": 0.5587217807769775,
            "Y": 0.39270561933517456
          },
          {
            "X": 0.7057029008865356,
            "Y": 0.3884241282939911
          },
          {
            "X": 0.7058305740356445,
            "Y": 0.401963472366333
          },
          {
            "X": 0.5588337779045105,
            "Y": 0.4062158167362213
          }
        ]
      },
      "Id": "547fb838-afb0-4426-b2ef-d31b0bdf1988",
      "Relationships": [
        {
          "Type": "CHILD",
          "Ids": [
            "776380a2-f342-49fb-8873-78b38fd6ddec",
            "9e36219c-7169-48be-888a-6ef035bb1b67",
            "f4fbbb8f-fb1e-40a9-8ae0-3c2caf03be48"
          ]
        }
      ],
      "Page": 1
    },
    {
      "BlockType": "LINE",
      "Confidence": 99.50873565673828,
      "Text": "de problemas",
      "Geometry": {
        "BoundingBox": {
          "Width": 0.08253172039985657,
          "Height": 0.012353005819022655,
          "Left": 0.18758070468902588,
          "Top": 0.4197854995727539
        },
        "Polygon": [
          {
            "X": 0.18758070468902588,
            "Y": 0.42216479778289795
          },
          {
            "X": 0.2700520157814026,
            "Y": 0.4197854995727539
          },
          {
            "X": 0.27011242508888245,
            "Y": 0.429771363735199
          },
          {
            "X": 0.1876346617937088,
            "Y": 0.4321385324001312
          }
        ]
      },
      "Id": "f04e825d-07c5-4f04-aa5a-25a2d9b0576d",
      "Relationships": [
        {
          "Type": "CHILD",
          "Ids": [
            "b171e566-58c0-408b-81fc-3db172d8edb2",
            "f1a1ddd4-8cdf-4f2b-8842-2d58b447e72b"
          ]
        }
      ],
      "Page": 1
    },
    {
      "BlockType": "LINE",
      "Confidence": 99.06476593017578,
      "Text": "de desenvolvimento",
      "Geometry": {
        "BoundingBox": {
          "Width": 0.13441035151481628,
          "Height": 0.013463741168379784,
          "Left": 0.3510688841342926,
          "Top": 0.4116855263710022
        },
        "Polygon": [
          {
            "X": 0.3510688841342926,
            "Y": 0.4155649244785309
          },
          {
            "X": 0.4854050874710083,
            "Y": 0.4116855263710022
          },
          {
            "X": 0.4854792058467865,
            "Y": 0.4212888777256012
          },
          {
            "X": 0.351132869720459,
            "Y": 0.4251492917537689
          }
        ]
      },
      "Id": "897a3c8e-6bff-41b8-b665-857e2931efee",
      "Relationships": [
        {
          "Type": "CHILD",
          "Ids": [
            "786db159-8d80-4919-ac6f-9b010d530ad3",
            "35b10e6c-8b97-4f58-8ee3-d1b1fb431205"
          ]
        }
      ],
      "Page": 1
    },
    {
      "BlockType": "LINE",
      "Confidence": 98.68353271484375,
      "Text": "segurança",
      "Geometry": {
        "BoundingBox": {
          "Width": 0.07573440670967102,
          "Height": 0.012485569342970848,
          "Left": 0.5927404761314392,
          "Top": 0.4057955741882324
        },
        "Polygon": [
          {
            "X": 0.5927404761314392,
            "Y": 0.40798062086105347
          },
          {
            "X": 0.668380618095398,
            "Y": 0.4057955741882324
          },
          {
            "X": 0.6684748530387878,
            "Y": 0.41610756516456604
          },
          {
            "X": 0.5928285717964172,
            "Y": 0.4182811379432678
          }
        ]
      },
      "Id": "8f04c329-d239-40b8-bfe5-3e70e80a7d2e",
      "Relationships": [
        {
          "Type": "CHILD",
          "Ids": [
            "8df4e682-cf11-4fc7-8389-e204013224a1"
          ]
        }
      ],
      "Page": 1
    },
    {
      "BlockType": "LINE",
      "Confidence": 99.6619644165039,
      "Text": "complexos",
      "Geometry": {
        "BoundingBox": {
          "Width": 0.0649290457367897,
          "Height": 0.012200233526527882,
          "Left": 0.1967073529958725,
          "Top": 0.43238553404808044
        },
        "Polygon": [
          {
            "X": 0.1967073529958725,
            "Y": 0.43424496054649353
          },
          {
            "X": 0.26157447695732117,
            "Y": 0.43238553404808044
          },
          {
            "X": 0.2616364061832428,
            "Y": 0.44273626804351807
          },
          {
            "X": 0.1967640072107315,
            "Y": 0.44458577036857605
          }
        ]
      },
      "Id": "d0cffc57-ad96-4ca0-9904-e52bcf58cac3",
      "Relationships": [
        {
          "Type": "CHILD",
          "Ids": [
            "80f56667-fb43-4992-9040-4d9a0c2937ff"
          ]
        }
      ],
      "Page": 1
    },
    {
      "BlockType": "WORD",
      "Confidence": 87.65869140625,
      "Text": "Colaboração",
      "TextType": "PRINTED",
      "Geometry": {
        "BoundingBox": {
          "Width": 0.1750432401895523,
          "Height": 0.032942287623882294,
          "Left": 0.13471080362796783,
          "Top": 0.2651706635951996
        },
        "Polygon": [
          {
            "X": 0.13471080362796783,
            "Y": 0.27061736583709717
          },
          {
            "X": 0.30957862734794617,
            "Y": 0.2651706635951996
          },
          {
            "X": 0.30975404381752014,
            "Y": 0.2927372455596924
          },
          {
            "X": 0.13484841585159302,
            "Y": 0.2981129586696625
          }
        ]
      },
      "Id": "1c86ca11-9545-4137-a1ce-0bf39eab908b",
      "Page": 1
    },
    {
      "BlockType": "WORD",
      "Confidence": 99.29325866699219,
      "Text": "multiagente",
      "TextType": "PRINTED",
      "Geometry": {
        "BoundingBox": {
          "Width": 0.19943666458129883,
          "Height": 0.033122386783361435,
          "Left": 0.3268338143825531,
          "Top": 0.24971990287303925
        },
        "Polygon": [
          {
            "X": 0.3268338143825531,
            "Y": 0.25595101714134216
          },
          {
            "X": 0.5260534882545471,
            "Y": 0.24971990287303925
          },
          {
            "X": 0.5262705087661743,
            "Y": 0.2766900658607483
          },
          {
            "X": 0.32700854539871216,
            "Y": 0.2828422784805298
          }
        ]
      },
      "Id": "f94944c2-ba28-4d75-bc5b-7f7175e14412",
      "Page": 1
    },
    {
      "BlockType": "WORD",
      "Confidence": 99.8843994140625,
      "Text": "no",
      "TextType": "PRINTED",
      "Geometry": {
        "BoundingBox": {
          "Width": 0.0366937592625618,
          "Height": 0.01535103376954794,
          "Left": 0.547883152961731,
          "Top": 0.2487947642803192
        },
        "Polygon": [
          {
            "X": 0.547883152961731,
            "Y": 0.24993818998336792
          },
          {
            "X": 0.5844560861587524,
            "Y": 0.2487947642803192
          },
          {
            "X": 0.5845769047737122,
            "Y": 0.2630099952220917
          },
          {
            "X": 0.5479998588562012,
            "Y": 0.26414579153060913
          }
        ]
      },
      "Id": "32331e04-e040-45da-a5cf-a4b9a4d69d65",
      "Page": 1
    },
    {
      "BlockType": "WORD",
      "Confidence": 99.83116912841797,
      "Text": "Amazon",
      "TextType": "PRINTED",
      "Geometry": {
        "BoundingBox": {
          "Width": 0.12365742027759552,
          "Height": 0.023798055946826935,
          "Left": 0.6048636436462402,
          "Top": 0.23598264157772064
        },
        "Polygon": [
          {
            "X": 0.6048636436462402,
            "Y": 0.23985795676708221
          },
          {
            "X": 0.7283291220664978,
            "Y": 0.23598264157772064
          },
          {
            "X": 0.7285211086273193,
            "Y": 0.2559414505958557
          },
          {
            "X": 0.605036199092865,
            "Y": 0.2597807049751282
          }
        ]
      },
      "Id": "91bf95b8-0c24-44fd-a624-1e7707132845",
      "Page": 1
    },
    {
      "BlockType": "WORD",
      "Confidence": 99.8416748046875,
      "Text": "Bedrock",
      "TextType": "PRINTED",
      "Geometry": {
        "BoundingBox": {
          "Width": 0.1248076856136322,
          "Height": 0.026399144902825356,
          "Left": 0.3449055254459381,
          "Top": 0.277641624212265
        },
        "Polygon": [
          {
            "X": 0.3449055254459381,
            "Y": 0.2814912497997284
          },
          {
            "X": 0.46954140067100525,
            "Y": 0.277641624212265
          },
          {
            "X": 0.4697132110595703,
            "Y": 0.30023252964019775
          },
          {
            "X": 0.3450551927089691,
            "Y": 0.304040789604187
          }
        ]
      },
      "Id": "c1e58154-7350-4053-a62f-1c630b9d7556",
      "Page": 1
    },
    {
      "BlockType": "WORD",
      "Confidence": 98.53213500976562,
      "Text": "nce",
      "TextType": "PRINTED",
      "Geometry": {
        "BoundingBox": {
          "Width": 0.031978506594896317,
          "Height": 0.014798743650317192,
          "Left": 0.012349718250334263,
          "Top": 0.34728294610977173
        },
        "Polygon": [
          {
            "X": 0.012349718250334263,
            "Y": 0.3482417166233063
          },
          {
            "X": 0.044268686324357986,
            "Y": 0.34728294610977173
          },
          {
            "X": 0.044328223913908005,
            "Y": 0.3611294627189636
          },
          {
            "X": 0.012405800633132458,
            "Y": 0.3620816767215729
          }
        ]
      },
      "Id": "c23868b4-145d-4171-9783-1000b804b5e9",
      "Page": 1
    },
    {
      "BlockType": "WORD",
      "Confidence": 10.993894577026367,
      "Text": "I",
      "TextType": "PRINTED",
      "Geometry": {
        "BoundingBox": {
          "Width": 0.0018624385120347142,
          "Height": 0.0030520507134497166,
          "Left": 0.012446533888578415,
          "Top": 0.3720789849758148
        },
        "Polygon": [
          {
            "X": 0.012446533888578415,
            "Y": 0.37213391065597534
          },
          {
            "X": 0.014296784065663815,
            "Y": 0.3720789849758148
          },
          {
            "X": 0.014308972284197807,
            "Y": 0.37507620453834534
          },
          {
            "X": 0.012458679266273975,
            "Y": 0.3751310408115387
          }
        ]
      },
      "Id": "1b026a3f-455e-4626-94e7-1483abb28520",
      "Page": 1
    },
    {
      "BlockType": "WORD",
      "Confidence": 18.304113388061523,
      "Text": "I",
      "TextType": "PRINTED",
      "Geometry": {
        "BoundingBox": {
          "Width": 0.0034285590518265963,
          "Height": 0.013706162571907043,
          "Left": 0.012419013306498528,
          "Top": 0.3652419149875641
        },
        "Polygon": [
          {
            "X": 0.012419013306498528,
            "Y": 0.3653423488140106
          },
          {
            "X": 0.015792081132531166,
            "Y": 0.3652419149875641
          },
          {
            "X": 0.015847573056817055,
            "Y": 0.37884828448295593
          },
          {
            "X": 0.01247414667159319,
            "Y": 0.37894806265830994
          }
        ]
      },
      "Id": "a172bc50-18d0-44f0-970a-4b89add0c9b7",
      "Page": 1
    },
    {
      "BlockType": "WORD",
      "Confidence": 9.920239448547363,
      "Text": "OFIIC",
      "TextType": "PRINTED",
      "Geometry": {
        "BoundingBox": {
          "Width": 0.028649432584643364,
          "Height": 0.004645521752536297,
          "Left": 0.2169765830039978,
          "Top": 0.3725510835647583
        },
        "Polygon": [
          {
            "X": 0.2169765830039978,
            "Y": 0.3733975291252136
          },
          {
            "X": 0.2456037402153015,
            "Y": 0.3725510835647583
          },
          {
            "X": 0.24562601745128632,
            "Y": 0.3763517439365387
          },
          {
            "X": 0.21699801087379456,
            "Y": 0.37719660997390747
          }
        ]
      },
      "Id": "c1a461ef-af2a-42f3-a40c-9f76a8f786b7",
      "Page": 1
    },
    {
      "BlockType": "WORD",
      "Confidence": 57.31166458129883,
      "Text": "C",
      "TextType": "PRINTED",
      "Geometry": {
        "BoundingBox": {
          "Width": 0.005482885520905256,
          "Height": 0.004889435600489378,
          "Left": 0.24892178177833557,
          "Top": 0.378296822309494
        },
        "Polygon": [
          {
            "X": 0.24892178177833557,
            "Y": 0.37845760583877563
          },
          {
            "X": 0.254376620054245,
            "Y": 0.378296822309494
          },
          {
            "X": 0.2544046640396118,
            "Y": 0.3830258250236511
          },
          {
            "X": 0.24894963204860687,
            "Y": 0.3831862509250641
          }
        ]
      },
      "Id": "37c55faf-e126-490e-8ffa-4b885fa8e952",
      "Page": 1
    },
    {
      "BlockType": "WORD",
      "Confidence": 99.75708770751953,
      "Text": "Habilite",
      "TextType": "PRINTED",
      "Geometry": {
        "BoundingBox": {
          "Width": 0.046596135944128036,
          "Height": 0.0100236302241683,
          "Left": 0.17260974645614624,
          "Top": 0.4091756045818329
        },
        "Polygon": [
          {
            "X": 0.17260974645614624,
            "Y": 0.41052693128585815
          },
          {
            "X": 0.21915681660175323,
            "Y": 0.4091756045818329
          },
          {
            "X": 0.21920588612556458,
            "Y": 0.4178538918495178
          },
          {
            "X": 0.17265565693378448,
            "Y": 0.41919922828674316
          }
        ]
      },
      "Id": "edc11a12-1ead-40b4-b510-e7e12354571c",
      "Page": 1
    },
    {
      "BlockType": "WORD",
      "Confidence": 99.80772399902344,
      "Text": "a",
      "TextType": "PRINTED",
      "Geometry": {
        "BoundingBox": {
          "Width": 0.007096221204847097,
          "Height": 0.006401821039617062,
          "Left": 0.2225298434495926,
          "Top": 0.4105280339717865
        },
        "Polygon": [
          {
            "X": 0.2225298434495926,
            "Y": 0.41073283553123474
          },
          {
            "X": 0.2295905202627182,
            "Y": 0.4105280339717865
          },
          {
            "X": 0.22962605953216553,
            "Y": 0.41672569513320923
          },
          {
            "X": 0.22256505489349365,
            "Y": 0.41692984104156494
          }
        ]
      },
      "Id": "7813a1cd-7085-4450-a46b-91246becf0dd",
      "Page": 1
    },
    {
      "BlockType": "WORD",
      "Confidence": 98.0255126953125,
      "Text": "resolução",
      "TextType": "PRINTED",
      "Geometry": {
        "BoundingBox": {
          "Width": 0.058527540415525436,
          "Height": 0.012541448697447777,
          "Left": 0.23333854973316193,
          "Top": 0.4063732922077179
        },
        "Polygon": [
          {
            "X": 0.23333854973316193,
            "Y": 0.40807104110717773
          },
          {
            "X": 0.29179859161376953,
            "Y": 0.4063732922077179
          },
          {
            "X": 0.29186609387397766,
            "Y": 0.41722631454467773
          },
          {
            "X": 0.23340106010437012,
            "Y": 0.4189147353172302
          }
        ]
      },
      "Id": "f0879ebc-bede-4430-9b5b-74affe6a0ddd",
      "Page": 1
    },
    {
      "BlockType": "WORD",
      "Confidence": 99.33477020263672,
      "Text": "Aumente",
      "TextType": "PRINTED",
      "Geometry": {
        "BoundingBox": {
          "Width": 0.058908168226480484,
          "Height": 0.010835381224751472,
          "Left": 0.3457788825035095,
          "Top": 0.4020055830478668
        },
        "Polygon": [
          {
            "X": 0.3457788825035095,
            "Y": 0.40371543169021606
          },
          {
            "X": 0.40462225675582886,
            "Y": 0.4020055830478668
          },
          {
            "X": 0.4046870768070221,
            "Y": 0.41113901138305664
          },
          {
            "X": 0.3458394706249237,
            "Y": 0.41284096240997314
          }
        ]
      },
      "Id": "a949a917-82eb-4e6b-a5c5-f4fbe9982940",
      "Page": 1
    },
    {
      "BlockType": "WORD",
      "Confidence": 99.92366027832031,
      "Text": "a",
      "TextType": "PRINTED",
      "Geometry": {
        "BoundingBox": {
          "Width": 0.0074760690331459045,
          "Height": 0.006843056529760361,
          "Left": 0.40845033526420593,
          "Top": 0.4034505784511566
        },
        "Polygon": [
          {
            "X": 0.40845033526420593,
            "Y": 0.403666228055954
          },
          {
            "X": 0.4158788025379181,
            "Y": 0.4034505784511566
          },
          {
            "X": 0.41592639684677124,
            "Y": 0.4100787043571472
          },
          {
            "X": 0.40849754214286804,
            "Y": 0.4102936387062073
          }
        ]
      },
      "Id": "7ca0e6cd-5743-4cf5-bf40-d14e2dc8389b",
      "Page": 1
    },
    {
      "BlockType": "WORD",
      "Confidence": 99.37699127197266,
      "Text": "velocidade",
      "TextType": "PRINTED",
      "Geometry": {
        "BoundingBox": {
          "Width": 0.0730966255068779,
          "Height": 0.012162747792899609,
          "Left": 0.41925913095474243,
          "Top": 0.3978208303451538
        },
        "Polygon": [
          {
            "X": 0.41925913095474243,
            "Y": 0.39994436502456665
          },
          {
            "X": 0.4922776222229004,
            "Y": 0.3978208303451538
          },
          {
            "X": 0.4923557639122009,
            "Y": 0.4078708291053772
          },
          {
            "X": 0.41933149099349976,
            "Y": 0.4099835753440857
          }
        ]
      },
      "Id": "5da13926-ad7d-46c3-865b-bcaa9598e6ca",
      "Page": 1
    },
    {
      "BlockType": "WORD",
      "Confidence": 89.6576919555664,
      "Text": "Ofereça",
      "TextType": "PRINTED",
      "Geometry": {
        "BoundingBox": {
          "Width": 0.056946609169244766,
          "Height": 0.014155615121126175,
          "Left": 0.5587301850318909,
          "Top": 0.39206019043922424
        },
        "Polygon": [
          {
            "X": 0.5587301850318909,
            "Y": 0.3937149941921234
          },
          {
            "X": 0.6155675053596497,
            "Y": 0.39206019043922424
          },
          {
            "X": 0.615676760673523,
            "Y": 0.40457144379615784
          },
          {
            "X": 0.5588337779045105,
            "Y": 0.4062158167362213
          }
        ]
      },
      "Id": "776380a2-f342-49fb-8873-78b38fd6ddec",
      "Page": 1
    },
    {
      "BlockType": "WORD",
      "Confidence": 92.48978424072266,
      "Text": "confiança",
      "TextType": "PRINTED",
      "Geometry": {
        "BoundingBox": {
          "Width": 0.07318450510501862,
          "Height": 0.014789298176765442,
          "Left": 0.6195041537284851,
          "Top": 0.38880667090415955
        },
        "Polygon": [
          {
            "X": 0.6195041537284851,
            "Y": 0.3909350633621216
          },
          {
            "X": 0.6925703883171082,
            "Y": 0.38880667090415955
          },
          {
            "X": 0.6926886439323425,
            "Y": 0.40148115158081055
          },
          {
            "X": 0.6196150779724121,
            "Y": 0.4035959541797638
          }
        ]
      },
      "Id": "9e36219c-7169-48be-888a-6ef035bb1b67",
      "Page": 1
    },
    {
      "BlockType": "WORD",
      "Confidence": 99.66175842285156,
      "Text": "e",
      "TextType": "PRINTED",
      "Geometry": {
        "BoundingBox": {
          "Width": 0.008827139623463154,
          "Height": 0.0073927477933466434,
          "Left": 0.6969598531723022,
          "Top": 0.3902023732662201
        },
        "Polygon": [
          {
            "X": 0.6969598531723022,
            "Y": 0.3904573321342468
          },
          {
            "X": 0.7057196497917175,
            "Y": 0.3902023732662201
          },
          {
            "X": 0.7057870030403137,
            "Y": 0.3973411023616791
          },
          {
            "X": 0.6970266699790955,
            "Y": 0.3975951373577118
          }
        ]
      },
      "Id": "f4fbbb8f-fb1e-40a9-8ae0-3c2caf03be48",
      "Page": 1
    },
    {
      "BlockType": "WORD",
      "Confidence": 99.88164520263672,
      "Text": "de",
      "TextType": "PRINTED",
      "Geometry": {
        "BoundingBox": {
          "Width": 0.014090746641159058,
          "Height": 0.008487323299050331,
          "Left": 0.187582865357399,
          "Top": 0.4221598207950592
        },
        "Polygon": [
          {
            "X": 0.187582865357399,
            "Y": 0.42256495356559753
          },
          {
            "X": 0.20162901282310486,
            "Y": 0.4221598207950592
          },
          {
            "X": 0.20167361199855804,
            "Y": 0.43024367094039917
          },
          {
            "X": 0.18762658536434174,
            "Y": 0.4306471347808838
          }
        ]
      },
      "Id": "b171e566-58c0-408b-81fc-3db172d8edb2",
      "Page": 1
    },
    {
      "BlockType": "WORD",
      "Confidence": 99.13581848144531,
      "Text": "problemas",
      "TextType": "PRINTED",
      "Geometry": {
        "BoundingBox": {
          "Width": 0.06398391723632812,
          "Height": 0.011820635758340359,
          "Left": 0.20612850785255432,
          "Top": 0.4197854995727539
        },
        "Polygon": [
          {
            "X": 0.20612850785255432,
            "Y": 0.4216296970844269
          },
          {
            "X": 0.2700520157814026,
            "Y": 0.4197854995727539
          },
          {
            "X": 0.27011242508888245,
            "Y": 0.429771363735199
          },
          {
            "X": 0.20618391036987305,
            "Y": 0.43160614371299744
          }
        ]
      },
      "Id": "f1a1ddd4-8cdf-4f2b-8842-2d58b447e72b",
      "Page": 1
    },
    {
      "BlockType": "WORD",
      "Confidence": 99.86216735839844,
      "Text": "de",
      "TextType": "PRINTED",
      "Geometry": {
        "BoundingBox": {
          "Width": 0.016078803688287735,
          "Height": 0.009109950624406338,
          "Left": 0.3510749340057373,
          "Top": 0.41600868105888367
        },
        "Polygon": [
          {
            "X": 0.3510749340057373,
            "Y": 0.41647109389305115
          },
          {
            "X": 0.36709490418434143,
            "Y": 0.41600868105888367
          },
          {
            "X": 0.36715373396873474,
            "Y": 0.42465826869010925
          },
          {
            "X": 0.35113266110420227,
            "Y": 0.42511865496635437
          }
        ]
      },
      "Id": "786db159-8d80-4919-ac6f-9b010d530ad3",
      "Page": 1
    },
    {
      "BlockType": "WORD",
      "Confidence": 98.26737213134766,
      "Text": "desenvolvimento",
      "TextType": "PRINTED",
      "Geometry": {
        "BoundingBox": {
          "Width": 0.11575696617364883,
          "Height": 0.012927700765430927,
          "Left": 0.36972224712371826,
          "Top": 0.4116855263710022
        },
        "Polygon": [
          {
            "X": 0.36972224712371826,
            "Y": 0.4150262475013733
          },
          {
            "X": 0.4854050874710083,
            "Y": 0.4116855263710022
          },
          {
            "X": 0.4854792058467865,
            "Y": 0.4212888777256012
          },
          {
            "X": 0.36978766322135925,
            "Y": 0.42461323738098145
          }
        ]
      },
      "Id": "35b10e6c-8b97-4f58-8ee3-d1b1fb431205",
      "Page": 1
    },
    {
      "BlockType": "WORD",
      "Confidence": 98.68353271484375,
      "Text": "segurança",
      "TextType": "PRINTED",
      "Geometry": {
        "BoundingBox": {
          "Width": 0.07573440670967102,
          "Height": 0.012485569342970848,
          "Left": 0.5927404761314392,
          "Top": 0.4057955741882324
        },
        "Polygon": [
          {
            "X": 0.5927404761314392,
            "Y": 0.40798062086105347
          },
          {
            "X": 0.668380618095398,
            "Y": 0.4057955741882324
          },
          {
            "X": 0.6684748530387878,
            "Y": 0.41610756516456604
          },
          {
            "X": 0.5928285717964172,
            "Y": 0.4182811379432678
          }
        ]
      },
      "Id": "8df4e682-cf11-4fc7-8389-e204013224a1",
      "Page": 1
    },
    {
      "BlockType": "WORD",
      "Confidence": 99.6619644165039,
      "Text": "complexos",
      "TextType": "PRINTED",
      "Geometry": {
        "BoundingBox": {
          "Width": 0.0649290457367897,
          "Height": 0.012200233526527882,
          "Left": 0.1967073529958725,
          "Top": 0.43238553404808044
        },
        "Polygon": [
          {
            "X": 0.1967073529958725,
            "Y": 0.43424496054649353
          },
          {
            "X": 0.26157447695732117,
            "Y": 0.43238553404808044
          },
          {
            "X": 0.2616364061832428,
            "Y": 0.44273626804351807
          },
          {
            "X": 0.1967640072107315,
            "Y": 0.44458577036857605
          }
        ]
      },
      "Id": "80f56667-fb43-4992-9040-4d9a0c2937ff",
      "Page": 1
    }
  ],
  "DetectDocumentTextModelVersion": "1.0"
}