{
  "DocumentMetadata": {
    "Pages": 1
  },
  "JobStatus": "SUCCEEDED",
  "Blocks": [
    {
      "BlockType": "PAGE",
      "Geometry": {
        "BoundingBox": {
          "Width": 0.8167274594306946,
          "Height": 0.6169777512550354,
          "Left": 0,
          "Top": 0.06198817491531372
        },
        "Polygon": [
          {
            "X": 0.01042806264013052,
            "Y": 0.10303754359483719
          },
          {
            "X": 0.7995386123657227,
            "Y": 0.06198817491531372
          },
          {
            "X": 0.8167274594306946,
            "Y": 0.6648958325386047
          },
          {
            "X": 0,
            "Y": 0.6789659261703491
          }
        ]
      },
      "Id": "c9b10922-a468-4d1a-8c7d-8e4174d793a6",
      "Relationships": [
        {
          "Type": "CHILD",
          "Ids": [
            "47be7bb7-1c56-46da-86f9-08ee50d08d4d",
            "2c1aaf38-3fbe-46cd-b9ca-ea4bfec73eb3",
            "8d1fdf25-2539-4b17-afcf-a41a3bb0d70e",
            "91ceb4f2-6dab-48de-90a8-8954f26e9133",
            "5d48057d-5cb8-44fe-8921-50ac3c3dcb20",
            "219fa564-868a-4f06-95fe-1cd349822096",
            "b35752c1-9ac9-4c20-8ae1-c20faa9bb8c6",
            "8b2f9fd6-f2f5-4541-91ce-c2c8643a49e3",
            "b9438cb9-2bd8-4ba5-9929-17b2db2ccaf8",
            "6525c945-9306-4a67-85f6-c8a07c075192",
            "3e4a7350-530e-4728-81e2-9799fba2b09d",
            "3344909f-b999-407e-82e7-e19795c99961",
            "b9e74034-c697-4d11-96d2-578c8cca4b3d",
            "33f07d7e-6cc9-4002-9958-1ffda213baac",
            "8187dc9d-2fa1-41d8-9420-d83f2ed68c5c",
            "70ab230f-830d-40de-9ae1-0a86b3083267",
            "ca69a702-7154-4fea-a89e-1d14dfc671ea",
            "a7972a7d-cedd-4001-9918-9bbf43090414",
            "fd02d56d-7912-4124-b6cf-ad1eadbe568f",
            "af523d46-20d7-4e20-9302-5e13cb21a14a",
            "d7b61182-d68b-47e4-8b0a-4ff9b11f57b7"
          ]
        }
      ],
      "Page": 1
    },
    {
      "BlockType": "LINE",
      "Confidence": 98.49453735351562,
      "Text": "1. Unifique a experiência do cliente",
      "Geometry": {
        "BoundingBox": {
          "Width": 0.52958744764328,
          "Height": 0.05429325997829437,
          "Left": 0.06110873445868492,
          "Top": 0.17109414935112
        },
        "Polygon": [
          {
            "X": 0.06175711378455162,
            "Y": 0.19554845988750458
          },
          {
            "X": 0.590262770652771,
            "Y": 0.17109414935112
          },
          {
            "X": 0.5906961560249329,
            "Y": 0.20183658599853516
          },
          {
            "X": 0.06110873445868492,
            "Y": 0.22538740932941437
          }
        ]
      },
      "Id": "47be7bb7-1c56-46da-86f9-08ee50d08d4d",
      "Relationships": [
        {
          "Type": "CHILD",
          "Ids": [
            "ca29f030-bc3d-4f7f-9393-e8ab55a21b26",
            "a3950e75-c0a1-48a4-8af2-2cfd5f8b2d6f",
            "ad6a24cf-f378-44f0-8083-8b594d400c73",
            "2a58f54d-9ef5-4d69-9754-97ec5d82a96b",
            "2636a882-f10f-45f5-85bc-9be1d65cbbd3",
            "dc4eb196-5ee9-46f6-9442-c5e668f54cea"
          ]
        }
      ],
      "Page": 1
    },
    {
      "BlockType": "LINE",
      "Confidence": 98.05160522460938,
      "Text": "o supervisor fornece uma solução completa para",
      "Geometry": {
        "BoundingBox": {
          "Width": 0.3080931007862091,
          "Height": 0.02828470803797245,
          "Left": 0.10935024917125702,
          "Top": 0.24294467270374298
        },
        "Polygon": [
          {
            "X": 0.10963019728660583,
            "Y": 0.256023645401001
          },
          {
            "X": 0.4174068868160248,
            "Y": 0.24294467270374298
          },
          {
            "X": 0.4174433648586273,
            "Y": 0.25841888785362244
          },
          {
            "X": 0.10935024917125702,
            "Y": 0.2712293863296509
          }
        ]
      },
      "Id": "2c1aaf38-3fbe-46cd-b9ca-ea4bfec73eb3",
      "Relationships": [
        {
          "Type": "CHILD",
          "Ids": [
            "6ce631f2-4428-41f6-bb1a-2f8212392c03",
            "78ed8eb5-ac13-4152-b2b6-35448c38b22a",
            "a82f030f-5ce0-4515-b664-49fd5a7eab2d",
            "7b7c3bc0-6af8-417e-af05-de76ebe96946",
            "f05cfea1-3c11-4a9d-9270-cd174a6ade55",
            "02d2209b-8b57-4d4e-a696-46158f1097b5",
            "25f50b09-c333-4fa2-867a-6426a02f0cb0"
          ]
        }
      ],
      "Page": 1
    },
    {
      "BlockType": "LINE",
      "Confidence": 98.87565612792969,
      "Text": "os clientes, com roteamento otimizado e",
      "Geometry": {
        "BoundingBox": {
          "Width": 0.2569366693496704,
          "Height": 0.024086665362119675,
          "Left": 0.13236473500728607,
          "Top": 0.25721192359924316
        },
        "Polygon": [
          {
            "X": 0.13259010016918182,
            "Y": 0.2679218351840973
          },
          {
            "X": 0.38929519057273865,
            "Y": 0.25721192359924316
          },
          {
            "X": 0.3893013894557953,
            "Y": 0.2707855701446533
          },
          {
            "X": 0.13236473500728607,
            "Y": 0.28129857778549194
          }
        ]
      },
      "Id": "8d1fdf25-2539-4b17-afcf-a41a3bb0d70e",
      "Relationships": [
        {
          "Type": "CHILD",
          "Ids": [
            "b4c5b4b3-dfa0-4a68-80d4-4edf26482c0c",
            "bc3dfed1-9d8f-41ad-99e2-bccc4259fd7c",
            "fee5f8bb-facc-4f46-a07c-1fb7f4b44283",
            "b5766db0-40fd-481c-ad24-8eb757927eeb",
            "e1b79f53-af17-4dd5-ba48-b70ef1ce8b0d",
            "6af3c82e-9ac2-4c30-9d80-80b357e5925b"
          ]
        }
      ],
      "Page": 1
    },
    {
      "BlockType": "LINE",
      "Confidence": 69.10784149169922,
      "Text": "W",
      "Geometry": {
        "BoundingBox": {
          "Width": 0.01586168259382248,
          "Height": 0.011256884783506393,
          "Left": 0.45354992151260376,
          "Top": 0.24856284260749817
        },
        "Polygon": [
          {
            "X": 0.45354992151260376,
            "Y": 0.24922695755958557
          },
          {
            "X": 0.4693494439125061,
            "Y": 0.24856284260749817
          },
          {
            "X": 0.46941161155700684,
            "Y": 0.2591650187969208
          },
          {
            "X": 0.4536007046699524,
            "Y": 0.25981974601745605
          }
        ]
      },
      "Id": "91ceb4f2-6dab-48de-90a8-8954f26e9133",
      "Relationships": [
        {
          "Type": "CHILD",
          "Ids": [
            "2ea20301-e2a9-4ddf-8703-c376443c7584"
          ]
        }
      ],
      "Page": 1
    },
    {
      "BlockType": "LINE",
      "Confidence": 98.5173110961914,
      "Text": "gerenciamento de conversas sem interrupções",
      "Geometry": {
        "BoundingBox": {
          "Width": 0.29361775517463684,
          "Height": 0.02707606740295887,
          "Left": 0.11406704783439636,
          "Top": 0.2687617540359497
        },
        "Polygon": [
          {
            "X": 0.1143389344215393,
            "Y": 0.28078553080558777
          },
          {
            "X": 0.4076588451862335,
            "Y": 0.2687617540359497
          },
          {
            "X": 0.4076848030090332,
            "Y": 0.2840677499771118
          },
          {
            "X": 0.11406704783439636,
            "Y": 0.2958378195762634
          }
        ]
      },
      "Id": "5d48057d-5cb8-44fe-8921-50ac3c3dcb20",
      "Relationships": [
        {
          "Type": "CHILD",
          "Ids": [
            "f887d011-5ec1-4a5a-bfcf-5b8bc90c9c18",
            "1a9341bf-6a54-4c5d-9b6f-90b962d4e9f9",
            "47c7841f-96f7-4b4f-a895-8e74669f3a5b",
            "ba24111e-fabe-4e12-9814-54972504dbf0",
            "712d83d7-4ce2-44f2-bb22-ecdf7e00a967"
          ]
        }
      ],
      "Page": 1
    },
    {
      "BlockType": "LINE",
      "Confidence": 98.44580841064453,
      "Text": "Especialista",
      "Geometry": {
        "BoundingBox": {
          "Width": 0.07321871072053909,
          "Height": 0.015287927351891994,
          "Left": 0.4464740455150604,
          "Top": 0.2632807195186615
        },
        "Polygon": [
          {
            "X": 0.4464740455150604,
            "Y": 0.26628124713897705
          },
          {
            "X": 0.5195786952972412,
            "Y": 0.2632807195186615
          },
          {
            "X": 0.5196927785873413,
            "Y": 0.27561864256858826
          },
          {
            "X": 0.44652706384658813,
            "Y": 0.2785686254501343
          }
        ]
      },
      "Id": "219fa564-868a-4f06-95fe-1cd349822096",
      "Relationships": [
        {
          "Type": "CHILD",
          "Ids": [
            "d154a654-083d-417f-b251-2a4ce1476d4a"
          ]
        }
      ],
      "Page": 1
    },
    {
      "BlockType": "LINE",
      "Confidence": 99.47588348388672,
      "Text": "em folgas",
      "Geometry": {
        "BoundingBox": {
          "Width": 0.06242290884256363,
          "Height": 0.013354489579796791,
          "Left": 0.45233502984046936,
          "Top": 0.2758139669895172
        },
        "Polygon": [
          {
            "X": 0.45233502984046936,
            "Y": 0.27832692861557007
          },
          {
            "X": 0.5146610736846924,
            "Y": 0.2758139669895172
          },
          {
            "X": 0.5147579312324524,
            "Y": 0.2866935729980469
          },
          {
            "X": 0.4523860216140747,
            "Y": 0.28916847705841064
          }
        ]
      },
      "Id": "b35752c1-9ac9-4c20-8ae1-c20faa9bb8c6",
      "Relationships": [
        {
          "Type": "CHILD",
          "Ids": [
            "2543cc29-e1b9-4430-a333-6eb5acc501f3",
            "2ef0e822-0613-4797-b76e-da9f0ff68d6d"
          ]
        }
      ],
      "Page": 1
    },
    {
      "BlockType": "LINE",
      "Confidence": 98.60100555419922,
      "Text": "Roteamento",
      "Geometry": {
        "BoundingBox": {
          "Width": 0.07359080016613007,
          "Height": 0.011737397871911526,
          "Left": 0.33223459124565125,
          "Top": 0.30362948775291443
        },
        "Polygon": [
          {
            "X": 0.33226457238197327,
            "Y": 0.3064929246902466
          },
          {
            "X": 0.4058114290237427,
            "Y": 0.30362948775291443
          },
          {
            "X": 0.4058254063129425,
            "Y": 0.31254056096076965
          },
          {
            "X": 0.33223459124565125,
            "Y": 0.3153668940067291
          }
        ]
      },
      "Id": "8b2f9fd6-f2f5-4541-91ce-c2c8643a49e3",
      "Relationships": [
        {
          "Type": "CHILD",
          "Ids": [
            "9539fb96-cce9-442e-ad19-5f4d75ec9db1"
          ]
        }
      ],
      "Page": 1
    },
    {
      "BlockType": "LINE",
      "Confidence": 99.52481842041016,
      "Text": "Regras de",
      "Geometry": {
        "BoundingBox": {
          "Width": 0.06447844952344894,
          "Height": 0.01403114479035139,
          "Left": 0.5479890704154968,
          "Top": 0.29091230034828186
        },
        "Polygon": [
          {
            "X": 0.5479890704154968,
            "Y": 0.293433278799057
          },
          {
            "X": 0.6122888326644897,
            "Y": 0.29091230034828186
          },
          {
            "X": 0.6124674677848816,
            "Y": 0.30246394872665405
          },
          {
            "X": 0.5481172204017639,
            "Y": 0.3049434423446655
          }
        ]
      },
      "Id": "b9438cb9-2bd8-4ba5-9929-17b2db2ccaf8",
      "Relationships": [
        {
          "Type": "CHILD",
          "Ids": [
            "a0c2f701-831d-4ba3-977b-518d37b17c8c",
            "61004473-b393-41a1-9fef-4455be2dfd88"
          ]
        }
      ],
      "Page": 1
    },
    {
      "BlockType": "LINE",
      "Confidence": 98.43306732177734,
      "Text": "Solução completa",
      "Geometry": {
        "BoundingBox": {
          "Width": 0.09889712929725647,
          "Height": 0.014173019677400589,
          "Left": 0.1240982860326767,
          "Top": 0.3181307017803192
        },
        "Polygon": [
          {
            "X": 0.12427821755409241,
            "Y": 0.321930468082428
          },
          {
            "X": 0.22299541532993317,
            "Y": 0.3181307017803192
          },
          {
            "X": 0.22288361191749573,
            "Y": 0.3285629153251648
          },
          {
            "X": 0.1240982860326767,
            "Y": 0.3323037028312683
          }
        ]
      },
      "Id": "6525c945-9306-4a67-85f6-c8a07c075192",
      "Relationships": [
        {
          "Type": "CHILD",
          "Ids": [
            "a169668a-19ee-47da-998d-3193f8271156",
            "83e74efe-ebbd-43d7-8a16-d5debf9eeb55"
          ]
        }
      ],
      "Page": 1
    },
    {
      "BlockType": "LINE",
      "Confidence": 99.49361419677734,
      "Text": "otimizado",
      "Geometry": {
        "BoundingBox": {
          "Width": 0.06079142913222313,
          "Height": 0.0114235645160079,
          "Left": 0.33787885308265686,
          "Top": 0.31541159749031067
        },
        "Polygon": [
          {
            "X": 0.3379061222076416,
            "Y": 0.31773561239242554
          },
          {
            "X": 0.3986603617668152,
            "Y": 0.31541159749031067
          },
          {
            "X": 0.3986702859401703,
            "Y": 0.3245426118373871
          },
          {
            "X": 0.33787885308265686,
            "Y": 0.32683518528938293
          }
        ]
      },
      "Id": "3e4a7350-530e-4728-81e2-9799fba2b09d",
      "Relationships": [
        {
          "Type": "CHILD",
          "Ids": [
            "3c3989ee-e44b-4ff1-9f23-0a9e7827f73f"
          ]
        }
      ],
      "Page": 1
    },
    {
      "BlockType": "LINE",
      "Confidence": 89.48329162597656,
      "Text": "licenças",
      "Geometry": {
        "BoundingBox": {
          "Width": 0.05233387649059296,
          "Height": 0.013846918940544128,
          "Left": 0.5538873672485352,
          "Top": 0.30326953530311584
        },
        "Polygon": [
          {
            "X": 0.5538873672485352,
            "Y": 0.30527743697166443
          },
          {
            "X": 0.606042742729187,
            "Y": 0.30326953530311584
          },
          {
            "X": 0.6062212586402893,
            "Y": 0.3151431977748871
          },
          {
            "X": 0.554023802280426,
            "Y": 0.31711646914482117
          }
        ]
      },
      "Id": "3344909f-b999-407e-82e7-e19795c99961",
      "Relationships": [
        {
          "Type": "CHILD",
          "Ids": [
            "2e835dd6-1834-4edd-89b4-5aead4353611"
          ]
        }
      ],
      "Page": 1
    },
    {
      "BlockType": "LINE",
      "Confidence": 99.82009887695312,
      "Text": "Agente de RH como",
      "Geometry": {
        "BoundingBox": {
          "Width": 0.10335127264261246,
          "Height": 0.012756213545799255,
          "Left": 0.2386433482170105,
          "Top": 0.3453851044178009
        },
        "Polygon": [
          {
            "X": 0.23872987926006317,
            "Y": 0.3491646647453308
          },
          {
            "X": 0.34199461340904236,
            "Y": 0.3453851044178009
          },
          {
            "X": 0.3419700860977173,
            "Y": 0.3544148802757263
          },
          {
            "X": 0.2386433482170105,
            "Y": 0.35814130306243896
          }
        ]
      },
      "Id": "b9e74034-c697-4d11-96d2-578c8cca4b3d",
      "Relationships": [
        {
          "Type": "CHILD",
          "Ids": [
            "c7f1e590-2e5f-4011-b3b4-9769cf9a076f",
            "e206b792-8640-4148-b4bb-0d95fac2b02d",
            "ebdebe68-a659-4813-bd43-e7fdb4a8a3c8",
            "26d7bd84-4eeb-4286-bd2e-c8c30a670a68"
          ]
        }
      ],
      "Page": 1
    },
    {
      "BlockType": "LINE",
      "Confidence": 98.90373229980469,
      "Text": "Especialista",
      "Geometry": {
        "BoundingBox": {
          "Width": 0.07355236262083054,
          "Height": 0.01407140213996172,
          "Left": 0.44532132148742676,
          "Top": 0.3337162733078003
        },
        "Polygon": [
          {
            "X": 0.44532132148742676,
            "Y": 0.3364269733428955
          },
          {
            "X": 0.5187693238258362,
            "Y": 0.3337162733078003
          },
          {
            "X": 0.5188736915588379,
            "Y": 0.34512418508529663
          },
          {
            "X": 0.4453692138195038,
            "Y": 0.34778767824172974
          }
        ]
      },
      "Id": "33f07d7e-6cc9-4002-9958-1ffda213baac",
      "Relationships": [
        {
          "Type": "CHILD",
          "Ids": [
            "a64927c6-9bd3-4f23-a20e-2e1f77a3ec21"
          ]
        }
      ],
      "Page": 1
    },
    {
      "BlockType": "LINE",
      "Confidence": 99.77611541748047,
      "Text": "agente supervisor",
      "Geometry": {
        "BoundingBox": {
          "Width": 0.09373500943183899,
          "Height": 0.012334588915109634,
          "Left": 0.2428499162197113,
          "Top": 0.35591545701026917
        },
        "Polygon": [
          {
            "X": 0.2429337501525879,
            "Y": 0.3592856824398041
          },
          {
            "X": 0.3365849256515503,
            "Y": 0.35591545701026917
          },
          {
            "X": 0.33655720949172974,
            "Y": 0.3649280071258545
          },
          {
            "X": 0.2428499162197113,
            "Y": 0.3682500422000885
          }
        ]
      },
      "Id": "8187dc9d-2fa1-41d8-9420-d83f2ed68c5c",
      "Relationships": [
        {
          "Type": "CHILD",
          "Ids": [
            "669df93a-8026-4ff9-9f07-e0244fafdc6a",
            "a2a235ae-e8aa-4f9b-aeae-434eb91988e6"
          ]
        }
      ],
      "Page": 1
    },
    {
      "BlockType": "LINE",
      "Confidence": 93.96959686279297,
      "Text": "em licenças",
      "Geometry": {
        "BoundingBox": {
          "Width": 0.07372821122407913,
          "Height": 0.01365513727068901,
          "Left": 0.444725900888443,
          "Top": 0.3461439609527588
        },
        "Polygon": [
          {
            "X": 0.444725900888443,
            "Y": 0.34880757331848145
          },
          {
            "X": 0.5183535814285278,
            "Y": 0.3461439609527588
          },
          {
            "X": 0.5184541344642639,
            "Y": 0.3571813404560089
          },
          {
            "X": 0.44477176666259766,
            "Y": 0.3597991168498993
          }
        ]
      },
      "Id": "70ab230f-830d-40de-9ae1-0a86b3083267",
      "Relationships": [
        {
          "Type": "CHILD",
          "Ids": [
            "d8e9beda-68fd-40bf-8e09-67c28b4a4959",
            "ef2322cf-7bf3-4d77-ba83-0f21bff7a529"
          ]
        }
      ],
      "Page": 1
    },
    {
      "BlockType": "LINE",
      "Confidence": 93.61465454101562,
      "Text": "Políticas",
      "Geometry": {
        "BoundingBox": {
          "Width": 0.0568229965865612,
          "Height": 0.012493614107370377,
          "Left": 0.5504843592643738,
          "Top": 0.371648371219635
        },
        "Polygon": [
          {
            "X": 0.5504843592643738,
            "Y": 0.37360313534736633
          },
          {
            "X": 0.6071483492851257,
            "Y": 0.371648371219635
          },
          {
            "X": 0.6073073148727417,
            "Y": 0.38222089409828186
          },
          {
            "X": 0.5506028532981873,
            "Y": 0.3841419816017151
          }
        ]
      },
      "Id": "ca69a702-7154-4fea-a89e-1d14dfc671ea",
      "Relationships": [
        {
          "Type": "CHILD",
          "Ids": [
            "b9ffe8f3-8670-44e3-be8e-c31707488636"
          ]
        }
      ],
      "Page": 1
    },
    {
      "BlockType": "LINE",
      "Confidence": 57.01403045654297,
      "Text": "W",
      "Geometry": {
        "BoundingBox": {
          "Width": 0.015213788487017155,
          "Height": 0.011034691706299782,
          "Left": 0.44955214858055115,
          "Top": 0.3910953104496002
        },
        "Polygon": [
          {
            "X": 0.44955214858055115,
            "Y": 0.3916051685810089
          },
          {
            "X": 0.46470803022384644,
            "Y": 0.3910953104496002
          },
          {
            "X": 0.4647659361362457,
            "Y": 0.4016292095184326
          },
          {
            "X": 0.44959932565689087,
            "Y": 0.40213000774383545
          }
        ]
      },
      "Id": "a7972a7d-cedd-4001-9918-9bbf43090414",
      "Relationships": [
        {
          "Type": "CHILD",
          "Ids": [
            "1fb377ef-c2bd-4381-b84f-91a3957ba04d"
          ]
        }
      ],
      "Page": 1
    },
    {
      "BlockType": "LINE",
      "Confidence": 94.4393310546875,
      "Text": "de RH",
      "Geometry": {
        "BoundingBox": {
          "Width": 0.039663780480623245,
          "Height": 0.011496158316731453,
          "Left": 0.558324933052063,
          "Top": 0.38448232412338257
        },
        "Polygon": [
          {
            "X": 0.558324933052063,
            "Y": 0.38581663370132446
          },
          {
            "X": 0.5978420376777649,
            "Y": 0.38448232412338257
          },
          {
            "X": 0.5979887247085571,
            "Y": 0.3946668207645416
          },
          {
            "X": 0.5584444403648376,
            "Y": 0.39597848057746887
          }
        ]
      },
      "Id": "fd02d56d-7912-4124-b6cf-ad1eadbe568f",
      "Relationships": [
        {
          "Type": "CHILD",
          "Ids": [
            "a7593dd6-1a71-432b-8f8f-207e3b606d80"
          ]
        }
      ],
      "Page": 1
    },
    {
      "BlockType": "LINE",
      "Confidence": 99.3287353515625,
      "Text": "Especialista em",
      "Geometry": {
        "BoundingBox": {
          "Width": 0.09871441125869751,
          "Height": 0.01453469879925251,
          "Left": 0.4309660494327545,
          "Top": 0.40530362725257874
        },
        "Polygon": [
          {
            "X": 0.4309660494327545,
            "Y": 0.4085257351398468
          },
          {
            "X": 0.5295687317848206,
            "Y": 0.40530362725257874
          },
          {
            "X": 0.5296804904937744,
            "Y": 0.416679710149765
          },
          {
            "X": 0.431002676486969,
            "Y": 0.4198383092880249
          }
        ]
      },
      "Id": "af523d46-20d7-4e20-9302-5e13cb21a14a",
      "Relationships": [
        {
          "Type": "CHILD",
          "Ids": [
            "845279bf-5cf1-4ff7-8532-641195503135",
            "0fef3a7f-a16f-4e6a-8677-c8e94eab13a0"
          ]
        }
      ],
      "Page": 1
    },
    {
      "BlockType": "LINE",
      "Confidence": 97.38780975341797,
      "Text": "promoção",
      "Geometry": {
        "BoundingBox": {
          "Width": 0.06459175795316696,
          "Height": 0.013017779216170311,
          "Left": 0.44728386402130127,
          "Top": 0.41895580291748047
        },
        "Polygon": [
          {
            "X": 0.44728386402130127,
            "Y": 0.42101386189460754
          },
          {
            "X": 0.5117807388305664,
            "Y": 0.41895580291748047
          },
          {
            "X": 0.5118756294250488,
            "Y": 0.4299558103084564
          },
          {
            "X": 0.4473312497138977,
            "Y": 0.4319736063480377
          }
        ]
      },
      "Id": "d7b61182-d68b-47e4-8b0a-4ff9b11f57b7",
      "Relationships": [
        {
          "Type": "CHILD",
          "Ids": [
            "d8602919-1d9f-41cc-9263-5731906832eb"
          ]
        }
      ],
      "Page": 1
    },
    {
      "BlockType": "WORD",
      "Confidence": 97.99343872070312,
      "Text": "1.",
      "TextType": "PRINTED",
      "Geometry": {
        "BoundingBox": {
          "Width": 0.021065082401037216,
          "Height": 0.014093576930463314,
          "Left": 0.061121709644794464,
          "Top": 0.210696741938591
        },
        "Polygon": [
          {
            "X": 0.06140749901533127,
            "Y": 0.21163803339004517
          },
          {
            "X": 0.08218678832054138,
            "Y": 0.210696741938591
          },
          {
            "X": 0.08191915601491928,
            "Y": 0.22386470437049866
          },
          {
            "X": 0.061121709644794464,
            "Y": 0.2247903198003769
          }
        ]
      },
      "Id": "ca29f030-bc3d-4f7f-9393-e8ab55a21b26",
      "Page": 1
    },
    {
      "BlockType": "WORD",
      "Confidence": 98.57218170166016,
      "Text": "Unifique",
      "TextType": "PRINTED",
      "Geometry": {
        "BoundingBox": {
          "Width": 0.10792072117328644,
          "Height": 0.022801844403147697,
          "Left": 0.1000555008649826,
          "Top": 0.20085358619689941
        },
        "Polygon": [
          {
            "X": 0.10039740055799484,
            "Y": 0.20575359463691711
          },
          {
            "X": 0.20797622203826904,
            "Y": 0.20085358619689941
          },
          {
            "X": 0.20776332914829254,
            "Y": 0.21886566281318665
          },
          {
            "X": 0.1000555008649826,
            "Y": 0.22365543246269226
          }
        ]
      },
      "Id": "a3950e75-c0a1-48a4-8af2-2cfd5f8b2d6f",
      "Page": 1
    },
    {
      "BlockType": "WORD",
      "Confidence": 99.79086303710938,
      "Text": "a",
      "TextType": "PRINTED",
      "Geometry": {
        "BoundingBox": {
          "Width": 0.011927553452551365,
          "Height": 0.011371616274118423,
          "Left": 0.22401612997055054,
          "Top": 0.20102475583553314
        },
        "Polygon": [
          {
            "X": 0.22413232922554016,
            "Y": 0.20156171917915344
          },
          {
            "X": 0.23594368994235992,
            "Y": 0.20102475583553314
          },
          {
            "X": 0.23583607375621796,
            "Y": 0.21186667680740356
          },
          {
            "X": 0.22401612997055054,
            "Y": 0.21239636838436127
          }
        ]
      },
      "Id": "ad6a24cf-f378-44f0-8083-8b594d400c73",
      "Page": 1
    },
    {
      "BlockType": "WORD",
      "Confidence": 95.27902221679688,
      "Text": "experiência",
      "TextType": "PRINTED",
      "Geometry": {
        "BoundingBox": {
          "Width": 0.16218413412570953,
          "Height": 0.029934531077742577,
          "Left": 0.25144773721694946,
          "Top": 0.1833425611257553
        },
        "Polygon": [
          {
            "X": 0.25164711475372314,
            "Y": 0.19079647958278656
          },
          {
            "X": 0.4135840833187103,
            "Y": 0.1833425611257553
          },
          {
            "X": 0.4136318862438202,
            "Y": 0.20602943003177643
          },
          {
            "X": 0.25144773721694946,
            "Y": 0.21327708661556244
          }
        ]
      },
      "Id": "2a58f54d-9ef5-4d69-9754-97ec5d82a96b",
      "Page": 1
    },
    {
      "BlockType": "WORD",
      "Confidence": 99.83133697509766,
      "Text": "do",
      "TextType": "PRINTED",
      "Geometry": {
        "BoundingBox": {
          "Width": 0.029840130358934402,
          "Height": 0.016786113381385803,
          "Left": 0.43107879161834717,
          "Top": 0.17999175190925598
        },
        "Polygon": [
          {
            "X": 0.43107879161834717,
            "Y": 0.18136358261108398
          },
          {
            "X": 0.46083688735961914,
            "Y": 0.17999175190925598
          },
          {
            "X": 0.46091893315315247,
            "Y": 0.19543173909187317
          },
          {
            "X": 0.4311295449733734,
            "Y": 0.19677786529064178
          }
        ]
      },
      "Id": "2636a882-f10f-45f5-85bc-9be1d65cbbd3",
      "Page": 1
    },
    {
      "BlockType": "WORD",
      "Confidence": 99.50039672851562,
      "Text": "cliente",
      "TextType": "PRINTED",
      "Geometry": {
        "BoundingBox": {
          "Width": 0.11181557923555374,
          "Height": 0.02250584587454796,
          "Left": 0.4786931872367859,
          "Top": 0.17109414935112
        },
        "Polygon": [
          {
            "X": 0.4786931872367859,
            "Y": 0.17625653743743896
          },
          {
            "X": 0.590262770652771,
            "Y": 0.17109414935112
          },
          {
            "X": 0.590508759021759,
            "Y": 0.1885456144809723
          },
          {
            "X": 0.47880634665489197,
            "Y": 0.19359998404979706
          }
        ]
      },
      "Id": "dc4eb196-5ee9-46f6-9442-c5e668f54cea",
      "Page": 1
    },
    {
      "BlockType": "WORD",
      "Confidence": 93.18731689453125,
      "Text": "o",
      "TextType": "PRINTED",
      "Geometry": {
        "BoundingBox": {
          "Width": 0.009101673029363155,
          "Height": 0.00818934291601181,
          "Left": 0.10936753451824188,
          "Top": 0.26210126280784607
        },
        "Polygon": [
          {
            "X": 0.1095113605260849,
            "Y": 0.26247844099998474
          },
          {
            "X": 0.11846920847892761,
            "Y": 0.26210126280784607
          },
          {
            "X": 0.11833002418279648,
            "Y": 0.26991742849349976
          },
          {
            "X": 0.10936753451824188,
            "Y": 0.2702905833721161
          }
        ]
      },
      "Id": "6ce631f2-4428-41f6-bb1a-2f8212392c03",
      "Page": 1
    },
    {
      "BlockType": "WORD",
      "Confidence": 99.76275634765625,
      "Text": "supervisor",
      "TextType": "PRINTED",
      "Geometry": {
        "BoundingBox": {
          "Width": 0.06280654668807983,
          "Height": 0.013003794476389885,
          "Left": 0.12201190739870071,
          "Top": 0.2576991021633148
        },
        "Polygon": [
          {
            "X": 0.1221938207745552,
            "Y": 0.2603420615196228
          },
          {
            "X": 0.18481846153736115,
            "Y": 0.2576991021633148
          },
          {
            "X": 0.1846797913312912,
            "Y": 0.2680971920490265
          },
          {
            "X": 0.12201190739870071,
            "Y": 0.27070289850234985
          }
        ]
      },
      "Id": "78ed8eb5-ac13-4152-b2b6-35448c38b22a",
      "Page": 1
    },
    {
      "BlockType": "WORD",
      "Confidence": 99.72019958496094,
      "Text": "fornece",
      "TextType": "PRINTED",
      "Geometry": {
        "BoundingBox": {
          "Width": 0.046602167189121246,
          "Height": 0.01105676032602787,
          "Left": 0.18797524273395538,
          "Top": 0.2542153000831604
        },
        "Polygon": [
          {
            "X": 0.18809449672698975,
            "Y": 0.25618085265159607
          },
          {
            "X": 0.23457741737365723,
            "Y": 0.2542153000831604
          },
          {
            "X": 0.2344864308834076,
            "Y": 0.2633306384086609
          },
          {
            "X": 0.18797524273395538,
            "Y": 0.2652720510959625
          }
        ]
      },
      "Id": "a82f030f-5ce0-4515-b664-49fd5a7eab2d",
      "Page": 1
    },
    {
      "BlockType": "WORD",
      "Confidence": 99.73057556152344,
      "Text": "uma",
      "TextType": "PRINTED",
      "Geometry": {
        "BoundingBox": {
          "Width": 0.02703210897743702,
          "Height": 0.008076305501163006,
          "Left": 0.2385050654411316,
          "Top": 0.2539273798465729
        },
        "Polygon": [
          {
            "X": 0.23857243359088898,
            "Y": 0.2550659477710724
          },
          {
            "X": 0.26553717255592346,
            "Y": 0.2539273798465729
          },
          {
            "X": 0.2654823362827301,
            "Y": 0.26087576150894165
          },
          {
            "X": 0.2385050654411316,
            "Y": 0.26200369000434875
          }
        ]
      },
      "Id": "7b7c3bc0-6af8-417e-af05-de76ebe96946",
      "Page": 1
    },
    {
      "BlockType": "WORD",
      "Confidence": 94.49363708496094,
      "Text": "solução",
      "TextType": "PRINTED",
      "Geometry": {
        "BoundingBox": {
          "Width": 0.04887569695711136,
          "Height": 0.01362042035907507,
          "Left": 0.2691039741039276,
          "Top": 0.2486155927181244
        },
        "Polygon": [
          {
            "X": 0.26919230818748474,
            "Y": 0.25068461894989014
          },
          {
            "X": 0.3179796636104584,
            "Y": 0.2486155927181244
          },
          {
            "X": 0.317929208278656,
            "Y": 0.26019901037216187
          },
          {
            "X": 0.2691039741039276,
            "Y": 0.2622360289096832
          }
        ]
      },
      "Id": "f05cfea1-3c11-4a9d-9270-cd174a6ade55",
      "Page": 1
    },
    {
      "BlockType": "WORD",
      "Confidence": 99.63513946533203,
      "Text": "completa",
      "TextType": "PRINTED",
      "Geometry": {
        "BoundingBox": {
          "Width": 0.061183806508779526,
          "Height": 0.014039400033652782,
          "Left": 0.3222050368785858,
          "Top": 0.24439029395580292
        },
        "Polygon": [
          {
            "X": 0.3222515881061554,
            "Y": 0.24698829650878906
          },
          {
            "X": 0.3833881616592407,
            "Y": 0.24439029395580292
          },
          {
            "X": 0.38338884711265564,
            "Y": 0.2558712959289551
          },
          {
            "X": 0.3222050368785858,
            "Y": 0.25842970609664917
          }
        ]
      },
      "Id": "02d2209b-8b57-4d4e-a696-46158f1097b5",
      "Page": 1
    },
    {
      "BlockType": "WORD",
      "Confidence": 99.83158111572266,
      "Text": "para",
      "TextType": "PRINTED",
      "Geometry": {
        "BoundingBox": {
          "Width": 0.02961210161447525,
          "Height": 0.010591957718133926,
          "Left": 0.387819766998291,
          "Top": 0.24419209361076355
        },
        "Polygon": [
          {
            "X": 0.387819766998291,
            "Y": 0.24544735252857208
          },
          {
            "X": 0.4174098074436188,
            "Y": 0.24419209361076355
          },
          {
            "X": 0.41743186116218567,
            "Y": 0.2535443902015686
          },
          {
            "X": 0.38782310485839844,
            "Y": 0.2547840476036072
          }
        ]
      },
      "Id": "25f50b09-c333-4fa2-867a-6426a02f0cb0",
      "Page": 1
    },
    {
      "BlockType": "WORD",
      "Confidence": 97.91504669189453,
      "Text": "os",
      "TextType": "PRINTED",
      "Geometry": {
        "BoundingBox": {
          "Width": 0.013158290646970272,
          "Height": 0.0067901331931352615,
          "Left": 0.13237477838993073,
          "Top": 0.2739121615886688
        },
        "Polygon": [
          {
            "X": 0.13248008489608765,
            "Y": 0.2744516134262085
          },
          {
            "X": 0.14553306996822357,
            "Y": 0.2739121615886688
          },
          {
            "X": 0.14543317258358002,
            "Y": 0.28016752004623413
          },
          {
            "X": 0.13237477838993073,
            "Y": 0.28070229291915894
          }
        ]
      },
      "Id": "b4c5b4b3-dfa0-4a68-80d4-4edf26482c0c",
      "Page": 1
    },
    {
      "BlockType": "WORD",
      "Confidence": 98.38207244873047,
      "Text": "clientes,",
      "TextType": "PRINTED",
      "Geometry": {
        "BoundingBox": {
          "Width": 0.049902115017175674,
          "Height": 0.011697460897266865,
          "Left": 0.1488369107246399,
          "Top": 0.26892712712287903
        },
        "Polygon": [
          {
            "X": 0.1489885300397873,
            "Y": 0.2709915339946747
          },
          {
            "X": 0.19873903691768646,
            "Y": 0.26892712712287903
          },
          {
            "X": 0.19861936569213867,
            "Y": 0.27858766913414
          },
          {
            "X": 0.1488369107246399,
            "Y": 0.2806245982646942
          }
        ]
      },
      "Id": "bc3dfed1-9d8f-41ad-99e2-bccc4259fd7c",
      "Page": 1
    },
    {
      "BlockType": "WORD",
      "Confidence": 99.66239929199219,
      "Text": "com",
      "TextType": "PRINTED",
      "Geometry": {
        "BoundingBox": {
          "Width": 0.025868510827422142,
          "Height": 0.007898960262537003,
          "Left": 0.20290552079677582,
          "Top": 0.26864397525787354
        },
        "Polygon": [
          {
            "X": 0.2029881775379181,
            "Y": 0.2697124779224396
          },
          {
            "X": 0.2287740409374237,
            "Y": 0.26864397525787354
          },
          {
            "X": 0.22870314121246338,
            "Y": 0.27548447251319885
          },
          {
            "X": 0.20290552079677582,
            "Y": 0.27654293179512024
          }
        ]
      },
      "Id": "fee5f8bb-facc-4f46-a07c-1fb7f4b44283",
      "Page": 1
    },
    {
      "BlockType": "WORD",
      "Confidence": 98.92192840576172,
      "Text": "roteamento",
      "TextType": "PRINTED",
      "Geometry": {
        "BoundingBox": {
          "Width": 0.07494595646858215,
          "Height": 0.012526045553386211,
          "Left": 0.23273353278636932,
          "Top": 0.2624235451221466
        },
        "Polygon": [
          {
            "X": 0.2328285127878189,
            "Y": 0.2655383348464966
          },
          {
            "X": 0.3076794743537903,
            "Y": 0.2624235451221466
          },
          {
            "X": 0.30763179063796997,
            "Y": 0.27187496423721313
          },
          {
            "X": 0.23273353278636932,
            "Y": 0.2749496102333069
          }
        ]
      },
      "Id": "b5766db0-40fd-481c-ad24-8eb757927eeb",
      "Page": 1
    },
    {
      "BlockType": "WORD",
      "Confidence": 98.99053955078125,
      "Text": "otimizado",
      "TextType": "PRINTED",
      "Geometry": {
        "BoundingBox": {
          "Width": 0.06606456637382507,
          "Height": 0.01255882065743208,
          "Left": 0.3115394115447998,
          "Top": 0.2576996982097626
        },
        "Polygon": [
          {
            "X": 0.31158629059791565,
            "Y": 0.260453999042511
          },
          {
            "X": 0.3776039481163025,
            "Y": 0.2576996982097626
          },
          {
            "X": 0.37760069966316223,
            "Y": 0.26754093170166016
          },
          {
            "X": 0.3115394115447998,
            "Y": 0.27025851607322693
          }
        ]
      },
      "Id": "e1b79f53-af17-4dd5-ba48-b70ef1ce8b0d",
      "Page": 1
    },
    {
      "BlockType": "WORD",
      "Confidence": 99.3819580078125,
      "Text": "e",
      "TextType": "PRINTED",
      "Geometry": {
        "BoundingBox": {
          "Width": 0.007385744247585535,
          "Height": 0.006752572022378445,
          "Left": 0.38191327452659607,
          "Top": 0.2591138780117035
        },
        "Polygon": [
          {
            "X": 0.38191351294517517,
            "Y": 0.25942105054855347
          },
          {
            "X": 0.3892960548400879,
            "Y": 0.2591138780117035
          },
          {
            "X": 0.3892990052700043,
            "Y": 0.26556196808815
          },
          {
            "X": 0.38191327452659607,
            "Y": 0.2658664584159851
          }
        ]
      },
      "Id": "6af3c82e-9ac2-4c30-9d80-80b357e5925b",
      "Page": 1
    },
    {
      "BlockType": "WORD",
      "Confidence": 69.10784149169922,
      "Text": "W",
      "TextType": "PRINTED",
      "Geometry": {
        "BoundingBox": {
          "Width": 0.01586168259382248,
          "Height": 0.011256884783506393,
          "Left": 0.45354992151260376,
          "Top": 0.24856284260749817
        },
        "Polygon": [
          {
            "X": 0.45354992151260376,
            "Y": 0.24922695755958557
          },
          {
            "X": 0.4693494439125061,
            "Y": 0.24856284260749817
          },
          {
            "X": 0.46941161155700684,
            "Y": 0.2591650187969208
          },
          {
            "X": 0.4536007046699524,
            "Y": 0.25981974601745605
          }
        ]
      },
      "Id": "2ea20301-e2a9-4ddf-8703-c376443c7584",
      "Page": 1
    },
    {
      "BlockType": "WORD",
      "Confidence": 96.79859924316406,
      "Text": "gerenciamento",
      "TextType": "PRINTED",
      "Geometry": {
        "BoundingBox": {
          "Width": 0.0912402793765068,
          "Height": 0.014896215870976448,
          "Left": 0.11406704783439636,
          "Top": 0.28094160556793213
        },
        "Polygon": [
          {
            "X": 0.11426909267902374,
            "Y": 0.2846522629261017
          },
          {
            "X": 0.20530733466148376,
            "Y": 0.28094160556793213
          },
          {
            "X": 0.20517313480377197,
            "Y": 0.2921856939792633
          },
          {
            "X": 0.11406704783439636,
            "Y": 0.2958378195762634
          }
        ]
      },
      "Id": "f887d011-5ec1-4a5a-bfcf-5b8bc90c9c18",
      "Page": 1
    },
    {
      "BlockType": "WORD",
      "Confidence": 99.8545913696289,
      "Text": "de",
      "TextType": "PRINTED",
      "Geometry": {
        "BoundingBox": {
          "Width": 0.015596437267959118,
          "Height": 0.009303134866058826,
          "Left": 0.20894132554531097,
          "Top": 0.27928969264030457
        },
        "Polygon": [
          {
            "X": 0.20904263854026794,
            "Y": 0.2799220681190491
          },
          {
            "X": 0.22453776001930237,
            "Y": 0.27928969264030457
          },
          {
            "X": 0.2244454175233841,
            "Y": 0.28796812891960144
          },
          {
            "X": 0.20894132554531097,
            "Y": 0.2885928452014923
          }
        ]
      },
      "Id": "1a9341bf-6a54-4c5d-9b6f-90b962d4e9f9",
      "Page": 1
    },
    {
      "BlockType": "WORD",
      "Confidence": 99.12638854980469,
      "Text": "conversas",
      "TextType": "PRINTED",
      "Geometry": {
        "BoundingBox": {
          "Width": 0.06180393323302269,
          "Height": 0.010117968544363976,
          "Left": 0.2279922515153885,
          "Top": 0.2774401307106018
        },
        "Polygon": [
          {
            "X": 0.22807133197784424,
            "Y": 0.27995622158050537
          },
          {
            "X": 0.28979620337486267,
            "Y": 0.2774401307106018
          },
          {
            "X": 0.28974854946136475,
            "Y": 0.2850688099861145
          },
          {
            "X": 0.2279922515153885,
            "Y": 0.28755810856819153
          }
        ]
      },
      "Id": "47c7841f-96f7-4b4f-a895-8e74669f3a5b",
      "Page": 1
    },
    {
      "BlockType": "WORD",
      "Confidence": 99.74603271484375,
      "Text": "sem",
      "TextType": "PRINTED",
      "Geometry": {
        "BoundingBox": {
          "Width": 0.025989968329668045,
          "Height": 0.008059946820139885,
          "Left": 0.2935861349105835,
          "Top": 0.2757546901702881
        },
        "Polygon": [
          {
            "X": 0.2936280369758606,
            "Y": 0.2768131494522095
          },
          {
            "X": 0.31957608461380005,
            "Y": 0.2757546901702881
          },
          {
            "X": 0.3195463716983795,
            "Y": 0.28276652097702026
          },
          {
            "X": 0.2935861349105835,
            "Y": 0.2838146388530731
          }
        ]
      },
      "Id": "ba24111e-fabe-4e12-9814-54972504dbf0",
      "Page": 1
    },
    {
      "BlockType": "WORD",
      "Confidence": 97.0609359741211,
      "Text": "interrupções",
      "TextType": "PRINTED",
      "Geometry": {
        "BoundingBox": {
          "Width": 0.08347659558057785,
          "Height": 0.015435202978551388,
          "Left": 0.3242027461528778,
          "Top": 0.2687617540359497
        },
        "Polygon": [
          {
            "X": 0.32424992322921753,
            "Y": 0.27218085527420044
          },
          {
            "X": 0.4076588451862335,
            "Y": 0.2687617540359497
          },
          {
            "X": 0.40767931938171387,
            "Y": 0.28083470463752747
          },
          {
            "X": 0.3242027461528778,
            "Y": 0.2841969430446625
          }
        ]
      },
      "Id": "712d83d7-4ce2-44f2-bb22-ecdf7e00a967",
      "Page": 1
    },
    {
      "BlockType": "WORD",
      "Confidence": 98.44580841064453,
      "Text": "Especialista",
      "TextType": "PRINTED",
      "Geometry": {
        "BoundingBox": {
          "Width": 0.07321871072053909,
          "Height": 0.015287927351891994,
          "Left": 0.4464740455150604,
          "Top": 0.2632807195186615
        },
        "Polygon": [
          {
            "X": 0.4464740455150604,
            "Y": 0.26628124713897705
          },
          {
            "X": 0.5195786952972412,
            "Y": 0.2632807195186615
          },
          {
            "X": 0.5196927785873413,
            "Y": 0.27561864256858826
          },
          {
            "X": 0.44652706384658813,
            "Y": 0.2785686254501343
          }
        ]
      },
      "Id": "d154a654-083d-417f-b251-2a4ce1476d4a",
      "Page": 1
    },
    {
      "BlockType": "WORD",
      "Confidence": 99.37214660644531,
      "Text": "em",
      "TextType": "PRINTED",
      "Geometry": {
        "BoundingBox": {
          "Width": 0.019525468349456787,
          "Height": 0.007515620440244675,
          "Left": 0.4523468315601349,
          "Top": 0.2800496220588684
        },
        "Polygon": [
          {
            "X": 0.4523468315601349,
            "Y": 0.28083235025405884
          },
          {
            "X": 0.471831738948822,
            "Y": 0.2800496220588684
          },
          {
            "X": 0.4718722999095917,
            "Y": 0.2867898941040039
          },
          {
            "X": 0.4523784816265106,
            "Y": 0.2875652313232422
          }
        ]
      },
      "Id": "2543cc29-e1b9-4430-a333-6eb5acc501f3",
      "Page": 1
    },
    {
      "BlockType": "WORD",
      "Confidence": 99.5796127319336,
      "Text": "folgas",
      "TextType": "PRINTED",
      "Geometry": {
        "BoundingBox": {
          "Width": 0.03934125974774361,
          "Height": 0.012437945231795311,
          "Left": 0.4754166901111603,
          "Top": 0.2758139669895172
        },
        "Polygon": [
          {
            "X": 0.4754166901111603,
            "Y": 0.2773962914943695
          },
          {
            "X": 0.5146610736846924,
            "Y": 0.2758139669895172
          },
          {
            "X": 0.5147579312324524,
            "Y": 0.2866935729980469
          },
          {
            "X": 0.4754846394062042,
            "Y": 0.2882519066333771
          }
        ]
      },
      "Id": "2ef0e822-0613-4797-b76e-da9f0ff68d6d",
      "Page": 1
    },
    {
      "BlockType": "WORD",
      "Confidence": 98.60100555419922,
      "Text": "Roteamento",
      "TextType": "PRINTED",
      "Geometry": {
        "BoundingBox": {
          "Width": 0.07359080016613007,
          "Height": 0.011737397871911526,
          "Left": 0.33223459124565125,
          "Top": 0.30362948775291443
        },
        "Polygon": [
          {
            "X": 0.33226457238197327,
            "Y": 0.3064929246902466
          },
          {
            "X": 0.4058114290237427,
            "Y": 0.30362948775291443
          },
          {
            "X": 0.4058254063129425,
            "Y": 0.31254056096076965
          },
          {
            "X": 0.33223459124565125,
            "Y": 0.3153668940067291
          }
        ]
      },
      "Id": "9539fb96-cce9-442e-ad19-5f4d75ec9db1",
      "Page": 1
    },
    {
      "BlockType": "WORD",
      "Confidence": 99.29883575439453,
      "Text": "Regras",
      "TextType": "PRINTED",
      "Geometry": {
        "BoundingBox": {
          "Width": 0.04496433213353157,
          "Height": 0.013028912246227264,
          "Left": 0.5479916930198669,
          "Top": 0.29191452264785767
        },
        "Polygon": [
          {
            "X": 0.5479916930198669,
            "Y": 0.29367053508758545
          },
          {
            "X": 0.5927960872650146,
            "Y": 0.29191452264785767
          },
          {
            "X": 0.592956006526947,
            "Y": 0.30321574211120605
          },
          {
            "X": 0.5481172204017639,
            "Y": 0.3049434423446655
          }
        ]
      },
      "Id": "a0c2f701-831d-4ba3-977b-518d37b17c8c",
      "Page": 1
    },
    {
      "BlockType": "WORD",
      "Confidence": 99.75080871582031,
      "Text": "de",
      "TextType": "PRINTED",
      "Geometry": {
        "BoundingBox": {
          "Width": 0.016227375715970993,
          "Height": 0.009629053995013237,
          "Left": 0.5962007641792297,
          "Top": 0.29091230034828186
        },
        "Polygon": [
          {
            "X": 0.5962007641792297,
            "Y": 0.29154306650161743
          },
          {
            "X": 0.6122888326644897,
            "Y": 0.29091230034828186
          },
          {
            "X": 0.6124281287193298,
            "Y": 0.29991868138313293
          },
          {
            "X": 0.5963301658630371,
            "Y": 0.30054134130477905
          }
        ]
      },
      "Id": "61004473-b393-41a1-9fef-4455be2dfd88",
      "Page": 1
    },
    {
      "BlockType": "WORD",
      "Confidence": 97.41387176513672,
      "Text": "Solução",
      "TextType": "PRINTED",
      "Geometry": {
        "BoundingBox": {
          "Width": 0.04363654926419258,
          "Height": 0.01165434904396534,
          "Left": 0.1240982860326767,
          "Top": 0.3206493556499481
        },
        "Polygon": [
          {
            "X": 0.1242714375257492,
            "Y": 0.3223213255405426
          },
          {
            "X": 0.16773483157157898,
            "Y": 0.3206493556499481
          },
          {
            "X": 0.1675904542207718,
            "Y": 0.3306567668914795
          },
          {
            "X": 0.1240982860326767,
            "Y": 0.3323037028312683
          }
        ]
      },
      "Id": "a169668a-19ee-47da-998d-3193f8271156",
      "Page": 1
    },
    {
      "BlockType": "WORD",
      "Confidence": 99.45225524902344,
      "Text": "completa",
      "TextType": "PRINTED",
      "Geometry": {
        "BoundingBox": {
          "Width": 0.052476268261671066,
          "Height": 0.01207097340375185,
          "Left": 0.1705191433429718,
          "Top": 0.3181307017803192
        },
        "Polygon": [
          {
            "X": 0.1706622689962387,
            "Y": 0.3201450705528259
          },
          {
            "X": 0.22299541532993317,
            "Y": 0.3181307017803192
          },
          {
            "X": 0.222887322306633,
            "Y": 0.3282175064086914
          },
          {
            "X": 0.1705191433429718,
            "Y": 0.330201655626297
          }
        ]
      },
      "Id": "83e74efe-ebbd-43d7-8a16-d5debf9eeb55",
      "Page": 1
    },
    {
      "BlockType": "WORD",
      "Confidence": 99.49361419677734,
      "Text": "otimizado",
      "TextType": "PRINTED",
      "Geometry": {
        "BoundingBox": {
          "Width": 0.06079142913222313,
          "Height": 0.0114235645160079,
          "Left": 0.33787885308265686,
          "Top": 0.31541159749031067
        },
        "Polygon": [
          {
            "X": 0.3379061222076416,
            "Y": 0.31773561239242554
          },
          {
            "X": 0.3986603617668152,
            "Y": 0.31541159749031067
          },
          {
            "X": 0.3986702859401703,
            "Y": 0.3245426118373871
          },
          {
            "X": 0.33787885308265686,
            "Y": 0.32683518528938293
          }
        ]
      },
      "Id": "3c3989ee-e44b-4ff1-9f23-0a9e7827f73f",
      "Page": 1
    },
    {
      "BlockType": "WORD",
      "Confidence": 89.48329162597656,
      "Text": "licenças",
      "TextType": "PRINTED",
      "Geometry": {
        "BoundingBox": {
          "Width": 0.05233387649059296,
          "Height": 0.013846918940544128,
          "Left": 0.5538873672485352,
          "Top": 0.30326953530311584
        },
        "Polygon": [
          {
            "X": 0.5538873672485352,
            "Y": 0.30527743697166443
          },
          {
            "X": 0.606042742729187,
            "Y": 0.30326953530311584
          },
          {
            "X": 0.6062212586402893,
            "Y": 0.3151431977748871
          },
          {
            "X": 0.554023802280426,
            "Y": 0.31711646914482117
          }
        ]
      },
      "Id": "2e835dd6-1834-4edd-89b4-5aead4353611",
      "Page": 1
    },
    {
      "BlockType": "WORD",
      "Confidence": 99.82718658447266,
      "Text": "Agente",
      "TextType": "PRINTED",
      "Geometry": {
        "BoundingBox": {
          "Width": 0.03741399943828583,
          "Height": 0.010232487693428993,
          "Left": 0.2386433482170105,
          "Top": 0.3479088246822357
        },
        "Polygon": [
          {
            "X": 0.2387288212776184,
            "Y": 0.34927481412887573
          },
          {
            "X": 0.27605733275413513,
            "Y": 0.3479088246822357
          },
          {
            "X": 0.2759939134120941,
            "Y": 0.3567942678928375
          },
          {
            "X": 0.2386433482170105,
            "Y": 0.35814130306243896
          }
        ]
      },
      "Id": "c7f1e590-2e5f-4011-b3b4-9769cf9a076f",
      "Page": 1
    },
    {
      "BlockType": "WORD",
      "Confidence": 99.85262298583984,
      "Text": "de",
      "TextType": "PRINTED",
      "Geometry": {
        "BoundingBox": {
          "Width": 0.012839979492127895,
          "Height": 0.00801551528275013,
          "Left": 0.2787192463874817,
          "Top": 0.34723106026649475
        },
        "Polygon": [
          {
            "X": 0.2787717282772064,
            "Y": 0.3476991057395935
          },
          {
            "X": 0.29155921936035156,
            "Y": 0.34723106026649475
          },
          {
            "X": 0.2915131449699402,
            "Y": 0.3547840714454651
          },
          {
            "X": 0.2787192463874817,
            "Y": 0.35524657368659973
          }
        ]
      },
      "Id": "e206b792-8640-4148-b4bb-0d95fac2b02d",
      "Page": 1
    },
    {
      "BlockType": "WORD",
      "Confidence": 99.90685272216797,
      "Text": "RH",
      "TextType": "PRINTED",
      "Geometry": {
        "BoundingBox": {
          "Width": 0.01488004345446825,
          "Height": 0.0077544464729726315,
          "Left": 0.2948581278324127,
          "Top": 0.3468383252620697
        },
        "Polygon": [
          {
            "X": 0.294900506734848,
            "Y": 0.3473811745643616
          },
          {
            "X": 0.3097381889820099,
            "Y": 0.3468383252620697
          },
          {
            "X": 0.30970296263694763,
            "Y": 0.35405606031417847
          },
          {
            "X": 0.2948581278324127,
            "Y": 0.35459277033805847
          }
        ]
      },
      "Id": "ebdebe68-a659-4813-bd43-e7fdb4a8a3c8",
      "Page": 1
    },
    {
      "BlockType": "WORD",
      "Confidence": 99.6937484741211,
      "Text": "como",
      "TextType": "PRINTED",
      "Geometry": {
        "BoundingBox": {
          "Width": 0.02884337306022644,
          "Height": 0.007011412642896175,
          "Left": 0.31314700841903687,
          "Top": 0.3469429016113281
        },
        "Polygon": [
          {
            "X": 0.3131747245788574,
            "Y": 0.34799492359161377
          },
          {
            "X": 0.3419903814792633,
            "Y": 0.3469429016113281
          },
          {
            "X": 0.3419741690158844,
            "Y": 0.3529120981693268
          },
          {
            "X": 0.31314700841903687,
            "Y": 0.3539543151855469
          }
        ]
      },
      "Id": "26d7bd84-4eeb-4286-bd2e-c8c30a670a68",
      "Page": 1
    },
    {
      "BlockType": "WORD",
      "Confidence": 98.90373229980469,
      "Text": "Especialista",
      "TextType": "PRINTED",
      "Geometry": {
        "BoundingBox": {
          "Width": 0.07355236262083054,
          "Height": 0.01407140213996172,
          "Left": 0.44532132148742676,
          "Top": 0.3337162733078003
        },
        "Polygon": [
          {
            "X": 0.44532132148742676,
            "Y": 0.3364269733428955
          },
          {
            "X": 0.5187693238258362,
            "Y": 0.3337162733078003
          },
          {
            "X": 0.5188736915588379,
            "Y": 0.34512418508529663
          },
          {
            "X": 0.4453692138195038,
            "Y": 0.34778767824172974
          }
        ]
      },
      "Id": "a64927c6-9bd3-4f23-a20e-2e1f77a3ec21",
      "Page": 1
    },
    {
      "BlockType": "WORD",
      "Confidence": 99.80767059326172,
      "Text": "agente",
      "TextType": "PRINTED",
      "Geometry": {
        "BoundingBox": {
          "Width": 0.03600943833589554,
          "Height": 0.00979676004499197,
          "Left": 0.2428499162197113,
          "Top": 0.35845330357551575
        },
        "Polygon": [
          {
            "X": 0.24292945861816406,
            "Y": 0.3597453236579895
          },
          {
            "X": 0.27885934710502625,
            "Y": 0.35845330357551575
          },
          {
            "X": 0.2788001596927643,
            "Y": 0.3669755756855011
          },
          {
            "X": 0.2428499162197113,
            "Y": 0.3682500422000885
          }
        ]
      },
      "Id": "669df93a-8026-4ff9-9f07-e0244fafdc6a",
      "Page": 1
    },
    {
      "BlockType": "WORD",
      "Confidence": 99.74456024169922,
      "Text": "supervisor",
      "TextType": "PRINTED",
      "Geometry": {
        "BoundingBox": {
          "Width": 0.05534861609339714,
          "Height": 0.010893351398408413,
          "Left": 0.28123632073402405,
          "Top": 0.35591545701026917
        },
        "Polygon": [
          {
            "X": 0.2812967002391815,
            "Y": 0.3579051196575165
          },
          {
            "X": 0.3365849256515503,
            "Y": 0.35591545701026917
          },
          {
            "X": 0.33655744791030884,
            "Y": 0.364847332239151
          },
          {
            "X": 0.28123632073402405,
            "Y": 0.36680880188941956
          }
        ]
      },
      "Id": "a2a235ae-e8aa-4f9b-aeae-434eb91988e6",
      "Page": 1
    },
    {
      "BlockType": "WORD",
      "Confidence": 99.5002212524414,
      "Text": "em",
      "TextType": "PRINTED",
      "Geometry": {
        "BoundingBox": {
          "Width": 0.0193150844424963,
          "Height": 0.008057395927608013,
          "Left": 0.4447347819805145,
          "Top": 0.3502422869205475
        },
        "Polygon": [
          {
            "X": 0.4447347819805145,
            "Y": 0.350937157869339
          },
          {
            "X": 0.4640096127986908,
            "Y": 0.3502422869205475
          },
          {
            "X": 0.4640498757362366,
            "Y": 0.35761281847953796
          },
          {
            "X": 0.44476550817489624,
            "Y": 0.3582996726036072
          }
        ]
      },
      "Id": "d8e9beda-68fd-40bf-8e09-67c28b4a4959",
      "Page": 1
    },
    {
      "BlockType": "WORD",
      "Confidence": 88.43897247314453,
      "Text": "licenças",
      "TextType": "PRINTED",
      "Geometry": {
        "BoundingBox": {
          "Width": 0.0506335087120533,
          "Height": 0.012834027409553528,
          "Left": 0.4678206145763397,
          "Top": 0.3461439609527588
        },
        "Polygon": [
          {
            "X": 0.4678206145763397,
            "Y": 0.3479720950126648
          },
          {
            "X": 0.5183535814285278,
            "Y": 0.3461439609527588
          },
          {
            "X": 0.5184541344642639,
            "Y": 0.3571813404560089
          },
          {
            "X": 0.46788355708122253,
            "Y": 0.3589780032634735
          }
        ]
      },
      "Id": "ef2322cf-7bf3-4d77-ba83-0f21bff7a529",
      "Page": 1
    },
    {
      "BlockType": "WORD",
      "Confidence": 93.61465454101562,
      "Text": "Políticas",
      "TextType": "PRINTED",
      "Geometry": {
        "BoundingBox": {
          "Width": 0.0568229965865612,
          "Height": 0.012493614107370377,
          "Left": 0.5504843592643738,
          "Top": 0.371648371219635
        },
        "Polygon": [
          {
            "X": 0.5504843592643738,
            "Y": 0.37360313534736633
          },
          {
            "X": 0.6071483492851257,
            "Y": 0.371648371219635
          },
          {
            "X": 0.6073073148727417,
            "Y": 0.38222089409828186
          },
          {
            "X": 0.5506028532981873,
            "Y": 0.3841419816017151
          }
        ]
      },
      "Id": "b9ffe8f3-8670-44e3-be8e-c31707488636",
      "Page": 1
    },
    {
      "BlockType": "WORD",
      "Confidence": 57.01403045654297,
      "Text": "W",
      "TextType": "PRINTED",
      "Geometry": {
        "BoundingBox": {
          "Width": 0.015213788487017155,
          "Height": 0.011034691706299782,
          "Left": 0.44955214858055115,
          "Top": 0.3910953104496002
        },
        "Polygon": [
          {
            "X": 0.44955214858055115,
            "Y": 0.3916051685810089
          },
          {
            "X": 0.46470803022384644,
            "Y": 0.3910953104496002
          },
          {
            "X": 0.4647659361362457,
            "Y": 0.4016292095184326
          },
          {
            "X": 0.44959932565689087,
            "Y": 0.40213000774383545
          }
        ]
      },
      "Id": "1fb377ef-c2bd-4381-b84f-91a3957ba04d",
      "Page": 1
    },
    {
      "BlockType": "WORD",
      "Confidence": 94.4393310546875,
      "Text": "de RH",
      "TextType": "PRINTED",
      "Geometry": {
        "BoundingBox": {
          "Width": 0.039663780480623245,
          "Height": 0.011496158316731453,
          "Left": 0.558324933052063,
          "Top": 0.38448232412338257
        },
        "Polygon": [
          {
            "X": 0.558324933052063,
            "Y": 0.38581663370132446
          },
          {
            "X": 0.5978420376777649,
            "Y": 0.38448232412338257
          },
          {
            "X": 0.5979887247085571,
            "Y": 0.3946668207645416
          },
          {
            "X": 0.5584444403648376,
            "Y": 0.39597848057746887
          }
        ]
      },
      "Id": "a7593dd6-1a71-432b-8f8f-207e3b606d80",
      "Page": 1
    },
    {
      "BlockType": "WORD",
      "Confidence": 99.14873504638672,
      "Text": "Especialista",
      "TextType": "PRINTED",
      "Geometry": {
        "BoundingBox": {
          "Width": 0.07503081858158112,
          "Height": 0.013761363923549652,
          "Left": 0.4309660494327545,
          "Top": 0.40607696771621704
        },
        "Polygon": [
          {
            "X": 0.4309660494327545,
            "Y": 0.4085257351398468
          },
          {
            "X": 0.5059032440185547,
            "Y": 0.40607696771621704
          },
          {
            "X": 0.5059968829154968,
            "Y": 0.4174378216266632
          },
          {
            "X": 0.431002676486969,
            "Y": 0.4198383092880249
          }
        ]
      },
      "Id": "845279bf-5cf1-4ff7-8532-641195503135",
      "Page": 1
    },
    {
      "BlockType": "WORD",
      "Confidence": 99.50873565673828,
      "Text": "em",
      "TextType": "PRINTED",
      "Geometry": {
        "BoundingBox": {
          "Width": 0.020229872316122055,
          "Height": 0.008329094387590885,
          "Left": 0.5094354748725891,
          "Top": 0.4074598252773285
        },
        "Polygon": [
          {
            "X": 0.5094354748725891,
            "Y": 0.40811586380004883
          },
          {
            "X": 0.5295898914337158,
            "Y": 0.4074598252773285
          },
          {
            "X": 0.5296653509140015,
            "Y": 0.41514161229133606
          },
          {
            "X": 0.5095005035400391,
            "Y": 0.4157889187335968
          }
        ]
      },
      "Id": "0fef3a7f-a16f-4e6a-8677-c8e94eab13a0",
      "Page": 1
    },
    {
      "BlockType": "WORD",
      "Confidence": 97.38780975341797,
      "Text": "promoção",
      "TextType": "PRINTED",
      "Geometry": {
        "BoundingBox": {
          "Width": 0.06459175795316696,
          "Height": 0.013017779216170311,
          "Left": 0.44728386402130127,
          "Top": 0.41895580291748047
        },
        "Polygon": [
          {
            "X": 0.44728386402130127,
            "Y": 0.42101386189460754
          },
          {
            "X": 0.5117807388305664,
            "Y": 0.41895580291748047
          },
          {
            "X": 0.5118756294250488,
            "Y": 0.4299558103084564
          },
          {
            "X": 0.4473312497138977,
            "Y": 0.4319736063480377
          }
        ]
      },
      "Id": "d8602919-1d9f-41cc-9263-5731906832eb",
      "Page": 1
    }
  ],
  "DetectDocumentTextModelVersion": "1.0"
}