{
  "DocumentMetadata": {
    "Pages": 1
  },
  "JobStatus": "SUCCEEDED",
  "Blocks": [
    {
      "BlockType": "PAGE",
      "Geometry": {
        "BoundingBox": {
          "Width": 1,
          "Height": 1,
          "Left": 0,
          "Top": 0
        },
        "Polygon": [
          {
            "X": 1.0576335363055023e-8,
            "Y": 3.974324869204793e-8
          },
          {
            "X": 0.9744710922241211,
            "Y": 0
          },
          {
            "X": 1,
            "Y": 1
          },
          {
            "X": 0,
            "Y": 1
          }
        ]
      },
      "Id": "4067cd54-9a3b-49c9-b759-a681ade86ac3",
      "Relationships": [
        {
          "Type": "CHILD",
          "Ids": [
            "ec259aef-469e-4afc-ba76-e1534bcac517",
            "37640c0d-fe70-428f-be84-40293cea66d3",
            "17c88e57-5423-48fa-94de-8a0a3ed22354",
            "8bd845f4-d1b6-4000-872b-3ad6b11b29f1",
            "69325e9e-9712-4194-b7bf-73456098ec4d",
            "2b517bc6-831f-45af-84dd-7a53982abed3",
            "25d49de1-6762-47a6-9e5c-1d3b01717342",
            "3253488e-a06e-4161-946b-36e88b853406",
            "14666ddf-8b16-4e80-9347-6ac7a522667c",
            "8db9bfa9-3f73-4d8f-b6c4-6cc8e2ed7e4b",
            "4ebba8c5-0e58-4df3-b62a-62c4fa5e268f",
            "4dea69d7-5ffa-459d-b133-cfe29989e1f9",
            "444871d6-7365-4815-9839-3f569f2c2bff"
          ]
        }
      ],
      "Page": 1
    },
    {
      "BlockType": "LINE",
      "Confidence": 98.89041900634766,
      "Text": "aws",
      "Geometry": {
        "BoundingBox": {
          "Width": 0.06418787688016891,
          "Height": 0.017045222222805023,
          "Left": 0.7266438603401184,
          "Top": 0.3094312250614166
        },
        "Polygon": [
          {
            "X": 0.7266438603401184,
            "Y": 0.31502601504325867
          },
          {
            "X": 0.7896955609321594,
            "Y": 0.3094312250614166
          },
          {
            "X": 0.7908317446708679,
            "Y": 0.3209550380706787
          },
          {
            "X": 0.7275286912918091,
            "Y": 0.32647645473480225
          }
        ]
      },
      "Id": "ec259aef-469e-4afc-ba76-e1534bcac517",
      "Relationships": [
        {
          "Type": "CHILD",
          "Ids": [
            "5bba1648-f317-4ca7-af23-b9b17d98c63e"
          ]
        }
      ],
      "Page": 1
    },
    {
      "BlockType": "LINE",
      "Confidence": 99.71458435058594,
      "Text": "Cloud",
      "Geometry": {
        "BoundingBox": {
          "Width": 0.03493495658040047,
          "Height": 0.00900434423238039,
          "Left": 0.8267709016799927,
          "Top": 0.30252018570899963
        },
        "Polygon": [
          {
            "X": 0.8267709016799927,
            "Y": 0.30555739998817444
          },
          {
            "X": 0.8609704971313477,
            "Y": 0.30252018570899963
          },
          {
            "X": 0.8617058396339417,
            "Y": 0.30850762128829956
          },
          {
            "X": 0.8274344205856323,
            "Y": 0.31152451038360596
          }
        ]
      },
      "Id": "37640c0d-fe70-428f-be84-40293cea66d3",
      "Relationships": [
        {
          "Type": "CHILD",
          "Ids": [
            "cab6bc07-8eb4-4ff7-9574-80083e793a49"
          ]
        }
      ],
      "Page": 1
    },
    {
      "BlockType": "LINE",
      "Confidence": 99.88593292236328,
      "Text": "Experience",
      "Geometry": {
        "BoundingBox": {
          "Width": 0.06534851342439651,
          "Height": 0.012657598592340946,
          "Left": 0.8276360630989075,
          "Top": 0.30751949548721313
        },
        "Polygon": [
          {
            "X": 0.8276360630989075,
            "Y": 0.31317561864852905
          },
          {
            "X": 0.8920469880104065,
            "Y": 0.30751949548721313
          },
          {
            "X": 0.8929845690727234,
            "Y": 0.314566045999527
          },
          {
            "X": 0.8284146189689636,
            "Y": 0.3201770782470703
          }
        ]
      },
      "Id": "17c88e57-5423-48fa-94de-8a0a3ed22354",
      "Relationships": [
        {
          "Type": "CHILD",
          "Ids": [
            "bcbab844-12e1-42a3-9267-4f5da261a73f"
          ]
        }
      ],
      "Page": 1
    },
    {
      "BlockType": "LINE",
      "Confidence": 99.9064712524414,
      "Text": "2025",
      "Geometry": {
        "BoundingBox": {
          "Width": 0.03035210259258747,
          "Height": 0.00820567924529314,
          "Left": 0.8283947706222534,
          "Top": 0.31843483448028564
        },
        "Polygon": [
          {
            "X": 0.8283947706222534,
            "Y": 0.32100969552993774
          },
          {
            "X": 0.8580624461174011,
            "Y": 0.31843483448028564
          },
          {
            "X": 0.8587468862533569,
            "Y": 0.3240824043750763
          },
          {
            "X": 0.8290207386016846,
            "Y": 0.3266404867172241
          }
        ]
      },
      "Id": "8bd845f4-d1b6-4000-872b-3ad6b11b29f1",
      "Relationships": [
        {
          "Type": "CHILD",
          "Ids": [
            "d9ede8a9-b1db-494e-b0f9-fea854fc4c12"
          ]
        }
      ],
      "Page": 1
    },
    {
      "BlockType": "LINE",
      "Confidence": 99.73704528808594,
      "Text": "Amazon Q",
      "Geometry": {
        "BoundingBox": {
          "Width": 0.0789579376578331,
          "Height": 0.014612769708037376,
          "Left": 0.42729830741882324,
          "Top": 0.353677362203598
        },
        "Polygon": [
          {
            "X": 0.42747583985328674,
            "Y": 0.3604624569416046
          },
          {
            "X": 0.5062299370765686,
            "Y": 0.353677362203598
          },
          {
            "X": 0.5062562227249146,
            "Y": 0.36157163977622986
          },
          {
            "X": 0.42729830741882324,
            "Y": 0.36829012632369995
          }
        ]
      },
      "Id": "69325e9e-9712-4194-b7bf-73456098ec4d",
      "Relationships": [
        {
          "Type": "CHILD",
          "Ids": [
            "66a81a56-e602-4a24-a884-11efed62ac31",
            "8e6fe70f-a634-4614-acc5-2211eb74cded"
          ]
        }
      ],
      "Page": 1
    },
    {
      "BlockType": "LINE",
      "Confidence": 98.5589370727539,
      "Text": "Developer",
      "Geometry": {
        "BoundingBox": {
          "Width": 0.07572097331285477,
          "Height": 0.015921922400593758,
          "Left": 0.42815548181533813,
          "Top": 0.3642742931842804
        },
        "Polygon": [
          {
            "X": 0.4283679723739624,
            "Y": 0.37067171931266785
          },
          {
            "X": 0.5038520693778992,
            "Y": 0.3642742931842804
          },
          {
            "X": 0.5038764476776123,
            "Y": 0.3738768994808197
          },
          {
            "X": 0.42815548181533813,
            "Y": 0.380196213722229
          }
        ]
      },
      "Id": "2b517bc6-831f-45af-84dd-7a53982abed3",
      "Relationships": [
        {
          "Type": "CHILD",
          "Ids": [
            "1bd0774e-a010-41d6-8f60-eab4b3913074"
          ]
        }
      ],
      "Page": 1
    },
    {
      "BlockType": "LINE",
      "Confidence": 99.81304168701172,
      "Text": "1,000",
      "Geometry": {
        "BoundingBox": {
          "Width": 0.22414641082286835,
          "Height": 0.06290964782238007,
          "Left": 0.14393214881420135,
          "Top": 0.435789555311203
        },
        "Polygon": [
          {
            "X": 0.14906634390354156,
            "Y": 0.4525431990623474
          },
          {
            "X": 0.3680785596370697,
            "Y": 0.435789555311203
          },
          {
            "X": 0.3661242723464966,
            "Y": 0.48314571380615234
          },
          {
            "X": 0.14393214881420135,
            "Y": 0.4986991882324219
          }
        ]
      },
      "Id": "25d49de1-6762-47a6-9e5c-1d3b01717342",
      "Relationships": [
        {
          "Type": "CHILD",
          "Ids": [
            "bf6435a2-66f0-4c55-b43b-914da9d09627"
          ]
        }
      ],
      "Page": 1
    },
    {
      "BlockType": "LINE",
      "Confidence": 99.45508575439453,
      "Text": "2",
      "Geometry": {
        "BoundingBox": {
          "Width": 0.05014835298061371,
          "Height": 0.041931044310331345,
          "Left": 0.48214447498321533,
          "Top": 0.42482149600982666
        },
        "Polygon": [
          {
            "X": 0.4823150038719177,
            "Y": 0.42860034108161926
          },
          {
            "X": 0.5318499803543091,
            "Y": 0.42482149600982666
          },
          {
            "X": 0.5322928428649902,
            "Y": 0.46318596601486206
          },
          {
            "X": 0.48214447498321533,
            "Y": 0.4667525291442871
          }
        ]
      },
      "Id": "3253488e-a06e-4161-946b-36e88b853406",
      "Relationships": [
        {
          "Type": "CHILD",
          "Ids": [
            "ac12e235-88e2-42d9-a811-a15972d51640"
          ]
        }
      ],
      "Page": 1
    },
    {
      "BlockType": "LINE",
      "Confidence": 99.9654769897461,
      "Text": "10",
      "Geometry": {
        "BoundingBox": {
          "Width": 0.12226266413927078,
          "Height": 0.05424000695347786,
          "Left": 0.6532240509986877,
          "Top": 0.4077156186103821
        },
        "Polygon": [
          {
            "X": 0.6532240509986877,
            "Y": 0.4167117476463318
          },
          {
            "X": 0.7713854312896729,
            "Y": 0.4077156186103821
          },
          {
            "X": 0.7754867076873779,
            "Y": 0.45354369282722473
          },
          {
            "X": 0.6555279493331909,
            "Y": 0.46195560693740845
          }
        ]
      },
      "Id": "14666ddf-8b16-4e80-9347-6ac7a522667c",
      "Relationships": [
        {
          "Type": "CHILD",
          "Ids": [
            "d2f9cf65-67a3-467f-bdfa-1be500d6ac07"
          ]
        }
      ],
      "Page": 1
    },
    {
      "BlockType": "LINE",
      "Confidence": 97.56367492675781,
      "Text": "Aplicações Java",
      "Geometry": {
        "BoundingBox": {
          "Width": 0.11311594396829605,
          "Height": 0.018132226541638374,
          "Left": 0.1906193345785141,
          "Top": 0.49363669753074646
        },
        "Polygon": [
          {
            "X": 0.1916167140007019,
            "Y": 0.5013896822929382
          },
          {
            "X": 0.30373528599739075,
            "Y": 0.49363669753074646
          },
          {
            "X": 0.30309510231018066,
            "Y": 0.5041547417640686
          },
          {
            "X": 0.1906193345785141,
            "Y": 0.5117689371109009
          }
        ]
      },
      "Id": "8db9bfa9-3f73-4d8f-b6c4-6cc8e2ed7e4b",
      "Relationships": [
        {
          "Type": "CHILD",
          "Ids": [
            "2340d200-6b2c-42e6-bada-9b72da6ddc85",
            "e742c668-4acb-4296-9eb2-c8fda8949f8c"
          ]
        }
      ],
      "Page": 1
    },
    {
      "BlockType": "LINE",
      "Confidence": 99.54886627197266,
      "Text": "Dias",
      "Geometry": {
        "BoundingBox": {
          "Width": 0.03296451270580292,
          "Height": 0.01052928902208805,
          "Left": 0.489841103553772,
          "Top": 0.48202642798423767
        },
        "Polygon": [
          {
            "X": 0.48985764384269714,
            "Y": 0.48428428173065186
          },
          {
            "X": 0.522735595703125,
            "Y": 0.48202642798423767
          },
          {
            "X": 0.5228056311607361,
            "Y": 0.4903288185596466
          },
          {
            "X": 0.489841103553772,
            "Y": 0.49255573749542236
          }
        ]
      },
      "Id": "4ebba8c5-0e58-4df3-b62a-62c4fa5e268f",
      "Relationships": [
        {
          "Type": "CHILD",
          "Ids": [
            "63a4edc5-397e-4f39-b563-9c207d09f2e0"
          ]
        }
      ],
      "Page": 1
    },
    {
      "BlockType": "LINE",
      "Confidence": 99.31221008300781,
      "Text": "Minutos cada,",
      "Geometry": {
        "BoundingBox": {
          "Width": 0.12260672450065613,
          "Height": 0.019362956285476685,
          "Left": 0.6593121290206909,
          "Top": 0.4662201404571533
        },
        "Polygon": [
          {
            "X": 0.6593121290206909,
            "Y": 0.47453978657722473
          },
          {
            "X": 0.7809019684791565,
            "Y": 0.4662201404571533
          },
          {
            "X": 0.7819188833236694,
            "Y": 0.47741201519966125
          },
          {
            "X": 0.6598855257034302,
            "Y": 0.48558309674263
          }
        ]
      },
      "Id": "4dea69d7-5ffa-459d-b133-cfe29989e1f9",
      "Relationships": [
        {
          "Type": "CHILD",
          "Ids": [
            "ea582941-c262-4734-b1ff-9270cd5d47b7",
            "1a5dae95-dc13-4847-9fb4-2fbd625453dd"
          ]
        }
      ],
      "Page": 1
    },
    {
      "BlockType": "LINE",
      "Confidence": 98.93162536621094,
      "Text": "em média",
      "Geometry": {
        "BoundingBox": {
          "Width": 0.08836234360933304,
          "Height": 0.014921016059815884,
          "Left": 0.6764822602272034,
          "Top": 0.48059403896331787
        },
        "Polygon": [
          {
            "X": 0.6764822602272034,
            "Y": 0.4864356517791748
          },
          {
            "X": 0.7640644907951355,
            "Y": 0.48059403896331787
          },
          {
            "X": 0.7648445963859558,
            "Y": 0.48976168036460876
          },
          {
            "X": 0.6770012974739075,
            "Y": 0.49551504850387573
          }
        ]
      },
      "Id": "444871d6-7365-4815-9839-3f569f2c2bff",
      "Relationships": [
        {
          "Type": "CHILD",
          "Ids": [
            "08bbd604-4706-479c-b975-09517141d98b",
            "dbb194a1-eea3-40d7-92a8-0d90b314abf5"
          ]
        }
      ],
      "Page": 1
    },
    {
      "BlockType": "WORD",
      "Confidence": 98.89041900634766,
      "Text": "aws",
      "TextType": "PRINTED",
      "Geometry": {
        "BoundingBox": {
          "Width": 0.06418787688016891,
          "Height": 0.017045222222805023,
          "Left": 0.7266438603401184,
          "Top": 0.3094312250614166
        },
        "Polygon": [
          {
            "X": 0.7266438603401184,
            "Y": 0.31502601504325867
          },
          {
            "X": 0.7896955609321594,
            "Y": 0.3094312250614166
          },
          {
            "X": 0.7908317446708679,
            "Y": 0.3209550380706787
          },
          {
            "X": 0.7275286912918091,
            "Y": 0.32647645473480225
          }
        ]
      },
      "Id": "5bba1648-f317-4ca7-af23-b9b17d98c63e",
      "Page": 1
    },
    {
      "BlockType": "WORD",
      "Confidence": 99.71458435058594,
      "Text": "Cloud",
      "TextType": "PRINTED",
      "Geometry": {
        "BoundingBox": {
          "Width": 0.03493495658040047,
          "Height": 0.00900434423238039,
          "Left": 0.8267709016799927,
          "Top": 0.30252018570899963
        },
        "Polygon": [
          {
            "X": 0.8267709016799927,
            "Y": 0.30555739998817444
          },
          {
            "X": 0.8609704971313477,
            "Y": 0.30252018570899963
          },
          {
            "X": 0.8617058396339417,
            "Y": 0.30850762128829956
          },
          {
            "X": 0.8274344205856323,
            "Y": 0.31152451038360596
          }
        ]
      },
      "Id": "cab6bc07-8eb4-4ff7-9574-80083e793a49",
      "Page": 1
    },
    {
      "BlockType": "WORD",
      "Confidence": 99.88593292236328,
      "Text": "Experience",
      "TextType": "PRINTED",
      "Geometry": {
        "BoundingBox": {
          "Width": 0.06534851342439651,
          "Height": 0.012657598592340946,
          "Left": 0.8276360630989075,
          "Top": 0.30751949548721313
        },
        "Polygon": [
          {
            "X": 0.8276360630989075,
            "Y": 0.31317561864852905
          },
          {
            "X": 0.8920469880104065,
            "Y": 0.30751949548721313
          },
          {
            "X": 0.8929845690727234,
            "Y": 0.314566045999527
          },
          {
            "X": 0.8284146189689636,
            "Y": 0.3201770782470703
          }
        ]
      },
      "Id": "bcbab844-12e1-42a3-9267-4f5da261a73f",
      "Page": 1
    },
    {
      "BlockType": "WORD",
      "Confidence": 99.9064712524414,
      "Text": "2025",
      "TextType": "PRINTED",
      "Geometry": {
        "BoundingBox": {
          "Width": 0.03035210259258747,
          "Height": 0.00820567924529314,
          "Left": 0.8283947706222534,
          "Top": 0.31843483448028564
        },
        "Polygon": [
          {
            "X": 0.8283947706222534,
            "Y": 0.32100969552993774
          },
          {
            "X": 0.8580624461174011,
            "Y": 0.31843483448028564
          },
          {
            "X": 0.8587468862533569,
            "Y": 0.3240824043750763
          },
          {
            "X": 0.8290207386016846,
            "Y": 0.3266404867172241
          }
        ]
      },
      "Id": "d9ede8a9-b1db-494e-b0f9-fea854fc4c12",
      "Page": 1
    },
    {
      "BlockType": "WORD",
      "Confidence": 99.94061279296875,
      "Text": "Amazon",
      "TextType": "PRINTED",
      "Geometry": {
        "BoundingBox": {
          "Width": 0.06197654455900192,
          "Height": 0.012899059802293777,
          "Left": 0.42730405926704407,
          "Top": 0.3551376461982727
        },
        "Polygon": [
          {
            "X": 0.42747583985328674,
            "Y": 0.3604624569416046
          },
          {
            "X": 0.4892806112766266,
            "Y": 0.3551376461982727
          },
          {
            "X": 0.48926326632499695,
            "Y": 0.3627624809741974
          },
          {
            "X": 0.42730405926704407,
            "Y": 0.368036687374115
          }
        ]
      },
      "Id": "66a81a56-e602-4a24-a884-11efed62ac31",
      "Page": 1
    },
    {
      "BlockType": "WORD",
      "Confidence": 99.53347778320312,
      "Text": "Q",
      "TextType": "PRINTED",
      "Geometry": {
        "BoundingBox": {
          "Width": 0.012065415270626545,
          "Height": 0.00860683899372816,
          "Left": 0.49419084191322327,
          "Top": 0.35399144887924194
        },
        "Polygon": [
          {
            "X": 0.49419572949409485,
            "Y": 0.35502782464027405
          },
          {
            "X": 0.5062309503555298,
            "Y": 0.35399144887924194
          },
          {
            "X": 0.5062562227249146,
            "Y": 0.36157163977622986
          },
          {
            "X": 0.49419084191322327,
            "Y": 0.3625982701778412
          }
        ]
      },
      "Id": "8e6fe70f-a634-4614-acc5-2211eb74cded",
      "Page": 1
    },
    {
      "BlockType": "WORD",
      "Confidence": 98.5589370727539,
      "Text": "Developer",
      "TextType": "PRINTED",
      "Geometry": {
        "BoundingBox": {
          "Width": 0.07572097331285477,
          "Height": 0.015921922400593758,
          "Left": 0.42815548181533813,
          "Top": 0.3642742931842804
        },
        "Polygon": [
          {
            "X": 0.4283679723739624,
            "Y": 0.37067171931266785
          },
          {
            "X": 0.5038520693778992,
            "Y": 0.3642742931842804
          },
          {
            "X": 0.5038764476776123,
            "Y": 0.3738768994808197
          },
          {
            "X": 0.42815548181533813,
            "Y": 0.380196213722229
          }
        ]
      },
      "Id": "1bd0774e-a010-41d6-8f60-eab4b3913074",
      "Page": 1
    },
    {
      "BlockType": "WORD",
      "Confidence": 99.81304168701172,
      "Text": "1,000",
      "TextType": "PRINTED",
      "Geometry": {
        "BoundingBox": {
          "Width": 0.22414641082286835,
          "Height": 0.06290964782238007,
          "Left": 0.14393214881420135,
          "Top": 0.435789555311203
        },
        "Polygon": [
          {
            "X": 0.14906634390354156,
            "Y": 0.4525431990623474
          },
          {
            "X": 0.3680785596370697,
            "Y": 0.435789555311203
          },
          {
            "X": 0.3661242723464966,
            "Y": 0.48314571380615234
          },
          {
            "X": 0.14393214881420135,
            "Y": 0.4986991882324219
          }
        ]
      },
      "Id": "bf6435a2-66f0-4c55-b43b-914da9d09627",
      "Page": 1
    },
    {
      "BlockType": "WORD",
      "Confidence": 99.45508575439453,
      "Text": "2",
      "TextType": "PRINTED",
      "Geometry": {
        "BoundingBox": {
          "Width": 0.05014835298061371,
          "Height": 0.041931044310331345,
          "Left": 0.48214447498321533,
          "Top": 0.42482149600982666
        },
        "Polygon": [
          {
            "X": 0.4823150038719177,
            "Y": 0.42860034108161926
          },
          {
            "X": 0.5318499803543091,
            "Y": 0.42482149600982666
          },
          {
            "X": 0.5322928428649902,
            "Y": 0.46318596601486206
          },
          {
            "X": 0.48214447498321533,
            "Y": 0.4667525291442871
          }
        ]
      },
      "Id": "ac12e235-88e2-42d9-a811-a15972d51640",
      "Page": 1
    },
    {
      "BlockType": "WORD",
      "Confidence": 99.9654769897461,
      "Text": "10",
      "TextType": "PRINTED",
      "Geometry": {
        "BoundingBox": {
          "Width": 0.12226266413927078,
          "Height": 0.05424000695347786,
          "Left": 0.6532240509986877,
          "Top": 0.4077156186103821
        },
        "Polygon": [
          {
            "X": 0.6532240509986877,
            "Y": 0.4167117476463318
          },
          {
            "X": 0.7713854312896729,
            "Y": 0.4077156186103821
          },
          {
            "X": 0.7754867076873779,
            "Y": 0.45354369282722473
          },
          {
            "X": 0.6555279493331909,
            "Y": 0.46195560693740845
          }
        ]
      },
      "Id": "d2f9cf65-67a3-467f-bdfa-1be500d6ac07",
      "Page": 1
    },
    {
      "BlockType": "WORD",
      "Confidence": 95.74044036865234,
      "Text": "Aplicações",
      "TextType": "PRINTED",
      "Geometry": {
        "BoundingBox": {
          "Width": 0.07713739573955536,
          "Height": 0.01564430631697178,
          "Left": 0.1906193345785141,
          "Top": 0.49612462520599365
        },
        "Polygon": [
          {
            "X": 0.1916167140007019,
            "Y": 0.5013896822929382
          },
          {
            "X": 0.26775673031806946,
            "Y": 0.49612462520599365
          },
          {
            "X": 0.26700064539909363,
            "Y": 0.506598174571991
          },
          {
            "X": 0.1906193345785141,
            "Y": 0.5117689371109009
          }
        ]
      },
      "Id": "2340d200-6b2c-42e6-bada-9b72da6ddc85",
      "Page": 1
    },
    {
      "BlockType": "WORD",
      "Confidence": 99.38690948486328,
      "Text": "Java",
      "TextType": "PRINTED",
      "Geometry": {
        "BoundingBox": {
          "Width": 0.03248530253767967,
          "Height": 0.01016929466277361,
          "Left": 0.2711808681488037,
          "Top": 0.4947720170021057
        },
        "Polygon": [
          {
            "X": 0.27174580097198486,
            "Y": 0.49697431921958923
          },
          {
            "X": 0.3036661744117737,
            "Y": 0.4947720170021057
          },
          {
            "X": 0.30317944288253784,
            "Y": 0.5027689933776855
          },
          {
            "X": 0.2711808681488037,
            "Y": 0.5049413442611694
          }
        ]
      },
      "Id": "e742c668-4acb-4296-9eb2-c8fda8949f8c",
      "Page": 1
    },
    {
      "BlockType": "WORD",
      "Confidence": 99.54886627197266,
      "Text": "Dias",
      "TextType": "PRINTED",
      "Geometry": {
        "BoundingBox": {
          "Width": 0.03296451270580292,
          "Height": 0.01052928902208805,
          "Left": 0.489841103553772,
          "Top": 0.48202642798423767
        },
        "Polygon": [
          {
            "X": 0.48985764384269714,
            "Y": 0.48428428173065186
          },
          {
            "X": 0.522735595703125,
            "Y": 0.48202642798423767
          },
          {
            "X": 0.5228056311607361,
            "Y": 0.4903288185596466
          },
          {
            "X": 0.489841103553772,
            "Y": 0.49255573749542236
          }
        ]
      },
      "Id": "63a4edc5-397e-4f39-b563-9c207d09f2e0",
      "Page": 1
    },
    {
      "BlockType": "WORD",
      "Confidence": 99.77595520019531,
      "Text": "Minutos",
      "TextType": "PRINTED",
      "Geometry": {
        "BoundingBox": {
          "Width": 0.07096415013074875,
          "Height": 0.01419841218739748,
          "Left": 0.6593121290206909,
          "Top": 0.4697323143482208
        },
        "Polygon": [
          {
            "X": 0.6593121290206909,
            "Y": 0.47453978657722473
          },
          {
            "X": 0.7295722365379333,
            "Y": 0.4697323143482208
          },
          {
            "X": 0.7302762866020203,
            "Y": 0.47919631004333496
          },
          {
            "X": 0.6597997546195984,
            "Y": 0.4839307367801666
          }
        ]
      },
      "Id": "ea582941-c262-4734-b1ff-9270cd5d47b7",
      "Page": 1
    },
    {
      "BlockType": "WORD",
      "Confidence": 98.84846496582031,
      "Text": "cada,",
      "TextType": "PRINTED",
      "Geometry": {
        "BoundingBox": {
          "Width": 0.04757184162735939,
          "Height": 0.01335183810442686,
          "Left": 0.7343470454216003,
          "Top": 0.4671938121318817
        },
        "Polygon": [
          {
            "X": 0.7343470454216003,
            "Y": 0.47037938237190247
          },
          {
            "X": 0.780990481376648,
            "Y": 0.4671938121318817
          },
          {
            "X": 0.7819188833236694,
            "Y": 0.47741201519966125
          },
          {
            "X": 0.7351186871528625,
            "Y": 0.48054566979408264
          }
        ]
      },
      "Id": "1a5dae95-dc13-4847-9fb4-2fbd625453dd",
      "Page": 1
    },
    {
      "BlockType": "WORD",
      "Confidence": 99.56614685058594,
      "Text": "em",
      "TextType": "PRINTED",
      "Geometry": {
        "BoundingBox": {
          "Width": 0.027513202279806137,
          "Height": 0.008729676716029644,
          "Left": 0.6765695214271545,
          "Top": 0.48616355657577515
        },
        "Polygon": [
          {
            "X": 0.6765695214271545,
            "Y": 0.48796266317367554
          },
          {
            "X": 0.703625500202179,
            "Y": 0.48616355657577515
          },
          {
            "X": 0.704082727432251,
            "Y": 0.4931149482727051
          },
          {
            "X": 0.6769657731056213,
            "Y": 0.49489322304725647
          }
        ]
      },
      "Id": "08bbd604-4706-479c-b975-09517141d98b",
      "Page": 1
    },
    {
      "BlockType": "WORD",
      "Confidence": 98.297119140625,
      "Text": "média",
      "TextType": "PRINTED",
      "Geometry": {
        "BoundingBox": {
          "Width": 0.055575426667928696,
          "Height": 0.012767249718308449,
          "Left": 0.7092691659927368,
          "Top": 0.48059403896331787
        },
        "Polygon": [
          {
            "X": 0.7092691659927368,
            "Y": 0.4842488169670105
          },
          {
            "X": 0.7640644907951355,
            "Y": 0.48059403896331787
          },
          {
            "X": 0.7648445963859558,
            "Y": 0.48976168036460876
          },
          {
            "X": 0.70988529920578,
            "Y": 0.49336129426956177
          }
        ]
      },
      "Id": "dbb194a1-eea3-40d7-92a8-0d90b314abf5",
      "Page": 1
    }
  ],
  "DetectDocumentTextModelVersion": "1.0"
}