{
  "DocumentMetadata": {
    "Pages": 1
  },
  "JobStatus": "SUCCEEDED",
  "Blocks": [
    {
      "BlockType": "PAGE",
      "Geometry": {
        "BoundingBox": {
          "Width": 1,
          "Height": 1,
          "Left": 0,
          "Top": 0
        },
        "Polygon": [
          {
            "X": 0,
            "Y": 0.00253015523776412
          },
          {
            "X": 0.9953886866569519,
            "Y": 0
          },
          {
            "X": 1,
            "Y": 0.997569739818573
          },
          {
            "X": 0.00144204159732908,
            "Y": 1
          }
        ]
      },
      "Id": "67f2a0b4-84d6-4a02-85a3-c8bbdbf981ef",
      "Relationships": [
        {
          "Type": "CHILD",
          "Ids": [
            "bf7a3d6d-d755-4005-888d-e4bda21699ac",
            "542211fe-0388-42f1-b4f4-315989563f5f",
            "0d6877ac-7bf4-43b5-968f-01a2b817dfd4",
            "fcd7ddcb-4594-432f-94a7-2e2e2ea3e332",
            "2adb589f-2cdc-48fe-aa11-476d17d9a6af",
            "19e77177-8e13-4e30-9d75-99e0c7abd24c",
            "8a9ab87d-e667-45a8-81f7-d851ee775eb1",
            "5cf743e7-ba1f-4d96-bffb-eadbee301504",
            "d8c7f17a-a55a-4888-9c09-5a6152b67997",
            "0f2f1ac8-0a5c-4d54-bc85-b4532b1b9f58",
            "d56b5e84-0a97-4a16-b79b-ec996e8727be",
            "adc15894-df83-4575-b2f5-78679ad1a0a2",
            "baf3cb1c-9687-41f0-b2c2-162d29a12879",
            "d70c61c0-8c2b-4897-b1d5-4d50c9ff20c5",
            "b96cb9dd-73fb-4836-9866-244cc95fb3b6",
            "fd2faeaf-ba77-478a-9482-53f843d4a337",
            "6351d0b2-9e35-4cf4-b037-07c3cec719c1",
            "5257c7f4-6567-4238-993a-97f39c8edd19",
            "eddb7795-2214-4827-923b-11f29b9b26c8",
            "7ddabdbe-d892-4f2d-ad68-a45744caa046",
            "102ffd52-52c5-48db-82ce-fb9fcff4f126"
          ]
        }
      ],
      "Page": 1
    },
    {
      "BlockType": "LINE",
      "Confidence": 98.1263427734375,
      "Text": "Cloud",
      "Geometry": {
        "BoundingBox": {
          "Width": 0.02463405765593052,
          "Height": 0.007462583016604185,
          "Left": 0.7260486483573914,
          "Top": 0.2362585812807083
        },
        "Polygon": [
          {
            "X": 0.7260486483573914,
            "Y": 0.23771637678146362
          },
          {
            "X": 0.7502683997154236,
            "Y": 0.2362585812807083
          },
          {
            "X": 0.7506827116012573,
            "Y": 0.24226714670658112
          },
          {
            "X": 0.7264567017555237,
            "Y": 0.24372117221355438
          }
        ]
      },
      "Id": "bf7a3d6d-d755-4005-888d-e4bda21699ac",
      "Relationships": [
        {
          "Type": "CHILD",
          "Ids": [
            "0ff44dad-d0a3-4d59-b940-993b5b9863d7"
          ]
        }
      ],
      "Page": 1
    },
    {
      "BlockType": "LINE",
      "Confidence": 93.52095031738281,
      "Text": "aws",
      "Geometry": {
        "BoundingBox": {
          "Width": 0.04645965248346329,
          "Height": 0.014930523000657558,
          "Left": 0.6528501510620117,
          "Top": 0.242434561252594
        },
        "Polygon": [
          {
            "X": 0.6528501510620117,
            "Y": 0.2451779544353485
          },
          {
            "X": 0.698494553565979,
            "Y": 0.242434561252594
          },
          {
            "X": 0.6993098258972168,
            "Y": 0.25463613867759705
          },
          {
            "X": 0.6536415815353394,
            "Y": 0.25736507773399353
          }
        ]
      },
      "Id": "542211fe-0388-42f1-b4f4-315989563f5f",
      "Relationships": [
        {
          "Type": "CHILD",
          "Ids": [
            "6bc68291-ce50-4d85-af72-e565f30fa32e"
          ]
        }
      ],
      "Page": 1
    },
    {
      "BlockType": "LINE",
      "Confidence": 99.65409851074219,
      "Text": "Experience",
      "Geometry": {
        "BoundingBox": {
          "Width": 0.0463731624186039,
          "Height": 0.010233507491648197,
          "Left": 0.726366400718689,
          "Top": 0.24184486269950867
        },
        "Polygon": [
          {
            "X": 0.726366400718689,
            "Y": 0.24459561705589294
          },
          {
            "X": 0.7722164392471313,
            "Y": 0.24184486269950867
          },
          {
            "X": 0.772739589214325,
            "Y": 0.24933649599552155
          },
          {
            "X": 0.726874828338623,
            "Y": 0.2520783543586731
          }
        ]
      },
      "Id": "0d6877ac-7bf4-43b5-968f-01a2b817dfd4",
      "Relationships": [
        {
          "Type": "CHILD",
          "Ids": [
            "06a4479a-b950-4fd0-817e-416d147905fd"
          ]
        }
      ],
      "Page": 1
    },
    {
      "BlockType": "LINE",
      "Confidence": 98.6111831665039,
      "Text": "Personalize modelos de fundação",
      "Geometry": {
        "BoundingBox": {
          "Width": 0.3074380159378052,
          "Height": 0.0475212037563324,
          "Left": 0.16493269801139832,
          "Top": 0.26283201575279236
        },
        "Polygon": [
          {
            "X": 0.16493269801139832,
            "Y": 0.28114989399909973
          },
          {
            "X": 0.47067931294441223,
            "Y": 0.26283201575279236
          },
          {
            "X": 0.4723707139492035,
            "Y": 0.2922709584236145
          },
          {
            "X": 0.1662449687719345,
            "Y": 0.31035321950912476
          }
        ]
      },
      "Id": "fcd7ddcb-4594-432f-94a7-2e2e2ea3e332",
      "Relationships": [
        {
          "Type": "CHILD",
          "Ids": [
            "852789f8-1c6e-43fa-96bc-24b7b1dc4767",
            "3709eaff-6efa-4c93-9484-83f6260b8e56",
            "c532ea00-56b0-4698-964f-dfce627ea382",
            "2b86dfa1-773c-4165-889b-04198d889fe5"
          ]
        }
      ],
      "Page": 1
    },
    {
      "BlockType": "LINE",
      "Confidence": 99.9278335571289,
      "Text": "2025",
      "Geometry": {
        "BoundingBox": {
          "Width": 0.021335966885089874,
          "Height": 0.006681682541966438,
          "Left": 0.7267400026321411,
          "Top": 0.25203269720077515
        },
        "Polygon": [
          {
            "X": 0.7267400026321411,
            "Y": 0.25328513979911804
          },
          {
            "X": 0.7477022409439087,
            "Y": 0.25203269720077515
          },
          {
            "X": 0.7480759620666504,
            "Y": 0.2574648857116699
          },
          {
            "X": 0.7271088361740112,
            "Y": 0.25871437788009644
          }
        ]
      },
      "Id": "2adb589f-2cdc-48fe-aa11-476d17d9a6af",
      "Relationships": [
        {
          "Type": "CHILD",
          "Ids": [
            "9f8c8f30-6e2b-4759-bd8f-72593944e0be"
          ]
        }
      ],
      "Page": 1
    },
    {
      "BlockType": "LINE",
      "Confidence": 97.83100128173828,
      "Text": "Selecione entre os modelos",
      "Geometry": {
        "BoundingBox": {
          "Width": 0.17811699211597443,
          "Height": 0.02771613374352455,
          "Left": 0.17141340672969818,
          "Top": 0.3192003071308136
        },
        "Polygon": [
          {
            "X": 0.17141340672969818,
            "Y": 0.3295677602291107
          },
          {
            "X": 0.34861794114112854,
            "Y": 0.3192003071308136
          },
          {
            "X": 0.3495303988456726,
            "Y": 0.33663031458854675
          },
          {
            "X": 0.17219601571559906,
            "Y": 0.34691646695137024
          }
        ]
      },
      "Id": "19e77177-8e13-4e30-9d75-99e0c7abd24c",
      "Relationships": [
        {
          "Type": "CHILD",
          "Ids": [
            "2ddd4341-d20a-42b4-b146-c34f32b98733",
            "d850e552-9f89-4ed0-98b9-a265b8b8f30f",
            "b9e1184c-2e91-40e6-a96b-af35a199b422",
            "b7c60f39-984b-4a0f-b784-a4427a2fbe81"
          ]
        }
      ],
      "Page": 1
    },
    {
      "BlockType": "LINE",
      "Confidence": 99.36568450927734,
      "Text": "Cloud",
      "Geometry": {
        "BoundingBox": {
          "Width": 0.04764207825064659,
          "Height": 0.016493715345859528,
          "Left": 0.0049826642498373985,
          "Top": 0.36189326643943787
        },
        "Polygon": [
          {
            "X": 0.0049826642498373985,
            "Y": 0.3646136522293091
          },
          {
            "X": 0.052070386707782745,
            "Y": 0.36189326643943787
          },
          {
            "X": 0.052624739706516266,
            "Y": 0.37568387389183044
          },
          {
            "X": 0.005509887356311083,
            "Y": 0.3783870041370392
          }
        ]
      },
      "Id": "8a9ab87d-e667-45a8-81f7-d851ee775eb1",
      "Relationships": [
        {
          "Type": "CHILD",
          "Ids": [
            "006d4023-bbec-423d-a447-6610ab5958ff"
          ]
        }
      ],
      "Page": 1
    },
    {
      "BlockType": "LINE",
      "Confidence": 99.48603820800781,
      "Text": "Amazon Bedrock e SageMaker",
      "Geometry": {
        "BoundingBox": {
          "Width": 0.19961845874786377,
          "Height": 0.027434203773736954,
          "Left": 0.16889522969722748,
          "Top": 0.3341892957687378
        },
        "Polygon": [
          {
            "X": 0.16889522969722748,
            "Y": 0.34572672843933105
          },
          {
            "X": 0.36766523122787476,
            "Y": 0.3341892957687378
          },
          {
            "X": 0.36851367354393005,
            "Y": 0.35016968846321106
          },
          {
            "X": 0.16961024701595306,
            "Y": 0.36162349581718445
          }
        ]
      },
      "Id": "5cf743e7-ba1f-4d96-bffb-eadbee301504",
      "Relationships": [
        {
          "Type": "CHILD",
          "Ids": [
            "bde2bd44-a6fb-47f0-95fb-d9569ca81336",
            "918e6202-2a64-49ca-872e-c7fd42004f4e",
            "d10ae92f-1e8b-4393-9ca9-7c743e0011d0",
            "8bb0a2e7-532f-4b24-85dd-021d51c312ca"
          ]
        }
      ],
      "Page": 1
    },
    {
      "BlockType": "LINE",
      "Confidence": 99.454345703125,
      "Text": "JumpStart",
      "Geometry": {
        "BoundingBox": {
          "Width": 0.06629429757595062,
          "Height": 0.015608315356075764,
          "Left": 0.1677192896604538,
          "Top": 0.3638180196285248
        },
        "Polygon": [
          {
            "X": 0.1677192896604538,
            "Y": 0.3675919771194458
          },
          {
            "X": 0.23344962298870087,
            "Y": 0.3638180196285248
          },
          {
            "X": 0.23401357233524323,
            "Y": 0.37567299604415894
          },
          {
            "X": 0.16825054585933685,
            "Y": 0.37942633032798767
          }
        ]
      },
      "Id": "d8c7f17a-a55a-4888-9c09-5a6152b67997",
      "Relationships": [
        {
          "Type": "CHILD",
          "Ids": [
            "11d879c6-0da4-409d-8933-2d027cdea488"
          ]
        }
      ],
      "Page": 1
    },
    {
      "BlockType": "LINE",
      "Confidence": 99.74942016601562,
      "Text": "Experience",
      "Geometry": {
        "BoundingBox": {
          "Width": 0.09036598354578018,
          "Height": 0.020413026213645935,
          "Left": 0.0015625562518835068,
          "Top": 0.37863782048225403
        },
        "Polygon": [
          {
            "X": 0.0015625562518835068,
            "Y": 0.3837722837924957
          },
          {
            "X": 0.09128890931606293,
            "Y": 0.37863782048225403
          },
          {
            "X": 0.09192854166030884,
            "Y": 0.3939529061317444
          },
          {
            "X": 0.0021448186598718166,
            "Y": 0.39905083179473877
          }
        ]
      },
      "Id": "0f2f1ac8-0a5c-4d54-bc85-b4532b1b9f58",
      "Relationships": [
        {
          "Type": "CHILD",
          "Ids": [
            "d76bb656-1187-48d1-839d-799bade7fd0a"
          ]
        }
      ],
      "Page": 1
    },
    {
      "BlockType": "LINE",
      "Confidence": 99.5295639038086,
      "Text": "2025",
      "Geometry": {
        "BoundingBox": {
          "Width": 0.03940789774060249,
          "Height": 0.013717783614993095,
          "Left": 0,
          "Top": 0.4020422399044037
        },
        "Polygon": [
          {
            "X": 0,
            "Y": 0.40427905321121216
          },
          {
            "X": 0.0389527752995491,
            "Y": 0.4020422399044037
          },
          {
            "X": 0.03940789774060249,
            "Y": 0.41353529691696167
          },
          {
            "X": 0,
            "Y": 0.41576001048088074
          }
        ]
      },
      "Id": "d56b5e84-0a97-4a16-b79b-ec996e8727be",
      "Relationships": [
        {
          "Type": "CHILD",
          "Ids": [
            "b4d01d22-2e30-4de1-9e21-89f4b45c89a5"
          ]
        }
      ],
      "Page": 1
    },
    {
      "BlockType": "LINE",
      "Confidence": 99.23987579345703,
      "Text": "Aplique RAG ou ajuste",
      "Geometry": {
        "BoundingBox": {
          "Width": 0.14558246731758118,
          "Height": 0.022651605308055878,
          "Left": 0.165059894323349,
          "Top": 0.379181832075119
        },
        "Polygon": [
          {
            "X": 0.165059894323349,
            "Y": 0.38741636276245117
          },
          {
            "X": 0.3099093437194824,
            "Y": 0.379181832075119
          },
          {
            "X": 0.3106423616409302,
            "Y": 0.3936542868614197
          },
          {
            "X": 0.16570502519607544,
            "Y": 0.4018334448337555
          }
        ]
      },
      "Id": "adc15894-df83-4575-b2f5-78679ad1a0a2",
      "Relationships": [
        {
          "Type": "CHILD",
          "Ids": [
            "20ee3b77-d1dd-4c74-a11a-b0cb4a2bc26b",
            "00a192a6-6fb0-43ed-b6eb-63df9c37035b",
            "dda94419-6529-46be-93f2-075ca8c171e7",
            "0faf2f3d-63de-4565-bb1d-135ffb3fa50d"
          ]
        }
      ],
      "Page": 1
    },
    {
      "BlockType": "LINE",
      "Confidence": 85.64895629882812,
      "Text": "Model",
      "Geometry": {
        "BoundingBox": {
          "Width": 0.016536127775907516,
          "Height": 0.004819904454052448,
          "Left": 0.40309643745422363,
          "Top": 0.3860119879245758
        },
        "Polygon": [
          {
            "X": 0.40309643745422363,
            "Y": 0.38693374395370483
          },
          {
            "X": 0.41941776871681213,
            "Y": 0.3860119879245758
          },
          {
            "X": 0.41963258385658264,
            "Y": 0.38991183042526245
          },
          {
            "X": 0.40330857038497925,
            "Y": 0.39083191752433777
          }
        ]
      },
      "Id": "baf3cb1c-9687-41f0-b2c2-162d29a12879",
      "Relationships": [
        {
          "Type": "CHILD",
          "Ids": [
            "6f0fbd08-f199-4b2a-9fe6-58e5a6e52b65"
          ]
        }
      ],
      "Page": 1
    },
    {
      "BlockType": "LINE",
      "Confidence": 43.705421447753906,
      "Text": "@",
      "Geometry": {
        "BoundingBox": {
          "Width": 0.007233709096908569,
          "Height": 0.0060446597635746,
          "Left": 0.6104729771614075,
          "Top": 0.3768977224826813
        },
        "Polygon": [
          {
            "X": 0.6104729771614075,
            "Y": 0.3772856593132019
          },
          {
            "X": 0.6173494458198547,
            "Y": 0.3768977224826813
          },
          {
            "X": 0.6177067160606384,
            "Y": 0.38255545496940613
          },
          {
            "X": 0.6108286380767822,
            "Y": 0.3829423785209656
          }
        ]
      },
      "Id": "d70c61c0-8c2b-4897-b1d5-4d50c9ff20c5",
      "Relationships": [
        {
          "Type": "CHILD",
          "Ids": [
            "71fff115-c34e-420d-a1ca-66e13f682a1a"
          ]
        }
      ],
      "Page": 1
    },
    {
      "BlockType": "LINE",
      "Confidence": 99.21772766113281,
      "Text": "modelos",
      "Geometry": {
        "BoundingBox": {
          "Width": 0.05416470766067505,
          "Height": 0.01296625379472971,
          "Left": 0.16438551247119904,
          "Top": 0.4033791720867157
        },
        "Polygon": [
          {
            "X": 0.16438551247119904,
            "Y": 0.4064025282859802
          },
          {
            "X": 0.21808353066444397,
            "Y": 0.4033791720867157
          },
          {
            "X": 0.21855022013187408,
            "Y": 0.41333624720573425
          },
          {
            "X": 0.164829820394516,
            "Y": 0.41634541749954224
          }
        ]
      },
      "Id": "b96cb9dd-73fb-4836-9866-244cc95fb3b6",
      "Relationships": [
        {
          "Type": "CHILD",
          "Ids": [
            "f8223270-4728-4be5-b3f5-7da21a36f010"
          ]
        }
      ],
      "Page": 1
    },
    {
      "BlockType": "LINE",
      "Confidence": 73.49808502197266,
      "Text": "2 156",
      "Geometry": {
        "BoundingBox": {
          "Width": 0.023076403886079788,
          "Height": 0.007354286964982748,
          "Left": 0.4033270478248596,
          "Top": 0.3992099463939667
        },
        "Polygon": [
          {
            "X": 0.4033270478248596,
            "Y": 0.4004853665828705
          },
          {
            "X": 0.42606693506240845,
            "Y": 0.3992099463939667
          },
          {
            "X": 0.4264034628868103,
            "Y": 0.40529245138168335
          },
          {
            "X": 0.4036577343940735,
            "Y": 0.40656423568725586
          }
        ]
      },
      "Id": "fd2faeaf-ba77-478a-9482-53f843d4a337",
      "Relationships": [
        {
          "Type": "CHILD",
          "Ids": [
            "eba8f4e7-59c1-4478-ae89-702531f373e3",
            "64840ae4-c268-4ff1-b605-ce3c1e8b5e45"
          ]
        }
      ],
      "Page": 1
    },
    {
      "BlockType": "LINE",
      "Confidence": 81.00536346435547,
      "Text": "0.770",
      "Geometry": {
        "BoundingBox": {
          "Width": 0.025631360709667206,
          "Height": 0.008172357454895973,
          "Left": 0.5283580422401428,
          "Top": 0.3890092670917511
        },
        "Polygon": [
          {
            "X": 0.5283580422401428,
            "Y": 0.3904260993003845
          },
          {
            "X": 0.5535802245140076,
            "Y": 0.3890092670917511
          },
          {
            "X": 0.5539894104003906,
            "Y": 0.39576926827430725
          },
          {
            "X": 0.5287600159645081,
            "Y": 0.3971816301345825
          }
        ]
      },
      "Id": "6351d0b2-9e35-4cf4-b037-07c3cec719c1",
      "Relationships": [
        {
          "Type": "CHILD",
          "Ids": [
            "69fa0c8e-b131-41d3-839e-075786f1a048"
          ]
        }
      ],
      "Page": 1
    },
    {
      "BlockType": "LINE",
      "Confidence": 87.5960922241211,
      "Text": "1441",
      "Geometry": {
        "BoundingBox": {
          "Width": 0.026006698608398438,
          "Height": 0.0074340165592730045,
          "Left": 0.5809281468391418,
          "Top": 0.38522836565971375
        },
        "Polygon": [
          {
            "X": 0.5809281468391418,
            "Y": 0.38666874170303345
          },
          {
            "X": 0.6065588593482971,
            "Y": 0.38522836565971375
          },
          {
            "X": 0.6069348454475403,
            "Y": 0.39122605323791504
          },
          {
            "X": 0.5812976360321045,
            "Y": 0.39266237616539
          }
        ]
      },
      "Id": "5257c7f4-6567-4238-993a-97f39c8edd19",
      "Relationships": [
        {
          "Type": "CHILD",
          "Ids": [
            "1ce79433-f2f3-48bb-9ada-9472e88508c1"
          ]
        }
      ],
      "Page": 1
    },
    {
      "BlockType": "LINE",
      "Confidence": 99.45146179199219,
      "Text": "Avalie modelos",
      "Geometry": {
        "BoundingBox": {
          "Width": 0.09893036633729935,
          "Height": 0.01601741835474968,
          "Left": 0.16159577667713165,
          "Top": 0.42290106415748596
        },
        "Polygon": [
          {
            "X": 0.16159577667713165,
            "Y": 0.4283803403377533
          },
          {
            "X": 0.2600133419036865,
            "Y": 0.42290106415748596
          },
          {
            "X": 0.2605261504650116,
            "Y": 0.43346676230430603
          },
          {
            "X": 0.1620650589466095,
            "Y": 0.43891847133636475
          }
        ]
      },
      "Id": "eddb7795-2214-4827-923b-11f29b9b26c8",
      "Relationships": [
        {
          "Type": "CHILD",
          "Ids": [
            "5311fe3d-09b8-47a6-b8f6-85e4bbfd7d7d",
            "12aeeef5-7bc2-4f57-a839-de63465c6dea"
          ]
        }
      ],
      "Page": 1
    },
    {
      "BlockType": "LINE",
      "Confidence": 99.74970245361328,
      "Text": "Escolha na tabela de",
      "Geometry": {
        "BoundingBox": {
          "Width": 0.1356062889099121,
          "Height": 0.0178995318710804,
          "Left": 0.1595071256160736,
          "Top": 0.44403377175331116
        },
        "Polygon": [
          {
            "X": 0.1595071256160736,
            "Y": 0.45146486163139343
          },
          {
            "X": 0.29458922147750854,
            "Y": 0.44403377175331116
          },
          {
            "X": 0.2951134145259857,
            "Y": 0.45453983545303345
          },
          {
            "X": 0.15997198224067688,
            "Y": 0.46193331480026245
          }
        ]
      },
      "Id": "7ddabdbe-d892-4f2d-ad68-a45744caa046",
      "Relationships": [
        {
          "Type": "CHILD",
          "Ids": [
            "09905bb8-f936-46b4-8e06-c3fbc041a497",
            "e1ccd7b0-9668-4333-b1f9-26d0f3c4adf1",
            "f1d532d0-141f-4a01-82a6-31c7d81828b5",
            "e5e8a53f-5059-4099-a408-b08a6201b62d"
          ]
        }
      ],
      "Page": 1
    },
    {
      "BlockType": "LINE",
      "Confidence": 98.54759216308594,
      "Text": "classificação de modelos",
      "Geometry": {
        "BoundingBox": {
          "Width": 0.1646360158920288,
          "Height": 0.021599624305963516,
          "Left": 0.15730123221874237,
          "Top": 0.4598116874694824
        },
        "Polygon": [
          {
            "X": 0.15730123221874237,
            "Y": 0.46875181794166565
          },
          {
            "X": 0.3212895095348358,
            "Y": 0.4598116874694824
          },
          {
            "X": 0.32193723320961,
            "Y": 0.472526490688324
          },
          {
            "X": 0.1578618586063385,
            "Y": 0.48141130805015564
          }
        ]
      },
      "Id": "102ffd52-52c5-48db-82ce-fb9fcff4f126",
      "Relationships": [
        {
          "Type": "CHILD",
          "Ids": [
            "fe753476-7694-482c-9255-1bcb87170a46",
            "a4611457-74f5-4a75-b828-d04ce482ee02",
            "626af607-9e2a-47d2-8258-d58b1ada575e"
          ]
        }
      ],
      "Page": 1
    },
    {
      "BlockType": "WORD",
      "Confidence": 98.1263427734375,
      "Text": "Cloud",
      "TextType": "PRINTED",
      "Geometry": {
        "BoundingBox": {
          "Width": 0.02463405765593052,
          "Height": 0.007462583016604185,
          "Left": 0.7260486483573914,
          "Top": 0.2362585812807083
        },
        "Polygon": [
          {
            "X": 0.7260486483573914,
            "Y": 0.23771637678146362
          },
          {
            "X": 0.7502683997154236,
            "Y": 0.2362585812807083
          },
          {
            "X": 0.7506827116012573,
            "Y": 0.24226714670658112
          },
          {
            "X": 0.7264567017555237,
            "Y": 0.24372117221355438
          }
        ]
      },
      "Id": "0ff44dad-d0a3-4d59-b940-993b5b9863d7",
      "Page": 1
    },
    {
      "BlockType": "WORD",
      "Confidence": 93.52095031738281,
      "Text": "aws",
      "TextType": "PRINTED",
      "Geometry": {
        "BoundingBox": {
          "Width": 0.04645965248346329,
          "Height": 0.014930523000657558,
          "Left": 0.6528501510620117,
          "Top": 0.242434561252594
        },
        "Polygon": [
          {
            "X": 0.6528501510620117,
            "Y": 0.2451779544353485
          },
          {
            "X": 0.698494553565979,
            "Y": 0.242434561252594
          },
          {
            "X": 0.6993098258972168,
            "Y": 0.25463613867759705
          },
          {
            "X": 0.6536415815353394,
            "Y": 0.25736507773399353
          }
        ]
      },
      "Id": "6bc68291-ce50-4d85-af72-e565f30fa32e",
      "Page": 1
    },
    {
      "BlockType": "WORD",
      "Confidence": 99.65409851074219,
      "Text": "Experience",
      "TextType": "PRINTED",
      "Geometry": {
        "BoundingBox": {
          "Width": 0.0463731624186039,
          "Height": 0.010233507491648197,
          "Left": 0.726366400718689,
          "Top": 0.24184486269950867
        },
        "Polygon": [
          {
            "X": 0.726366400718689,
            "Y": 0.24459561705589294
          },
          {
            "X": 0.7722164392471313,
            "Y": 0.24184486269950867
          },
          {
            "X": 0.772739589214325,
            "Y": 0.24933649599552155
          },
          {
            "X": 0.726874828338623,
            "Y": 0.2520783543586731
          }
        ]
      },
      "Id": "06a4479a-b950-4fd0-817e-416d147905fd",
      "Page": 1
    },
    {
      "BlockType": "WORD",
      "Confidence": 98.34661865234375,
      "Text": "Personalize",
      "TextType": "PRINTED",
      "Geometry": {
        "BoundingBox": {
          "Width": 0.09776653349399567,
          "Height": 0.023083509877324104,
          "Left": 0.16546711325645447,
          "Top": 0.2872697114944458
        },
        "Polygon": [
          {
            "X": 0.16546711325645447,
            "Y": 0.293042927980423
          },
          {
            "X": 0.2623850107192993,
            "Y": 0.2872697114944458
          },
          {
            "X": 0.26323366165161133,
            "Y": 0.3046242892742157
          },
          {
            "X": 0.1662449687719345,
            "Y": 0.31035321950912476
          }
        ]
      },
      "Id": "852789f8-1c6e-43fa-96bc-24b7b1dc4767",
      "Page": 1
    },
    {
      "BlockType": "WORD",
      "Confidence": 99.25052642822266,
      "Text": "modelos",
      "TextType": "PRINTED",
      "Geometry": {
        "BoundingBox": {
          "Width": 0.07909920811653137,
          "Height": 0.02076089195907116,
          "Left": 0.2680015563964844,
          "Top": 0.27714797854423523
        },
        "Polygon": [
          {
            "X": 0.2680015563964844,
            "Y": 0.28182101249694824
          },
          {
            "X": 0.34625694155693054,
            "Y": 0.27714797854423523
          },
          {
            "X": 0.34710076451301575,
            "Y": 0.29326894879341125
          },
          {
            "X": 0.2687920928001404,
            "Y": 0.29790887236595154
          }
        ]
      },
      "Id": "3709eaff-6efa-4c93-9484-83f6260b8e56",
      "Page": 1
    },
    {
      "BlockType": "WORD",
      "Confidence": 99.77930450439453,
      "Text": "de",
      "TextType": "PRINTED",
      "Geometry": {
        "BoundingBox": {
          "Width": 0.02349843643605709,
          "Height": 0.015189818106591702,
          "Left": 0.35158708691596985,
          "Top": 0.2736368775367737
        },
        "Polygon": [
          {
            "X": 0.35158708691596985,
            "Y": 0.2749970853328705
          },
          {
            "X": 0.37434521317481995,
            "Y": 0.2736368775367737
          },
          {
            "X": 0.3750855028629303,
            "Y": 0.28747475147247314
          },
          {
            "X": 0.3523140251636505,
            "Y": 0.28882667422294617
          }
        ]
      },
      "Id": "c532ea00-56b0-4698-964f-dfce627ea382",
      "Page": 1
    },
    {
      "BlockType": "WORD",
      "Confidence": 97.06828308105469,
      "Text": "fundação",
      "TextType": "PRINTED",
      "Geometry": {
        "BoundingBox": {
          "Width": 0.09259737282991409,
          "Height": 0.02384246699512005,
          "Left": 0.3791392147541046,
          "Top": 0.26283201575279236
        },
        "Polygon": [
          {
            "X": 0.3791392147541046,
            "Y": 0.2683163583278656
          },
          {
            "X": 0.47067931294441223,
            "Y": 0.26283201575279236
          },
          {
            "X": 0.4717366099357605,
            "Y": 0.28123417496681213
          },
          {
            "X": 0.38012513518333435,
            "Y": 0.28667446970939636
          }
        ]
      },
      "Id": "2b86dfa1-773c-4165-889b-04198d889fe5",
      "Page": 1
    },
    {
      "BlockType": "WORD",
      "Confidence": 99.9278335571289,
      "Text": "2025",
      "TextType": "PRINTED",
      "Geometry": {
        "BoundingBox": {
          "Width": 0.021335966885089874,
          "Height": 0.006681682541966438,
          "Left": 0.7267400026321411,
          "Top": 0.25203269720077515
        },
        "Polygon": [
          {
            "X": 0.7267400026321411,
            "Y": 0.25328513979911804
          },
          {
            "X": 0.7477022409439087,
            "Y": 0.25203269720077515
          },
          {
            "X": 0.7480759620666504,
            "Y": 0.2574648857116699
          },
          {
            "X": 0.7271088361740112,
            "Y": 0.25871437788009644
          }
        ]
      },
      "Id": "9f8c8f30-6e2b-4759-bd8f-72593944e0be",
      "Page": 1
    },
    {
      "BlockType": "WORD",
      "Confidence": 96.806396484375,
      "Text": "Selecione",
      "TextType": "PRINTED",
      "Geometry": {
        "BoundingBox": {
          "Width": 0.06071066856384277,
          "Height": 0.015872729942202568,
          "Left": 0.17163826525211334,
          "Top": 0.33104372024536133
        },
        "Polygon": [
          {
            "X": 0.17163826525211334,
            "Y": 0.33455249667167664
          },
          {
            "X": 0.2317599058151245,
            "Y": 0.33104372024536133
          },
          {
            "X": 0.23234893381595612,
            "Y": 0.3434273302555084
          },
          {
            "X": 0.17219601571559906,
            "Y": 0.34691646695137024
          }
        ]
      },
      "Id": "2ddd4341-d20a-42b4-b146-c34f32b98733",
      "Page": 1
    },
    {
      "BlockType": "WORD",
      "Confidence": 99.60404968261719,
      "Text": "entre",
      "TextType": "PRINTED",
      "Geometry": {
        "BoundingBox": {
          "Width": 0.03433661162853241,
          "Height": 0.011028283275663853,
          "Left": 0.23481999337673187,
          "Top": 0.3285965621471405
        },
        "Polygon": [
          {
            "X": 0.23481999337673187,
            "Y": 0.3305748403072357
          },
          {
            "X": 0.2687120735645294,
            "Y": 0.3285965621471405
          },
          {
            "X": 0.2691566050052643,
            "Y": 0.33765465021133423
          },
          {
            "X": 0.23525159060955048,
            "Y": 0.3396248519420624
          }
        ]
      },
      "Id": "d850e552-9f89-4ed0-98b9-a265b8b8f30f",
      "Page": 1
    },
    {
      "BlockType": "WORD",
      "Confidence": 95.7763442993164,
      "Text": "os",
      "TextType": "PRINTED",
      "Geometry": {
        "BoundingBox": {
          "Width": 0.014218190684914589,
          "Height": 0.007945297285914421,
          "Left": 0.2732148766517639,
          "Top": 0.32765641808509827
        },
        "Polygon": [
          {
            "X": 0.2732148766517639,
            "Y": 0.3284655213356018
          },
          {
            "X": 0.2870773673057556,
            "Y": 0.32765641808509827
          },
          {
            "X": 0.28743305802345276,
            "Y": 0.334795206785202
          },
          {
            "X": 0.2735663950443268,
            "Y": 0.33560171723365784
          }
        ]
      },
      "Id": "b9e1184c-2e91-40e6-a96b-af35a199b422",
      "Page": 1
    },
    {
      "BlockType": "WORD",
      "Confidence": 99.13723754882812,
      "Text": "modelos",
      "TextType": "PRINTED",
      "Geometry": {
        "BoundingBox": {
          "Width": 0.058018337935209274,
          "Height": 0.014608137309551239,
          "Left": 0.2911893427371979,
          "Top": 0.3192003071308136
        },
        "Polygon": [
          {
            "X": 0.2911893427371979,
            "Y": 0.32256022095680237
          },
          {
            "X": 0.34861794114112854,
            "Y": 0.3192003071308136
          },
          {
            "X": 0.34920766949653625,
            "Y": 0.3304655849933624
          },
          {
            "X": 0.29175177216529846,
            "Y": 0.33380845189094543
          }
        ]
      },
      "Id": "b7c60f39-984b-4a0f-b784-a4427a2fbe81",
      "Page": 1
    },
    {
      "BlockType": "WORD",
      "Confidence": 99.36568450927734,
      "Text": "Cloud",
      "TextType": "PRINTED",
      "Geometry": {
        "BoundingBox": {
          "Width": 0.04764207825064659,
          "Height": 0.016493715345859528,
          "Left": 0.0049826642498373985,
          "Top": 0.36189326643943787
        },
        "Polygon": [
          {
            "X": 0.0049826642498373985,
            "Y": 0.3646136522293091
          },
          {
            "X": 0.052070386707782745,
            "Y": 0.36189326643943787
          },
          {
            "X": 0.052624739706516266,
            "Y": 0.37568387389183044
          },
          {
            "X": 0.005509887356311083,
            "Y": 0.3783870041370392
          }
        ]
      },
      "Id": "006d4023-bbec-423d-a447-6610ab5958ff",
      "Page": 1
    },
    {
      "BlockType": "WORD",
      "Confidence": 99.78592681884766,
      "Text": "Amazon",
      "TextType": "PRINTED",
      "Geometry": {
        "BoundingBox": {
          "Width": 0.05170591548085213,
          "Height": 0.012268210761249065,
          "Left": 0.1691918522119522,
          "Top": 0.3493552803993225
        },
        "Polygon": [
          {
            "X": 0.1691918522119522,
            "Y": 0.3523212969303131
          },
          {
            "X": 0.22045931220054626,
            "Y": 0.3493552803993225
          },
          {
            "X": 0.22089776396751404,
            "Y": 0.35867011547088623
          },
          {
            "X": 0.16961024701595306,
            "Y": 0.36162349581718445
          }
        ]
      },
      "Id": "bde2bd44-a6fb-47f0-95fb-d9569ca81336",
      "Page": 1
    },
    {
      "BlockType": "WORD",
      "Confidence": 99.4423828125,
      "Text": "Bedrock",
      "TextType": "PRINTED",
      "Geometry": {
        "BoundingBox": {
          "Width": 0.05245093256235123,
          "Height": 0.01364798005670309,
          "Left": 0.2247735559940338,
          "Top": 0.34273791313171387
        },
        "Polygon": [
          {
            "X": 0.2247735559940338,
            "Y": 0.3457469642162323
          },
          {
            "X": 0.276698499917984,
            "Y": 0.34273791313171387
          },
          {
            "X": 0.27722448110580444,
            "Y": 0.3533914387226105
          },
          {
            "X": 0.22527627646923065,
            "Y": 0.35638588666915894
          }
        ]
      },
      "Id": "918e6202-2a64-49ca-872e-c7fd42004f4e",
      "Page": 1
    },
    {
      "BlockType": "WORD",
      "Confidence": 99.27622985839844,
      "Text": "e",
      "TextType": "PRINTED",
      "Geometry": {
        "BoundingBox": {
          "Width": 0.007358255796134472,
          "Height": 0.007367675192654133,
          "Left": 0.2813252806663513,
          "Top": 0.34396010637283325
        },
        "Polygon": [
          {
            "X": 0.2813252806663513,
            "Y": 0.34436604380607605
          },
          {
            "X": 0.28833645582199097,
            "Y": 0.34396010637283325
          },
          {
            "X": 0.28868353366851807,
            "Y": 0.3509231507778168
          },
          {
            "X": 0.2816702723503113,
            "Y": 0.3513278067111969
          }
        ]
      },
      "Id": "d10ae92f-1e8b-4393-9ca9-7c743e0011d0",
      "Page": 1
    },
    {
      "BlockType": "WORD",
      "Confidence": 99.43960571289062,
      "Text": "SageMaker",
      "TextType": "PRINTED",
      "Geometry": {
        "BoundingBox": {
          "Width": 0.07586850970983505,
          "Height": 0.01792784593999386,
          "Left": 0.29251840710639954,
          "Top": 0.3341892957687378
        },
        "Polygon": [
          {
            "X": 0.29251840710639954,
            "Y": 0.3385511338710785
          },
          {
            "X": 0.36766523122787476,
            "Y": 0.3341892957687378
          },
          {
            "X": 0.3683869242668152,
            "Y": 0.3477821946144104
          },
          {
            "X": 0.29319703578948975,
            "Y": 0.3521171510219574
          }
        ]
      },
      "Id": "8bb0a2e7-532f-4b24-85dd-021d51c312ca",
      "Page": 1
    },
    {
      "BlockType": "WORD",
      "Confidence": 99.454345703125,
      "Text": "JumpStart",
      "TextType": "PRINTED",
      "Geometry": {
        "BoundingBox": {
          "Width": 0.06629429757595062,
          "Height": 0.015608315356075764,
          "Left": 0.1677192896604538,
          "Top": 0.3638180196285248
        },
        "Polygon": [
          {
            "X": 0.1677192896604538,
            "Y": 0.3675919771194458
          },
          {
            "X": 0.23344962298870087,
            "Y": 0.3638180196285248
          },
          {
            "X": 0.23401357233524323,
            "Y": 0.37567299604415894
          },
          {
            "X": 0.16825054585933685,
            "Y": 0.37942633032798767
          }
        ]
      },
      "Id": "11d879c6-0da4-409d-8933-2d027cdea488",
      "Page": 1
    },
    {
      "BlockType": "WORD",
      "Confidence": 99.74942016601562,
      "Text": "Experience",
      "TextType": "PRINTED",
      "Geometry": {
        "BoundingBox": {
          "Width": 0.09036598354578018,
          "Height": 0.020413026213645935,
          "Left": 0.0015625562518835068,
          "Top": 0.37863782048225403
        },
        "Polygon": [
          {
            "X": 0.0015625562518835068,
            "Y": 0.3837722837924957
          },
          {
            "X": 0.09128890931606293,
            "Y": 0.37863782048225403
          },
          {
            "X": 0.09192854166030884,
            "Y": 0.3939529061317444
          },
          {
            "X": 0.0021448186598718166,
            "Y": 0.39905083179473877
          }
        ]
      },
      "Id": "d76bb656-1187-48d1-839d-799bade7fd0a",
      "Page": 1
    },
    {
      "BlockType": "WORD",
      "Confidence": 99.5295639038086,
      "Text": "2025",
      "TextType": "PRINTED",
      "Geometry": {
        "BoundingBox": {
          "Width": 0.03940789774060249,
          "Height": 0.013717783614993095,
          "Left": 0,
          "Top": 0.4020422399044037
        },
        "Polygon": [
          {
            "X": 0,
            "Y": 0.40427905321121216
          },
          {
            "X": 0.0389527752995491,
            "Y": 0.4020422399044037
          },
          {
            "X": 0.03940789774060249,
            "Y": 0.41353529691696167
          },
          {
            "X": 0,
            "Y": 0.41576001048088074
          }
        ]
      },
      "Id": "b4d01d22-2e30-4de1-9e21-89f4b45c89a5",
      "Page": 1
    },
    {
      "BlockType": "WORD",
      "Confidence": 98.9364242553711,
      "Text": "Aplique",
      "TextType": "PRINTED",
      "Geometry": {
        "BoundingBox": {
          "Width": 0.04928193241357803,
          "Height": 0.014292154461145401,
          "Left": 0.16518929600715637,
          "Top": 0.3875412940979004
        },
        "Polygon": [
          {
            "X": 0.16518929600715637,
            "Y": 0.3903081715106964
          },
          {
            "X": 0.21393193304538727,
            "Y": 0.3875412940979004
          },
          {
            "X": 0.214471235871315,
            "Y": 0.3990814685821533
          },
          {
            "X": 0.16570502519607544,
            "Y": 0.4018334448337555
          }
        ]
      },
      "Id": "20ee3b77-d1dd-4c74-a11a-b0cb4a2bc26b",
      "Page": 1
    },
    {
      "BlockType": "WORD",
      "Confidence": 99.35818481445312,
      "Text": "RAG",
      "TextType": "PRINTED",
      "Geometry": {
        "BoundingBox": {
          "Width": 0.027620520442724228,
          "Height": 0.011844154447317123,
          "Left": 0.2178700566291809,
          "Top": 0.3843911290168762
        },
        "Polygon": [
          {
            "X": 0.2178700566291809,
            "Y": 0.38593199849128723
          },
          {
            "X": 0.24499565362930298,
            "Y": 0.3843911290168762
          },
          {
            "X": 0.24549058079719543,
            "Y": 0.3947018086910248
          },
          {
            "X": 0.21835322678089142,
            "Y": 0.39623528718948364
          }
        ]
      },
      "Id": "00a192a6-6fb0-43ed-b6eb-63df9c37035b",
      "Page": 1
    },
    {
      "BlockType": "WORD",
      "Confidence": 99.41937255859375,
      "Text": "ou",
      "TextType": "PRINTED",
      "Geometry": {
        "BoundingBox": {
          "Width": 0.016758820042014122,
          "Height": 0.0080533092841506,
          "Left": 0.2495831847190857,
          "Top": 0.38507717847824097
        },
        "Polygon": [
          {
            "X": 0.2495831847190857,
            "Y": 0.38600850105285645
          },
          {
            "X": 0.2659939229488373,
            "Y": 0.38507717847824097
          },
          {
            "X": 0.2663419842720032,
            "Y": 0.3922022581100464
          },
          {
            "X": 0.2499263435602188,
            "Y": 0.39313048124313354
          }
        ]
      },
      "Id": "dda94419-6529-46be-93f2-075ca8c171e7",
      "Page": 1
    },
    {
      "BlockType": "WORD",
      "Confidence": 99.24552154541016,
      "Text": "ajuste",
      "TextType": "PRINTED",
      "Geometry": {
        "BoundingBox": {
          "Width": 0.04060429707169533,
          "Height": 0.014218284748494625,
          "Left": 0.26991066336631775,
          "Top": 0.379181832075119
        },
        "Polygon": [
          {
            "X": 0.26991066336631775,
            "Y": 0.3814557194709778
          },
          {
            "X": 0.3099093437194824,
            "Y": 0.379181832075119
          },
          {
            "X": 0.3105149567127228,
            "Y": 0.39113888144493103
          },
          {
            "X": 0.2704961597919464,
            "Y": 0.3934001326560974
          }
        ]
      },
      "Id": "0faf2f3d-63de-4565-bb1d-135ffb3fa50d",
      "Page": 1
    },
    {
      "BlockType": "WORD",
      "Confidence": 85.64895629882812,
      "Text": "Model",
      "TextType": "PRINTED",
      "Geometry": {
        "BoundingBox": {
          "Width": 0.016536127775907516,
          "Height": 0.004819904454052448,
          "Left": 0.40309643745422363,
          "Top": 0.3860119879245758
        },
        "Polygon": [
          {
            "X": 0.40309643745422363,
            "Y": 0.38693374395370483
          },
          {
            "X": 0.41941776871681213,
            "Y": 0.3860119879245758
          },
          {
            "X": 0.41963258385658264,
            "Y": 0.38991183042526245
          },
          {
            "X": 0.40330857038497925,
            "Y": 0.39083191752433777
          }
        ]
      },
      "Id": "6f0fbd08-f199-4b2a-9fe6-58e5a6e52b65",
      "Page": 1
    },
    {
      "BlockType": "WORD",
      "Confidence": 43.705421447753906,
      "Text": "@",
      "TextType": "PRINTED",
      "Geometry": {
        "BoundingBox": {
          "Width": 0.007233709096908569,
          "Height": 0.0060446597635746,
          "Left": 0.6104729771614075,
          "Top": 0.3768977224826813
        },
        "Polygon": [
          {
            "X": 0.6104729771614075,
            "Y": 0.3772856593132019
          },
          {
            "X": 0.6173494458198547,
            "Y": 0.3768977224826813
          },
          {
            "X": 0.6177067160606384,
            "Y": 0.38255545496940613
          },
          {
            "X": 0.6108286380767822,
            "Y": 0.3829423785209656
          }
        ]
      },
      "Id": "71fff115-c34e-420d-a1ca-66e13f682a1a",
      "Page": 1
    },
    {
      "BlockType": "WORD",
      "Confidence": 99.21772766113281,
      "Text": "modelos",
      "TextType": "PRINTED",
      "Geometry": {
        "BoundingBox": {
          "Width": 0.05416470766067505,
          "Height": 0.01296625379472971,
          "Left": 0.16438551247119904,
          "Top": 0.4033791720867157
        },
        "Polygon": [
          {
            "X": 0.16438551247119904,
            "Y": 0.4064025282859802
          },
          {
            "X": 0.21808353066444397,
            "Y": 0.4033791720867157
          },
          {
            "X": 0.21855022013187408,
            "Y": 0.41333624720573425
          },
          {
            "X": 0.164829820394516,
            "Y": 0.41634541749954224
          }
        ]
      },
      "Id": "f8223270-4728-4be5-b3f5-7da21a36f010",
      "Page": 1
    },
    {
      "BlockType": "WORD",
      "Confidence": 92.80021667480469,
      "Text": "2",
      "TextType": "PRINTED",
      "Geometry": {
        "BoundingBox": {
          "Width": 0.004222727380692959,
          "Height": 0.00556595902889967,
          "Left": 0.40336695313453674,
          "Top": 0.4009982645511627
        },
        "Polygon": [
          {
            "X": 0.40336695313453674,
            "Y": 0.4012186825275421
          },
          {
            "X": 0.4072979986667633,
            "Y": 0.4009982645511627
          },
          {
            "X": 0.4075896739959717,
            "Y": 0.40634438395500183
          },
          {
            "X": 0.4036577343940735,
            "Y": 0.40656423568725586
          }
        ]
      },
      "Id": "eba8f4e7-59c1-4478-ae89-702531f373e3",
      "Page": 1
    },
    {
      "BlockType": "WORD",
      "Confidence": 54.195953369140625,
      "Text": "156",
      "TextType": "PRINTED",
      "Geometry": {
        "BoundingBox": {
          "Width": 0.020540280267596245,
          "Height": 0.006925167515873909,
          "Left": 0.4058472216129303,
          "Top": 0.3992099463939667
        },
        "Polygon": [
          {
            "X": 0.4058472216129303,
            "Y": 0.40034401416778564
          },
          {
            "X": 0.42606693506240845,
            "Y": 0.3992099463939667
          },
          {
            "X": 0.4263874888420105,
            "Y": 0.4050041437149048
          },
          {
            "X": 0.4061628580093384,
            "Y": 0.40613511204719543
          }
        ]
      },
      "Id": "64840ae4-c268-4ff1-b605-ce3c1e8b5e45",
      "Page": 1
    },
    {
      "BlockType": "WORD",
      "Confidence": 81.00536346435547,
      "Text": "0.770",
      "TextType": "PRINTED",
      "Geometry": {
        "BoundingBox": {
          "Width": 0.025631360709667206,
          "Height": 0.008172357454895973,
          "Left": 0.5283580422401428,
          "Top": 0.3890092670917511
        },
        "Polygon": [
          {
            "X": 0.5283580422401428,
            "Y": 0.3904260993003845
          },
          {
            "X": 0.5535802245140076,
            "Y": 0.3890092670917511
          },
          {
            "X": 0.5539894104003906,
            "Y": 0.39576926827430725
          },
          {
            "X": 0.5287600159645081,
            "Y": 0.3971816301345825
          }
        ]
      },
      "Id": "69fa0c8e-b131-41d3-839e-075786f1a048",
      "Page": 1
    },
    {
      "BlockType": "WORD",
      "Confidence": 87.5960922241211,
      "Text": "1441",
      "TextType": "PRINTED",
      "Geometry": {
        "BoundingBox": {
          "Width": 0.026006698608398438,
          "Height": 0.0074340165592730045,
          "Left": 0.5809281468391418,
          "Top": 0.38522836565971375
        },
        "Polygon": [
          {
            "X": 0.5809281468391418,
            "Y": 0.38666874170303345
          },
          {
            "X": 0.6065588593482971,
            "Y": 0.38522836565971375
          },
          {
            "X": 0.6069348454475403,
            "Y": 0.39122605323791504
          },
          {
            "X": 0.5812976360321045,
            "Y": 0.39266237616539
          }
        ]
      },
      "Id": "1ce79433-f2f3-48bb-9ada-9472e88508c1",
      "Page": 1
    },
    {
      "BlockType": "WORD",
      "Confidence": 99.61338806152344,
      "Text": "Avalie",
      "TextType": "PRINTED",
      "Geometry": {
        "BoundingBox": {
          "Width": 0.03885985538363457,
          "Height": 0.011773834004998207,
          "Left": 0.16163595020771027,
          "Top": 0.4271446466445923
        },
        "Polygon": [
          {
            "X": 0.16163595020771027,
            "Y": 0.42928236722946167
          },
          {
            "X": 0.2000511735677719,
            "Y": 0.4271446466445923
          },
          {
            "X": 0.20049579441547394,
            "Y": 0.4367905855178833
          },
          {
            "X": 0.1620650589466095,
            "Y": 0.43891847133636475
          }
        ]
      },
      "Id": "5311fe3d-09b8-47a6-b8f6-85e4bbfd7d7d",
      "Page": 1
    },
    {
      "BlockType": "WORD",
      "Confidence": 99.2895278930664,
      "Text": "modelos",
      "TextType": "PRINTED",
      "Geometry": {
        "BoundingBox": {
          "Width": 0.05647173896431923,
          "Height": 0.013186784461140633,
          "Left": 0.2040310651063919,
          "Top": 0.42290106415748596
        },
        "Polygon": [
          {
            "X": 0.2040310651063919,
            "Y": 0.42601779103279114
          },
          {
            "X": 0.2600133419036865,
            "Y": 0.42290106415748596
          },
          {
            "X": 0.26050281524658203,
            "Y": 0.4329860508441925
          },
          {
            "X": 0.20449689030647278,
            "Y": 0.43608784675598145
          }
        ]
      },
      "Id": "12aeeef5-7bc2-4f57-a839-de63465c6dea",
      "Page": 1
    },
    {
      "BlockType": "WORD",
      "Confidence": 99.6117172241211,
      "Text": "Escolha",
      "TextType": "PRINTED",
      "Geometry": {
        "BoundingBox": {
          "Width": 0.04831560701131821,
          "Height": 0.01250158529728651,
          "Left": 0.15953370928764343,
          "Top": 0.44943171739578247
        },
        "Polygon": [
          {
            "X": 0.15953370928764343,
            "Y": 0.4520636200904846
          },
          {
            "X": 0.20739127695560455,
            "Y": 0.44943171739578247
          },
          {
            "X": 0.20784932374954224,
            "Y": 0.4593139588832855
          },
          {
            "X": 0.15997198224067688,
            "Y": 0.46193331480026245
          }
        ]
      },
      "Id": "09905bb8-f936-46b4-8e06-c3fbc041a497",
      "Page": 1
    },
    {
      "BlockType": "WORD",
      "Confidence": 99.78741455078125,
      "Text": "na",
      "TextType": "PRINTED",
      "Geometry": {
        "BoundingBox": {
          "Width": 0.01566186733543873,
          "Height": 0.008284340612590313,
          "Left": 0.21191582083702087,
          "Top": 0.4504084289073944
        },
        "Polygon": [
          {
            "X": 0.21191582083702087,
            "Y": 0.45124953985214233
          },
          {
            "X": 0.22722658514976501,
            "Y": 0.4504084289073944
          },
          {
            "X": 0.22757768630981445,
            "Y": 0.4578547179698944
          },
          {
            "X": 0.21226215362548828,
            "Y": 0.4586927890777588
          }
        ]
      },
      "Id": "e1ccd7b0-9668-4333-b1f9-26d0f3c4adf1",
      "Page": 1
    },
    {
      "BlockType": "WORD",
      "Confidence": 99.78392791748047,
      "Text": "tabela",
      "TextType": "PRINTED",
      "Geometry": {
        "BoundingBox": {
          "Width": 0.04181496426463127,
          "Height": 0.01213458925485611,
          "Left": 0.2320660650730133,
          "Top": 0.44533541798591614
        },
        "Polygon": [
          {
            "X": 0.2320660650730133,
            "Y": 0.44760894775390625
          },
          {
            "X": 0.27339696884155273,
            "Y": 0.44533541798591614
          },
          {
            "X": 0.2738810181617737,
            "Y": 0.45520728826522827
          },
          {
            "X": 0.2325330227613449,
            "Y": 0.45746999979019165
          }
        ]
      },
      "Id": "f1d532d0-141f-4a01-82a6-31c7d81828b5",
      "Page": 1
    },
    {
      "BlockType": "WORD",
      "Confidence": 99.81575775146484,
      "Text": "de",
      "TextType": "PRINTED",
      "Geometry": {
        "BoundingBox": {
          "Width": 0.016833027824759483,
          "Height": 0.010719366371631622,
          "Left": 0.27824637293815613,
          "Top": 0.44403377175331116
        },
        "Polygon": [
          {
            "X": 0.27824637293815613,
            "Y": 0.44493281841278076
          },
          {
            "X": 0.29458922147750854,
            "Y": 0.44403377175331116
          },
          {
            "X": 0.29507941007614136,
            "Y": 0.453858345746994
          },
          {
            "X": 0.2787298560142517,
            "Y": 0.4547531306743622
          }
        ]
      },
      "Id": "e5e8a53f-5059-4099-a408-b08a6201b62d",
      "Page": 1
    },
    {
      "BlockType": "WORD",
      "Confidence": 96.48097229003906,
      "Text": "classificação",
      "TextType": "PRINTED",
      "Geometry": {
        "BoundingBox": {
          "Width": 0.08054406195878983,
          "Height": 0.017012886703014374,
          "Left": 0.15730144083499908,
          "Top": 0.46439844369888306
        },
        "Polygon": [
          {
            "X": 0.15730144083499908,
            "Y": 0.4687565565109253
          },
          {
            "X": 0.23724272847175598,
            "Y": 0.46439844369888306
          },
          {
            "X": 0.2378455102443695,
            "Y": 0.4770801365375519
          },
          {
            "X": 0.1578618586063385,
            "Y": 0.48141130805015564
          }
        ]
      },
      "Id": "fe753476-7694-482c-9255-1bcb87170a46",
      "Page": 1
    },
    {
      "BlockType": "WORD",
      "Confidence": 99.8473129272461,
      "Text": "de",
      "TextType": "PRINTED",
      "Geometry": {
        "BoundingBox": {
          "Width": 0.01646398939192295,
          "Height": 0.010631464421749115,
          "Left": 0.2419745773077011,
          "Top": 0.4637412130832672
        },
        "Polygon": [
          {
            "X": 0.2419745773077011,
            "Y": 0.46461281180381775
          },
          {
            "X": 0.2579662501811981,
            "Y": 0.4637412130832672
          },
          {
            "X": 0.2584385573863983,
            "Y": 0.4735052287578583
          },
          {
            "X": 0.2424403429031372,
            "Y": 0.4743726849555969
          }
        ]
      },
      "Id": "a4611457-74f5-4a75-b828-d04ce482ee02",
      "Page": 1
    },
    {
      "BlockType": "WORD",
      "Confidence": 99.31450653076172,
      "Text": "modelos",
      "TextType": "PRINTED",
      "Geometry": {
        "BoundingBox": {
          "Width": 0.05924929305911064,
          "Height": 0.013715090230107307,
          "Left": 0.2625766694545746,
          "Top": 0.4598116874694824
        },
        "Polygon": [
          {
            "X": 0.2625766694545746,
            "Y": 0.4630125164985657
          },
          {
            "X": 0.3212895095348358,
            "Y": 0.4598116874694824
          },
          {
            "X": 0.3218259811401367,
            "Y": 0.47034233808517456
          },
          {
            "X": 0.2630872428417206,
            "Y": 0.4735267758369446
          }
        ]
      },
      "Id": "626af607-9e2a-47d2-8258-d58b1ada575e",
      "Page": 1
    }
  ],
  "DetectDocumentTextModelVersion": "1.0"
}