{
  "DocumentMetadata": {
    "Pages": 1
  },
  "JobStatus": "SUCCEEDED",
  "Blocks": [
    {
      "BlockType": "PAGE",
      "Geometry": {
        "BoundingBox": {
          "Width": 0.8918312191963196,
          "Height": 0.5644215941429138,
          "Left": 0.10381811112165451,
          "Top": 0.26117756962776184
        },
        "Polygon": [
          {
            "X": 0.10400564223527908,
            "Y": 0.26117756962776184
          },
          {
            "X": 0.9853297472000122,
            "Y": 0.28194159269332886
          },
          {
            "X": 0.9956493377685547,
            "Y": 0.8211318850517273
          },
          {
            "X": 0.10381811112165451,
            "Y": 0.825599193572998
          }
        ]
      },
      "Id": "ae7a2a4d-776c-4ddd-bec9-bf0e2e7fee25",
      "Relationships": [
        {
          "Type": "CHILD",
          "Ids": [
            "e5828688-0c7e-4b2b-af1e-f4e0fc1f0e90",
            "bae8f111-7232-4bc3-af2f-b09ea40698d4",
            "a6a9dbbb-1a1b-4aa7-ba11-e9de5f5bce51",
            "737a259b-061b-4ee1-b5d2-9bce4670576a",
            "ef3a9e49-b408-41c4-a703-1e63271363e3",
            "59639d1b-1ac2-4c64-b228-a4f31b068acd",
            "35f4692e-8d69-4c79-8e0c-118c2d83b3f3",
            "dbdec2b0-8aff-4d72-bbf7-7ce80015e52c",
            "ee0bba38-08da-4bda-b86c-e71d26d75806",
            "7d4c60fc-a741-4ade-9e6d-0f22ed66672d",
            "cb7ffe34-5b88-45ac-b3a5-ec1178d84513",
            "66981921-e4f6-40c8-a3c7-81efc41ef5a9",
            "97e09b53-f7eb-4bac-8318-1ee7c33ad735",
            "910590e3-7543-4cf8-9b3c-b1db7dcc1656",
            "644cb114-4006-4ab2-aa76-e2fd51e1bddb",
            "9d1ea78e-9b06-4135-a589-d4a20473086d",
            "f526333f-fdb1-488f-8db8-4bf7c0946b4f",
            "0e59e1eb-21ab-4a32-853d-e35523b710c3",
            "feaf8bc7-a31c-481b-bc23-b6367105d21e",
            "6d9490df-1f03-451b-8749-36d16d246d5b",
            "458d7477-8e4d-4758-8147-48911becfb8f",
            "ff64a807-562e-4157-9cd2-92ce9ded98ff",
            "d9872227-1f91-48cf-ae23-628f8b78ae47",
            "55e5b206-d884-4b6b-8ba8-1b47d3a715d7",
            "5c68f99c-5bec-4234-8a23-b52ce3835e76",
            "7ce474b4-0db9-4245-890a-349a42fe0896"
          ]
        }
      ],
      "Page": 1
    },
    {
      "BlockType": "LINE",
      "Confidence": 99.89191436767578,
      "Text": "Amazon Nova",
      "Geometry": {
        "BoundingBox": {
          "Width": 0.14432336390018463,
          "Height": 0.01788533478975296,
          "Left": 0.31640326976776123,
          "Top": 0.3275279700756073
        },
        "Polygon": [
          {
            "X": 0.31640326976776123,
            "Y": 0.3275279700756073
          },
          {
            "X": 0.46061402559280396,
            "Y": 0.3304729163646698
          },
          {
            "X": 0.46072664856910706,
            "Y": 0.34541332721710205
          },
          {
            "X": 0.31646883487701416,
            "Y": 0.3425785005092621
          }
        ]
      },
      "Id": "e5828688-0c7e-4b2b-af1e-f4e0fc1f0e90",
      "Relationships": [
        {
          "Type": "CHILD",
          "Ids": [
            "dac63ec3-4400-4b63-b371-1c97bbc48771",
            "9dafb18d-cc2c-4f69-aaed-413a1df307b6"
          ]
        }
      ],
      "Page": 1
    },
    {
      "BlockType": "LINE",
      "Confidence": 46.74518585205078,
      "Text": "UNDERSTANDING ROBELS",
      "Geometry": {
        "BoundingBox": {
          "Width": 0.09668190777301788,
          "Height": 0.0075923725962638855,
          "Left": 0.3779774308204651,
          "Top": 0.3730073869228363
        },
        "Polygon": [
          {
            "X": 0.3779774308204651,
            "Y": 0.3730073869228363
          },
          {
            "X": 0.47461357712745667,
            "Y": 0.3747614622116089
          },
          {
            "X": 0.47465935349464417,
            "Y": 0.3805997669696808
          },
          {
            "X": 0.37801092863082886,
            "Y": 0.3788745701313019
          }
        ]
      },
      "Id": "bae8f111-7232-4bc3-af2f-b09ea40698d4",
      "Relationships": [
        {
          "Type": "CHILD",
          "Ids": [
            "c70d4e8e-b1a4-482b-bae1-20714257f4bc",
            "971072f7-d7ef-4bea-a7f5-fa0854096453"
          ]
        }
      ],
      "Page": 1
    },
    {
      "BlockType": "LINE",
      "Confidence": 72.35343170166016,
      "Text": "CREATIVE CONTENT GENERATION NOPELS",
      "Geometry": {
        "BoundingBox": {
          "Width": 0.14985834062099457,
          "Height": 0.007952232845127583,
          "Left": 0.6118038296699524,
          "Top": 0.3789743483066559
        },
        "Polygon": [
          {
            "X": 0.6118038296699524,
            "Y": 0.3789743483066559
          },
          {
            "X": 0.7615878582000732,
            "Y": 0.3816797137260437
          },
          {
            "X": 0.7616621851921082,
            "Y": 0.3869265913963318
          },
          {
            "X": 0.6118612885475159,
            "Y": 0.3842620551586151
          }
        ]
      },
      "Id": "a6a9dbbb-1a1b-4aa7-ba11-e9de5f5bce51",
      "Relationships": [
        {
          "Type": "CHILD",
          "Ids": [
            "7cab8e72-c446-4d08-8a8c-c41d8ad699ae",
            "9d119f7a-291e-4602-a253-714f422a134f",
            "fa935664-27c7-4983-b02c-d3ceece85419",
            "405a4ce8-2604-42a9-b6b0-79bd5ac600a9"
          ]
        }
      ],
      "Page": 1
    },
    {
      "BlockType": "LINE",
      "Confidence": 99.2227554321289,
      "Text": "aws",
      "Geometry": {
        "BoundingBox": {
          "Width": 0.08651535958051682,
          "Height": 0.026042897254228592,
          "Left": 0.8700339794158936,
          "Top": 0.38214111328125
        },
        "Polygon": [
          {
            "X": 0.8700339794158936,
            "Y": 0.38214111328125
          },
          {
            "X": 0.9560976028442383,
            "Y": 0.3837023675441742
          },
          {
            "X": 0.956549346446991,
            "Y": 0.4081840217113495
          },
          {
            "X": 0.8704411387443542,
            "Y": 0.4067334234714508
          }
        ]
      },
      "Id": "737a259b-061b-4ee1-b5d2-9bce4670576a",
      "Relationships": [
        {
          "Type": "CHILD",
          "Ids": [
            "94b81dcc-2e86-4c7e-9e0f-fbba47049ae0"
          ]
        }
      ],
      "Page": 1
    },
    {
      "BlockType": "LINE",
      "Confidence": 99.86581420898438,
      "Text": "Amazon Nova",
      "Geometry": {
        "BoundingBox": {
          "Width": 0.05982481315732002,
          "Height": 0.007897906936705112,
          "Left": 0.33368268609046936,
          "Top": 0.39171871542930603
        },
        "Polygon": [
          {
            "X": 0.33368268609046936,
            "Y": 0.39171871542930603
          },
          {
            "X": 0.39346593618392944,
            "Y": 0.3927440941333771
          },
          {
            "X": 0.3935075104236603,
            "Y": 0.3996165990829468
          },
          {
            "X": 0.3337153196334839,
            "Y": 0.3986121714115143
          }
        ]
      },
      "Id": "ef3a9e49-b408-41c4-a703-1e63271363e3",
      "Relationships": [
        {
          "Type": "CHILD",
          "Ids": [
            "1cc3dc59-c1a4-45e6-9010-9199c6610dc0",
            "318cb9a7-0333-4398-8700-7e361b177cc4"
          ]
        }
      ],
      "Page": 1
    },
    {
      "BlockType": "LINE",
      "Confidence": 99.72575378417969,
      "Text": "Amazon Nova",
      "Geometry": {
        "BoundingBox": {
          "Width": 0.05625315010547638,
          "Height": 0.007324346341192722,
          "Left": 0.4611041843891144,
          "Top": 0.39500606060028076
        },
        "Polygon": [
          {
            "X": 0.4611041843891144,
            "Y": 0.39500606060028076
          },
          {
            "X": 0.5173014998435974,
            "Y": 0.3959667682647705
          },
          {
            "X": 0.517357349395752,
            "Y": 0.4023303985595703
          },
          {
            "X": 0.4611522853374481,
            "Y": 0.4013880789279938
          }
        ]
      },
      "Id": "59639d1b-1ac2-4c64-b228-a4f31b068acd",
      "Relationships": [
        {
          "Type": "CHILD",
          "Ids": [
            "9dddb275-1fd5-4f25-99be-0bdc813daa7c",
            "4e8ba97b-71ee-45e8-a1ec-db37cc6963de"
          ]
        }
      ],
      "Page": 1
    },
    {
      "BlockType": "LINE",
      "Confidence": 96.70304870605469,
      "Text": "NS",
      "Geometry": {
        "BoundingBox": {
          "Width": 0.08288294821977615,
          "Height": 0.041336216032505035,
          "Left": 0.10394947230815887,
          "Top": 0.39013826847076416
        },
        "Polygon": [
          {
            "X": 0.10396279394626617,
            "Y": 0.39013826847076416
          },
          {
            "X": 0.18677282333374023,
            "Y": 0.3915487229824066
          },
          {
            "X": 0.18683242797851562,
            "Y": 0.4314744770526886
          },
          {
            "X": 0.10394947230815887,
            "Y": 0.4302310049533844
          }
        ]
      },
      "Id": "35f4692e-8d69-4c79-8e0c-118c2d83b3f3",
      "Relationships": [
        {
          "Type": "CHILD",
          "Ids": [
            "1a205960-3e45-48ae-814d-cda9cfcc8eaf"
          ]
        }
      ],
      "Page": 1
    },
    {
      "BlockType": "LINE",
      "Confidence": 99.9024658203125,
      "Text": "Micro",
      "Geometry": {
        "BoundingBox": {
          "Width": 0.042077407240867615,
          "Height": 0.01043777447193861,
          "Left": 0.3435232639312744,
          "Top": 0.40117985010147095
        },
        "Polygon": [
          {
            "X": 0.3435232639312744,
            "Y": 0.40117985010147095
          },
          {
            "X": 0.38554349541664124,
            "Y": 0.40188056230545044
          },
          {
            "X": 0.3856006860733032,
            "Y": 0.411617636680603
          },
          {
            "X": 0.3435715436935425,
            "Y": 0.4109377861022949
          }
        ]
      },
      "Id": "dbdec2b0-8aff-4d72-bbf7-7ce80015e52c",
      "Relationships": [
        {
          "Type": "CHILD",
          "Ids": [
            "0f163f3a-0395-456f-bd60-d6ee85642bea"
          ]
        }
      ],
      "Page": 1
    },
    {
      "BlockType": "LINE",
      "Confidence": 99.9205093383789,
      "Text": "Lite",
      "Geometry": {
        "BoundingBox": {
          "Width": 0.024745270609855652,
          "Height": 0.009559926576912403,
          "Left": 0.47749149799346924,
          "Top": 0.4043220281600952
        },
        "Polygon": [
          {
            "X": 0.47749149799346924,
            "Y": 0.4043220281600952
          },
          {
            "X": 0.5021595358848572,
            "Y": 0.40473222732543945
          },
          {
            "X": 0.5022367835044861,
            "Y": 0.41388195753097534
          },
          {
            "X": 0.47756385803222656,
            "Y": 0.41348332166671753
          }
        ]
      },
      "Id": "ee0bba38-08da-4bda-b86c-e71d26d75806",
      "Relationships": [
        {
          "Type": "CHILD",
          "Ids": [
            "0596e50f-320a-460a-ae6e-5e058b974810"
          ]
        }
      ],
      "Page": 1
    },
    {
      "BlockType": "LINE",
      "Confidence": 99.76634979248047,
      "Text": "Amazon Nova",
      "Geometry": {
        "BoundingBox": {
          "Width": 0.053550269454717636,
          "Height": 0.007164929993450642,
          "Left": 0.6067663431167603,
          "Top": 0.40843328833580017
        },
        "Polygon": [
          {
            "X": 0.6067663431167603,
            "Y": 0.40843328833580017
          },
          {
            "X": 0.6602417230606079,
            "Y": 0.4093170762062073
          },
          {
            "X": 0.6603165864944458,
            "Y": 0.41559821367263794
          },
          {
            "X": 0.6068339943885803,
            "Y": 0.41473180055618286
          }
        ]
      },
      "Id": "7d4c60fc-a741-4ade-9e6d-0f22ed66672d",
      "Relationships": [
        {
          "Type": "CHILD",
          "Ids": [
            "55f9f81b-ee31-4a72-9f46-28099c0bbacd",
            "1075e6e9-ca54-4e93-8e76-81ee7d2b36f5"
          ]
        }
      ],
      "Page": 1
    },
    {
      "BlockType": "LINE",
      "Confidence": 98.86392211914062,
      "Text": "Amazon Nova",
      "Geometry": {
        "BoundingBox": {
          "Width": 0.05162811651825905,
          "Height": 0.0070937201380729675,
          "Left": 0.7211347818374634,
          "Top": 0.4101200997829437
        },
        "Polygon": [
          {
            "X": 0.7211347818374634,
            "Y": 0.4101200997829437
          },
          {
            "X": 0.7726730704307556,
            "Y": 0.4109724164009094
          },
          {
            "X": 0.7727628946304321,
            "Y": 0.4172138273715973
          },
          {
            "X": 0.7212178111076355,
            "Y": 0.4163782298564911
          }
        ]
      },
      "Id": "cb7ffe34-5b88-45ac-b3a5-ec1178d84513",
      "Relationships": [
        {
          "Type": "CHILD",
          "Ids": [
            "c1bc7dfb-1e4b-4bd2-88e4-b27d1cf60fc4",
            "2acef1be-d972-4ad1-b211-1a4150a95fad"
          ]
        }
      ],
      "Page": 1
    },
    {
      "BlockType": "LINE",
      "Confidence": 99.9175033569336,
      "Text": "Canvas",
      "Geometry": {
        "BoundingBox": {
          "Width": 0.04522937536239624,
          "Height": 0.009791580960154533,
          "Left": 0.6118773818016052,
          "Top": 0.41740334033966064
        },
        "Polygon": [
          {
            "X": 0.6118773818016052,
            "Y": 0.41740334033966064
          },
          {
            "X": 0.6569993495941162,
            "Y": 0.41812825202941895
          },
          {
            "X": 0.6571067571640015,
            "Y": 0.4271949231624603
          },
          {
            "X": 0.6119760274887085,
            "Y": 0.4264912009239197
          }
        ]
      },
      "Id": "66981921-e4f6-40c8-a3c7-81efc41ef5a9",
      "Relationships": [
        {
          "Type": "CHILD",
          "Ids": [
            "9001d91f-d048-4e1c-800e-7cc5ca48cfb0"
          ]
        }
      ],
      "Page": 1
    },
    {
      "BlockType": "LINE",
      "Confidence": 99.86791229248047,
      "Text": "Reel",
      "Geometry": {
        "BoundingBox": {
          "Width": 0.02739613503217697,
          "Height": 0.009302026592195034,
          "Left": 0.7349191904067993,
          "Top": 0.41885364055633545
        },
        "Polygon": [
          {
            "X": 0.7349191904067993,
            "Y": 0.41885364055633545
          },
          {
            "X": 0.7621897459030151,
            "Y": 0.41929250955581665
          },
          {
            "X": 0.7623153328895569,
            "Y": 0.42815566062927246
          },
          {
            "X": 0.7350395917892456,
            "Y": 0.42772936820983887
          }
        ]
      },
      "Id": "97e09b53-f7eb-4bac-8318-1ee7c33ad735",
      "Relationships": [
        {
          "Type": "CHILD",
          "Ids": [
            "15f47cc4-3c1b-492b-92a4-dc893f3a3ed1"
          ]
        }
      ],
      "Page": 1
    },
    {
      "BlockType": "LINE",
      "Confidence": 99.77293395996094,
      "Text": "Amazon Nova",
      "Geometry": {
        "BoundingBox": {
          "Width": 0.059747807681560516,
          "Height": 0.007694182451814413,
          "Left": 0.33442652225494385,
          "Top": 0.4239223003387451
        },
        "Polygon": [
          {
            "X": 0.33442652225494385,
            "Y": 0.4239223003387451
          },
          {
            "X": 0.3941333293914795,
            "Y": 0.42484793066978455
          },
          {
            "X": 0.39417433738708496,
            "Y": 0.43161648511886597
          },
          {
            "X": 0.33445873856544495,
            "Y": 0.43071144819259644
          }
        ]
      },
      "Id": "910590e3-7543-4cf8-9b3c-b1db7dcc1656",
      "Relationships": [
        {
          "Type": "CHILD",
          "Ids": [
            "6845d295-a2b5-4a03-bc51-3859411a49fe",
            "cf0221f6-7142-41ac-a285-fc9581560a89"
          ]
        }
      ],
      "Page": 1
    },
    {
      "BlockType": "LINE",
      "Confidence": 99.71417236328125,
      "Text": "Amazon Nova",
      "Geometry": {
        "BoundingBox": {
          "Width": 0.05660652369260788,
          "Height": 0.007402950897812843,
          "Left": 0.4619106650352478,
          "Top": 0.42588984966278076
        },
        "Polygon": [
          {
            "X": 0.4619106650352478,
            "Y": 0.42588984966278076
          },
          {
            "X": 0.5184597969055176,
            "Y": 0.426766574382782
          },
          {
            "X": 0.5185171961784363,
            "Y": 0.43329280614852905
          },
          {
            "X": 0.4619600772857666,
            "Y": 0.4324350357055664
          }
        ]
      },
      "Id": "644cb114-4006-4ab2-aa76-e2fd51e1bddb",
      "Relationships": [
        {
          "Type": "CHILD",
          "Ids": [
            "fdacceee-a4e8-410f-831b-d89b730e29b0",
            "875b9267-499b-4e28-a759-201621e41c94"
          ]
        }
      ],
      "Page": 1
    },
    {
      "BlockType": "LINE",
      "Confidence": 99.84137725830078,
      "Text": "Pro",
      "Geometry": {
        "BoundingBox": {
          "Width": 0.024050144478678703,
          "Height": 0.010111913084983826,
          "Left": 0.35324332118034363,
          "Top": 0.4335407614707947
        },
        "Polygon": [
          {
            "X": 0.35324332118034363,
            "Y": 0.4335407614707947
          },
          {
            "X": 0.37723803520202637,
            "Y": 0.433901309967041
          },
          {
            "X": 0.3772934675216675,
            "Y": 0.4436526894569397
          },
          {
            "X": 0.35329368710517883,
            "Y": 0.4433040916919708
          }
        ]
      },
      "Id": "9d1ea78e-9b06-4135-a589-d4a20473086d",
      "Relationships": [
        {
          "Type": "CHILD",
          "Ids": [
            "6f151ac8-79a8-4564-b32f-43549bc510e2"
          ]
        }
      ],
      "Page": 1
    },
    {
      "BlockType": "LINE",
      "Confidence": 99.93963623046875,
      "Text": "Premier",
      "Geometry": {
        "BoundingBox": {
          "Width": 0.054255690425634384,
          "Height": 0.010224936529994011,
          "Left": 0.4642490744590759,
          "Top": 0.43504345417022705
        },
        "Polygon": [
          {
            "X": 0.4642490744590759,
            "Y": 0.43504345417022705
          },
          {
            "X": 0.51842200756073,
            "Y": 0.4358578622341156
          },
          {
            "X": 0.518504798412323,
            "Y": 0.4452683925628662
          },
          {
            "X": 0.4643208086490631,
            "Y": 0.44448018074035645
          }
        ]
      },
      "Id": "f526333f-fdb1-488f-8db8-4bf7c0946b4f",
      "Relationships": [
        {
          "Type": "CHILD",
          "Ids": [
            "e97f0fa4-c765-42b8-bc4b-4d8b89c81216"
          ]
        }
      ],
      "Page": 1
    },
    {
      "BlockType": "LINE",
      "Confidence": 74.9712905883789,
      "Text": "COMING SOON",
      "Geometry": {
        "BoundingBox": {
          "Width": 0.04306383430957794,
          "Height": 0.00530795706436038,
          "Left": 0.4694523513317108,
          "Top": 0.4462156295776367
        },
        "Polygon": [
          {
            "X": 0.4694523513317108,
            "Y": 0.4462156295776367
          },
          {
            "X": 0.5124756097793579,
            "Y": 0.44683781266212463
          },
          {
            "X": 0.51251620054245,
            "Y": 0.4515236020088196
          },
          {
            "X": 0.46948859095573425,
            "Y": 0.4509117603302002
          }
        ]
      },
      "Id": "0e59e1eb-21ab-4a32-853d-e35523b710c3",
      "Relationships": [
        {
          "Type": "CHILD",
          "Ids": [
            "a772ef43-4e7b-40d8-a60f-8881c26e9437",
            "ad9951bb-84aa-43a8-842b-bb75ffec3059"
          ]
        }
      ],
      "Page": 1
    },
    {
      "BlockType": "LINE",
      "Confidence": 81.2876968383789,
      "Text": "SPEECS TO SPEECH",
      "Geometry": {
        "BoundingBox": {
          "Width": 0.07207616418600082,
          "Height": 0.006572602316737175,
          "Left": 0.6565048098564148,
          "Top": 0.44949087500572205
        },
        "Polygon": [
          {
            "X": 0.6565048098564148,
            "Y": 0.44949087500572205
          },
          {
            "X": 0.7285067439079285,
            "Y": 0.4505299925804138
          },
          {
            "X": 0.7285810112953186,
            "Y": 0.45606347918510437
          },
          {
            "X": 0.656570553779602,
            "Y": 0.45504507422447205
          }
        ]
      },
      "Id": "feaf8bc7-a31c-481b-bc23-b6367105d21e",
      "Relationships": [
        {
          "Type": "CHILD",
          "Ids": [
            "d5faa34e-f291-4205-83f9-7e73859a087e",
            "1afa3999-eb17-4198-8df7-9016475adb6a",
            "e76e8111-ca93-47d4-b53b-5b842d3c7706"
          ]
        }
      ],
      "Page": 1
    },
    {
      "BlockType": "LINE",
      "Confidence": 87.88127136230469,
      "Text": "Languages",
      "Geometry": {
        "BoundingBox": {
          "Width": 0.02707178145647049,
          "Height": 0.004805839154869318,
          "Left": 0.31979963183403015,
          "Top": 0.4612383544445038
        },
        "Polygon": [
          {
            "X": 0.31979963183403015,
            "Y": 0.4612383544445038
          },
          {
            "X": 0.3468491733074188,
            "Y": 0.4616057574748993
          },
          {
            "X": 0.34687143564224243,
            "Y": 0.46604421734809875
          },
          {
            "X": 0.31981927156448364,
            "Y": 0.4656829535961151
          }
        ]
      },
      "Id": "6d9490df-1f03-451b-8749-36d16d246d5b",
      "Relationships": [
        {
          "Type": "CHILD",
          "Ids": [
            "d483e749-fdcc-42fb-8b4b-66e9252ef585"
          ]
        }
      ],
      "Page": 1
    },
    {
      "BlockType": "LINE",
      "Confidence": 37.1074104309082,
      "Text": "Spanish",
      "Geometry": {
        "BoundingBox": {
          "Width": 0.01851223222911358,
          "Height": 0.00478834705427289,
          "Left": 0.5292642116546631,
          "Top": 0.47224161028862
        },
        "Polygon": [
          {
            "X": 0.5292642116546631,
            "Y": 0.47224161028862
          },
          {
            "X": 0.5477336049079895,
            "Y": 0.47248467803001404
          },
          {
            "X": 0.547776460647583,
            "Y": 0.477029949426651
          },
          {
            "X": 0.5293052792549133,
            "Y": 0.47679123282432556
          }
        ]
      },
      "Id": "458d7477-8e4d-4758-8147-48911becfb8f",
      "Relationships": [
        {
          "Type": "CHILD",
          "Ids": [
            "00b15028-ce8c-46e4-8702-4763efea9fcc"
          ]
        }
      ],
      "Page": 1
    },
    {
      "BlockType": "LINE",
      "Confidence": 88.4207763671875,
      "Text": "the",
      "Geometry": {
        "BoundingBox": {
          "Width": 0.00866168923676014,
          "Height": 0.004295496270060539,
          "Left": 0.536360502243042,
          "Top": 0.4777563810348511
        },
        "Polygon": [
          {
            "X": 0.536360502243042,
            "Y": 0.4777563810348511
          },
          {
            "X": 0.5449829697608948,
            "Y": 0.4778674244880676
          },
          {
            "X": 0.545022189617157,
            "Y": 0.48205187916755676
          },
          {
            "X": 0.5363988876342773,
            "Y": 0.48194268345832825
          }
        ]
      },
      "Id": "ff64a807-562e-4157-9cd2-92ce9ded98ff",
      "Relationships": [
        {
          "Type": "CHILD",
          "Ids": [
            "9246de2a-80e7-4df7-bde6-85508f84df51"
          ]
        }
      ],
      "Page": 1
    },
    {
      "BlockType": "LINE",
      "Confidence": 99.76802825927734,
      "Text": "Amazon Nova",
      "Geometry": {
        "BoundingBox": {
          "Width": 0.05396139994263649,
          "Height": 0.0073278797790408134,
          "Left": 0.6682465672492981,
          "Top": 0.47622013092041016
        },
        "Polygon": [
          {
            "X": 0.6682465672492981,
            "Y": 0.47622013092041016
          },
          {
            "X": 0.7221201062202454,
            "Y": 0.4769230782985687
          },
          {
            "X": 0.7222079634666443,
            "Y": 0.48354801535606384
          },
          {
            "X": 0.6683268547058105,
            "Y": 0.4828636348247528
          }
        ]
      },
      "Id": "d9872227-1f91-48cf-ae23-628f8b78ae47",
      "Relationships": [
        {
          "Type": "CHILD",
          "Ids": [
            "7819a14e-c968-495b-8f9a-491b58e74cec",
            "b633a769-04c9-4cf8-a3fe-2b3f1d9412e3"
          ]
        }
      ],
      "Page": 1
    },
    {
      "BlockType": "LINE",
      "Confidence": 99.8460922241211,
      "Text": "Sonic",
      "Geometry": {
        "BoundingBox": {
          "Width": 0.03505091741681099,
          "Height": 0.009905345737934113,
          "Left": 0.6791120767593384,
          "Top": 0.48515424132347107
        },
        "Polygon": [
          {
            "X": 0.6791120767593384,
            "Y": 0.48515424132347107
          },
          {
            "X": 0.7140390872955322,
            "Y": 0.4855939447879791
          },
          {
            "X": 0.7141630053520203,
            "Y": 0.4950595796108246
          },
          {
            "X": 0.6792289018630981,
            "Y": 0.49463704228401184
          }
        ]
      },
      "Id": "55e5b206-d884-4b6b-8ba8-1b47d3a715d7",
      "Relationships": [
        {
          "Type": "CHILD",
          "Ids": [
            "9b91363a-6ad4-44b6-a805-602ec6a8f535"
          ]
        }
      ],
      "Page": 1
    },
    {
      "BlockType": "LINE",
      "Confidence": 99.61679077148438,
      "Text": "NEW",
      "Geometry": {
        "BoundingBox": {
          "Width": 0.017097970470786095,
          "Height": 0.005631026346236467,
          "Left": 0.6870821714401245,
          "Top": 0.4996868073940277
        },
        "Polygon": [
          {
            "X": 0.6870821714401245,
            "Y": 0.4996868073940277
          },
          {
            "X": 0.704110324382782,
            "Y": 0.4998883605003357
          },
          {
            "X": 0.7041801810264587,
            "Y": 0.5053178071975708
          },
          {
            "X": 0.6871500611305237,
            "Y": 0.5051210522651672
          }
        ]
      },
      "Id": "5c68f99c-5bec-4234-8a23-b52ce3835e76",
      "Relationships": [
        {
          "Type": "CHILD",
          "Ids": [
            "07b1f750-a5ff-4025-8984-6c4e42df2a89"
          ]
        }
      ],
      "Page": 1
    },
    {
      "BlockType": "LINE",
      "Confidence": 81.91922760009766,
      "Text": "aws",
      "Geometry": {
        "BoundingBox": {
          "Width": 0.016769463196396828,
          "Height": 0.005458401050418615,
          "Left": 0.3232414424419403,
          "Top": 0.5236305594444275
        },
        "Polygon": [
          {
            "X": 0.3232414424419403,
            "Y": 0.5236305594444275
          },
          {
            "X": 0.3399852216243744,
            "Y": 0.5238045454025269
          },
          {
            "X": 0.3400108814239502,
            "Y": 0.5290889739990234
          },
          {
            "X": 0.3232651650905609,
            "Y": 0.528919517993927
          }
        ]
      },
      "Id": "7ce474b4-0db9-4245-890a-349a42fe0896",
      "Relationships": [
        {
          "Type": "CHILD",
          "Ids": [
            "6844655a-2e78-40e6-969d-ae157ff650a1"
          ]
        }
      ],
      "Page": 1
    },
    {
      "BlockType": "WORD",
      "Confidence": 99.94252014160156,
      "Text": "Amazon",
      "TextType": "PRINTED",
      "Geometry": {
        "BoundingBox": {
          "Width": 0.08699848502874374,
          "Height": 0.01616310141980648,
          "Left": 0.31640326976776123,
          "Top": 0.3275279700756073
        },
        "Polygon": [
          {
            "X": 0.31640326976776123,
            "Y": 0.3275279700756073
          },
          {
            "X": 0.40331149101257324,
            "Y": 0.32930275797843933
          },
          {
            "X": 0.40340176224708557,
            "Y": 0.3436910808086395
          },
          {
            "X": 0.31646621227264404,
            "Y": 0.3419800400733948
          }
        ]
      },
      "Id": "dac63ec3-4400-4b63-b371-1c97bbc48771",
      "Page": 1
    },
    {
      "BlockType": "WORD",
      "Confidence": 99.84130859375,
      "Text": "Nova",
      "TextType": "PRINTED",
      "Geometry": {
        "BoundingBox": {
          "Width": 0.052287787199020386,
          "Height": 0.01474276464432478,
          "Left": 0.40843886137008667,
          "Top": 0.3306705355644226
        },
        "Polygon": [
          {
            "X": 0.40843886137008667,
            "Y": 0.3306705355644226
          },
          {
            "X": 0.46062350273132324,
            "Y": 0.331732839345932
          },
          {
            "X": 0.46072664856910706,
            "Y": 0.34541332721710205
          },
          {
            "X": 0.4085264503955841,
            "Y": 0.3443875312805176
          }
        ]
      },
      "Id": "9dafb18d-cc2c-4f69-aaed-413a1df307b6",
      "Page": 1
    },
    {
      "BlockType": "WORD",
      "Confidence": 48.04751968383789,
      "Text": "UNDERSTANDING",
      "TextType": "PRINTED",
      "Geometry": {
        "BoundingBox": {
          "Width": 0.06397779285907745,
          "Height": 0.0069590345956385136,
          "Left": 0.3779774308204651,
          "Top": 0.3730073869228363
        },
        "Polygon": [
          {
            "X": 0.3779774308204651,
            "Y": 0.3730073869228363
          },
          {
            "X": 0.4419139623641968,
            "Y": 0.37416791915893555
          },
          {
            "X": 0.44195523858070374,
            "Y": 0.3799664080142975
          },
          {
            "X": 0.37801066040992737,
            "Y": 0.3788248300552368
          }
        ]
      },
      "Id": "c70d4e8e-b1a4-482b-bae1-20714257f4bc",
      "Page": 1
    },
    {
      "BlockType": "WORD",
      "Confidence": 45.44285583496094,
      "Text": "ROBELS",
      "TextType": "PRINTED",
      "Geometry": {
        "BoundingBox": {
          "Width": 0.02897261083126068,
          "Height": 0.005208071321249008,
          "Left": 0.4456867277622223,
          "Top": 0.3753916919231415
        },
        "Polygon": [
          {
            "X": 0.4456867277622223,
            "Y": 0.3753916919231415
          },
          {
            "X": 0.4746226370334625,
            "Y": 0.37591516971588135
          },
          {
            "X": 0.47465935349464417,
            "Y": 0.3805997669696808
          },
          {
            "X": 0.44572052359580994,
            "Y": 0.38008320331573486
          }
        ]
      },
      "Id": "971072f7-d7ef-4bea-a7f5-fa0854096453",
      "Page": 1
    },
    {
      "BlockType": "WORD",
      "Confidence": 95.92347717285156,
      "Text": "CREATIVE",
      "TextType": "PRINTED",
      "Geometry": {
        "BoundingBox": {
          "Width": 0.03540322184562683,
          "Height": 0.005493885837495327,
          "Left": 0.6118038296699524,
          "Top": 0.3789743483066559
        },
        "Polygon": [
          {
            "X": 0.6118038296699524,
            "Y": 0.3789743483066559
          },
          {
            "X": 0.6471505165100098,
            "Y": 0.3796127736568451
          },
          {
            "X": 0.6472070813179016,
            "Y": 0.3844682276248932
          },
          {
            "X": 0.6118566989898682,
            "Y": 0.3838386833667755
          }
        ]
      },
      "Id": "7cab8e72-c446-4d08-8a8c-c41d8ad699ae",
      "Page": 1
    },
    {
      "BlockType": "WORD",
      "Confidence": 60.27144241333008,
      "Text": "CONTENT",
      "TextType": "PRINTED",
      "Geometry": {
        "BoundingBox": {
          "Width": 0.031385552138090134,
          "Height": 0.005137961357831955,
          "Left": 0.6516698002815247,
          "Top": 0.37995442748069763
        },
        "Polygon": [
          {
            "X": 0.6516698002815247,
            "Y": 0.37995442748069763
          },
          {
            "X": 0.6829984784126282,
            "Y": 0.380519837141037
          },
          {
            "X": 0.6830553412437439,
            "Y": 0.3850923776626587
          },
          {
            "X": 0.6517235636711121,
            "Y": 0.3845343589782715
          }
        ]
      },
      "Id": "9d119f7a-291e-4602-a253-714f422a134f",
      "Page": 1
    },
    {
      "BlockType": "WORD",
      "Confidence": 97.89797973632812,
      "Text": "GENERATION",
      "TextType": "PRINTED",
      "Geometry": {
        "BoundingBox": {
          "Width": 0.04370613396167755,
          "Height": 0.0055593145079910755,
          "Left": 0.6874436736106873,
          "Top": 0.38071849942207336
        },
        "Polygon": [
          {
            "X": 0.6874436736106873,
            "Y": 0.38071849942207336
          },
          {
            "X": 0.7310854196548462,
            "Y": 0.3815058767795563
          },
          {
            "X": 0.7311497926712036,
            "Y": 0.38627782464027405
          },
          {
            "X": 0.6875035762786865,
            "Y": 0.3855012357234955
          }
        ]
      },
      "Id": "fa935664-27c7-4983-b02c-d3ceece85419",
      "Page": 1
    },
    {
      "BlockType": "WORD",
      "Confidence": 35.32080841064453,
      "Text": "NOPELS",
      "TextType": "PRINTED",
      "Geometry": {
        "BoundingBox": {
          "Width": 0.026321806013584137,
          "Height": 0.00511052506044507,
          "Left": 0.7353403568267822,
          "Top": 0.3818160593509674
        },
        "Polygon": [
          {
            "X": 0.7353403568267822,
            "Y": 0.3818160593509674
          },
          {
            "X": 0.7615965008735657,
            "Y": 0.38228943943977356
          },
          {
            "X": 0.7616621851921082,
            "Y": 0.3869265913963318
          },
          {
            "X": 0.7354034781455994,
            "Y": 0.3864595293998718
          }
        ]
      },
      "Id": "405a4ce8-2604-42a9-b6b0-79bd5ac600a9",
      "Page": 1
    },
    {
      "BlockType": "WORD",
      "Confidence": 99.2227554321289,
      "Text": "aws",
      "TextType": "PRINTED",
      "Geometry": {
        "BoundingBox": {
          "Width": 0.08651535958051682,
          "Height": 0.026042897254228592,
          "Left": 0.8700339794158936,
          "Top": 0.38214111328125
        },
        "Polygon": [
          {
            "X": 0.8700339794158936,
            "Y": 0.38214111328125
          },
          {
            "X": 0.9560976028442383,
            "Y": 0.3837023675441742
          },
          {
            "X": 0.956549346446991,
            "Y": 0.4081840217113495
          },
          {
            "X": 0.8704411387443542,
            "Y": 0.4067334234714508
          }
        ]
      },
      "Id": "94b81dcc-2e86-4c7e-9e0f-fbba47049ae0",
      "Page": 1
    },
    {
      "BlockType": "WORD",
      "Confidence": 99.94713592529297,
      "Text": "Amazon",
      "TextType": "PRINTED",
      "Geometry": {
        "BoundingBox": {
          "Width": 0.036009903997182846,
          "Height": 0.007497843820601702,
          "Left": 0.33368268609046936,
          "Top": 0.39171871542930603
        },
        "Polygon": [
          {
            "X": 0.33368268609046936,
            "Y": 0.39171871542930603
          },
          {
            "X": 0.3696545958518982,
            "Y": 0.3923356831073761
          },
          {
            "X": 0.3696925938129425,
            "Y": 0.39921653270721436
          },
          {
            "X": 0.3337153196334839,
            "Y": 0.3986121714115143
          }
        ]
      },
      "Id": "1cc3dc59-c1a4-45e6-9010-9199c6610dc0",
      "Page": 1
    },
    {
      "BlockType": "WORD",
      "Confidence": 99.78449249267578,
      "Text": "Nova",
      "TextType": "PRINTED",
      "Geometry": {
        "BoundingBox": {
          "Width": 0.022262010723352432,
          "Height": 0.007060310337692499,
          "Left": 0.3712453544139862,
          "Top": 0.39253413677215576
        },
        "Polygon": [
          {
            "X": 0.3712453544139862,
            "Y": 0.39253413677215576
          },
          {
            "X": 0.393466979265213,
            "Y": 0.3929150700569153
          },
          {
            "X": 0.39350736141204834,
            "Y": 0.39959442615509033
          },
          {
            "X": 0.37128251791000366,
            "Y": 0.3992210626602173
          }
        ]
      },
      "Id": "318cb9a7-0333-4398-8700-7e361b177cc4",
      "Page": 1
    },
    {
      "BlockType": "WORD",
      "Confidence": 99.91881561279297,
      "Text": "Amazon",
      "TextType": "PRINTED",
      "Geometry": {
        "BoundingBox": {
          "Width": 0.03390827775001526,
          "Height": 0.006920759100466967,
          "Left": 0.4611043930053711,
          "Top": 0.3950350284576416
        },
        "Polygon": [
          {
            "X": 0.4611043930053711,
            "Y": 0.3950350284576416
          },
          {
            "X": 0.49496012926101685,
            "Y": 0.39561372995376587
          },
          {
            "X": 0.49501267075538635,
            "Y": 0.401955783367157
          },
          {
            "X": 0.4611522853374481,
            "Y": 0.4013880789279938
          }
        ]
      },
      "Id": "9dddb275-1fd5-4f25-99be-0bdc813daa7c",
      "Page": 1
    },
    {
      "BlockType": "WORD",
      "Confidence": 99.5326919555664,
      "Text": "Nova",
      "TextType": "PRINTED",
      "Geometry": {
        "BoundingBox": {
          "Width": 0.021245738491415977,
          "Height": 0.006622431334108114,
          "Left": 0.4961106777191162,
          "Top": 0.3956044912338257
        },
        "Polygon": [
          {
            "X": 0.4961106777191162,
            "Y": 0.3956044912338257
          },
          {
            "X": 0.5173014998435974,
            "Y": 0.3959667682647705
          },
          {
            "X": 0.5173563957214355,
            "Y": 0.40222692489624023
          },
          {
            "X": 0.4961627721786499,
            "Y": 0.4018714725971222
          }
        ]
      },
      "Id": "4e8ba97b-71ee-45e8-a1ec-db37cc6963de",
      "Page": 1
    },
    {
      "BlockType": "WORD",
      "Confidence": 96.70304870605469,
      "Text": "NS",
      "TextType": "PRINTED",
      "Geometry": {
        "BoundingBox": {
          "Width": 0.08288294821977615,
          "Height": 0.041336216032505035,
          "Left": 0.10394947230815887,
          "Top": 0.39013826847076416
        },
        "Polygon": [
          {
            "X": 0.10396279394626617,
            "Y": 0.39013826847076416
          },
          {
            "X": 0.18677282333374023,
            "Y": 0.3915487229824066
          },
          {
            "X": 0.18683242797851562,
            "Y": 0.4314744770526886
          },
          {
            "X": 0.10394947230815887,
            "Y": 0.4302310049533844
          }
        ]
      },
      "Id": "1a205960-3e45-48ae-814d-cda9cfcc8eaf",
      "Page": 1
    },
    {
      "BlockType": "WORD",
      "Confidence": 99.9024658203125,
      "Text": "Micro",
      "TextType": "PRINTED",
      "Geometry": {
        "BoundingBox": {
          "Width": 0.042077407240867615,
          "Height": 0.01043777447193861,
          "Left": 0.3435232639312744,
          "Top": 0.40117985010147095
        },
        "Polygon": [
          {
            "X": 0.3435232639312744,
            "Y": 0.40117985010147095
          },
          {
            "X": 0.38554349541664124,
            "Y": 0.40188056230545044
          },
          {
            "X": 0.3856006860733032,
            "Y": 0.411617636680603
          },
          {
            "X": 0.3435715436935425,
            "Y": 0.4109377861022949
          }
        ]
      },
      "Id": "0f163f3a-0395-456f-bd60-d6ee85642bea",
      "Page": 1
    },
    {
      "BlockType": "WORD",
      "Confidence": 99.9205093383789,
      "Text": "Lite",
      "TextType": "PRINTED",
      "Geometry": {
        "BoundingBox": {
          "Width": 0.024745270609855652,
          "Height": 0.009559926576912403,
          "Left": 0.47749149799346924,
          "Top": 0.4043220281600952
        },
        "Polygon": [
          {
            "X": 0.47749149799346924,
            "Y": 0.4043220281600952
          },
          {
            "X": 0.5021595358848572,
            "Y": 0.40473222732543945
          },
          {
            "X": 0.5022367835044861,
            "Y": 0.41388195753097534
          },
          {
            "X": 0.47756385803222656,
            "Y": 0.41348332166671753
          }
        ]
      },
      "Id": "0596e50f-320a-460a-ae6e-5e058b974810",
      "Page": 1
    },
    {
      "BlockType": "WORD",
      "Confidence": 99.92682647705078,
      "Text": "Amazon",
      "TextType": "PRINTED",
      "Geometry": {
        "BoundingBox": {
          "Width": 0.03212941437959671,
          "Height": 0.006683733314275742,
          "Left": 0.6067663431167603,
          "Top": 0.40843328833580017
        },
        "Polygon": [
          {
            "X": 0.6067663431167603,
            "Y": 0.40843328833580017
          },
          {
            "X": 0.6388252973556519,
            "Y": 0.408963143825531
          },
          {
            "X": 0.6388957500457764,
            "Y": 0.4151170253753662
          },
          {
            "X": 0.6068325638771057,
            "Y": 0.41459739208221436
          }
        ]
      },
      "Id": "55f9f81b-ee31-4a72-9f46-28099c0bbacd",
      "Page": 1
    },
    {
      "BlockType": "WORD",
      "Confidence": 99.60587310791016,
      "Text": "Nova",
      "TextType": "PRINTED",
      "Geometry": {
        "BoundingBox": {
          "Width": 0.020270701497793198,
          "Height": 0.0065246447920799255,
          "Left": 0.6400458812713623,
          "Top": 0.4090735912322998
        },
        "Polygon": [
          {
            "X": 0.6400458812713623,
            "Y": 0.4090735912322998
          },
          {
            "X": 0.6602427959442139,
            "Y": 0.40940728783607483
          },
          {
            "X": 0.6603165864944458,
            "Y": 0.41559821367263794
          },
          {
            "X": 0.6401170492172241,
            "Y": 0.41527098417282104
          }
        ]
      },
      "Id": "1075e6e9-ca54-4e93-8e76-81ee7d2b36f5",
      "Page": 1
    },
    {
      "BlockType": "WORD",
      "Confidence": 99.88570404052734,
      "Text": "Amazon",
      "TextType": "PRINTED",
      "Geometry": {
        "BoundingBox": {
          "Width": 0.03100164234638214,
          "Height": 0.00667479308322072,
          "Left": 0.7211359143257141,
          "Top": 0.41020467877388
        },
        "Polygon": [
          {
            "X": 0.7211359143257141,
            "Y": 0.41020467877388
          },
          {
            "X": 0.752051591873169,
            "Y": 0.41071581840515137
          },
          {
            "X": 0.7521375417709351,
            "Y": 0.41687947511672974
          },
          {
            "X": 0.7212178111076355,
            "Y": 0.4163782298564911
          }
        ]
      },
      "Id": "c1bc7dfb-1e4b-4bd2-88e4-b27d1cf60fc4",
      "Page": 1
    },
    {
      "BlockType": "WORD",
      "Confidence": 97.84214782714844,
      "Text": "Nova",
      "TextType": "PRINTED",
      "Geometry": {
        "BoundingBox": {
          "Width": 0.01937122456729412,
          "Height": 0.00638532405719161,
          "Left": 0.7533891797065735,
          "Top": 0.4106535017490387
        },
        "Polygon": [
          {
            "X": 0.7533891797065735,
            "Y": 0.4106535017490387
          },
          {
            "X": 0.7726730704307556,
            "Y": 0.4109724164009094
          },
          {
            "X": 0.7727603912353516,
            "Y": 0.41703882813453674
          },
          {
            "X": 0.7534740567207336,
            "Y": 0.4167260229587555
          }
        ]
      },
      "Id": "2acef1be-d972-4ad1-b211-1a4150a95fad",
      "Page": 1
    },
    {
      "BlockType": "WORD",
      "Confidence": 99.9175033569336,
      "Text": "Canvas",
      "TextType": "PRINTED",
      "Geometry": {
        "BoundingBox": {
          "Width": 0.04522937536239624,
          "Height": 0.009791580960154533,
          "Left": 0.6118773818016052,
          "Top": 0.41740334033966064
        },
        "Polygon": [
          {
            "X": 0.6118773818016052,
            "Y": 0.41740334033966064
          },
          {
            "X": 0.6569993495941162,
            "Y": 0.41812825202941895
          },
          {
            "X": 0.6571067571640015,
            "Y": 0.4271949231624603
          },
          {
            "X": 0.6119760274887085,
            "Y": 0.4264912009239197
          }
        ]
      },
      "Id": "9001d91f-d048-4e1c-800e-7cc5ca48cfb0",
      "Page": 1
    },
    {
      "BlockType": "WORD",
      "Confidence": 99.86791229248047,
      "Text": "Reel",
      "TextType": "PRINTED",
      "Geometry": {
        "BoundingBox": {
          "Width": 0.02739613503217697,
          "Height": 0.009302026592195034,
          "Left": 0.7349191904067993,
          "Top": 0.41885364055633545
        },
        "Polygon": [
          {
            "X": 0.7349191904067993,
            "Y": 0.41885364055633545
          },
          {
            "X": 0.7621897459030151,
            "Y": 0.41929250955581665
          },
          {
            "X": 0.7623153328895569,
            "Y": 0.42815566062927246
          },
          {
            "X": 0.7350395917892456,
            "Y": 0.42772936820983887
          }
        ]
      },
      "Id": "15f47cc4-3c1b-492b-92a4-dc893f3a3ed1",
      "Page": 1
    },
    {
      "BlockType": "WORD",
      "Confidence": 99.9006118774414,
      "Text": "Amazon",
      "TextType": "PRINTED",
      "Geometry": {
        "BoundingBox": {
          "Width": 0.0359567292034626,
          "Height": 0.007254285272210836,
          "Left": 0.3344266712665558,
          "Top": 0.42395448684692383
        },
        "Polygon": [
          {
            "X": 0.3344266712665558,
            "Y": 0.42395448684692383
          },
          {
            "X": 0.370346337556839,
            "Y": 0.42451128363609314
          },
          {
            "X": 0.3703834116458893,
            "Y": 0.4312087595462799
          },
          {
            "X": 0.33445850014686584,
            "Y": 0.43066421151161194
          }
        ]
      },
      "Id": "6845d295-a2b5-4a03-bc51-3859411a49fe",
      "Page": 1
    },
    {
      "BlockType": "WORD",
      "Confidence": 99.64525604248047,
      "Text": "Nova",
      "TextType": "PRINTED",
      "Geometry": {
        "BoundingBox": {
          "Width": 0.02224486693739891,
          "Height": 0.007112765684723854,
          "Left": 0.37192946672439575,
          "Top": 0.42450371384620667
        },
        "Polygon": [
          {
            "X": 0.37192946672439575,
            "Y": 0.42450371384620667
          },
          {
            "X": 0.3941333293914795,
            "Y": 0.42484793066978455
          },
          {
            "X": 0.39417433738708496,
            "Y": 0.43161648511886597
          },
          {
            "X": 0.3719671964645386,
            "Y": 0.43127989768981934
          }
        ]
      },
      "Id": "cf0221f6-7142-41ac-a285-fc9581560a89",
      "Page": 1
    },
    {
      "BlockType": "WORD",
      "Confidence": 99.87785339355469,
      "Text": "Amazon",
      "TextType": "PRINTED",
      "Geometry": {
        "BoundingBox": {
          "Width": 0.034362923353910446,
          "Height": 0.006952216848731041,
          "Left": 0.46191152930259705,
          "Top": 0.42600324749946594
        },
        "Polygon": [
          {
            "X": 0.46191152930259705,
            "Y": 0.42600324749946594
          },
          {
            "X": 0.496221125125885,
            "Y": 0.4265349805355072
          },
          {
            "X": 0.4962744414806366,
            "Y": 0.43295547366142273
          },
          {
            "X": 0.4619600772857666,
            "Y": 0.4324350357055664
          }
        ]
      },
      "Id": "fdacceee-a4e8-410f-831b-d89b730e29b0",
      "Page": 1
    },
    {
      "BlockType": "WORD",
      "Confidence": 99.55049133300781,
      "Text": "Nova",
      "TextType": "PRINTED",
      "Geometry": {
        "BoundingBox": {
          "Width": 0.021219413727521896,
          "Height": 0.0067541999742388725,
          "Left": 0.49729689955711365,
          "Top": 0.42643848061561584
        },
        "Polygon": [
          {
            "X": 0.49729689955711365,
            "Y": 0.42643848061561584
          },
          {
            "X": 0.5184597969055176,
            "Y": 0.426766574382782
          },
          {
            "X": 0.5185163021087646,
            "Y": 0.4331926703453064
          },
          {
            "X": 0.4973504841327667,
            "Y": 0.432871550321579
          }
        ]
      },
      "Id": "875b9267-499b-4e28-a759-201621e41c94",
      "Page": 1
    },
    {
      "BlockType": "WORD",
      "Confidence": 99.84137725830078,
      "Text": "Pro",
      "TextType": "PRINTED",
      "Geometry": {
        "BoundingBox": {
          "Width": 0.024050144478678703,
          "Height": 0.010111913084983826,
          "Left": 0.35324332118034363,
          "Top": 0.4335407614707947
        },
        "Polygon": [
          {
            "X": 0.35324332118034363,
            "Y": 0.4335407614707947
          },
          {
            "X": 0.37723803520202637,
            "Y": 0.433901309967041
          },
          {
            "X": 0.3772934675216675,
            "Y": 0.4436526894569397
          },
          {
            "X": 0.35329368710517883,
            "Y": 0.4433040916919708
          }
        ]
      },
      "Id": "6f151ac8-79a8-4564-b32f-43549bc510e2",
      "Page": 1
    },
    {
      "BlockType": "WORD",
      "Confidence": 99.93963623046875,
      "Text": "Premier",
      "TextType": "PRINTED",
      "Geometry": {
        "BoundingBox": {
          "Width": 0.054255690425634384,
          "Height": 0.010224936529994011,
          "Left": 0.4642490744590759,
          "Top": 0.43504345417022705
        },
        "Polygon": [
          {
            "X": 0.4642490744590759,
            "Y": 0.43504345417022705
          },
          {
            "X": 0.51842200756073,
            "Y": 0.4358578622341156
          },
          {
            "X": 0.518504798412323,
            "Y": 0.4452683925628662
          },
          {
            "X": 0.4643208086490631,
            "Y": 0.44448018074035645
          }
        ]
      },
      "Id": "e97f0fa4-c765-42b8-bc4b-4d8b89c81216",
      "Page": 1
    },
    {
      "BlockType": "WORD",
      "Confidence": 99.25721740722656,
      "Text": "COMING",
      "TextType": "PRINTED",
      "Geometry": {
        "BoundingBox": {
          "Width": 0.02509799227118492,
          "Height": 0.00505249435082078,
          "Left": 0.4694523513317108,
          "Top": 0.4462156295776367
        },
        "Polygon": [
          {
            "X": 0.4694523513317108,
            "Y": 0.4462156295776367
          },
          {
            "X": 0.49451157450675964,
            "Y": 0.4465780258178711
          },
          {
            "X": 0.49455034732818604,
            "Y": 0.45126813650131226
          },
          {
            "X": 0.46948859095573425,
            "Y": 0.4509117603302002
          }
        ]
      },
      "Id": "a772ef43-4e7b-40d8-a60f-8881c26e9437",
      "Page": 1
    },
    {
      "BlockType": "WORD",
      "Confidence": 50.68536376953125,
      "Text": "SOON",
      "TextType": "PRINTED",
      "Geometry": {
        "BoundingBox": {
          "Width": 0.01724690943956375,
          "Height": 0.004251355305314064,
          "Left": 0.4952680766582489,
          "Top": 0.44713133573532104
        },
        "Polygon": [
          {
            "X": 0.4952680766582489,
            "Y": 0.44713133573532104
          },
          {
            "X": 0.5124803185462952,
            "Y": 0.4473797678947449
          },
          {
            "X": 0.5125149488449097,
            "Y": 0.45138269662857056
          },
          {
            "X": 0.4953012466430664,
            "Y": 0.45113781094551086
          }
        ]
      },
      "Id": "ad9951bb-84aa-43a8-842b-bb75ffec3059",
      "Page": 1
    },
    {
      "BlockType": "WORD",
      "Confidence": 52.61575698852539,
      "Text": "SPEECS",
      "TextType": "PRINTED",
      "Geometry": {
        "BoundingBox": {
          "Width": 0.027858026325702667,
          "Height": 0.005947241559624672,
          "Left": 0.6565048098564148,
          "Top": 0.44949087500572205
        },
        "Polygon": [
          {
            "X": 0.6565048098564148,
            "Y": 0.44949087500572205
          },
          {
            "X": 0.6842938661575317,
            "Y": 0.44989192485809326
          },
          {
            "X": 0.6843628883361816,
            "Y": 0.45543810725212097
          },
          {
            "X": 0.656570553779602,
            "Y": 0.45504507422447205
          }
        ]
      },
      "Id": "d5faa34e-f291-4205-83f9-7e73859a087e",
      "Page": 1
    },
    {
      "BlockType": "WORD",
      "Confidence": 92.02457427978516,
      "Text": "TO",
      "TextType": "PRINTED",
      "Geometry": {
        "BoundingBox": {
          "Width": 0.00934063084423542,
          "Height": 0.005064192693680525,
          "Left": 0.6882845163345337,
          "Top": 0.4500335156917572
        },
        "Polygon": [
          {
            "X": 0.6882845163345337,
            "Y": 0.4500335156917572
          },
          {
            "X": 0.6975623965263367,
            "Y": 0.45016738772392273
          },
          {
            "X": 0.6976251602172852,
            "Y": 0.4550977051258087
          },
          {
            "X": 0.6883463263511658,
            "Y": 0.4549662172794342
          }
        ]
      },
      "Id": "1afa3999-eb17-4198-8df7-9016475adb6a",
      "Page": 1
    },
    {
      "BlockType": "WORD",
      "Confidence": 99.22277069091797,
      "Text": "SPEECH",
      "TextType": "PRINTED",
      "Geometry": {
        "BoundingBox": {
          "Width": 0.026997869834303856,
          "Height": 0.0052053723484277725,
          "Left": 0.7015759944915771,
          "Top": 0.4503249228000641
        },
        "Polygon": [
          {
            "X": 0.7015759944915771,
            "Y": 0.4503249228000641
          },
          {
            "X": 0.728509247303009,
            "Y": 0.4507133662700653
          },
          {
            "X": 0.7285738587379456,
            "Y": 0.4555302858352661
          },
          {
            "X": 0.7016378045082092,
            "Y": 0.4551486074924469
          }
        ]
      },
      "Id": "e76e8111-ca93-47d4-b53b-5b842d3c7706",
      "Page": 1
    },
    {
      "BlockType": "WORD",
      "Confidence": 87.88127136230469,
      "Text": "Languages",
      "TextType": "PRINTED",
      "Geometry": {
        "BoundingBox": {
          "Width": 0.02707178145647049,
          "Height": 0.004805839154869318,
          "Left": 0.31979963183403015,
          "Top": 0.4612383544445038
        },
        "Polygon": [
          {
            "X": 0.31979963183403015,
            "Y": 0.4612383544445038
          },
          {
            "X": 0.3468491733074188,
            "Y": 0.4616057574748993
          },
          {
            "X": 0.34687143564224243,
            "Y": 0.46604421734809875
          },
          {
            "X": 0.31981927156448364,
            "Y": 0.4656829535961151
          }
        ]
      },
      "Id": "d483e749-fdcc-42fb-8b4b-66e9252ef585",
      "Page": 1
    },
    {
      "BlockType": "WORD",
      "Confidence": 37.1074104309082,
      "Text": "Spanish",
      "TextType": "PRINTED",
      "Geometry": {
        "BoundingBox": {
          "Width": 0.01851223222911358,
          "Height": 0.00478834705427289,
          "Left": 0.5292642116546631,
          "Top": 0.47224161028862
        },
        "Polygon": [
          {
            "X": 0.5292642116546631,
            "Y": 0.47224161028862
          },
          {
            "X": 0.5477336049079895,
            "Y": 0.47248467803001404
          },
          {
            "X": 0.547776460647583,
            "Y": 0.477029949426651
          },
          {
            "X": 0.5293052792549133,
            "Y": 0.47679123282432556
          }
        ]
      },
      "Id": "00b15028-ce8c-46e4-8702-4763efea9fcc",
      "Page": 1
    },
    {
      "BlockType": "WORD",
      "Confidence": 88.4207763671875,
      "Text": "the",
      "TextType": "PRINTED",
      "Geometry": {
        "BoundingBox": {
          "Width": 0.00866168923676014,
          "Height": 0.004295496270060539,
          "Left": 0.536360502243042,
          "Top": 0.4777563810348511
        },
        "Polygon": [
          {
            "X": 0.536360502243042,
            "Y": 0.4777563810348511
          },
          {
            "X": 0.5449829697608948,
            "Y": 0.4778674244880676
          },
          {
            "X": 0.545022189617157,
            "Y": 0.48205187916755676
          },
          {
            "X": 0.5363988876342773,
            "Y": 0.48194268345832825
          }
        ]
      },
      "Id": "9246de2a-80e7-4df7-bde6-85508f84df51",
      "Page": 1
    },
    {
      "BlockType": "WORD",
      "Confidence": 99.91789245605469,
      "Text": "Amazon",
      "TextType": "PRINTED",
      "Geometry": {
        "BoundingBox": {
          "Width": 0.032486192882061005,
          "Height": 0.0068619451485574245,
          "Left": 0.6682489514350891,
          "Top": 0.4764133393764496
        },
        "Polygon": [
          {
            "X": 0.6682489514350891,
            "Y": 0.4764133393764496
          },
          {
            "X": 0.7006527185440063,
            "Y": 0.47683581709861755
          },
          {
            "X": 0.7007350921630859,
            "Y": 0.48327529430389404
          },
          {
            "X": 0.6683268547058105,
            "Y": 0.4828636348247528
          }
        ]
      },
      "Id": "7819a14e-c968-495b-8f9a-491b58e74cec",
      "Page": 1
    },
    {
      "BlockType": "WORD",
      "Confidence": 99.6181640625,
      "Text": "Nova",
      "TextType": "PRINTED",
      "Geometry": {
        "BoundingBox": {
          "Width": 0.020424773916602135,
          "Height": 0.006705770269036293,
          "Left": 0.7017807960510254,
          "Top": 0.4766576886177063
        },
        "Polygon": [
          {
            "X": 0.7017807960510254,
            "Y": 0.4766576886177063
          },
          {
            "X": 0.7221201062202454,
            "Y": 0.4769230782985687
          },
          {
            "X": 0.7222055196762085,
            "Y": 0.48336347937583923
          },
          {
            "X": 0.7018634080886841,
            "Y": 0.4831048846244812
          }
        ]
      },
      "Id": "b633a769-04c9-4cf8-a3fe-2b3f1d9412e3",
      "Page": 1
    },
    {
      "BlockType": "WORD",
      "Confidence": 99.8460922241211,
      "Text": "Sonic",
      "TextType": "PRINTED",
      "Geometry": {
        "BoundingBox": {
          "Width": 0.03505091741681099,
          "Height": 0.009905345737934113,
          "Left": 0.6791120767593384,
          "Top": 0.48515424132347107
        },
        "Polygon": [
          {
            "X": 0.6791120767593384,
            "Y": 0.48515424132347107
          },
          {
            "X": 0.7140390872955322,
            "Y": 0.4855939447879791
          },
          {
            "X": 0.7141630053520203,
            "Y": 0.4950595796108246
          },
          {
            "X": 0.6792289018630981,
            "Y": 0.49463704228401184
          }
        ]
      },
      "Id": "9b91363a-6ad4-44b6-a805-602ec6a8f535",
      "Page": 1
    },
    {
      "BlockType": "WORD",
      "Confidence": 99.61679077148438,
      "Text": "NEW",
      "TextType": "PRINTED",
      "Geometry": {
        "BoundingBox": {
          "Width": 0.017097970470786095,
          "Height": 0.005631026346236467,
          "Left": 0.6870821714401245,
          "Top": 0.4996868073940277
        },
        "Polygon": [
          {
            "X": 0.6870821714401245,
            "Y": 0.4996868073940277
          },
          {
            "X": 0.704110324382782,
            "Y": 0.4998883605003357
          },
          {
            "X": 0.7041801810264587,
            "Y": 0.5053178071975708
          },
          {
            "X": 0.6871500611305237,
            "Y": 0.5051210522651672
          }
        ]
      },
      "Id": "07b1f750-a5ff-4025-8984-6c4e42df2a89",
      "Page": 1
    },
    {
      "BlockType": "WORD",
      "Confidence": 81.91922760009766,
      "Text": "aws",
      "TextType": "PRINTED",
      "Geometry": {
        "BoundingBox": {
          "Width": 0.016769463196396828,
          "Height": 0.005458401050418615,
          "Left": 0.3232414424419403,
          "Top": 0.5236305594444275
        },
        "Polygon": [
          {
            "X": 0.3232414424419403,
            "Y": 0.5236305594444275
          },
          {
            "X": 0.3399852216243744,
            "Y": 0.5238045454025269
          },
          {
            "X": 0.3400108814239502,
            "Y": 0.5290889739990234
          },
          {
            "X": 0.3232651650905609,
            "Y": 0.528919517993927
          }
        ]
      },
      "Id": "6844655a-2e78-40e6-969d-ae157ff650a1",
      "Page": 1
    }
  ],
  "DetectDocumentTextModelVersion": "1.0"
}