{
  "DocumentMetadata": {
    "Pages": 1
  },
  "JobStatus": "SUCCEEDED",
  "Blocks": [
    {
      "BlockType": "PAGE",
      "Geometry": {
        "BoundingBox": {
          "Width": 1,
          "Height": 0.9964288473129272,
          "Left": 0,
          "Top": 0
        },
        "Polygon": [
          {
            "X": 0,
            "Y": 0
          },
          {
            "X": 1,
            "Y": 0.0000031528998079011217
          },
          {
            "X": 1,
            "Y": 0.9957631826400757
          },
          {
            "X": 0,
            "Y": 0.9964288473129272
          }
        ]
      },
      "Id": "ae5e532b-0ab0-45ba-be17-55547cc995b7",
      "Relationships": [
        {
          "Type": "CHILD",
          "Ids": [
            "f849d3dc-0cd9-4ffb-b93c-68de326117b9",
            "398df517-7a0d-495f-b822-4683119c3be7",
            "a88b3bee-0c72-46a5-953a-7aaf0845833e",
            "a9937dab-2695-456a-9e4b-c610fa0f2470",
            "f254364f-68e9-4b29-b8ce-6ff6f363c9ff",
            "cd222e8d-f012-431e-b003-5ee9a2b367aa",
            "14b303da-5a32-4dab-b159-5194da7e355a",
            "37cb44b7-1ade-4623-b7db-df9bef29a7fc",
            "076256ce-ffbc-4543-b930-27a24c175077",
            "1f03cbb6-d334-4b57-9c29-56d0cceaa1cd",
            "77095e6c-278d-43f2-9261-bf7940404cca",
            "72b3545e-cba6-4e1c-b1a1-df83191ab1ae",
            "0f33589a-9355-4927-ab42-942eaee75052",
            "1a76dc68-57de-4c31-a03b-f9c29009f2cf",
            "1b2bee8e-d006-43c7-8c4d-f7a8cc05cf32",
            "2b9db661-b303-407c-a878-f822657fee2c",
            "225c78f1-78b4-45a4-a743-8bb9a823c8a2",
            "6fac6cd2-1327-4aed-83be-26d8141ebc5a",
            "d221c7d1-eac2-4ef8-acd5-9630eaf56711",
            "5ec69ae7-0f22-4f40-9097-3afd42319182",
            "c7fe398d-6271-4dfc-abbd-8f67012323b1"
          ]
        }
      ],
      "Page": 1
    },
    {
      "BlockType": "LINE",
      "Confidence": 86.6391372680664,
      "Text": "E competitivo(a)?",
      "Geometry": {
        "BoundingBox": {
          "Width": 0.08897890895605087,
          "Height": 0.01120193861424923,
          "Left": 0.3316957652568817,
          "Top": 0.4017053246498108
        },
        "Polygon": [
          {
            "X": 0.3316957652568817,
            "Y": 0.4017053246498108
          },
          {
            "X": 0.4206458330154419,
            "Y": 0.40184178948402405
          },
          {
            "X": 0.4206746816635132,
            "Y": 0.41290727257728577
          },
          {
            "X": 0.33172041177749634,
            "Y": 0.4127744436264038
          }
        ]
      },
      "Id": "f849d3dc-0cd9-4ffb-b93c-68de326117b9",
      "Relationships": [
        {
          "Type": "CHILD",
          "Ids": [
            "af3859f2-66e4-49af-bb02-7825a8cd865b",
            "50c6787b-2174-49f9-af15-6e94a8c2a53d"
          ]
        }
      ],
      "Page": 1
    },
    {
      "BlockType": "LINE",
      "Confidence": 98.0296859741211,
      "Text": "Interessado(a) em aprender",
      "Geometry": {
        "BoundingBox": {
          "Width": 0.1420726627111435,
          "Height": 0.012476847507059574,
          "Left": 0.3040618896484375,
          "Top": 0.41129666566848755
        },
        "Polygon": [
          {
            "X": 0.3040618896484375,
            "Y": 0.41129666566848755
          },
          {
            "X": 0.44610124826431274,
            "Y": 0.41150951385498047
          },
          {
            "X": 0.4461345672607422,
            "Y": 0.42377349734306335
          },
          {
            "X": 0.30408775806427,
            "Y": 0.4235670864582062
          }
        ]
      },
      "Id": "398df517-7a0d-495f-b822-4683119c3be7",
      "Relationships": [
        {
          "Type": "CHILD",
          "Ids": [
            "14055c56-fd3f-48a9-828b-08c52936c26d",
            "6c3eaf2d-172f-4dda-9da3-0c9c0cc42376",
            "83225c01-cd0d-4388-839a-7ca10505642f"
          ]
        }
      ],
      "Page": 1
    },
    {
      "BlockType": "LINE",
      "Confidence": 80.2719497680664,
      "Text": "GenAl colocando a mãona",
      "Geometry": {
        "BoundingBox": {
          "Width": 0.13766896724700928,
          "Height": 0.011714659631252289,
          "Left": 0.3068823516368866,
          "Top": 0.42085444927215576
        },
        "Polygon": [
          {
            "X": 0.3068823516368866,
            "Y": 0.42085444927215576
          },
          {
            "X": 0.44452014565467834,
            "Y": 0.4210558533668518
          },
          {
            "X": 0.4445513188838959,
            "Y": 0.43256911635398865
          },
          {
            "X": 0.3069067597389221,
            "Y": 0.4323735535144806
          }
        ]
      },
      "Id": "a88b3bee-0c72-46a5-953a-7aaf0845833e",
      "Relationships": [
        {
          "Type": "CHILD",
          "Ids": [
            "353c9995-1209-4add-bb85-374bc2f32ac7",
            "ac6c963f-e365-4fea-b2a6-ecfdf2e13146",
            "fcaea3f6-2a62-4451-b7da-6152ba954c5f",
            "688346a2-9c09-421a-8877-654e035490cc"
          ]
        }
      ],
      "Page": 1
    },
    {
      "BlockType": "LINE",
      "Confidence": 99.82058715820312,
      "Text": "massa?",
      "Geometry": {
        "BoundingBox": {
          "Width": 0.03651278093457222,
          "Height": 0.006946311332285404,
          "Left": 0.3581447899341583,
          "Top": 0.43270161747932434
        },
        "Polygon": [
          {
            "X": 0.3581447899341583,
            "Y": 0.43270161747932434
          },
          {
            "X": 0.39464035630226135,
            "Y": 0.43275344371795654
          },
          {
            "X": 0.39465755224227905,
            "Y": 0.43964794278144836
          },
          {
            "X": 0.35816091299057007,
            "Y": 0.4395970404148102
          }
        ]
      },
      "Id": "a9937dab-2695-456a-9e4b-c610fa0f2470",
      "Relationships": [
        {
          "Type": "CHILD",
          "Ids": [
            "985c4721-5ab2-4665-9078-3fbe9fa3431c"
          ]
        }
      ],
      "Page": 1
    },
    {
      "BlockType": "LINE",
      "Confidence": 99.42350006103516,
      "Text": "aws",
      "Geometry": {
        "BoundingBox": {
          "Width": 0.16085724532604218,
          "Height": 0.0421416349709034,
          "Left": 0.0027855723164975643,
          "Top": 0.44715791940689087
        },
        "Polygon": [
          {
            "X": 0.0027855723164975643,
            "Y": 0.44715791940689087
          },
          {
            "X": 0.16357964277267456,
            "Y": 0.44737735390663147
          },
          {
            "X": 0.16364280879497528,
            "Y": 0.48929956555366516
          },
          {
            "X": 0.002819947199895978,
            "Y": 0.4891050159931183
          }
        ]
      },
      "Id": "f254364f-68e9-4b29-b8ce-6ff6f363c9ff",
      "Relationships": [
        {
          "Type": "CHILD",
          "Ids": [
            "f027de37-ddb6-44d8-8020-1c522e748c60"
          ]
        }
      ],
      "Page": 1
    },
    {
      "BlockType": "LINE",
      "Confidence": 90.90904998779297,
      "Text": "Venha competir,",
      "Geometry": {
        "BoundingBox": {
          "Width": 0.08575846999883652,
          "Height": 0.010002014227211475,
          "Left": 0.3327842056751251,
          "Top": 0.45338156819343567
        },
        "Polygon": [
          {
            "X": 0.3327842056751251,
            "Y": 0.45338156819343567
          },
          {
            "X": 0.41851699352264404,
            "Y": 0.4534967243671417
          },
          {
            "X": 0.41854265332221985,
            "Y": 0.46338358521461487
          },
          {
            "X": 0.332806259393692,
            "Y": 0.4632715582847595
          }
        ]
      },
      "Id": "cd222e8d-f012-431e-b003-5ee9a2b367aa",
      "Relationships": [
        {
          "Type": "CHILD",
          "Ids": [
            "847effb7-de33-4872-9b6e-194e11c9a95b",
            "05aecedb-1c51-4954-b81a-a0d13fcc399a"
          ]
        }
      ],
      "Page": 1
    },
    {
      "BlockType": "LINE",
      "Confidence": 89.1849136352539,
      "Text": "aprender ese divertir em",
      "Geometry": {
        "BoundingBox": {
          "Width": 0.1306374967098236,
          "Height": 0.009180127643048763,
          "Left": 0.31025147438049316,
          "Top": 0.4638083279132843
        },
        "Polygon": [
          {
            "X": 0.31025147438049316,
            "Y": 0.4638083279132843
          },
          {
            "X": 0.4408647119998932,
            "Y": 0.46397873759269714
          },
          {
            "X": 0.4408889710903168,
            "Y": 0.47298845648765564
          },
          {
            "X": 0.3102706968784332,
            "Y": 0.4728223979473114
          }
        ]
      },
      "Id": "14b303da-5a32-4dab-b159-5194da7e355a",
      "Relationships": [
        {
          "Type": "CHILD",
          "Ids": [
            "141bd19f-4ff2-4ad4-bc4a-cb01921f3703",
            "d3a4f7c7-098c-4fcc-b7fe-f314e8a72425",
            "b61eb8f6-ca62-4027-bf0c-06d66337b6f4",
            "26abff8b-c896-4f88-83d7-93516c3bab45"
          ]
        }
      ],
      "Page": 1
    },
    {
      "BlockType": "LINE",
      "Confidence": 99.47457122802734,
      "Text": "aws",
      "Geometry": {
        "BoundingBox": {
          "Width": 0.0819699689745903,
          "Height": 0.023482471704483032,
          "Left": 0.8397518992424011,
          "Top": 0.45011651515960693
        },
        "Polygon": [
          {
            "X": 0.8397518992424011,
            "Y": 0.45011651515960693
          },
          {
            "X": 0.921610951423645,
            "Y": 0.45022767782211304
          },
          {
            "X": 0.921721875667572,
            "Y": 0.47359898686408997
          },
          {
            "X": 0.8398547172546387,
            "Y": 0.47349491715431213
          }
        ]
      },
      "Id": "37cb44b7-1ade-4623-b7db-df9bef29a7fc",
      "Relationships": [
        {
          "Type": "CHILD",
          "Ids": [
            "cb4c6435-0236-4ca0-937f-f0140c2a9512"
          ]
        }
      ],
      "Page": 1
    },
    {
      "BlockType": "LINE",
      "Confidence": 98.93492126464844,
      "Text": "Clou",
      "Geometry": {
        "BoundingBox": {
          "Width": 0.03235914558172226,
          "Height": 0.010495170019567013,
          "Left": 0.966281533241272,
          "Top": 0.4538564383983612
        },
        "Polygon": [
          {
            "X": 0.966281533241272,
            "Y": 0.4538564383983612
          },
          {
            "X": 0.9985876083374023,
            "Y": 0.45389989018440247
          },
          {
            "X": 0.9986406564712524,
            "Y": 0.464351624250412
          },
          {
            "X": 0.9663331508636475,
            "Y": 0.464309424161911
          }
        ]
      },
      "Id": "076256ce-ffbc-4543-b930-27a24c175077",
      "Relationships": [
        {
          "Type": "CHILD",
          "Ids": [
            "491a7b2c-9837-412e-8e36-30aebbad914b"
          ]
        }
      ],
      "Page": 1
    },
    {
      "BlockType": "LINE",
      "Confidence": 88.81513977050781,
      "Text": "atividades práticas como",
      "Geometry": {
        "BoundingBox": {
          "Width": 0.12895768880844116,
          "Height": 0.00911645032465458,
          "Left": 0.31126606464385986,
          "Top": 0.47370123863220215
        },
        "Polygon": [
          {
            "X": 0.31126606464385986,
            "Y": 0.47370123863220215
          },
          {
            "X": 0.44019967317581177,
            "Y": 0.47386473417282104
          },
          {
            "X": 0.440223753452301,
            "Y": 0.482817679643631
          },
          {
            "X": 0.31128519773483276,
            "Y": 0.4826584458351135
          }
        ]
      },
      "Id": "1f03cbb6-d334-4b57-9c29-56d0cceaa1cd",
      "Relationships": [
        {
          "Type": "CHILD",
          "Ids": [
            "7de8484a-30bf-41c9-8ea2-26240fb0baef",
            "20058bf5-fece-44c7-8cfa-dbde8556dc26",
            "7d71839b-953e-4f68-b9ba-03b71f5b18f9"
          ]
        }
      ],
      "Page": 1
    },
    {
      "BlockType": "LINE",
      "Confidence": 97.24124145507812,
      "Text": "Expe",
      "Geometry": {
        "BoundingBox": {
          "Width": 0.029908809810876846,
          "Height": 0.011781938374042511,
          "Left": 0.9689976572990417,
          "Top": 0.4693060517311096
        },
        "Polygon": [
          {
            "X": 0.9689976572990417,
            "Y": 0.4693060517311096
          },
          {
            "X": 0.9988468885421753,
            "Y": 0.46934446692466736
          },
          {
            "X": 0.9989064931869507,
            "Y": 0.48108798265457153
          },
          {
            "X": 0.9690557718276978,
            "Y": 0.48105084896087646
          }
        ]
      },
      "Id": "77095e6c-278d-43f2-9261-bf7940404cca",
      "Relationships": [
        {
          "Type": "CHILD",
          "Ids": [
            "af74d0a3-1ad9-4668-9dd8-4960ab4b309d"
          ]
        }
      ],
      "Page": 1
    },
    {
      "BlockType": "LINE",
      "Confidence": 85.12150573730469,
      "Text": "Immersion Days,",
      "Geometry": {
        "BoundingBox": {
          "Width": 0.08499159663915634,
          "Height": 0.008924633264541626,
          "Left": 0.33345890045166016,
          "Top": 0.48440980911254883
        },
        "Polygon": [
          {
            "X": 0.33345890045166016,
            "Y": 0.48440980911254883
          },
          {
            "X": 0.41842761635780334,
            "Y": 0.4845142066478729
          },
          {
            "X": 0.4184505045413971,
            "Y": 0.49333444237709045
          },
          {
            "X": 0.3334785997867584,
            "Y": 0.4932328164577484
          }
        ]
      },
      "Id": "72b3545e-cba6-4e1c-b1a1-df83191ab1ae",
      "Relationships": [
        {
          "Type": "CHILD",
          "Ids": [
            "eeca1bf2-df98-4979-b13b-06b83aef7ddf",
            "193167ea-199b-4bf1-96b3-bc58d8fe641f"
          ]
        }
      ],
      "Page": 1
    },
    {
      "BlockType": "LINE",
      "Confidence": 99.91332244873047,
      "Text": "202",
      "Geometry": {
        "BoundingBox": {
          "Width": 0.026438575237989426,
          "Height": 0.009677588008344173,
          "Left": 0.9715835452079773,
          "Top": 0.48468127846717834
        },
        "Polygon": [
          {
            "X": 0.9715835452079773,
            "Y": 0.48468127846717834
          },
          {
            "X": 0.9979731440544128,
            "Y": 0.48471373319625854
          },
          {
            "X": 0.9980220794677734,
            "Y": 0.4943588674068451
          },
          {
            "X": 0.9716313481330872,
            "Y": 0.4943273365497589
          }
        ]
      },
      "Id": "0f33589a-9355-4927-ab42-942eaee75052",
      "Relationships": [
        {
          "Type": "CHILD",
          "Ids": [
            "ef95c9cb-1891-4ea9-8c54-c1c5d43a9432"
          ]
        }
      ],
      "Page": 1
    },
    {
      "BlockType": "LINE",
      "Confidence": 83.77523803710938,
      "Text": "GameDays e o AWS JAM",
      "Geometry": {
        "BoundingBox": {
          "Width": 0.1301347017288208,
          "Height": 0.0087725929915905,
          "Left": 0.3100278973579407,
          "Top": 0.4935903549194336
        },
        "Polygon": [
          {
            "X": 0.3100278973579407,
            "Y": 0.4935903549194336
          },
          {
            "X": 0.44013941287994385,
            "Y": 0.4937458038330078
          },
          {
            "X": 0.4401625990867615,
            "Y": 0.5023629665374756
          },
          {
            "X": 0.3100462853908539,
            "Y": 0.5022116303443909
          }
        ]
      },
      "Id": "1a76dc68-57de-4c31-a03b-f9c29009f2cf",
      "Relationships": [
        {
          "Type": "CHILD",
          "Ids": [
            "1227eeb8-886a-437a-a6d6-30538b58744f",
            "ad6e36b5-b662-489c-9577-3544c4c57bc7",
            "eafbdc0f-7890-46b0-949d-45fdb6128dee"
          ]
        }
      ],
      "Page": 1
    },
    {
      "BlockType": "LINE",
      "Confidence": 98.99795532226562,
      "Text": "aws",
      "Geometry": {
        "BoundingBox": {
          "Width": 0.03693585470318794,
          "Height": 0.009175185114145279,
          "Left": 0.5338122844696045,
          "Top": 0.5033531785011292
        },
        "Polygon": [
          {
            "X": 0.5338122844696045,
            "Y": 0.5033531785011292
          },
          {
            "X": 0.57071852684021,
            "Y": 0.5033959746360779
          },
          {
            "X": 0.5707481503486633,
            "Y": 0.5125283598899841
          },
          {
            "X": 0.533840537071228,
            "Y": 0.5124868154525757
          }
        ]
      },
      "Id": "1b2bee8e-d006-43c7-8c4d-f7a8cc05cf32",
      "Relationships": [
        {
          "Type": "CHILD",
          "Ids": [
            "79d87807-a0ba-4dc7-88cc-2b68f165d40d"
          ]
        }
      ],
      "Page": 1
    },
    {
      "BlockType": "LINE",
      "Confidence": 97.52970886230469,
      "Text": "Monte seu time de 5",
      "Geometry": {
        "BoundingBox": {
          "Width": 0.10859014838933945,
          "Height": 0.00799757894128561,
          "Left": 0.32087695598602295,
          "Top": 0.5222929120063782
        },
        "Polygon": [
          {
            "X": 0.32087695598602295,
            "Y": 0.5222929120063782
          },
          {
            "X": 0.429446280002594,
            "Y": 0.5224111080169678
          },
          {
            "X": 0.429467111825943,
            "Y": 0.5302904844284058
          },
          {
            "X": 0.32089412212371826,
            "Y": 0.5301754474639893
          }
        ]
      },
      "Id": "2b9db661-b303-407c-a878-f822657fee2c",
      "Relationships": [
        {
          "Type": "CHILD",
          "Ids": [
            "4db6df1c-a675-4820-83ed-f8d602ad0160",
            "8a7ed70a-2997-4e4b-9ecc-a3c1853ce67c",
            "c879e6db-4d5a-4fe0-a200-cd870bc0040b",
            "23427d24-c987-441f-a721-adfe5390aa45",
            "852fa555-88c7-457e-8b1c-f3d9bad43424"
          ]
        }
      ],
      "Page": 1
    },
    {
      "BlockType": "LINE",
      "Confidence": 98.33580017089844,
      "Text": "pessoas e participe!",
      "Geometry": {
        "BoundingBox": {
          "Width": 0.10399266332387924,
          "Height": 0.008956615813076496,
          "Left": 0.323569118976593,
          "Top": 0.5331668257713318
        },
        "Polygon": [
          {
            "X": 0.323569118976593,
            "Y": 0.5331668257713318
          },
          {
            "X": 0.4275384545326233,
            "Y": 0.533275842666626
          },
          {
            "X": 0.42756175994873047,
            "Y": 0.5421234369277954
          },
          {
            "X": 0.323588490486145,
            "Y": 0.5420178174972534
          }
        ]
      },
      "Id": "225c78f1-78b4-45a4-a743-8bb9a823c8a2",
      "Relationships": [
        {
          "Type": "CHILD",
          "Ids": [
            "4f61c32e-6ff9-4e90-8a54-1cccc608d548",
            "c6b36fed-8817-42fa-85c9-a70e7c7d15a1",
            "f52fc5ec-1557-4d65-b91e-9c5d9f47f397"
          ]
        }
      ],
      "Page": 1
    },
    {
      "BlockType": "LINE",
      "Confidence": 99.87789916992188,
      "Text": "BUILDERS",
      "Geometry": {
        "BoundingBox": {
          "Width": 0.1306954026222229,
          "Height": 0.017385847866535187,
          "Left": 0.47257304191589355,
          "Top": 0.5308327674865723
        },
        "Polygon": [
          {
            "X": 0.47257304191589355,
            "Y": 0.5308327674865723
          },
          {
            "X": 0.6032100319862366,
            "Y": 0.5309709310531616
          },
          {
            "X": 0.6032684445381165,
            "Y": 0.5482186079025269
          },
          {
            "X": 0.4726217985153198,
            "Y": 0.5480887293815613
          }
        ]
      },
      "Id": "6fac6cd2-1327-4aed-83be-26d8141ebc5a",
      "Relationships": [
        {
          "Type": "CHILD",
          "Ids": [
            "817c7820-5fe9-4153-ada6-fb3da7c641d8"
          ]
        }
      ],
      "Page": 1
    },
    {
      "BlockType": "LINE",
      "Confidence": 95.31898498535156,
      "Text": "Inscreva-se",
      "Geometry": {
        "BoundingBox": {
          "Width": 0.06494580209255219,
          "Height": 0.008382258005440235,
          "Left": 0.6839122772216797,
          "Top": 0.537276566028595
        },
        "Polygon": [
          {
            "X": 0.6839122772216797,
            "Y": 0.537276566028595
          },
          {
            "X": 0.7488247752189636,
            "Y": 0.5373437404632568
          },
          {
            "X": 0.7488580942153931,
            "Y": 0.5456588268280029
          },
          {
            "X": 0.6839432716369629,
            "Y": 0.5455936789512634
          }
        ]
      },
      "Id": "d221c7d1-eac2-4ef8-acd5-9630eaf56711",
      "Relationships": [
        {
          "Type": "CHILD",
          "Ids": [
            "60a49096-f254-431a-9299-1cd0622d90be"
          ]
        }
      ],
      "Page": 1
    },
    {
      "BlockType": "LINE",
      "Confidence": 96.8284683227539,
      "Text": "LEAGU",
      "Geometry": {
        "BoundingBox": {
          "Width": 0.10639215260744095,
          "Height": 0.007824321277439594,
          "Left": 0.4950878322124481,
          "Top": 0.5519766211509705
        },
        "Polygon": [
          {
            "X": 0.4950878322124481,
            "Y": 0.5519766211509705
          },
          {
            "X": 0.6014539003372192,
            "Y": 0.5520808100700378
          },
          {
            "X": 0.6014799475669861,
            "Y": 0.559800922870636
          },
          {
            "X": 0.4951103925704956,
            "Y": 0.5596997737884521
          }
        ]
      },
      "Id": "5ec69ae7-0f22-4f40-9097-3afd42319182",
      "Relationships": [
        {
          "Type": "CHILD",
          "Ids": [
            "fcdcc31e-e12c-47c7-b75d-e8b8426d5e06"
          ]
        }
      ],
      "Page": 1
    },
    {
      "BlockType": "LINE",
      "Confidence": 97.9469223022461,
      "Text": "E",
      "Geometry": {
        "BoundingBox": {
          "Width": 0.0062233321368694305,
          "Height": 0.006060372106730938,
          "Left": 0.6042296886444092,
          "Top": 0.5538319945335388
        },
        "Polygon": [
          {
            "X": 0.6042296886444092,
            "Y": 0.5538319945335388
          },
          {
            "X": 0.6104323863983154,
            "Y": 0.5538380146026611
          },
          {
            "X": 0.6104530692100525,
            "Y": 0.5598923563957214
          },
          {
            "X": 0.6042502522468567,
            "Y": 0.5598864555358887
          }
        ]
      },
      "Id": "c7fe398d-6271-4dfc-abbd-8f67012323b1",
      "Relationships": [
        {
          "Type": "CHILD",
          "Ids": [
            "d50cfc9f-c5a2-445b-a976-6022a358ffcd"
          ]
        }
      ],
      "Page": 1
    },
    {
      "BlockType": "WORD",
      "Confidence": 75.83335876464844,
      "Text": "E",
      "TextType": "PRINTED",
      "Geometry": {
        "BoundingBox": {
          "Width": 0.00731075881049037,
          "Height": 0.007346011698246002,
          "Left": 0.3316957652568817,
          "Top": 0.4017053246498108
        },
        "Polygon": [
          {
            "X": 0.3316957652568817,
            "Y": 0.4017053246498108
          },
          {
            "X": 0.3389899730682373,
            "Y": 0.4017165005207062
          },
          {
            "X": 0.3390065133571625,
            "Y": 0.4090513288974762
          },
          {
            "X": 0.33171209692955017,
            "Y": 0.40904033184051514
          }
        ]
      },
      "Id": "af3859f2-66e4-49af-bb02-7825a8cd865b",
      "Page": 1
    },
    {
      "BlockType": "WORD",
      "Confidence": 97.44490051269531,
      "Text": "competitivo(a)?",
      "TextType": "PRINTED",
      "Geometry": {
        "BoundingBox": {
          "Width": 0.07847948372364044,
          "Height": 0.009778306819498539,
          "Left": 0.34219518303871155,
          "Top": 0.4031289517879486
        },
        "Polygon": [
          {
            "X": 0.34219518303871155,
            "Y": 0.4031289517879486
          },
          {
            "X": 0.4206494987010956,
            "Y": 0.4032489061355591
          },
          {
            "X": 0.4206746816635132,
            "Y": 0.41290727257728577
          },
          {
            "X": 0.3422171175479889,
            "Y": 0.41279008984565735
          }
        ]
      },
      "Id": "50c6787b-2174-49f9-af15-6e94a8c2a53d",
      "Page": 1
    },
    {
      "BlockType": "WORD",
      "Confidence": 95.48905181884766,
      "Text": "Interessado(a)",
      "TextType": "PRINTED",
      "Geometry": {
        "BoundingBox": {
          "Width": 0.07541441172361374,
          "Height": 0.00884956307709217,
          "Left": 0.3040618896484375,
          "Top": 0.41129666566848755
        },
        "Polygon": [
          {
            "X": 0.3040618896484375,
            "Y": 0.41129666566848755
          },
          {
            "X": 0.3794550895690918,
            "Y": 0.4114096462726593
          },
          {
            "X": 0.37947630882263184,
            "Y": 0.42014622688293457
          },
          {
            "X": 0.3040803074836731,
            "Y": 0.4200356602668762
          }
        ]
      },
      "Id": "14055c56-fd3f-48a9-828b-08c52936c26d",
      "Page": 1
    },
    {
      "BlockType": "WORD",
      "Confidence": 99.33692932128906,
      "Text": "em",
      "TextType": "PRINTED",
      "Geometry": {
        "BoundingBox": {
          "Width": 0.015718407928943634,
          "Height": 0.005591673776507378,
          "Left": 0.3821847438812256,
          "Top": 0.4152747392654419
        },
        "Polygon": [
          {
            "X": 0.3821847438812256,
            "Y": 0.4152747392654419
          },
          {
            "X": 0.3978891670703888,
            "Y": 0.4152980446815491
          },
          {
            "X": 0.3979031443595886,
            "Y": 0.4208664000034332
          },
          {
            "X": 0.3821983337402344,
            "Y": 0.4208434224128723
          }
        ]
      },
      "Id": "6c3eaf2d-172f-4dda-9da3-0c9c0cc42376",
      "Page": 1
    },
    {
      "BlockType": "WORD",
      "Confidence": 99.26309204101562,
      "Text": "aprender",
      "TextType": "PRINTED",
      "Geometry": {
        "BoundingBox": {
          "Width": 0.04494905471801758,
          "Height": 0.008637785911560059,
          "Left": 0.4011855125427246,
          "Top": 0.4151357114315033
        },
        "Polygon": [
          {
            "X": 0.4011855125427246,
            "Y": 0.4151357114315033
          },
          {
            "X": 0.4461112916469574,
            "Y": 0.41520243883132935
          },
          {
            "X": 0.4461345672607422,
            "Y": 0.42377349734306335
          },
          {
            "X": 0.4012071192264557,
            "Y": 0.4237082302570343
          }
        ]
      },
      "Id": "83225c01-cd0d-4388-839a-7ca10505642f",
      "Page": 1
    },
    {
      "BlockType": "WORD",
      "Confidence": 74.43610382080078,
      "Text": "GenAl",
      "TextType": "PRINTED",
      "Geometry": {
        "BoundingBox": {
          "Width": 0.03168289363384247,
          "Height": 0.006897922605276108,
          "Left": 0.3068823516368866,
          "Top": 0.42085444927215576
        },
        "Polygon": [
          {
            "X": 0.3068823516368866,
            "Y": 0.42085444927215576
          },
          {
            "X": 0.33854979276657104,
            "Y": 0.42090079188346863
          },
          {
            "X": 0.33856526017189026,
            "Y": 0.42775237560272217
          },
          {
            "X": 0.3068968951702118,
            "Y": 0.42770683765411377
          }
        ]
      },
      "Id": "353c9995-1209-4add-bb85-374bc2f32ac7",
      "Page": 1
    },
    {
      "BlockType": "WORD",
      "Confidence": 98.21723937988281,
      "Text": "colocando",
      "TextType": "PRINTED",
      "Geometry": {
        "BoundingBox": {
          "Width": 0.05279635265469551,
          "Height": 0.008445600047707558,
          "Left": 0.3419836461544037,
          "Top": 0.42180290818214417
        },
        "Polygon": [
          {
            "X": 0.3419836461544037,
            "Y": 0.42180290818214417
          },
          {
            "X": 0.3947591185569763,
            "Y": 0.42187994718551636
          },
          {
            "X": 0.3947800099849701,
            "Y": 0.430248498916626
          },
          {
            "X": 0.34200266003608704,
            "Y": 0.4301730692386627
          }
        ]
      },
      "Id": "ac6c963f-e365-4fea-b2a6-ecfdf2e13146",
      "Page": 1
    },
    {
      "BlockType": "WORD",
      "Confidence": 99.13778686523438,
      "Text": "a",
      "TextType": "PRINTED",
      "Geometry": {
        "BoundingBox": {
          "Width": 0.006745823193341494,
          "Height": 0.0053200917318463326,
          "Left": 0.3973810076713562,
          "Top": 0.4254681169986725
        },
        "Polygon": [
          {
            "X": 0.3973810076713562,
            "Y": 0.4254681169986725
          },
          {
            "X": 0.4041133522987366,
            "Y": 0.42547786235809326
          },
          {
            "X": 0.4041268229484558,
            "Y": 0.43078821897506714
          },
          {
            "X": 0.3973942995071411,
            "Y": 0.4307785928249359
          }
        ]
      },
      "Id": "fcaea3f6-2a62-4451-b7da-6152ba954c5f",
      "Page": 1
    },
    {
      "BlockType": "WORD",
      "Confidence": 49.29664993286133,
      "Text": "mãona",
      "TextType": "PRINTED",
      "Geometry": {
        "BoundingBox": {
          "Width": 0.036860499531030655,
          "Height": 0.007447405718266964,
          "Left": 0.4076908230781555,
          "Top": 0.4251216948032379
        },
        "Polygon": [
          {
            "X": 0.4076908230781555,
            "Y": 0.4251216948032379
          },
          {
            "X": 0.44453129172325134,
            "Y": 0.4251750409603119
          },
          {
            "X": 0.4445513188838959,
            "Y": 0.43256911635398865
          },
          {
            "X": 0.40770968794822693,
            "Y": 0.43251678347587585
          }
        ]
      },
      "Id": "688346a2-9c09-421a-8877-654e035490cc",
      "Page": 1
    },
    {
      "BlockType": "WORD",
      "Confidence": 99.82058715820312,
      "Text": "massa?",
      "TextType": "PRINTED",
      "Geometry": {
        "BoundingBox": {
          "Width": 0.03651278093457222,
          "Height": 0.006946311332285404,
          "Left": 0.3581447899341583,
          "Top": 0.43270161747932434
        },
        "Polygon": [
          {
            "X": 0.3581447899341583,
            "Y": 0.43270161747932434
          },
          {
            "X": 0.39464035630226135,
            "Y": 0.43275344371795654
          },
          {
            "X": 0.39465755224227905,
            "Y": 0.43964794278144836
          },
          {
            "X": 0.35816091299057007,
            "Y": 0.4395970404148102
          }
        ]
      },
      "Id": "985c4721-5ab2-4665-9078-3fbe9fa3431c",
      "Page": 1
    },
    {
      "BlockType": "WORD",
      "Confidence": 99.42350006103516,
      "Text": "aws",
      "TextType": "PRINTED",
      "Geometry": {
        "BoundingBox": {
          "Width": 0.16085724532604218,
          "Height": 0.0421416349709034,
          "Left": 0.0027855723164975643,
          "Top": 0.44715791940689087
        },
        "Polygon": [
          {
            "X": 0.0027855723164975643,
            "Y": 0.44715791940689087
          },
          {
            "X": 0.16357964277267456,
            "Y": 0.44737735390663147
          },
          {
            "X": 0.16364280879497528,
            "Y": 0.48929956555366516
          },
          {
            "X": 0.002819947199895978,
            "Y": 0.4891050159931183
          }
        ]
      },
      "Id": "f027de37-ddb6-44d8-8020-1c522e748c60",
      "Page": 1
    },
    {
      "BlockType": "WORD",
      "Confidence": 99.54946899414062,
      "Text": "Venha",
      "TextType": "PRINTED",
      "Geometry": {
        "BoundingBox": {
          "Width": 0.03453690558671951,
          "Height": 0.007864677347242832,
          "Left": 0.3327842056751251,
          "Top": 0.45338156819343567
        },
        "Polygon": [
          {
            "X": 0.3327842056751251,
            "Y": 0.45338156819343567
          },
          {
            "X": 0.3673025071620941,
            "Y": 0.4534279406070709
          },
          {
            "X": 0.36732110381126404,
            "Y": 0.4612462520599365
          },
          {
            "X": 0.3328016400337219,
            "Y": 0.46120089292526245
          }
        ]
      },
      "Id": "847effb7-de33-4872-9b6e-194e11c9a95b",
      "Page": 1
    },
    {
      "BlockType": "WORD",
      "Confidence": 82.26862335205078,
      "Text": "competir,",
      "TextType": "PRINTED",
      "Geometry": {
        "BoundingBox": {
          "Width": 0.048509299755096436,
          "Height": 0.00803736038506031,
          "Left": 0.3700333535671234,
          "Top": 0.4553462266921997
        },
        "Polygon": [
          {
            "X": 0.3700333535671234,
            "Y": 0.4553462266921997
          },
          {
            "X": 0.4185219705104828,
            "Y": 0.45541101694107056
          },
          {
            "X": 0.41854265332221985,
            "Y": 0.46338358521461487
          },
          {
            "X": 0.37005242705345154,
            "Y": 0.46332022547721863
          }
        ]
      },
      "Id": "05aecedb-1c51-4954-b81a-a0d13fcc399a",
      "Page": 1
    },
    {
      "BlockType": "WORD",
      "Confidence": 98.55045318603516,
      "Text": "aprender",
      "TextType": "PRINTED",
      "Geometry": {
        "BoundingBox": {
          "Width": 0.048129428178071976,
          "Height": 0.007743633817881346,
          "Left": 0.31025147438049316,
          "Top": 0.4638083279132843
        },
        "Polygon": [
          {
            "X": 0.31025147438049316,
            "Y": 0.4638083279132843
          },
          {
            "X": 0.35836294293403625,
            "Y": 0.4638710916042328
          },
          {
            "X": 0.35838088393211365,
            "Y": 0.4715519845485687
          },
          {
            "X": 0.3102678656578064,
            "Y": 0.4714905619621277
          }
        ]
      },
      "Id": "141bd19f-4ff2-4ad4-bc4a-cb01921f3703",
      "Page": 1
    },
    {
      "BlockType": "WORD",
      "Confidence": 59.86606979370117,
      "Text": "ese",
      "TextType": "PRINTED",
      "Geometry": {
        "BoundingBox": {
          "Width": 0.02046864479780197,
          "Height": 0.006340302526950836,
          "Left": 0.3618333339691162,
          "Top": 0.46513044834136963
        },
        "Polygon": [
          {
            "X": 0.3618333339691162,
            "Y": 0.46513044834136963
          },
          {
            "X": 0.38228654861450195,
            "Y": 0.46515703201293945
          },
          {
            "X": 0.3823019862174988,
            "Y": 0.47147074341773987
          },
          {
            "X": 0.36184820532798767,
            "Y": 0.47144463658332825
          }
        ]
      },
      "Id": "d3a4f7c7-098c-4fcc-b7fe-f314e8a72425",
      "Page": 1
    },
    {
      "BlockType": "WORD",
      "Confidence": 98.78775787353516,
      "Text": "divertir",
      "TextType": "PRINTED",
      "Geometry": {
        "BoundingBox": {
          "Width": 0.03719290718436241,
          "Height": 0.00723658362403512,
          "Left": 0.3848632276058197,
          "Top": 0.4653506577014923
        },
        "Polygon": [
          {
            "X": 0.3848632276058197,
            "Y": 0.4653506577014923
          },
          {
            "X": 0.42203736305236816,
            "Y": 0.46539896726608276
          },
          {
            "X": 0.4220561385154724,
            "Y": 0.4725872278213501
          },
          {
            "X": 0.3848808705806732,
            "Y": 0.4725399315357208
          }
        ]
      },
      "Id": "b61eb8f6-ca62-4027-bf0c-06d66337b6f4",
      "Page": 1
    },
    {
      "BlockType": "WORD",
      "Confidence": 99.53536987304688,
      "Text": "em",
      "TextType": "PRINTED",
      "Geometry": {
        "BoundingBox": {
          "Width": 0.015301900915801525,
          "Height": 0.005415234714746475,
          "Left": 0.4255870580673218,
          "Top": 0.46757322549819946
        },
        "Polygon": [
          {
            "X": 0.4255870580673218,
            "Y": 0.46757322549819946
          },
          {
            "X": 0.4408744275569916,
            "Y": 0.4675929546356201
          },
          {
            "X": 0.4408889710903168,
            "Y": 0.47298845648765564
          },
          {
            "X": 0.4256012439727783,
            "Y": 0.47296902537345886
          }
        ]
      },
      "Id": "26abff8b-c896-4f88-83d7-93516c3bab45",
      "Page": 1
    },
    {
      "BlockType": "WORD",
      "Confidence": 99.47457122802734,
      "Text": "aws",
      "TextType": "PRINTED",
      "Geometry": {
        "BoundingBox": {
          "Width": 0.0819699689745903,
          "Height": 0.023482471704483032,
          "Left": 0.8397518992424011,
          "Top": 0.45011651515960693
        },
        "Polygon": [
          {
            "X": 0.8397518992424011,
            "Y": 0.45011651515960693
          },
          {
            "X": 0.921610951423645,
            "Y": 0.45022767782211304
          },
          {
            "X": 0.921721875667572,
            "Y": 0.47359898686408997
          },
          {
            "X": 0.8398547172546387,
            "Y": 0.47349491715431213
          }
        ]
      },
      "Id": "cb4c6435-0236-4ca0-937f-f0140c2a9512",
      "Page": 1
    },
    {
      "BlockType": "WORD",
      "Confidence": 98.93492126464844,
      "Text": "Clou",
      "TextType": "PRINTED",
      "Geometry": {
        "BoundingBox": {
          "Width": 0.03235914558172226,
          "Height": 0.010495170019567013,
          "Left": 0.966281533241272,
          "Top": 0.4538564383983612
        },
        "Polygon": [
          {
            "X": 0.966281533241272,
            "Y": 0.4538564383983612
          },
          {
            "X": 0.9985876083374023,
            "Y": 0.45389989018440247
          },
          {
            "X": 0.9986406564712524,
            "Y": 0.464351624250412
          },
          {
            "X": 0.9663331508636475,
            "Y": 0.464309424161911
          }
        ]
      },
      "Id": "491a7b2c-9837-412e-8e36-30aebbad914b",
      "Page": 1
    },
    {
      "BlockType": "WORD",
      "Confidence": 99.24429321289062,
      "Text": "atividades",
      "TextType": "PRINTED",
      "Geometry": {
        "BoundingBox": {
          "Width": 0.05328663811087608,
          "Height": 0.007230330724269152,
          "Left": 0.31126606464385986,
          "Top": 0.47370123863220215
        },
        "Polygon": [
          {
            "X": 0.31126606464385986,
            "Y": 0.47370123863220215
          },
          {
            "X": 0.36453574895858765,
            "Y": 0.47376880049705505
          },
          {
            "X": 0.36455267667770386,
            "Y": 0.4809315800666809
          },
          {
            "X": 0.31128138303756714,
            "Y": 0.4808654189109802
          }
        ]
      },
      "Id": "7de8484a-30bf-41c9-8ea2-26240fb0baef",
      "Page": 1
    },
    {
      "BlockType": "WORD",
      "Confidence": 68.7342300415039,
      "Text": "práticas",
      "TextType": "PRINTED",
      "Geometry": {
        "BoundingBox": {
          "Width": 0.04126505181193352,
          "Height": 0.007395608350634575,
          "Left": 0.36792197823524475,
          "Top": 0.4753837585449219
        },
        "Polygon": [
          {
            "X": 0.36792197823524475,
            "Y": 0.4753837585449219
          },
          {
            "X": 0.4091682732105255,
            "Y": 0.4754357933998108
          },
          {
            "X": 0.4091870188713074,
            "Y": 0.4827793538570404
          },
          {
            "X": 0.36793947219848633,
            "Y": 0.48272842168807983
          }
        ]
      },
      "Id": "20058bf5-fece-44c7-8cfa-dbde8556dc26",
      "Page": 1
    },
    {
      "BlockType": "WORD",
      "Confidence": 98.46690368652344,
      "Text": "como",
      "TextType": "PRINTED",
      "Geometry": {
        "BoundingBox": {
          "Width": 0.028076965361833572,
          "Height": 0.005656763911247253,
          "Left": 0.4121467173099518,
          "Top": 0.4771386682987213
        },
        "Polygon": [
          {
            "X": 0.4121467173099518,
            "Y": 0.4771386682987213
          },
          {
            "X": 0.4402085542678833,
            "Y": 0.47717392444610596
          },
          {
            "X": 0.44022369384765625,
            "Y": 0.48279544711112976
          },
          {
            "X": 0.4121611714363098,
            "Y": 0.48276078701019287
          }
        ]
      },
      "Id": "7d71839b-953e-4f68-b9ba-03b71f5b18f9",
      "Page": 1
    },
    {
      "BlockType": "WORD",
      "Confidence": 97.24124145507812,
      "Text": "Expe",
      "TextType": "PRINTED",
      "Geometry": {
        "BoundingBox": {
          "Width": 0.029908809810876846,
          "Height": 0.011781938374042511,
          "Left": 0.9689976572990417,
          "Top": 0.4693060517311096
        },
        "Polygon": [
          {
            "X": 0.9689976572990417,
            "Y": 0.4693060517311096
          },
          {
            "X": 0.9988468885421753,
            "Y": 0.46934446692466736
          },
          {
            "X": 0.9989064931869507,
            "Y": 0.48108798265457153
          },
          {
            "X": 0.9690557718276978,
            "Y": 0.48105084896087646
          }
        ]
      },
      "Id": "af74d0a3-1ad9-4668-9dd8-4960ab4b309d",
      "Page": 1
    },
    {
      "BlockType": "WORD",
      "Confidence": 98.98194885253906,
      "Text": "Immersion",
      "TextType": "PRINTED",
      "Geometry": {
        "BoundingBox": {
          "Width": 0.05540972575545311,
          "Height": 0.006881393492221832,
          "Left": 0.33345890045166016,
          "Top": 0.48440980911254883
        },
        "Polygon": [
          {
            "X": 0.33345890045166016,
            "Y": 0.48440980911254883
          },
          {
            "X": 0.3888518214225769,
            "Y": 0.48447784781455994
          },
          {
            "X": 0.38886862993240356,
            "Y": 0.49129119515419006
          },
          {
            "X": 0.33347412943840027,
            "Y": 0.4912245273590088
          }
        ]
      },
      "Id": "eeca1bf2-df98-4979-b13b-06b83aef7ddf",
      "Page": 1
    },
    {
      "BlockType": "WORD",
      "Confidence": 71.26106262207031,
      "Text": "Days,",
      "TextType": "PRINTED",
      "Geometry": {
        "BoundingBox": {
          "Width": 0.027070196345448494,
          "Height": 0.007772237528115511,
          "Left": 0.39138031005859375,
          "Top": 0.48556220531463623
        },
        "Polygon": [
          {
            "X": 0.39138031005859375,
            "Y": 0.48556220531463623
          },
          {
            "X": 0.4184304177761078,
            "Y": 0.48559531569480896
          },
          {
            "X": 0.4184505045413971,
            "Y": 0.49333444237709045
          },
          {
            "X": 0.3913995027542114,
            "Y": 0.4933020770549774
          }
        ]
      },
      "Id": "193167ea-199b-4bf1-96b3-bc58d8fe641f",
      "Page": 1
    },
    {
      "BlockType": "WORD",
      "Confidence": 99.91332244873047,
      "Text": "202",
      "TextType": "PRINTED",
      "Geometry": {
        "BoundingBox": {
          "Width": 0.026438575237989426,
          "Height": 0.009677588008344173,
          "Left": 0.9715835452079773,
          "Top": 0.48468127846717834
        },
        "Polygon": [
          {
            "X": 0.9715835452079773,
            "Y": 0.48468127846717834
          },
          {
            "X": 0.9979731440544128,
            "Y": 0.48471373319625854
          },
          {
            "X": 0.9980220794677734,
            "Y": 0.4943588674068451
          },
          {
            "X": 0.9716313481330872,
            "Y": 0.4943273365497589
          }
        ]
      },
      "Id": "ef95c9cb-1891-4ea9-8c54-c1c5d43a9432",
      "Page": 1
    },
    {
      "BlockType": "WORD",
      "Confidence": 99.17271423339844,
      "Text": "GameDays",
      "TextType": "PRINTED",
      "Geometry": {
        "BoundingBox": {
          "Width": 0.05608399957418442,
          "Height": 0.008686487562954426,
          "Left": 0.3100278973579407,
          "Top": 0.4935903549194336
        },
        "Polygon": [
          {
            "X": 0.3100278973579407,
            "Y": 0.4935903549194336
          },
          {
            "X": 0.36609145998954773,
            "Y": 0.49365735054016113
          },
          {
            "X": 0.3661119043827057,
            "Y": 0.5022768378257751
          },
          {
            "X": 0.3100462853908539,
            "Y": 0.5022116303443909
          }
        ]
      },
      "Id": "1227eeb8-886a-437a-a6d6-30538b58744f",
      "Page": 1
    },
    {
      "BlockType": "WORD",
      "Confidence": 99.38797760009766,
      "Text": "e",
      "TextType": "PRINTED",
      "Geometry": {
        "BoundingBox": {
          "Width": 0.006373845040798187,
          "Height": 0.005212591029703617,
          "Left": 0.3696405291557312,
          "Top": 0.4960097670555115
        },
        "Polygon": [
          {
            "X": 0.3696405291557312,
            "Y": 0.4960097670555115
          },
          {
            "X": 0.3760018050670624,
            "Y": 0.49601730704307556
          },
          {
            "X": 0.37601438164711,
            "Y": 0.5012223720550537
          },
          {
            "X": 0.36965295672416687,
            "Y": 0.5012149214744568
          }
        ]
      },
      "Id": "ad6e36b5-b662-489c-9577-3544c4c57bc7",
      "Page": 1
    },
    {
      "BlockType": "WORD",
      "Confidence": 52.76500701904297,
      "Text": "o AWS JAM",
      "TextType": "PRINTED",
      "Geometry": {
        "BoundingBox": {
          "Width": 0.061042290180921555,
          "Height": 0.007249253802001476,
          "Left": 0.37912020087242126,
          "Top": 0.4950767159461975
        },
        "Polygon": [
          {
            "X": 0.37912020087242126,
            "Y": 0.4950767159461975
          },
          {
            "X": 0.4401431977748871,
            "Y": 0.49514931440353394
          },
          {
            "X": 0.4401624798774719,
            "Y": 0.5023259520530701
          },
          {
            "X": 0.37913763523101807,
            "Y": 0.5022550225257874
          }
        ]
      },
      "Id": "eafbdc0f-7890-46b0-949d-45fdb6128dee",
      "Page": 1
    },
    {
      "BlockType": "WORD",
      "Confidence": 98.99795532226562,
      "Text": "aws",
      "TextType": "PRINTED",
      "Geometry": {
        "BoundingBox": {
          "Width": 0.03693585470318794,
          "Height": 0.009175185114145279,
          "Left": 0.5338122844696045,
          "Top": 0.5033531785011292
        },
        "Polygon": [
          {
            "X": 0.5338122844696045,
            "Y": 0.5033531785011292
          },
          {
            "X": 0.57071852684021,
            "Y": 0.5033959746360779
          },
          {
            "X": 0.5707481503486633,
            "Y": 0.5125283598899841
          },
          {
            "X": 0.533840537071228,
            "Y": 0.5124868154525757
          }
        ]
      },
      "Id": "79d87807-a0ba-4dc7-88cc-2b68f165d40d",
      "Page": 1
    },
    {
      "BlockType": "WORD",
      "Confidence": 99.79440307617188,
      "Text": "Monte",
      "TextType": "PRINTED",
      "Geometry": {
        "BoundingBox": {
          "Width": 0.03518996015191078,
          "Height": 0.007025748956948519,
          "Left": 0.32087695598602295,
          "Top": 0.5222929120063782
        },
        "Polygon": [
          {
            "X": 0.32087695598602295,
            "Y": 0.5222929120063782
          },
          {
            "X": 0.35605064034461975,
            "Y": 0.5223312377929688
          },
          {
            "X": 0.35606691241264343,
            "Y": 0.5293186902999878
          },
          {
            "X": 0.32089218497276306,
            "Y": 0.5292812585830688
          }
        ]
      },
      "Id": "4db6df1c-a675-4820-83ed-f8d602ad0160",
      "Page": 1
    },
    {
      "BlockType": "WORD",
      "Confidence": 99.59928894042969,
      "Text": "seu",
      "TextType": "PRINTED",
      "Geometry": {
        "BoundingBox": {
          "Width": 0.01820453070104122,
          "Height": 0.005631232168525457,
          "Left": 0.35923314094543457,
          "Top": 0.5240594744682312
        },
        "Polygon": [
          {
            "X": 0.35923314094543457,
            "Y": 0.5240594744682312
          },
          {
            "X": 0.37742409110069275,
            "Y": 0.5240792036056519
          },
          {
            "X": 0.37743768095970154,
            "Y": 0.5296907424926758
          },
          {
            "X": 0.35924628376960754,
            "Y": 0.5296714305877686
          }
        ]
      },
      "Id": "8a7ed70a-2997-4e4b-9ecc-a3c1853ce67c",
      "Page": 1
    },
    {
      "BlockType": "WORD",
      "Confidence": 99.87445831298828,
      "Text": "time",
      "TextType": "PRINTED",
      "Geometry": {
        "BoundingBox": {
          "Width": 0.024238867685198784,
          "Height": 0.007074638269841671,
          "Left": 0.3801504075527191,
          "Top": 0.5228243470191956
        },
        "Polygon": [
          {
            "X": 0.3801504075527191,
            "Y": 0.5228243470191956
          },
          {
            "X": 0.4043714106082916,
            "Y": 0.5228506922721863
          },
          {
            "X": 0.40438929200172424,
            "Y": 0.529899001121521
          },
          {
            "X": 0.38016757369041443,
            "Y": 0.529873251914978
          }
        ]
      },
      "Id": "c879e6db-4d5a-4fe0-a200-cd870bc0040b",
      "Page": 1
    },
    {
      "BlockType": "WORD",
      "Confidence": 99.8614273071289,
      "Text": "de",
      "TextType": "PRINTED",
      "Geometry": {
        "BoundingBox": {
          "Width": 0.012821386568248272,
          "Height": 0.006926622707396746,
          "Left": 0.40739884972572327,
          "Top": 0.5232102870941162
        },
        "Polygon": [
          {
            "X": 0.40739884972572327,
            "Y": 0.5232102870941162
          },
          {
            "X": 0.42020225524902344,
            "Y": 0.5232241749763489
          },
          {
            "X": 0.4202202260494232,
            "Y": 0.5301369428634644
          },
          {
            "X": 0.4074164628982544,
            "Y": 0.5301233530044556
          }
        ]
      },
      "Id": "23427d24-c987-441f-a721-adfe5390aa45",
      "Page": 1
    },
    {
      "BlockType": "WORD",
      "Confidence": 88.51896667480469,
      "Text": "5",
      "TextType": "PRINTED",
      "Geometry": {
        "BoundingBox": {
          "Width": 0.006155547685921192,
          "Height": 0.006467446219176054,
          "Left": 0.4233115613460541,
          "Top": 0.5238230228424072
        },
        "Polygon": [
          {
            "X": 0.4233115613460541,
            "Y": 0.5238230228424072
          },
          {
            "X": 0.42945003509521484,
            "Y": 0.5238296985626221
          },
          {
            "X": 0.429467111825943,
            "Y": 0.5302904844284058
          },
          {
            "X": 0.4233284592628479,
            "Y": 0.5302839875221252
          }
        ]
      },
      "Id": "852fa555-88c7-457e-8b1c-f3d9bad43424",
      "Page": 1
    },
    {
      "BlockType": "WORD",
      "Confidence": 99.57920837402344,
      "Text": "pessoas",
      "TextType": "PRINTED",
      "Geometry": {
        "BoundingBox": {
          "Width": 0.04160728305578232,
          "Height": 0.006916171871125698,
          "Left": 0.32357141375541687,
          "Top": 0.5342167019844055
        },
        "Polygon": [
          {
            "X": 0.32357141375541687,
            "Y": 0.5342167019844055
          },
          {
            "X": 0.3651624023914337,
            "Y": 0.5342601537704468
          },
          {
            "X": 0.3651786744594574,
            "Y": 0.5411328673362732
          },
          {
            "X": 0.32358646392822266,
            "Y": 0.5410904884338379
          }
        ]
      },
      "Id": "4f61c32e-6ff9-4e90-8a54-1cccc608d548",
      "Page": 1
    },
    {
      "BlockType": "WORD",
      "Confidence": 99.35330200195312,
      "Text": "e",
      "TextType": "PRINTED",
      "Geometry": {
        "BoundingBox": {
          "Width": 0.007223242428153753,
          "Height": 0.005508896894752979,
          "Left": 0.36797815561294556,
          "Top": 0.5346282124519348
        },
        "Polygon": [
          {
            "X": 0.36797815561294556,
            "Y": 0.5346282124519348
          },
          {
            "X": 0.3751881420612335,
            "Y": 0.5346357226371765
          },
          {
            "X": 0.37520140409469604,
            "Y": 0.5401371121406555
          },
          {
            "X": 0.36799123883247375,
            "Y": 0.5401297211647034
          }
        ]
      },
      "Id": "c6b36fed-8817-42fa-85c9-a70e7c7d15a1",
      "Page": 1
    },
    {
      "BlockType": "WORD",
      "Confidence": 96.07488250732422,
      "Text": "participe!",
      "TextType": "PRINTED",
      "Geometry": {
        "BoundingBox": {
          "Width": 0.04952473193407059,
          "Height": 0.008899505250155926,
          "Left": 0.3780370354652405,
          "Top": 0.5332239270210266
        },
        "Polygon": [
          {
            "X": 0.3780370354652405,
            "Y": 0.5332239270210266
          },
          {
            "X": 0.4275384545326233,
            "Y": 0.533275842666626
          },
          {
            "X": 0.42756175994873047,
            "Y": 0.5421234369277954
          },
          {
            "X": 0.37805846333503723,
            "Y": 0.542073130607605
          }
        ]
      },
      "Id": "f52fc5ec-1557-4d65-b91e-9c5d9f47f397",
      "Page": 1
    },
    {
      "BlockType": "WORD",
      "Confidence": 99.87789916992188,
      "Text": "BUILDERS",
      "TextType": "PRINTED",
      "Geometry": {
        "BoundingBox": {
          "Width": 0.1306954026222229,
          "Height": 0.017385847866535187,
          "Left": 0.47257304191589355,
          "Top": 0.5308327674865723
        },
        "Polygon": [
          {
            "X": 0.47257304191589355,
            "Y": 0.5308327674865723
          },
          {
            "X": 0.6032100319862366,
            "Y": 0.5309709310531616
          },
          {
            "X": 0.6032684445381165,
            "Y": 0.5482186079025269
          },
          {
            "X": 0.4726217985153198,
            "Y": 0.5480887293815613
          }
        ]
      },
      "Id": "817c7820-5fe9-4153-ada6-fb3da7c641d8",
      "Page": 1
    },
    {
      "BlockType": "WORD",
      "Confidence": 95.31898498535156,
      "Text": "Inscreva-se",
      "TextType": "PRINTED",
      "Geometry": {
        "BoundingBox": {
          "Width": 0.06494580209255219,
          "Height": 0.008382258005440235,
          "Left": 0.6839122772216797,
          "Top": 0.537276566028595
        },
        "Polygon": [
          {
            "X": 0.6839122772216797,
            "Y": 0.537276566028595
          },
          {
            "X": 0.7488247752189636,
            "Y": 0.5373437404632568
          },
          {
            "X": 0.7488580942153931,
            "Y": 0.5456588268280029
          },
          {
            "X": 0.6839432716369629,
            "Y": 0.5455936789512634
          }
        ]
      },
      "Id": "60a49096-f254-431a-9299-1cd0622d90be",
      "Page": 1
    },
    {
      "BlockType": "WORD",
      "Confidence": 96.8284683227539,
      "Text": "LEAGU",
      "TextType": "PRINTED",
      "Geometry": {
        "BoundingBox": {
          "Width": 0.10639215260744095,
          "Height": 0.007824321277439594,
          "Left": 0.4950878322124481,
          "Top": 0.5519766211509705
        },
        "Polygon": [
          {
            "X": 0.4950878322124481,
            "Y": 0.5519766211509705
          },
          {
            "X": 0.6014539003372192,
            "Y": 0.5520808100700378
          },
          {
            "X": 0.6014799475669861,
            "Y": 0.559800922870636
          },
          {
            "X": 0.4951103925704956,
            "Y": 0.5596997737884521
          }
        ]
      },
      "Id": "fcdcc31e-e12c-47c7-b75d-e8b8426d5e06",
      "Page": 1
    },
    {
      "BlockType": "WORD",
      "Confidence": 97.9469223022461,
      "Text": "E",
      "TextType": "PRINTED",
      "Geometry": {
        "BoundingBox": {
          "Width": 0.0062233321368694305,
          "Height": 0.006060372106730938,
          "Left": 0.6042296886444092,
          "Top": 0.5538319945335388
        },
        "Polygon": [
          {
            "X": 0.6042296886444092,
            "Y": 0.5538319945335388
          },
          {
            "X": 0.6104323863983154,
            "Y": 0.5538380146026611
          },
          {
            "X": 0.6104530692100525,
            "Y": 0.5598923563957214
          },
          {
            "X": 0.6042502522468567,
            "Y": 0.5598864555358887
          }
        ]
      },
      "Id": "d50cfc9f-c5a2-445b-a976-6022a358ffcd",
      "Page": 1
    }
  ],
  "DetectDocumentTextModelVersion": "1.0"
}