{
  "DocumentMetadata": {
    "Pages": 1
  },
  "JobStatus": "SUCCEEDED",
  "Blocks": [
    {
      "BlockType": "PAGE",
      "Geometry": {
        "BoundingBox": {
          "Width": 1,
          "Height": 0.858523964881897,
          "Left": 0,
          "Top": 0.06836659461259842
        },
        "Polygon": [
          {
            "X": 0,
            "Y": 0.06836659461259842
          },
          {
            "X": 1,
            "Y": 0.07651171088218689
          },
          {
            "X": 1,
            "Y": 0.9268905520439148
          },
          {
            "X": 0,
            "Y": 0.9233905076980591
          }
        ]
      },
      "Id": "b232342b-73c0-4520-bc9b-1ba7e093a059",
      "Relationships": [
        {
          "Type": "CHILD",
          "Ids": [
            "799b1b12-530a-4fdd-b6af-190d8cfc520a",
            "1c37bb1b-72e8-42a0-9564-c135c69266b1",
            "e898c63e-7be6-4066-a2c7-ccb3ba8f26c2",
            "e2bb9d77-87dd-4cc5-96a3-c5f8977574cc",
            "9e51e6ed-f2fd-4381-9510-725eee362141",
            "ce546b51-1e1b-4279-9a6b-f21ec86aa910",
            "d600f407-509e-4073-82c7-d41d50d4f82f",
            "5b4f1a3e-e734-4959-b9f7-792ed313d806",
            "a03293d7-3587-4176-88de-d7b09f24d3e4",
            "de8485f7-814a-404f-ae36-cb6ee4c34e17",
            "59e2e928-57a9-4bd9-b611-9a3205be05a7"
          ]
        }
      ],
      "Page": 1
    },
    {
      "BlockType": "LINE",
      "Confidence": 99.49773406982422,
      "Text": "A pergunta na mente",
      "Geometry": {
        "BoundingBox": {
          "Width": 0.2869378626346588,
          "Height": 0.02443484030663967,
          "Left": 0.29908043146133423,
          "Top": 0.38485339283943176
        },
        "Polygon": [
          {
            "X": 0.2991112172603607,
            "Y": 0.38485339283943176
          },
          {
            "X": 0.5860182642936707,
            "Y": 0.38669678568840027
          },
          {
            "X": 0.5859967470169067,
            "Y": 0.409288227558136
          },
          {
            "X": 0.29908043146133423,
            "Y": 0.4074800908565521
          }
        ]
      },
      "Id": "799b1b12-530a-4fdd-b6af-190d8cfc520a",
      "Relationships": [
        {
          "Type": "CHILD",
          "Ids": [
            "dd0ee900-7fda-4346-bbba-f9f315e4e2de",
            "15a2c980-9211-47eb-a541-727960bb7d10",
            "09d3dfaa-5dd9-473d-ad8f-cd8370bf7d75",
            "269f10e7-5a99-4edf-97f3-45c16fde74a4"
          ]
        }
      ],
      "Page": 1
    },
    {
      "BlockType": "LINE",
      "Confidence": 99.54996490478516,
      "Text": "aws",
      "Geometry": {
        "BoundingBox": {
          "Width": 0.08126307278871536,
          "Height": 0.022870393469929695,
          "Left": 0.8213476538658142,
          "Top": 0.4050220847129822
        },
        "Polygon": [
          {
            "X": 0.8213614225387573,
            "Y": 0.4050220847129822
          },
          {
            "X": 0.902610719203949,
            "Y": 0.4055366516113281
          },
          {
            "X": 0.9025994539260864,
            "Y": 0.4278924763202667
          },
          {
            "X": 0.8213476538658142,
            "Y": 0.4273877739906311
          }
        ]
      },
      "Id": "1c37bb1b-72e8-42a0-9564-c135c69266b1",
      "Relationships": [
        {
          "Type": "CHILD",
          "Ids": [
            "108c4a75-135c-4197-9e6e-df1c3f4d1e35"
          ]
        }
      ],
      "Page": 1
    },
    {
      "BlockType": "LINE",
      "Confidence": 99.89437866210938,
      "Text": "Cloud",
      "Geometry": {
        "BoundingBox": {
          "Width": 0.03980061784386635,
          "Height": 0.010596965439617634,
          "Left": 0.9478886127471924,
          "Top": 0.40720710158348083
        },
        "Polygon": [
          {
            "X": 0.9478931427001953,
            "Y": 0.40720710158348083
          },
          {
            "X": 0.9876892566680908,
            "Y": 0.4074588418006897
          },
          {
            "X": 0.9876853227615356,
            "Y": 0.4178040623664856
          },
          {
            "X": 0.9478886127471924,
            "Y": 0.4175545573234558
          }
        ]
      },
      "Id": "e898c63e-7be6-4066-a2c7-ccb3ba8f26c2",
      "Relationships": [
        {
          "Type": "CHILD",
          "Ids": [
            "0cb4a0ef-4a2e-42cd-bb9b-8f19f81024a9"
          ]
        }
      ],
      "Page": 1
    },
    {
      "BlockType": "LINE",
      "Confidence": 76.19693756103516,
      "Text": "WS",
      "Geometry": {
        "BoundingBox": {
          "Width": 0.1406683772802353,
          "Height": 0.042084623128175735,
          "Left": 0,
          "Top": 0.4094639718532562
        },
        "Polygon": [
          {
            "X": 0,
            "Y": 0.4094639718532562
          },
          {
            "X": 0.1406683772802353,
            "Y": 0.41035211086273193
          },
          {
            "X": 0.14060303568840027,
            "Y": 0.45154860615730286
          },
          {
            "X": 0,
            "Y": 0.4506920576095581
          }
        ]
      },
      "Id": "e2bb9d77-87dd-4cc5-96a3-c5f8977574cc",
      "Relationships": [
        {
          "Type": "CHILD",
          "Ids": [
            "a7fd5916-b45d-4457-8108-61f2d2255730"
          ]
        }
      ],
      "Page": 1
    },
    {
      "BlockType": "LINE",
      "Confidence": 99.45380401611328,
      "Text": "de todo CEO é",
      "Geometry": {
        "BoundingBox": {
          "Width": 0.19270531833171844,
          "Height": 0.020401475951075554,
          "Left": 0.35095301270484924,
          "Top": 0.41273295879364014
        },
        "Polygon": [
          {
            "X": 0.35097771883010864,
            "Y": 0.41273295879364014
          },
          {
            "X": 0.5436583161354065,
            "Y": 0.41394203901290894
          },
          {
            "X": 0.5436388850212097,
            "Y": 0.43313443660736084
          },
          {
            "X": 0.35095301270484924,
            "Y": 0.43194541335105896
          }
        ]
      },
      "Id": "9e51e6ed-f2fd-4381-9510-725eee362141",
      "Relationships": [
        {
          "Type": "CHILD",
          "Ids": [
            "4d085899-b9a7-442a-a924-b2579831acd0",
            "a134841d-4227-4d0d-ba1d-4435d592b80b",
            "7330d7d5-2155-4fc6-a450-b7538a8d07a4",
            "36ea918d-69a3-41d2-918d-005942f91903"
          ]
        }
      ],
      "Page": 1
    },
    {
      "BlockType": "LINE",
      "Confidence": 92.2435073852539,
      "Text": "Experie",
      "Geometry": {
        "BoundingBox": {
          "Width": 0.04848026856780052,
          "Height": 0.012190336361527443,
          "Left": 0.9505281448364258,
          "Top": 0.42294955253601074
        },
        "Polygon": [
          {
            "X": 0.9505333304405212,
            "Y": 0.42294955253601074
          },
          {
            "X": 0.9990084171295166,
            "Y": 0.42325204610824585
          },
          {
            "X": 0.9990041255950928,
            "Y": 0.43513989448547363
          },
          {
            "X": 0.9505281448364258,
            "Y": 0.4348405599594116
          }
        ]
      },
      "Id": "ce546b51-1e1b-4279-9a6b-f21ec86aa910",
      "Relationships": [
        {
          "Type": "CHILD",
          "Ids": [
            "3dd1ce5c-208d-4d35-bbb2-3a71913e6a71"
          ]
        }
      ],
      "Page": 1
    },
    {
      "BlockType": "LINE",
      "Confidence": 99.3647232055664,
      "Text": "2025",
      "Geometry": {
        "BoundingBox": {
          "Width": 0.03414620831608772,
          "Height": 0.009800137020647526,
          "Left": 0.9522541761398315,
          "Top": 0.43855026364326477
        },
        "Polygon": [
          {
            "X": 0.9522583484649658,
            "Y": 0.43855026364326477
          },
          {
            "X": 0.9864004254341125,
            "Y": 0.4387604296207428
          },
          {
            "X": 0.9863967299461365,
            "Y": 0.4483503997325897
          },
          {
            "X": 0.9522541761398315,
            "Y": 0.44814205169677734
          }
        ]
      },
      "Id": "d600f407-509e-4073-82c7-d41d50d4f82f",
      "Relationships": [
        {
          "Type": "CHILD",
          "Ids": [
            "27d8f0c6-cb2c-4df4-a78a-847f52df1971"
          ]
        }
      ],
      "Page": 1
    },
    {
      "BlockType": "LINE",
      "Confidence": 99.46240234375,
      "Text": "\"Qual é a nossa",
      "Geometry": {
        "BoundingBox": {
          "Width": 0.2072344720363617,
          "Height": 0.021762078627943993,
          "Left": 0.3436722457408905,
          "Top": 0.43982765078544617
        },
        "Polygon": [
          {
            "X": 0.3436988592147827,
            "Y": 0.43982765078544617
          },
          {
            "X": 0.5509067177772522,
            "Y": 0.44109731912612915
          },
          {
            "X": 0.5508861541748047,
            "Y": 0.4615897238254547
          },
          {
            "X": 0.3436722457408905,
            "Y": 0.4603431522846222
          }
        ]
      },
      "Id": "5b4f1a3e-e734-4959-b9f7-792ed313d806",
      "Relationships": [
        {
          "Type": "CHILD",
          "Ids": [
            "5fc1d0d2-6ce4-4b21-853a-66b592c0a22a",
            "61e69483-13c7-4281-a1ef-db002919ca11",
            "caa73f34-2ae4-4e25-9bf8-5a94e7841e8c",
            "755e0009-01c4-4bd4-b3d5-2f5be55a7aeb"
          ]
        }
      ],
      "Page": 1
    },
    {
      "BlockType": "LINE",
      "Confidence": 96.64781188964844,
      "Text": "estratégia de IA",
      "Geometry": {
        "BoundingBox": {
          "Width": 0.21170800924301147,
          "Height": 0.022413838654756546,
          "Left": 0.3433140218257904,
          "Top": 0.46720650792121887
        },
        "Polygon": [
          {
            "X": 0.34334149956703186,
            "Y": 0.46720650792121887
          },
          {
            "X": 0.5550220012664795,
            "Y": 0.46847206354141235
          },
          {
            "X": 0.5550009608268738,
            "Y": 0.4896203577518463
          },
          {
            "X": 0.3433140218257904,
            "Y": 0.4883791506290436
          }
        ]
      },
      "Id": "a03293d7-3587-4176-88de-d7b09f24d3e4",
      "Relationships": [
        {
          "Type": "CHILD",
          "Ids": [
            "d48a75e9-3665-4cea-b42b-ee2c98d66fb4",
            "322871ee-2db7-4931-b6ee-b989932c259c",
            "553c7032-1265-45ff-8072-4d2ecb0cc095"
          ]
        }
      ],
      "Page": 1
    },
    {
      "BlockType": "LINE",
      "Confidence": 96.90664672851562,
      "Text": "generativa?\"",
      "Geometry": {
        "BoundingBox": {
          "Width": 0.16732244193553925,
          "Height": 0.02380075678229332,
          "Left": 0.36675626039505005,
          "Top": 0.49400457739830017
        },
        "Polygon": [
          {
            "X": 0.3667851388454437,
            "Y": 0.49400457739830017
          },
          {
            "X": 0.5340787172317505,
            "Y": 0.49498048424720764
          },
          {
            "X": 0.5340552926063538,
            "Y": 0.5178053379058838
          },
          {
            "X": 0.36675626039505005,
            "Y": 0.5168501734733582
          }
        ]
      },
      "Id": "de8485f7-814a-404f-ae36-cb6ee4c34e17",
      "Relationships": [
        {
          "Type": "CHILD",
          "Ids": [
            "78e2b9fc-c7c4-4847-858f-38990fb7a052"
          ]
        }
      ],
      "Page": 1
    },
    {
      "BlockType": "LINE",
      "Confidence": 91.53068542480469,
      "Text": "laws",
      "Geometry": {
        "BoundingBox": {
          "Width": 0.01728699542582035,
          "Height": 0.006733560003340244,
          "Left": 0.27499380707740784,
          "Top": 0.5450117588043213
        },
        "Polygon": [
          {
            "X": 0.275003045797348,
            "Y": 0.5450117588043213
          },
          {
            "X": 0.29228079319000244,
            "Y": 0.5451077222824097
          },
          {
            "X": 0.2922717034816742,
            "Y": 0.5517452955245972
          },
          {
            "X": 0.27499380707740784,
            "Y": 0.5516499876976013
          }
        ]
      },
      "Id": "59e2e928-57a9-4bd9-b611-9a3205be05a7",
      "Relationships": [
        {
          "Type": "CHILD",
          "Ids": [
            "d71d8129-a946-4399-8008-a91dc615a1c8"
          ]
        }
      ],
      "Page": 1
    },
    {
      "BlockType": "WORD",
      "Confidence": 99.77648162841797,
      "Text": "A",
      "TextType": "PRINTED",
      "Geometry": {
        "BoundingBox": {
          "Width": 0.02088344469666481,
          "Height": 0.01661476120352745,
          "Left": 0.2990887761116028,
          "Top": 0.38485339283943176
        },
        "Polygon": [
          {
            "X": 0.2991112172603607,
            "Y": 0.38485339283943176
          },
          {
            "X": 0.3199722170829773,
            "Y": 0.38498741388320923
          },
          {
            "X": 0.31995028257369995,
            "Y": 0.4014681577682495
          },
          {
            "X": 0.2990887761116028,
            "Y": 0.4013359844684601
          }
        ]
      },
      "Id": "dd0ee900-7fda-4346-bbba-f9f315e4e2de",
      "Page": 1
    },
    {
      "BlockType": "WORD",
      "Confidence": 98.83454895019531,
      "Text": "pergunta",
      "TextType": "PRINTED",
      "Geometry": {
        "BoundingBox": {
          "Width": 0.12487327307462692,
          "Height": 0.020047243684530258,
          "Left": 0.32963985204696655,
          "Top": 0.3884122371673584
        },
        "Polygon": [
          {
            "X": 0.3296652138233185,
            "Y": 0.3884122371673584
          },
          {
            "X": 0.4545131027698517,
            "Y": 0.38921210169792175
          },
          {
            "X": 0.45449116826057434,
            "Y": 0.40845948457717896
          },
          {
            "X": 0.32963985204696655,
            "Y": 0.4076726734638214
          }
        ]
      },
      "Id": "15a2c980-9211-47eb-a541-727960bb7d10",
      "Page": 1
    },
    {
      "BlockType": "WORD",
      "Confidence": 99.72258758544922,
      "Text": "na",
      "TextType": "PRINTED",
      "Geometry": {
        "BoundingBox": {
          "Width": 0.030551042407751083,
          "Height": 0.013194173574447632,
          "Left": 0.4642564058303833,
          "Top": 0.3933905065059662
        },
        "Polygon": [
          {
            "X": 0.46427103877067566,
            "Y": 0.3933905065059662
          },
          {
            "X": 0.4948074519634247,
            "Y": 0.3935854732990265
          },
          {
            "X": 0.4947933852672577,
            "Y": 0.4065846800804138
          },
          {
            "X": 0.4642564058303833,
            "Y": 0.4063918888568878
          }
        ]
      },
      "Id": "09d3dfaa-5dd9-473d-ad8f-cd8370bf7d75",
      "Page": 1
    },
    {
      "BlockType": "WORD",
      "Confidence": 99.65731811523438,
      "Text": "mente",
      "TextType": "PRINTED",
      "Geometry": {
        "BoundingBox": {
          "Width": 0.08142878860235214,
          "Height": 0.016269521787762642,
          "Left": 0.5045835971832275,
          "Top": 0.3923533856868744
        },
        "Polygon": [
          {
            "X": 0.504600465297699,
            "Y": 0.3923533856868744
          },
          {
            "X": 0.5860124230384827,
            "Y": 0.39287373423576355
          },
          {
            "X": 0.5859974026679993,
            "Y": 0.4086229205131531
          },
          {
            "X": 0.5045835971832275,
            "Y": 0.40810954570770264
          }
        ]
      },
      "Id": "269f10e7-5a99-4edf-97f3-45c16fde74a4",
      "Page": 1
    },
    {
      "BlockType": "WORD",
      "Confidence": 99.54996490478516,
      "Text": "aws",
      "TextType": "PRINTED",
      "Geometry": {
        "BoundingBox": {
          "Width": 0.08126307278871536,
          "Height": 0.022870393469929695,
          "Left": 0.8213476538658142,
          "Top": 0.4050220847129822
        },
        "Polygon": [
          {
            "X": 0.8213614225387573,
            "Y": 0.4050220847129822
          },
          {
            "X": 0.902610719203949,
            "Y": 0.4055366516113281
          },
          {
            "X": 0.9025994539260864,
            "Y": 0.4278924763202667
          },
          {
            "X": 0.8213476538658142,
            "Y": 0.4273877739906311
          }
        ]
      },
      "Id": "108c4a75-135c-4197-9e6e-df1c3f4d1e35",
      "Page": 1
    },
    {
      "BlockType": "WORD",
      "Confidence": 99.89437866210938,
      "Text": "Cloud",
      "TextType": "PRINTED",
      "Geometry": {
        "BoundingBox": {
          "Width": 0.03980061784386635,
          "Height": 0.010596965439617634,
          "Left": 0.9478886127471924,
          "Top": 0.40720710158348083
        },
        "Polygon": [
          {
            "X": 0.9478931427001953,
            "Y": 0.40720710158348083
          },
          {
            "X": 0.9876892566680908,
            "Y": 0.4074588418006897
          },
          {
            "X": 0.9876853227615356,
            "Y": 0.4178040623664856
          },
          {
            "X": 0.9478886127471924,
            "Y": 0.4175545573234558
          }
        ]
      },
      "Id": "0cb4a0ef-4a2e-42cd-bb9b-8f19f81024a9",
      "Page": 1
    },
    {
      "BlockType": "WORD",
      "Confidence": 76.19693756103516,
      "Text": "WS",
      "TextType": "PRINTED",
      "Geometry": {
        "BoundingBox": {
          "Width": 0.1406683772802353,
          "Height": 0.042084623128175735,
          "Left": 0,
          "Top": 0.4094639718532562
        },
        "Polygon": [
          {
            "X": 0,
            "Y": 0.4094639718532562
          },
          {
            "X": 0.1406683772802353,
            "Y": 0.41035211086273193
          },
          {
            "X": 0.14060303568840027,
            "Y": 0.45154860615730286
          },
          {
            "X": 0,
            "Y": 0.4506920576095581
          }
        ]
      },
      "Id": "a7fd5916-b45d-4457-8108-61f2d2255730",
      "Page": 1
    },
    {
      "BlockType": "WORD",
      "Confidence": 99.62238311767578,
      "Text": "de",
      "TextType": "PRINTED",
      "Geometry": {
        "BoundingBox": {
          "Width": 0.03252046927809715,
          "Height": 0.01828954741358757,
          "Left": 0.35095444321632385,
          "Top": 0.41273295879364014
        },
        "Polygon": [
          {
            "X": 0.35097771883010864,
            "Y": 0.41273295879364014
          },
          {
            "X": 0.3834749162197113,
            "Y": 0.41293686628341675
          },
          {
            "X": 0.38345247507095337,
            "Y": 0.4310224950313568
          },
          {
            "X": 0.35095444321632385,
            "Y": 0.4308217465877533
          }
        ]
      },
      "Id": "4d085899-b9a7-442a-a924-b2579831acd0",
      "Page": 1
    },
    {
      "BlockType": "WORD",
      "Confidence": 99.78239440917969,
      "Text": "todo",
      "TextType": "PRINTED",
      "Geometry": {
        "BoundingBox": {
          "Width": 0.06461193412542343,
          "Height": 0.01813271827995777,
          "Left": 0.3919413983821869,
          "Top": 0.4139181971549988
        },
        "Polygon": [
          {
            "X": 0.3919631838798523,
            "Y": 0.4139181971549988
          },
          {
            "X": 0.45655331015586853,
            "Y": 0.41432318091392517
          },
          {
            "X": 0.45653316378593445,
            "Y": 0.4320509135723114
          },
          {
            "X": 0.3919413983821869,
            "Y": 0.43165215849876404
          }
        ]
      },
      "Id": "a134841d-4227-4d0d-ba1d-4435d592b80b",
      "Page": 1
    },
    {
      "BlockType": "WORD",
      "Confidence": 99.45771789550781,
      "Text": "CEO",
      "TextType": "PRINTED",
      "Geometry": {
        "BoundingBox": {
          "Width": 0.05406731367111206,
          "Height": 0.017126381397247314,
          "Left": 0.4662412405014038,
          "Top": 0.4157392084598541
        },
        "Polygon": [
          {
            "X": 0.4662601053714752,
            "Y": 0.4157392084598541
          },
          {
            "X": 0.5203085541725159,
            "Y": 0.41607770323753357
          },
          {
            "X": 0.5202909708023071,
            "Y": 0.43286558985710144
          },
          {
            "X": 0.4662412405014038,
            "Y": 0.43253201246261597
          }
        ]
      },
      "Id": "7330d7d5-2155-4fc6-a450-b7538a8d07a4",
      "Page": 1
    },
    {
      "BlockType": "WORD",
      "Confidence": 98.95272827148438,
      "Text": "é",
      "TextType": "PRINTED",
      "Geometry": {
        "BoundingBox": {
          "Width": 0.01368002686649561,
          "Height": 0.016971560195088387,
          "Left": 0.529975950717926,
          "Top": 0.4161628484725952
        },
        "Polygon": [
          {
            "X": 0.5299934148788452,
            "Y": 0.4161628484725952
          },
          {
            "X": 0.5436559915542603,
            "Y": 0.4162484109401703
          },
          {
            "X": 0.5436388850212097,
            "Y": 0.43313443660736084
          },
          {
            "X": 0.529975950717926,
            "Y": 0.43305012583732605
          }
        ]
      },
      "Id": "36ea918d-69a3-41d2-918d-005942f91903",
      "Page": 1
    },
    {
      "BlockType": "WORD",
      "Confidence": 92.2435073852539,
      "Text": "Experie",
      "TextType": "PRINTED",
      "Geometry": {
        "BoundingBox": {
          "Width": 0.04848026856780052,
          "Height": 0.012190336361527443,
          "Left": 0.9505281448364258,
          "Top": 0.42294955253601074
        },
        "Polygon": [
          {
            "X": 0.9505333304405212,
            "Y": 0.42294955253601074
          },
          {
            "X": 0.9990084171295166,
            "Y": 0.42325204610824585
          },
          {
            "X": 0.9990041255950928,
            "Y": 0.43513989448547363
          },
          {
            "X": 0.9505281448364258,
            "Y": 0.4348405599594116
          }
        ]
      },
      "Id": "3dd1ce5c-208d-4d35-bbb2-3a71913e6a71",
      "Page": 1
    },
    {
      "BlockType": "WORD",
      "Confidence": 99.3647232055664,
      "Text": "2025",
      "TextType": "PRINTED",
      "Geometry": {
        "BoundingBox": {
          "Width": 0.03414620831608772,
          "Height": 0.009800137020647526,
          "Left": 0.9522541761398315,
          "Top": 0.43855026364326477
        },
        "Polygon": [
          {
            "X": 0.9522583484649658,
            "Y": 0.43855026364326477
          },
          {
            "X": 0.9864004254341125,
            "Y": 0.4387604296207428
          },
          {
            "X": 0.9863967299461365,
            "Y": 0.4483503997325897
          },
          {
            "X": 0.9522541761398315,
            "Y": 0.44814205169677734
          }
        ]
      },
      "Id": "27d8f0c6-cb2c-4df4-a78a-847f52df1971",
      "Page": 1
    },
    {
      "BlockType": "WORD",
      "Confidence": 99.40748596191406,
      "Text": "\"Qual",
      "TextType": "PRINTED",
      "Geometry": {
        "BoundingBox": {
          "Width": 0.07951277494430542,
          "Height": 0.020993689075112343,
          "Left": 0.3436722457408905,
          "Top": 0.43982765078544617
        },
        "Polygon": [
          {
            "X": 0.3436988592147827,
            "Y": 0.43982765078544617
          },
          {
            "X": 0.4231850206851959,
            "Y": 0.44031471014022827
          },
          {
            "X": 0.42316073179244995,
            "Y": 0.46082136034965515
          },
          {
            "X": 0.3436722457408905,
            "Y": 0.4603431522846222
          }
        ]
      },
      "Id": "5fc1d0d2-6ce4-4b21-853a-66b592c0a22a",
      "Page": 1
    },
    {
      "BlockType": "WORD",
      "Confidence": 98.70781707763672,
      "Text": "é",
      "TextType": "PRINTED",
      "Geometry": {
        "BoundingBox": {
          "Width": 0.014944715425372124,
          "Height": 0.017480427399277687,
          "Left": 0.43192410469055176,
          "Top": 0.44071975350379944
        },
        "Polygon": [
          {
            "X": 0.43194448947906494,
            "Y": 0.44071975350379944
          },
          {
            "X": 0.4468688368797302,
            "Y": 0.4408111870288849
          },
          {
            "X": 0.4468488395214081,
            "Y": 0.4582001864910126
          },
          {
            "X": 0.43192410469055176,
            "Y": 0.45811015367507935
          }
        ]
      },
      "Id": "61e69483-13c7-4281-a1ef-db002919ca11",
      "Page": 1
    },
    {
      "BlockType": "WORD",
      "Confidence": 99.9203109741211,
      "Text": "a",
      "TextType": "PRINTED",
      "Geometry": {
        "BoundingBox": {
          "Width": 0.013920414261519909,
          "Height": 0.012884777970612049,
          "Left": 0.455832302570343,
          "Top": 0.44589558243751526
        },
        "Polygon": [
          {
            "X": 0.4558468759059906,
            "Y": 0.44589558243751526
          },
          {
            "X": 0.4697527289390564,
            "Y": 0.44598037004470825
          },
          {
            "X": 0.4697384238243103,
            "Y": 0.45878034830093384
          },
          {
            "X": 0.455832302570343,
            "Y": 0.45869651436805725
          }
        ]
      },
      "Id": "caa73f34-2ae4-4e25-9bf8-5a94e7841e8c",
      "Page": 1
    },
    {
      "BlockType": "WORD",
      "Confidence": 99.81399536132812,
      "Text": "nossa",
      "TextType": "PRINTED",
      "Geometry": {
        "BoundingBox": {
          "Width": 0.0714055597782135,
          "Height": 0.013822403736412525,
          "Left": 0.47949570417404175,
          "Top": 0.44611087441444397
        },
        "Polygon": [
          {
            "X": 0.47951048612594604,
            "Y": 0.44611087441444397
          },
          {
            "X": 0.5509012341499329,
            "Y": 0.44654619693756104
          },
          {
            "X": 0.5508878231048584,
            "Y": 0.4599332809448242
          },
          {
            "X": 0.47949570417404175,
            "Y": 0.4595031440258026
          }
        ]
      },
      "Id": "755e0009-01c4-4bd4-b3d5-2f5be55a7aeb",
      "Page": 1
    },
    {
      "BlockType": "WORD",
      "Confidence": 90.78533935546875,
      "Text": "estratégia",
      "TextType": "PRINTED",
      "Geometry": {
        "BoundingBox": {
          "Width": 0.13651543855667114,
          "Height": 0.021972939372062683,
          "Left": 0.3433140218257904,
          "Top": 0.46720650792121887
        },
        "Polygon": [
          {
            "X": 0.34334149956703186,
            "Y": 0.46720650792121887
          },
          {
            "X": 0.47982946038246155,
            "Y": 0.46802252531051636
          },
          {
            "X": 0.4798060953617096,
            "Y": 0.48917946219444275
          },
          {
            "X": 0.3433140218257904,
            "Y": 0.4883791506290436
          }
        ]
      },
      "Id": "d48a75e9-3665-4cea-b42b-ee2c98d66fb4",
      "Page": 1
    },
    {
      "BlockType": "WORD",
      "Confidence": 99.80438995361328,
      "Text": "de",
      "TextType": "PRINTED",
      "Geometry": {
        "BoundingBox": {
          "Width": 0.031570613384246826,
          "Height": 0.01714763604104519,
          "Left": 0.4901711642742157,
          "Top": 0.46844080090522766
        },
        "Polygon": [
          {
            "X": 0.49018964171409607,
            "Y": 0.46844080090522766
          },
          {
            "X": 0.5217418074607849,
            "Y": 0.4686293601989746
          },
          {
            "X": 0.5217241048812866,
            "Y": 0.4855884313583374
          },
          {
            "X": 0.4901711642742157,
            "Y": 0.48540276288986206
          }
        ]
      },
      "Id": "322871ee-2db7-4931-b6ee-b989932c259c",
      "Page": 1
    },
    {
      "BlockType": "WORD",
      "Confidence": 99.35369873046875,
      "Text": "IA",
      "TextType": "PRINTED",
      "Geometry": {
        "BoundingBox": {
          "Width": 0.02444753609597683,
          "Height": 0.016329055652022362,
          "Left": 0.5305734276771545,
          "Top": 0.46941256523132324
        },
        "Polygon": [
          {
            "X": 0.5305901169776917,
            "Y": 0.46941256523132324
          },
          {
            "X": 0.5550209283828735,
            "Y": 0.4695584774017334
          },
          {
            "X": 0.5550048351287842,
            "Y": 0.48574161529541016
          },
          {
            "X": 0.5305734276771545,
            "Y": 0.4855978488922119
          }
        ]
      },
      "Id": "553c7032-1265-45ff-8072-4d2ecb0cc095",
      "Page": 1
    },
    {
      "BlockType": "WORD",
      "Confidence": 96.90664672851562,
      "Text": "generativa?\"",
      "TextType": "PRINTED",
      "Geometry": {
        "BoundingBox": {
          "Width": 0.16732244193553925,
          "Height": 0.02380075678229332,
          "Left": 0.36675626039505005,
          "Top": 0.49400457739830017
        },
        "Polygon": [
          {
            "X": 0.3667851388454437,
            "Y": 0.49400457739830017
          },
          {
            "X": 0.5340787172317505,
            "Y": 0.49498048424720764
          },
          {
            "X": 0.5340552926063538,
            "Y": 0.5178053379058838
          },
          {
            "X": 0.36675626039505005,
            "Y": 0.5168501734733582
          }
        ]
      },
      "Id": "78e2b9fc-c7c4-4847-858f-38990fb7a052",
      "Page": 1
    },
    {
      "BlockType": "WORD",
      "Confidence": 91.53068542480469,
      "Text": "laws",
      "TextType": "PRINTED",
      "Geometry": {
        "BoundingBox": {
          "Width": 0.01728699542582035,
          "Height": 0.006733560003340244,
          "Left": 0.27499380707740784,
          "Top": 0.5450117588043213
        },
        "Polygon": [
          {
            "X": 0.275003045797348,
            "Y": 0.5450117588043213
          },
          {
            "X": 0.29228079319000244,
            "Y": 0.5451077222824097
          },
          {
            "X": 0.2922717034816742,
            "Y": 0.5517452955245972
          },
          {
            "X": 0.27499380707740784,
            "Y": 0.5516499876976013
          }
        ]
      },
      "Id": "d71d8129-a946-4399-8008-a91dc615a1c8",
      "Page": 1
    }
  ],
  "DetectDocumentTextModelVersion": "1.0"
}