{
  "DocumentMetadata": {
    "Pages": 1
  },
  "JobStatus": "SUCCEEDED",
  "Blocks": [
    {
      "BlockType": "PAGE",
      "Geometry": {
        "BoundingBox": {
          "Width": 0.8671467304229736,
          "Height": 0.6175139546394348,
          "Left": 0.0044635264202952385,
          "Top": 0.04419270530343056
        },
        "Polygon": [
          {
            "X": 0.0044635264202952385,
            "Y": 0.07391802966594696
          },
          {
            "X": 0.8672522306442261,
            "Y": 0.04419270530343056
          },
          {
            "X": 0.8716102242469788,
            "Y": 0.6449266076087952
          },
          {
            "X": 0.009039686992764473,
            "Y": 0.6617066264152527
          }
        ]
      },
      "Id": "6e4a45ff-453e-4bd6-ae9a-5d27b3f85c04",
      "Relationships": [
        {
          "Type": "CHILD",
          "Ids": [
            "dc1151da-4f21-43a6-b0b8-bccb0de5a3ec",
            "2c484500-8970-4939-8820-ed10cdeaa14d",
            "9b1a238f-e4a5-4b78-af9b-3e63243b0331",
            "3f0c11f5-fbef-481c-9d6a-c68b33589378",
            "da5e0ffd-78e0-44a5-b60a-a416d5fd75bb",
            "96c45fc5-d72b-4420-b2bf-9b105729dd7e",
            "7ac362d8-f13e-411c-828a-859366d86542",
            "16611b23-1b3b-4c95-a6d9-f13dc2d847e3",
            "80504468-8b9f-42df-9a66-a8923887ead0",
            "12de0605-785b-4ad5-a4be-d0ae32f5837a",
            "6ee08127-765a-404c-bd32-383a3c69a6b1",
            "de177991-ee8b-4dde-b1cc-df33551f15cc",
            "fbceb8c6-3e0c-422a-87ff-b55d444e345b",
            "5fc5420e-bcc9-432f-a037-f64df9e359c8",
            "5e118a6e-42a1-482b-99fe-a30a7e94da71"
          ]
        }
      ],
      "Page": 1
    },
    {
      "BlockType": "LINE",
      "Confidence": 99.38355255126953,
      "Text": "A IA generativa pode ajudar",
      "Geometry": {
        "BoundingBox": {
          "Width": 0.4492011070251465,
          "Height": 0.05318765342235565,
          "Left": 0.15580140054225922,
          "Top": 0.18277683854103088
        },
        "Polygon": [
          {
            "X": 0.15580140054225922,
            "Y": 0.19678157567977905
          },
          {
            "X": 0.6047086119651794,
            "Y": 0.18277683854103088
          },
          {
            "X": 0.6050025224685669,
            "Y": 0.22240713238716125
          },
          {
            "X": 0.15610283613204956,
            "Y": 0.23596449196338654
          }
        ]
      },
      "Id": "dc1151da-4f21-43a6-b0b8-bccb0de5a3ec",
      "Relationships": [
        {
          "Type": "CHILD",
          "Ids": [
            "70705e0c-69f8-494d-911b-cb2a3deee068",
            "14222933-4004-44b4-bca6-06aec0b18003",
            "d4d01fbe-6c63-495c-819c-7a4d5a014fd6",
            "479a3d5a-4d3a-4fff-9179-32407a39fab0",
            "616e56ed-4106-4de6-a542-822c6847e5fa"
          ]
        }
      ],
      "Page": 1
    },
    {
      "BlockType": "LINE",
      "Confidence": 95.24386596679688,
      "Text": "Inteligência de negócios",
      "Geometry": {
        "BoundingBox": {
          "Width": 0.19451606273651123,
          "Height": 0.024446964263916016,
          "Left": 0.5049741864204407,
          "Top": 0.2280615121126175
        },
        "Polygon": [
          {
            "X": 0.5049741864204407,
            "Y": 0.233890563249588
          },
          {
            "X": 0.6993525624275208,
            "Y": 0.2280615121126175
          },
          {
            "X": 0.6994902491569519,
            "Y": 0.24677066504955292
          },
          {
            "X": 0.505113422870636,
            "Y": 0.2525084912776947
          }
        ]
      },
      "Id": "2c484500-8970-4939-8820-ed10cdeaa14d",
      "Relationships": [
        {
          "Type": "CHILD",
          "Ids": [
            "14f4b743-a0ba-4bbb-9724-a47dbedf8d14",
            "8da4d4b4-95d1-4a0e-93d6-7e132f3836f6",
            "14e64f39-b388-49ce-9e30-0e262d2334c3"
          ]
        }
      ],
      "Page": 1
    },
    {
      "BlockType": "LINE",
      "Confidence": 99.35148620605469,
      "Text": "A IA generativa é boa para",
      "Geometry": {
        "BoundingBox": {
          "Width": 0.17783381044864655,
          "Height": 0.020314818248152733,
          "Left": 0.17305777966976166,
          "Top": 0.2539743185043335
        },
        "Polygon": [
          {
            "X": 0.17305777966976166,
            "Y": 0.25923430919647217
          },
          {
            "X": 0.3507770597934723,
            "Y": 0.2539743185043335
          },
          {
            "X": 0.3508915901184082,
            "Y": 0.2690971791744232
          },
          {
            "X": 0.1731734424829483,
            "Y": 0.2742891311645508
          }
        ]
      },
      "Id": "9b1a238f-e4a5-4b78-af9b-3e63243b0331",
      "Relationships": [
        {
          "Type": "CHILD",
          "Ids": [
            "7d3028eb-d852-4320-99f4-4e158ea2370c",
            "5ed00e75-7e6f-42f3-bc99-9e8b08daae2b",
            "9f9053a6-0a39-425c-9c64-b20a44ca7e7d",
            "0071062d-b744-4341-ac4d-e1845c1905aa",
            "2dac26a1-24bf-433d-8d26-653c066eba02",
            "a5b591ab-4d56-4b8a-af69-497121bf0319"
          ]
        }
      ],
      "Page": 1
    },
    {
      "BlockType": "LINE",
      "Confidence": 97.38764190673828,
      "Text": "Conhecimento preciso",
      "Geometry": {
        "BoundingBox": {
          "Width": 0.12849725782871246,
          "Height": 0.015544986352324486,
          "Left": 0.5195124745368958,
          "Top": 0.25254547595977783
        },
        "Polygon": [
          {
            "X": 0.5195124745368958,
            "Y": 0.25632229447364807
          },
          {
            "X": 0.6479224562644958,
            "Y": 0.25254547595977783
          },
          {
            "X": 0.648009717464447,
            "Y": 0.2643517255783081
          },
          {
            "X": 0.5196003913879395,
            "Y": 0.26809045672416687
          }
        ]
      },
      "Id": "3f0c11f5-fbef-481c-9d6a-c68b33589378",
      "Relationships": [
        {
          "Type": "CHILD",
          "Ids": [
            "32a87533-263a-4501-a18d-12c76371587a",
            "be32e0fd-4119-4161-96db-220b7d48e4a7"
          ]
        }
      ],
      "Page": 1
    },
    {
      "BlockType": "LINE",
      "Confidence": 99.49015045166016,
      "Text": "oud",
      "Geometry": {
        "BoundingBox": {
          "Width": 0.03397974371910095,
          "Height": 0.013954918831586838,
          "Left": 0.006107544060796499,
          "Top": 0.2828280031681061
        },
        "Polygon": [
          {
            "X": 0.006107544060796499,
            "Y": 0.2838137447834015
          },
          {
            "X": 0.039986502379179,
            "Y": 0.2828280031681061
          },
          {
            "X": 0.04008729010820389,
            "Y": 0.2958084046840668
          },
          {
            "X": 0.006208514329046011,
            "Y": 0.296782910823822
          }
        ]
      },
      "Id": "da5e0ffd-78e0-44a5-b60a-a416d5fd75bb",
      "Relationships": [
        {
          "Type": "CHILD",
          "Ids": [
            "0c1a04ce-830d-4c7e-9ff4-a007ca415b07"
          ]
        }
      ],
      "Page": 1
    },
    {
      "BlockType": "LINE",
      "Confidence": 97.53902435302734,
      "Text": "Ampla informação mundial",
      "Geometry": {
        "BoundingBox": {
          "Width": 0.13293808698654175,
          "Height": 0.01643696241080761,
          "Left": 0.18454231321811676,
          "Top": 0.27392053604125977
        },
        "Polygon": [
          {
            "X": 0.18454231321811676,
            "Y": 0.27778854966163635
          },
          {
            "X": 0.31738463044166565,
            "Y": 0.27392053604125977
          },
          {
            "X": 0.3174803853034973,
            "Y": 0.286531925201416
          },
          {
            "X": 0.18463878333568573,
            "Y": 0.2903575003147125
          }
        ]
      },
      "Id": "96c45fc5-d72b-4420-b2bf-9b105729dd7e",
      "Relationships": [
        {
          "Type": "CHILD",
          "Ids": [
            "88d2bd4b-7cfa-4825-9c17-ef74b9ec9544",
            "919866d5-e05c-432e-b3c7-1a711a34bcc2",
            "409db58a-3404-4f9c-83a2-c294225fdc82"
          ]
        }
      ],
      "Page": 1
    },
    {
      "BlockType": "LINE",
      "Confidence": 87.23548126220703,
      "Text": "Tarefas autônomas",
      "Geometry": {
        "BoundingBox": {
          "Width": 0.11119593679904938,
          "Height": 0.013974710367619991,
          "Left": 0.5190755724906921,
          "Top": 0.26835545897483826
        },
        "Polygon": [
          {
            "X": 0.5190755724906921,
            "Y": 0.2715809643268585
          },
          {
            "X": 0.6301916837692261,
            "Y": 0.26835545897483826
          },
          {
            "X": 0.6302714943885803,
            "Y": 0.27913475036621094
          },
          {
            "X": 0.5191558599472046,
            "Y": 0.28233015537261963
          }
        ]
      },
      "Id": "7ac362d8-f13e-411c-828a-859366d86542",
      "Relationships": [
        {
          "Type": "CHILD",
          "Ids": [
            "76779bf9-ce2c-4d5b-8036-446e209aff28",
            "c2aff3bc-8ebd-483c-ae81-4d192e16befd"
          ]
        }
      ],
      "Page": 1
    },
    {
      "BlockType": "LINE",
      "Confidence": 96.69664001464844,
      "Text": "perience",
      "Geometry": {
        "BoundingBox": {
          "Width": 0.07303110510110855,
          "Height": 0.01867666095495224,
          "Left": 0.006321323569864035,
          "Top": 0.2993488013744354
        },
        "Polygon": [
          {
            "X": 0.006321323569864035,
            "Y": 0.3014371991157532
          },
          {
            "X": 0.07922378927469254,
            "Y": 0.2993488013744354
          },
          {
            "X": 0.07935242354869843,
            "Y": 0.31596794724464417
          },
          {
            "X": 0.006450468674302101,
            "Y": 0.31802546977996826
          }
        ]
      },
      "Id": "16611b23-1b3b-4c95-a6d9-f13dc2d847e3",
      "Relationships": [
        {
          "Type": "CHILD",
          "Ids": [
            "bd5f4ecf-50da-40fe-889a-13ac8466bca0"
          ]
        }
      ],
      "Page": 1
    },
    {
      "BlockType": "LINE",
      "Confidence": 99.27037048339844,
      "Text": "Auxiliando humanos",
      "Geometry": {
        "BoundingBox": {
          "Width": 0.09911084920167923,
          "Height": 0.012041088193655014,
          "Left": 0.1836894452571869,
          "Top": 0.28989750146865845
        },
        "Polygon": [
          {
            "X": 0.1836894452571869,
            "Y": 0.2927437424659729
          },
          {
            "X": 0.2827301025390625,
            "Y": 0.28989750146865845
          },
          {
            "X": 0.2828002870082855,
            "Y": 0.29911550879478455
          },
          {
            "X": 0.18376003205776215,
            "Y": 0.30193859338760376
          }
        ]
      },
      "Id": "80504468-8b9f-42df-9a66-a8923887ead0",
      "Relationships": [
        {
          "Type": "CHILD",
          "Ids": [
            "aa6394ce-7152-46e6-9cec-475900d6fab0",
            "7657a64e-8d83-4b6e-a4b0-06ece0f7c4c7"
          ]
        }
      ],
      "Page": 1
    },
    {
      "BlockType": "LINE",
      "Confidence": 94.76012420654297,
      "Text": "Cálculos",
      "Geometry": {
        "BoundingBox": {
          "Width": 0.046465400606393814,
          "Height": 0.00990910455584526,
          "Left": 0.5193772315979004,
          "Top": 0.286834716796875
        },
        "Polygon": [
          {
            "X": 0.5193772315979004,
            "Y": 0.2881622910499573
          },
          {
            "X": 0.5657787322998047,
            "Y": 0.286834716796875
          },
          {
            "X": 0.5658426284790039,
            "Y": 0.29542627930641174
          },
          {
            "X": 0.5194413661956787,
            "Y": 0.29674383997917175
          }
        ]
      },
      "Id": "12de0605-785b-4ad5-a4be-d0ae32f5837a",
      "Relationships": [
        {
          "Type": "CHILD",
          "Ids": [
            "f4f1f252-672b-48eb-86ce-1d950d8d340b"
          ]
        }
      ],
      "Page": 1
    },
    {
      "BlockType": "LINE",
      "Confidence": 98.77372741699219,
      "Text": "Resumindo documentos",
      "Geometry": {
        "BoundingBox": {
          "Width": 0.11751102656126022,
          "Height": 0.012942135334014893,
          "Left": 0.18333949148654938,
          "Top": 0.302293986082077
        },
        "Polygon": [
          {
            "X": 0.18333949148654938,
            "Y": 0.30563053488731384
          },
          {
            "X": 0.30077725648880005,
            "Y": 0.302293986082077
          },
          {
            "X": 0.300850510597229,
            "Y": 0.31192827224731445
          },
          {
            "X": 0.18341322243213654,
            "Y": 0.3152361214160919
          }
        ]
      },
      "Id": "6ee08127-765a-404c-bd32-383a3c69a6b1",
      "Relationships": [
        {
          "Type": "CHILD",
          "Ids": [
            "614bd052-9d32-4856-b829-6034cb5659fd",
            "876db423-3e6e-4d7a-9419-3e3a04da5cbe"
          ]
        }
      ],
      "Page": 1
    },
    {
      "BlockType": "LINE",
      "Confidence": 94.42207336425781,
      "Text": "Verdade verificável",
      "Geometry": {
        "BoundingBox": {
          "Width": 0.11060066521167755,
          "Height": 0.013682807795703411,
          "Left": 0.5183237195014954,
          "Top": 0.2973807156085968
        },
        "Polygon": [
          {
            "X": 0.5183237195014954,
            "Y": 0.3005085587501526
          },
          {
            "X": 0.6288459897041321,
            "Y": 0.2973807156085968
          },
          {
            "X": 0.6289243698120117,
            "Y": 0.30796509981155396
          },
          {
            "X": 0.5184025764465332,
            "Y": 0.3110635280609131
          }
        ]
      },
      "Id": "de177991-ee8b-4dde-b1cc-df33551f15cc",
      "Relationships": [
        {
          "Type": "CHILD",
          "Ids": [
            "d8af60a0-d88d-4705-bfad-b13c955d4195",
            "8eea1f63-89bb-46a5-aa32-a48c8cac7972"
          ]
        }
      ],
      "Page": 1
    },
    {
      "BlockType": "LINE",
      "Confidence": 99.77277374267578,
      "Text": "25",
      "Geometry": {
        "BoundingBox": {
          "Width": 0.01990719698369503,
          "Height": 0.012456731870770454,
          "Left": 0.0066438037902116776,
          "Top": 0.3216174840927124
        },
        "Polygon": [
          {
            "X": 0.0066438037902116776,
            "Y": 0.322174608707428
          },
          {
            "X": 0.026458457112312317,
            "Y": 0.3216174840927124
          },
          {
            "X": 0.026551000773906708,
            "Y": 0.33352309465408325
          },
          {
            "X": 0.006736444775015116,
            "Y": 0.3340741991996765
          }
        ]
      },
      "Id": "fbceb8c6-3e0c-422a-87ff-b55d444e345b",
      "Relationships": [
        {
          "Type": "CHILD",
          "Ids": [
            "34a80cdb-7787-4001-aa01-285f9b50f356"
          ]
        }
      ],
      "Page": 1
    },
    {
      "BlockType": "LINE",
      "Confidence": 96.49637603759766,
      "Text": "Ensinando",
      "Geometry": {
        "BoundingBox": {
          "Width": 0.048961054533720016,
          "Height": 0.00977274589240551,
          "Left": 0.18208681046962738,
          "Top": 0.31859415769577026
        },
        "Polygon": [
          {
            "X": 0.18208681046962738,
            "Y": 0.3199656307697296
          },
          {
            "X": 0.23098354041576385,
            "Y": 0.31859415769577026
          },
          {
            "X": 0.2310478538274765,
            "Y": 0.32700592279434204
          },
          {
            "X": 0.18215130269527435,
            "Y": 0.3283669054508209
          }
        ]
      },
      "Id": "5fc5420e-bcc9-432f-a037-f64df9e359c8",
      "Relationships": [
        {
          "Type": "CHILD",
          "Ids": [
            "55e43c76-b62f-4812-bea1-4ea6c809dee7"
          ]
        }
      ],
      "Page": 1
    },
    {
      "BlockType": "LINE",
      "Confidence": 98.0523910522461,
      "Text": "BI generativo",
      "Geometry": {
        "BoundingBox": {
          "Width": 0.2951048016548157,
          "Height": 0.046633683145046234,
          "Left": 0.27695244550704956,
          "Top": 0.362488716840744
        },
        "Polygon": [
          {
            "X": 0.27695244550704956,
            "Y": 0.3703612983226776
          },
          {
            "X": 0.5717667937278748,
            "Y": 0.362488716840744
          },
          {
            "X": 0.5720572471618652,
            "Y": 0.40153953433036804
          },
          {
            "X": 0.27724775671958923,
            "Y": 0.40912237763404846
          }
        ]
      },
      "Id": "5e118a6e-42a1-482b-99fe-a30a7e94da71",
      "Relationships": [
        {
          "Type": "CHILD",
          "Ids": [
            "af269a1a-172c-427f-90ad-6b54b67512fe",
            "52f24844-18f6-4d62-bec8-5432bdbd617f"
          ]
        }
      ],
      "Page": 1
    },
    {
      "BlockType": "WORD",
      "Confidence": 99.86363983154297,
      "Text": "A",
      "TextType": "PRINTED",
      "Geometry": {
        "BoundingBox": {
          "Width": 0.015382826328277588,
          "Height": 0.015452876687049866,
          "Left": 0.1559813767671585,
          "Top": 0.2197093367576599
        },
        "Polygon": [
          {
            "X": 0.1559813767671585,
            "Y": 0.2201765775680542
          },
          {
            "X": 0.17124901711940765,
            "Y": 0.2197093367576599
          },
          {
            "X": 0.1713642030954361,
            "Y": 0.23470081388950348
          },
          {
            "X": 0.1560966670513153,
            "Y": 0.23516221344470978
          }
        ]
      },
      "Id": "70705e0c-69f8-494d-911b-cb2a3deee068",
      "Page": 1
    },
    {
      "BlockType": "WORD",
      "Confidence": 99.24775695800781,
      "Text": "IA",
      "TextType": "PRINTED",
      "Geometry": {
        "BoundingBox": {
          "Width": 0.028343651443719864,
          "Height": 0.016765031963586807,
          "Left": 0.18745048344135284,
          "Top": 0.21584360301494598
        },
        "Polygon": [
          {
            "X": 0.18745048344135284,
            "Y": 0.21670906245708466
          },
          {
            "X": 0.2156723290681839,
            "Y": 0.21584360301494598
          },
          {
            "X": 0.2157941460609436,
            "Y": 0.2317545861005783
          },
          {
            "X": 0.18757249414920807,
            "Y": 0.2326086312532425
          }
        ]
      },
      "Id": "14222933-4004-44b4-bca6-06aec0b18003",
      "Page": 1
    },
    {
      "BlockType": "WORD",
      "Confidence": 98.99158477783203,
      "Text": "generativa",
      "TextType": "PRINTED",
      "Geometry": {
        "BoundingBox": {
          "Width": 0.1616206020116806,
          "Height": 0.034589529037475586,
          "Left": 0.22967840731143951,
          "Top": 0.19914604723453522
        },
        "Polygon": [
          {
            "X": 0.22967840731143951,
            "Y": 0.20414161682128906
          },
          {
            "X": 0.3910747170448303,
            "Y": 0.19914604723453522
          },
          {
            "X": 0.3912990093231201,
            "Y": 0.2288612574338913
          },
          {
            "X": 0.22990472614765167,
            "Y": 0.2337355762720108
          }
        ]
      },
      "Id": "d4d01fbe-6c63-495c-819c-7a4d5a014fd6",
      "Page": 1
    },
    {
      "BlockType": "WORD",
      "Confidence": 99.7294921875,
      "Text": "pode",
      "TextType": "PRINTED",
      "Geometry": {
        "BoundingBox": {
          "Width": 0.06882094591856003,
          "Height": 0.026049070060253143,
          "Left": 0.4084072709083557,
          "Top": 0.19269557297229767
        },
        "Polygon": [
          {
            "X": 0.4084072709083557,
            "Y": 0.19482673704624176
          },
          {
            "X": 0.4770486354827881,
            "Y": 0.19269557297229767
          },
          {
            "X": 0.47722822427749634,
            "Y": 0.216654971241951
          },
          {
            "X": 0.4085875451564789,
            "Y": 0.21874463558197021
          }
        ]
      },
      "Id": "479a3d5a-4d3a-4fff-9179-32407a39fab0",
      "Page": 1
    },
    {
      "BlockType": "WORD",
      "Confidence": 99.08529663085938,
      "Text": "ajudar",
      "TextType": "PRINTED",
      "Geometry": {
        "BoundingBox": {
          "Width": 0.10941379517316818,
          "Height": 0.029139358550310135,
          "Left": 0.49548617005348206,
          "Top": 0.18277683854103088
        },
        "Polygon": [
          {
            "X": 0.49548617005348206,
            "Y": 0.18618428707122803
          },
          {
            "X": 0.6047086119651794,
            "Y": 0.18277683854103088
          },
          {
            "X": 0.6048999428749084,
            "Y": 0.20857961475849152
          },
          {
            "X": 0.49567875266075134,
            "Y": 0.21191619336605072
          }
        ]
      },
      "Id": "616e56ed-4106-4de6-a542-822c6847e5fa",
      "Page": 1
    },
    {
      "BlockType": "WORD",
      "Confidence": 90.28399658203125,
      "Text": "Inteligência",
      "TextType": "PRINTED",
      "Geometry": {
        "BoundingBox": {
          "Width": 0.09246691316366196,
          "Height": 0.017427511513233185,
          "Left": 0.5050036907196045,
          "Top": 0.23508097231388092
        },
        "Polygon": [
          {
            "X": 0.5050036907196045,
            "Y": 0.2378414124250412
          },
          {
            "X": 0.5973615050315857,
            "Y": 0.23508097231388092
          },
          {
            "X": 0.5974706411361694,
            "Y": 0.24978218972682953
          },
          {
            "X": 0.505113422870636,
            "Y": 0.2525084912776947
          }
        ]
      },
      "Id": "14f4b743-a0ba-4bbb-9724-a47dbedf8d14",
      "Page": 1
    },
    {
      "BlockType": "WORD",
      "Confidence": 99.82292938232422,
      "Text": "de",
      "TextType": "PRINTED",
      "Geometry": {
        "BoundingBox": {
          "Width": 0.01927887462079525,
          "Height": 0.011358869262039661,
          "Left": 0.602614164352417,
          "Top": 0.23324845731258392
        },
        "Polygon": [
          {
            "X": 0.602614164352417,
            "Y": 0.23382282257080078
          },
          {
            "X": 0.6218131184577942,
            "Y": 0.23324845731258392
          },
          {
            "X": 0.621893048286438,
            "Y": 0.2440381795167923
          },
          {
            "X": 0.6026941537857056,
            "Y": 0.2446073293685913
          }
        ]
      },
      "Id": "8da4d4b4-95d1-4a0e-93d6-7e132f3836f6",
      "Page": 1
    },
    {
      "BlockType": "WORD",
      "Confidence": 95.62468719482422,
      "Text": "negócios",
      "TextType": "PRINTED",
      "Geometry": {
        "BoundingBox": {
          "Width": 0.07325386255979538,
          "Height": 0.017239311710000038,
          "Left": 0.6262096166610718,
          "Top": 0.2280615121126175
        },
        "Polygon": [
          {
            "X": 0.6262096166610718,
            "Y": 0.23025493323802948
          },
          {
            "X": 0.6993525624275208,
            "Y": 0.2280615121126175
          },
          {
            "X": 0.6994634866714478,
            "Y": 0.24313506484031677
          },
          {
            "X": 0.626321017742157,
            "Y": 0.24530082941055298
          }
        ]
      },
      "Id": "14e64f39-b388-49ce-9e30-0e262d2334c3",
      "Page": 1
    },
    {
      "BlockType": "WORD",
      "Confidence": 99.74431610107422,
      "Text": "A",
      "TextType": "PRINTED",
      "Geometry": {
        "BoundingBox": {
          "Width": 0.010311671532690525,
          "Height": 0.009023766033351421,
          "Left": 0.17310190200805664,
          "Top": 0.2646765410900116
        },
        "Polygon": [
          {
            "X": 0.17310190200805664,
            "Y": 0.2649782598018646
          },
          {
            "X": 0.18334661424160004,
            "Y": 0.2646765410900116
          },
          {
            "X": 0.1834135800600052,
            "Y": 0.27340084314346313
          },
          {
            "X": 0.17316891252994537,
            "Y": 0.2737002968788147
          }
        ]
      },
      "Id": "7d3028eb-d852-4320-99f4-4e158ea2370c",
      "Page": 1
    },
    {
      "BlockType": "WORD",
      "Confidence": 99.64505004882812,
      "Text": "IA",
      "TextType": "PRINTED",
      "Geometry": {
        "BoundingBox": {
          "Width": 0.013828573748469353,
          "Height": 0.009237400256097317,
          "Left": 0.18645887076854706,
          "Top": 0.26356422901153564
        },
        "Polygon": [
          {
            "X": 0.18645887076854706,
            "Y": 0.2639697194099426
          },
          {
            "X": 0.20021972060203552,
            "Y": 0.26356422901153564
          },
          {
            "X": 0.20028744637966156,
            "Y": 0.2723992168903351
          },
          {
            "X": 0.18652665615081787,
            "Y": 0.27280160784721375
          }
        ]
      },
      "Id": "5ed00e75-7e6f-42f3-bc99-9e8b08daae2b",
      "Page": 1
    },
    {
      "BlockType": "WORD",
      "Confidence": 98.4720230102539,
      "Text": "generativa",
      "TextType": "PRINTED",
      "Geometry": {
        "BoundingBox": {
          "Width": 0.07071378827095032,
          "Height": 0.015047144144773483,
          "Left": 0.20334665477275848,
          "Top": 0.25835758447647095
        },
        "Polygon": [
          {
            "X": 0.20334665477275848,
            "Y": 0.2604438066482544
          },
          {
            "X": 0.27396148443222046,
            "Y": 0.25835758447647095
          },
          {
            "X": 0.2740604281425476,
            "Y": 0.2713417708873749
          },
          {
            "X": 0.20344598591327667,
            "Y": 0.2734047472476959
          }
        ]
      },
      "Id": "9f9053a6-0a39-425c-9c64-b20a44ca7e7d",
      "Page": 1
    },
    {
      "BlockType": "WORD",
      "Confidence": 98.89215850830078,
      "Text": "é",
      "TextType": "PRINTED",
      "Geometry": {
        "BoundingBox": {
          "Width": 0.00804174691438675,
          "Height": 0.010137101635336876,
          "Left": 0.27867987751960754,
          "Top": 0.2563287317752838
        },
        "Polygon": [
          {
            "X": 0.27867987751960754,
            "Y": 0.2565644085407257
          },
          {
            "X": 0.2866462171077728,
            "Y": 0.2563287317752838
          },
          {
            "X": 0.2867216169834137,
            "Y": 0.26623213291168213
          },
          {
            "X": 0.2787553071975708,
            "Y": 0.26646581292152405
          }
        ]
      },
      "Id": "0071062d-b744-4341-ac4d-e1845c1905aa",
      "Page": 1
    },
    {
      "BlockType": "WORD",
      "Confidence": 99.64466857910156,
      "Text": "boa",
      "TextType": "PRINTED",
      "Geometry": {
        "BoundingBox": {
          "Width": 0.02467137761414051,
          "Height": 0.010501665994524956,
          "Left": 0.2908933162689209,
          "Top": 0.2550187110900879
        },
        "Polygon": [
          {
            "X": 0.2908933162689209,
            "Y": 0.2557466924190521
          },
          {
            "X": 0.3154904246330261,
            "Y": 0.2550187110900879
          },
          {
            "X": 0.31556469202041626,
            "Y": 0.26479846239089966
          },
          {
            "X": 0.2909676730632782,
            "Y": 0.2655203640460968
          }
        ]
      },
      "Id": "2dac26a1-24bf-433d-8d26-653c066eba02",
      "Page": 1
    },
    {
      "BlockType": "WORD",
      "Confidence": 99.7107162475586,
      "Text": "para",
      "TextType": "PRINTED",
      "Geometry": {
        "BoundingBox": {
          "Width": 0.030790595337748528,
          "Height": 0.011120437644422054,
          "Left": 0.3200683891773224,
          "Top": 0.2545715868473053
        },
        "Polygon": [
          {
            "X": 0.3200683891773224,
            "Y": 0.2554801404476166
          },
          {
            "X": 0.3507815897464752,
            "Y": 0.2545715868473053
          },
          {
            "X": 0.35085898637771606,
            "Y": 0.2647913992404938
          },
          {
            "X": 0.32014593482017517,
            "Y": 0.2656920254230499
          }
        ]
      },
      "Id": "a5b591ab-4d56-4b8a-af69-497121bf0319",
      "Page": 1
    },
    {
      "BlockType": "WORD",
      "Confidence": 95.7538070678711,
      "Text": "Conhecimento",
      "TextType": "PRINTED",
      "Geometry": {
        "BoundingBox": {
          "Width": 0.08312760293483734,
          "Height": 0.012176374904811382,
          "Left": 0.5195276141166687,
          "Top": 0.2559140920639038
        },
        "Polygon": [
          {
            "X": 0.5195276141166687,
            "Y": 0.25835269689559937
          },
          {
            "X": 0.6025828719139099,
            "Y": 0.2559140920639038
          },
          {
            "X": 0.6026552319526672,
            "Y": 0.2656722664833069
          },
          {
            "X": 0.5196003913879395,
            "Y": 0.26809045672416687
          }
        ]
      },
      "Id": "32a87533-263a-4501-a18d-12c76371587a",
      "Page": 1
    },
    {
      "BlockType": "WORD",
      "Confidence": 99.02147674560547,
      "Text": "preciso",
      "TextType": "PRINTED",
      "Geometry": {
        "BoundingBox": {
          "Width": 0.04139019921422005,
          "Height": 0.01144985482096672,
          "Left": 0.606607973575592,
          "Top": 0.25254547595977783
        },
        "Polygon": [
          {
            "X": 0.606607973575592,
            "Y": 0.2537606358528137
          },
          {
            "X": 0.6479224562644958,
            "Y": 0.25254547595977783
          },
          {
            "X": 0.6479981541633606,
            "Y": 0.26279082894325256
          },
          {
            "X": 0.6066839098930359,
            "Y": 0.26399534940719604
          }
        ]
      },
      "Id": "be32e0fd-4119-4161-96db-220b7d48e4a7",
      "Page": 1
    },
    {
      "BlockType": "WORD",
      "Confidence": 99.49015045166016,
      "Text": "oud",
      "TextType": "PRINTED",
      "Geometry": {
        "BoundingBox": {
          "Width": 0.03397974371910095,
          "Height": 0.013954918831586838,
          "Left": 0.006107544060796499,
          "Top": 0.2828280031681061
        },
        "Polygon": [
          {
            "X": 0.006107544060796499,
            "Y": 0.2838137447834015
          },
          {
            "X": 0.039986502379179,
            "Y": 0.2828280031681061
          },
          {
            "X": 0.04008729010820389,
            "Y": 0.2958084046840668
          },
          {
            "X": 0.006208514329046011,
            "Y": 0.296782910823822
          }
        ]
      },
      "Id": "0c1a04ce-830d-4c7e-9ff4-a007ca415b07",
      "Page": 1
    },
    {
      "BlockType": "WORD",
      "Confidence": 98.69989776611328,
      "Text": "Ampla",
      "TextType": "PRINTED",
      "Geometry": {
        "BoundingBox": {
          "Width": 0.031499385833740234,
          "Height": 0.009850779548287392,
          "Left": 0.18457017838954926,
          "Top": 0.2805067002773285
        },
        "Polygon": [
          {
            "X": 0.18457017838954926,
            "Y": 0.2814190089702606
          },
          {
            "X": 0.21600106358528137,
            "Y": 0.2805067002773285
          },
          {
            "X": 0.2160695642232895,
            "Y": 0.28945234417915344
          },
          {
            "X": 0.18463878333568573,
            "Y": 0.2903575003147125
          }
        ]
      },
      "Id": "88d2bd4b-7cfa-4825-9c17-ef74b9ec9544",
      "Page": 1
    },
    {
      "BlockType": "WORD",
      "Confidence": 94.20433807373047,
      "Text": "informação",
      "TextType": "PRINTED",
      "Geometry": {
        "BoundingBox": {
          "Width": 0.055079199373722076,
          "Height": 0.011530982330441475,
          "Left": 0.21875983476638794,
          "Top": 0.2765810191631317
        },
        "Polygon": [
          {
            "X": 0.21875983476638794,
            "Y": 0.27818062901496887
          },
          {
            "X": 0.2737632393836975,
            "Y": 0.2765810191631317
          },
          {
            "X": 0.2738390564918518,
            "Y": 0.28652626276016235
          },
          {
            "X": 0.21883586049079895,
            "Y": 0.28811201453208923
          }
        ]
      },
      "Id": "919866d5-e05c-432e-b3c7-1a711a34bcc2",
      "Page": 1
    },
    {
      "BlockType": "WORD",
      "Confidence": 99.71282958984375,
      "Text": "mundial",
      "TextType": "PRINTED",
      "Geometry": {
        "BoundingBox": {
          "Width": 0.04027710482478142,
          "Height": 0.00949589442461729,
          "Left": 0.2771708071231842,
          "Top": 0.27392053604125977
        },
        "Polygon": [
          {
            "X": 0.2771708071231842,
            "Y": 0.2750914394855499
          },
          {
            "X": 0.31738463044166565,
            "Y": 0.27392053604125977
          },
          {
            "X": 0.3174479007720947,
            "Y": 0.28225401043891907
          },
          {
            "X": 0.2772342264652252,
            "Y": 0.28341642022132874
          }
        ]
      },
      "Id": "409db58a-3404-4f9c-83a2-c294225fdc82",
      "Page": 1
    },
    {
      "BlockType": "WORD",
      "Confidence": 98.37266540527344,
      "Text": "Tarefas",
      "TextType": "PRINTED",
      "Geometry": {
        "BoundingBox": {
          "Width": 0.042318593710660934,
          "Height": 0.010091164149343967,
          "Left": 0.5190896391868591,
          "Top": 0.27223899960517883
        },
        "Polygon": [
          {
            "X": 0.5190896391868591,
            "Y": 0.27346351742744446
          },
          {
            "X": 0.5613421201705933,
            "Y": 0.27223899960517883
          },
          {
            "X": 0.5614082217216492,
            "Y": 0.2811150848865509
          },
          {
            "X": 0.5191558599472046,
            "Y": 0.28233015537261963
          }
        ]
      },
      "Id": "76779bf9-ce2c-4d5b-8036-446e209aff28",
      "Page": 1
    },
    {
      "BlockType": "WORD",
      "Confidence": 76.0982894897461,
      "Text": "autônomas",
      "TextType": "PRINTED",
      "Geometry": {
        "BoundingBox": {
          "Width": 0.06567469984292984,
          "Height": 0.011065555736422539,
          "Left": 0.5645849108695984,
          "Top": 0.26835545897483826
        },
        "Polygon": [
          {
            "X": 0.5645849108695984,
            "Y": 0.27025991678237915
          },
          {
            "X": 0.6301916837692261,
            "Y": 0.26835545897483826
          },
          {
            "X": 0.63025963306427,
            "Y": 0.2775316834449768
          },
          {
            "X": 0.5646530985832214,
            "Y": 0.27942100167274475
          }
        ]
      },
      "Id": "c2aff3bc-8ebd-483c-ae81-4d192e16befd",
      "Page": 1
    },
    {
      "BlockType": "WORD",
      "Confidence": 96.69664001464844,
      "Text": "perience",
      "TextType": "PRINTED",
      "Geometry": {
        "BoundingBox": {
          "Width": 0.07303110510110855,
          "Height": 0.01867666095495224,
          "Left": 0.006321323569864035,
          "Top": 0.2993488013744354
        },
        "Polygon": [
          {
            "X": 0.006321323569864035,
            "Y": 0.3014371991157532
          },
          {
            "X": 0.07922378927469254,
            "Y": 0.2993488013744354
          },
          {
            "X": 0.07935242354869843,
            "Y": 0.31596794724464417
          },
          {
            "X": 0.006450468674302101,
            "Y": 0.31802546977996826
          }
        ]
      },
      "Id": "bd5f4ecf-50da-40fe-889a-13ac8466bca0",
      "Page": 1
    },
    {
      "BlockType": "WORD",
      "Confidence": 98.72686767578125,
      "Text": "Auxiliando",
      "TextType": "PRINTED",
      "Geometry": {
        "BoundingBox": {
          "Width": 0.05051262676715851,
          "Height": 0.009747413918375969,
          "Left": 0.18369632959365845,
          "Top": 0.29219117760658264
        },
        "Polygon": [
          {
            "X": 0.18369632959365845,
            "Y": 0.2936398386955261
          },
          {
            "X": 0.23414543271064758,
            "Y": 0.29219117760658264
          },
          {
            "X": 0.23420895636081696,
            "Y": 0.3005005717277527
          },
          {
            "X": 0.18376003205776215,
            "Y": 0.30193859338760376
          }
        ]
      },
      "Id": "aa6394ce-7152-46e6-9cec-475900d6fab0",
      "Page": 1
    },
    {
      "BlockType": "WORD",
      "Confidence": 99.81388092041016,
      "Text": "humanos",
      "TextType": "PRINTED",
      "Geometry": {
        "BoundingBox": {
          "Width": 0.04543198645114899,
          "Height": 0.008888745680451393,
          "Left": 0.23735593259334564,
          "Top": 0.28989750146865845
        },
        "Polygon": [
          {
            "X": 0.23735593259334564,
            "Y": 0.29120147228240967
          },
          {
            "X": 0.2827301025390625,
            "Y": 0.28989750146865845
          },
          {
            "X": 0.28278791904449463,
            "Y": 0.29749101400375366
          },
          {
            "X": 0.2374139130115509,
            "Y": 0.2987862527370453
          }
        ]
      },
      "Id": "7657a64e-8d83-4b6e-a4b0-06ece0f7c4c7",
      "Page": 1
    },
    {
      "BlockType": "WORD",
      "Confidence": 94.76012420654297,
      "Text": "Cálculos",
      "TextType": "PRINTED",
      "Geometry": {
        "BoundingBox": {
          "Width": 0.046465400606393814,
          "Height": 0.00990910455584526,
          "Left": 0.5193772315979004,
          "Top": 0.286834716796875
        },
        "Polygon": [
          {
            "X": 0.5193772315979004,
            "Y": 0.2881622910499573
          },
          {
            "X": 0.5657787322998047,
            "Y": 0.286834716796875
          },
          {
            "X": 0.5658426284790039,
            "Y": 0.29542627930641174
          },
          {
            "X": 0.5194413661956787,
            "Y": 0.29674383997917175
          }
        ]
      },
      "Id": "f4f1f252-672b-48eb-86ce-1d950d8d340b",
      "Page": 1
    },
    {
      "BlockType": "WORD",
      "Confidence": 98.2719955444336,
      "Text": "Resumindo",
      "TextType": "PRINTED",
      "Geometry": {
        "BoundingBox": {
          "Width": 0.053089845925569534,
          "Height": 0.009700988419353962,
          "Left": 0.1833503097295761,
          "Top": 0.30553513765335083
        },
        "Polygon": [
          {
            "X": 0.1833503097295761,
            "Y": 0.3070397973060608
          },
          {
            "X": 0.23637741804122925,
            "Y": 0.30553513765335083
          },
          {
            "X": 0.23644015192985535,
            "Y": 0.3137425184249878
          },
          {
            "X": 0.18341322243213654,
            "Y": 0.3152361214160919
          }
        ]
      },
      "Id": "614bd052-9d32-4856-b829-6034cb5659fd",
      "Page": 1
    },
    {
      "BlockType": "WORD",
      "Confidence": 99.27544403076172,
      "Text": "documentos",
      "TextType": "PRINTED",
      "Geometry": {
        "BoundingBox": {
          "Width": 0.06140921264886856,
          "Height": 0.00968810636550188,
          "Left": 0.2394285500049591,
          "Top": 0.302293986082077
        },
        "Polygon": [
          {
            "X": 0.2394285500049591,
            "Y": 0.3040369749069214
          },
          {
            "X": 0.30077725648880005,
            "Y": 0.302293986082077
          },
          {
            "X": 0.30083775520324707,
            "Y": 0.31025150418281555
          },
          {
            "X": 0.23948927223682404,
            "Y": 0.31198209524154663
          }
        ]
      },
      "Id": "876db423-3e6e-4d7a-9419-3e3a04da5cbe",
      "Page": 1
    },
    {
      "BlockType": "WORD",
      "Confidence": 96.3924789428711,
      "Text": "Verdade",
      "TextType": "PRINTED",
      "Geometry": {
        "BoundingBox": {
          "Width": 0.04754750430583954,
          "Height": 0.009985299780964851,
          "Left": 0.5183379650115967,
          "Top": 0.3010782301425934
        },
        "Polygon": [
          {
            "X": 0.5183379650115967,
            "Y": 0.3024197220802307
          },
          {
            "X": 0.56582111120224,
            "Y": 0.3010782301425934
          },
          {
            "X": 0.5658854842185974,
            "Y": 0.3097323775291443
          },
          {
            "X": 0.5184025764465332,
            "Y": 0.3110635280609131
          }
        ]
      },
      "Id": "d8af60a0-d88d-4705-bfad-b13c955d4195",
      "Page": 1
    },
    {
      "BlockType": "WORD",
      "Confidence": 92.45166778564453,
      "Text": "verificável",
      "TextType": "PRINTED",
      "Geometry": {
        "BoundingBox": {
          "Width": 0.05976919084787369,
          "Height": 0.011119157075881958,
          "Left": 0.5691467523574829,
          "Top": 0.2973807156085968
        },
        "Polygon": [
          {
            "X": 0.5691467523574829,
            "Y": 0.29907023906707764
          },
          {
            "X": 0.6288459897041321,
            "Y": 0.2973807156085968
          },
          {
            "X": 0.6289159059524536,
            "Y": 0.30682453513145447
          },
          {
            "X": 0.5692169070243835,
            "Y": 0.30849987268447876
          }
        ]
      },
      "Id": "8eea1f63-89bb-46a5-aa32-a48c8cac7972",
      "Page": 1
    },
    {
      "BlockType": "WORD",
      "Confidence": 99.77277374267578,
      "Text": "25",
      "TextType": "PRINTED",
      "Geometry": {
        "BoundingBox": {
          "Width": 0.01990719698369503,
          "Height": 0.012456731870770454,
          "Left": 0.0066438037902116776,
          "Top": 0.3216174840927124
        },
        "Polygon": [
          {
            "X": 0.0066438037902116776,
            "Y": 0.322174608707428
          },
          {
            "X": 0.026458457112312317,
            "Y": 0.3216174840927124
          },
          {
            "X": 0.026551000773906708,
            "Y": 0.33352309465408325
          },
          {
            "X": 0.006736444775015116,
            "Y": 0.3340741991996765
          }
        ]
      },
      "Id": "34a80cdb-7787-4001-aa01-285f9b50f356",
      "Page": 1
    },
    {
      "BlockType": "WORD",
      "Confidence": 96.49637603759766,
      "Text": "Ensinando",
      "TextType": "PRINTED",
      "Geometry": {
        "BoundingBox": {
          "Width": 0.048961054533720016,
          "Height": 0.00977274589240551,
          "Left": 0.18208681046962738,
          "Top": 0.31859415769577026
        },
        "Polygon": [
          {
            "X": 0.18208681046962738,
            "Y": 0.3199656307697296
          },
          {
            "X": 0.23098354041576385,
            "Y": 0.31859415769577026
          },
          {
            "X": 0.2310478538274765,
            "Y": 0.32700592279434204
          },
          {
            "X": 0.18215130269527435,
            "Y": 0.3283669054508209
          }
        ]
      },
      "Id": "55e43c76-b62f-4812-bea1-4ea6c809dee7",
      "Page": 1
    },
    {
      "BlockType": "WORD",
      "Confidence": 97.48921966552734,
      "Text": "BI",
      "TextType": "PRINTED",
      "Geometry": {
        "BoundingBox": {
          "Width": 0.03928752988576889,
          "Height": 0.02829236350953579,
          "Left": 0.27697837352752686,
          "Top": 0.37272581458091736
        },
        "Polygon": [
          {
            "X": 0.27697837352752686,
            "Y": 0.3737660348415375
          },
          {
            "X": 0.3160587251186371,
            "Y": 0.37272581458091736
          },
          {
            "X": 0.31626591086387634,
            "Y": 0.4000049829483032
          },
          {
            "X": 0.27718600630760193,
            "Y": 0.4010182023048401
          }
        ]
      },
      "Id": "af269a1a-172c-427f-90ad-6b54b67512fe",
      "Page": 1
    },
    {
      "BlockType": "WORD",
      "Confidence": 98.61555480957031,
      "Text": "generativo",
      "TextType": "PRINTED",
      "Geometry": {
        "BoundingBox": {
          "Width": 0.24050544202327728,
          "Height": 0.04522934556007385,
          "Left": 0.33155179023742676,
          "Top": 0.362488716840744
        },
        "Polygon": [
          {
            "X": 0.33155179023742676,
            "Y": 0.3689032793045044
          },
          {
            "X": 0.5717667937278748,
            "Y": 0.362488716840744
          },
          {
            "X": 0.5720572471618652,
            "Y": 0.40153953433036804
          },
          {
            "X": 0.3318462073802948,
            "Y": 0.40771806240081787
          }
        ]
      },
      "Id": "52f24844-18f6-4d62-bec8-5432bdbd617f",
      "Page": 1
    }
  ],
  "DetectDocumentTextModelVersion": "1.0"
}