{
  "DocumentMetadata": {
    "Pages": 1
  },
  "JobStatus": "SUCCEEDED",
  "Blocks": [
    {
      "BlockType": "PAGE",
      "Geometry": {
        "BoundingBox": {
          "Width": 1,
          "Height": 1,
          "Left": 0,
          "Top": 0
        },
        "Polygon": [
          {
            "X": 4.9154035508536253e-8,
            "Y": 7.61771588031479e-8
          },
          {
            "X": 1,
            "Y": 0
          },
          {
            "X": 1,
            "Y": 1
          },
          {
            "X": 0,
            "Y": 1
          }
        ]
      },
      "Id": "b6e89617-3fe7-47c8-9f7e-d29e1ef7150c",
      "Relationships": [
        {
          "Type": "CHILD",
          "Ids": [
            "a488c665-d2ba-423e-87d8-afebee7a5761",
            "ba7913fe-3744-4c24-8eb7-751dd5cd45cd",
            "44eb318c-00cf-48a5-9c37-d2dbbfb67333",
            "36e6ee78-617c-4284-8b49-db6c9f19853f",
            "e285e994-363b-4d30-8c1b-eda0515638b2",
            "b4502031-5f19-4c5a-a299-b33b0e4946a6",
            "fe7a6a56-8ad9-4235-9847-62e9913720aa",
            "a4b1a896-bbfe-42a3-bc57-991477c96f2b",
            "b8151ecb-e6b2-40ce-a3cb-4f5138e72c58",
            "41ff4249-06a4-4cc8-a1df-bf37427100ed",
            "e1f35fa6-6050-4dd6-85c5-b11ece6b9566",
            "bf3d4af6-7d93-465f-9bf0-75cc74f84b9f",
            "0d72c8d2-e5e0-4620-87d6-0b3eae5dccde",
            "738b5cb9-51be-4463-ba52-ad1304bf8293",
            "dc49df8c-61f1-4823-8478-05c2d8a4becb",
            "f7144a08-d396-4523-819c-0378fea5bb16",
            "f4d3e733-e3fa-4916-8c62-2730cdf35cfc",
            "30c00519-2b40-4194-9b10-c8291f3dea4a",
            "29fab217-0fa9-4a9b-bf26-f6d1ec38d72b",
            "23fdc656-c883-4692-a1cc-1996ffc835a3",
            "f1e7ef8a-cc76-43a2-b7e0-af298bfca109",
            "7c6f1cf1-44f6-4e57-8f20-efe1b546d7e7",
            "5fa6343a-9c22-4774-99b1-6b6f1473aa0e"
          ]
        }
      ],
      "Page": 1
    },
    {
      "BlockType": "LINE",
      "Confidence": 99.959716796875,
      "Text": "Get started",
      "Geometry": {
        "BoundingBox": {
          "Width": 0.10655210167169571,
          "Height": 0.021495427936315536,
          "Left": 0.38201841711997986,
          "Top": 0.2694856822490692
        },
        "Polygon": [
          {
            "X": 0.3823370039463043,
            "Y": 0.2751350998878479
          },
          {
            "X": 0.48857054114341736,
            "Y": 0.2694856822490692
          },
          {
            "X": 0.488229900598526,
            "Y": 0.2854396104812622
          },
          {
            "X": 0.38201841711997986,
            "Y": 0.29098111391067505
          }
        ]
      },
      "Id": "a488c665-d2ba-423e-87d8-afebee7a5761",
      "Relationships": [
        {
          "Type": "CHILD",
          "Ids": [
            "5ad0580d-2e00-4942-972d-6fc2d1c3bfce",
            "5748f7d2-fa2e-478d-8416-7097989a3533"
          ]
        }
      ],
      "Page": 1
    },
    {
      "BlockType": "LINE",
      "Confidence": 96.88651275634766,
      "Text": "Crie um protótipo da",
      "Geometry": {
        "BoundingBox": {
          "Width": 0.10071694850921631,
          "Height": 0.014212188310921192,
          "Left": 0.3816564977169037,
          "Top": 0.29975271224975586
        },
        "Polygon": [
          {
            "X": 0.3818385899066925,
            "Y": 0.3049091696739197
          },
          {
            "X": 0.48237344622612,
            "Y": 0.29975271224975586
          },
          {
            "X": 0.4821794629096985,
            "Y": 0.30886679887771606
          },
          {
            "X": 0.3816564977169037,
            "Y": 0.3139649033546448
          }
        ]
      },
      "Id": "ba7913fe-3744-4c24-8eb7-751dd5cd45cd",
      "Relationships": [
        {
          "Type": "CHILD",
          "Ids": [
            "8367c385-bccf-47e6-b9c9-5ea49edb46a5",
            "7755511e-79e2-440e-b461-bb4f1b45678f",
            "febc0f1a-34d4-4385-8c02-5b871d23dc0a",
            "d369cb92-a576-41c7-b61d-8d703532d219"
          ]
        }
      ],
      "Page": 1
    },
    {
      "BlockType": "LINE",
      "Confidence": 99.37645721435547,
      "Text": "Escale seus projetos",
      "Geometry": {
        "BoundingBox": {
          "Width": 0.10656332969665527,
          "Height": 0.014537612907588482,
          "Left": 0.5625462532043457,
          "Top": 0.2893982529640198
        },
        "Polygon": [
          {
            "X": 0.5627480149269104,
            "Y": 0.2948586940765381
          },
          {
            "X": 0.669109582901001,
            "Y": 0.2893982529640198
          },
          {
            "X": 0.6688950657844543,
            "Y": 0.29853659868240356
          },
          {
            "X": 0.5625462532043457,
            "Y": 0.30393585562705994
          }
        ]
      },
      "Id": "44eb318c-00cf-48a5-9c37-d2dbbfb67333",
      "Relationships": [
        {
          "Type": "CHILD",
          "Ids": [
            "a16bb551-7324-4899-8b67-afec1010702e",
            "126ad4ff-5b5a-48c3-b16e-f46e4f1ba263",
            "85f4b8f7-71be-40e4-aebc-1dcea736834a"
          ]
        }
      ],
      "Page": 1
    },
    {
      "BlockType": "LINE",
      "Confidence": 98.92897033691406,
      "Text": "Desenvolva sua",
      "Geometry": {
        "BoundingBox": {
          "Width": 0.06731227040290833,
          "Height": 0.010585621930658817,
          "Left": 0.23152443766593933,
          "Top": 0.31535258889198303
        },
        "Polygon": [
          {
            "X": 0.23165592551231384,
            "Y": 0.3187717795372009
          },
          {
            "X": 0.29883670806884766,
            "Y": 0.31535258889198303
          },
          {
            "X": 0.2986989915370941,
            "Y": 0.3225501775741577
          },
          {
            "X": 0.23152443766593933,
            "Y": 0.3259381949901581
          }
        ]
      },
      "Id": "36e6ee78-617c-4284-8b49-db6c9f19853f",
      "Relationships": [
        {
          "Type": "CHILD",
          "Ids": [
            "f622236d-2b59-4d72-92a2-64746f023364",
            "7b7668e1-d346-472d-9e50-2f0d12f102c5"
          ]
        }
      ],
      "Page": 1
    },
    {
      "BlockType": "LINE",
      "Confidence": 93.26309204101562,
      "Text": "estratégia e equipe",
      "Geometry": {
        "BoundingBox": {
          "Width": 0.08475631475448608,
          "Height": 0.012617857195436954,
          "Left": 0.2214481383562088,
          "Top": 0.32292431592941284
        },
        "Polygon": [
          {
            "X": 0.2216004580259323,
            "Y": 0.32718735933303833
          },
          {
            "X": 0.3062044382095337,
            "Y": 0.32292431592941284
          },
          {
            "X": 0.30604296922683716,
            "Y": 0.33132490515708923
          },
          {
            "X": 0.2214481383562088,
            "Y": 0.3355421721935272
          }
        ]
      },
      "Id": "e285e994-363b-4d30-8c1b-eda0515638b2",
      "Relationships": [
        {
          "Type": "CHILD",
          "Ids": [
            "e09bf418-654b-407b-97e2-ad52e0e66b79",
            "ba6d4419-8940-47e0-996f-df98ad068dea",
            "8ae14559-5b0b-4713-937a-4092d6a4789e"
          ]
        }
      ],
      "Page": 1
    },
    {
      "BlockType": "LINE",
      "Confidence": 94.8572769165039,
      "Text": "sua estratégia",
      "Geometry": {
        "BoundingBox": {
          "Width": 0.06744619458913803,
          "Height": 0.010588785633444786,
          "Left": 0.39743486046791077,
          "Top": 0.3112376630306244
        },
        "Polygon": [
          {
            "X": 0.3975805938243866,
            "Y": 0.3146445155143738
          },
          {
            "X": 0.4648810625076294,
            "Y": 0.3112376630306244
          },
          {
            "X": 0.464728981256485,
            "Y": 0.31845057010650635
          },
          {
            "X": 0.39743486046791077,
            "Y": 0.3218264579772949
          }
        ]
      },
      "Id": "b4502031-5f19-4c5a-a299-b33b0e4946a6",
      "Relationships": [
        {
          "Type": "CHILD",
          "Ids": [
            "06353a1a-1ddc-4ca2-9282-41a4e95952c7",
            "9d7cc32b-c764-4d92-82d7-309fd3bb6406"
          ]
        }
      ],
      "Page": 1
    },
    {
      "BlockType": "LINE",
      "Confidence": 99.84752655029297,
      "Text": "Cloud",
      "Geometry": {
        "BoundingBox": {
          "Width": 0.04730718210339546,
          "Height": 0.015427312813699245,
          "Left": 0.003221654100343585,
          "Top": 0.3568064272403717
        },
        "Polygon": [
          {
            "X": 0.003427312010899186,
            "Y": 0.3591156303882599
          },
          {
            "X": 0.050528835505247116,
            "Y": 0.3568064272403717
          },
          {
            "X": 0.05031527206301689,
            "Y": 0.3699651062488556
          },
          {
            "X": 0.003221654100343585,
            "Y": 0.3722337484359741
          }
        ]
      },
      "Id": "fe7a6a56-8ad9-4235-9847-62e9913720aa",
      "Relationships": [
        {
          "Type": "CHILD",
          "Ids": [
            "3bbe37a9-13db-4486-814e-03175760e288"
          ]
        }
      ],
      "Page": 1
    },
    {
      "BlockType": "LINE",
      "Confidence": 99.89437866210938,
      "Text": "Experience",
      "Geometry": {
        "BoundingBox": {
          "Width": 0.08950716257095337,
          "Height": 0.01999419555068016,
          "Left": 0,
          "Top": 0.37308162450790405
        },
        "Polygon": [
          {
            "X": 0.00022013128909748048,
            "Y": 0.3773539364337921
          },
          {
            "X": 0.08950716257095337,
            "Y": 0.37308162450790405
          },
          {
            "X": 0.08924321830272675,
            "Y": 0.3888956606388092
          },
          {
            "X": 0,
            "Y": 0.3930758237838745
          }
        ]
      },
      "Id": "a4b1a896-bbfe-42a3-bc57-991477c96f2b",
      "Relationships": [
        {
          "Type": "CHILD",
          "Ids": [
            "d69ffebe-11ed-4759-a30e-f7e6b2d3d42a"
          ]
        }
      ],
      "Page": 1
    },
    {
      "BlockType": "LINE",
      "Confidence": 98.65646362304688,
      "Text": "Data-driven everything",
      "Geometry": {
        "BoundingBox": {
          "Width": 0.08814078569412231,
          "Height": 0.011381986550986767,
          "Left": 0.21418602764606476,
          "Top": 0.36969873309135437
        },
        "Polygon": [
          {
            "X": 0.21431691944599152,
            "Y": 0.37387174367904663
          },
          {
            "X": 0.30232682824134827,
            "Y": 0.36969873309135437
          },
          {
            "X": 0.3021877110004425,
            "Y": 0.3769487738609314
          },
          {
            "X": 0.21418602764606476,
            "Y": 0.3810807168483734
          }
        ]
      },
      "Id": "b8151ecb-e6b2-40ce-a3cb-4f5138e72c58",
      "Relationships": [
        {
          "Type": "CHILD",
          "Ids": [
            "6501c2e4-f56f-4fa9-8c52-e0d957b458e9",
            "3012fa81-2cd3-4e25-b023-6e186bb02c8d"
          ]
        }
      ],
      "Page": 1
    },
    {
      "BlockType": "LINE",
      "Confidence": 90.26249694824219,
      "Text": "Generative Al Innovation Center",
      "Geometry": {
        "BoundingBox": {
          "Width": 0.13224674761295319,
          "Height": 0.013862933032214642,
          "Left": 0.36217761039733887,
          "Top": 0.35767433047294617
        },
        "Polygon": [
          {
            "X": 0.36232829093933105,
            "Y": 0.36396199464797974
          },
          {
            "X": 0.49442437291145325,
            "Y": 0.35767433047294617
          },
          {
            "X": 0.4942605793476105,
            "Y": 0.3653137981891632
          },
          {
            "X": 0.36217761039733887,
            "Y": 0.3715372681617737
          }
        ]
      },
      "Id": "41ff4249-06a4-4cc8-a1df-bf37427100ed",
      "Relationships": [
        {
          "Type": "CHILD",
          "Ids": [
            "d983259a-9903-4479-b8f5-5ef0e56b93a8",
            "e6983c75-bd6f-4c88-ba8d-0f2584f15628",
            "6475fea2-22b6-4d85-b169-9f642d56b88c",
            "e5cba657-e584-4be3-8090-462405f19899"
          ]
        }
      ],
      "Page": 1
    },
    {
      "BlockType": "LINE",
      "Confidence": 99.1084213256836,
      "Text": "AWS Marketplace (ISVs)",
      "Geometry": {
        "BoundingBox": {
          "Width": 0.10922442376613617,
          "Height": 0.0143231600522995,
          "Left": 0.5587536096572876,
          "Top": 0.345299631357193
        },
        "Polygon": [
          {
            "X": 0.558955729007721,
            "Y": 0.3505169451236725
          },
          {
            "X": 0.667978048324585,
            "Y": 0.345299631357193
          },
          {
            "X": 0.667762815952301,
            "Y": 0.35446834564208984
          },
          {
            "X": 0.5587536096572876,
            "Y": 0.3596227765083313
          }
        ]
      },
      "Id": "e1f35fa6-6050-4dd6-85c5-b11ece6b9566",
      "Relationships": [
        {
          "Type": "CHILD",
          "Ids": [
            "7beefcac-104e-4ef9-8fc6-e74fc5666591",
            "6cd2839f-ead8-4336-88eb-c9dd7bc8f89a",
            "b94e4ee9-6e71-4354-a3f8-62fb91c78c20"
          ]
        }
      ],
      "Page": 1
    },
    {
      "BlockType": "LINE",
      "Confidence": 99.02919006347656,
      "Text": "5",
      "Geometry": {
        "BoundingBox": {
          "Width": 0.010422859340906143,
          "Height": 0.012118352577090263,
          "Left": 0.02766965515911579,
          "Top": 0.3949960172176361
        },
        "Polygon": [
          {
            "X": 0.027855580672621727,
            "Y": 0.395472913980484
          },
          {
            "X": 0.038092512637376785,
            "Y": 0.3949960172176361
          },
          {
            "X": 0.03790506348013878,
            "Y": 0.406645268201828
          },
          {
            "X": 0.02766965515911579,
            "Y": 0.4071143567562103
          }
        ]
      },
      "Id": "bf3d4af6-7d93-465f-9bf0-75cc74f84b9f",
      "Relationships": [
        {
          "Type": "CHILD",
          "Ids": [
            "a4e27ce1-202b-4a61-9b81-21e932d50730"
          ]
        }
      ],
      "Page": 1
    },
    {
      "BlockType": "LINE",
      "Confidence": 82.27676391601562,
      "Text": "5",
      "Geometry": {
        "BoundingBox": {
          "Width": 0.022955428808927536,
          "Height": 0.018433738499879837,
          "Left": 0.41784340143203735,
          "Top": 0.3783057630062103
        },
        "Polygon": [
          {
            "X": 0.41820067167282104,
            "Y": 0.3793555498123169
          },
          {
            "X": 0.4407988488674164,
            "Y": 0.3783057630062103
          },
          {
            "X": 0.440436452627182,
            "Y": 0.39571478962898254
          },
          {
            "X": 0.41784340143203735,
            "Y": 0.39673948287963867
          }
        ]
      },
      "Id": "0d72c8d2-e5e0-4620-87d6-0b3eae5dccde",
      "Relationships": [
        {
          "Type": "CHILD",
          "Ids": [
            "7efe5330-3f59-4660-8fee-ecbe295ff987"
          ]
        }
      ],
      "Page": 1
    },
    {
      "BlockType": "LINE",
      "Confidence": 84.8372573852539,
      "Text": "88",
      "Geometry": {
        "BoundingBox": {
          "Width": 0.02324659563601017,
          "Height": 0.010606451891362667,
          "Left": 0.6039009690284729,
          "Top": 0.3664005398750305
        },
        "Polygon": [
          {
            "X": 0.6041176319122314,
            "Y": 0.36747509241104126
          },
          {
            "X": 0.6271475553512573,
            "Y": 0.3664005398750305
          },
          {
            "X": 0.6269280314445496,
            "Y": 0.3759463131427765
          },
          {
            "X": 0.6039009690284729,
            "Y": 0.37700700759887695
          }
        ]
      },
      "Id": "738b5cb9-51be-4463-ba52-ad1304bf8293",
      "Relationships": [
        {
          "Type": "CHILD",
          "Ids": [
            "16fc4539-d5b3-43e7-84b4-f62ff4675c12"
          ]
        }
      ],
      "Page": 1
    },
    {
      "BlockType": "LINE",
      "Confidence": 99.86759948730469,
      "Text": "Data strategy",
      "Geometry": {
        "BoundingBox": {
          "Width": 0.05226869136095047,
          "Height": 0.009306848980486393,
          "Left": 0.22913675010204315,
          "Top": 0.4077551066875458
        },
        "Polygon": [
          {
            "X": 0.22926434874534607,
            "Y": 0.4101038873195648
          },
          {
            "X": 0.2814054489135742,
            "Y": 0.4077551066875458
          },
          {
            "X": 0.28127312660217285,
            "Y": 0.41473665833473206
          },
          {
            "X": 0.22913675010204315,
            "Y": 0.4170619547367096
          }
        ]
      },
      "Id": "dc49df8c-61f1-4823-8478-05c2d8a4becb",
      "Relationships": [
        {
          "Type": "CHILD",
          "Ids": [
            "dffa897b-b8c0-485a-a58d-a57750c0dbf7",
            "00fdb324-9484-4895-b044-3648d96bc472"
          ]
        }
      ],
      "Page": 1
    },
    {
      "BlockType": "LINE",
      "Confidence": 99.70978546142578,
      "Text": "AWS Immersion Day",
      "Geometry": {
        "BoundingBox": {
          "Width": 0.08502915501594543,
          "Height": 0.011260870844125748,
          "Left": 0.38381826877593994,
          "Top": 0.39782002568244934
        },
        "Polygon": [
          {
            "X": 0.3839679956436157,
            "Y": 0.4016515016555786
          },
          {
            "X": 0.4688474237918854,
            "Y": 0.39782002568244934
          },
          {
            "X": 0.4686894416809082,
            "Y": 0.40528976917266846
          },
          {
            "X": 0.38381826877593994,
            "Y": 0.4090808928012848
          }
        ]
      },
      "Id": "f7144a08-d396-4523-819c-0378fea5bb16",
      "Relationships": [
        {
          "Type": "CHILD",
          "Ids": [
            "7f12fe50-983a-4662-a28c-efa1ab929e8c",
            "8db480df-6d5e-45c0-ae57-9105a972ec92",
            "22a14733-58fa-4a74-8043-8a77fa753b75"
          ]
        }
      ],
      "Page": 1
    },
    {
      "BlockType": "LINE",
      "Confidence": 99.7761459350586,
      "Text": "AWS Professional Services",
      "Geometry": {
        "BoundingBox": {
          "Width": 0.12137756496667862,
          "Height": 0.013057085685431957,
          "Left": 0.5529616475105286,
          "Top": 0.38579198718070984
        },
        "Polygon": [
          {
            "X": 0.5531290769577026,
            "Y": 0.3912842571735382
          },
          {
            "X": 0.6743391752243042,
            "Y": 0.38579198718070984
          },
          {
            "X": 0.674159586429596,
            "Y": 0.39341485500335693
          },
          {
            "X": 0.5529616475105286,
            "Y": 0.3988490700721741
          }
        ]
      },
      "Id": "f4d3e733-e3fa-4916-8c62-2730cdf35cfc",
      "Relationships": [
        {
          "Type": "CHILD",
          "Ids": [
            "d0e04211-a6ac-45c7-8f79-4ce26153149a",
            "5c1f8256-9312-4a92-8891-b03dacf30a3f",
            "10de8f83-cb9d-47d5-a41c-f5437b1b669e"
          ]
        }
      ],
      "Page": 1
    },
    {
      "BlockType": "LINE",
      "Confidence": 99.66307830810547,
      "Text": "AWS Pathfinder",
      "Geometry": {
        "BoundingBox": {
          "Width": 0.06250952184200287,
          "Height": 0.00873097125440836,
          "Left": 0.220846489071846,
          "Top": 0.4445260465145111
        },
        "Polygon": [
          {
            "X": 0.2209572046995163,
            "Y": 0.44718989729881287
          },
          {
            "X": 0.2833560109138489,
            "Y": 0.4445260465145111
          },
          {
            "X": 0.2832403779029846,
            "Y": 0.45061761140823364
          },
          {
            "X": 0.220846489071846,
            "Y": 0.4532569944858551
          }
        ]
      },
      "Id": "30c00519-2b40-4194-9b10-c8291f3dea4a",
      "Relationships": [
        {
          "Type": "CHILD",
          "Ids": [
            "d2533d5e-c4cc-4641-9ff1-dda9b43e2808",
            "492cd1bf-7427-43d8-8956-f973f29f797b"
          ]
        }
      ],
      "Page": 1
    },
    {
      "BlockType": "LINE",
      "Confidence": 99.89936065673828,
      "Text": "AWS Migration",
      "Geometry": {
        "BoundingBox": {
          "Width": 0.07030583173036575,
          "Height": 0.011160464957356453,
          "Left": 0.5776060819625854,
          "Top": 0.4282785654067993
        },
        "Polygon": [
          {
            "X": 0.5777892470359802,
            "Y": 0.4312751591205597
          },
          {
            "X": 0.6479119062423706,
            "Y": 0.4282785654067993
          },
          {
            "X": 0.6477211713790894,
            "Y": 0.4364786148071289
          },
          {
            "X": 0.5776060819625854,
            "Y": 0.4394390285015106
          }
        ]
      },
      "Id": "29fab217-0fa9-4a9b-bf26-f6d1ec38d72b",
      "Relationships": [
        {
          "Type": "CHILD",
          "Ids": [
            "5440e413-d357-4994-b9da-c62d5d5db569",
            "32ceb894-c74d-41e8-ab14-5f505b85890b"
          ]
        }
      ],
      "Page": 1
    },
    {
      "BlockType": "LINE",
      "Confidence": 99.90694427490234,
      "Text": "Acceleration Program",
      "Geometry": {
        "BoundingBox": {
          "Width": 0.10149272531270981,
          "Height": 0.01208184938877821,
          "Left": 0.5624658465385437,
          "Top": 0.436257004737854
        },
        "Polygon": [
          {
            "X": 0.5626396536827087,
            "Y": 0.44053196907043457
          },
          {
            "X": 0.6639586091041565,
            "Y": 0.436257004737854
          },
          {
            "X": 0.663774311542511,
            "Y": 0.44411396980285645
          },
          {
            "X": 0.5624658465385437,
            "Y": 0.4483388662338257
          }
        ]
      },
      "Id": "23fdc656-c883-4692-a1cc-1996ffc835a3",
      "Relationships": [
        {
          "Type": "CHILD",
          "Ids": [
            "ef50d50d-242f-4f19-b20e-395f33c22bc6",
            "75df8d9f-e73b-44e3-a02f-635674c7a38a"
          ]
        }
      ],
      "Page": 1
    },
    {
      "BlockType": "LINE",
      "Confidence": 99.92301177978516,
      "Text": "AWS Partner Network",
      "Geometry": {
        "BoundingBox": {
          "Width": 0.10290215909481049,
          "Height": 0.010948405601084232,
          "Left": 0.5622992515563965,
          "Top": 0.47772762179374695
        },
        "Polygon": [
          {
            "X": 0.562452495098114,
            "Y": 0.4817967712879181
          },
          {
            "X": 0.6652014255523682,
            "Y": 0.47772762179374695
          },
          {
            "X": 0.6650388836860657,
            "Y": 0.4846515953540802
          },
          {
            "X": 0.5622992515563965,
            "Y": 0.4886760413646698
          }
        ]
      },
      "Id": "f1e7ef8a-cc76-43a2-b7e0-af298bfca109",
      "Relationships": [
        {
          "Type": "CHILD",
          "Ids": [
            "f8e60e63-5a1b-4075-9285-b9b09cf06bdf",
            "40fe5fc2-8a61-433c-a580-50393a0a3cd0",
            "2a9626f0-cd48-4b06-9bab-5797e25018a8"
          ]
        }
      ],
      "Page": 1
    },
    {
      "BlockType": "LINE",
      "Confidence": 99.48961639404297,
      "Text": "100,000+ AWS partners globally",
      "Geometry": {
        "BoundingBox": {
          "Width": 0.1304447054862976,
          "Height": 0.013062547892332077,
          "Left": 0.5493683218955994,
          "Top": 0.48521581292152405
        },
        "Polygon": [
          {
            "X": 0.5495445728302002,
            "Y": 0.49030929803848267
          },
          {
            "X": 0.679813027381897,
            "Y": 0.48521581292152405
          },
          {
            "X": 0.6796229481697083,
            "Y": 0.4932505786418915
          },
          {
            "X": 0.5493683218955994,
            "Y": 0.4982783794403076
          }
        ]
      },
      "Id": "7c6f1cf1-44f6-4e57-8f20-efe1b546d7e7",
      "Relationships": [
        {
          "Type": "CHILD",
          "Ids": [
            "7b9e22fe-31f8-4f43-b96c-39e9bdc2403a",
            "7f1ddde7-c3f3-47e2-b444-a62608e1a5f8",
            "472cfa52-3971-40e3-a090-5f4e87128efc",
            "4c13999d-c927-410c-9862-e8b89530aae5"
          ]
        }
      ],
      "Page": 1
    },
    {
      "BlockType": "LINE",
      "Confidence": 97.13793182373047,
      "Text": "30",
      "Geometry": {
        "BoundingBox": {
          "Width": 0.011264446191489697,
          "Height": 0.006525611504912376,
          "Left": 0.7449083924293518,
          "Top": 0.500341534614563
        },
        "Polygon": [
          {
            "X": 0.7450574636459351,
            "Y": 0.5007636547088623
          },
          {
            "X": 0.7561728358268738,
            "Y": 0.500341534614563
          },
          {
            "X": 0.7560228705406189,
            "Y": 0.5064492225646973
          },
          {
            "X": 0.7449083924293518,
            "Y": 0.5068671107292175
          }
        ]
      },
      "Id": "5fa6343a-9c22-4774-99b1-6b6f1473aa0e",
      "Relationships": [
        {
          "Type": "CHILD",
          "Ids": [
            "c37ca6da-4745-459c-a9a4-25b8a5d22115"
          ]
        }
      ],
      "Page": 1
    },
    {
      "BlockType": "WORD",
      "Confidence": 99.9649658203125,
      "Text": "Get",
      "TextType": "PRINTED",
      "Geometry": {
        "BoundingBox": {
          "Width": 0.03319250047206879,
          "Height": 0.014395425096154213,
          "Left": 0.38201841711997986,
          "Top": 0.2765856981277466
        },
        "Polygon": [
          {
            "X": 0.38227277994155884,
            "Y": 0.27833062410354614
          },
          {
            "X": 0.41521093249320984,
            "Y": 0.2765856981277466
          },
          {
            "X": 0.4149511456489563,
            "Y": 0.2892628610134125
          },
          {
            "X": 0.38201841711997986,
            "Y": 0.29098111391067505
          }
        ]
      },
      "Id": "5ad0580d-2e00-4942-972d-6fc2d1c3bfce",
      "Page": 1
    },
    {
      "BlockType": "WORD",
      "Confidence": 99.9544677734375,
      "Text": "started",
      "TextType": "PRINTED",
      "Geometry": {
        "BoundingBox": {
          "Width": 0.06945338845252991,
          "Height": 0.01842539571225643,
          "Left": 0.41911715269088745,
          "Top": 0.2694856822490692
        },
        "Polygon": [
          {
            "X": 0.419420063495636,
            "Y": 0.2731630504131317
          },
          {
            "X": 0.48857054114341736,
            "Y": 0.2694856822490692
          },
          {
            "X": 0.48825427889823914,
            "Y": 0.28429892659187317
          },
          {
            "X": 0.41911715269088745,
            "Y": 0.2879110872745514
          }
        ]
      },
      "Id": "5748f7d2-fa2e-478d-8416-7097989a3533",
      "Page": 1
    },
    {
      "BlockType": "WORD",
      "Confidence": 99.64125061035156,
      "Text": "Crie",
      "TextType": "PRINTED",
      "Geometry": {
        "BoundingBox": {
          "Width": 0.01872686855494976,
          "Height": 0.0074214511550962925,
          "Left": 0.38165906071662903,
          "Top": 0.30641618371009827
        },
        "Polygon": [
          {
            "X": 0.3817891776561737,
            "Y": 0.30736711621284485
          },
          {
            "X": 0.40038594603538513,
            "Y": 0.30641618371009827
          },
          {
            "X": 0.4002542793750763,
            "Y": 0.31289443373680115
          },
          {
            "X": 0.38165906071662903,
            "Y": 0.3138376474380493
          }
        ]
      },
      "Id": "8367c385-bccf-47e6-b9c9-5ea49edb46a5",
      "Page": 1
    },
    {
      "BlockType": "WORD",
      "Confidence": 99.58048248291016,
      "Text": "um",
      "TextType": "PRINTED",
      "Geometry": {
        "BoundingBox": {
          "Width": 0.01568645052611828,
          "Height": 0.006285517942160368,
          "Left": 0.40294286608695984,
          "Top": 0.3060304522514343
        },
        "Polygon": [
          {
            "X": 0.4030546247959137,
            "Y": 0.30682632327079773
          },
          {
            "X": 0.41862931847572327,
            "Y": 0.3060304522514343
          },
          {
            "X": 0.41851645708084106,
            "Y": 0.3115255832672119
          },
          {
            "X": 0.40294286608695984,
            "Y": 0.312315970659256
          }
        ]
      },
      "Id": "7755511e-79e2-440e-b461-bb4f1b45678f",
      "Page": 1
    },
    {
      "BlockType": "WORD",
      "Confidence": 88.68688201904297,
      "Text": "protótipo",
      "TextType": "PRINTED",
      "Geometry": {
        "BoundingBox": {
          "Width": 0.046874549239873886,
          "Height": 0.010803153738379478,
          "Left": 0.42066308856010437,
          "Top": 0.3011834919452667
        },
        "Polygon": [
          {
            "X": 0.4208360016345978,
            "Y": 0.30357685685157776
          },
          {
            "X": 0.46753761172294617,
            "Y": 0.3011834919452667
          },
          {
            "X": 0.4673595428466797,
            "Y": 0.30961841344833374
          },
          {
            "X": 0.42066308856010437,
            "Y": 0.31198665499687195
          }
        ]
      },
      "Id": "febc0f1a-34d4-4385-8c02-5b871d23dc0a",
      "Page": 1
    },
    {
      "BlockType": "WORD",
      "Confidence": 99.63740539550781,
      "Text": "da",
      "TextType": "PRINTED",
      "Geometry": {
        "BoundingBox": {
          "Width": 0.012438824400305748,
          "Height": 0.007100202143192291,
          "Left": 0.4699346423149109,
          "Top": 0.29975271224975586
        },
        "Polygon": [
          {
            "X": 0.470071405172348,
            "Y": 0.30038368701934814
          },
          {
            "X": 0.48237344622612,
            "Y": 0.29975271224975586
          },
          {
            "X": 0.4822356402873993,
            "Y": 0.3062269985675812
          },
          {
            "X": 0.4699346423149109,
            "Y": 0.30685290694236755
          }
        ]
      },
      "Id": "d369cb92-a576-41c7-b61d-8d703532d219",
      "Page": 1
    },
    {
      "BlockType": "WORD",
      "Confidence": 99.68983459472656,
      "Text": "Escale",
      "TextType": "PRINTED",
      "Geometry": {
        "BoundingBox": {
          "Width": 0.0330650694668293,
          "Height": 0.009133579209446907,
          "Left": 0.5625462532043457,
          "Top": 0.2948022782802582
        },
        "Polygon": [
          {
            "X": 0.562711775302887,
            "Y": 0.2964879274368286
          },
          {
            "X": 0.5956113338470459,
            "Y": 0.2948022782802582
          },
          {
            "X": 0.595442533493042,
            "Y": 0.3022657334804535
          },
          {
            "X": 0.5625462532043457,
            "Y": 0.30393585562705994
          }
        ]
      },
      "Id": "a16bb551-7324-4899-8b67-afec1010702e",
      "Page": 1
    },
    {
      "BlockType": "WORD",
      "Confidence": 99.62944030761719,
      "Text": "seus",
      "TextType": "PRINTED",
      "Geometry": {
        "BoundingBox": {
          "Width": 0.023549970239400864,
          "Height": 0.007165387272834778,
          "Left": 0.5980185270309448,
          "Top": 0.29430294036865234
        },
        "Polygon": [
          {
            "X": 0.5981536507606506,
            "Y": 0.2955014407634735
          },
          {
            "X": 0.621568500995636,
            "Y": 0.29430294036865234
          },
          {
            "X": 0.6214315891265869,
            "Y": 0.3002786934375763
          },
          {
            "X": 0.5980185270309448,
            "Y": 0.3014683425426483
          }
        ]
      },
      "Id": "126ad4ff-5b5a-48c3-b16e-f46e4f1ba263",
      "Page": 1
    },
    {
      "BlockType": "WORD",
      "Confidence": 98.81010437011719,
      "Text": "projetos",
      "TextType": "PRINTED",
      "Geometry": {
        "BoundingBox": {
          "Width": 0.04524450749158859,
          "Height": 0.011347563937306404,
          "Left": 0.6238650679588318,
          "Top": 0.2893982529640198
        },
        "Polygon": [
          {
            "X": 0.6240723729133606,
            "Y": 0.29171040654182434
          },
          {
            "X": 0.669109582901001,
            "Y": 0.2893982529640198
          },
          {
            "X": 0.6688969135284424,
            "Y": 0.29845935106277466
          },
          {
            "X": 0.6238650679588318,
            "Y": 0.30074581503868103
          }
        ]
      },
      "Id": "85f4b8f7-71be-40e4-aebc-1dcea736834a",
      "Page": 1
    },
    {
      "BlockType": "WORD",
      "Confidence": 98.31983184814453,
      "Text": "Desenvolva",
      "TextType": "PRINTED",
      "Geometry": {
        "BoundingBox": {
          "Width": 0.048863787204027176,
          "Height": 0.009332188405096531,
          "Left": 0.23152443766593933,
          "Top": 0.3166060149669647
        },
        "Polygon": [
          {
            "X": 0.23165017366409302,
            "Y": 0.31908556818962097
          },
          {
            "X": 0.2803882360458374,
            "Y": 0.3166060149669647
          },
          {
            "X": 0.2802581787109375,
            "Y": 0.3234802484512329
          },
          {
            "X": 0.23152443766593933,
            "Y": 0.3259381949901581
          }
        ]
      },
      "Id": "f622236d-2b59-4d72-92a2-64746f023364",
      "Page": 1
    },
    {
      "BlockType": "WORD",
      "Confidence": 99.5381088256836,
      "Text": "sua",
      "TextType": "PRINTED",
      "Geometry": {
        "BoundingBox": {
          "Width": 0.015769680961966515,
          "Height": 0.006250998005270958,
          "Left": 0.2830670177936554,
          "Top": 0.31535258889198303
        },
        "Polygon": [
          {
            "X": 0.2831703722476959,
            "Y": 0.31614992022514343
          },
          {
            "X": 0.29883670806884766,
            "Y": 0.31535258889198303
          },
          {
            "X": 0.2987322509288788,
            "Y": 0.32081174850463867
          },
          {
            "X": 0.2830670177936554,
            "Y": 0.32160359621047974
          }
        ]
      },
      "Id": "7b7668e1-d346-472d-9e50-2f0d12f102c5",
      "Page": 1
    },
    {
      "BlockType": "WORD",
      "Confidence": 82.96977996826172,
      "Text": "estratégia",
      "TextType": "PRINTED",
      "Geometry": {
        "BoundingBox": {
          "Width": 0.04391128197312355,
          "Height": 0.008833842352032661,
          "Left": 0.2214481383562088,
          "Top": 0.3267083466053009
        },
        "Polygon": [
          {
            "X": 0.22156906127929688,
            "Y": 0.3289100229740143
          },
          {
            "X": 0.26535943150520325,
            "Y": 0.3267083466053009
          },
          {
            "X": 0.26523473858833313,
            "Y": 0.3333593010902405
          },
          {
            "X": 0.2214481383562088,
            "Y": 0.3355421721935272
          }
        ]
      },
      "Id": "e09bf418-654b-407b-97e2-ad52e0e66b79",
      "Page": 1
    },
    {
      "BlockType": "WORD",
      "Confidence": 97.36255645751953,
      "Text": "e",
      "TextType": "PRINTED",
      "Geometry": {
        "BoundingBox": {
          "Width": 0.00594073161482811,
          "Height": 0.0052986908704042435,
          "Left": 0.2673841416835785,
          "Top": 0.3261997103691101
        },
        "Polygon": [
          {
            "X": 0.2674780786037445,
            "Y": 0.3264937102794647
          },
          {
            "X": 0.2733248770236969,
            "Y": 0.3261997103691101
          },
          {
            "X": 0.27323055267333984,
            "Y": 0.3312062919139862
          },
          {
            "X": 0.2673841416835785,
            "Y": 0.331498384475708
          }
        ]
      },
      "Id": "ba6d4419-8940-47e0-996f-df98ad068dea",
      "Page": 1
    },
    {
      "BlockType": "WORD",
      "Confidence": 99.45692443847656,
      "Text": "equipe",
      "TextType": "PRINTED",
      "Geometry": {
        "BoundingBox": {
          "Width": 0.030837859958410263,
          "Height": 0.008885369636118412,
          "Left": 0.2753666043281555,
          "Top": 0.32292431592941284
        },
        "Polygon": [
          {
            "X": 0.275505006313324,
            "Y": 0.32447120547294617
          },
          {
            "X": 0.3062044382095337,
            "Y": 0.32292431592941284
          },
          {
            "X": 0.30606311559677124,
            "Y": 0.33027735352516174
          },
          {
            "X": 0.2753666043281555,
            "Y": 0.3318096995353699
          }
        ]
      },
      "Id": "8ae14559-5b0b-4713-937a-4092d6a4789e",
      "Page": 1
    },
    {
      "BlockType": "WORD",
      "Confidence": 99.67727661132812,
      "Text": "sua",
      "TextType": "PRINTED",
      "Geometry": {
        "BoundingBox": {
          "Width": 0.016591884195804596,
          "Height": 0.005792669486254454,
          "Left": 0.3974415361881256,
          "Top": 0.31570443511009216
        },
        "Polygon": [
          {
            "X": 0.39754220843315125,
            "Y": 0.3165372610092163
          },
          {
            "X": 0.4140334129333496,
            "Y": 0.31570443511009216
          },
          {
            "X": 0.4139316976070404,
            "Y": 0.3206695020198822
          },
          {
            "X": 0.3974415361881256,
            "Y": 0.3214970827102661
          }
        ]
      },
      "Id": "06353a1a-1ddc-4ca2-9282-41a4e95952c7",
      "Page": 1
    },
    {
      "BlockType": "WORD",
      "Confidence": 90.03727722167969,
      "Text": "estratégia",
      "TextType": "PRINTED",
      "Geometry": {
        "BoundingBox": {
          "Width": 0.04824046045541763,
          "Height": 0.009625306352972984,
          "Left": 0.41664057970046997,
          "Top": 0.3112376630306244
        },
        "Polygon": [
          {
            "X": 0.41678813099861145,
            "Y": 0.3136722147464752
          },
          {
            "X": 0.4648810625076294,
            "Y": 0.3112376630306244
          },
          {
            "X": 0.464728981256485,
            "Y": 0.31845057010650635
          },
          {
            "X": 0.41664057970046997,
            "Y": 0.3208629786968231
          }
        ]
      },
      "Id": "9d7cc32b-c764-4d92-82d7-309fd3bb6406",
      "Page": 1
    },
    {
      "BlockType": "WORD",
      "Confidence": 99.84752655029297,
      "Text": "Cloud",
      "TextType": "PRINTED",
      "Geometry": {
        "BoundingBox": {
          "Width": 0.04730718210339546,
          "Height": 0.015427312813699245,
          "Left": 0.003221654100343585,
          "Top": 0.3568064272403717
        },
        "Polygon": [
          {
            "X": 0.003427312010899186,
            "Y": 0.3591156303882599
          },
          {
            "X": 0.050528835505247116,
            "Y": 0.3568064272403717
          },
          {
            "X": 0.05031527206301689,
            "Y": 0.3699651062488556
          },
          {
            "X": 0.003221654100343585,
            "Y": 0.3722337484359741
          }
        ]
      },
      "Id": "3bbe37a9-13db-4486-814e-03175760e288",
      "Page": 1
    },
    {
      "BlockType": "WORD",
      "Confidence": 99.89437866210938,
      "Text": "Experience",
      "TextType": "PRINTED",
      "Geometry": {
        "BoundingBox": {
          "Width": 0.08950716257095337,
          "Height": 0.01999419555068016,
          "Left": 0,
          "Top": 0.37308162450790405
        },
        "Polygon": [
          {
            "X": 0.00022013128909748048,
            "Y": 0.3773539364337921
          },
          {
            "X": 0.08950716257095337,
            "Y": 0.37308162450790405
          },
          {
            "X": 0.08924321830272675,
            "Y": 0.3888956606388092
          },
          {
            "X": 0,
            "Y": 0.3930758237838745
          }
        ]
      },
      "Id": "d69ffebe-11ed-4759-a30e-f7e6b2d3d42a",
      "Page": 1
    },
    {
      "BlockType": "WORD",
      "Confidence": 98.96695709228516,
      "Text": "Data-driven",
      "TextType": "PRINTED",
      "Geometry": {
        "BoundingBox": {
          "Width": 0.04486764594912529,
          "Height": 0.008331756107509136,
          "Left": 0.21419352293014526,
          "Top": 0.37233617901802063
        },
        "Polygon": [
          {
            "X": 0.2143062949180603,
            "Y": 0.37445658445358276
          },
          {
            "X": 0.25906118750572205,
            "Y": 0.37233617901802063
          },
          {
            "X": 0.2589448094367981,
            "Y": 0.37856554985046387
          },
          {
            "X": 0.21419352293014526,
            "Y": 0.38066795468330383
          }
        ]
      },
      "Id": "6501c2e4-f56f-4fa9-8c52-e0d957b458e9",
      "Page": 1
    },
    {
      "BlockType": "WORD",
      "Confidence": 98.34596252441406,
      "Text": "everything",
      "TextType": "PRINTED",
      "Geometry": {
        "BoundingBox": {
          "Width": 0.04144002124667168,
          "Height": 0.00918925367295742,
          "Left": 0.2608867883682251,
          "Top": 0.36969873309135437
        },
        "Polygon": [
          {
            "X": 0.26102203130722046,
            "Y": 0.37165719270706177
          },
          {
            "X": 0.30232682824134827,
            "Y": 0.36969873309135437
          },
          {
            "X": 0.3021877110004425,
            "Y": 0.3769487738609314
          },
          {
            "X": 0.2608867883682251,
            "Y": 0.37888798117637634
          }
        ]
      },
      "Id": "3012fa81-2cd3-4e25-b023-6e186bb02c8d",
      "Page": 1
    },
    {
      "BlockType": "WORD",
      "Confidence": 99.89639282226562,
      "Text": "Generative",
      "TextType": "PRINTED",
      "Geometry": {
        "BoundingBox": {
          "Width": 0.04443340003490448,
          "Height": 0.008287041448056698,
          "Left": 0.36217761039733887,
          "Top": 0.3632502257823944
        },
        "Polygon": [
          {
            "X": 0.3623005747795105,
            "Y": 0.3653554320335388
          },
          {
            "X": 0.40661099553108215,
            "Y": 0.3632502257823944
          },
          {
            "X": 0.406484454870224,
            "Y": 0.3694496154785156
          },
          {
            "X": 0.36217761039733887,
            "Y": 0.3715372681617737
          }
        ]
      },
      "Id": "d983259a-9903-4479-b8f5-5ef0e56b93a8",
      "Page": 1
    },
    {
      "BlockType": "WORD",
      "Confidence": 62.26871109008789,
      "Text": "Al",
      "TextType": "PRINTED",
      "Geometry": {
        "BoundingBox": {
          "Width": 0.009378571063280106,
          "Height": 0.006505902390927076,
          "Left": 0.4079452157020569,
          "Top": 0.36254817247390747
        },
        "Polygon": [
          {
            "X": 0.4080691337585449,
            "Y": 0.3629879951477051
          },
          {
            "X": 0.4173237681388855,
            "Y": 0.36254817247390747
          },
          {
            "X": 0.41719913482666016,
            "Y": 0.36861786246299744
          },
          {
            "X": 0.4079452157020569,
            "Y": 0.36905407905578613
          }
        ]
      },
      "Id": "e6983c75-bd6f-4c88-ba8d-0f2584f15628",
      "Page": 1
    },
    {
      "BlockType": "WORD",
      "Confidence": 99.28848266601562,
      "Text": "Innovation",
      "TextType": "PRINTED",
      "Geometry": {
        "BoundingBox": {
          "Width": 0.04507938027381897,
          "Height": 0.00846038293093443,
          "Left": 0.419077605009079,
          "Top": 0.3596413731575012
        },
        "Polygon": [
          {
            "X": 0.4192076027393341,
            "Y": 0.36177945137023926
          },
          {
            "X": 0.46415698528289795,
            "Y": 0.3596413731575012
          },
          {
            "X": 0.46402329206466675,
            "Y": 0.3659818768501282
          },
          {
            "X": 0.419077605009079,
            "Y": 0.3681017756462097
          }
        ]
      },
      "Id": "6475fea2-22b6-4d85-b169-9f642d56b88c",
      "Page": 1
    },
    {
      "BlockType": "WORD",
      "Confidence": 99.59642028808594,
      "Text": "Center",
      "TextType": "PRINTED",
      "Geometry": {
        "BoundingBox": {
          "Width": 0.028607405722141266,
          "Height": 0.007609146647155285,
          "Left": 0.4658169448375702,
          "Top": 0.35767433047294617
        },
        "Polygon": [
          {
            "X": 0.4659489393234253,
            "Y": 0.35902974009513855
          },
          {
            "X": 0.49442437291145325,
            "Y": 0.35767433047294617
          },
          {
            "X": 0.4942900240421295,
            "Y": 0.36393943428993225
          },
          {
            "X": 0.4658169448375702,
            "Y": 0.3652834892272949
          }
        ]
      },
      "Id": "e5cba657-e584-4be3-8090-462405f19899",
      "Page": 1
    },
    {
      "BlockType": "WORD",
      "Confidence": 99.82209777832031,
      "Text": "AWS",
      "TextType": "PRINTED",
      "Geometry": {
        "BoundingBox": {
          "Width": 0.02166092023253441,
          "Height": 0.0070541319437325,
          "Left": 0.5587706565856934,
          "Top": 0.35180020332336426
        },
        "Polygon": [
          {
            "X": 0.5589044690132141,
            "Y": 0.3528272807598114
          },
          {
            "X": 0.5804315805435181,
            "Y": 0.35180020332336426
          },
          {
            "X": 0.5802960991859436,
            "Y": 0.35783547163009644
          },
          {
            "X": 0.5587706565856934,
            "Y": 0.3588543236255646
          }
        ]
      },
      "Id": "7beefcac-104e-4ef9-8fc6-e74fc5666591",
      "Page": 1
    },
    {
      "BlockType": "WORD",
      "Confidence": 99.82942199707031,
      "Text": "Marketplace",
      "TextType": "PRINTED",
      "Geometry": {
        "BoundingBox": {
          "Width": 0.055853042751550674,
          "Height": 0.01089214626699686,
          "Left": 0.5827171802520752,
          "Top": 0.34759753942489624
        },
        "Polygon": [
          {
            "X": 0.582902193069458,
            "Y": 0.350258469581604
          },
          {
            "X": 0.638570249080658,
            "Y": 0.34759753942489624
          },
          {
            "X": 0.6383791565895081,
            "Y": 0.3558577299118042
          },
          {
            "X": 0.5827171802520752,
            "Y": 0.35848966240882874
          }
        ]
      },
      "Id": "6cd2839f-ead8-4336-88eb-c9dd7bc8f89a",
      "Page": 1
    },
    {
      "BlockType": "WORD",
      "Confidence": 97.67374420166016,
      "Text": "(ISVs)",
      "TextType": "PRINTED",
      "Geometry": {
        "BoundingBox": {
          "Width": 0.027206769213080406,
          "Height": 0.008918114006519318,
          "Left": 0.6407712697982788,
          "Top": 0.345299631357193
        },
        "Polygon": [
          {
            "X": 0.6409478187561035,
            "Y": 0.3465931713581085
          },
          {
            "X": 0.667978048324585,
            "Y": 0.345299631357193
          },
          {
            "X": 0.6677987575531006,
            "Y": 0.3529371917247772
          },
          {
            "X": 0.6407712697982788,
            "Y": 0.3542177379131317
          }
        ]
      },
      "Id": "b94e4ee9-6e71-4354-a3f8-62fb91c78c20",
      "Page": 1
    },
    {
      "BlockType": "WORD",
      "Confidence": 99.02919006347656,
      "Text": "5",
      "TextType": "PRINTED",
      "Geometry": {
        "BoundingBox": {
          "Width": 0.010422859340906143,
          "Height": 0.012118352577090263,
          "Left": 0.02766965515911579,
          "Top": 0.3949960172176361
        },
        "Polygon": [
          {
            "X": 0.027855580672621727,
            "Y": 0.395472913980484
          },
          {
            "X": 0.038092512637376785,
            "Y": 0.3949960172176361
          },
          {
            "X": 0.03790506348013878,
            "Y": 0.406645268201828
          },
          {
            "X": 0.02766965515911579,
            "Y": 0.4071143567562103
          }
        ]
      },
      "Id": "a4e27ce1-202b-4a61-9b81-21e932d50730",
      "Page": 1
    },
    {
      "BlockType": "WORD",
      "Confidence": 82.27676391601562,
      "Text": "5",
      "TextType": "PRINTED",
      "Geometry": {
        "BoundingBox": {
          "Width": 0.022955428808927536,
          "Height": 0.018433738499879837,
          "Left": 0.41784340143203735,
          "Top": 0.3783057630062103
        },
        "Polygon": [
          {
            "X": 0.41820067167282104,
            "Y": 0.3793555498123169
          },
          {
            "X": 0.4407988488674164,
            "Y": 0.3783057630062103
          },
          {
            "X": 0.440436452627182,
            "Y": 0.39571478962898254
          },
          {
            "X": 0.41784340143203735,
            "Y": 0.39673948287963867
          }
        ]
      },
      "Id": "7efe5330-3f59-4660-8fee-ecbe295ff987",
      "Page": 1
    },
    {
      "BlockType": "WORD",
      "Confidence": 84.8372573852539,
      "Text": "88",
      "TextType": "PRINTED",
      "Geometry": {
        "BoundingBox": {
          "Width": 0.02324659563601017,
          "Height": 0.010606451891362667,
          "Left": 0.6039009690284729,
          "Top": 0.3664005398750305
        },
        "Polygon": [
          {
            "X": 0.6041176319122314,
            "Y": 0.36747509241104126
          },
          {
            "X": 0.6271475553512573,
            "Y": 0.3664005398750305
          },
          {
            "X": 0.6269280314445496,
            "Y": 0.3759463131427765
          },
          {
            "X": 0.6039009690284729,
            "Y": 0.37700700759887695
          }
        ]
      },
      "Id": "16fc4539-d5b3-43e7-84b4-f62ff4675c12",
      "Page": 1
    },
    {
      "BlockType": "WORD",
      "Confidence": 99.7958984375,
      "Text": "Data",
      "TextType": "PRINTED",
      "Geometry": {
        "BoundingBox": {
          "Width": 0.018261460587382317,
          "Height": 0.006773774977773428,
          "Left": 0.22915512323379517,
          "Top": 0.4092862010002136
        },
        "Polygon": [
          {
            "X": 0.22926434874534607,
            "Y": 0.4101038873195648
          },
          {
            "X": 0.24741658568382263,
            "Y": 0.4092862010002136
          },
          {
            "X": 0.2473059594631195,
            "Y": 0.4152492582798004
          },
          {
            "X": 0.22915512323379517,
            "Y": 0.4160599708557129
          }
        ]
      },
      "Id": "dffa897b-b8c0-485a-a58d-a57750c0dbf7",
      "Page": 1
    },
    {
      "BlockType": "WORD",
      "Confidence": 99.93929290771484,
      "Text": "strategy",
      "TextType": "PRINTED",
      "Geometry": {
        "BoundingBox": {
          "Width": 0.032188501209020615,
          "Height": 0.008300033397972584,
          "Left": 0.24921482801437378,
          "Top": 0.4078664481639862
        },
        "Polygon": [
          {
            "X": 0.2493421733379364,
            "Y": 0.4093104600906372
          },
          {
            "X": 0.2814033329486847,
            "Y": 0.4078664481639862
          },
          {
            "X": 0.28127312660217285,
            "Y": 0.41473665833473206
          },
          {
            "X": 0.24921482801437378,
            "Y": 0.4161664843559265
          }
        ]
      },
      "Id": "00fdb324-9484-4895-b044-3648d96bc472",
      "Page": 1
    },
    {
      "BlockType": "WORD",
      "Confidence": 99.86143493652344,
      "Text": "AWS",
      "TextType": "PRINTED",
      "Geometry": {
        "BoundingBox": {
          "Width": 0.02020631916821003,
          "Height": 0.0066716717556118965,
          "Left": 0.38384202122688293,
          "Top": 0.4012306034564972
        },
        "Polygon": [
          {
            "X": 0.38395822048187256,
            "Y": 0.4021368622779846
          },
          {
            "X": 0.404048353433609,
            "Y": 0.4012306034564972
          },
          {
            "X": 0.4039306342601776,
            "Y": 0.4070034325122833
          },
          {
            "X": 0.38384202122688293,
            "Y": 0.4079022705554962
          }
        ]
      },
      "Id": "7f12fe50-983a-4662-a28c-efa1ab929e8c",
      "Page": 1
    },
    {
      "BlockType": "WORD",
      "Confidence": 99.30159759521484,
      "Text": "Immersion",
      "TextType": "PRINTED",
      "Geometry": {
        "BoundingBox": {
          "Width": 0.04389427974820137,
          "Height": 0.008322631940245628,
          "Left": 0.40602728724479675,
          "Top": 0.398674339056015
        },
        "Polygon": [
          {
            "X": 0.40615686774253845,
            "Y": 0.40064990520477295
          },
          {
            "X": 0.449921578168869,
            "Y": 0.398674339056015
          },
          {
            "X": 0.449788361787796,
            "Y": 0.4050391614437103
          },
          {
            "X": 0.40602728724479675,
            "Y": 0.4069969654083252
          }
        ]
      },
      "Id": "8db480df-6d5e-45c0-ae57-9105a972ec92",
      "Page": 1
    },
    {
      "BlockType": "WORD",
      "Confidence": 99.96631622314453,
      "Text": "Day",
      "TextType": "PRINTED",
      "Geometry": {
        "BoundingBox": {
          "Width": 0.016494791954755783,
          "Height": 0.008108055219054222,
          "Left": 0.4523507058620453,
          "Top": 0.39791154861450195
        },
        "Polygon": [
          {
            "X": 0.4525051712989807,
            "Y": 0.39864906668663025
          },
          {
            "X": 0.4688454866409302,
            "Y": 0.39791154861450195
          },
          {
            "X": 0.4686894416809082,
            "Y": 0.40528976917266846
          },
          {
            "X": 0.4523507058620453,
            "Y": 0.4060195982456207
          }
        ]
      },
      "Id": "22a14733-58fa-4a74-8043-8a77fa753b75",
      "Page": 1
    },
    {
      "BlockType": "WORD",
      "Confidence": 99.79620361328125,
      "Text": "AWS",
      "TextType": "PRINTED",
      "Geometry": {
        "BoundingBox": {
          "Width": 0.02187414839863777,
          "Height": 0.007243562024086714,
          "Left": 0.5529616475105286,
          "Top": 0.3916054964065552
        },
        "Polygon": [
          {
            "X": 0.5531002283096313,
            "Y": 0.39258861541748047
          },
          {
            "X": 0.5748357772827148,
            "Y": 0.3916054964065552
          },
          {
            "X": 0.5746954083442688,
            "Y": 0.3978745639324188
          },
          {
            "X": 0.5529616475105286,
            "Y": 0.3988490700721741
          }
        ]
      },
      "Id": "d0e04211-a6ac-45c7-8f79-4ce26153149a",
      "Page": 1
    },
    {
      "BlockType": "WORD",
      "Confidence": 99.69095611572266,
      "Text": "Professional",
      "TextType": "PRINTED",
      "Geometry": {
        "BoundingBox": {
          "Width": 0.05621814355254173,
          "Height": 0.009385447017848492,
          "Left": 0.5771512985229492,
          "Top": 0.38812410831451416
        },
        "Polygon": [
          {
            "X": 0.5773048400878906,
            "Y": 0.3906628489494324
          },
          {
            "X": 0.6333694458007812,
            "Y": 0.38812410831451416
          },
          {
            "X": 0.6332108378410339,
            "Y": 0.3949950933456421
          },
          {
            "X": 0.5771512985229492,
            "Y": 0.39750954508781433
          }
        ]
      },
      "Id": "5c1f8256-9312-4a92-8891-b03dacf30a3f",
      "Page": 1
    },
    {
      "BlockType": "WORD",
      "Confidence": 99.84127044677734,
      "Text": "Services",
      "TextType": "PRINTED",
      "Geometry": {
        "BoundingBox": {
          "Width": 0.03882620111107826,
          "Height": 0.008292640559375286,
          "Left": 0.6355130076408386,
          "Top": 0.38579198718070984
        },
        "Polygon": [
          {
            "X": 0.6356641054153442,
            "Y": 0.3875444233417511
          },
          {
            "X": 0.6743391752243042,
            "Y": 0.38579198718070984
          },
          {
            "X": 0.6741847395896912,
            "Y": 0.39234811067581177
          },
          {
            "X": 0.6355130076408386,
            "Y": 0.3940846025943756
          }
        ]
      },
      "Id": "10de8f83-cb9d-47d5-a41c-f5437b1b669e",
      "Page": 1
    },
    {
      "BlockType": "WORD",
      "Confidence": 99.62457275390625,
      "Text": "AWS",
      "TextType": "PRINTED",
      "Geometry": {
        "BoundingBox": {
          "Width": 0.01834239810705185,
          "Height": 0.006532668136060238,
          "Left": 0.22084762156009674,
          "Top": 0.4466617703437805
        },
        "Polygon": [
          {
            "X": 0.22095264494419098,
            "Y": 0.4474400579929352
          },
          {
            "X": 0.2391900271177292,
            "Y": 0.4466617703437805
          },
          {
            "X": 0.2390836477279663,
            "Y": 0.45242294669151306
          },
          {
            "X": 0.22084762156009674,
            "Y": 0.45319443941116333
          }
        ]
      },
      "Id": "d2533d5e-c4cc-4641-9ff1-dda9b43e2808",
      "Page": 1
    },
    {
      "BlockType": "WORD",
      "Confidence": 99.70157623291016,
      "Text": "Pathfinder",
      "TextType": "PRINTED",
      "Geometry": {
        "BoundingBox": {
          "Width": 0.04227696731686592,
          "Height": 0.007875096052885056,
          "Left": 0.24107904732227325,
          "Top": 0.4445260465145111
        },
        "Polygon": [
          {
            "X": 0.24119135737419128,
            "Y": 0.4463260769844055
          },
          {
            "X": 0.2833560109138489,
            "Y": 0.4445260465145111
          },
          {
            "X": 0.2832403779029846,
            "Y": 0.45061761140823364
          },
          {
            "X": 0.24107904732227325,
            "Y": 0.45240113139152527
          }
        ]
      },
      "Id": "492cd1bf-7427-43d8-8956-f973f29f797b",
      "Page": 1
    },
    {
      "BlockType": "WORD",
      "Confidence": 99.8724136352539,
      "Text": "AWS",
      "TextType": "PRINTED",
      "Geometry": {
        "BoundingBox": {
          "Width": 0.02253901958465576,
          "Height": 0.0076564303599298,
          "Left": 0.5776312351226807,
          "Top": 0.4306609332561493
        },
        "Polygon": [
          {
            "X": 0.5777815580368042,
            "Y": 0.43161720037460327
          },
          {
            "X": 0.6001702547073364,
            "Y": 0.4306609332561493
          },
          {
            "X": 0.6000179648399353,
            "Y": 0.43737056851387024
          },
          {
            "X": 0.5776312351226807,
            "Y": 0.43831735849380493
          }
        ]
      },
      "Id": "5440e413-d357-4994-b9da-c62d5d5db569",
      "Page": 1
    },
    {
      "BlockType": "WORD",
      "Confidence": 99.92630004882812,
      "Text": "Migration",
      "TextType": "PRINTED",
      "Geometry": {
        "BoundingBox": {
          "Width": 0.04543239250779152,
          "Height": 0.010110258124768734,
          "Left": 0.6024795174598694,
          "Top": 0.4282785654067993
        },
        "Polygon": [
          {
            "X": 0.602665364742279,
            "Y": 0.4302121102809906
          },
          {
            "X": 0.6479119062423706,
            "Y": 0.4282785654067993
          },
          {
            "X": 0.6477211713790894,
            "Y": 0.4364786148071289
          },
          {
            "X": 0.6024795174598694,
            "Y": 0.4383888244628906
          }
        ]
      },
      "Id": "32ceb894-c74d-41e8-ab14-5f505b85890b",
      "Page": 1
    },
    {
      "BlockType": "WORD",
      "Confidence": 99.9021224975586,
      "Text": "Acceleration",
      "TextType": "PRINTED",
      "Geometry": {
        "BoundingBox": {
          "Width": 0.057690467685461044,
          "Height": 0.008924927562475204,
          "Left": 0.5624950528144836,
          "Top": 0.43810391426086426
        },
        "Polygon": [
          {
            "X": 0.5626396536827087,
            "Y": 0.44053196907043457
          },
          {
            "X": 0.6201854944229126,
            "Y": 0.43810391426086426
          },
          {
            "X": 0.6200359463691711,
            "Y": 0.44462448358535767
          },
          {
            "X": 0.5624950528144836,
            "Y": 0.44702884554862976
          }
        ]
      },
      "Id": "ef50d50d-242f-4f19-b20e-395f33c22bc6",
      "Page": 1
    },
    {
      "BlockType": "WORD",
      "Confidence": 99.91177368164062,
      "Text": "Program",
      "TextType": "PRINTED",
      "Geometry": {
        "BoundingBox": {
          "Width": 0.04098441079258919,
          "Height": 0.0095028355717659,
          "Left": 0.622972846031189,
          "Top": 0.4363126754760742
        },
        "Polygon": [
          {
            "X": 0.6231516003608704,
            "Y": 0.4380342364311218
          },
          {
            "X": 0.6639572978019714,
            "Y": 0.4363126754760742
          },
          {
            "X": 0.663774311542511,
            "Y": 0.44411396980285645
          },
          {
            "X": 0.622972846031189,
            "Y": 0.4458155035972595
          }
        ]
      },
      "Id": "75df8d9f-e73b-44e3-a02f-635674c7a38a",
      "Page": 1
    },
    {
      "BlockType": "WORD",
      "Confidence": 99.8729248046875,
      "Text": "AWS",
      "TextType": "PRINTED",
      "Geometry": {
        "BoundingBox": {
          "Width": 0.021992649883031845,
          "Height": 0.007207537069916725,
          "Left": 0.5623112320899963,
          "Top": 0.4809314012527466
        },
        "Polygon": [
          {
            "X": 0.562452495098114,
            "Y": 0.4817967712879181
          },
          {
            "X": 0.5843038558959961,
            "Y": 0.4809314012527466
          },
          {
            "X": 0.5841608047485352,
            "Y": 0.48728230595588684
          },
          {
            "X": 0.5623112320899963,
            "Y": 0.48813891410827637
          }
        ]
      },
      "Id": "f8e60e63-5a1b-4075-9285-b9b09cf06bdf",
      "Page": 1
    },
    {
      "BlockType": "WORD",
      "Confidence": 99.94658660888672,
      "Text": "Partner",
      "TextType": "PRINTED",
      "Geometry": {
        "BoundingBox": {
          "Width": 0.03451502323150635,
          "Height": 0.008009444922208786,
          "Left": 0.5868548154830933,
          "Top": 0.4794904887676239
        },
        "Polygon": [
          {
            "X": 0.5870047807693481,
            "Y": 0.4808513820171356
          },
          {
            "X": 0.6213698387145996,
            "Y": 0.4794904887676239
          },
          {
            "X": 0.6212168335914612,
            "Y": 0.4861534833908081
          },
          {
            "X": 0.5868548154830933,
            "Y": 0.4874999523162842
          }
        ]
      },
      "Id": "40fe5fc2-8a61-433c-a580-50393a0a3cd0",
      "Page": 1
    },
    {
      "BlockType": "WORD",
      "Confidence": 99.94952392578125,
      "Text": "Network",
      "TextType": "PRINTED",
      "Geometry": {
        "BoundingBox": {
          "Width": 0.041456498205661774,
          "Height": 0.008198528550565243,
          "Left": 0.6237368583679199,
          "Top": 0.4780709147453308
        },
        "Polygon": [
          {
            "X": 0.6238877773284912,
            "Y": 0.4797058403491974
          },
          {
            "X": 0.6651933789253235,
            "Y": 0.4780709147453308
          },
          {
            "X": 0.6650388836860657,
            "Y": 0.4846515953540802
          },
          {
            "X": 0.6237368583679199,
            "Y": 0.48626944422721863
          }
        ]
      },
      "Id": "2a9626f0-cd48-4b06-9bab-5797e25018a8",
      "Page": 1
    },
    {
      "BlockType": "WORD",
      "Confidence": 98.22802734375,
      "Text": "100,000+",
      "TextType": "PRINTED",
      "Geometry": {
        "BoundingBox": {
          "Width": 0.037009041756391525,
          "Height": 0.007808658294379711,
          "Left": 0.549403727054596,
          "Top": 0.48886775970458984
        },
        "Polygon": [
          {
            "X": 0.5495445728302002,
            "Y": 0.49030929803848267
          },
          {
            "X": 0.586412787437439,
            "Y": 0.48886775970458984
          },
          {
            "X": 0.5862688422203064,
            "Y": 0.49524974822998047
          },
          {
            "X": 0.549403727054596,
            "Y": 0.49667641520500183
          }
        ]
      },
      "Id": "7b9e22fe-31f8-4f43-b96c-39e9bdc2403a",
      "Page": 1
    },
    {
      "BlockType": "WORD",
      "Confidence": 99.83553314208984,
      "Text": "AWS",
      "TextType": "PRINTED",
      "Geometry": {
        "BoundingBox": {
          "Width": 0.0195549838244915,
          "Height": 0.006622490473091602,
          "Left": 0.5878907442092896,
          "Top": 0.4884245693683624
        },
        "Polygon": [
          {
            "X": 0.5880231261253357,
            "Y": 0.48918354511260986
          },
          {
            "X": 0.6074457168579102,
            "Y": 0.4884245693683624
          },
          {
            "X": 0.6073118448257446,
            "Y": 0.49429529905319214
          },
          {
            "X": 0.5878907442092896,
            "Y": 0.49504706263542175
          }
        ]
      },
      "Id": "7f1ddde7-c3f3-47e2-b444-a62608e1a5f8",
      "Page": 1
    },
    {
      "BlockType": "WORD",
      "Confidence": 99.93769073486328,
      "Text": "partners",
      "TextType": "PRINTED",
      "Geometry": {
        "BoundingBox": {
          "Width": 0.03459853678941727,
          "Height": 0.00754812266677618,
          "Left": 0.6094426512718201,
          "Top": 0.48789748549461365
        },
        "Polygon": [
          {
            "X": 0.6095842719078064,
            "Y": 0.48924198746681213
          },
          {
            "X": 0.6440411806106567,
            "Y": 0.48789748549461365
          },
          {
            "X": 0.643896758556366,
            "Y": 0.49411457777023315
          },
          {
            "X": 0.6094426512718201,
            "Y": 0.4954456090927124
          }
        ]
      },
      "Id": "472cfa52-3971-40e3-a090-5f4e87128efc",
      "Page": 1
    },
    {
      "BlockType": "WORD",
      "Confidence": 99.95722961425781,
      "Text": "globally",
      "TextType": "PRINTED",
      "Geometry": {
        "BoundingBox": {
          "Width": 0.03371737524867058,
          "Height": 0.008470455184578896,
          "Left": 0.6460753083229065,
          "Top": 0.4860750436782837
        },
        "Polygon": [
          {
            "X": 0.6462418437004089,
            "Y": 0.487385094165802
          },
          {
            "X": 0.6797927021980286,
            "Y": 0.4860750436782837
          },
          {
            "X": 0.6796229481697083,
            "Y": 0.4932505786418915
          },
          {
            "X": 0.6460753083229065,
            "Y": 0.49454551935195923
          }
        ]
      },
      "Id": "4c13999d-c927-410c-9862-e8b89530aae5",
      "Page": 1
    },
    {
      "BlockType": "WORD",
      "Confidence": 97.13793182373047,
      "Text": "30",
      "TextType": "PRINTED",
      "Geometry": {
        "BoundingBox": {
          "Width": 0.011264446191489697,
          "Height": 0.006525611504912376,
          "Left": 0.7449083924293518,
          "Top": 0.500341534614563
        },
        "Polygon": [
          {
            "X": 0.7450574636459351,
            "Y": 0.5007636547088623
          },
          {
            "X": 0.7561728358268738,
            "Y": 0.500341534614563
          },
          {
            "X": 0.7560228705406189,
            "Y": 0.5064492225646973
          },
          {
            "X": 0.7449083924293518,
            "Y": 0.5068671107292175
          }
        ]
      },
      "Id": "c37ca6da-4745-459c-a9a4-25b8a5d22115",
      "Page": 1
    }
  ],
  "DetectDocumentTextModelVersion": "1.0"
}