{
  "DocumentMetadata": {
    "Pages": 1
  },
  "JobStatus": "SUCCEEDED",
  "Blocks": [
    {
      "BlockType": "PAGE",
      "Geometry": {
        "BoundingBox": {
          "Width": 1,
          "Height": 1,
          "Left": 0,
          "Top": 0
        },
        "Polygon": [
          {
            "X": 0,
            "Y": 0
          },
          {
            "X": 0.9997949600219727,
            "Y": 0
          },
          {
            "X": 1,
            "Y": 1
          },
          {
            "X": 0,
            "Y": 1
          }
        ]
      },
      "Id": "0d2925c2-bbd5-4d6e-a9e3-609c797acb05",
      "Relationships": [
        {
          "Type": "CHILD",
          "Ids": [
            "dd836a47-7f0b-4ec4-b7ff-1a7af5793cda",
            "3f91068b-4c7a-4f1e-a2ff-27a3d9011962",
            "15695829-e5a5-47a3-a316-0d092f6a251d",
            "57d1f0be-7731-4af3-a3ec-2f97cd978f0c",
            "7edb40e6-ea5c-422b-9d37-4e5ed24fa25c",
            "07e1ff78-d0ca-40b4-a3c6-e94f52832e04",
            "a01a8924-7fd0-4bbf-804d-700a49211181",
            "8b5097c6-c5f3-4e4a-8ae3-ab821375a9b0",
            "057b5f55-43f2-4450-9aa0-0014af63b7a1",
            "15a412c8-e9cc-45eb-bd35-40dbf834bebc"
          ]
        }
      ],
      "Page": 1
    },
    {
      "BlockType": "LINE",
      "Confidence": 97.52302551269531,
      "Text": "Cloud",
      "Geometry": {
        "BoundingBox": {
          "Width": 0.023876024410128593,
          "Height": 0.007108375895768404,
          "Left": 0.7160826325416565,
          "Top": 0.20358623564243317
        },
        "Polygon": [
          {
            "X": 0.7160826325416565,
            "Y": 0.20485122501850128
          },
          {
            "X": 0.7398943305015564,
            "Y": 0.20358623564243317
          },
          {
            "X": 0.739958643913269,
            "Y": 0.20943684875965118
          },
          {
            "X": 0.7161442041397095,
            "Y": 0.21069461107254028
          }
        ]
      },
      "Id": "dd836a47-7f0b-4ec4-b7ff-1a7af5793cda",
      "Relationships": [
        {
          "Type": "CHILD",
          "Ids": [
            "5ebcbd04-630b-42f0-b6af-71766b8c0ea4"
          ]
        }
      ],
      "Page": 1
    },
    {
      "BlockType": "LINE",
      "Confidence": 89.9618911743164,
      "Text": "aws",
      "Geometry": {
        "BoundingBox": {
          "Width": 0.043912820518016815,
          "Height": 0.013971702195703983,
          "Left": 0.6474984288215637,
          "Top": 0.2088192105293274
        },
        "Polygon": [
          {
            "X": 0.6474984288215637,
            "Y": 0.21113966405391693
          },
          {
            "X": 0.6912938356399536,
            "Y": 0.2088192105293274
          },
          {
            "X": 0.6914112567901611,
            "Y": 0.22049707174301147
          },
          {
            "X": 0.6476057767868042,
            "Y": 0.2227909117937088
          }
        ]
      },
      "Id": "3f91068b-4c7a-4f1e-a2ff-27a3d9011962",
      "Relationships": [
        {
          "Type": "CHILD",
          "Ids": [
            "d4e9d289-ce05-4342-b597-454fa1103e63"
          ]
        }
      ],
      "Page": 1
    },
    {
      "BlockType": "LINE",
      "Confidence": 99.45197296142578,
      "Text": "Experience",
      "Geometry": {
        "BoundingBox": {
          "Width": 0.04430412873625755,
          "Height": 0.009678944014012814,
          "Left": 0.7162372469902039,
          "Top": 0.2091658115386963
        },
        "Polygon": [
          {
            "X": 0.7162372469902039,
            "Y": 0.2114994078874588
          },
          {
            "X": 0.7604575157165527,
            "Y": 0.2091658115386963
          },
          {
            "X": 0.7605413794517517,
            "Y": 0.2165280431509018
          },
          {
            "X": 0.7163146138191223,
            "Y": 0.21884475648403168
          }
        ]
      },
      "Id": "15695829-e5a5-47a3-a316-0d092f6a251d",
      "Relationships": [
        {
          "Type": "CHILD",
          "Ids": [
            "e594cfdf-ce03-46ba-9525-a2d276ec0024"
          ]
        }
      ],
      "Page": 1
    },
    {
      "BlockType": "LINE",
      "Confidence": 99.92926788330078,
      "Text": "2025",
      "Geometry": {
        "BoundingBox": {
          "Width": 0.020756920799613,
          "Height": 0.006871594116091728,
          "Left": 0.7164446115493774,
          "Top": 0.21850723028182983
        },
        "Polygon": [
          {
            "X": 0.7164446115493774,
            "Y": 0.21959038078784943
          },
          {
            "X": 0.7371381521224976,
            "Y": 0.21850723028182983
          },
          {
            "X": 0.7372015118598938,
            "Y": 0.22430190443992615
          },
          {
            "X": 0.7165056467056274,
            "Y": 0.2253788262605667
          }
        ]
      },
      "Id": "57d1f0be-7731-4af3-a3ec-2f97cd978f0c",
      "Relationships": [
        {
          "Type": "CHILD",
          "Ids": [
            "da1022be-0f2a-4aa3-a023-a8b74aca6a2e"
          ]
        }
      ],
      "Page": 1
    },
    {
      "BlockType": "LINE",
      "Confidence": 99.63702392578125,
      "Text": "Cloud",
      "Geometry": {
        "BoundingBox": {
          "Width": 0.04750889539718628,
          "Height": 0.01607980951666832,
          "Left": 0.020430155098438263,
          "Top": 0.3173653781414032
        },
        "Polygon": [
          {
            "X": 0.020469410344958305,
            "Y": 0.3196837306022644
          },
          {
            "X": 0.06793905049562454,
            "Y": 0.3173653781414032
          },
          {
            "X": 0.0679122731089592,
            "Y": 0.33116215467453003
          },
          {
            "X": 0.020430155098438263,
            "Y": 0.33344516158103943
          }
        ]
      },
      "Id": "7edb40e6-ea5c-422b-9d37-4e5ed24fa25c",
      "Relationships": [
        {
          "Type": "CHILD",
          "Ids": [
            "55a62033-7390-483a-9e0f-81dae5319a52"
          ]
        }
      ],
      "Page": 1
    },
    {
      "BlockType": "LINE",
      "Confidence": 99.8048095703125,
      "Text": "Experience",
      "Geometry": {
        "BoundingBox": {
          "Width": 0.08791902661323547,
          "Height": 0.0195781197398901,
          "Left": 0.018922559916973114,
          "Top": 0.3340834975242615
        },
        "Polygon": [
          {
            "X": 0.01896684803068638,
            "Y": 0.33828556537628174
          },
          {
            "X": 0.10684158653020859,
            "Y": 0.3340834975242615
          },
          {
            "X": 0.1068231612443924,
            "Y": 0.3495326638221741
          },
          {
            "X": 0.018922559916973114,
            "Y": 0.35366159677505493
          }
        ]
      },
      "Id": "07e1ff78-d0ca-40b4-a3c6-e94f52832e04",
      "Relationships": [
        {
          "Type": "CHILD",
          "Ids": [
            "bf22fb52-f1c7-4a8f-bf0d-a9439097989e"
          ]
        }
      ],
      "Page": 1
    },
    {
      "BlockType": "LINE",
      "Confidence": 99.84712982177734,
      "Text": "Amazon Q no QuickSight:",
      "Geometry": {
        "BoundingBox": {
          "Width": 0.36296841502189636,
          "Height": 0.04552841931581497,
          "Left": 0.20221222937107086,
          "Top": 0.30111658573150635
        },
        "Polygon": [
          {
            "X": 0.20221222937107086,
            "Y": 0.3186773657798767
          },
          {
            "X": 0.5649636387825012,
            "Y": 0.30111658573150635
          },
          {
            "X": 0.5651806592941284,
            "Y": 0.32962772250175476
          },
          {
            "X": 0.20223011076450348,
            "Y": 0.3466449975967407
          }
        ]
      },
      "Id": "a01a8924-7fd0-4bbf-804d-700a49211181",
      "Relationships": [
        {
          "Type": "CHILD",
          "Ids": [
            "b714b1f1-1a36-4412-bea9-d942932e08f4",
            "cf932453-4b5c-46d6-b288-5782d913efda",
            "8d7b764a-140e-45b9-bc90-129d311ada37",
            "5cdc1db7-33b5-4cf2-82fd-b43770bb144e"
          ]
        }
      ],
      "Page": 1
    },
    {
      "BlockType": "LINE",
      "Confidence": 99.94341278076172,
      "Text": "2025",
      "Geometry": {
        "BoundingBox": {
          "Width": 0.03962522745132446,
          "Height": 0.013372302055358887,
          "Left": 0.016767647117376328,
          "Top": 0.35631057620048523
        },
        "Polygon": [
          {
            "X": 0.01680130325257778,
            "Y": 0.35816070437431335
          },
          {
            "X": 0.05639287456870079,
            "Y": 0.35631057620048523
          },
          {
            "X": 0.05636792629957199,
            "Y": 0.3678574562072754
          },
          {
            "X": 0.016767647117376328,
            "Y": 0.3696828782558441
          }
        ]
      },
      "Id": "8b5097c6-c5f3-4e4a-8ae3-ab821375a9b0",
      "Relationships": [
        {
          "Type": "CHILD",
          "Ids": [
            "9d86d671-78e1-4170-aca5-0d90682a86d7"
          ]
        }
      ],
      "Page": 1
    },
    {
      "BlockType": "LINE",
      "Confidence": 99.66700744628906,
      "Text": "Seu assistente de dados com",
      "Geometry": {
        "BoundingBox": {
          "Width": 0.40461990237236023,
          "Height": 0.043834757059812546,
          "Left": 0.2023766040802002,
          "Top": 0.3266226351261139
        },
        "Polygon": [
          {
            "X": 0.2023766040802002,
            "Y": 0.34560635685920715
          },
          {
            "X": 0.6067829728126526,
            "Y": 0.3266226351261139
          },
          {
            "X": 0.606996476650238,
            "Y": 0.3520123064517975
          },
          {
            "X": 0.2023925632238388,
            "Y": 0.37045738101005554
          }
        ]
      },
      "Id": "057b5f55-43f2-4450-9aa0-0014af63b7a1",
      "Relationships": [
        {
          "Type": "CHILD",
          "Ids": [
            "361a457e-bfb6-401c-b6b6-5aaf931278a4",
            "b4d6bab5-f5dd-4ef3-aef4-cb95462d10cb",
            "b11d7fbc-476e-4b3c-9004-ce4b809b8347",
            "c0466745-5046-4e52-b9a9-ae6c5299ca7c",
            "a78cb09e-1411-40b8-8c60-01f2264b6ded"
          ]
        }
      ],
      "Page": 1
    },
    {
      "BlockType": "LINE",
      "Confidence": 98.6011734008789,
      "Text": "inteligência artificial",
      "Geometry": {
        "BoundingBox": {
          "Width": 0.2873366177082062,
          "Height": 0.04045814275741577,
          "Left": 0.2015308439731598,
          "Top": 0.35852354764938354
        },
        "Polygon": [
          {
            "X": 0.2015308439731598,
            "Y": 0.37159764766693115
          },
          {
            "X": 0.48869675397872925,
            "Y": 0.35852354764938354
          },
          {
            "X": 0.48886746168136597,
            "Y": 0.3863293528556824
          },
          {
            "X": 0.20154796540737152,
            "Y": 0.3989816904067993
          }
        ]
      },
      "Id": "15a412c8-e9cc-45eb-bd35-40dbf834bebc",
      "Relationships": [
        {
          "Type": "CHILD",
          "Ids": [
            "215d1710-c174-4609-859d-23364389c86d",
            "141c0630-03aa-4360-94a1-bf5ec934fbdc"
          ]
        }
      ],
      "Page": 1
    },
    {
      "BlockType": "WORD",
      "Confidence": 97.52302551269531,
      "Text": "Cloud",
      "TextType": "PRINTED",
      "Geometry": {
        "BoundingBox": {
          "Width": 0.023876024410128593,
          "Height": 0.007108375895768404,
          "Left": 0.7160826325416565,
          "Top": 0.20358623564243317
        },
        "Polygon": [
          {
            "X": 0.7160826325416565,
            "Y": 0.20485122501850128
          },
          {
            "X": 0.7398943305015564,
            "Y": 0.20358623564243317
          },
          {
            "X": 0.739958643913269,
            "Y": 0.20943684875965118
          },
          {
            "X": 0.7161442041397095,
            "Y": 0.21069461107254028
          }
        ]
      },
      "Id": "5ebcbd04-630b-42f0-b6af-71766b8c0ea4",
      "Page": 1
    },
    {
      "BlockType": "WORD",
      "Confidence": 89.9618911743164,
      "Text": "aws",
      "TextType": "PRINTED",
      "Geometry": {
        "BoundingBox": {
          "Width": 0.043912820518016815,
          "Height": 0.013971702195703983,
          "Left": 0.6474984288215637,
          "Top": 0.2088192105293274
        },
        "Polygon": [
          {
            "X": 0.6474984288215637,
            "Y": 0.21113966405391693
          },
          {
            "X": 0.6912938356399536,
            "Y": 0.2088192105293274
          },
          {
            "X": 0.6914112567901611,
            "Y": 0.22049707174301147
          },
          {
            "X": 0.6476057767868042,
            "Y": 0.2227909117937088
          }
        ]
      },
      "Id": "d4e9d289-ce05-4342-b597-454fa1103e63",
      "Page": 1
    },
    {
      "BlockType": "WORD",
      "Confidence": 99.45197296142578,
      "Text": "Experience",
      "TextType": "PRINTED",
      "Geometry": {
        "BoundingBox": {
          "Width": 0.04430412873625755,
          "Height": 0.009678944014012814,
          "Left": 0.7162372469902039,
          "Top": 0.2091658115386963
        },
        "Polygon": [
          {
            "X": 0.7162372469902039,
            "Y": 0.2114994078874588
          },
          {
            "X": 0.7604575157165527,
            "Y": 0.2091658115386963
          },
          {
            "X": 0.7605413794517517,
            "Y": 0.2165280431509018
          },
          {
            "X": 0.7163146138191223,
            "Y": 0.21884475648403168
          }
        ]
      },
      "Id": "e594cfdf-ce03-46ba-9525-a2d276ec0024",
      "Page": 1
    },
    {
      "BlockType": "WORD",
      "Confidence": 99.92926788330078,
      "Text": "2025",
      "TextType": "PRINTED",
      "Geometry": {
        "BoundingBox": {
          "Width": 0.020756920799613,
          "Height": 0.006871594116091728,
          "Left": 0.7164446115493774,
          "Top": 0.21850723028182983
        },
        "Polygon": [
          {
            "X": 0.7164446115493774,
            "Y": 0.21959038078784943
          },
          {
            "X": 0.7371381521224976,
            "Y": 0.21850723028182983
          },
          {
            "X": 0.7372015118598938,
            "Y": 0.22430190443992615
          },
          {
            "X": 0.7165056467056274,
            "Y": 0.2253788262605667
          }
        ]
      },
      "Id": "da1022be-0f2a-4aa3-a023-a8b74aca6a2e",
      "Page": 1
    },
    {
      "BlockType": "WORD",
      "Confidence": 99.63702392578125,
      "Text": "Cloud",
      "TextType": "PRINTED",
      "Geometry": {
        "BoundingBox": {
          "Width": 0.04750889539718628,
          "Height": 0.01607980951666832,
          "Left": 0.020430155098438263,
          "Top": 0.3173653781414032
        },
        "Polygon": [
          {
            "X": 0.020469410344958305,
            "Y": 0.3196837306022644
          },
          {
            "X": 0.06793905049562454,
            "Y": 0.3173653781414032
          },
          {
            "X": 0.0679122731089592,
            "Y": 0.33116215467453003
          },
          {
            "X": 0.020430155098438263,
            "Y": 0.33344516158103943
          }
        ]
      },
      "Id": "55a62033-7390-483a-9e0f-81dae5319a52",
      "Page": 1
    },
    {
      "BlockType": "WORD",
      "Confidence": 99.8048095703125,
      "Text": "Experience",
      "TextType": "PRINTED",
      "Geometry": {
        "BoundingBox": {
          "Width": 0.08791902661323547,
          "Height": 0.0195781197398901,
          "Left": 0.018922559916973114,
          "Top": 0.3340834975242615
        },
        "Polygon": [
          {
            "X": 0.01896684803068638,
            "Y": 0.33828556537628174
          },
          {
            "X": 0.10684158653020859,
            "Y": 0.3340834975242615
          },
          {
            "X": 0.1068231612443924,
            "Y": 0.3495326638221741
          },
          {
            "X": 0.018922559916973114,
            "Y": 0.35366159677505493
          }
        ]
      },
      "Id": "bf22fb52-f1c7-4a8f-bf0d-a9439097989e",
      "Page": 1
    },
    {
      "BlockType": "WORD",
      "Confidence": 99.92091369628906,
      "Text": "Amazon",
      "TextType": "PRINTED",
      "Geometry": {
        "BoundingBox": {
          "Width": 0.10685709118843079,
          "Height": 0.023256940767169,
          "Left": 0.20221851766109467,
          "Top": 0.32338806986808777
        },
        "Polygon": [
          {
            "X": 0.20221851766109467,
            "Y": 0.32850146293640137
          },
          {
            "X": 0.3090265095233917,
            "Y": 0.32338806986808777
          },
          {
            "X": 0.30907559394836426,
            "Y": 0.34163543581962585
          },
          {
            "X": 0.20223011076450348,
            "Y": 0.3466449975967407
          }
        ]
      },
      "Id": "b714b1f1-1a36-4412-bea9-d942932e08f4",
      "Page": 1
    },
    {
      "BlockType": "WORD",
      "Confidence": 99.9267349243164,
      "Text": "Q",
      "TextType": "PRINTED",
      "Geometry": {
        "BoundingBox": {
          "Width": 0.021249935030937195,
          "Height": 0.02170442044734955,
          "Left": 0.31906768679618835,
          "Top": 0.31929099559783936
        },
        "Polygon": [
          {
            "X": 0.31906768679618835,
            "Y": 0.32030802965164185
          },
          {
            "X": 0.3402494490146637,
            "Y": 0.31929099559783936
          },
          {
            "X": 0.34031760692596436,
            "Y": 0.3400017023086548
          },
          {
            "X": 0.3191273510456085,
            "Y": 0.3409954011440277
          }
        ]
      },
      "Id": "cf932453-4b5c-46d6-b288-5782d913efda",
      "Page": 1
    },
    {
      "BlockType": "WORD",
      "Confidence": 99.91584777832031,
      "Text": "no",
      "TextType": "PRINTED",
      "Geometry": {
        "BoundingBox": {
          "Width": 0.033975303173065186,
          "Height": 0.01558460108935833,
          "Left": 0.349741131067276,
          "Top": 0.3200662434101105
        },
        "Polygon": [
          {
            "X": 0.349741131067276,
            "Y": 0.32168957591056824
          },
          {
            "X": 0.3836587369441986,
            "Y": 0.3200662434101105
          },
          {
            "X": 0.3837164342403412,
            "Y": 0.3340526819229126
          },
          {
            "X": 0.34978964924812317,
            "Y": 0.33565083146095276
          }
        ]
      },
      "Id": "8d7b764a-140e-45b9-bc90-129d311ada37",
      "Page": 1
    },
    {
      "BlockType": "WORD",
      "Confidence": 99.62503814697266,
      "Text": "QuickSight:",
      "TextType": "PRINTED",
      "Geometry": {
        "BoundingBox": {
          "Width": 0.17138226330280304,
          "Height": 0.034425247460603714,
          "Left": 0.3937821090221405,
          "Top": 0.30111658573150635
        },
        "Polygon": [
          {
            "X": 0.3937821090221405,
            "Y": 0.3094034790992737
          },
          {
            "X": 0.5649636387825012,
            "Y": 0.30111658573150635
          },
          {
            "X": 0.5651643872261047,
            "Y": 0.3274921476840973
          },
          {
            "X": 0.39389505982398987,
            "Y": 0.33554181456565857
          }
        ]
      },
      "Id": "5cdc1db7-33b5-4cf2-82fd-b43770bb144e",
      "Page": 1
    },
    {
      "BlockType": "WORD",
      "Confidence": 99.94341278076172,
      "Text": "2025",
      "TextType": "PRINTED",
      "Geometry": {
        "BoundingBox": {
          "Width": 0.03962522745132446,
          "Height": 0.013372302055358887,
          "Left": 0.016767647117376328,
          "Top": 0.35631057620048523
        },
        "Polygon": [
          {
            "X": 0.01680130325257778,
            "Y": 0.35816070437431335
          },
          {
            "X": 0.05639287456870079,
            "Y": 0.35631057620048523
          },
          {
            "X": 0.05636792629957199,
            "Y": 0.3678574562072754
          },
          {
            "X": 0.016767647117376328,
            "Y": 0.3696828782558441
          }
        ]
      },
      "Id": "9d86d671-78e1-4170-aca5-0d90682a86d7",
      "Page": 1
    },
    {
      "BlockType": "WORD",
      "Confidence": 99.62799072265625,
      "Text": "Seu",
      "TextType": "PRINTED",
      "Geometry": {
        "BoundingBox": {
          "Width": 0.046695541590452194,
          "Height": 0.019578013569116592,
          "Left": 0.20238138735294342,
          "Top": 0.35087937116622925
        },
        "Polygon": [
          {
            "X": 0.20238138735294342,
            "Y": 0.35305118560791016
          },
          {
            "X": 0.2490500807762146,
            "Y": 0.35087937116622925
          },
          {
            "X": 0.2490769326686859,
            "Y": 0.36832913756370544
          },
          {
            "X": 0.2023925632238388,
            "Y": 0.37045738101005554
          }
        ]
      },
      "Id": "361a457e-bfb6-401c-b6b6-5aaf931278a4",
      "Page": 1
    },
    {
      "BlockType": "WORD",
      "Confidence": 99.39459228515625,
      "Text": "assistente",
      "TextType": "PRINTED",
      "Geometry": {
        "BoundingBox": {
          "Width": 0.13481473922729492,
          "Height": 0.0252310112118721,
          "Left": 0.2570687234401703,
          "Top": 0.341373473405838
        },
        "Polygon": [
          {
            "X": 0.2570687234401703,
            "Y": 0.3476642668247223
          },
          {
            "X": 0.3918018043041229,
            "Y": 0.341373473405838
          },
          {
            "X": 0.3918834626674652,
            "Y": 0.36045005917549133
          },
          {
            "X": 0.25710076093673706,
            "Y": 0.3666044771671295
          }
        ]
      },
      "Id": "b4d6bab5-f5dd-4ef3-aef4-cb95462d10cb",
      "Page": 1
    },
    {
      "BlockType": "WORD",
      "Confidence": 99.85505676269531,
      "Text": "de",
      "TextType": "PRINTED",
      "Geometry": {
        "BoundingBox": {
          "Width": 0.03368411213159561,
          "Height": 0.020786859095096588,
          "Left": 0.4016880393028259,
          "Top": 0.3367699682712555
        },
        "Polygon": [
          {
            "X": 0.4016880393028259,
            "Y": 0.3383427560329437
          },
          {
            "X": 0.4352737069129944,
            "Y": 0.3367699682712555
          },
          {
            "X": 0.43537214398384094,
            "Y": 0.3560182452201843
          },
          {
            "X": 0.40177392959594727,
            "Y": 0.3575568199157715
          }
        ]
      },
      "Id": "b11d7fbc-476e-4b3c-9004-ce4b809b8347",
      "Page": 1
    },
    {
      "BlockType": "WORD",
      "Confidence": 99.73970794677734,
      "Text": "dados",
      "TextType": "PRINTED",
      "Geometry": {
        "BoundingBox": {
          "Width": 0.089075967669487,
          "Height": 0.024427156895399094,
          "Left": 0.4444459080696106,
          "Top": 0.33006834983825684
        },
        "Polygon": [
          {
            "X": 0.4444459080696106,
            "Y": 0.3342430889606476
          },
          {
            "X": 0.5333794355392456,
            "Y": 0.33006834983825684
          },
          {
            "X": 0.5335218906402588,
            "Y": 0.35041606426239014
          },
          {
            "X": 0.44455310702323914,
            "Y": 0.3544955253601074
          }
        ]
      },
      "Id": "c0466745-5046-4e52-b9a9-ae6c5299ca7c",
      "Page": 1
    },
    {
      "BlockType": "WORD",
      "Confidence": 99.71769714355469,
      "Text": "com",
      "TextType": "PRINTED",
      "Geometry": {
        "BoundingBox": {
          "Width": 0.06385795027017593,
          "Height": 0.01893007382750511,
          "Left": 0.5430775284767151,
          "Top": 0.32875993847846985
        },
        "Polygon": [
          {
            "X": 0.5430775284767151,
            "Y": 0.3317440152168274
          },
          {
            "X": 0.60680091381073,
            "Y": 0.32875993847846985
          },
          {
            "X": 0.6069355010986328,
            "Y": 0.34475943446159363
          },
          {
            "X": 0.5431921482086182,
            "Y": 0.34769001603126526
          }
        ]
      },
      "Id": "a78cb09e-1411-40b8-8c60-01f2264b6ded",
      "Page": 1
    },
    {
      "BlockType": "WORD",
      "Confidence": 97.33814239501953,
      "Text": "inteligência",
      "TextType": "PRINTED",
      "Geometry": {
        "BoundingBox": {
          "Width": 0.15653367340564728,
          "Height": 0.032327473163604736,
          "Left": 0.20153218507766724,
          "Top": 0.3666542172431946
        },
        "Polygon": [
          {
            "X": 0.20153218507766724,
            "Y": 0.3737582564353943
          },
          {
            "X": 0.357973575592041,
            "Y": 0.3666542172431946
          },
          {
            "X": 0.3580658733844757,
            "Y": 0.392089307308197
          },
          {
            "X": 0.20154796540737152,
            "Y": 0.3989816904067993
          }
        ]
      },
      "Id": "215d1710-c174-4609-859d-23364389c86d",
      "Page": 1
    },
    {
      "BlockType": "WORD",
      "Confidence": 99.86420440673828,
      "Text": "artificial",
      "TextType": "PRINTED",
      "Geometry": {
        "BoundingBox": {
          "Width": 0.12238093465566635,
          "Height": 0.026923272758722305,
          "Left": 0.366447776556015,
          "Top": 0.35852354764938354
        },
        "Polygon": [
          {
            "X": 0.366447776556015,
            "Y": 0.3640892803668976
          },
          {
            "X": 0.48869675397872925,
            "Y": 0.35852354764938354
          },
          {
            "X": 0.48882871866226196,
            "Y": 0.3800198435783386
          },
          {
            "X": 0.3665287494659424,
            "Y": 0.38544681668281555
          }
        ]
      },
      "Id": "141c0630-03aa-4360-94a1-bf5ec934fbdc",
      "Page": 1
    }
  ],
  "DetectDocumentTextModelVersion": "1.0"
}