'Page Number,'Tipo,'Texto,'Confidence Score % (Line),
"'1","'LINE","'Observabilidade","'97.76710510"
"'1","'LINE","'do LLM","'99.83459473"
"'1","'LINE","'Compreender O desempenho do","'91.51452637"
"'1","'LINE","'modelo","'99.63196564"
"'1","'LINE","'Entenda todo o ciclo de vida do","'87.75151062"
"'1","'LINE","'GUAS cadeias de","'70.36353302"
"'1","'LINE","'aws","'99.44487000"
"'1","'LINE","'etapas incluindo intermediárias LIM, identificar entrada/salda prompt fatores","'81.09268188"
"'1","'LINE","'para","'99.45260620"
"'1","'LINE","'que afetam o desempenho de seus modelos","'89.71630859"
"'1","'LINE","'aws","'99.23045349"
"'1","'LINE","'no momento da inferência","'95.50998688"
"'1","'LINE","'Monitorar O desempenho","'82.18693542"
"'1","'LINE","'operacional","'99.79283142"
"'1","'LINE","'Analisan O desempenho técnico do aplicativo","'82.68305969"
"'1","'LINE","'LLM como a latência das cadeia LLM, o","'80.97661591"
"'1","'LINE","'consumo de tokens os custos entre os","'89.10616302"
"'1","'LINE","'modelos","'99.15941620"
"'1","'LINE","'Avaliar a qualidade e a segurança","'97.89411926"
"'1","'LINE","'dos LLMs","'99.74061584"
"'1","'LINE","'Analise as respostas do modelo quanto à","'93.02158356"
"'1","'LINE","'qualidade do resposta. releváncia e detecção","'81.14112854"
"'1","'LINE","'de vazamentos de PII injeção imediata com","'82.28156281"
"'1","'LINE","'DATADOG","'97.63923645"
"'1","'LINE","'regras de avaliação OOTB","'87.39807892"
