{
  "DocumentMetadata": {
    "Pages": 1
  },
  "JobStatus": "SUCCEEDED",
  "Blocks": [
    {
      "BlockType": "PAGE",
      "Geometry": {
        "BoundingBox": {
          "Width": 0.8693701028823853,
          "Height": 0.6845942139625549,
          "Left": 0.013922279700636864,
          "Top": 0.13326270878314972
        },
        "Polygon": [
          {
            "X": 0.013922279700636864,
            "Y": 0.1567036658525467
          },
          {
            "X": 0.8721332550048828,
            "Y": 0.13326270878314972
          },
          {
            "X": 0.8832923769950867,
            "Y": 0.8103496432304382
          },
          {
            "X": 0.020854804664850235,
            "Y": 0.8178569078445435
          }
        ]
      },
      "Id": "474faa66-7067-449b-a427-02682f7380f0",
      "Relationships": [
        {
          "Type": "CHILD",
          "Ids": [
            "8c65c8de-c63f-4037-8746-44b6fde96fde",
            "7a35fe44-d42a-4fa8-9c27-76792265d7ba",
            "5d1e78a6-981e-4604-9b55-40cefc54fec1",
            "dfae5243-e551-43dd-957a-242697b6ff71",
            "acf99edd-8519-4e5e-9b95-1536c59b648f",
            "6084b094-90b7-4a99-8e42-a7a6613390fe",
            "21f8f1cc-6993-4843-a0c6-cf5d2ce6bcf4",
            "f34e2bfa-ddab-4b2c-8793-4b70f1f23708",
            "d670c9c4-8111-410f-95c9-78bd24cf2207"
          ]
        }
      ],
      "Page": 1
    },
    {
      "BlockType": "LINE",
      "Confidence": 99.33548736572266,
      "Text": "Entregue valor com Dados e IA Generativa",
      "Geometry": {
        "BoundingBox": {
          "Width": 0.3814915120601654,
          "Height": 0.042083773761987686,
          "Left": 0.317170649766922,
          "Top": 0.3095882534980774
        },
        "Polygon": [
          {
            "X": 0.317170649766922,
            "Y": 0.31818923354148865
          },
          {
            "X": 0.6981462836265564,
            "Y": 0.3095882534980774
          },
          {
            "X": 0.6986621618270874,
            "Y": 0.34342503547668457
          },
          {
            "X": 0.31759217381477356,
            "Y": 0.3516720235347748
          }
        ]
      },
      "Id": "8c65c8de-c63f-4037-8746-44b6fde96fde",
      "Relationships": [
        {
          "Type": "CHILD",
          "Ids": [
            "b8fa8f4c-4d2e-45af-a2e4-70f6fd9f7126",
            "e4d2febd-75c4-4bc8-94fb-213ec4a4a1f4",
            "83c880ee-fc2b-4ba3-8b61-1d711537cd02",
            "5fd003e8-0fda-49a0-8b10-d5ecebb6bf2d",
            "f65aca60-9384-4129-bdc3-ec03d2cd1ec7",
            "8a1872f4-c24b-4c35-ad64-5357a6403f96",
            "7c995eb0-a2c1-4f48-820d-fd705bf2638a"
          ]
        }
      ],
      "Page": 1
    },
    {
      "BlockType": "LINE",
      "Confidence": 98.57804870605469,
      "Text": "Personalize para se diferenciar",
      "Geometry": {
        "BoundingBox": {
          "Width": 0.27260667085647583,
          "Height": 0.02941763401031494,
          "Left": 0.31261253356933594,
          "Top": 0.3568416237831116
        },
        "Polygon": [
          {
            "X": 0.31261253356933594,
            "Y": 0.3626512587070465
          },
          {
            "X": 0.5848754048347473,
            "Y": 0.3568416237831116
          },
          {
            "X": 0.5852192044258118,
            "Y": 0.3806281089782715
          },
          {
            "X": 0.3129088878631592,
            "Y": 0.3862592875957489
          }
        ]
      },
      "Id": "7a35fe44-d42a-4fa8-9c27-76792265d7ba",
      "Relationships": [
        {
          "Type": "CHILD",
          "Ids": [
            "e471f975-8067-4ba8-b65e-6d5786d01232",
            "27c05849-082e-4057-b728-be21033cf171",
            "561ff19e-dec6-4d5e-9be1-a48e6aae1d24",
            "b566f261-dc02-41c5-940c-637d6ac174cd"
          ]
        }
      ],
      "Page": 1
    },
    {
      "BlockType": "LINE",
      "Confidence": 78.42683410644531,
      "Text": "d",
      "Geometry": {
        "BoundingBox": {
          "Width": 0.017755353823304176,
          "Height": 0.013328175991773605,
          "Left": 0.016351066529750824,
          "Top": 0.38797008991241455
        },
        "Polygon": [
          {
            "X": 0.016351066529750824,
            "Y": 0.3883364200592041
          },
          {
            "X": 0.03396884724497795,
            "Y": 0.38797008991241455
          },
          {
            "X": 0.03410641849040985,
            "Y": 0.40093833208084106
          },
          {
            "X": 0.01648697815835476,
            "Y": 0.40129828453063965
          }
        ]
      },
      "Id": "5d1e78a6-981e-4604-9b55-40cefc54fec1",
      "Relationships": [
        {
          "Type": "CHILD",
          "Ids": [
            "ff40aeeb-5691-46c5-8315-73084f4dec72"
          ]
        }
      ],
      "Page": 1
    },
    {
      "BlockType": "LINE",
      "Confidence": 86.630859375,
      "Text": "rience",
      "Geometry": {
        "BoundingBox": {
          "Width": 0.054352112114429474,
          "Height": 0.01460616197437048,
          "Left": 0.016538109630346298,
          "Top": 0.40507492423057556
        },
        "Polygon": [
          {
            "X": 0.016538109630346298,
            "Y": 0.40617480874061584
          },
          {
            "X": 0.07074327021837234,
            "Y": 0.40507492423057556
          },
          {
            "X": 0.07089021801948547,
            "Y": 0.4186016917228699
          },
          {
            "X": 0.016679730266332626,
            "Y": 0.4196810722351074
          }
        ]
      },
      "Id": "dfae5243-e551-43dd-957a-242697b6ff71",
      "Relationships": [
        {
          "Type": "CHILD",
          "Ids": [
            "b9b97667-0f21-4ab6-b333-b24fb2633ed7"
          ]
        }
      ],
      "Page": 1
    },
    {
      "BlockType": "LINE",
      "Confidence": 97.14485168457031,
      "Text": "Escale com confiança e segurança",
      "Geometry": {
        "BoundingBox": {
          "Width": 0.30250468850135803,
          "Height": 0.02580041065812111,
          "Left": 0.3090534508228302,
          "Top": 0.39232727885246277
        },
        "Polygon": [
          {
            "X": 0.3090534508228302,
            "Y": 0.39847445487976074
          },
          {
            "X": 0.611268162727356,
            "Y": 0.39232727885246277
          },
          {
            "X": 0.6115581393241882,
            "Y": 0.4121454656124115
          },
          {
            "X": 0.30929961800575256,
            "Y": 0.4181276857852936
          }
        ]
      },
      "Id": "acf99edd-8519-4e5e-9b95-1536c59b648f",
      "Relationships": [
        {
          "Type": "CHILD",
          "Ids": [
            "c53346ca-70b1-4044-a082-8aff3d817e0c",
            "0eea7650-f785-452d-9082-3808f967c578",
            "2c1d9aad-d62a-4c17-af1d-700c36e7916d",
            "5e8f6915-9705-43f4-97e5-f4322be407dc",
            "bf6cc934-a30a-4107-97ba-d0718fc59692"
          ]
        }
      ],
      "Page": 1
    },
    {
      "BlockType": "LINE",
      "Confidence": 14.719696044921875,
      "Text": "I",
      "Geometry": {
        "BoundingBox": {
          "Width": 0.003654245985671878,
          "Height": 0.023601295426487923,
          "Left": 0.016746245324611664,
          "Top": 0.4259572923183441
        },
        "Polygon": [
          {
            "X": 0.016746245324611664,
            "Y": 0.42602452635765076
          },
          {
            "X": 0.020153142511844635,
            "Y": 0.4259572923183441
          },
          {
            "X": 0.02040049061179161,
            "Y": 0.4494936168193817
          },
          {
            "X": 0.01699301227927208,
            "Y": 0.4495585858821869
          }
        ]
      },
      "Id": "6084b094-90b7-4a99-8e42-a7a6613390fe",
      "Relationships": [
        {
          "Type": "CHILD",
          "Ids": [
            "d8b2564f-dea7-46f2-a4e7-6b39cb7466bb"
          ]
        }
      ],
      "Page": 1
    },
    {
      "BlockType": "LINE",
      "Confidence": 99.7838363647461,
      "Text": "Agenda",
      "Geometry": {
        "BoundingBox": {
          "Width": 0.08593118190765381,
          "Height": 0.02328745648264885,
          "Left": 0.1323336809873581,
          "Top": 0.4240817427635193
        },
        "Polygon": [
          {
            "X": 0.1323336809873581,
            "Y": 0.4257674515247345
          },
          {
            "X": 0.218007430434227,
            "Y": 0.4240817427635193
          },
          {
            "X": 0.2182648628950119,
            "Y": 0.4457351863384247
          },
          {
            "X": 0.132577583193779,
            "Y": 0.44736918807029724
          }
        ]
      },
      "Id": "21f8f1cc-6993-4843-a0c6-cf5d2ce6bcf4",
      "Relationships": [
        {
          "Type": "CHILD",
          "Ids": [
            "6ce1009c-1426-49cc-b091-242fcee0b0c4"
          ]
        }
      ],
      "Page": 1
    },
    {
      "BlockType": "LINE",
      "Confidence": 98.31336212158203,
      "Text": "Como começar e próximos passos",
      "Geometry": {
        "BoundingBox": {
          "Width": 0.3049774467945099,
          "Height": 0.025338884443044662,
          "Left": 0.30570074915885925,
          "Top": 0.4260440468788147
        },
        "Polygon": [
          {
            "X": 0.30570074915885925,
            "Y": 0.4319573938846588
          },
          {
            "X": 0.6103917360305786,
            "Y": 0.4260440468788147
          },
          {
            "X": 0.6106781959533691,
            "Y": 0.44563403725624084
          },
          {
            "X": 0.3059435486793518,
            "Y": 0.45138293504714966
          }
        ]
      },
      "Id": "f34e2bfa-ddab-4b2c-8793-4b70f1f23708",
      "Relationships": [
        {
          "Type": "CHILD",
          "Ids": [
            "4b3f7e79-af33-43b7-a657-55d586ed8d36",
            "a13d5d5d-47ee-483a-b205-8ac7446757aa",
            "37339a22-36e7-4c97-b0a6-e12f9da0ee9f",
            "668a7698-91ca-4d6f-876a-3f92a333b870",
            "36e38726-84cb-496e-879a-b739268587f0"
          ]
        }
      ],
      "Page": 1
    },
    {
      "BlockType": "LINE",
      "Confidence": 85.49746704101562,
      "Text": "aws",
      "Geometry": {
        "BoundingBox": {
          "Width": 0.01723330281674862,
          "Height": 0.006057996302843094,
          "Left": 0.11409825831651688,
          "Top": 0.5470666885375977
        },
        "Polygon": [
          {
            "X": 0.11409825831651688,
            "Y": 0.5473460555076599
          },
          {
            "X": 0.13126638531684875,
            "Y": 0.5470666885375977
          },
          {
            "X": 0.13133156299591064,
            "Y": 0.5528481006622314
          },
          {
            "X": 0.11416272073984146,
            "Y": 0.5531246662139893
          }
        ]
      },
      "Id": "d670c9c4-8111-410f-95c9-78bd24cf2207",
      "Relationships": [
        {
          "Type": "CHILD",
          "Ids": [
            "3400f09c-30e0-40e5-9c6f-4f37a607986f"
          ]
        }
      ],
      "Page": 1
    },
    {
      "BlockType": "WORD",
      "Confidence": 99.57546997070312,
      "Text": "Entregue",
      "TextType": "PRINTED",
      "Geometry": {
        "BoundingBox": {
          "Width": 0.07590951770544052,
          "Height": 0.0165328998118639,
          "Left": 0.3174050748348236,
          "Top": 0.33513912558555603
        },
        "Polygon": [
          {
            "X": 0.3174050748348236,
            "Y": 0.33680909872055054
          },
          {
            "X": 0.393119215965271,
            "Y": 0.33513912558555603
          },
          {
            "X": 0.39331457018852234,
            "Y": 0.3500332534313202
          },
          {
            "X": 0.31759217381477356,
            "Y": 0.3516720235347748
          }
        ]
      },
      "Id": "b8fa8f4c-4d2e-45af-a2e4-70f6fd9f7126",
      "Page": 1
    },
    {
      "BlockType": "WORD",
      "Confidence": 99.72151184082031,
      "Text": "valor",
      "TextType": "PRINTED",
      "Geometry": {
        "BoundingBox": {
          "Width": 0.045920614153146744,
          "Height": 0.01445708330720663,
          "Left": 0.3968976140022278,
          "Top": 0.32999780774116516
        },
        "Polygon": [
          {
            "X": 0.3968976140022278,
            "Y": 0.3310118317604065
          },
          {
            "X": 0.44263699650764465,
            "Y": 0.32999780774116516
          },
          {
            "X": 0.44281822443008423,
            "Y": 0.3434579372406006
          },
          {
            "X": 0.39707428216934204,
            "Y": 0.34445491433143616
          }
        ]
      },
      "Id": "e4d2febd-75c4-4bc8-94fb-213ec4a4a1f4",
      "Page": 1
    },
    {
      "BlockType": "WORD",
      "Confidence": 99.55574798583984,
      "Text": "com",
      "TextType": "PRINTED",
      "Geometry": {
        "BoundingBox": {
          "Width": 0.03732924908399582,
          "Height": 0.01156631950289011,
          "Left": 0.4460831880569458,
          "Top": 0.3292025029659271
        },
        "Polygon": [
          {
            "X": 0.4460831880569458,
            "Y": 0.33002668619155884
          },
          {
            "X": 0.48326462507247925,
            "Y": 0.3292025029659271
          },
          {
            "X": 0.4834124445915222,
            "Y": 0.3399556875228882
          },
          {
            "X": 0.4462280571460724,
            "Y": 0.34076881408691406
          }
        ]
      },
      "Id": "83c880ee-fc2b-4ba3-8b61-1d711537cd02",
      "Page": 1
    },
    {
      "BlockType": "WORD",
      "Confidence": 98.61650848388672,
      "Text": "Dados",
      "TextType": "PRINTED",
      "Geometry": {
        "BoundingBox": {
          "Width": 0.057206880301237106,
          "Height": 0.015482018701732159,
          "Left": 0.4884222745895386,
          "Top": 0.3218320608139038
        },
        "Polygon": [
          {
            "X": 0.4884222745895386,
            "Y": 0.323105126619339
          },
          {
            "X": 0.5454273223876953,
            "Y": 0.3218320608139038
          },
          {
            "X": 0.5456291437149048,
            "Y": 0.3360633850097656
          },
          {
            "X": 0.4886181056499481,
            "Y": 0.33731406927108765
          }
        ]
      },
      "Id": "5fd003e8-0fda-49a0-8b10-d5ecebb6bf2d",
      "Page": 1
    },
    {
      "BlockType": "WORD",
      "Confidence": 99.77789306640625,
      "Text": "e",
      "TextType": "PRINTED",
      "Geometry": {
        "BoundingBox": {
          "Width": 0.011555961333215237,
          "Height": 0.009860689751803875,
          "Left": 0.5498724579811096,
          "Top": 0.3229203522205353
        },
        "Polygon": [
          {
            "X": 0.5498724579811096,
            "Y": 0.32317492365837097
          },
          {
            "X": 0.5612910985946655,
            "Y": 0.3229203522205353
          },
          {
            "X": 0.561428427696228,
            "Y": 0.3325295150279999
          },
          {
            "X": 0.5500089526176453,
            "Y": 0.332781046628952
          }
        ]
      },
      "Id": "f65aca60-9384-4129-bdc3-ec03d2cd1ec7",
      "Page": 1
    },
    {
      "BlockType": "WORD",
      "Confidence": 99.78412628173828,
      "Text": "IA",
      "TextType": "PRINTED",
      "Geometry": {
        "BoundingBox": {
          "Width": 0.021053234115242958,
          "Height": 0.013196181505918503,
          "Left": 0.565977156162262,
          "Top": 0.3189585506916046
        },
        "Polygon": [
          {
            "X": 0.565977156162262,
            "Y": 0.3194257318973541
          },
          {
            "X": 0.586846113204956,
            "Y": 0.3189585506916046
          },
          {
            "X": 0.5870304107666016,
            "Y": 0.3316948711872101
          },
          {
            "X": 0.5661594867706299,
            "Y": 0.3321547210216522
          }
        ]
      },
      "Id": "8a1872f4-c24b-4c35-ad64-5357a6403f96",
      "Page": 1
    },
    {
      "BlockType": "WORD",
      "Confidence": 98.31715393066406,
      "Text": "Generativa",
      "TextType": "PRINTED",
      "Geometry": {
        "BoundingBox": {
          "Width": 0.10852987319231033,
          "Height": 0.020427346229553223,
          "Left": 0.5898913741111755,
          "Top": 0.3095882534980774
        },
        "Polygon": [
          {
            "X": 0.5898913741111755,
            "Y": 0.31203222274780273
          },
          {
            "X": 0.6981462836265564,
            "Y": 0.3095882534980774
          },
          {
            "X": 0.69842129945755,
            "Y": 0.32762521505355835
          },
          {
            "X": 0.5901520252227783,
            "Y": 0.3300155997276306
          }
        ]
      },
      "Id": "7c995eb0-a2c1-4f48-820d-fd705bf2638a",
      "Page": 1
    },
    {
      "BlockType": "WORD",
      "Confidence": 98.69082641601562,
      "Text": "Personalize",
      "TextType": "PRINTED",
      "Geometry": {
        "BoundingBox": {
          "Width": 0.09840348362922668,
          "Height": 0.01818559318780899,
          "Left": 0.3127066195011139,
          "Top": 0.3680736720561981
        },
        "Polygon": [
          {
            "X": 0.3127066195011139,
            "Y": 0.37014833092689514
          },
          {
            "X": 0.41089627146720886,
            "Y": 0.3680736720561981
          },
          {
            "X": 0.41111013293266296,
            "Y": 0.38422855734825134
          },
          {
            "X": 0.3129088878631592,
            "Y": 0.3862592875957489
          }
        ]
      },
      "Id": "e471f975-8067-4ba8-b65e-6d5786d01232",
      "Page": 1
    },
    {
      "BlockType": "WORD",
      "Confidence": 99.7125473022461,
      "Text": "para",
      "TextType": "PRINTED",
      "Geometry": {
        "BoundingBox": {
          "Width": 0.04060683026909828,
          "Height": 0.014355827122926712,
          "Left": 0.4146769046783447,
          "Top": 0.3682229816913605
        },
        "Polygon": [
          {
            "X": 0.4146769046783447,
            "Y": 0.36907586455345154
          },
          {
            "X": 0.4551006257534027,
            "Y": 0.3682229816913605
          },
          {
            "X": 0.4552837312221527,
            "Y": 0.3817410171031952
          },
          {
            "X": 0.4148560166358948,
            "Y": 0.3825787901878357
          }
        ]
      },
      "Id": "27c05849-082e-4057-b728-be21033cf171",
      "Page": 1
    },
    {
      "BlockType": "WORD",
      "Confidence": 99.72907257080078,
      "Text": "se",
      "TextType": "PRINTED",
      "Geometry": {
        "BoundingBox": {
          "Width": 0.020069530233740807,
          "Height": 0.010054466314613819,
          "Left": 0.4591309726238251,
          "Top": 0.36690184473991394
        },
        "Polygon": [
          {
            "X": 0.4591309726238251,
            "Y": 0.3673229515552521
          },
          {
            "X": 0.4790683090686798,
            "Y": 0.36690184473991394
          },
          {
            "X": 0.47920048236846924,
            "Y": 0.37654051184654236
          },
          {
            "X": 0.4592617452144623,
            "Y": 0.3769563138484955
          }
        ]
      },
      "Id": "561ff19e-dec6-4d5e-9be1-a48e6aae1d24",
      "Page": 1
    },
    {
      "BlockType": "WORD",
      "Confidence": 96.17975616455078,
      "Text": "diferenciar",
      "TextType": "PRINTED",
      "Geometry": {
        "BoundingBox": {
          "Width": 0.10293050855398178,
          "Height": 0.018817177042365074,
          "Left": 0.48218587040901184,
          "Top": 0.3568416237831116
        },
        "Polygon": [
          {
            "X": 0.48218587040901184,
            "Y": 0.35903283953666687
          },
          {
            "X": 0.5848754048347473,
            "Y": 0.3568416237831116
          },
          {
            "X": 0.5851163864135742,
            "Y": 0.3735147714614868
          },
          {
            "X": 0.48241424560546875,
            "Y": 0.3756588101387024
          }
        ]
      },
      "Id": "b566f261-dc02-41c5-940c-637d6ac174cd",
      "Page": 1
    },
    {
      "BlockType": "WORD",
      "Confidence": 78.42683410644531,
      "Text": "d",
      "TextType": "PRINTED",
      "Geometry": {
        "BoundingBox": {
          "Width": 0.017755353823304176,
          "Height": 0.013328175991773605,
          "Left": 0.016351066529750824,
          "Top": 0.38797008991241455
        },
        "Polygon": [
          {
            "X": 0.016351066529750824,
            "Y": 0.3883364200592041
          },
          {
            "X": 0.03396884724497795,
            "Y": 0.38797008991241455
          },
          {
            "X": 0.03410641849040985,
            "Y": 0.40093833208084106
          },
          {
            "X": 0.01648697815835476,
            "Y": 0.40129828453063965
          }
        ]
      },
      "Id": "ff40aeeb-5691-46c5-8315-73084f4dec72",
      "Page": 1
    },
    {
      "BlockType": "WORD",
      "Confidence": 86.630859375,
      "Text": "rience",
      "TextType": "PRINTED",
      "Geometry": {
        "BoundingBox": {
          "Width": 0.054352112114429474,
          "Height": 0.01460616197437048,
          "Left": 0.016538109630346298,
          "Top": 0.40507492423057556
        },
        "Polygon": [
          {
            "X": 0.016538109630346298,
            "Y": 0.40617480874061584
          },
          {
            "X": 0.07074327021837234,
            "Y": 0.40507492423057556
          },
          {
            "X": 0.07089021801948547,
            "Y": 0.4186016917228699
          },
          {
            "X": 0.016679730266332626,
            "Y": 0.4196810722351074
          }
        ]
      },
      "Id": "b9b97667-0f21-4ab6-b333-b24fb2633ed7",
      "Page": 1
    },
    {
      "BlockType": "WORD",
      "Confidence": 99.6560287475586,
      "Text": "Escale",
      "TextType": "PRINTED",
      "Geometry": {
        "BoundingBox": {
          "Width": 0.05311818793416023,
          "Height": 0.014356388710439205,
          "Left": 0.3091331720352173,
          "Top": 0.403771311044693
        },
        "Polygon": [
          {
            "X": 0.3091331720352173,
            "Y": 0.4048388600349426
          },
          {
            "X": 0.3620797395706177,
            "Y": 0.403771311044693
          },
          {
            "X": 0.362251341342926,
            "Y": 0.4170796871185303
          },
          {
            "X": 0.30929961800575256,
            "Y": 0.4181276857852936
          }
        ]
      },
      "Id": "c53346ca-70b1-4044-a082-8aff3d817e0c",
      "Page": 1
    },
    {
      "BlockType": "WORD",
      "Confidence": 99.53501892089844,
      "Text": "com",
      "TextType": "PRINTED",
      "Geometry": {
        "BoundingBox": {
          "Width": 0.03712695837020874,
          "Height": 0.011114111170172691,
          "Left": 0.36573925614356995,
          "Top": 0.4043211042881012
        },
        "Polygon": [
          {
            "X": 0.36573925614356995,
            "Y": 0.40506550669670105
          },
          {
            "X": 0.40272945165634155,
            "Y": 0.4043211042881012
          },
          {
            "X": 0.4028662145137787,
            "Y": 0.4147014319896698
          },
          {
            "X": 0.365873247385025,
            "Y": 0.41543519496917725
          }
        ]
      },
      "Id": "0eea7650-f785-452d-9082-3808f967c578",
      "Page": 1
    },
    {
      "BlockType": "WORD",
      "Confidence": 88.57383728027344,
      "Text": "confiança",
      "TextType": "PRINTED",
      "Geometry": {
        "BoundingBox": {
          "Width": 0.08772943168878555,
          "Height": 0.01852932944893837,
          "Left": 0.4067940413951874,
          "Top": 0.39716637134552
        },
        "Polygon": [
          {
            "X": 0.4067940413951874,
            "Y": 0.39894014596939087
          },
          {
            "X": 0.49429139494895935,
            "Y": 0.39716637134552
          },
          {
            "X": 0.49452346563339233,
            "Y": 0.41396254301071167
          },
          {
            "X": 0.407015323638916,
            "Y": 0.4156956970691681
          }
        ]
      },
      "Id": "2c1d9aad-d62a-4c17-af1d-700c36e7916d",
      "Page": 1
    },
    {
      "BlockType": "WORD",
      "Confidence": 99.76241302490234,
      "Text": "e",
      "TextType": "PRINTED",
      "Geometry": {
        "BoundingBox": {
          "Width": 0.011330058798193932,
          "Height": 0.009895258583128452,
          "Left": 0.4989394247531891,
          "Top": 0.3983878195285797
        },
        "Polygon": [
          {
            "X": 0.4989394247531891,
            "Y": 0.3986142873764038
          },
          {
            "X": 0.5101348161697388,
            "Y": 0.3983878195285797
          },
          {
            "X": 0.5102694630622864,
            "Y": 0.40805959701538086
          },
          {
            "X": 0.499073326587677,
            "Y": 0.4082830846309662
          }
        ]
      },
      "Id": "5e8f6915-9705-43f4-97e5-f4322be407dc",
      "Page": 1
    },
    {
      "BlockType": "WORD",
      "Confidence": 98.19694519042969,
      "Text": "segurança",
      "TextType": "PRINTED",
      "Geometry": {
        "BoundingBox": {
          "Width": 0.09746051579713821,
          "Height": 0.017868228256702423,
          "Left": 0.5140407681465149,
          "Top": 0.39232727885246277
        },
        "Polygon": [
          {
            "X": 0.5140407681465149,
            "Y": 0.39430493116378784
          },
          {
            "X": 0.611268162727356,
            "Y": 0.39232727885246277
          },
          {
            "X": 0.6115012764930725,
            "Y": 0.4082605242729187
          },
          {
            "X": 0.5142625570297241,
            "Y": 0.4101954996585846
          }
        ]
      },
      "Id": "bf6cc934-a30a-4107-97ba-d0718fc59692",
      "Page": 1
    },
    {
      "BlockType": "WORD",
      "Confidence": 14.719696044921875,
      "Text": "I",
      "TextType": "PRINTED",
      "Geometry": {
        "BoundingBox": {
          "Width": 0.003654245985671878,
          "Height": 0.023601295426487923,
          "Left": 0.016746245324611664,
          "Top": 0.4259572923183441
        },
        "Polygon": [
          {
            "X": 0.016746245324611664,
            "Y": 0.42602452635765076
          },
          {
            "X": 0.020153142511844635,
            "Y": 0.4259572923183441
          },
          {
            "X": 0.02040049061179161,
            "Y": 0.4494936168193817
          },
          {
            "X": 0.01699301227927208,
            "Y": 0.4495585858821869
          }
        ]
      },
      "Id": "d8b2564f-dea7-46f2-a4e7-6b39cb7466bb",
      "Page": 1
    },
    {
      "BlockType": "WORD",
      "Confidence": 99.7838363647461,
      "Text": "Agenda",
      "TextType": "PRINTED",
      "Geometry": {
        "BoundingBox": {
          "Width": 0.08593118190765381,
          "Height": 0.02328745648264885,
          "Left": 0.1323336809873581,
          "Top": 0.4240817427635193
        },
        "Polygon": [
          {
            "X": 0.1323336809873581,
            "Y": 0.4257674515247345
          },
          {
            "X": 0.218007430434227,
            "Y": 0.4240817427635193
          },
          {
            "X": 0.2182648628950119,
            "Y": 0.4457351863384247
          },
          {
            "X": 0.132577583193779,
            "Y": 0.44736918807029724
          }
        ]
      },
      "Id": "6ce1009c-1426-49cc-b091-242fcee0b0c4",
      "Page": 1
    },
    {
      "BlockType": "WORD",
      "Confidence": 98.8674545288086,
      "Text": "Como",
      "TextType": "PRINTED",
      "Geometry": {
        "BoundingBox": {
          "Width": 0.04923229664564133,
          "Height": 0.013311799615621567,
          "Left": 0.3057689666748047,
          "Top": 0.43646979331970215
        },
        "Polygon": [
          {
            "X": 0.3057689666748047,
            "Y": 0.4374147057533264
          },
          {
            "X": 0.35484224557876587,
            "Y": 0.43646979331970215
          },
          {
            "X": 0.3550012707710266,
            "Y": 0.4488535225391388
          },
          {
            "X": 0.3059235215187073,
            "Y": 0.449781596660614
          }
        ]
      },
      "Id": "4b3f7e79-af33-43b7-a657-55d586ed8d36",
      "Page": 1
    },
    {
      "BlockType": "WORD",
      "Confidence": 98.01991271972656,
      "Text": "começar",
      "TextType": "PRINTED",
      "Geometry": {
        "BoundingBox": {
          "Width": 0.07594626396894455,
          "Height": 0.014968005008995533,
          "Left": 0.35932278633117676,
          "Top": 0.43540462851524353
        },
        "Polygon": [
          {
            "X": 0.35932278633117676,
            "Y": 0.4368624985218048
          },
          {
            "X": 0.4350876212120056,
            "Y": 0.43540462851524353
          },
          {
            "X": 0.4352690577507019,
            "Y": 0.448943167924881
          },
          {
            "X": 0.35949668288230896,
            "Y": 0.4503726363182068
          }
        ]
      },
      "Id": "a13d5d5d-47ee-483a-b205-8ac7446757aa",
      "Page": 1
    },
    {
      "BlockType": "WORD",
      "Confidence": 99.8240966796875,
      "Text": "e",
      "TextType": "PRINTED",
      "Geometry": {
        "BoundingBox": {
          "Width": 0.011335381306707859,
          "Height": 0.010473222471773624,
          "Left": 0.4382144808769226,
          "Top": 0.4339359998703003
        },
        "Polygon": [
          {
            "X": 0.4382144808769226,
            "Y": 0.434151828289032
          },
          {
            "X": 0.4494113326072693,
            "Y": 0.4339359998703003
          },
          {
            "X": 0.4495498538017273,
            "Y": 0.44419658184051514
          },
          {
            "X": 0.43835216760635376,
            "Y": 0.44440922141075134
          }
        ]
      },
      "Id": "37339a22-36e7-4c97-b0a6-e12f9da0ee9f",
      "Page": 1
    },
    {
      "BlockType": "WORD",
      "Confidence": 95.10929107666016,
      "Text": "próximos",
      "TextType": "PRINTED",
      "Geometry": {
        "BoundingBox": {
          "Width": 0.08829031884670258,
          "Height": 0.018935544416308403,
          "Left": 0.4527336359024048,
          "Top": 0.4273950755596161
        },
        "Polygon": [
          {
            "X": 0.4527336359024048,
            "Y": 0.429103821516037
          },
          {
            "X": 0.5407798290252686,
            "Y": 0.4273950755596161
          },
          {
            "X": 0.5410239696502686,
            "Y": 0.44466379284858704
          },
          {
            "X": 0.4529666006565094,
            "Y": 0.44633060693740845
          }
        ]
      },
      "Id": "668a7698-91ca-4d6f-876a-3f92a333b870",
      "Page": 1
    },
    {
      "BlockType": "WORD",
      "Confidence": 99.74606323242188,
      "Text": "passos",
      "TextType": "PRINTED",
      "Geometry": {
        "BoundingBox": {
          "Width": 0.06533636152744293,
          "Height": 0.015747729688882828,
          "Left": 0.5452724099159241,
          "Top": 0.42637306451797485
        },
        "Polygon": [
          {
            "X": 0.5452724099159241,
            "Y": 0.42763638496398926
          },
          {
            "X": 0.6103965640068054,
            "Y": 0.42637306451797485
          },
          {
            "X": 0.6106087565422058,
            "Y": 0.4408835172653198
          },
          {
            "X": 0.5454776287078857,
            "Y": 0.4421207904815674
          }
        ]
      },
      "Id": "36e38726-84cb-496e-879a-b739268587f0",
      "Page": 1
    },
    {
      "BlockType": "WORD",
      "Confidence": 85.49746704101562,
      "Text": "aws",
      "TextType": "PRINTED",
      "Geometry": {
        "BoundingBox": {
          "Width": 0.01723330281674862,
          "Height": 0.006057996302843094,
          "Left": 0.11409825831651688,
          "Top": 0.5470666885375977
        },
        "Polygon": [
          {
            "X": 0.11409825831651688,
            "Y": 0.5473460555076599
          },
          {
            "X": 0.13126638531684875,
            "Y": 0.5470666885375977
          },
          {
            "X": 0.13133156299591064,
            "Y": 0.5528481006622314
          },
          {
            "X": 0.11416272073984146,
            "Y": 0.5531246662139893
          }
        ]
      },
      "Id": "3400f09c-30e0-40e5-9c6f-4f37a607986f",
      "Page": 1
    }
  ],
  "DetectDocumentTextModelVersion": "1.0"
}