{
  "DocumentMetadata": {
    "Pages": 1
  },
  "JobStatus": "SUCCEEDED",
  "Blocks": [
    {
      "BlockType": "PAGE",
      "Geometry": {
        "BoundingBox": {
          "Width": 1,
          "Height": 1,
          "Left": 0,
          "Top": 0
        },
        "Polygon": [
          {
            "X": 1.6260734980733105e-9,
            "Y": 0
          },
          {
            "X": 1,
            "Y": 0
          },
          {
            "X": 1,
            "Y": 1
          },
          {
            "X": 0,
            "Y": 0.9995078444480896
          }
        ]
      },
      "Id": "f5a1ea5d-153b-4a9a-b5cd-76da0e376c61",
      "Relationships": [
        {
          "Type": "CHILD",
          "Ids": [
            "d5eaaf5f-18a0-41d9-92ed-25539659370c",
            "2c48b6b6-83d8-4f6d-9490-6580401384a7",
            "dd2c9161-1709-487d-871b-626315c4f205",
            "03e1652c-170f-49fd-b8b9-546060574d10",
            "8210765f-f368-44c2-9861-3062dedc947c",
            "f3bcad91-76c5-4144-ab9e-496a09fe289b",
            "33b111c1-a25d-4e63-b65d-720e1eaa15e3",
            "1be15f4e-c25f-4982-810e-6b2c8e1edc5b",
            "6fa076a1-e665-456e-9189-b52c7aeb9157",
            "73da5b10-e40f-4237-8ba6-65bf4ff8fe65",
            "0b000f74-0732-4b34-a775-793cebd6d485",
            "ac8a567c-f24e-48b4-88a2-e8fb1b41adf0"
          ]
        }
      ],
      "Page": 1
    },
    {
      "BlockType": "LINE",
      "Confidence": 98.41986083984375,
      "Text": "Cloud",
      "Geometry": {
        "BoundingBox": {
          "Width": 0.026708295568823814,
          "Height": 0.00780347129330039,
          "Left": 0.7198570370674133,
          "Top": 0.127580925822258
        },
        "Polygon": [
          {
            "X": 0.7200787663459778,
            "Y": 0.12850457429885864
          },
          {
            "X": 0.7465653419494629,
            "Y": 0.127580925822258
          },
          {
            "X": 0.7463456392288208,
            "Y": 0.13447310030460358
          },
          {
            "X": 0.7198570370674133,
            "Y": 0.13538439571857452
          }
        ]
      },
      "Id": "d5eaaf5f-18a0-41d9-92ed-25539659370c",
      "Relationships": [
        {
          "Type": "CHILD",
          "Ids": [
            "2eca823d-41b0-4cfe-a615-43af863b581e"
          ]
        }
      ],
      "Page": 1
    },
    {
      "BlockType": "LINE",
      "Confidence": 88.73534393310547,
      "Text": "aws",
      "Geometry": {
        "BoundingBox": {
          "Width": 0.04867209866642952,
          "Height": 0.01499477494508028,
          "Left": 0.6425071358680725,
          "Top": 0.13297559320926666
        },
        "Polygon": [
          {
            "X": 0.6429503560066223,
            "Y": 0.13464602828025818
          },
          {
            "X": 0.6911792755126953,
            "Y": 0.13297559320926666
          },
          {
            "X": 0.6907432675361633,
            "Y": 0.1463436782360077
          },
          {
            "X": 0.6425071358680725,
            "Y": 0.14797036349773407
          }
        ]
      },
      "Id": "2c48b6b6-83d8-4f6d-9490-6580401384a7",
      "Relationships": [
        {
          "Type": "CHILD",
          "Ids": [
            "4e3ecacf-ab0a-4c30-819f-8ae05b9604bb"
          ]
        }
      ],
      "Page": 1
    },
    {
      "BlockType": "LINE",
      "Confidence": 99.72978210449219,
      "Text": "Experience",
      "Geometry": {
        "BoundingBox": {
          "Width": 0.04947734996676445,
          "Height": 0.009662337601184845,
          "Left": 0.7196424007415771,
          "Top": 0.13477134704589844
        },
        "Polygon": [
          {
            "X": 0.7198993563652039,
            "Y": 0.13646109402179718
          },
          {
            "X": 0.7691197395324707,
            "Y": 0.13477134704589844
          },
          {
            "X": 0.7688671946525574,
            "Y": 0.14277052879333496
          },
          {
            "X": 0.7196424007415771,
            "Y": 0.14443369209766388
          }
        ]
      },
      "Id": "dd2c9161-1709-487d-871b-626315c4f205",
      "Relationships": [
        {
          "Type": "CHILD",
          "Ids": [
            "70ca3330-7a78-4c21-947b-810abca0a0d8"
          ]
        }
      ],
      "Page": 1
    },
    {
      "BlockType": "LINE",
      "Confidence": 98.74040222167969,
      "Text": "Impulsione a colaboração e implemente",
      "Geometry": {
        "BoundingBox": {
          "Width": 0.39679187536239624,
          "Height": 0.05072766914963722,
          "Left": 0.1236639991402626,
          "Top": 0.14146922528743744
        },
        "Polygon": [
          {
            "X": 0.12515494227409363,
            "Y": 0.15509022772312164
          },
          {
            "X": 0.5204558372497559,
            "Y": 0.14146922528743744
          },
          {
            "X": 0.5191248059272766,
            "Y": 0.17961201071739197
          },
          {
            "X": 0.1236639991402626,
            "Y": 0.19219689071178436
          }
        ]
      },
      "Id": "03e1652c-170f-49fd-b8b9-546060574d10",
      "Relationships": [
        {
          "Type": "CHILD",
          "Ids": [
            "915263c5-d86e-47a1-b58d-3e1d8245a6dc",
            "17b43fe2-6234-4278-92e5-a7c0bd970a41",
            "3532fcd7-aa60-43fd-b203-20a041f02050",
            "e4d26280-64ce-47d4-98f6-062dd17fb8f7",
            "ab5b02ff-e95b-40c1-8c45-d41129d02f6c"
          ]
        }
      ],
      "Page": 1
    },
    {
      "BlockType": "LINE",
      "Confidence": 99.86072540283203,
      "Text": "2025",
      "Geometry": {
        "BoundingBox": {
          "Width": 0.022674759849905968,
          "Height": 0.007056585047394037,
          "Left": 0.7193418741226196,
          "Top": 0.1451035737991333
        },
        "Polygon": [
          {
            "X": 0.7195448875427246,
            "Y": 0.14586064219474792
          },
          {
            "X": 0.742016613483429,
            "Y": 0.1451035737991333
          },
          {
            "X": 0.7418152093887329,
            "Y": 0.15141268074512482
          },
          {
            "X": 0.7193418741226196,
            "Y": 0.1521601527929306
          }
        ]
      },
      "Id": "8210765f-f368-44c2-9861-3062dedc947c",
      "Relationships": [
        {
          "Type": "CHILD",
          "Ids": [
            "26fe7241-16be-45b8-8314-bd09e07c92f4"
          ]
        }
      ],
      "Page": 1
    },
    {
      "BlockType": "LINE",
      "Confidence": 99.4668197631836,
      "Text": "modelos",
      "Geometry": {
        "BoundingBox": {
          "Width": 0.07741278409957886,
          "Height": 0.01838582195341587,
          "Left": 0.12186214327812195,
          "Top": 0.18899089097976685
        },
        "Polygon": [
          {
            "X": 0.12250280380249023,
            "Y": 0.19143837690353394
          },
          {
            "X": 0.1992749273777008,
            "Y": 0.18899089097976685
          },
          {
            "X": 0.19864723086357117,
            "Y": 0.20501570403575897
          },
          {
            "X": 0.12186214327812195,
            "Y": 0.20737671852111816
          }
        ]
      },
      "Id": "f3bcad91-76c5-4144-ab9e-496a09fe289b",
      "Relationships": [
        {
          "Type": "CHILD",
          "Ids": [
            "5b7fbb76-33e3-4691-b877-83f4b2f37b41"
          ]
        }
      ],
      "Page": 1
    },
    {
      "BlockType": "LINE",
      "Confidence": 99.47115325927734,
      "Text": "Deploy model",
      "Geometry": {
        "BoundingBox": {
          "Width": 0.04633120447397232,
          "Height": 0.009180734865367413,
          "Left": 0.3455418646335602,
          "Top": 0.20897985994815826
        },
        "Polygon": [
          {
            "X": 0.34583190083503723,
            "Y": 0.2103637307882309
          },
          {
            "X": 0.3918730616569519,
            "Y": 0.20897985994815826
          },
          {
            "X": 0.39158689975738525,
            "Y": 0.2168016880750656
          },
          {
            "X": 0.3455418646335602,
            "Y": 0.21816058456897736
          }
        ]
      },
      "Id": "33b111c1-a25d-4e63-b65d-720e1eaa15e3",
      "Relationships": [
        {
          "Type": "CHILD",
          "Ids": [
            "9106c6d5-b822-4e8f-b5a6-10061a1bf879",
            "c220a4f6-0983-46fb-bee7-85485175f89c"
          ]
        }
      ],
      "Page": 1
    },
    {
      "BlockType": "LINE",
      "Confidence": 99.05192565917969,
      "Text": "Implemente pipelines de",
      "Geometry": {
        "BoundingBox": {
          "Width": 0.16757138073444366,
          "Height": 0.023498371243476868,
          "Left": 0.12477989494800568,
          "Top": 0.2383802831172943
        },
        "Polygon": [
          {
            "X": 0.1255340427160263,
            "Y": 0.24308492243289948
          },
          {
            "X": 0.29235127568244934,
            "Y": 0.2383802831172943
          },
          {
            "X": 0.2916305661201477,
            "Y": 0.2573956847190857
          },
          {
            "X": 0.12477989494800568,
            "Y": 0.2618786692619324
          }
        ]
      },
      "Id": "1be15f4e-c25f-4982-810e-6b2c8e1edc5b",
      "Relationships": [
        {
          "Type": "CHILD",
          "Ids": [
            "8ec78035-a64d-4c42-aed5-3280c7ecbf91",
            "ad38cfb6-b003-42ec-9def-775fa2df6d5d",
            "58dc019f-282a-40eb-b510-499e748620d5"
          ]
        }
      ],
      "Page": 1
    },
    {
      "BlockType": "LINE",
      "Confidence": 97.47037506103516,
      "Text": "ience",
      "Geometry": {
        "BoundingBox": {
          "Width": 0.048410043120384216,
          "Height": 0.015519838780164719,
          "Left": 0,
          "Top": 0.2628994584083557
        },
        "Polygon": [
          {
            "X": 0.000055267784773604944,
            "Y": 0.26420220732688904
          },
          {
            "X": 0.048410043120384216,
            "Y": 0.2628994584083557
          },
          {
            "X": 0.04782302677631378,
            "Y": 0.27716559171676636
          },
          {
            "X": 0,
            "Y": 0.27841928601264954
          }
        ]
      },
      "Id": "6fa076a1-e665-456e-9189-b52c7aeb9157",
      "Relationships": [
        {
          "Type": "CHILD",
          "Ids": [
            "9b3782ca-2bb9-4310-ba61-01f6d0f559fb"
          ]
        }
      ],
      "Page": 1
    },
    {
      "BlockType": "LINE",
      "Confidence": 99.71044921875,
      "Text": "MLOPS",
      "Geometry": {
        "BoundingBox": {
          "Width": 0.04790986329317093,
          "Height": 0.013241107575595379,
          "Left": 0.1234319806098938,
          "Top": 0.26431283354759216
        },
        "Polygon": [
          {
            "X": 0.12391279637813568,
            "Y": 0.26557475328445435
          },
          {
            "X": 0.17134185135364532,
            "Y": 0.26431283354759216
          },
          {
            "X": 0.17086702585220337,
            "Y": 0.27633216977119446
          },
          {
            "X": 0.1234319806098938,
            "Y": 0.277553915977478
          }
        ]
      },
      "Id": "73da5b10-e40f-4237-8ba6-65bf4ff8fe65",
      "Relationships": [
        {
          "Type": "CHILD",
          "Ids": [
            "a9dc533e-a0e4-4643-81dc-908e68bec0c9"
          ]
        }
      ],
      "Page": 1
    },
    {
      "BlockType": "LINE",
      "Confidence": 99.56907653808594,
      "Text": "Registre modelo no",
      "Geometry": {
        "BoundingBox": {
          "Width": 0.13067980110645294,
          "Height": 0.019183024764060974,
          "Left": 0.12161660194396973,
          "Top": 0.28389766812324524
        },
        "Polygon": [
          {
            "X": 0.122255839407444,
            "Y": 0.2871585190296173
          },
          {
            "X": 0.25229641795158386,
            "Y": 0.28389766812324524
          },
          {
            "X": 0.2516791522502899,
            "Y": 0.29996633529663086
          },
          {
            "X": 0.12161660194396973,
            "Y": 0.303080677986145
          }
        ]
      },
      "Id": "0b000f74-0732-4b34-a775-793cebd6d485",
      "Relationships": [
        {
          "Type": "CHILD",
          "Ids": [
            "4ca29633-34fa-455c-bacb-5f8b3f4e41e5",
            "8668c2f9-fadc-4356-9f57-b50049f45f76",
            "fa37b397-810b-4d97-80e6-775e8be20492"
          ]
        }
      ],
      "Page": 1
    },
    {
      "BlockType": "LINE",
      "Confidence": 99.65853881835938,
      "Text": "SageMaker Model Registry",
      "Geometry": {
        "BoundingBox": {
          "Width": 0.18215569853782654,
          "Height": 0.02037300355732441,
          "Left": 0.11955561488866806,
          "Top": 0.3002941608428955
        },
        "Polygon": [
          {
            "X": 0.12020011991262436,
            "Y": 0.30462101101875305
          },
          {
            "X": 0.3017113208770752,
            "Y": 0.3002941608428955
          },
          {
            "X": 0.3010978698730469,
            "Y": 0.3165465295314789
          },
          {
            "X": 0.11955561488866806,
            "Y": 0.32066717743873596
          }
        ]
      },
      "Id": "ac8a567c-f24e-48b4-88a2-e8fb1b41adf0",
      "Relationships": [
        {
          "Type": "CHILD",
          "Ids": [
            "64914d3a-cfab-4060-8c89-aebced8375c3",
            "b13a98d4-225b-4e2c-a2cf-ba356d769b27",
            "8306b4db-aa07-46b4-b0a3-477e9e67853f"
          ]
        }
      ],
      "Page": 1
    },
    {
      "BlockType": "WORD",
      "Confidence": 98.41986083984375,
      "Text": "Cloud",
      "TextType": "PRINTED",
      "Geometry": {
        "BoundingBox": {
          "Width": 0.026708295568823814,
          "Height": 0.00780347129330039,
          "Left": 0.7198570370674133,
          "Top": 0.127580925822258
        },
        "Polygon": [
          {
            "X": 0.7200787663459778,
            "Y": 0.12850457429885864
          },
          {
            "X": 0.7465653419494629,
            "Y": 0.127580925822258
          },
          {
            "X": 0.7463456392288208,
            "Y": 0.13447310030460358
          },
          {
            "X": 0.7198570370674133,
            "Y": 0.13538439571857452
          }
        ]
      },
      "Id": "2eca823d-41b0-4cfe-a615-43af863b581e",
      "Page": 1
    },
    {
      "BlockType": "WORD",
      "Confidence": 88.73534393310547,
      "Text": "aws",
      "TextType": "PRINTED",
      "Geometry": {
        "BoundingBox": {
          "Width": 0.04867209866642952,
          "Height": 0.01499477494508028,
          "Left": 0.6425071358680725,
          "Top": 0.13297559320926666
        },
        "Polygon": [
          {
            "X": 0.6429503560066223,
            "Y": 0.13464602828025818
          },
          {
            "X": 0.6911792755126953,
            "Y": 0.13297559320926666
          },
          {
            "X": 0.6907432675361633,
            "Y": 0.1463436782360077
          },
          {
            "X": 0.6425071358680725,
            "Y": 0.14797036349773407
          }
        ]
      },
      "Id": "4e3ecacf-ab0a-4c30-819f-8ae05b9604bb",
      "Page": 1
    },
    {
      "BlockType": "WORD",
      "Confidence": 99.72978210449219,
      "Text": "Experience",
      "TextType": "PRINTED",
      "Geometry": {
        "BoundingBox": {
          "Width": 0.04947734996676445,
          "Height": 0.009662337601184845,
          "Left": 0.7196424007415771,
          "Top": 0.13477134704589844
        },
        "Polygon": [
          {
            "X": 0.7198993563652039,
            "Y": 0.13646109402179718
          },
          {
            "X": 0.7691197395324707,
            "Y": 0.13477134704589844
          },
          {
            "X": 0.7688671946525574,
            "Y": 0.14277052879333496
          },
          {
            "X": 0.7196424007415771,
            "Y": 0.14443369209766388
          }
        ]
      },
      "Id": "70ca3330-7a78-4c21-947b-810abca0a0d8",
      "Page": 1
    },
    {
      "BlockType": "WORD",
      "Confidence": 98.37478637695312,
      "Text": "Impulsione",
      "TextType": "PRINTED",
      "Geometry": {
        "BoundingBox": {
          "Width": 0.1024046540260315,
          "Height": 0.022990530356764793,
          "Left": 0.1236639991402626,
          "Top": 0.16920636594295502
        },
        "Polygon": [
          {
            "X": 0.124452143907547,
            "Y": 0.17258164286613464
          },
          {
            "X": 0.2260686457157135,
            "Y": 0.16920636594295502
          },
          {
            "X": 0.22530166804790497,
            "Y": 0.1889624446630478
          },
          {
            "X": 0.1236639991402626,
            "Y": 0.19219689071178436
          }
        ]
      },
      "Id": "915263c5-d86e-47a1-b58d-3e1d8245a6dc",
      "Page": 1
    },
    {
      "BlockType": "WORD",
      "Confidence": 99.8495864868164,
      "Text": "a",
      "TextType": "PRINTED",
      "Geometry": {
        "BoundingBox": {
          "Width": 0.010674879886209965,
          "Height": 0.010876770131289959,
          "Left": 0.22976650297641754,
          "Top": 0.16986532509326935
        },
        "Polygon": [
          {
            "X": 0.2301749736070633,
            "Y": 0.1702055186033249
          },
          {
            "X": 0.24044138193130493,
            "Y": 0.16986532509326935
          },
          {
            "X": 0.2400340586900711,
            "Y": 0.1804094910621643
          },
          {
            "X": 0.22976650297641754,
            "Y": 0.18074209988117218
          }
        ]
      },
      "Id": "17b43fe2-6234-4278-92e5-a7c0bd970a41",
      "Page": 1
    },
    {
      "BlockType": "WORD",
      "Confidence": 96.25210571289062,
      "Text": "colaboração",
      "TextType": "PRINTED",
      "Geometry": {
        "BoundingBox": {
          "Width": 0.12053069472312927,
          "Height": 0.025792429223656654,
          "Left": 0.2458457201719284,
          "Top": 0.15456648170948029
        },
        "Polygon": [
          {
            "X": 0.24668358266353607,
            "Y": 0.15862564742565155
          },
          {
            "X": 0.3663763999938965,
            "Y": 0.15456648170948029
          },
          {
            "X": 0.36556658148765564,
            "Y": 0.1764819324016571
          },
          {
            "X": 0.2458457201719284,
            "Y": 0.1803589165210724
          }
        ]
      },
      "Id": "3532fcd7-aa60-43fd-b203-20a041f02050",
      "Page": 1
    },
    {
      "BlockType": "WORD",
      "Confidence": 99.81394958496094,
      "Text": "e",
      "TextType": "PRINTED",
      "Geometry": {
        "BoundingBox": {
          "Width": 0.012319064699113369,
          "Height": 0.011458612978458405,
          "Left": 0.3717401921749115,
          "Top": 0.15630753338336945
        },
        "Polygon": [
          {
            "X": 0.37214791774749756,
            "Y": 0.15670955181121826
          },
          {
            "X": 0.38405928015708923,
            "Y": 0.15630753338336945
          },
          {
            "X": 0.3836529850959778,
            "Y": 0.16737328469753265
          },
          {
            "X": 0.3717401921749115,
            "Y": 0.16776615381240845
          }
        ]
      },
      "Id": "e4d26280-64ce-47d4-98f6-062dd17fb8f7",
      "Page": 1
    },
    {
      "BlockType": "WORD",
      "Confidence": 99.41161346435547,
      "Text": "implemente",
      "TextType": "PRINTED",
      "Geometry": {
        "BoundingBox": {
          "Width": 0.13175059854984283,
          "Height": 0.027343817055225372,
          "Left": 0.3887052834033966,
          "Top": 0.14146922528743744
        },
        "Polygon": [
          {
            "X": 0.38954201340675354,
            "Y": 0.14598016440868378
          },
          {
            "X": 0.5204558372497559,
            "Y": 0.14146922528743744
          },
          {
            "X": 0.5196518301963806,
            "Y": 0.16450931131839752
          },
          {
            "X": 0.3887052834033966,
            "Y": 0.1688130497932434
          }
        ]
      },
      "Id": "ab5b02ff-e95b-40c1-8c45-d41129d02f6c",
      "Page": 1
    },
    {
      "BlockType": "WORD",
      "Confidence": 99.86072540283203,
      "Text": "2025",
      "TextType": "PRINTED",
      "Geometry": {
        "BoundingBox": {
          "Width": 0.022674759849905968,
          "Height": 0.007056585047394037,
          "Left": 0.7193418741226196,
          "Top": 0.1451035737991333
        },
        "Polygon": [
          {
            "X": 0.7195448875427246,
            "Y": 0.14586064219474792
          },
          {
            "X": 0.742016613483429,
            "Y": 0.1451035737991333
          },
          {
            "X": 0.7418152093887329,
            "Y": 0.15141268074512482
          },
          {
            "X": 0.7193418741226196,
            "Y": 0.1521601527929306
          }
        ]
      },
      "Id": "26fe7241-16be-45b8-8314-bd09e07c92f4",
      "Page": 1
    },
    {
      "BlockType": "WORD",
      "Confidence": 99.4668197631836,
      "Text": "modelos",
      "TextType": "PRINTED",
      "Geometry": {
        "BoundingBox": {
          "Width": 0.07741278409957886,
          "Height": 0.01838582195341587,
          "Left": 0.12186214327812195,
          "Top": 0.18899089097976685
        },
        "Polygon": [
          {
            "X": 0.12250280380249023,
            "Y": 0.19143837690353394
          },
          {
            "X": 0.1992749273777008,
            "Y": 0.18899089097976685
          },
          {
            "X": 0.19864723086357117,
            "Y": 0.20501570403575897
          },
          {
            "X": 0.12186214327812195,
            "Y": 0.20737671852111816
          }
        ]
      },
      "Id": "5b7fbb76-33e3-4691-b877-83f4b2f37b41",
      "Page": 1
    },
    {
      "BlockType": "WORD",
      "Confidence": 99.36203002929688,
      "Text": "Deploy",
      "TextType": "PRINTED",
      "Geometry": {
        "BoundingBox": {
          "Width": 0.023736439645290375,
          "Height": 0.007432691752910614,
          "Left": 0.3455418646335602,
          "Top": 0.21072790026664734
        },
        "Polygon": [
          {
            "X": 0.34579217433929443,
            "Y": 0.2114320695400238
          },
          {
            "X": 0.36927831172943115,
            "Y": 0.21072790026664734
          },
          {
            "X": 0.369029700756073,
            "Y": 0.21746741235256195
          },
          {
            "X": 0.3455418646335602,
            "Y": 0.21816058456897736
          }
        ]
      },
      "Id": "9106c6d5-b822-4e8f-b5a6-10061a1bf879",
      "Page": 1
    },
    {
      "BlockType": "WORD",
      "Confidence": 99.58026885986328,
      "Text": "model",
      "TextType": "PRINTED",
      "Geometry": {
        "BoundingBox": {
          "Width": 0.02143111079931259,
          "Height": 0.006650933530181646,
          "Left": 0.3704419732093811,
          "Top": 0.20897985994815826
        },
        "Polygon": [
          {
            "X": 0.37066367268562317,
            "Y": 0.20961734652519226
          },
          {
            "X": 0.3918730616569519,
            "Y": 0.20897985994815826
          },
          {
            "X": 0.39165276288986206,
            "Y": 0.2150021493434906
          },
          {
            "X": 0.3704419732093811,
            "Y": 0.21563078463077545
          }
        ]
      },
      "Id": "c220a4f6-0983-46fb-bee7-85485175f89c",
      "Page": 1
    },
    {
      "BlockType": "WORD",
      "Confidence": 97.8613510131836,
      "Text": "Implemente",
      "TextType": "PRINTED",
      "Geometry": {
        "BoundingBox": {
          "Width": 0.08019930124282837,
          "Height": 0.017145946621894836,
          "Left": 0.12477989494800568,
          "Top": 0.24473270773887634
        },
        "Polygon": [
          {
            "X": 0.12537871301174164,
            "Y": 0.2469557523727417
          },
          {
            "X": 0.20497919619083405,
            "Y": 0.24473270773887634
          },
          {
            "X": 0.2043929547071457,
            "Y": 0.25973960757255554
          },
          {
            "X": 0.12477989494800568,
            "Y": 0.2618786692619324
          }
        ]
      },
      "Id": "8ec78035-a64d-4c42-aed5-3280c7ecbf91",
      "Page": 1
    },
    {
      "BlockType": "WORD",
      "Confidence": 99.44911193847656,
      "Text": "pipelines",
      "TextType": "PRINTED",
      "Geometry": {
        "BoundingBox": {
          "Width": 0.06382284313440323,
          "Height": 0.016415901482105255,
          "Left": 0.2074624001979828,
          "Top": 0.23950648307800293
        },
        "Polygon": [
          {
            "X": 0.20803353190422058,
            "Y": 0.241287961602211
          },
          {
            "X": 0.2712852358818054,
            "Y": 0.23950648307800293
          },
          {
            "X": 0.27072399854660034,
            "Y": 0.25420597195625305
          },
          {
            "X": 0.2074624001979828,
            "Y": 0.2559223771095276
          }
        ]
      },
      "Id": "ad38cfb6-b003-42ec-9def-775fa2df6d5d",
      "Page": 1
    },
    {
      "BlockType": "WORD",
      "Confidence": 99.84532165527344,
      "Text": "de",
      "TextType": "PRINTED",
      "Geometry": {
        "BoundingBox": {
          "Width": 0.01777445711195469,
          "Height": 0.011345037259161472,
          "Left": 0.2745768129825592,
          "Top": 0.2383802831172943
        },
        "Polygon": [
          {
            "X": 0.2749907672405243,
            "Y": 0.23886989057064056
          },
          {
            "X": 0.29235127568244934,
            "Y": 0.2383802831172943
          },
          {
            "X": 0.2919393479824066,
            "Y": 0.24924889206886292
          },
          {
            "X": 0.2745768129825592,
            "Y": 0.2497253268957138
          }
        ]
      },
      "Id": "58dc019f-282a-40eb-b510-499e748620d5",
      "Page": 1
    },
    {
      "BlockType": "WORD",
      "Confidence": 97.47037506103516,
      "Text": "ience",
      "TextType": "PRINTED",
      "Geometry": {
        "BoundingBox": {
          "Width": 0.048410043120384216,
          "Height": 0.015519838780164719,
          "Left": 0,
          "Top": 0.2628994584083557
        },
        "Polygon": [
          {
            "X": 0.000055267784773604944,
            "Y": 0.26420220732688904
          },
          {
            "X": 0.048410043120384216,
            "Y": 0.2628994584083557
          },
          {
            "X": 0.04782302677631378,
            "Y": 0.27716559171676636
          },
          {
            "X": 0,
            "Y": 0.27841928601264954
          }
        ]
      },
      "Id": "9b3782ca-2bb9-4310-ba61-01f6d0f559fb",
      "Page": 1
    },
    {
      "BlockType": "WORD",
      "Confidence": 99.71044921875,
      "Text": "MLOPS",
      "TextType": "PRINTED",
      "Geometry": {
        "BoundingBox": {
          "Width": 0.04790986329317093,
          "Height": 0.013241107575595379,
          "Left": 0.1234319806098938,
          "Top": 0.26431283354759216
        },
        "Polygon": [
          {
            "X": 0.12391279637813568,
            "Y": 0.26557475328445435
          },
          {
            "X": 0.17134185135364532,
            "Y": 0.26431283354759216
          },
          {
            "X": 0.17086702585220337,
            "Y": 0.27633216977119446
          },
          {
            "X": 0.1234319806098938,
            "Y": 0.277553915977478
          }
        ]
      },
      "Id": "a9dc533e-a0e4-4643-81dc-908e68bec0c9",
      "Page": 1
    },
    {
      "BlockType": "WORD",
      "Confidence": 99.27421569824219,
      "Text": "Registre",
      "TextType": "PRINTED",
      "Geometry": {
        "BoundingBox": {
          "Width": 0.05304715037345886,
          "Height": 0.014311247505247593,
          "Left": 0.12161660194396973,
          "Top": 0.2887694239616394
        },
        "Polygon": [
          {
            "X": 0.12213872373104095,
            "Y": 0.2900756597518921
          },
          {
            "X": 0.1746637523174286,
            "Y": 0.2887694239616394
          },
          {
            "X": 0.17414884269237518,
            "Y": 0.30182281136512756
          },
          {
            "X": 0.12161660194396973,
            "Y": 0.303080677986145
          }
        ]
      },
      "Id": "4ca29633-34fa-455c-bacb-5f8b3f4e41e5",
      "Page": 1
    },
    {
      "BlockType": "WORD",
      "Confidence": 99.55309295654297,
      "Text": "modelo",
      "TextType": "PRINTED",
      "Geometry": {
        "BoundingBox": {
          "Width": 0.05241936445236206,
          "Height": 0.0134353656321764,
          "Left": 0.17825329303741455,
          "Top": 0.28443989157676697
        },
        "Polygon": [
          {
            "X": 0.1787312626838684,
            "Y": 0.2857423722743988
          },
          {
            "X": 0.2306726574897766,
            "Y": 0.28443989157676697
          },
          {
            "X": 0.2302013784646988,
            "Y": 0.29661720991134644
          },
          {
            "X": 0.17825329303741455,
            "Y": 0.2978752553462982
          }
        ]
      },
      "Id": "8668c2f9-fadc-4356-9f57-b50049f45f76",
      "Page": 1
    },
    {
      "BlockType": "WORD",
      "Confidence": 99.87992095947266,
      "Text": "no",
      "TextType": "PRINTED",
      "Geometry": {
        "BoundingBox": {
          "Width": 0.018278537318110466,
          "Height": 0.009014081209897995,
          "Left": 0.2339380979537964,
          "Top": 0.285974383354187
        },
        "Polygon": [
          {
            "X": 0.23426921665668488,
            "Y": 0.2864218056201935
          },
          {
            "X": 0.252216637134552,
            "Y": 0.285974383354187
          },
          {
            "X": 0.25188714265823364,
            "Y": 0.2945518493652344
          },
          {
            "X": 0.2339380979537964,
            "Y": 0.2949884831905365
          }
        ]
      },
      "Id": "fa37b397-810b-4d97-80e6-775e8be20492",
      "Page": 1
    },
    {
      "BlockType": "WORD",
      "Confidence": 99.23111724853516,
      "Text": "SageMaker",
      "TextType": "PRINTED",
      "Geometry": {
        "BoundingBox": {
          "Width": 0.07358446717262268,
          "Height": 0.01580185443162918,
          "Left": 0.11955561488866806,
          "Top": 0.3048653304576874
        },
        "Polygon": [
          {
            "X": 0.1201208084821701,
            "Y": 0.30659571290016174
          },
          {
            "X": 0.19314007461071014,
            "Y": 0.3048653304576874
          },
          {
            "X": 0.19258573651313782,
            "Y": 0.31900954246520996
          },
          {
            "X": 0.11955561488866806,
            "Y": 0.32066717743873596
          }
        ]
      },
      "Id": "64914d3a-cfab-4060-8c89-aebced8375c3",
      "Page": 1
    },
    {
      "BlockType": "WORD",
      "Confidence": 99.86921691894531,
      "Text": "Model",
      "TextType": "PRINTED",
      "Geometry": {
        "BoundingBox": {
          "Width": 0.042588185518980026,
          "Height": 0.012599308975040913,
          "Left": 0.19654564559459686,
          "Top": 0.3021877706050873
        },
        "Polygon": [
          {
            "X": 0.19699953496456146,
            "Y": 0.3031909763813019
          },
          {
            "X": 0.2391338348388672,
            "Y": 0.3021877706050873
          },
          {
            "X": 0.23868513107299805,
            "Y": 0.3138182759284973
          },
          {
            "X": 0.19654564559459686,
            "Y": 0.3147870898246765
          }
        ]
      },
      "Id": "b13a98d4-225b-4e2c-a2cf-ba356d769b27",
      "Page": 1
    },
    {
      "BlockType": "WORD",
      "Confidence": 99.87528228759766,
      "Text": "Registry",
      "TextType": "PRINTED",
      "Geometry": {
        "BoundingBox": {
          "Width": 0.05842817947268486,
          "Height": 0.014587397687137127,
          "Left": 0.24328313767910004,
          "Top": 0.3002941608428955
        },
        "Polygon": [
          {
            "X": 0.24379181861877441,
            "Y": 0.30167484283447266
          },
          {
            "X": 0.3017113208770752,
            "Y": 0.3002941608428955
          },
          {
            "X": 0.30121082067489624,
            "Y": 0.3135545551776886
          },
          {
            "X": 0.24328313767910004,
            "Y": 0.3148815631866455
          }
        ]
      },
      "Id": "8306b4db-aa07-46b4-b0a3-477e9e67853f",
      "Page": 1
    }
  ],
  "DetectDocumentTextModelVersion": "1.0"
}