{
  "DocumentMetadata": {
    "Pages": 1
  },
  "JobStatus": "SUCCEEDED",
  "Blocks": [
    {
      "BlockType": "PAGE",
      "Geometry": {
        "BoundingBox": {
          "Width": 1,
          "Height": 1,
          "Left": 0,
          "Top": 0
        },
        "Polygon": [
          {
            "X": 0,
            "Y": 0
          },
          {
            "X": 1,
            "Y": 0
          },
          {
            "X": 1,
            "Y": 1
          },
          {
            "X": 0,
            "Y": 1
          }
        ]
      },
      "Id": "a94ab621-a766-43d3-9b6b-3db4c5be4de2",
      "Relationships": [
        {
          "Type": "CHILD",
          "Ids": [
            "a15b2a8a-24fe-41bc-9581-a849ec9e962d",
            "9e8ae280-f4e7-4922-8a26-5bc8d97938f0",
            "dff348da-1aae-4397-ab42-75de96aceaea",
            "8e538114-8bec-4e6f-9eb6-549de2f2b0b0",
            "6499d9ec-a5a4-47c7-b33d-23a7fb8a6ab2",
            "3658b643-daa9-4210-b96e-e6ec31ce9c73",
            "783c59f6-1e80-4627-b0f5-3480cb3b616f",
            "8c6ca6b2-c65a-4a30-8d2d-faecc1812d5d",
            "3e3f3074-213a-49e0-9455-9fdb6f8ee466",
            "13b34623-9702-44c4-80d6-e4a97f61737a",
            "5113be49-211d-4deb-a270-613f81dee4d1",
            "dd213c05-757a-420a-a6a2-81b870509799",
            "aecf9fb6-8e4b-4c8b-b9f1-94b5921f7d1f",
            "77ae09fa-e249-48dd-8ef0-7ccf40d7d581",
            "aa80028f-cc10-4703-9ee9-00d596d921f1",
            "f5f98ce4-21c6-4e0f-88fa-96a6f170a43b"
          ]
        }
      ],
      "Page": 1
    },
    {
      "BlockType": "LINE",
      "Confidence": 68.96241760253906,
      "Text": "cloud",
      "Geometry": {
        "BoundingBox": {
          "Width": 0.023717578500509262,
          "Height": 0.006827558856457472,
          "Left": 0.7274357080459595,
          "Top": 0.31791430711746216
        },
        "Polygon": [
          {
            "X": 0.7274357080459595,
            "Y": 0.31791430711746216
          },
          {
            "X": 0.751153290271759,
            "Y": 0.31791430711746216
          },
          {
            "X": 0.751153290271759,
            "Y": 0.3247418701648712
          },
          {
            "X": 0.7274357080459595,
            "Y": 0.3247418701648712
          }
        ]
      },
      "Id": "a15b2a8a-24fe-41bc-9581-a849ec9e962d",
      "Relationships": [
        {
          "Type": "CHILD",
          "Ids": [
            "ea4d26ff-62f2-4336-a2c1-c2be23bcc3a1"
          ]
        }
      ],
      "Page": 1
    },
    {
      "BlockType": "LINE",
      "Confidence": 82.04415893554688,
      "Text": "laws",
      "Geometry": {
        "BoundingBox": {
          "Width": 0.0427955687046051,
          "Height": 0.013370935805141926,
          "Left": 0.6606462597846985,
          "Top": 0.3230084478855133
        },
        "Polygon": [
          {
            "X": 0.6606462597846985,
            "Y": 0.3230084478855133
          },
          {
            "X": 0.703441858291626,
            "Y": 0.3230084478855133
          },
          {
            "X": 0.703441858291626,
            "Y": 0.33637940883636475
          },
          {
            "X": 0.6606462597846985,
            "Y": 0.33637940883636475
          }
        ]
      },
      "Id": "9e8ae280-f4e7-4922-8a26-5bc8d97938f0",
      "Relationships": [
        {
          "Type": "CHILD",
          "Ids": [
            "962886f1-77ef-4fef-9231-784f3234eea6"
          ]
        }
      ],
      "Page": 1
    },
    {
      "BlockType": "LINE",
      "Confidence": 99.27537536621094,
      "Text": "Experience",
      "Geometry": {
        "BoundingBox": {
          "Width": 0.043165139853954315,
          "Height": 0.007981443777680397,
          "Left": 0.7278956174850464,
          "Top": 0.3239203691482544
        },
        "Polygon": [
          {
            "X": 0.7278956174850464,
            "Y": 0.3239203691482544
          },
          {
            "X": 0.7710607647895813,
            "Y": 0.3239203691482544
          },
          {
            "X": 0.7710607647895813,
            "Y": 0.33190181851387024
          },
          {
            "X": 0.7278956174850464,
            "Y": 0.33190181851387024
          }
        ]
      },
      "Id": "dff348da-1aae-4397-ab42-75de96aceaea",
      "Relationships": [
        {
          "Type": "CHILD",
          "Ids": [
            "4552eb6e-a5bd-4f41-bd13-7e993b2b5278"
          ]
        }
      ],
      "Page": 1
    },
    {
      "BlockType": "LINE",
      "Confidence": 99.60722351074219,
      "Text": "2025",
      "Geometry": {
        "BoundingBox": {
          "Width": 0.02036374993622303,
          "Height": 0.006387887988239527,
          "Left": 0.7277792096138,
          "Top": 0.3326345980167389
        },
        "Polygon": [
          {
            "X": 0.7277792096138,
            "Y": 0.3326345980167389
          },
          {
            "X": 0.7481429576873779,
            "Y": 0.3326345980167389
          },
          {
            "X": 0.7481429576873779,
            "Y": 0.3390224874019623
          },
          {
            "X": 0.7277792096138,
            "Y": 0.3390224874019623
          }
        ]
      },
      "Id": "8e538114-8bec-4e6f-9eb6-549de2f2b0b0",
      "Relationships": [
        {
          "Type": "CHILD",
          "Ids": [
            "0b1a2bad-83b5-41c9-b004-6276c1c5b33e"
          ]
        }
      ],
      "Page": 1
    },
    {
      "BlockType": "LINE",
      "Confidence": 95.6981430053711,
      "Text": "Preparar dados",
      "Geometry": {
        "BoundingBox": {
          "Width": 0.12406031042337418,
          "Height": 0.02253754623234272,
          "Left": 0.2080291360616684,
          "Top": 0.35258856415748596
        },
        "Polygon": [
          {
            "X": 0.2080291360616684,
            "Y": 0.35258856415748596
          },
          {
            "X": 0.33208945393562317,
            "Y": 0.35258856415748596
          },
          {
            "X": 0.33208945393562317,
            "Y": 0.3751261234283447
          },
          {
            "X": 0.2080291360616684,
            "Y": 0.3751261234283447
          }
        ]
      },
      "Id": "6499d9ec-a5a4-47c7-b33d-23a7fb8a6ab2",
      "Relationships": [
        {
          "Type": "CHILD",
          "Ids": [
            "c30969f9-e9af-4317-bdd2-e9c7610e5dd7",
            "71680792-84b2-48b2-bf2c-33ecefc720e7"
          ]
        }
      ],
      "Page": 1
    },
    {
      "BlockType": "LINE",
      "Confidence": 99.56938934326172,
      "Text": "Mais de 50 conectores de",
      "Geometry": {
        "BoundingBox": {
          "Width": 0.1275816261768341,
          "Height": 0.016890859231352806,
          "Left": 0.22183063626289368,
          "Top": 0.3877706825733185
        },
        "Polygon": [
          {
            "X": 0.22183063626289368,
            "Y": 0.3877706825733185
          },
          {
            "X": 0.3494122624397278,
            "Y": 0.3877706825733185
          },
          {
            "X": 0.3494122624397278,
            "Y": 0.4046615660190582
          },
          {
            "X": 0.22183063626289368,
            "Y": 0.4046615660190582
          }
        ]
      },
      "Id": "3658b643-daa9-4210-b96e-e6ec31ce9c73",
      "Relationships": [
        {
          "Type": "CHILD",
          "Ids": [
            "8e04d6be-7961-4ccd-bbf6-978b15ff63b0",
            "1737a234-f068-4999-9bea-67492a3f570c",
            "edc37356-7d88-4766-b176-7b2eefad6dd1",
            "2f89e6dc-1e55-46d8-984f-5aed8f0d60ba",
            "355fd377-440d-4a4f-ae2b-d14cd2a30466"
          ]
        }
      ],
      "Page": 1
    },
    {
      "BlockType": "LINE",
      "Confidence": 96.24671173095703,
      "Text": "Data quality and insights",
      "Geometry": {
        "BoundingBox": {
          "Width": 0.06941621005535126,
          "Height": 0.008737875148653984,
          "Left": 0.4017726182937622,
          "Top": 0.39737561345100403
        },
        "Polygon": [
          {
            "X": 0.4017726182937622,
            "Y": 0.39737561345100403
          },
          {
            "X": 0.47118884325027466,
            "Y": 0.39737561345100403
          },
          {
            "X": 0.47118884325027466,
            "Y": 0.40611350536346436
          },
          {
            "X": 0.4017726182937622,
            "Y": 0.40611350536346436
          }
        ]
      },
      "Id": "783c59f6-1e80-4627-b0f5-3480cb3b616f",
      "Relationships": [
        {
          "Type": "CHILD",
          "Ids": [
            "c3ff4ca3-40d9-4a8c-a4bb-2a09445e2ffc",
            "e525e9b5-04d4-4d91-820d-2f2859a1021b",
            "9dce7c69-39e6-4572-a7ff-f7f1552a18fb",
            "29ef9691-82a3-41c8-8a73-5a48e1beccdb"
          ]
        }
      ],
      "Page": 1
    },
    {
      "BlockType": "LINE",
      "Confidence": 99.1707992553711,
      "Text": "dados",
      "Geometry": {
        "BoundingBox": {
          "Width": 0.030800100415945053,
          "Height": 0.009460563771426678,
          "Left": 0.22005552053451538,
          "Top": 0.4076901078224182
        },
        "Polygon": [
          {
            "X": 0.22005552053451538,
            "Y": 0.4076901078224182
          },
          {
            "X": 0.25085562467575073,
            "Y": 0.4076901078224182
          },
          {
            "X": 0.25085562467575073,
            "Y": 0.41715067625045776
          },
          {
            "X": 0.22005552053451538,
            "Y": 0.41715067625045776
          }
        ]
      },
      "Id": "8c6ca6b2-c65a-4a30-8d2d-faecc1812d5d",
      "Relationships": [
        {
          "Type": "CHILD",
          "Ids": [
            "0e179935-8fc4-4754-b285-247dff5909e3"
          ]
        }
      ],
      "Page": 1
    },
    {
      "BlockType": "LINE",
      "Confidence": 99.00160217285156,
      "Text": "Cloud",
      "Geometry": {
        "BoundingBox": {
          "Width": 0.046066153794527054,
          "Height": 0.01508625689893961,
          "Left": 0.055733487010002136,
          "Top": 0.41859757900238037
        },
        "Polygon": [
          {
            "X": 0.055733487010002136,
            "Y": 0.41859757900238037
          },
          {
            "X": 0.10179964452981949,
            "Y": 0.41859757900238037
          },
          {
            "X": 0.10179964452981949,
            "Y": 0.4336838126182556
          },
          {
            "X": 0.055733487010002136,
            "Y": 0.4336838126182556
          }
        ]
      },
      "Id": "3e3f3074-213a-49e0-9455-9fdb6f8ee466",
      "Relationships": [
        {
          "Type": "CHILD",
          "Ids": [
            "6ff18dfd-1b14-4d20-9db8-f95a1e24c505"
          ]
        }
      ],
      "Page": 1
    },
    {
      "BlockType": "LINE",
      "Confidence": 98.93731689453125,
      "Text": "Visualize sua pipeline de",
      "Geometry": {
        "BoundingBox": {
          "Width": 0.12550772726535797,
          "Height": 0.01617584377527237,
          "Left": 0.21659614145755768,
          "Top": 0.4192195534706116
        },
        "Polygon": [
          {
            "X": 0.21659614145755768,
            "Y": 0.4192195534706116
          },
          {
            "X": 0.34210386872291565,
            "Y": 0.4192195534706116
          },
          {
            "X": 0.34210386872291565,
            "Y": 0.43539541959762573
          },
          {
            "X": 0.21659614145755768,
            "Y": 0.43539541959762573
          }
        ]
      },
      "Id": "13b34623-9702-44c4-80d6-e4a97f61737a",
      "Relationships": [
        {
          "Type": "CHILD",
          "Ids": [
            "5500be42-138f-498e-bdab-79e9959d5c01",
            "8d33220f-a76a-45d8-b5bd-a276b66bd825",
            "05815d45-7ee8-47ce-a031-584eae40a686",
            "51b3dbb9-ef9b-4ae3-bb25-a5c6322c00e7"
          ]
        }
      ],
      "Page": 1
    },
    {
      "BlockType": "LINE",
      "Confidence": 99.55427551269531,
      "Text": "Experience",
      "Geometry": {
        "BoundingBox": {
          "Width": 0.08724100887775421,
          "Height": 0.018505141139030457,
          "Left": 0.051539480686187744,
          "Top": 0.4346961975097656
        },
        "Polygon": [
          {
            "X": 0.051539480686187744,
            "Y": 0.4346961975097656
          },
          {
            "X": 0.13878048956394196,
            "Y": 0.4346961975097656
          },
          {
            "X": 0.13878048956394196,
            "Y": 0.4532013237476349
          },
          {
            "X": 0.051539480686187744,
            "Y": 0.4532013237476349
          }
        ]
      },
      "Id": "5113be49-211d-4deb-a270-613f81dee4d1",
      "Relationships": [
        {
          "Type": "CHILD",
          "Ids": [
            "2dd2b7b4-2bed-4c59-a40b-134e29a2933f"
          ]
        }
      ],
      "Page": 1
    },
    {
      "BlockType": "LINE",
      "Confidence": 98.89143371582031,
      "Text": "preparação de dados",
      "Geometry": {
        "BoundingBox": {
          "Width": 0.10685741156339645,
          "Height": 0.015482545830309391,
          "Left": 0.21560554206371307,
          "Top": 0.43365538120269775
        },
        "Polygon": [
          {
            "X": 0.21560554206371307,
            "Y": 0.43365538120269775
          },
          {
            "X": 0.32246294617652893,
            "Y": 0.43365538120269775
          },
          {
            "X": 0.32246294617652893,
            "Y": 0.44913792610168457
          },
          {
            "X": 0.21560554206371307,
            "Y": 0.44913792610168457
          }
        ]
      },
      "Id": "dd213c05-757a-420a-a6a2-81b870509799",
      "Relationships": [
        {
          "Type": "CHILD",
          "Ids": [
            "2ac5e0aa-6ca5-451c-a662-ff845a65413a",
            "662bb133-bbc3-477b-8bbc-fa5141006285",
            "8a5a210b-af9f-48eb-ba55-cb64ba1298b3"
          ]
        }
      ],
      "Page": 1
    },
    {
      "BlockType": "LINE",
      "Confidence": 60.2308464050293,
      "Text": "7",
      "Geometry": {
        "BoundingBox": {
          "Width": 0.006976789329200983,
          "Height": 0.015472698025405407,
          "Left": 0.000006149966338853119,
          "Top": 0.4533490538597107
        },
        "Polygon": [
          {
            "X": 0.000006149966338853119,
            "Y": 0.4533490538597107
          },
          {
            "X": 0.006982938852161169,
            "Y": 0.4533490538597107
          },
          {
            "X": 0.006982938852161169,
            "Y": 0.46882176399230957
          },
          {
            "X": 0.000006149966338853119,
            "Y": 0.46882176399230957
          }
        ]
      },
      "Id": "aecf9fb6-8e4b-4c8b-b9f1-94b5921f7d1f",
      "Relationships": [
        {
          "Type": "CHILD",
          "Ids": [
            "82ed063c-7d79-419c-b0e1-115a0e5c433e"
          ]
        }
      ],
      "Page": 1
    },
    {
      "BlockType": "LINE",
      "Confidence": 99.83577728271484,
      "Text": "2025",
      "Geometry": {
        "BoundingBox": {
          "Width": 0.03912719711661339,
          "Height": 0.012456133961677551,
          "Left": 0.049055520445108414,
          "Top": 0.45584338903427124
        },
        "Polygon": [
          {
            "X": 0.049055520445108414,
            "Y": 0.45584338903427124
          },
          {
            "X": 0.0881827175617218,
            "Y": 0.45584338903427124
          },
          {
            "X": 0.0881827175617218,
            "Y": 0.46829953789711
          },
          {
            "X": 0.049055520445108414,
            "Y": 0.46829953789711
          }
        ]
      },
      "Id": "77ae09fa-e249-48dd-8ef0-7ccf40d7d581",
      "Relationships": [
        {
          "Type": "CHILD",
          "Ids": [
            "744a9d6a-0f68-4337-a95c-29803c4ee5bf"
          ]
        }
      ],
      "Page": 1
    },
    {
      "BlockType": "LINE",
      "Confidence": 91.74745178222656,
      "Text": "Informações valiosas de",
      "Geometry": {
        "BoundingBox": {
          "Width": 0.12249144166707993,
          "Height": 0.01577001065015793,
          "Left": 0.21369580924510956,
          "Top": 0.45130062103271484
        },
        "Polygon": [
          {
            "X": 0.21369580924510956,
            "Y": 0.45130062103271484
          },
          {
            "X": 0.3361872434616089,
            "Y": 0.45130062103271484
          },
          {
            "X": 0.3361872434616089,
            "Y": 0.46707063913345337
          },
          {
            "X": 0.21369580924510956,
            "Y": 0.46707063913345337
          }
        ]
      },
      "Id": "aa80028f-cc10-4703-9ee9-00d596d921f1",
      "Relationships": [
        {
          "Type": "CHILD",
          "Ids": [
            "491b8b86-07ad-44b2-865a-f80043dadf9f",
            "2e664479-bcd0-4a98-8242-3e04ca7140aa",
            "258f6c62-b382-4639-8223-2eccb952c7e0"
          ]
        }
      ],
      "Page": 1
    },
    {
      "BlockType": "LINE",
      "Confidence": 99.50338745117188,
      "Text": "dados fornecidas por ML",
      "Geometry": {
        "BoundingBox": {
          "Width": 0.12626762688159943,
          "Height": 0.013788372278213501,
          "Left": 0.21224598586559296,
          "Top": 0.46450909972190857
        },
        "Polygon": [
          {
            "X": 0.21224598586559296,
            "Y": 0.46450909972190857
          },
          {
            "X": 0.3385136127471924,
            "Y": 0.46450909972190857
          },
          {
            "X": 0.3385136127471924,
            "Y": 0.47829747200012207
          },
          {
            "X": 0.21224598586559296,
            "Y": 0.47829747200012207
          }
        ]
      },
      "Id": "f5f98ce4-21c6-4e0f-88fa-96a6f170a43b",
      "Relationships": [
        {
          "Type": "CHILD",
          "Ids": [
            "c991f60f-5649-47e2-a552-51f47d654fbb",
            "d107065d-7abc-4868-bd06-c7b37e4590e0",
            "48d200ff-b3f9-418f-bbe8-3a648eaf7e32",
            "8b4f0c2a-7909-44ea-bcf4-326797e3e977"
          ]
        }
      ],
      "Page": 1
    },
    {
      "BlockType": "WORD",
      "Confidence": 68.96241760253906,
      "Text": "cloud",
      "TextType": "PRINTED",
      "Geometry": {
        "BoundingBox": {
          "Width": 0.023717578500509262,
          "Height": 0.006827558856457472,
          "Left": 0.7274357080459595,
          "Top": 0.31791430711746216
        },
        "Polygon": [
          {
            "X": 0.7274357080459595,
            "Y": 0.31791430711746216
          },
          {
            "X": 0.751153290271759,
            "Y": 0.31791430711746216
          },
          {
            "X": 0.751153290271759,
            "Y": 0.3247418701648712
          },
          {
            "X": 0.7274357080459595,
            "Y": 0.3247418701648712
          }
        ]
      },
      "Id": "ea4d26ff-62f2-4336-a2c1-c2be23bcc3a1",
      "Page": 1
    },
    {
      "BlockType": "WORD",
      "Confidence": 82.04415893554688,
      "Text": "laws",
      "TextType": "PRINTED",
      "Geometry": {
        "BoundingBox": {
          "Width": 0.0427955687046051,
          "Height": 0.013370935805141926,
          "Left": 0.6606462597846985,
          "Top": 0.3230084478855133
        },
        "Polygon": [
          {
            "X": 0.6606462597846985,
            "Y": 0.3230084478855133
          },
          {
            "X": 0.703441858291626,
            "Y": 0.3230084478855133
          },
          {
            "X": 0.703441858291626,
            "Y": 0.33637940883636475
          },
          {
            "X": 0.6606462597846985,
            "Y": 0.33637940883636475
          }
        ]
      },
      "Id": "962886f1-77ef-4fef-9231-784f3234eea6",
      "Page": 1
    },
    {
      "BlockType": "WORD",
      "Confidence": 99.27537536621094,
      "Text": "Experience",
      "TextType": "PRINTED",
      "Geometry": {
        "BoundingBox": {
          "Width": 0.043165139853954315,
          "Height": 0.007981443777680397,
          "Left": 0.7278956174850464,
          "Top": 0.3239203691482544
        },
        "Polygon": [
          {
            "X": 0.7278956174850464,
            "Y": 0.3239203691482544
          },
          {
            "X": 0.7710607647895813,
            "Y": 0.3239203691482544
          },
          {
            "X": 0.7710607647895813,
            "Y": 0.33190181851387024
          },
          {
            "X": 0.7278956174850464,
            "Y": 0.33190181851387024
          }
        ]
      },
      "Id": "4552eb6e-a5bd-4f41-bd13-7e993b2b5278",
      "Page": 1
    },
    {
      "BlockType": "WORD",
      "Confidence": 99.60722351074219,
      "Text": "2025",
      "TextType": "PRINTED",
      "Geometry": {
        "BoundingBox": {
          "Width": 0.02036374993622303,
          "Height": 0.006387887988239527,
          "Left": 0.7277792096138,
          "Top": 0.3326345980167389
        },
        "Polygon": [
          {
            "X": 0.7277792096138,
            "Y": 0.3326345980167389
          },
          {
            "X": 0.7481429576873779,
            "Y": 0.3326345980167389
          },
          {
            "X": 0.7481429576873779,
            "Y": 0.3390224874019623
          },
          {
            "X": 0.7277792096138,
            "Y": 0.3390224874019623
          }
        ]
      },
      "Id": "0b1a2bad-83b5-41c9-b004-6276c1c5b33e",
      "Page": 1
    },
    {
      "BlockType": "WORD",
      "Confidence": 92.02799224853516,
      "Text": "Preparar",
      "TextType": "PRINTED",
      "Geometry": {
        "BoundingBox": {
          "Width": 0.07172989845275879,
          "Height": 0.01659911870956421,
          "Left": 0.2080291360616684,
          "Top": 0.3585270047187805
        },
        "Polygon": [
          {
            "X": 0.2080291360616684,
            "Y": 0.3585270047187805
          },
          {
            "X": 0.279759019613266,
            "Y": 0.3585270047187805
          },
          {
            "X": 0.279759019613266,
            "Y": 0.3751261234283447
          },
          {
            "X": 0.2080291360616684,
            "Y": 0.3751261234283447
          }
        ]
      },
      "Id": "c30969f9-e9af-4317-bdd2-e9c7610e5dd7",
      "Page": 1
    },
    {
      "BlockType": "WORD",
      "Confidence": 99.36830139160156,
      "Text": "dados",
      "TextType": "PRINTED",
      "Geometry": {
        "BoundingBox": {
          "Width": 0.049951039254665375,
          "Height": 0.01416870579123497,
          "Left": 0.2821384072303772,
          "Top": 0.35258856415748596
        },
        "Polygon": [
          {
            "X": 0.2821384072303772,
            "Y": 0.35258856415748596
          },
          {
            "X": 0.33208945393562317,
            "Y": 0.35258856415748596
          },
          {
            "X": 0.33208945393562317,
            "Y": 0.36675727367401123
          },
          {
            "X": 0.2821384072303772,
            "Y": 0.36675727367401123
          }
        ]
      },
      "Id": "71680792-84b2-48b2-bf2c-33ecefc720e7",
      "Page": 1
    },
    {
      "BlockType": "WORD",
      "Confidence": 99.54338836669922,
      "Text": "Mais",
      "TextType": "PRINTED",
      "Geometry": {
        "BoundingBox": {
          "Width": 0.02300378866493702,
          "Height": 0.008658823557198048,
          "Left": 0.22183063626289368,
          "Top": 0.39600273966789246
        },
        "Polygon": [
          {
            "X": 0.22183063626289368,
            "Y": 0.39600273966789246
          },
          {
            "X": 0.24483442306518555,
            "Y": 0.39600273966789246
          },
          {
            "X": 0.24483442306518555,
            "Y": 0.4046615660190582
          },
          {
            "X": 0.22183063626289368,
            "Y": 0.4046615660190582
          }
        ]
      },
      "Id": "8e04d6be-7961-4ccd-bbf6-978b15ff63b0",
      "Page": 1
    },
    {
      "BlockType": "WORD",
      "Confidence": 99.78460693359375,
      "Text": "de",
      "TextType": "PRINTED",
      "Geometry": {
        "BoundingBox": {
          "Width": 0.013157631270587444,
          "Height": 0.00843972247093916,
          "Left": 0.24663786590099335,
          "Top": 0.3946717083454132
        },
        "Polygon": [
          {
            "X": 0.24663786590099335,
            "Y": 0.3946717083454132
          },
          {
            "X": 0.25979548692703247,
            "Y": 0.3946717083454132
          },
          {
            "X": 0.25979548692703247,
            "Y": 0.40311142802238464
          },
          {
            "X": 0.24663786590099335,
            "Y": 0.40311142802238464
          }
        ]
      },
      "Id": "1737a234-f068-4999-9bea-67492a3f570c",
      "Page": 1
    },
    {
      "BlockType": "WORD",
      "Confidence": 99.72421264648438,
      "Text": "50",
      "TextType": "PRINTED",
      "Geometry": {
        "BoundingBox": {
          "Width": 0.01374619547277689,
          "Height": 0.00833139382302761,
          "Left": 0.26179391145706177,
          "Top": 0.3934900164604187
        },
        "Polygon": [
          {
            "X": 0.26179391145706177,
            "Y": 0.3934900164604187
          },
          {
            "X": 0.2755400836467743,
            "Y": 0.3934900164604187
          },
          {
            "X": 0.2755400836467743,
            "Y": 0.40182140469551086
          },
          {
            "X": 0.26179391145706177,
            "Y": 0.40182140469551086
          }
        ]
      },
      "Id": "edc37356-7d88-4766-b176-7b2eefad6dd1",
      "Page": 1
    },
    {
      "BlockType": "WORD",
      "Confidence": 98.97603607177734,
      "Text": "conectores",
      "TextType": "PRINTED",
      "Geometry": {
        "BoundingBox": {
          "Width": 0.056088048964738846,
          "Height": 0.010534156113862991,
          "Left": 0.27690163254737854,
          "Top": 0.3902859687805176
        },
        "Polygon": [
          {
            "X": 0.27690163254737854,
            "Y": 0.3902859687805176
          },
          {
            "X": 0.3329896628856659,
            "Y": 0.3902859687805176
          },
          {
            "X": 0.3329896628856659,
            "Y": 0.4008201062679291
          },
          {
            "X": 0.27690163254737854,
            "Y": 0.4008201062679291
          }
        ]
      },
      "Id": "2f89e6dc-1e55-46d8-984f-5aed8f0d60ba",
      "Page": 1
    },
    {
      "BlockType": "WORD",
      "Confidence": 99.81869506835938,
      "Text": "de",
      "TextType": "PRINTED",
      "Geometry": {
        "BoundingBox": {
          "Width": 0.014197367243468761,
          "Height": 0.009002132341265678,
          "Left": 0.33521488308906555,
          "Top": 0.3877706825733185
        },
        "Polygon": [
          {
            "X": 0.33521488308906555,
            "Y": 0.3877706825733185
          },
          {
            "X": 0.3494122624397278,
            "Y": 0.3877706825733185
          },
          {
            "X": 0.3494122624397278,
            "Y": 0.3967728316783905
          },
          {
            "X": 0.33521488308906555,
            "Y": 0.3967728316783905
          }
        ]
      },
      "Id": "355fd377-440d-4a4f-ae2b-d14cd2a30466",
      "Page": 1
    },
    {
      "BlockType": "WORD",
      "Confidence": 97.94706726074219,
      "Text": "Data",
      "TextType": "PRINTED",
      "Geometry": {
        "BoundingBox": {
          "Width": 0.013309481553733349,
          "Height": 0.004420487210154533,
          "Left": 0.4017726182937622,
          "Top": 0.4016930162906647
        },
        "Polygon": [
          {
            "X": 0.4017726182937622,
            "Y": 0.4016930162906647
          },
          {
            "X": 0.41508209705352783,
            "Y": 0.4016930162906647
          },
          {
            "X": 0.41508209705352783,
            "Y": 0.40611350536346436
          },
          {
            "X": 0.4017726182937622,
            "Y": 0.40611350536346436
          }
        ]
      },
      "Id": "c3ff4ca3-40d9-4a8c-a4bb-2a09445e2ffc",
      "Page": 1
    },
    {
      "BlockType": "WORD",
      "Confidence": 99.33737182617188,
      "Text": "quality",
      "TextType": "PRINTED",
      "Geometry": {
        "BoundingBox": {
          "Width": 0.020297955721616745,
          "Height": 0.006049389485269785,
          "Left": 0.41577577590942383,
          "Top": 0.3999561071395874
        },
        "Polygon": [
          {
            "X": 0.41577577590942383,
            "Y": 0.3999561071395874
          },
          {
            "X": 0.4360737204551697,
            "Y": 0.3999561071395874
          },
          {
            "X": 0.4360737204551697,
            "Y": 0.40600550174713135
          },
          {
            "X": 0.41577577590942383,
            "Y": 0.40600550174713135
          }
        ]
      },
      "Id": "e525e9b5-04d4-4d91-820d-2f2859a1021b",
      "Page": 1
    },
    {
      "BlockType": "WORD",
      "Confidence": 99.77157592773438,
      "Text": "and",
      "TextType": "PRINTED",
      "Geometry": {
        "BoundingBox": {
          "Width": 0.011149733327329159,
          "Height": 0.00523795373737812,
          "Left": 0.4369424283504486,
          "Top": 0.3986611068248749
        },
        "Polygon": [
          {
            "X": 0.4369424283504486,
            "Y": 0.3986611068248749
          },
          {
            "X": 0.44809216260910034,
            "Y": 0.3986611068248749
          },
          {
            "X": 0.44809216260910034,
            "Y": 0.40389904379844666
          },
          {
            "X": 0.4369424283504486,
            "Y": 0.40389904379844666
          }
        ]
      },
      "Id": "9dce7c69-39e6-4572-a7ff-f7f1552a18fb",
      "Page": 1
    },
    {
      "BlockType": "WORD",
      "Confidence": 87.93083953857422,
      "Text": "insights",
      "TextType": "PRINTED",
      "Geometry": {
        "BoundingBox": {
          "Width": 0.02254757657647133,
          "Height": 0.006022974848747253,
          "Left": 0.44864127039909363,
          "Top": 0.39737561345100403
        },
        "Polygon": [
          {
            "X": 0.44864127039909363,
            "Y": 0.39737561345100403
          },
          {
            "X": 0.47118884325027466,
            "Y": 0.39737561345100403
          },
          {
            "X": 0.47118884325027466,
            "Y": 0.4033986032009125
          },
          {
            "X": 0.44864127039909363,
            "Y": 0.4033986032009125
          }
        ]
      },
      "Id": "29ef9691-82a3-41c8-8a73-5a48e1beccdb",
      "Page": 1
    },
    {
      "BlockType": "WORD",
      "Confidence": 99.1707992553711,
      "Text": "dados",
      "TextType": "PRINTED",
      "Geometry": {
        "BoundingBox": {
          "Width": 0.030800100415945053,
          "Height": 0.009460563771426678,
          "Left": 0.22005552053451538,
          "Top": 0.4076901078224182
        },
        "Polygon": [
          {
            "X": 0.22005552053451538,
            "Y": 0.4076901078224182
          },
          {
            "X": 0.25085562467575073,
            "Y": 0.4076901078224182
          },
          {
            "X": 0.25085562467575073,
            "Y": 0.41715067625045776
          },
          {
            "X": 0.22005552053451538,
            "Y": 0.41715067625045776
          }
        ]
      },
      "Id": "0e179935-8fc4-4754-b285-247dff5909e3",
      "Page": 1
    },
    {
      "BlockType": "WORD",
      "Confidence": 99.00160217285156,
      "Text": "Cloud",
      "TextType": "PRINTED",
      "Geometry": {
        "BoundingBox": {
          "Width": 0.046066153794527054,
          "Height": 0.01508625689893961,
          "Left": 0.055733487010002136,
          "Top": 0.41859757900238037
        },
        "Polygon": [
          {
            "X": 0.055733487010002136,
            "Y": 0.41859757900238037
          },
          {
            "X": 0.10179964452981949,
            "Y": 0.41859757900238037
          },
          {
            "X": 0.10179964452981949,
            "Y": 0.4336838126182556
          },
          {
            "X": 0.055733487010002136,
            "Y": 0.4336838126182556
          }
        ]
      },
      "Id": "6ff18dfd-1b14-4d20-9db8-f95a1e24c505",
      "Page": 1
    },
    {
      "BlockType": "WORD",
      "Confidence": 97.1439208984375,
      "Text": "Visualize",
      "TextType": "PRINTED",
      "Geometry": {
        "BoundingBox": {
          "Width": 0.04560679942369461,
          "Height": 0.010036256164312363,
          "Left": 0.21659614145755768,
          "Top": 0.42535915970802307
        },
        "Polygon": [
          {
            "X": 0.21659614145755768,
            "Y": 0.42535915970802307
          },
          {
            "X": 0.2622029483318329,
            "Y": 0.42535915970802307
          },
          {
            "X": 0.2622029483318329,
            "Y": 0.43539541959762573
          },
          {
            "X": 0.21659614145755768,
            "Y": 0.43539541959762573
          }
        ]
      },
      "Id": "5500be42-138f-498e-bdab-79e9959d5c01",
      "Page": 1
    },
    {
      "BlockType": "WORD",
      "Confidence": 99.19635009765625,
      "Text": "sua",
      "TextType": "PRINTED",
      "Geometry": {
        "BoundingBox": {
          "Width": 0.01781030185520649,
          "Height": 0.007065725978463888,
          "Left": 0.26366809010505676,
          "Top": 0.42468181252479553
        },
        "Polygon": [
          {
            "X": 0.26366809010505676,
            "Y": 0.42468181252479553
          },
          {
            "X": 0.2814784049987793,
            "Y": 0.42468181252479553
          },
          {
            "X": 0.2814784049987793,
            "Y": 0.43174752593040466
          },
          {
            "X": 0.26366809010505676,
            "Y": 0.43174752593040466
          }
        ]
      },
      "Id": "8d33220f-a76a-45d8-b5bd-a276b66bd825",
      "Page": 1
    },
    {
      "BlockType": "WORD",
      "Confidence": 99.63590240478516,
      "Text": "pipeline",
      "TextType": "PRINTED",
      "Geometry": {
        "BoundingBox": {
          "Width": 0.042132072150707245,
          "Height": 0.011479495093226433,
          "Left": 0.2839789390563965,
          "Top": 0.4205056428909302
        },
        "Polygon": [
          {
            "X": 0.2839789390563965,
            "Y": 0.4205056428909302
          },
          {
            "X": 0.3261110186576843,
            "Y": 0.4205056428909302
          },
          {
            "X": 0.3261110186576843,
            "Y": 0.43198513984680176
          },
          {
            "X": 0.2839789390563965,
            "Y": 0.43198513984680176
          }
        ]
      },
      "Id": "05815d45-7ee8-47ce-a031-584eae40a686",
      "Page": 1
    },
    {
      "BlockType": "WORD",
      "Confidence": 99.77311706542969,
      "Text": "de",
      "TextType": "PRINTED",
      "Geometry": {
        "BoundingBox": {
          "Width": 0.014179805293679237,
          "Height": 0.008528966456651688,
          "Left": 0.32792407274246216,
          "Top": 0.4192195534706116
        },
        "Polygon": [
          {
            "X": 0.32792407274246216,
            "Y": 0.4192195534706116
          },
          {
            "X": 0.34210386872291565,
            "Y": 0.4192195534706116
          },
          {
            "X": 0.34210386872291565,
            "Y": 0.42774853110313416
          },
          {
            "X": 0.32792407274246216,
            "Y": 0.42774853110313416
          }
        ]
      },
      "Id": "51b3dbb9-ef9b-4ae3-bb25-a5c6322c00e7",
      "Page": 1
    },
    {
      "BlockType": "WORD",
      "Confidence": 99.55427551269531,
      "Text": "Experience",
      "TextType": "PRINTED",
      "Geometry": {
        "BoundingBox": {
          "Width": 0.08724100887775421,
          "Height": 0.018505141139030457,
          "Left": 0.051539480686187744,
          "Top": 0.4346961975097656
        },
        "Polygon": [
          {
            "X": 0.051539480686187744,
            "Y": 0.4346961975097656
          },
          {
            "X": 0.13878048956394196,
            "Y": 0.4346961975097656
          },
          {
            "X": 0.13878048956394196,
            "Y": 0.4532013237476349
          },
          {
            "X": 0.051539480686187744,
            "Y": 0.4532013237476349
          }
        ]
      },
      "Id": "2dd2b7b4-2bed-4c59-a40b-134e29a2933f",
      "Page": 1
    },
    {
      "BlockType": "WORD",
      "Confidence": 97.5279541015625,
      "Text": "preparação",
      "TextType": "PRINTED",
      "Geometry": {
        "BoundingBox": {
          "Width": 0.05696035549044609,
          "Height": 0.012484227307140827,
          "Left": 0.21560554206371307,
          "Top": 0.4366537034511566
        },
        "Polygon": [
          {
            "X": 0.21560554206371307,
            "Y": 0.4366537034511566
          },
          {
            "X": 0.27256590127944946,
            "Y": 0.4366537034511566
          },
          {
            "X": 0.27256590127944946,
            "Y": 0.44913792610168457
          },
          {
            "X": 0.21560554206371307,
            "Y": 0.44913792610168457
          }
        ]
      },
      "Id": "2ac5e0aa-6ca5-451c-a662-ff845a65413a",
      "Page": 1
    },
    {
      "BlockType": "WORD",
      "Confidence": 99.79597473144531,
      "Text": "de",
      "TextType": "PRINTED",
      "Geometry": {
        "BoundingBox": {
          "Width": 0.013229153119027615,
          "Height": 0.008556907065212727,
          "Left": 0.27494192123413086,
          "Top": 0.4353712797164917
        },
        "Polygon": [
          {
            "X": 0.27494192123413086,
            "Y": 0.4353712797164917
          },
          {
            "X": 0.28817105293273926,
            "Y": 0.4353712797164917
          },
          {
            "X": 0.28817105293273926,
            "Y": 0.44392818212509155
          },
          {
            "X": 0.27494192123413086,
            "Y": 0.44392818212509155
          }
        ]
      },
      "Id": "662bb133-bbc3-477b-8bbc-fa5141006285",
      "Page": 1
    },
    {
      "BlockType": "WORD",
      "Confidence": 99.35037231445312,
      "Text": "dados",
      "TextType": "PRINTED",
      "Geometry": {
        "BoundingBox": {
          "Width": 0.03190397471189499,
          "Height": 0.009345440194010735,
          "Left": 0.29055896401405334,
          "Top": 0.43365538120269775
        },
        "Polygon": [
          {
            "X": 0.29055896401405334,
            "Y": 0.43365538120269775
          },
          {
            "X": 0.32246294617652893,
            "Y": 0.43365538120269775
          },
          {
            "X": 0.32246294617652893,
            "Y": 0.44300082325935364
          },
          {
            "X": 0.29055896401405334,
            "Y": 0.44300082325935364
          }
        ]
      },
      "Id": "8a5a210b-af9f-48eb-ba55-cb64ba1298b3",
      "Page": 1
    },
    {
      "BlockType": "WORD",
      "Confidence": 60.2308464050293,
      "Text": "7",
      "TextType": "PRINTED",
      "Geometry": {
        "BoundingBox": {
          "Width": 0.006976789329200983,
          "Height": 0.015472698025405407,
          "Left": 0.000006149966338853119,
          "Top": 0.4533490538597107
        },
        "Polygon": [
          {
            "X": 0.000006149966338853119,
            "Y": 0.4533490538597107
          },
          {
            "X": 0.006982938852161169,
            "Y": 0.4533490538597107
          },
          {
            "X": 0.006982938852161169,
            "Y": 0.46882176399230957
          },
          {
            "X": 0.000006149966338853119,
            "Y": 0.46882176399230957
          }
        ]
      },
      "Id": "82ed063c-7d79-419c-b0e1-115a0e5c433e",
      "Page": 1
    },
    {
      "BlockType": "WORD",
      "Confidence": 99.83577728271484,
      "Text": "2025",
      "TextType": "PRINTED",
      "Geometry": {
        "BoundingBox": {
          "Width": 0.03912719711661339,
          "Height": 0.012456133961677551,
          "Left": 0.049055520445108414,
          "Top": 0.45584338903427124
        },
        "Polygon": [
          {
            "X": 0.049055520445108414,
            "Y": 0.45584338903427124
          },
          {
            "X": 0.0881827175617218,
            "Y": 0.45584338903427124
          },
          {
            "X": 0.0881827175617218,
            "Y": 0.46829953789711
          },
          {
            "X": 0.049055520445108414,
            "Y": 0.46829953789711
          }
        ]
      },
      "Id": "744a9d6a-0f68-4337-a95c-29803c4ee5bf",
      "Page": 1
    },
    {
      "BlockType": "WORD",
      "Confidence": 76.76751708984375,
      "Text": "Informações",
      "TextType": "PRINTED",
      "Geometry": {
        "BoundingBox": {
          "Width": 0.06297173351049423,
          "Height": 0.012379334308207035,
          "Left": 0.21369580924510956,
          "Top": 0.4546912908554077
        },
        "Polygon": [
          {
            "X": 0.21369580924510956,
            "Y": 0.4546912908554077
          },
          {
            "X": 0.2766675353050232,
            "Y": 0.4546912908554077
          },
          {
            "X": 0.2766675353050232,
            "Y": 0.46707063913345337
          },
          {
            "X": 0.21369580924510956,
            "Y": 0.46707063913345337
          }
        ]
      },
      "Id": "491b8b86-07ad-44b2-865a-f80043dadf9f",
      "Page": 1
    },
    {
      "BlockType": "WORD",
      "Confidence": 98.65174102783203,
      "Text": "valiosas",
      "TextType": "PRINTED",
      "Geometry": {
        "BoundingBox": {
          "Width": 0.04126841947436333,
          "Height": 0.009760357439517975,
          "Left": 0.27897942066192627,
          "Top": 0.45218661427497864
        },
        "Polygon": [
          {
            "X": 0.27897942066192627,
            "Y": 0.45218661427497864
          },
          {
            "X": 0.3202478289604187,
            "Y": 0.45218661427497864
          },
          {
            "X": 0.3202478289604187,
            "Y": 0.461946964263916
          },
          {
            "X": 0.27897942066192627,
            "Y": 0.461946964263916
          }
        ]
      },
      "Id": "2e664479-bcd0-4a98-8242-3e04ca7140aa",
      "Page": 1
    },
    {
      "BlockType": "WORD",
      "Confidence": 99.82308959960938,
      "Text": "de",
      "TextType": "PRINTED",
      "Geometry": {
        "BoundingBox": {
          "Width": 0.0133967325091362,
          "Height": 0.008173977956175804,
          "Left": 0.3227905333042145,
          "Top": 0.45130062103271484
        },
        "Polygon": [
          {
            "X": 0.3227905333042145,
            "Y": 0.45130062103271484
          },
          {
            "X": 0.3361872434616089,
            "Y": 0.45130062103271484
          },
          {
            "X": 0.3361872434616089,
            "Y": 0.4594745934009552
          },
          {
            "X": 0.3227905333042145,
            "Y": 0.4594745934009552
          }
        ]
      },
      "Id": "258f6c62-b382-4639-8223-2eccb952c7e0",
      "Page": 1
    },
    {
      "BlockType": "WORD",
      "Confidence": 99.4314193725586,
      "Text": "dados",
      "TextType": "PRINTED",
      "Geometry": {
        "BoundingBox": {
          "Width": 0.030446767807006836,
          "Height": 0.009029996581375599,
          "Left": 0.21224598586559296,
          "Top": 0.46926748752593994
        },
        "Polygon": [
          {
            "X": 0.21224598586559296,
            "Y": 0.46926748752593994
          },
          {
            "X": 0.2426927536725998,
            "Y": 0.46926748752593994
          },
          {
            "X": 0.2426927536725998,
            "Y": 0.47829747200012207
          },
          {
            "X": 0.21224598586559296,
            "Y": 0.47829747200012207
          }
        ]
      },
      "Id": "c991f60f-5649-47e2-a552-51f47d654fbb",
      "Page": 1
    },
    {
      "BlockType": "WORD",
      "Confidence": 99.02061462402344,
      "Text": "fornecidas",
      "TextType": "PRINTED",
      "Geometry": {
        "BoundingBox": {
          "Width": 0.054177429527044296,
          "Height": 0.010085037909448147,
          "Left": 0.24487565457820892,
          "Top": 0.46639326214790344
        },
        "Polygon": [
          {
            "X": 0.24487565457820892,
            "Y": 0.46639326214790344
          },
          {
            "X": 0.2990531027317047,
            "Y": 0.46639326214790344
          },
          {
            "X": 0.2990531027317047,
            "Y": 0.4764782786369324
          },
          {
            "X": 0.24487565457820892,
            "Y": 0.4764782786369324
          }
        ]
      },
      "Id": "d107065d-7abc-4868-bd06-c7b37e4590e0",
      "Page": 1
    },
    {
      "BlockType": "WORD",
      "Confidence": 99.65113067626953,
      "Text": "por",
      "TextType": "PRINTED",
      "Geometry": {
        "BoundingBox": {
          "Width": 0.018688669428229332,
          "Height": 0.008838149718940258,
          "Left": 0.3012569546699524,
          "Top": 0.4664366841316223
        },
        "Polygon": [
          {
            "X": 0.3012569546699524,
            "Y": 0.4664366841316223
          },
          {
            "X": 0.3199456036090851,
            "Y": 0.4664366841316223
          },
          {
            "X": 0.3199456036090851,
            "Y": 0.47527483105659485
          },
          {
            "X": 0.3012569546699524,
            "Y": 0.47527483105659485
          }
        ]
      },
      "Id": "48d200ff-b3f9-418f-bbe8-3a648eaf7e32",
      "Page": 1
    },
    {
      "BlockType": "WORD",
      "Confidence": 99.91038513183594,
      "Text": "ML",
      "TextType": "PRINTED",
      "Geometry": {
        "BoundingBox": {
          "Width": 0.015920553356409073,
          "Height": 0.007960908114910126,
          "Left": 0.3225930631160736,
          "Top": 0.46450909972190857
        },
        "Polygon": [
          {
            "X": 0.3225930631160736,
            "Y": 0.46450909972190857
          },
          {
            "X": 0.3385136127471924,
            "Y": 0.46450909972190857
          },
          {
            "X": 0.3385136127471924,
            "Y": 0.4724700152873993
          },
          {
            "X": 0.3225930631160736,
            "Y": 0.4724700152873993
          }
        ]
      },
      "Id": "8b4f0c2a-7909-44ea-bcf4-326797e3e977",
      "Page": 1
    }
  ],
  "DetectDocumentTextModelVersion": "1.0"
}