{
  "DocumentMetadata": {
    "Pages": 1
  },
  "JobStatus": "SUCCEEDED",
  "Blocks": [
    {
      "BlockType": "PAGE",
      "Geometry": {
        "BoundingBox": {
          "Width": 0.9142072200775146,
          "Height": 0.8158305883407593,
          "Left": 0,
          "Top": 0
        },
        "Polygon": [
          {
            "X": 0,
            "Y": 0.02223731204867363
          },
          {
            "X": 0.8705331087112427,
            "Y": 0
          },
          {
            "X": 0.9142072200775146,
            "Y": 0.7814328074455261
          },
          {
            "X": 0.0013077625771984458,
            "Y": 0.8158305883407593
          }
        ]
      },
      "Id": "e5ad5886-e7b1-44d5-a5ad-5721a53a2ab6",
      "Relationships": [
        {
          "Type": "CHILD",
          "Ids": [
            "7f5b76e1-87da-4ffd-953c-c9d9a451c60f",
            "ea865952-e1e7-4e08-b05e-0e24ab6151dd",
            "819b1c8a-1b92-4853-a6a8-edc34e840db5",
            "c7524897-03c6-4e48-9f46-741a58f53073",
            "ff1c8e03-df7f-45c7-8991-dfc1a3d4781f",
            "1efab8de-3579-402b-ad7d-a3d47b089d4b",
            "4e71bde6-396e-4b52-b572-f16121feedd3",
            "0f4e6734-70c3-4a14-af16-7f709b1d60bc",
            "43a22edd-fe6e-48d3-b3e3-282953b44365",
            "3033f28b-741f-40e9-9982-7ef1b34e7402",
            "76f6adbb-07e2-4217-99b9-35b6792bfc53",
            "b482b16d-af13-4edb-8deb-31d23b60969e",
            "e4f0c84d-28e7-465b-8925-20521f180d8a",
            "96700791-7d94-4180-a902-bc6083f49fce",
            "6656aff2-42aa-40bb-b280-505f71536fb6",
            "cd7c44e1-a0e4-4b11-824f-5e6261f0fe55",
            "21ec56c4-915f-4ef2-9a8f-74a597fbb157"
          ]
        }
      ],
      "Page": 1
    },
    {
      "BlockType": "LINE",
      "Confidence": 99.41107940673828,
      "Text": "Monte facilmente agentes e bases de",
      "Geometry": {
        "BoundingBox": {
          "Width": 0.247435063123703,
          "Height": 0.03734195604920387,
          "Left": 0.37427666783332825,
          "Top": 0.19104616343975067
        },
        "Polygon": [
          {
            "X": 0.37427666783332825,
            "Y": 0.2038094401359558
          },
          {
            "X": 0.620589017868042,
            "Y": 0.19104616343975067
          },
          {
            "X": 0.6217117309570312,
            "Y": 0.2157578468322754
          },
          {
            "X": 0.37519606947898865,
            "Y": 0.22838813066482544
          }
        ]
      },
      "Id": "7f5b76e1-87da-4ffd-953c-c9d9a451c60f",
      "Relationships": [
        {
          "Type": "CHILD",
          "Ids": [
            "f1b59624-2b4e-4be0-adac-5cac56dd19bb",
            "3b38c8d9-9856-49d8-8ddc-e51c6776e665",
            "793f19d7-ed59-4ea8-89fd-93787fc31d90",
            "2e5ae026-b8f8-4e70-a1c5-eb96e2986947",
            "bc4d5c3f-89e5-44b4-8439-12d512ff96bc",
            "8da95181-c0b8-495f-8998-294666a36372"
          ]
        }
      ],
      "Page": 1
    },
    {
      "BlockType": "LINE",
      "Confidence": 98.18901062011719,
      "Text": "conhecimento",
      "Geometry": {
        "BoundingBox": {
          "Width": 0.09233561158180237,
          "Height": 0.018362315371632576,
          "Left": 0.3739030659198761,
          "Top": 0.22278815507888794
        },
        "Polygon": [
          {
            "X": 0.3739030659198761,
            "Y": 0.2274927794933319
          },
          {
            "X": 0.4656864404678345,
            "Y": 0.22278815507888794
          },
          {
            "X": 0.46623867750167847,
            "Y": 0.23647341132164001
          },
          {
            "X": 0.3744133710861206,
            "Y": 0.24115046858787537
          }
        ]
      },
      "Id": "ea865952-e1e7-4e08-b05e-0e24ab6151dd",
      "Relationships": [
        {
          "Type": "CHILD",
          "Ids": [
            "3f1a301e-b0c4-4719-b54e-e5357e1b8e37"
          ]
        }
      ],
      "Page": 1
    },
    {
      "BlockType": "LINE",
      "Confidence": 84.2454833984375,
      "Text": "Colaboração",
      "Geometry": {
        "BoundingBox": {
          "Width": 0.16429179906845093,
          "Height": 0.03353981673717499,
          "Left": 0.0957220196723938,
          "Top": 0.2713576853275299
        },
        "Polygon": [
          {
            "X": 0.0957220196723938,
            "Y": 0.2795880138874054
          },
          {
            "X": 0.2591606080532074,
            "Y": 0.2713576853275299
          },
          {
            "X": 0.2600138187408447,
            "Y": 0.29675889015197754
          },
          {
            "X": 0.0964377298951149,
            "Y": 0.3048974871635437
          }
        ]
      },
      "Id": "819b1c8a-1b92-4853-a6a8-edc34e840db5",
      "Relationships": [
        {
          "Type": "CHILD",
          "Ids": [
            "ac4c6764-3809-481b-9bab-45ccebb756af"
          ]
        }
      ],
      "Page": 1
    },
    {
      "BlockType": "LINE",
      "Confidence": 98.6699447631836,
      "Text": "Planeje e execute tarefas complexas entre",
      "Geometry": {
        "BoundingBox": {
          "Width": 0.289795845746994,
          "Height": 0.03916268050670624,
          "Left": 0.4060021936893463,
          "Top": 0.23703895509243011
        },
        "Polygon": [
          {
            "X": 0.4060021936893463,
            "Y": 0.25165683031082153
          },
          {
            "X": 0.6946181058883667,
            "Y": 0.23703895509243011
          },
          {
            "X": 0.6957980394363403,
            "Y": 0.2617395520210266
          },
          {
            "X": 0.4069441854953766,
            "Y": 0.27620163559913635
          }
        ]
      },
      "Id": "c7524897-03c6-4e48-9f46-741a58f53073",
      "Relationships": [
        {
          "Type": "CHILD",
          "Ids": [
            "83b16279-3900-404f-a775-469ffe7b5a41",
            "d3136964-e631-41e4-bd5d-1e4d4815cb31",
            "6453b682-1e36-4f78-aa5a-181c8ce64298",
            "59544d02-c3ea-42a1-b449-a6b6e5ba173c",
            "46483b70-2f74-44ba-9439-a776e0c1ae92",
            "2d4df270-e8b9-4dae-819f-90a943fe2c44"
          ]
        }
      ],
      "Page": 1
    },
    {
      "BlockType": "LINE",
      "Confidence": 99.3525161743164,
      "Text": "agentes",
      "Geometry": {
        "BoundingBox": {
          "Width": 0.05160430073738098,
          "Height": 0.014096716418862343,
          "Left": 0.4064550995826721,
          "Top": 0.2757859528064728
        },
        "Polygon": [
          {
            "X": 0.4064550995826721,
            "Y": 0.27834394574165344
          },
          {
            "X": 0.4575970768928528,
            "Y": 0.2757859528064728
          },
          {
            "X": 0.4580594003200531,
            "Y": 0.28733769059181213
          },
          {
            "X": 0.40689772367477417,
            "Y": 0.28988268971443176
          }
        ]
      },
      "Id": "ff1c8e03-df7f-45c7-8991-dfc1a3d4781f",
      "Relationships": [
        {
          "Type": "CHILD",
          "Ids": [
            "223c7a6f-58ea-4b3c-a7f2-1691ded271bf"
          ]
        }
      ],
      "Page": 1
    },
    {
      "BlockType": "LINE",
      "Confidence": 99.11459350585938,
      "Text": "multiagente",
      "Geometry": {
        "BoundingBox": {
          "Width": 0.1638733595609665,
          "Height": 0.032054636627435684,
          "Left": 0.09516572952270508,
          "Top": 0.29450592398643494
        },
        "Polygon": [
          {
            "X": 0.09516572952270508,
            "Y": 0.3026283085346222
          },
          {
            "X": 0.2582336664199829,
            "Y": 0.29450592398643494
          },
          {
            "X": 0.25903910398483276,
            "Y": 0.3185248374938965
          },
          {
            "X": 0.09584155678749084,
            "Y": 0.3265605866909027
          }
        ]
      },
      "Id": "1efab8de-3579-402b-ad7d-a3d47b089d4b",
      "Relationships": [
        {
          "Type": "CHILD",
          "Ids": [
            "e5d6e47b-8f42-4682-9f1a-1430863e9af8"
          ]
        }
      ],
      "Page": 1
    },
    {
      "BlockType": "LINE",
      "Confidence": 99.41300201416016,
      "Text": "ce",
      "Geometry": {
        "BoundingBox": {
          "Width": 0.019845012575387955,
          "Height": 0.011400031857192516,
          "Left": 0.0009435412939637899,
          "Top": 0.3292686343193054
        },
        "Polygon": [
          {
            "X": 0.0009435412939637899,
            "Y": 0.33023300766944885
          },
          {
            "X": 0.020519224926829338,
            "Y": 0.3292686343193054
          },
          {
            "X": 0.02078855410218239,
            "Y": 0.3397088646888733
          },
          {
            "X": 0.0012061294401064515,
            "Y": 0.3406686782836914
          }
        ]
      },
      "Id": "4e71bde6-396e-4b52-b572-f16121feedd3",
      "Relationships": [
        {
          "Type": "CHILD",
          "Ids": [
            "927ef0e5-a9e8-4b97-8a67-f1c51e79b16d"
          ]
        }
      ],
      "Page": 1
    },
    {
      "BlockType": "LINE",
      "Confidence": 99.81521606445312,
      "Text": "do Amazon",
      "Geometry": {
        "BoundingBox": {
          "Width": 0.13353729248046875,
          "Height": 0.025210721418261528,
          "Left": 0.09460049122571945,
          "Top": 0.3224950432777405
        },
        "Polygon": [
          {
            "X": 0.09460049122571945,
            "Y": 0.3290327191352844
          },
          {
            "X": 0.22752895951271057,
            "Y": 0.3224950432777405
          },
          {
            "X": 0.2281377762556076,
            "Y": 0.34122323989868164
          },
          {
            "X": 0.09512700885534286,
            "Y": 0.34770578145980835
          }
        ]
      },
      "Id": "0f4e6734-70c3-4a14-af16-7f709b1d60bc",
      "Relationships": [
        {
          "Type": "CHILD",
          "Ids": [
            "055925bc-36fb-4982-acae-5ca070fce618",
            "313db0e0-fbf7-4cd1-a2e2-b8d5a32fa040"
          ]
        }
      ],
      "Page": 1
    },
    {
      "BlockType": "LINE",
      "Confidence": 99.36865234375,
      "Text": "Unifique as conversas entre agentes com",
      "Geometry": {
        "BoundingBox": {
          "Width": 0.2851211428642273,
          "Height": 0.03421931341290474,
          "Left": 0.41801339387893677,
          "Top": 0.2988245487213135
        },
        "Polygon": [
          {
            "X": 0.41801339387893677,
            "Y": 0.3128015697002411
          },
          {
            "X": 0.7021584510803223,
            "Y": 0.2988245487213135
          },
          {
            "X": 0.7031345367431641,
            "Y": 0.31919360160827637
          },
          {
            "X": 0.418796569108963,
            "Y": 0.3330438733100891
          }
        ]
      },
      "Id": "43a22edd-fe6e-48d3-b3e3-282953b44365",
      "Relationships": [
        {
          "Type": "CHILD",
          "Ids": [
            "a11aabab-4ed2-4ee4-a3ba-4e4cab71c50d",
            "999488ca-5a0d-49aa-b674-b03a6d051bb8",
            "3fafa6ce-90ff-437c-9224-1b7ffbff6a04",
            "d90bb189-a5af-4d87-9f55-a3c03e24c631",
            "a819c758-40a5-46a8-baf6-e6c0f37ed13e",
            "fae7e2b8-f409-4482-a734-9128d3bd2f97"
          ]
        }
      ],
      "Page": 1
    },
    {
      "BlockType": "LINE",
      "Confidence": 99.79720306396484,
      "Text": "Bedrock",
      "Geometry": {
        "BoundingBox": {
          "Width": 0.10394509136676788,
          "Height": 0.0241527296602726,
          "Left": 0.0937342420220375,
          "Top": 0.34453603625297546
        },
        "Polygon": [
          {
            "X": 0.0937342420220375,
            "Y": 0.3495681881904602
          },
          {
            "X": 0.19707566499710083,
            "Y": 0.34453603625297546
          },
          {
            "X": 0.197679340839386,
            "Y": 0.3637005686759949
          },
          {
            "X": 0.09427248686552048,
            "Y": 0.36868876218795776
          }
        ]
      },
      "Id": "3033f28b-741f-40e9-9982-7ef1b34e7402",
      "Relationships": [
        {
          "Type": "CHILD",
          "Ids": [
            "2878fb62-b0d1-4391-ba59-4195956f6cef"
          ]
        }
      ],
      "Page": 1
    },
    {
      "BlockType": "LINE",
      "Confidence": 97.39276123046875,
      "Text": "a classificação de intenção integrada",
      "Geometry": {
        "BoundingBox": {
          "Width": 0.2538672685623169,
          "Height": 0.032201580703258514,
          "Left": 0.41778048872947693,
          "Top": 0.31431981921195984
        },
        "Polygon": [
          {
            "X": 0.41778048872947693,
            "Y": 0.32667863368988037
          },
          {
            "X": 0.670712411403656,
            "Y": 0.31431981921195984
          },
          {
            "X": 0.6716477870941162,
            "Y": 0.33427324891090393
          },
          {
            "X": 0.41854774951934814,
            "Y": 0.34652140736579895
          }
        ]
      },
      "Id": "76f6adbb-07e2-4217-99b9-35b6792bfc53",
      "Relationships": [
        {
          "Type": "CHILD",
          "Ids": [
            "e4b65976-d019-4f1a-811f-5e350adef1e7",
            "7cfbef38-55c4-4740-8418-bf1d8ba0f634",
            "9e10bd16-6735-433e-bc09-3b9a004bc08b",
            "7622e015-d80f-484f-9efe-029c8177919c",
            "caf46ff0-a5ff-4f26-8253-f184f4ef8b5a"
          ]
        }
      ],
      "Page": 1
    },
    {
      "BlockType": "LINE",
      "Confidence": 99.80055236816406,
      "Text": "Agents",
      "Geometry": {
        "BoundingBox": {
          "Width": 0.08862199634313583,
          "Height": 0.02491934411227703,
          "Left": 0.09171243011951447,
          "Top": 0.36987096071243286
        },
        "Polygon": [
          {
            "X": 0.09171243011951447,
            "Y": 0.37410396337509155
          },
          {
            "X": 0.17969372868537903,
            "Y": 0.36987096071243286
          },
          {
            "X": 0.1803344339132309,
            "Y": 0.39059779047966003
          },
          {
            "X": 0.09229293465614319,
            "Y": 0.39479029178619385
          }
        ]
      },
      "Id": "b482b16d-af13-4edb-8deb-31d23b60969e",
      "Relationships": [
        {
          "Type": "CHILD",
          "Ids": [
            "837f9659-77cb-4dcc-97a5-ad299c31423a"
          ]
        }
      ],
      "Page": 1
    },
    {
      "BlockType": "LINE",
      "Confidence": 97.15296173095703,
      "Text": "Escalando experiências com agentes",
      "Geometry": {
        "BoundingBox": {
          "Width": 0.21177121996879578,
          "Height": 0.023508168756961823,
          "Left": 0.08976725488901138,
          "Top": 0.38299795985221863
        },
        "Polygon": [
          {
            "X": 0.08976725488901138,
            "Y": 0.3930692672729492
          },
          {
            "X": 0.30106836557388306,
            "Y": 0.38299795985221863
          },
          {
            "X": 0.30153846740722656,
            "Y": 0.39649802446365356
          },
          {
            "X": 0.09014324843883514,
            "Y": 0.40650612115859985
          }
        ]
      },
      "Id": "e4f0c84d-28e7-465b-8925-20521f180d8a",
      "Relationships": [
        {
          "Type": "CHILD",
          "Ids": [
            "7baf0399-eef2-4afd-8798-93db28ded652",
            "0e668c57-b04f-4a67-8ea7-64a4a4cee044",
            "9003bc56-d4f1-41fb-bb06-60ae4b5b43f9",
            "f3f9841a-55dc-4a12-b355-d6ec94b0627b"
          ]
        }
      ],
      "Page": 1
    },
    {
      "BlockType": "LINE",
      "Confidence": 98.45698547363281,
      "Text": "Observabilidade em fluxos",
      "Geometry": {
        "BoundingBox": {
          "Width": 0.1802377849817276,
          "Height": 0.021804429590702057,
          "Left": 0.40386295318603516,
          "Top": 0.3748214840888977
        },
        "Polygon": [
          {
            "X": 0.40386295318603516,
            "Y": 0.38336196541786194
          },
          {
            "X": 0.5835152864456177,
            "Y": 0.3748214840888977
          },
          {
            "X": 0.5841007232666016,
            "Y": 0.3881380558013916
          },
          {
            "X": 0.40436890721321106,
            "Y": 0.39662590622901917
          }
        ]
      },
      "Id": "96700791-7d94-4180-a902-bc6083f49fce",
      "Relationships": [
        {
          "Type": "CHILD",
          "Ids": [
            "be5ff3c5-ee60-4e64-8335-4774ae618a3b",
            "33586bc4-392a-4190-8781-e86e9dbbd192",
            "f57b62bf-0c05-43ca-9927-52f86a38e57f"
          ]
        }
      ],
      "Page": 1
    },
    {
      "BlockType": "LINE",
      "Confidence": 98.76285552978516,
      "Text": "multiagentes",
      "Geometry": {
        "BoundingBox": {
          "Width": 0.08711732178926468,
          "Height": 0.015679292380809784,
          "Left": 0.40430882573127747,
          "Top": 0.39603859186172485
        },
        "Polygon": [
          {
            "X": 0.40430882573127747,
            "Y": 0.40012308955192566
          },
          {
            "X": 0.49095049500465393,
            "Y": 0.39603859186172485
          },
          {
            "X": 0.49142614006996155,
            "Y": 0.4076555669307709
          },
          {
            "X": 0.4047510325908661,
            "Y": 0.41171786189079285
          }
        ]
      },
      "Id": "6656aff2-42aa-40bb-b280-505f71536fb6",
      "Relationships": [
        {
          "Type": "CHILD",
          "Ids": [
            "d3f1a3f5-a57d-4ca7-9160-a745733e609f"
          ]
        }
      ],
      "Page": 1
    },
    {
      "BlockType": "LINE",
      "Confidence": 95.15223693847656,
      "Text": "Barreiras de proteção, segurança e",
      "Geometry": {
        "BoundingBox": {
          "Width": 0.23335722088813782,
          "Height": 0.022350845858454704,
          "Left": 0.36969080567359924,
          "Top": 0.4339638650417328
        },
        "Polygon": [
          {
            "X": 0.36969080567359924,
            "Y": 0.44470396637916565
          },
          {
            "X": 0.6025287508964539,
            "Y": 0.4339638650417328
          },
          {
            "X": 0.6030480265617371,
            "Y": 0.44563451409339905
          },
          {
            "X": 0.37012001872062683,
            "Y": 0.45631471276283264
          }
        ]
      },
      "Id": "cd7c44e1-a0e4-4b11-824f-5e6261f0fe55",
      "Relationships": [
        {
          "Type": "CHILD",
          "Ids": [
            "2d8c22c5-fedb-43c3-824a-dd73a0a4bcc1",
            "3675b2a5-f841-414e-9073-876f0e2449f9",
            "6a7a045c-c6f7-4374-958a-9a31ee271ea1",
            "80f029b6-40ca-459a-b61d-7fd06de2d09a",
            "422654df-c0d2-4640-a021-4b20d3821fe5"
          ]
        }
      ],
      "Page": 1
    },
    {
      "BlockType": "LINE",
      "Confidence": 99.20611572265625,
      "Text": "privacidade",
      "Geometry": {
        "BoundingBox": {
          "Width": 0.07540633529424667,
          "Height": 0.015040921047329903,
          "Left": 0.369392454624176,
          "Top": 0.45550206303596497
        },
        "Polygon": [
          {
            "X": 0.369392454624176,
            "Y": 0.4589340388774872
          },
          {
            "X": 0.44434109330177307,
            "Y": 0.45550206303596497
          },
          {
            "X": 0.4447987973690033,
            "Y": 0.4671303331851959
          },
          {
            "X": 0.3698212802410126,
            "Y": 0.4705429971218109
          }
        ]
      },
      "Id": "21ec56c4-915f-4ef2-9a8f-74a597fbb157",
      "Relationships": [
        {
          "Type": "CHILD",
          "Ids": [
            "9e2cce1f-537b-44d2-986b-36a2e81b0a99"
          ]
        }
      ],
      "Page": 1
    },
    {
      "BlockType": "WORD",
      "Confidence": 99.41223907470703,
      "Text": "Monte",
      "TextType": "PRINTED",
      "Geometry": {
        "BoundingBox": {
          "Width": 0.04094916209578514,
          "Height": 0.012365366332232952,
          "Left": 0.3748116195201874,
          "Top": 0.21602275967597961
        },
        "Polygon": [
          {
            "X": 0.3748116195201874,
            "Y": 0.21811026334762573
          },
          {
            "X": 0.4153623878955841,
            "Y": 0.21602275967597961
          },
          {
            "X": 0.4157607853412628,
            "Y": 0.22630979120731354
          },
          {
            "X": 0.37519606947898865,
            "Y": 0.22838813066482544
          }
        ]
      },
      "Id": "f1b59624-2b4e-4be0-adac-5cac56dd19bb",
      "Page": 1
    },
    {
      "BlockType": "WORD",
      "Confidence": 99.04418182373047,
      "Text": "facilmente",
      "TextType": "PRINTED",
      "Geometry": {
        "BoundingBox": {
          "Width": 0.07033156603574753,
          "Height": 0.017462683841586113,
          "Left": 0.4181593954563141,
          "Top": 0.20693470537662506
        },
        "Polygon": [
          {
            "X": 0.4181593954563141,
            "Y": 0.2105347067117691
          },
          {
            "X": 0.4879203736782074,
            "Y": 0.20693470537662506
          },
          {
            "X": 0.4884909689426422,
            "Y": 0.22081860899925232
          },
          {
            "X": 0.4186975955963135,
            "Y": 0.22439739108085632
          }
        ]
      },
      "Id": "3b38c8d9-9856-49d8-8ddc-e51c6776e665",
      "Page": 1
    },
    {
      "BlockType": "WORD",
      "Confidence": 99.30655670166016,
      "Text": "agentes",
      "TextType": "PRINTED",
      "Geometry": {
        "BoundingBox": {
          "Width": 0.05438939854502678,
          "Height": 0.01628468930721283,
          "Left": 0.49100324511528015,
          "Top": 0.20036116242408752
        },
        "Polygon": [
          {
            "X": 0.49100324511528015,
            "Y": 0.20314256846904755
          },
          {
            "X": 0.5448119044303894,
            "Y": 0.20036116242408752
          },
          {
            "X": 0.545392632484436,
            "Y": 0.21388037502765656
          },
          {
            "X": 0.49155959486961365,
            "Y": 0.21664585173130035
          }
        ]
      },
      "Id": "793f19d7-ed59-4ea8-89fd-93787fc31d90",
      "Page": 1
    },
    {
      "BlockType": "WORD",
      "Confidence": 99.28385925292969,
      "Text": "e",
      "TextType": "PRINTED",
      "Geometry": {
        "BoundingBox": {
          "Width": 0.008729587309062481,
          "Height": 0.008125733584165573,
          "Left": 0.5486059784889221,
          "Top": 0.20027045905590057
        },
        "Polygon": [
          {
            "X": 0.5486059784889221,
            "Y": 0.20070435106754303
          },
          {
            "X": 0.557002067565918,
            "Y": 0.20027045905590057
          },
          {
            "X": 0.5573355555534363,
            "Y": 0.2079637199640274
          },
          {
            "X": 0.5489373207092285,
            "Y": 0.20839619636535645
          }
        ]
      },
      "Id": "2e5ae026-b8f8-4e70-a1c5-eb96e2986947",
      "Page": 1
    },
    {
      "BlockType": "WORD",
      "Confidence": 99.64524841308594,
      "Text": "bases",
      "TextType": "PRINTED",
      "Geometry": {
        "BoundingBox": {
          "Width": 0.03974134102463722,
          "Height": 0.012473483569920063,
          "Left": 0.5605170726776123,
          "Top": 0.19425007700920105
        },
        "Polygon": [
          {
            "X": 0.5605170726776123,
            "Y": 0.19628316164016724
          },
          {
            "X": 0.5997908115386963,
            "Y": 0.19425007700920105
          },
          {
            "X": 0.6002584099769592,
            "Y": 0.20469942688941956
          },
          {
            "X": 0.5609709620475769,
            "Y": 0.20672355592250824
          }
        ]
      },
      "Id": "bc4d5c3f-89e5-44b4-8439-12d512ff96bc",
      "Page": 1
    },
    {
      "BlockType": "WORD",
      "Confidence": 99.77442169189453,
      "Text": "de",
      "TextType": "PRINTED",
      "Geometry": {
        "BoundingBox": {
          "Width": 0.017755577340722084,
          "Height": 0.010934026911854744,
          "Left": 0.6032896041870117,
          "Top": 0.19104616343975067
        },
        "Polygon": [
          {
            "X": 0.6032896041870117,
            "Y": 0.19194257259368896
          },
          {
            "X": 0.620589017868042,
            "Y": 0.19104616343975067
          },
          {
            "X": 0.6210452318191528,
            "Y": 0.2010875791311264
          },
          {
            "X": 0.6037400364875793,
            "Y": 0.20198020339012146
          }
        ]
      },
      "Id": "8da95181-c0b8-495f-8998-294666a36372",
      "Page": 1
    },
    {
      "BlockType": "WORD",
      "Confidence": 98.18901062011719,
      "Text": "conhecimento",
      "TextType": "PRINTED",
      "Geometry": {
        "BoundingBox": {
          "Width": 0.09233561158180237,
          "Height": 0.018362315371632576,
          "Left": 0.3739030659198761,
          "Top": 0.22278815507888794
        },
        "Polygon": [
          {
            "X": 0.3739030659198761,
            "Y": 0.2274927794933319
          },
          {
            "X": 0.4656864404678345,
            "Y": 0.22278815507888794
          },
          {
            "X": 0.46623867750167847,
            "Y": 0.23647341132164001
          },
          {
            "X": 0.3744133710861206,
            "Y": 0.24115046858787537
          }
        ]
      },
      "Id": "3f1a301e-b0c4-4719-b54e-e5357e1b8e37",
      "Page": 1
    },
    {
      "BlockType": "WORD",
      "Confidence": 84.2454833984375,
      "Text": "Colaboração",
      "TextType": "PRINTED",
      "Geometry": {
        "BoundingBox": {
          "Width": 0.16429179906845093,
          "Height": 0.03353981673717499,
          "Left": 0.0957220196723938,
          "Top": 0.2713576853275299
        },
        "Polygon": [
          {
            "X": 0.0957220196723938,
            "Y": 0.2795880138874054
          },
          {
            "X": 0.2591606080532074,
            "Y": 0.2713576853275299
          },
          {
            "X": 0.2600138187408447,
            "Y": 0.29675889015197754
          },
          {
            "X": 0.0964377298951149,
            "Y": 0.3048974871635437
          }
        ]
      },
      "Id": "ac4c6764-3809-481b-9bab-45ccebb756af",
      "Page": 1
    },
    {
      "BlockType": "WORD",
      "Confidence": 96.47901153564453,
      "Text": "Planeje",
      "TextType": "PRINTED",
      "Geometry": {
        "BoundingBox": {
          "Width": 0.047461505979299545,
          "Height": 0.014097741805016994,
          "Left": 0.4064939320087433,
          "Top": 0.2621038854122162
        },
        "Polygon": [
          {
            "X": 0.4064939320087433,
            "Y": 0.2644697427749634
          },
          {
            "X": 0.4534868001937866,
            "Y": 0.2621038854122162
          },
          {
            "X": 0.45395544171333313,
            "Y": 0.27384790778160095
          },
          {
            "X": 0.4069441854953766,
            "Y": 0.27620163559913635
          }
        ]
      },
      "Id": "83b16279-3900-404f-a775-469ffe7b5a41",
      "Page": 1
    },
    {
      "BlockType": "WORD",
      "Confidence": 99.58181762695312,
      "Text": "e",
      "TextType": "PRINTED",
      "Geometry": {
        "BoundingBox": {
          "Width": 0.007943819276988506,
          "Height": 0.0074615273624658585,
          "Left": 0.4575727880001068,
          "Top": 0.26248735189437866
        },
        "Polygon": [
          {
            "X": 0.4575727880001068,
            "Y": 0.26287275552749634
          },
          {
            "X": 0.4652314782142639,
            "Y": 0.26248735189437866
          },
          {
            "X": 0.465516597032547,
            "Y": 0.269564688205719
          },
          {
            "X": 0.45785608887672424,
            "Y": 0.26994889974594116
          }
        ]
      },
      "Id": "d3136964-e631-41e4-bd5d-1e4d4815cb31",
      "Page": 1
    },
    {
      "BlockType": "WORD",
      "Confidence": 99.84490203857422,
      "Text": "execute",
      "TextType": "PRINTED",
      "Geometry": {
        "BoundingBox": {
          "Width": 0.052205029875040054,
          "Height": 0.0135788694024086,
          "Left": 0.46896833181381226,
          "Top": 0.25548312067985535
        },
        "Polygon": [
          {
            "X": 0.46896833181381226,
            "Y": 0.2580920457839966
          },
          {
            "X": 0.5207110643386841,
            "Y": 0.25548312067985535
          },
          {
            "X": 0.521173357963562,
            "Y": 0.26646554470062256
          },
          {
            "X": 0.4694116711616516,
            "Y": 0.26906201243400574
          }
        ]
      },
      "Id": "6453b682-1e36-4f78-aa5a-181c8ce64298",
      "Page": 1
    },
    {
      "BlockType": "WORD",
      "Confidence": 97.72454071044922,
      "Text": "tarefas",
      "TextType": "PRINTED",
      "Geometry": {
        "BoundingBox": {
          "Width": 0.04862033948302269,
          "Height": 0.01419245544821024,
          "Left": 0.5242249369621277,
          "Top": 0.2489938735961914
        },
        "Polygon": [
          {
            "X": 0.5242249369621277,
            "Y": 0.25142377614974976
          },
          {
            "X": 0.5723297595977783,
            "Y": 0.2489938735961914
          },
          {
            "X": 0.5728452801704407,
            "Y": 0.2607688307762146
          },
          {
            "X": 0.5247215032577515,
            "Y": 0.26318633556365967
          }
        ]
      },
      "Id": "59544d02-c3ea-42a1-b449-a6b6e5ba173c",
      "Page": 1
    },
    {
      "BlockType": "WORD",
      "Confidence": 98.72087860107422,
      "Text": "complexas",
      "TextType": "PRINTED",
      "Geometry": {
        "BoundingBox": {
          "Width": 0.07679230719804764,
          "Height": 0.017131205648183823,
          "Left": 0.5755336284637451,
          "Top": 0.24136531352996826
        },
        "Polygon": [
          {
            "X": 0.5755336284637451,
            "Y": 0.2452196180820465
          },
          {
            "X": 0.651709258556366,
            "Y": 0.24136531352996826
          },
          {
            "X": 0.6523259282112122,
            "Y": 0.2546643614768982
          },
          {
            "X": 0.5761163830757141,
            "Y": 0.2584965229034424
          }
        ]
      },
      "Id": "46483b70-2f74-44ba-9439-a776e0c1ae92",
      "Page": 1
    },
    {
      "BlockType": "WORD",
      "Confidence": 99.66852569580078,
      "Text": "entre",
      "TextType": "PRINTED",
      "Geometry": {
        "BoundingBox": {
          "Width": 0.03910516947507858,
          "Height": 0.012154223397374153,
          "Left": 0.6560004949569702,
          "Top": 0.23703895509243011
        },
        "Polygon": [
          {
            "X": 0.6560004949569702,
            "Y": 0.23899486660957336
          },
          {
            "X": 0.6946181058883667,
            "Y": 0.23703895509243011
          },
          {
            "X": 0.6951056718826294,
            "Y": 0.2472458779811859
          },
          {
            "X": 0.6564748287200928,
            "Y": 0.24919317662715912
          }
        ]
      },
      "Id": "2d4df270-e8b9-4dae-819f-90a943fe2c44",
      "Page": 1
    },
    {
      "BlockType": "WORD",
      "Confidence": 99.3525161743164,
      "Text": "agentes",
      "TextType": "PRINTED",
      "Geometry": {
        "BoundingBox": {
          "Width": 0.05160430073738098,
          "Height": 0.014096716418862343,
          "Left": 0.4064550995826721,
          "Top": 0.2757859528064728
        },
        "Polygon": [
          {
            "X": 0.4064550995826721,
            "Y": 0.27834394574165344
          },
          {
            "X": 0.4575970768928528,
            "Y": 0.2757859528064728
          },
          {
            "X": 0.4580594003200531,
            "Y": 0.28733769059181213
          },
          {
            "X": 0.40689772367477417,
            "Y": 0.28988268971443176
          }
        ]
      },
      "Id": "223c7a6f-58ea-4b3c-a7f2-1691ded271bf",
      "Page": 1
    },
    {
      "BlockType": "WORD",
      "Confidence": 99.11459350585938,
      "Text": "multiagente",
      "TextType": "PRINTED",
      "Geometry": {
        "BoundingBox": {
          "Width": 0.1638733595609665,
          "Height": 0.032054636627435684,
          "Left": 0.09516572952270508,
          "Top": 0.29450592398643494
        },
        "Polygon": [
          {
            "X": 0.09516572952270508,
            "Y": 0.3026283085346222
          },
          {
            "X": 0.2582336664199829,
            "Y": 0.29450592398643494
          },
          {
            "X": 0.25903910398483276,
            "Y": 0.3185248374938965
          },
          {
            "X": 0.09584155678749084,
            "Y": 0.3265605866909027
          }
        ]
      },
      "Id": "e5d6e47b-8f42-4682-9f1a-1430863e9af8",
      "Page": 1
    },
    {
      "BlockType": "WORD",
      "Confidence": 99.41300201416016,
      "Text": "ce",
      "TextType": "PRINTED",
      "Geometry": {
        "BoundingBox": {
          "Width": 0.019845012575387955,
          "Height": 0.011400031857192516,
          "Left": 0.0009435412939637899,
          "Top": 0.3292686343193054
        },
        "Polygon": [
          {
            "X": 0.0009435412939637899,
            "Y": 0.33023300766944885
          },
          {
            "X": 0.020519224926829338,
            "Y": 0.3292686343193054
          },
          {
            "X": 0.02078855410218239,
            "Y": 0.3397088646888733
          },
          {
            "X": 0.0012061294401064515,
            "Y": 0.3406686782836914
          }
        ]
      },
      "Id": "927ef0e5-a9e8-4b97-8a67-f1c51e79b16d",
      "Page": 1
    },
    {
      "BlockType": "WORD",
      "Confidence": 99.85441589355469,
      "Text": "do",
      "TextType": "PRINTED",
      "Geometry": {
        "BoundingBox": {
          "Width": 0.028454871848225594,
          "Height": 0.01814488135278225,
          "Left": 0.0946541279554367,
          "Top": 0.32956087589263916
        },
        "Polygon": [
          {
            "X": 0.0946541279554367,
            "Y": 0.3309350609779358
          },
          {
            "X": 0.1226206049323082,
            "Y": 0.32956087589263916
          },
          {
            "X": 0.12310899794101715,
            "Y": 0.3463420271873474
          },
          {
            "X": 0.09512700885534286,
            "Y": 0.34770578145980835
          }
        ]
      },
      "Id": "055925bc-36fb-4982-acae-5ca070fce618",
      "Page": 1
    },
    {
      "BlockType": "WORD",
      "Confidence": 99.77600860595703,
      "Text": "Amazon",
      "TextType": "PRINTED",
      "Geometry": {
        "BoundingBox": {
          "Width": 0.0917993038892746,
          "Height": 0.021115528419613838,
          "Left": 0.13627126812934875,
          "Top": 0.3224950432777405
        },
        "Polygon": [
          {
            "X": 0.13627126812934875,
            "Y": 0.3269832730293274
          },
          {
            "X": 0.22752895951271057,
            "Y": 0.3224950432777405
          },
          {
            "X": 0.22807057201862335,
            "Y": 0.33915603160858154
          },
          {
            "X": 0.1367625743150711,
            "Y": 0.34361058473587036
          }
        ]
      },
      "Id": "313db0e0-fbf7-4cd1-a2e2-b8d5a32fa040",
      "Page": 1
    },
    {
      "BlockType": "WORD",
      "Confidence": 98.65315246582031,
      "Text": "Unifique",
      "TextType": "PRINTED",
      "Geometry": {
        "BoundingBox": {
          "Width": 0.05585525557398796,
          "Height": 0.014853031374514103,
          "Left": 0.41832685470581055,
          "Top": 0.3181908428668976
        },
        "Polygon": [
          {
            "X": 0.41832685470581055,
            "Y": 0.3209035098552704
          },
          {
            "X": 0.4736899733543396,
            "Y": 0.3181908428668976
          },
          {
            "X": 0.4741820991039276,
            "Y": 0.330346018075943
          },
          {
            "X": 0.418796569108963,
            "Y": 0.3330438733100891
          }
        ]
      },
      "Id": "a11aabab-4ed2-4ee4-a3ba-4e4cab71c50d",
      "Page": 1
    },
    {
      "BlockType": "WORD",
      "Confidence": 99.71366119384766,
      "Text": "as",
      "TextType": "PRINTED",
      "Geometry": {
        "BoundingBox": {
          "Width": 0.014537733979523182,
          "Height": 0.008573988452553749,
          "Left": 0.47758275270462036,
          "Top": 0.318266361951828
        },
        "Polygon": [
          {
            "X": 0.47758275270462036,
            "Y": 0.3189624845981598
          },
          {
            "X": 0.4917968213558197,
            "Y": 0.318266361951828
          },
          {
            "X": 0.49212050437927246,
            "Y": 0.32614666223526
          },
          {
            "X": 0.47790271043777466,
            "Y": 0.326840341091156
          }
        ]
      },
      "Id": "999488ca-5a0d-49aa-b674-b03a6d051bb8",
      "Page": 1
    },
    {
      "BlockType": "WORD",
      "Confidence": 99.16210174560547,
      "Text": "conversas",
      "TextType": "PRINTED",
      "Geometry": {
        "BoundingBox": {
          "Width": 0.06814552843570709,
          "Height": 0.012721456587314606,
          "Left": 0.49532780051231384,
          "Top": 0.3123840391635895
        },
        "Polygon": [
          {
            "X": 0.49532780051231384,
            "Y": 0.3157052993774414
          },
          {
            "X": 0.5630648136138916,
            "Y": 0.3123840391635895
          },
          {
            "X": 0.5634733438491821,
            "Y": 0.32179826498031616
          },
          {
            "X": 0.49571502208709717,
            "Y": 0.3251054883003235
          }
        ]
      },
      "Id": "3fafa6ce-90ff-437c-9224-1b7ffbff6a04",
      "Page": 1
    },
    {
      "BlockType": "WORD",
      "Confidence": 99.73876190185547,
      "Text": "entre",
      "TextType": "PRINTED",
      "Geometry": {
        "BoundingBox": {
          "Width": 0.03810974210500717,
          "Height": 0.011751113459467888,
          "Left": 0.5670804977416992,
          "Top": 0.30684077739715576
        },
        "Polygon": [
          {
            "X": 0.5670804977416992,
            "Y": 0.3086906969547272
          },
          {
            "X": 0.6047468185424805,
            "Y": 0.30684077739715576
          },
          {
            "X": 0.6051902770996094,
            "Y": 0.3167501389980316
          },
          {
            "X": 0.5675114989280701,
            "Y": 0.3185918927192688
          }
        ]
      },
      "Id": "d90bb189-a5af-4d87-9f55-a3c03e24c631",
      "Page": 1
    },
    {
      "BlockType": "WORD",
      "Confidence": 99.26290130615234,
      "Text": "agentes",
      "TextType": "PRINTED",
      "Geometry": {
        "BoundingBox": {
          "Width": 0.05856722965836525,
          "Height": 0.015219477005302906,
          "Left": 0.6083838939666748,
          "Top": 0.30118441581726074
        },
        "Polygon": [
          {
            "X": 0.6083838939666748,
            "Y": 0.304036021232605
          },
          {
            "X": 0.6663721203804016,
            "Y": 0.30118441581726074
          },
          {
            "X": 0.6669511198997498,
            "Y": 0.31356799602508545
          },
          {
            "X": 0.6089388728141785,
            "Y": 0.31640389561653137
          }
        ]
      },
      "Id": "a819c758-40a5-46a8-baf6-e6c0f37ed13e",
      "Page": 1
    },
    {
      "BlockType": "WORD",
      "Confidence": 99.68132019042969,
      "Text": "com",
      "TextType": "PRINTED",
      "Geometry": {
        "BoundingBox": {
          "Width": 0.032007500529289246,
          "Height": 0.010004962794482708,
          "Left": 0.6705561876296997,
          "Top": 0.2988245487213135
        },
        "Polygon": [
          {
            "X": 0.6705561876296997,
            "Y": 0.30037906765937805
          },
          {
            "X": 0.7021584510803223,
            "Y": 0.2988245487213135
          },
          {
            "X": 0.7025637030601501,
            "Y": 0.30728086829185486
          },
          {
            "X": 0.6709524393081665,
            "Y": 0.30882951617240906
          }
        ]
      },
      "Id": "fae7e2b8-f409-4482-a734-9128d3bd2f97",
      "Page": 1
    },
    {
      "BlockType": "WORD",
      "Confidence": 99.79720306396484,
      "Text": "Bedrock",
      "TextType": "PRINTED",
      "Geometry": {
        "BoundingBox": {
          "Width": 0.10394509136676788,
          "Height": 0.0241527296602726,
          "Left": 0.0937342420220375,
          "Top": 0.34453603625297546
        },
        "Polygon": [
          {
            "X": 0.0937342420220375,
            "Y": 0.3495681881904602
          },
          {
            "X": 0.19707566499710083,
            "Y": 0.34453603625297546
          },
          {
            "X": 0.197679340839386,
            "Y": 0.3637005686759949
          },
          {
            "X": 0.09427248686552048,
            "Y": 0.36868876218795776
          }
        ]
      },
      "Id": "2878fb62-b0d1-4391-ba59-4195956f6cef",
      "Page": 1
    },
    {
      "BlockType": "WORD",
      "Confidence": 99.70233154296875,
      "Text": "a",
      "TextType": "PRINTED",
      "Geometry": {
        "BoundingBox": {
          "Width": 0.007823821157217026,
          "Height": 0.00752385426312685,
          "Left": 0.418233722448349,
          "Top": 0.33803340792655945
        },
        "Polygon": [
          {
            "X": 0.418233722448349,
            "Y": 0.3383999764919281
          },
          {
            "X": 0.4257790148258209,
            "Y": 0.33803340792655945
          },
          {
            "X": 0.4260575473308563,
            "Y": 0.3451918661594391
          },
          {
            "X": 0.41851046681404114,
            "Y": 0.34555724263191223
          }
        ]
      },
      "Id": "e4b65976-d019-4f1a-811f-5e350adef1e7",
      "Page": 1
    },
    {
      "BlockType": "WORD",
      "Confidence": 94.74209594726562,
      "Text": "classificação",
      "TextType": "PRINTED",
      "Geometry": {
        "BoundingBox": {
          "Width": 0.08241686969995499,
          "Height": 0.017937250435352325,
          "Left": 0.42906761169433594,
          "Top": 0.3280487358570099
        },
        "Polygon": [
          {
            "X": 0.42906761169433594,
            "Y": 0.33203592896461487
          },
          {
            "X": 0.5109019875526428,
            "Y": 0.3280487358570099
          },
          {
            "X": 0.5114845037460327,
            "Y": 0.34202396869659424
          },
          {
            "X": 0.42961201071739197,
            "Y": 0.3459859788417816
          }
        ]
      },
      "Id": "7cfbef38-55c4-4740-8418-bf1d8ba0f634",
      "Page": 1
    },
    {
      "BlockType": "WORD",
      "Confidence": 99.79618835449219,
      "Text": "de",
      "TextType": "PRINTED",
      "Geometry": {
        "BoundingBox": {
          "Width": 0.01699819229543209,
          "Height": 0.011484738439321518,
          "Left": 0.515078067779541,
          "Top": 0.32632821798324585
        },
        "Polygon": [
          {
            "X": 0.515078067779541,
            "Y": 0.3271346390247345
          },
          {
            "X": 0.5316238403320312,
            "Y": 0.32632821798324585
          },
          {
            "X": 0.5320762991905212,
            "Y": 0.3370104134082794
          },
          {
            "X": 0.5155246257781982,
            "Y": 0.33781296014785767
          }
        ]
      },
      "Id": "9e10bd16-6735-433e-bc09-3b9a004bc08b",
      "Page": 1
    },
    {
      "BlockType": "WORD",
      "Confidence": 93.50407409667969,
      "Text": "intenção",
      "TextType": "PRINTED",
      "Geometry": {
        "BoundingBox": {
          "Width": 0.06088624149560928,
          "Height": 0.015471043065190315,
          "Left": 0.5360337495803833,
          "Top": 0.3207497298717499
        },
        "Polygon": [
          {
            "X": 0.5360337495803833,
            "Y": 0.32369354367256165
          },
          {
            "X": 0.596362292766571,
            "Y": 0.3207497298717499
          },
          {
            "X": 0.5969199538230896,
            "Y": 0.3332935869693756
          },
          {
            "X": 0.5365661382675171,
            "Y": 0.33622080087661743
          }
        ]
      },
      "Id": "7622e015-d80f-484f-9efe-029c8177919c",
      "Page": 1
    },
    {
      "BlockType": "WORD",
      "Confidence": 99.2191162109375,
      "Text": "integrada",
      "TextType": "PRINTED",
      "Geometry": {
        "BoundingBox": {
          "Width": 0.07055500894784927,
          "Height": 0.016542289406061172,
          "Left": 0.6007736325263977,
          "Top": 0.31431981921195984
        },
        "Polygon": [
          {
            "X": 0.6007736325263977,
            "Y": 0.3177371919155121
          },
          {
            "X": 0.670712411403656,
            "Y": 0.31431981921195984
          },
          {
            "X": 0.671328604221344,
            "Y": 0.32746490836143494
          },
          {
            "X": 0.6013590693473816,
            "Y": 0.3308621048927307
          }
        ]
      },
      "Id": "caf46ff0-a5ff-4f26-8253-f184f4ef8b5a",
      "Page": 1
    },
    {
      "BlockType": "WORD",
      "Confidence": 99.80055236816406,
      "Text": "Agents",
      "TextType": "PRINTED",
      "Geometry": {
        "BoundingBox": {
          "Width": 0.08862199634313583,
          "Height": 0.02491934411227703,
          "Left": 0.09171243011951447,
          "Top": 0.36987096071243286
        },
        "Polygon": [
          {
            "X": 0.09171243011951447,
            "Y": 0.37410396337509155
          },
          {
            "X": 0.17969372868537903,
            "Y": 0.36987096071243286
          },
          {
            "X": 0.1803344339132309,
            "Y": 0.39059779047966003
          },
          {
            "X": 0.09229293465614319,
            "Y": 0.39479029178619385
          }
        ]
      },
      "Id": "837f9659-77cb-4dcc-97a5-ad299c31423a",
      "Page": 1
    },
    {
      "BlockType": "WORD",
      "Confidence": 98.23953247070312,
      "Text": "Escalando",
      "TextType": "PRINTED",
      "Geometry": {
        "BoundingBox": {
          "Width": 0.05567944794893265,
          "Height": 0.012274783104658127,
          "Left": 0.08986926078796387,
          "Top": 0.39407917857170105
        },
        "Polygon": [
          {
            "X": 0.08986926078796387,
            "Y": 0.39671453833580017
          },
          {
            "X": 0.14526134729385376,
            "Y": 0.39407917857170105
          },
          {
            "X": 0.1455487161874771,
            "Y": 0.40373048186302185
          },
          {
            "X": 0.0901389941573143,
            "Y": 0.4063539505004883
          }
        ]
      },
      "Id": "7baf0399-eef2-4afd-8798-93db28ded652",
      "Page": 1
    },
    {
      "BlockType": "WORD",
      "Confidence": 91.44474792480469,
      "Text": "experiências",
      "TextType": "PRINTED",
      "Geometry": {
        "BoundingBox": {
          "Width": 0.07321492582559586,
          "Height": 0.016134869307279587,
          "Left": 0.1480286717414856,
          "Top": 0.38761287927627563
        },
        "Polygon": [
          {
            "X": 0.1480286717414856,
            "Y": 0.39108169078826904
          },
          {
            "X": 0.22083479166030884,
            "Y": 0.38761287927627563
          },
          {
            "X": 0.22124360501766205,
            "Y": 0.40029942989349365
          },
          {
            "X": 0.1484069675207138,
            "Y": 0.4037477374076843
          }
        ]
      },
      "Id": "0e668c57-b04f-4a67-8ea7-64a4a4cee044",
      "Page": 1
    },
    {
      "BlockType": "WORD",
      "Confidence": 99.67072296142578,
      "Text": "com",
      "TextType": "PRINTED",
      "Geometry": {
        "BoundingBox": {
          "Width": 0.02561711147427559,
          "Height": 0.008559823967516422,
          "Left": 0.22381369769573212,
          "Top": 0.3878311216831207
        },
        "Polygon": [
          {
            "X": 0.22381369769573212,
            "Y": 0.3890390992164612
          },
          {
            "X": 0.24918702244758606,
            "Y": 0.3878311216831207
          },
          {
            "X": 0.2494308054447174,
            "Y": 0.3951871395111084
          },
          {
            "X": 0.22405129671096802,
            "Y": 0.3963909447193146
          }
        ]
      },
      "Id": "9003bc56-d4f1-41fb-bb06-60ae4b5b43f9",
      "Page": 1
    },
    {
      "BlockType": "WORD",
      "Confidence": 99.2568359375,
      "Text": "agentes",
      "TextType": "PRINTED",
      "Geometry": {
        "BoundingBox": {
          "Width": 0.04860340803861618,
          "Height": 0.012966690585017204,
          "Left": 0.25283685326576233,
          "Top": 0.38299795985221863
        },
        "Polygon": [
          {
            "X": 0.25283685326576233,
            "Y": 0.3852968215942383
          },
          {
            "X": 0.30106836557388306,
            "Y": 0.38299795985221863
          },
          {
            "X": 0.3014402389526367,
            "Y": 0.3936771750450134
          },
          {
            "X": 0.25319164991378784,
            "Y": 0.395964652299881
          }
        ]
      },
      "Id": "f3f9841a-55dc-4a12-b355-d6ec94b0627b",
      "Page": 1
    },
    {
      "BlockType": "WORD",
      "Confidence": 96.3284912109375,
      "Text": "Observabilidade",
      "TextType": "PRINTED",
      "Geometry": {
        "BoundingBox": {
          "Width": 0.1081375852227211,
          "Height": 0.017113076522946358,
          "Left": 0.40391117334365845,
          "Top": 0.37951284646987915
        },
        "Polygon": [
          {
            "X": 0.40391117334365845,
            "Y": 0.384626567363739
          },
          {
            "X": 0.5115480422973633,
            "Y": 0.37951284646987915
          },
          {
            "X": 0.5120487809181213,
            "Y": 0.3915407359600067
          },
          {
            "X": 0.40436890721321106,
            "Y": 0.39662590622901917
          }
        ]
      },
      "Id": "be5ff3c5-ee60-4e64-8335-4774ae618a3b",
      "Page": 1
    },
    {
      "BlockType": "WORD",
      "Confidence": 99.40939331054688,
      "Text": "em",
      "TextType": "PRINTED",
      "Geometry": {
        "BoundingBox": {
          "Width": 0.02168649062514305,
          "Height": 0.008918547071516514,
          "Left": 0.5157313346862793,
          "Top": 0.3797672688961029
        },
        "Polygon": [
          {
            "X": 0.5157313346862793,
            "Y": 0.3807808756828308
          },
          {
            "X": 0.5370820760726929,
            "Y": 0.3797672688961029
          },
          {
            "X": 0.5374178290367126,
            "Y": 0.3876759111881256
          },
          {
            "X": 0.5160614848136902,
            "Y": 0.38868579268455505
          }
        ]
      },
      "Id": "33586bc4-392a-4190-8781-e86e9dbbd192",
      "Page": 1
    },
    {
      "BlockType": "WORD",
      "Confidence": 99.63307189941406,
      "Text": "fluxos",
      "TextType": "PRINTED",
      "Geometry": {
        "BoundingBox": {
          "Width": 0.04272865131497383,
          "Height": 0.011926593258976936,
          "Left": 0.5412229895591736,
          "Top": 0.3748214840888977
        },
        "Polygon": [
          {
            "X": 0.5412229895591736,
            "Y": 0.3768320083618164
          },
          {
            "X": 0.5835152864456177,
            "Y": 0.3748214840888977
          },
          {
            "X": 0.5839516520500183,
            "Y": 0.384746789932251
          },
          {
            "X": 0.541645348072052,
            "Y": 0.3867480754852295
          }
        ]
      },
      "Id": "f57b62bf-0c05-43ca-9927-52f86a38e57f",
      "Page": 1
    },
    {
      "BlockType": "WORD",
      "Confidence": 98.76285552978516,
      "Text": "multiagentes",
      "TextType": "PRINTED",
      "Geometry": {
        "BoundingBox": {
          "Width": 0.08711732178926468,
          "Height": 0.015679292380809784,
          "Left": 0.40430882573127747,
          "Top": 0.39603859186172485
        },
        "Polygon": [
          {
            "X": 0.40430882573127747,
            "Y": 0.40012308955192566
          },
          {
            "X": 0.49095049500465393,
            "Y": 0.39603859186172485
          },
          {
            "X": 0.49142614006996155,
            "Y": 0.4076555669307709
          },
          {
            "X": 0.4047510325908661,
            "Y": 0.41171786189079285
          }
        ]
      },
      "Id": "d3f1a3f5-a57d-4ca7-9160-a745733e609f",
      "Page": 1
    },
    {
      "BlockType": "WORD",
      "Confidence": 99.17829895019531,
      "Text": "Barreiras",
      "TextType": "PRINTED",
      "Geometry": {
        "BoundingBox": {
          "Width": 0.05724671855568886,
          "Height": 0.012622800655663013,
          "Left": 0.36972296237945557,
          "Top": 0.44295260310173035
        },
        "Polygon": [
          {
            "X": 0.36972296237945557,
            "Y": 0.4455741047859192
          },
          {
            "X": 0.42658108472824097,
            "Y": 0.44295260310173035
          },
          {
            "X": 0.4269696772098541,
            "Y": 0.45296648144721985
          },
          {
            "X": 0.3700926899909973,
            "Y": 0.4555753767490387
          }
        ]
      },
      "Id": "2d8c22c5-fedb-43c3-824a-dd73a0a4bcc1",
      "Page": 1
    },
    {
      "BlockType": "WORD",
      "Confidence": 99.88887023925781,
      "Text": "de",
      "TextType": "PRINTED",
      "Geometry": {
        "BoundingBox": {
          "Width": 0.016788173466920853,
          "Height": 0.010075513273477554,
          "Left": 0.4306032955646515,
          "Top": 0.4416511356830597
        },
        "Polygon": [
          {
            "X": 0.4306032955646515,
            "Y": 0.44240835309028625
          },
          {
            "X": 0.44702357053756714,
            "Y": 0.4416511356830597
          },
          {
            "X": 0.44739145040512085,
            "Y": 0.4509728252887726
          },
          {
            "X": 0.4309661090373993,
            "Y": 0.45172664523124695
          }
        ]
      },
      "Id": "3675b2a5-f841-414e-9073-876f0e2449f9",
      "Page": 1
    },
    {
      "BlockType": "WORD",
      "Confidence": 80.15972137451172,
      "Text": "proteção,",
      "TextType": "PRINTED",
      "Geometry": {
        "BoundingBox": {
          "Width": 0.06302301585674286,
          "Height": 0.014516367577016354,
          "Left": 0.45102280378341675,
          "Top": 0.4380676746368408
        },
        "Polygon": [
          {
            "X": 0.45102280378341675,
            "Y": 0.4409523606300354
          },
          {
            "X": 0.5135610699653625,
            "Y": 0.4380676746368408
          },
          {
            "X": 0.5140458345413208,
            "Y": 0.44971543550491333
          },
          {
            "X": 0.4514833688735962,
            "Y": 0.45258402824401855
          }
        ]
      },
      "Id": "6a7a045c-c6f7-4374-958a-9a31ee271ea1",
      "Page": 1
    },
    {
      "BlockType": "WORD",
      "Confidence": 97.008544921875,
      "Text": "segurança",
      "TextType": "PRINTED",
      "Geometry": {
        "BoundingBox": {
          "Width": 0.07082582265138626,
          "Height": 0.013237283565104008,
          "Left": 0.5190299153327942,
          "Top": 0.4351848363876343
        },
        "Polygon": [
          {
            "X": 0.5190299153327942,
            "Y": 0.43843045830726624
          },
          {
            "X": 0.5894147157669067,
            "Y": 0.4351848363876343
          },
          {
            "X": 0.5898557305335999,
            "Y": 0.44519200921058655
          },
          {
            "X": 0.5194475054740906,
            "Y": 0.4484221041202545
          }
        ]
      },
      "Id": "80f029b6-40ca-459a-b61d-7fd06de2d09a",
      "Page": 1
    },
    {
      "BlockType": "WORD",
      "Confidence": 99.5257339477539,
      "Text": "e",
      "TextType": "PRINTED",
      "Geometry": {
        "BoundingBox": {
          "Width": 0.008269892074167728,
          "Height": 0.007615407928824425,
          "Left": 0.5945978164672852,
          "Top": 0.434332013130188
        },
        "Polygon": [
          {
            "X": 0.5945978164672852,
            "Y": 0.43469852209091187
          },
          {
            "X": 0.6025450825691223,
            "Y": 0.434332013130188
          },
          {
            "X": 0.6028677225112915,
            "Y": 0.44158217310905457
          },
          {
            "X": 0.5949184894561768,
            "Y": 0.44194743037223816
          }
        ]
      },
      "Id": "422654df-c0d2-4640-a021-4b20d3821fe5",
      "Page": 1
    },
    {
      "BlockType": "WORD",
      "Confidence": 99.20611572265625,
      "Text": "privacidade",
      "TextType": "PRINTED",
      "Geometry": {
        "BoundingBox": {
          "Width": 0.07540633529424667,
          "Height": 0.015040921047329903,
          "Left": 0.369392454624176,
          "Top": 0.45550206303596497
        },
        "Polygon": [
          {
            "X": 0.369392454624176,
            "Y": 0.4589340388774872
          },
          {
            "X": 0.44434109330177307,
            "Y": 0.45550206303596497
          },
          {
            "X": 0.4447987973690033,
            "Y": 0.4671303331851959
          },
          {
            "X": 0.3698212802410126,
            "Y": 0.4705429971218109
          }
        ]
      },
      "Id": "9e2cce1f-537b-44d2-986b-36a2e81b0a99",
      "Page": 1
    }
  ],
  "DetectDocumentTextModelVersion": "1.0"
}