{
  "DocumentMetadata": {
    "Pages": 1
  },
  "JobStatus": "SUCCEEDED",
  "Blocks": [
    {
      "BlockType": "PAGE",
      "Geometry": {
        "BoundingBox": {
          "Width": 1,
          "Height": 1,
          "Left": 0,
          "Top": 0
        },
        "Polygon": [
          {
            "X": 6.703100297045239e-10,
            "Y": 0
          },
          {
            "X": 1,
            "Y": 0
          },
          {
            "X": 1,
            "Y": 1
          },
          {
            "X": 0,
            "Y": 0.9989834427833557
          }
        ]
      },
      "Id": "c0db4b18-9a65-40ac-92f9-67397d3a4f16",
      "Relationships": [
        {
          "Type": "CHILD",
          "Ids": [
            "67ba2017-f5f1-4598-a516-231f77de53cc",
            "de338388-6131-4bde-8233-1a1833fdfc7b",
            "49eb1747-818a-4fdc-86c8-6d10b4f9f9cf",
            "3c00f3df-7abc-465c-94b6-0d1d1fb6eaa2",
            "eeb6097b-edb1-4d25-8e76-031d1ef01cd5",
            "746f50f9-b795-4378-9eb8-d327ffaac619",
            "77a52a6a-f039-406a-91f5-ade8e1f6926a",
            "bb43c624-1ce4-4c7f-a51d-92a8a19c27a6",
            "55673a70-f9d6-48c5-9da5-de1d13129c71",
            "0d09f90f-8ea0-4a17-b5f0-17eaf95f62c8",
            "20ca23ed-e83c-4f5b-bbae-9cd80e911490",
            "4066363d-388b-4aaa-99bf-6bde3f8df35d",
            "85c0ab14-b854-41b0-995e-bd136e7959ec",
            "8afcbc78-4469-433d-9ce6-431251e51957",
            "e19db517-fe26-468a-88fb-c1dc9cd24253"
          ]
        }
      ],
      "Page": 1
    },
    {
      "BlockType": "LINE",
      "Confidence": 99.76492309570312,
      "Text": "Escolha do modelo de base",
      "Geometry": {
        "BoundingBox": {
          "Width": 0.18231101334095,
          "Height": 0.02685823105275631,
          "Left": 0.42348596453666687,
          "Top": 0.1509219855070114
        },
        "Polygon": [
          {
            "X": 0.4238792955875397,
            "Y": 0.1661919504404068
          },
          {
            "X": 0.6057969927787781,
            "Y": 0.1509219855070114
          },
          {
            "X": 0.605434775352478,
            "Y": 0.16280750930309296
          },
          {
            "X": 0.42348596453666687,
            "Y": 0.17778021097183228
          }
        ]
      },
      "Id": "67ba2017-f5f1-4598-a516-231f77de53cc",
      "Relationships": [
        {
          "Type": "CHILD",
          "Ids": [
            "2d0ca69c-eb7c-417e-842c-9abcd44b442e",
            "60ff2257-7edc-4f52-9f9b-b7e275fe7b02",
            "ec466135-3b81-4c5d-a9a3-4060a0faf96f",
            "e935b926-7521-484a-b334-6642df6b0320",
            "9e35b8fe-e6da-4970-b36d-a8ea7dc0d0dc"
          ]
        }
      ],
      "Page": 1
    },
    {
      "BlockType": "LINE",
      "Confidence": 87.92346954345703,
      "Text": "Memória, bases de conhecimento,",
      "Geometry": {
        "BoundingBox": {
          "Width": 0.23542995750904083,
          "Height": 0.029751967638731003,
          "Left": 0.45333588123321533,
          "Top": 0.1936144381761551
        },
        "Polygon": [
          {
            "X": 0.4537235498428345,
            "Y": 0.211739644408226
          },
          {
            "X": 0.688765823841095,
            "Y": 0.1936144381761551
          },
          {
            "X": 0.6884191632270813,
            "Y": 0.20562522113323212
          },
          {
            "X": 0.45333588123321533,
            "Y": 0.2233664095401764
          }
        ]
      },
      "Id": "de338388-6131-4bde-8233-1a1833fdfc7b",
      "Relationships": [
        {
          "Type": "CHILD",
          "Ids": [
            "8c7ea03a-17ea-420e-9064-f9e7ebbdc762",
            "1d041b05-c7c5-4292-9f94-acf76682fbf0",
            "41c68e4f-cefd-427d-9d5d-9a86f0eb1ccd",
            "a780356d-e565-4c9a-9c9d-860e9a8b9a44"
          ]
        }
      ],
      "Page": 1
    },
    {
      "BlockType": "LINE",
      "Confidence": 99.21806335449219,
      "Text": "ud",
      "Geometry": {
        "BoundingBox": {
          "Width": 0.02240097150206566,
          "Height": 0.015075712464749813,
          "Left": 0,
          "Top": 0.25451385974884033
        },
        "Polygon": [
          {
            "X": 0.0004622886481229216,
            "Y": 0.2561740577220917
          },
          {
            "X": 0.02240097150206566,
            "Y": 0.25451385974884033
          },
          {
            "X": 0.02184174209833145,
            "Y": 0.2679736018180847
          },
          {
            "X": 0,
            "Y": 0.2695895731449127
          }
        ]
      },
      "Id": "49eb1747-818a-4fdc-86c8-6d10b4f9f9cf",
      "Relationships": [
        {
          "Type": "CHILD",
          "Ids": [
            "9df56ac2-a5e9-4b61-8c3c-96dcb918d8a9"
          ]
        }
      ],
      "Page": 1
    },
    {
      "BlockType": "LINE",
      "Confidence": 97.31603240966797,
      "Text": "barreiras de proteção",
      "Geometry": {
        "BoundingBox": {
          "Width": 0.14452321827411652,
          "Height": 0.022467590868473053,
          "Left": 0.4525577127933502,
          "Top": 0.21523389220237732
        },
        "Polygon": [
          {
            "X": 0.4529460370540619,
            "Y": 0.22605693340301514
          },
          {
            "X": 0.5970809459686279,
            "Y": 0.21523389220237732
          },
          {
            "X": 0.596717357635498,
            "Y": 0.22711442410945892
          },
          {
            "X": 0.4525577127933502,
            "Y": 0.23770149052143097
          }
        ]
      },
      "Id": "3c00f3df-7abc-465c-94b6-0d1d1fb6eaa2",
      "Relationships": [
        {
          "Type": "CHILD",
          "Ids": [
            "4b3fe515-4bd9-40e8-939a-1f26924b41d9",
            "b0f57a07-6d66-4e08-ad8c-c2b0eff986a6",
            "c84651fd-45a1-4dba-86f1-a3f79287296b"
          ]
        }
      ],
      "Page": 1
    },
    {
      "BlockType": "LINE",
      "Confidence": 96.33831024169922,
      "Text": "erience",
      "Geometry": {
        "BoundingBox": {
          "Width": 0.06500296294689178,
          "Height": 0.018351785838603973,
          "Left": 0.00016784168838057667,
          "Top": 0.2717127203941345
        },
        "Polygon": [
          {
            "X": 0.0007413866696879268,
            "Y": 0.27639055252075195
          },
          {
            "X": 0.06517080962657928,
            "Y": 0.2717127203941345
          },
          {
            "X": 0.0646086260676384,
            "Y": 0.28551921248435974
          },
          {
            "X": 0.00016784168838057667,
            "Y": 0.2900645136833191
          }
        ]
      },
      "Id": "eeb6097b-edb1-4d25-8e76-031d1ef01cd5",
      "Relationships": [
        {
          "Type": "CHILD",
          "Ids": [
            "04d3dfbc-3c34-4640-bd60-ba002dc817eb"
          ]
        }
      ],
      "Page": 1
    },
    {
      "BlockType": "LINE",
      "Confidence": 99.75508880615234,
      "Text": "Agentes no",
      "Geometry": {
        "BoundingBox": {
          "Width": 0.14892956614494324,
          "Height": 0.029599962756037712,
          "Left": 0.13795161247253418,
          "Top": 0.26277902722358704
        },
        "Polygon": [
          {
            "X": 0.13869842886924744,
            "Y": 0.2733832895755768
          },
          {
            "X": 0.2868811786174774,
            "Y": 0.26277902722358704
          },
          {
            "X": 0.2861728072166443,
            "Y": 0.2821894586086273
          },
          {
            "X": 0.13795161247253418,
            "Y": 0.2923789918422699
          }
        ]
      },
      "Id": "746f50f9-b795-4378-9eb8-d327ffaac619",
      "Relationships": [
        {
          "Type": "CHILD",
          "Ids": [
            "33efbe56-3ffb-483a-b24f-cf2b176bced6",
            "6a941013-3d7f-4a38-bb12-2a829f14243c"
          ]
        }
      ],
      "Page": 1
    },
    {
      "BlockType": "LINE",
      "Confidence": 99.87989807128906,
      "Text": "5",
      "Geometry": {
        "BoundingBox": {
          "Width": 0.010656602680683136,
          "Height": 0.01357478741556406,
          "Left": 0.0012446100590750575,
          "Top": 0.2964387536048889
        },
        "Polygon": [
          {
            "X": 0.0017840568907558918,
            "Y": 0.29714131355285645
          },
          {
            "X": 0.011901212856173515,
            "Y": 0.2964387536048889
          },
          {
            "X": 0.01136342529207468,
            "Y": 0.309330552816391
          },
          {
            "X": 0.0012446100590750575,
            "Y": 0.3100135326385498
          }
        ]
      },
      "Id": "77a52a6a-f039-406a-91f5-ade8e1f6926a",
      "Relationships": [
        {
          "Type": "CHILD",
          "Ids": [
            "1494450f-839c-492d-97e2-75ba0c06b0f6"
          ]
        }
      ],
      "Page": 1
    },
    {
      "BlockType": "LINE",
      "Confidence": 99.9259033203125,
      "Text": "Amazon",
      "Geometry": {
        "BoundingBox": {
          "Width": 0.0871838629245758,
          "Height": 0.020675448700785637,
          "Left": 0.13733629882335663,
          "Top": 0.2898440659046173
        },
        "Polygon": [
          {
            "X": 0.13791675865650177,
            "Y": 0.29575422406196594
          },
          {
            "X": 0.22452016174793243,
            "Y": 0.2898440659046173
          },
          {
            "X": 0.22395692765712738,
            "Y": 0.30479785799980164
          },
          {
            "X": 0.13733629882335663,
            "Y": 0.3105195164680481
          }
        ]
      },
      "Id": "bb43c624-1ce4-4c7f-a51d-92a8a19c27a6",
      "Relationships": [
        {
          "Type": "CHILD",
          "Ids": [
            "73132a13-4da0-4be3-b90b-9812d94b0cdb"
          ]
        }
      ],
      "Page": 1
    },
    {
      "BlockType": "LINE",
      "Confidence": 98.82749938964844,
      "Text": "Ferramentas e grupos de ações",
      "Geometry": {
        "BoundingBox": {
          "Width": 0.21704711019992828,
          "Height": 0.026445522904396057,
          "Left": 0.46101808547973633,
          "Top": 0.27075648307800293
        },
        "Polygon": [
          {
            "X": 0.4614163637161255,
            "Y": 0.2851877212524414
          },
          {
            "X": 0.6780651807785034,
            "Y": 0.27075648307800293
          },
          {
            "X": 0.6777058839797974,
            "Y": 0.2831367254257202
          },
          {
            "X": 0.46101808547973633,
            "Y": 0.2972020208835602
          }
        ]
      },
      "Id": "55673a70-f9d6-48c5-9da5-de1d13129c71",
      "Relationships": [
        {
          "Type": "CHILD",
          "Ids": [
            "7948c655-7795-4d9a-87e7-2dd5fa207225",
            "2bc27755-d9f0-429e-9bd6-a1b60b8c97a6",
            "c5129cfa-7748-48cc-96ba-a08cafd44928",
            "dcc078e6-8685-4dcd-b952-58a04594f9e0",
            "c818140e-ffb9-4629-b249-cdf571667551"
          ]
        }
      ],
      "Page": 1
    },
    {
      "BlockType": "LINE",
      "Confidence": 99.85429382324219,
      "Text": "Bedrock",
      "Geometry": {
        "BoundingBox": {
          "Width": 0.1025993600487709,
          "Height": 0.022419625893235207,
          "Left": 0.1368773728609085,
          "Top": 0.31045404076576233
        },
        "Polygon": [
          {
            "X": 0.13749772310256958,
            "Y": 0.31709039211273193
          },
          {
            "X": 0.23947672545909882,
            "Y": 0.31045404076576233
          },
          {
            "X": 0.23887811601161957,
            "Y": 0.326474666595459
          },
          {
            "X": 0.1368773728609085,
            "Y": 0.3328736424446106
          }
        ]
      },
      "Id": "0d09f90f-8ea0-4a17-b5f0-17eaf95f62c8",
      "Relationships": [
        {
          "Type": "CHILD",
          "Ids": [
            "ab7e1c03-b09f-40d9-9350-7804544e689c"
          ]
        }
      ],
      "Page": 1
    },
    {
      "BlockType": "LINE",
      "Confidence": 98.988525390625,
      "Text": "Blocos de construção de agentes",
      "Geometry": {
        "BoundingBox": {
          "Width": 0.1867239624261856,
          "Height": 0.022732112556695938,
          "Left": 0.13291919231414795,
          "Top": 0.329338401556015
        },
        "Polygon": [
          {
            "X": 0.13336244225502014,
            "Y": 0.34081077575683594
          },
          {
            "X": 0.31964316964149475,
            "Y": 0.329338401556015
          },
          {
            "X": 0.3192287087440491,
            "Y": 0.3409077227115631
          },
          {
            "X": 0.13291919231414795,
            "Y": 0.35207051038742065
          }
        ]
      },
      "Id": "20ca23ed-e83c-4f5b-bbae-9cd80e911490",
      "Relationships": [
        {
          "Type": "CHILD",
          "Ids": [
            "26227fb1-e37b-4308-8b3d-3cad130e8064",
            "de29b51d-eea5-4251-8fac-3ce5feb1ae34",
            "16c770c6-70cc-483f-bb5f-95373b555f82",
            "30ee7a28-6035-48f5-9a3e-4e9dcfa0a72d",
            "9767a326-e33b-4fa8-a297-c927be88ec54"
          ]
        }
      ],
      "Page": 1
    },
    {
      "BlockType": "LINE",
      "Confidence": 93.2904052734375,
      "Text": "Rastreamento, depuração e",
      "Geometry": {
        "BoundingBox": {
          "Width": 0.18895217776298523,
          "Height": 0.022845558822155,
          "Left": 0.4444068372249603,
          "Top": 0.33283674716949463
        },
        "Polygon": [
          {
            "X": 0.44480225443840027,
            "Y": 0.3438534438610077
          },
          {
            "X": 0.6333590149879456,
            "Y": 0.33283674716949463
          },
          {
            "X": 0.6329966187477112,
            "Y": 0.34498023986816406
          },
          {
            "X": 0.4444068372249603,
            "Y": 0.35568228363990784
          }
        ]
      },
      "Id": "4066363d-388b-4aaa-99bf-6bde3f8df35d",
      "Relationships": [
        {
          "Type": "CHILD",
          "Ids": [
            "6c4ecdba-9167-4652-a4fe-464fd5721cc9",
            "6f705dbd-eac7-43aa-8e19-04d43ebe8764",
            "45e8fd8e-090b-4db0-9ee6-6d2a7830a8a2"
          ]
        }
      ],
      "Page": 1
    },
    {
      "BlockType": "LINE",
      "Confidence": 97.39946746826172,
      "Text": "observabilidade",
      "Geometry": {
        "BoundingBox": {
          "Width": 0.10675100982189178,
          "Height": 0.01616807095706463,
          "Left": 0.4435940980911255,
          "Top": 0.3512912690639496
        },
        "Polygon": [
          {
            "X": 0.4439335763454437,
            "Y": 0.35730570554733276
          },
          {
            "X": 0.5503451228141785,
            "Y": 0.3512912690639496
          },
          {
            "X": 0.5500213503837585,
            "Y": 0.3615973889827728
          },
          {
            "X": 0.4435940980911255,
            "Y": 0.36745932698249817
          }
        ]
      },
      "Id": "85c0ab14-b854-41b0-995e-bd136e7959ec",
      "Relationships": [
        {
          "Type": "CHILD",
          "Ids": [
            "a9094985-a5af-454b-a63e-01b1cdb8c2a0"
          ]
        }
      ],
      "Page": 1
    },
    {
      "BlockType": "LINE",
      "Confidence": 97.67411804199219,
      "Text": "Colaboração com vários",
      "Geometry": {
        "BoundingBox": {
          "Width": 0.1590752899646759,
          "Height": 0.019937789067626,
          "Left": 0.40688133239746094,
          "Top": 0.3938244879245758
        },
        "Polygon": [
          {
            "X": 0.4072883129119873,
            "Y": 0.4018295705318451
          },
          {
            "X": 0.5659566521644592,
            "Y": 0.3938244879245758
          },
          {
            "X": 0.5655772686004639,
            "Y": 0.40602603554725647
          },
          {
            "X": 0.40688133239746094,
            "Y": 0.41376227140426636
          }
        ]
      },
      "Id": "8afcbc78-4469-433d-9ce6-431251e51957",
      "Relationships": [
        {
          "Type": "CHILD",
          "Ids": [
            "04fef57b-7645-4880-a79b-1badfa898619",
            "5e7536cc-c52c-4354-8621-48080e6d3232",
            "2956cf8f-7341-4374-b060-d751c901cfa4"
          ]
        }
      ],
      "Page": 1
    },
    {
      "BlockType": "LINE",
      "Confidence": 99.23418426513672,
      "Text": "agentes",
      "Geometry": {
        "BoundingBox": {
          "Width": 0.05129960551857948,
          "Height": 0.012648943811655045,
          "Left": 0.40606528520584106,
          "Top": 0.41383519768714905
        },
        "Polygon": [
          {
            "X": 0.40641266107559204,
            "Y": 0.4163007438182831
          },
          {
            "X": 0.45736488699913025,
            "Y": 0.41383519768714905
          },
          {
            "X": 0.4570249021053314,
            "Y": 0.4240923523902893
          },
          {
            "X": 0.40606528520584106,
            "Y": 0.4264841675758362
          }
        ]
      },
      "Id": "e19db517-fe26-468a-88fb-c1dc9cd24253",
      "Relationships": [
        {
          "Type": "CHILD",
          "Ids": [
            "eb8e0ec4-4f06-47b3-b691-cc72216590af"
          ]
        }
      ],
      "Page": 1
    },
    {
      "BlockType": "WORD",
      "Confidence": 99.59906005859375,
      "Text": "Escolha",
      "TextType": "PRINTED",
      "Geometry": {
        "BoundingBox": {
          "Width": 0.04862315207719803,
          "Height": 0.013855407945811749,
          "Left": 0.42348596453666687,
          "Top": 0.16392481327056885
        },
        "Polygon": [
          {
            "X": 0.42381906509399414,
            "Y": 0.16796603798866272
          },
          {
            "X": 0.4721091091632843,
            "Y": 0.16392481327056885
          },
          {
            "X": 0.4717828333377838,
            "Y": 0.173805832862854
          },
          {
            "X": 0.42348596453666687,
            "Y": 0.17778021097183228
          }
        ]
      },
      "Id": "2d0ca69c-eb7c-417e-842c-9abcd44b442e",
      "Page": 1
    },
    {
      "BlockType": "WORD",
      "Confidence": 99.83312225341797,
      "Text": "do",
      "TextType": "PRINTED",
      "Geometry": {
        "BoundingBox": {
          "Width": 0.017437320202589035,
          "Height": 0.010573756881058216,
          "Left": 0.47578081488609314,
          "Top": 0.16210906207561493
        },
        "Polygon": [
          {
            "X": 0.476081907749176,
            "Y": 0.16354325413703918
          },
          {
            "X": 0.4932181239128113,
            "Y": 0.16210906207561493
          },
          {
            "X": 0.49291929602622986,
            "Y": 0.17127054929733276
          },
          {
            "X": 0.47578081488609314,
            "Y": 0.17268282175064087
          }
        ]
      },
      "Id": "60ff2257-7edc-4f52-9f9b-b7e275fe7b02",
      "Page": 1
    },
    {
      "BlockType": "WORD",
      "Confidence": 99.58736419677734,
      "Text": "modelo",
      "TextType": "PRINTED",
      "Geometry": {
        "BoundingBox": {
          "Width": 0.05159974470734596,
          "Height": 0.013931488618254662,
          "Left": 0.4969765841960907,
          "Top": 0.15637649595737457
        },
        "Polygon": [
          {
            "X": 0.4972900152206421,
            "Y": 0.1606767326593399
          },
          {
            "X": 0.5485763549804688,
            "Y": 0.15637649595737457
          },
          {
            "X": 0.5482701659202576,
            "Y": 0.1660766899585724
          },
          {
            "X": 0.4969765841960907,
            "Y": 0.1703079789876938
          }
        ]
      },
      "Id": "ec466135-3b81-4c5d-a9a3-4060a0faf96f",
      "Page": 1
    },
    {
      "BlockType": "WORD",
      "Confidence": 99.86421966552734,
      "Text": "de",
      "TextType": "PRINTED",
      "Geometry": {
        "BoundingBox": {
          "Width": 0.016752030700445175,
          "Height": 0.010568114928901196,
          "Left": 0.5527191758155823,
          "Top": 0.15435117483139038
        },
        "Polygon": [
          {
            "X": 0.5530083775520325,
            "Y": 0.1557321697473526
          },
          {
            "X": 0.5694711804389954,
            "Y": 0.15435117483139038
          },
          {
            "X": 0.5691842436790466,
            "Y": 0.163559228181839
          },
          {
            "X": 0.5527191758155823,
            "Y": 0.16491928696632385
          }
        ]
      },
      "Id": "e935b926-7521-484a-b334-6642df6b0320",
      "Page": 1
    },
    {
      "BlockType": "WORD",
      "Confidence": 99.94085693359375,
      "Text": "base",
      "TextType": "PRINTED",
      "Geometry": {
        "BoundingBox": {
          "Width": 0.03186635300517082,
          "Height": 0.011748338118195534,
          "Left": 0.5739306211471558,
          "Top": 0.1509219855070114
        },
        "Polygon": [
          {
            "X": 0.5742133259773254,
            "Y": 0.15357308089733124
          },
          {
            "X": 0.6057969927787781,
            "Y": 0.1509219855070114
          },
          {
            "X": 0.6055185794830322,
            "Y": 0.1600588858127594
          },
          {
            "X": 0.5739306211471558,
            "Y": 0.1626703292131424
          }
        ]
      },
      "Id": "9e35b8fe-e6da-4970-b36d-a8ea7dc0d0dc",
      "Page": 1
    },
    {
      "BlockType": "WORD",
      "Confidence": 56.87971115112305,
      "Text": "Memória,",
      "TextType": "PRINTED",
      "Geometry": {
        "BoundingBox": {
          "Width": 0.06123208999633789,
          "Height": 0.015087557025253773,
          "Left": 0.45333588123321533,
          "Top": 0.2082788497209549
        },
        "Polygon": [
          {
            "X": 0.45368272066116333,
            "Y": 0.21296343207359314
          },
          {
            "X": 0.5145679712295532,
            "Y": 0.2082788497209549
          },
          {
            "X": 0.5142303109169006,
            "Y": 0.2187708467245102
          },
          {
            "X": 0.45333588123321533,
            "Y": 0.2233664095401764
          }
        ]
      },
      "Id": "8c7ea03a-17ea-420e-9064-f9e7ebbdc762",
      "Page": 1
    },
    {
      "BlockType": "WORD",
      "Confidence": 99.89543914794922,
      "Text": "bases",
      "TextType": "PRINTED",
      "Geometry": {
        "BoundingBox": {
          "Width": 0.03804723545908928,
          "Height": 0.012591416016221046,
          "Left": 0.5189809203147888,
          "Top": 0.20463167130947113
        },
        "Polygon": [
          {
            "X": 0.5192917585372925,
            "Y": 0.20753715932369232
          },
          {
            "X": 0.5570281147956848,
            "Y": 0.20463167130947113
          },
          {
            "X": 0.5567226409912109,
            "Y": 0.21436849236488342
          },
          {
            "X": 0.5189809203147888,
            "Y": 0.21722309291362762
          }
        ]
      },
      "Id": "1d041b05-c7c5-4292-9f94-acf76682fbf0",
      "Page": 1
    },
    {
      "BlockType": "WORD",
      "Confidence": 99.85992431640625,
      "Text": "de",
      "TextType": "PRINTED",
      "Geometry": {
        "BoundingBox": {
          "Width": 0.016912266612052917,
          "Height": 0.011102056130766869,
          "Left": 0.5610874891281128,
          "Top": 0.20244655013084412
        },
        "Polygon": [
          {
            "X": 0.5613948702812195,
            "Y": 0.2037263661623001
          },
          {
            "X": 0.5779997706413269,
            "Y": 0.20244655013084412
          },
          {
            "X": 0.577694833278656,
            "Y": 0.21229137480258942
          },
          {
            "X": 0.5610874891281128,
            "Y": 0.21354860067367554
          }
        ]
      },
      "Id": "41c68e4f-cefd-427d-9d5d-9a86f0eb1ccd",
      "Page": 1
    },
    {
      "BlockType": "WORD",
      "Confidence": 95.05882263183594,
      "Text": "conhecimento,",
      "TextType": "PRINTED",
      "Geometry": {
        "BoundingBox": {
          "Width": 0.10668719559907913,
          "Height": 0.01872982829809189,
          "Left": 0.5820786356925964,
          "Top": 0.1936144381761551
        },
        "Polygon": [
          {
            "X": 0.582403838634491,
            "Y": 0.20181649923324585
          },
          {
            "X": 0.688765823841095,
            "Y": 0.1936144381761551
          },
          {
            "X": 0.6884574890136719,
            "Y": 0.20429672300815582
          },
          {
            "X": 0.5820786356925964,
            "Y": 0.21234425902366638
          }
        ]
      },
      "Id": "a780356d-e565-4c9a-9c9d-860e9a8b9a44",
      "Page": 1
    },
    {
      "BlockType": "WORD",
      "Confidence": 99.21806335449219,
      "Text": "ud",
      "TextType": "PRINTED",
      "Geometry": {
        "BoundingBox": {
          "Width": 0.02240097150206566,
          "Height": 0.015075712464749813,
          "Left": 0,
          "Top": 0.25451385974884033
        },
        "Polygon": [
          {
            "X": 0.0004622886481229216,
            "Y": 0.2561740577220917
          },
          {
            "X": 0.02240097150206566,
            "Y": 0.25451385974884033
          },
          {
            "X": 0.02184174209833145,
            "Y": 0.2679736018180847
          },
          {
            "X": 0,
            "Y": 0.2695895731449127
          }
        ]
      },
      "Id": "9df56ac2-a5e9-4b61-8c3c-96dcb918d8a9",
      "Page": 1
    },
    {
      "BlockType": "WORD",
      "Confidence": 98.88542938232422,
      "Text": "barreiras",
      "TextType": "PRINTED",
      "Geometry": {
        "BoundingBox": {
          "Width": 0.05822444334626198,
          "Height": 0.013644622638821602,
          "Left": 0.45260730385780334,
          "Top": 0.22256998717784882
        },
        "Polygon": [
          {
            "X": 0.45291754603385925,
            "Y": 0.226911723613739
          },
          {
            "X": 0.5108317732810974,
            "Y": 0.22256998717784882
          },
          {
            "X": 0.5105293393135071,
            "Y": 0.2319486141204834
          },
          {
            "X": 0.45260730385780334,
            "Y": 0.23621460795402527
          }
        ]
      },
      "Id": "4b3fe515-4bd9-40e8-939a-1f26924b41d9",
      "Page": 1
    },
    {
      "BlockType": "WORD",
      "Confidence": 99.85658264160156,
      "Text": "de",
      "TextType": "PRINTED",
      "Geometry": {
        "BoundingBox": {
          "Width": 0.016553040593862534,
          "Height": 0.010626494884490967,
          "Left": 0.5146993398666382,
          "Top": 0.2205279916524887
        },
        "Polygon": [
          {
            "X": 0.5150019526481628,
            "Y": 0.22174744307994843
          },
          {
            "X": 0.531252384185791,
            "Y": 0.2205279916524887
          },
          {
            "X": 0.5309520363807678,
            "Y": 0.22995635867118835
          },
          {
            "X": 0.5146993398666382,
            "Y": 0.23115450143814087
          }
        ]
      },
      "Id": "b0f57a07-6d66-4e08-ad8c-c2b0eff986a6",
      "Page": 1
    },
    {
      "BlockType": "WORD",
      "Confidence": 93.20608520507812,
      "Text": "proteção",
      "TextType": "PRINTED",
      "Geometry": {
        "BoundingBox": {
          "Width": 0.06170286983251572,
          "Height": 0.01638527773320675,
          "Left": 0.535378098487854,
          "Top": 0.21523389220237732
        },
        "Polygon": [
          {
            "X": 0.5357523560523987,
            "Y": 0.21983903646469116
          },
          {
            "X": 0.5970809459686279,
            "Y": 0.21523389220237732
          },
          {
            "X": 0.596717357635498,
            "Y": 0.22711442410945892
          },
          {
            "X": 0.535378098487854,
            "Y": 0.23161917924880981
          }
        ]
      },
      "Id": "c84651fd-45a1-4dba-86f1-a3f79287296b",
      "Page": 1
    },
    {
      "BlockType": "WORD",
      "Confidence": 96.33831024169922,
      "Text": "erience",
      "TextType": "PRINTED",
      "Geometry": {
        "BoundingBox": {
          "Width": 0.06500296294689178,
          "Height": 0.018351785838603973,
          "Left": 0.00016784168838057667,
          "Top": 0.2717127203941345
        },
        "Polygon": [
          {
            "X": 0.0007413866696879268,
            "Y": 0.27639055252075195
          },
          {
            "X": 0.06517080962657928,
            "Y": 0.2717127203941345
          },
          {
            "X": 0.0646086260676384,
            "Y": 0.28551921248435974
          },
          {
            "X": 0.00016784168838057667,
            "Y": 0.2900645136833191
          }
        ]
      },
      "Id": "04d3dfbc-3c34-4640-bd60-ba002dc817eb",
      "Page": 1
    },
    {
      "BlockType": "WORD",
      "Confidence": 99.63977813720703,
      "Text": "Agentes",
      "TextType": "PRINTED",
      "Geometry": {
        "BoundingBox": {
          "Width": 0.10222793370485306,
          "Height": 0.02625790424644947,
          "Left": 0.13795161247253418,
          "Top": 0.2661210894584656
        },
        "Polygon": [
          {
            "X": 0.13869842886924744,
            "Y": 0.2733832895755768
          },
          {
            "X": 0.24017955362796783,
            "Y": 0.2661210894584656
          },
          {
            "X": 0.2394588142633438,
            "Y": 0.2854008376598358
          },
          {
            "X": 0.13795161247253418,
            "Y": 0.2923789918422699
          }
        ]
      },
      "Id": "33efbe56-3ffb-483a-b24f-cf2b176bced6",
      "Page": 1
    },
    {
      "BlockType": "WORD",
      "Confidence": 99.87040710449219,
      "Text": "no",
      "TextType": "PRINTED",
      "Geometry": {
        "BoundingBox": {
          "Width": 0.02965109795331955,
          "Height": 0.01427205465734005,
          "Left": 0.25714030861854553,
          "Top": 0.2652392089366913
        },
        "Polygon": [
          {
            "X": 0.2575920522212982,
            "Y": 0.26731833815574646
          },
          {
            "X": 0.2867914140224457,
            "Y": 0.2652392089366913
          },
          {
            "X": 0.2863445580005646,
            "Y": 0.27748367190361023
          },
          {
            "X": 0.25714030861854553,
            "Y": 0.2795112729072571
          }
        ]
      },
      "Id": "6a941013-3d7f-4a38-bb12-2a829f14243c",
      "Page": 1
    },
    {
      "BlockType": "WORD",
      "Confidence": 99.87989807128906,
      "Text": "5",
      "TextType": "PRINTED",
      "Geometry": {
        "BoundingBox": {
          "Width": 0.010656602680683136,
          "Height": 0.01357478741556406,
          "Left": 0.0012446100590750575,
          "Top": 0.2964387536048889
        },
        "Polygon": [
          {
            "X": 0.0017840568907558918,
            "Y": 0.29714131355285645
          },
          {
            "X": 0.011901212856173515,
            "Y": 0.2964387536048889
          },
          {
            "X": 0.01136342529207468,
            "Y": 0.309330552816391
          },
          {
            "X": 0.0012446100590750575,
            "Y": 0.3100135326385498
          }
        ]
      },
      "Id": "1494450f-839c-492d-97e2-75ba0c06b0f6",
      "Page": 1
    },
    {
      "BlockType": "WORD",
      "Confidence": 99.9259033203125,
      "Text": "Amazon",
      "TextType": "PRINTED",
      "Geometry": {
        "BoundingBox": {
          "Width": 0.0871838629245758,
          "Height": 0.020675448700785637,
          "Left": 0.13733629882335663,
          "Top": 0.2898440659046173
        },
        "Polygon": [
          {
            "X": 0.13791675865650177,
            "Y": 0.29575422406196594
          },
          {
            "X": 0.22452016174793243,
            "Y": 0.2898440659046173
          },
          {
            "X": 0.22395692765712738,
            "Y": 0.30479785799980164
          },
          {
            "X": 0.13733629882335663,
            "Y": 0.3105195164680481
          }
        ]
      },
      "Id": "73132a13-4da0-4be3-b90b-9812d94b0cdb",
      "Page": 1
    },
    {
      "BlockType": "WORD",
      "Confidence": 99.3433837890625,
      "Text": "Ferramentas",
      "TextType": "PRINTED",
      "Geometry": {
        "BoundingBox": {
          "Width": 0.08446301519870758,
          "Height": 0.014965961687266827,
          "Left": 0.46107858419418335,
          "Top": 0.2804113030433655
        },
        "Polygon": [
          {
            "X": 0.4613891839981079,
            "Y": 0.28600701689720154
          },
          {
            "X": 0.5455415844917297,
            "Y": 0.2804113030433655
          },
          {
            "X": 0.5452424883842468,
            "Y": 0.28989240527153015
          },
          {
            "X": 0.46107858419418335,
            "Y": 0.295377254486084
          }
        ]
      },
      "Id": "7948c655-7795-4d9a-87e7-2dd5fa207225",
      "Page": 1
    },
    {
      "BlockType": "WORD",
      "Confidence": 99.5705337524414,
      "Text": "e",
      "TextType": "PRINTED",
      "Geometry": {
        "BoundingBox": {
          "Width": 0.008109078742563725,
          "Height": 0.007627802435308695,
          "Left": 0.5495166182518005,
          "Top": 0.28139376640319824
        },
        "Polygon": [
          {
            "X": 0.549740195274353,
            "Y": 0.28191614151000977
          },
          {
            "X": 0.5576257109642029,
            "Y": 0.28139376640319824
          },
          {
            "X": 0.5574029088020325,
            "Y": 0.28850695490837097
          },
          {
            "X": 0.5495166182518005,
            "Y": 0.2890215516090393
          }
        ]
      },
      "Id": "2bc27755-d9f0-429e-9bd6-a1b60b8c97a6",
      "Page": 1
    },
    {
      "BlockType": "WORD",
      "Confidence": 99.71310424804688,
      "Text": "grupos",
      "TextType": "PRINTED",
      "Geometry": {
        "BoundingBox": {
          "Width": 0.048823609948158264,
          "Height": 0.013135829009115696,
          "Left": 0.5613827705383301,
          "Top": 0.27755147218704224
        },
        "Polygon": [
          {
            "X": 0.5616926550865173,
            "Y": 0.2807677090167999
          },
          {
            "X": 0.6102063655853271,
            "Y": 0.27755147218704224
          },
          {
            "X": 0.6099036335945129,
            "Y": 0.2875377833843231
          },
          {
            "X": 0.5613827705383301,
            "Y": 0.29068729281425476
          }
        ]
      },
      "Id": "c5129cfa-7748-48cc-96ba-a08cafd44928",
      "Page": 1
    },
    {
      "BlockType": "WORD",
      "Confidence": 99.7463150024414,
      "Text": "de",
      "TextType": "PRINTED",
      "Geometry": {
        "BoundingBox": {
          "Width": 0.01778198406100273,
          "Height": 0.010980230756103992,
          "Left": 0.6149988174438477,
          "Top": 0.2737729549407959
        },
        "Polygon": [
          {
            "X": 0.61529541015625,
            "Y": 0.2749376595020294
          },
          {
            "X": 0.6327807903289795,
            "Y": 0.2737729549407959
          },
          {
            "X": 0.6324867010116577,
            "Y": 0.28361207246780396
          },
          {
            "X": 0.6149988174438477,
            "Y": 0.2847531735897064
          }
        ]
      },
      "Id": "dcc078e6-8685-4dcd-b952-58a04594f9e0",
      "Page": 1
    },
    {
      "BlockType": "WORD",
      "Confidence": 95.76416015625,
      "Text": "ações",
      "TextType": "PRINTED",
      "Geometry": {
        "BoundingBox": {
          "Width": 0.041265979409217834,
          "Height": 0.014614945277571678,
          "Left": 0.6367911696434021,
          "Top": 0.271033376455307
        },
        "Polygon": [
          {
            "X": 0.6371455788612366,
            "Y": 0.2737569808959961
          },
          {
            "X": 0.6780571341514587,
            "Y": 0.271033376455307
          },
          {
            "X": 0.6777101159095764,
            "Y": 0.2829914391040802
          },
          {
            "X": 0.6367911696434021,
            "Y": 0.28564831614494324
          }
        ]
      },
      "Id": "c818140e-ffb9-4629-b249-cdf571667551",
      "Page": 1
    },
    {
      "BlockType": "WORD",
      "Confidence": 99.85429382324219,
      "Text": "Bedrock",
      "TextType": "PRINTED",
      "Geometry": {
        "BoundingBox": {
          "Width": 0.1025993600487709,
          "Height": 0.022419625893235207,
          "Left": 0.1368773728609085,
          "Top": 0.31045404076576233
        },
        "Polygon": [
          {
            "X": 0.13749772310256958,
            "Y": 0.31709039211273193
          },
          {
            "X": 0.23947672545909882,
            "Y": 0.31045404076576233
          },
          {
            "X": 0.23887811601161957,
            "Y": 0.326474666595459
          },
          {
            "X": 0.1368773728609085,
            "Y": 0.3328736424446106
          }
        ]
      },
      "Id": "ab7e1c03-b09f-40d9-9350-7804544e689c",
      "Page": 1
    },
    {
      "BlockType": "WORD",
      "Confidence": 99.74445343017578,
      "Text": "Blocos",
      "TextType": "PRINTED",
      "Geometry": {
        "BoundingBox": {
          "Width": 0.034871358424425125,
          "Height": 0.010583488270640373,
          "Left": 0.13302376866340637,
          "Top": 0.33883070945739746
        },
        "Polygon": [
          {
            "X": 0.13335667550563812,
            "Y": 0.34095704555511475
          },
          {
            "X": 0.1678951233625412,
            "Y": 0.33883070945739746
          },
          {
            "X": 0.16756609082221985,
            "Y": 0.3473309576511383
          },
          {
            "X": 0.13302376866340637,
            "Y": 0.349414199590683
          }
        ]
      },
      "Id": "26227fb1-e37b-4308-8b3d-3cad130e8064",
      "Page": 1
    },
    {
      "BlockType": "WORD",
      "Confidence": 99.86748504638672,
      "Text": "de",
      "TextType": "PRINTED",
      "Geometry": {
        "BoundingBox": {
          "Width": 0.013843359425663948,
          "Height": 0.009564008563756943,
          "Left": 0.1713998019695282,
          "Top": 0.33761563897132874
        },
        "Polygon": [
          {
            "X": 0.1717371791601181,
            "Y": 0.3384474217891693
          },
          {
            "X": 0.185243159532547,
            "Y": 0.33761563897132874
          },
          {
            "X": 0.18490736186504364,
            "Y": 0.34636515378952026
          },
          {
            "X": 0.1713998019695282,
            "Y": 0.347179651260376
          }
        ]
      },
      "Id": "de29b51d-eea5-4251-8fac-3ce5feb1ae34",
      "Page": 1
    },
    {
      "BlockType": "WORD",
      "Confidence": 96.0040512084961,
      "Text": "construção",
      "TextType": "PRINTED",
      "Geometry": {
        "BoundingBox": {
          "Width": 0.06228778883814812,
          "Height": 0.014789596199989319,
          "Left": 0.18852448463439941,
          "Top": 0.3337436318397522
        },
        "Polygon": [
          {
            "X": 0.18894514441490173,
            "Y": 0.3375523090362549
          },
          {
            "X": 0.25081226229667664,
            "Y": 0.3337436318397522
          },
          {
            "X": 0.2504008412361145,
            "Y": 0.34482401609420776
          },
          {
            "X": 0.18852448463439941,
            "Y": 0.3485332131385803
          }
        ]
      },
      "Id": "16c770c6-70cc-483f-bb5f-95373b555f82",
      "Page": 1
    },
    {
      "BlockType": "WORD",
      "Confidence": 99.88082122802734,
      "Text": "de",
      "TextType": "PRINTED",
      "Geometry": {
        "BoundingBox": {
          "Width": 0.014667047187685966,
          "Height": 0.009889869019389153,
          "Left": 0.25421249866485596,
          "Top": 0.3328082859516144
        },
        "Polygon": [
          {
            "X": 0.2545463442802429,
            "Y": 0.3336903154850006
          },
          {
            "X": 0.26887956261634827,
            "Y": 0.3328082859516144
          },
          {
            "X": 0.2685474753379822,
            "Y": 0.3418348729610443
          },
          {
            "X": 0.25421249866485596,
            "Y": 0.3426981568336487
          }
        ]
      },
      "Id": "30ee7a28-6035-48f5-9a3e-4e9dcfa0a72d",
      "Page": 1
    },
    {
      "BlockType": "WORD",
      "Confidence": 99.44581604003906,
      "Text": "agentes",
      "TextType": "PRINTED",
      "Geometry": {
        "BoundingBox": {
          "Width": 0.04733269289135933,
          "Height": 0.013123725540935993,
          "Left": 0.27226534485816956,
          "Top": 0.33059781789779663
        },
        "Polygon": [
          {
            "X": 0.2726413309574127,
            "Y": 0.33348119258880615
          },
          {
            "X": 0.3195980489253998,
            "Y": 0.33059781789779663
          },
          {
            "X": 0.3192287087440491,
            "Y": 0.3409077227115631
          },
          {
            "X": 0.27226534485816956,
            "Y": 0.34372153878211975
          }
        ]
      },
      "Id": "9767a326-e33b-4fa8-a297-c927be88ec54",
      "Page": 1
    },
    {
      "BlockType": "WORD",
      "Confidence": 92.96870422363281,
      "Text": "Rastreamento,",
      "TextType": "PRINTED",
      "Geometry": {
        "BoundingBox": {
          "Width": 0.09741003811359406,
          "Height": 0.016663717105984688,
          "Left": 0.4444347321987152,
          "Top": 0.33818358182907104
        },
        "Polygon": [
          {
            "X": 0.44480225443840027,
            "Y": 0.3438534438610077
          },
          {
            "X": 0.5418447852134705,
            "Y": 0.33818358182907104
          },
          {
            "X": 0.5414928197860718,
            "Y": 0.3493279814720154
          },
          {
            "X": 0.4444347321987152,
            "Y": 0.3548473119735718
          }
        ]
      },
      "Id": "6c4ecdba-9167-4652-a4fe-464fd5721cc9",
      "Page": 1
    },
    {
      "BlockType": "WORD",
      "Confidence": 87.33686065673828,
      "Text": "depuração",
      "TextType": "PRINTED",
      "Geometry": {
        "BoundingBox": {
          "Width": 0.0738619789481163,
          "Height": 0.016102401539683342,
          "Left": 0.5461887717247009,
          "Top": 0.3338039815425873
        },
        "Polygon": [
          {
            "X": 0.5465607047080994,
            "Y": 0.3380958139896393
          },
          {
            "X": 0.6200507283210754,
            "Y": 0.3338039815425873
          },
          {
            "X": 0.6196916699409485,
            "Y": 0.3457352817058563
          },
          {
            "X": 0.5461887717247009,
            "Y": 0.34990638494491577
          }
        ]
      },
      "Id": "6f705dbd-eac7-43aa-8e19-04d43ebe8764",
      "Page": 1
    },
    {
      "BlockType": "WORD",
      "Confidence": 99.56565856933594,
      "Text": "e",
      "TextType": "PRINTED",
      "Geometry": {
        "BoundingBox": {
          "Width": 0.008541489019989967,
          "Height": 0.007614705245941877,
          "Left": 0.6247299313545227,
          "Top": 0.3357725441455841
        },
        "Polygon": [
          {
            "X": 0.6249438524246216,
            "Y": 0.3362556993961334
          },
          {
            "X": 0.6332713961601257,
            "Y": 0.3357725441455841
          },
          {
            "X": 0.6330583095550537,
            "Y": 0.3429122269153595
          },
          {
            "X": 0.6247299313545227,
            "Y": 0.343387246131897
          }
        ]
      },
      "Id": "45e8fd8e-090b-4db0-9ee6-6d2a7830a8a2",
      "Page": 1
    },
    {
      "BlockType": "WORD",
      "Confidence": 97.39946746826172,
      "Text": "observabilidade",
      "TextType": "PRINTED",
      "Geometry": {
        "BoundingBox": {
          "Width": 0.10675100982189178,
          "Height": 0.01616807095706463,
          "Left": 0.4435940980911255,
          "Top": 0.3512912690639496
        },
        "Polygon": [
          {
            "X": 0.4439335763454437,
            "Y": 0.35730570554733276
          },
          {
            "X": 0.5503451228141785,
            "Y": 0.3512912690639496
          },
          {
            "X": 0.5500213503837585,
            "Y": 0.3615973889827728
          },
          {
            "X": 0.4435940980911255,
            "Y": 0.36745932698249817
          }
        ]
      },
      "Id": "a9094985-a5af-454b-a63e-01b1cdb8c2a0",
      "Page": 1
    },
    {
      "BlockType": "WORD",
      "Confidence": 96.31307220458984,
      "Text": "Colaboração",
      "TextType": "PRINTED",
      "Geometry": {
        "BoundingBox": {
          "Width": 0.08091621845960617,
          "Height": 0.01599452644586563,
          "Left": 0.40688133239746094,
          "Top": 0.3977677524089813
        },
        "Polygon": [
          {
            "X": 0.4072883129119873,
            "Y": 0.4018295705318451
          },
          {
            "X": 0.4877975583076477,
            "Y": 0.3977677524089813
          },
          {
            "X": 0.48740437626838684,
            "Y": 0.40983685851097107
          },
          {
            "X": 0.40688133239746094,
            "Y": 0.41376227140426636
          }
        ]
      },
      "Id": "04fef57b-7645-4880-a79b-1badfa898619",
      "Page": 1
    },
    {
      "BlockType": "WORD",
      "Confidence": 99.7018051147461,
      "Text": "com",
      "TextType": "PRINTED",
      "Geometry": {
        "BoundingBox": {
          "Width": 0.02840505726635456,
          "Height": 0.009012007154524326,
          "Left": 0.49203982949256897,
          "Top": 0.39926671981811523
        },
        "Polygon": [
          {
            "X": 0.4922868609428406,
            "Y": 0.40067487955093384
          },
          {
            "X": 0.5204448699951172,
            "Y": 0.39926671981811523
          },
          {
            "X": 0.5202009677886963,
            "Y": 0.4069006145000458
          },
          {
            "X": 0.49203982949256897,
            "Y": 0.4082787334918976
          }
        ]
      },
      "Id": "5e7536cc-c52c-4354-8621-48080e6d3232",
      "Page": 1
    },
    {
      "BlockType": "WORD",
      "Confidence": 97.00747680664062,
      "Text": "vários",
      "TextType": "PRINTED",
      "Geometry": {
        "BoundingBox": {
          "Width": 0.041416287422180176,
          "Height": 0.01174031849950552,
          "Left": 0.5244878530502319,
          "Top": 0.3955129384994507
        },
        "Polygon": [
          {
            "X": 0.5247962474822998,
            "Y": 0.3975772261619568
          },
          {
            "X": 0.5659041404724121,
            "Y": 0.3955129384994507
          },
          {
            "X": 0.5656015872955322,
            "Y": 0.40524452924728394
          },
          {
            "X": 0.5244878530502319,
            "Y": 0.4072532653808594
          }
        ]
      },
      "Id": "2956cf8f-7341-4374-b060-d751c901cfa4",
      "Page": 1
    },
    {
      "BlockType": "WORD",
      "Confidence": 99.23418426513672,
      "Text": "agentes",
      "TextType": "PRINTED",
      "Geometry": {
        "BoundingBox": {
          "Width": 0.05129960551857948,
          "Height": 0.012648943811655045,
          "Left": 0.40606528520584106,
          "Top": 0.41383519768714905
        },
        "Polygon": [
          {
            "X": 0.40641266107559204,
            "Y": 0.4163007438182831
          },
          {
            "X": 0.45736488699913025,
            "Y": 0.41383519768714905
          },
          {
            "X": 0.4570249021053314,
            "Y": 0.4240923523902893
          },
          {
            "X": 0.40606528520584106,
            "Y": 0.4264841675758362
          }
        ]
      },
      "Id": "eb8e0ec4-4f06-47b3-b691-cc72216590af",
      "Page": 1
    }
  ],
  "DetectDocumentTextModelVersion": "1.0"
}