{
  "DocumentMetadata": {
    "Pages": 1
  },
  "JobStatus": "SUCCEEDED",
  "Blocks": [
    {
      "BlockType": "PAGE",
      "Geometry": {
        "BoundingBox": {
          "Width": 1,
          "Height": 1,
          "Left": 0,
          "Top": 0
        },
        "Polygon": [
          {
            "X": 5.1123794975183046e-8,
            "Y": 0
          },
          {
            "X": 1,
            "Y": 0
          },
          {
            "X": 1,
            "Y": 1
          },
          {
            "X": 0,
            "Y": 1
          }
        ]
      },
      "Id": "043d79a0-ddcc-41f4-9acb-cc619effda7a",
      "Relationships": [
        {
          "Type": "CHILD",
          "Ids": [
            "381270f5-5117-4e8b-a771-7f1cd4cb873b",
            "ebc2b5d1-a61f-463e-8dc9-019b71349c03",
            "a7b1bb43-586e-4817-9df7-d3fccef8f66b",
            "05f791ad-11db-4a99-80cc-61710891a665",
            "8ed87e06-5c3b-4aac-bce6-6e3675069a50",
            "ed60aea5-3dc9-4278-ab40-4255af2ad216",
            "d98ee190-676d-4e76-b992-4427526f746c",
            "c513b3a4-73d9-4522-91c3-a37b9de5fa60",
            "d164f861-0c3b-4319-a9ab-d0cd437778cb",
            "b4e1a4a6-de67-4bfd-be11-6bfdcfab2b74",
            "48d12e3c-bfee-408e-97fb-91c46ece41ba",
            "d19ba8f6-3270-4d1d-a16f-5f668a33336f",
            "8ac9bc5e-bf44-43b3-b96e-286e3e6257e3",
            "479e3316-60a3-4e68-b723-11c42b499c12",
            "6e8f65a0-7b0a-42d9-b9e7-e123e3b493fd",
            "33d1a3a7-5fb9-4020-8457-aac11b9316fa",
            "72c2bb01-7c53-41d5-9d02-e32ad267ac15",
            "9f002cd1-f442-4030-9987-0771bcb085a2",
            "a048dbde-db22-4bf2-a95f-9f9f15418647",
            "96a8de31-fa6f-48d0-9848-996eb0a07bb6",
            "4989499c-78ff-49e9-ae7d-2e42053448e4",
            "01930d52-3c4c-48af-927e-7e9a50ae3c30",
            "a794d23b-2ec7-4fed-9b76-e998c2ffd118",
            "59ff8b9b-b2b9-4740-aa77-b0913d1ce938",
            "8b9754f6-8c76-477f-8383-4b3eae0128f6",
            "d0589839-1710-4abb-95c1-c5fb981caa2c",
            "41bd8264-f263-48df-969c-14a5bedd4e1d",
            "8287a109-0c77-4229-bbab-1a3634c2a4b2"
          ]
        }
      ],
      "Page": 1
    },
    {
      "BlockType": "LINE",
      "Confidence": 77.18376159667969,
      "Text": "aws",
      "Geometry": {
        "BoundingBox": {
          "Width": 0.04287996515631676,
          "Height": 0.012964891269803047,
          "Left": 0.6331084966659546,
          "Top": 0.2164931744337082
        },
        "Polygon": [
          {
            "X": 0.6334899067878723,
            "Y": 0.21838690340518951
          },
          {
            "X": 0.675988495349884,
            "Y": 0.2164931744337082
          },
          {
            "X": 0.6755874156951904,
            "Y": 0.22759482264518738
          },
          {
            "X": 0.6331084966659546,
            "Y": 0.2294580638408661
          }
        ]
      },
      "Id": "381270f5-5117-4e8b-a771-7f1cd4cb873b",
      "Relationships": [
        {
          "Type": "CHILD",
          "Ids": [
            "3363236b-e2f2-4a8b-be98-6d79ba5266cb"
          ]
        }
      ],
      "Page": 1
    },
    {
      "BlockType": "LINE",
      "Confidence": 95.79732513427734,
      "Text": "Cloud",
      "Geometry": {
        "BoundingBox": {
          "Width": 0.023163361474871635,
          "Height": 0.0065216487273573875,
          "Left": 0.7024988532066345,
          "Top": 0.21239681541919708
        },
        "Polygon": [
          {
            "X": 0.7027031779289246,
            "Y": 0.21342258155345917
          },
          {
            "X": 0.7256622314453125,
            "Y": 0.21239681541919708
          },
          {
            "X": 0.7254526615142822,
            "Y": 0.2179008573293686
          },
          {
            "X": 0.7024988532066345,
            "Y": 0.21891847252845764
          }
        ]
      },
      "Id": "ebc2b5d1-a61f-463e-8dc9-019b71349c03",
      "Relationships": [
        {
          "Type": "CHILD",
          "Ids": [
            "13cc4834-36a3-4df1-bdeb-2bfa9d0d59c5"
          ]
        }
      ],
      "Page": 1
    },
    {
      "BlockType": "LINE",
      "Confidence": 99.71971893310547,
      "Text": "Experience",
      "Geometry": {
        "BoundingBox": {
          "Width": 0.04366914555430412,
          "Height": 0.00823232252150774,
          "Left": 0.7025373578071594,
          "Top": 0.21880307793617249
        },
        "Polygon": [
          {
            "X": 0.7027720808982849,
            "Y": 0.2207237184047699
          },
          {
            "X": 0.746206521987915,
            "Y": 0.21880307793617249
          },
          {
            "X": 0.7459602952003479,
            "Y": 0.22513245046138763
          },
          {
            "X": 0.7025373578071594,
            "Y": 0.22703540325164795
          }
        ]
      },
      "Id": "a7b1bb43-586e-4817-9df7-d3fccef8f66b",
      "Relationships": [
        {
          "Type": "CHILD",
          "Ids": [
            "cb1789e7-f03d-4d4d-bca4-1d9fd35f0a18"
          ]
        }
      ],
      "Page": 1
    },
    {
      "BlockType": "LINE",
      "Confidence": 97.31432342529297,
      "Text": "Preparar dados",
      "Geometry": {
        "BoundingBox": {
          "Width": 0.1295655369758606,
          "Height": 0.02339216321706772,
          "Left": 0.15286283195018768,
          "Top": 0.24120575189590454
        },
        "Polygon": [
          {
            "X": 0.15313753485679626,
            "Y": 0.2469071000814438
          },
          {
            "X": 0.2824283540248871,
            "Y": 0.24120575189590454
          },
          {
            "X": 0.28206029534339905,
            "Y": 0.25904926657676697
          },
          {
            "X": 0.15286283195018768,
            "Y": 0.26459792256355286
          }
        ]
      },
      "Id": "05f791ad-11db-4a99-80cc-61710891a665",
      "Relationships": [
        {
          "Type": "CHILD",
          "Ids": [
            "1e727055-94f1-42ec-baf2-fb769a1be08c",
            "75008c64-088d-4450-ba15-4d4a6c7d6aba"
          ]
        }
      ],
      "Page": 1
    },
    {
      "BlockType": "LINE",
      "Confidence": 66.62572479248047,
      "Text": "7",
      "Geometry": {
        "BoundingBox": {
          "Width": 0.005602282006293535,
          "Height": 0.00913071259856224,
          "Left": 0.6723731160163879,
          "Top": 0.22724659740924835
        },
        "Polygon": [
          {
            "X": 0.6726936101913452,
            "Y": 0.22747835516929626
          },
          {
            "X": 0.6779754161834717,
            "Y": 0.22724659740924835
          },
          {
            "X": 0.6776530146598816,
            "Y": 0.23614859580993652
          },
          {
            "X": 0.6723731160163879,
            "Y": 0.2363773137331009
          }
        ]
      },
      "Id": "8ed87e06-5c3b-4aac-bce6-6e3675069a50",
      "Relationships": [
        {
          "Type": "CHILD",
          "Ids": [
            "2ce5496a-c4b7-4914-934f-cd7a479f4374"
          ]
        }
      ],
      "Page": 1
    },
    {
      "BlockType": "LINE",
      "Confidence": 99.9255142211914,
      "Text": "2025",
      "Geometry": {
        "BoundingBox": {
          "Width": 0.020020898431539536,
          "Height": 0.006055766716599464,
          "Left": 0.7022326588630676,
          "Top": 0.2278461903333664
        },
        "Polygon": [
          {
            "X": 0.7024255990982056,
            "Y": 0.2287130355834961
          },
          {
            "X": 0.7222535610198975,
            "Y": 0.2278461903333664
          },
          {
            "X": 0.7220563292503357,
            "Y": 0.23304174840450287
          },
          {
            "X": 0.7022326588630676,
            "Y": 0.2339019626379013
          }
        ]
      },
      "Id": "ed60aea5-3dc9-4278-ab40-4255af2ad216",
      "Relationships": [
        {
          "Type": "CHILD",
          "Ids": [
            "3f977323-004a-4c3e-a332-01bb1dc473f7"
          ]
        }
      ],
      "Page": 1
    },
    {
      "BlockType": "LINE",
      "Confidence": 99.59425354003906,
      "Text": "Mais de 50 conectores de",
      "Geometry": {
        "BoundingBox": {
          "Width": 0.13337448239326477,
          "Height": 0.01605435274541378,
          "Left": 0.16792601346969604,
          "Top": 0.2810039222240448
        },
        "Polygon": [
          {
            "X": 0.16809600591659546,
            "Y": 0.2865291237831116
          },
          {
            "X": 0.3013004958629608,
            "Y": 0.2810039222240448
          },
          {
            "X": 0.3010731339454651,
            "Y": 0.2916264832019806
          },
          {
            "X": 0.16792601346969604,
            "Y": 0.29705825448036194
          }
        ]
      },
      "Id": "d98ee190-676d-4e76-b992-4427526f746c",
      "Relationships": [
        {
          "Type": "CHILD",
          "Ids": [
            "5cf9c6be-4faa-4a68-9c70-e57018926045",
            "c9ff3787-e357-4ea2-b169-64301ef233f3",
            "18aa520c-5dfb-4bad-898a-d2d8557fe19e",
            "a6b7aef0-3206-47dc-b18f-dd1afb8ff893",
            "fda24b0e-21b2-46f6-9746-b69c20a82f88"
          ]
        }
      ],
      "Page": 1
    },
    {
      "BlockType": "LINE",
      "Confidence": 99.6006851196289,
      "Text": "dados",
      "Geometry": {
        "BoundingBox": {
          "Width": 0.030489621683955193,
          "Height": 0.00876837782561779,
          "Left": 0.16674557328224182,
          "Top": 0.30151331424713135
        },
        "Polygon": [
          {
            "X": 0.16686701774597168,
            "Y": 0.30274108052253723
          },
          {
            "X": 0.19723518192768097,
            "Y": 0.30151331424713135
          },
          {
            "X": 0.19710442423820496,
            "Y": 0.3090691864490509
          },
          {
            "X": 0.16674557328224182,
            "Y": 0.3102816939353943
          }
        ]
      },
      "Id": "c513b3a4-73d9-4522-91c3-a37b9de5fa60",
      "Relationships": [
        {
          "Type": "CHILD",
          "Ids": [
            "582f8e5f-cf76-45f2-92c2-45d554997b01"
          ]
        }
      ],
      "Page": 1
    },
    {
      "BlockType": "LINE",
      "Confidence": 91.81369018554688,
      "Text": "loud",
      "Geometry": {
        "BoundingBox": {
          "Width": 0.03669266030192375,
          "Height": 0.015266102738678455,
          "Left": 0.0008044245187193155,
          "Top": 0.3116147816181183
        },
        "Polygon": [
          {
            "X": 0.0009361081174574792,
            "Y": 0.3130841553211212
          },
          {
            "X": 0.037497084587812424,
            "Y": 0.3116147816181183
          },
          {
            "X": 0.037345074117183685,
            "Y": 0.3254454433917999
          },
          {
            "X": 0.0008044245187193155,
            "Y": 0.32688090205192566
          }
        ]
      },
      "Id": "d164f861-0c3b-4319-a9ab-d0cd437778cb",
      "Relationships": [
        {
          "Type": "CHILD",
          "Ids": [
            "4efee305-956f-4cc8-ae67-a50eb15eb5bd"
          ]
        }
      ],
      "Page": 1
    },
    {
      "BlockType": "LINE",
      "Confidence": 38.055782318115234,
      "Text": "a",
      "Geometry": {
        "BoundingBox": {
          "Width": 0.006602047011256218,
          "Height": 0.005598242394626141,
          "Left": 0.3507876992225647,
          "Top": 0.30535128712654114
        },
        "Polygon": [
          {
            "X": 0.3509126305580139,
            "Y": 0.3056088387966156
          },
          {
            "X": 0.35738974809646606,
            "Y": 0.30535128712654114
          },
          {
            "X": 0.3572634160518646,
            "Y": 0.31069421768188477
          },
          {
            "X": 0.3507876992225647,
            "Y": 0.31094950437545776
          }
        ]
      },
      "Id": "b4e1a4a6-de67-4bfd-be11-6bfdcfab2b74",
      "Relationships": [
        {
          "Type": "CHILD",
          "Ids": [
            "ba4f3b45-aa36-40f8-a8b6-6e3ce542c1cc"
          ]
        }
      ],
      "Page": 1
    },
    {
      "BlockType": "LINE",
      "Confidence": 63.8131217956543,
      "Text": "Scale the columns",
      "Geometry": {
        "BoundingBox": {
          "Width": 0.03840583562850952,
          "Height": 0.005628453567624092,
          "Left": 0.3620778024196625,
          "Top": 0.30366817116737366
        },
        "Polygon": [
          {
            "X": 0.3621756434440613,
            "Y": 0.3051914572715759
          },
          {
            "X": 0.4004836082458496,
            "Y": 0.30366817116737366
          },
          {
            "X": 0.4003793001174927,
            "Y": 0.30778366327285767
          },
          {
            "X": 0.3620778024196625,
            "Y": 0.3092966079711914
          }
        ]
      },
      "Id": "48d12e3c-bfee-408e-97fb-91c46ece41ba",
      "Relationships": [
        {
          "Type": "CHILD",
          "Ids": [
            "8d640a73-b7f2-425c-9503-be1a4f414526",
            "6b30a73f-6f86-4673-a4c3-8602a1c70977",
            "6d04fba9-cb12-4f9d-bc54-ffb23240515c"
          ]
        }
      ],
      "Page": 1
    },
    {
      "BlockType": "LINE",
      "Confidence": 99.39325714111328,
      "Text": "Visualize sua pipeline de",
      "Geometry": {
        "BoundingBox": {
          "Width": 0.12977547943592072,
          "Height": 0.014690960757434368,
          "Left": 0.16477300226688385,
          "Top": 0.3146529495716095
        },
        "Polygon": [
          {
            "X": 0.16492687165737152,
            "Y": 0.31975072622299194
          },
          {
            "X": 0.29454848170280457,
            "Y": 0.3146529495716095
          },
          {
            "X": 0.29434365034103394,
            "Y": 0.3243288993835449
          },
          {
            "X": 0.16477300226688385,
            "Y": 0.32934391498565674
          }
        ]
      },
      "Id": "d19ba8f6-3270-4d1d-a16f-5f668a33336f",
      "Relationships": [
        {
          "Type": "CHILD",
          "Ids": [
            "ae78378e-b51e-4f7d-81d8-8e50c07461f5",
            "c3712c69-d2b6-4c2f-9cf9-d1850803ee6f",
            "6aad308d-e1c2-40a5-8db3-4567ac61d398",
            "db0dc308-9a1b-4f90-ad55-4a93f57f29fa"
          ]
        }
      ],
      "Page": 1
    },
    {
      "BlockType": "LINE",
      "Confidence": 54.76213836669922,
      "Text": "xperience",
      "Geometry": {
        "BoundingBox": {
          "Width": 0.07871323078870773,
          "Height": 0.018281705677509308,
          "Left": 0,
          "Top": 0.3288947641849518
        },
        "Polygon": [
          {
            "X": 0,
            "Y": 0.3319716453552246
          },
          {
            "X": 0.07871323078870773,
            "Y": 0.3288947641849518
          },
          {
            "X": 0.07852016389369965,
            "Y": 0.3441803455352783
          },
          {
            "X": 0,
            "Y": 0.3471764624118805
          }
        ]
      },
      "Id": "8ac9bc5e-bf44-43b3-b96e-286e3e6257e3",
      "Relationships": [
        {
          "Type": "CHILD",
          "Ids": [
            "14118a74-132c-4dbb-be9f-e6d20a89980a"
          ]
        }
      ],
      "Page": 1
    },
    {
      "BlockType": "LINE",
      "Confidence": 94.78125762939453,
      "Text": "The",
      "Geometry": {
        "BoundingBox": {
          "Width": 0.007822698913514614,
          "Height": 0.004200105555355549,
          "Left": 0.36167293787002563,
          "Top": 0.32049041986465454
        },
        "Polygon": [
          {
            "X": 0.36176589131355286,
            "Y": 0.32079005241394043
          },
          {
            "X": 0.3694956302642822,
            "Y": 0.32049041986465454
          },
          {
            "X": 0.3694014251232147,
            "Y": 0.3243928551673889
          },
          {
            "X": 0.36167293787002563,
            "Y": 0.3246905207633972
          }
        ]
      },
      "Id": "479e3316-60a3-4e68-b723-11c42b499c12",
      "Relationships": [
        {
          "Type": "CHILD",
          "Ids": [
            "66b98b37-bb08-4dd6-bd6b-44b5c3950f83"
          ]
        }
      ],
      "Page": 1
    },
    {
      "BlockType": "LINE",
      "Confidence": 98.6932601928711,
      "Text": "preparação de dados",
      "Geometry": {
        "BoundingBox": {
          "Width": 0.11098337173461914,
          "Height": 0.014248382300138474,
          "Left": 0.1631932109594345,
          "Top": 0.3298148810863495
        },
        "Polygon": [
          {
            "X": 0.16335295140743256,
            "Y": 0.3340706527233124
          },
          {
            "X": 0.27417656779289246,
            "Y": 0.3298148810863495
          },
          {
            "X": 0.2739714980125427,
            "Y": 0.33988118171691895
          },
          {
            "X": 0.1631932109594345,
            "Y": 0.34406328201293945
          }
        ]
      },
      "Id": "6e8f65a0-7b0a-42d9-b9e7-e123e3b493fd",
      "Relationships": [
        {
          "Type": "CHILD",
          "Ids": [
            "e8d2d432-c174-4363-af4a-436912527d9d",
            "29d160b4-c981-42f4-a296-6d763f90ae8e",
            "a59ece15-9147-42e9-8db7-2d8676abe89b"
          ]
        }
      ],
      "Page": 1
    },
    {
      "BlockType": "LINE",
      "Confidence": 86.90763092041016,
      "Text": "View",
      "Geometry": {
        "BoundingBox": {
          "Width": 0.010468152351677418,
          "Height": 0.003863530233502388,
          "Left": 0.36075976490974426,
          "Top": 0.3339212238788605
        },
        "Polygon": [
          {
            "X": 0.36084240674972534,
            "Y": 0.33431482315063477
          },
          {
            "X": 0.3712279200553894,
            "Y": 0.3339212238788605
          },
          {
            "X": 0.37114381790161133,
            "Y": 0.33739352226257324
          },
          {
            "X": 0.36075976490974426,
            "Y": 0.3377847373485565
          }
        ]
      },
      "Id": "33d1a3a7-5fb9-4020-8457-aac11b9316fa",
      "Relationships": [
        {
          "Type": "CHILD",
          "Ids": [
            "2627109b-721f-47b3-a445-c09289d4ad96"
          ]
        }
      ],
      "Page": 1
    },
    {
      "BlockType": "LINE",
      "Confidence": 95.0693359375,
      "Text": "025",
      "Geometry": {
        "BoundingBox": {
          "Width": 0.026379846036434174,
          "Height": 0.0124356709420681,
          "Left": 0,
          "Top": 0.3509851396083832
        },
        "Polygon": [
          {
            "X": 0,
            "Y": 0.3520204722881317
          },
          {
            "X": 0.026379846036434174,
            "Y": 0.3509851396083832
          },
          {
            "X": 0.026259150356054306,
            "Y": 0.36240652203559875
          },
          {
            "X": 0,
            "Y": 0.3634208142757416
          }
        ]
      },
      "Id": "72c2bb01-7c53-41d5-9d02-e32ad267ac15",
      "Relationships": [
        {
          "Type": "CHILD",
          "Ids": [
            "28c20775-8766-4572-8da7-1238c75e4386"
          ]
        }
      ],
      "Page": 1
    },
    {
      "BlockType": "LINE",
      "Confidence": 59.42428207397461,
      "Text": "a",
      "Geometry": {
        "BoundingBox": {
          "Width": 0.08383884280920029,
          "Height": 0.05265479162335396,
          "Left": 0.9161611795425415,
          "Top": 0.2836472988128662
        },
        "Polygon": [
          {
            "X": 0.9184225797653198,
            "Y": 0.2869374752044678
          },
          {
            "X": 1,
            "Y": 0.2836472988128662
          },
          {
            "X": 0.9992287158966064,
            "Y": 0.3332725167274475
          },
          {
            "X": 0.9161611795425415,
            "Y": 0.3363020718097687
          }
        ]
      },
      "Id": "9f002cd1-f442-4030-9987-0771bcb085a2",
      "Relationships": [
        {
          "Type": "CHILD",
          "Ids": [
            "6bf9d71c-8b55-48c8-91cd-0f55f85dbdf0"
          ]
        }
      ],
      "Page": 1
    },
    {
      "BlockType": "LINE",
      "Confidence": 96.34796905517578,
      "Text": "Informações valiosas de",
      "Geometry": {
        "BoundingBox": {
          "Width": 0.1272694319486618,
          "Height": 0.014736984856426716,
          "Left": 0.1625475436449051,
          "Top": 0.3490997552871704
        },
        "Polygon": [
          {
            "X": 0.16270758211612701,
            "Y": 0.3538179099559784
          },
          {
            "X": 0.2898169755935669,
            "Y": 0.3490997552871704
          },
          {
            "X": 0.28960472345352173,
            "Y": 0.3592032194137573
          },
          {
            "X": 0.1625475436449051,
            "Y": 0.36383673548698425
          }
        ]
      },
      "Id": "a048dbde-db22-4bf2-a95f-9f9f15418647",
      "Relationships": [
        {
          "Type": "CHILD",
          "Ids": [
            "3ac1c922-f70f-4e43-8a0d-eb73364778b1",
            "08555d81-e230-4e2c-a14d-b565c46dd938",
            "918f7958-c4d1-4fde-be28-dfebe5fab761"
          ]
        }
      ],
      "Page": 1
    },
    {
      "BlockType": "LINE",
      "Confidence": 19.648706436157227,
      "Text": "Prisout",
      "Geometry": {
        "BoundingBox": {
          "Width": 0.017982957884669304,
          "Height": 0.004597741644829512,
          "Left": 0.3647584021091461,
          "Top": 0.3462601602077484
        },
        "Polygon": [
          {
            "X": 0.3648527264595032,
            "Y": 0.34692347049713135
          },
          {
            "X": 0.3827413320541382,
            "Y": 0.3462601602077484
          },
          {
            "X": 0.38264408707618713,
            "Y": 0.35019922256469727
          },
          {
            "X": 0.3647584021091461,
            "Y": 0.3508578836917877
          }
        ]
      },
      "Id": "96a8de31-fa6f-48d0-9848-996eb0a07bb6",
      "Relationships": [
        {
          "Type": "CHILD",
          "Ids": [
            "9ac9df22-8d5d-4db3-bbf7-8be9aac1834d"
          ]
        }
      ],
      "Page": 1
    },
    {
      "BlockType": "LINE",
      "Confidence": 83.57512664794922,
      "Text": "from",
      "Geometry": {
        "BoundingBox": {
          "Width": 0.01158966775983572,
          "Height": 0.00451080733910203,
          "Left": 0.37329134345054626,
          "Top": 0.35756880044937134
        },
        "Polygon": [
          {
            "X": 0.37339091300964355,
            "Y": 0.3579864799976349
          },
          {
            "X": 0.38488101959228516,
            "Y": 0.35756880044937134
          },
          {
            "X": 0.3847794830799103,
            "Y": 0.3616650402545929
          },
          {
            "X": 0.37329134345054626,
            "Y": 0.3620796203613281
          }
        ]
      },
      "Id": "4989499c-78ff-49e9-ae7d-2e42053448e4",
      "Relationships": [
        {
          "Type": "CHILD",
          "Ids": [
            "821a0e7e-350b-4225-aacb-3f9c92363ff1"
          ]
        }
      ],
      "Page": 1
    },
    {
      "BlockType": "LINE",
      "Confidence": 99.33171844482422,
      "Text": "dados fornecidas por ML",
      "Geometry": {
        "BoundingBox": {
          "Width": 0.13202114403247833,
          "Height": 0.014021412469446659,
          "Left": 0.16091641783714294,
          "Top": 0.3628350496292114
        },
        "Polygon": [
          {
            "X": 0.161063551902771,
            "Y": 0.3676123321056366
          },
          {
            "X": 0.29293757677078247,
            "Y": 0.3628350496292114
          },
          {
            "X": 0.2927404046058655,
            "Y": 0.3721601963043213
          },
          {
            "X": 0.16091641783714294,
            "Y": 0.3768564760684967
          }
        ]
      },
      "Id": "01930d52-3c4c-48af-927e-7e9a50ae3c30",
      "Relationships": [
        {
          "Type": "CHILD",
          "Ids": [
            "e8eed26e-e940-4d97-9e7c-6e9084e1c26e",
            "e5aadf18-7ce4-40bb-956d-efd51cc4df05",
            "df0b9a63-179a-4090-902d-d93358c5ab8c",
            "b1d7650b-5874-4e0d-8a9e-b67b09695743"
          ]
        }
      ],
      "Page": 1
    },
    {
      "BlockType": "LINE",
      "Confidence": 19.775693893432617,
      "Text": "vielle",
      "Geometry": {
        "BoundingBox": {
          "Width": 0.02085353061556816,
          "Height": 0.004677390214055777,
          "Left": 0.5750882625579834,
          "Top": 0.3587934076786041
        },
        "Polygon": [
          {
            "X": 0.5752155184745789,
            "Y": 0.3595351576805115
          },
          {
            "X": 0.5959417819976807,
            "Y": 0.3587934076786041
          },
          {
            "X": 0.595811128616333,
            "Y": 0.3627343475818634
          },
          {
            "X": 0.5750882625579834,
            "Y": 0.36347082257270813
          }
        ]
      },
      "Id": "a794d23b-2ec7-4fed-9b76-e998c2ffd118",
      "Relationships": [
        {
          "Type": "CHILD",
          "Ids": [
            "4cbb5659-76aa-4b79-bd7d-2ca95ff82541"
          ]
        }
      ],
      "Page": 1
    },
    {
      "BlockType": "LINE",
      "Confidence": 96.60218811035156,
      "Text": "Visualizações integradas",
      "Geometry": {
        "BoundingBox": {
          "Width": 0.13146276772022247,
          "Height": 0.014517628587782383,
          "Left": 0.1593378335237503,
          "Top": 0.38276347517967224
        },
        "Polygon": [
          {
            "X": 0.15949538350105286,
            "Y": 0.3873521089553833
          },
          {
            "X": 0.2908006012439728,
            "Y": 0.38276347517967224
          },
          {
            "X": 0.29058951139450073,
            "Y": 0.39277908205986023
          },
          {
            "X": 0.1593378335237503,
            "Y": 0.39728111028671265
          }
        ]
      },
      "Id": "59ff8b9b-b2b9-4740-aa77-b0913d1ce938",
      "Relationships": [
        {
          "Type": "CHILD",
          "Ids": [
            "71d1c17d-f8df-4e55-9dbc-9a666ea30d3b",
            "c221d7c0-6267-4813-a7f8-e8fe95ac1bc5"
          ]
        }
      ],
      "Page": 1
    },
    {
      "BlockType": "LINE",
      "Confidence": 96.33495330810547,
      "Text": "Mais de 300 transformações",
      "Geometry": {
        "BoundingBox": {
          "Width": 0.15383805334568024,
          "Height": 0.015165490098297596,
          "Left": 0.15753091871738434,
          "Top": 0.4016491174697876
        },
        "Polygon": [
          {
            "X": 0.15768882632255554,
            "Y": 0.4068256616592407
          },
          {
            "X": 0.3113689720630646,
            "Y": 0.4016491174697876
          },
          {
            "X": 0.31114789843559265,
            "Y": 0.41173994541168213
          },
          {
            "X": 0.15753091871738434,
            "Y": 0.4168146252632141
          }
        ]
      },
      "Id": "8b9754f6-8c76-477f-8383-4b3eae0128f6",
      "Relationships": [
        {
          "Type": "CHILD",
          "Ids": [
            "aa6b1310-fdc6-4e6e-b2b1-6cebc6940ec7",
            "b3515176-c22d-4bcd-ad88-00e780ba5583",
            "58cab8d7-08c3-4b81-9e68-710da840f845",
            "09c5ce5c-cf0b-4e3d-b9fe-bf68095ca468"
          ]
        }
      ],
      "Page": 1
    },
    {
      "BlockType": "LINE",
      "Confidence": 99.51470184326172,
      "Text": "Use a linguagem natural",
      "Geometry": {
        "BoundingBox": {
          "Width": 0.13275684416294098,
          "Height": 0.014079669490456581,
          "Left": 0.15578234195709229,
          "Top": 0.42240381240844727
        },
        "Polygon": [
          {
            "X": 0.15593643486499786,
            "Y": 0.4266994595527649
          },
          {
            "X": 0.28853917121887207,
            "Y": 0.42240381240844727
          },
          {
            "X": 0.2883317172527313,
            "Y": 0.43227383494377136
          },
          {
            "X": 0.15578234195709229,
            "Y": 0.4364834725856781
          }
        ]
      },
      "Id": "d0589839-1710-4abb-95c1-c5fb981caa2c",
      "Relationships": [
        {
          "Type": "CHILD",
          "Ids": [
            "93a4abcc-b8c3-4f0d-8414-5e7620cd760e",
            "96a401f4-6dcc-4381-bfb1-572b1fb615dd",
            "9f287e8c-e3ad-4f58-9d9d-0a95ca73f5a8",
            "1b4528c0-c83e-4118-92f7-a28cbecd8af2"
          ]
        }
      ],
      "Page": 1
    },
    {
      "BlockType": "LINE",
      "Confidence": 94.48351287841797,
      "Text": "para analisar e transformar",
      "Geometry": {
        "BoundingBox": {
          "Width": 0.1492888182401657,
          "Height": 0.01374184899032116,
          "Left": 0.15423162281513214,
          "Top": 0.43656477332115173
        },
        "Polygon": [
          {
            "X": 0.15437370538711548,
            "Y": 0.441255658864975
          },
          {
            "X": 0.30352044105529785,
            "Y": 0.43656477332115173
          },
          {
            "X": 0.30332276225090027,
            "Y": 0.44570523500442505
          },
          {
            "X": 0.15423162281513214,
            "Y": 0.45030662417411804
          }
        ]
      },
      "Id": "41bd8264-f263-48df-969c-14a5bedd4e1d",
      "Relationships": [
        {
          "Type": "CHILD",
          "Ids": [
            "a44d4b31-6193-49ee-9f54-175a16edf907",
            "5649c52e-0fee-43da-a1b4-51b5612e6608",
            "739b17ba-86d2-4e2f-98eb-b1eb369006e9",
            "f2441860-550f-49e0-b289-848db7c5b742"
          ]
        }
      ],
      "Page": 1
    },
    {
      "BlockType": "LINE",
      "Confidence": 99.65776062011719,
      "Text": "dados",
      "Geometry": {
        "BoundingBox": {
          "Width": 0.031408898532390594,
          "Height": 0.008715247735381126,
          "Left": 0.15335659682750702,
          "Top": 0.45371687412261963
        },
        "Polygon": [
          {
            "X": 0.15347817540168762,
            "Y": 0.4546736478805542
          },
          {
            "X": 0.1847655028104782,
            "Y": 0.45371687412261963
          },
          {
            "X": 0.1846340000629425,
            "Y": 0.4614914357662201
          },
          {
            "X": 0.15335659682750702,
            "Y": 0.4624321162700653
          }
        ]
      },
      "Id": "8287a109-0c77-4229-bbab-1a3634c2a4b2",
      "Relationships": [
        {
          "Type": "CHILD",
          "Ids": [
            "cb509ec8-b94e-44f3-a5d5-e401afb66b44"
          ]
        }
      ],
      "Page": 1
    },
    {
      "BlockType": "WORD",
      "Confidence": 77.18376159667969,
      "Text": "aws",
      "TextType": "PRINTED",
      "Geometry": {
        "BoundingBox": {
          "Width": 0.04287996515631676,
          "Height": 0.012964891269803047,
          "Left": 0.6331084966659546,
          "Top": 0.2164931744337082
        },
        "Polygon": [
          {
            "X": 0.6334899067878723,
            "Y": 0.21838690340518951
          },
          {
            "X": 0.675988495349884,
            "Y": 0.2164931744337082
          },
          {
            "X": 0.6755874156951904,
            "Y": 0.22759482264518738
          },
          {
            "X": 0.6331084966659546,
            "Y": 0.2294580638408661
          }
        ]
      },
      "Id": "3363236b-e2f2-4a8b-be98-6d79ba5266cb",
      "Page": 1
    },
    {
      "BlockType": "WORD",
      "Confidence": 95.79732513427734,
      "Text": "Cloud",
      "TextType": "PRINTED",
      "Geometry": {
        "BoundingBox": {
          "Width": 0.023163361474871635,
          "Height": 0.0065216487273573875,
          "Left": 0.7024988532066345,
          "Top": 0.21239681541919708
        },
        "Polygon": [
          {
            "X": 0.7027031779289246,
            "Y": 0.21342258155345917
          },
          {
            "X": 0.7256622314453125,
            "Y": 0.21239681541919708
          },
          {
            "X": 0.7254526615142822,
            "Y": 0.2179008573293686
          },
          {
            "X": 0.7024988532066345,
            "Y": 0.21891847252845764
          }
        ]
      },
      "Id": "13cc4834-36a3-4df1-bdeb-2bfa9d0d59c5",
      "Page": 1
    },
    {
      "BlockType": "WORD",
      "Confidence": 99.71971893310547,
      "Text": "Experience",
      "TextType": "PRINTED",
      "Geometry": {
        "BoundingBox": {
          "Width": 0.04366914555430412,
          "Height": 0.00823232252150774,
          "Left": 0.7025373578071594,
          "Top": 0.21880307793617249
        },
        "Polygon": [
          {
            "X": 0.7027720808982849,
            "Y": 0.2207237184047699
          },
          {
            "X": 0.746206521987915,
            "Y": 0.21880307793617249
          },
          {
            "X": 0.7459602952003479,
            "Y": 0.22513245046138763
          },
          {
            "X": 0.7025373578071594,
            "Y": 0.22703540325164795
          }
        ]
      },
      "Id": "cb1789e7-f03d-4d4d-bca4-1d9fd35f0a18",
      "Page": 1
    },
    {
      "BlockType": "WORD",
      "Confidence": 95.05305480957031,
      "Text": "Preparar",
      "TextType": "PRINTED",
      "Geometry": {
        "BoundingBox": {
          "Width": 0.0728331208229065,
          "Height": 0.017278902232646942,
          "Left": 0.15286283195018768,
          "Top": 0.24731901288032532
        },
        "Polygon": [
          {
            "X": 0.15308167040348053,
            "Y": 0.25050410628318787
          },
          {
            "X": 0.22569595277309418,
            "Y": 0.24731901288032532
          },
          {
            "X": 0.22543546557426453,
            "Y": 0.2614811360836029
          },
          {
            "X": 0.15286283195018768,
            "Y": 0.26459792256355286
          }
        ]
      },
      "Id": "1e727055-94f1-42ec-baf2-fb769a1be08c",
      "Page": 1
    },
    {
      "BlockType": "WORD",
      "Confidence": 99.57559967041016,
      "Text": "dados",
      "TextType": "PRINTED",
      "Geometry": {
        "BoundingBox": {
          "Width": 0.05175349861383438,
          "Height": 0.014686182141304016,
          "Left": 0.2306748628616333,
          "Top": 0.24120575189590454
        },
        "Polygon": [
          {
            "X": 0.2309057116508484,
            "Y": 0.2434777468442917
          },
          {
            "X": 0.2824283540248871,
            "Y": 0.24120575189590454
          },
          {
            "X": 0.2821713984012604,
            "Y": 0.25366243720054626
          },
          {
            "X": 0.2306748628616333,
            "Y": 0.25589194893836975
          }
        ]
      },
      "Id": "75008c64-088d-4450-ba15-4d4a6c7d6aba",
      "Page": 1
    },
    {
      "BlockType": "WORD",
      "Confidence": 66.62572479248047,
      "Text": "7",
      "TextType": "PRINTED",
      "Geometry": {
        "BoundingBox": {
          "Width": 0.005602282006293535,
          "Height": 0.00913071259856224,
          "Left": 0.6723731160163879,
          "Top": 0.22724659740924835
        },
        "Polygon": [
          {
            "X": 0.6726936101913452,
            "Y": 0.22747835516929626
          },
          {
            "X": 0.6779754161834717,
            "Y": 0.22724659740924835
          },
          {
            "X": 0.6776530146598816,
            "Y": 0.23614859580993652
          },
          {
            "X": 0.6723731160163879,
            "Y": 0.2363773137331009
          }
        ]
      },
      "Id": "2ce5496a-c4b7-4914-934f-cd7a479f4374",
      "Page": 1
    },
    {
      "BlockType": "WORD",
      "Confidence": 99.9255142211914,
      "Text": "2025",
      "TextType": "PRINTED",
      "Geometry": {
        "BoundingBox": {
          "Width": 0.020020898431539536,
          "Height": 0.006055766716599464,
          "Left": 0.7022326588630676,
          "Top": 0.2278461903333664
        },
        "Polygon": [
          {
            "X": 0.7024255990982056,
            "Y": 0.2287130355834961
          },
          {
            "X": 0.7222535610198975,
            "Y": 0.2278461903333664
          },
          {
            "X": 0.7220563292503357,
            "Y": 0.23304174840450287
          },
          {
            "X": 0.7022326588630676,
            "Y": 0.2339019626379013
          }
        ]
      },
      "Id": "3f977323-004a-4c3e-a332-01bb1dc473f7",
      "Page": 1
    },
    {
      "BlockType": "WORD",
      "Confidence": 99.89606475830078,
      "Text": "Mais",
      "TextType": "PRINTED",
      "Geometry": {
        "BoundingBox": {
          "Width": 0.022745460271835327,
          "Height": 0.008751658722758293,
          "Left": 0.16792601346969604,
          "Top": 0.2883065938949585
        },
        "Polygon": [
          {
            "X": 0.16805222630500793,
            "Y": 0.28924083709716797
          },
          {
            "X": 0.19067147374153137,
            "Y": 0.2883065938949585
          },
          {
            "X": 0.19053809344768524,
            "Y": 0.296135812997818
          },
          {
            "X": 0.16792601346969604,
            "Y": 0.29705825448036194
          }
        ]
      },
      "Id": "5cf9c6be-4faa-4a68-9c70-e57018926045",
      "Page": 1
    },
    {
      "BlockType": "WORD",
      "Confidence": 99.83818817138672,
      "Text": "de",
      "TextType": "PRINTED",
      "Geometry": {
        "BoundingBox": {
          "Width": 0.012310434132814407,
          "Height": 0.007974602282047272,
          "Left": 0.19399194419384003,
          "Top": 0.28721383213996887
        },
        "Polygon": [
          {
            "X": 0.19412025809288025,
            "Y": 0.28771737217903137
          },
          {
            "X": 0.20630237460136414,
            "Y": 0.28721383213996887
          },
          {
            "X": 0.20617036521434784,
            "Y": 0.2946909964084625
          },
          {
            "X": 0.19399194419384003,
            "Y": 0.29518845677375793
          }
        ]
      },
      "Id": "c9ff3787-e357-4ea2-b169-64301ef233f3",
      "Page": 1
    },
    {
      "BlockType": "WORD",
      "Confidence": 99.78001403808594,
      "Text": "50",
      "TextType": "PRINTED",
      "Geometry": {
        "BoundingBox": {
          "Width": 0.012973122298717499,
          "Height": 0.007973363623023033,
          "Left": 0.21026308834552765,
          "Top": 0.28620558977127075
        },
        "Polygon": [
          {
            "X": 0.2103956937789917,
            "Y": 0.28673654794692993
          },
          {
            "X": 0.22323621809482574,
            "Y": 0.28620558977127075
          },
          {
            "X": 0.2230997234582901,
            "Y": 0.29365432262420654
          },
          {
            "X": 0.21026308834552765,
            "Y": 0.29417893290519714
          }
        ]
      },
      "Id": "18aa520c-5dfb-4bad-898a-d2d8557fe19e",
      "Page": 1
    },
    {
      "BlockType": "WORD",
      "Confidence": 98.6512222290039,
      "Text": "conectores",
      "TextType": "PRINTED",
      "Geometry": {
        "BoundingBox": {
          "Width": 0.05821264535188675,
          "Height": 0.010321654379367828,
          "Left": 0.2266167849302292,
          "Top": 0.2827151119709015
        },
        "Polygon": [
          {
            "X": 0.22676295042037964,
            "Y": 0.28511980175971985
          },
          {
            "X": 0.28482943773269653,
            "Y": 0.2827151119709015
          },
          {
            "X": 0.28466448187828064,
            "Y": 0.290662556886673
          },
          {
            "X": 0.2266167849302292,
            "Y": 0.2930367588996887
          }
        ]
      },
      "Id": "a6b7aef0-3206-47dc-b18f-dd1afb8ff893",
      "Page": 1
    },
    {
      "BlockType": "WORD",
      "Confidence": 99.80577850341797,
      "Text": "de",
      "TextType": "PRINTED",
      "Geometry": {
        "BoundingBox": {
          "Width": 0.012951480224728584,
          "Height": 0.00800264347344637,
          "Left": 0.2883490324020386,
          "Top": 0.2810039222240448
        },
        "Polygon": [
          {
            "X": 0.2885051965713501,
            "Y": 0.2815346419811249
          },
          {
            "X": 0.3013004958629608,
            "Y": 0.2810039222240448
          },
          {
            "X": 0.3011404275894165,
            "Y": 0.288482129573822
          },
          {
            "X": 0.2883490324020386,
            "Y": 0.2890065610408783
          }
        ]
      },
      "Id": "fda24b0e-21b2-46f6-9746-b69c20a82f88",
      "Page": 1
    },
    {
      "BlockType": "WORD",
      "Confidence": 99.6006851196289,
      "Text": "dados",
      "TextType": "PRINTED",
      "Geometry": {
        "BoundingBox": {
          "Width": 0.030489621683955193,
          "Height": 0.00876837782561779,
          "Left": 0.16674557328224182,
          "Top": 0.30151331424713135
        },
        "Polygon": [
          {
            "X": 0.16686701774597168,
            "Y": 0.30274108052253723
          },
          {
            "X": 0.19723518192768097,
            "Y": 0.30151331424713135
          },
          {
            "X": 0.19710442423820496,
            "Y": 0.3090691864490509
          },
          {
            "X": 0.16674557328224182,
            "Y": 0.3102816939353943
          }
        ]
      },
      "Id": "582f8e5f-cf76-45f2-92c2-45d554997b01",
      "Page": 1
    },
    {
      "BlockType": "WORD",
      "Confidence": 91.81369018554688,
      "Text": "loud",
      "TextType": "PRINTED",
      "Geometry": {
        "BoundingBox": {
          "Width": 0.03669266030192375,
          "Height": 0.015266102738678455,
          "Left": 0.0008044245187193155,
          "Top": 0.3116147816181183
        },
        "Polygon": [
          {
            "X": 0.0009361081174574792,
            "Y": 0.3130841553211212
          },
          {
            "X": 0.037497084587812424,
            "Y": 0.3116147816181183
          },
          {
            "X": 0.037345074117183685,
            "Y": 0.3254454433917999
          },
          {
            "X": 0.0008044245187193155,
            "Y": 0.32688090205192566
          }
        ]
      },
      "Id": "4efee305-956f-4cc8-ae67-a50eb15eb5bd",
      "Page": 1
    },
    {
      "BlockType": "WORD",
      "Confidence": 38.055782318115234,
      "Text": "a",
      "TextType": "PRINTED",
      "Geometry": {
        "BoundingBox": {
          "Width": 0.006602047011256218,
          "Height": 0.005598242394626141,
          "Left": 0.3507876992225647,
          "Top": 0.30535128712654114
        },
        "Polygon": [
          {
            "X": 0.3509126305580139,
            "Y": 0.3056088387966156
          },
          {
            "X": 0.35738974809646606,
            "Y": 0.30535128712654114
          },
          {
            "X": 0.3572634160518646,
            "Y": 0.31069421768188477
          },
          {
            "X": 0.3507876992225647,
            "Y": 0.31094950437545776
          }
        ]
      },
      "Id": "ba4f3b45-aa36-40f8-a8b6-6e3ce542c1cc",
      "Page": 1
    },
    {
      "BlockType": "WORD",
      "Confidence": 49.61207580566406,
      "Text": "Scale",
      "TextType": "PRINTED",
      "Geometry": {
        "BoundingBox": {
          "Width": 0.010964617133140564,
          "Height": 0.004023224115371704,
          "Left": 0.3620778024196625,
          "Top": 0.3052733838558197
        },
        "Polygon": [
          {
            "X": 0.36216336488723755,
            "Y": 0.30570563673973083
          },
          {
            "X": 0.37304240465164185,
            "Y": 0.3052733838558197
          },
          {
            "X": 0.37295520305633545,
            "Y": 0.308866947889328
          },
          {
            "X": 0.3620778024196625,
            "Y": 0.3092966079711914
          }
        ]
      },
      "Id": "8d640a73-b7f2-425c-9503-be1a4f414526",
      "Page": 1
    },
    {
      "BlockType": "WORD",
      "Confidence": 86.34713745117188,
      "Text": "the",
      "TextType": "PRINTED",
      "Geometry": {
        "BoundingBox": {
          "Width": 0.007023248355835676,
          "Height": 0.0041134594939649105,
          "Left": 0.37425267696380615,
          "Top": 0.304653525352478
        },
        "Polygon": [
          {
            "X": 0.3743460178375244,
            "Y": 0.3049289882183075
          },
          {
            "X": 0.3812759220600128,
            "Y": 0.304653525352478
          },
          {
            "X": 0.3811815083026886,
            "Y": 0.3084932565689087
          },
          {
            "X": 0.37425267696380615,
            "Y": 0.3087669909000397
          }
        ]
      },
      "Id": "6b30a73f-6f86-4673-a4c3-8602a1c70977",
      "Page": 1
    },
    {
      "BlockType": "WORD",
      "Confidence": 55.480140686035156,
      "Text": "columns",
      "TextType": "PRINTED",
      "Geometry": {
        "BoundingBox": {
          "Width": 0.017809130251407623,
          "Height": 0.00455101253464818,
          "Left": 0.3826744854450226,
          "Top": 0.30366817116737366
        },
        "Polygon": [
          {
            "X": 0.38276931643486023,
            "Y": 0.3043725788593292
          },
          {
            "X": 0.4004836082458496,
            "Y": 0.30366817116737366
          },
          {
            "X": 0.4003860056400299,
            "Y": 0.30751925706863403
          },
          {
            "X": 0.3826744854450226,
            "Y": 0.30821916460990906
          }
        ]
      },
      "Id": "6d04fba9-cb12-4f9d-bc54-ffb23240515c",
      "Page": 1
    },
    {
      "BlockType": "WORD",
      "Confidence": 99.11659240722656,
      "Text": "Visualize",
      "TextType": "PRINTED",
      "Geometry": {
        "BoundingBox": {
          "Width": 0.045583005994558334,
          "Height": 0.009861587546765804,
          "Left": 0.16477300226688385,
          "Top": 0.31948232650756836
        },
        "Polygon": [
          {
            "X": 0.16490256786346436,
            "Y": 0.32126545906066895
          },
          {
            "X": 0.2103559970855713,
            "Y": 0.31948232650756836
          },
          {
            "X": 0.21021147072315216,
            "Y": 0.32758522033691406
          },
          {
            "X": 0.16477300226688385,
            "Y": 0.32934391498565674
          }
        ]
      },
      "Id": "ae78378e-b51e-4f7d-81d8-8e50c07461f5",
      "Page": 1
    },
    {
      "BlockType": "WORD",
      "Confidence": 99.8193130493164,
      "Text": "sua",
      "TextType": "PRINTED",
      "Geometry": {
        "BoundingBox": {
          "Width": 0.017861681059002876,
          "Height": 0.006928947288542986,
          "Left": 0.21334780752658844,
          "Top": 0.31973591446876526
        },
        "Polygon": [
          {
            "X": 0.2134597897529602,
            "Y": 0.3204309940338135
          },
          {
            "X": 0.23120950162410736,
            "Y": 0.31973591446876526
          },
          {
            "X": 0.23109300434589386,
            "Y": 0.3259771168231964
          },
          {
            "X": 0.21334780752658844,
            "Y": 0.32666486501693726
          }
        ]
      },
      "Id": "c3712c69-d2b6-4c2f-9cf9-d1850803ee6f",
      "Page": 1
    },
    {
      "BlockType": "WORD",
      "Confidence": 98.76334381103516,
      "Text": "pipeline",
      "TextType": "PRINTED",
      "Geometry": {
        "BoundingBox": {
          "Width": 0.04294677451252937,
          "Height": 0.011217872612178326,
          "Left": 0.234962597489357,
          "Top": 0.3153366446495056
        },
        "Polygon": [
          {
            "X": 0.2351420372724533,
            "Y": 0.3170185089111328
          },
          {
            "X": 0.27790936827659607,
            "Y": 0.3153366446495056
          },
          {
            "X": 0.27771323919296265,
            "Y": 0.3248996436595917
          },
          {
            "X": 0.234962597489357,
            "Y": 0.3265545070171356
          }
        ]
      },
      "Id": "6aad308d-e1c2-40a5-8db3-4567ac61d398",
      "Page": 1
    },
    {
      "BlockType": "WORD",
      "Confidence": 99.8738021850586,
      "Text": "de",
      "TextType": "PRINTED",
      "Geometry": {
        "BoundingBox": {
          "Width": 0.012885671108961105,
          "Height": 0.008135369047522545,
          "Left": 0.28166279196739197,
          "Top": 0.3146529495716095
        },
        "Polygon": [
          {
            "X": 0.2818205654621124,
            "Y": 0.3151535093784332
          },
          {
            "X": 0.29454848170280457,
            "Y": 0.3146529495716095
          },
          {
            "X": 0.29438674449920654,
            "Y": 0.3222941756248474
          },
          {
            "X": 0.28166279196739197,
            "Y": 0.3227883279323578
          }
        ]
      },
      "Id": "db0dc308-9a1b-4f90-ad55-4a93f57f29fa",
      "Page": 1
    },
    {
      "BlockType": "WORD",
      "Confidence": 54.76213836669922,
      "Text": "xperience",
      "TextType": "PRINTED",
      "Geometry": {
        "BoundingBox": {
          "Width": 0.07871323078870773,
          "Height": 0.018281705677509308,
          "Left": 0,
          "Top": 0.3288947641849518
        },
        "Polygon": [
          {
            "X": 0,
            "Y": 0.3319716453552246
          },
          {
            "X": 0.07871323078870773,
            "Y": 0.3288947641849518
          },
          {
            "X": 0.07852016389369965,
            "Y": 0.3441803455352783
          },
          {
            "X": 0,
            "Y": 0.3471764624118805
          }
        ]
      },
      "Id": "14118a74-132c-4dbb-be9f-e6d20a89980a",
      "Page": 1
    },
    {
      "BlockType": "WORD",
      "Confidence": 94.78125762939453,
      "Text": "The",
      "TextType": "PRINTED",
      "Geometry": {
        "BoundingBox": {
          "Width": 0.007822698913514614,
          "Height": 0.004200105555355549,
          "Left": 0.36167293787002563,
          "Top": 0.32049041986465454
        },
        "Polygon": [
          {
            "X": 0.36176589131355286,
            "Y": 0.32079005241394043
          },
          {
            "X": 0.3694956302642822,
            "Y": 0.32049041986465454
          },
          {
            "X": 0.3694014251232147,
            "Y": 0.3243928551673889
          },
          {
            "X": 0.36167293787002563,
            "Y": 0.3246905207633972
          }
        ]
      },
      "Id": "66b98b37-bb08-4dd6-bd6b-44b5c3950f83",
      "Page": 1
    },
    {
      "BlockType": "WORD",
      "Confidence": 96.50492858886719,
      "Text": "preparação",
      "TextType": "PRINTED",
      "Geometry": {
        "BoundingBox": {
          "Width": 0.05921409651637077,
          "Height": 0.011605546809732914,
          "Left": 0.1631932109594345,
          "Top": 0.3324577212333679
        },
        "Polygon": [
          {
            "X": 0.16334252059459686,
            "Y": 0.3347233831882477
          },
          {
            "X": 0.22240731120109558,
            "Y": 0.3324577212333679
          },
          {
            "X": 0.22223548591136932,
            "Y": 0.34183430671691895
          },
          {
            "X": 0.1631932109594345,
            "Y": 0.34406328201293945
          }
        ]
      },
      "Id": "e8d2d432-c174-4363-af4a-436912527d9d",
      "Page": 1
    },
    {
      "BlockType": "WORD",
      "Confidence": 99.86253356933594,
      "Text": "de",
      "TextType": "PRINTED",
      "Geometry": {
        "BoundingBox": {
          "Width": 0.012904687784612179,
          "Height": 0.008380929008126259,
          "Left": 0.22564992308616638,
          "Top": 0.3314383924007416
        },
        "Polygon": [
          {
            "X": 0.22579558193683624,
            "Y": 0.33192816376686096
          },
          {
            "X": 0.23855461180210114,
            "Y": 0.3314383924007416
          },
          {
            "X": 0.23840484023094177,
            "Y": 0.33933624625205994
          },
          {
            "X": 0.22564992308616638,
            "Y": 0.3398193418979645
          }
        ]
      },
      "Id": "29d160b4-c981-42f4-a296-6d763f90ae8e",
      "Page": 1
    },
    {
      "BlockType": "WORD",
      "Confidence": 99.71231842041016,
      "Text": "dados",
      "TextType": "PRINTED",
      "Geometry": {
        "BoundingBox": {
          "Width": 0.03195473924279213,
          "Height": 0.00896294042468071,
          "Left": 0.24222184717655182,
          "Top": 0.3298148810863495
        },
        "Polygon": [
          {
            "X": 0.24236981570720673,
            "Y": 0.3310362994670868
          },
          {
            "X": 0.27417656779289246,
            "Y": 0.3298148810863495
          },
          {
            "X": 0.2740185260772705,
            "Y": 0.33757269382476807
          },
          {
            "X": 0.24222184717655182,
            "Y": 0.3387778401374817
          }
        ]
      },
      "Id": "a59ece15-9147-42e9-8db7-2d8676abe89b",
      "Page": 1
    },
    {
      "BlockType": "WORD",
      "Confidence": 86.90763092041016,
      "Text": "View",
      "TextType": "PRINTED",
      "Geometry": {
        "BoundingBox": {
          "Width": 0.010468152351677418,
          "Height": 0.003863530233502388,
          "Left": 0.36075976490974426,
          "Top": 0.3339212238788605
        },
        "Polygon": [
          {
            "X": 0.36084240674972534,
            "Y": 0.33431482315063477
          },
          {
            "X": 0.3712279200553894,
            "Y": 0.3339212238788605
          },
          {
            "X": 0.37114381790161133,
            "Y": 0.33739352226257324
          },
          {
            "X": 0.36075976490974426,
            "Y": 0.3377847373485565
          }
        ]
      },
      "Id": "2627109b-721f-47b3-a445-c09289d4ad96",
      "Page": 1
    },
    {
      "BlockType": "WORD",
      "Confidence": 95.0693359375,
      "Text": "025",
      "TextType": "PRINTED",
      "Geometry": {
        "BoundingBox": {
          "Width": 0.026379846036434174,
          "Height": 0.0124356709420681,
          "Left": 0,
          "Top": 0.3509851396083832
        },
        "Polygon": [
          {
            "X": 0,
            "Y": 0.3520204722881317
          },
          {
            "X": 0.026379846036434174,
            "Y": 0.3509851396083832
          },
          {
            "X": 0.026259150356054306,
            "Y": 0.36240652203559875
          },
          {
            "X": 0,
            "Y": 0.3634208142757416
          }
        ]
      },
      "Id": "28c20775-8766-4572-8da7-1238c75e4386",
      "Page": 1
    },
    {
      "BlockType": "WORD",
      "Confidence": 59.42428207397461,
      "Text": "a",
      "TextType": "PRINTED",
      "Geometry": {
        "BoundingBox": {
          "Width": 0.08383884280920029,
          "Height": 0.05265479162335396,
          "Left": 0.9161611795425415,
          "Top": 0.2836472988128662
        },
        "Polygon": [
          {
            "X": 0.9184225797653198,
            "Y": 0.2869374752044678
          },
          {
            "X": 1,
            "Y": 0.2836472988128662
          },
          {
            "X": 0.9992287158966064,
            "Y": 0.3332725167274475
          },
          {
            "X": 0.9161611795425415,
            "Y": 0.3363020718097687
          }
        ]
      },
      "Id": "6bf9d71c-8b55-48c8-91cd-0f55f85dbdf0",
      "Page": 1
    },
    {
      "BlockType": "WORD",
      "Confidence": 90.18844604492188,
      "Text": "Informações",
      "TextType": "PRINTED",
      "Geometry": {
        "BoundingBox": {
          "Width": 0.06476659327745438,
          "Height": 0.012040656059980392,
          "Left": 0.1625475436449051,
          "Top": 0.35179609060287476
        },
        "Polygon": [
          {
            "X": 0.1627015918493271,
            "Y": 0.354192852973938
          },
          {
            "X": 0.22731412947177887,
            "Y": 0.35179609060287476
          },
          {
            "X": 0.22713463008403778,
            "Y": 0.36148136854171753
          },
          {
            "X": 0.1625475436449051,
            "Y": 0.36383673548698425
          }
        ]
      },
      "Id": "3ac1c922-f70f-4e43-8a0d-eb73364778b1",
      "Page": 1
    },
    {
      "BlockType": "WORD",
      "Confidence": 99.03775024414062,
      "Text": "valiosas",
      "TextType": "PRINTED",
      "Geometry": {
        "BoundingBox": {
          "Width": 0.042701851576566696,
          "Height": 0.009434778243303299,
          "Left": 0.230342298746109,
          "Top": 0.3497982621192932
        },
        "Polygon": [
          {
            "X": 0.2304888665676117,
            "Y": 0.3513776659965515
          },
          {
            "X": 0.2730441391468048,
            "Y": 0.3497982621192932
          },
          {
            "X": 0.27288389205932617,
            "Y": 0.3576757609844208
          },
          {
            "X": 0.230342298746109,
            "Y": 0.3592330515384674
          }
        ]
      },
      "Id": "08555d81-e230-4e2c-a14d-b565c46dd938",
      "Page": 1
    },
    {
      "BlockType": "WORD",
      "Confidence": 99.81771850585938,
      "Text": "de",
      "TextType": "PRINTED",
      "Geometry": {
        "BoundingBox": {
          "Width": 0.0129264360293746,
          "Height": 0.00795604195445776,
          "Left": 0.2768905460834503,
          "Top": 0.3490997552871704
        },
        "Polygon": [
          {
            "X": 0.2770439386367798,
            "Y": 0.34957388043403625
          },
          {
            "X": 0.2898169755935669,
            "Y": 0.3490997552871704
          },
          {
            "X": 0.28965964913368225,
            "Y": 0.3565879762172699
          },
          {
            "X": 0.2768905460834503,
            "Y": 0.35705578327178955
          }
        ]
      },
      "Id": "918f7958-c4d1-4fde-be28-dfebe5fab761",
      "Page": 1
    },
    {
      "BlockType": "WORD",
      "Confidence": 19.648706436157227,
      "Text": "Prisout",
      "TextType": "PRINTED",
      "Geometry": {
        "BoundingBox": {
          "Width": 0.017982957884669304,
          "Height": 0.004597741644829512,
          "Left": 0.3647584021091461,
          "Top": 0.3462601602077484
        },
        "Polygon": [
          {
            "X": 0.3648527264595032,
            "Y": 0.34692347049713135
          },
          {
            "X": 0.3827413320541382,
            "Y": 0.3462601602077484
          },
          {
            "X": 0.38264408707618713,
            "Y": 0.35019922256469727
          },
          {
            "X": 0.3647584021091461,
            "Y": 0.3508578836917877
          }
        ]
      },
      "Id": "9ac9df22-8d5d-4db3-bbf7-8be9aac1834d",
      "Page": 1
    },
    {
      "BlockType": "WORD",
      "Confidence": 83.57512664794922,
      "Text": "from",
      "TextType": "PRINTED",
      "Geometry": {
        "BoundingBox": {
          "Width": 0.01158966775983572,
          "Height": 0.00451080733910203,
          "Left": 0.37329134345054626,
          "Top": 0.35756880044937134
        },
        "Polygon": [
          {
            "X": 0.37339091300964355,
            "Y": 0.3579864799976349
          },
          {
            "X": 0.38488101959228516,
            "Y": 0.35756880044937134
          },
          {
            "X": 0.3847794830799103,
            "Y": 0.3616650402545929
          },
          {
            "X": 0.37329134345054626,
            "Y": 0.3620796203613281
          }
        ]
      },
      "Id": "821a0e7e-350b-4225-aacb-3f9c92363ff1",
      "Page": 1
    },
    {
      "BlockType": "WORD",
      "Confidence": 99.63517761230469,
      "Text": "dados",
      "TextType": "PRINTED",
      "Geometry": {
        "BoundingBox": {
          "Width": 0.031018605455756187,
          "Height": 0.008707650937139988,
          "Left": 0.1609359085559845,
          "Top": 0.36692485213279724
        },
        "Polygon": [
          {
            "X": 0.16105669736862183,
            "Y": 0.36804330348968506
          },
          {
            "X": 0.19195450842380524,
            "Y": 0.36692485213279724
          },
          {
            "X": 0.19182415306568146,
            "Y": 0.3745296597480774
          },
          {
            "X": 0.1609359085559845,
            "Y": 0.37563252449035645
          }
        ]
      },
      "Id": "e8eed26e-e940-4d97-9e7c-6e9084e1c26e",
      "Page": 1
    },
    {
      "BlockType": "WORD",
      "Confidence": 98.71248626708984,
      "Text": "fornecidas",
      "TextType": "PRINTED",
      "Geometry": {
        "BoundingBox": {
          "Width": 0.05728352442383766,
          "Height": 0.010458380915224552,
          "Left": 0.19427749514579773,
          "Top": 0.36433395743370056
        },
        "Polygon": [
          {
            "X": 0.19442209601402283,
            "Y": 0.36640387773513794
          },
          {
            "X": 0.2515610158443451,
            "Y": 0.36433395743370056
          },
          {
            "X": 0.2513968050479889,
            "Y": 0.37275421619415283
          },
          {
            "X": 0.19427749514579773,
            "Y": 0.37479233741760254
          }
        ]
      },
      "Id": "e5aadf18-7ce4-40bb-956d-efd51cc4df05",
      "Page": 1
    },
    {
      "BlockType": "WORD",
      "Confidence": 99.46856689453125,
      "Text": "por",
      "TextType": "PRINTED",
      "Geometry": {
        "BoundingBox": {
          "Width": 0.01854873262345791,
          "Height": 0.008284801617264748,
          "Left": 0.2545875012874603,
          "Top": 0.3652346134185791
        },
        "Polygon": [
          {
            "X": 0.25473707914352417,
            "Y": 0.36589914560317993
          },
          {
            "X": 0.2731362283229828,
            "Y": 0.3652346134185791
          },
          {
            "X": 0.2729808986186981,
            "Y": 0.37286412715911865
          },
          {
            "X": 0.2545875012874603,
            "Y": 0.3735194206237793
          }
        ]
      },
      "Id": "df0b9a63-179a-4090-902d-d93358c5ab8c",
      "Page": 1
    },
    {
      "BlockType": "WORD",
      "Confidence": 99.51063537597656,
      "Text": "ML",
      "TextType": "PRINTED",
      "Geometry": {
        "BoundingBox": {
          "Width": 0.015928735956549644,
          "Height": 0.007870092988014221,
          "Left": 0.27700215578079224,
          "Top": 0.36315032839775085
        },
        "Polygon": [
          {
            "X": 0.2771519124507904,
            "Y": 0.363721638917923
          },
          {
            "X": 0.2929309010505676,
            "Y": 0.36315032839775085
          },
          {
            "X": 0.2927764058113098,
            "Y": 0.370456725358963
          },
          {
            "X": 0.27700215578079224,
            "Y": 0.37102043628692627
          }
        ]
      },
      "Id": "b1d7650b-5874-4e0d-8a9e-b67b09695743",
      "Page": 1
    },
    {
      "BlockType": "WORD",
      "Confidence": 19.775693893432617,
      "Text": "vielle",
      "TextType": "PRINTED",
      "Geometry": {
        "BoundingBox": {
          "Width": 0.02085353061556816,
          "Height": 0.004677390214055777,
          "Left": 0.5750882625579834,
          "Top": 0.3587934076786041
        },
        "Polygon": [
          {
            "X": 0.5752155184745789,
            "Y": 0.3595351576805115
          },
          {
            "X": 0.5959417819976807,
            "Y": 0.3587934076786041
          },
          {
            "X": 0.595811128616333,
            "Y": 0.3627343475818634
          },
          {
            "X": 0.5750882625579834,
            "Y": 0.36347082257270813
          }
        ]
      },
      "Id": "4cbb5659-76aa-4b79-bd7d-2ca95ff82541",
      "Page": 1
    },
    {
      "BlockType": "WORD",
      "Confidence": 94.07976531982422,
      "Text": "Visualizações",
      "TextType": "PRINTED",
      "Geometry": {
        "BoundingBox": {
          "Width": 0.06969479471445084,
          "Height": 0.012209261767566204,
          "Left": 0.1593378335237503,
          "Top": 0.38507184386253357
        },
        "Polygon": [
          {
            "X": 0.15949301421642303,
            "Y": 0.3875013291835785
          },
          {
            "X": 0.22903263568878174,
            "Y": 0.38507184386253357
          },
          {
            "X": 0.2288496345281601,
            "Y": 0.39489680528640747
          },
          {
            "X": 0.1593378335237503,
            "Y": 0.39728111028671265
          }
        ]
      },
      "Id": "71d1c17d-f8df-4e55-9dbc-9a666ea30d3b",
      "Page": 1
    },
    {
      "BlockType": "WORD",
      "Confidence": 99.12461853027344,
      "Text": "integradas",
      "TextType": "PRINTED",
      "Geometry": {
        "BoundingBox": {
          "Width": 0.058493275195360184,
          "Height": 0.011736614629626274,
          "Left": 0.2323073297739029,
          "Top": 0.38276347517967224
        },
        "Polygon": [
          {
            "X": 0.23248930275440216,
            "Y": 0.3848012387752533
          },
          {
            "X": 0.2908006012439728,
            "Y": 0.38276347517967224
          },
          {
            "X": 0.2905954122543335,
            "Y": 0.392499715089798
          },
          {
            "X": 0.2323073297739029,
            "Y": 0.39450010657310486
          }
        ]
      },
      "Id": "c221d7c0-6267-4813-a7f8-e8fe95ac1bc5",
      "Page": 1
    },
    {
      "BlockType": "WORD",
      "Confidence": 99.89310455322266,
      "Text": "Mais",
      "TextType": "PRINTED",
      "Geometry": {
        "BoundingBox": {
          "Width": 0.02345968224108219,
          "Height": 0.008762442506849766,
          "Left": 0.1575588583946228,
          "Top": 0.4062848389148712
        },
        "Polygon": [
          {
            "X": 0.15768495202064514,
            "Y": 0.40707042813301086
          },
          {
            "X": 0.18101854622364044,
            "Y": 0.4062848389148712
          },
          {
            "X": 0.18088485300540924,
            "Y": 0.41427403688430786
          },
          {
            "X": 0.1575588583946228,
            "Y": 0.415047287940979
          }
        ]
      },
      "Id": "aa6b1310-fdc6-4e6e-b2b1-6cebc6940ec7",
      "Page": 1
    },
    {
      "BlockType": "WORD",
      "Confidence": 99.86891174316406,
      "Text": "de",
      "TextType": "PRINTED",
      "Geometry": {
        "BoundingBox": {
          "Width": 0.01287251990288496,
          "Height": 0.008500510826706886,
          "Left": 0.18432526290416718,
          "Top": 0.40560510754585266
        },
        "Polygon": [
          {
            "X": 0.18446144461631775,
            "Y": 0.40603402256965637
          },
          {
            "X": 0.1971977800130844,
            "Y": 0.40560510754585266
          },
          {
            "X": 0.19705741107463837,
            "Y": 0.41368353366851807
          },
          {
            "X": 0.18432526290416718,
            "Y": 0.414105623960495
          }
        ]
      },
      "Id": "b3515176-c22d-4bcd-ad88-00e780ba5583",
      "Page": 1
    },
    {
      "BlockType": "WORD",
      "Confidence": 99.82047271728516,
      "Text": "300",
      "TextType": "PRINTED",
      "Geometry": {
        "BoundingBox": {
          "Width": 0.02049453742802143,
          "Height": 0.008703372441232204,
          "Left": 0.20071765780448914,
          "Top": 0.4048576056957245
        },
        "Polygon": [
          {
            "X": 0.20085814595222473,
            "Y": 0.4055429697036743
          },
          {
            "X": 0.2212122082710266,
            "Y": 0.4048576056957245
          },
          {
            "X": 0.22106502950191498,
            "Y": 0.4128864109516144
          },
          {
            "X": 0.20071765780448914,
            "Y": 0.41356098651885986
          }
        ]
      },
      "Id": "58cab8d7-08c3-4b81-9e68-710da840f845",
      "Page": 1
    },
    {
      "BlockType": "WORD",
      "Confidence": 85.75732421875,
      "Text": "transformações",
      "TextType": "PRINTED",
      "Geometry": {
        "BoundingBox": {
          "Width": 0.08658377081155777,
          "Height": 0.012943778187036514,
          "Left": 0.2247852087020874,
          "Top": 0.4016491174697876
        },
        "Polygon": [
          {
            "X": 0.22497060894966125,
            "Y": 0.40455934405326843
          },
          {
            "X": 0.3113689720630646,
            "Y": 0.4016491174697876
          },
          {
            "X": 0.31114789843559265,
            "Y": 0.41173994541168213
          },
          {
            "X": 0.2247852087020874,
            "Y": 0.4145928919315338
          }
        ]
      },
      "Id": "09c5ce5c-cf0b-4e3d-b9fe-bf68095ca468",
      "Page": 1
    },
    {
      "BlockType": "WORD",
      "Confidence": 99.93125915527344,
      "Text": "Use",
      "TextType": "PRINTED",
      "Geometry": {
        "BoundingBox": {
          "Width": 0.018978619948029518,
          "Height": 0.00836408045142889,
          "Left": 0.15581248700618744,
          "Top": 0.42620471119880676
        },
        "Polygon": [
          {
            "X": 0.15593461692333221,
            "Y": 0.4268154501914978
          },
          {
            "X": 0.1747911125421524,
            "Y": 0.42620471119880676
          },
          {
            "X": 0.1746630221605301,
            "Y": 0.4339677691459656
          },
          {
            "X": 0.15581248700618744,
            "Y": 0.4345687925815582
          }
        ]
      },
      "Id": "93a4abcc-b8c3-4f0d-8414-5e7620cd760e",
      "Page": 1
    },
    {
      "BlockType": "WORD",
      "Confidence": 99.45085144042969,
      "Text": "a",
      "TextType": "PRINTED",
      "Geometry": {
        "BoundingBox": {
          "Width": 0.006170846987515688,
          "Height": 0.006103623192757368,
          "Left": 0.17773331701755524,
          "Top": 0.4276570677757263
        },
        "Polygon": [
          {
            "X": 0.1778315156698227,
            "Y": 0.4278530478477478
          },
          {
            "X": 0.18390415608882904,
            "Y": 0.4276570677757263
          },
          {
            "X": 0.1838044971227646,
            "Y": 0.433567076921463
          },
          {
            "X": 0.17773331701755524,
            "Y": 0.4337606728076935
          }
        ]
      },
      "Id": "96a401f4-6dcc-4381-bfb1-572b1fb615dd",
      "Page": 1
    },
    {
      "BlockType": "WORD",
      "Confidence": 98.76722717285156,
      "Text": "linguagem",
      "TextType": "PRINTED",
      "Geometry": {
        "BoundingBox": {
          "Width": 0.05764777213335037,
          "Height": 0.01166656706482172,
          "Left": 0.18731562793254852,
          "Top": 0.42381542921066284
        },
        "Polygon": [
          {
            "X": 0.1874823421239853,
            "Y": 0.4256775379180908
          },
          {
            "X": 0.2449634075164795,
            "Y": 0.42381542921066284
          },
          {
            "X": 0.24477358162403107,
            "Y": 0.4336571991443634
          },
          {
            "X": 0.18731562793254852,
            "Y": 0.435481995344162
          }
        ]
      },
      "Id": "9f287e8c-e3ad-4f58-9d9d-0a95ca73f5a8",
      "Page": 1
    },
    {
      "BlockType": "WORD",
      "Confidence": 99.90946960449219,
      "Text": "natural",
      "TextType": "PRINTED",
      "Geometry": {
        "BoundingBox": {
          "Width": 0.039618730545043945,
          "Height": 0.008850904181599617,
          "Left": 0.24890340864658356,
          "Top": 0.42321500182151794
        },
        "Polygon": [
          {
            "X": 0.24905072152614594,
            "Y": 0.42449161410331726
          },
          {
            "X": 0.2885221242904663,
            "Y": 0.42321500182151794
          },
          {
            "X": 0.2883625030517578,
            "Y": 0.43080899119377136
          },
          {
            "X": 0.24890340864658356,
            "Y": 0.4320659041404724
          }
        ]
      },
      "Id": "1b4528c0-c83e-4118-92f7-a28cbecd8af2",
      "Page": 1
    },
    {
      "BlockType": "WORD",
      "Confidence": 99.77555084228516,
      "Text": "para",
      "TextType": "PRINTED",
      "Geometry": {
        "BoundingBox": {
          "Width": 0.023275574669241905,
          "Height": 0.008550729602575302,
          "Left": 0.15423162281513214,
          "Top": 0.44175589084625244
        },
        "Polygon": [
          {
            "X": 0.15435445308685303,
            "Y": 0.44248223304748535
          },
          {
            "X": 0.1775072067975998,
            "Y": 0.44175589084625244
          },
          {
            "X": 0.17737698554992676,
            "Y": 0.4495922923088074
          },
          {
            "X": 0.15423162281513214,
            "Y": 0.45030662417411804
          }
        ]
      },
      "Id": "a44d4b31-6193-49ee-9f54-175a16edf907",
      "Page": 1
    },
    {
      "BlockType": "WORD",
      "Confidence": 94.66851043701172,
      "Text": "analisar",
      "TextType": "PRINTED",
      "Geometry": {
        "BoundingBox": {
          "Width": 0.041843026876449585,
          "Height": 0.00901261530816555,
          "Left": 0.1811450868844986,
          "Top": 0.43909764289855957
        },
        "Polygon": [
          {
            "X": 0.1812742054462433,
            "Y": 0.4404096007347107
          },
          {
            "X": 0.22298811376094818,
            "Y": 0.43909764289855957
          },
          {
            "X": 0.22284583747386932,
            "Y": 0.446819543838501
          },
          {
            "X": 0.1811450868844986,
            "Y": 0.4481102526187897
          }
        ]
      },
      "Id": "5649c52e-0fee-43da-a1b4-51b5612e6608",
      "Page": 1
    },
    {
      "BlockType": "WORD",
      "Confidence": 99.4599838256836,
      "Text": "e",
      "TextType": "PRINTED",
      "Geometry": {
        "BoundingBox": {
          "Width": 0.006093951873481274,
          "Height": 0.005989717319607735,
          "Left": 0.22640377283096313,
          "Top": 0.4406968951225281
        },
        "Polygon": [
          {
            "X": 0.22651149332523346,
            "Y": 0.44088444113731384
          },
          {
            "X": 0.23249772191047668,
            "Y": 0.4406968951225281
          },
          {
            "X": 0.23238857090473175,
            "Y": 0.44650137424468994
          },
          {
            "X": 0.22640377283096313,
            "Y": 0.44668662548065186
          }
        ]
      },
      "Id": "739b17ba-86d2-4e2f-98eb-b1eb369006e9",
      "Page": 1
    },
    {
      "BlockType": "WORD",
      "Confidence": 84.0300064086914,
      "Text": "transformar",
      "TextType": "PRINTED",
      "Geometry": {
        "BoundingBox": {
          "Width": 0.06759978085756302,
          "Height": 0.010228755883872509,
          "Left": 0.23591256141662598,
          "Top": 0.43693986535072327
        },
        "Polygon": [
          {
            "X": 0.23606619238853455,
            "Y": 0.4390595257282257
          },
          {
            "X": 0.3035123348236084,
            "Y": 0.43693986535072327
          },
          {
            "X": 0.30333617329597473,
            "Y": 0.4450850486755371
          },
          {
            "X": 0.23591256141662598,
            "Y": 0.44716861844062805
          }
        ]
      },
      "Id": "f2441860-550f-49e0-b289-848db7c5b742",
      "Page": 1
    },
    {
      "BlockType": "WORD",
      "Confidence": 99.65776062011719,
      "Text": "dados",
      "TextType": "PRINTED",
      "Geometry": {
        "BoundingBox": {
          "Width": 0.031408898532390594,
          "Height": 0.008715247735381126,
          "Left": 0.15335659682750702,
          "Top": 0.45371687412261963
        },
        "Polygon": [
          {
            "X": 0.15347817540168762,
            "Y": 0.4546736478805542
          },
          {
            "X": 0.1847655028104782,
            "Y": 0.45371687412261963
          },
          {
            "X": 0.1846340000629425,
            "Y": 0.4614914357662201
          },
          {
            "X": 0.15335659682750702,
            "Y": 0.4624321162700653
          }
        ]
      },
      "Id": "cb509ec8-b94e-44f3-a5d5-e401afb66b44",
      "Page": 1
    }
  ],
  "DetectDocumentTextModelVersion": "1.0"
}