{
  "DocumentMetadata": {
    "Pages": 1
  },
  "JobStatus": "SUCCEEDED",
  "Blocks": [
    {
      "BlockType": "PAGE",
      "Geometry": {
        "BoundingBox": {
          "Width": 0.7629861831665039,
          "Height": 0.5207836627960205,
          "Left": 0.04275493323802948,
          "Top": 0.08258078992366791
        },
        "Polygon": [
          {
            "X": 0.09305214136838913,
            "Y": 0.11674493551254272
          },
          {
            "X": 0.8057411313056946,
            "Y": 0.08258078992366791
          },
          {
            "X": 0.7872335314750671,
            "Y": 0.6033644080162048
          },
          {
            "X": 0.04275493323802948,
            "Y": 0.592954695224762
          }
        ]
      },
      "Id": "bf743da3-4722-4937-b48b-3a0e89f8cd6e",
      "Relationships": [
        {
          "Type": "CHILD",
          "Ids": [
            "47137932-65b0-4f3a-98ea-9b8b43ad9c6f",
            "fb06bd42-ed3a-4953-b4cf-b94785b30afe",
            "ab93d770-b469-4473-bcdd-c318edb80f6a",
            "9b352f0c-5387-411e-9a17-9cb11fe779ce",
            "adae658a-76e1-4d0c-80b0-6667fba59dba",
            "fe2fd690-b728-4a90-8b2e-67ba917c20c6",
            "5704d585-d07f-4499-9bc9-ee344eae5274",
            "af2f941d-6543-4060-8fcd-1bc03c421d81",
            "1ad3b737-68c2-4264-95f9-5534889bc5a7",
            "63489c5d-aae4-45f3-a2f6-85cb237c1788",
            "6d1db910-44c1-4825-93ba-c3ab139bd90f",
            "690dcc1f-a107-4702-98df-238fa97b093b",
            "9c8d1594-8d34-41cb-855f-f446653f6ff4",
            "d483a568-4e74-4ccc-9158-066ac3f57695",
            "ca76be30-da92-4ece-9887-a894052c1bf1",
            "011859c5-9f4a-403f-88c0-0e9c8ef76c15",
            "cffb579c-1aa5-4eca-837c-ce5d6fb84743",
            "298dde1d-c903-4ac4-8b49-64c640c99637",
            "83809496-55a3-4344-b6c5-1584f602bcdd",
            "f0f15966-4db0-4742-bcf4-074175210ade",
            "8309f2ae-4442-44b6-80c9-14cce8acf462",
            "87a852aa-6c98-432a-8efc-a6595cce6b58"
          ]
        }
      ],
      "Page": 1
    },
    {
      "BlockType": "LINE",
      "Confidence": 14.247496604919434,
      "Text": "NEW",
      "Geometry": {
        "BoundingBox": {
          "Width": 0.047394972294569016,
          "Height": 0.01133614033460617,
          "Left": 0.11854380369186401,
          "Top": 0.12444745749235153
        },
        "Polygon": [
          {
            "X": 0.1194881945848465,
            "Y": 0.1266072690486908
          },
          {
            "X": 0.16593877971172333,
            "Y": 0.12444745749235153
          },
          {
            "X": 0.16503091156482697,
            "Y": 0.13367703557014465
          },
          {
            "X": 0.11854380369186401,
            "Y": 0.1357835978269577
          }
        ]
      },
      "Id": "47137932-65b0-4f3a-98ea-9b8b43ad9c6f",
      "Relationships": [
        {
          "Type": "CHILD",
          "Ids": [
            "3646373c-f85d-41f2-85a5-e30e16aae907"
          ]
        }
      ],
      "Page": 1
    },
    {
      "BlockType": "LINE",
      "Confidence": 99.23240661621094,
      "Text": "Usar vários agentes ajuda",
      "Geometry": {
        "BoundingBox": {
          "Width": 0.4356967508792877,
          "Height": 0.04922521859407425,
          "Left": 0.12674936652183533,
          "Top": 0.17660053074359894
        },
        "Polygon": [
          {
            "X": 0.1300748586654663,
            "Y": 0.1929694265127182
          },
          {
            "X": 0.562446117401123,
            "Y": 0.17660053074359894
          },
          {
            "X": 0.5604009628295898,
            "Y": 0.2112431526184082
          },
          {
            "X": 0.12674936652183533,
            "Y": 0.2258257418870926
          }
        ]
      },
      "Id": "fb06bd42-ed3a-4953-b4cf-b94785b30afe",
      "Relationships": [
        {
          "Type": "CHILD",
          "Ids": [
            "26769a5a-8eac-4cff-92e4-5b92ee12d36b",
            "029b1d69-42e3-4e57-8da6-da7e42cf8c9d",
            "d5be03df-6f50-49d0-9c57-2d3dc32d6024",
            "f2138d7b-326d-4be9-83cd-e3ef142d7d6c"
          ]
        }
      ],
      "Page": 1
    },
    {
      "BlockType": "LINE",
      "Confidence": 99.00157165527344,
      "Text": "Especialista",
      "Geometry": {
        "BoundingBox": {
          "Width": 0.06632295250892639,
          "Height": 0.011525153182446957,
          "Left": 0.5240899920463562,
          "Top": 0.26076018810272217
        },
        "Polygon": [
          {
            "X": 0.5246946215629578,
            "Y": 0.26256516575813293
          },
          {
            "X": 0.5904129147529602,
            "Y": 0.26076018810272217
          },
          {
            "X": 0.5898658633232117,
            "Y": 0.2705572545528412
          },
          {
            "X": 0.5240899920463562,
            "Y": 0.2722853422164917
          }
        ]
      },
      "Id": "ab93d770-b469-4473-bcdd-c318edb80f6a",
      "Relationships": [
        {
          "Type": "CHILD",
          "Ids": [
            "0eabf421-9bfa-444b-a839-8d4e9283b81f"
          ]
        }
      ],
      "Page": 1
    },
    {
      "BlockType": "LINE",
      "Confidence": 99.78433227539062,
      "Text": "App de folgas",
      "Geometry": {
        "BoundingBox": {
          "Width": 0.07340488582849503,
          "Height": 0.012453993782401085,
          "Left": 0.3552137613296509,
          "Top": 0.27172279357910156
        },
        "Polygon": [
          {
            "X": 0.35603955388069153,
            "Y": 0.27365732192993164
          },
          {
            "X": 0.4286186695098877,
            "Y": 0.27172279357910156
          },
          {
            "X": 0.4278600513935089,
            "Y": 0.28233620524406433
          },
          {
            "X": 0.3552137613296509,
            "Y": 0.284176766872406
          }
        ]
      },
      "Id": "9b352f0c-5387-411e-9a17-9cb11fe779ce",
      "Relationships": [
        {
          "Type": "CHILD",
          "Ids": [
            "18f428c2-58e3-4134-969c-0e6e2bdca85f",
            "407b7acf-6851-48a3-bd1f-cc83db0b5338",
            "ae5df8d8-75dd-43a1-b758-ffe09b90248c"
          ]
        }
      ],
      "Page": 1
    },
    {
      "BlockType": "LINE",
      "Confidence": 99.53485870361328,
      "Text": "em folgas",
      "Geometry": {
        "BoundingBox": {
          "Width": 0.055784184485673904,
          "Height": 0.010608845390379429,
          "Left": 0.5284460783004761,
          "Top": 0.2718352973461151
        },
        "Polygon": [
          {
            "X": 0.5290118455886841,
            "Y": 0.2732784152030945
          },
          {
            "X": 0.5842302441596985,
            "Y": 0.2718352973461151
          },
          {
            "X": 0.5837100744247437,
            "Y": 0.2810620069503784
          },
          {
            "X": 0.5284460783004761,
            "Y": 0.28244414925575256
          }
        ]
      },
      "Id": "adae658a-76e1-4d0c-80b0-6667fba59dba",
      "Relationships": [
        {
          "Type": "CHILD",
          "Ids": [
            "284cdbde-b8a0-4471-819c-bfa181a20deb",
            "f4d8985f-5578-4366-918b-677c0dbb0b8a"
          ]
        }
      ],
      "Page": 1
    },
    {
      "BlockType": "LINE",
      "Confidence": 99.54889678955078,
      "Text": "Regras de",
      "Geometry": {
        "BoundingBox": {
          "Width": 0.05910717323422432,
          "Height": 0.011489949189126492,
          "Left": 0.6403419971466064,
          "Top": 0.2861548662185669
        },
        "Polygon": [
          {
            "X": 0.6408541798591614,
            "Y": 0.2875639796257019
          },
          {
            "X": 0.6994491815567017,
            "Y": 0.2861548662185669
          },
          {
            "X": 0.6989910006523132,
            "Y": 0.29630598425865173
          },
          {
            "X": 0.6403419971466064,
            "Y": 0.29764482378959656
          }
        ]
      },
      "Id": "fe2fd690-b728-4a90-8b2e-67ba917c20c6",
      "Relationships": [
        {
          "Type": "CHILD",
          "Ids": [
            "c3d46e26-cb25-4cba-8962-c937e05c6c8f",
            "f4aee144-0c14-468a-a314-a312922b6a17"
          ]
        }
      ],
      "Page": 1
    },
    {
      "BlockType": "LINE",
      "Confidence": 97.98571014404297,
      "Text": "Posso obter uma licença",
      "Geometry": {
        "BoundingBox": {
          "Width": 0.10482199490070343,
          "Height": 0.010738139040768147,
          "Left": 0.22516511380672455,
          "Top": 0.3017844259738922
        },
        "Polygon": [
          {
            "X": 0.2259213775396347,
            "Y": 0.30419862270355225
          },
          {
            "X": 0.329987108707428,
            "Y": 0.3017844259738922
          },
          {
            "X": 0.3293056786060333,
            "Y": 0.310217022895813
          },
          {
            "X": 0.22516511380672455,
            "Y": 0.3125225603580475
          }
        ]
      },
      "Id": "5704d585-d07f-4499-9bc9-ee344eae5274",
      "Relationships": [
        {
          "Type": "CHILD",
          "Ids": [
            "eb6a0fa0-17bb-4baa-ac2d-e88a089a9103",
            "1abb8dfd-64fa-4eda-a818-99205c5c936d",
            "810f5a05-a9c1-44db-be0f-48ae90ea1b90",
            "e00f2f5d-5195-47f9-a654-ec00d4cc4ac3"
          ]
        }
      ],
      "Page": 1
    },
    {
      "BlockType": "LINE",
      "Confidence": 98.6959457397461,
      "Text": "médica prolongada?",
      "Geometry": {
        "BoundingBox": {
          "Width": 0.08925653994083405,
          "Height": 0.010755788534879684,
          "Left": 0.2321578711271286,
          "Top": 0.31109583377838135
        },
        "Polygon": [
          {
            "X": 0.23295119404792786,
            "Y": 0.3130464255809784
          },
          {
            "X": 0.32141441106796265,
            "Y": 0.31109583377838135
          },
          {
            "X": 0.32068824768066406,
            "Y": 0.31999874114990234
          },
          {
            "X": 0.2321578711271286,
            "Y": 0.32185161113739014
          }
        ]
      },
      "Id": "af2f941d-6543-4060-8fcd-1bc03c421d81",
      "Relationships": [
        {
          "Type": "CHILD",
          "Ids": [
            "8d732d04-7181-45f2-b4bf-9514ee879ceb",
            "31698cbf-162b-4f31-8315-9bcffc21c4a0"
          ]
        }
      ],
      "Page": 1
    },
    {
      "BlockType": "LINE",
      "Confidence": 99.75563049316406,
      "Text": "2",
      "Geometry": {
        "BoundingBox": {
          "Width": 0.00859945360571146,
          "Height": 0.008645754307508469,
          "Left": 0.46667081117630005,
          "Top": 0.3032321333885193
        },
        "Polygon": [
          {
            "X": 0.4672423005104065,
            "Y": 0.30341359972953796
          },
          {
            "X": 0.47527024149894714,
            "Y": 0.3032321333885193
          },
          {
            "X": 0.474704772233963,
            "Y": 0.31170469522476196
          },
          {
            "X": 0.46667081117630005,
            "Y": 0.31187787652015686
          }
        ]
      },
      "Id": "1ad3b737-68c2-4264-95f9-5534889bc5a7",
      "Relationships": [
        {
          "Type": "CHILD",
          "Ids": [
            "5d7a0551-565e-4286-8e7f-cc9134afbdb3"
          ]
        }
      ],
      "Page": 1
    },
    {
      "BlockType": "LINE",
      "Confidence": 93.8808822631836,
      "Text": "licenças",
      "Geometry": {
        "BoundingBox": {
          "Width": 0.048410460352897644,
          "Height": 0.011123768985271454,
          "Left": 0.644902765750885,
          "Top": 0.2975601851940155
        },
        "Polygon": [
          {
            "X": 0.6454077363014221,
            "Y": 0.29864728450775146
          },
          {
            "X": 0.6933132410049438,
            "Y": 0.2975601851940155
          },
          {
            "X": 0.6928521394729614,
            "Y": 0.30765411257743835
          },
          {
            "X": 0.644902765750885,
            "Y": 0.30868396162986755
          }
        ]
      },
      "Id": "63489c5d-aae4-45f3-a2f6-85cb237c1788",
      "Relationships": [
        {
          "Type": "CHILD",
          "Ids": [
            "7586dc8a-91c0-488f-8592-33b554bba370"
          ]
        }
      ],
      "Page": 1
    },
    {
      "BlockType": "LINE",
      "Confidence": 98.95638275146484,
      "Text": "2",
      "Geometry": {
        "BoundingBox": {
          "Width": 0.007475024089217186,
          "Height": 0.007532741408795118,
          "Left": 0.18735763430595398,
          "Top": 0.32027924060821533
        },
        "Polygon": [
          {
            "X": 0.1880549043416977,
            "Y": 0.3204231560230255
          },
          {
            "X": 0.19483265280723572,
            "Y": 0.32027924060821533
          },
          {
            "X": 0.19413961470127106,
            "Y": 0.32767441868782043
          },
          {
            "X": 0.18735763430595398,
            "Y": 0.32781198620796204
          }
        ]
      },
      "Id": "6d1db910-44c1-4825-93ba-c3ab139bd90f",
      "Relationships": [
        {
          "Type": "CHILD",
          "Ids": [
            "859d2c15-62b3-48d8-83a5-0a5311592432"
          ]
        }
      ],
      "Page": 1
    },
    {
      "BlockType": "LINE",
      "Confidence": 95.21637725830078,
      "Text": "D",
      "Geometry": {
        "BoundingBox": {
          "Width": 0.005042477510869503,
          "Height": 0.005069822538644075,
          "Left": 0.5443973541259766,
          "Top": 0.3133372366428375
        },
        "Polygon": [
          {
            "X": 0.5446953773498535,
            "Y": 0.31343764066696167
          },
          {
            "X": 0.5494398474693298,
            "Y": 0.3133372366428375
          },
          {
            "X": 0.54914391040802,
            "Y": 0.3183095157146454
          },
          {
            "X": 0.5443973541259766,
            "Y": 0.3184070587158203
          }
        ]
      },
      "Id": "690dcc1f-a107-4702-98df-238fa97b093b",
      "Relationships": [
        {
          "Type": "CHILD",
          "Ids": [
            "47892030-3ce1-477d-9062-8c846538d320"
          ]
        }
      ],
      "Page": 1
    },
    {
      "BlockType": "LINE",
      "Confidence": 97.38954162597656,
      "Text": "Uma licença médica é",
      "Geometry": {
        "BoundingBox": {
          "Width": 0.09517215937376022,
          "Height": 0.010986626148223877,
          "Left": 0.23209790885448456,
          "Top": 0.3264641761779785
        },
        "Polygon": [
          {
            "X": 0.2329157441854477,
            "Y": 0.3283604383468628
          },
          {
            "X": 0.3272700607776642,
            "Y": 0.3264641761779785
          },
          {
            "X": 0.32652613520622253,
            "Y": 0.3356623351573944
          },
          {
            "X": 0.23209790885448456,
            "Y": 0.3374508023262024
          }
        ]
      },
      "Id": "9c8d1594-8d34-41cb-855f-f446653f6ff4",
      "Relationships": [
        {
          "Type": "CHILD",
          "Ids": [
            "1b37962d-ca26-42d3-b7c0-730d17f23b5c",
            "a2300a65-528f-4380-b929-49786b0a703e",
            "e4a42d36-7eac-48a0-b5ca-6a91ce52ab62",
            "7db20634-23a9-4845-bdd5-c1396c91e70f"
          ]
        }
      ],
      "Page": 1
    },
    {
      "BlockType": "LINE",
      "Confidence": 98.3892822265625,
      "Text": "permitida quando...",
      "Geometry": {
        "BoundingBox": {
          "Width": 0.08714841306209564,
          "Height": 0.010560580529272556,
          "Left": 0.23445537686347961,
          "Top": 0.3361228406429291
        },
        "Polygon": [
          {
            "X": 0.23525597155094147,
            "Y": 0.3377542495727539
          },
          {
            "X": 0.32160380482673645,
            "Y": 0.3361228406429291
          },
          {
            "X": 0.3208695352077484,
            "Y": 0.3451489508152008
          },
          {
            "X": 0.23445537686347961,
            "Y": 0.34668341279029846
          }
        ]
      },
      "Id": "d483a568-4e74-4ccc-9158-066ac3f57695",
      "Relationships": [
        {
          "Type": "CHILD",
          "Ids": [
            "cdbf4bd5-9776-46a0-a2f1-00a900c825d1",
            "a02e42d0-cb4a-4d3b-a8e7-3bc4fdf99547"
          ]
        }
      ],
      "Page": 1
    },
    {
      "BlockType": "LINE",
      "Confidence": 97.03929138183594,
      "Text": "App de licenças",
      "Geometry": {
        "BoundingBox": {
          "Width": 0.08267588168382645,
          "Height": 0.011381407268345356,
          "Left": 0.34595999121665955,
          "Top": 0.33554521203041077
        },
        "Polygon": [
          {
            "X": 0.34673723578453064,
            "Y": 0.3370778262615204
          },
          {
            "X": 0.4286358654499054,
            "Y": 0.33554521203041077
          },
          {
            "X": 0.42792919278144836,
            "Y": 0.34549397230148315
          },
          {
            "X": 0.34595999121665955,
            "Y": 0.34692659974098206
          }
        ]
      },
      "Id": "ca76be30-da92-4ece-9887-a894052c1bf1",
      "Relationships": [
        {
          "Type": "CHILD",
          "Ids": [
            "f63ee2a2-8d73-429d-8e30-ce2527b6054e",
            "1be36829-88ab-4122-af24-08928be343db",
            "474ad771-98ce-4277-9adb-1c7d15013422"
          ]
        }
      ],
      "Page": 1
    },
    {
      "BlockType": "LINE",
      "Confidence": 98.74375915527344,
      "Text": "Especialista",
      "Geometry": {
        "BoundingBox": {
          "Width": 0.06703685224056244,
          "Height": 0.011087913997471333,
          "Left": 0.5192598700523376,
          "Top": 0.33529239892959595
        },
        "Polygon": [
          {
            "X": 0.519873857498169,
            "Y": 0.33651354908943176
          },
          {
            "X": 0.5862966775894165,
            "Y": 0.33529239892959595
          },
          {
            "X": 0.585741400718689,
            "Y": 0.34523865580558777
          },
          {
            "X": 0.5192598700523376,
            "Y": 0.3463802933692932
          }
        ]
      },
      "Id": "011859c5-9f4a-403f-88c0-0e9c8ef76c15",
      "Relationships": [
        {
          "Type": "CHILD",
          "Ids": [
            "b552e2c8-71f5-4b4c-8a7e-5018fb8fc7bd"
          ]
        }
      ],
      "Page": 1
    },
    {
      "BlockType": "LINE",
      "Confidence": 94.65724182128906,
      "Text": "em licenças",
      "Geometry": {
        "BoundingBox": {
          "Width": 0.06678561121225357,
          "Height": 0.010147644206881523,
          "Left": 0.5188249945640564,
          "Top": 0.34636709094047546
        },
        "Polygon": [
          {
            "X": 0.5193861126899719,
            "Y": 0.3474951982498169
          },
          {
            "X": 0.5856106281280518,
            "Y": 0.34636709094047546
          },
          {
            "X": 0.585102915763855,
            "Y": 0.35545915365219116
          },
          {
            "X": 0.5188249945640564,
            "Y": 0.35651472210884094
          }
        ]
      },
      "Id": "cffb579c-1aa5-4eca-837c-ce5d6fb84743",
      "Relationships": [
        {
          "Type": "CHILD",
          "Ids": [
            "d5ea5e99-2322-4b04-8042-d5dfb6bccd7d",
            "15710494-7711-46bf-be91-02851ba1dcbb"
          ]
        }
      ],
      "Page": 1
    },
    {
      "BlockType": "LINE",
      "Confidence": 93.26002502441406,
      "Text": "Políticas",
      "Geometry": {
        "BoundingBox": {
          "Width": 0.052007343620061874,
          "Height": 0.009277849458158016,
          "Left": 0.6386884450912476,
          "Top": 0.3674710690975189
        },
        "Polygon": [
          {
            "X": 0.6391204595565796,
            "Y": 0.3682073652744293
          },
          {
            "X": 0.6906957626342773,
            "Y": 0.3674710690975189
          },
          {
            "X": 0.6903036236763,
            "Y": 0.3760654628276825
          },
          {
            "X": 0.6386884450912476,
            "Y": 0.3767489194869995
          }
        ]
      },
      "Id": "298dde1d-c903-4ac4-8b49-64c640c99637",
      "Relationships": [
        {
          "Type": "CHILD",
          "Ids": [
            "b5f65cd0-f929-401b-b476-be27dfa20544"
          ]
        }
      ],
      "Page": 1
    },
    {
      "BlockType": "LINE",
      "Confidence": 99.8851547241211,
      "Text": "de RH",
      "Geometry": {
        "BoundingBox": {
          "Width": 0.036320798099040985,
          "Height": 0.008132867515087128,
          "Left": 0.6453564763069153,
          "Top": 0.37949255108833313
        },
        "Polygon": [
          {
            "X": 0.6457391977310181,
            "Y": 0.379954069852829
          },
          {
            "X": 0.6816772818565369,
            "Y": 0.37949255108833313
          },
          {
            "X": 0.681319534778595,
            "Y": 0.38719698786735535
          },
          {
            "X": 0.6453564763069153,
            "Y": 0.38762542605400085
          }
        ]
      },
      "Id": "83809496-55a3-4344-b6c5-1584f602bcdd",
      "Relationships": [
        {
          "Type": "CHILD",
          "Ids": [
            "0c8ef007-85d1-40c5-a9fa-17b0e7867353",
            "3c45ba8e-1a58-4a04-870f-ffec319933b8"
          ]
        }
      ],
      "Page": 1
    },
    {
      "BlockType": "LINE",
      "Confidence": 99.2137222290039,
      "Text": "App de promoção",
      "Geometry": {
        "BoundingBox": {
          "Width": 0.0948968231678009,
          "Height": 0.011217424646019936,
          "Left": 0.3347862958908081,
          "Top": 0.39962801337242126
        },
        "Polygon": [
          {
            "X": 0.33559781312942505,
            "Y": 0.4006384611129761
          },
          {
            "X": 0.429683119058609,
            "Y": 0.39962801337242126
          },
          {
            "X": 0.4289551079273224,
            "Y": 0.4099549651145935
          },
          {
            "X": 0.3347862958908081,
            "Y": 0.41084542870521545
          }
        ]
      },
      "Id": "f0f15966-4db0-4742-bcf4-074175210ade",
      "Relationships": [
        {
          "Type": "CHILD",
          "Ids": [
            "3ec49c15-f9f4-42ba-97a2-07773d05b137",
            "6a65e816-ca11-4a9b-9cfc-200eb2a907b7",
            "b842256c-06f2-4bed-be65-ba48afdd879d"
          ]
        }
      ],
      "Page": 1
    },
    {
      "BlockType": "LINE",
      "Confidence": 98.86014556884766,
      "Text": "Especialista",
      "Geometry": {
        "BoundingBox": {
          "Width": 0.06748821586370468,
          "Height": 0.010477915406227112,
          "Left": 0.5146746039390564,
          "Top": 0.4108444154262543
        },
        "Polygon": [
          {
            "X": 0.5152884125709534,
            "Y": 0.41145768761634827
          },
          {
            "X": 0.5821627974510193,
            "Y": 0.4108444154262543
          },
          {
            "X": 0.5816075801849365,
            "Y": 0.4207897484302521
          },
          {
            "X": 0.5146746039390564,
            "Y": 0.4213223159313202
          }
        ]
      },
      "Id": "8309f2ae-4442-44b6-80c9-14cce8acf462",
      "Relationships": [
        {
          "Type": "CHILD",
          "Ids": [
            "2840eb9c-51d4-4e3a-81b2-6f01d2b4fc4e"
          ]
        }
      ],
      "Page": 1
    },
    {
      "BlockType": "LINE",
      "Confidence": 98.76251983642578,
      "Text": "em promoção",
      "Geometry": {
        "BoundingBox": {
          "Width": 0.07941034436225891,
          "Height": 0.01087932288646698,
          "Left": 0.5082620978355408,
          "Top": 0.42186063528060913
        },
        "Polygon": [
          {
            "X": 0.5089063048362732,
            "Y": 0.4224766194820404
          },
          {
            "X": 0.5876724123954773,
            "Y": 0.42186063528060913
          },
          {
            "X": 0.5871000289916992,
            "Y": 0.43222305178642273
          },
          {
            "X": 0.5082620978355408,
            "Y": 0.4327399730682373
          }
        ]
      },
      "Id": "87a852aa-6c98-432a-8efc-a6595cce6b58",
      "Relationships": [
        {
          "Type": "CHILD",
          "Ids": [
            "7891caf8-cbcc-4a57-8873-e00d73b6286d",
            "04c55110-efd2-4b7c-be7d-d5afea1aed83"
          ]
        }
      ],
      "Page": 1
    },
    {
      "BlockType": "WORD",
      "Confidence": 14.247496604919434,
      "Text": "NEW",
      "TextType": "PRINTED",
      "Geometry": {
        "BoundingBox": {
          "Width": 0.047394972294569016,
          "Height": 0.01133614033460617,
          "Left": 0.11854380369186401,
          "Top": 0.12444745749235153
        },
        "Polygon": [
          {
            "X": 0.1194881945848465,
            "Y": 0.1266072690486908
          },
          {
            "X": 0.16593877971172333,
            "Y": 0.12444745749235153
          },
          {
            "X": 0.16503091156482697,
            "Y": 0.13367703557014465
          },
          {
            "X": 0.11854380369186401,
            "Y": 0.1357835978269577
          }
        ]
      },
      "Id": "3646373c-f85d-41f2-85a5-e30e16aae907",
      "Page": 1
    },
    {
      "BlockType": "WORD",
      "Confidence": 99.8538818359375,
      "Text": "Usar",
      "TextType": "PRINTED",
      "Geometry": {
        "BoundingBox": {
          "Width": 0.06289955228567123,
          "Height": 0.01843681000173092,
          "Left": 0.12674936652183533,
          "Top": 0.20738893747329712
        },
        "Polygon": [
          {
            "X": 0.12839394807815552,
            "Y": 0.20957697927951813
          },
          {
            "X": 0.18964891135692596,
            "Y": 0.20738893747329712
          },
          {
            "X": 0.18808920681476593,
            "Y": 0.22376304864883423
          },
          {
            "X": 0.12674936652183533,
            "Y": 0.2258257418870926
          }
        ]
      },
      "Id": "26769a5a-8eac-4cff-92e4-5b92ee12d36b",
      "Page": 1
    },
    {
      "BlockType": "WORD",
      "Confidence": 98.22513580322266,
      "Text": "vários",
      "TextType": "PRINTED",
      "Geometry": {
        "BoundingBox": {
          "Width": 0.09989341348409653,
          "Height": 0.023738626390695572,
          "Left": 0.20507337152957916,
          "Top": 0.19636750221252441
        },
        "Polygon": [
          {
            "X": 0.2069602757692337,
            "Y": 0.19995379447937012
          },
          {
            "X": 0.3049667775630951,
            "Y": 0.19636750221252441
          },
          {
            "X": 0.30325156450271606,
            "Y": 0.2167658656835556
          },
          {
            "X": 0.20507337152957916,
            "Y": 0.2201061248779297
          }
        ]
      },
      "Id": "029b1d69-42e3-4e57-8da6-da7e42cf8c9d",
      "Page": 1
    },
    {
      "BlockType": "WORD",
      "Confidence": 99.55010986328125,
      "Text": "agentes",
      "TextType": "PRINTED",
      "Geometry": {
        "BoundingBox": {
          "Width": 0.12443064153194427,
          "Height": 0.02858775667846203,
          "Left": 0.32280656695365906,
          "Top": 0.18671932816505432
        },
        "Polygon": [
          {
            "X": 0.3247823715209961,
            "Y": 0.19126777350902557
          },
          {
            "X": 0.4472372233867645,
            "Y": 0.18671932816505432
          },
          {
            "X": 0.44552314281463623,
            "Y": 0.21111969649791718
          },
          {
            "X": 0.32280656695365906,
            "Y": 0.2153070867061615
          }
        ]
      },
      "Id": "d5be03df-6f50-49d0-9c57-2d3dc32d6024",
      "Page": 1
    },
    {
      "BlockType": "WORD",
      "Confidence": 99.30049133300781,
      "Text": "ajuda",
      "TextType": "PRINTED",
      "Geometry": {
        "BoundingBox": {
          "Width": 0.09484750777482986,
          "Height": 0.028853392228484154,
          "Left": 0.4675986170768738,
          "Top": 0.17660053074359894
        },
        "Polygon": [
          {
            "X": 0.4693242311477661,
            "Y": 0.18012598156929016
          },
          {
            "X": 0.562446117401123,
            "Y": 0.17660053074359894
          },
          {
            "X": 0.5609341263771057,
            "Y": 0.20221231877803802
          },
          {
            "X": 0.4675986170768738,
            "Y": 0.20545391738414764
          }
        ]
      },
      "Id": "f2138d7b-326d-4be9-83cd-e3ef142d7d6c",
      "Page": 1
    },
    {
      "BlockType": "WORD",
      "Confidence": 99.00157165527344,
      "Text": "Especialista",
      "TextType": "PRINTED",
      "Geometry": {
        "BoundingBox": {
          "Width": 0.06632295250892639,
          "Height": 0.011525153182446957,
          "Left": 0.5240899920463562,
          "Top": 0.26076018810272217
        },
        "Polygon": [
          {
            "X": 0.5246946215629578,
            "Y": 0.26256516575813293
          },
          {
            "X": 0.5904129147529602,
            "Y": 0.26076018810272217
          },
          {
            "X": 0.5898658633232117,
            "Y": 0.2705572545528412
          },
          {
            "X": 0.5240899920463562,
            "Y": 0.2722853422164917
          }
        ]
      },
      "Id": "0eabf421-9bfa-444b-a839-8d4e9283b81f",
      "Page": 1
    },
    {
      "BlockType": "WORD",
      "Confidence": 99.89684295654297,
      "Text": "App",
      "TextType": "PRINTED",
      "Geometry": {
        "BoundingBox": {
          "Width": 0.02167491987347603,
          "Height": 0.009580531157553196,
          "Left": 0.3552137613296509,
          "Top": 0.274596244096756
        },
        "Polygon": [
          {
            "X": 0.35592228174209595,
            "Y": 0.27515116333961487
          },
          {
            "X": 0.3768886923789978,
            "Y": 0.274596244096756
          },
          {
            "X": 0.3761967122554779,
            "Y": 0.2836451530456543
          },
          {
            "X": 0.3552137613296509,
            "Y": 0.284176766872406
          }
        ]
      },
      "Id": "18f428c2-58e3-4134-969c-0e6e2bdca85f",
      "Page": 1
    },
    {
      "BlockType": "WORD",
      "Confidence": 99.9051513671875,
      "Text": "de",
      "TextType": "PRINTED",
      "Geometry": {
        "BoundingBox": {
          "Width": 0.013450907543301582,
          "Height": 0.007945957593619823,
          "Left": 0.3795661926269531,
          "Top": 0.27363231778144836
        },
        "Polygon": [
          {
            "X": 0.3801453709602356,
            "Y": 0.27397385239601135
          },
          {
            "X": 0.39301711320877075,
            "Y": 0.27363231778144836
          },
          {
            "X": 0.39244651794433594,
            "Y": 0.28124871850013733
          },
          {
            "X": 0.3795661926269531,
            "Y": 0.28157827258110046
          }
        ]
      },
      "Id": "407b7acf-6851-48a3-bd1f-cc83db0b5338",
      "Page": 1
    },
    {
      "BlockType": "WORD",
      "Confidence": 99.55099487304688,
      "Text": "folgas",
      "TextType": "PRINTED",
      "Geometry": {
        "BoundingBox": {
          "Width": 0.0333150178194046,
          "Height": 0.010915526188910007,
          "Left": 0.3953036367893219,
          "Top": 0.27172279357910156
        },
        "Polygon": [
          {
            "X": 0.3960534632205963,
            "Y": 0.2725907862186432
          },
          {
            "X": 0.4286186695098877,
            "Y": 0.27172279357910156
          },
          {
            "X": 0.4278976619243622,
            "Y": 0.28181037306785583
          },
          {
            "X": 0.3953036367893219,
            "Y": 0.2826383113861084
          }
        ]
      },
      "Id": "ae5df8d8-75dd-43a1-b758-ffe09b90248c",
      "Page": 1
    },
    {
      "BlockType": "WORD",
      "Confidence": 99.56456756591797,
      "Text": "em",
      "TextType": "PRINTED",
      "Geometry": {
        "BoundingBox": {
          "Width": 0.017264017835259438,
          "Height": 0.006201684009283781,
          "Left": 0.5285136103630066,
          "Top": 0.2751486301422119
        },
        "Polygon": [
          {
            "X": 0.5288693904876709,
            "Y": 0.27558574080467224
          },
          {
            "X": 0.5457776188850403,
            "Y": 0.2751486301422119
          },
          {
            "X": 0.5454305410385132,
            "Y": 0.2809249460697174
          },
          {
            "X": 0.5285136103630066,
            "Y": 0.281350314617157
          }
        ]
      },
      "Id": "284cdbde-b8a0-4471-819c-bfa181a20deb",
      "Page": 1
    },
    {
      "BlockType": "WORD",
      "Confidence": 99.5051498413086,
      "Text": "folgas",
      "TextType": "PRINTED",
      "Geometry": {
        "BoundingBox": {
          "Width": 0.034936193376779556,
          "Height": 0.01008744165301323,
          "Left": 0.5492940545082092,
          "Top": 0.2718352973461151
        },
        "Polygon": [
          {
            "X": 0.5498427152633667,
            "Y": 0.27273398637771606
          },
          {
            "X": 0.5842302441596985,
            "Y": 0.2718352973461151
          },
          {
            "X": 0.5837100744247437,
            "Y": 0.2810620069503784
          },
          {
            "X": 0.5492940545082092,
            "Y": 0.28192275762557983
          }
        ]
      },
      "Id": "f4d8985f-5578-4366-918b-677c0dbb0b8a",
      "Page": 1
    },
    {
      "BlockType": "WORD",
      "Confidence": 99.22157287597656,
      "Text": "Regras",
      "TextType": "PRINTED",
      "Geometry": {
        "BoundingBox": {
          "Width": 0.040760304778814316,
          "Height": 0.010319162160158157,
          "Left": 0.6403419971466064,
          "Top": 0.2873256504535675
        },
        "Polygon": [
          {
            "X": 0.6408172249794006,
            "Y": 0.28829091787338257
          },
          {
            "X": 0.6811023354530334,
            "Y": 0.2873256504535675
          },
          {
            "X": 0.6806614398956299,
            "Y": 0.296724408864975
          },
          {
            "X": 0.6403419971466064,
            "Y": 0.29764482378959656
          }
        ]
      },
      "Id": "c3d46e26-cb25-4cba-8962-c937e05c6c8f",
      "Page": 1
    },
    {
      "BlockType": "WORD",
      "Confidence": 99.87622833251953,
      "Text": "de",
      "TextType": "PRINTED",
      "Geometry": {
        "BoundingBox": {
          "Width": 0.015160642564296722,
          "Height": 0.008101243525743484,
          "Left": 0.6842885613441467,
          "Top": 0.2861548662185669
        },
        "Polygon": [
          {
            "X": 0.6846492290496826,
            "Y": 0.28651079535484314
          },
          {
            "X": 0.6994491815567017,
            "Y": 0.2861548662185669
          },
          {
            "X": 0.6990990042686462,
            "Y": 0.29391375184059143
          },
          {
            "X": 0.6842885613441467,
            "Y": 0.2942561209201813
          }
        ]
      },
      "Id": "f4aee144-0c14-468a-a314-a312922b6a17",
      "Page": 1
    },
    {
      "BlockType": "WORD",
      "Confidence": 98.93560791015625,
      "Text": "Posso",
      "TextType": "PRINTED",
      "Geometry": {
        "BoundingBox": {
          "Width": 0.024615634232759476,
          "Height": 0.0071508679538965225,
          "Left": 0.22516511380672455,
          "Top": 0.3053716719150543
        },
        "Polygon": [
          {
            "X": 0.225764662027359,
            "Y": 0.30592355132102966
          },
          {
            "X": 0.24978074431419373,
            "Y": 0.3053716719150543
          },
          {
            "X": 0.24919472634792328,
            "Y": 0.31199055910110474
          },
          {
            "X": 0.22516511380672455,
            "Y": 0.3125225603580475
          }
        ]
      },
      "Id": "eb6a0fa0-17bb-4baa-ac2d-e88a089a9103",
      "Page": 1
    },
    {
      "BlockType": "WORD",
      "Confidence": 99.45301818847656,
      "Text": "obter",
      "TextType": "PRINTED",
      "Geometry": {
        "BoundingBox": {
          "Width": 0.024685198441147804,
          "Height": 0.007581192068755627,
          "Left": 0.2512332499027252,
          "Top": 0.3041662275791168
        },
        "Polygon": [
          {
            "X": 0.25185397267341614,
            "Y": 0.30472105741500854
          },
          {
            "X": 0.27591845393180847,
            "Y": 0.3041662275791168
          },
          {
            "X": 0.27531224489212036,
            "Y": 0.31121373176574707
          },
          {
            "X": 0.2512332499027252,
            "Y": 0.3117474317550659
          }
        ]
      },
      "Id": "1abb8dfd-64fa-4eda-a818-99205c5c936d",
      "Page": 1
    },
    {
      "BlockType": "WORD",
      "Confidence": 99.6183090209961,
      "Text": "uma",
      "TextType": "PRINTED",
      "Geometry": {
        "BoundingBox": {
          "Width": 0.019909601658582687,
          "Height": 0.005869564600288868,
          "Left": 0.27705711126327515,
          "Top": 0.3045244514942169
        },
        "Polygon": [
          {
            "X": 0.2775227427482605,
            "Y": 0.3049706816673279
          },
          {
            "X": 0.2969667315483093,
            "Y": 0.3045244514942169
          },
          {
            "X": 0.29651015996932983,
            "Y": 0.3099609315395355
          },
          {
            "X": 0.27705711126327515,
            "Y": 0.3103940188884735
          }
        ]
      },
      "Id": "810f5a05-a9c1-44db-be0f-48ae90ea1b90",
      "Page": 1
    },
    {
      "BlockType": "WORD",
      "Confidence": 93.93589782714844,
      "Text": "licença",
      "TextType": "PRINTED",
      "Geometry": {
        "BoundingBox": {
          "Width": 0.031542982906103134,
          "Height": 0.009011480957269669,
          "Left": 0.29844412207603455,
          "Top": 0.3017844259738922
        },
        "Polygon": [
          {
            "X": 0.29913920164108276,
            "Y": 0.30250003933906555
          },
          {
            "X": 0.329987108707428,
            "Y": 0.3017844259738922
          },
          {
            "X": 0.3293141722679138,
            "Y": 0.3101120591163635
          },
          {
            "X": 0.29844412207603455,
            "Y": 0.3107959032058716
          }
        ]
      },
      "Id": "e00f2f5d-5195-47f9-a654-ec00d4cc4ac3",
      "Page": 1
    },
    {
      "BlockType": "WORD",
      "Confidence": 97.77391052246094,
      "Text": "médica",
      "TextType": "PRINTED",
      "Geometry": {
        "BoundingBox": {
          "Width": 0.0312734879553318,
          "Height": 0.007719328161329031,
          "Left": 0.23220942914485931,
          "Top": 0.31356003880500793
        },
        "Polygon": [
          {
            "X": 0.23284447193145752,
            "Y": 0.3142310082912445
          },
          {
            "X": 0.263482928276062,
            "Y": 0.31356003880500793
          },
          {
            "X": 0.262866348028183,
            "Y": 0.32063552737236023
          },
          {
            "X": 0.23220942914485931,
            "Y": 0.321279376745224
          }
        ]
      },
      "Id": "8d732d04-7181-45f2-b4bf-9514ee879ceb",
      "Page": 1
    },
    {
      "BlockType": "WORD",
      "Confidence": 99.61798858642578,
      "Text": "prolongada?",
      "TextType": "PRINTED",
      "Geometry": {
        "BoundingBox": {
          "Width": 0.05663356930017471,
          "Height": 0.010073017328977585,
          "Left": 0.26478084921836853,
          "Top": 0.31109583377838135
        },
        "Polygon": [
          {
            "X": 0.2655496299266815,
            "Y": 0.31232762336730957
          },
          {
            "X": 0.32141441106796265,
            "Y": 0.31109583377838135
          },
          {
            "X": 0.32068824768066406,
            "Y": 0.31999874114990234
          },
          {
            "X": 0.26478084921836853,
            "Y": 0.32116883993148804
          }
        ]
      },
      "Id": "31698cbf-162b-4f31-8315-9bcffc21c4a0",
      "Page": 1
    },
    {
      "BlockType": "WORD",
      "Confidence": 99.75563049316406,
      "Text": "2",
      "TextType": "PRINTED",
      "Geometry": {
        "BoundingBox": {
          "Width": 0.00859945360571146,
          "Height": 0.008645754307508469,
          "Left": 0.46667081117630005,
          "Top": 0.3032321333885193
        },
        "Polygon": [
          {
            "X": 0.4672423005104065,
            "Y": 0.30341359972953796
          },
          {
            "X": 0.47527024149894714,
            "Y": 0.3032321333885193
          },
          {
            "X": 0.474704772233963,
            "Y": 0.31170469522476196
          },
          {
            "X": 0.46667081117630005,
            "Y": 0.31187787652015686
          }
        ]
      },
      "Id": "5d7a0551-565e-4286-8e7f-cc9134afbdb3",
      "Page": 1
    },
    {
      "BlockType": "WORD",
      "Confidence": 93.8808822631836,
      "Text": "licenças",
      "TextType": "PRINTED",
      "Geometry": {
        "BoundingBox": {
          "Width": 0.048410460352897644,
          "Height": 0.011123768985271454,
          "Left": 0.644902765750885,
          "Top": 0.2975601851940155
        },
        "Polygon": [
          {
            "X": 0.6454077363014221,
            "Y": 0.29864728450775146
          },
          {
            "X": 0.6933132410049438,
            "Y": 0.2975601851940155
          },
          {
            "X": 0.6928521394729614,
            "Y": 0.30765411257743835
          },
          {
            "X": 0.644902765750885,
            "Y": 0.30868396162986755
          }
        ]
      },
      "Id": "7586dc8a-91c0-488f-8592-33b554bba370",
      "Page": 1
    },
    {
      "BlockType": "WORD",
      "Confidence": 98.95638275146484,
      "Text": "2",
      "TextType": "PRINTED",
      "Geometry": {
        "BoundingBox": {
          "Width": 0.007475024089217186,
          "Height": 0.007532741408795118,
          "Left": 0.18735763430595398,
          "Top": 0.32027924060821533
        },
        "Polygon": [
          {
            "X": 0.1880549043416977,
            "Y": 0.3204231560230255
          },
          {
            "X": 0.19483265280723572,
            "Y": 0.32027924060821533
          },
          {
            "X": 0.19413961470127106,
            "Y": 0.32767441868782043
          },
          {
            "X": 0.18735763430595398,
            "Y": 0.32781198620796204
          }
        ]
      },
      "Id": "859d2c15-62b3-48d8-83a5-0a5311592432",
      "Page": 1
    },
    {
      "BlockType": "WORD",
      "Confidence": 95.21637725830078,
      "Text": "D",
      "TextType": "PRINTED",
      "Geometry": {
        "BoundingBox": {
          "Width": 0.005042477510869503,
          "Height": 0.005069822538644075,
          "Left": 0.5443973541259766,
          "Top": 0.3133372366428375
        },
        "Polygon": [
          {
            "X": 0.5446953773498535,
            "Y": 0.31343764066696167
          },
          {
            "X": 0.5494398474693298,
            "Y": 0.3133372366428375
          },
          {
            "X": 0.54914391040802,
            "Y": 0.3183095157146454
          },
          {
            "X": 0.5443973541259766,
            "Y": 0.3184070587158203
          }
        ]
      },
      "Id": "47892030-3ce1-477d-9062-8c846538d320",
      "Page": 1
    },
    {
      "BlockType": "WORD",
      "Confidence": 99.86112976074219,
      "Text": "Uma",
      "TextType": "PRINTED",
      "Geometry": {
        "BoundingBox": {
          "Width": 0.020691731944680214,
          "Height": 0.007088163401931524,
          "Left": 0.23217062652111053,
          "Top": 0.3295542299747467
        },
        "Polygon": [
          {
            "X": 0.23277238011360168,
            "Y": 0.3299539089202881
          },
          {
            "X": 0.2528623640537262,
            "Y": 0.3295542299747467
          },
          {
            "X": 0.2522720694541931,
            "Y": 0.3362596333026886
          },
          {
            "X": 0.23217062652111053,
            "Y": 0.33664241433143616
          }
        ]
      },
      "Id": "1b37962d-ca26-42d3-b7c0-730d17f23b5c",
      "Page": 1
    },
    {
      "BlockType": "WORD",
      "Confidence": 94.70211029052734,
      "Text": "licença",
      "TextType": "PRINTED",
      "Geometry": {
        "BoundingBox": {
          "Width": 0.03100658394396305,
          "Height": 0.008795241825282574,
          "Left": 0.2540438175201416,
          "Top": 0.32823991775512695
        },
        "Polygon": [
          {
            "X": 0.2547633647918701,
            "Y": 0.3288450241088867
          },
          {
            "X": 0.2850504219532013,
            "Y": 0.32823991775512695
          },
          {
            "X": 0.2843521237373352,
            "Y": 0.3364611268043518
          },
          {
            "X": 0.2540438175201416,
            "Y": 0.3370351493358612
          }
        ]
      },
      "Id": "a2300a65-528f-4380-b929-49786b0a703e",
      "Page": 1
    },
    {
      "BlockType": "WORD",
      "Confidence": 96.56512451171875,
      "Text": "médica",
      "TextType": "PRINTED",
      "Geometry": {
        "BoundingBox": {
          "Width": 0.03263886645436287,
          "Height": 0.008086411282420158,
          "Left": 0.2868840992450714,
          "Top": 0.3268599808216095
        },
        "Polygon": [
          {
            "X": 0.28751468658447266,
            "Y": 0.3275022804737091
          },
          {
            "X": 0.3195229768753052,
            "Y": 0.3268599808216095
          },
          {
            "X": 0.31891295313835144,
            "Y": 0.3343338072299957
          },
          {
            "X": 0.2868840992450714,
            "Y": 0.3349463641643524
          }
        ]
      },
      "Id": "e4a42d36-7eac-48a0-b5ca-6a91ce52ab62",
      "Page": 1
    },
    {
      "BlockType": "WORD",
      "Confidence": 98.42981719970703,
      "Text": "é",
      "TextType": "PRINTED",
      "Geometry": {
        "BoundingBox": {
          "Width": 0.0061576892621815205,
          "Height": 0.007170557975769043,
          "Left": 0.32111236453056335,
          "Top": 0.3264641761779785
        },
        "Polygon": [
          {
            "X": 0.3216870427131653,
            "Y": 0.3265763819217682
          },
          {
            "X": 0.3272700607776642,
            "Y": 0.3264641761779785
          },
          {
            "X": 0.32669880986213684,
            "Y": 0.33352744579315186
          },
          {
            "X": 0.32111236453056335,
            "Y": 0.33363473415374756
          }
        ]
      },
      "Id": "7db20634-23a9-4845-bdd5-c1396c91e70f",
      "Page": 1
    },
    {
      "BlockType": "WORD",
      "Confidence": 98.0984115600586,
      "Text": "permitida",
      "TextType": "PRINTED",
      "Geometry": {
        "BoundingBox": {
          "Width": 0.04355233907699585,
          "Height": 0.009246926754713058,
          "Left": 0.23445537686347961,
          "Top": 0.3374364972114563
        },
        "Polygon": [
          {
            "X": 0.23521220684051514,
            "Y": 0.33824241161346436
          },
          {
            "X": 0.27800771594047546,
            "Y": 0.3374364972114563
          },
          {
            "X": 0.2772817611694336,
            "Y": 0.34592294692993164
          },
          {
            "X": 0.23445537686347961,
            "Y": 0.34668341279029846
          }
        ]
      },
      "Id": "cdbf4bd5-9776-46a0-a2f1-00a900c825d1",
      "Page": 1
    },
    {
      "BlockType": "WORD",
      "Confidence": 98.68016052246094,
      "Text": "quando...",
      "TextType": "PRINTED",
      "Geometry": {
        "BoundingBox": {
          "Width": 0.04212962090969086,
          "Height": 0.009112088941037655,
          "Left": 0.2794741690158844,
          "Top": 0.3361228406429291
        },
        "Polygon": [
          {
            "X": 0.2801849842071533,
            "Y": 0.3369053900241852
          },
          {
            "X": 0.32160380482673645,
            "Y": 0.3361228406429291
          },
          {
            "X": 0.3209226727485657,
            "Y": 0.3444955050945282
          },
          {
            "X": 0.2794741690158844,
            "Y": 0.3452349305152893
          }
        ]
      },
      "Id": "a02e42d0-cb4a-4d3b-a8e7-3bc4fdf99547",
      "Page": 1
    },
    {
      "BlockType": "WORD",
      "Confidence": 99.87797546386719,
      "Text": "App",
      "TextType": "PRINTED",
      "Geometry": {
        "BoundingBox": {
          "Width": 0.02161724492907524,
          "Height": 0.008973867632448673,
          "Left": 0.34595999121665955,
          "Top": 0.33795273303985596
        },
        "Polygon": [
          {
            "X": 0.3466375470161438,
            "Y": 0.33834126591682434
          },
          {
            "X": 0.3675772547721863,
            "Y": 0.33795273303985596
          },
          {
            "X": 0.3669152855873108,
            "Y": 0.34656035900115967
          },
          {
            "X": 0.34595999121665955,
            "Y": 0.34692659974098206
          }
        ]
      },
      "Id": "f63ee2a2-8d73-429d-8e30-ce2527b6054e",
      "Page": 1
    },
    {
      "BlockType": "WORD",
      "Confidence": 99.89230346679688,
      "Text": "de",
      "TextType": "PRINTED",
      "Geometry": {
        "BoundingBox": {
          "Width": 0.01350546907633543,
          "Height": 0.007671133615076542,
          "Left": 0.3702159523963928,
          "Top": 0.3370477855205536
        },
        "Polygon": [
          {
            "X": 0.37078508734703064,
            "Y": 0.3372887969017029
          },
          {
            "X": 0.3837214410305023,
            "Y": 0.3370477855205536
          },
          {
            "X": 0.38316065073013306,
            "Y": 0.34448978304862976
          },
          {
            "X": 0.3702159523963928,
            "Y": 0.34471893310546875
          }
        ]
      },
      "Id": "1be36829-88ab-4122-af24-08928be343db",
      "Page": 1
    },
    {
      "BlockType": "WORD",
      "Confidence": 91.34759521484375,
      "Text": "licenças",
      "TextType": "PRINTED",
      "Geometry": {
        "BoundingBox": {
          "Width": 0.042688436806201935,
          "Height": 0.010553764179348946,
          "Left": 0.38594743609428406,
          "Top": 0.33554521203041077
        },
        "Polygon": [
          {
            "X": 0.38668081164360046,
            "Y": 0.3363303542137146
          },
          {
            "X": 0.4286358654499054,
            "Y": 0.33554521203041077
          },
          {
            "X": 0.42793840169906616,
            "Y": 0.34536439180374146
          },
          {
            "X": 0.38594743609428406,
            "Y": 0.34609895944595337
          }
        ]
      },
      "Id": "474ad771-98ce-4277-9adb-1c7d15013422",
      "Page": 1
    },
    {
      "BlockType": "WORD",
      "Confidence": 98.74375915527344,
      "Text": "Especialista",
      "TextType": "PRINTED",
      "Geometry": {
        "BoundingBox": {
          "Width": 0.06703685224056244,
          "Height": 0.011087913997471333,
          "Left": 0.5192598700523376,
          "Top": 0.33529239892959595
        },
        "Polygon": [
          {
            "X": 0.519873857498169,
            "Y": 0.33651354908943176
          },
          {
            "X": 0.5862966775894165,
            "Y": 0.33529239892959595
          },
          {
            "X": 0.585741400718689,
            "Y": 0.34523865580558777
          },
          {
            "X": 0.5192598700523376,
            "Y": 0.3463802933692932
          }
        ]
      },
      "Id": "b552e2c8-71f5-4b4c-8a7e-5018fb8fc7bd",
      "Page": 1
    },
    {
      "BlockType": "WORD",
      "Confidence": 99.4839859008789,
      "Text": "em",
      "TextType": "PRINTED",
      "Geometry": {
        "BoundingBox": {
          "Width": 0.01779266633093357,
          "Height": 0.006559703499078751,
          "Left": 0.5188621878623962,
          "Top": 0.34935736656188965
        },
        "Polygon": [
          {
            "X": 0.5192521214485168,
            "Y": 0.34964922070503235
          },
          {
            "X": 0.5366548895835876,
            "Y": 0.34935736656188965
          },
          {
            "X": 0.5362746119499207,
            "Y": 0.3556384742259979
          },
          {
            "X": 0.5188621878623962,
            "Y": 0.3559170663356781
          }
        ]
      },
      "Id": "d5ea5e99-2322-4b04-8042-d5dfb6bccd7d",
      "Page": 1
    },
    {
      "BlockType": "WORD",
      "Confidence": 89.83049774169922,
      "Text": "licenças",
      "TextType": "PRINTED",
      "Geometry": {
        "BoundingBox": {
          "Width": 0.045945171266794205,
          "Height": 0.009815732948482037,
          "Left": 0.5396654605865479,
          "Top": 0.34636709094047546
        },
        "Polygon": [
          {
            "X": 0.5402098894119263,
            "Y": 0.34714046120643616
          },
          {
            "X": 0.5856106281280518,
            "Y": 0.34636709094047546
          },
          {
            "X": 0.585102915763855,
            "Y": 0.35545915365219116
          },
          {
            "X": 0.5396654605865479,
            "Y": 0.3561828136444092
          }
        ]
      },
      "Id": "15710494-7711-46bf-be91-02851ba1dcbb",
      "Page": 1
    },
    {
      "BlockType": "WORD",
      "Confidence": 93.26002502441406,
      "Text": "Políticas",
      "TextType": "PRINTED",
      "Geometry": {
        "BoundingBox": {
          "Width": 0.052007343620061874,
          "Height": 0.009277849458158016,
          "Left": 0.6386884450912476,
          "Top": 0.3674710690975189
        },
        "Polygon": [
          {
            "X": 0.6391204595565796,
            "Y": 0.3682073652744293
          },
          {
            "X": 0.6906957626342773,
            "Y": 0.3674710690975189
          },
          {
            "X": 0.6903036236763,
            "Y": 0.3760654628276825
          },
          {
            "X": 0.6386884450912476,
            "Y": 0.3767489194869995
          }
        ]
      },
      "Id": "b5f65cd0-f929-401b-b476-be27dfa20544",
      "Page": 1
    },
    {
      "BlockType": "WORD",
      "Confidence": 99.88150024414062,
      "Text": "de",
      "TextType": "PRINTED",
      "Geometry": {
        "BoundingBox": {
          "Width": 0.015540150925517082,
          "Height": 0.007850974798202515,
          "Left": 0.6453564763069153,
          "Top": 0.37977445125579834
        },
        "Polygon": [
          {
            "X": 0.645738422870636,
            "Y": 0.3799690902233124
          },
          {
            "X": 0.6608966588973999,
            "Y": 0.37977445125579834
          },
          {
            "X": 0.6605252027511597,
            "Y": 0.38744470477104187
          },
          {
            "X": 0.6453564763069153,
            "Y": 0.38762542605400085
          }
        ]
      },
      "Id": "0c8ef007-85d1-40c5-a9fa-17b0e7867353",
      "Page": 1
    },
    {
      "BlockType": "WORD",
      "Confidence": 99.88880157470703,
      "Text": "RH",
      "TextType": "PRINTED",
      "Geometry": {
        "BoundingBox": {
          "Width": 0.01743871532380581,
          "Height": 0.0076091233640909195,
          "Left": 0.6642385721206665,
          "Top": 0.37949255108833313
        },
        "Polygon": [
          {
            "X": 0.6645938754081726,
            "Y": 0.37971192598342896
          },
          {
            "X": 0.6816772818565369,
            "Y": 0.37949255108833313
          },
          {
            "X": 0.6813334226608276,
            "Y": 0.38689741492271423
          },
          {
            "X": 0.6642385721206665,
            "Y": 0.3871016800403595
          }
        ]
      },
      "Id": "3c45ba8e-1a58-4a04-870f-ffec319933b8",
      "Page": 1
    },
    {
      "BlockType": "WORD",
      "Confidence": 99.81692504882812,
      "Text": "App",
      "TextType": "PRINTED",
      "Geometry": {
        "BoundingBox": {
          "Width": 0.022200431674718857,
          "Height": 0.009537922218441963,
          "Left": 0.33479833602905273,
          "Top": 0.4011560082435608
        },
        "Polygon": [
          {
            "X": 0.33553850650787354,
            "Y": 0.40138447284698486
          },
          {
            "X": 0.3569987714290619,
            "Y": 0.4011560082435608
          },
          {
            "X": 0.3562758266925812,
            "Y": 0.4104904234409332
          },
          {
            "X": 0.33479833602905273,
            "Y": 0.4106939136981964
          }
        ]
      },
      "Id": "3ec49c15-f9f4-42ba-97a2-07773d05b137",
      "Page": 1
    },
    {
      "BlockType": "WORD",
      "Confidence": 99.88372802734375,
      "Text": "de",
      "TextType": "PRINTED",
      "Geometry": {
        "BoundingBox": {
          "Width": 0.013481345027685165,
          "Height": 0.007760521490126848,
          "Left": 0.3595368564128876,
          "Top": 0.40102681517601013
        },
        "Polygon": [
          {
            "X": 0.36012500524520874,
            "Y": 0.4011640250682831
          },
          {
            "X": 0.37301820516586304,
            "Y": 0.40102681517601013
          },
          {
            "X": 0.3724385201931,
            "Y": 0.4086623787879944
          },
          {
            "X": 0.3595368564128876,
            "Y": 0.408787339925766
          }
        ]
      },
      "Id": "6a65e816-ca11-4a9b-9cfc-200eb2a907b7",
      "Page": 1
    },
    {
      "BlockType": "WORD",
      "Confidence": 97.94051361083984,
      "Text": "promoção",
      "TextType": "PRINTED",
      "Geometry": {
        "BoundingBox": {
          "Width": 0.05431129038333893,
          "Height": 0.010833649896085262,
          "Left": 0.3753718435764313,
          "Top": 0.39962801337242126
        },
        "Polygon": [
          {
            "X": 0.37614762783050537,
            "Y": 0.4002029597759247
          },
          {
            "X": 0.429683119058609,
            "Y": 0.39962801337242126
          },
          {
            "X": 0.4289551079273224,
            "Y": 0.4099549651145935
          },
          {
            "X": 0.3753718435764313,
            "Y": 0.4104616641998291
          }
        ]
      },
      "Id": "b842256c-06f2-4bed-be65-ba48afdd879d",
      "Page": 1
    },
    {
      "BlockType": "WORD",
      "Confidence": 98.86014556884766,
      "Text": "Especialista",
      "TextType": "PRINTED",
      "Geometry": {
        "BoundingBox": {
          "Width": 0.06748821586370468,
          "Height": 0.010477915406227112,
          "Left": 0.5146746039390564,
          "Top": 0.4108444154262543
        },
        "Polygon": [
          {
            "X": 0.5152884125709534,
            "Y": 0.41145768761634827
          },
          {
            "X": 0.5821627974510193,
            "Y": 0.4108444154262543
          },
          {
            "X": 0.5816075801849365,
            "Y": 0.4207897484302521
          },
          {
            "X": 0.5146746039390564,
            "Y": 0.4213223159313202
          }
        ]
      },
      "Id": "2840eb9c-51d4-4e3a-81b2-6f01d2b4fc4e",
      "Page": 1
    },
    {
      "BlockType": "WORD",
      "Confidence": 99.21575927734375,
      "Text": "em",
      "TextType": "PRINTED",
      "Geometry": {
        "BoundingBox": {
          "Width": 0.01741233468055725,
          "Height": 0.006393535993993282,
          "Left": 0.5083808302879333,
          "Top": 0.4244541823863983
        },
        "Polygon": [
          {
            "X": 0.5087741017341614,
            "Y": 0.4245828688144684
          },
          {
            "X": 0.525793194770813,
            "Y": 0.4244541823863983
          },
          {
            "X": 0.5254093408584595,
            "Y": 0.4307321012020111
          },
          {
            "X": 0.5083808302879333,
            "Y": 0.430847704410553
          }
        ]
      },
      "Id": "7891caf8-cbcc-4a57-8873-e00d73b6286d",
      "Page": 1
    },
    {
      "BlockType": "WORD",
      "Confidence": 98.30927276611328,
      "Text": "promoção",
      "TextType": "PRINTED",
      "Geometry": {
        "BoundingBox": {
          "Width": 0.05883818864822388,
          "Height": 0.01074443943798542,
          "Left": 0.5288342237472534,
          "Top": 0.42186063528060913
        },
        "Polygon": [
          {
            "X": 0.5294598340988159,
            "Y": 0.42231589555740356
          },
          {
            "X": 0.5876724123954773,
            "Y": 0.42186063528060913
          },
          {
            "X": 0.5871000289916992,
            "Y": 0.43222305178642273
          },
          {
            "X": 0.5288342237472534,
            "Y": 0.4326050877571106
          }
        ]
      },
      "Id": "04c55110-efd2-4b7c-be7d-d5afea1aed83",
      "Page": 1
    }
  ],
  "DetectDocumentTextModelVersion": "1.0"
}