{
  "DocumentMetadata": {
    "Pages": 1
  },
  "JobStatus": "SUCCEEDED",
  "Blocks": [
    {
      "BlockType": "PAGE",
      "Geometry": {
        "BoundingBox": {
          "Width": 0.808086097240448,
          "Height": 0.6434094309806824,
          "Left": 0.016789596527814865,
          "Top": 0.04697657749056816
        },
        "Polygon": [
          {
            "X": 0.0386466346681118,
            "Y": 0.08401729166507721
          },
          {
            "X": 0.811074435710907,
            "Y": 0.04697657749056816
          },
          {
            "X": 0.8248757123947144,
            "Y": 0.6805090308189392
          },
          {
            "X": 0.016789596527814865,
            "Y": 0.6903859972953796
          }
        ]
      },
      "Id": "3ddc3ca6-3241-47af-82b0-872e75a7451c",
      "Relationships": [
        {
          "Type": "CHILD",
          "Ids": [
            "4e8502bf-cd4c-4367-9643-297d26e54788",
            "1d92828c-7564-469a-a846-8c520324625f",
            "8a6ccbbc-b39c-4883-9e10-5a31ca1fcd8d",
            "41f80d03-e608-42fa-b44f-5d635066075d",
            "b321a506-2af7-4a08-be08-64230a273911",
            "f851bf4e-1627-43c4-8693-f36c23e1f3fd",
            "70d1e8bb-d654-4c6a-9cce-fd31aba572de",
            "b2471c65-b4f6-4ef2-b790-a85ce34ef12e",
            "8bb8974b-fb2e-4495-8ef9-0b25552ee09d",
            "dc24edd7-9a76-4b9d-b0b0-9933a56fd197",
            "b92006b3-b931-4205-8efd-9e64a8a6bd67",
            "eca4e84c-9584-45ce-8cea-7145002b3b47",
            "1c76a604-10dd-425d-8fec-f2da076fbf29",
            "17ea9dda-0a44-4cdf-b19b-a1239bfe1f47",
            "eb928325-8d5a-4a20-bda6-61c2178f0ddf",
            "ae534165-2179-4230-bc4a-11f636941c12",
            "affb9cfa-f22f-4faa-bbab-0f6c47fb555d",
            "4619ac74-aeec-4769-8c30-dd4e014e8014",
            "c8163b34-56ce-492a-b039-2259b20487d7",
            "3553c3a0-bf78-4693-b959-0d53baef4a80",
            "a14b93c3-bd77-483b-95cc-4d259d5ac74d",
            "181cd548-5ab2-45fc-85ce-ee13caf50656",
            "423c000f-2034-4177-b154-0f5e6ac871b8"
          ]
        }
      ],
      "Page": 1
    },
    {
      "BlockType": "LINE",
      "Confidence": 98.68257904052734,
      "Text": "mas os agentes individuais",
      "Geometry": {
        "BoundingBox": {
          "Width": 0.4751110374927521,
          "Height": 0.05729447677731514,
          "Left": 0.1296968162059784,
          "Top": 0.16921480000019073
        },
        "Polygon": [
          {
            "X": 0.13078482449054718,
            "Y": 0.18889808654785156
          },
          {
            "X": 0.6045669913291931,
            "Y": 0.16921480000019073
          },
          {
            "X": 0.6048078536987305,
            "Y": 0.20781733095645905
          },
          {
            "X": 0.1296968162059784,
            "Y": 0.22650927305221558
          }
        ]
      },
      "Id": "4e8502bf-cd4c-4367-9643-297d26e54788",
      "Relationships": [
        {
          "Type": "CHILD",
          "Ids": [
            "04d93944-248f-4fa6-afed-b55171f62f18",
            "b4afa2ca-5fda-44f9-a8c7-11033dbcf546",
            "e0bc5d48-8669-4009-9512-6908f444af14",
            "c871751c-24c6-4f1a-b544-57396cc50d8f"
          ]
        }
      ],
      "Page": 1
    },
    {
      "BlockType": "LINE",
      "Confidence": 95.26556396484375,
      "Text": "ainda . são isolados e limitados",
      "Geometry": {
        "BoundingBox": {
          "Width": 0.543199896812439,
          "Height": 0.06089114025235176,
          "Left": 0.06288133561611176,
          "Top": 0.1945313662290573
        },
        "Polygon": [
          {
            "X": 0.06420539319515228,
            "Y": 0.21624919772148132
          },
          {
            "X": 0.6058261394500732,
            "Y": 0.1945313662290573
          },
          {
            "X": 0.6060812473297119,
            "Y": 0.23489229381084442
          },
          {
            "X": 0.06288133561611176,
            "Y": 0.2554225027561188
          }
        ]
      },
      "Id": "1d92828c-7564-469a-a846-8c520324625f",
      "Relationships": [
        {
          "Type": "CHILD",
          "Ids": [
            "7e5280bf-c8bf-4dc5-b920-47dbccb71473",
            "100f2a67-ea05-4faa-af63-1bd41c9933b7",
            "0778fb10-23fb-47c0-b3c6-8749a0f0d4e4",
            "ee9f1dba-9b8b-421c-95a2-df554e3bbb67",
            "812cebfc-97fe-45ee-a7bc-48f1ed12b0b6",
            "5bbdce53-683a-4bc6-a81c-c3cde2753d14"
          ]
        }
      ],
      "Page": 1
    },
    {
      "BlockType": "LINE",
      "Confidence": 92.06237030029297,
      "Text": "Experiência",
      "Geometry": {
        "BoundingBox": {
          "Width": 0.06809812039136887,
          "Height": 0.014098511077463627,
          "Left": 0.11250899732112885,
          "Top": 0.2702900469303131
        },
        "Polygon": [
          {
            "X": 0.11285825073719025,
            "Y": 0.2727741003036499
          },
          {
            "X": 0.18060711026191711,
            "Y": 0.2702900469303131
          },
          {
            "X": 0.18031473457813263,
            "Y": 0.28194859623908997
          },
          {
            "X": 0.11250899732112885,
            "Y": 0.28438857197761536
          }
        ]
      },
      "Id": "8a6ccbbc-b39c-4883-9e10-5a31ca1fcd8d",
      "Relationships": [
        {
          "Type": "CHILD",
          "Ids": [
            "db319ace-f79b-4d6e-9c04-9ea5424eae67"
          ]
        }
      ],
      "Page": 1
    },
    {
      "BlockType": "LINE",
      "Confidence": 96.16019439697266,
      "Text": "Multiagentes do tipo \"faça",
      "Geometry": {
        "BoundingBox": {
          "Width": 0.17420275509357452,
          "Height": 0.022811533883213997,
          "Left": 0.259914755821228,
          "Top": 0.2525641918182373
        },
        "Polygon": [
          {
            "X": 0.26022905111312866,
            "Y": 0.25902438163757324
          },
          {
            "X": 0.43411752581596375,
            "Y": 0.2525641918182373
          },
          {
            "X": 0.4340120553970337,
            "Y": 0.26907333731651306
          },
          {
            "X": 0.259914755821228,
            "Y": 0.27537572383880615
          }
        ]
      },
      "Id": "41f80d03-e608-42fa-b44f-5d635066075d",
      "Relationships": [
        {
          "Type": "CHILD",
          "Ids": [
            "1c641d39-cd68-4fe8-bee5-a79297c9a616",
            "0d323b0b-9a48-47df-9751-19569bbb10c3",
            "b6b2e657-0d93-46eb-84d8-1b5b846f3aae",
            "0889d9ba-f674-4fb8-a7df-913e89ca2abb"
          ]
        }
      ],
      "Page": 1
    },
    {
      "BlockType": "LINE",
      "Confidence": 97.5046157836914,
      "Text": "Automação complexa ainda",
      "Geometry": {
        "BoundingBox": {
          "Width": 0.2028142511844635,
          "Height": 0.02494480088353157,
          "Left": 0.48624032735824585,
          "Top": 0.23474843800067902
        },
        "Polygon": [
          {
            "X": 0.4862842857837677,
            "Y": 0.24236957728862762
          },
          {
            "X": 0.6888366341590881,
            "Y": 0.23474843800067902
          },
          {
            "X": 0.6890546083450317,
            "Y": 0.25226402282714844
          },
          {
            "X": 0.48624032735824585,
            "Y": 0.2596932351589203
          }
        ]
      },
      "Id": "b321a506-2af7-4a08-be08-64230a273911",
      "Relationships": [
        {
          "Type": "CHILD",
          "Ids": [
            "2d17cd30-aa0d-43f8-b2a7-a3d3ce009c69",
            "659dc7a0-b4e1-46fe-9538-7f4e0ea302d9",
            "9886a3ca-4349-4fc9-a3ea-3eafbd58199c"
          ]
        }
      ],
      "Page": 1
    },
    {
      "BlockType": "LINE",
      "Confidence": 99.17413330078125,
      "Text": "fragmentada de",
      "Geometry": {
        "BoundingBox": {
          "Width": 0.09577200561761856,
          "Height": 0.016175633296370506,
          "Left": 0.09759454429149628,
          "Top": 0.2817513644695282
        },
        "Polygon": [
          {
            "X": 0.09799141436815262,
            "Y": 0.2851818799972534
          },
          {
            "X": 0.19336655735969543,
            "Y": 0.2817513644695282
          },
          {
            "X": 0.19305752217769623,
            "Y": 0.29456469416618347
          },
          {
            "X": 0.09759454429149628,
            "Y": 0.29792699217796326
          }
        ]
      },
      "Id": "f851bf4e-1627-43c4-8693-f36c23e1f3fd",
      "Relationships": [
        {
          "Type": "CHILD",
          "Ids": [
            "94c8a0fa-4ccc-45ed-9063-835000de078e",
            "b9e093c8-ccb5-454c-a8e7-67c0ebcb5fa6"
          ]
        }
      ],
      "Page": 1
    },
    {
      "BlockType": "LINE",
      "Confidence": 94.39393615722656,
      "Text": "você mesmo\" é difícil",
      "Geometry": {
        "BoundingBox": {
          "Width": 0.1413695365190506,
          "Height": 0.01776583306491375,
          "Left": 0.275624543428421,
          "Top": 0.2665179371833801
        },
        "Polygon": [
          {
            "X": 0.2758525609970093,
            "Y": 0.2716531455516815
          },
          {
            "X": 0.4169940650463104,
            "Y": 0.2665179371833801
          },
          {
            "X": 0.4168967604637146,
            "Y": 0.2792474925518036
          },
          {
            "X": 0.275624543428421,
            "Y": 0.28428375720977783
          }
        ]
      },
      "Id": "70d1e8bb-d654-4c6a-9cce-fd31aba572de",
      "Relationships": [
        {
          "Type": "CHILD",
          "Ids": [
            "484b96d8-b48e-4dac-b0e4-7c659885c869",
            "941d6677-baac-48d2-9469-348e7eda5d8b",
            "8a46d24a-109e-4edb-bbbb-cc78c1260a73",
            "139e1ed0-7e45-4505-b550-fe35cb2ec1ff"
          ]
        }
      ],
      "Page": 1
    },
    {
      "BlockType": "LINE",
      "Confidence": 97.47354125976562,
      "Text": "sem solução",
      "Geometry": {
        "BoundingBox": {
          "Width": 0.09005607664585114,
          "Height": 0.016677824780344963,
          "Left": 0.5408311486244202,
          "Top": 0.252250999212265
        },
        "Polygon": [
          {
            "X": 0.5408311486244202,
            "Y": 0.2555568218231201
          },
          {
            "X": 0.6307778358459473,
            "Y": 0.252250999212265
          },
          {
            "X": 0.6308872103691101,
            "Y": 0.2656886875629425
          },
          {
            "X": 0.5408511161804199,
            "Y": 0.2689288258552551
          }
        ]
      },
      "Id": "b2471c65-b4f6-4ef2-b790-a85ce34ef12e",
      "Relationships": [
        {
          "Type": "CHILD",
          "Ids": [
            "3d3fd3f4-cbc2-4c32-af5a-596f53b7b157",
            "36096870-4b5f-41bd-b6d4-c116959da3fa"
          ]
        }
      ],
      "Page": 1
    },
    {
      "BlockType": "LINE",
      "Confidence": 95.38048553466797,
      "Text": "usuário",
      "Geometry": {
        "BoundingBox": {
          "Width": 0.04393329098820686,
          "Height": 0.010912911966443062,
          "Left": 0.12224410474300385,
          "Top": 0.2957541346549988
        },
        "Polygon": [
          {
            "X": 0.1225188672542572,
            "Y": 0.29729118943214417
          },
          {
            "X": 0.1661773920059204,
            "Y": 0.2957541346549988
          },
          {
            "X": 0.16593213379383087,
            "Y": 0.305152952671051
          },
          {
            "X": 0.12224410474300385,
            "Y": 0.3066670298576355
          }
        ]
      },
      "Id": "8bb8974b-fb2e-4495-8ef9-0b25552ee09d",
      "Relationships": [
        {
          "Type": "CHILD",
          "Ids": [
            "8725809a-b930-44a9-beb6-45c43c937df0"
          ]
        }
      ],
      "Page": 1
    },
    {
      "BlockType": "LINE",
      "Confidence": 65.04060363769531,
      "Text": "05",
      "Geometry": {
        "BoundingBox": {
          "Width": 0.015908071771264076,
          "Height": 0.007345471065491438,
          "Left": 0.5591128468513489,
          "Top": 0.3152003288269043
        },
        "Polygon": [
          {
            "X": 0.5591128468513489,
            "Y": 0.31572872400283813
          },
          {
            "X": 0.5749936103820801,
            "Y": 0.3152003288269043
          },
          {
            "X": 0.5750209093093872,
            "Y": 0.32202333211898804
          },
          {
            "X": 0.5591320991516113,
            "Y": 0.3225457966327667
          }
        ]
      },
      "Id": "dc24edd7-9a76-4b9d-b0b0-9933a56fd197",
      "Relationships": [
        {
          "Type": "CHILD",
          "Ids": [
            "1b36c9d5-8ae8-47c0-af79-7d8285525e9e"
          ]
        }
      ],
      "Page": 1
    },
    {
      "BlockType": "LINE",
      "Confidence": 41.29310989379883,
      "Text": "os",
      "Geometry": {
        "BoundingBox": {
          "Width": 0.014434104785323143,
          "Height": 0.007249526213854551,
          "Left": 0.3138006031513214,
          "Top": 0.328075110912323
        },
        "Polygon": [
          {
            "X": 0.31390348076820374,
            "Y": 0.3285480737686157
          },
          {
            "X": 0.3282347023487091,
            "Y": 0.328075110912323
          },
          {
            "X": 0.32813888788223267,
            "Y": 0.3348570764064789
          },
          {
            "X": 0.3138006031513214,
            "Y": 0.33532464504241943
          }
        ]
      },
      "Id": "b92006b3-b931-4205-8efd-9e64a8a6bd67",
      "Relationships": [
        {
          "Type": "CHILD",
          "Ids": [
            "e6f6afb4-12f8-4f7a-866a-7349f53eaab3"
          ]
        }
      ],
      "Page": 1
    },
    {
      "BlockType": "LINE",
      "Confidence": 97.74540710449219,
      "Text": "Precisa ser confiável, de",
      "Geometry": {
        "BoundingBox": {
          "Width": 0.1440696120262146,
          "Height": 0.015706749632954597,
          "Left": 0.27556943893432617,
          "Top": 0.3482789099216461
        },
        "Polygon": [
          {
            "X": 0.27576959133148193,
            "Y": 0.3528343439102173
          },
          {
            "X": 0.41963905096054077,
            "Y": 0.3482789099216461
          },
          {
            "X": 0.41955581307411194,
            "Y": 0.3595198094844818
          },
          {
            "X": 0.27556943893432617,
            "Y": 0.36398565769195557
          }
        ]
      },
      "Id": "eca4e84c-9584-45ce-8cea-7145002b3b47",
      "Relationships": [
        {
          "Type": "CHILD",
          "Ids": [
            "236b8549-4ad5-45a3-a111-ddd7e5653e32",
            "0115428c-854c-46cd-983a-d6d76bc9017f",
            "78b8a57c-1825-44c9-bf79-7a95af497505",
            "6d281dad-0c6f-4b0a-b549-32db18f902ff"
          ]
        }
      ],
      "Page": 1
    },
    {
      "BlockType": "LINE",
      "Confidence": 98.50116729736328,
      "Text": "Não há um caminho claro",
      "Geometry": {
        "BoundingBox": {
          "Width": 0.17161551117897034,
          "Height": 0.017642993479967117,
          "Left": 0.5169544219970703,
          "Top": 0.33484095335006714
        },
        "Polygon": [
          {
            "X": 0.5169576406478882,
            "Y": 0.3403180241584778
          },
          {
            "X": 0.6884186267852783,
            "Y": 0.33484095335006714
          },
          {
            "X": 0.6885699033737183,
            "Y": 0.3471216559410095
          },
          {
            "X": 0.5169544219970703,
            "Y": 0.35248395800590515
          }
        ]
      },
      "Id": "1c76a604-10dd-425d-8fec-f2da076fbf29",
      "Relationships": [
        {
          "Type": "CHILD",
          "Ids": [
            "9e9b9912-476f-4738-b80f-3e0b83eba5e3",
            "e61ae01e-b1fb-40bd-ba9c-20bd40858ce1",
            "013ef693-ab50-46b7-8925-bb93703d3bf3",
            "52f85833-9871-4f6e-9ff2-2648d5d372cc",
            "202b6720-b909-414a-a0bd-77f865310045"
          ]
        }
      ],
      "Page": 1
    },
    {
      "BlockType": "LINE",
      "Confidence": 99.33414459228516,
      "Text": "Um mar de aplicativos",
      "Geometry": {
        "BoundingBox": {
          "Width": 0.12295360863208771,
          "Height": 0.014601653441786766,
          "Left": 0.09183000028133392,
          "Top": 0.357141375541687
        },
        "Polygon": [
          {
            "X": 0.09216704219579697,
            "Y": 0.36100688576698303
          },
          {
            "X": 0.21478360891342163,
            "Y": 0.357141375541687
          },
          {
            "X": 0.21454130113124847,
            "Y": 0.367951899766922
          },
          {
            "X": 0.09183000028133392,
            "Y": 0.37174302339553833
          }
        ]
      },
      "Id": "17ea9dda-0a44-4cdf-b19b-a1239bfe1f47",
      "Relationships": [
        {
          "Type": "CHILD",
          "Ids": [
            "5eba4bf0-495b-4a60-bdc4-e8997ef954b6",
            "eb2ad43b-fdc9-4745-a1ff-9e8762d04749",
            "124a7f6a-8014-40aa-9ce3-6030f52634fb",
            "dd87b5a8-7767-4d11-8ac5-4377f04e6da2"
          ]
        }
      ],
      "Page": 1
    },
    {
      "BlockType": "LINE",
      "Confidence": 95.96041870117188,
      "Text": "para os usuários",
      "Geometry": {
        "BoundingBox": {
          "Width": 0.0883924588561058,
          "Height": 0.013357986696064472,
          "Left": 0.09065676480531693,
          "Top": 0.37047988176345825
        },
        "Polygon": [
          {
            "X": 0.0909915491938591,
            "Y": 0.37319305539131165
          },
          {
            "X": 0.17904922366142273,
            "Y": 0.37047988176345825
          },
          {
            "X": 0.1787816882133484,
            "Y": 0.38117772340774536
          },
          {
            "X": 0.09065676480531693,
            "Y": 0.38383787870407104
          }
        ]
      },
      "Id": "eb928325-8d5a-4a20-bda6-61c2178f0ddf",
      "Relationships": [
        {
          "Type": "CHILD",
          "Ids": [
            "7c28184e-fcd7-4d67-90bc-3fbcd2ee4c76",
            "45519282-b007-4121-84bb-918e4eabd2c9",
            "c2514251-754c-4d93-ae2c-73152226abc6"
          ]
        }
      ],
      "Page": 1
    },
    {
      "BlockType": "LINE",
      "Confidence": 98.48473358154297,
      "Text": "baixa latência e escalável",
      "Geometry": {
        "BoundingBox": {
          "Width": 0.15252530574798584,
          "Height": 0.014832984656095505,
          "Left": 0.27498090267181396,
          "Top": 0.35992324352264404
        },
        "Polygon": [
          {
            "X": 0.2751627564430237,
            "Y": 0.36464259028434753
          },
          {
            "X": 0.4275062084197998,
            "Y": 0.35992324352264404
          },
          {
            "X": 0.42743661999702454,
            "Y": 0.370123028755188
          },
          {
            "X": 0.27498090267181396,
            "Y": 0.37475624680519104
          }
        ]
      },
      "Id": "ae534165-2179-4230-bc4a-11f636941c12",
      "Relationships": [
        {
          "Type": "CHILD",
          "Ids": [
            "0fe02ab5-9b17-407a-bd0e-6cd9ba644403",
            "ae25f6eb-a6c7-4765-a359-384438a7fb8c",
            "92ebfea9-e6dc-46be-be96-a2f1ec7085f4",
            "66f5c1c4-7021-4063-a1d5-cf61073dd7b5"
          ]
        }
      ],
      "Page": 1
    },
    {
      "BlockType": "LINE",
      "Confidence": 99.54793548583984,
      "Text": "para resolver problemas",
      "Geometry": {
        "BoundingBox": {
          "Width": 0.16438451409339905,
          "Height": 0.018715646117925644,
          "Left": 0.5164938569068909,
          "Top": 0.3478633463382721
        },
        "Polygon": [
          {
            "X": 0.5164979696273804,
            "Y": 0.35298991203308105
          },
          {
            "X": 0.6807173490524292,
            "Y": 0.3478633463382721
          },
          {
            "X": 0.6808784008026123,
            "Y": 0.3615753650665283
          },
          {
            "X": 0.5164938569068909,
            "Y": 0.36657899618148804
          }
        ]
      },
      "Id": "affb9cfa-f22f-4faa-bbab-0f6c47fb555d",
      "Relationships": [
        {
          "Type": "CHILD",
          "Ids": [
            "3dcf6e1e-1bac-42de-91d0-e03105a2608c",
            "d92476ab-6c8b-4d37-a284-3f59f28a9a08",
            "e3fe2b58-b65e-4a7b-9d6c-302b4852f958"
          ]
        }
      ],
      "Page": 1
    },
    {
      "BlockType": "LINE",
      "Confidence": 99.32684326171875,
      "Text": "encontrarem e",
      "Geometry": {
        "BoundingBox": {
          "Width": 0.07941050082445145,
          "Height": 0.010744478553533554,
          "Left": 0.08974589407444,
          "Top": 0.38325759768486023
        },
        "Polygon": [
          {
            "X": 0.09000929445028305,
            "Y": 0.38563844561576843
          },
          {
            "X": 0.16915638744831085,
            "Y": 0.38325759768486023
          },
          {
            "X": 0.16894039511680603,
            "Y": 0.3916586935520172
          },
          {
            "X": 0.08974589407444,
            "Y": 0.3940020501613617
          }
        ]
      },
      "Id": "4619ac74-aeec-4769-8c30-dd4e014e8014",
      "Relationships": [
        {
          "Type": "CHILD",
          "Ids": [
            "b22ee5fb-78ca-494c-a385-86955f6e6cb8",
            "6a3e12b0-d1d5-4309-b385-d5ef4a5d3bcb"
          ]
        }
      ],
      "Page": 1
    },
    {
      "BlockType": "LINE",
      "Confidence": 99.84275817871094,
      "Text": "Tira tempo do principal",
      "Geometry": {
        "BoundingBox": {
          "Width": 0.14327965676784515,
          "Height": 0.015984319150447845,
          "Left": 0.27379292249679565,
          "Top": 0.37239840626716614
        },
        "Polygon": [
          {
            "X": 0.2740032374858856,
            "Y": 0.37673017382621765
          },
          {
            "X": 0.417072594165802,
            "Y": 0.37239840626716614
          },
          {
            "X": 0.41698357462882996,
            "Y": 0.38414421677589417
          },
          {
            "X": 0.27379292249679565,
            "Y": 0.3883827030658722
          }
        ]
      },
      "Id": "c8163b34-56ce-492a-b039-2259b20487d7",
      "Relationships": [
        {
          "Type": "CHILD",
          "Ids": [
            "6d161ac8-3577-468d-bd82-55842126c99c",
            "6186cc84-84d5-4aa5-98e5-6fa2b49c1b3d",
            "0ef65185-415b-4876-a0d2-82ee28cc677a",
            "7497c790-06fb-4236-837a-837f2043b6b6"
          ]
        }
      ],
      "Page": 1
    },
    {
      "BlockType": "LINE",
      "Confidence": 97.30077362060547,
      "Text": "revolucionários",
      "Geometry": {
        "BoundingBox": {
          "Width": 0.1019914448261261,
          "Height": 0.014530615881085396,
          "Left": 0.5163525342941284,
          "Top": 0.3632296323776245
        },
        "Polygon": [
          {
            "X": 0.5163560509681702,
            "Y": 0.3663329482078552
          },
          {
            "X": 0.6182617545127869,
            "Y": 0.3632296323776245
          },
          {
            "X": 0.6183439493179321,
            "Y": 0.37472113966941833
          },
          {
            "X": 0.5163525342941284,
            "Y": 0.37776023149490356
          }
        ]
      },
      "Id": "3553c3a0-bf78-4693-b959-0d53baef4a80",
      "Relationships": [
        {
          "Type": "CHILD",
          "Ids": [
            "6d3afdd8-2ba7-4c44-ba3b-c4f1186ff178"
          ]
        }
      ],
      "Page": 1
    },
    {
      "BlockType": "LINE",
      "Confidence": 99.3117904663086,
      "Text": "navegarem",
      "Geometry": {
        "BoundingBox": {
          "Width": 0.060209065675735474,
          "Height": 0.010213837027549744,
          "Left": 0.08869057893753052,
          "Top": 0.3963773250579834
        },
        "Polygon": [
          {
            "X": 0.08895725756883621,
            "Y": 0.39813652634620667
          },
          {
            "X": 0.148899644613266,
            "Y": 0.3963773250579834
          },
          {
            "X": 0.14866919815540314,
            "Y": 0.40486064553260803
          },
          {
            "X": 0.08869057893753052,
            "Y": 0.40659114718437195
          }
        ]
      },
      "Id": "a14b93c3-bd77-483b-95cc-4d259d5ac74d",
      "Relationships": [
        {
          "Type": "CHILD",
          "Ids": [
            "9e74235c-3c6b-473a-ac29-e6c139d4a36f"
          ]
        }
      ],
      "Page": 1
    },
    {
      "BlockType": "LINE",
      "Confidence": 98.22803497314453,
      "Text": "valor de negócio",
      "Geometry": {
        "BoundingBox": {
          "Width": 0.0994216725230217,
          "Height": 0.013999192044138908,
          "Left": 0.2734813392162323,
          "Top": 0.3862939178943634
        },
        "Polygon": [
          {
            "X": 0.2736811637878418,
            "Y": 0.3892260789871216
          },
          {
            "X": 0.3729030191898346,
            "Y": 0.3862939178943634
          },
          {
            "X": 0.37278279662132263,
            "Y": 0.3974224627017975
          },
          {
            "X": 0.2734813392162323,
            "Y": 0.40029311180114746
          }
        ]
      },
      "Id": "181cd548-5ab2-45fc-85ce-ee13caf50656",
      "Relationships": [
        {
          "Type": "CHILD",
          "Ids": [
            "02dd942e-d1ae-46b8-b637-84561dbfbc29",
            "0d4f24fa-0d1c-4617-94b5-9e28b2408b88",
            "d0a9ada3-d407-4f3e-9014-fbf9e6ba517c"
          ]
        }
      ],
      "Page": 1
    },
    {
      "BlockType": "LINE",
      "Confidence": 88.52641296386719,
      "Text": "Difícil manter o ritmo",
      "Geometry": {
        "BoundingBox": {
          "Width": 0.13038940727710724,
          "Height": 0.013154083862900734,
          "Left": 0.2734540104866028,
          "Top": 0.3972645401954651
        },
        "Polygon": [
          {
            "X": 0.2736235558986664,
            "Y": 0.40102341771125793
          },
          {
            "X": 0.4038434326648712,
            "Y": 0.3972645401954651
          },
          {
            "X": 0.40376266837120056,
            "Y": 0.4067283272743225
          },
          {
            "X": 0.2734540104866028,
            "Y": 0.4104185998439789
          }
        ]
      },
      "Id": "423c000f-2034-4177-b154-0f5e6ac871b8",
      "Relationships": [
        {
          "Type": "CHILD",
          "Ids": [
            "b6f82a58-eb5f-4d4e-84cc-ce5677e97738",
            "d6f005dc-b147-4dc5-ba26-59814dd15c9a",
            "e1340dad-cff1-4444-bda9-0cc3346ef3d5",
            "4815347b-f3a1-496e-9d6d-7dabc6b02203"
          ]
        }
      ],
      "Page": 1
    },
    {
      "BlockType": "WORD",
      "Confidence": 99.3610610961914,
      "Text": "mas",
      "TextType": "PRINTED",
      "Geometry": {
        "BoundingBox": {
          "Width": 0.04846327379345894,
          "Height": 0.016159288585186005,
          "Left": 0.1296968162059784,
          "Top": 0.21034999191761017
        },
        "Polygon": [
          {
            "X": 0.13010843098163605,
            "Y": 0.2122804969549179
          },
          {
            "X": 0.17816008627414703,
            "Y": 0.21034999191761017
          },
          {
            "X": 0.1777981072664261,
            "Y": 0.2246168553829193
          },
          {
            "X": 0.1296968162059784,
            "Y": 0.22650927305221558
          }
        ]
      },
      "Id": "04d93944-248f-4fa6-afed-b55171f62f18",
      "Page": 1
    },
    {
      "BlockType": "WORD",
      "Confidence": 97.32365417480469,
      "Text": "os",
      "TextType": "PRINTED",
      "Geometry": {
        "BoundingBox": {
          "Width": 0.032159674912691116,
          "Height": 0.015323973260819912,
          "Left": 0.19694162905216217,
          "Top": 0.2056843787431717
        },
        "Polygon": [
          {
            "X": 0.19727805256843567,
            "Y": 0.20696775615215302
          },
          {
            "X": 0.229101300239563,
            "Y": 0.2056843787431717
          },
          {
            "X": 0.22879742085933685,
            "Y": 0.21974976360797882
          },
          {
            "X": 0.19694162905216217,
            "Y": 0.22100836038589478
          }
        ]
      },
      "Id": "b4afa2ca-5fda-44f9-a8c7-11033dbcf546",
      "Page": 1
    },
    {
      "BlockType": "WORD",
      "Confidence": 99.2890853881836,
      "Text": "agentes",
      "TextType": "PRINTED",
      "Geometry": {
        "BoundingBox": {
          "Width": 0.12277694046497345,
          "Height": 0.029373561963438988,
          "Left": 0.24857769906520844,
          "Top": 0.1905292421579361
        },
        "Polygon": [
          {
            "X": 0.24906863272190094,
            "Y": 0.19552741944789886
          },
          {
            "X": 0.3713546395301819,
            "Y": 0.1905292421579361
          },
          {
            "X": 0.3710828721523285,
            "Y": 0.21506939828395844
          },
          {
            "X": 0.24857769906520844,
            "Y": 0.21990279853343964
          }
        ]
      },
      "Id": "e0bc5d48-8669-4009-9512-6908f444af14",
      "Page": 1
    },
    {
      "BlockType": "WORD",
      "Confidence": 98.75650024414062,
      "Text": "individuais",
      "TextType": "PRINTED",
      "Geometry": {
        "BoundingBox": {
          "Width": 0.2119407057762146,
          "Height": 0.03489111736416817,
          "Left": 0.3927910327911377,
          "Top": 0.16921480000019073
        },
        "Polygon": [
          {
            "X": 0.3930383622646332,
            "Y": 0.1780027598142624
          },
          {
            "X": 0.6045669913291931,
            "Y": 0.16921480000019073
          },
          {
            "X": 0.6047317385673523,
            "Y": 0.19562017917633057
          },
          {
            "X": 0.3927910327911377,
            "Y": 0.2041059136390686
          }
        ]
      },
      "Id": "c871751c-24c6-4f1a-b544-57396cc50d8f",
      "Page": 1
    },
    {
      "BlockType": "WORD",
      "Confidence": 99.53211212158203,
      "Text": "ainda",
      "TextType": "PRINTED",
      "Geometry": {
        "BoundingBox": {
          "Width": 0.08066485077142715,
          "Height": 0.0234029833227396,
          "Left": 0.06288133561611176,
          "Top": 0.23201952874660492
        },
        "Polygon": [
          {
            "X": 0.06356696039438248,
            "Y": 0.2351377159357071
          },
          {
            "X": 0.1435461938381195,
            "Y": 0.23201952874660492
          },
          {
            "X": 0.14297787845134735,
            "Y": 0.25239527225494385
          },
          {
            "X": 0.06288133561611176,
            "Y": 0.2554225027561188
          }
        ]
      },
      "Id": "7e5280bf-c8bf-4dc5-b920-47dbccb71473",
      "Page": 1
    },
    {
      "BlockType": "WORD",
      "Confidence": 76.46697235107422,
      "Text": ".",
      "TextType": "PRINTED",
      "Geometry": {
        "BoundingBox": {
          "Width": 0.008400237187743187,
          "Height": 0.0060004680417478085,
          "Left": 0.08480359613895416,
          "Top": 0.22474969923496246
        },
        "Polygon": [
          {
            "X": 0.08498657494783401,
            "Y": 0.22507452964782715
          },
          {
            "X": 0.0932038351893425,
            "Y": 0.22474969923496246
          },
          {
            "X": 0.09302421659231186,
            "Y": 0.23042795062065125
          },
          {
            "X": 0.08480359613895416,
            "Y": 0.230750173330307
          }
        ]
      },
      "Id": "100f2a67-ea05-4faa-af63-1bd41c9933b7",
      "Page": 1
    },
    {
      "BlockType": "WORD",
      "Confidence": 97.97898864746094,
      "Text": "são",
      "TextType": "PRINTED",
      "Geometry": {
        "BoundingBox": {
          "Width": 0.05053405463695526,
          "Height": 0.02137899212539196,
          "Left": 0.16154830157756805,
          "Top": 0.22672584652900696
        },
        "Polygon": [
          {
            "X": 0.16206352412700653,
            "Y": 0.22868360579013824
          },
          {
            "X": 0.2120823711156845,
            "Y": 0.22672584652900696
          },
          {
            "X": 0.2116377204656601,
            "Y": 0.24620118737220764
          },
          {
            "X": 0.16154830157756805,
            "Y": 0.24810484051704407
          }
        ]
      },
      "Id": "0778fb10-23fb-47c0-b3c6-8749a0f0d4e4",
      "Page": 1
    },
    {
      "BlockType": "WORD",
      "Confidence": 99.34115600585938,
      "Text": "isolados",
      "TextType": "PRINTED",
      "Geometry": {
        "BoundingBox": {
          "Width": 0.1417091339826584,
          "Height": 0.028960997238755226,
          "Left": 0.22887009382247925,
          "Top": 0.21327166259288788
        },
        "Polygon": [
          {
            "X": 0.22937414050102234,
            "Y": 0.21885770559310913
          },
          {
            "X": 0.37057921290397644,
            "Y": 0.21327166259288788
          },
          {
            "X": 0.3703174293041229,
            "Y": 0.23682963848114014
          },
          {
            "X": 0.22887009382247925,
            "Y": 0.24223266541957855
          }
        ]
      },
      "Id": "ee9f1dba-9b8b-421c-95a2-df554e3bbb67",
      "Page": 1
    },
    {
      "BlockType": "WORD",
      "Confidence": 99.77295684814453,
      "Text": "e",
      "TextType": "PRINTED",
      "Geometry": {
        "BoundingBox": {
          "Width": 0.01751587726175785,
          "Height": 0.014202067628502846,
          "Left": 0.3915841281414032,
          "Top": 0.215231254696846
        },
        "Polygon": [
          {
            "X": 0.3917131721973419,
            "Y": 0.21591559052467346
          },
          {
            "X": 0.4090999960899353,
            "Y": 0.215231254696846
          },
          {
            "X": 0.40898826718330383,
            "Y": 0.22876191139221191
          },
          {
            "X": 0.3915841281414032,
            "Y": 0.2294333279132843
          }
        ]
      },
      "Id": "812cebfc-97fe-45ee-a7bc-48f1ed12b0b6",
      "Page": 1
    },
    {
      "BlockType": "WORD",
      "Confidence": 98.5011978149414,
      "Text": "limitados",
      "TextType": "PRINTED",
      "Geometry": {
        "BoundingBox": {
          "Width": 0.17643436789512634,
          "Height": 0.03209678456187248,
          "Left": 0.42955154180526733,
          "Top": 0.1945313662290573
        },
        "Polygon": [
          {
            "X": 0.4297202229499817,
            "Y": 0.2015928328037262
          },
          {
            "X": 0.6058261394500732,
            "Y": 0.1945313662290573
          },
          {
            "X": 0.6059858798980713,
            "Y": 0.219807967543602
          },
          {
            "X": 0.42955154180526733,
            "Y": 0.2266281545162201
          }
        ]
      },
      "Id": "5bbdce53-683a-4bc6-a81c-c3cde2753d14",
      "Page": 1
    },
    {
      "BlockType": "WORD",
      "Confidence": 92.06237030029297,
      "Text": "Experiência",
      "TextType": "PRINTED",
      "Geometry": {
        "BoundingBox": {
          "Width": 0.06809812039136887,
          "Height": 0.014098511077463627,
          "Left": 0.11250899732112885,
          "Top": 0.2702900469303131
        },
        "Polygon": [
          {
            "X": 0.11285825073719025,
            "Y": 0.2727741003036499
          },
          {
            "X": 0.18060711026191711,
            "Y": 0.2702900469303131
          },
          {
            "X": 0.18031473457813263,
            "Y": 0.28194859623908997
          },
          {
            "X": 0.11250899732112885,
            "Y": 0.28438857197761536
          }
        ]
      },
      "Id": "db319ace-f79b-4d6e-9c04-9ea5424eae67",
      "Page": 1
    },
    {
      "BlockType": "WORD",
      "Confidence": 98.87236785888672,
      "Text": "Multiagentes",
      "TextType": "PRINTED",
      "Geometry": {
        "BoundingBox": {
          "Width": 0.08513107150793076,
          "Height": 0.017184317111968994,
          "Left": 0.259914755821228,
          "Top": 0.25819140672683716
        },
        "Polygon": [
          {
            "X": 0.2601846754550934,
            "Y": 0.2613327205181122
          },
          {
            "X": 0.3450458347797394,
            "Y": 0.25819140672683716
          },
          {
            "X": 0.3448629379272461,
            "Y": 0.2723005712032318
          },
          {
            "X": 0.259914755821228,
            "Y": 0.27537572383880615
          }
        ]
      },
      "Id": "1c641d39-cd68-4fe8-bee5-a79297c9a616",
      "Page": 1
    },
    {
      "BlockType": "WORD",
      "Confidence": 99.79056549072266,
      "Text": "do",
      "TextType": "PRINTED",
      "Geometry": {
        "BoundingBox": {
          "Width": 0.016904262825846672,
          "Height": 0.009667043574154377,
          "Left": 0.3480772376060486,
          "Top": 0.2572704255580902
        },
        "Polygon": [
          {
            "X": 0.34819236397743225,
            "Y": 0.25789210200309753
          },
          {
            "X": 0.3649815022945404,
            "Y": 0.2572704255580902
          },
          {
            "X": 0.36487746238708496,
            "Y": 0.2663241922855377
          },
          {
            "X": 0.3480772376060486,
            "Y": 0.2669374644756317
          }
        ]
      },
      "Id": "0d323b0b-9a48-47df-9751-19569bbb10c3",
      "Page": 1
    },
    {
      "BlockType": "WORD",
      "Confidence": 99.79000091552734,
      "Text": "tipo",
      "TextType": "PRINTED",
      "Geometry": {
        "BoundingBox": {
          "Width": 0.027101093903183937,
          "Height": 0.012266104109585285,
          "Left": 0.36864203214645386,
          "Top": 0.2551458477973938
        },
        "Polygon": [
          {
            "X": 0.3687683343887329,
            "Y": 0.2561461925506592
          },
          {
            "X": 0.39574313163757324,
            "Y": 0.2551458477973938
          },
          {
            "X": 0.3956390917301178,
            "Y": 0.2664283514022827
          },
          {
            "X": 0.36864203214645386,
            "Y": 0.2674119472503662
          }
        ]
      },
      "Id": "b6b2e657-0d93-46eb-84d8-1b5b846f3aae",
      "Page": 1
    },
    {
      "BlockType": "WORD",
      "Confidence": 86.1878433227539,
      "Text": "\"faça",
      "TextType": "PRINTED",
      "Geometry": {
        "BoundingBox": {
          "Width": 0.03341609612107277,
          "Height": 0.013735005632042885,
          "Left": 0.4007014334201813,
          "Top": 0.2525641918182373
        },
        "Polygon": [
          {
            "X": 0.4008120000362396,
            "Y": 0.253801554441452
          },
          {
            "X": 0.43411752581596375,
            "Y": 0.2525641918182373
          },
          {
            "X": 0.43403753638267517,
            "Y": 0.26508477330207825
          },
          {
            "X": 0.4007014334201813,
            "Y": 0.26629921793937683
          }
        ]
      },
      "Id": "0889d9ba-f674-4fb8-a7df-913e89ca2abb",
      "Page": 1
    },
    {
      "BlockType": "WORD",
      "Confidence": 93.36492156982422,
      "Text": "Automação",
      "TextType": "PRINTED",
      "Geometry": {
        "BoundingBox": {
          "Width": 0.0812319815158844,
          "Height": 0.016587432473897934,
          "Left": 0.48624032735824585,
          "Top": 0.24310579895973206
        },
        "Polygon": [
          {
            "X": 0.48627471923828125,
            "Y": 0.24614155292510986
          },
          {
            "X": 0.5674251914024353,
            "Y": 0.24310579895973206
          },
          {
            "X": 0.5674723386764526,
            "Y": 0.25671765208244324
          },
          {
            "X": 0.48624032735824585,
            "Y": 0.2596932351589203
          }
        ]
      },
      "Id": "2d17cd30-aa0d-43f8-b2a7-a3d3ce009c69",
      "Page": 1
    },
    {
      "BlockType": "WORD",
      "Confidence": 99.31867218017578,
      "Text": "complexa",
      "TextType": "PRINTED",
      "Geometry": {
        "BoundingBox": {
          "Width": 0.0714234784245491,
          "Height": 0.01701253466308117,
          "Left": 0.5713873505592346,
          "Top": 0.23753975331783295
        },
        "Polygon": [
          {
            "X": 0.5713873505592346,
            "Y": 0.24021793901920319
          },
          {
            "X": 0.6426809430122375,
            "Y": 0.23753975331783295
          },
          {
            "X": 0.6428108215332031,
            "Y": 0.25192973017692566
          },
          {
            "X": 0.5714411735534668,
            "Y": 0.25455230474472046
          }
        ]
      },
      "Id": "659dc7a0-b4e1-46fe-9538-7f4e0ea302d9",
      "Page": 1
    },
    {
      "BlockType": "WORD",
      "Confidence": 99.83026123046875,
      "Text": "ainda",
      "TextType": "PRINTED",
      "Geometry": {
        "BoundingBox": {
          "Width": 0.041852764785289764,
          "Height": 0.012200644239783287,
          "Left": 0.647116482257843,
          "Top": 0.23474843800067902
        },
        "Polygon": [
          {
            "X": 0.647116482257843,
            "Y": 0.2363181710243225
          },
          {
            "X": 0.6888366341590881,
            "Y": 0.23474843800067902
          },
          {
            "X": 0.6889691948890686,
            "Y": 0.24540336430072784
          },
          {
            "X": 0.6472159028053284,
            "Y": 0.24694907665252686
          }
        ]
      },
      "Id": "9886a3ca-4349-4fc9-a3ea-3eafbd58199c",
      "Page": 1
    },
    {
      "BlockType": "WORD",
      "Confidence": 98.5148696899414,
      "Text": "fragmentada",
      "TextType": "PRINTED",
      "Geometry": {
        "BoundingBox": {
          "Width": 0.07751136273145676,
          "Height": 0.015319094993174076,
          "Left": 0.09759454429149628,
          "Top": 0.28260788321495056
        },
        "Polygon": [
          {
            "X": 0.09798521548509598,
            "Y": 0.28538092970848083
          },
          {
            "X": 0.17510591447353363,
            "Y": 0.28260788321495056
          },
          {
            "X": 0.1747850775718689,
            "Y": 0.29520827531814575
          },
          {
            "X": 0.09759454429149628,
            "Y": 0.29792699217796326
          }
        ]
      },
      "Id": "94c8a0fa-4ccc-45ed-9063-835000de078e",
      "Page": 1
    },
    {
      "BlockType": "WORD",
      "Confidence": 99.83338165283203,
      "Text": "de",
      "TextType": "PRINTED",
      "Geometry": {
        "BoundingBox": {
          "Width": 0.01486099511384964,
          "Height": 0.009098981507122517,
          "Left": 0.1785055547952652,
          "Top": 0.2817513644695282
        },
        "Polygon": [
          {
            "X": 0.17872154712677002,
            "Y": 0.2822781205177307
          },
          {
            "X": 0.19336655735969543,
            "Y": 0.2817513644695282
          },
          {
            "X": 0.19315963983535767,
            "Y": 0.29033058881759644
          },
          {
            "X": 0.1785055547952652,
            "Y": 0.29085034132003784
          }
        ]
      },
      "Id": "b9e093c8-ccb5-454c-a8e7-67c0ebcb5fa6",
      "Page": 1
    },
    {
      "BlockType": "WORD",
      "Confidence": 94.66983032226562,
      "Text": "você",
      "TextType": "PRINTED",
      "Geometry": {
        "BoundingBox": {
          "Width": 0.029711056500673294,
          "Height": 0.010546018369495869,
          "Left": 0.275624543428421,
          "Top": 0.27373775839805603
        },
        "Polygon": [
          {
            "X": 0.2757956087589264,
            "Y": 0.2748070955276489
          },
          {
            "X": 0.3053356111049652,
            "Y": 0.27373775839805603
          },
          {
            "X": 0.30518490076065063,
            "Y": 0.2832299470901489
          },
          {
            "X": 0.275624543428421,
            "Y": 0.28428375720977783
          }
        ]
      },
      "Id": "484b96d8-b48e-4dac-b0e4-7c659885c869",
      "Page": 1
    },
    {
      "BlockType": "WORD",
      "Confidence": 97.12210083007812,
      "Text": "mesmo\"",
      "TextType": "PRINTED",
      "Geometry": {
        "BoundingBox": {
          "Width": 0.054703690111637115,
          "Height": 0.012112035416066647,
          "Left": 0.30862292647361755,
          "Top": 0.2705075442790985
        },
        "Polygon": [
          {
            "X": 0.308781236410141,
            "Y": 0.2724856436252594
          },
          {
            "X": 0.3633266091346741,
            "Y": 0.2705075442790985
          },
          {
            "X": 0.36320868134498596,
            "Y": 0.2806720733642578
          },
          {
            "X": 0.30862292647361755,
            "Y": 0.28261956572532654
          }
        ]
      },
      "Id": "941d6677-baac-48d2-9469-348e7eda5d8b",
      "Page": 1
    },
    {
      "BlockType": "WORD",
      "Confidence": 99.16511535644531,
      "Text": "é",
      "TextType": "PRINTED",
      "Geometry": {
        "BoundingBox": {
          "Width": 0.007737370673567057,
          "Height": 0.00963515229523182,
          "Left": 0.3673887252807617,
          "Top": 0.2691163718700409
        },
        "Polygon": [
          {
            "X": 0.3674944341182709,
            "Y": 0.26939356327056885
          },
          {
            "X": 0.3751261234283447,
            "Y": 0.2691163718700409
          },
          {
            "X": 0.3750256299972534,
            "Y": 0.2784782946109772
          },
          {
            "X": 0.3673887252807617,
            "Y": 0.27875152230262756
          }
        ]
      },
      "Id": "8a46d24a-109e-4edb-bbbb-cc78c1260a73",
      "Page": 1
    },
    {
      "BlockType": "WORD",
      "Confidence": 86.61869049072266,
      "Text": "difícil",
      "TextType": "PRINTED",
      "Geometry": {
        "BoundingBox": {
          "Width": 0.03809455782175064,
          "Height": 0.01130758412182331,
          "Left": 0.3788995146751404,
          "Top": 0.2665179371833801
        },
        "Polygon": [
          {
            "X": 0.3790031969547272,
            "Y": 0.26790016889572144
          },
          {
            "X": 0.4169940650463104,
            "Y": 0.2665179371833801
          },
          {
            "X": 0.4169180393218994,
            "Y": 0.2764640748500824
          },
          {
            "X": 0.3788995146751404,
            "Y": 0.2778255343437195
          }
        ]
      },
      "Id": "139e1ed0-7e45-4505-b550-fe35cb2ec1ff",
      "Page": 1
    },
    {
      "BlockType": "WORD",
      "Confidence": 99.63126373291016,
      "Text": "sem",
      "TextType": "PRINTED",
      "Geometry": {
        "BoundingBox": {
          "Width": 0.029401790350675583,
          "Height": 0.009117594920098782,
          "Left": 0.5408369898796082,
          "Top": 0.2583906650543213
        },
        "Polygon": [
          {
            "X": 0.5408369898796082,
            "Y": 0.2594636082649231
          },
          {
            "X": 0.570209264755249,
            "Y": 0.2583906650543213
          },
          {
            "X": 0.5702387690544128,
            "Y": 0.2664481997489929
          },
          {
            "X": 0.540848970413208,
            "Y": 0.26750826835632324
          }
        ]
      },
      "Id": "3d3fd3f4-cbc2-4c32-af5a-596f53b7b157",
      "Page": 1
    },
    {
      "BlockType": "WORD",
      "Confidence": 95.31583404541016,
      "Text": "solução",
      "TextType": "PRINTED",
      "Geometry": {
        "BoundingBox": {
          "Width": 0.05673274025321007,
          "Height": 0.015477420762181282,
          "Left": 0.5741544961929321,
          "Top": 0.252250999212265
        },
        "Polygon": [
          {
            "X": 0.5741544961929321,
            "Y": 0.2543320953845978
          },
          {
            "X": 0.6307778358459473,
            "Y": 0.252250999212265
          },
          {
            "X": 0.6308872103691101,
            "Y": 0.2656886875629425
          },
          {
            "X": 0.5742074251174927,
            "Y": 0.26772841811180115
          }
        ]
      },
      "Id": "36096870-4b5f-41bd-b6d4-c116959da3fa",
      "Page": 1
    },
    {
      "BlockType": "WORD",
      "Confidence": 95.38048553466797,
      "Text": "usuário",
      "TextType": "PRINTED",
      "Geometry": {
        "BoundingBox": {
          "Width": 0.04393329098820686,
          "Height": 0.010912911966443062,
          "Left": 0.12224410474300385,
          "Top": 0.2957541346549988
        },
        "Polygon": [
          {
            "X": 0.1225188672542572,
            "Y": 0.29729118943214417
          },
          {
            "X": 0.1661773920059204,
            "Y": 0.2957541346549988
          },
          {
            "X": 0.16593213379383087,
            "Y": 0.305152952671051
          },
          {
            "X": 0.12224410474300385,
            "Y": 0.3066670298576355
          }
        ]
      },
      "Id": "8725809a-b930-44a9-beb6-45c43c937df0",
      "Page": 1
    },
    {
      "BlockType": "WORD",
      "Confidence": 65.04060363769531,
      "Text": "05",
      "TextType": "PRINTED",
      "Geometry": {
        "BoundingBox": {
          "Width": 0.015908071771264076,
          "Height": 0.007345471065491438,
          "Left": 0.5591128468513489,
          "Top": 0.3152003288269043
        },
        "Polygon": [
          {
            "X": 0.5591128468513489,
            "Y": 0.31572872400283813
          },
          {
            "X": 0.5749936103820801,
            "Y": 0.3152003288269043
          },
          {
            "X": 0.5750209093093872,
            "Y": 0.32202333211898804
          },
          {
            "X": 0.5591320991516113,
            "Y": 0.3225457966327667
          }
        ]
      },
      "Id": "1b36c9d5-8ae8-47c0-af79-7d8285525e9e",
      "Page": 1
    },
    {
      "BlockType": "WORD",
      "Confidence": 41.29310989379883,
      "Text": "os",
      "TextType": "PRINTED",
      "Geometry": {
        "BoundingBox": {
          "Width": 0.014434104785323143,
          "Height": 0.007249526213854551,
          "Left": 0.3138006031513214,
          "Top": 0.328075110912323
        },
        "Polygon": [
          {
            "X": 0.31390348076820374,
            "Y": 0.3285480737686157
          },
          {
            "X": 0.3282347023487091,
            "Y": 0.328075110912323
          },
          {
            "X": 0.32813888788223267,
            "Y": 0.3348570764064789
          },
          {
            "X": 0.3138006031513214,
            "Y": 0.33532464504241943
          }
        ]
      },
      "Id": "e6f6afb4-12f8-4f7a-866a-7349f53eaab3",
      "Page": 1
    },
    {
      "BlockType": "WORD",
      "Confidence": 98.58625793457031,
      "Text": "Precisa",
      "TextType": "PRINTED",
      "Geometry": {
        "BoundingBox": {
          "Width": 0.04123678803443909,
          "Height": 0.010256731882691383,
          "Left": 0.27558237314224243,
          "Top": 0.3530076742172241
        },
        "Polygon": [
          {
            "X": 0.2757432162761688,
            "Y": 0.35430479049682617
          },
          {
            "X": 0.3168191611766815,
            "Y": 0.3530076742172241
          },
          {
            "X": 0.3166849911212921,
            "Y": 0.3619878590106964
          },
          {
            "X": 0.27558237314224243,
            "Y": 0.36326441168785095
          }
        ]
      },
      "Id": "236b8549-4ad5-45a3-a111-ddd7e5653e32",
      "Page": 1
    },
    {
      "BlockType": "WORD",
      "Confidence": 99.54331970214844,
      "Text": "ser",
      "TextType": "PRINTED",
      "Geometry": {
        "BoundingBox": {
          "Width": 0.018915820866823196,
          "Height": 0.007424008101224899,
          "Left": 0.31994888186454773,
          "Top": 0.35381004214286804
        },
        "Polygon": [
          {
            "X": 0.32004931569099426,
            "Y": 0.3544025719165802
          },
          {
            "X": 0.3388647139072418,
            "Y": 0.35381004214286804
          },
          {
            "X": 0.33877357840538025,
            "Y": 0.3606486916542053
          },
          {
            "X": 0.31994888186454773,
            "Y": 0.36123403906822205
          }
        ]
      },
      "Id": "0115428c-854c-46cd-983a-d6d76bc9017f",
      "Page": 1
    },
    {
      "BlockType": "WORD",
      "Confidence": 92.96624755859375,
      "Text": "confiável,",
      "TextType": "PRINTED",
      "Geometry": {
        "BoundingBox": {
          "Width": 0.05913626030087471,
          "Height": 0.013060186989605427,
          "Left": 0.3415299355983734,
          "Top": 0.3488796651363373
        },
        "Polygon": [
          {
            "X": 0.3416767716407776,
            "Y": 0.3507474958896637
          },
          {
            "X": 0.400666207075119,
            "Y": 0.3488796651363373
          },
          {
            "X": 0.4005674123764038,
            "Y": 0.36010876297950745
          },
          {
            "X": 0.3415299355983734,
            "Y": 0.36193984746932983
          }
        ]
      },
      "Id": "78b8a57c-1825-44c9-bf79-7a95af497505",
      "Page": 1
    },
    {
      "BlockType": "WORD",
      "Confidence": 99.88581085205078,
      "Text": "de",
      "TextType": "PRINTED",
      "Geometry": {
        "BoundingBox": {
          "Width": 0.015057447366416454,
          "Height": 0.008910326287150383,
          "Left": 0.40457966923713684,
          "Top": 0.34854036569595337
        },
        "Polygon": [
          {
            "X": 0.404651403427124,
            "Y": 0.34901466965675354
          },
          {
            "X": 0.41963711380958557,
            "Y": 0.34854036569595337
          },
          {
            "X": 0.4195745885372162,
            "Y": 0.3569834232330322
          },
          {
            "X": 0.40457966923713684,
            "Y": 0.3574506938457489
          }
        ]
      },
      "Id": "6d281dad-0c6f-4b0a-b549-32db18f902ff",
      "Page": 1
    },
    {
      "BlockType": "WORD",
      "Confidence": 99.02505493164062,
      "Text": "Não",
      "TextType": "PRINTED",
      "Geometry": {
        "BoundingBox": {
          "Width": 0.025141626596450806,
          "Height": 0.009726058691740036,
          "Left": 0.5169544219970703,
          "Top": 0.3427578806877136
        },
        "Polygon": [
          {
            "X": 0.5169568061828613,
            "Y": 0.3435558080673218
          },
          {
            "X": 0.5420819520950317,
            "Y": 0.3427578806877136
          },
          {
            "X": 0.5420960187911987,
            "Y": 0.3516983687877655
          },
          {
            "X": 0.5169544219970703,
            "Y": 0.35248395800590515
          }
        ]
      },
      "Id": "9e9b9912-476f-4738-b80f-3e0b83eba5e3",
      "Page": 1
    },
    {
      "BlockType": "WORD",
      "Confidence": 95.02465057373047,
      "Text": "há",
      "TextType": "PRINTED",
      "Geometry": {
        "BoundingBox": {
          "Width": 0.01628180593252182,
          "Height": 0.009581129066646099,
          "Left": 0.5460878610610962,
          "Top": 0.3414994180202484
        },
        "Polygon": [
          {
            "X": 0.5460878610610962,
            "Y": 0.34201619029045105
          },
          {
            "X": 0.5623418688774109,
            "Y": 0.3414994180202484
          },
          {
            "X": 0.5623696446418762,
            "Y": 0.350571870803833
          },
          {
            "X": 0.5461047887802124,
            "Y": 0.3510805368423462
          }
        ]
      },
      "Id": "e61ae01e-b1fb-40bd-ba9c-20bd40858ce1",
      "Page": 1
    },
    {
      "BlockType": "WORD",
      "Confidence": 99.20882415771484,
      "Text": "um",
      "TextType": "PRINTED",
      "Geometry": {
        "BoundingBox": {
          "Width": 0.020934052765369415,
          "Height": 0.007776189595460892,
          "Left": 0.5661384463310242,
          "Top": 0.34223154187202454
        },
        "Polygon": [
          {
            "X": 0.5661384463310242,
            "Y": 0.34289416670799255
          },
          {
            "X": 0.5870378017425537,
            "Y": 0.34223154187202454
          },
          {
            "X": 0.587072491645813,
            "Y": 0.34935322403907776
          },
          {
            "X": 0.5661622285842896,
            "Y": 0.35000771284103394
          }
        ]
      },
      "Id": "013ef693-ab50-46b7-8925-bb93703d3bf3",
      "Page": 1
    },
    {
      "BlockType": "WORD",
      "Confidence": 99.54409790039062,
      "Text": "caminho",
      "TextType": "PRINTED",
      "Geometry": {
        "BoundingBox": {
          "Width": 0.05841953307390213,
          "Height": 0.012114924378693104,
          "Left": 0.5914332866668701,
          "Top": 0.33679118752479553
        },
        "Polygon": [
          {
            "X": 0.5914332866668701,
            "Y": 0.3386518359184265
          },
          {
            "X": 0.6497552990913391,
            "Y": 0.33679118752479553
          },
          {
            "X": 0.6498528122901917,
            "Y": 0.34707823395729065
          },
          {
            "X": 0.5914865732192993,
            "Y": 0.34890612959861755
          }
        ]
      },
      "Id": "52f85833-9871-4f6e-9ff2-2648d5d372cc",
      "Page": 1
    },
    {
      "BlockType": "WORD",
      "Confidence": 99.70321655273438,
      "Text": "claro",
      "TextType": "PRINTED",
      "Geometry": {
        "BoundingBox": {
          "Width": 0.034626469016075134,
          "Height": 0.010526912286877632,
          "Left": 0.6539084911346436,
          "Top": 0.33484095335006714
        },
        "Polygon": [
          {
            "X": 0.6539084911346436,
            "Y": 0.335943341255188
          },
          {
            "X": 0.6884186267852783,
            "Y": 0.33484095335006714
          },
          {
            "X": 0.6885349750518799,
            "Y": 0.34428325295448303
          },
          {
            "X": 0.6540006995201111,
            "Y": 0.3453678786754608
          }
        ]
      },
      "Id": "202b6720-b909-414a-a0bd-77f865310045",
      "Page": 1
    },
    {
      "BlockType": "WORD",
      "Confidence": 99.6446533203125,
      "Text": "Um",
      "TextType": "PRINTED",
      "Geometry": {
        "BoundingBox": {
          "Width": 0.018129535019397736,
          "Height": 0.00808420404791832,
          "Left": 0.09184930473566055,
          "Top": 0.3630439341068268
        },
        "Polygon": [
          {
            "X": 0.09208546578884125,
            "Y": 0.3636052906513214
          },
          {
            "X": 0.10997883975505829,
            "Y": 0.3630439341068268
          },
          {
            "X": 0.10975230485200882,
            "Y": 0.37057438492774963
          },
          {
            "X": 0.09184930473566055,
            "Y": 0.3711281418800354
          }
        ]
      },
      "Id": "5eba4bf0-495b-4a60-bdc4-e8997ef954b6",
      "Page": 1
    },
    {
      "BlockType": "WORD",
      "Confidence": 98.64236450195312,
      "Text": "mar",
      "TextType": "PRINTED",
      "Geometry": {
        "BoundingBox": {
          "Width": 0.0219127144664526,
          "Height": 0.006845955736935139,
          "Left": 0.11332414299249649,
          "Top": 0.36325007677078247
        },
        "Polygon": [
          {
            "X": 0.11350801587104797,
            "Y": 0.36393049359321594
          },
          {
            "X": 0.13523685932159424,
            "Y": 0.36325007677078247
          },
          {
            "X": 0.135062575340271,
            "Y": 0.36942318081855774
          },
          {
            "X": 0.11332414299249649,
            "Y": 0.37009602785110474
          }
        ]
      },
      "Id": "eb2ad43b-fdc9-4745-a1ff-9e8762d04749",
      "Page": 1
    },
    {
      "BlockType": "WORD",
      "Confidence": 99.90762329101562,
      "Text": "de",
      "TextType": "PRINTED",
      "Geometry": {
        "BoundingBox": {
          "Width": 0.013604823499917984,
          "Height": 0.00843815878033638,
          "Left": 0.13769429922103882,
          "Top": 0.36059609055519104
        },
        "Polygon": [
          {
            "X": 0.1379191130399704,
            "Y": 0.36101675033569336
          },
          {
            "X": 0.1512991189956665,
            "Y": 0.36059609055519104
          },
          {
            "X": 0.15108199417591095,
            "Y": 0.3686196208000183
          },
          {
            "X": 0.13769429922103882,
            "Y": 0.3690342605113983
          }
        ]
      },
      "Id": "124a7f6a-8014-40aa-9ce3-6030f52634fb",
      "Page": 1
    },
    {
      "BlockType": "WORD",
      "Confidence": 99.14193725585938,
      "Text": "aplicativos",
      "TextType": "PRINTED",
      "Geometry": {
        "BoundingBox": {
          "Width": 0.06049056351184845,
          "Height": 0.012671873904764652,
          "Left": 0.15429304540157318,
          "Top": 0.357141375541687
        },
        "Polygon": [
          {
            "X": 0.15458203852176666,
            "Y": 0.3590392470359802
          },
          {
            "X": 0.21478360891342163,
            "Y": 0.357141375541687
          },
          {
            "X": 0.21454130113124847,
            "Y": 0.367951899766922
          },
          {
            "X": 0.15429304540157318,
            "Y": 0.3698132634162903
          }
        ]
      },
      "Id": "dd87b5a8-7767-4d11-8ac5-4377f04e6da2",
      "Page": 1
    },
    {
      "BlockType": "WORD",
      "Confidence": 99.72126770019531,
      "Text": "para",
      "TextType": "PRINTED",
      "Geometry": {
        "BoundingBox": {
          "Width": 0.023813266307115555,
          "Height": 0.008486904203891754,
          "Left": 0.09065676480531693,
          "Top": 0.3753509819507599
        },
        "Polygon": [
          {
            "X": 0.0909009724855423,
            "Y": 0.3760731816291809
          },
          {
            "X": 0.11447002738714218,
            "Y": 0.3753509819507599
          },
          {
            "X": 0.11423890292644501,
            "Y": 0.38312602043151855
          },
          {
            "X": 0.09065676480531693,
            "Y": 0.38383787870407104
          }
        ]
      },
      "Id": "7c28184e-fcd7-4d67-90bc-3fbcd2ee4c76",
      "Page": 1
    },
    {
      "BlockType": "WORD",
      "Confidence": 93.61995697021484,
      "Text": "os",
      "TextType": "PRINTED",
      "Geometry": {
        "BoundingBox": {
          "Width": 0.012234397232532501,
          "Height": 0.00650305999442935,
          "Left": 0.11776260286569595,
          "Top": 0.3747069537639618
        },
        "Polygon": [
          {
            "X": 0.11794337630271912,
            "Y": 0.37507641315460205
          },
          {
            "X": 0.12999700009822845,
            "Y": 0.3747069537639618
          },
          {
            "X": 0.1298215091228485,
            "Y": 0.38084471225738525
          },
          {
            "X": 0.11776260286569595,
            "Y": 0.3812100291252136
          }
        ]
      },
      "Id": "45519282-b007-4121-84bb-918e4eabd2c9",
      "Page": 1
    },
    {
      "BlockType": "WORD",
      "Confidence": 94.5400390625,
      "Text": "usuários",
      "TextType": "PRINTED",
      "Geometry": {
        "BoundingBox": {
          "Width": 0.04610871523618698,
          "Height": 0.010230761021375656,
          "Left": 0.13294051587581635,
          "Top": 0.37047988176345825
        },
        "Polygon": [
          {
            "X": 0.13319061696529388,
            "Y": 0.3718928396701813
          },
          {
            "X": 0.17904922366142273,
            "Y": 0.37047988176345825
          },
          {
            "X": 0.1788281351327896,
            "Y": 0.37932050228118896
          },
          {
            "X": 0.13294051587581635,
            "Y": 0.3807106614112854
          }
        ]
      },
      "Id": "c2514251-754c-4d93-ae2c-73152226abc6",
      "Page": 1
    },
    {
      "BlockType": "WORD",
      "Confidence": 99.64093017578125,
      "Text": "baixa",
      "TextType": "PRINTED",
      "Geometry": {
        "BoundingBox": {
          "Width": 0.03119310736656189,
          "Height": 0.009707853198051453,
          "Left": 0.2749810814857483,
          "Top": 0.36503884196281433
        },
        "Polygon": [
          {
            "X": 0.27513837814331055,
            "Y": 0.3659978210926056
          },
          {
            "X": 0.3061741888523102,
            "Y": 0.36503884196281433
          },
          {
            "X": 0.3060365319252014,
            "Y": 0.37380287051200867
          },
          {
            "X": 0.2749810814857483,
            "Y": 0.3747466802597046
          }
        ]
      },
      "Id": "0fe02ab5-9b17-407a-bd0e-6cd9ba644403",
      "Page": 1
    },
    {
      "BlockType": "WORD",
      "Confidence": 96.78844451904297,
      "Text": "latência",
      "TextType": "PRINTED",
      "Geometry": {
        "BoundingBox": {
          "Width": 0.04755072668194771,
          "Height": 0.011127128265798092,
          "Left": 0.3095972537994385,
          "Top": 0.3625771105289459
        },
        "Polygon": [
          {
            "X": 0.30974647402763367,
            "Y": 0.3640442192554474
          },
          {
            "X": 0.3571479916572571,
            "Y": 0.3625771105289459
          },
          {
            "X": 0.35703200101852417,
            "Y": 0.3722626566886902
          },
          {
            "X": 0.3095972537994385,
            "Y": 0.3737042248249054
          }
        ]
      },
      "Id": "ae25f6eb-a6c7-4765-a359-384438a7fb8c",
      "Page": 1
    },
    {
      "BlockType": "WORD",
      "Confidence": 99.5172119140625,
      "Text": "e",
      "TextType": "PRINTED",
      "Geometry": {
        "BoundingBox": {
          "Width": 0.007292820606380701,
          "Height": 0.00640361150726676,
          "Left": 0.3609848618507385,
          "Top": 0.3649130165576935
        },
        "Polygon": [
          {
            "X": 0.3610571026802063,
            "Y": 0.3651353716850281
          },
          {
            "X": 0.3682776689529419,
            "Y": 0.3649130165576935
          },
          {
            "X": 0.3682086765766144,
            "Y": 0.37109676003456116
          },
          {
            "X": 0.3609848618507385,
            "Y": 0.3713166415691376
          }
        ]
      },
      "Id": "92ebfea9-e6dc-46be-be96-a2f1ec7085f4",
      "Page": 1
    },
    {
      "BlockType": "WORD",
      "Confidence": 97.99234008789062,
      "Text": "escalável",
      "TextType": "PRINTED",
      "Geometry": {
        "BoundingBox": {
          "Width": 0.05587483569979668,
          "Height": 0.01140385027974844,
          "Left": 0.371631383895874,
          "Top": 0.35992324352264404
        },
        "Polygon": [
          {
            "X": 0.37173691391944885,
            "Y": 0.36165088415145874
          },
          {
            "X": 0.4275062084197998,
            "Y": 0.35992324352264404
          },
          {
            "X": 0.42743998765945435,
            "Y": 0.36962947249412537
          },
          {
            "X": 0.371631383895874,
            "Y": 0.37132710218429565
          }
        ]
      },
      "Id": "66f5c1c4-7021-4063-a1d5-cf61073dd7b5",
      "Page": 1
    },
    {
      "BlockType": "WORD",
      "Confidence": 99.72718048095703,
      "Text": "para",
      "TextType": "PRINTED",
      "Geometry": {
        "BoundingBox": {
          "Width": 0.028746748343110085,
          "Height": 0.00965785700827837,
          "Left": 0.5164938569068909,
          "Top": 0.35692113637924194
        },
        "Polygon": [
          {
            "X": 0.516496479511261,
            "Y": 0.35781005024909973
          },
          {
            "X": 0.5452247858047485,
            "Y": 0.35692113637924194
          },
          {
            "X": 0.5452406406402588,
            "Y": 0.3657039999961853
          },
          {
            "X": 0.5164938569068909,
            "Y": 0.36657899618148804
          }
        ]
      },
      "Id": "3dcf6e1e-1bac-42de-91d0-e03105a2608c",
      "Page": 1
    },
    {
      "BlockType": "WORD",
      "Confidence": 99.47185516357422,
      "Text": "resolver",
      "TextType": "PRINTED",
      "Geometry": {
        "BoundingBox": {
          "Width": 0.0544624961912632,
          "Height": 0.01180642656981945,
          "Left": 0.5491433143615723,
          "Top": 0.3518012464046478
        },
        "Polygon": [
          {
            "X": 0.5491433143615723,
            "Y": 0.353494793176651
          },
          {
            "X": 0.6035441160202026,
            "Y": 0.3518012464046478
          },
          {
            "X": 0.6036058068275452,
            "Y": 0.36194440722465515
          },
          {
            "X": 0.5491644740104675,
            "Y": 0.3636076748371124
          }
        ]
      },
      "Id": "d92476ab-6c8b-4d37-a284-3f59f28a9a08",
      "Page": 1
    },
    {
      "BlockType": "WORD",
      "Confidence": 99.44477844238281,
      "Text": "problemas",
      "TextType": "PRINTED",
      "Geometry": {
        "BoundingBox": {
          "Width": 0.07403608411550522,
          "Height": 0.014391233213245869,
          "Left": 0.606823742389679,
          "Top": 0.3478633463382721
        },
        "Polygon": [
          {
            "X": 0.606823742389679,
            "Y": 0.35017016530036926
          },
          {
            "X": 0.6807173490524292,
            "Y": 0.3478633463382721
          },
          {
            "X": 0.6808598637580872,
            "Y": 0.3599967360496521
          },
          {
            "X": 0.606900155544281,
            "Y": 0.3622545897960663
          }
        ]
      },
      "Id": "e3fe2b58-b65e-4a7b-9d6c-302b4852f958",
      "Page": 1
    },
    {
      "BlockType": "WORD",
      "Confidence": 99.33148956298828,
      "Text": "encontrarem",
      "TextType": "PRINTED",
      "Geometry": {
        "BoundingBox": {
          "Width": 0.06910820305347443,
          "Height": 0.010434571653604507,
          "Left": 0.08974589407444,
          "Top": 0.3835674822330475
        },
        "Polygon": [
          {
            "X": 0.09000929445028305,
            "Y": 0.38563844561576843
          },
          {
            "X": 0.15885409712791443,
            "Y": 0.3835674822330475
          },
          {
            "X": 0.15863190591335297,
            "Y": 0.3919637203216553
          },
          {
            "X": 0.08974589407444,
            "Y": 0.3940020501613617
          }
        ]
      },
      "Id": "b22ee5fb-78ca-494c-a385-86955f6e6cb8",
      "Page": 1
    },
    {
      "BlockType": "WORD",
      "Confidence": 99.32219696044922,
      "Text": "e",
      "TextType": "PRINTED",
      "Geometry": {
        "BoundingBox": {
          "Width": 0.006287140306085348,
          "Height": 0.006060842424631119,
          "Left": 0.16283868253231049,
          "Top": 0.3844464123249054
        },
        "Polygon": [
          {
            "X": 0.16299240291118622,
            "Y": 0.3846304714679718
          },
          {
            "X": 0.16912582516670227,
            "Y": 0.3844464123249054
          },
          {
            "X": 0.16897468268871307,
            "Y": 0.3903251886367798
          },
          {
            "X": 0.16283868253231049,
            "Y": 0.3905072510242462
          }
        ]
      },
      "Id": "6a3e12b0-d1d5-4309-b385-d5ef4a5d3bcb",
      "Page": 1
    },
    {
      "BlockType": "WORD",
      "Confidence": 99.80017852783203,
      "Text": "Tira",
      "TextType": "PRINTED",
      "Geometry": {
        "BoundingBox": {
          "Width": 0.023434488102793694,
          "Height": 0.009150473400950432,
          "Left": 0.2738244831562042,
          "Top": 0.37748318910598755
        },
        "Polygon": [
          {
            "X": 0.2739769518375397,
            "Y": 0.3781861364841461
          },
          {
            "X": 0.29725897312164307,
            "Y": 0.37748318910598755
          },
          {
            "X": 0.29712072014808655,
            "Y": 0.3859417140483856
          },
          {
            "X": 0.2738244831562042,
            "Y": 0.38663366436958313
          }
        ]
      },
      "Id": "6d161ac8-3577-468d-bd82-55842126c99c",
      "Page": 1
    },
    {
      "BlockType": "WORD",
      "Confidence": 99.84613800048828,
      "Text": "tempo",
      "TextType": "PRINTED",
      "Geometry": {
        "BoundingBox": {
          "Width": 0.039393361657857895,
          "Height": 0.011691533029079437,
          "Left": 0.3003728985786438,
          "Top": 0.3759044110774994
        },
        "Polygon": [
          {
            "X": 0.30054208636283875,
            "Y": 0.37708938121795654
          },
          {
            "X": 0.3397662341594696,
            "Y": 0.3759044110774994
          },
          {
            "X": 0.33962687849998474,
            "Y": 0.38643401861190796
          },
          {
            "X": 0.3003728985786438,
            "Y": 0.3875959515571594
          }
        ]
      },
      "Id": "6186cc84-84d5-4aa5-98e5-6fa2b49c1b3d",
      "Page": 1
    },
    {
      "BlockType": "WORD",
      "Confidence": 99.79401397705078,
      "Text": "do",
      "TextType": "PRINTED",
      "Geometry": {
        "BoundingBox": {
          "Width": 0.015581689774990082,
          "Height": 0.008760950528085232,
          "Left": 0.34320467710494995,
          "Top": 0.3751601576805115
        },
        "Polygon": [
          {
            "X": 0.3433122932910919,
            "Y": 0.3756277859210968
          },
          {
            "X": 0.35878637433052063,
            "Y": 0.3751601576805115
          },
          {
            "X": 0.3586880564689636,
            "Y": 0.3834606409072876
          },
          {
            "X": 0.34320467710494995,
            "Y": 0.3839211165904999
          }
        ]
      },
      "Id": "0ef65185-415b-4876-a0d2-82ee28cc677a",
      "Page": 1
    },
    {
      "BlockType": "WORD",
      "Confidence": 99.93069458007812,
      "Text": "principal",
      "TextType": "PRINTED",
      "Geometry": {
        "BoundingBox": {
          "Width": 0.0548226460814476,
          "Height": 0.012978050857782364,
          "Left": 0.3622499406337738,
          "Top": 0.37239840626716614
        },
        "Polygon": [
          {
            "X": 0.36238107085227966,
            "Y": 0.37405431270599365
          },
          {
            "X": 0.417072594165802,
            "Y": 0.37239840626716614
          },
          {
            "X": 0.41698652505874634,
            "Y": 0.38375499844551086
          },
          {
            "X": 0.3622499406337738,
            "Y": 0.3853764533996582
          }
        ]
      },
      "Id": "7497c790-06fb-4236-837a-837f2043b6b6",
      "Page": 1
    },
    {
      "BlockType": "WORD",
      "Confidence": 97.30077362060547,
      "Text": "revolucionários",
      "TextType": "PRINTED",
      "Geometry": {
        "BoundingBox": {
          "Width": 0.1019914448261261,
          "Height": 0.014530615881085396,
          "Left": 0.5163525342941284,
          "Top": 0.3632296323776245
        },
        "Polygon": [
          {
            "X": 0.5163560509681702,
            "Y": 0.3663329482078552
          },
          {
            "X": 0.6182617545127869,
            "Y": 0.3632296323776245
          },
          {
            "X": 0.6183439493179321,
            "Y": 0.37472113966941833
          },
          {
            "X": 0.5163525342941284,
            "Y": 0.37776023149490356
          }
        ]
      },
      "Id": "6d3afdd8-2ba7-4c44-ba3b-c4f1186ff178",
      "Page": 1
    },
    {
      "BlockType": "WORD",
      "Confidence": 99.3117904663086,
      "Text": "navegarem",
      "TextType": "PRINTED",
      "Geometry": {
        "BoundingBox": {
          "Width": 0.060209065675735474,
          "Height": 0.010213837027549744,
          "Left": 0.08869057893753052,
          "Top": 0.3963773250579834
        },
        "Polygon": [
          {
            "X": 0.08895725756883621,
            "Y": 0.39813652634620667
          },
          {
            "X": 0.148899644613266,
            "Y": 0.3963773250579834
          },
          {
            "X": 0.14866919815540314,
            "Y": 0.40486064553260803
          },
          {
            "X": 0.08869057893753052,
            "Y": 0.40659114718437195
          }
        ]
      },
      "Id": "9e74235c-3c6b-473a-ac29-e6c139d4a36f",
      "Page": 1
    },
    {
      "BlockType": "WORD",
      "Confidence": 99.7252426147461,
      "Text": "valor",
      "TextType": "PRINTED",
      "Geometry": {
        "BoundingBox": {
          "Width": 0.03111387975513935,
          "Height": 0.009568396024405956,
          "Left": 0.27351343631744385,
          "Top": 0.3889476954936981
        },
        "Polygon": [
          {
            "X": 0.27366968989372253,
            "Y": 0.3898613750934601
          },
          {
            "X": 0.30462729930877686,
            "Y": 0.3889476954936981
          },
          {
            "X": 0.3044903874397278,
            "Y": 0.3976173996925354
          },
          {
            "X": 0.27351343631744385,
            "Y": 0.39851608872413635
          }
        ]
      },
      "Id": "02dd942e-d1ae-46b8-b637-84561dbfbc29",
      "Page": 1
    },
    {
      "BlockType": "WORD",
      "Confidence": 99.86283111572266,
      "Text": "de",
      "TextType": "PRINTED",
      "Geometry": {
        "BoundingBox": {
          "Width": 0.014680511318147182,
          "Height": 0.008900217711925507,
          "Left": 0.3075042963027954,
          "Top": 0.38832834362983704
        },
        "Polygon": [
          {
            "X": 0.30763623118400574,
            "Y": 0.3887578248977661
          },
          {
            "X": 0.32218480110168457,
            "Y": 0.38832834362983704
          },
          {
            "X": 0.32206180691719055,
            "Y": 0.3968059718608856
          },
          {
            "X": 0.3075042963027954,
            "Y": 0.39722856879234314
          }
        ]
      },
      "Id": "0d4f24fa-0d1c-4617-94b5-9e28b2408b88",
      "Page": 1
    },
    {
      "BlockType": "WORD",
      "Confidence": 95.09603118896484,
      "Text": "negócio",
      "TextType": "PRINTED",
      "Geometry": {
        "BoundingBox": {
          "Width": 0.04728478193283081,
          "Height": 0.012492001987993717,
          "Left": 0.3256182372570038,
          "Top": 0.3862939178943634
        },
        "Polygon": [
          {
            "X": 0.3257763683795929,
            "Y": 0.3876865804195404
          },
          {
            "X": 0.3729030191898346,
            "Y": 0.3862939178943634
          },
          {
            "X": 0.37278279662132263,
            "Y": 0.3974224627017975
          },
          {
            "X": 0.3256182372570038,
            "Y": 0.39878591895103455
          }
        ]
      },
      "Id": "d0a9ada3-d407-4f3e-9014-fbf9e6ba517c",
      "Page": 1
    },
    {
      "BlockType": "WORD",
      "Confidence": 85.95652770996094,
      "Text": "Difícil",
      "TextType": "PRINTED",
      "Geometry": {
        "BoundingBox": {
          "Width": 0.034815505146980286,
          "Height": 0.009799142368137836,
          "Left": 0.2734568417072296,
          "Top": 0.40046295523643494
        },
        "Polygon": [
          {
            "X": 0.27361562848091125,
            "Y": 0.40146246552467346
          },
          {
            "X": 0.3082723617553711,
            "Y": 0.40046295523643494
          },
          {
            "X": 0.3081355690956116,
            "Y": 0.4092796742916107
          },
          {
            "X": 0.2734568417072296,
            "Y": 0.4102620780467987
          }
        ]
      },
      "Id": "b6f82a58-eb5f-4d4e-84cc-ce5677e97738",
      "Page": 1
    },
    {
      "BlockType": "WORD",
      "Confidence": 99.72579193115234,
      "Text": "manter",
      "TextType": "PRINTED",
      "Geometry": {
        "BoundingBox": {
          "Width": 0.044246044009923935,
          "Height": 0.009988121688365936,
          "Left": 0.31166642904281616,
          "Top": 0.39934831857681274
        },
        "Polygon": [
          {
            "X": 0.31179940700531006,
            "Y": 0.40061989426612854
          },
          {
            "X": 0.3559124767780304,
            "Y": 0.39934831857681274
          },
          {
            "X": 0.3558073341846466,
            "Y": 0.4080863893032074
          },
          {
            "X": 0.31166642904281616,
            "Y": 0.4093364477157593
          }
        ]
      },
      "Id": "d6f005dc-b147-4dc5-ba26-59814dd15c9a",
      "Page": 1
    },
    {
      "BlockType": "WORD",
      "Confidence": 68.69710540771484,
      "Text": "o",
      "TextType": "PRINTED",
      "Geometry": {
        "BoundingBox": {
          "Width": 0.007587444968521595,
          "Height": 0.006495324894785881,
          "Left": 0.35901331901550293,
          "Top": 0.40071508288383484
        },
        "Polygon": [
          {
            "X": 0.35908743739128113,
            "Y": 0.4009309411048889
          },
          {
            "X": 0.36660078167915344,
            "Y": 0.40071508288383484
          },
          {
            "X": 0.36653009057044983,
            "Y": 0.4069972038269043
          },
          {
            "X": 0.35901331901550293,
            "Y": 0.40721040964126587
          }
        ]
      },
      "Id": "e1340dad-cff1-4444-bda9-0cc3346ef3d5",
      "Page": 1
    },
    {
      "BlockType": "WORD",
      "Confidence": 99.72624206542969,
      "Text": "ritmo",
      "TextType": "PRINTED",
      "Geometry": {
        "BoundingBox": {
          "Width": 0.033442720770835876,
          "Height": 0.00988802406936884,
          "Left": 0.37040072679519653,
          "Top": 0.3972645401954651
        },
        "Polygon": [
          {
            "X": 0.3704986274242401,
            "Y": 0.3982270359992981
          },
          {
            "X": 0.4038434326648712,
            "Y": 0.3972645401954651
          },
          {
            "X": 0.4037671387195587,
            "Y": 0.4062066078186035
          },
          {
            "X": 0.37040072679519653,
            "Y": 0.40715256333351135
          }
        ]
      },
      "Id": "4815347b-f3a1-496e-9d6d-7dabc6b02203",
      "Page": 1
    }
  ],
  "DetectDocumentTextModelVersion": "1.0"
}