{
  "DocumentMetadata": {
    "Pages": 1
  },
  "JobStatus": "SUCCEEDED",
  "Blocks": [
    {
      "BlockType": "PAGE",
      "Geometry": {
        "BoundingBox": {
          "Width": 1,
          "Height": 1,
          "Left": 0,
          "Top": 0
        },
        "Polygon": [
          {
            "X": 0.002503909869119525,
            "Y": 0
          },
          {
            "X": 1,
            "Y": 0.0030934703536331654
          },
          {
            "X": 0.9993306994438171,
            "Y": 1
          },
          {
            "X": 0,
            "Y": 0.9994261860847473
          }
        ]
      },
      "Id": "f30a8a0a-9e07-4dd4-8bab-3338df38cb40",
      "Relationships": [
        {
          "Type": "CHILD",
          "Ids": [
            "58ae00b0-2f94-4307-abba-c84e335968f4",
            "de8d5453-a47d-4e46-8def-9f078f7944d4",
            "795b6a3c-9c86-4f65-8123-aab7a6dad7f9",
            "e5e83988-b59e-4dff-9858-6d43735fb824",
            "a2de09ee-bbf3-471f-a501-ba00ea626f71",
            "fd5a01e6-3285-4a6a-8c37-4ff3523da2b2",
            "9c0f8b9f-ecc8-4b66-8d6d-fe5fbfd90f1b"
          ]
        }
      ],
      "Page": 1
    },
    {
      "BlockType": "LINE",
      "Confidence": 98.94761657714844,
      "Text": "Panorama da computação em",
      "Geometry": {
        "BoundingBox": {
          "Width": 0.2634722590446472,
          "Height": 0.02907414548099041,
          "Left": 0.4532252848148346,
          "Top": 0.33108147978782654
        },
        "Polygon": [
          {
            "X": 0.4539908766746521,
            "Y": 0.33108147978782654
          },
          {
            "X": 0.7166975736618042,
            "Y": 0.34397923946380615
          },
          {
            "X": 0.715900182723999,
            "Y": 0.3601556122303009
          },
          {
            "X": 0.4532252848148346,
            "Y": 0.3473701775074005
          }
        ]
      },
      "Id": "58ae00b0-2f94-4307-abba-c84e335968f4",
      "Relationships": [
        {
          "Type": "CHILD",
          "Ids": [
            "0b9c9999-8bc8-4f36-ab46-d9aea4e77df3",
            "3543389d-336e-4582-8e52-b629f93db80d",
            "71b7da76-44f2-4438-8f16-53adab570da6",
            "c3a2515f-364b-460b-b499-2e8cdfbac8ee"
          ]
        }
      ],
      "Page": 1
    },
    {
      "BlockType": "LINE",
      "Confidence": 99.7319107055664,
      "Text": "nuvem para 2025",
      "Geometry": {
        "BoundingBox": {
          "Width": 0.14985010027885437,
          "Height": 0.01984752155840397,
          "Left": 0.5135979652404785,
          "Top": 0.3509421646595001
        },
        "Polygon": [
          {
            "X": 0.5141985416412354,
            "Y": 0.3509421646595001
          },
          {
            "X": 0.6634480357170105,
            "Y": 0.3582044243812561
          },
          {
            "X": 0.6628334522247314,
            "Y": 0.37078970670700073
          },
          {
            "X": 0.5135979652404785,
            "Y": 0.3635770380496979
          }
        ]
      },
      "Id": "de8d5453-a47d-4e46-8def-9f078f7944d4",
      "Relationships": [
        {
          "Type": "CHILD",
          "Ids": [
            "b4bc3a66-bca6-42ce-80d5-a83e9eecfa60",
            "63d3d0cd-cf51-4109-90be-9e2a901190f9",
            "c883633f-d40d-4c07-8bd2-9589326b3b7a"
          ]
        }
      ],
      "Page": 1
    },
    {
      "BlockType": "LINE",
      "Confidence": 99.42138671875,
      "Text": "aws",
      "Geometry": {
        "BoundingBox": {
          "Width": 0.0840146467089653,
          "Height": 0.026834743097424507,
          "Left": 0.7994077801704407,
          "Top": 0.38753026723861694
        },
        "Polygon": [
          {
            "X": 0.8005537390708923,
            "Y": 0.38753026723861694
          },
          {
            "X": 0.8834224343299866,
            "Y": 0.3915135860443115
          },
          {
            "X": 0.8822624087333679,
            "Y": 0.4143649935722351
          },
          {
            "X": 0.7994077801704407,
            "Y": 0.4104319214820862
          }
        ]
      },
      "Id": "795b6a3c-9c86-4f65-8123-aab7a6dad7f9",
      "Relationships": [
        {
          "Type": "CHILD",
          "Ids": [
            "4e397069-ddb0-43a1-a09e-433c697e4e9a"
          ]
        }
      ],
      "Page": 1
    },
    {
      "BlockType": "LINE",
      "Confidence": 99.94491577148438,
      "Text": "Cloud",
      "Geometry": {
        "BoundingBox": {
          "Width": 0.04081602394580841,
          "Height": 0.012585134245455265,
          "Left": 0.9277785420417786,
          "Top": 0.3931674659252167
        },
        "Polygon": [
          {
            "X": 0.9283238649368286,
            "Y": 0.3931674659252167
          },
          {
            "X": 0.9685945510864258,
            "Y": 0.39510372281074524
          },
          {
            "X": 0.9680460691452026,
            "Y": 0.40575259923934937
          },
          {
            "X": 0.9277785420417786,
            "Y": 0.4038277566432953
          }
        ]
      },
      "Id": "e5e83988-b59e-4dff-9858-6d43735fb824",
      "Relationships": [
        {
          "Type": "CHILD",
          "Ids": [
            "b77bafb1-8075-4055-9364-2582e8ca299e"
          ]
        }
      ],
      "Page": 1
    },
    {
      "BlockType": "LINE",
      "Confidence": 88.57350158691406,
      "Text": "Experience",
      "Geometry": {
        "BoundingBox": {
          "Width": 0.07045441120862961,
          "Height": 0.016015376895666122,
          "Left": 0.9291984438896179,
          "Top": 0.40895476937294006
        },
        "Polygon": [
          {
            "X": 0.9298489689826965,
            "Y": 0.40895476937294006
          },
          {
            "X": 0.9996528625488281,
            "Y": 0.4122823476791382
          },
          {
            "X": 0.998995840549469,
            "Y": 0.4249701499938965
          },
          {
            "X": 0.9291984438896179,
            "Y": 0.42166611552238464
          }
        ]
      },
      "Id": "a2de09ee-bbf3-471f-a501-ba00ea626f71",
      "Relationships": [
        {
          "Type": "CHILD",
          "Ids": [
            "36aff017-7611-4d16-ba92-86c8a24fb1f5"
          ]
        }
      ],
      "Page": 1
    },
    {
      "BlockType": "LINE",
      "Confidence": 96.22925567626953,
      "Text": "VS",
      "Geometry": {
        "BoundingBox": {
          "Width": 0.08717230707406998,
          "Height": 0.04735291376709938,
          "Left": 0,
          "Top": 0.37213006615638733
        },
        "Polygon": [
          {
            "X": 0,
            "Y": 0.37213006615638733
          },
          {
            "X": 0.08717230707406998,
            "Y": 0.37636661529541016
          },
          {
            "X": 0.0852825716137886,
            "Y": 0.4194829761981964
          },
          {
            "X": 0,
            "Y": 0.4153463840484619
          }
        ]
      },
      "Id": "fd5a01e6-3285-4a6a-8c37-4ff3523da2b2",
      "Relationships": [
        {
          "Type": "CHILD",
          "Ids": [
            "8e0e8d00-78ee-46cb-a41a-37c511277467"
          ]
        }
      ],
      "Page": 1
    },
    {
      "BlockType": "LINE",
      "Confidence": 99.56353759765625,
      "Text": "2025",
      "Geometry": {
        "BoundingBox": {
          "Width": 0.034736450761556625,
          "Height": 0.01125366985797882,
          "Left": 0.9307727217674255,
          "Top": 0.4255131781101227
        },
        "Polygon": [
          {
            "X": 0.9312664866447449,
            "Y": 0.4255131781101227
          },
          {
            "X": 0.9655091762542725,
            "Y": 0.427130788564682
          },
          {
            "X": 0.9650129675865173,
            "Y": 0.4367668628692627
          },
          {
            "X": 0.9307727217674255,
            "Y": 0.43515804409980774
          }
        ]
      },
      "Id": "9c0f8b9f-ecc8-4b66-8d6d-fe5fbfd90f1b",
      "Relationships": [
        {
          "Type": "CHILD",
          "Ids": [
            "720ad5da-ef62-4d90-b636-afeb971952de"
          ]
        }
      ],
      "Page": 1
    },
    {
      "BlockType": "WORD",
      "Confidence": 99.88442993164062,
      "Text": "Panorama",
      "TextType": "PRINTED",
      "Geometry": {
        "BoundingBox": {
          "Width": 0.09423612803220749,
          "Height": 0.017670197412371635,
          "Left": 0.4533748924732208,
          "Top": 0.33108147978782654
        },
        "Polygon": [
          {
            "X": 0.4539908766746521,
            "Y": 0.33108147978782654
          },
          {
            "X": 0.5476109981536865,
            "Y": 0.335677832365036
          },
          {
            "X": 0.5469858646392822,
            "Y": 0.34875166416168213
          },
          {
            "X": 0.4533748924732208,
            "Y": 0.34418755769729614
          }
        ]
      },
      "Id": "0b9c9999-8bc8-4f36-ab46-d9aea4e77df3",
      "Page": 1
    },
    {
      "BlockType": "WORD",
      "Confidence": 99.82135009765625,
      "Text": "da",
      "TextType": "PRINTED",
      "Geometry": {
        "BoundingBox": {
          "Width": 0.02213357388973236,
          "Height": 0.01207084208726883,
          "Left": 0.5524141788482666,
          "Top": 0.3380703926086426
        },
        "Polygon": [
          {
            "X": 0.5529415607452393,
            "Y": 0.3380703926086426
          },
          {
            "X": 0.5745477676391602,
            "Y": 0.3391299843788147
          },
          {
            "X": 0.574018657207489,
            "Y": 0.3501412272453308
          },
          {
            "X": 0.5524141788482666,
            "Y": 0.3490879237651825
          }
        ]
      },
      "Id": "3543389d-336e-4582-8e52-b629f93db80d",
      "Page": 1
    },
    {
      "BlockType": "WORD",
      "Confidence": 96.36847686767578,
      "Text": "computação",
      "TextType": "PRINTED",
      "Geometry": {
        "BoundingBox": {
          "Width": 0.10686607658863068,
          "Height": 0.01863047108054161,
          "Left": 0.5796189308166504,
          "Top": 0.34006136655807495
        },
        "Polygon": [
          {
            "X": 0.5802664756774902,
            "Y": 0.34006136655807495
          },
          {
            "X": 0.6864849925041199,
            "Y": 0.345268577337265
          },
          {
            "X": 0.6858268976211548,
            "Y": 0.35869184136390686
          },
          {
            "X": 0.5796189308166504,
            "Y": 0.35352227091789246
          }
        ]
      },
      "Id": "71b7da76-44f2-4438-8f16-53adab570da6",
      "Page": 1
    },
    {
      "BlockType": "WORD",
      "Confidence": 99.7161865234375,
      "Text": "em",
      "TextType": "PRINTED",
      "Geometry": {
        "BoundingBox": {
          "Width": 0.025542430579662323,
          "Height": 0.009538192301988602,
          "Left": 0.6908515095710754,
          "Top": 0.34890833497047424
        },
        "Polygon": [
          {
            "X": 0.691259503364563,
            "Y": 0.34890833497047424
          },
          {
            "X": 0.7163939476013184,
            "Y": 0.3501383066177368
          },
          {
            "X": 0.7159844636917114,
            "Y": 0.35844653844833374
          },
          {
            "X": 0.6908515095710754,
            "Y": 0.3572220802307129
          }
        ]
      },
      "Id": "c3a2515f-364b-460b-b499-2e8cdfbac8ee",
      "Page": 1
    },
    {
      "BlockType": "WORD",
      "Confidence": 99.51594543457031,
      "Text": "nuvem",
      "TextType": "PRINTED",
      "Geometry": {
        "BoundingBox": {
          "Width": 0.06029258295893669,
          "Height": 0.012700149789452553,
          "Left": 0.5137239098548889,
          "Top": 0.35112157464027405
        },
        "Polygon": [
          {
            "X": 0.5141900181770325,
            "Y": 0.35112157464027405
          },
          {
            "X": 0.5740165114402771,
            "Y": 0.35403233766555786
          },
          {
            "X": 0.5735461115837097,
            "Y": 0.36382171511650085
          },
          {
            "X": 0.5137239098548889,
            "Y": 0.3609263598918915
          }
        ]
      },
      "Id": "b4bc3a66-bca6-42ce-80d5-a83e9eecfa60",
      "Page": 1
    },
    {
      "BlockType": "WORD",
      "Confidence": 99.87781524658203,
      "Text": "para",
      "TextType": "PRINTED",
      "Geometry": {
        "BoundingBox": {
          "Width": 0.03864537924528122,
          "Height": 0.013170805759727955,
          "Left": 0.5797411203384399,
          "Top": 0.3554442226886749
        },
        "Polygon": [
          {
            "X": 0.5802861452102661,
            "Y": 0.3554442226886749
          },
          {
            "X": 0.6183865070343018,
            "Y": 0.3572968542575836
          },
          {
            "X": 0.6178382039070129,
            "Y": 0.3686150312423706
          },
          {
            "X": 0.5797411203384399,
            "Y": 0.366773784160614
          }
        ]
      },
      "Id": "63d3d0cd-cf51-4109-90be-9e2a901190f9",
      "Page": 1
    },
    {
      "BlockType": "WORD",
      "Confidence": 99.80197143554688,
      "Text": "2025",
      "TextType": "PRINTED",
      "Geometry": {
        "BoundingBox": {
          "Width": 0.04067351669073105,
          "Height": 0.012434006668627262,
          "Left": 0.6227745413780212,
          "Top": 0.3562500476837158
        },
        "Polygon": [
          {
            "X": 0.6232831478118896,
            "Y": 0.3562500476837158
          },
          {
            "X": 0.6634480357170105,
            "Y": 0.3582044243812561
          },
          {
            "X": 0.662936270236969,
            "Y": 0.3686840534210205
          },
          {
            "X": 0.6227745413780212,
            "Y": 0.3667408227920532
          }
        ]
      },
      "Id": "c883633f-d40d-4c07-8bd2-9589326b3b7a",
      "Page": 1
    },
    {
      "BlockType": "WORD",
      "Confidence": 99.42138671875,
      "Text": "aws",
      "TextType": "PRINTED",
      "Geometry": {
        "BoundingBox": {
          "Width": 0.0840146467089653,
          "Height": 0.026834743097424507,
          "Left": 0.7994077801704407,
          "Top": 0.38753026723861694
        },
        "Polygon": [
          {
            "X": 0.8005537390708923,
            "Y": 0.38753026723861694
          },
          {
            "X": 0.8834224343299866,
            "Y": 0.3915135860443115
          },
          {
            "X": 0.8822624087333679,
            "Y": 0.4143649935722351
          },
          {
            "X": 0.7994077801704407,
            "Y": 0.4104319214820862
          }
        ]
      },
      "Id": "4e397069-ddb0-43a1-a09e-433c697e4e9a",
      "Page": 1
    },
    {
      "BlockType": "WORD",
      "Confidence": 99.94491577148438,
      "Text": "Cloud",
      "TextType": "PRINTED",
      "Geometry": {
        "BoundingBox": {
          "Width": 0.04081602394580841,
          "Height": 0.012585134245455265,
          "Left": 0.9277785420417786,
          "Top": 0.3931674659252167
        },
        "Polygon": [
          {
            "X": 0.9283238649368286,
            "Y": 0.3931674659252167
          },
          {
            "X": 0.9685945510864258,
            "Y": 0.39510372281074524
          },
          {
            "X": 0.9680460691452026,
            "Y": 0.40575259923934937
          },
          {
            "X": 0.9277785420417786,
            "Y": 0.4038277566432953
          }
        ]
      },
      "Id": "b77bafb1-8075-4055-9364-2582e8ca299e",
      "Page": 1
    },
    {
      "BlockType": "WORD",
      "Confidence": 88.57350158691406,
      "Text": "Experience",
      "TextType": "PRINTED",
      "Geometry": {
        "BoundingBox": {
          "Width": 0.07045441120862961,
          "Height": 0.016015376895666122,
          "Left": 0.9291984438896179,
          "Top": 0.40895476937294006
        },
        "Polygon": [
          {
            "X": 0.9298489689826965,
            "Y": 0.40895476937294006
          },
          {
            "X": 0.9996528625488281,
            "Y": 0.4122823476791382
          },
          {
            "X": 0.998995840549469,
            "Y": 0.4249701499938965
          },
          {
            "X": 0.9291984438896179,
            "Y": 0.42166611552238464
          }
        ]
      },
      "Id": "36aff017-7611-4d16-ba92-86c8a24fb1f5",
      "Page": 1
    },
    {
      "BlockType": "WORD",
      "Confidence": 96.22925567626953,
      "Text": "VS",
      "TextType": "PRINTED",
      "Geometry": {
        "BoundingBox": {
          "Width": 0.08717230707406998,
          "Height": 0.04735291376709938,
          "Left": 0,
          "Top": 0.37213006615638733
        },
        "Polygon": [
          {
            "X": 0,
            "Y": 0.37213006615638733
          },
          {
            "X": 0.08717230707406998,
            "Y": 0.37636661529541016
          },
          {
            "X": 0.0852825716137886,
            "Y": 0.4194829761981964
          },
          {
            "X": 0,
            "Y": 0.4153463840484619
          }
        ]
      },
      "Id": "8e0e8d00-78ee-46cb-a41a-37c511277467",
      "Page": 1
    },
    {
      "BlockType": "WORD",
      "Confidence": 99.56353759765625,
      "Text": "2025",
      "TextType": "PRINTED",
      "Geometry": {
        "BoundingBox": {
          "Width": 0.034736450761556625,
          "Height": 0.01125366985797882,
          "Left": 0.9307727217674255,
          "Top": 0.4255131781101227
        },
        "Polygon": [
          {
            "X": 0.9312664866447449,
            "Y": 0.4255131781101227
          },
          {
            "X": 0.9655091762542725,
            "Y": 0.427130788564682
          },
          {
            "X": 0.9650129675865173,
            "Y": 0.4367668628692627
          },
          {
            "X": 0.9307727217674255,
            "Y": 0.43515804409980774
          }
        ]
      },
      "Id": "720ad5da-ef62-4d90-b636-afeb971952de",
      "Page": 1
    }
  ],
  "DetectDocumentTextModelVersion": "1.0"
}