{
  "DocumentMetadata": {
    "Pages": 1
  },
  "JobStatus": "SUCCEEDED",
  "Blocks": [
    {
      "BlockType": "PAGE",
      "Geometry": {
        "BoundingBox": {
          "Width": 0.9981337785720825,
          "Height": 0.5017375946044922,
          "Left": 0,
          "Top": 0.2551678717136383
        },
        "Polygon": [
          {
            "X": 0.05295443907380104,
            "Y": 0.3358193635940552
          },
          {
            "X": 0.9314659237861633,
            "Y": 0.2551678717136383
          },
          {
            "X": 0.9981337785720825,
            "Y": 0.724029541015625
          },
          {
            "X": 0,
            "Y": 0.7569054961204529
          }
        ]
      },
      "Id": "d5421c23-e2c5-4e27-bb50-5af854285ae4",
      "Relationships": [
        {
          "Type": "CHILD",
          "Ids": [
            "51da42fe-f0f7-42c2-aade-34f3b1f627c9",
            "64d0f8a1-eea9-4ddb-94b9-1430e9492582",
            "70b5dd69-8727-427f-9d0f-2e241ad20184",
            "a8de5f49-8554-40b8-959d-62a8ffc02888",
            "f24cba1f-4475-4bc7-ba34-0d0571c83782",
            "7e2ce573-3127-4efc-9b0c-a380b16b7a18",
            "a90dcd68-a166-45a5-910c-d500f36fdd3a",
            "51facfd0-50e6-4581-a4cd-c806cca2c414",
            "93b16a81-4f6a-4721-9754-57a5b2d409ae",
            "c813ca8a-15ab-4225-99d5-282e78545b45",
            "9e4481b4-48fd-479e-acff-74a35806ff4f"
          ]
        }
      ],
      "Page": 1
    },
    {
      "BlockType": "LINE",
      "Confidence": 93.45366668701172,
      "Text": "aws",
      "Geometry": {
        "BoundingBox": {
          "Width": 0.0640852302312851,
          "Height": 0.016827285289764404,
          "Left": 0.7435987591743469,
          "Top": 0.3211326003074646
        },
        "Polygon": [
          {
            "X": 0.7435987591743469,
            "Y": 0.3264758884906769
          },
          {
            "X": 0.8066236972808838,
            "Y": 0.3211326003074646
          },
          {
            "X": 0.8076840043067932,
            "Y": 0.3326878845691681
          },
          {
            "X": 0.7443789839744568,
            "Y": 0.337959885597229
          }
        ]
      },
      "Id": "51da42fe-f0f7-42c2-aade-34f3b1f627c9",
      "Relationships": [
        {
          "Type": "CHILD",
          "Ids": [
            "33fc8acc-5a52-428e-aa29-378490b0023b"
          ]
        }
      ],
      "Page": 1
    },
    {
      "BlockType": "LINE",
      "Confidence": 99.91860961914062,
      "Text": "Cloud",
      "Geometry": {
        "BoundingBox": {
          "Width": 0.03477473184466362,
          "Height": 0.0083731384947896,
          "Left": 0.8435975313186646,
          "Top": 0.31466904282569885
        },
        "Polygon": [
          {
            "X": 0.8435975313186646,
            "Y": 0.31756383180618286
          },
          {
            "X": 0.877719521522522,
            "Y": 0.31466904282569885
          },
          {
            "X": 0.8783722519874573,
            "Y": 0.3201654553413391
          },
          {
            "X": 0.8441771268844604,
            "Y": 0.3230421841144562
          }
        ]
      },
      "Id": "64d0f8a1-eea9-4ddb-94b9-1430e9492582",
      "Relationships": [
        {
          "Type": "CHILD",
          "Ids": [
            "3cb2b26d-3d2c-49df-8257-e2dd1b44b54f"
          ]
        }
      ],
      "Page": 1
    },
    {
      "BlockType": "LINE",
      "Confidence": 99.88481140136719,
      "Text": "Experience",
      "Geometry": {
        "BoundingBox": {
          "Width": 0.06505945324897766,
          "Height": 0.011713875457644463,
          "Left": 0.8446812033653259,
          "Top": 0.31964635848999023
        },
        "Polygon": [
          {
            "X": 0.8446812033653259,
            "Y": 0.3250330686569214
          },
          {
            "X": 0.9089112877845764,
            "Y": 0.31964635848999023
          },
          {
            "X": 0.9097406268119812,
            "Y": 0.32601284980773926
          },
          {
            "X": 0.8453512191772461,
            "Y": 0.33136022090911865
          }
        ]
      },
      "Id": "70b5dd69-8727-427f-9d0f-2e241ad20184",
      "Relationships": [
        {
          "Type": "CHILD",
          "Ids": [
            "a03afd60-3fb7-4e7d-ab8b-3cfd5778c508"
          ]
        }
      ],
      "Page": 1
    },
    {
      "BlockType": "LINE",
      "Confidence": 99.8979263305664,
      "Text": "2025",
      "Geometry": {
        "BoundingBox": {
          "Width": 0.031132003292441368,
          "Height": 0.00788978859782219,
          "Left": 0.8442609906196594,
          "Top": 0.3303394019603729
        },
        "Polygon": [
          {
            "X": 0.8442609906196594,
            "Y": 0.3328670859336853
          },
          {
            "X": 0.8747639656066895,
            "Y": 0.3303394019603729
          },
          {
            "X": 0.8753929734230042,
            "Y": 0.33571746945381165
          },
          {
            "X": 0.844826340675354,
            "Y": 0.3382292091846466
          }
        ]
      },
      "Id": "a8de5f49-8554-40b8-959d-62a8ffc02888",
      "Relationships": [
        {
          "Type": "CHILD",
          "Ids": [
            "035d32de-facf-4552-b7e6-43eec551370f"
          ]
        }
      ],
      "Page": 1
    },
    {
      "BlockType": "LINE",
      "Confidence": 99.71212005615234,
      "Text": "Amazon Q Developer Java transformation",
      "Geometry": {
        "BoundingBox": {
          "Width": 0.4901333749294281,
          "Height": 0.05211354419589043,
          "Left": 0.21972335875034332,
          "Top": 0.39639151096343994
        },
        "Polygon": [
          {
            "X": 0.22157280147075653,
            "Y": 0.4334547817707062
          },
          {
            "X": 0.7090069651603699,
            "Y": 0.39639151096343994
          },
          {
            "X": 0.7098567485809326,
            "Y": 0.4122554361820221
          },
          {
            "X": 0.21972335875034332,
            "Y": 0.44850507378578186
          }
        ]
      },
      "Id": "f24cba1f-4475-4bc7-ba34-0d0571c83782",
      "Relationships": [
        {
          "Type": "CHILD",
          "Ids": [
            "cf2c31a6-3cfb-43f9-bc8a-bec18331213f",
            "d32000b9-e2d2-464d-8591-cc9e54c788c3",
            "30c99a45-2749-49b3-85f5-1c542eef858a",
            "09f41c08-5f2d-4371-a607-97b211b5fd04",
            "485548aa-9656-41b5-8e4c-9a3c2a37f7a8"
          ]
        }
      ],
      "Page": 1
    },
    {
      "BlockType": "LINE",
      "Confidence": 99.8192367553711,
      "Text": "4,500",
      "Geometry": {
        "BoundingBox": {
          "Width": 0.20176444947719574,
          "Height": 0.055140700191259384,
          "Left": 0.13877075910568237,
          "Top": 0.48237958550453186
        },
        "Polygon": [
          {
            "X": 0.1449275016784668,
            "Y": 0.4956982433795929
          },
          {
            "X": 0.3405352234840393,
            "Y": 0.48237958550453186
          },
          {
            "X": 0.3371715545654297,
            "Y": 0.5251697897911072
          },
          {
            "X": 0.13877075910568237,
            "Y": 0.5375202894210815
          }
        ]
      },
      "Id": "7e2ce573-3127-4efc-9b0c-a380b16b7a18",
      "Relationships": [
        {
          "Type": "CHILD",
          "Ids": [
            "ed9e5336-daa5-4d46-ba80-bd2fced38f95"
          ]
        }
      ],
      "Page": 1
    },
    {
      "BlockType": "LINE",
      "Confidence": 99.11502838134766,
      "Text": "$260M",
      "Geometry": {
        "BoundingBox": {
          "Width": 0.29299232363700867,
          "Height": 0.07031198590993881,
          "Left": 0.5241599082946777,
          "Top": 0.447393536567688
        },
        "Polygon": [
          {
            "X": 0.5248375535011292,
            "Y": 0.46708351373672485
          },
          {
            "X": 0.8124666810035706,
            "Y": 0.447393536567688
          },
          {
            "X": 0.817152202129364,
            "Y": 0.499630331993103
          },
          {
            "X": 0.5241599082946777,
            "Y": 0.5177055597305298
          }
        ]
      },
      "Id": "a90dcd68-a166-45a5-910c-d500f36fdd3a",
      "Relationships": [
        {
          "Type": "CHILD",
          "Ids": [
            "8caeaef9-d3ef-418a-ae93-2f7531fba57e"
          ]
        }
      ],
      "Page": 1
    },
    {
      "BlockType": "LINE",
      "Confidence": 99.3565902709961,
      "Text": "Anos de trabalho de desenvolvimento",
      "Geometry": {
        "BoundingBox": {
          "Width": 0.2714652121067047,
          "Height": 0.026933973655104637,
          "Left": 0.10777288675308228,
          "Top": 0.5325356721878052
        },
        "Polygon": [
          {
            "X": 0.10941997915506363,
            "Y": 0.5489644408226013
          },
          {
            "X": 0.379238098859787,
            "Y": 0.5325356721878052
          },
          {
            "X": 0.3785465359687805,
            "Y": 0.5433816909790039
          },
          {
            "X": 0.10777288675308228,
            "Y": 0.5594696402549744
          }
        ]
      },
      "Id": "51facfd0-50e6-4581-a4cd-c806cca2c414",
      "Relationships": [
        {
          "Type": "CHILD",
          "Ids": [
            "ff8d98be-ae63-455b-b9ed-0445aa0e1feb",
            "4ef7a374-302e-4583-93fb-6bab99b7671e",
            "29524573-c68b-4c4b-a794-80a389837594",
            "46c4b467-843c-41a8-a2e1-60c1105f1fe3",
            "02b946d6-09a2-4f28-88e4-a81de74c2aa9"
          ]
        }
      ],
      "Page": 1
    },
    {
      "BlockType": "LINE",
      "Confidence": 99.4899673461914,
      "Text": "Economia de custo anual",
      "Geometry": {
        "BoundingBox": {
          "Width": 0.21703821420669556,
          "Height": 0.024299705401062965,
          "Left": 0.5609306693077087,
          "Top": 0.5143117904663086
        },
        "Polygon": [
          {
            "X": 0.5609365105628967,
            "Y": 0.5273057222366333
          },
          {
            "X": 0.7770980000495911,
            "Y": 0.5143117904663086
          },
          {
            "X": 0.7779688835144043,
            "Y": 0.5258914828300476
          },
          {
            "X": 0.5609306693077087,
            "Y": 0.5386115312576294
          }
        ]
      },
      "Id": "93b16a81-4f6a-4721-9754-57a5b2d409ae",
      "Relationships": [
        {
          "Type": "CHILD",
          "Ids": [
            "5f09a239-4e4e-4ed2-a162-ad39321a56af",
            "e2c2d64e-489f-444d-9d15-f2583bdb6c92",
            "2c79b31a-2d8c-4937-ab86-3a3c0ff698e2",
            "e7767142-4c17-4ba5-9f2a-3f9beb26fafb"
          ]
        }
      ],
      "Page": 1
    },
    {
      "BlockType": "LINE",
      "Confidence": 98.83299255371094,
      "Text": "economizados",
      "Geometry": {
        "BoundingBox": {
          "Width": 0.10439827293157578,
          "Height": 0.01498778909444809,
          "Left": 0.18743464350700378,
          "Top": 0.5506004691123962
        },
        "Polygon": [
          {
            "X": 0.18858088552951813,
            "Y": 0.5567057132720947
          },
          {
            "X": 0.29183292388916016,
            "Y": 0.5506004691123962
          },
          {
            "X": 0.2909912168979645,
            "Y": 0.5595928430557251
          },
          {
            "X": 0.18743464350700378,
            "Y": 0.5655882358551025
          }
        ]
      },
      "Id": "c813ca8a-15ab-4225-99d5-282e78545b45",
      "Relationships": [
        {
          "Type": "CHILD",
          "Ids": [
            "40be92f9-f782-4e72-8eae-d7985ebbde74"
          ]
        }
      ],
      "Page": 1
    },
    {
      "BlockType": "LINE",
      "Confidence": 97.86430358886719,
      "Text": "27",
      "Geometry": {
        "BoundingBox": {
          "Width": 0.013795043341815472,
          "Height": 0.005934771616011858,
          "Left": 0.9386056065559387,
          "Top": 0.5875706672668457
        },
        "Polygon": [
          {
            "X": 0.9386056065559387,
            "Y": 0.5882188677787781
          },
          {
            "X": 0.9516967535018921,
            "Y": 0.5875706672668457
          },
          {
            "X": 0.9524006247520447,
            "Y": 0.5928648114204407
          },
          {
            "X": 0.9392846822738647,
            "Y": 0.5935054421424866
          }
        ]
      },
      "Id": "9e4481b4-48fd-479e-acff-74a35806ff4f",
      "Relationships": [
        {
          "Type": "CHILD",
          "Ids": [
            "75e72b8c-6d36-4bfa-b19f-94711d124a18"
          ]
        }
      ],
      "Page": 1
    },
    {
      "BlockType": "WORD",
      "Confidence": 93.45366668701172,
      "Text": "aws",
      "TextType": "PRINTED",
      "Geometry": {
        "BoundingBox": {
          "Width": 0.0640852302312851,
          "Height": 0.016827285289764404,
          "Left": 0.7435987591743469,
          "Top": 0.3211326003074646
        },
        "Polygon": [
          {
            "X": 0.7435987591743469,
            "Y": 0.3264758884906769
          },
          {
            "X": 0.8066236972808838,
            "Y": 0.3211326003074646
          },
          {
            "X": 0.8076840043067932,
            "Y": 0.3326878845691681
          },
          {
            "X": 0.7443789839744568,
            "Y": 0.337959885597229
          }
        ]
      },
      "Id": "33fc8acc-5a52-428e-aa29-378490b0023b",
      "Page": 1
    },
    {
      "BlockType": "WORD",
      "Confidence": 99.91860961914062,
      "Text": "Cloud",
      "TextType": "PRINTED",
      "Geometry": {
        "BoundingBox": {
          "Width": 0.03477473184466362,
          "Height": 0.0083731384947896,
          "Left": 0.8435975313186646,
          "Top": 0.31466904282569885
        },
        "Polygon": [
          {
            "X": 0.8435975313186646,
            "Y": 0.31756383180618286
          },
          {
            "X": 0.877719521522522,
            "Y": 0.31466904282569885
          },
          {
            "X": 0.8783722519874573,
            "Y": 0.3201654553413391
          },
          {
            "X": 0.8441771268844604,
            "Y": 0.3230421841144562
          }
        ]
      },
      "Id": "3cb2b26d-3d2c-49df-8257-e2dd1b44b54f",
      "Page": 1
    },
    {
      "BlockType": "WORD",
      "Confidence": 99.88481140136719,
      "Text": "Experience",
      "TextType": "PRINTED",
      "Geometry": {
        "BoundingBox": {
          "Width": 0.06505945324897766,
          "Height": 0.011713875457644463,
          "Left": 0.8446812033653259,
          "Top": 0.31964635848999023
        },
        "Polygon": [
          {
            "X": 0.8446812033653259,
            "Y": 0.3250330686569214
          },
          {
            "X": 0.9089112877845764,
            "Y": 0.31964635848999023
          },
          {
            "X": 0.9097406268119812,
            "Y": 0.32601284980773926
          },
          {
            "X": 0.8453512191772461,
            "Y": 0.33136022090911865
          }
        ]
      },
      "Id": "a03afd60-3fb7-4e7d-ab8b-3cfd5778c508",
      "Page": 1
    },
    {
      "BlockType": "WORD",
      "Confidence": 99.8979263305664,
      "Text": "2025",
      "TextType": "PRINTED",
      "Geometry": {
        "BoundingBox": {
          "Width": 0.031132003292441368,
          "Height": 0.00788978859782219,
          "Left": 0.8442609906196594,
          "Top": 0.3303394019603729
        },
        "Polygon": [
          {
            "X": 0.8442609906196594,
            "Y": 0.3328670859336853
          },
          {
            "X": 0.8747639656066895,
            "Y": 0.3303394019603729
          },
          {
            "X": 0.8753929734230042,
            "Y": 0.33571746945381165
          },
          {
            "X": 0.844826340675354,
            "Y": 0.3382292091846466
          }
        ]
      },
      "Id": "035d32de-facf-4552-b7e6-43eec551370f",
      "Page": 1
    },
    {
      "BlockType": "WORD",
      "Confidence": 99.94017791748047,
      "Text": "Amazon",
      "TextType": "PRINTED",
      "Geometry": {
        "BoundingBox": {
          "Width": 0.08802063018083572,
          "Height": 0.01758471690118313,
          "Left": 0.22009716928005219,
          "Top": 0.42787840962409973
        },
        "Polygon": [
          {
            "X": 0.22144970297813416,
            "Y": 0.4344564378261566
          },
          {
            "X": 0.3081178069114685,
            "Y": 0.42787840962409973
          },
          {
            "X": 0.30709680914878845,
            "Y": 0.4389922022819519
          },
          {
            "X": 0.22009716928005219,
            "Y": 0.4454631209373474
          }
        ]
      },
      "Id": "cf2c31a6-3cfb-43f9-bc8a-bec18331213f",
      "Page": 1
    },
    {
      "BlockType": "WORD",
      "Confidence": 99.8624496459961,
      "Text": "Q",
      "TextType": "PRINTED",
      "Geometry": {
        "BoundingBox": {
          "Width": 0.018868044018745422,
          "Height": 0.014387739822268486,
          "Left": 0.3145507872104645,
          "Top": 0.42580658197402954
        },
        "Polygon": [
          {
            "X": 0.3157135546207428,
            "Y": 0.42715078592300415
          },
          {
            "X": 0.3334188163280487,
            "Y": 0.42580658197402954
          },
          {
            "X": 0.3323368430137634,
            "Y": 0.4388757348060608
          },
          {
            "X": 0.3145507872104645,
            "Y": 0.44019433856010437
          }
        ]
      },
      "Id": "d32000b9-e2d2-464d-8591-cc9e54c788c3",
      "Page": 1
    },
    {
      "BlockType": "WORD",
      "Confidence": 99.93132019042969,
      "Text": "Developer",
      "TextType": "PRINTED",
      "Geometry": {
        "BoundingBox": {
          "Width": 0.11575441062450409,
          "Height": 0.023283733054995537,
          "Left": 0.33959221839904785,
          "Top": 0.41635599732398987
        },
        "Polygon": [
          {
            "X": 0.3407610058784485,
            "Y": 0.4250583052635193
          },
          {
            "X": 0.45534664392471313,
            "Y": 0.41635599732398987
          },
          {
            "X": 0.4547731280326843,
            "Y": 0.4311210811138153
          },
          {
            "X": 0.33959221839904785,
            "Y": 0.43963971734046936
          }
        ]
      },
      "Id": "30c99a45-2749-49b3-85f5-1c542eef858a",
      "Page": 1
    },
    {
      "BlockType": "WORD",
      "Confidence": 99.20526885986328,
      "Text": "Java",
      "TextType": "PRINTED",
      "Geometry": {
        "BoundingBox": {
          "Width": 0.0516413189470768,
          "Height": 0.01558273658156395,
          "Left": 0.4610515832901001,
          "Top": 0.41262784600257874
        },
        "Polygon": [
          {
            "X": 0.46147990226745605,
            "Y": 0.41651299595832825
          },
          {
            "X": 0.512692928314209,
            "Y": 0.41262784600257874
          },
          {
            "X": 0.5124804377555847,
            "Y": 0.4243900179862976
          },
          {
            "X": 0.4610515832901001,
            "Y": 0.428210586309433
          }
        ]
      },
      "Id": "09f41c08-5f2d-4371-a607-97b211b5fd04",
      "Page": 1
    },
    {
      "BlockType": "WORD",
      "Confidence": 99.62137603759766,
      "Text": "transformation",
      "TextType": "PRINTED",
      "Geometry": {
        "BoundingBox": {
          "Width": 0.19059576094150543,
          "Height": 0.02750958874821663,
          "Left": 0.5191263556480408,
          "Top": 0.39639151096343994
        },
        "Polygon": [
          {
            "X": 0.5193313360214233,
            "Y": 0.41081398725509644
          },
          {
            "X": 0.7090069651603699,
            "Y": 0.39639151096343994
          },
          {
            "X": 0.709722101688385,
            "Y": 0.4097421169281006
          },
          {
            "X": 0.5191263556480408,
            "Y": 0.42390111088752747
          }
        ]
      },
      "Id": "485548aa-9656-41b5-8e4c-9a3c2a37f7a8",
      "Page": 1
    },
    {
      "BlockType": "WORD",
      "Confidence": 99.8192367553711,
      "Text": "4,500",
      "TextType": "PRINTED",
      "Geometry": {
        "BoundingBox": {
          "Width": 0.20176444947719574,
          "Height": 0.055140700191259384,
          "Left": 0.13877075910568237,
          "Top": 0.48237958550453186
        },
        "Polygon": [
          {
            "X": 0.1449275016784668,
            "Y": 0.4956982433795929
          },
          {
            "X": 0.3405352234840393,
            "Y": 0.48237958550453186
          },
          {
            "X": 0.3371715545654297,
            "Y": 0.5251697897911072
          },
          {
            "X": 0.13877075910568237,
            "Y": 0.5375202894210815
          }
        ]
      },
      "Id": "ed9e5336-daa5-4d46-ba80-bd2fced38f95",
      "Page": 1
    },
    {
      "BlockType": "WORD",
      "Confidence": 99.11502838134766,
      "Text": "$260M",
      "TextType": "PRINTED",
      "Geometry": {
        "BoundingBox": {
          "Width": 0.29299232363700867,
          "Height": 0.07031198590993881,
          "Left": 0.5241599082946777,
          "Top": 0.447393536567688
        },
        "Polygon": [
          {
            "X": 0.5248375535011292,
            "Y": 0.46708351373672485
          },
          {
            "X": 0.8124666810035706,
            "Y": 0.447393536567688
          },
          {
            "X": 0.817152202129364,
            "Y": 0.499630331993103
          },
          {
            "X": 0.5241599082946777,
            "Y": 0.5177055597305298
          }
        ]
      },
      "Id": "8caeaef9-d3ef-418a-ae93-2f7531fba57e",
      "Page": 1
    },
    {
      "BlockType": "WORD",
      "Confidence": 99.52526092529297,
      "Text": "Anos",
      "TextType": "PRINTED",
      "Geometry": {
        "BoundingBox": {
          "Width": 0.0361192524433136,
          "Height": 0.010538541711866856,
          "Left": 0.10809987038373947,
          "Top": 0.546845555305481
        },
        "Polygon": [
          {
            "X": 0.10941997915506363,
            "Y": 0.5489644408226013
          },
          {
            "X": 0.14421913027763367,
            "Y": 0.546845555305481
          },
          {
            "X": 0.14299440383911133,
            "Y": 0.5553006529808044
          },
          {
            "X": 0.10809987038373947,
            "Y": 0.5573841333389282
          }
        ]
      },
      "Id": "ff8d98be-ae63-455b-b9ed-0445aa0e1feb",
      "Page": 1
    },
    {
      "BlockType": "WORD",
      "Confidence": 99.86357116699219,
      "Text": "de",
      "TextType": "PRINTED",
      "Geometry": {
        "BoundingBox": {
          "Width": 0.018077878281474113,
          "Height": 0.009014192968606949,
          "Left": 0.1463954746723175,
          "Top": 0.5461100935935974
        },
        "Polygon": [
          {
            "X": 0.14754271507263184,
            "Y": 0.5471398234367371
          },
          {
            "X": 0.16447335481643677,
            "Y": 0.5461100935935974
          },
          {
            "X": 0.163370281457901,
            "Y": 0.5541108846664429
          },
          {
            "X": 0.1463954746723175,
            "Y": 0.5551243424415588
          }
        ]
      },
      "Id": "4ef7a374-302e-4583-93fb-6bab99b7671e",
      "Page": 1
    },
    {
      "BlockType": "WORD",
      "Confidence": 99.62879943847656,
      "Text": "trabalho",
      "TextType": "PRINTED",
      "Geometry": {
        "BoundingBox": {
          "Width": 0.061145324259996414,
          "Height": 0.01164935901761055,
          "Left": 0.16722677648067474,
          "Top": 0.5429581999778748
        },
        "Polygon": [
          {
            "X": 0.16831932961940765,
            "Y": 0.5466043949127197
          },
          {
            "X": 0.22837211191654205,
            "Y": 0.5429581999778748
          },
          {
            "X": 0.22743821144104004,
            "Y": 0.5510188937187195
          },
          {
            "X": 0.16722677648067474,
            "Y": 0.5546075701713562
          }
        ]
      },
      "Id": "29524573-c68b-4c4b-a794-80a389837594",
      "Page": 1
    },
    {
      "BlockType": "WORD",
      "Confidence": 99.77472686767578,
      "Text": "de",
      "TextType": "PRINTED",
      "Geometry": {
        "BoundingBox": {
          "Width": 0.019024914130568504,
          "Height": 0.009182076901197433,
          "Left": 0.2309987097978592,
          "Top": 0.5418949723243713
        },
        "Polygon": [
          {
            "X": 0.23192532360553741,
            "Y": 0.5429931879043579
          },
          {
            "X": 0.25002363324165344,
            "Y": 0.5418949723243713
          },
          {
            "X": 0.24914555251598358,
            "Y": 0.5499961376190186
          },
          {
            "X": 0.2309987097978592,
            "Y": 0.5510770082473755
          }
        ]
      },
      "Id": "46c4b467-843c-41a8-a2e1-60c1105f1fe3",
      "Page": 1
    },
    {
      "BlockType": "WORD",
      "Confidence": 97.99060821533203,
      "Text": "desenvolvimento",
      "TextType": "PRINTED",
      "Geometry": {
        "BoundingBox": {
          "Width": 0.12571309506893158,
          "Height": 0.016852619126439095,
          "Left": 0.25343403220176697,
          "Top": 0.533962607383728
        },
        "Polygon": [
          {
            "X": 0.25442612171173096,
            "Y": 0.5415324568748474
          },
          {
            "X": 0.37914711236953735,
            "Y": 0.533962607383728
          },
          {
            "X": 0.3785465359687805,
            "Y": 0.5433816909790039
          },
          {
            "X": 0.25343403220176697,
            "Y": 0.550815224647522
          }
        ]
      },
      "Id": "02b946d6-09a2-4f28-88e4-a81de74c2aa9",
      "Page": 1
    },
    {
      "BlockType": "WORD",
      "Confidence": 98.77208709716797,
      "Text": "Economia",
      "TextType": "PRINTED",
      "Geometry": {
        "BoundingBox": {
          "Width": 0.08219381421804428,
          "Height": 0.014215737581253052,
          "Left": 0.5609316825866699,
          "Top": 0.5223810076713562
        },
        "Polygon": [
          {
            "X": 0.5609365105628967,
            "Y": 0.5273057222366333
          },
          {
            "X": 0.6428620219230652,
            "Y": 0.5223810076713562
          },
          {
            "X": 0.6431255340576172,
            "Y": 0.5317575335502625
          },
          {
            "X": 0.5609316825866699,
            "Y": 0.5365967154502869
          }
        ]
      },
      "Id": "5f09a239-4e4e-4ed2-a162-ad39321a56af",
      "Page": 1
    },
    {
      "BlockType": "WORD",
      "Confidence": 99.7235107421875,
      "Text": "de",
      "TextType": "PRINTED",
      "Geometry": {
        "BoundingBox": {
          "Width": 0.021677667275071144,
          "Height": 0.009833117946982384,
          "Left": 0.6480884552001953,
          "Top": 0.5218730568885803
        },
        "Polygon": [
          {
            "X": 0.6480884552001953,
            "Y": 0.5231538414955139
          },
          {
            "X": 0.6694455742835999,
            "Y": 0.5218730568885803
          },
          {
            "X": 0.6697661280632019,
            "Y": 0.5304456949234009
          },
          {
            "X": 0.6483443379402161,
            "Y": 0.5317061543464661
          }
        ]
      },
      "Id": "e2c2d64e-489f-444d-9d15-f2583bdb6c92",
      "Page": 1
    },
    {
      "BlockType": "WORD",
      "Confidence": 99.57845306396484,
      "Text": "custo",
      "TextType": "PRINTED",
      "Geometry": {
        "BoundingBox": {
          "Width": 0.04767724499106407,
          "Height": 0.011304332874715328,
          "Left": 0.6742680668830872,
          "Top": 0.5198208689689636
        },
        "Polygon": [
          {
            "X": 0.6742680668830872,
            "Y": 0.5226450562477112
          },
          {
            "X": 0.7214712500572205,
            "Y": 0.5198208689689636
          },
          {
            "X": 0.7219452857971191,
            "Y": 0.5283452868461609
          },
          {
            "X": 0.6745993494987488,
            "Y": 0.5311251878738403
          }
        ]
      },
      "Id": "2c79b31a-2d8c-4937-ab86-3a3c0ff698e2",
      "Page": 1
    },
    {
      "BlockType": "WORD",
      "Confidence": 99.88582611083984,
      "Text": "anual",
      "TextType": "PRINTED",
      "Geometry": {
        "BoundingBox": {
          "Width": 0.051062583923339844,
          "Height": 0.012270680628716946,
          "Left": 0.7269062995910645,
          "Top": 0.5165822505950928
        },
        "Polygon": [
          {
            "X": 0.7269062995910645,
            "Y": 0.5195947885513306
          },
          {
            "X": 0.7772687673568726,
            "Y": 0.5165822505950928
          },
          {
            "X": 0.7779688835144043,
            "Y": 0.5258914828300476
          },
          {
            "X": 0.7274388074874878,
            "Y": 0.5288529396057129
          }
        ]
      },
      "Id": "e7767142-4c17-4ba5-9f2a-3f9beb26fafb",
      "Page": 1
    },
    {
      "BlockType": "WORD",
      "Confidence": 98.83299255371094,
      "Text": "economizados",
      "TextType": "PRINTED",
      "Geometry": {
        "BoundingBox": {
          "Width": 0.10439827293157578,
          "Height": 0.01498778909444809,
          "Left": 0.18743464350700378,
          "Top": 0.5506004691123962
        },
        "Polygon": [
          {
            "X": 0.18858088552951813,
            "Y": 0.5567057132720947
          },
          {
            "X": 0.29183292388916016,
            "Y": 0.5506004691123962
          },
          {
            "X": 0.2909912168979645,
            "Y": 0.5595928430557251
          },
          {
            "X": 0.18743464350700378,
            "Y": 0.5655882358551025
          }
        ]
      },
      "Id": "40be92f9-f782-4e72-8eae-d7985ebbde74",
      "Page": 1
    },
    {
      "BlockType": "WORD",
      "Confidence": 97.86430358886719,
      "Text": "27",
      "TextType": "PRINTED",
      "Geometry": {
        "BoundingBox": {
          "Width": 0.013795043341815472,
          "Height": 0.005934771616011858,
          "Left": 0.9386056065559387,
          "Top": 0.5875706672668457
        },
        "Polygon": [
          {
            "X": 0.9386056065559387,
            "Y": 0.5882188677787781
          },
          {
            "X": 0.9516967535018921,
            "Y": 0.5875706672668457
          },
          {
            "X": 0.9524006247520447,
            "Y": 0.5928648114204407
          },
          {
            "X": 0.9392846822738647,
            "Y": 0.5935054421424866
          }
        ]
      },
      "Id": "75e72b8c-6d36-4bfa-b19f-94711d124a18",
      "Page": 1
    }
  ],
  "DetectDocumentTextModelVersion": "1.0"
}