{
  "DocumentMetadata": {
    "Pages": 1
  },
  "JobStatus": "SUCCEEDED",
  "Blocks": [
    {
      "BlockType": "PAGE",
      "Geometry": {
        "BoundingBox": {
          "Width": 1,
          "Height": 1,
          "Left": 0,
          "Top": 0
        },
        "Polygon": [
          {
            "X": 0,
            "Y": 0
          },
          {
            "X": 1,
            "Y": 0
          },
          {
            "X": 0.9999731183052063,
            "Y": 1
          },
          {
            "X": 0,
            "Y": 0.9993645548820496
          }
        ]
      },
      "Id": "f0c93a6a-b4a2-4546-b326-ecb8277ab2e5",
      "Relationships": [
        {
          "Type": "CHILD",
          "Ids": [
            "f0a6a336-3539-4252-b8a1-cef9f82fc2de",
            "e4fbad82-b8f0-4bdf-9f82-d1c7fa338987",
            "9b73e3e9-0341-4805-93c0-c25312c15ea1",
            "fa4b9086-4523-46c5-b5e1-794fae7c4703",
            "eeaf3ac5-a5ac-43e8-b6a2-0efdaffe4096",
            "4179d26f-2e5a-40fb-b3aa-fca1b2ddc1f3",
            "b0b8fd3f-ea93-4c07-8da8-b57a3eeb8dcd",
            "106de142-2a90-4dbe-af67-f054b70bf804",
            "aad701c9-1a60-4a28-9974-2ee2e6507031",
            "94487561-41ec-4b63-9466-37e07a657bf9",
            "2ed195a0-a7c2-449a-b0cb-fbb0f9ad2e70",
            "ff7868e0-fa8e-40fd-925f-ca722049abc4"
          ]
        }
      ],
      "Page": 1
    },
    {
      "BlockType": "LINE",
      "Confidence": 99.44593048095703,
      "Text": "Cloud",
      "Geometry": {
        "BoundingBox": {
          "Width": 0.026255661621689796,
          "Height": 0.008530239574611187,
          "Left": 0.6955999135971069,
          "Top": 0.0987270250916481
        },
        "Polygon": [
          {
            "X": 0.6956958174705505,
            "Y": 0.10074763000011444
          },
          {
            "X": 0.7218555808067322,
            "Y": 0.0987270250916481
          },
          {
            "X": 0.7217596769332886,
            "Y": 0.10526325553655624
          },
          {
            "X": 0.6955999135971069,
            "Y": 0.10725726187229156
          }
        ]
      },
      "Id": "f0a6a336-3539-4252-b8a1-cef9f82fc2de",
      "Relationships": [
        {
          "Type": "CHILD",
          "Ids": [
            "a56fd178-c1b4-4453-8057-ebd4dc9a6559"
          ]
        }
      ],
      "Page": 1
    },
    {
      "BlockType": "LINE",
      "Confidence": 98.25930786132812,
      "Text": "Gere previsões altamente precisas",
      "Geometry": {
        "BoundingBox": {
          "Width": 0.3374879062175751,
          "Height": 0.050079941749572754,
          "Left": 0.08877497166395187,
          "Top": 0.12221496552228928
        },
        "Polygon": [
          {
            "X": 0.08916535973548889,
            "Y": 0.14821664988994598
          },
          {
            "X": 0.42626288533210754,
            "Y": 0.12221496552228928
          },
          {
            "X": 0.4258706867694855,
            "Y": 0.1476939469575882
          },
          {
            "X": 0.08877497166395187,
            "Y": 0.17229489982128143
          }
        ]
      },
      "Id": "e4fbad82-b8f0-4bdf-9f82-d1c7fa338987",
      "Relationships": [
        {
          "Type": "CHILD",
          "Ids": [
            "296a6c0c-4633-4fd3-834e-52cf998ac994",
            "df2f9ec4-fdb5-483a-b3e1-a5a148d6a069",
            "cb2cad0c-a6b2-4acc-9ef6-77aee736031e",
            "2108ffe0-b526-41a1-be0b-7eb2fb58049d"
          ]
        }
      ],
      "Page": 1
    },
    {
      "BlockType": "LINE",
      "Confidence": 93.7114028930664,
      "Text": "aws",
      "Geometry": {
        "BoundingBox": {
          "Width": 0.04816461727023125,
          "Height": 0.016292821615934372,
          "Left": 0.6179826855659485,
          "Top": 0.10470787435770035
        },
        "Polygon": [
          {
            "X": 0.6181707382202148,
            "Y": 0.10840099304914474
          },
          {
            "X": 0.6661472916603088,
            "Y": 0.10470787435770035
          },
          {
            "X": 0.6659592986106873,
            "Y": 0.11740315705537796
          },
          {
            "X": 0.6179826855659485,
            "Y": 0.12100069224834442
          }
        ]
      },
      "Id": "9b73e3e9-0341-4805-93c0-c25312c15ea1",
      "Relationships": [
        {
          "Type": "CHILD",
          "Ids": [
            "686fe00f-90a0-4dde-bbcd-35e134d2fcba"
          ]
        }
      ],
      "Page": 1
    },
    {
      "BlockType": "LINE",
      "Confidence": 99.73533630371094,
      "Text": "Experience",
      "Geometry": {
        "BoundingBox": {
          "Width": 0.0497928261756897,
          "Height": 0.011154964566230774,
          "Left": 0.6954296827316284,
          "Top": 0.1053166463971138
        },
        "Polygon": [
          {
            "X": 0.6955384612083435,
            "Y": 0.10908957570791245
          },
          {
            "X": 0.7452225089073181,
            "Y": 0.1053166463971138
          },
          {
            "X": 0.7451137900352478,
            "Y": 0.11275596171617508
          },
          {
            "X": 0.6954296827316284,
            "Y": 0.11647161096334457
          }
        ]
      },
      "Id": "fa4b9086-4523-46c5-b5e1-794fae7c4703",
      "Relationships": [
        {
          "Type": "CHILD",
          "Ids": [
            "b5164b5e-0e49-467f-b4cb-b6efeb87ceb3"
          ]
        }
      ],
      "Page": 1
    },
    {
      "BlockType": "LINE",
      "Confidence": 99.88814544677734,
      "Text": "2025",
      "Geometry": {
        "BoundingBox": {
          "Width": 0.02620408684015274,
          "Height": 0.009435231797397137,
          "Left": 0.6933560967445374,
          "Top": 0.1153603345155716
        },
        "Polygon": [
          {
            "X": 0.6934664249420166,
            "Y": 0.11730894446372986
          },
          {
            "X": 0.7195601463317871,
            "Y": 0.1153603345155716
          },
          {
            "X": 0.7194498181343079,
            "Y": 0.12287747859954834
          },
          {
            "X": 0.6933560967445374,
            "Y": 0.1247955709695816
          }
        ]
      },
      "Id": "eeaf3ac5-a5ac-43e8-b6a2-0efdaffe4096",
      "Relationships": [
        {
          "Type": "CHILD",
          "Ids": [
            "d188e4ce-b765-402c-8109-77e71efe19e5"
          ]
        }
      ],
      "Page": 1
    },
    {
      "BlockType": "LINE",
      "Confidence": 97.88640594482422,
      "Text": "Previsões no aplicativo e",
      "Geometry": {
        "BoundingBox": {
          "Width": 0.16896015405654907,
          "Height": 0.025271879509091377,
          "Left": 0.09901778399944305,
          "Top": 0.18716667592525482
        },
        "Polygon": [
          {
            "X": 0.09924031049013138,
            "Y": 0.19869063794612885
          },
          {
            "X": 0.2679779529571533,
            "Y": 0.18716667592525482
          },
          {
            "X": 0.26775476336479187,
            "Y": 0.2013142853975296
          },
          {
            "X": 0.09901778399944305,
            "Y": 0.21243855357170105
          }
        ]
      },
      "Id": "4179d26f-2e5a-40fb-b3aa-fca1b2ddc1f3",
      "Relationships": [
        {
          "Type": "CHILD",
          "Ids": [
            "b9a11067-ebdb-495f-9b9e-bbf1e58d1c8e",
            "cfff067b-4f92-4a59-a036-7f5c81151e6d",
            "439ef8c8-c210-4ecd-a64c-b27921a82f86",
            "02707c5b-2ffd-4f86-a076-c2aac1c438f9"
          ]
        }
      ],
      "Page": 1
    },
    {
      "BlockType": "LINE",
      "Confidence": 95.98303985595703,
      "Text": "análises hipotéticas",
      "Geometry": {
        "BoundingBox": {
          "Width": 0.13371936976909637,
          "Height": 0.022337712347507477,
          "Left": 0.09779065102338791,
          "Top": 0.20832952857017517
        },
        "Polygon": [
          {
            "X": 0.09801147878170013,
            "Y": 0.21702653169631958
          },
          {
            "X": 0.23151002824306488,
            "Y": 0.20832952857017517
          },
          {
            "X": 0.23128865659236908,
            "Y": 0.22228407859802246
          },
          {
            "X": 0.09779065102338791,
            "Y": 0.23066724836826324
          }
        ]
      },
      "Id": "b0b8fd3f-ea93-4c07-8da8-b57a3eeb8dcd",
      "Relationships": [
        {
          "Type": "CHILD",
          "Ids": [
            "eabf1ed9-31de-48b5-b3b7-af573914145c",
            "093418e7-1413-419d-a93f-8c7aef87857d"
          ]
        }
      ],
      "Page": 1
    },
    {
      "BlockType": "LINE",
      "Confidence": 95.38710021972656,
      "Text": "e",
      "Geometry": {
        "BoundingBox": {
          "Width": 0.013768420554697514,
          "Height": 0.011400620453059673,
          "Left": 0,
          "Top": 0.24810582399368286
        },
        "Polygon": [
          {
            "X": 0,
            "Y": 0.24895209074020386
          },
          {
            "X": 0.013768420554697514,
            "Y": 0.24810582399368286
          },
          {
            "X": 0.013594981282949448,
            "Y": 0.25868597626686096
          },
          {
            "X": 0,
            "Y": 0.2595064342021942
          }
        ]
      },
      "Id": "106de142-2a90-4dbe-af67-f054b70bf804",
      "Relationships": [
        {
          "Type": "CHILD",
          "Ids": [
            "98b3a978-b598-42bd-8ffe-d9dcb5cd710e"
          ]
        }
      ],
      "Page": 1
    },
    {
      "BlockType": "LINE",
      "Confidence": 98.3977279663086,
      "Text": "Automatize as previsões",
      "Geometry": {
        "BoundingBox": {
          "Width": 0.1680658906698227,
          "Height": 0.023605694994330406,
          "Left": 0.09652315825223923,
          "Top": 0.23087869584560394
        },
        "Polygon": [
          {
            "X": 0.09673956781625748,
            "Y": 0.24111823737621307
          },
          {
            "X": 0.2645890414714813,
            "Y": 0.23087869584560394
          },
          {
            "X": 0.26437199115753174,
            "Y": 0.2446316033601761
          },
          {
            "X": 0.09652315825223923,
            "Y": 0.2544843852519989
          }
        ]
      },
      "Id": "aad701c9-1a60-4a28-9974-2ee2e6507031",
      "Relationships": [
        {
          "Type": "CHILD",
          "Ids": [
            "ffc7f882-9e93-41db-b34e-bbd8285ac8d5",
            "f0b0d513-5c8c-442b-94f3-f7625910ec65",
            "908415da-ea18-443d-98b0-7172c695c8b8"
          ]
        }
      ],
      "Page": 1
    },
    {
      "BlockType": "LINE",
      "Confidence": 97.53588104248047,
      "Text": "Implantação de modelo",
      "Geometry": {
        "BoundingBox": {
          "Width": 0.16340771317481995,
          "Height": 0.024382850155234337,
          "Left": 0.0965670570731163,
          "Top": 0.2563207745552063
        },
        "Polygon": [
          {
            "X": 0.09681181609630585,
            "Y": 0.2655855119228363
          },
          {
            "X": 0.25997477769851685,
            "Y": 0.2563207745552063
          },
          {
            "X": 0.2597292959690094,
            "Y": 0.271864116191864
          },
          {
            "X": 0.0965670570731163,
            "Y": 0.280703604221344
          }
        ]
      },
      "Id": "94487561-41ec-4b63-9466-37e07a657bf9",
      "Relationships": [
        {
          "Type": "CHILD",
          "Ids": [
            "75fb0603-a0a1-464a-9b27-cd5a33f392a5",
            "b22de9e1-08b4-40cf-b2e0-074defaeb9c6",
            "65f24c4a-5541-4eaf-89bd-aa6d6d434aaf"
          ]
        }
      ],
      "Page": 1
    },
    {
      "BlockType": "LINE",
      "Confidence": 98.88121032714844,
      "Text": "com um clique",
      "Geometry": {
        "BoundingBox": {
          "Width": 0.09908218681812286,
          "Height": 0.017869530245661736,
          "Left": 0.09526281803846359,
          "Top": 0.27969223260879517
        },
        "Polygon": [
          {
            "X": 0.09546659141778946,
            "Y": 0.28497716784477234
          },
          {
            "X": 0.19434499740600586,
            "Y": 0.27969223260879517
          },
          {
            "X": 0.19414083659648895,
            "Y": 0.2924914062023163
          },
          {
            "X": 0.09526281803846359,
            "Y": 0.29756176471710205
          }
        ]
      },
      "Id": "2ed195a0-a7c2-449a-b0cb-fbb0f9ad2e70",
      "Relationships": [
        {
          "Type": "CHILD",
          "Ids": [
            "b1e2011f-433f-44c1-8005-613b2f3efc51",
            "98cb36a0-0ad9-482e-988d-c783ea4f9866",
            "08774a3a-15b2-4873-ae05-ddc69cc7d5aa"
          ]
        }
      ],
      "Page": 1
    },
    {
      "BlockType": "LINE",
      "Confidence": 85.90033721923828,
      "Text": "12",
      "Geometry": {
        "BoundingBox": {
          "Width": 0.008108098059892654,
          "Height": 0.005696587264537811,
          "Left": 0.7396042943000793,
          "Top": 0.385633647441864
        },
        "Polygon": [
          {
            "X": 0.7396837472915649,
            "Y": 0.3858940005302429
          },
          {
            "X": 0.7477123737335205,
            "Y": 0.385633647441864
          },
          {
            "X": 0.7476329207420349,
            "Y": 0.3910766541957855
          },
          {
            "X": 0.7396042943000793,
            "Y": 0.3913302421569824
          }
        ]
      },
      "Id": "ff7868e0-fa8e-40fd-925f-ca722049abc4",
      "Relationships": [
        {
          "Type": "CHILD",
          "Ids": [
            "9149d092-96e2-4c30-bebd-0280876109d7"
          ]
        }
      ],
      "Page": 1
    },
    {
      "BlockType": "WORD",
      "Confidence": 99.44593048095703,
      "Text": "Cloud",
      "TextType": "PRINTED",
      "Geometry": {
        "BoundingBox": {
          "Width": 0.026255661621689796,
          "Height": 0.008530239574611187,
          "Left": 0.6955999135971069,
          "Top": 0.0987270250916481
        },
        "Polygon": [
          {
            "X": 0.6956958174705505,
            "Y": 0.10074763000011444
          },
          {
            "X": 0.7218555808067322,
            "Y": 0.0987270250916481
          },
          {
            "X": 0.7217596769332886,
            "Y": 0.10526325553655624
          },
          {
            "X": 0.6955999135971069,
            "Y": 0.10725726187229156
          }
        ]
      },
      "Id": "a56fd178-c1b4-4453-8057-ebd4dc9a6559",
      "Page": 1
    },
    {
      "BlockType": "WORD",
      "Confidence": 99.8575210571289,
      "Text": "Gere",
      "TextType": "PRINTED",
      "Geometry": {
        "BoundingBox": {
          "Width": 0.04202220216393471,
          "Height": 0.015553276985883713,
          "Left": 0.08880611509084702,
          "Top": 0.15482106804847717
        },
        "Polygon": [
          {
            "X": 0.08900711685419083,
            "Y": 0.15797647833824158
          },
          {
            "X": 0.13082832098007202,
            "Y": 0.15482106804847717
          },
          {
            "X": 0.1306271255016327,
            "Y": 0.16730841994285583
          },
          {
            "X": 0.08880611509084702,
            "Y": 0.17037433385849
          }
        ]
      },
      "Id": "296a6c0c-4633-4fd3-834e-52cf998ac994",
      "Page": 1
    },
    {
      "BlockType": "WORD",
      "Confidence": 94.7783203125,
      "Text": "previsões",
      "TextType": "PRINTED",
      "Geometry": {
        "BoundingBox": {
          "Width": 0.0904812216758728,
          "Height": 0.026134489104151726,
          "Left": 0.13523294031620026,
          "Top": 0.1427699476480484
        },
        "Polygon": [
          {
            "X": 0.13554297387599945,
            "Y": 0.1496478170156479
          },
          {
            "X": 0.22571416199207306,
            "Y": 0.1427699476480484
          },
          {
            "X": 0.22540363669395447,
            "Y": 0.16232386231422424
          },
          {
            "X": 0.13523294031620026,
            "Y": 0.16890443861484528
          }
        ]
      },
      "Id": "df2f9ec4-fdb5-483a-b3e1-a5a148d6a069",
      "Page": 1
    },
    {
      "BlockType": "WORD",
      "Confidence": 98.78255462646484,
      "Text": "altamente",
      "TextType": "PRINTED",
      "Geometry": {
        "BoundingBox": {
          "Width": 0.10424624383449554,
          "Height": 0.02348831482231617,
          "Left": 0.23027370870113373,
          "Top": 0.1325034201145172
        },
        "Polygon": [
          {
            "X": 0.23052000999450684,
            "Y": 0.1404699832201004
          },
          {
            "X": 0.3345199525356293,
            "Y": 0.1325034201145172
          },
          {
            "X": 0.3342733085155487,
            "Y": 0.14829710125923157
          },
          {
            "X": 0.23027370870113373,
            "Y": 0.15599173307418823
          }
        ]
      },
      "Id": "cb2cad0c-a6b2-4acc-9ef6-77aee736031e",
      "Page": 1
    },
    {
      "BlockType": "WORD",
      "Confidence": 99.61884307861328,
      "Text": "precisas",
      "TextType": "PRINTED",
      "Geometry": {
        "BoundingBox": {
          "Width": 0.0856899693608284,
          "Height": 0.025353113189339638,
          "Left": 0.34057289361953735,
          "Top": 0.12221496552228928
        },
        "Polygon": [
          {
            "X": 0.3408656716346741,
            "Y": 0.12880198657512665
          },
          {
            "X": 0.42626288533210754,
            "Y": 0.12221496552228928
          },
          {
            "X": 0.4259699285030365,
            "Y": 0.14124608039855957
          },
          {
            "X": 0.34057289361953735,
            "Y": 0.14756807684898376
          }
        ]
      },
      "Id": "2108ffe0-b526-41a1-be0b-7eb2fb58049d",
      "Page": 1
    },
    {
      "BlockType": "WORD",
      "Confidence": 93.7114028930664,
      "Text": "aws",
      "TextType": "PRINTED",
      "Geometry": {
        "BoundingBox": {
          "Width": 0.04816461727023125,
          "Height": 0.016292821615934372,
          "Left": 0.6179826855659485,
          "Top": 0.10470787435770035
        },
        "Polygon": [
          {
            "X": 0.6181707382202148,
            "Y": 0.10840099304914474
          },
          {
            "X": 0.6661472916603088,
            "Y": 0.10470787435770035
          },
          {
            "X": 0.6659592986106873,
            "Y": 0.11740315705537796
          },
          {
            "X": 0.6179826855659485,
            "Y": 0.12100069224834442
          }
        ]
      },
      "Id": "686fe00f-90a0-4dde-bbcd-35e134d2fcba",
      "Page": 1
    },
    {
      "BlockType": "WORD",
      "Confidence": 99.73533630371094,
      "Text": "Experience",
      "TextType": "PRINTED",
      "Geometry": {
        "BoundingBox": {
          "Width": 0.0497928261756897,
          "Height": 0.011154964566230774,
          "Left": 0.6954296827316284,
          "Top": 0.1053166463971138
        },
        "Polygon": [
          {
            "X": 0.6955384612083435,
            "Y": 0.10908957570791245
          },
          {
            "X": 0.7452225089073181,
            "Y": 0.1053166463971138
          },
          {
            "X": 0.7451137900352478,
            "Y": 0.11275596171617508
          },
          {
            "X": 0.6954296827316284,
            "Y": 0.11647161096334457
          }
        ]
      },
      "Id": "b5164b5e-0e49-467f-b4cb-b6efeb87ceb3",
      "Page": 1
    },
    {
      "BlockType": "WORD",
      "Confidence": 99.88814544677734,
      "Text": "2025",
      "TextType": "PRINTED",
      "Geometry": {
        "BoundingBox": {
          "Width": 0.02620408684015274,
          "Height": 0.009435231797397137,
          "Left": 0.6933560967445374,
          "Top": 0.1153603345155716
        },
        "Polygon": [
          {
            "X": 0.6934664249420166,
            "Y": 0.11730894446372986
          },
          {
            "X": 0.7195601463317871,
            "Y": 0.1153603345155716
          },
          {
            "X": 0.7194498181343079,
            "Y": 0.12287747859954834
          },
          {
            "X": 0.6933560967445374,
            "Y": 0.1247955709695816
          }
        ]
      },
      "Id": "d188e4ce-b765-402c-8109-77e71efe19e5",
      "Page": 1
    },
    {
      "BlockType": "WORD",
      "Confidence": 93.13751220703125,
      "Text": "Previsões",
      "TextType": "PRINTED",
      "Geometry": {
        "BoundingBox": {
          "Width": 0.06257013231515884,
          "Height": 0.016101451590657234,
          "Left": 0.09901778399944305,
          "Top": 0.19633710384368896
        },
        "Polygon": [
          {
            "X": 0.09920977801084518,
            "Y": 0.20057696104049683
          },
          {
            "X": 0.1615879088640213,
            "Y": 0.19633710384368896
          },
          {
            "X": 0.16139566898345947,
            "Y": 0.20832619071006775
          },
          {
            "X": 0.09901778399944305,
            "Y": 0.21243855357170105
          }
        ]
      },
      "Id": "b9a11067-ebdb-495f-9b9e-bbf1e58d1c8e",
      "Page": 1
    },
    {
      "BlockType": "WORD",
      "Confidence": 99.84832763671875,
      "Text": "no",
      "TextType": "PRINTED",
      "Geometry": {
        "BoundingBox": {
          "Width": 0.017664127051830292,
          "Height": 0.009347931481897831,
          "Left": 0.165326327085495,
          "Top": 0.19686812162399292
        },
        "Polygon": [
          {
            "X": 0.1654571294784546,
            "Y": 0.19805394113063812
          },
          {
            "X": 0.18299046158790588,
            "Y": 0.19686812162399292
          },
          {
            "X": 0.1828596144914627,
            "Y": 0.20505459606647491
          },
          {
            "X": 0.165326327085495,
            "Y": 0.20621605217456818
          }
        ]
      },
      "Id": "cfff067b-4f92-4a59-a036-7f5c81151e6d",
      "Page": 1
    },
    {
      "BlockType": "WORD",
      "Confidence": 98.84913635253906,
      "Text": "aplicativo",
      "TextType": "PRINTED",
      "Geometry": {
        "BoundingBox": {
          "Width": 0.0672956109046936,
          "Height": 0.01731543429195881,
          "Left": 0.18763947486877441,
          "Top": 0.18805743753910065
        },
        "Polygon": [
          {
            "X": 0.18784283101558685,
            "Y": 0.1926395148038864
          },
          {
            "X": 0.254935085773468,
            "Y": 0.18805743753910065
          },
          {
            "X": 0.25473150610923767,
            "Y": 0.20093578100204468
          },
          {
            "X": 0.18763947486877441,
            "Y": 0.2053728699684143
          }
        ]
      },
      "Id": "439ef8c8-c210-4ecd-a64c-b27921a82f86",
      "Page": 1
    },
    {
      "BlockType": "WORD",
      "Confidence": 99.71065521240234,
      "Text": "e",
      "TextType": "PRINTED",
      "Geometry": {
        "BoundingBox": {
          "Width": 0.008148047141730785,
          "Height": 0.008669896982610226,
          "Left": 0.25980353355407715,
          "Top": 0.1888376921415329
        },
        "Polygon": [
          {
            "X": 0.25993186235427856,
            "Y": 0.18938316404819489
          },
          {
            "X": 0.2679515779018402,
            "Y": 0.1888376921415329
          },
          {
            "X": 0.2678232491016388,
            "Y": 0.1969730406999588
          },
          {
            "X": 0.25980353355407715,
            "Y": 0.1975075900554657
          }
        ]
      },
      "Id": "02707c5b-2ffd-4f86-a076-c2aac1c438f9",
      "Page": 1
    },
    {
      "BlockType": "WORD",
      "Confidence": 93.91329193115234,
      "Text": "análises",
      "TextType": "PRINTED",
      "Geometry": {
        "BoundingBox": {
          "Width": 0.052637118846178055,
          "Height": 0.01480490155518055,
          "Left": 0.09779839962720871,
          "Top": 0.21538376808166504
        },
        "Polygon": [
          {
            "X": 0.09798301011323929,
            "Y": 0.21878498792648315
          },
          {
            "X": 0.15043552219867706,
            "Y": 0.21538376808166504
          },
          {
            "X": 0.15025070309638977,
            "Y": 0.22689054906368256
          },
          {
            "X": 0.09779839962720871,
            "Y": 0.23018866777420044
          }
        ]
      },
      "Id": "eabf1ed9-31de-48b5-b3b7-af573914145c",
      "Page": 1
    },
    {
      "BlockType": "WORD",
      "Confidence": 98.05278778076172,
      "Text": "hipotéticas",
      "TextType": "PRINTED",
      "Geometry": {
        "BoundingBox": {
          "Width": 0.07684630155563354,
          "Height": 0.018766304478049278,
          "Left": 0.15466372668743134,
          "Top": 0.20832952857017517
        },
        "Polygon": [
          {
            "X": 0.15488481521606445,
            "Y": 0.21332141757011414
          },
          {
            "X": 0.23151002824306488,
            "Y": 0.20832952857017517
          },
          {
            "X": 0.23128865659236908,
            "Y": 0.22228407859802246
          },
          {
            "X": 0.15466372668743134,
            "Y": 0.227095827460289
          }
        ]
      },
      "Id": "093418e7-1413-419d-a93f-8c7aef87857d",
      "Page": 1
    },
    {
      "BlockType": "WORD",
      "Confidence": 95.38710021972656,
      "Text": "e",
      "TextType": "PRINTED",
      "Geometry": {
        "BoundingBox": {
          "Width": 0.013768420554697514,
          "Height": 0.011400620453059673,
          "Left": 0,
          "Top": 0.24810582399368286
        },
        "Polygon": [
          {
            "X": 0,
            "Y": 0.24895209074020386
          },
          {
            "X": 0.013768420554697514,
            "Y": 0.24810582399368286
          },
          {
            "X": 0.013594981282949448,
            "Y": 0.25868597626686096
          },
          {
            "X": 0,
            "Y": 0.2595064342021942
          }
        ]
      },
      "Id": "98b3a978-b598-42bd-8ffe-d9dcb5cd710e",
      "Page": 1
    },
    {
      "BlockType": "WORD",
      "Confidence": 99.71265411376953,
      "Text": "Automatize",
      "TextType": "PRINTED",
      "Geometry": {
        "BoundingBox": {
          "Width": 0.07846696674823761,
          "Height": 0.016103336587548256,
          "Left": 0.09652552753686905,
          "Top": 0.2382345050573349
        },
        "Polygon": [
          {
            "X": 0.09670934826135635,
            "Y": 0.24298493564128876
          },
          {
            "X": 0.17499250173568726,
            "Y": 0.2382345050573349
          },
          {
            "X": 0.17480839788913727,
            "Y": 0.2497406303882599
          },
          {
            "X": 0.09652552753686905,
            "Y": 0.2543378472328186
          }
        ]
      },
      "Id": "ffc7f882-9e93-41db-b34e-bbd8285ac8d5",
      "Page": 1
    },
    {
      "BlockType": "WORD",
      "Confidence": 99.90799713134766,
      "Text": "as",
      "TextType": "PRINTED",
      "Geometry": {
        "BoundingBox": {
          "Width": 0.014235477894544601,
          "Height": 0.009108656086027622,
          "Left": 0.17913185060024261,
          "Top": 0.23875340819358826
        },
        "Polygon": [
          {
            "X": 0.1792638748884201,
            "Y": 0.23960532248020172
          },
          {
            "X": 0.19336733222007751,
            "Y": 0.23875340819358826
          },
          {
            "X": 0.19323527812957764,
            "Y": 0.24702993035316467
          },
          {
            "X": 0.17913185060024261,
            "Y": 0.2478620558977127
          }
        ]
      },
      "Id": "f0b0d513-5c8c-442b-94f3-f7625910ec65",
      "Page": 1
    },
    {
      "BlockType": "WORD",
      "Confidence": 95.57254028320312,
      "Text": "previsões",
      "TextType": "PRINTED",
      "Geometry": {
        "BoundingBox": {
          "Width": 0.06666423380374908,
          "Height": 0.01765337958931923,
          "Left": 0.19792480766773224,
          "Top": 0.23087869584560394
        },
        "Polygon": [
          {
            "X": 0.1981416493654251,
            "Y": 0.23493227362632751
          },
          {
            "X": 0.2645890414714813,
            "Y": 0.23087869584560394
          },
          {
            "X": 0.26437199115753174,
            "Y": 0.2446316033601761
          },
          {
            "X": 0.19792480766773224,
            "Y": 0.24853207170963287
          }
        ]
      },
      "Id": "908415da-ea18-443d-98b0-7172c695c8b8",
      "Page": 1
    },
    {
      "BlockType": "WORD",
      "Confidence": 93.07302856445312,
      "Text": "Implantação",
      "TextType": "PRINTED",
      "Geometry": {
        "BoundingBox": {
          "Width": 0.08353374898433685,
          "Height": 0.018472887575626373,
          "Left": 0.0965670570731163,
          "Top": 0.2622307240962982
        },
        "Polygon": [
          {
            "X": 0.09678985178470612,
            "Y": 0.2669418156147003
          },
          {
            "X": 0.18010079860687256,
            "Y": 0.2622307240962982
          },
          {
            "X": 0.1798776239156723,
            "Y": 0.2761901617050171
          },
          {
            "X": 0.0965670570731163,
            "Y": 0.280703604221344
          }
        ]
      },
      "Id": "75fb0603-a0a1-464a-9b27-cd5a33f392a5",
      "Page": 1
    },
    {
      "BlockType": "WORD",
      "Confidence": 99.91163635253906,
      "Text": "de",
      "TextType": "PRINTED",
      "Geometry": {
        "BoundingBox": {
          "Width": 0.017025277018547058,
          "Height": 0.011624832637608051,
          "Left": 0.18423336744308472,
          "Top": 0.2606927752494812
        },
        "Polygon": [
          {
            "X": 0.18440383672714233,
            "Y": 0.2616468667984009
          },
          {
            "X": 0.20125864446163177,
            "Y": 0.2606927752494812
          },
          {
            "X": 0.20108811557292938,
            "Y": 0.2713940441608429
          },
          {
            "X": 0.18423336744308472,
            "Y": 0.2723175883293152
          }
        ]
      },
      "Id": "b22de9e1-08b4-40cf-b2e0-074defaeb9c6",
      "Page": 1
    },
    {
      "BlockType": "WORD",
      "Confidence": 99.62297821044922,
      "Text": "modelo",
      "TextType": "PRINTED",
      "Geometry": {
        "BoundingBox": {
          "Width": 0.05399559438228607,
          "Height": 0.014078929089009762,
          "Left": 0.20597916841506958,
          "Top": 0.2563207745552063
        },
        "Polygon": [
          {
            "X": 0.2061547040939331,
            "Y": 0.25937679409980774
          },
          {
            "X": 0.25997477769851685,
            "Y": 0.2563207745552063
          },
          {
            "X": 0.2597990930080414,
            "Y": 0.26744404435157776
          },
          {
            "X": 0.20597916841506958,
            "Y": 0.27039968967437744
          }
        ]
      },
      "Id": "65f24c4a-5541-4eaf-89bd-aa6d6d434aaf",
      "Page": 1
    },
    {
      "BlockType": "WORD",
      "Confidence": 99.63014221191406,
      "Text": "com",
      "TextType": "PRINTED",
      "Geometry": {
        "BoundingBox": {
          "Width": 0.02774977870285511,
          "Height": 0.009554188698530197,
          "Left": 0.09527654200792313,
          "Top": 0.2871599495410919
        },
        "Polygon": [
          {
            "X": 0.09540762007236481,
            "Y": 0.2886187732219696
          },
          {
            "X": 0.12302631884813309,
            "Y": 0.2871599495410919
          },
          {
            "X": 0.12289515882730484,
            "Y": 0.2952938377857208
          },
          {
            "X": 0.09527654200792313,
            "Y": 0.2967141270637512
          }
        ]
      },
      "Id": "b1e2011f-433f-44c1-8005-613b2f3efc51",
      "Page": 1
    },
    {
      "BlockType": "WORD",
      "Confidence": 99.62357330322266,
      "Text": "um",
      "TextType": "PRINTED",
      "Geometry": {
        "BoundingBox": {
          "Width": 0.02124507538974285,
          "Height": 0.008923985995352268,
          "Left": 0.1275438517332077,
          "Top": 0.2855461835861206
        },
        "Polygon": [
          {
            "X": 0.12766966223716736,
            "Y": 0.28666263818740845
          },
          {
            "X": 0.1487889289855957,
            "Y": 0.2855461835861206
          },
          {
            "X": 0.14866307377815247,
            "Y": 0.2933819890022278
          },
          {
            "X": 0.1275438517332077,
            "Y": 0.2944701611995697
          }
        ]
      },
      "Id": "98cb36a0-0ad9-482e-988d-c783ea4f9866",
      "Page": 1
    },
    {
      "BlockType": "WORD",
      "Confidence": 97.3899154663086,
      "Text": "clique",
      "TextType": "PRINTED",
      "Geometry": {
        "BoundingBox": {
          "Width": 0.04098306968808174,
          "Height": 0.014890274964272976,
          "Left": 0.15336193144321442,
          "Top": 0.27969223260879517
        },
        "Polygon": [
          {
            "X": 0.15356594324111938,
            "Y": 0.28187182545661926
          },
          {
            "X": 0.19434499740600586,
            "Y": 0.27969223260879517
          },
          {
            "X": 0.19414083659648895,
            "Y": 0.2924914062023163
          },
          {
            "X": 0.15336193144321442,
            "Y": 0.2945824861526489
          }
        ]
      },
      "Id": "08774a3a-15b2-4873-ae05-ddc69cc7d5aa",
      "Page": 1
    },
    {
      "BlockType": "WORD",
      "Confidence": 85.90033721923828,
      "Text": "12",
      "TextType": "PRINTED",
      "Geometry": {
        "BoundingBox": {
          "Width": 0.008108098059892654,
          "Height": 0.005696587264537811,
          "Left": 0.7396042943000793,
          "Top": 0.385633647441864
        },
        "Polygon": [
          {
            "X": 0.7396837472915649,
            "Y": 0.3858940005302429
          },
          {
            "X": 0.7477123737335205,
            "Y": 0.385633647441864
          },
          {
            "X": 0.7476329207420349,
            "Y": 0.3910766541957855
          },
          {
            "X": 0.7396042943000793,
            "Y": 0.3913302421569824
          }
        ]
      },
      "Id": "9149d092-96e2-4c30-bebd-0280876109d7",
      "Page": 1
    }
  ],
  "DetectDocumentTextModelVersion": "1.0"
}