{
  "DocumentMetadata": {
    "Pages": 1
  },
  "JobStatus": "SUCCEEDED",
  "Blocks": [
    {
      "BlockType": "PAGE",
      "Geometry": {
        "BoundingBox": {
          "Width": 1,
          "Height": 0.9712002277374268,
          "Left": 0,
          "Top": 0
        },
        "Polygon": [
          {
            "X": 0.0000010927989251285908,
            "Y": 0
          },
          {
            "X": 1,
            "Y": 0.0000014736164075657143
          },
          {
            "X": 1,
            "Y": 0.9712002277374268
          },
          {
            "X": 0,
            "Y": 0.9673864245414734
          }
        ]
      },
      "Id": "f83a086b-2580-4157-ae0d-edddf587a2fb",
      "Relationships": [
        {
          "Type": "CHILD",
          "Ids": [
            "82605346-5a64-4f1e-87e5-b2623a1e0fc5",
            "b2f48bfe-8e3f-4535-9105-081002e372ca",
            "aecb9758-04ae-4a6f-a787-94aae667a368",
            "f106040d-472b-48ca-b7f3-d1c73c5d5de4",
            "ac9ef5c0-35f3-4b55-a2b5-286b2279305f",
            "e587be53-5f4f-49cb-8ef2-a15124f94f17",
            "3b6fd63d-6b16-440f-895c-6c51c93063af",
            "7f1da0e3-0e26-4710-a6cb-2beed84830d7",
            "7b42718d-372b-4e60-a690-43e3b64e7cd6",
            "27929773-16e6-4c2f-9019-d355daba1268",
            "d5db5c07-3103-44a2-bafc-cc4cd79a0816",
            "7fc8e383-9ce8-4352-964b-f8cc2a62bad6",
            "0dd46846-0f88-49fb-978e-a71eff6b49c7",
            "193cbe6c-2b20-4dca-8e92-ef84271de618",
            "4dd36e11-ab77-42cc-8a42-50e86b69dcda",
            "233fc94f-8f98-4434-bd96-167cc28e6009",
            "b8b2c046-4b89-4585-8181-4c31d49d8e61",
            "cc2d3813-2ee3-4bd7-bcd8-ca45c3207713",
            "bb5b6202-ddd1-4d1d-9ba0-26b5cc719f89",
            "24f69b2e-d741-4340-a635-0b450e9f1db6",
            "ddfaf6ff-a11b-4904-99b1-88e845b37753",
            "eb847607-d247-4bfd-8c54-9ef5f4243f26",
            "af2e5dcf-8ebf-4ffd-88b5-b6f1b22c2a8c",
            "051dc772-c451-4b52-a9a8-c2ee6fcd86c8",
            "7fb3d37c-13dd-4741-8cb6-57d660c761a7",
            "9c095469-d5b5-41b4-b165-ce276fc524ca",
            "f5010089-4c06-4efa-80be-038849bb5778",
            "bdbe4d1a-b278-4db6-99ba-6217ab44ce08",
            "a73aec7a-3a3d-4113-94d5-214f84e4149e",
            "04d7286e-3310-4c7e-a0a3-280bdf7da500",
            "99d2efe0-18b8-4441-b031-12c8d1d67118",
            "9eaa5e5b-894d-4f37-ac13-7fd880c86ebf",
            "49c8ba31-1ca2-469e-8b05-de1e12c54dc6",
            "98ee2e5b-f191-4f0a-b79e-da42ee8072c2",
            "84127b3f-6b3b-4c98-af43-5f795996c5b0",
            "abbda28c-e248-48d5-bbf1-11735f57b250",
            "350efd1c-9f83-461d-bd8f-21b5dd191104"
          ]
        }
      ],
      "Page": 1
    },
    {
      "BlockType": "LINE",
      "Confidence": 96.99890899658203,
      "Text": "Cloud",
      "Geometry": {
        "BoundingBox": {
          "Width": 0.025907564908266068,
          "Height": 0.006767448037862778,
          "Left": 0.7383520603179932,
          "Top": 0.09498659521341324
        },
        "Polygon": [
          {
            "X": 0.738362729549408,
            "Y": 0.09498659521341324
          },
          {
            "X": 0.7642596364021301,
            "Y": 0.0950118750333786
          },
          {
            "X": 0.7642489671707153,
            "Y": 0.10175403952598572
          },
          {
            "X": 0.7383520603179932,
            "Y": 0.10172819346189499
          }
        ]
      },
      "Id": "82605346-5a64-4f1e-87e5-b2623a1e0fc5",
      "Relationships": [
        {
          "Type": "CHILD",
          "Ids": [
            "29445bb1-f0ce-4c8e-bb39-98cf1c141aa2"
          ]
        }
      ],
      "Page": 1
    },
    {
      "BlockType": "LINE",
      "Confidence": 98.97632598876953,
      "Text": "IA generativa: aplicativos empresariais",
      "Geometry": {
        "BoundingBox": {
          "Width": 0.38855162262916565,
          "Height": 0.03584352508187294,
          "Left": 0.13783958554267883,
          "Top": 0.0991901084780693
        },
        "Polygon": [
          {
            "X": 0.1378992795944214,
            "Y": 0.0991901084780693
          },
          {
            "X": 0.5263912081718445,
            "Y": 0.0995754599571228
          },
          {
            "X": 0.526333749294281,
            "Y": 0.13503363728523254
          },
          {
            "X": 0.13783958554267883,
            "Y": 0.13460373878479004
          }
        ]
      },
      "Id": "b2f48bfe-8e3f-4535-9105-081002e372ca",
      "Relationships": [
        {
          "Type": "CHILD",
          "Ids": [
            "eba37e9a-df89-4100-ba6f-6443a7fcd835",
            "a3e0fb72-f635-4ec0-9fa2-1933a8eff878",
            "0c92252a-08d1-42b6-84af-dcd7f2e9a0fd",
            "edd3c0e3-985e-442f-bd89-ac68f0b69d29"
          ]
        }
      ],
      "Page": 1
    },
    {
      "BlockType": "LINE",
      "Confidence": 98.9336166381836,
      "Text": "aws",
      "Geometry": {
        "BoundingBox": {
          "Width": 0.04816628620028496,
          "Height": 0.01364832278341055,
          "Left": 0.6622070670127869,
          "Top": 0.09787436574697495
        },
        "Polygon": [
          {
            "X": 0.6622287631034851,
            "Y": 0.09787436574697495
          },
          {
            "X": 0.7103733420372009,
            "Y": 0.09792183339595795
          },
          {
            "X": 0.7103517651557922,
            "Y": 0.11152268946170807
          },
          {
            "X": 0.6622070670127869,
            "Y": 0.11147310584783554
          }
        ]
      },
      "Id": "aecb9758-04ae-4a6f-a787-94aae667a368",
      "Relationships": [
        {
          "Type": "CHILD",
          "Ids": [
            "57111dfb-e752-453f-8602-047d08379286"
          ]
        }
      ],
      "Page": 1
    },
    {
      "BlockType": "LINE",
      "Confidence": 99.37911224365234,
      "Text": "Experience",
      "Geometry": {
        "BoundingBox": {
          "Width": 0.04777153581380844,
          "Height": 0.0074414778500795364,
          "Left": 0.7376009821891785,
          "Top": 0.10331008583307266
        },
        "Polygon": [
          {
            "X": 0.7376126646995544,
            "Y": 0.10331008583307266
          },
          {
            "X": 0.7853724956512451,
            "Y": 0.10335800051689148
          },
          {
            "X": 0.7853608131408691,
            "Y": 0.11075156182050705
          },
          {
            "X": 0.7376009821891785,
            "Y": 0.1107024997472763
          }
        ]
      },
      "Id": "f106040d-472b-48ca-b7f3-d1c73c5d5de4",
      "Relationships": [
        {
          "Type": "CHILD",
          "Ids": [
            "74c5b54f-6f57-4753-afc4-7ce8c5d7a02e"
          ]
        }
      ],
      "Page": 1
    },
    {
      "BlockType": "LINE",
      "Confidence": 99.91064453125,
      "Text": "2025",
      "Geometry": {
        "BoundingBox": {
          "Width": 0.0216621495783329,
          "Height": 0.006196963135153055,
          "Left": 0.7373421788215637,
          "Top": 0.11243892461061478
        },
        "Polygon": [
          {
            "X": 0.7373519539833069,
            "Y": 0.11243892461061478
          },
          {
            "X": 0.7590042948722839,
            "Y": 0.11246129125356674
          },
          {
            "X": 0.7589945197105408,
            "Y": 0.11863589286804199
          },
          {
            "X": 0.7373421788215637,
            "Y": 0.1186130940914154
          }
        ]
      },
      "Id": "ac9ef5c0-35f3-4b55-a2b5-286b2279305f",
      "Relationships": [
        {
          "Type": "CHILD",
          "Ids": [
            "b4f9896f-c6a5-495a-a97b-e707cab1b13c"
          ]
        }
      ],
      "Page": 1
    },
    {
      "BlockType": "LINE",
      "Confidence": 73.99344635009766,
      "Text": "APLICAÇÕES QUE UTILIZAM LLMS E 2HEROS MODELOS FUNDACIONALS",
      "Geometry": {
        "BoundingBox": {
          "Width": 0.4745885133743286,
          "Height": 0.026839260011911392,
          "Left": 0.2947428226470947,
          "Top": 0.15650875866413116
        },
        "Polygon": [
          {
            "X": 0.29478636384010315,
            "Y": 0.15650875866413116
          },
          {
            "X": 0.7693313360214233,
            "Y": 0.15706723928451538
          },
          {
            "X": 0.7692898511886597,
            "Y": 0.18334801495075226
          },
          {
            "X": 0.2947428226470947,
            "Y": 0.18274925649166107
          }
        ]
      },
      "Id": "e587be53-5f4f-49cb-8ef2-a15124f94f17",
      "Relationships": [
        {
          "Type": "CHILD",
          "Ids": [
            "eafae2ac-6522-454e-86bb-876d46bd954c",
            "a2a75957-3751-4c22-a826-ca1e86f483f2",
            "4ecbbd08-a6dd-4766-ab6b-4ebe66026fd9",
            "b7cc561c-fd9d-4c44-bffb-0e59e3d1000a",
            "1bfbf13a-4c8e-49ab-944c-971b057d508e",
            "18b69565-0434-448d-9a84-9956b7fe5192",
            "3e52dd12-c4ad-4331-a6e9-443a0654ee21",
            "107ebf5b-6250-46ea-beda-d71dca7adfba"
          ]
        }
      ],
      "Page": 1
    },
    {
      "BlockType": "LINE",
      "Confidence": 75.08364868164062,
      "Text": "d",
      "Geometry": {
        "BoundingBox": {
          "Width": 0.015814803540706635,
          "Height": 0.013975052163004875,
          "Left": 0,
          "Top": 0.18329431116580963
        },
        "Polygon": [
          {
            "X": 0,
            "Y": 0.18329431116580963
          },
          {
            "X": 0.015814803540706635,
            "Y": 0.183314710855484
          },
          {
            "X": 0.015790989622473717,
            "Y": 0.19726936519145966
          },
          {
            "X": 0,
            "Y": 0.19724823534488678
          }
        ]
      },
      "Id": "3b6fd63d-6b16-440f-895c-6c51c93063af",
      "Relationships": [
        {
          "Type": "CHILD",
          "Ids": [
            "d80f7ce2-03f2-4380-b97e-78be22ce0b08"
          ]
        }
      ],
      "Page": 1
    },
    {
      "BlockType": "LINE",
      "Confidence": 62.37316131591797,
      "Text": "rience",
      "Geometry": {
        "BoundingBox": {
          "Width": 0.06171972677111626,
          "Height": 0.014779447577893734,
          "Left": 0,
          "Top": 0.20369598269462585
        },
        "Polygon": [
          {
            "X": 0,
            "Y": 0.20369598269462585
          },
          {
            "X": 0.06171972677111626,
            "Y": 0.20377853512763977
          },
          {
            "X": 0.061694759875535965,
            "Y": 0.21847541630268097
          },
          {
            "X": 0,
            "Y": 0.21838991343975067
          }
        ]
      },
      "Id": "7f1da0e3-0e26-4710-a6cb-2beed84830d7",
      "Relationships": [
        {
          "Type": "CHILD",
          "Ids": [
            "6cecc7ec-566c-431e-9c82-be16273fa84f"
          ]
        }
      ],
      "Page": 1
    },
    {
      "BlockType": "LINE",
      "Confidence": 89.58120727539062,
      "Text": "FERRAMENTAS PARA DESENVOLVER COM LLMS E outers MODELOS",
      "Geometry": {
        "BoundingBox": {
          "Width": 0.43610042333602905,
          "Height": 0.021043336018919945,
          "Left": 0.29117029905319214,
          "Top": 0.20861466228961945
        },
        "Polygon": [
          {
            "X": 0.29120418429374695,
            "Y": 0.20861466228961945
          },
          {
            "X": 0.7272707223892212,
            "Y": 0.209201380610466
          },
          {
            "X": 0.7272382974624634,
            "Y": 0.22965800762176514
          },
          {
            "X": 0.29117029905319214,
            "Y": 0.22904245555400848
          }
        ]
      },
      "Id": "7b42718d-372b-4e60-a690-43e3b64e7cd6",
      "Relationships": [
        {
          "Type": "CHILD",
          "Ids": [
            "647d1e38-c251-4e57-866a-25ad7b59ad6a",
            "bc01f0e7-8342-480e-acc2-a1facfdb2b18",
            "6ca56ba3-038d-44fd-aeb7-9258af368e4f",
            "bc46edca-74d2-4450-a659-748145a66455",
            "e51feb52-9d73-4ab6-993a-25724526ebfe",
            "5af099d5-ba7d-443a-a232-df3bc455593f",
            "32f9fd10-35db-459a-9ac9-543b6580bb3e",
            "1f7e83d0-7960-4798-a940-d2ad7abbc93e"
          ]
        }
      ],
      "Page": 1
    },
    {
      "BlockType": "LINE",
      "Confidence": 83.08715057373047,
      "Text": "5",
      "Geometry": {
        "BoundingBox": {
          "Width": 0.0053208922035992146,
          "Height": 0.01147013995796442,
          "Left": 0,
          "Top": 0.22761817276477814
        },
        "Polygon": [
          {
            "X": 0,
            "Y": 0.22761817276477814
          },
          {
            "X": 0.0053208922035992146,
            "Y": 0.22762612998485565
          },
          {
            "X": 0.005301311146467924,
            "Y": 0.23908831179141998
          },
          {
            "X": 0,
            "Y": 0.23908016085624695
          }
        ]
      },
      "Id": "27929773-16e6-4c2f-9019-d355daba1268",
      "Relationships": [
        {
          "Type": "CHILD",
          "Ids": [
            "675aaccb-f7dc-4a1e-99d6-fe4822834d00"
          ]
        }
      ],
      "Page": 1
    },
    {
      "BlockType": "LINE",
      "Confidence": 94.08940887451172,
      "Text": "FUNDACION",
      "Geometry": {
        "BoundingBox": {
          "Width": 0.07051773369312286,
          "Height": 0.008722946047782898,
          "Left": 0.29084816575050354,
          "Top": 0.23120877146720886
        },
        "Polygon": [
          {
            "X": 0.29086247086524963,
            "Y": 0.23120877146720886
          },
          {
            "X": 0.3613658845424652,
            "Y": 0.23130878806114197
          },
          {
            "X": 0.36135169863700867,
            "Y": 0.23993171751499176
          },
          {
            "X": 0.29084816575050354,
            "Y": 0.23982973396778107
          }
        ]
      },
      "Id": "d5db5c07-3103-44a2-bafc-cc4cd79a0816",
      "Relationships": [
        {
          "Type": "CHILD",
          "Ids": [
            "8e2284c5-5d4f-454f-9a8b-7ca507d8d945"
          ]
        }
      ],
      "Page": 1
    },
    {
      "BlockType": "LINE",
      "Confidence": 91.07795715332031,
      "Text": "INFRAESTRUTURA PARA TREINO DE MODELOS FUNGACIONAIS",
      "Geometry": {
        "BoundingBox": {
          "Width": 0.39973437786102295,
          "Height": 0.013798782601952553,
          "Left": 0.2881236970424652,
          "Top": 0.28419896960258484
        },
        "Polygon": [
          {
            "X": 0.288145512342453,
            "Y": 0.28419896960258484
          },
          {
            "X": 0.6878580451011658,
            "Y": 0.28483453392982483
          },
          {
            "X": 0.6878371238708496,
            "Y": 0.29799777269363403
          },
          {
            "X": 0.2881236970424652,
            "Y": 0.29734519124031067
          }
        ]
      },
      "Id": "7fc8e383-9ce8-4352-964b-f8cc2a62bad6",
      "Relationships": [
        {
          "Type": "CHILD",
          "Ids": [
            "fc91725f-60b3-43b7-9a60-7735fcee4c3d",
            "7680a9bc-d853-4df5-becd-e0300869d719",
            "6817e6c5-0319-47ca-b978-d080d56bcb57",
            "a26f101a-32f2-4198-a39a-848d4403fa79",
            "7bb89ba6-c592-4ee0-af23-1389a31f6c33",
            "22d6a906-ec41-4d06-ade5-2f5368eb5360"
          ]
        }
      ],
      "Page": 1
    },
    {
      "BlockType": "LINE",
      "Confidence": 99.59556579589844,
      "Text": "GPUs",
      "Geometry": {
        "BoundingBox": {
          "Width": 0.02358035184442997,
          "Height": 0.006776997819542885,
          "Left": 0.31259867548942566,
          "Top": 0.3130228519439697
        },
        "Polygon": [
          {
            "X": 0.31260982155799866,
            "Y": 0.3130228519439697
          },
          {
            "X": 0.3361790180206299,
            "Y": 0.31306251883506775
          },
          {
            "X": 0.3361678719520569,
            "Y": 0.31979984045028687
          },
          {
            "X": 0.31259867548942566,
            "Y": 0.31975966691970825
          }
        ]
      },
      "Id": "0dd46846-0f88-49fb-978e-a71eff6b49c7",
      "Relationships": [
        {
          "Type": "CHILD",
          "Ids": [
            "6808c603-1f1c-45d9-996f-05f51a33adc9"
          ]
        }
      ],
      "Page": 1
    },
    {
      "BlockType": "LINE",
      "Confidence": 99.84037017822266,
      "Text": "AWS",
      "Geometry": {
        "BoundingBox": {
          "Width": 0.02188953198492527,
          "Height": 0.006570540834218264,
          "Left": 0.373251348733902,
          "Top": 0.3131472170352936
        },
        "Polygon": [
          {
            "X": 0.37326210737228394,
            "Y": 0.3131472170352936
          },
          {
            "X": 0.3951408863067627,
            "Y": 0.31318405270576477
          },
          {
            "X": 0.3951301574707031,
            "Y": 0.31971776485443115
          },
          {
            "X": 0.373251348733902,
            "Y": 0.31968048214912415
          }
        ]
      },
      "Id": "193cbe6c-2b20-4dca-8e92-ef84271de618",
      "Relationships": [
        {
          "Type": "CHILD",
          "Ids": [
            "2e455fe7-fbd3-4d8d-a7e8-8fe525ef7245"
          ]
        }
      ],
      "Page": 1
    },
    {
      "BlockType": "LINE",
      "Confidence": 99.88964080810547,
      "Text": "AWS",
      "Geometry": {
        "BoundingBox": {
          "Width": 0.022918149828910828,
          "Height": 0.006718408782035112,
          "Left": 0.47361719608306885,
          "Top": 0.31352952122688293
        },
        "Polygon": [
          {
            "X": 0.47362807393074036,
            "Y": 0.31352952122688293
          },
          {
            "X": 0.4965353310108185,
            "Y": 0.3135680854320526
          },
          {
            "X": 0.49652448296546936,
            "Y": 0.32024791836738586
          },
          {
            "X": 0.47361719608306885,
            "Y": 0.3202088475227356
          }
        ]
      },
      "Id": "4dd36e11-ab77-42cc-8a42-50e86b69dcda",
      "Relationships": [
        {
          "Type": "CHILD",
          "Ids": [
            "4e7c723f-ff20-46b1-bb5d-7a91aa899416"
          ]
        }
      ],
      "Page": 1
    },
    {
      "BlockType": "LINE",
      "Confidence": 33.630489349365234,
      "Text": "21",
      "Geometry": {
        "BoundingBox": {
          "Width": 0.012050539255142212,
          "Height": 0.008311917074024677,
          "Left": 0.5627744793891907,
          "Top": 0.3135145306587219
        },
        "Polygon": [
          {
            "X": 0.5627878308296204,
            "Y": 0.3135145306587219
          },
          {
            "X": 0.5748249888420105,
            "Y": 0.31353479623794556
          },
          {
            "X": 0.5748116374015808,
            "Y": 0.32182642817497253
          },
          {
            "X": 0.5627744793891907,
            "Y": 0.321805864572525
          }
        ]
      },
      "Id": "233fc94f-8f98-4434-bd96-167cc28e6009",
      "Relationships": [
        {
          "Type": "CHILD",
          "Ids": [
            "3e5434b6-16f6-4d59-ab7b-9d26960635d8"
          ]
        }
      ],
      "Page": 1
    },
    {
      "BlockType": "LINE",
      "Confidence": 99.82227325439453,
      "Text": "Amazon SageMaker",
      "Geometry": {
        "BoundingBox": {
          "Width": 0.10229696333408356,
          "Height": 0.00922393798828125,
          "Left": 0.5844401717185974,
          "Top": 0.3130672574043274
        },
        "Polygon": [
          {
            "X": 0.5844547748565674,
            "Y": 0.3130672574043274
          },
          {
            "X": 0.6867371797561646,
            "Y": 0.31323927640914917
          },
          {
            "X": 0.6867227554321289,
            "Y": 0.32229119539260864
          },
          {
            "X": 0.5844401717185974,
            "Y": 0.3221161961555481
          }
        ]
      },
      "Id": "b8b2c046-4b89-4585-8181-4c31d49d8e61",
      "Relationships": [
        {
          "Type": "CHILD",
          "Ids": [
            "ed9f8663-3ae1-445c-bf46-d8319b3d334e",
            "a69f972d-0df5-4cfd-a45d-b77c086259ee"
          ]
        }
      ],
      "Page": 1
    },
    {
      "BlockType": "LINE",
      "Confidence": 99.95794677734375,
      "Text": "Trainium",
      "Geometry": {
        "BoundingBox": {
          "Width": 0.041621897369623184,
          "Height": 0.007069114595651627,
          "Left": 0.37297818064689636,
          "Top": 0.32222554087638855
        },
        "Polygon": [
          {
            "X": 0.372989684343338,
            "Y": 0.32222554087638855
          },
          {
            "X": 0.41460007429122925,
            "Y": 0.32229679822921753
          },
          {
            "X": 0.41458860039711,
            "Y": 0.3292946517467499
          },
          {
            "X": 0.37297818064689636,
            "Y": 0.3292224705219269
          }
        ]
      },
      "Id": "cc2d3813-2ee3-4bd7-bcd8-ca45c3207713",
      "Relationships": [
        {
          "Type": "CHILD",
          "Ids": [
            "753eb14d-432c-4941-8a87-1f5bfdc49c69"
          ]
        }
      ],
      "Page": 1
    },
    {
      "BlockType": "LINE",
      "Confidence": 98.0500717163086,
      "Text": "Inferentia",
      "Geometry": {
        "BoundingBox": {
          "Width": 0.04719065502285957,
          "Height": 0.0072796884924173355,
          "Left": 0.47346171736717224,
          "Top": 0.3226637542247772
        },
        "Polygon": [
          {
            "X": 0.4734734296798706,
            "Y": 0.3226637542247772
          },
          {
            "X": 0.5206523537635803,
            "Y": 0.32274460792541504
          },
          {
            "X": 0.5206407308578491,
            "Y": 0.32994344830513
          },
          {
            "X": 0.47346171736717224,
            "Y": 0.32986152172088623
          }
        ]
      },
      "Id": "bb5b6202-ddd1-4d1d-9ba0-26b5cc719f89",
      "Relationships": [
        {
          "Type": "CHILD",
          "Ids": [
            "e607ff3b-a1ae-481f-8758-64c2f4c7d00c"
          ]
        }
      ],
      "Page": 1
    },
    {
      "BlockType": "LINE",
      "Confidence": 50.634090423583984,
      "Text": "0",
      "Geometry": {
        "BoundingBox": {
          "Width": 0.008921509608626366,
          "Height": 0.007381465286016464,
          "Left": 0.29303690791130066,
          "Top": 0.3336913287639618
        },
        "Polygon": [
          {
            "X": 0.2930491268634796,
            "Y": 0.3336913287639618
          },
          {
            "X": 0.3019584119319916,
            "Y": 0.33370691537857056
          },
          {
            "X": 0.3019461929798126,
            "Y": 0.34107279777526855
          },
          {
            "X": 0.29303690791130066,
            "Y": 0.3410569727420807
          }
        ]
      },
      "Id": "24f69b2e-d741-4340-a635-0b450e9f1db6",
      "Relationships": [
        {
          "Type": "CHILD",
          "Ids": [
            "cedc9c7e-e158-40c0-8151-cd510f5a2d35"
          ]
        }
      ],
      "Page": 1
    },
    {
      "BlockType": "LINE",
      "Confidence": 99.87619018554688,
      "Text": "Amazon EC2",
      "Geometry": {
        "BoundingBox": {
          "Width": 0.055848099291324615,
          "Height": 0.006754161324352026,
          "Left": 0.3079734146595001,
          "Top": 0.3348851501941681
        },
        "Polygon": [
          {
            "X": 0.30798444151878357,
            "Y": 0.3348851501941681
          },
          {
            "X": 0.36382153630256653,
            "Y": 0.33498311042785645
          },
          {
            "X": 0.36381056904792786,
            "Y": 0.34163933992385864
          },
          {
            "X": 0.3079734146595001,
            "Y": 0.3415401875972748
          }
        ]
      },
      "Id": "ddfaf6ff-a11b-4904-99b1-88e845b37753",
      "Relationships": [
        {
          "Type": "CHILD",
          "Ids": [
            "296892a1-d6b8-4107-9c51-54cabf9e305d",
            "527a335a-7679-4535-9f56-b885403560ef"
          ]
        }
      ],
      "Page": 1
    },
    {
      "BlockType": "LINE",
      "Confidence": 38.53093338012695,
      "Text": "C",
      "Geometry": {
        "BoundingBox": {
          "Width": 0.014707732014358044,
          "Height": 0.005930433515459299,
          "Left": 0.3776276111602783,
          "Top": 0.33534252643585205
        },
        "Polygon": [
          {
            "X": 0.3776373267173767,
            "Y": 0.33534252643585205
          },
          {
            "X": 0.39233532547950745,
            "Y": 0.3353683054447174
          },
          {
            "X": 0.39232563972473145,
            "Y": 0.3412729501724243
          },
          {
            "X": 0.3776276111602783,
            "Y": 0.3412468731403351
          }
        ]
      },
      "Id": "eb847607-d247-4bfd-8c54-9ef5f4243f26",
      "Relationships": [
        {
          "Type": "CHILD",
          "Ids": [
            "872fd195-c0f0-41fa-be0a-5b777603d810"
          ]
        }
      ],
      "Page": 1
    },
    {
      "BlockType": "LINE",
      "Confidence": 99.95238494873047,
      "Text": "Elastic",
      "Geometry": {
        "BoundingBox": {
          "Width": 0.030335277318954468,
          "Height": 0.007080765441060066,
          "Left": 0.39744657278060913,
          "Top": 0.33548837900161743
        },
        "Polygon": [
          {
            "X": 0.39745813608169556,
            "Y": 0.33548837900161743
          },
          {
            "X": 0.4277818500995636,
            "Y": 0.33554160594940186
          },
          {
            "X": 0.42777037620544434,
            "Y": 0.34256914258003235
          },
          {
            "X": 0.39744657278060913,
            "Y": 0.342515230178833
          }
        ]
      },
      "Id": "af2e5dcf-8ebf-4ffd-88b5-b6f1b22c2a8c",
      "Relationships": [
        {
          "Type": "CHILD",
          "Ids": [
            "9af8f74e-bf68-4314-b58f-2c3ea37350d8"
          ]
        }
      ],
      "Page": 1
    },
    {
      "BlockType": "LINE",
      "Confidence": 99.88490295410156,
      "Text": "Amazon EC2",
      "Geometry": {
        "BoundingBox": {
          "Width": 0.06012096256017685,
          "Height": 0.007248221430927515,
          "Left": 0.485675185918808,
          "Top": 0.3361594080924988
        },
        "Polygon": [
          {
            "X": 0.4856868088245392,
            "Y": 0.3361594080924988
          },
          {
            "X": 0.5457961559295654,
            "Y": 0.33626502752304077
          },
          {
            "X": 0.545784592628479,
            "Y": 0.34340763092041016
          },
          {
            "X": 0.485675185918808,
            "Y": 0.34330061078071594
          }
        ]
      },
      "Id": "051dc772-c451-4b52-a9a8-c2ee6fcd86c8",
      "Relationships": [
        {
          "Type": "CHILD",
          "Ids": [
            "e1ee9706-a7d1-422c-9658-dc38d10aee3b",
            "5640f7cb-2767-419d-8a90-8dbd6f8ba067"
          ]
        }
      ],
      "Page": 1
    },
    {
      "BlockType": "LINE",
      "Confidence": 11.360207557678223,
      "Text": "S",
      "Geometry": {
        "BoundingBox": {
          "Width": 0.009718521498143673,
          "Height": 0.007333899848163128,
          "Left": 0.6035826206207275,
          "Top": 0.3363569974899292
        },
        "Polygon": [
          {
            "X": 0.6035943627357483,
            "Y": 0.3363569974899292
          },
          {
            "X": 0.6133010983467102,
            "Y": 0.33637404441833496
          },
          {
            "X": 0.6132893562316895,
            "Y": 0.3436909019947052
          },
          {
            "X": 0.6035826206207275,
            "Y": 0.34367361664772034
          }
        ]
      },
      "Id": "7fb3d37c-13dd-4741-8cb6-57d660c761a7",
      "Relationships": [
        {
          "Type": "CHILD",
          "Ids": [
            "6f91bbc5-b2a5-4a41-9b29-7a5bd200eac6"
          ]
        }
      ],
      "Page": 1
    },
    {
      "BlockType": "LINE",
      "Confidence": 99.8642349243164,
      "Text": "AWS",
      "Geometry": {
        "BoundingBox": {
          "Width": 0.024020811542868614,
          "Height": 0.006901770830154419,
          "Left": 0.6182587146759033,
          "Top": 0.33616942167282104
        },
        "Polygon": [
          {
            "X": 0.6182697415351868,
            "Y": 0.33616942167282104
          },
          {
            "X": 0.6422795653343201,
            "Y": 0.33621159195899963
          },
          {
            "X": 0.6422685384750366,
            "Y": 0.34307119250297546
          },
          {
            "X": 0.6182587146759033,
            "Y": 0.3430285155773163
          }
        ]
      },
      "Id": "9c095469-d5b5-41b4-b165-ce276fc524ca",
      "Relationships": [
        {
          "Type": "CHILD",
          "Ids": [
            "3f6269f2-f34c-4495-b7f3-25b79eeeab30"
          ]
        }
      ],
      "Page": 1
    },
    {
      "BlockType": "LINE",
      "Confidence": 99.6738052368164,
      "Text": "AWS",
      "Geometry": {
        "BoundingBox": {
          "Width": 0.02546604909002781,
          "Height": 0.007137499283999205,
          "Left": 0.7054263353347778,
          "Top": 0.33612117171287537
        },
        "Polygon": [
          {
            "X": 0.7054376006126404,
            "Y": 0.33612117171287537
          },
          {
            "X": 0.7308924198150635,
            "Y": 0.3361658751964569
          },
          {
            "X": 0.7308811545372009,
            "Y": 0.34325867891311646
          },
          {
            "X": 0.7054263353347778,
            "Y": 0.34321340918540955
          }
        ]
      },
      "Id": "f5010089-4c06-4efa-80be-038849bb5778",
      "Relationships": [
        {
          "Type": "CHILD",
          "Ids": [
            "c005cdc7-daf9-47c8-939c-635843208628"
          ]
        }
      ],
      "Page": 1
    },
    {
      "BlockType": "LINE",
      "Confidence": 99.42761993408203,
      "Text": "UltraClusters",
      "Geometry": {
        "BoundingBox": {
          "Width": 0.05824502557516098,
          "Height": 0.007019470911473036,
          "Left": 0.30776751041412354,
          "Top": 0.3439648449420929
        },
        "Polygon": [
          {
            "X": 0.3077789545059204,
            "Y": 0.3439648449420929
          },
          {
            "X": 0.3660125434398651,
            "Y": 0.344068706035614
          },
          {
            "X": 0.3660011291503906,
            "Y": 0.3509843051433563
          },
          {
            "X": 0.30776751041412354,
            "Y": 0.35087916254997253
          }
        ]
      },
      "Id": "bdbe4d1a-b278-4db6-99ba-6217ab44ce08",
      "Relationships": [
        {
          "Type": "CHILD",
          "Ids": [
            "a8ebd96c-5421-433e-8dbc-503c8587297d"
          ]
        }
      ],
      "Page": 1
    },
    {
      "BlockType": "LINE",
      "Confidence": 99.76568603515625,
      "Text": "Fabric",
      "Geometry": {
        "BoundingBox": {
          "Width": 0.02840476669371128,
          "Height": 0.007055345457047224,
          "Left": 0.3968381881713867,
          "Top": 0.34502676129341125
        },
        "Polygon": [
          {
            "X": 0.396849662065506,
            "Y": 0.34502676129341125
          },
          {
            "X": 0.42524293065071106,
            "Y": 0.3450774848461151
          },
          {
            "X": 0.4252314865589142,
            "Y": 0.35208213329315186
          },
          {
            "X": 0.3968381881713867,
            "Y": 0.35203075408935547
          }
        ]
      },
      "Id": "a73aec7a-3a3d-4113-94d5-214f84e4149e",
      "Relationships": [
        {
          "Type": "CHILD",
          "Ids": [
            "0670d926-01ef-4640-b4e5-6cc74263b667"
          ]
        }
      ],
      "Page": 1
    },
    {
      "BlockType": "LINE",
      "Confidence": 99.94281005859375,
      "Text": "Capacity Blocks for",
      "Geometry": {
        "BoundingBox": {
          "Width": 0.09235069900751114,
          "Height": 0.008777889423072338,
          "Left": 0.48561346530914307,
          "Top": 0.3457074463367462
        },
        "Polygon": [
          {
            "X": 0.4856274724006653,
            "Y": 0.3457074463367462
          },
          {
            "X": 0.5779641270637512,
            "Y": 0.34587255120277405
          },
          {
            "X": 0.5779502987861633,
            "Y": 0.35448533296585083
          },
          {
            "X": 0.48561346530914307,
            "Y": 0.35431766510009766
          }
        ]
      },
      "Id": "04d7286e-3310-4c7e-a0a3-280bdf7da500",
      "Relationships": [
        {
          "Type": "CHILD",
          "Ids": [
            "4ea9e118-917d-45a1-8261-acb6bb9757d6",
            "3b354651-c7fd-42c1-a1da-8e43062a2734",
            "6e87d373-9532-411e-9e7c-3e06ab2d7d96"
          ]
        }
      ],
      "Page": 1
    },
    {
      "BlockType": "LINE",
      "Confidence": 99.82696533203125,
      "Text": "Nitro",
      "Geometry": {
        "BoundingBox": {
          "Width": 0.02623467706143856,
          "Height": 0.007213178090751171,
          "Left": 0.6177860498428345,
          "Top": 0.3458702266216278
        },
        "Polygon": [
          {
            "X": 0.6177975535392761,
            "Y": 0.3458702266216278
          },
          {
            "X": 0.6440207362174988,
            "Y": 0.34591710567474365
          },
          {
            "X": 0.6440092325210571,
            "Y": 0.35308340191841125
          },
          {
            "X": 0.6177860498428345,
            "Y": 0.35303589701652527
          }
        ]
      },
      "Id": "99d2efe0-18b8-4441-b031-12c8d1d67118",
      "Relationships": [
        {
          "Type": "CHILD",
          "Ids": [
            "330fb04b-a57e-4d31-925d-267b52f8d49f"
          ]
        }
      ],
      "Page": 1
    },
    {
      "BlockType": "LINE",
      "Confidence": 99.77651977539062,
      "Text": "Neuro",
      "Geometry": {
        "BoundingBox": {
          "Width": 0.03266305476427078,
          "Height": 0.007127583958208561,
          "Left": 0.7051194310188293,
          "Top": 0.34633854031562805
        },
        "Polygon": [
          {
            "X": 0.7051306366920471,
            "Y": 0.34633854031562805
          },
          {
            "X": 0.7377824783325195,
            "Y": 0.34639692306518555
          },
          {
            "X": 0.7377712726593018,
            "Y": 0.35346612334251404
          },
          {
            "X": 0.7051194310188293,
            "Y": 0.35340696573257446
          }
        ]
      },
      "Id": "9eaa5e5b-894d-4f37-ac13-7fd880c86ebf",
      "Relationships": [
        {
          "Type": "CHILD",
          "Ids": [
            "3384df3d-902f-438a-b803-48229997e286"
          ]
        }
      ],
      "Page": 1
    },
    {
      "BlockType": "LINE",
      "Confidence": 99.92107391357422,
      "Text": "Adapter",
      "Geometry": {
        "BoundingBox": {
          "Width": 0.03778115659952164,
          "Height": 0.008071647956967354,
          "Left": 0.3959866464138031,
          "Top": 0.3543755114078522
        },
        "Polygon": [
          {
            "X": 0.3959997892379761,
            "Y": 0.3543755114078522
          },
          {
            "X": 0.43376779556274414,
            "Y": 0.35444411635398865
          },
          {
            "X": 0.43375471234321594,
            "Y": 0.36244717240333557
          },
          {
            "X": 0.3959866464138031,
            "Y": 0.3623775839805603
          }
        ]
      },
      "Id": "49c8ba31-1ca2-469e-8b05-de1e12c54dc6",
      "Relationships": [
        {
          "Type": "CHILD",
          "Ids": [
            "119be303-a860-4392-826f-04a3e680aa44"
          ]
        }
      ],
      "Page": 1
    },
    {
      "BlockType": "LINE",
      "Confidence": 99.90653991699219,
      "Text": "ML",
      "Geometry": {
        "BoundingBox": {
          "Width": 0.014393951743841171,
          "Height": 0.006243742071092129,
          "Left": 0.4850016236305237,
          "Top": 0.3556082248687744
        },
        "Polygon": [
          {
            "X": 0.4850117266178131,
            "Y": 0.3556082248687744
          },
          {
            "X": 0.49939557909965515,
            "Y": 0.3556344211101532
          },
          {
            "X": 0.4993854761123657,
            "Y": 0.3618519902229309
          },
          {
            "X": 0.4850016236305237,
            "Y": 0.36182552576065063
          }
        ]
      },
      "Id": "98ee2e5b-f191-4f0a-b79e-da42ee8072c2",
      "Relationships": [
        {
          "Type": "CHILD",
          "Ids": [
            "e46780b8-b14b-4379-af26-7ab0eab7d151"
          ]
        }
      ],
      "Page": 1
    },
    {
      "BlockType": "LINE",
      "Confidence": 99.90010833740234,
      "Text": "System",
      "Geometry": {
        "BoundingBox": {
          "Width": 0.03704405575990677,
          "Height": 0.00878851767629385,
          "Left": 0.6168959736824036,
          "Top": 0.3556298315525055
        },
        "Polygon": [
          {
            "X": 0.6169099807739258,
            "Y": 0.3556298315525055
          },
          {
            "X": 0.6539400815963745,
            "Y": 0.3556971848011017
          },
          {
            "X": 0.6539261341094971,
            "Y": 0.3644183576107025
          },
          {
            "X": 0.6168959736824036,
            "Y": 0.36434993147850037
          }
        ]
      },
      "Id": "84127b3f-6b3b-4c98-af43-5f795996c5b0",
      "Relationships": [
        {
          "Type": "CHILD",
          "Ids": [
            "a8be2657-0a72-4048-a1c8-4b93b4cc15c8"
          ]
        }
      ],
      "Page": 1
    },
    {
      "BlockType": "LINE",
      "Confidence": 95.82537078857422,
      "Text": "n",
      "Geometry": {
        "BoundingBox": {
          "Width": 0.00676310621201992,
          "Height": 0.005337626673281193,
          "Left": 0.7044655084609985,
          "Top": 0.35768789052963257
        },
        "Polygon": [
          {
            "X": 0.7044739723205566,
            "Y": 0.35768789052963257
          },
          {
            "X": 0.711228609085083,
            "Y": 0.3577001988887787
          },
          {
            "X": 0.7112201452255249,
            "Y": 0.3630255162715912
          },
          {
            "X": 0.7044655084609985,
            "Y": 0.36301305890083313
          }
        ]
      },
      "Id": "abbda28c-e248-48d5-bbf1-11735f57b250",
      "Relationships": [
        {
          "Type": "CHILD",
          "Ids": [
            "80250efd-4fd8-4ca1-90f4-4c1d94179058"
          ]
        }
      ],
      "Page": 1
    },
    {
      "BlockType": "LINE",
      "Confidence": 87.65469360351562,
      "Text": "23",
      "Geometry": {
        "BoundingBox": {
          "Width": 0.008067942224442959,
          "Height": 0.004941573832184076,
          "Left": 0.7596571445465088,
          "Top": 0.3719964027404785
        },
        "Polygon": [
          {
            "X": 0.7596649527549744,
            "Y": 0.3719964027404785
          },
          {
            "X": 0.7677251100540161,
            "Y": 0.3720114827156067
          },
          {
            "X": 0.7677173614501953,
            "Y": 0.37693798542022705
          },
          {
            "X": 0.7596571445465088,
            "Y": 0.37692275643348694
          }
        ]
      },
      "Id": "350efd1c-9f83-461d-bd8f-21b5dd191104",
      "Relationships": [
        {
          "Type": "CHILD",
          "Ids": [
            "ecd14ce6-0b38-4e5d-918c-4424d031ecfd"
          ]
        }
      ],
      "Page": 1
    },
    {
      "BlockType": "WORD",
      "Confidence": 96.99890899658203,
      "Text": "Cloud",
      "TextType": "PRINTED",
      "Geometry": {
        "BoundingBox": {
          "Width": 0.025907564908266068,
          "Height": 0.006767448037862778,
          "Left": 0.7383520603179932,
          "Top": 0.09498659521341324
        },
        "Polygon": [
          {
            "X": 0.738362729549408,
            "Y": 0.09498659521341324
          },
          {
            "X": 0.7642596364021301,
            "Y": 0.0950118750333786
          },
          {
            "X": 0.7642489671707153,
            "Y": 0.10175403952598572
          },
          {
            "X": 0.7383520603179932,
            "Y": 0.10172819346189499
          }
        ]
      },
      "Id": "29445bb1-f0ce-4c8e-bb39-98cf1c141aa2",
      "Page": 1
    },
    {
      "BlockType": "WORD",
      "Confidence": 99.83795166015625,
      "Text": "IA",
      "TextType": "PRINTED",
      "Geometry": {
        "BoundingBox": {
          "Width": 0.01996924914419651,
          "Height": 0.013433635234832764,
          "Left": 0.13784299790859222,
          "Top": 0.11916837841272354
        },
        "Polygon": [
          {
            "X": 0.1378656029701233,
            "Y": 0.11916837841272354
          },
          {
            "X": 0.157812237739563,
            "Y": 0.11918945610523224
          },
          {
            "X": 0.1577896773815155,
            "Y": 0.1326020210981369
          },
          {
            "X": 0.13784299790859222,
            "Y": 0.13258007168769836
          }
        ]
      },
      "Id": "eba37e9a-df89-4100-ba6f-6443a7fcd835",
      "Page": 1
    },
    {
      "BlockType": "WORD",
      "Confidence": 97.33326721191406,
      "Text": "generativa:",
      "TextType": "PRINTED",
      "Geometry": {
        "BoundingBox": {
          "Width": 0.10837727785110474,
          "Height": 0.022363463416695595,
          "Left": 0.16111359000205994,
          "Top": 0.11238591372966766
        },
        "Polygon": [
          {
            "X": 0.1611509919166565,
            "Y": 0.11238591372966766
          },
          {
            "X": 0.2694908678531647,
            "Y": 0.11249800026416779
          },
          {
            "X": 0.26945385336875916,
            "Y": 0.1347493827342987
          },
          {
            "X": 0.16111359000205994,
            "Y": 0.134629487991333
          }
        ]
      },
      "Id": "a3e0fb72-f635-4ec0-9fa2-1933a8eff878",
      "Page": 1
    },
    {
      "BlockType": "WORD",
      "Confidence": 99.7445068359375,
      "Text": "aplicativos",
      "TextType": "PRINTED",
      "Geometry": {
        "BoundingBox": {
          "Width": 0.1097283884882927,
          "Height": 0.021761855110526085,
          "Left": 0.2740403711795807,
          "Top": 0.10716032236814499
        },
        "Polygon": [
          {
            "X": 0.274076372385025,
            "Y": 0.10716032236814499
          },
          {
            "X": 0.383768767118454,
            "Y": 0.10727190971374512
          },
          {
            "X": 0.38373318314552307,
            "Y": 0.12892217934131622
          },
          {
            "X": 0.2740403711795807,
            "Y": 0.12880291044712067
          }
        ]
      },
      "Id": "0c92252a-08d1-42b6-84af-dcd7f2e9a0fd",
      "Page": 1
    },
    {
      "BlockType": "WORD",
      "Confidence": 98.98957061767578,
      "Text": "empresariais",
      "TextType": "PRINTED",
      "Geometry": {
        "BoundingBox": {
          "Width": 0.13745856285095215,
          "Height": 0.023732958361506462,
          "Left": 0.38893264532089233,
          "Top": 0.09943915158510208
        },
        "Polygon": [
          {
            "X": 0.38897138833999634,
            "Y": 0.09943915158510208
          },
          {
            "X": 0.5263912081718445,
            "Y": 0.0995754599571228
          },
          {
            "X": 0.5263530015945435,
            "Y": 0.12317211180925369
          },
          {
            "X": 0.38893264532089233,
            "Y": 0.1230253204703331
          }
        ]
      },
      "Id": "edd3c0e3-985e-442f-bd89-ac68f0b69d29",
      "Page": 1
    },
    {
      "BlockType": "WORD",
      "Confidence": 98.9336166381836,
      "Text": "aws",
      "TextType": "PRINTED",
      "Geometry": {
        "BoundingBox": {
          "Width": 0.04816628620028496,
          "Height": 0.01364832278341055,
          "Left": 0.6622070670127869,
          "Top": 0.09787436574697495
        },
        "Polygon": [
          {
            "X": 0.6622287631034851,
            "Y": 0.09787436574697495
          },
          {
            "X": 0.7103733420372009,
            "Y": 0.09792183339595795
          },
          {
            "X": 0.7103517651557922,
            "Y": 0.11152268946170807
          },
          {
            "X": 0.6622070670127869,
            "Y": 0.11147310584783554
          }
        ]
      },
      "Id": "57111dfb-e752-453f-8602-047d08379286",
      "Page": 1
    },
    {
      "BlockType": "WORD",
      "Confidence": 99.37911224365234,
      "Text": "Experience",
      "TextType": "PRINTED",
      "Geometry": {
        "BoundingBox": {
          "Width": 0.04777153581380844,
          "Height": 0.0074414778500795364,
          "Left": 0.7376009821891785,
          "Top": 0.10331008583307266
        },
        "Polygon": [
          {
            "X": 0.7376126646995544,
            "Y": 0.10331008583307266
          },
          {
            "X": 0.7853724956512451,
            "Y": 0.10335800051689148
          },
          {
            "X": 0.7853608131408691,
            "Y": 0.11075156182050705
          },
          {
            "X": 0.7376009821891785,
            "Y": 0.1107024997472763
          }
        ]
      },
      "Id": "74c5b54f-6f57-4753-afc4-7ce8c5d7a02e",
      "Page": 1
    },
    {
      "BlockType": "WORD",
      "Confidence": 99.91064453125,
      "Text": "2025",
      "TextType": "PRINTED",
      "Geometry": {
        "BoundingBox": {
          "Width": 0.0216621495783329,
          "Height": 0.006196963135153055,
          "Left": 0.7373421788215637,
          "Top": 0.11243892461061478
        },
        "Polygon": [
          {
            "X": 0.7373519539833069,
            "Y": 0.11243892461061478
          },
          {
            "X": 0.7590042948722839,
            "Y": 0.11246129125356674
          },
          {
            "X": 0.7589945197105408,
            "Y": 0.11863589286804199
          },
          {
            "X": 0.7373421788215637,
            "Y": 0.1186130940914154
          }
        ]
      },
      "Id": "b4f9896f-c6a5-495a-a97b-e707cab1b13c",
      "Page": 1
    },
    {
      "BlockType": "WORD",
      "Confidence": 93.95316314697266,
      "Text": "APLICAÇÕES",
      "TextType": "PRINTED",
      "Geometry": {
        "BoundingBox": {
          "Width": 0.07455900311470032,
          "Height": 0.010464489459991455,
          "Left": 0.2947428226470947,
          "Top": 0.172378808259964
        },
        "Polygon": [
          {
            "X": 0.2947600185871124,
            "Y": 0.172378808259964
          },
          {
            "X": 0.36930182576179504,
            "Y": 0.17247037589550018
          },
          {
            "X": 0.3692847490310669,
            "Y": 0.18284329771995544
          },
          {
            "X": 0.2947428226470947,
            "Y": 0.18274925649166107
          }
        ]
      },
      "Id": "eafae2ac-6522-454e-86bb-876d46bd954c",
      "Page": 1
    },
    {
      "BlockType": "WORD",
      "Confidence": 99.74581146240234,
      "Text": "QUE",
      "TextType": "PRINTED",
      "Geometry": {
        "BoundingBox": {
          "Width": 0.022392481565475464,
          "Height": 0.009093518368899822,
          "Left": 0.3773532509803772,
          "Top": 0.17178818583488464
        },
        "Polygon": [
          {
            "X": 0.37736815214157104,
            "Y": 0.17178818583488464
          },
          {
            "X": 0.39974573254585266,
            "Y": 0.17181561887264252
          },
          {
            "X": 0.3997308313846588,
            "Y": 0.18088169395923615
          },
          {
            "X": 0.3773532509803772,
            "Y": 0.18085360527038574
          }
        ]
      },
      "Id": "a2a75957-3751-4c22-a826-ca1e86f483f2",
      "Page": 1
    },
    {
      "BlockType": "WORD",
      "Confidence": 73.29374694824219,
      "Text": "UTILIZAM",
      "TextType": "PRINTED",
      "Geometry": {
        "BoundingBox": {
          "Width": 0.0631905049085617,
          "Height": 0.009399446658790112,
          "Left": 0.40781334042549133,
          "Top": 0.16919612884521484
        },
        "Polygon": [
          {
            "X": 0.4078286290168762,
            "Y": 0.16919612884521484
          },
          {
            "X": 0.47100383043289185,
            "Y": 0.16927304863929749
          },
          {
            "X": 0.4709886610507965,
            "Y": 0.17859557271003723
          },
          {
            "X": 0.40781334042549133,
            "Y": 0.17851676046848297
          }
        ]
      },
      "Id": "4ecbbd08-a6dd-4766-ab6b-4ebe66026fd9",
      "Page": 1
    },
    {
      "BlockType": "WORD",
      "Confidence": 98.5886459350586,
      "Text": "LLMS",
      "TextType": "PRINTED",
      "Geometry": {
        "BoundingBox": {
          "Width": 0.03348715603351593,
          "Height": 0.009981678798794746,
          "Left": 0.4778682589530945,
          "Top": 0.16735364496707916
        },
        "Polygon": [
          {
            "X": 0.477884441614151,
            "Y": 0.16735364496707916
          },
          {
            "X": 0.5113554000854492,
            "Y": 0.16739419102668762
          },
          {
            "X": 0.5113393068313599,
            "Y": 0.17733532190322876
          },
          {
            "X": 0.4778682589530945,
            "Y": 0.17729370296001434
          }
        ]
      },
      "Id": "b7cc561c-fd9d-4c44-bffb-0e59e3d1000a",
      "Page": 1
    },
    {
      "BlockType": "WORD",
      "Confidence": 61.165672302246094,
      "Text": "E",
      "TextType": "PRINTED",
      "Geometry": {
        "BoundingBox": {
          "Width": 0.010883098468184471,
          "Height": 0.010821029543876648,
          "Left": 0.5176388025283813,
          "Top": 0.1648825854063034
        },
        "Polygon": [
          {
            "X": 0.5176563262939453,
            "Y": 0.1648825854063034
          },
          {
            "X": 0.5285218954086304,
            "Y": 0.1648956537246704
          },
          {
            "X": 0.5285044312477112,
            "Y": 0.17570361495018005
          },
          {
            "X": 0.5176388025283813,
            "Y": 0.175690159201622
          }
        ]
      },
      "Id": "1bfbf13a-4c8e-49ab-944c-971b057d508e",
      "Page": 1
    },
    {
      "BlockType": "WORD",
      "Confidence": 24.233957290649414,
      "Text": "2HEROS",
      "TextType": "PRINTED",
      "Geometry": {
        "BoundingBox": {
          "Width": 0.06405612826347351,
          "Height": 0.01722179725766182,
          "Left": 0.5257975459098816,
          "Top": 0.16018860042095184
        },
        "Polygon": [
          {
            "X": 0.5258253216743469,
            "Y": 0.16018860042095184
          },
          {
            "X": 0.5898537039756775,
            "Y": 0.16026465594768524
          },
          {
            "X": 0.5898261070251465,
            "Y": 0.17741039395332336
          },
          {
            "X": 0.5257975459098816,
            "Y": 0.17733077704906464
          }
        ]
      },
      "Id": "18b69565-0434-448d-9a84-9956b7fe5192",
      "Page": 1
    },
    {
      "BlockType": "WORD",
      "Confidence": 88.4632339477539,
      "Text": "MODELOS",
      "TextType": "PRINTED",
      "Geometry": {
        "BoundingBox": {
          "Width": 0.06310711055994034,
          "Height": 0.015029339119791985,
          "Left": 0.5923706889152527,
          "Top": 0.15967245399951935
        },
        "Polygon": [
          {
            "X": 0.5923947691917419,
            "Y": 0.15967245399951935
          },
          {
            "X": 0.6554778218269348,
            "Y": 0.15974725782871246
          },
          {
            "X": 0.6554539203643799,
            "Y": 0.17470179498195648
          },
          {
            "X": 0.5923706889152527,
            "Y": 0.17462392151355743
          }
        ]
      },
      "Id": "3e52dd12-c4ad-4331-a6e9-443a0654ee21",
      "Page": 1
    },
    {
      "BlockType": "WORD",
      "Confidence": 52.50333023071289,
      "Text": "FUNDACIONALS",
      "TextType": "PRINTED",
      "Geometry": {
        "BoundingBox": {
          "Width": 0.10780256986618042,
          "Height": 0.014883751049637794,
          "Left": 0.6615287661552429,
          "Top": 0.15694040060043335
        },
        "Polygon": [
          {
            "X": 0.6615523099899292,
            "Y": 0.15694040060043335
          },
          {
            "X": 0.7693313360214233,
            "Y": 0.15706723928451538
          },
          {
            "X": 0.7693080306053162,
            "Y": 0.1718241423368454
          },
          {
            "X": 0.6615287661552429,
            "Y": 0.1716921627521515
          }
        ]
      },
      "Id": "107ebf5b-6250-46ea-beda-d71dca7adfba",
      "Page": 1
    },
    {
      "BlockType": "WORD",
      "Confidence": 75.08364868164062,
      "Text": "d",
      "TextType": "PRINTED",
      "Geometry": {
        "BoundingBox": {
          "Width": 0.015814803540706635,
          "Height": 0.013975052163004875,
          "Left": 0,
          "Top": 0.18329431116580963
        },
        "Polygon": [
          {
            "X": 0,
            "Y": 0.18329431116580963
          },
          {
            "X": 0.015814803540706635,
            "Y": 0.183314710855484
          },
          {
            "X": 0.015790989622473717,
            "Y": 0.19726936519145966
          },
          {
            "X": 0,
            "Y": 0.19724823534488678
          }
        ]
      },
      "Id": "d80f7ce2-03f2-4380-b97e-78be22ce0b08",
      "Page": 1
    },
    {
      "BlockType": "WORD",
      "Confidence": 62.37316131591797,
      "Text": "rience",
      "TextType": "PRINTED",
      "Geometry": {
        "BoundingBox": {
          "Width": 0.06171972677111626,
          "Height": 0.014779447577893734,
          "Left": 0,
          "Top": 0.20369598269462585
        },
        "Polygon": [
          {
            "X": 0,
            "Y": 0.20369598269462585
          },
          {
            "X": 0.06171972677111626,
            "Y": 0.20377853512763977
          },
          {
            "X": 0.061694759875535965,
            "Y": 0.21847541630268097
          },
          {
            "X": 0,
            "Y": 0.21838991343975067
          }
        ]
      },
      "Id": "6cecc7ec-566c-431e-9c82-be16273fa84f",
      "Page": 1
    },
    {
      "BlockType": "WORD",
      "Confidence": 99.33332824707031,
      "Text": "FERRAMENTAS",
      "TextType": "PRINTED",
      "Geometry": {
        "BoundingBox": {
          "Width": 0.08099883049726486,
          "Height": 0.008649601601064205,
          "Left": 0.29117029905319214,
          "Top": 0.2205071747303009
        },
        "Polygon": [
          {
            "X": 0.2911844551563263,
            "Y": 0.2205071747303009
          },
          {
            "X": 0.3721691370010376,
            "Y": 0.22061926126480103
          },
          {
            "X": 0.3721550703048706,
            "Y": 0.22915677726268768
          },
          {
            "X": 0.29117029905319214,
            "Y": 0.22904245555400848
          }
        ]
      },
      "Id": "647d1e38-c251-4e57-866a-25ad7b59ad6a",
      "Page": 1
    },
    {
      "BlockType": "WORD",
      "Confidence": 99.92050170898438,
      "Text": "PARA",
      "TextType": "PRINTED",
      "Geometry": {
        "BoundingBox": {
          "Width": 0.02974381297826767,
          "Height": 0.00746841449290514,
          "Left": 0.3812473714351654,
          "Top": 0.21986593306064606
        },
        "Polygon": [
          {
            "X": 0.38125959038734436,
            "Y": 0.21986593306064606
          },
          {
            "X": 0.4109911620616913,
            "Y": 0.2199070006608963
          },
          {
            "X": 0.4109790027141571,
            "Y": 0.22733435034751892
          },
          {
            "X": 0.3812473714351654,
            "Y": 0.22729255259037018
          }
        ]
      },
      "Id": "bc01f0e7-8342-480e-acc2-a1facfdb2b18",
      "Page": 1
    },
    {
      "BlockType": "WORD",
      "Confidence": 99.50462341308594,
      "Text": "DESENVOLVER",
      "TextType": "PRINTED",
      "Geometry": {
        "BoundingBox": {
          "Width": 0.08720394223928452,
          "Height": 0.009411901235580444,
          "Left": 0.41892409324645996,
          "Top": 0.2170858532190323
        },
        "Polygon": [
          {
            "X": 0.4189392924308777,
            "Y": 0.2170858532190323
          },
          {
            "X": 0.5061280131340027,
            "Y": 0.2172054946422577
          },
          {
            "X": 0.5061129331588745,
            "Y": 0.22649775445461273
          },
          {
            "X": 0.41892409324645996,
            "Y": 0.22637547552585602
          }
        ]
      },
      "Id": "6ca56ba3-038d-44fd-aeb7-9258af368e4f",
      "Page": 1
    },
    {
      "BlockType": "WORD",
      "Confidence": 99.35337829589844,
      "Text": "COM",
      "TextType": "PRINTED",
      "Geometry": {
        "BoundingBox": {
          "Width": 0.024411285296082497,
          "Height": 0.008274508640170097,
          "Left": 0.5148791074752808,
          "Top": 0.21632260084152222
        },
        "Polygon": [
          {
            "X": 0.5148924589157104,
            "Y": 0.21632260084152222
          },
          {
            "X": 0.5392903685569763,
            "Y": 0.21635600924491882
          },
          {
            "X": 0.5392770171165466,
            "Y": 0.22459711134433746
          },
          {
            "X": 0.5148791074752808,
            "Y": 0.22456304728984833
          }
        ]
      },
      "Id": "bc46edca-74d2-4450-a659-748145a66455",
      "Page": 1
    },
    {
      "BlockType": "WORD",
      "Confidence": 99.15514373779297,
      "Text": "LLMS",
      "TextType": "PRINTED",
      "Geometry": {
        "BoundingBox": {
          "Width": 0.03447265177965164,
          "Height": 0.00986217986792326,
          "Left": 0.546581506729126,
          "Top": 0.21449486911296844
        },
        "Polygon": [
          {
            "X": 0.5465973615646362,
            "Y": 0.21449486911296844
          },
          {
            "X": 0.581054151058197,
            "Y": 0.21454185247421265
          },
          {
            "X": 0.5810383558273315,
            "Y": 0.22435705363750458
          },
          {
            "X": 0.546581506729126,
            "Y": 0.22430898249149323
          }
        ]
      },
      "Id": "e51feb52-9d73-4ab6-993a-25724526ebfe",
      "Page": 1
    },
    {
      "BlockType": "WORD",
      "Confidence": 96.2000961303711,
      "Text": "E",
      "TextType": "PRINTED",
      "Geometry": {
        "BoundingBox": {
          "Width": 0.010193980298936367,
          "Height": 0.011705649085342884,
          "Left": 0.5878223180770874,
          "Top": 0.21243081986904144
        },
        "Polygon": [
          {
            "X": 0.5878411531448364,
            "Y": 0.21243081986904144
          },
          {
            "X": 0.5980163216590881,
            "Y": 0.21244461834430695
          },
          {
            "X": 0.5979974865913391,
            "Y": 0.22413647174835205
          },
          {
            "X": 0.5878223180770874,
            "Y": 0.2241222858428955
          }
        ]
      },
      "Id": "5af099d5-ba7d-443a-a232-df3bc455593f",
      "Page": 1
    },
    {
      "BlockType": "WORD",
      "Confidence": 24.13416290283203,
      "Text": "outers",
      "TextType": "PRINTED",
      "Geometry": {
        "BoundingBox": {
          "Width": 0.053389810025691986,
          "Height": 0.013822653330862522,
          "Left": 0.6045729517936707,
          "Top": 0.20981398224830627
        },
        "Polygon": [
          {
            "X": 0.6045950651168823,
            "Y": 0.20981398224830627
          },
          {
            "X": 0.6579627990722656,
            "Y": 0.20988591015338898
          },
          {
            "X": 0.6579408049583435,
            "Y": 0.22363662719726562
          },
          {
            "X": 0.6045729517936707,
            "Y": 0.2235623151063919
          }
        ]
      },
      "Id": "32f9fd10-35db-459a-9ac9-543b6580bb3e",
      "Page": 1
    },
    {
      "BlockType": "WORD",
      "Confidence": 99.04840850830078,
      "Text": "MODELOS",
      "TextType": "PRINTED",
      "Geometry": {
        "BoundingBox": {
          "Width": 0.0620388388633728,
          "Height": 0.01277719996869564,
          "Left": 0.6652318835258484,
          "Top": 0.20911793410778046
        },
        "Polygon": [
          {
            "X": 0.665252149105072,
            "Y": 0.20911793410778046
          },
          {
            "X": 0.7272707223892212,
            "Y": 0.209201380610466
          },
          {
            "X": 0.7272505760192871,
            "Y": 0.22189514338970184
          },
          {
            "X": 0.6652318835258484,
            "Y": 0.22180914878845215
          }
        ]
      },
      "Id": "1f7e83d0-7960-4798-a940-d2ad7abbc93e",
      "Page": 1
    },
    {
      "BlockType": "WORD",
      "Confidence": 83.08715057373047,
      "Text": "5",
      "TextType": "PRINTED",
      "Geometry": {
        "BoundingBox": {
          "Width": 0.0053208922035992146,
          "Height": 0.01147013995796442,
          "Left": 0,
          "Top": 0.22761817276477814
        },
        "Polygon": [
          {
            "X": 0,
            "Y": 0.22761817276477814
          },
          {
            "X": 0.0053208922035992146,
            "Y": 0.22762612998485565
          },
          {
            "X": 0.005301311146467924,
            "Y": 0.23908831179141998
          },
          {
            "X": 0,
            "Y": 0.23908016085624695
          }
        ]
      },
      "Id": "675aaccb-f7dc-4a1e-99d6-fe4822834d00",
      "Page": 1
    },
    {
      "BlockType": "WORD",
      "Confidence": 94.08940887451172,
      "Text": "FUNDACION",
      "TextType": "PRINTED",
      "Geometry": {
        "BoundingBox": {
          "Width": 0.07051773369312286,
          "Height": 0.008722946047782898,
          "Left": 0.29084816575050354,
          "Top": 0.23120877146720886
        },
        "Polygon": [
          {
            "X": 0.29086247086524963,
            "Y": 0.23120877146720886
          },
          {
            "X": 0.3613658845424652,
            "Y": 0.23130878806114197
          },
          {
            "X": 0.36135169863700867,
            "Y": 0.23993171751499176
          },
          {
            "X": 0.29084816575050354,
            "Y": 0.23982973396778107
          }
        ]
      },
      "Id": "8e2284c5-5d4f-454f-9a8b-7ca507d8d945",
      "Page": 1
    },
    {
      "BlockType": "WORD",
      "Confidence": 99.14275360107422,
      "Text": "INFRAESTRUTURA",
      "TextType": "PRINTED",
      "Geometry": {
        "BoundingBox": {
          "Width": 0.10455182194709778,
          "Height": 0.008280606009066105,
          "Left": 0.2881236970424652,
          "Top": 0.28923526406288147
        },
        "Polygon": [
          {
            "X": 0.28813716769218445,
            "Y": 0.28923526406288147
          },
          {
            "X": 0.392675518989563,
            "Y": 0.28940317034721375
          },
          {
            "X": 0.3926621973514557,
            "Y": 0.297515869140625
          },
          {
            "X": 0.2881236970424652,
            "Y": 0.29734519124031067
          }
        ]
      },
      "Id": "fc91725f-60b3-43b7-9a60-7735fcee4c3d",
      "Page": 1
    },
    {
      "BlockType": "WORD",
      "Confidence": 99.92403411865234,
      "Text": "PARA",
      "TextType": "PRINTED",
      "Geometry": {
        "BoundingBox": {
          "Width": 0.030613973736763,
          "Height": 0.0072966450825333595,
          "Left": 0.40055716037750244,
          "Top": 0.2896762490272522
        },
        "Polygon": [
          {
            "X": 0.40056905150413513,
            "Y": 0.2896762490272522
          },
          {
            "X": 0.43117111921310425,
            "Y": 0.2897254526615143
          },
          {
            "X": 0.43115925788879395,
            "Y": 0.2969729006290436
          },
          {
            "X": 0.40055716037750244,
            "Y": 0.2969230115413666
          }
        ]
      },
      "Id": "7680a9bc-d853-4df5-becd-e0300869d719",
      "Page": 1
    },
    {
      "BlockType": "WORD",
      "Confidence": 99.36558532714844,
      "Text": "TREINO",
      "TextType": "PRINTED",
      "Geometry": {
        "BoundingBox": {
          "Width": 0.04645535349845886,
          "Height": 0.007290581241250038,
          "Left": 0.4396081864833832,
          "Top": 0.2893535792827606
        },
        "Polygon": [
          {
            "X": 0.4396199584007263,
            "Y": 0.2893535792827606
          },
          {
            "X": 0.48606353998184204,
            "Y": 0.28942814469337463
          },
          {
            "X": 0.4860517978668213,
            "Y": 0.2966441512107849
          },
          {
            "X": 0.4396081864833832,
            "Y": 0.29656848311424255
          }
        ]
      },
      "Id": "6817e6c5-0319-47ca-b978-d080d56bcb57",
      "Page": 1
    },
    {
      "BlockType": "WORD",
      "Confidence": 99.54098510742188,
      "Text": "DE",
      "TextType": "PRINTED",
      "Geometry": {
        "BoundingBox": {
          "Width": 0.014978580176830292,
          "Height": 0.0071644713170826435,
          "Left": 0.49535393714904785,
          "Top": 0.28911158442497253
        },
        "Polygon": [
          {
            "X": 0.49536556005477905,
            "Y": 0.28911158442497253
          },
          {
            "X": 0.5103325247764587,
            "Y": 0.289135605096817
          },
          {
            "X": 0.5103209614753723,
            "Y": 0.2962760627269745
          },
          {
            "X": 0.49535393714904785,
            "Y": 0.29625171422958374
          }
        ]
      },
      "Id": "a26f101a-32f2-4198-a39a-848d4403fa79",
      "Page": 1
    },
    {
      "BlockType": "WORD",
      "Confidence": 99.84903717041016,
      "Text": "MODELOS",
      "TextType": "PRINTED",
      "Geometry": {
        "BoundingBox": {
          "Width": 0.056850891560316086,
          "Height": 0.008200794458389282,
          "Left": 0.5191188454627991,
          "Top": 0.288030207157135
        },
        "Polygon": [
          {
            "X": 0.5191319584846497,
            "Y": 0.288030207157135
          },
          {
            "X": 0.5759696960449219,
            "Y": 0.28812122344970703
          },
          {
            "X": 0.5759566426277161,
            "Y": 0.2962310016155243
          },
          {
            "X": 0.5191188454627991,
            "Y": 0.2961385250091553
          }
        ]
      },
      "Id": "7bb89ba6-c592-4ee0-af23-1389a31f6c33",
      "Page": 1
    },
    {
      "BlockType": "WORD",
      "Confidence": 48.64531326293945,
      "Text": "FUNGACIONAIS",
      "TextType": "PRINTED",
      "Geometry": {
        "BoundingBox": {
          "Width": 0.102645643055439,
          "Height": 0.011680083349347115,
          "Left": 0.5852124094963074,
          "Top": 0.2846713662147522
        },
        "Polygon": [
          {
            "X": 0.5852309465408325,
            "Y": 0.2846713662147522
          },
          {
            "X": 0.6878580451011658,
            "Y": 0.28483453392982483
          },
          {
            "X": 0.6878397464752197,
            "Y": 0.29635143280029297
          },
          {
            "X": 0.5852124094963074,
            "Y": 0.2961844503879547
          }
        ]
      },
      "Id": "22d6a906-ec41-4d06-ade5-2f5368eb5360",
      "Page": 1
    },
    {
      "BlockType": "WORD",
      "Confidence": 99.59556579589844,
      "Text": "GPUs",
      "TextType": "PRINTED",
      "Geometry": {
        "BoundingBox": {
          "Width": 0.02358035184442997,
          "Height": 0.006776997819542885,
          "Left": 0.31259867548942566,
          "Top": 0.3130228519439697
        },
        "Polygon": [
          {
            "X": 0.31260982155799866,
            "Y": 0.3130228519439697
          },
          {
            "X": 0.3361790180206299,
            "Y": 0.31306251883506775
          },
          {
            "X": 0.3361678719520569,
            "Y": 0.31979984045028687
          },
          {
            "X": 0.31259867548942566,
            "Y": 0.31975966691970825
          }
        ]
      },
      "Id": "6808c603-1f1c-45d9-996f-05f51a33adc9",
      "Page": 1
    },
    {
      "BlockType": "WORD",
      "Confidence": 99.84037017822266,
      "Text": "AWS",
      "TextType": "PRINTED",
      "Geometry": {
        "BoundingBox": {
          "Width": 0.02188953198492527,
          "Height": 0.006570540834218264,
          "Left": 0.373251348733902,
          "Top": 0.3131472170352936
        },
        "Polygon": [
          {
            "X": 0.37326210737228394,
            "Y": 0.3131472170352936
          },
          {
            "X": 0.3951408863067627,
            "Y": 0.31318405270576477
          },
          {
            "X": 0.3951301574707031,
            "Y": 0.31971776485443115
          },
          {
            "X": 0.373251348733902,
            "Y": 0.31968048214912415
          }
        ]
      },
      "Id": "2e455fe7-fbd3-4d8d-a7e8-8fe525ef7245",
      "Page": 1
    },
    {
      "BlockType": "WORD",
      "Confidence": 99.88964080810547,
      "Text": "AWS",
      "TextType": "PRINTED",
      "Geometry": {
        "BoundingBox": {
          "Width": 0.022918149828910828,
          "Height": 0.006718408782035112,
          "Left": 0.47361719608306885,
          "Top": 0.31352952122688293
        },
        "Polygon": [
          {
            "X": 0.47362807393074036,
            "Y": 0.31352952122688293
          },
          {
            "X": 0.4965353310108185,
            "Y": 0.3135680854320526
          },
          {
            "X": 0.49652448296546936,
            "Y": 0.32024791836738586
          },
          {
            "X": 0.47361719608306885,
            "Y": 0.3202088475227356
          }
        ]
      },
      "Id": "4e7c723f-ff20-46b1-bb5d-7a91aa899416",
      "Page": 1
    },
    {
      "BlockType": "WORD",
      "Confidence": 33.630489349365234,
      "Text": "21",
      "TextType": "PRINTED",
      "Geometry": {
        "BoundingBox": {
          "Width": 0.012050539255142212,
          "Height": 0.008311917074024677,
          "Left": 0.5627744793891907,
          "Top": 0.3135145306587219
        },
        "Polygon": [
          {
            "X": 0.5627878308296204,
            "Y": 0.3135145306587219
          },
          {
            "X": 0.5748249888420105,
            "Y": 0.31353479623794556
          },
          {
            "X": 0.5748116374015808,
            "Y": 0.32182642817497253
          },
          {
            "X": 0.5627744793891907,
            "Y": 0.321805864572525
          }
        ]
      },
      "Id": "3e5434b6-16f6-4d59-ab7b-9d26960635d8",
      "Page": 1
    },
    {
      "BlockType": "WORD",
      "Confidence": 99.85401916503906,
      "Text": "Amazon",
      "TextType": "PRINTED",
      "Geometry": {
        "BoundingBox": {
          "Width": 0.04154091700911522,
          "Height": 0.007501193787902594,
          "Left": 0.5844419598579407,
          "Top": 0.3136047124862671
        },
        "Polygon": [
          {
            "X": 0.5844538807868958,
            "Y": 0.3136047124862671
          },
          {
            "X": 0.6259828805923462,
            "Y": 0.3136746287345886
          },
          {
            "X": 0.6259709596633911,
            "Y": 0.3211058974266052
          },
          {
            "X": 0.5844419598579407,
            "Y": 0.3210349678993225
          }
        ]
      },
      "Id": "ed9f8663-3ae1-445c-bf46-d8319b3d334e",
      "Page": 1
    },
    {
      "BlockType": "WORD",
      "Confidence": 99.79052734375,
      "Text": "SageMaker",
      "TextType": "PRINTED",
      "Geometry": {
        "BoundingBox": {
          "Width": 0.05788487195968628,
          "Height": 0.00914924405515194,
          "Left": 0.6288523077964783,
          "Top": 0.31314194202423096
        },
        "Polygon": [
          {
            "X": 0.6288667917251587,
            "Y": 0.31314194202423096
          },
          {
            "X": 0.6867371797561646,
            "Y": 0.31323927640914917
          },
          {
            "X": 0.6867227554321289,
            "Y": 0.32229119539260864
          },
          {
            "X": 0.6288523077964783,
            "Y": 0.3221921920776367
          }
        ]
      },
      "Id": "a69f972d-0df5-4cfd-a45d-b77c086259ee",
      "Page": 1
    },
    {
      "BlockType": "WORD",
      "Confidence": 99.95794677734375,
      "Text": "Trainium",
      "TextType": "PRINTED",
      "Geometry": {
        "BoundingBox": {
          "Width": 0.041621897369623184,
          "Height": 0.007069114595651627,
          "Left": 0.37297818064689636,
          "Top": 0.32222554087638855
        },
        "Polygon": [
          {
            "X": 0.372989684343338,
            "Y": 0.32222554087638855
          },
          {
            "X": 0.41460007429122925,
            "Y": 0.32229679822921753
          },
          {
            "X": 0.41458860039711,
            "Y": 0.3292946517467499
          },
          {
            "X": 0.37297818064689636,
            "Y": 0.3292224705219269
          }
        ]
      },
      "Id": "753eb14d-432c-4941-8a87-1f5bfdc49c69",
      "Page": 1
    },
    {
      "BlockType": "WORD",
      "Confidence": 98.0500717163086,
      "Text": "Inferentia",
      "TextType": "PRINTED",
      "Geometry": {
        "BoundingBox": {
          "Width": 0.04719065502285957,
          "Height": 0.0072796884924173355,
          "Left": 0.47346171736717224,
          "Top": 0.3226637542247772
        },
        "Polygon": [
          {
            "X": 0.4734734296798706,
            "Y": 0.3226637542247772
          },
          {
            "X": 0.5206523537635803,
            "Y": 0.32274460792541504
          },
          {
            "X": 0.5206407308578491,
            "Y": 0.32994344830513
          },
          {
            "X": 0.47346171736717224,
            "Y": 0.32986152172088623
          }
        ]
      },
      "Id": "e607ff3b-a1ae-481f-8758-64c2f4c7d00c",
      "Page": 1
    },
    {
      "BlockType": "WORD",
      "Confidence": 50.634090423583984,
      "Text": "0",
      "TextType": "PRINTED",
      "Geometry": {
        "BoundingBox": {
          "Width": 0.008921509608626366,
          "Height": 0.007381465286016464,
          "Left": 0.29303690791130066,
          "Top": 0.3336913287639618
        },
        "Polygon": [
          {
            "X": 0.2930491268634796,
            "Y": 0.3336913287639618
          },
          {
            "X": 0.3019584119319916,
            "Y": 0.33370691537857056
          },
          {
            "X": 0.3019461929798126,
            "Y": 0.34107279777526855
          },
          {
            "X": 0.29303690791130066,
            "Y": 0.3410569727420807
          }
        ]
      },
      "Id": "cedc9c7e-e158-40c0-8151-cd510f5a2d35",
      "Page": 1
    },
    {
      "BlockType": "WORD",
      "Confidence": 99.9493637084961,
      "Text": "Amazon",
      "TextType": "PRINTED",
      "Geometry": {
        "BoundingBox": {
          "Width": 0.036475881934165955,
          "Height": 0.0067197661846876144,
          "Left": 0.3079734146595001,
          "Top": 0.3348851501941681
        },
        "Polygon": [
          {
            "X": 0.30798444151878357,
            "Y": 0.3348851501941681
          },
          {
            "X": 0.34444931149482727,
            "Y": 0.3349491357803345
          },
          {
            "X": 0.3444383144378662,
            "Y": 0.34160491824150085
          },
          {
            "X": 0.3079734146595001,
            "Y": 0.3415401875972748
          }
        ]
      },
      "Id": "296892a1-d6b8-4107-9c51-54cabf9e305d",
      "Page": 1
    },
    {
      "BlockType": "WORD",
      "Confidence": 99.80300903320312,
      "Text": "EC2",
      "TextType": "PRINTED",
      "Geometry": {
        "BoundingBox": {
          "Width": 0.017055464908480644,
          "Height": 0.0064679645001888275,
          "Left": 0.3467659056186676,
          "Top": 0.3350364863872528
        },
        "Polygon": [
          {
            "X": 0.34677654504776,
            "Y": 0.3350364863872528
          },
          {
            "X": 0.3638213872909546,
            "Y": 0.33506637811660767
          },
          {
            "X": 0.36381077766418457,
            "Y": 0.34150445461273193
          },
          {
            "X": 0.3467659056186676,
            "Y": 0.34147417545318604
          }
        ]
      },
      "Id": "527a335a-7679-4535-9f56-b885403560ef",
      "Page": 1
    },
    {
      "BlockType": "WORD",
      "Confidence": 38.53093338012695,
      "Text": "C",
      "TextType": "PRINTED",
      "Geometry": {
        "BoundingBox": {
          "Width": 0.014707732014358044,
          "Height": 0.005930433515459299,
          "Left": 0.3776276111602783,
          "Top": 0.33534252643585205
        },
        "Polygon": [
          {
            "X": 0.3776373267173767,
            "Y": 0.33534252643585205
          },
          {
            "X": 0.39233532547950745,
            "Y": 0.3353683054447174
          },
          {
            "X": 0.39232563972473145,
            "Y": 0.3412729501724243
          },
          {
            "X": 0.3776276111602783,
            "Y": 0.3412468731403351
          }
        ]
      },
      "Id": "872fd195-c0f0-41fa-be0a-5b777603d810",
      "Page": 1
    },
    {
      "BlockType": "WORD",
      "Confidence": 99.95238494873047,
      "Text": "Elastic",
      "TextType": "PRINTED",
      "Geometry": {
        "BoundingBox": {
          "Width": 0.030335277318954468,
          "Height": 0.007080765441060066,
          "Left": 0.39744657278060913,
          "Top": 0.33548837900161743
        },
        "Polygon": [
          {
            "X": 0.39745813608169556,
            "Y": 0.33548837900161743
          },
          {
            "X": 0.4277818500995636,
            "Y": 0.33554160594940186
          },
          {
            "X": 0.42777037620544434,
            "Y": 0.34256914258003235
          },
          {
            "X": 0.39744657278060913,
            "Y": 0.342515230178833
          }
        ]
      },
      "Id": "9af8f74e-bf68-4314-b58f-2c3ea37350d8",
      "Page": 1
    },
    {
      "BlockType": "WORD",
      "Confidence": 99.94606018066406,
      "Text": "Amazon",
      "TextType": "PRINTED",
      "Geometry": {
        "BoundingBox": {
          "Width": 0.03923153132200241,
          "Height": 0.006964763626456261,
          "Left": 0.485675185918808,
          "Top": 0.3364056646823883
        },
        "Polygon": [
          {
            "X": 0.48568642139434814,
            "Y": 0.3364056646823883
          },
          {
            "X": 0.5249067544937134,
            "Y": 0.33647462725639343
          },
          {
            "X": 0.5248955488204956,
            "Y": 0.3433704376220703
          },
          {
            "X": 0.485675185918808,
            "Y": 0.34330061078071594
          }
        ]
      },
      "Id": "e1ee9706-a7d1-422c-9658-dc38d10aee3b",
      "Page": 1
    },
    {
      "BlockType": "WORD",
      "Confidence": 99.82374572753906,
      "Text": "EC2",
      "TextType": "PRINTED",
      "Geometry": {
        "BoundingBox": {
          "Width": 0.018388664349913597,
          "Height": 0.006994246039539576,
          "Left": 0.5274074673652649,
          "Top": 0.3362327218055725
        },
        "Polygon": [
          {
            "X": 0.5274187922477722,
            "Y": 0.3362327218055725
          },
          {
            "X": 0.5457961559295654,
            "Y": 0.33626502752304077
          },
          {
            "X": 0.5457848906517029,
            "Y": 0.34322696924209595
          },
          {
            "X": 0.5274074673652649,
            "Y": 0.34319427609443665
          }
        ]
      },
      "Id": "5640f7cb-2767-419d-8a90-8dbd6f8ba067",
      "Page": 1
    },
    {
      "BlockType": "WORD",
      "Confidence": 11.360207557678223,
      "Text": "S",
      "TextType": "PRINTED",
      "Geometry": {
        "BoundingBox": {
          "Width": 0.009718521498143673,
          "Height": 0.007333899848163128,
          "Left": 0.6035826206207275,
          "Top": 0.3363569974899292
        },
        "Polygon": [
          {
            "X": 0.6035943627357483,
            "Y": 0.3363569974899292
          },
          {
            "X": 0.6133010983467102,
            "Y": 0.33637404441833496
          },
          {
            "X": 0.6132893562316895,
            "Y": 0.3436909019947052
          },
          {
            "X": 0.6035826206207275,
            "Y": 0.34367361664772034
          }
        ]
      },
      "Id": "6f91bbc5-b2a5-4a41-9b29-7a5bd200eac6",
      "Page": 1
    },
    {
      "BlockType": "WORD",
      "Confidence": 99.8642349243164,
      "Text": "AWS",
      "TextType": "PRINTED",
      "Geometry": {
        "BoundingBox": {
          "Width": 0.024020811542868614,
          "Height": 0.006901770830154419,
          "Left": 0.6182587146759033,
          "Top": 0.33616942167282104
        },
        "Polygon": [
          {
            "X": 0.6182697415351868,
            "Y": 0.33616942167282104
          },
          {
            "X": 0.6422795653343201,
            "Y": 0.33621159195899963
          },
          {
            "X": 0.6422685384750366,
            "Y": 0.34307119250297546
          },
          {
            "X": 0.6182587146759033,
            "Y": 0.3430285155773163
          }
        ]
      },
      "Id": "3f6269f2-f34c-4495-b7f3-25b79eeeab30",
      "Page": 1
    },
    {
      "BlockType": "WORD",
      "Confidence": 99.6738052368164,
      "Text": "AWS",
      "TextType": "PRINTED",
      "Geometry": {
        "BoundingBox": {
          "Width": 0.02546604909002781,
          "Height": 0.007137499283999205,
          "Left": 0.7054263353347778,
          "Top": 0.33612117171287537
        },
        "Polygon": [
          {
            "X": 0.7054376006126404,
            "Y": 0.33612117171287537
          },
          {
            "X": 0.7308924198150635,
            "Y": 0.3361658751964569
          },
          {
            "X": 0.7308811545372009,
            "Y": 0.34325867891311646
          },
          {
            "X": 0.7054263353347778,
            "Y": 0.34321340918540955
          }
        ]
      },
      "Id": "c005cdc7-daf9-47c8-939c-635843208628",
      "Page": 1
    },
    {
      "BlockType": "WORD",
      "Confidence": 99.42761993408203,
      "Text": "UltraClusters",
      "TextType": "PRINTED",
      "Geometry": {
        "BoundingBox": {
          "Width": 0.05824502557516098,
          "Height": 0.007019470911473036,
          "Left": 0.30776751041412354,
          "Top": 0.3439648449420929
        },
        "Polygon": [
          {
            "X": 0.3077789545059204,
            "Y": 0.3439648449420929
          },
          {
            "X": 0.3660125434398651,
            "Y": 0.344068706035614
          },
          {
            "X": 0.3660011291503906,
            "Y": 0.3509843051433563
          },
          {
            "X": 0.30776751041412354,
            "Y": 0.35087916254997253
          }
        ]
      },
      "Id": "a8ebd96c-5421-433e-8dbc-503c8587297d",
      "Page": 1
    },
    {
      "BlockType": "WORD",
      "Confidence": 99.76568603515625,
      "Text": "Fabric",
      "TextType": "PRINTED",
      "Geometry": {
        "BoundingBox": {
          "Width": 0.02840476669371128,
          "Height": 0.007055345457047224,
          "Left": 0.3968381881713867,
          "Top": 0.34502676129341125
        },
        "Polygon": [
          {
            "X": 0.396849662065506,
            "Y": 0.34502676129341125
          },
          {
            "X": 0.42524293065071106,
            "Y": 0.3450774848461151
          },
          {
            "X": 0.4252314865589142,
            "Y": 0.35208213329315186
          },
          {
            "X": 0.3968381881713867,
            "Y": 0.35203075408935547
          }
        ]
      },
      "Id": "0670d926-01ef-4640-b4e5-6cc74263b667",
      "Page": 1
    },
    {
      "BlockType": "WORD",
      "Confidence": 99.94763946533203,
      "Text": "Capacity",
      "TextType": "PRINTED",
      "Geometry": {
        "BoundingBox": {
          "Width": 0.040720123797655106,
          "Height": 0.00868413969874382,
          "Left": 0.48561346530914307,
          "Top": 0.3457074463367462
        },
        "Polygon": [
          {
            "X": 0.4856274724006653,
            "Y": 0.3457074463367462
          },
          {
            "X": 0.5263335704803467,
            "Y": 0.34578022360801697
          },
          {
            "X": 0.5263196229934692,
            "Y": 0.35439157485961914
          },
          {
            "X": 0.48561346530914307,
            "Y": 0.35431766510009766
          }
        ]
      },
      "Id": "4ea9e118-917d-45a1-8261-acb6bb9757d6",
      "Page": 1
    },
    {
      "BlockType": "WORD",
      "Confidence": 99.93297576904297,
      "Text": "Blocks",
      "TextType": "PRINTED",
      "Geometry": {
        "BoundingBox": {
          "Width": 0.031648870557546616,
          "Height": 0.007433661725372076,
          "Left": 0.5287821292877197,
          "Top": 0.3457891345024109
        },
        "Polygon": [
          {
            "X": 0.5287940502166748,
            "Y": 0.3457891345024109
          },
          {
            "X": 0.5604310035705566,
            "Y": 0.34584569931030273
          },
          {
            "X": 0.5604190826416016,
            "Y": 0.3532227873802185
          },
          {
            "X": 0.5287821292877197,
            "Y": 0.35316547751426697
          }
        ]
      },
      "Id": "3b354651-c7fd-42c1-a1da-8e43062a2734",
      "Page": 1
    },
    {
      "BlockType": "WORD",
      "Confidence": 99.94781494140625,
      "Text": "for",
      "TextType": "PRINTED",
      "Geometry": {
        "BoundingBox": {
          "Width": 0.01480071246623993,
          "Height": 0.006889004725962877,
          "Left": 0.5631629824638367,
          "Top": 0.3461441099643707
        },
        "Polygon": [
          {
            "X": 0.5631740093231201,
            "Y": 0.3461441099643707
          },
          {
            "X": 0.577963650226593,
            "Y": 0.346170574426651
          },
          {
            "X": 0.5779526233673096,
            "Y": 0.3530331254005432
          },
          {
            "X": 0.5631629824638367,
            "Y": 0.3530063331127167
          }
        ]
      },
      "Id": "6e87d373-9532-411e-9e7c-3e06ab2d7d96",
      "Page": 1
    },
    {
      "BlockType": "WORD",
      "Confidence": 99.82696533203125,
      "Text": "Nitro",
      "TextType": "PRINTED",
      "Geometry": {
        "BoundingBox": {
          "Width": 0.02623467706143856,
          "Height": 0.007213178090751171,
          "Left": 0.6177860498428345,
          "Top": 0.3458702266216278
        },
        "Polygon": [
          {
            "X": 0.6177975535392761,
            "Y": 0.3458702266216278
          },
          {
            "X": 0.6440207362174988,
            "Y": 0.34591710567474365
          },
          {
            "X": 0.6440092325210571,
            "Y": 0.35308340191841125
          },
          {
            "X": 0.6177860498428345,
            "Y": 0.35303589701652527
          }
        ]
      },
      "Id": "330fb04b-a57e-4d31-925d-267b52f8d49f",
      "Page": 1
    },
    {
      "BlockType": "WORD",
      "Confidence": 99.77651977539062,
      "Text": "Neuro",
      "TextType": "PRINTED",
      "Geometry": {
        "BoundingBox": {
          "Width": 0.03266305476427078,
          "Height": 0.007127583958208561,
          "Left": 0.7051194310188293,
          "Top": 0.34633854031562805
        },
        "Polygon": [
          {
            "X": 0.7051306366920471,
            "Y": 0.34633854031562805
          },
          {
            "X": 0.7377824783325195,
            "Y": 0.34639692306518555
          },
          {
            "X": 0.7377712726593018,
            "Y": 0.35346612334251404
          },
          {
            "X": 0.7051194310188293,
            "Y": 0.35340696573257446
          }
        ]
      },
      "Id": "3384df3d-902f-438a-b803-48229997e286",
      "Page": 1
    },
    {
      "BlockType": "WORD",
      "Confidence": 99.92107391357422,
      "Text": "Adapter",
      "TextType": "PRINTED",
      "Geometry": {
        "BoundingBox": {
          "Width": 0.03778115659952164,
          "Height": 0.008071647956967354,
          "Left": 0.3959866464138031,
          "Top": 0.3543755114078522
        },
        "Polygon": [
          {
            "X": 0.3959997892379761,
            "Y": 0.3543755114078522
          },
          {
            "X": 0.43376779556274414,
            "Y": 0.35444411635398865
          },
          {
            "X": 0.43375471234321594,
            "Y": 0.36244717240333557
          },
          {
            "X": 0.3959866464138031,
            "Y": 0.3623775839805603
          }
        ]
      },
      "Id": "119be303-a860-4392-826f-04a3e680aa44",
      "Page": 1
    },
    {
      "BlockType": "WORD",
      "Confidence": 99.90653991699219,
      "Text": "ML",
      "TextType": "PRINTED",
      "Geometry": {
        "BoundingBox": {
          "Width": 0.014393951743841171,
          "Height": 0.006243742071092129,
          "Left": 0.4850016236305237,
          "Top": 0.3556082248687744
        },
        "Polygon": [
          {
            "X": 0.4850117266178131,
            "Y": 0.3556082248687744
          },
          {
            "X": 0.49939557909965515,
            "Y": 0.3556344211101532
          },
          {
            "X": 0.4993854761123657,
            "Y": 0.3618519902229309
          },
          {
            "X": 0.4850016236305237,
            "Y": 0.36182552576065063
          }
        ]
      },
      "Id": "e46780b8-b14b-4379-af26-7ab0eab7d151",
      "Page": 1
    },
    {
      "BlockType": "WORD",
      "Confidence": 99.90010833740234,
      "Text": "System",
      "TextType": "PRINTED",
      "Geometry": {
        "BoundingBox": {
          "Width": 0.03704405575990677,
          "Height": 0.00878851767629385,
          "Left": 0.6168959736824036,
          "Top": 0.3556298315525055
        },
        "Polygon": [
          {
            "X": 0.6169099807739258,
            "Y": 0.3556298315525055
          },
          {
            "X": 0.6539400815963745,
            "Y": 0.3556971848011017
          },
          {
            "X": 0.6539261341094971,
            "Y": 0.3644183576107025
          },
          {
            "X": 0.6168959736824036,
            "Y": 0.36434993147850037
          }
        ]
      },
      "Id": "a8be2657-0a72-4048-a1c8-4b93b4cc15c8",
      "Page": 1
    },
    {
      "BlockType": "WORD",
      "Confidence": 95.82537078857422,
      "Text": "n",
      "TextType": "PRINTED",
      "Geometry": {
        "BoundingBox": {
          "Width": 0.00676310621201992,
          "Height": 0.005337626673281193,
          "Left": 0.7044655084609985,
          "Top": 0.35768789052963257
        },
        "Polygon": [
          {
            "X": 0.7044739723205566,
            "Y": 0.35768789052963257
          },
          {
            "X": 0.711228609085083,
            "Y": 0.3577001988887787
          },
          {
            "X": 0.7112201452255249,
            "Y": 0.3630255162715912
          },
          {
            "X": 0.7044655084609985,
            "Y": 0.36301305890083313
          }
        ]
      },
      "Id": "80250efd-4fd8-4ca1-90f4-4c1d94179058",
      "Page": 1
    },
    {
      "BlockType": "WORD",
      "Confidence": 87.65469360351562,
      "Text": "23",
      "TextType": "PRINTED",
      "Geometry": {
        "BoundingBox": {
          "Width": 0.008067942224442959,
          "Height": 0.004941573832184076,
          "Left": 0.7596571445465088,
          "Top": 0.3719964027404785
        },
        "Polygon": [
          {
            "X": 0.7596649527549744,
            "Y": 0.3719964027404785
          },
          {
            "X": 0.7677251100540161,
            "Y": 0.3720114827156067
          },
          {
            "X": 0.7677173614501953,
            "Y": 0.37693798542022705
          },
          {
            "X": 0.7596571445465088,
            "Y": 0.37692275643348694
          }
        ]
      },
      "Id": "ecd14ce6-0b38-4e5d-918c-4424d031ecfd",
      "Page": 1
    }
  ],
  "DetectDocumentTextModelVersion": "1.0"
}