{
  "DocumentMetadata": {
    "Pages": 1
  },
  "JobStatus": "SUCCEEDED",
  "Blocks": [
    {
      "BlockType": "PAGE",
      "Geometry": {
        "BoundingBox": {
          "Width": 1,
          "Height": 1,
          "Left": 0,
          "Top": 0
        },
        "Polygon": [
          {
            "X": 0,
            "Y": 0
          },
          {
            "X": 1,
            "Y": 0.00006684770050924271
          },
          {
            "X": 1,
            "Y": 0.9996770024299622
          },
          {
            "X": 0.0005747808027081192,
            "Y": 1
          }
        ]
      },
      "Id": "c8a833db-7d65-4292-8a1f-815498388f12",
      "Relationships": [
        {
          "Type": "CHILD",
          "Ids": [
            "5f329390-6756-48d1-952d-ee0634ba5c98",
            "5c9a9b6b-36ad-40c2-b466-aa16a42bf820",
            "5abd8a58-56b0-4f2d-ae48-2875afc3c7d7",
            "b529c604-790b-482a-96ec-77a842fbade0",
            "c22ef89c-e9c7-46b1-be14-68c9d4c0729b",
            "e84e0552-efe7-4ea5-bc4b-42116e1769f3",
            "b6f89828-2d68-46be-902b-5d8d6854c13a",
            "a9f86171-eb8e-4571-976e-f2bc861d7ccd",
            "f787fd30-5313-46f0-bc57-30d2c4f8a8a8",
            "77b40e5e-d9a3-49f3-a6c7-83b9e9bc990d",
            "fb815815-4ad3-444e-85ce-2d29bf44fa46",
            "2c51f129-4c96-481a-b016-054bba26364a",
            "a138655c-b562-441a-aa74-d956bc26643f",
            "f6699367-ca19-4dbf-8ed2-981776ceaaf8",
            "c5c7ffe2-95bb-4d1a-881e-8378627a3b83"
          ]
        }
      ],
      "Page": 1
    },
    {
      "BlockType": "LINE",
      "Confidence": 98.00479125976562,
      "Text": "Monitoramento",
      "Geometry": {
        "BoundingBox": {
          "Width": 0.14531752467155457,
          "Height": 0.018885988742113113,
          "Left": 0.30578893423080444,
          "Top": 0.32645779848098755
        },
        "Polygon": [
          {
            "X": 0.30578893423080444,
            "Y": 0.32645779848098755
          },
          {
            "X": 0.450909286737442,
            "Y": 0.33274903893470764
          },
          {
            "X": 0.451106458902359,
            "Y": 0.34534379839897156
          },
          {
            "X": 0.3059782087802887,
            "Y": 0.3392835557460785
          }
        ]
      },
      "Id": "5f329390-6756-48d1-952d-ee0634ba5c98",
      "Relationships": [
        {
          "Type": "CHILD",
          "Ids": [
            "6b689d83-7f60-465a-95b6-51a31321f687"
          ]
        }
      ],
      "Page": 1
    },
    {
      "BlockType": "LINE",
      "Confidence": 98.0453872680664,
      "Text": "Monitore a taxa de transferência, a latência e as tendências de uso de tokens para todos os seus",
      "Geometry": {
        "BoundingBox": {
          "Width": 0.44237014651298523,
          "Height": 0.028072822839021683,
          "Left": 0.31235188245773315,
          "Top": 0.34777340292930603
        },
        "Polygon": [
          {
            "X": 0.31235188245773315,
            "Y": 0.34777340292930603
          },
          {
            "X": 0.7545456886291504,
            "Y": 0.3657858073711395
          },
          {
            "X": 0.754721999168396,
            "Y": 0.3758462369441986
          },
          {
            "X": 0.3125093877315521,
            "Y": 0.35841870307922363
          }
        ]
      },
      "Id": "5c9a9b6b-36ad-40c2-b466-aa16a42bf820",
      "Relationships": [
        {
          "Type": "CHILD",
          "Ids": [
            "8f353dfb-64e2-44d5-ba7c-b2d6d4237dfa",
            "c3df4bc1-6bb9-44a9-bc75-ea182fb1e7b4",
            "6245c15f-5627-4b6b-b0d8-3e10ebe6f907",
            "f19ee7f9-2fde-4d8d-a1fd-fa2aed759002",
            "8575a23d-118f-4a0b-ae97-0dc7d00e295d",
            "15084470-4d86-4b1e-8376-61ce7a078595",
            "85da4ebb-7c04-40ba-ac0d-c472aca525e1",
            "e6cdc2c5-217a-434f-a467-074343e27ee6",
            "91549c5f-1d70-43f2-94de-7a00547aba9e",
            "29d561b6-f7dd-44f2-8a14-8b36c71ae79a",
            "f5934454-a75d-4ba2-a8ba-2c65956595dd",
            "46c7faeb-860a-45f6-a750-204cde1fab2b",
            "ceedfa6c-4b08-4f26-be6a-f184356cfdf6",
            "3cbe74fc-75d2-44c2-a5b4-826f6de56153",
            "5a5d5ad6-858f-4acf-a8ca-15816ab3408a",
            "0db623a9-6ed7-4f4f-bf78-60d476a19613",
            "df8b1a91-c77d-45b5-87ec-793f809311e8",
            "c8f86475-fa92-48db-81a8-748edf396fd6"
          ]
        }
      ],
      "Page": 1
    },
    {
      "BlockType": "LINE",
      "Confidence": 83.01013946533203,
      "Text": "aplicativos LLM.",
      "Geometry": {
        "BoundingBox": {
          "Width": 0.0803256556391716,
          "Height": 0.011068749241530895,
          "Left": 0.3118053376674652,
          "Top": 0.3569970726966858
        },
        "Polygon": [
          {
            "X": 0.3118053376674652,
            "Y": 0.3569970726966858
          },
          {
            "X": 0.39201033115386963,
            "Y": 0.3601718544960022
          },
          {
            "X": 0.3921310007572174,
            "Y": 0.36806580424308777
          },
          {
            "X": 0.3119232952594757,
            "Y": 0.36497047543525696
          }
        ]
      },
      "Id": "5abd8a58-56b0-4f2d-ae48-2875afc3c7d7",
      "Relationships": [
        {
          "Type": "CHILD",
          "Ids": [
            "ed9565bb-5d0c-4361-880c-76a8c94a02b0",
            "bfd9235e-d64f-4a16-900c-5bc549cbe951"
          ]
        }
      ],
      "Page": 1
    },
    {
      "BlockType": "LINE",
      "Confidence": 99.38556671142578,
      "Text": "aws",
      "Geometry": {
        "BoundingBox": {
          "Width": 0.08500121533870697,
          "Height": 0.02697008103132248,
          "Left": 0.8606888651847839,
          "Top": 0.40243640542030334
        },
        "Polygon": [
          {
            "X": 0.8606888651847839,
            "Y": 0.40243640542030334
          },
          {
            "X": 0.945243239402771,
            "Y": 0.40551549196243286
          },
          {
            "X": 0.9456900358200073,
            "Y": 0.4294064939022064
          },
          {
            "X": 0.8611281514167786,
            "Y": 0.42659991979599
          }
        ]
      },
      "Id": "b529c604-790b-482a-96ec-77a842fbade0",
      "Relationships": [
        {
          "Type": "CHILD",
          "Ids": [
            "1576bb6b-3593-4ffa-aada-7487f0fd423f"
          ]
        }
      ],
      "Page": 1
    },
    {
      "BlockType": "LINE",
      "Confidence": 97.07133483886719,
      "Text": "aws",
      "Geometry": {
        "BoundingBox": {
          "Width": 0.15737663209438324,
          "Height": 0.046060070395469666,
          "Left": 0,
          "Top": 0.3947094976902008
        },
        "Polygon": [
          {
            "X": 0,
            "Y": 0.3947094976902008
          },
          {
            "X": 0.15681372582912445,
            "Y": 0.40007081627845764
          },
          {
            "X": 0.15737663209438324,
            "Y": 0.4407695531845093
          },
          {
            "X": 0,
            "Y": 0.43620064854621887
          }
        ]
      },
      "Id": "c22ef89c-e9c7-46b1-be14-68c9d4c0729b",
      "Relationships": [
        {
          "Type": "CHILD",
          "Ids": [
            "2a866636-5d73-4e72-a389-2bfa65529a34"
          ]
        }
      ],
      "Page": 1
    },
    {
      "BlockType": "LINE",
      "Confidence": 81.76559448242188,
      "Text": "26.06",
      "Geometry": {
        "BoundingBox": {
          "Width": 0.042042940855026245,
          "Height": 0.01023886539041996,
          "Left": 0.4505319595336914,
          "Top": 0.43305307626724243
        },
        "Polygon": [
          {
            "X": 0.4505319595336914,
            "Y": 0.43305307626724243
          },
          {
            "X": 0.49243250489234924,
            "Y": 0.43433716893196106
          },
          {
            "X": 0.49257490038871765,
            "Y": 0.44329193234443665
          },
          {
            "X": 0.45067280530929565,
            "Y": 0.4420555531978607
          }
        ]
      },
      "Id": "e84e0552-efe7-4ea5-bc4b-42116e1769f3",
      "Relationships": [
        {
          "Type": "CHILD",
          "Ids": [
            "54eb64d6-ab60-4f58-aa65-7d277a047bae"
          ]
        }
      ],
      "Page": 1
    },
    {
      "BlockType": "LINE",
      "Confidence": 98.45308685302734,
      "Text": "tokens/sec",
      "Geometry": {
        "BoundingBox": {
          "Width": 0.04479572921991348,
          "Height": 0.00691442284733057,
          "Left": 0.4484662115573883,
          "Top": 0.4444195032119751
        },
        "Polygon": [
          {
            "X": 0.4484662115573883,
            "Y": 0.4444195032119751
          },
          {
            "X": 0.4931727349758148,
            "Y": 0.44572487473487854
          },
          {
            "X": 0.4932619333267212,
            "Y": 0.4513339102268219
          },
          {
            "X": 0.4485543668270111,
            "Y": 0.4500604271888733
          }
        ]
      },
      "Id": "b6f89828-2d68-46be-902b-5d8d6854c13a",
      "Relationships": [
        {
          "Type": "CHILD",
          "Ids": [
            "22d989df-ceb6-44bc-87f2-787724420495"
          ]
        }
      ],
      "Page": 1
    },
    {
      "BlockType": "LINE",
      "Confidence": 69.9477310180664,
      "Text": "51.36c",
      "Geometry": {
        "BoundingBox": {
          "Width": 0.046527910977602005,
          "Height": 0.010107243433594704,
          "Left": 0.33026400208473206,
          "Top": 0.45530596375465393
        },
        "Polygon": [
          {
            "X": 0.33026400208473206,
            "Y": 0.45530596375465393
          },
          {
            "X": 0.37665775418281555,
            "Y": 0.4565776288509369
          },
          {
            "X": 0.37679192423820496,
            "Y": 0.4654132127761841
          },
          {
            "X": 0.3303964138031006,
            "Y": 0.4641929268836975
          }
        ]
      },
      "Id": "a9f86171-eb8e-4571-976e-f2bc861d7ccd",
      "Relationships": [
        {
          "Type": "CHILD",
          "Ids": [
            "6f99b5d2-d0e4-427f-84ea-6c706dc093c9"
          ]
        }
      ],
      "Page": 1
    },
    {
      "BlockType": "LINE",
      "Confidence": 99.69439697265625,
      "Text": "713",
      "Geometry": {
        "BoundingBox": {
          "Width": 0.03928355872631073,
          "Height": 0.014173274859786034,
          "Left": 0.3939807415008545,
          "Top": 0.45004570484161377
        },
        "Polygon": [
          {
            "X": 0.3939807415008545,
            "Y": 0.45004570484161377
          },
          {
            "X": 0.4330613315105438,
            "Y": 0.4511513411998749
          },
          {
            "X": 0.4332643151283264,
            "Y": 0.46421897411346436
          },
          {
            "X": 0.3941815495491028,
            "Y": 0.46317780017852783
          }
        ]
      },
      "Id": "f787fd30-5313-46f0-bc57-30d2c4f8a8a8",
      "Relationships": [
        {
          "Type": "CHILD",
          "Ids": [
            "fc2e5d16-4843-4565-9a6e-3abe8f8f644f"
          ]
        }
      ],
      "Page": 1
    },
    {
      "BlockType": "LINE",
      "Confidence": 99.91907501220703,
      "Text": "traces",
      "Geometry": {
        "BoundingBox": {
          "Width": 0.033105749636888504,
          "Height": 0.007346196100115776,
          "Left": 0.3971244692802429,
          "Top": 0.4671443700790405
        },
        "Polygon": [
          {
            "X": 0.3971244692802429,
            "Y": 0.4671443700790405
          },
          {
            "X": 0.43012964725494385,
            "Y": 0.46800750494003296
          },
          {
            "X": 0.43023020029067993,
            "Y": 0.47449055314064026
          },
          {
            "X": 0.3972241282463074,
            "Y": 0.4736544191837311
          }
        ]
      },
      "Id": "77b40e5e-d9a3-49f3-a6c7-83b9e9bc990d",
      "Relationships": [
        {
          "Type": "CHILD",
          "Ids": [
            "d994eefd-11d7-4c2b-aa20-72e184d39dd2"
          ]
        }
      ],
      "Page": 1
    },
    {
      "BlockType": "LINE",
      "Confidence": 85.88091278076172,
      "Text": "0.39",
      "Geometry": {
        "BoundingBox": {
          "Width": 0.02489444799721241,
          "Height": 0.007615121081471443,
          "Left": 0.6370909810066223,
          "Top": 0.47831955552101135
        },
        "Polygon": [
          {
            "X": 0.6370909810066223,
            "Y": 0.47831955552101135
          },
          {
            "X": 0.661867082118988,
            "Y": 0.47895172238349915
          },
          {
            "X": 0.6619853973388672,
            "Y": 0.48593467473983765
          },
          {
            "X": 0.6372085809707642,
            "Y": 0.4853249788284302
          }
        ]
      },
      "Id": "fb815815-4ad3-444e-85ce-2d29bf44fa46",
      "Relationships": [
        {
          "Type": "CHILD",
          "Ids": [
            "c03f1304-e442-44c7-9f55-ec16a027d840"
          ]
        }
      ],
      "Page": 1
    },
    {
      "BlockType": "LINE",
      "Confidence": 83.49767303466797,
      "Text": "0.78",
      "Geometry": {
        "BoundingBox": {
          "Width": 0.024892911314964294,
          "Height": 0.007736151572316885,
          "Left": 0.7452238202095032,
          "Top": 0.4805065095424652
        },
        "Polygon": [
          {
            "X": 0.7452238202095032,
            "Y": 0.4805065095424652
          },
          {
            "X": 0.7699916958808899,
            "Y": 0.4811403453350067
          },
          {
            "X": 0.7701167464256287,
            "Y": 0.48824265599250793
          },
          {
            "X": 0.7453482151031494,
            "Y": 0.48763200640678406
          }
        ]
      },
      "Id": "2c51f129-4c96-481a-b016-054bba26364a",
      "Relationships": [
        {
          "Type": "CHILD",
          "Ids": [
            "64b8dae7-952a-4f9b-8eec-41b9a7cd628f"
          ]
        }
      ],
      "Page": 1
    },
    {
      "BlockType": "LINE",
      "Confidence": 97.37205505371094,
      "Text": "97.26%",
      "Geometry": {
        "BoundingBox": {
          "Width": 0.06951256841421127,
          "Height": 0.014717158861458302,
          "Left": 0.34799304604530334,
          "Top": 0.49134233593940735
        },
        "Polygon": [
          {
            "X": 0.34799304604530334,
            "Y": 0.49134233593940735
          },
          {
            "X": 0.41730308532714844,
            "Y": 0.49293407797813416
          },
          {
            "X": 0.4175056219100952,
            "Y": 0.5060595273971558
          },
          {
            "X": 0.3481917083263397,
            "Y": 0.504582405090332
          }
        ]
      },
      "Id": "a138655c-b562-441a-aa74-d956bc26643f",
      "Relationships": [
        {
          "Type": "CHILD",
          "Ids": [
            "cc8e80e4-ab51-4f12-9bd2-cdc118c4e219"
          ]
        }
      ],
      "Page": 1
    },
    {
      "BlockType": "LINE",
      "Confidence": 99.90782165527344,
      "Text": "190",
      "Geometry": {
        "BoundingBox": {
          "Width": 0.037294331938028336,
          "Height": 0.013946060091257095,
          "Left": 0.4821900427341461,
          "Top": 0.49404746294021606
        },
        "Polygon": [
          {
            "X": 0.4821900427341461,
            "Y": 0.49404746294021606
          },
          {
            "X": 0.519274115562439,
            "Y": 0.4949009120464325
          },
          {
            "X": 0.5194844007492065,
            "Y": 0.5079935193061829
          },
          {
            "X": 0.48239830136299133,
            "Y": 0.5072020888328552
          }
        ]
      },
      "Id": "f6699367-ca19-4dbf-8ed2-981776ceaaf8",
      "Relationships": [
        {
          "Type": "CHILD",
          "Ids": [
            "e295d0e7-43ef-4a57-be8d-f235108b240e"
          ]
        }
      ],
      "Page": 1
    },
    {
      "BlockType": "LINE",
      "Confidence": 99.7931137084961,
      "Text": "96",
      "Geometry": {
        "BoundingBox": {
          "Width": 0.0124330660328269,
          "Height": 0.006980812177062035,
          "Left": 0.6481466889381409,
          "Top": 0.5215581655502319
        },
        "Polygon": [
          {
            "X": 0.6481466889381409,
            "Y": 0.5215581655502319
          },
          {
            "X": 0.6604657769203186,
            "Y": 0.5218037366867065
          },
          {
            "X": 0.6605798006057739,
            "Y": 0.5285389423370361
          },
          {
            "X": 0.6482604146003723,
            "Y": 0.5283041596412659
          }
        ]
      },
      "Id": "c5c7ffe2-95bb-4d1a-881e-8378627a3b83",
      "Relationships": [
        {
          "Type": "CHILD",
          "Ids": [
            "de11bd43-de24-434b-9668-ff31ee8c4a34"
          ]
        }
      ],
      "Page": 1
    },
    {
      "BlockType": "WORD",
      "Confidence": 98.00479125976562,
      "Text": "Monitoramento",
      "TextType": "PRINTED",
      "Geometry": {
        "BoundingBox": {
          "Width": 0.14531752467155457,
          "Height": 0.018885988742113113,
          "Left": 0.30578893423080444,
          "Top": 0.32645779848098755
        },
        "Polygon": [
          {
            "X": 0.30578893423080444,
            "Y": 0.32645779848098755
          },
          {
            "X": 0.450909286737442,
            "Y": 0.33274903893470764
          },
          {
            "X": 0.451106458902359,
            "Y": 0.34534379839897156
          },
          {
            "X": 0.3059782087802887,
            "Y": 0.3392835557460785
          }
        ]
      },
      "Id": "6b689d83-7f60-465a-95b6-51a31321f687",
      "Page": 1
    },
    {
      "BlockType": "WORD",
      "Confidence": 99.6570816040039,
      "Text": "Monitore",
      "TextType": "PRINTED",
      "Geometry": {
        "BoundingBox": {
          "Width": 0.044638656079769135,
          "Height": 0.008688889443874359,
          "Left": 0.31235188245773315,
          "Top": 0.34777340292930603
        },
        "Polygon": [
          {
            "X": 0.31235188245773315,
            "Y": 0.34777340292930603
          },
          {
            "X": 0.35688692331314087,
            "Y": 0.34958750009536743
          },
          {
            "X": 0.3569905459880829,
            "Y": 0.356462299823761
          },
          {
            "X": 0.3124541640281677,
            "Y": 0.354686439037323
          }
        ]
      },
      "Id": "8f353dfb-64e2-44d5-ba7c-b2d6d4237dfa",
      "Page": 1
    },
    {
      "BlockType": "WORD",
      "Confidence": 99.81456756591797,
      "Text": "a",
      "TextType": "PRINTED",
      "Geometry": {
        "BoundingBox": {
          "Width": 0.005582218524068594,
          "Height": 0.005370920989662409,
          "Left": 0.3604128658771515,
          "Top": 0.3515535593032837
        },
        "Polygon": [
          {
            "X": 0.3604128658771515,
            "Y": 0.3515535593032837
          },
          {
            "X": 0.3659172058105469,
            "Y": 0.3517765402793884
          },
          {
            "X": 0.3659950792789459,
            "Y": 0.35692450404167175
          },
          {
            "X": 0.360490620136261,
            "Y": 0.35670506954193115
          }
        ]
      },
      "Id": "c3df4bc1-6bb9-44a9-bc75-ea182fb1e7b4",
      "Page": 1
    },
    {
      "BlockType": "WORD",
      "Confidence": 99.91663360595703,
      "Text": "taxa",
      "TextType": "PRINTED",
      "Geometry": {
        "BoundingBox": {
          "Width": 0.02069443091750145,
          "Height": 0.006922796834260225,
          "Left": 0.3688967227935791,
          "Top": 0.35133302211761475
        },
        "Polygon": [
          {
            "X": 0.3688967227935791,
            "Y": 0.35133302211761475
          },
          {
            "X": 0.38949820399284363,
            "Y": 0.3521689474582672
          },
          {
            "X": 0.38959115743637085,
            "Y": 0.3582558035850525
          },
          {
            "X": 0.36898916959762573,
            "Y": 0.3574356138706207
          }
        ]
      },
      "Id": "6245c15f-5627-4b6b-b0d8-3e10ebe6f907",
      "Page": 1
    },
    {
      "BlockType": "WORD",
      "Confidence": 99.79780578613281,
      "Text": "de",
      "TextType": "PRINTED",
      "Geometry": {
        "BoundingBox": {
          "Width": 0.011701662093400955,
          "Height": 0.006920603569597006,
          "Left": 0.3928382992744446,
          "Top": 0.3519756495952606
        },
        "Polygon": [
          {
            "X": 0.3928382992744446,
            "Y": 0.3519756495952606
          },
          {
            "X": 0.40444085001945496,
            "Y": 0.35244694352149963
          },
          {
            "X": 0.40453994274139404,
            "Y": 0.35889625549316406
          },
          {
            "X": 0.3929370641708374,
            "Y": 0.35843440890312195
          }
        ]
      },
      "Id": "f19ee7f9-2fde-4d8d-a1fd-fa2aed759002",
      "Page": 1
    },
    {
      "BlockType": "WORD",
      "Confidence": 87.96009826660156,
      "Text": "transferência,",
      "TextType": "PRINTED",
      "Geometry": {
        "BoundingBox": {
          "Width": 0.06434426456689835,
          "Height": 0.010419676080346107,
          "Left": 0.4078750014305115,
          "Top": 0.3528684675693512
        },
        "Polygon": [
          {
            "X": 0.4078750014305115,
            "Y": 0.3528684675693512
          },
          {
            "X": 0.47209593653678894,
            "Y": 0.35547471046447754
          },
          {
            "X": 0.4722192585468292,
            "Y": 0.36328813433647156
          },
          {
            "X": 0.40799620747566223,
            "Y": 0.36074548959732056
          }
        ]
      },
      "Id": "8575a23d-118f-4a0b-ae97-0dc7d00e295d",
      "Page": 1
    },
    {
      "BlockType": "WORD",
      "Confidence": 99.93513488769531,
      "Text": "a",
      "TextType": "PRINTED",
      "Geometry": {
        "BoundingBox": {
          "Width": 0.0052927336655557156,
          "Height": 0.005006236024200916,
          "Left": 0.47541454434394836,
          "Top": 0.3578852117061615
        },
        "Polygon": [
          {
            "X": 0.47541454434394836,
            "Y": 0.3578852117061615
          },
          {
            "X": 0.48063135147094727,
            "Y": 0.3580954074859619
          },
          {
            "X": 0.4807072877883911,
            "Y": 0.36289143562316895
          },
          {
            "X": 0.47549039125442505,
            "Y": 0.3626843988895416
          }
        ]
      },
      "Id": "15084470-4d86-4b1e-8376-61ce7a078595",
      "Page": 1
    },
    {
      "BlockType": "WORD",
      "Confidence": 97.24710845947266,
      "Text": "latência",
      "TextType": "PRINTED",
      "Geometry": {
        "BoundingBox": {
          "Width": 0.036292899399995804,
          "Height": 0.008035305887460709,
          "Left": 0.48376891016960144,
          "Top": 0.3566620349884033
        },
        "Polygon": [
          {
            "X": 0.48376891016960144,
            "Y": 0.3566620349884033
          },
          {
            "X": 0.5199561715126038,
            "Y": 0.35812729597091675
          },
          {
            "X": 0.5200617909431458,
            "Y": 0.36469733715057373
          },
          {
            "X": 0.48387354612350464,
            "Y": 0.3632623553276062
          }
        ]
      },
      "Id": "85da4ebb-7c04-40ba-ac0d-c472aca525e1",
      "Page": 1
    },
    {
      "BlockType": "WORD",
      "Confidence": 99.81893920898438,
      "Text": "e",
      "TextType": "PRINTED",
      "Geometry": {
        "BoundingBox": {
          "Width": 0.005674521904438734,
          "Height": 0.004951461683958769,
          "Left": 0.5226306915283203,
          "Top": 0.3601272702217102
        },
        "Polygon": [
          {
            "X": 0.5226306915283203,
            "Y": 0.3601272702217102
          },
          {
            "X": 0.5282289981842041,
            "Y": 0.3603525757789612
          },
          {
            "X": 0.5283052325248718,
            "Y": 0.36507871747016907
          },
          {
            "X": 0.5227068066596985,
            "Y": 0.3648567795753479
          }
        ]
      },
      "Id": "e6cdc2c5-217a-434f-a467-074343e27ee6",
      "Page": 1
    },
    {
      "BlockType": "WORD",
      "Confidence": 99.9723892211914,
      "Text": "as",
      "TextType": "PRINTED",
      "Geometry": {
        "BoundingBox": {
          "Width": 0.01017458550632,
          "Height": 0.00534445233643055,
          "Left": 0.5312122702598572,
          "Top": 0.36033281683921814
        },
        "Polygon": [
          {
            "X": 0.5312122702598572,
            "Y": 0.36033281683921814
          },
          {
            "X": 0.5413067936897278,
            "Y": 0.3607392907142639
          },
          {
            "X": 0.5413868427276611,
            "Y": 0.36567726731300354
          },
          {
            "X": 0.5312921404838562,
            "Y": 0.36527714133262634
          }
        ]
      },
      "Id": "91549c5f-1d70-43f2-94de-7a00547aba9e",
      "Page": 1
    },
    {
      "BlockType": "WORD",
      "Confidence": 92.81385803222656,
      "Text": "tendências",
      "TextType": "PRINTED",
      "Geometry": {
        "BoundingBox": {
          "Width": 0.049223002046346664,
          "Height": 0.008737013675272465,
          "Left": 0.5442653298377991,
          "Top": 0.35945752263069153
        },
        "Polygon": [
          {
            "X": 0.5442653298377991,
            "Y": 0.35945752263069153
          },
          {
            "X": 0.5933767557144165,
            "Y": 0.36144396662712097
          },
          {
            "X": 0.593488335609436,
            "Y": 0.3681945502758026
          },
          {
            "X": 0.5443755984306335,
            "Y": 0.36625081300735474
          }
        ]
      },
      "Id": "29d561b6-f7dd-44f2-8a14-8b36c71ae79a",
      "Page": 1
    },
    {
      "BlockType": "WORD",
      "Confidence": 99.80033874511719,
      "Text": "de",
      "TextType": "PRINTED",
      "Geometry": {
        "BoundingBox": {
          "Width": 0.01092915702611208,
          "Height": 0.006833771709352732,
          "Left": 0.5961833000183105,
          "Top": 0.3617844879627228
        },
        "Polygon": [
          {
            "X": 0.5961833000183105,
            "Y": 0.3617844879627228
          },
          {
            "X": 0.6070061922073364,
            "Y": 0.36222192645072937
          },
          {
            "X": 0.607112467288971,
            "Y": 0.3686182498931885
          },
          {
            "X": 0.596289336681366,
            "Y": 0.3681897521018982
          }
        ]
      },
      "Id": "f5934454-a75d-4ba2-a8ba-2c65956595dd",
      "Page": 1
    },
    {
      "BlockType": "WORD",
      "Confidence": 96.89317321777344,
      "Text": "uso",
      "TextType": "PRINTED",
      "Geometry": {
        "BoundingBox": {
          "Width": 0.016215315088629723,
          "Height": 0.005639271344989538,
          "Left": 0.6095444560050964,
          "Top": 0.36363351345062256
        },
        "Polygon": [
          {
            "X": 0.6095444560050964,
            "Y": 0.36363351345062256
          },
          {
            "X": 0.6256762742996216,
            "Y": 0.3642827868461609
          },
          {
            "X": 0.6257597804069519,
            "Y": 0.36927276849746704
          },
          {
            "X": 0.6096276044845581,
            "Y": 0.368633896112442
          }
        ]
      },
      "Id": "46c7faeb-860a-45f6-a750-204cde1fab2b",
      "Page": 1
    },
    {
      "BlockType": "WORD",
      "Confidence": 99.55118560791016,
      "Text": "de",
      "TextType": "PRINTED",
      "Geometry": {
        "BoundingBox": {
          "Width": 0.010564320720732212,
          "Height": 0.0068709938786923885,
          "Left": 0.6282212138175964,
          "Top": 0.36317577958106995
        },
        "Polygon": [
          {
            "X": 0.6282212138175964,
            "Y": 0.36317577958106995
          },
          {
            "X": 0.6386771202087402,
            "Y": 0.3635982573032379
          },
          {
            "X": 0.6387855410575867,
            "Y": 0.3700467646121979
          },
          {
            "X": 0.6283293962478638,
            "Y": 0.3696330189704895
          }
        ]
      },
      "Id": "ceedfa6c-4b08-4f26-be6a-f184356cfdf6",
      "Page": 1
    },
    {
      "BlockType": "WORD",
      "Confidence": 99.78252410888672,
      "Text": "tokens",
      "TextType": "PRINTED",
      "Geometry": {
        "BoundingBox": {
          "Width": 0.02915406972169876,
          "Height": 0.007514251861721277,
          "Left": 0.641374945640564,
          "Top": 0.3638807535171509
        },
        "Polygon": [
          {
            "X": 0.641374945640564,
            "Y": 0.3638807535171509
          },
          {
            "X": 0.6704211831092834,
            "Y": 0.3650537431240082
          },
          {
            "X": 0.6705290079116821,
            "Y": 0.3713950216770172
          },
          {
            "X": 0.6414820551872253,
            "Y": 0.3702459931373596
          }
        ]
      },
      "Id": "3cbe74fc-75d2-44c2-a5b4-826f6de56153",
      "Page": 1
    },
    {
      "BlockType": "WORD",
      "Confidence": 99.79042053222656,
      "Text": "para",
      "TextType": "PRINTED",
      "Geometry": {
        "BoundingBox": {
          "Width": 0.019031673669815063,
          "Height": 0.0066975499503314495,
          "Left": 0.6733612418174744,
          "Top": 0.36669230461120605
        },
        "Polygon": [
          {
            "X": 0.6733612418174744,
            "Y": 0.36669230461120605
          },
          {
            "X": 0.6922911405563354,
            "Y": 0.367453008890152
          },
          {
            "X": 0.6923929452896118,
            "Y": 0.3733898401260376
          },
          {
            "X": 0.6734625697135925,
            "Y": 0.3726437985897064
          }
        ]
      },
      "Id": "5a5d5ad6-858f-4acf-a8ca-15816ab3408a",
      "Page": 1
    },
    {
      "BlockType": "WORD",
      "Confidence": 99.78801727294922,
      "Text": "todos",
      "TextType": "PRINTED",
      "Geometry": {
        "BoundingBox": {
          "Width": 0.024033768102526665,
          "Height": 0.006809202488511801,
          "Left": 0.6952762603759766,
          "Top": 0.36663487553596497
        },
        "Polygon": [
          {
            "X": 0.6952762603759766,
            "Y": 0.36663487553596497
          },
          {
            "X": 0.719208836555481,
            "Y": 0.3675995469093323
          },
          {
            "X": 0.7193099856376648,
            "Y": 0.3734440803527832
          },
          {
            "X": 0.6953768730163574,
            "Y": 0.3724977374076843
          }
        ]
      },
      "Id": "0db623a9-6ed7-4f4f-bf78-60d476a19613",
      "Page": 1
    },
    {
      "BlockType": "WORD",
      "Confidence": 92.63114929199219,
      "Text": "os",
      "TextType": "PRINTED",
      "Geometry": {
        "BoundingBox": {
          "Width": 0.010317577980458736,
          "Height": 0.005288984160870314,
          "Left": 0.7219944596290588,
          "Top": 0.36866697669029236
        },
        "Polygon": [
          {
            "X": 0.7219944596290588,
            "Y": 0.36866697669029236
          },
          {
            "X": 0.7322272062301636,
            "Y": 0.369078129529953
          },
          {
            "X": 0.732312023639679,
            "Y": 0.37395596504211426
          },
          {
            "X": 0.7220790982246399,
            "Y": 0.37355130910873413
          }
        ]
      },
      "Id": "df8b1a91-c77d-45b5-87ec-793f809311e8",
      "Page": 1
    },
    {
      "BlockType": "WORD",
      "Confidence": 99.64656829833984,
      "Text": "seus",
      "TextType": "PRINTED",
      "Geometry": {
        "BoundingBox": {
          "Width": 0.019682075828313828,
          "Height": 0.005745314992964268,
          "Left": 0.7350252270698547,
          "Top": 0.3692615330219269
        },
        "Polygon": [
          {
            "X": 0.7350252270698547,
            "Y": 0.3692615330219269
          },
          {
            "X": 0.754620373249054,
            "Y": 0.37004873156547546
          },
          {
            "X": 0.7547072768211365,
            "Y": 0.3750068247318268
          },
          {
            "X": 0.7351117730140686,
            "Y": 0.3742324113845825
          }
        ]
      },
      "Id": "c8f86475-fa92-48db-81a8-748edf396fd6",
      "Page": 1
    },
    {
      "BlockType": "WORD",
      "Confidence": 98.95875549316406,
      "Text": "aplicativos",
      "TextType": "PRINTED",
      "Geometry": {
        "BoundingBox": {
          "Width": 0.05396899953484535,
          "Height": 0.010051606222987175,
          "Left": 0.3118053376674652,
          "Top": 0.3569970726966858
        },
        "Polygon": [
          {
            "X": 0.3118053376674652,
            "Y": 0.3569970726966858
          },
          {
            "X": 0.3656545579433441,
            "Y": 0.35912859439849854
          },
          {
            "X": 0.36577433347702026,
            "Y": 0.3670486807823181
          },
          {
            "X": 0.3119232952594757,
            "Y": 0.36497047543525696
          }
        ]
      },
      "Id": "ed9565bb-5d0c-4361-880c-76a8c94a02b0",
      "Page": 1
    },
    {
      "BlockType": "WORD",
      "Confidence": 67.06151580810547,
      "Text": "LLM.",
      "TextType": "PRINTED",
      "Geometry": {
        "BoundingBox": {
          "Width": 0.023232096806168556,
          "Height": 0.00737000722438097,
          "Left": 0.3688889741897583,
          "Top": 0.3600454330444336
        },
        "Polygon": [
          {
            "X": 0.3688889741897583,
            "Y": 0.3600454330444336
          },
          {
            "X": 0.39202234148979187,
            "Y": 0.36095884442329407
          },
          {
            "X": 0.3921210467815399,
            "Y": 0.3674154281616211
          },
          {
            "X": 0.3689870238304138,
            "Y": 0.3665207624435425
          }
        ]
      },
      "Id": "bfd9235e-d64f-4a16-900c-5bc549cbe951",
      "Page": 1
    },
    {
      "BlockType": "WORD",
      "Confidence": 99.38556671142578,
      "Text": "aws",
      "TextType": "PRINTED",
      "Geometry": {
        "BoundingBox": {
          "Width": 0.08500121533870697,
          "Height": 0.02697008103132248,
          "Left": 0.8606888651847839,
          "Top": 0.40243640542030334
        },
        "Polygon": [
          {
            "X": 0.8606888651847839,
            "Y": 0.40243640542030334
          },
          {
            "X": 0.945243239402771,
            "Y": 0.40551549196243286
          },
          {
            "X": 0.9456900358200073,
            "Y": 0.4294064939022064
          },
          {
            "X": 0.8611281514167786,
            "Y": 0.42659991979599
          }
        ]
      },
      "Id": "1576bb6b-3593-4ffa-aada-7487f0fd423f",
      "Page": 1
    },
    {
      "BlockType": "WORD",
      "Confidence": 97.07133483886719,
      "Text": "aws",
      "TextType": "PRINTED",
      "Geometry": {
        "BoundingBox": {
          "Width": 0.15737663209438324,
          "Height": 0.046060070395469666,
          "Left": 0,
          "Top": 0.3947094976902008
        },
        "Polygon": [
          {
            "X": 0,
            "Y": 0.3947094976902008
          },
          {
            "X": 0.15681372582912445,
            "Y": 0.40007081627845764
          },
          {
            "X": 0.15737663209438324,
            "Y": 0.4407695531845093
          },
          {
            "X": 0,
            "Y": 0.43620064854621887
          }
        ]
      },
      "Id": "2a866636-5d73-4e72-a389-2bfa65529a34",
      "Page": 1
    },
    {
      "BlockType": "WORD",
      "Confidence": 81.76559448242188,
      "Text": "26.06",
      "TextType": "PRINTED",
      "Geometry": {
        "BoundingBox": {
          "Width": 0.042042940855026245,
          "Height": 0.01023886539041996,
          "Left": 0.4505319595336914,
          "Top": 0.43305307626724243
        },
        "Polygon": [
          {
            "X": 0.4505319595336914,
            "Y": 0.43305307626724243
          },
          {
            "X": 0.49243250489234924,
            "Y": 0.43433716893196106
          },
          {
            "X": 0.49257490038871765,
            "Y": 0.44329193234443665
          },
          {
            "X": 0.45067280530929565,
            "Y": 0.4420555531978607
          }
        ]
      },
      "Id": "54eb64d6-ab60-4f58-aa65-7d277a047bae",
      "Page": 1
    },
    {
      "BlockType": "WORD",
      "Confidence": 98.45308685302734,
      "Text": "tokens/sec",
      "TextType": "PRINTED",
      "Geometry": {
        "BoundingBox": {
          "Width": 0.04479572921991348,
          "Height": 0.00691442284733057,
          "Left": 0.4484662115573883,
          "Top": 0.4444195032119751
        },
        "Polygon": [
          {
            "X": 0.4484662115573883,
            "Y": 0.4444195032119751
          },
          {
            "X": 0.4931727349758148,
            "Y": 0.44572487473487854
          },
          {
            "X": 0.4932619333267212,
            "Y": 0.4513339102268219
          },
          {
            "X": 0.4485543668270111,
            "Y": 0.4500604271888733
          }
        ]
      },
      "Id": "22d989df-ceb6-44bc-87f2-787724420495",
      "Page": 1
    },
    {
      "BlockType": "WORD",
      "Confidence": 69.9477310180664,
      "Text": "51.36c",
      "TextType": "PRINTED",
      "Geometry": {
        "BoundingBox": {
          "Width": 0.046527910977602005,
          "Height": 0.010107243433594704,
          "Left": 0.33026400208473206,
          "Top": 0.45530596375465393
        },
        "Polygon": [
          {
            "X": 0.33026400208473206,
            "Y": 0.45530596375465393
          },
          {
            "X": 0.37665775418281555,
            "Y": 0.4565776288509369
          },
          {
            "X": 0.37679192423820496,
            "Y": 0.4654132127761841
          },
          {
            "X": 0.3303964138031006,
            "Y": 0.4641929268836975
          }
        ]
      },
      "Id": "6f99b5d2-d0e4-427f-84ea-6c706dc093c9",
      "Page": 1
    },
    {
      "BlockType": "WORD",
      "Confidence": 99.69439697265625,
      "Text": "713",
      "TextType": "PRINTED",
      "Geometry": {
        "BoundingBox": {
          "Width": 0.03928355872631073,
          "Height": 0.014173274859786034,
          "Left": 0.3939807415008545,
          "Top": 0.45004570484161377
        },
        "Polygon": [
          {
            "X": 0.3939807415008545,
            "Y": 0.45004570484161377
          },
          {
            "X": 0.4330613315105438,
            "Y": 0.4511513411998749
          },
          {
            "X": 0.4332643151283264,
            "Y": 0.46421897411346436
          },
          {
            "X": 0.3941815495491028,
            "Y": 0.46317780017852783
          }
        ]
      },
      "Id": "fc2e5d16-4843-4565-9a6e-3abe8f8f644f",
      "Page": 1
    },
    {
      "BlockType": "WORD",
      "Confidence": 99.91907501220703,
      "Text": "traces",
      "TextType": "PRINTED",
      "Geometry": {
        "BoundingBox": {
          "Width": 0.033105749636888504,
          "Height": 0.007346196100115776,
          "Left": 0.3971244692802429,
          "Top": 0.4671443700790405
        },
        "Polygon": [
          {
            "X": 0.3971244692802429,
            "Y": 0.4671443700790405
          },
          {
            "X": 0.43012964725494385,
            "Y": 0.46800750494003296
          },
          {
            "X": 0.43023020029067993,
            "Y": 0.47449055314064026
          },
          {
            "X": 0.3972241282463074,
            "Y": 0.4736544191837311
          }
        ]
      },
      "Id": "d994eefd-11d7-4c2b-aa20-72e184d39dd2",
      "Page": 1
    },
    {
      "BlockType": "WORD",
      "Confidence": 85.88091278076172,
      "Text": "0.39",
      "TextType": "PRINTED",
      "Geometry": {
        "BoundingBox": {
          "Width": 0.02489444799721241,
          "Height": 0.007615121081471443,
          "Left": 0.6370909810066223,
          "Top": 0.47831955552101135
        },
        "Polygon": [
          {
            "X": 0.6370909810066223,
            "Y": 0.47831955552101135
          },
          {
            "X": 0.661867082118988,
            "Y": 0.47895172238349915
          },
          {
            "X": 0.6619853973388672,
            "Y": 0.48593467473983765
          },
          {
            "X": 0.6372085809707642,
            "Y": 0.4853249788284302
          }
        ]
      },
      "Id": "c03f1304-e442-44c7-9f55-ec16a027d840",
      "Page": 1
    },
    {
      "BlockType": "WORD",
      "Confidence": 83.49767303466797,
      "Text": "0.78",
      "TextType": "PRINTED",
      "Geometry": {
        "BoundingBox": {
          "Width": 0.024892911314964294,
          "Height": 0.007736151572316885,
          "Left": 0.7452238202095032,
          "Top": 0.4805065095424652
        },
        "Polygon": [
          {
            "X": 0.7452238202095032,
            "Y": 0.4805065095424652
          },
          {
            "X": 0.7699916958808899,
            "Y": 0.4811403453350067
          },
          {
            "X": 0.7701167464256287,
            "Y": 0.48824265599250793
          },
          {
            "X": 0.7453482151031494,
            "Y": 0.48763200640678406
          }
        ]
      },
      "Id": "64b8dae7-952a-4f9b-8eec-41b9a7cd628f",
      "Page": 1
    },
    {
      "BlockType": "WORD",
      "Confidence": 97.37205505371094,
      "Text": "97.26%",
      "TextType": "PRINTED",
      "Geometry": {
        "BoundingBox": {
          "Width": 0.06951256841421127,
          "Height": 0.014717158861458302,
          "Left": 0.34799304604530334,
          "Top": 0.49134233593940735
        },
        "Polygon": [
          {
            "X": 0.34799304604530334,
            "Y": 0.49134233593940735
          },
          {
            "X": 0.41730308532714844,
            "Y": 0.49293407797813416
          },
          {
            "X": 0.4175056219100952,
            "Y": 0.5060595273971558
          },
          {
            "X": 0.3481917083263397,
            "Y": 0.504582405090332
          }
        ]
      },
      "Id": "cc8e80e4-ab51-4f12-9bd2-cdc118c4e219",
      "Page": 1
    },
    {
      "BlockType": "WORD",
      "Confidence": 99.90782165527344,
      "Text": "190",
      "TextType": "PRINTED",
      "Geometry": {
        "BoundingBox": {
          "Width": 0.037294331938028336,
          "Height": 0.013946060091257095,
          "Left": 0.4821900427341461,
          "Top": 0.49404746294021606
        },
        "Polygon": [
          {
            "X": 0.4821900427341461,
            "Y": 0.49404746294021606
          },
          {
            "X": 0.519274115562439,
            "Y": 0.4949009120464325
          },
          {
            "X": 0.5194844007492065,
            "Y": 0.5079935193061829
          },
          {
            "X": 0.48239830136299133,
            "Y": 0.5072020888328552
          }
        ]
      },
      "Id": "e295d0e7-43ef-4a57-be8d-f235108b240e",
      "Page": 1
    },
    {
      "BlockType": "WORD",
      "Confidence": 99.7931137084961,
      "Text": "96",
      "TextType": "PRINTED",
      "Geometry": {
        "BoundingBox": {
          "Width": 0.0124330660328269,
          "Height": 0.006980812177062035,
          "Left": 0.6481466889381409,
          "Top": 0.5215581655502319
        },
        "Polygon": [
          {
            "X": 0.6481466889381409,
            "Y": 0.5215581655502319
          },
          {
            "X": 0.6604657769203186,
            "Y": 0.5218037366867065
          },
          {
            "X": 0.6605798006057739,
            "Y": 0.5285389423370361
          },
          {
            "X": 0.6482604146003723,
            "Y": 0.5283041596412659
          }
        ]
      },
      "Id": "de11bd43-de24-434b-9668-ff31ee8c4a34",
      "Page": 1
    }
  ],
  "DetectDocumentTextModelVersion": "1.0"
}