{
  "DocumentMetadata": {
    "Pages": 1
  },
  "JobStatus": "SUCCEEDED",
  "Blocks": [
    {
      "BlockType": "PAGE",
      "Geometry": {
        "BoundingBox": {
          "Width": 1,
          "Height": 1,
          "Left": 0,
          "Top": 0
        },
        "Polygon": [
          {
            "X": 0,
            "Y": 0
          },
          {
            "X": 1,
            "Y": 0.00003909665610990487
          },
          {
            "X": 1,
            "Y": 1
          },
          {
            "X": 0.00021653278963640332,
            "Y": 1
          }
        ]
      },
      "Id": "363389fb-e274-4b2d-b2b1-d4c735c53755",
      "Relationships": [
        {
          "Type": "CHILD",
          "Ids": [
            "7278d362-0d8c-4111-a5ac-68161b358cb4",
            "0a541b70-a231-46ca-b0b0-9d8a9bd0080a",
            "943adb00-e2f5-4e06-b8db-ffc064d04942",
            "8444f599-ef10-48c7-82e7-cc81350bfdc0",
            "ef7add25-b97b-44c0-a2ea-c11526d8490d",
            "42e4417e-19f1-48d5-8503-b3ef14b6acce",
            "e3515875-b706-40c5-82c9-5f5ac6139fca",
            "c830e367-5517-4ad2-ae27-64d4921c74a7",
            "82beda2c-9fa0-4542-8b82-cf4a8866c432",
            "bfe060a6-8a5f-4441-ad81-40022171dabc",
            "d152ba03-79f7-4ccb-b5ee-b1968a242804",
            "7c4cd25e-a60d-4a06-a27f-18a7efa65233",
            "ec9e6f3a-1b1c-4dd3-b639-a5c3ea7d3eaf",
            "3cdedd85-2b91-44a5-9cec-101eff13e75e",
            "715add48-836e-47ea-b852-c7b0777b2ea6",
            "782c2e70-fe63-4bba-904c-1a1ba95e1c06",
            "7f26ca93-e282-494b-ac8e-d0b342328f8d",
            "0c5826c0-f46f-474c-a22d-f3b59c0ec3cf",
            "8866ad1c-5e6f-4ea9-9f2f-e2593488374d",
            "2621df85-b767-4ef8-aca9-e6abbaddc954",
            "b332dc86-9d1e-4a39-9c6c-3a4680af3e72",
            "01816a53-b5f2-4a6e-8932-571a2f02681b"
          ]
        }
      ],
      "Page": 1
    },
    {
      "BlockType": "LINE",
      "Confidence": 88.36711883544922,
      "Text": "Cumpra os requisitos legais",
      "Geometry": {
        "BoundingBox": {
          "Width": 0.12513117492198944,
          "Height": 0.011276519857347012,
          "Left": 0.38335874676704407,
          "Top": 0.3616207242012024
        },
        "Polygon": [
          {
            "X": 0.38335874676704407,
            "Y": 0.3616207242012024
          },
          {
            "X": 0.5084233283996582,
            "Y": 0.3635348379611969
          },
          {
            "X": 0.5084899067878723,
            "Y": 0.3728972375392914
          },
          {
            "X": 0.38342759013175964,
            "Y": 0.37105903029441833
          }
        ]
      },
      "Id": "7278d362-0d8c-4111-a5ac-68161b358cb4",
      "Relationships": [
        {
          "Type": "CHILD",
          "Ids": [
            "84304a43-10df-4103-a552-eac46743cc8e",
            "57bb9e9c-cd39-4ea5-a392-08c7c3c3e0ef",
            "bfcab2da-8df4-4918-8926-30f5755de05b",
            "51d0b58b-1ad2-4b81-bf3c-5ef8b64913fa"
          ]
        }
      ],
      "Page": 1
    },
    {
      "BlockType": "LINE",
      "Confidence": 99.53334045410156,
      "Text": "Proteja propriedade",
      "Geometry": {
        "BoundingBox": {
          "Width": 0.09266643971204758,
          "Height": 0.009363815188407898,
          "Left": 0.6237727403640747,
          "Top": 0.3688795864582062
        },
        "Polygon": [
          {
            "X": 0.6237727403640747,
            "Y": 0.3688795864582062
          },
          {
            "X": 0.7163849472999573,
            "Y": 0.3702753782272339
          },
          {
            "X": 0.7164391875267029,
            "Y": 0.37824341654777527
          },
          {
            "X": 0.6238284111022949,
            "Y": 0.37689611315727234
          }
        ]
      },
      "Id": "0a541b70-a231-46ca-b0b0-9d8a9bd0080a",
      "Relationships": [
        {
          "Type": "CHILD",
          "Ids": [
            "f0508b62-4ddf-45c4-81db-d1e02cb9c816",
            "7625ee6f-f2d2-4f48-a406-72ff0ff95c8e"
          ]
        }
      ],
      "Page": 1
    },
    {
      "BlockType": "LINE",
      "Confidence": 98.83546447753906,
      "Text": "e regulamentares",
      "Geometry": {
        "BoundingBox": {
          "Width": 0.0807047039270401,
          "Height": 0.009035870432853699,
          "Left": 0.428514301776886,
          "Top": 0.3733142912387848
        },
        "Polygon": [
          {
            "X": 0.428514301776886,
            "Y": 0.3733142912387848
          },
          {
            "X": 0.5091631412506104,
            "Y": 0.374491423368454
          },
          {
            "X": 0.5092189908027649,
            "Y": 0.3823501467704773
          },
          {
            "X": 0.4285714030265808,
            "Y": 0.38121408224105835
          }
        ]
      },
      "Id": "943adb00-e2f5-4e06-b8db-ffc064d04942",
      "Relationships": [
        {
          "Type": "CHILD",
          "Ids": [
            "d2130bda-c5e0-4262-8f76-f7281dba1522",
            "d1bb91c3-765f-4b37-8fc3-bef4e3f3db80"
          ]
        }
      ],
      "Page": 1
    },
    {
      "BlockType": "LINE",
      "Confidence": 80.9908218383789,
      "Text": "intelectual",
      "Geometry": {
        "BoundingBox": {
          "Width": 0.04558984562754631,
          "Height": 0.007136157713830471,
          "Left": 0.624484658241272,
          "Top": 0.3782951831817627
        },
        "Polygon": [
          {
            "X": 0.624484658241272,
            "Y": 0.3782951831817627
          },
          {
            "X": 0.6700299382209778,
            "Y": 0.3789536654949188
          },
          {
            "X": 0.670074462890625,
            "Y": 0.38543134927749634
          },
          {
            "X": 0.6245297789573669,
            "Y": 0.3847922086715698
          }
        ]
      },
      "Id": "8444f599-ef10-48c7-82e7-cc81350bfdc0",
      "Relationships": [
        {
          "Type": "CHILD",
          "Ids": [
            "6af629f6-4bb3-4f30-af2f-d6c7f42273dc"
          ]
        }
      ],
      "Page": 1
    },
    {
      "BlockType": "LINE",
      "Confidence": 99.26576232910156,
      "Text": "aws",
      "Geometry": {
        "BoundingBox": {
          "Width": 0.08455880731344223,
          "Height": 0.024929286912083626,
          "Left": 0.8690909743309021,
          "Top": 0.38846004009246826
        },
        "Polygon": [
          {
            "X": 0.8690909743309021,
            "Y": 0.38846004009246826
          },
          {
            "X": 0.9534962177276611,
            "Y": 0.38964322209358215
          },
          {
            "X": 0.9536497592926025,
            "Y": 0.41338932514190674
          },
          {
            "X": 0.8692483305931091,
            "Y": 0.4123398959636688
          }
        ]
      },
      "Id": "ef7add25-b97b-44c0-a2ea-c11526d8490d",
      "Relationships": [
        {
          "Type": "CHILD",
          "Ids": [
            "7d05363b-c7fa-4dc0-80bd-5074a3870c3c"
          ]
        }
      ],
      "Page": 1
    },
    {
      "BlockType": "LINE",
      "Confidence": 99.12622833251953,
      "Text": "aws",
      "Geometry": {
        "BoundingBox": {
          "Width": 0.16270145773887634,
          "Height": 0.042150720953941345,
          "Left": 0.013144029304385185,
          "Top": 0.3918702304363251
        },
        "Polygon": [
          {
            "X": 0.013144029304385185,
            "Y": 0.3918702304363251
          },
          {
            "X": 0.1755414754152298,
            "Y": 0.39398959279060364
          },
          {
            "X": 0.17584548890590668,
            "Y": 0.4340209662914276
          },
          {
            "X": 0.013460683636367321,
            "Y": 0.4323139786720276
          }
        ]
      },
      "Id": "42e4417e-19f1-48d5-8503-b3ef14b6acce",
      "Relationships": [
        {
          "Type": "CHILD",
          "Ids": [
            "8e612853-6c0c-4648-af10-8d6b088d0b8f"
          ]
        }
      ],
      "Page": 1
    },
    {
      "BlockType": "LINE",
      "Confidence": 28.61168670654297,
      "Text": "AT",
      "Geometry": {
        "BoundingBox": {
          "Width": 0.03373725339770317,
          "Height": 0.014399489387869835,
          "Left": 0.3488767147064209,
          "Top": 0.40573784708976746
        },
        "Polygon": [
          {
            "X": 0.3488767147064209,
            "Y": 0.40573784708976746
          },
          {
            "X": 0.38251200318336487,
            "Y": 0.4061563313007355
          },
          {
            "X": 0.38261398673057556,
            "Y": 0.42013731598854065
          },
          {
            "X": 0.3489796221256256,
            "Y": 0.41974905133247375
          }
        ]
      },
      "Id": "e3515875-b706-40c5-82c9-5f5ac6139fca",
      "Relationships": [
        {
          "Type": "CHILD",
          "Ids": [
            "604dcbca-3519-4fab-80bd-f4f1e85df4f2"
          ]
        }
      ],
      "Page": 1
    },
    {
      "BlockType": "LINE",
      "Confidence": 94.46759033203125,
      "Text": "Mitigue viés",
      "Geometry": {
        "BoundingBox": {
          "Width": 0.05612459406256676,
          "Height": 0.009154844097793102,
          "Left": 0.4237251579761505,
          "Top": 0.4136350750923157
        },
        "Polygon": [
          {
            "X": 0.4237251579761505,
            "Y": 0.4136350750923157
          },
          {
            "X": 0.47978904843330383,
            "Y": 0.41430747509002686
          },
          {
            "X": 0.47984975576400757,
            "Y": 0.42278993129730225
          },
          {
            "X": 0.4237867295742035,
            "Y": 0.42214828729629517
          }
        ]
      },
      "Id": "c830e367-5517-4ad2-ae27-64d4921c74a7",
      "Relationships": [
        {
          "Type": "CHILD",
          "Ids": [
            "2c58bbfb-27e5-4907-8523-0a522924cb85",
            "9621dce7-1c25-4dce-8024-94bfcea278c5"
          ]
        }
      ],
      "Page": 1
    },
    {
      "BlockType": "LINE",
      "Confidence": 89.92939758300781,
      "Text": "Gerencie contra o uso",
      "Geometry": {
        "BoundingBox": {
          "Width": 0.0931522399187088,
          "Height": 0.008238916285336018,
          "Left": 0.6576789021492004,
          "Top": 0.41739702224731445
        },
        "Polygon": [
          {
            "X": 0.6576789021492004,
            "Y": 0.41739702224731445
          },
          {
            "X": 0.7507829070091248,
            "Y": 0.418507844209671
          },
          {
            "X": 0.750831127166748,
            "Y": 0.4256359338760376
          },
          {
            "X": 0.657728374004364,
            "Y": 0.4245688319206238
          }
        ]
      },
      "Id": "82beda2c-9fa0-4542-8b82-cf4a8866c432",
      "Relationships": [
        {
          "Type": "CHILD",
          "Ids": [
            "1d354058-04bb-48db-b538-98ca0c0ad515",
            "2a69730e-c56e-480c-9346-d1a4e88923bf",
            "0e9b7499-89c1-4f1b-9ccd-a64936dffbd1",
            "ff79f418-2d05-4969-8003-36323a355d2f"
          ]
        }
      ],
      "Page": 1
    },
    {
      "BlockType": "LINE",
      "Confidence": 99.5055923461914,
      "Text": "DESAFIOS",
      "Geometry": {
        "BoundingBox": {
          "Width": 0.07306014746427536,
          "Height": 0.009499340318143368,
          "Left": 0.5331121683120728,
          "Top": 0.4233807325363159
        },
        "Polygon": [
          {
            "X": 0.5331121683120728,
            "Y": 0.4233807325363159
          },
          {
            "X": 0.6061119437217712,
            "Y": 0.42421630024909973
          },
          {
            "X": 0.6061723232269287,
            "Y": 0.43288007378578186
          },
          {
            "X": 0.5331737995147705,
            "Y": 0.4320857524871826
          }
        ]
      },
      "Id": "bfe060a6-8a5f-4441-ad81-40022171dabc",
      "Relationships": [
        {
          "Type": "CHILD",
          "Ids": [
            "31e9884e-0bde-471d-9933-2a7971204ca2"
          ]
        }
      ],
      "Page": 1
    },
    {
      "BlockType": "LINE",
      "Confidence": 80.05245971679688,
      "Text": "indevido conteúdo",
      "Geometry": {
        "BoundingBox": {
          "Width": 0.08775143325328827,
          "Height": 0.007710243575274944,
          "Left": 0.6582401990890503,
          "Top": 0.4271189868450165
        },
        "Polygon": [
          {
            "X": 0.6582401990890503,
            "Y": 0.4271189868450165
          },
          {
            "X": 0.7459461688995361,
            "Y": 0.42810964584350586
          },
          {
            "X": 0.7459916472434998,
            "Y": 0.4348292350769043
          },
          {
            "X": 0.6582868099212646,
            "Y": 0.4338773488998413
          }
        ]
      },
      "Id": "d152ba03-79f7-4ccb-b5ee-b1968a242804",
      "Relationships": [
        {
          "Type": "CHILD",
          "Ids": [
            "4619319d-7b6f-4e4a-84ed-3bf3c3e475df",
            "08cc0a57-bf8e-456f-8e11-43ebb8a728e4"
          ]
        }
      ],
      "Page": 1
    },
    {
      "BlockType": "LINE",
      "Confidence": 98.01353454589844,
      "Text": "prejudicial",
      "Geometry": {
        "BoundingBox": {
          "Width": 0.04507727921009064,
          "Height": 0.008511997759342194,
          "Left": 0.6592250466346741,
          "Top": 0.4368404448032379
        },
        "Polygon": [
          {
            "X": 0.6592250466346741,
            "Y": 0.4368404448032379
          },
          {
            "X": 0.7042474746704102,
            "Y": 0.43732038140296936
          },
          {
            "X": 0.7043023109436035,
            "Y": 0.4453524649143219
          },
          {
            "X": 0.65928053855896,
            "Y": 0.44489625096321106
          }
        ]
      },
      "Id": "7c4cd25e-a60d-4a06-a27f-18a7efa65233",
      "Relationships": [
        {
          "Type": "CHILD",
          "Ids": [
            "aaeb68d7-e0e5-43fd-bd7b-2e5b0013ec99"
          ]
        }
      ],
      "Page": 1
    },
    {
      "BlockType": "LINE",
      "Confidence": 99.43790435791016,
      "Text": "Atenda às necessidades de",
      "Geometry": {
        "BoundingBox": {
          "Width": 0.12682919204235077,
          "Height": 0.009128784760832787,
          "Left": 0.3597853481769562,
          "Top": 0.44297632575035095
        },
        "Polygon": [
          {
            "X": 0.3597853481769562,
            "Y": 0.44297632575035095
          },
          {
            "X": 0.4865584373474121,
            "Y": 0.4442518651485443
          },
          {
            "X": 0.48661452531814575,
            "Y": 0.4521051347255707
          },
          {
            "X": 0.359843373298645,
            "Y": 0.4508940279483795
          }
        ]
      },
      "Id": "ec9e6f3a-1b1c-4dd3-b639-a5c3ea7d3eaf",
      "Relationships": [
        {
          "Type": "CHILD",
          "Ids": [
            "fc63a521-8d97-4537-a5a2-e0fb0fecee0f",
            "5a7a3ace-5d1b-4c73-81f0-14e2efb2e89d",
            "2fa9c655-e496-4f38-bd56-58b13c41d432",
            "3cfa960d-ee44-4865-bc08-410241a8d50c"
          ]
        }
      ],
      "Page": 1
    },
    {
      "BlockType": "LINE",
      "Confidence": 99.21912384033203,
      "Text": "privacidade e proteção de",
      "Geometry": {
        "BoundingBox": {
          "Width": 0.12285608798265457,
          "Height": 0.009932144545018673,
          "Left": 0.36386778950691223,
          "Top": 0.45344865322113037
        },
        "Polygon": [
          {
            "X": 0.36386778950691223,
            "Y": 0.45344865322113037
          },
          {
            "X": 0.4866611659526825,
            "Y": 0.454601913690567
          },
          {
            "X": 0.4867238700389862,
            "Y": 0.4633807837963104
          },
          {
            "X": 0.3639325797557831,
            "Y": 0.4622972905635834
          }
        ]
      },
      "Id": "3cdedd85-2b91-44a5-9cec-101eff13e75e",
      "Relationships": [
        {
          "Type": "CHILD",
          "Ids": [
            "f34e6a82-4d59-4777-a778-38a332d6e610",
            "df713711-afa1-4366-aa55-46b48972f89e",
            "48e85782-c799-472a-b652-47dce37ca502",
            "7daf4a4e-5025-4458-881b-ac046a69cf69"
          ]
        }
      ],
      "Page": 1
    },
    {
      "BlockType": "LINE",
      "Confidence": 99.83131408691406,
      "Text": "dados",
      "Geometry": {
        "BoundingBox": {
          "Width": 0.028255939483642578,
          "Height": 0.006769901141524315,
          "Left": 0.4589761197566986,
          "Top": 0.46537649631500244
        },
        "Polygon": [
          {
            "X": 0.4589761197566986,
            "Y": 0.46537649631500244
          },
          {
            "X": 0.48718544840812683,
            "Y": 0.46562132239341736
          },
          {
            "X": 0.4872320592403412,
            "Y": 0.4721463918685913
          },
          {
            "X": 0.4590230882167816,
            "Y": 0.4719134569168091
          }
        ]
      },
      "Id": "715add48-836e-47ea-b852-c7b0777b2ea6",
      "Relationships": [
        {
          "Type": "CHILD",
          "Ids": [
            "3e00d8cf-dd05-417a-8144-55a7912343c8"
          ]
        }
      ],
      "Page": 1
    },
    {
      "BlockType": "LINE",
      "Confidence": 99.91121673583984,
      "Text": "Garanta",
      "Geometry": {
        "BoundingBox": {
          "Width": 0.03474097698926926,
          "Height": 0.006897476501762867,
          "Left": 0.63726806640625,
          "Top": 0.468868613243103
        },
        "Polygon": [
          {
            "X": 0.63726806640625,
            "Y": 0.468868613243103
          },
          {
            "X": 0.671963632106781,
            "Y": 0.4691653549671173
          },
          {
            "X": 0.6720090508460999,
            "Y": 0.4757660925388336
          },
          {
            "X": 0.6373138427734375,
            "Y": 0.47548437118530273
          }
        ]
      },
      "Id": "782c2e70-fe63-4bba-904c-1a1ba95e1c06",
      "Relationships": [
        {
          "Type": "CHILD",
          "Ids": [
            "2c922d50-3991-4f6a-ac4b-898f554a762c"
          ]
        }
      ],
      "Page": 1
    },
    {
      "BlockType": "LINE",
      "Confidence": 98.57212829589844,
      "Text": "responsabilidade",
      "Geometry": {
        "BoundingBox": {
          "Width": 0.07539914548397064,
          "Height": 0.008552635088562965,
          "Left": 0.6378175020217896,
          "Top": 0.4785676896572113
        },
        "Polygon": [
          {
            "X": 0.6378175020217896,
            "Y": 0.4785676896572113
          },
          {
            "X": 0.7131624221801758,
            "Y": 0.47916433215141296
          },
          {
            "X": 0.7132166624069214,
            "Y": 0.4871203303337097
          },
          {
            "X": 0.6378728747367859,
            "Y": 0.4865630269050598
          }
        ]
      },
      "Id": "7f26ca93-e282-494b-ac8e-d0b342328f8d",
      "Relationships": [
        {
          "Type": "CHILD",
          "Ids": [
            "0f04b1d1-c950-454a-8650-fa32c66fdc9c"
          ]
        }
      ],
      "Page": 1
    },
    {
      "BlockType": "LINE",
      "Confidence": 90.2343521118164,
      "Text": "e",
      "Geometry": {
        "BoundingBox": {
          "Width": 0.006634046323597431,
          "Height": 0.005161989014595747,
          "Left": 0.713752806186676,
          "Top": 0.4807875156402588
        },
        "Polygon": [
          {
            "X": 0.713752806186676,
            "Y": 0.4807875156402588
          },
          {
            "X": 0.7203521132469177,
            "Y": 0.4808390736579895
          },
          {
            "X": 0.7203868627548218,
            "Y": 0.4859495162963867
          },
          {
            "X": 0.7137876749038696,
            "Y": 0.4859001636505127
          }
        ]
      },
      "Id": "0c5826c0-f46f-474c-a22d-f3b59c0ec3cf",
      "Relationships": [
        {
          "Type": "CHILD",
          "Ids": [
            "b0d35e55-21d9-4323-88dc-013a9ae5db8d"
          ]
        }
      ],
      "Page": 1
    },
    {
      "BlockType": "LINE",
      "Confidence": 97.76416778564453,
      "Text": "transparência",
      "Geometry": {
        "BoundingBox": {
          "Width": 0.05996349826455116,
          "Height": 0.008394311182200909,
          "Left": 0.638420820236206,
          "Top": 0.48846450448036194
        },
        "Polygon": [
          {
            "X": 0.638420820236206,
            "Y": 0.48846450448036194
          },
          {
            "X": 0.6983298659324646,
            "Y": 0.48890021443367004
          },
          {
            "X": 0.6983842849731445,
            "Y": 0.4968588352203369
          },
          {
            "X": 0.6384761333465576,
            "Y": 0.4964544177055359
          }
        ]
      },
      "Id": "8866ad1c-5e6f-4ea9-9f2f-e2593488374d",
      "Relationships": [
        {
          "Type": "CHILD",
          "Ids": [
            "e5bb330c-6d07-45be-bfb2-d14a62c58c7b"
          ]
        }
      ],
      "Page": 1
    },
    {
      "BlockType": "LINE",
      "Confidence": 36.49126434326172,
      "Text": "(O)",
      "Geometry": {
        "BoundingBox": {
          "Width": 0.02703375183045864,
          "Height": 0.0093804020434618,
          "Left": 0.3544391393661499,
          "Top": 0.4909461736679077
        },
        "Polygon": [
          {
            "X": 0.3544391393661499,
            "Y": 0.4909461736679077
          },
          {
            "X": 0.3814058303833008,
            "Y": 0.4911344051361084
          },
          {
            "X": 0.3814729154109955,
            "Y": 0.5003265738487244
          },
          {
            "X": 0.3545067012310028,
            "Y": 0.5001542568206787
          }
        ]
      },
      "Id": "2621df85-b767-4ef8-aca9-e6abbaddc954",
      "Relationships": [
        {
          "Type": "CHILD",
          "Ids": [
            "62b1b3df-312b-442d-b6fe-effd98cbb0e1"
          ]
        }
      ],
      "Page": 1
    },
    {
      "BlockType": "LINE",
      "Confidence": 98.81766510009766,
      "Text": "Entenda sobre alucinações",
      "Geometry": {
        "BoundingBox": {
          "Width": 0.12323559075593948,
          "Height": 0.008909494616091251,
          "Left": 0.42504048347473145,
          "Top": 0.49247244000434875
        },
        "Polygon": [
          {
            "X": 0.42504048347473145,
            "Y": 0.49247244000434875
          },
          {
            "X": 0.5482192039489746,
            "Y": 0.4933241307735443
          },
          {
            "X": 0.5482760667800903,
            "Y": 0.5013819336891174
          },
          {
            "X": 0.4250992238521576,
            "Y": 0.5005947351455688
          }
        ]
      },
      "Id": "b332dc86-9d1e-4a39-9c6c-3a4680af3e72",
      "Relationships": [
        {
          "Type": "CHILD",
          "Ids": [
            "bf7e87db-a8a6-44bc-b031-b7289738b598",
            "9eb0e68c-06d8-4b08-82df-199fb9f7acb6",
            "a4901e7e-d1b3-4f9e-8291-d75e70f3a5c1"
          ]
        }
      ],
      "Page": 1
    },
    {
      "BlockType": "LINE",
      "Confidence": 66.36100769042969,
      "Text": "aws",
      "Geometry": {
        "BoundingBox": {
          "Width": 0.013818163424730301,
          "Height": 0.005227054003626108,
          "Left": 0.307910680770874,
          "Top": 0.5298908948898315
        },
        "Polygon": [
          {
            "X": 0.307910680770874,
            "Y": 0.5298908948898315
          },
          {
            "X": 0.32169070839881897,
            "Y": 0.5299525260925293
          },
          {
            "X": 0.32172882556915283,
            "Y": 0.5351179838180542
          },
          {
            "X": 0.3079489469528198,
            "Y": 0.5350609421730042
          }
        ]
      },
      "Id": "01816a53-b5f2-4a6e-8932-571a2f02681b",
      "Relationships": [
        {
          "Type": "CHILD",
          "Ids": [
            "7912b399-d668-4ca5-887c-abe745a2f171"
          ]
        }
      ],
      "Page": 1
    },
    {
      "BlockType": "WORD",
      "Confidence": 99.54727935791016,
      "Text": "Cumpra",
      "TextType": "PRINTED",
      "Geometry": {
        "BoundingBox": {
          "Width": 0.0364852249622345,
          "Height": 0.008329509757459164,
          "Left": 0.38335874676704407,
          "Top": 0.3616207242012024
        },
        "Polygon": [
          {
            "X": 0.38335874676704407,
            "Y": 0.3616207242012024
          },
          {
            "X": 0.4197877049446106,
            "Y": 0.3621782660484314
          },
          {
            "X": 0.41984397172927856,
            "Y": 0.36995023488998413
          },
          {
            "X": 0.383415549993515,
            "Y": 0.3694109320640564
          }
        ]
      },
      "Id": "84304a43-10df-4103-a552-eac46743cc8e",
      "Page": 1
    },
    {
      "BlockType": "WORD",
      "Confidence": 80.44400787353516,
      "Text": "os",
      "TextType": "PRINTED",
      "Geometry": {
        "BoundingBox": {
          "Width": 0.010251500643789768,
          "Height": 0.005500412546098232,
          "Left": 0.4227904975414276,
          "Top": 0.3639293313026428
        },
        "Polygon": [
          {
            "X": 0.4227904975414276,
            "Y": 0.3639293313026428
          },
          {
            "X": 0.43300339579582214,
            "Y": 0.36408451199531555
          },
          {
            "X": 0.4330419898033142,
            "Y": 0.36942973732948303
          },
          {
            "X": 0.42282921075820923,
            "Y": 0.36927807331085205
          }
        ]
      },
      "Id": "57bb9e9c-cd39-4ea5-a392-08c7c3c3e0ef",
      "Page": 1
    },
    {
      "BlockType": "WORD",
      "Confidence": 98.61468505859375,
      "Text": "requisitos",
      "TextType": "PRINTED",
      "Geometry": {
        "BoundingBox": {
          "Width": 0.04434188827872276,
          "Height": 0.007973448373377323,
          "Left": 0.435992956161499,
          "Top": 0.3635437488555908
        },
        "Polygon": [
          {
            "X": 0.435992956161499,
            "Y": 0.3635437488555908
          },
          {
            "X": 0.48028263449668884,
            "Y": 0.36421841382980347
          },
          {
            "X": 0.4803348481655121,
            "Y": 0.37151721119880676
          },
          {
            "X": 0.4360457956790924,
            "Y": 0.3708634674549103
          }
        ]
      },
      "Id": "bfcab2da-8df4-4918-8926-30f5755de05b",
      "Page": 1
    },
    {
      "BlockType": "WORD",
      "Confidence": 74.86250305175781,
      "Text": "legais",
      "TextType": "PRINTED",
      "Geometry": {
        "BoundingBox": {
          "Width": 0.025425303727388382,
          "Height": 0.008476112969219685,
          "Left": 0.4830646216869354,
          "Top": 0.36442112922668457
        },
        "Polygon": [
          {
            "X": 0.4830646216869354,
            "Y": 0.36442112922668457
          },
          {
            "X": 0.5084323883056641,
            "Y": 0.36480727791786194
          },
          {
            "X": 0.5084899067878723,
            "Y": 0.3728972375392914
          },
          {
            "X": 0.4831225275993347,
            "Y": 0.3725243806838989
          }
        ]
      },
      "Id": "51d0b58b-1ad2-4b81-bf3c-5ef8b64913fa",
      "Page": 1
    },
    {
      "BlockType": "WORD",
      "Confidence": 99.8348388671875,
      "Text": "Proteja",
      "TextType": "PRINTED",
      "Geometry": {
        "BoundingBox": {
          "Width": 0.030879642814397812,
          "Height": 0.008044730871915817,
          "Left": 0.6237727403640747,
          "Top": 0.3688795864582062
        },
        "Polygon": [
          {
            "X": 0.6237727403640747,
            "Y": 0.3688795864582062
          },
          {
            "X": 0.6546000838279724,
            "Y": 0.36934420466423035
          },
          {
            "X": 0.6546524167060852,
            "Y": 0.3769243359565735
          },
          {
            "X": 0.6238254904747009,
            "Y": 0.3764750063419342
          }
        ]
      },
      "Id": "f0508b62-4ddf-45c4-81db-d1e02cb9c816",
      "Page": 1
    },
    {
      "BlockType": "WORD",
      "Confidence": 99.23185729980469,
      "Text": "propriedade",
      "TextType": "PRINTED",
      "Geometry": {
        "BoundingBox": {
          "Width": 0.05211972817778587,
          "Height": 0.00820429902523756,
          "Left": 0.6643194556236267,
          "Top": 0.37003910541534424
        },
        "Polygon": [
          {
            "X": 0.6643194556236267,
            "Y": 0.37003910541534424
          },
          {
            "X": 0.7163886427879333,
            "Y": 0.370822012424469
          },
          {
            "X": 0.7164391875267029,
            "Y": 0.37824341654777527
          },
          {
            "X": 0.6643707752227783,
            "Y": 0.3774859309196472
          }
        ]
      },
      "Id": "7625ee6f-f2d2-4f48-a406-72ff0ff95c8e",
      "Page": 1
    },
    {
      "BlockType": "WORD",
      "Confidence": 99.27262878417969,
      "Text": "e",
      "TextType": "PRINTED",
      "Geometry": {
        "BoundingBox": {
          "Width": 0.006265073083341122,
          "Height": 0.0054094004444777966,
          "Left": 0.42851904034614563,
          "Top": 0.3739684820175171
        },
        "Polygon": [
          {
            "X": 0.42851904034614563,
            "Y": 0.3739684820175171
          },
          {
            "X": 0.4347456991672516,
            "Y": 0.37405911087989807
          },
          {
            "X": 0.4347841143608093,
            "Y": 0.37937790155410767
          },
          {
            "X": 0.42855748534202576,
            "Y": 0.3792893886566162
          }
        ]
      },
      "Id": "d2130bda-c5e0-4262-8f76-f7281dba1522",
      "Page": 1
    },
    {
      "BlockType": "WORD",
      "Confidence": 98.39830017089844,
      "Text": "regulamentares",
      "TextType": "PRINTED",
      "Geometry": {
        "BoundingBox": {
          "Width": 0.07374116778373718,
          "Height": 0.008934232406318188,
          "Left": 0.4354778528213501,
          "Top": 0.37341591715812683
        },
        "Polygon": [
          {
            "X": 0.4354778528213501,
            "Y": 0.37341591715812683
          },
          {
            "X": 0.5091631412506104,
            "Y": 0.374491423368454
          },
          {
            "X": 0.5092189908027649,
            "Y": 0.3823501467704773
          },
          {
            "X": 0.43553483486175537,
            "Y": 0.38131219148635864
          }
        ]
      },
      "Id": "d1bb91c3-765f-4b37-8fc3-bef4e3f3db80",
      "Page": 1
    },
    {
      "BlockType": "WORD",
      "Confidence": 80.9908218383789,
      "Text": "intelectual",
      "TextType": "PRINTED",
      "Geometry": {
        "BoundingBox": {
          "Width": 0.04558984562754631,
          "Height": 0.007136157713830471,
          "Left": 0.624484658241272,
          "Top": 0.3782951831817627
        },
        "Polygon": [
          {
            "X": 0.624484658241272,
            "Y": 0.3782951831817627
          },
          {
            "X": 0.6700299382209778,
            "Y": 0.3789536654949188
          },
          {
            "X": 0.670074462890625,
            "Y": 0.38543134927749634
          },
          {
            "X": 0.6245297789573669,
            "Y": 0.3847922086715698
          }
        ]
      },
      "Id": "6af629f6-4bb3-4f30-af2f-d6c7f42273dc",
      "Page": 1
    },
    {
      "BlockType": "WORD",
      "Confidence": 99.26576232910156,
      "Text": "aws",
      "TextType": "PRINTED",
      "Geometry": {
        "BoundingBox": {
          "Width": 0.08455880731344223,
          "Height": 0.024929286912083626,
          "Left": 0.8690909743309021,
          "Top": 0.38846004009246826
        },
        "Polygon": [
          {
            "X": 0.8690909743309021,
            "Y": 0.38846004009246826
          },
          {
            "X": 0.9534962177276611,
            "Y": 0.38964322209358215
          },
          {
            "X": 0.9536497592926025,
            "Y": 0.41338932514190674
          },
          {
            "X": 0.8692483305931091,
            "Y": 0.4123398959636688
          }
        ]
      },
      "Id": "7d05363b-c7fa-4dc0-80bd-5074a3870c3c",
      "Page": 1
    },
    {
      "BlockType": "WORD",
      "Confidence": 99.12622833251953,
      "Text": "aws",
      "TextType": "PRINTED",
      "Geometry": {
        "BoundingBox": {
          "Width": 0.16270145773887634,
          "Height": 0.042150720953941345,
          "Left": 0.013144029304385185,
          "Top": 0.3918702304363251
        },
        "Polygon": [
          {
            "X": 0.013144029304385185,
            "Y": 0.3918702304363251
          },
          {
            "X": 0.1755414754152298,
            "Y": 0.39398959279060364
          },
          {
            "X": 0.17584548890590668,
            "Y": 0.4340209662914276
          },
          {
            "X": 0.013460683636367321,
            "Y": 0.4323139786720276
          }
        ]
      },
      "Id": "8e612853-6c0c-4648-af10-8d6b088d0b8f",
      "Page": 1
    },
    {
      "BlockType": "WORD",
      "Confidence": 28.61168670654297,
      "Text": "AT",
      "TextType": "PRINTED",
      "Geometry": {
        "BoundingBox": {
          "Width": 0.03373725339770317,
          "Height": 0.014399489387869835,
          "Left": 0.3488767147064209,
          "Top": 0.40573784708976746
        },
        "Polygon": [
          {
            "X": 0.3488767147064209,
            "Y": 0.40573784708976746
          },
          {
            "X": 0.38251200318336487,
            "Y": 0.4061563313007355
          },
          {
            "X": 0.38261398673057556,
            "Y": 0.42013731598854065
          },
          {
            "X": 0.3489796221256256,
            "Y": 0.41974905133247375
          }
        ]
      },
      "Id": "604dcbca-3519-4fab-80bd-f4f1e85df4f2",
      "Page": 1
    },
    {
      "BlockType": "WORD",
      "Confidence": 99.44253540039062,
      "Text": "Mitigue",
      "TextType": "PRINTED",
      "Geometry": {
        "BoundingBox": {
          "Width": 0.035992592573165894,
          "Height": 0.008924435824155807,
          "Left": 0.4237251579761505,
          "Top": 0.4136350750923157
        },
        "Polygon": [
          {
            "X": 0.4237251579761505,
            "Y": 0.4136350750923157
          },
          {
            "X": 0.4596567451953888,
            "Y": 0.41406601667404175
          },
          {
            "X": 0.4597177505493164,
            "Y": 0.422559529542923
          },
          {
            "X": 0.4237867295742035,
            "Y": 0.42214828729629517
          }
        ]
      },
      "Id": "2c58bbfb-27e5-4907-8523-0a522924cb85",
      "Page": 1
    },
    {
      "BlockType": "WORD",
      "Confidence": 89.49264526367188,
      "Text": "viés",
      "TextType": "PRINTED",
      "Geometry": {
        "BoundingBox": {
          "Width": 0.018029676750302315,
          "Height": 0.007206745445728302,
          "Left": 0.4618125557899475,
          "Top": 0.4145347774028778
        },
        "Polygon": [
          {
            "X": 0.4618125557899475,
            "Y": 0.4145347774028778
          },
          {
            "X": 0.4797922372817993,
            "Y": 0.4147498905658722
          },
          {
            "X": 0.47984224557876587,
            "Y": 0.4217415153980255
          },
          {
            "X": 0.46186283230781555,
            "Y": 0.4215345084667206
          }
        ]
      },
      "Id": "9621dce7-1c25-4dce-8024-94bfcea278c5",
      "Page": 1
    },
    {
      "BlockType": "WORD",
      "Confidence": 99.18852996826172,
      "Text": "Gerencie",
      "TextType": "PRINTED",
      "Geometry": {
        "BoundingBox": {
          "Width": 0.03799068182706833,
          "Height": 0.007031756453216076,
          "Left": 0.6576789021492004,
          "Top": 0.41739702224731445
        },
        "Polygon": [
          {
            "X": 0.6576789021492004,
            "Y": 0.41739702224731445
          },
          {
            "X": 0.695624589920044,
            "Y": 0.41784974932670593
          },
          {
            "X": 0.6956695914268494,
            "Y": 0.424428790807724
          },
          {
            "X": 0.6577243804931641,
            "Y": 0.42399242520332336
          }
        ]
      },
      "Id": "1d354058-04bb-48db-b538-98ca0c0ad515",
      "Page": 1
    },
    {
      "BlockType": "WORD",
      "Confidence": 98.41649627685547,
      "Text": "contra",
      "TextType": "PRINTED",
      "Geometry": {
        "BoundingBox": {
          "Width": 0.02675853855907917,
          "Height": 0.006465754937380552,
          "Left": 0.6988195180892944,
          "Top": 0.41856327652931213
        },
        "Polygon": [
          {
            "X": 0.6988195180892944,
            "Y": 0.41856327652931213
          },
          {
            "X": 0.7255362868309021,
            "Y": 0.418880820274353
          },
          {
            "X": 0.7255780696868896,
            "Y": 0.4250290095806122
          },
          {
            "X": 0.6988615989685059,
            "Y": 0.42472225427627563
          }
        ]
      },
      "Id": "2a69730e-c56e-480c-9346-d1a4e88923bf",
      "Page": 1
    },
    {
      "BlockType": "WORD",
      "Confidence": 63.129173278808594,
      "Text": "o",
      "TextType": "PRINTED",
      "Geometry": {
        "BoundingBox": {
          "Width": 0.005887425038963556,
          "Height": 0.0053639961406588554,
          "Left": 0.7278017997741699,
          "Top": 0.4199005365371704
        },
        "Polygon": [
          {
            "X": 0.7278017997741699,
            "Y": 0.4199005365371704
          },
          {
            "X": 0.7336533069610596,
            "Y": 0.41996970772743225
          },
          {
            "X": 0.7336892485618591,
            "Y": 0.42526453733444214
          },
          {
            "X": 0.7278378009796143,
            "Y": 0.42519739270210266
          }
        ]
      },
      "Id": "0e9b7499-89c1-4f1b-9ccd-a64936dffbd1",
      "Page": 1
    },
    {
      "BlockType": "WORD",
      "Confidence": 98.9833755493164,
      "Text": "uso",
      "TextType": "PRINTED",
      "Geometry": {
        "BoundingBox": {
          "Width": 0.01440061628818512,
          "Height": 0.005572455935180187,
          "Left": 0.7364305257797241,
          "Top": 0.42006349563598633
        },
        "Polygon": [
          {
            "X": 0.7364305257797241,
            "Y": 0.42006349563598633
          },
          {
            "X": 0.7507945895195007,
            "Y": 0.42023321986198425
          },
          {
            "X": 0.750831127166748,
            "Y": 0.4256359338760376
          },
          {
            "X": 0.736467182636261,
            "Y": 0.42547130584716797
          }
        ]
      },
      "Id": "ff79f418-2d05-4969-8003-36323a355d2f",
      "Page": 1
    },
    {
      "BlockType": "WORD",
      "Confidence": 99.5055923461914,
      "Text": "DESAFIOS",
      "TextType": "PRINTED",
      "Geometry": {
        "BoundingBox": {
          "Width": 0.07306014746427536,
          "Height": 0.009499340318143368,
          "Left": 0.5331121683120728,
          "Top": 0.4233807325363159
        },
        "Polygon": [
          {
            "X": 0.5331121683120728,
            "Y": 0.4233807325363159
          },
          {
            "X": 0.6061119437217712,
            "Y": 0.42421630024909973
          },
          {
            "X": 0.6061723232269287,
            "Y": 0.43288007378578186
          },
          {
            "X": 0.5331737995147705,
            "Y": 0.4320857524871826
          }
        ]
      },
      "Id": "31e9884e-0bde-471d-9933-2a7971204ca2",
      "Page": 1
    },
    {
      "BlockType": "WORD",
      "Confidence": 88.86758422851562,
      "Text": "indevido",
      "TextType": "PRINTED",
      "Geometry": {
        "BoundingBox": {
          "Width": 0.03669470548629761,
          "Height": 0.006950540468096733,
          "Left": 0.6582401990890503,
          "Top": 0.4271189868450165
        },
        "Polygon": [
          {
            "X": 0.6582401990890503,
            "Y": 0.4271189868450165
          },
          {
            "X": 0.6948902010917664,
            "Y": 0.42753297090530396
          },
          {
            "X": 0.6949349045753479,
            "Y": 0.43406954407691956
          },
          {
            "X": 0.65828537940979,
            "Y": 0.4336712658405304
          }
        ]
      },
      "Id": "4619319d-7b6f-4e4a-84ed-3bf3c3e475df",
      "Page": 1
    },
    {
      "BlockType": "WORD",
      "Confidence": 71.23733520507812,
      "Text": "conteúdo",
      "TextType": "PRINTED",
      "Geometry": {
        "BoundingBox": {
          "Width": 0.04039105772972107,
          "Height": 0.006788091734051704,
          "Left": 0.7056006193161011,
          "Top": 0.42804113030433655
        },
        "Polygon": [
          {
            "X": 0.7056006193161011,
            "Y": 0.42804113030433655
          },
          {
            "X": 0.7459487915039062,
            "Y": 0.428495854139328
          },
          {
            "X": 0.7459916472434998,
            "Y": 0.4348292350769043
          },
          {
            "X": 0.7056439518928528,
            "Y": 0.4343913495540619
          }
        ]
      },
      "Id": "08cc0a57-bf8e-456f-8e11-43ebb8a728e4",
      "Page": 1
    },
    {
      "BlockType": "WORD",
      "Confidence": 98.01353454589844,
      "Text": "prejudicial",
      "TextType": "PRINTED",
      "Geometry": {
        "BoundingBox": {
          "Width": 0.04507727921009064,
          "Height": 0.008511997759342194,
          "Left": 0.6592250466346741,
          "Top": 0.4368404448032379
        },
        "Polygon": [
          {
            "X": 0.6592250466346741,
            "Y": 0.4368404448032379
          },
          {
            "X": 0.7042474746704102,
            "Y": 0.43732038140296936
          },
          {
            "X": 0.7043023109436035,
            "Y": 0.4453524649143219
          },
          {
            "X": 0.65928053855896,
            "Y": 0.44489625096321106
          }
        ]
      },
      "Id": "aaeb68d7-e0e5-43fd-bd7b-2e5b0013ec99",
      "Page": 1
    },
    {
      "BlockType": "WORD",
      "Confidence": 99.83185577392578,
      "Text": "Atenda",
      "TextType": "PRINTED",
      "Geometry": {
        "BoundingBox": {
          "Width": 0.034769732505083084,
          "Height": 0.00745512917637825,
          "Left": 0.3597853481769562,
          "Top": 0.44297632575035095
        },
        "Polygon": [
          {
            "X": 0.3597853481769562,
            "Y": 0.44297632575035095
          },
          {
            "X": 0.3945033550262451,
            "Y": 0.44332563877105713
          },
          {
            "X": 0.39455509185791016,
            "Y": 0.4504314661026001
          },
          {
            "X": 0.35983753204345703,
            "Y": 0.4500980079174042
          }
        ]
      },
      "Id": "fc63a521-8d97-4537-a5a2-e0fb0fecee0f",
      "Page": 1
    },
    {
      "BlockType": "WORD",
      "Confidence": 98.41944122314453,
      "Text": "às",
      "TextType": "PRINTED",
      "Geometry": {
        "BoundingBox": {
          "Width": 0.009826083667576313,
          "Height": 0.007008995860815048,
          "Left": 0.39740899205207825,
          "Top": 0.443727046251297
        },
        "Polygon": [
          {
            "X": 0.39740899205207825,
            "Y": 0.443727046251297
          },
          {
            "X": 0.407184898853302,
            "Y": 0.4438251852989197
          },
          {
            "X": 0.4072350859642029,
            "Y": 0.45073604583740234
          },
          {
            "X": 0.3974592983722687,
            "Y": 0.45064228773117065
          }
        ]
      },
      "Id": "5a7a3ace-5d1b-4c73-81f0-14e2efb2e89d",
      "Page": 1
    },
    {
      "BlockType": "WORD",
      "Confidence": 99.64130401611328,
      "Text": "necessidades",
      "TextType": "PRINTED",
      "Geometry": {
        "BoundingBox": {
          "Width": 0.0614418089389801,
          "Height": 0.007931327447295189,
          "Left": 0.4103237986564636,
          "Top": 0.4440319240093231
        },
        "Polygon": [
          {
            "X": 0.4103237986564636,
            "Y": 0.4440319240093231
          },
          {
            "X": 0.47171318531036377,
            "Y": 0.4446474313735962
          },
          {
            "X": 0.4717656075954437,
            "Y": 0.45196327567100525
          },
          {
            "X": 0.4103770852088928,
            "Y": 0.4513767957687378
          }
        ]
      },
      "Id": "2fa9c655-e496-4f38-bd56-58b13c41d432",
      "Page": 1
    },
    {
      "BlockType": "WORD",
      "Confidence": 99.85902404785156,
      "Text": "de",
      "TextType": "PRINTED",
      "Geometry": {
        "BoundingBox": {
          "Width": 0.011912264861166477,
          "Height": 0.0066132196225225925,
          "Left": 0.47470107674598694,
          "Top": 0.4453234374523163
        },
        "Polygon": [
          {
            "X": 0.47470107674598694,
            "Y": 0.4453234374523163
          },
          {
            "X": 0.4865669310092926,
            "Y": 0.4454419016838074
          },
          {
            "X": 0.48661333322525024,
            "Y": 0.45193666219711304
          },
          {
            "X": 0.4747476279735565,
            "Y": 0.4518231749534607
          }
        ]
      },
      "Id": "3cfa960d-ee44-4865-bc08-410241a8d50c",
      "Page": 1
    },
    {
      "BlockType": "WORD",
      "Confidence": 99.54240417480469,
      "Text": "privacidade",
      "TextType": "PRINTED",
      "Geometry": {
        "BoundingBox": {
          "Width": 0.05649920180439949,
          "Height": 0.009097631089389324,
          "Left": 0.36386778950691223,
          "Top": 0.45344865322113037
        },
        "Polygon": [
          {
            "X": 0.36386778950691223,
            "Y": 0.45344865322113037
          },
          {
            "X": 0.42030495405197144,
            "Y": 0.4539787173271179
          },
          {
            "X": 0.4203670024871826,
            "Y": 0.46254628896713257
          },
          {
            "X": 0.36393076181411743,
            "Y": 0.46204739809036255
          }
        ]
      },
      "Id": "f34e6a82-4d59-4777-a778-38a332d6e610",
      "Page": 1
    },
    {
      "BlockType": "WORD",
      "Confidence": 99.21482849121094,
      "Text": "e",
      "TextType": "PRINTED",
      "Geometry": {
        "BoundingBox": {
          "Width": 0.0064712041057646275,
          "Height": 0.006069236434996128,
          "Left": 0.4219105541706085,
          "Top": 0.4555548429489136
        },
        "Polygon": [
          {
            "X": 0.4219105541706085,
            "Y": 0.4555548429489136
          },
          {
            "X": 0.42833831906318665,
            "Y": 0.4556145668029785
          },
          {
            "X": 0.4283817410469055,
            "Y": 0.4616240859031677
          },
          {
            "X": 0.42195406556129456,
            "Y": 0.46156686544418335
          }
        ]
      },
      "Id": "df713711-afa1-4366-aa55-46b48972f89e",
      "Page": 1
    },
    {
      "BlockType": "WORD",
      "Confidence": 98.26152801513672,
      "Text": "proteção",
      "TextType": "PRINTED",
      "Geometry": {
        "BoundingBox": {
          "Width": 0.0415068045258522,
          "Height": 0.008741232566535473,
          "Left": 0.4310002326965332,
          "Top": 0.45451411604881287
        },
        "Polygon": [
          {
            "X": 0.4310002326965332,
            "Y": 0.45451411604881287
          },
          {
            "X": 0.4724471867084503,
            "Y": 0.4549022316932678
          },
          {
            "X": 0.4725070595741272,
            "Y": 0.4632553458213806
          },
          {
            "X": 0.4310607612133026,
            "Y": 0.4628896117210388
          }
        ]
      },
      "Id": "48e85782-c799-472a-b652-47dce37ca502",
      "Page": 1
    },
    {
      "BlockType": "WORD",
      "Confidence": 99.85774993896484,
      "Text": "de",
      "TextType": "PRINTED",
      "Geometry": {
        "BoundingBox": {
          "Width": 0.011429794132709503,
          "Height": 0.006399780977517366,
          "Left": 0.47528359293937683,
          "Top": 0.455512136220932
        },
        "Polygon": [
          {
            "X": 0.47528359293937683,
            "Y": 0.455512136220932
          },
          {
            "X": 0.4866684079170227,
            "Y": 0.45561832189559937
          },
          {
            "X": 0.48671337962150574,
            "Y": 0.4619119167327881
          },
          {
            "X": 0.4753286838531494,
            "Y": 0.4618103802204132
          }
        ]
      },
      "Id": "7daf4a4e-5025-4458-881b-ac046a69cf69",
      "Page": 1
    },
    {
      "BlockType": "WORD",
      "Confidence": 99.83131408691406,
      "Text": "dados",
      "TextType": "PRINTED",
      "Geometry": {
        "BoundingBox": {
          "Width": 0.028255939483642578,
          "Height": 0.006769901141524315,
          "Left": 0.4589761197566986,
          "Top": 0.46537649631500244
        },
        "Polygon": [
          {
            "X": 0.4589761197566986,
            "Y": 0.46537649631500244
          },
          {
            "X": 0.48718544840812683,
            "Y": 0.46562132239341736
          },
          {
            "X": 0.4872320592403412,
            "Y": 0.4721463918685913
          },
          {
            "X": 0.4590230882167816,
            "Y": 0.4719134569168091
          }
        ]
      },
      "Id": "3e00d8cf-dd05-417a-8144-55a7912343c8",
      "Page": 1
    },
    {
      "BlockType": "WORD",
      "Confidence": 99.91121673583984,
      "Text": "Garanta",
      "TextType": "PRINTED",
      "Geometry": {
        "BoundingBox": {
          "Width": 0.03474097698926926,
          "Height": 0.006897476501762867,
          "Left": 0.63726806640625,
          "Top": 0.468868613243103
        },
        "Polygon": [
          {
            "X": 0.63726806640625,
            "Y": 0.468868613243103
          },
          {
            "X": 0.671963632106781,
            "Y": 0.4691653549671173
          },
          {
            "X": 0.6720090508460999,
            "Y": 0.4757660925388336
          },
          {
            "X": 0.6373138427734375,
            "Y": 0.47548437118530273
          }
        ]
      },
      "Id": "2c922d50-3991-4f6a-ac4b-898f554a762c",
      "Page": 1
    },
    {
      "BlockType": "WORD",
      "Confidence": 98.57212829589844,
      "Text": "responsabilidade",
      "TextType": "PRINTED",
      "Geometry": {
        "BoundingBox": {
          "Width": 0.07539914548397064,
          "Height": 0.008552635088562965,
          "Left": 0.6378175020217896,
          "Top": 0.4785676896572113
        },
        "Polygon": [
          {
            "X": 0.6378175020217896,
            "Y": 0.4785676896572113
          },
          {
            "X": 0.7131624221801758,
            "Y": 0.47916433215141296
          },
          {
            "X": 0.7132166624069214,
            "Y": 0.4871203303337097
          },
          {
            "X": 0.6378728747367859,
            "Y": 0.4865630269050598
          }
        ]
      },
      "Id": "0f04b1d1-c950-454a-8650-fa32c66fdc9c",
      "Page": 1
    },
    {
      "BlockType": "WORD",
      "Confidence": 90.2343521118164,
      "Text": "e",
      "TextType": "PRINTED",
      "Geometry": {
        "BoundingBox": {
          "Width": 0.006634046323597431,
          "Height": 0.005161989014595747,
          "Left": 0.713752806186676,
          "Top": 0.4807875156402588
        },
        "Polygon": [
          {
            "X": 0.713752806186676,
            "Y": 0.4807875156402588
          },
          {
            "X": 0.7203521132469177,
            "Y": 0.4808390736579895
          },
          {
            "X": 0.7203868627548218,
            "Y": 0.4859495162963867
          },
          {
            "X": 0.7137876749038696,
            "Y": 0.4859001636505127
          }
        ]
      },
      "Id": "b0d35e55-21d9-4323-88dc-013a9ae5db8d",
      "Page": 1
    },
    {
      "BlockType": "WORD",
      "Confidence": 97.76416778564453,
      "Text": "transparência",
      "TextType": "PRINTED",
      "Geometry": {
        "BoundingBox": {
          "Width": 0.05996349826455116,
          "Height": 0.008394311182200909,
          "Left": 0.638420820236206,
          "Top": 0.48846450448036194
        },
        "Polygon": [
          {
            "X": 0.638420820236206,
            "Y": 0.48846450448036194
          },
          {
            "X": 0.6983298659324646,
            "Y": 0.48890021443367004
          },
          {
            "X": 0.6983842849731445,
            "Y": 0.4968588352203369
          },
          {
            "X": 0.6384761333465576,
            "Y": 0.4964544177055359
          }
        ]
      },
      "Id": "e5bb330c-6d07-45be-bfb2-d14a62c58c7b",
      "Page": 1
    },
    {
      "BlockType": "WORD",
      "Confidence": 36.49126434326172,
      "Text": "(O)",
      "TextType": "PRINTED",
      "Geometry": {
        "BoundingBox": {
          "Width": 0.02703375183045864,
          "Height": 0.0093804020434618,
          "Left": 0.3544391393661499,
          "Top": 0.4909461736679077
        },
        "Polygon": [
          {
            "X": 0.3544391393661499,
            "Y": 0.4909461736679077
          },
          {
            "X": 0.3814058303833008,
            "Y": 0.4911344051361084
          },
          {
            "X": 0.3814729154109955,
            "Y": 0.5003265738487244
          },
          {
            "X": 0.3545067012310028,
            "Y": 0.5001542568206787
          }
        ]
      },
      "Id": "62b1b3df-312b-442d-b6fe-effd98cbb0e1",
      "Page": 1
    },
    {
      "BlockType": "WORD",
      "Confidence": 99.55778503417969,
      "Text": "Entenda",
      "TextType": "PRINTED",
      "Geometry": {
        "BoundingBox": {
          "Width": 0.03802870586514473,
          "Height": 0.0067329201847314835,
          "Left": 0.42504116892814636,
          "Top": 0.49256837368011475
        },
        "Polygon": [
          {
            "X": 0.42504116892814636,
            "Y": 0.49256837368011475
          },
          {
            "X": 0.46302342414855957,
            "Y": 0.4928307831287384
          },
          {
            "X": 0.463069885969162,
            "Y": 0.49930131435394287
          },
          {
            "X": 0.425088107585907,
            "Y": 0.49905478954315186
          }
        ]
      },
      "Id": "bf7e87db-a8a6-44bc-b031-b7289738b598",
      "Page": 1
    },
    {
      "BlockType": "WORD",
      "Confidence": 99.79173278808594,
      "Text": "sobre",
      "TextType": "PRINTED",
      "Geometry": {
        "BoundingBox": {
          "Width": 0.025425806641578674,
          "Height": 0.006480806041508913,
          "Left": 0.4666462540626526,
          "Top": 0.4929046928882599
        },
        "Polygon": [
          {
            "X": 0.4666462540626526,
            "Y": 0.4929046928882599
          },
          {
            "X": 0.49202707409858704,
            "Y": 0.4930799603462219
          },
          {
            "X": 0.49207207560539246,
            "Y": 0.4993855059146881
          },
          {
            "X": 0.4666915833950043,
            "Y": 0.499220609664917
          }
        ]
      },
      "Id": "9eb0e68c-06d8-4b08-82df-199fb9f7acb6",
      "Page": 1
    },
    {
      "BlockType": "WORD",
      "Confidence": 97.10347747802734,
      "Text": "alucinações",
      "TextType": "PRINTED",
      "Geometry": {
        "BoundingBox": {
          "Width": 0.0529036745429039,
          "Height": 0.008423198014497757,
          "Left": 0.49537238478660583,
          "Top": 0.4929587244987488
        },
        "Polygon": [
          {
            "X": 0.49537238478660583,
            "Y": 0.4929587244987488
          },
          {
            "X": 0.5482192039489746,
            "Y": 0.4933241307735443
          },
          {
            "X": 0.5482760667800903,
            "Y": 0.5013819336891174
          },
          {
            "X": 0.495430052280426,
            "Y": 0.5010442137718201
          }
        ]
      },
      "Id": "a4901e7e-d1b3-4f9e-8291-d75e70f3a5c1",
      "Page": 1
    },
    {
      "BlockType": "WORD",
      "Confidence": 66.36100769042969,
      "Text": "aws",
      "TextType": "PRINTED",
      "Geometry": {
        "BoundingBox": {
          "Width": 0.013818163424730301,
          "Height": 0.005227054003626108,
          "Left": 0.307910680770874,
          "Top": 0.5298908948898315
        },
        "Polygon": [
          {
            "X": 0.307910680770874,
            "Y": 0.5298908948898315
          },
          {
            "X": 0.32169070839881897,
            "Y": 0.5299525260925293
          },
          {
            "X": 0.32172882556915283,
            "Y": 0.5351179838180542
          },
          {
            "X": 0.3079489469528198,
            "Y": 0.5350609421730042
          }
        ]
      },
      "Id": "7912b399-d668-4ca5-887c-abe745a2f171",
      "Page": 1
    }
  ],
  "DetectDocumentTextModelVersion": "1.0"
}