{
  "DocumentMetadata": {
    "Pages": 1
  },
  "JobStatus": "SUCCEEDED",
  "Blocks": [
    {
      "BlockType": "PAGE",
      "Geometry": {
        "BoundingBox": {
          "Width": 0.9235547780990601,
          "Height": 0.8077429533004761,
          "Left": 0,
          "Top": 0
        },
        "Polygon": [
          {
            "X": 0,
            "Y": 0.04174824059009552
          },
          {
            "X": 0.9190899133682251,
            "Y": 0
          },
          {
            "X": 0.9235547780990601,
            "Y": 0.7935786843299866
          },
          {
            "X": 0.00021785251738037914,
            "Y": 0.8077429533004761
          }
        ]
      },
      "Id": "652c2cb5-b545-4812-b148-e3cf257f344d",
      "Relationships": [
        {
          "Type": "CHILD",
          "Ids": [
            "896d8a8c-df0b-494d-bbac-e68c3e0b2485",
            "580fb3a4-8469-43ce-adf4-c42b434891b7",
            "855dd4e8-b7fd-474c-8b69-9f5f27d48c5b",
            "0d55bfcf-7763-4857-ab64-29085fb9b35d",
            "e9db065c-6325-494e-b0dd-fc67b6623605",
            "cf86f816-6980-4381-baa2-134007ab9d18",
            "f15b4625-19b6-44e1-b543-cd93b8f2b8e7",
            "712130da-c7ce-41ce-aa88-71552ad12fb2",
            "8fefcf4f-3d33-4f84-8a57-8bf4aa856ad0",
            "ee5b57fc-ca52-4e44-9f67-7dfcc1c3b4c7",
            "42e8cfc4-1424-414f-8053-a2209d84ad5e",
            "145794b4-ee78-4e4f-928c-396238b7e9a0",
            "f73dcd87-7ee8-4984-b5b2-886c2f35ff21",
            "1b76ea22-8510-4ea7-8456-a73e6f6c66a3",
            "46c2216f-ae1a-4a67-8bac-57736bb3de60",
            "8f471831-2d92-4ff4-af86-d736bfa0f2d2",
            "9258b5a2-25b9-42cd-936b-8e0070425bd4",
            "a9f3d858-78b9-45ca-8151-4b1ff131f3c2",
            "3aeb3a26-242e-4234-b754-bacc755e4d60",
            "8fa887ba-5138-488e-870a-94d9ba1e91c6",
            "7056147b-9a6e-4661-85ff-e1650c5b006e",
            "c40b49bf-d033-4167-a0bd-a546bbdd0aa4",
            "b62ca4cb-3f57-4504-a032-5ebacc2cb59f",
            "f26446fa-1e58-4370-8ff5-2b35bff67cb5",
            "bc605fbb-ddca-4953-9c35-f5a57b31b324",
            "d57eaf18-f46f-4c82-9323-f493c8f2ab56",
            "940ab90b-cf00-4db2-9079-fd1beb44196b",
            "d578049e-486d-43fe-b64e-9e39bda16ad8",
            "aa14d396-f40b-4b65-93f3-90ff939def13",
            "0f5a32f4-32ad-4574-9df2-0921746e4f60",
            "338b505d-2ec8-4fb6-80ae-c24327dd0f97",
            "69028616-01d3-4328-87d3-a8588924dc7e",
            "ffcbb0f5-6aae-486b-82f0-be68c9404dae",
            "bd685e7b-81fb-4e08-b2c4-b1dc988aafae",
            "723756bc-1f0a-421b-96e3-6600a07461b3",
            "fb3fdd3d-74bb-4716-9792-f4a228ff9f61",
            "e180de51-b80f-41d4-8bbc-b22ed004dda5",
            "f3d7e5fb-6b48-4c8d-b2de-3e4b082f3b91",
            "972e0f38-5777-4e3a-90e6-dcdcd77361da",
            "785b63c8-79a4-4af8-97e0-63724041b2af",
            "f8f432b6-afb9-4879-9a4f-eb06d9b12ae1",
            "ddedd272-89d0-4923-aff5-b7b02c5675e5",
            "c316b0fd-9166-4c39-8a5f-28b0702bc68e"
          ]
        }
      ],
      "Page": 1
    },
    {
      "BlockType": "LINE",
      "Confidence": 97.04997253417969,
      "Text": "Cloud",
      "Geometry": {
        "BoundingBox": {
          "Width": 0.02407243847846985,
          "Height": 0.007021124009042978,
          "Left": 0.6925293207168579,
          "Top": 0.17414095997810364
        },
        "Polygon": [
          {
            "X": 0.6925293207168579,
            "Y": 0.17508108913898468
          },
          {
            "X": 0.7165616154670715,
            "Y": 0.17414095997810364
          },
          {
            "X": 0.7166017293930054,
            "Y": 0.18022754788398743
          },
          {
            "X": 0.6925700306892395,
            "Y": 0.18116207420825958
          }
        ]
      },
      "Id": "896d8a8c-df0b-494d-bbac-e68c3e0b2485",
      "Relationships": [
        {
          "Type": "CHILD",
          "Ids": [
            "e052400a-bf5a-4aed-9f3d-2a5c5cd91cb7"
          ]
        }
      ],
      "Page": 1
    },
    {
      "BlockType": "LINE",
      "Confidence": 88.96524047851562,
      "Text": "aws",
      "Geometry": {
        "BoundingBox": {
          "Width": 0.04416218027472496,
          "Height": 0.013946818187832832,
          "Left": 0.621386706829071,
          "Top": 0.1788378208875656
        },
        "Polygon": [
          {
            "X": 0.621386706829071,
            "Y": 0.18055760860443115
          },
          {
            "X": 0.665465235710144,
            "Y": 0.1788378208875656
          },
          {
            "X": 0.6655488610267639,
            "Y": 0.1910856068134308
          },
          {
            "X": 0.6214727759361267,
            "Y": 0.1927846372127533
          }
        ]
      },
      "Id": "580fb3a4-8469-43ce-adf4-c42b434891b7",
      "Relationships": [
        {
          "Type": "CHILD",
          "Ids": [
            "d0e9e1dc-62e5-4a95-a5d1-7cd5ef5f1e08"
          ]
        }
      ],
      "Page": 1
    },
    {
      "BlockType": "LINE",
      "Confidence": 99.57838439941406,
      "Text": "Experience",
      "Geometry": {
        "BoundingBox": {
          "Width": 0.044885165989398956,
          "Height": 0.009004892781376839,
          "Left": 0.6927340626716614,
          "Top": 0.18039049208164215
        },
        "Polygon": [
          {
            "X": 0.6927340626716614,
            "Y": 0.18213243782520294
          },
          {
            "X": 0.7375720143318176,
            "Y": 0.18039049208164215
          },
          {
            "X": 0.7376192212104797,
            "Y": 0.1876659393310547
          },
          {
            "X": 0.6927827000617981,
            "Y": 0.18939538300037384
          }
        ]
      },
      "Id": "855dd4e8-b7fd-474c-8b69-9f5f27d48c5b",
      "Relationships": [
        {
          "Type": "CHILD",
          "Ids": [
            "2609d663-1d46-4923-b6ea-f371ffb98680"
          ]
        }
      ],
      "Page": 1
    },
    {
      "BlockType": "LINE",
      "Confidence": 94.15814208984375,
      "Text": "Aplicações para o SageMaker Canvas",
      "Geometry": {
        "BoundingBox": {
          "Width": 0.3408151865005493,
          "Height": 0.0448269248008728,
          "Left": 0.13200290501117706,
          "Top": 0.19285926222801208
        },
        "Polygon": [
          {
            "X": 0.13200290501117706,
            "Y": 0.2060617059469223
          },
          {
            "X": 0.47256991267204285,
            "Y": 0.19285926222801208
          },
          {
            "X": 0.4728180766105652,
            "Y": 0.22490642964839935
          },
          {
            "X": 0.13229884207248688,
            "Y": 0.2376861870288849
          }
        ]
      },
      "Id": "0d55bfcf-7763-4857-ab64-29085fb9b35d",
      "Relationships": [
        {
          "Type": "CHILD",
          "Ids": [
            "da170e73-8038-4b9d-a4e1-b1e94ee34f3e",
            "c29351d1-01d6-4a34-b21b-325c8e698048",
            "661c4970-5577-479c-b06e-fa90ee76b279",
            "939d2125-41ed-4a55-a8f4-b35a495d5c29",
            "a78e2ebb-415d-4857-b1c7-972e704e031c"
          ]
        }
      ],
      "Page": 1
    },
    {
      "BlockType": "LINE",
      "Confidence": 43.655296325683594,
      "Text": "7",
      "Geometry": {
        "BoundingBox": {
          "Width": 0.006405279505997896,
          "Height": 0.008791718631982803,
          "Left": 0.6609792113304138,
          "Top": 0.19029787182807922
        },
        "Polygon": [
          {
            "X": 0.6609792113304138,
            "Y": 0.19054271280765533
          },
          {
            "X": 0.6673262119293213,
            "Y": 0.19029787182807922
          },
          {
            "X": 0.6673845052719116,
            "Y": 0.19884684681892395
          },
          {
            "X": 0.661037802696228,
            "Y": 0.19908960163593292
          }
        ]
      },
      "Id": "e9db065c-6325-494e-b0dd-fc67b6623605",
      "Relationships": [
        {
          "Type": "CHILD",
          "Ids": [
            "853847b2-19e5-4f6b-b86f-ee77cf034de8"
          ]
        }
      ],
      "Page": 1
    },
    {
      "BlockType": "LINE",
      "Confidence": 99.87869262695312,
      "Text": "2025",
      "Geometry": {
        "BoundingBox": {
          "Width": 0.020207012072205544,
          "Height": 0.006604980677366257,
          "Left": 0.6925413608551025,
          "Top": 0.18985821306705475
        },
        "Polygon": [
          {
            "X": 0.6925413608551025,
            "Y": 0.19063520431518555
          },
          {
            "X": 0.7127098441123962,
            "Y": 0.18985821306705475
          },
          {
            "X": 0.7127484083175659,
            "Y": 0.19569070637226105
          },
          {
            "X": 0.6925804615020752,
            "Y": 0.1964631825685501
          }
        ]
      },
      "Id": "cf86f816-6980-4381-baa2-134007ab9d18",
      "Relationships": [
        {
          "Type": "CHILD",
          "Ids": [
            "a7d79220-b7c5-41d6-af16-68463445e6f6"
          ]
        }
      ],
      "Page": 1
    },
    {
      "BlockType": "LINE",
      "Confidence": 95.28827667236328,
      "Text": "Geração de",
      "Geometry": {
        "BoundingBox": {
          "Width": 0.07038440555334091,
          "Height": 0.014516200870275497,
          "Left": 0.6200662851333618,
          "Top": 0.22236484289169312
        },
        "Polygon": [
          {
            "X": 0.6200662851333618,
            "Y": 0.22498826682567596
          },
          {
            "X": 0.6903706192970276,
            "Y": 0.22236484289169312
          },
          {
            "X": 0.6904506683349609,
            "Y": 0.23428982496261597
          },
          {
            "X": 0.620150089263916,
            "Y": 0.2368810474872589
          }
        ]
      },
      "Id": "f15b4625-19b6-44e1-b543-cd93b8f2b8e7",
      "Relationships": [
        {
          "Type": "CHILD",
          "Ids": [
            "dff10e34-48e9-405f-806b-b2e170c507b9",
            "84bafb50-3c1b-4d21-b70c-1f487d1ab889"
          ]
        }
      ],
      "Page": 1
    },
    {
      "BlockType": "LINE",
      "Confidence": 94.73006439208984,
      "Text": "Documentação técnica",
      "Geometry": {
        "BoundingBox": {
          "Width": 0.12369461357593536,
          "Height": 0.01791832409799099,
          "Left": 0.3083460330963135,
          "Top": 0.248700350522995
        },
        "Polygon": [
          {
            "X": 0.3083460330963135,
            "Y": 0.2532323896884918
          },
          {
            "X": 0.43193385004997253,
            "Y": 0.248700350522995
          },
          {
            "X": 0.43204063177108765,
            "Y": 0.2621510922908783
          },
          {
            "X": 0.3084601163864136,
            "Y": 0.26661866903305054
          }
        ]
      },
      "Id": "712130da-c7ce-41ce-aa88-71552ad12fb2",
      "Relationships": [
        {
          "Type": "CHILD",
          "Ids": [
            "562b76d3-4093-4c83-829f-d123cd551da4",
            "1800c2e8-9e70-400e-8bbf-af937dd219bd"
          ]
        }
      ],
      "Page": 1
    },
    {
      "BlockType": "LINE",
      "Confidence": 98.75237274169922,
      "Text": "Perguntas e respostas",
      "Geometry": {
        "BoundingBox": {
          "Width": 0.13031664490699768,
          "Height": 0.018319465219974518,
          "Left": 0.45706456899642944,
          "Top": 0.23746971786022186
        },
        "Polygon": [
          {
            "X": 0.45706456899642944,
            "Y": 0.24227258563041687
          },
          {
            "X": 0.5872833728790283,
            "Y": 0.23746971786022186
          },
          {
            "X": 0.5873811841011047,
            "Y": 0.2510544955730438
          },
          {
            "X": 0.4571702480316162,
            "Y": 0.255789190530777
          }
        ]
      },
      "Id": "8fefcf4f-3d33-4f84-8a57-8bf4aa856ad0",
      "Relationships": [
        {
          "Type": "CHILD",
          "Ids": [
            "278f0241-d40f-46cb-9a31-a5bd8f9da7a7",
            "3cc816ea-ded9-4378-8482-0149f0145c26",
            "2a561440-9700-434b-970e-7ebc44ee4084"
          ]
        }
      ],
      "Page": 1
    },
    {
      "BlockType": "LINE",
      "Confidence": 99.9678726196289,
      "Text": "design",
      "Geometry": {
        "BoundingBox": {
          "Width": 0.04128740355372429,
          "Height": 0.011458246037364006,
          "Left": 0.6199493408203125,
          "Top": 0.23628580570220947
        },
        "Polygon": [
          {
            "X": 0.6199493408203125,
            "Y": 0.23780366778373718
          },
          {
            "X": 0.6611685156822205,
            "Y": 0.23628580570220947
          },
          {
            "X": 0.6612367630004883,
            "Y": 0.2462419718503952
          },
          {
            "X": 0.6200193762779236,
            "Y": 0.24774405360221863
          }
        ]
      },
      "Id": "ee5b57fc-ca52-4e44-9f67-7dfcc1c3b4c7",
      "Relationships": [
        {
          "Type": "CHILD",
          "Ids": [
            "c2f76bfd-adec-412b-8174-2208ad540a3f"
          ]
        }
      ],
      "Page": 1
    },
    {
      "BlockType": "LINE",
      "Confidence": 99.2435073852539,
      "Text": "IA Generativa",
      "Geometry": {
        "BoundingBox": {
          "Width": 0.09101973474025726,
          "Height": 0.016040610149502754,
          "Left": 0.18841078877449036,
          "Top": 0.25996214151382446
        },
        "Polygon": [
          {
            "X": 0.18841078877449036,
            "Y": 0.2632758319377899
          },
          {
            "X": 0.2793198823928833,
            "Y": 0.25996214151382446
          },
          {
            "X": 0.2794305384159088,
            "Y": 0.2727343440055847
          },
          {
            "X": 0.18852652609348297,
            "Y": 0.27600276470184326
          }
        ]
      },
      "Id": "42e8cfc4-1424-414f-8053-a2209d84ad5e",
      "Relationships": [
        {
          "Type": "CHILD",
          "Ids": [
            "05d96310-7dff-4481-b51d-a9d262a9f7d9",
            "5dd30891-5ae9-445a-88ab-55e83b066845"
          ]
        }
      ],
      "Page": 1
    },
    {
      "BlockType": "LINE",
      "Confidence": 98.97705841064453,
      "Text": "ud",
      "Geometry": {
        "BoundingBox": {
          "Width": 0.02136957086622715,
          "Height": 0.014242160134017467,
          "Left": 0,
          "Top": 0.28550365567207336
        },
        "Polygon": [
          {
            "X": 0,
            "Y": 0.2862786650657654
          },
          {
            "X": 0.021236319094896317,
            "Y": 0.28550365567207336
          },
          {
            "X": 0.02136957086622715,
            "Y": 0.29898229241371155
          },
          {
            "X": 0,
            "Y": 0.2997457981109619
          }
        ]
      },
      "Id": "145794b4-ee78-4e4f-928c-396238b7e9a0",
      "Relationships": [
        {
          "Type": "CHILD",
          "Ids": [
            "a46d11b1-a320-4ad5-b7fc-7e7fb44405f7"
          ]
        }
      ],
      "Page": 1
    },
    {
      "BlockType": "LINE",
      "Confidence": 98.18677520751953,
      "Text": "Previsão de",
      "Geometry": {
        "BoundingBox": {
          "Width": 0.07339563965797424,
          "Height": 0.012525093741714954,
          "Left": 0.6202036142349243,
          "Top": 0.26582711935043335
        },
        "Polygon": [
          {
            "X": 0.6202036142349243,
            "Y": 0.26844123005867004
          },
          {
            "X": 0.6935327053070068,
            "Y": 0.26582711935043335
          },
          {
            "X": 0.693599283695221,
            "Y": 0.2757660448551178
          },
          {
            "X": 0.6202734708786011,
            "Y": 0.27835220098495483
          }
        ]
      },
      "Id": "f73dcd87-7ee8-4984-b5b2-886c2f35ff21",
      "Relationships": [
        {
          "Type": "CHILD",
          "Ids": [
            "b8c083cb-3aae-450e-9fb2-29bb13701ff5",
            "1e46bd3a-419f-4508-8469-07fd4a2dcec3"
          ]
        }
      ],
      "Page": 1
    },
    {
      "BlockType": "LINE",
      "Confidence": 98.1490707397461,
      "Text": "Previsão de",
      "Geometry": {
        "BoundingBox": {
          "Width": 0.062411390244960785,
          "Height": 0.011127183213829994,
          "Left": 0.30722862482070923,
          "Top": 0.28788965940475464
        },
        "Polygon": [
          {
            "X": 0.30722862482070923,
            "Y": 0.2900865972042084
          },
          {
            "X": 0.36956629157066345,
            "Y": 0.28788965940475464
          },
          {
            "X": 0.3696400225162506,
            "Y": 0.2968415915966034
          },
          {
            "X": 0.3073047995567322,
            "Y": 0.2990168333053589
          }
        ]
      },
      "Id": "1b76ea22-8510-4ea7-8456-a73e6f6c66a3",
      "Relationships": [
        {
          "Type": "CHILD",
          "Ids": [
            "6ecf658e-e129-4a87-b95d-f10b0e64b076",
            "9e5e04a0-c56d-4085-b836-4b6eaf9b053c"
          ]
        }
      ],
      "Page": 1
    },
    {
      "BlockType": "LINE",
      "Confidence": 95.3330078125,
      "Text": "Manutenção",
      "Geometry": {
        "BoundingBox": {
          "Width": 0.07224999368190765,
          "Height": 0.013623606413602829,
          "Left": 0.4565329849720001,
          "Top": 0.27903762459754944
        },
        "Polygon": [
          {
            "X": 0.4565329849720001,
            "Y": 0.28158995509147644
          },
          {
            "X": 0.5286999344825745,
            "Y": 0.27903762459754944
          },
          {
            "X": 0.5287829637527466,
            "Y": 0.2901398241519928
          },
          {
            "X": 0.45661962032318115,
            "Y": 0.29266121983528137
          }
        ]
      },
      "Id": "46c2216f-ae1a-4a67-8bac-57736bb3de60",
      "Relationships": [
        {
          "Type": "CHILD",
          "Ids": [
            "bd43b183-9902-401a-acfb-e75e02356a89"
          ]
        }
      ],
      "Page": 1
    },
    {
      "BlockType": "LINE",
      "Confidence": 95.34044647216797,
      "Text": "erience",
      "Geometry": {
        "BoundingBox": {
          "Width": 0.06286615878343582,
          "Height": 0.015562293119728565,
          "Left": 0,
          "Top": 0.3030433654785156
        },
        "Polygon": [
          {
            "X": 0,
            "Y": 0.3052515387535095
          },
          {
            "X": 0.06273643672466278,
            "Y": 0.3030433654785156
          },
          {
            "X": 0.06286615878343582,
            "Y": 0.31643059849739075
          },
          {
            "X": 0,
            "Y": 0.3186056613922119
          }
        ]
      },
      "Id": "8f471831-2d92-4ff4-af86-d736bfa0f2d2",
      "Relationships": [
        {
          "Type": "CHILD",
          "Ids": [
            "b22cdd84-c53e-48a0-b692-0b65780bf0c1"
          ]
        }
      ],
      "Page": 1
    },
    {
      "BlockType": "LINE",
      "Confidence": 92.87353515625,
      "Text": "vida útil",
      "Geometry": {
        "BoundingBox": {
          "Width": 0.05284992605447769,
          "Height": 0.011449380777776241,
          "Left": 0.6193830370903015,
          "Top": 0.27822643518447876
        },
        "Polygon": [
          {
            "X": 0.6193830370903015,
            "Y": 0.28008466958999634
          },
          {
            "X": 0.6721675992012024,
            "Y": 0.27822643518447876
          },
          {
            "X": 0.672232985496521,
            "Y": 0.28783708810806274
          },
          {
            "X": 0.6194506883621216,
            "Y": 0.2896758019924164
          }
        ]
      },
      "Id": "9258b5a2-25b9-42cd-936b-8e0070425bd4",
      "Relationships": [
        {
          "Type": "CHILD",
          "Ids": [
            "e66eb32b-c68f-42d9-8052-84548dcbed71",
            "701c2af4-6bef-4227-936b-32c599fcc100"
          ]
        }
      ],
      "Page": 1
    },
    {
      "BlockType": "LINE",
      "Confidence": 99.67464447021484,
      "Text": "Tabular",
      "Geometry": {
        "BoundingBox": {
          "Width": 0.05267448350787163,
          "Height": 0.012619378045201302,
          "Left": 0.18600870668888092,
          "Top": 0.30081796646118164
        },
        "Polygon": [
          {
            "X": 0.18600870668888092,
            "Y": 0.302653968334198
          },
          {
            "X": 0.23858748376369476,
            "Y": 0.30081796646118164
          },
          {
            "X": 0.23868319392204285,
            "Y": 0.31162354350090027
          },
          {
            "X": 0.18610690534114838,
            "Y": 0.3134373724460602
          }
        ]
      },
      "Id": "a9f3d858-78b9-45ca-8151-4b1ff131f3c2",
      "Relationships": [
        {
          "Type": "CHILD",
          "Ids": [
            "b7df0107-1a81-4315-ab5c-45fb2bac7e1d"
          ]
        }
      ],
      "Page": 1
    },
    {
      "BlockType": "LINE",
      "Confidence": 99.10835266113281,
      "Text": "rotatividade",
      "Geometry": {
        "BoundingBox": {
          "Width": 0.06657959520816803,
          "Height": 0.011496028862893581,
          "Left": 0.3073577284812927,
          "Top": 0.29794207215309143
        },
        "Polygon": [
          {
            "X": 0.3073577284812927,
            "Y": 0.3002595603466034
          },
          {
            "X": 0.37386173009872437,
            "Y": 0.29794207215309143
          },
          {
            "X": 0.37393733859062195,
            "Y": 0.3071443736553192
          },
          {
            "X": 0.3074360489845276,
            "Y": 0.3094381093978882
          }
        ]
      },
      "Id": "3aeb3a26-242e-4234-b754-bacc755e4d60",
      "Relationships": [
        {
          "Type": "CHILD",
          "Ids": [
            "cb96f72c-cc41-4f2c-9ce3-60790f43ac74"
          ]
        }
      ],
      "Page": 1
    },
    {
      "BlockType": "LINE",
      "Confidence": 98.82579803466797,
      "Text": "preditiva",
      "Geometry": {
        "BoundingBox": {
          "Width": 0.05193880945444107,
          "Height": 0.012635735794901848,
          "Left": 0.4563627243041992,
          "Top": 0.29110297560691833
        },
        "Polygon": [
          {
            "X": 0.4563627243041992,
            "Y": 0.29291436076164246
          },
          {
            "X": 0.508219301700592,
            "Y": 0.29110297560691833
          },
          {
            "X": 0.5083015561103821,
            "Y": 0.30194908380508423
          },
          {
            "X": 0.45644742250442505,
            "Y": 0.30373871326446533
          }
        ]
      },
      "Id": "8fa887ba-5138-488e-870a-94d9ba1e91c6",
      "Relationships": [
        {
          "Type": "CHILD",
          "Ids": [
            "9ca1c211-0ac3-4eed-bdd3-8634f2f55a30"
          ]
        }
      ],
      "Page": 1
    },
    {
      "BlockType": "LINE",
      "Confidence": 99.59630584716797,
      "Text": "5",
      "Geometry": {
        "BoundingBox": {
          "Width": 0.010206390172243118,
          "Height": 0.012187265790998936,
          "Left": 0.0011026154970750213,
          "Top": 0.3255523443222046
        },
        "Polygon": [
          {
            "X": 0.0011026154970750213,
            "Y": 0.3258979916572571
          },
          {
            "X": 0.011191303841769695,
            "Y": 0.3255523443222046
          },
          {
            "X": 0.011309005320072174,
            "Y": 0.3373986780643463
          },
          {
            "X": 0.0012208367697894573,
            "Y": 0.33773961663246155
          }
        ]
      },
      "Id": "7056147b-9a6e-4661-85ff-e1650c5b006e",
      "Relationships": [
        {
          "Type": "CHILD",
          "Ids": [
            "cacaa880-ce28-4b3b-96dc-ff544431cefb"
          ]
        }
      ],
      "Page": 1
    },
    {
      "BlockType": "LINE",
      "Confidence": 97.39554595947266,
      "Text": "Séries",
      "Geometry": {
        "BoundingBox": {
          "Width": 0.04037982225418091,
          "Height": 0.011528653092682362,
          "Left": 0.18493780493736267,
          "Top": 0.33490079641342163
        },
        "Polygon": [
          {
            "X": 0.18493780493736267,
            "Y": 0.33625492453575134
          },
          {
            "X": 0.22522671520709991,
            "Y": 0.33490079641342163
          },
          {
            "X": 0.22531762719154358,
            "Y": 0.3450913727283478
          },
          {
            "X": 0.1850305199623108,
            "Y": 0.3464294672012329
          }
        ]
      },
      "Id": "c40b49bf-d033-4167-a0bd-a546bbdd0aa4",
      "Relationships": [
        {
          "Type": "CHILD",
          "Ids": [
            "f6b74859-bce3-4a5d-8659-51ecffea0033"
          ]
        }
      ],
      "Page": 1
    },
    {
      "BlockType": "LINE",
      "Confidence": 97.92794799804688,
      "Text": "Utilização de",
      "Geometry": {
        "BoundingBox": {
          "Width": 0.07599405199289322,
          "Height": 0.014252180233597755,
          "Left": 0.45630940794944763,
          "Top": 0.3199531137943268
        },
        "Polygon": [
          {
            "X": 0.45630940794944763,
            "Y": 0.32251790165901184
          },
          {
            "X": 0.53221595287323,
            "Y": 0.3199531137943268
          },
          {
            "X": 0.5323034524917603,
            "Y": 0.33167487382888794
          },
          {
            "X": 0.45640087127685547,
            "Y": 0.33420529961586
          }
        ]
      },
      "Id": "b62ca4cb-3f57-4504-a032-5ebacc2cb59f",
      "Relationships": [
        {
          "Type": "CHILD",
          "Ids": [
            "b5d7f8fc-2211-498e-b94f-ad106aaef6a2",
            "d0701ee9-92db-43b9-b4d4-a8ec25661cd5"
          ]
        }
      ],
      "Page": 1
    },
    {
      "BlockType": "LINE",
      "Confidence": 97.60746765136719,
      "Text": "Diagnóstico",
      "Geometry": {
        "BoundingBox": {
          "Width": 0.07592882961034775,
          "Height": 0.01390925608575344,
          "Left": 0.6196578145027161,
          "Top": 0.31136447191238403
        },
        "Polygon": [
          {
            "X": 0.6196578145027161,
            "Y": 0.31393635272979736
          },
          {
            "X": 0.6955105662345886,
            "Y": 0.31136447191238403
          },
          {
            "X": 0.6955866813659668,
            "Y": 0.3227349817752838
          },
          {
            "X": 0.6197377443313599,
            "Y": 0.3252737522125244
          }
        ]
      },
      "Id": "f26446fa-1e58-4370-8ff5-2b35bff67cb5",
      "Relationships": [
        {
          "Type": "CHILD",
          "Ids": [
            "53594355-1d03-4ea5-a66f-d81cf5005d7e"
          ]
        }
      ],
      "Page": 1
    },
    {
      "BlockType": "LINE",
      "Confidence": 98.8172607421875,
      "Text": "Previsão de",
      "Geometry": {
        "BoundingBox": {
          "Width": 0.06233787536621094,
          "Height": 0.010928256437182426,
          "Left": 0.30682075023651123,
          "Top": 0.32939350605010986
        },
        "Polygon": [
          {
            "X": 0.30682075023651123,
            "Y": 0.33148786425590515
          },
          {
            "X": 0.3690856695175171,
            "Y": 0.32939350605010986
          },
          {
            "X": 0.36915862560272217,
            "Y": 0.3382488191127777
          },
          {
            "X": 0.3068961501121521,
            "Y": 0.34032174944877625
          }
        ]
      },
      "Id": "bc605fbb-ddca-4953-9c35-f5a57b31b324",
      "Relationships": [
        {
          "Type": "CHILD",
          "Ids": [
            "7bd17ef6-1cd1-4050-97bc-c68c1a182556",
            "69ac9daa-8984-4df4-a967-59d16f11f79c"
          ]
        }
      ],
      "Page": 1
    },
    {
      "BlockType": "LINE",
      "Confidence": 99.35529327392578,
      "Text": "Temporais",
      "Geometry": {
        "BoundingBox": {
          "Width": 0.0707947313785553,
          "Height": 0.01390334777534008,
          "Left": 0.18477196991443634,
          "Top": 0.34544387459754944
        },
        "Polygon": [
          {
            "X": 0.18477196991443634,
            "Y": 0.34778812527656555
          },
          {
            "X": 0.25546494126319885,
            "Y": 0.34544387459754944
          },
          {
            "X": 0.25556671619415283,
            "Y": 0.35703492164611816
          },
          {
            "X": 0.18487732112407684,
            "Y": 0.3593471944332123
          }
        ]
      },
      "Id": "d57eaf18-f46f-4c82-9323-f493c8f2ab56",
      "Relationships": [
        {
          "Type": "CHILD",
          "Ids": [
            "5110ca0c-ef76-43f1-a163-475cce5ff6aa"
          ]
        }
      ],
      "Page": 1
    },
    {
      "BlockType": "LINE",
      "Confidence": 99.43498992919922,
      "Text": "vendas",
      "Geometry": {
        "BoundingBox": {
          "Width": 0.03820999339222908,
          "Height": 0.009188305586576462,
          "Left": 0.3060823976993561,
          "Top": 0.3409996032714844
        },
        "Polygon": [
          {
            "X": 0.3060823976993561,
            "Y": 0.342266708612442
          },
          {
            "X": 0.34422606229782104,
            "Y": 0.3409996032714844
          },
          {
            "X": 0.34429237246513367,
            "Y": 0.3489325940608978
          },
          {
            "X": 0.30615001916885376,
            "Y": 0.35018792748451233
          }
        ]
      },
      "Id": "940ab90b-cf00-4db2-9079-fd1beb44196b",
      "Relationships": [
        {
          "Type": "CHILD",
          "Ids": [
            "cbf93ce8-9cc5-40a2-9ca3-5df75f3d0684"
          ]
        }
      ],
      "Page": 1
    },
    {
      "BlockType": "LINE",
      "Confidence": 99.58658599853516,
      "Text": "capital",
      "Geometry": {
        "BoundingBox": {
          "Width": 0.03979683294892311,
          "Height": 0.011227214708924294,
          "Left": 0.45629799365997314,
          "Top": 0.3334156572818756
        },
        "Polygon": [
          {
            "X": 0.45629799365997314,
            "Y": 0.3347390294075012
          },
          {
            "X": 0.49601906538009644,
            "Y": 0.3334156572818756
          },
          {
            "X": 0.49609482288360596,
            "Y": 0.34333470463752747
          },
          {
            "X": 0.45637550950050354,
            "Y": 0.34464284777641296
          }
        ]
      },
      "Id": "d578049e-486d-43fe-b64e-9e39bda16ad8",
      "Relationships": [
        {
          "Type": "CHILD",
          "Ids": [
            "0ab107b3-bf96-4188-b102-103b4a5b57bb"
          ]
        }
      ],
      "Page": 1
    },
    {
      "BlockType": "LINE",
      "Confidence": 98.75102996826172,
      "Text": "preditivo",
      "Geometry": {
        "BoundingBox": {
          "Width": 0.05773373693227768,
          "Height": 0.012733250856399536,
          "Left": 0.6195051670074463,
          "Top": 0.323703408241272
        },
        "Polygon": [
          {
            "X": 0.6195051670074463,
            "Y": 0.32563260197639465
          },
          {
            "X": 0.6771655082702637,
            "Y": 0.323703408241272
          },
          {
            "X": 0.677238941192627,
            "Y": 0.33453142642974854
          },
          {
            "X": 0.619581401348114,
            "Y": 0.3364366590976715
          }
        ]
      },
      "Id": "aa14d396-f40b-4b65-93f3-90ff939def13",
      "Relationships": [
        {
          "Type": "CHILD",
          "Ids": [
            "7561ee6b-f9c1-49ff-ac72-aaa30af32f2e"
          ]
        }
      ],
      "Page": 1
    },
    {
      "BlockType": "LINE",
      "Confidence": 97.77177429199219,
      "Text": "Detecção de",
      "Geometry": {
        "BoundingBox": {
          "Width": 0.06622786074876785,
          "Height": 0.011782243847846985,
          "Left": 0.30568748712539673,
          "Top": 0.3707229793071747
        },
        "Polygon": [
          {
            "X": 0.30568748712539673,
            "Y": 0.3728419244289398
          },
          {
            "X": 0.3718356490135193,
            "Y": 0.3707229793071747
          },
          {
            "X": 0.371915340423584,
            "Y": 0.38041114807128906
          },
          {
            "X": 0.30577003955841064,
            "Y": 0.3825052082538605
          }
        ]
      },
      "Id": "0f5a32f4-32ad-4574-9df2-0921746e4f60",
      "Relationships": [
        {
          "Type": "CHILD",
          "Ids": [
            "c20ca314-8e1f-49ee-a94b-65586b80edbb",
            "8e69205b-19c6-47db-b351-2ca72c47a653"
          ]
        }
      ],
      "Page": 1
    },
    {
      "BlockType": "LINE",
      "Confidence": 99.45492553710938,
      "Text": "CV",
      "Geometry": {
        "BoundingBox": {
          "Width": 0.018435142934322357,
          "Height": 0.009834899567067623,
          "Left": 0.18341131508350372,
          "Top": 0.38203293085098267
        },
        "Polygon": [
          {
            "X": 0.18341131508350372,
            "Y": 0.3826166093349457
          },
          {
            "X": 0.20176281034946442,
            "Y": 0.38203293085098267
          },
          {
            "X": 0.20184645056724548,
            "Y": 0.3912908136844635
          },
          {
            "X": 0.18349570035934448,
            "Y": 0.39186781644821167
          }
        ]
      },
      "Id": "338b505d-2ec8-4fb6-80ae-c24327dd0f97",
      "Relationships": [
        {
          "Type": "CHILD",
          "Ids": [
            "675c8892-2dd8-473e-8100-65a5990a490d"
          ]
        }
      ],
      "Page": 1
    },
    {
      "BlockType": "LINE",
      "Confidence": 97.24242401123047,
      "Text": "Verificação de",
      "Geometry": {
        "BoundingBox": {
          "Width": 0.08334541320800781,
          "Height": 0.013796068727970123,
          "Left": 0.4553459584712982,
          "Top": 0.36462610960006714
        },
        "Polygon": [
          {
            "X": 0.4553459584712982,
            "Y": 0.3672957122325897
          },
          {
            "X": 0.5386083722114563,
            "Y": 0.36462610960006714
          },
          {
            "X": 0.5386914014816284,
            "Y": 0.37578845024108887
          },
          {
            "X": 0.4554331302642822,
            "Y": 0.37842217087745667
          }
        ]
      },
      "Id": "69028616-01d3-4328-87d3-a8588924dc7e",
      "Relationships": [
        {
          "Type": "CHILD",
          "Ids": [
            "4ec0446e-a3b3-4fec-b5dc-89fdf6beac30",
            "54e256fc-69b3-43f4-bc5c-1cedc9b6aacf"
          ]
        }
      ],
      "Page": 1
    },
    {
      "BlockType": "LINE",
      "Confidence": 97.59622955322266,
      "Text": "Monitorar",
      "Geometry": {
        "BoundingBox": {
          "Width": 0.0650504007935524,
          "Height": 0.010943824425339699,
          "Left": 0.6191204786300659,
          "Top": 0.35740020871162415
        },
        "Polygon": [
          {
            "X": 0.6191204786300659,
            "Y": 0.3594903349876404
          },
          {
            "X": 0.6841109991073608,
            "Y": 0.35740020871162415
          },
          {
            "X": 0.6841709017753601,
            "Y": 0.3662760555744171
          },
          {
            "X": 0.6191829442977905,
            "Y": 0.3683440387248993
          }
        ]
      },
      "Id": "ffcbb0f5-6aae-486b-82f0-be68c9404dae",
      "Relationships": [
        {
          "Type": "CHILD",
          "Ids": [
            "8a078b06-2596-460d-a5b3-f3a73230da80"
          ]
        }
      ],
      "Page": 1
    },
    {
      "BlockType": "LINE",
      "Confidence": 99.57380676269531,
      "Text": "defeitos",
      "Geometry": {
        "BoundingBox": {
          "Width": 0.04468733072280884,
          "Height": 0.009276751428842545,
          "Left": 0.3052906095981598,
          "Top": 0.3818187713623047
        },
        "Polygon": [
          {
            "X": 0.3052906095981598,
            "Y": 0.38323017954826355
          },
          {
            "X": 0.34991228580474854,
            "Y": 0.3818187713623047
          },
          {
            "X": 0.34997794032096863,
            "Y": 0.38969776034355164
          },
          {
            "X": 0.30535781383514404,
            "Y": 0.39109551906585693
          }
        ]
      },
      "Id": "bd685e7b-81fb-4e08-b2c4-b1dc988aafae",
      "Relationships": [
        {
          "Type": "CHILD",
          "Ids": [
            "03e9925e-f92d-47dc-acf4-c0e0a9a464ee"
          ]
        }
      ],
      "Page": 1
    },
    {
      "BlockType": "LINE",
      "Confidence": 99.82911682128906,
      "Text": "montagem",
      "Geometry": {
        "BoundingBox": {
          "Width": 0.06361138820648193,
          "Height": 0.011315585114061832,
          "Left": 0.4558050334453583,
          "Top": 0.37745368480682373
        },
        "Polygon": [
          {
            "X": 0.4558050334453583,
            "Y": 0.3794611096382141
          },
          {
            "X": 0.5193461775779724,
            "Y": 0.37745368480682373
          },
          {
            "X": 0.5194163918495178,
            "Y": 0.38678473234176636
          },
          {
            "X": 0.4558779001235962,
            "Y": 0.388769268989563
          }
        ]
      },
      "Id": "723756bc-1f0a-421b-96e3-6600a07461b3",
      "Relationships": [
        {
          "Type": "CHILD",
          "Ids": [
            "57cdcc39-f9cf-4723-8a46-0d2eee53177d"
          ]
        }
      ],
      "Page": 1
    },
    {
      "BlockType": "LINE",
      "Confidence": 97.12152099609375,
      "Text": "produção",
      "Geometry": {
        "BoundingBox": {
          "Width": 0.06092703714966774,
          "Height": 0.012968013063073158,
          "Left": 0.6190174221992493,
          "Top": 0.36838817596435547
        },
        "Polygon": [
          {
            "X": 0.6190174221992493,
            "Y": 0.3703199326992035
          },
          {
            "X": 0.6798695921897888,
            "Y": 0.36838817596435547
          },
          {
            "X": 0.6799444556236267,
            "Y": 0.379450261592865
          },
          {
            "X": 0.6190953254699707,
            "Y": 0.3813561797142029
          }
        ]
      },
      "Id": "fb3fdd3d-74bb-4716-9792-f4a228ff9f61",
      "Relationships": [
        {
          "Type": "CHILD",
          "Ids": [
            "05beac50-459b-418f-8339-a216baeb4c40"
          ]
        }
      ],
      "Page": 1
    },
    {
      "BlockType": "LINE",
      "Confidence": 99.88798522949219,
      "Text": "NLP",
      "Geometry": {
        "BoundingBox": {
          "Width": 0.02721630223095417,
          "Height": 0.010197915136814117,
          "Left": 0.1812174767255783,
          "Top": 0.420861154794693
        },
        "Polygon": [
          {
            "X": 0.1812174767255783,
            "Y": 0.42168280482292175
          },
          {
            "X": 0.20834924280643463,
            "Y": 0.420861154794693
          },
          {
            "X": 0.20843377709388733,
            "Y": 0.43024733662605286
          },
          {
            "X": 0.18130311369895935,
            "Y": 0.4310590624809265
          }
        ]
      },
      "Id": "e180de51-b80f-41d4-8bbc-b22ed004dda5",
      "Relationships": [
        {
          "Type": "CHILD",
          "Ids": [
            "088f1824-2f7c-4626-bc93-f42dc64da7ad"
          ]
        }
      ],
      "Page": 1
    },
    {
      "BlockType": "LINE",
      "Confidence": 98.04998016357422,
      "Text": "Documentação",
      "Geometry": {
        "BoundingBox": {
          "Width": 0.08191373944282532,
          "Height": 0.012411925010383129,
          "Left": 0.30464136600494385,
          "Top": 0.41124409437179565
        },
        "Polygon": [
          {
            "X": 0.30464136600494385,
            "Y": 0.4137357473373413
          },
          {
            "X": 0.3864738941192627,
            "Y": 0.41124409437179565
          },
          {
            "X": 0.38655510544776917,
            "Y": 0.42119601368904114
          },
          {
            "X": 0.30472618341445923,
            "Y": 0.42365604639053345
          }
        ]
      },
      "Id": "f3d7e5fb-6b48-4c8d-b2de-3e4b082f3b91",
      "Relationships": [
        {
          "Type": "CHILD",
          "Ids": [
            "505a3296-746a-4c61-9b99-945a086dfe6e"
          ]
        }
      ],
      "Page": 1
    },
    {
      "BlockType": "LINE",
      "Confidence": 98.79912567138672,
      "Text": "Análise de",
      "Geometry": {
        "BoundingBox": {
          "Width": 0.06086021289229393,
          "Height": 0.010352748446166515,
          "Left": 0.4545707404613495,
          "Top": 0.4081755578517914
        },
        "Polygon": [
          {
            "X": 0.4545707404613495,
            "Y": 0.4100246727466583
          },
          {
            "X": 0.5153666138648987,
            "Y": 0.4081755578517914
          },
          {
            "X": 0.5154309868812561,
            "Y": 0.41669923067092896
          },
          {
            "X": 0.4546373784542084,
            "Y": 0.41852831840515137
          }
        ]
      },
      "Id": "972e0f38-5777-4e3a-90e6-dcdcd77361da",
      "Relationships": [
        {
          "Type": "CHILD",
          "Ids": [
            "dbf35324-da2d-4c11-b3b2-cb0713eb6a57",
            "c200665e-c03f-4217-92a4-4cc2d3881301"
          ]
        }
      ],
      "Page": 1
    },
    {
      "BlockType": "LINE",
      "Confidence": 98.697021484375,
      "Text": "Extração de",
      "Geometry": {
        "BoundingBox": {
          "Width": 0.07556068897247314,
          "Height": 0.012854556553065777,
          "Left": 0.6190235018730164,
          "Top": 0.4008689820766449
        },
        "Polygon": [
          {
            "X": 0.6190235018730164,
            "Y": 0.4031703770160675
          },
          {
            "X": 0.6945133209228516,
            "Y": 0.4008689820766449
          },
          {
            "X": 0.6945841908454895,
            "Y": 0.4114528298377991
          },
          {
            "X": 0.6190980076789856,
            "Y": 0.41372355818748474
          }
        ]
      },
      "Id": "785b63c8-79a4-4af8-97e0-63724041b2af",
      "Relationships": [
        {
          "Type": "CHILD",
          "Ids": [
            "93c98213-9ac9-4d49-9734-613de282aea2",
            "42ed549a-58ae-41a1-895f-c49e21b26301"
          ]
        }
      ],
      "Page": 1
    },
    {
      "BlockType": "LINE",
      "Confidence": 99.61327362060547,
      "Text": "do processo",
      "Geometry": {
        "BoundingBox": {
          "Width": 0.06464490294456482,
          "Height": 0.011284762062132359,
          "Left": 0.3045249581336975,
          "Top": 0.4222515821456909
        },
        "Polygon": [
          {
            "X": 0.3045249581336975,
            "Y": 0.42419135570526123
          },
          {
            "X": 0.3690926432609558,
            "Y": 0.4222515821456909
          },
          {
            "X": 0.36916986107826233,
            "Y": 0.4316200911998749
          },
          {
            "X": 0.3046048581600189,
            "Y": 0.4335363507270813
          }
        ]
      },
      "Id": "f8f432b6-afb9-4879-9a4f-eb06d9b12ae1",
      "Relationships": [
        {
          "Type": "CHILD",
          "Ids": [
            "e54c914b-5bbe-49ea-ac99-0d2a1911d6f8",
            "ef55f0d0-71bb-4188-87c4-1f3d895c495c"
          ]
        }
      ],
      "Page": 1
    },
    {
      "BlockType": "LINE",
      "Confidence": 99.48356628417969,
      "Text": "sentimentos",
      "Geometry": {
        "BoundingBox": {
          "Width": 0.07310586422681808,
          "Height": 0.010390771552920341,
          "Left": 0.45445185899734497,
          "Top": 0.41843652725219727
        },
        "Polygon": [
          {
            "X": 0.45445185899734497,
            "Y": 0.42062827944755554
          },
          {
            "X": 0.5274960994720459,
            "Y": 0.41843652725219727
          },
          {
            "X": 0.5275577306747437,
            "Y": 0.4266586899757385
          },
          {
            "X": 0.45451611280441284,
            "Y": 0.42882728576660156
          }
        ]
      },
      "Id": "ddedd272-89d0-4923-aff5-b7b02c5675e5",
      "Relationships": [
        {
          "Type": "CHILD",
          "Ids": [
            "26e503d0-53eb-417c-9bec-3c5eb6a44b9f"
          ]
        }
      ],
      "Page": 1
    },
    {
      "BlockType": "LINE",
      "Confidence": 99.56675720214844,
      "Text": "entidades",
      "Geometry": {
        "BoundingBox": {
          "Width": 0.06341205537319183,
          "Height": 0.010496214963495731,
          "Left": 0.6189734935760498,
          "Top": 0.41278740763664246
        },
        "Polygon": [
          {
            "X": 0.6189734935760498,
            "Y": 0.4146908223628998
          },
          {
            "X": 0.6823273301124573,
            "Y": 0.41278740763664246
          },
          {
            "X": 0.6823855638504028,
            "Y": 0.42140111327171326
          },
          {
            "X": 0.6190341711044312,
            "Y": 0.4232836067676544
          }
        ]
      },
      "Id": "c316b0fd-9166-4c39-8a5f-28b0702bc68e",
      "Relationships": [
        {
          "Type": "CHILD",
          "Ids": [
            "32ff03f4-bfd5-441a-bf55-c52656cbc80f"
          ]
        }
      ],
      "Page": 1
    },
    {
      "BlockType": "WORD",
      "Confidence": 97.04997253417969,
      "Text": "Cloud",
      "TextType": "PRINTED",
      "Geometry": {
        "BoundingBox": {
          "Width": 0.02407243847846985,
          "Height": 0.007021124009042978,
          "Left": 0.6925293207168579,
          "Top": 0.17414095997810364
        },
        "Polygon": [
          {
            "X": 0.6925293207168579,
            "Y": 0.17508108913898468
          },
          {
            "X": 0.7165616154670715,
            "Y": 0.17414095997810364
          },
          {
            "X": 0.7166017293930054,
            "Y": 0.18022754788398743
          },
          {
            "X": 0.6925700306892395,
            "Y": 0.18116207420825958
          }
        ]
      },
      "Id": "e052400a-bf5a-4aed-9f3d-2a5c5cd91cb7",
      "Page": 1
    },
    {
      "BlockType": "WORD",
      "Confidence": 88.96524047851562,
      "Text": "aws",
      "TextType": "PRINTED",
      "Geometry": {
        "BoundingBox": {
          "Width": 0.04416218027472496,
          "Height": 0.013946818187832832,
          "Left": 0.621386706829071,
          "Top": 0.1788378208875656
        },
        "Polygon": [
          {
            "X": 0.621386706829071,
            "Y": 0.18055760860443115
          },
          {
            "X": 0.665465235710144,
            "Y": 0.1788378208875656
          },
          {
            "X": 0.6655488610267639,
            "Y": 0.1910856068134308
          },
          {
            "X": 0.6214727759361267,
            "Y": 0.1927846372127533
          }
        ]
      },
      "Id": "d0e9e1dc-62e5-4a95-a5d1-7cd5ef5f1e08",
      "Page": 1
    },
    {
      "BlockType": "WORD",
      "Confidence": 99.57838439941406,
      "Text": "Experience",
      "TextType": "PRINTED",
      "Geometry": {
        "BoundingBox": {
          "Width": 0.044885165989398956,
          "Height": 0.009004892781376839,
          "Left": 0.6927340626716614,
          "Top": 0.18039049208164215
        },
        "Polygon": [
          {
            "X": 0.6927340626716614,
            "Y": 0.18213243782520294
          },
          {
            "X": 0.7375720143318176,
            "Y": 0.18039049208164215
          },
          {
            "X": 0.7376192212104797,
            "Y": 0.1876659393310547
          },
          {
            "X": 0.6927827000617981,
            "Y": 0.18939538300037384
          }
        ]
      },
      "Id": "2609d663-1d46-4923-b6ea-f371ffb98680",
      "Page": 1
    },
    {
      "BlockType": "WORD",
      "Confidence": 94.90602111816406,
      "Text": "Aplicações",
      "TextType": "PRINTED",
      "Geometry": {
        "BoundingBox": {
          "Width": 0.09267263114452362,
          "Height": 0.023799872025847435,
          "Left": 0.13210929930210114,
          "Top": 0.2138863205909729
        },
        "Polygon": [
          {
            "X": 0.13210929930210114,
            "Y": 0.2174307405948639
          },
          {
            "X": 0.22460059821605682,
            "Y": 0.2138863205909729
          },
          {
            "X": 0.22478193044662476,
            "Y": 0.23421527445316315
          },
          {
            "X": 0.13229884207248688,
            "Y": 0.2376861870288849
          }
        ]
      },
      "Id": "da170e73-8038-4b9d-a4e1-b1e94ee34f3e",
      "Page": 1
    },
    {
      "BlockType": "WORD",
      "Confidence": 99.74961853027344,
      "Text": "para",
      "TextType": "PRINTED",
      "Geometry": {
        "BoundingBox": {
          "Width": 0.03972814977169037,
          "Height": 0.016019411385059357,
          "Left": 0.22929736971855164,
          "Top": 0.21224652230739594
        },
        "Polygon": [
          {
            "X": 0.22929736971855164,
            "Y": 0.2137640416622162
          },
          {
            "X": 0.26889902353286743,
            "Y": 0.21224652230739594
          },
          {
            "X": 0.2690255343914032,
            "Y": 0.22677086293697357
          },
          {
            "X": 0.22942639887332916,
            "Y": 0.2282659262418747
          }
        ]
      },
      "Id": "c29351d1-01d6-4a34-b21b-325c8e698048",
      "Page": 1
    },
    {
      "BlockType": "WORD",
      "Confidence": 78.48385620117188,
      "Text": "o",
      "TextType": "PRINTED",
      "Geometry": {
        "BoundingBox": {
          "Width": 0.01129992213100195,
          "Height": 0.010289499536156654,
          "Left": 0.2747659981250763,
          "Top": 0.2105807214975357
        },
        "Polygon": [
          {
            "X": 0.2747659981250763,
            "Y": 0.2110109031200409
          },
          {
            "X": 0.28598082065582275,
            "Y": 0.2105807214975357
          },
          {
            "X": 0.286065936088562,
            "Y": 0.22044435143470764
          },
          {
            "X": 0.27485162019729614,
            "Y": 0.2208702117204666
          }
        ]
      },
      "Id": "661c4970-5577-479c-b06e-fa90ee76b279",
      "Page": 1
    },
    {
      "BlockType": "WORD",
      "Confidence": 98.72565460205078,
      "Text": "SageMaker",
      "TextType": "PRINTED",
      "Geometry": {
        "BoundingBox": {
          "Width": 0.10619933158159256,
          "Height": 0.023701662197709084,
          "Left": 0.2905122637748718,
          "Top": 0.1979311853647232
        },
        "Polygon": [
          {
            "X": 0.2905122637748718,
            "Y": 0.20203322172164917
          },
          {
            "X": 0.39655211567878723,
            "Y": 0.1979311853647232
          },
          {
            "X": 0.3967115879058838,
            "Y": 0.2176118791103363
          },
          {
            "X": 0.2906809449195862,
            "Y": 0.22163285315036774
          }
        ]
      },
      "Id": "939d2125-41ed-4a55-a8f4-b35a495d5c29",
      "Page": 1
    },
    {
      "BlockType": "WORD",
      "Confidence": 98.92557525634766,
      "Text": "Canvas",
      "TextType": "PRINTED",
      "Geometry": {
        "BoundingBox": {
          "Width": 0.07021917402744293,
          "Height": 0.015359412878751755,
          "Left": 0.4024488925933838,
          "Top": 0.19285926222801208
        },
        "Polygon": [
          {
            "X": 0.4024488925933838,
            "Y": 0.19557757675647736
          },
          {
            "X": 0.47256991267204285,
            "Y": 0.19285926222801208
          },
          {
            "X": 0.4726680815219879,
            "Y": 0.20553478598594666
          },
          {
            "X": 0.40255099534988403,
            "Y": 0.20821867883205414
          }
        ]
      },
      "Id": "a78e2ebb-415d-4857-b1c7-972e704e031c",
      "Page": 1
    },
    {
      "BlockType": "WORD",
      "Confidence": 43.655296325683594,
      "Text": "7",
      "TextType": "PRINTED",
      "Geometry": {
        "BoundingBox": {
          "Width": 0.006405279505997896,
          "Height": 0.008791718631982803,
          "Left": 0.6609792113304138,
          "Top": 0.19029787182807922
        },
        "Polygon": [
          {
            "X": 0.6609792113304138,
            "Y": 0.19054271280765533
          },
          {
            "X": 0.6673262119293213,
            "Y": 0.19029787182807922
          },
          {
            "X": 0.6673845052719116,
            "Y": 0.19884684681892395
          },
          {
            "X": 0.661037802696228,
            "Y": 0.19908960163593292
          }
        ]
      },
      "Id": "853847b2-19e5-4f6b-b86f-ee77cf034de8",
      "Page": 1
    },
    {
      "BlockType": "WORD",
      "Confidence": 99.87869262695312,
      "Text": "2025",
      "TextType": "PRINTED",
      "Geometry": {
        "BoundingBox": {
          "Width": 0.020207012072205544,
          "Height": 0.006604980677366257,
          "Left": 0.6925413608551025,
          "Top": 0.18985821306705475
        },
        "Polygon": [
          {
            "X": 0.6925413608551025,
            "Y": 0.19063520431518555
          },
          {
            "X": 0.7127098441123962,
            "Y": 0.18985821306705475
          },
          {
            "X": 0.7127484083175659,
            "Y": 0.19569070637226105
          },
          {
            "X": 0.6925804615020752,
            "Y": 0.1964631825685501
          }
        ]
      },
      "Id": "a7d79220-b7c5-41d6-af16-68463445e6f6",
      "Page": 1
    },
    {
      "BlockType": "WORD",
      "Confidence": 90.69831848144531,
      "Text": "Geração",
      "TextType": "PRINTED",
      "Geometry": {
        "BoundingBox": {
          "Width": 0.05123463645577431,
          "Height": 0.012471807189285755,
          "Left": 0.6200756430625916,
          "Top": 0.22440923750400543
        },
        "Polygon": [
          {
            "X": 0.6200756430625916,
            "Y": 0.22631578147411346
          },
          {
            "X": 0.6712382435798645,
            "Y": 0.22440923750400543
          },
          {
            "X": 0.6713102459907532,
            "Y": 0.23499532043933868
          },
          {
            "X": 0.620150089263916,
            "Y": 0.2368810474872589
          }
        ]
      },
      "Id": "dff10e34-48e9-405f-806b-b2e170c507b9",
      "Page": 1
    },
    {
      "BlockType": "WORD",
      "Confidence": 99.87822723388672,
      "Text": "de",
      "TextType": "PRINTED",
      "Geometry": {
        "BoundingBox": {
          "Width": 0.01581363007426262,
          "Height": 0.009622817859053612,
          "Left": 0.6746176481246948,
          "Top": 0.22236484289169312
        },
        "Polygon": [
          {
            "X": 0.6746176481246948,
            "Y": 0.2229526787996292
          },
          {
            "X": 0.6903706192970276,
            "Y": 0.22236484289169312
          },
          {
            "X": 0.6904312968254089,
            "Y": 0.2314053177833557
          },
          {
            "X": 0.6746789813041687,
            "Y": 0.23198767006397247
          }
        ]
      },
      "Id": "84bafb50-3c1b-4d21-b70c-1f487d1ab889",
      "Page": 1
    },
    {
      "BlockType": "WORD",
      "Confidence": 97.7399673461914,
      "Text": "Documentação",
      "TextType": "PRINTED",
      "Geometry": {
        "BoundingBox": {
          "Width": 0.0808214470744133,
          "Height": 0.014432486146688461,
          "Left": 0.30836227536201477,
          "Top": 0.2521861791610718
        },
        "Polygon": [
          {
            "X": 0.30836227536201477,
            "Y": 0.2551405429840088
          },
          {
            "X": 0.389089971780777,
            "Y": 0.2521861791610718
          },
          {
            "X": 0.38918372988700867,
            "Y": 0.2637004256248474
          },
          {
            "X": 0.3084601163864136,
            "Y": 0.26661866903305054
          }
        ]
      },
      "Id": "562b76d3-4093-4c83-829f-d123cd551da4",
      "Page": 1
    },
    {
      "BlockType": "WORD",
      "Confidence": 91.72016143798828,
      "Text": "técnica",
      "TextType": "PRINTED",
      "Geometry": {
        "BoundingBox": {
          "Width": 0.0403020866215229,
          "Height": 0.010645909234881401,
          "Left": 0.3917046785354614,
          "Top": 0.248700350522995
        },
        "Polygon": [
          {
            "X": 0.3917046785354614,
            "Y": 0.2501755952835083
          },
          {
            "X": 0.43193385004997253,
            "Y": 0.248700350522995
          },
          {
            "X": 0.4320067763328552,
            "Y": 0.2578853666782379
          },
          {
            "X": 0.39177924394607544,
            "Y": 0.25934624671936035
          }
        ]
      },
      "Id": "1800c2e8-9e70-400e-8bbf-af937dd219bd",
      "Page": 1
    },
    {
      "BlockType": "WORD",
      "Confidence": 97.89886474609375,
      "Text": "Perguntas",
      "TextType": "PRINTED",
      "Geometry": {
        "BoundingBox": {
          "Width": 0.05943255499005318,
          "Height": 0.01284414529800415,
          "Left": 0.4570868909358978,
          "Top": 0.24294503033161163
        },
        "Polygon": [
          {
            "X": 0.4570868909358978,
            "Y": 0.2451275885105133
          },
          {
            "X": 0.516438901424408,
            "Y": 0.24294503033161163
          },
          {
            "X": 0.5165194272994995,
            "Y": 0.2536311447620392
          },
          {
            "X": 0.4571702480316162,
            "Y": 0.255789190530777
          }
        ]
      },
      "Id": "278f0241-d40f-46cb-9a31-a5bd8f9da7a7",
      "Page": 1
    },
    {
      "BlockType": "WORD",
      "Confidence": 99.42070770263672,
      "Text": "e",
      "TextType": "PRINTED",
      "Geometry": {
        "BoundingBox": {
          "Width": 0.007514024619013071,
          "Height": 0.006714269518852234,
          "Left": 0.5190894603729248,
          "Top": 0.2430003583431244
        },
        "Polygon": [
          {
            "X": 0.5190894603729248,
            "Y": 0.2432747781276703
          },
          {
            "X": 0.5265552401542664,
            "Y": 0.2430003583431244
          },
          {
            "X": 0.5266035199165344,
            "Y": 0.24944207072257996
          },
          {
            "X": 0.5191379189491272,
            "Y": 0.24971462786197662
          }
        ]
      },
      "Id": "3cc816ea-ded9-4378-8482-0149f0145c26",
      "Page": 1
    },
    {
      "BlockType": "WORD",
      "Confidence": 98.93755340576172,
      "Text": "respostas",
      "TextType": "PRINTED",
      "Geometry": {
        "BoundingBox": {
          "Width": 0.05776417255401611,
          "Height": 0.012915007770061493,
          "Left": 0.5295970439910889,
          "Top": 0.23746971786022186
        },
        "Polygon": [
          {
            "X": 0.5295970439910889,
            "Y": 0.2395973652601242
          },
          {
            "X": 0.5872833728790283,
            "Y": 0.23746971786022186
          },
          {
            "X": 0.587361216545105,
            "Y": 0.24828112125396729
          },
          {
            "X": 0.52967768907547,
            "Y": 0.25038471817970276
          }
        ]
      },
      "Id": "2a561440-9700-434b-970e-7ebc44ee4084",
      "Page": 1
    },
    {
      "BlockType": "WORD",
      "Confidence": 99.9678726196289,
      "Text": "design",
      "TextType": "PRINTED",
      "Geometry": {
        "BoundingBox": {
          "Width": 0.04128740355372429,
          "Height": 0.011458246037364006,
          "Left": 0.6199493408203125,
          "Top": 0.23628580570220947
        },
        "Polygon": [
          {
            "X": 0.6199493408203125,
            "Y": 0.23780366778373718
          },
          {
            "X": 0.6611685156822205,
            "Y": 0.23628580570220947
          },
          {
            "X": 0.6612367630004883,
            "Y": 0.2462419718503952
          },
          {
            "X": 0.6200193762779236,
            "Y": 0.24774405360221863
          }
        ]
      },
      "Id": "c2f76bfd-adec-412b-8174-2208ad540a3f",
      "Page": 1
    },
    {
      "BlockType": "WORD",
      "Confidence": 99.71749877929688,
      "Text": "IA",
      "TextType": "PRINTED",
      "Geometry": {
        "BoundingBox": {
          "Width": 0.014010661281645298,
          "Height": 0.009969033300876617,
          "Left": 0.1884404718875885,
          "Top": 0.26603370904922485
        },
        "Polygon": [
          {
            "X": 0.1884404718875885,
            "Y": 0.2665395140647888
          },
          {
            "X": 0.2023656666278839,
            "Y": 0.26603370904922485
          },
          {
            "X": 0.20245112478733063,
            "Y": 0.27550211548805237
          },
          {
            "X": 0.18852652609348297,
            "Y": 0.27600276470184326
          }
        ]
      },
      "Id": "05d96310-7dff-4481-b51d-a9d262a9f7d9",
      "Page": 1
    },
    {
      "BlockType": "WORD",
      "Confidence": 98.7695083618164,
      "Text": "Generativa",
      "TextType": "PRINTED",
      "Geometry": {
        "BoundingBox": {
          "Width": 0.07397595047950745,
          "Height": 0.014677378349006176,
          "Left": 0.20544806122779846,
          "Top": 0.25996214151382446
        },
        "Polygon": [
          {
            "X": 0.20544806122779846,
            "Y": 0.2626548111438751
          },
          {
            "X": 0.2793198823928833,
            "Y": 0.25996214151382446
          },
          {
            "X": 0.2794240117073059,
            "Y": 0.27198147773742676
          },
          {
            "X": 0.20555606484413147,
            "Y": 0.2746395170688629
          }
        ]
      },
      "Id": "5dd30891-5ae9-445a-88ab-55e83b066845",
      "Page": 1
    },
    {
      "BlockType": "WORD",
      "Confidence": 98.97705841064453,
      "Text": "ud",
      "TextType": "PRINTED",
      "Geometry": {
        "BoundingBox": {
          "Width": 0.02136957086622715,
          "Height": 0.014242160134017467,
          "Left": 0,
          "Top": 0.28550365567207336
        },
        "Polygon": [
          {
            "X": 0,
            "Y": 0.2862786650657654
          },
          {
            "X": 0.021236319094896317,
            "Y": 0.28550365567207336
          },
          {
            "X": 0.02136957086622715,
            "Y": 0.29898229241371155
          },
          {
            "X": 0,
            "Y": 0.2997457981109619
          }
        ]
      },
      "Id": "a46d11b1-a320-4ad5-b7fc-7e7fb44405f7",
      "Page": 1
    },
    {
      "BlockType": "WORD",
      "Confidence": 96.47220611572266,
      "Text": "Previsão",
      "TextType": "PRINTED",
      "Geometry": {
        "BoundingBox": {
          "Width": 0.05370830371975899,
          "Height": 0.011405867524445057,
          "Left": 0.6202065944671631,
          "Top": 0.26694634556770325
        },
        "Polygon": [
          {
            "X": 0.6202065944671631,
            "Y": 0.26885783672332764
          },
          {
            "X": 0.6738502383232117,
            "Y": 0.26694634556770325
          },
          {
            "X": 0.6739148497581482,
            "Y": 0.27646031975746155
          },
          {
            "X": 0.6202734708786011,
            "Y": 0.27835220098495483
          }
        ]
      },
      "Id": "b8c083cb-3aae-450e-9fb2-29bb13701ff5",
      "Page": 1
    },
    {
      "BlockType": "WORD",
      "Confidence": 99.90133666992188,
      "Text": "de",
      "TextType": "PRINTED",
      "Geometry": {
        "BoundingBox": {
          "Width": 0.01620321534574032,
          "Height": 0.009389963001012802,
          "Left": 0.6773885488510132,
          "Top": 0.26582711935043335
        },
        "Polygon": [
          {
            "X": 0.6773885488510132,
            "Y": 0.26640263199806213
          },
          {
            "X": 0.6935327053070068,
            "Y": 0.26582711935043335
          },
          {
            "X": 0.6935917735099792,
            "Y": 0.2746469974517822
          },
          {
            "X": 0.6774482727050781,
            "Y": 0.27521708607673645
          }
        ]
      },
      "Id": "1e46bd3a-419f-4508-8469-07fd4a2dcec3",
      "Page": 1
    },
    {
      "BlockType": "WORD",
      "Confidence": 96.40593719482422,
      "Text": "Previsão",
      "TextType": "PRINTED",
      "Geometry": {
        "BoundingBox": {
          "Width": 0.04602649062871933,
          "Height": 0.010363826528191566,
          "Left": 0.3072302043437958,
          "Top": 0.28865301609039307
        },
        "Polygon": [
          {
            "X": 0.3072302043437958,
            "Y": 0.29027220606803894
          },
          {
            "X": 0.3531838655471802,
            "Y": 0.28865301609039307
          },
          {
            "X": 0.3532567024230957,
            "Y": 0.29741331934928894
          },
          {
            "X": 0.3073047995567322,
            "Y": 0.2990168333053589
          }
        ]
      },
      "Id": "6ecf658e-e129-4a87-b95d-f10b0e64b076",
      "Page": 1
    },
    {
      "BlockType": "WORD",
      "Confidence": 99.89220428466797,
      "Text": "de",
      "TextType": "PRINTED",
      "Geometry": {
        "BoundingBox": {
          "Width": 0.0136026069521904,
          "Height": 0.00882145669311285,
          "Left": 0.35603243112564087,
          "Top": 0.28788965940475464
        },
        "Polygon": [
          {
            "X": 0.35603243112564087,
            "Y": 0.2883666157722473
          },
          {
            "X": 0.36956629157066345,
            "Y": 0.28788965940475464
          },
          {
            "X": 0.36963504552841187,
            "Y": 0.2962385416030884
          },
          {
            "X": 0.3561016917228699,
            "Y": 0.29671111702919006
          }
        ]
      },
      "Id": "9e5e04a0-c56d-4085-b836-4b6eaf9b053c",
      "Page": 1
    },
    {
      "BlockType": "WORD",
      "Confidence": 95.3330078125,
      "Text": "Manutenção",
      "TextType": "PRINTED",
      "Geometry": {
        "BoundingBox": {
          "Width": 0.07224999368190765,
          "Height": 0.013623606413602829,
          "Left": 0.4565329849720001,
          "Top": 0.27903762459754944
        },
        "Polygon": [
          {
            "X": 0.4565329849720001,
            "Y": 0.28158995509147644
          },
          {
            "X": 0.5286999344825745,
            "Y": 0.27903762459754944
          },
          {
            "X": 0.5287829637527466,
            "Y": 0.2901398241519928
          },
          {
            "X": 0.45661962032318115,
            "Y": 0.29266121983528137
          }
        ]
      },
      "Id": "bd43b183-9902-401a-acfb-e75e02356a89",
      "Page": 1
    },
    {
      "BlockType": "WORD",
      "Confidence": 95.34044647216797,
      "Text": "erience",
      "TextType": "PRINTED",
      "Geometry": {
        "BoundingBox": {
          "Width": 0.06286615878343582,
          "Height": 0.015562293119728565,
          "Left": 0,
          "Top": 0.3030433654785156
        },
        "Polygon": [
          {
            "X": 0,
            "Y": 0.3052515387535095
          },
          {
            "X": 0.06273643672466278,
            "Y": 0.3030433654785156
          },
          {
            "X": 0.06286615878343582,
            "Y": 0.31643059849739075
          },
          {
            "X": 0,
            "Y": 0.3186056613922119
          }
        ]
      },
      "Id": "b22cdd84-c53e-48a0-b692-0b65780bf0c1",
      "Page": 1
    },
    {
      "BlockType": "WORD",
      "Confidence": 99.7938003540039,
      "Text": "vida",
      "TextType": "PRINTED",
      "Geometry": {
        "BoundingBox": {
          "Width": 0.027039075270295143,
          "Height": 0.009778427891433239,
          "Left": 0.6193884015083313,
          "Top": 0.27989739179611206
        },
        "Polygon": [
          {
            "X": 0.6193884015083313,
            "Y": 0.28084632754325867
          },
          {
            "X": 0.6463662981987,
            "Y": 0.27989739179611206
          },
          {
            "X": 0.6464275121688843,
            "Y": 0.2887360453605652
          },
          {
            "X": 0.6194506883621216,
            "Y": 0.2896758019924164
          }
        ]
      },
      "Id": "e66eb32b-c68f-42d9-8052-84548dcbed71",
      "Page": 1
    },
    {
      "BlockType": "WORD",
      "Confidence": 85.95327758789062,
      "Text": "útil",
      "TextType": "PRINTED",
      "Geometry": {
        "BoundingBox": {
          "Width": 0.02219928801059723,
          "Height": 0.009573772549629211,
          "Left": 0.6500281691551208,
          "Top": 0.27822643518447876
        },
        "Polygon": [
          {
            "X": 0.6500281691551208,
            "Y": 0.27900582551956177
          },
          {
            "X": 0.6721675992012024,
            "Y": 0.27822643518447876
          },
          {
            "X": 0.6722275018692017,
            "Y": 0.2870282828807831
          },
          {
            "X": 0.650088906288147,
            "Y": 0.28780022263526917
          }
        ]
      },
      "Id": "701c2af4-6bef-4227-936b-32c599fcc100",
      "Page": 1
    },
    {
      "BlockType": "WORD",
      "Confidence": 99.67464447021484,
      "Text": "Tabular",
      "TextType": "PRINTED",
      "Geometry": {
        "BoundingBox": {
          "Width": 0.05267448350787163,
          "Height": 0.012619378045201302,
          "Left": 0.18600870668888092,
          "Top": 0.30081796646118164
        },
        "Polygon": [
          {
            "X": 0.18600870668888092,
            "Y": 0.302653968334198
          },
          {
            "X": 0.23858748376369476,
            "Y": 0.30081796646118164
          },
          {
            "X": 0.23868319392204285,
            "Y": 0.31162354350090027
          },
          {
            "X": 0.18610690534114838,
            "Y": 0.3134373724460602
          }
        ]
      },
      "Id": "b7df0107-1a81-4315-ab5c-45fb2bac7e1d",
      "Page": 1
    },
    {
      "BlockType": "WORD",
      "Confidence": 99.10835266113281,
      "Text": "rotatividade",
      "TextType": "PRINTED",
      "Geometry": {
        "BoundingBox": {
          "Width": 0.06657959520816803,
          "Height": 0.011496028862893581,
          "Left": 0.3073577284812927,
          "Top": 0.29794207215309143
        },
        "Polygon": [
          {
            "X": 0.3073577284812927,
            "Y": 0.3002595603466034
          },
          {
            "X": 0.37386173009872437,
            "Y": 0.29794207215309143
          },
          {
            "X": 0.37393733859062195,
            "Y": 0.3071443736553192
          },
          {
            "X": 0.3074360489845276,
            "Y": 0.3094381093978882
          }
        ]
      },
      "Id": "cb96f72c-cc41-4f2c-9ce3-60790f43ac74",
      "Page": 1
    },
    {
      "BlockType": "WORD",
      "Confidence": 98.82579803466797,
      "Text": "preditiva",
      "TextType": "PRINTED",
      "Geometry": {
        "BoundingBox": {
          "Width": 0.05193880945444107,
          "Height": 0.012635735794901848,
          "Left": 0.4563627243041992,
          "Top": 0.29110297560691833
        },
        "Polygon": [
          {
            "X": 0.4563627243041992,
            "Y": 0.29291436076164246
          },
          {
            "X": 0.508219301700592,
            "Y": 0.29110297560691833
          },
          {
            "X": 0.5083015561103821,
            "Y": 0.30194908380508423
          },
          {
            "X": 0.45644742250442505,
            "Y": 0.30373871326446533
          }
        ]
      },
      "Id": "9ca1c211-0ac3-4eed-bdd3-8634f2f55a30",
      "Page": 1
    },
    {
      "BlockType": "WORD",
      "Confidence": 99.59630584716797,
      "Text": "5",
      "TextType": "PRINTED",
      "Geometry": {
        "BoundingBox": {
          "Width": 0.010206390172243118,
          "Height": 0.012187265790998936,
          "Left": 0.0011026154970750213,
          "Top": 0.3255523443222046
        },
        "Polygon": [
          {
            "X": 0.0011026154970750213,
            "Y": 0.3258979916572571
          },
          {
            "X": 0.011191303841769695,
            "Y": 0.3255523443222046
          },
          {
            "X": 0.011309005320072174,
            "Y": 0.3373986780643463
          },
          {
            "X": 0.0012208367697894573,
            "Y": 0.33773961663246155
          }
        ]
      },
      "Id": "cacaa880-ce28-4b3b-96dc-ff544431cefb",
      "Page": 1
    },
    {
      "BlockType": "WORD",
      "Confidence": 97.39554595947266,
      "Text": "Séries",
      "TextType": "PRINTED",
      "Geometry": {
        "BoundingBox": {
          "Width": 0.04037982225418091,
          "Height": 0.011528653092682362,
          "Left": 0.18493780493736267,
          "Top": 0.33490079641342163
        },
        "Polygon": [
          {
            "X": 0.18493780493736267,
            "Y": 0.33625492453575134
          },
          {
            "X": 0.22522671520709991,
            "Y": 0.33490079641342163
          },
          {
            "X": 0.22531762719154358,
            "Y": 0.3450913727283478
          },
          {
            "X": 0.1850305199623108,
            "Y": 0.3464294672012329
          }
        ]
      },
      "Id": "f6b74859-bce3-4a5d-8659-51ecffea0033",
      "Page": 1
    },
    {
      "BlockType": "WORD",
      "Confidence": 95.95113372802734,
      "Text": "Utilização",
      "TextType": "PRINTED",
      "Geometry": {
        "BoundingBox": {
          "Width": 0.057082995772361755,
          "Height": 0.012575097382068634,
          "Left": 0.4563175141811371,
          "Top": 0.32163020968437195
        },
        "Polygon": [
          {
            "X": 0.4563175141811371,
            "Y": 0.3235539495944977
          },
          {
            "X": 0.5133198499679565,
            "Y": 0.32163020968437195
          },
          {
            "X": 0.5134004950523376,
            "Y": 0.33230507373809814
          },
          {
            "X": 0.45640087127685547,
            "Y": 0.33420529961586
          }
        ]
      },
      "Id": "b5d7f8fc-2211-498e-b94f-ad106aaef6a2",
      "Page": 1
    },
    {
      "BlockType": "WORD",
      "Confidence": 99.90475463867188,
      "Text": "de",
      "TextType": "PRINTED",
      "Geometry": {
        "BoundingBox": {
          "Width": 0.01487275492399931,
          "Height": 0.009340375661849976,
          "Left": 0.5174092054367065,
          "Top": 0.3199531137943268
        },
        "Polygon": [
          {
            "X": 0.5174092054367065,
            "Y": 0.320453405380249
          },
          {
            "X": 0.53221595287323,
            "Y": 0.3199531137943268
          },
          {
            "X": 0.5322819948196411,
            "Y": 0.3287982642650604
          },
          {
            "X": 0.5174758434295654,
            "Y": 0.32929348945617676
          }
        ]
      },
      "Id": "d0701ee9-92db-43b9-b4d4-a8ec25661cd5",
      "Page": 1
    },
    {
      "BlockType": "WORD",
      "Confidence": 97.60746765136719,
      "Text": "Diagnóstico",
      "TextType": "PRINTED",
      "Geometry": {
        "BoundingBox": {
          "Width": 0.07592882961034775,
          "Height": 0.01390925608575344,
          "Left": 0.6196578145027161,
          "Top": 0.31136447191238403
        },
        "Polygon": [
          {
            "X": 0.6196578145027161,
            "Y": 0.31393635272979736
          },
          {
            "X": 0.6955105662345886,
            "Y": 0.31136447191238403
          },
          {
            "X": 0.6955866813659668,
            "Y": 0.3227349817752838
          },
          {
            "X": 0.6197377443313599,
            "Y": 0.3252737522125244
          }
        ]
      },
      "Id": "53594355-1d03-4ea5-a66f-d81cf5005d7e",
      "Page": 1
    },
    {
      "BlockType": "WORD",
      "Confidence": 97.7472152709961,
      "Text": "Previsão",
      "TextType": "PRINTED",
      "Geometry": {
        "BoundingBox": {
          "Width": 0.04547499120235443,
          "Height": 0.010025417432188988,
          "Left": 0.30682361125946045,
          "Top": 0.3302963376045227
        },
        "Polygon": [
          {
            "X": 0.30682361125946045,
            "Y": 0.3318229913711548
          },
          {
            "X": 0.3522277772426605,
            "Y": 0.3302963376045227
          },
          {
            "X": 0.3522986173629761,
            "Y": 0.33881014585494995
          },
          {
            "X": 0.3068961501121521,
            "Y": 0.34032174944877625
          }
        ]
      },
      "Id": "7bd17ef6-1cd1-4050-97bc-c68c1a182556",
      "Page": 1
    },
    {
      "BlockType": "WORD",
      "Confidence": 99.88731384277344,
      "Text": "de",
      "TextType": "PRINTED",
      "Geometry": {
        "BoundingBox": {
          "Width": 0.014038951136171818,
          "Height": 0.00850351806730032,
          "Left": 0.3551129400730133,
          "Top": 0.32939350605010986
        },
        "Polygon": [
          {
            "X": 0.3551129400730133,
            "Y": 0.3298634886741638
          },
          {
            "X": 0.3690856695175171,
            "Y": 0.32939350605010986
          },
          {
            "X": 0.36915189027786255,
            "Y": 0.337431401014328
          },
          {
            "X": 0.35517966747283936,
            "Y": 0.33789703249931335
          }
        ]
      },
      "Id": "69ac9daa-8984-4df4-a967-59d16f11f79c",
      "Page": 1
    },
    {
      "BlockType": "WORD",
      "Confidence": 99.35529327392578,
      "Text": "Temporais",
      "TextType": "PRINTED",
      "Geometry": {
        "BoundingBox": {
          "Width": 0.0707947313785553,
          "Height": 0.01390334777534008,
          "Left": 0.18477196991443634,
          "Top": 0.34544387459754944
        },
        "Polygon": [
          {
            "X": 0.18477196991443634,
            "Y": 0.34778812527656555
          },
          {
            "X": 0.25546494126319885,
            "Y": 0.34544387459754944
          },
          {
            "X": 0.25556671619415283,
            "Y": 0.35703492164611816
          },
          {
            "X": 0.18487732112407684,
            "Y": 0.3593471944332123
          }
        ]
      },
      "Id": "5110ca0c-ef76-43f1-a163-475cce5ff6aa",
      "Page": 1
    },
    {
      "BlockType": "WORD",
      "Confidence": 99.43498992919922,
      "Text": "vendas",
      "TextType": "PRINTED",
      "Geometry": {
        "BoundingBox": {
          "Width": 0.03820999339222908,
          "Height": 0.009188305586576462,
          "Left": 0.3060823976993561,
          "Top": 0.3409996032714844
        },
        "Polygon": [
          {
            "X": 0.3060823976993561,
            "Y": 0.342266708612442
          },
          {
            "X": 0.34422606229782104,
            "Y": 0.3409996032714844
          },
          {
            "X": 0.34429237246513367,
            "Y": 0.3489325940608978
          },
          {
            "X": 0.30615001916885376,
            "Y": 0.35018792748451233
          }
        ]
      },
      "Id": "cbf93ce8-9cc5-40a2-9ca3-5df75f3d0684",
      "Page": 1
    },
    {
      "BlockType": "WORD",
      "Confidence": 99.58658599853516,
      "Text": "capital",
      "TextType": "PRINTED",
      "Geometry": {
        "BoundingBox": {
          "Width": 0.03979683294892311,
          "Height": 0.011227214708924294,
          "Left": 0.45629799365997314,
          "Top": 0.3334156572818756
        },
        "Polygon": [
          {
            "X": 0.45629799365997314,
            "Y": 0.3347390294075012
          },
          {
            "X": 0.49601906538009644,
            "Y": 0.3334156572818756
          },
          {
            "X": 0.49609482288360596,
            "Y": 0.34333470463752747
          },
          {
            "X": 0.45637550950050354,
            "Y": 0.34464284777641296
          }
        ]
      },
      "Id": "0ab107b3-bf96-4188-b102-103b4a5b57bb",
      "Page": 1
    },
    {
      "BlockType": "WORD",
      "Confidence": 98.75102996826172,
      "Text": "preditivo",
      "TextType": "PRINTED",
      "Geometry": {
        "BoundingBox": {
          "Width": 0.05773373693227768,
          "Height": 0.012733250856399536,
          "Left": 0.6195051670074463,
          "Top": 0.323703408241272
        },
        "Polygon": [
          {
            "X": 0.6195051670074463,
            "Y": 0.32563260197639465
          },
          {
            "X": 0.6771655082702637,
            "Y": 0.323703408241272
          },
          {
            "X": 0.677238941192627,
            "Y": 0.33453142642974854
          },
          {
            "X": 0.619581401348114,
            "Y": 0.3364366590976715
          }
        ]
      },
      "Id": "7561ee6b-f9c1-49ff-ac72-aaa30af32f2e",
      "Page": 1
    },
    {
      "BlockType": "WORD",
      "Confidence": 95.64102172851562,
      "Text": "Detecção",
      "TextType": "PRINTED",
      "Geometry": {
        "BoundingBox": {
          "Width": 0.04940441995859146,
          "Height": 0.010997835546731949,
          "Left": 0.30568957328796387,
          "Top": 0.3715073764324188
        },
        "Polygon": [
          {
            "X": 0.30568957328796387,
            "Y": 0.37308698892593384
          },
          {
            "X": 0.3550156056880951,
            "Y": 0.3715073764324188
          },
          {
            "X": 0.3550940155982971,
            "Y": 0.3809436857700348
          },
          {
            "X": 0.30577003955841064,
            "Y": 0.3825052082538605
          }
        ]
      },
      "Id": "c20ca314-8e1f-49ee-a94b-65586b80edbb",
      "Page": 1
    },
    {
      "BlockType": "WORD",
      "Confidence": 99.90253448486328,
      "Text": "de",
      "TextType": "PRINTED",
      "Geometry": {
        "BoundingBox": {
          "Width": 0.013860629871487617,
          "Height": 0.008559727109968662,
          "Left": 0.3580418527126312,
          "Top": 0.3707229793071747
        },
        "Polygon": [
          {
            "X": 0.3580418527126312,
            "Y": 0.37116482853889465
          },
          {
            "X": 0.3718356490135193,
            "Y": 0.3707229793071747
          },
          {
            "X": 0.3719024658203125,
            "Y": 0.3788451850414276
          },
          {
            "X": 0.35810917615890503,
            "Y": 0.379282683134079
          }
        ]
      },
      "Id": "8e69205b-19c6-47db-b351-2ca72c47a653",
      "Page": 1
    },
    {
      "BlockType": "WORD",
      "Confidence": 99.45492553710938,
      "Text": "CV",
      "TextType": "PRINTED",
      "Geometry": {
        "BoundingBox": {
          "Width": 0.018435142934322357,
          "Height": 0.009834899567067623,
          "Left": 0.18341131508350372,
          "Top": 0.38203293085098267
        },
        "Polygon": [
          {
            "X": 0.18341131508350372,
            "Y": 0.3826166093349457
          },
          {
            "X": 0.20176281034946442,
            "Y": 0.38203293085098267
          },
          {
            "X": 0.20184645056724548,
            "Y": 0.3912908136844635
          },
          {
            "X": 0.18349570035934448,
            "Y": 0.39186781644821167
          }
        ]
      },
      "Id": "675c8892-2dd8-473e-8100-65a5990a490d",
      "Page": 1
    },
    {
      "BlockType": "WORD",
      "Confidence": 94.57781982421875,
      "Text": "Verificação",
      "TextType": "PRINTED",
      "Geometry": {
        "BoundingBox": {
          "Width": 0.06548520177602768,
          "Height": 0.012445167638361454,
          "Left": 0.4553520679473877,
          "Top": 0.365977019071579
        },
        "Polygon": [
          {
            "X": 0.4553520679473877,
            "Y": 0.36807215213775635
          },
          {
            "X": 0.5207592248916626,
            "Y": 0.365977019071579
          },
          {
            "X": 0.5208372473716736,
            "Y": 0.3763532340526581
          },
          {
            "X": 0.4554331302642822,
            "Y": 0.37842217087745667
          }
        ]
      },
      "Id": "4ec0446e-a3b3-4fec-b5dc-89fdf6beac30",
      "Page": 1
    },
    {
      "BlockType": "WORD",
      "Confidence": 99.90702056884766,
      "Text": "de",
      "TextType": "PRINTED",
      "Geometry": {
        "BoundingBox": {
          "Width": 0.014835629612207413,
          "Height": 0.009235003031790257,
          "Left": 0.5238379240036011,
          "Top": 0.36462610960006714
        },
        "Polygon": [
          {
            "X": 0.5238379240036011,
            "Y": 0.3650996685028076
          },
          {
            "X": 0.5386083722114563,
            "Y": 0.36462610960006714
          },
          {
            "X": 0.5386735796928406,
            "Y": 0.3733925223350525
          },
          {
            "X": 0.5239037275314331,
            "Y": 0.3738611042499542
          }
        ]
      },
      "Id": "54e256fc-69b3-43f4-bc5c-1cedc9b6aacf",
      "Page": 1
    },
    {
      "BlockType": "WORD",
      "Confidence": 97.59622955322266,
      "Text": "Monitorar",
      "TextType": "PRINTED",
      "Geometry": {
        "BoundingBox": {
          "Width": 0.0650504007935524,
          "Height": 0.010943824425339699,
          "Left": 0.6191204786300659,
          "Top": 0.35740020871162415
        },
        "Polygon": [
          {
            "X": 0.6191204786300659,
            "Y": 0.3594903349876404
          },
          {
            "X": 0.6841109991073608,
            "Y": 0.35740020871162415
          },
          {
            "X": 0.6841709017753601,
            "Y": 0.3662760555744171
          },
          {
            "X": 0.6191829442977905,
            "Y": 0.3683440387248993
          }
        ]
      },
      "Id": "8a078b06-2596-460d-a5b3-f3a73230da80",
      "Page": 1
    },
    {
      "BlockType": "WORD",
      "Confidence": 99.57380676269531,
      "Text": "defeitos",
      "TextType": "PRINTED",
      "Geometry": {
        "BoundingBox": {
          "Width": 0.04468733072280884,
          "Height": 0.009276751428842545,
          "Left": 0.3052906095981598,
          "Top": 0.3818187713623047
        },
        "Polygon": [
          {
            "X": 0.3052906095981598,
            "Y": 0.38323017954826355
          },
          {
            "X": 0.34991228580474854,
            "Y": 0.3818187713623047
          },
          {
            "X": 0.34997794032096863,
            "Y": 0.38969776034355164
          },
          {
            "X": 0.30535781383514404,
            "Y": 0.39109551906585693
          }
        ]
      },
      "Id": "03e9925e-f92d-47dc-acf4-c0e0a9a464ee",
      "Page": 1
    },
    {
      "BlockType": "WORD",
      "Confidence": 99.82911682128906,
      "Text": "montagem",
      "TextType": "PRINTED",
      "Geometry": {
        "BoundingBox": {
          "Width": 0.06361138820648193,
          "Height": 0.011315585114061832,
          "Left": 0.4558050334453583,
          "Top": 0.37745368480682373
        },
        "Polygon": [
          {
            "X": 0.4558050334453583,
            "Y": 0.3794611096382141
          },
          {
            "X": 0.5193461775779724,
            "Y": 0.37745368480682373
          },
          {
            "X": 0.5194163918495178,
            "Y": 0.38678473234176636
          },
          {
            "X": 0.4558779001235962,
            "Y": 0.388769268989563
          }
        ]
      },
      "Id": "57cdcc39-f9cf-4723-8a46-0d2eee53177d",
      "Page": 1
    },
    {
      "BlockType": "WORD",
      "Confidence": 97.12152099609375,
      "Text": "produção",
      "TextType": "PRINTED",
      "Geometry": {
        "BoundingBox": {
          "Width": 0.06092703714966774,
          "Height": 0.012968013063073158,
          "Left": 0.6190174221992493,
          "Top": 0.36838817596435547
        },
        "Polygon": [
          {
            "X": 0.6190174221992493,
            "Y": 0.3703199326992035
          },
          {
            "X": 0.6798695921897888,
            "Y": 0.36838817596435547
          },
          {
            "X": 0.6799444556236267,
            "Y": 0.379450261592865
          },
          {
            "X": 0.6190953254699707,
            "Y": 0.3813561797142029
          }
        ]
      },
      "Id": "05beac50-459b-418f-8339-a216baeb4c40",
      "Page": 1
    },
    {
      "BlockType": "WORD",
      "Confidence": 99.88798522949219,
      "Text": "NLP",
      "TextType": "PRINTED",
      "Geometry": {
        "BoundingBox": {
          "Width": 0.02721630223095417,
          "Height": 0.010197915136814117,
          "Left": 0.1812174767255783,
          "Top": 0.420861154794693
        },
        "Polygon": [
          {
            "X": 0.1812174767255783,
            "Y": 0.42168280482292175
          },
          {
            "X": 0.20834924280643463,
            "Y": 0.420861154794693
          },
          {
            "X": 0.20843377709388733,
            "Y": 0.43024733662605286
          },
          {
            "X": 0.18130311369895935,
            "Y": 0.4310590624809265
          }
        ]
      },
      "Id": "088f1824-2f7c-4626-bc93-f42dc64da7ad",
      "Page": 1
    },
    {
      "BlockType": "WORD",
      "Confidence": 98.04998016357422,
      "Text": "Documentação",
      "TextType": "PRINTED",
      "Geometry": {
        "BoundingBox": {
          "Width": 0.08191373944282532,
          "Height": 0.012411925010383129,
          "Left": 0.30464136600494385,
          "Top": 0.41124409437179565
        },
        "Polygon": [
          {
            "X": 0.30464136600494385,
            "Y": 0.4137357473373413
          },
          {
            "X": 0.3864738941192627,
            "Y": 0.41124409437179565
          },
          {
            "X": 0.38655510544776917,
            "Y": 0.42119601368904114
          },
          {
            "X": 0.30472618341445923,
            "Y": 0.42365604639053345
          }
        ]
      },
      "Id": "505a3296-746a-4c61-9b99-945a086dfe6e",
      "Page": 1
    },
    {
      "BlockType": "WORD",
      "Confidence": 97.69367218017578,
      "Text": "Análise",
      "TextType": "PRINTED",
      "Geometry": {
        "BoundingBox": {
          "Width": 0.043388064950704575,
          "Height": 0.009810157120227814,
          "Left": 0.45457082986831665,
          "Top": 0.40871813893318176
        },
        "Polygon": [
          {
            "X": 0.45457082986831665,
            "Y": 0.41003578901290894
          },
          {
            "X": 0.4978939890861511,
            "Y": 0.40871813893318176
          },
          {
            "X": 0.4979588985443115,
            "Y": 0.4172249138355255
          },
          {
            "X": 0.4546373784542084,
            "Y": 0.41852831840515137
          }
        ]
      },
      "Id": "dbf35324-da2d-4c11-b3b2-cb0713eb6a57",
      "Page": 1
    },
    {
      "BlockType": "WORD",
      "Confidence": 99.90458679199219,
      "Text": "de",
      "TextType": "PRINTED",
      "Geometry": {
        "BoundingBox": {
          "Width": 0.014432010240852833,
          "Height": 0.008718256838619709,
          "Left": 0.5009971261024475,
          "Top": 0.4081755578517914
        },
        "Polygon": [
          {
            "X": 0.5009971261024475,
            "Y": 0.40861260890960693
          },
          {
            "X": 0.5153666138648987,
            "Y": 0.4081755578517914
          },
          {
            "X": 0.5154291391372681,
            "Y": 0.41646137833595276
          },
          {
            "X": 0.5010602474212646,
            "Y": 0.4168938100337982
          }
        ]
      },
      "Id": "c200665e-c03f-4217-92a4-4cc2d3881301",
      "Page": 1
    },
    {
      "BlockType": "WORD",
      "Confidence": 97.54490661621094,
      "Text": "Extração",
      "TextType": "PRINTED",
      "Geometry": {
        "BoundingBox": {
          "Width": 0.05603537708520889,
          "Height": 0.011546097695827484,
          "Left": 0.6190285682678223,
          "Top": 0.40217745304107666
        },
        "Polygon": [
          {
            "X": 0.6190285682678223,
            "Y": 0.4038821756839752
          },
          {
            "X": 0.6749969124794006,
            "Y": 0.40217745304107666
          },
          {
            "X": 0.6750639081001282,
            "Y": 0.41204002499580383
          },
          {
            "X": 0.6190980076789856,
            "Y": 0.41372355818748474
          }
        ]
      },
      "Id": "93c98213-9ac9-4d49-9734-613de282aea2",
      "Page": 1
    },
    {
      "BlockType": "WORD",
      "Confidence": 99.84912109375,
      "Text": "de",
      "TextType": "PRINTED",
      "Geometry": {
        "BoundingBox": {
          "Width": 0.01624392531812191,
          "Height": 0.009320000186562538,
          "Left": 0.6783285737037659,
          "Top": 0.4008689820766449
        },
        "Polygon": [
          {
            "X": 0.6783285737037659,
            "Y": 0.4013623893260956
          },
          {
            "X": 0.6945133209228516,
            "Y": 0.4008689820766449
          },
          {
            "X": 0.6945724487304688,
            "Y": 0.40970107913017273
          },
          {
            "X": 0.6783883571624756,
            "Y": 0.4101890027523041
          }
        ]
      },
      "Id": "42ed549a-58ae-41a1-895f-c49e21b26301",
      "Page": 1
    },
    {
      "BlockType": "WORD",
      "Confidence": 99.83271026611328,
      "Text": "do",
      "TextType": "PRINTED",
      "Geometry": {
        "BoundingBox": {
          "Width": 0.0138544961810112,
          "Height": 0.008034840226173401,
          "Left": 0.3045249581336975,
          "Top": 0.4237770736217499
        },
        "Polygon": [
          {
            "X": 0.3045249581336975,
            "Y": 0.42419135570526123
          },
          {
            "X": 0.318314790725708,
            "Y": 0.4237770736217499
          },
          {
            "X": 0.3183794617652893,
            "Y": 0.43140172958374023
          },
          {
            "X": 0.304590106010437,
            "Y": 0.4318119287490845
          }
        ]
      },
      "Id": "e54c914b-5bbe-49ea-ac99-0d2a1911d6f8",
      "Page": 1
    },
    {
      "BlockType": "WORD",
      "Confidence": 99.39383697509766,
      "Text": "processo",
      "TextType": "PRINTED",
      "Geometry": {
        "BoundingBox": {
          "Width": 0.04825342074036598,
          "Height": 0.0103037990629673,
          "Left": 0.32091644406318665,
          "Top": 0.4227462112903595
        },
        "Polygon": [
          {
            "X": 0.32091644406318665,
            "Y": 0.42419272661209106
          },
          {
            "X": 0.3690967261791229,
            "Y": 0.4227462112903595
          },
          {
            "X": 0.36916986107826233,
            "Y": 0.4316200911998749
          },
          {
            "X": 0.32099148631095886,
            "Y": 0.4330500066280365
          }
        ]
      },
      "Id": "ef55f0d0-71bb-4188-87c4-1f3d895c495c",
      "Page": 1
    },
    {
      "BlockType": "WORD",
      "Confidence": 99.48356628417969,
      "Text": "sentimentos",
      "TextType": "PRINTED",
      "Geometry": {
        "BoundingBox": {
          "Width": 0.07310586422681808,
          "Height": 0.010390771552920341,
          "Left": 0.45445185899734497,
          "Top": 0.41843652725219727
        },
        "Polygon": [
          {
            "X": 0.45445185899734497,
            "Y": 0.42062827944755554
          },
          {
            "X": 0.5274960994720459,
            "Y": 0.41843652725219727
          },
          {
            "X": 0.5275577306747437,
            "Y": 0.4266586899757385
          },
          {
            "X": 0.45451611280441284,
            "Y": 0.42882728576660156
          }
        ]
      },
      "Id": "26e503d0-53eb-417c-9bec-3c5eb6a44b9f",
      "Page": 1
    },
    {
      "BlockType": "WORD",
      "Confidence": 99.56675720214844,
      "Text": "entidades",
      "TextType": "PRINTED",
      "Geometry": {
        "BoundingBox": {
          "Width": 0.06341205537319183,
          "Height": 0.010496214963495731,
          "Left": 0.6189734935760498,
          "Top": 0.41278740763664246
        },
        "Polygon": [
          {
            "X": 0.6189734935760498,
            "Y": 0.4146908223628998
          },
          {
            "X": 0.6823273301124573,
            "Y": 0.41278740763664246
          },
          {
            "X": 0.6823855638504028,
            "Y": 0.42140111327171326
          },
          {
            "X": 0.6190341711044312,
            "Y": 0.4232836067676544
          }
        ]
      },
      "Id": "32ff03f4-bfd5-441a-bf55-c52656cbc80f",
      "Page": 1
    }
  ],
  "DetectDocumentTextModelVersion": "1.0"
}