{
  "DocumentMetadata": {
    "Pages": 1
  },
  "JobStatus": "SUCCEEDED",
  "Blocks": [
    {
      "BlockType": "PAGE",
      "Geometry": {
        "BoundingBox": {
          "Width": 1,
          "Height": 1,
          "Left": 0,
          "Top": 0
        },
        "Polygon": [
          {
            "X": 5.117896506590114e-8,
            "Y": 0
          },
          {
            "X": 1,
            "Y": 0
          },
          {
            "X": 1,
            "Y": 1
          },
          {
            "X": 0,
            "Y": 0.9999200105667114
          }
        ]
      },
      "Id": "1be77f6a-277b-4bd4-ae25-43f516f76e93",
      "Relationships": [
        {
          "Type": "CHILD",
          "Ids": [
            "0e68d5d2-cc38-448b-aaa1-9d634b93ea5e",
            "2c0f0844-b6dd-4bda-91d4-57507e43988e",
            "46d20ad3-cfb9-40c4-9c49-4a8a9fc535e4",
            "f8335cee-00d8-4060-91b6-47aa5e342bc5",
            "caaedf46-eb87-4375-a6c3-f8b9084a95eb",
            "6450412f-bf24-42bb-a07a-2d95c6202312",
            "0ea6f959-a361-4631-906b-7cd057ddc550",
            "63a4c052-2838-4467-95ec-e373c6d2971c",
            "c087332a-383d-40ea-94c9-751869e57215",
            "af33e40e-ac28-4e78-92d3-fb4de59dfd16",
            "920c5be6-b2c5-49b0-9745-dcae78656c64",
            "d7b51d3c-e143-4aa7-bba9-90c2fa0c4454",
            "0a3c3ea2-fcf1-429c-8b35-2549bf21ff8e",
            "469e969f-258d-45d6-9c71-02df648fe54b",
            "e8735e5a-2006-40c9-b69d-aa454c044637",
            "afa08a03-564d-4d00-988b-283874f6bc45",
            "e4eca59a-1ebe-45b1-9ae9-62c9bf457902"
          ]
        }
      ],
      "Page": 1
    },
    {
      "BlockType": "LINE",
      "Confidence": 99.80799102783203,
      "Text": "Amazon QuickSight",
      "Geometry": {
        "BoundingBox": {
          "Width": 0.26178228855133057,
          "Height": 0.03280951455235481,
          "Left": 0.1963396817445755,
          "Top": 0.2680635452270508
        },
        "Polygon": [
          {
            "X": 0.19684332609176636,
            "Y": 0.27804532647132874
          },
          {
            "X": 0.45812198519706726,
            "Y": 0.2680635452270508
          },
          {
            "X": 0.45774006843566895,
            "Y": 0.2914063036441803
          },
          {
            "X": 0.1963396817445755,
            "Y": 0.3008730411529541
          }
        ]
      },
      "Id": "0e68d5d2-cc38-448b-aaa1-9d634b93ea5e",
      "Relationships": [
        {
          "Type": "CHILD",
          "Ids": [
            "faef71d0-690c-4d83-987a-ce9851f90f28",
            "696404e9-3ca2-4fc0-a1b3-c7ab8e9c3aa8"
          ]
        }
      ],
      "Page": 1
    },
    {
      "BlockType": "LINE",
      "Confidence": 97.64308166503906,
      "Text": "Serviço de BI unificado que fornece",
      "Geometry": {
        "BoundingBox": {
          "Width": 0.21326234936714172,
          "Height": 0.020468927919864655,
          "Left": 0.5583673119544983,
          "Top": 0.29679009318351746
        },
        "Polygon": [
          {
            "X": 0.558552086353302,
            "Y": 0.3042105436325073
          },
          {
            "X": 0.7716296911239624,
            "Y": 0.29679009318351746
          },
          {
            "X": 0.7715033888816833,
            "Y": 0.3100714087486267
          },
          {
            "X": 0.5583673119544983,
            "Y": 0.3172590136528015
          }
        ]
      },
      "Id": "2c0f0844-b6dd-4bda-91d4-57507e43988e",
      "Relationships": [
        {
          "Type": "CHILD",
          "Ids": [
            "05d4f5c3-2428-414b-9b89-8c551e695d60",
            "f562aa47-edac-47ff-a53e-3c5829e19c66",
            "3a580a62-884a-48f5-bcaf-fbe9ca7ed7b4",
            "062469ee-9a6d-4005-8e23-6f379b6db01f",
            "b5ee2bf2-76cb-4ca0-8199-74df38c0d1c9",
            "fa1e6716-7fef-43a1-bb24-bea16501213f"
          ]
        }
      ],
      "Page": 1
    },
    {
      "BlockType": "LINE",
      "Confidence": 99.56216430664062,
      "Text": "Sales Insights",
      "Geometry": {
        "BoundingBox": {
          "Width": 0.0579465813934803,
          "Height": 0.009309729561209679,
          "Left": 0.2623642683029175,
          "Top": 0.32693588733673096
        },
        "Polygon": [
          {
            "X": 0.2625161111354828,
            "Y": 0.32887667417526245
          },
          {
            "X": 0.3203108608722687,
            "Y": 0.32693588733673096
          },
          {
            "X": 0.320167601108551,
            "Y": 0.3343414068222046
          },
          {
            "X": 0.2623642683029175,
            "Y": 0.3362456262111664
          }
        ]
      },
      "Id": "46d20ad3-cfb9-40c4-9c49-4a8a9fc535e4",
      "Relationships": [
        {
          "Type": "CHILD",
          "Ids": [
            "06e2abb1-0fa7-4c05-9130-b22c253582ff",
            "eb0ea503-d737-44c4-a476-d0401e561829"
          ]
        }
      ],
      "Page": 1
    },
    {
      "BlockType": "LINE",
      "Confidence": 92.3120346069336,
      "Text": "painéis modernos, relatórios",
      "Geometry": {
        "BoundingBox": {
          "Width": 0.1710541546344757,
          "Height": 0.018872223794460297,
          "Left": 0.5578925013542175,
          "Top": 0.3098292350769043
        },
        "Polygon": [
          {
            "X": 0.558077871799469,
            "Y": 0.31561532616615295
          },
          {
            "X": 0.7289466857910156,
            "Y": 0.3098292350769043
          },
          {
            "X": 0.7288081645965576,
            "Y": 0.3231026530265808
          },
          {
            "X": 0.5578925013542175,
            "Y": 0.3287014365196228
          }
        ]
      },
      "Id": "f8335cee-00d8-4060-91b6-47aa5e342bc5",
      "Relationships": [
        {
          "Type": "CHILD",
          "Ids": [
            "b4014bf2-cac3-43f4-9e20-f8c4965cd6ee",
            "79741815-50a6-4ad8-9ac2-6fe46ef5aaf5",
            "32ae7507-5be3-4efc-aa2e-9ab7dddb1468"
          ]
        }
      ],
      "Page": 1
    },
    {
      "BlockType": "LINE",
      "Confidence": 99.80897521972656,
      "Text": "Cloud",
      "Geometry": {
        "BoundingBox": {
          "Width": 0.04708392918109894,
          "Height": 0.01419475581496954,
          "Left": 0.032549452036619186,
          "Top": 0.34509357810020447
        },
        "Polygon": [
          {
            "X": 0.03287374973297119,
            "Y": 0.3466223478317261
          },
          {
            "X": 0.07963337749242783,
            "Y": 0.34509357810020447
          },
          {
            "X": 0.07932070642709732,
            "Y": 0.3578115701675415
          },
          {
            "X": 0.032549452036619186,
            "Y": 0.3592883348464966
          }
        ]
      },
      "Id": "caaedf46-eb87-4375-a6c3-f8b9084a95eb",
      "Relationships": [
        {
          "Type": "CHILD",
          "Ids": [
            "ad2038ca-e295-42ca-932a-5ad42631739a"
          ]
        }
      ],
      "Page": 1
    },
    {
      "BlockType": "LINE",
      "Confidence": 98.80693054199219,
      "Text": "perfeitos em pixels e análises",
      "Geometry": {
        "BoundingBox": {
          "Width": 0.17613430321216583,
          "Height": 0.018873728811740875,
          "Left": 0.5574990510940552,
          "Top": 0.32074469327926636
        },
        "Polygon": [
          {
            "X": 0.5576843023300171,
            "Y": 0.32654058933258057
          },
          {
            "X": 0.7336333394050598,
            "Y": 0.32074469327926636
          },
          {
            "X": 0.7334961891174316,
            "Y": 0.3340153396129608
          },
          {
            "X": 0.5574990510940552,
            "Y": 0.33961841464042664
          }
        ]
      },
      "Id": "6450412f-bf24-42bb-a07a-2d95c6202312",
      "Relationships": [
        {
          "Type": "CHILD",
          "Ids": [
            "7743f1c2-11b0-49a4-9c85-da7e960e20fc",
            "108646b5-5992-476e-8278-2873f801e4a0",
            "961dc903-484a-4519-b6ed-f76915c66f9c",
            "051c7869-9b58-432a-b260-e501836bec0f",
            "5c03d8ff-32ab-4e1d-b9a5-c0d8fe22f100"
          ]
        }
      ],
      "Page": 1
    },
    {
      "BlockType": "LINE",
      "Confidence": 98.9572525024414,
      "Text": "embarcadas",
      "Geometry": {
        "BoundingBox": {
          "Width": 0.06982550024986267,
          "Height": 0.01098311971873045,
          "Left": 0.5573020577430725,
          "Top": 0.33769410848617554
        },
        "Polygon": [
          {
            "X": 0.5574262738227844,
            "Y": 0.33991140127182007
          },
          {
            "X": 0.6271275281906128,
            "Y": 0.33769410848617554
          },
          {
            "X": 0.627016007900238,
            "Y": 0.3465111255645752
          },
          {
            "X": 0.5573020577430725,
            "Y": 0.34867721796035767
          }
        ]
      },
      "Id": "0ea6f959-a361-4631-906b-7cd057ddc550",
      "Relationships": [
        {
          "Type": "CHILD",
          "Ids": [
            "d3c3dc15-ff6a-4097-80e1-2f9386106224"
          ]
        }
      ],
      "Page": 1
    },
    {
      "BlockType": "LINE",
      "Confidence": 99.83880615234375,
      "Text": "Experience",
      "Geometry": {
        "BoundingBox": {
          "Width": 0.08861734718084335,
          "Height": 0.01807163842022419,
          "Left": 0.0292990580201149,
          "Top": 0.36195001006126404
        },
        "Polygon": [
          {
            "X": 0.029692407697439194,
            "Y": 0.36469417810440063
          },
          {
            "X": 0.11791640520095825,
            "Y": 0.36195001006126404
          },
          {
            "X": 0.11754968017339706,
            "Y": 0.37739622592926025
          },
          {
            "X": 0.0292990580201149,
            "Y": 0.3800216615200043
          }
        ]
      },
      "Id": "63a4c052-2838-4467-95ec-e373c6d2971c",
      "Relationships": [
        {
          "Type": "CHILD",
          "Ids": [
            "1b810c61-1986-45c8-a23d-223d2cbff400"
          ]
        }
      ],
      "Page": 1
    },
    {
      "BlockType": "LINE",
      "Confidence": 99.18359375,
      "Text": "Desempenho consistente em",
      "Geometry": {
        "BoundingBox": {
          "Width": 0.17241276800632477,
          "Height": 0.016119493171572685,
          "Left": 0.5545179843902588,
          "Top": 0.35306641459465027
        },
        "Polygon": [
          {
            "X": 0.5546731352806091,
            "Y": 0.3582800328731537
          },
          {
            "X": 0.7269307374954224,
            "Y": 0.35306641459465027
          },
          {
            "X": 0.726814866065979,
            "Y": 0.36412984132766724
          },
          {
            "X": 0.5545179843902588,
            "Y": 0.3691858947277069
          }
        ]
      },
      "Id": "c087332a-383d-40ea-94c9-751869e57215",
      "Relationships": [
        {
          "Type": "CHILD",
          "Ids": [
            "5a93862e-3f4f-4c42-bd11-722dd6bb0875",
            "34b4888d-89d9-451b-a44c-2592a47b93b9",
            "ff29a06a-1835-4716-ba19-d2d3dfce20ce"
          ]
        }
      ],
      "Page": 1
    },
    {
      "BlockType": "LINE",
      "Confidence": 99.82524871826172,
      "Text": "2025",
      "Geometry": {
        "BoundingBox": {
          "Width": 0.03988388553261757,
          "Height": 0.012280979193747044,
          "Left": 0.025825729593634605,
          "Top": 0.3828663229942322
        },
        "Polygon": [
          {
            "X": 0.026111764833331108,
            "Y": 0.38403064012527466
          },
          {
            "X": 0.06570961326360703,
            "Y": 0.3828663229942322
          },
          {
            "X": 0.06543219834566116,
            "Y": 0.3940216600894928
          },
          {
            "X": 0.025825729593634605,
            "Y": 0.39514729380607605
          }
        ]
      },
      "Id": "af33e40e-ac28-4e78-92d3-fb4de59dfd16",
      "Relationships": [
        {
          "Type": "CHILD",
          "Ids": [
            "c5204f2c-38b4-4757-a27e-59d1507b2e2d"
          ]
        }
      ],
      "Page": 1
    },
    {
      "BlockType": "LINE",
      "Confidence": 99.19267272949219,
      "Text": "qualquer escala",
      "Geometry": {
        "BoundingBox": {
          "Width": 0.09204316884279251,
          "Height": 0.013078597374260426,
          "Left": 0.5536376237869263,
          "Top": 0.3671829104423523
        },
        "Polygon": [
          {
            "X": 0.553785502910614,
            "Y": 0.36987438797950745
          },
          {
            "X": 0.6456807851791382,
            "Y": 0.3671829104423523
          },
          {
            "X": 0.6455526351928711,
            "Y": 0.37765011191368103
          },
          {
            "X": 0.5536376237869263,
            "Y": 0.38026151061058044
          }
        ]
      },
      "Id": "920c5be6-b2c5-49b0-9745-dcae78656c64",
      "Relationships": [
        {
          "Type": "CHILD",
          "Ids": [
            "ce94c8c5-043f-4811-8f9d-c0b083453443",
            "7fbd2c1f-71f6-4cbc-8ba6-340282c540ad"
          ]
        }
      ],
      "Page": 1
    },
    {
      "BlockType": "LINE",
      "Confidence": 99.54389190673828,
      "Text": "Reduza custos pagando apenas pelo",
      "Geometry": {
        "BoundingBox": {
          "Width": 0.22261665761470795,
          "Height": 0.017136922106146812,
          "Left": 0.5546914339065552,
          "Top": 0.3812714219093323
        },
        "Polygon": [
          {
            "X": 0.5548471212387085,
            "Y": 0.3874558210372925
          },
          {
            "X": 0.7773081064224243,
            "Y": 0.3812714219093323
          },
          {
            "X": 0.7772035598754883,
            "Y": 0.3924283981323242
          },
          {
            "X": 0.5546914339065552,
            "Y": 0.39840832352638245
          }
        ]
      },
      "Id": "d7b51d3c-e143-4aa7-bba9-90c2fa0c4454",
      "Relationships": [
        {
          "Type": "CHILD",
          "Ids": [
            "6144f40c-96cf-4ee8-a6de-165576cfa652",
            "a8f8e280-4705-4d0f-99cf-6faaaf48bdd0",
            "069367d8-5d9a-470f-8268-e52779217006",
            "f4bc7bb8-36aa-403d-ba82-0b1be3a68e8a",
            "d0b10488-6091-4936-9da5-79830b7f2608"
          ]
        }
      ],
      "Page": 1
    },
    {
      "BlockType": "LINE",
      "Confidence": 81.8660659790039,
      "Text": "104%",
      "Geometry": {
        "BoundingBox": {
          "Width": 0.02032044529914856,
          "Height": 0.005464629270136356,
          "Left": 0.20500744879245758,
          "Top": 0.4152335226535797
        },
        "Polygon": [
          {
            "X": 0.20511510968208313,
            "Y": 0.415762722492218
          },
          {
            "X": 0.22532789409160614,
            "Y": 0.4152335226535797
          },
          {
            "X": 0.22522220015525818,
            "Y": 0.4201775789260864
          },
          {
            "X": 0.20500744879245758,
            "Y": 0.4206981360912323
          }
        ]
      },
      "Id": "0a3c3ea2-fcf1-429c-8b35-2549bf21ff8e",
      "Relationships": [
        {
          "Type": "CHILD",
          "Ids": [
            "d2800452-a913-4144-b30a-82852cf9774d"
          ]
        }
      ],
      "Page": 1
    },
    {
      "BlockType": "LINE",
      "Confidence": 97.79965209960938,
      "Text": "que você precisa",
      "Geometry": {
        "BoundingBox": {
          "Width": 0.09758779406547546,
          "Height": 0.012697773054242134,
          "Left": 0.5542271137237549,
          "Top": 0.39775171875953674
        },
        "Polygon": [
          {
            "X": 0.554370641708374,
            "Y": 0.4003545343875885
          },
          {
            "X": 0.6518149375915527,
            "Y": 0.39775171875953674
          },
          {
            "X": 0.6516917943954468,
            "Y": 0.4079292416572571
          },
          {
            "X": 0.5542271137237549,
            "Y": 0.41044947504997253
          }
        ]
      },
      "Id": "469e969f-258d-45d6-9c71-02df648fe54b",
      "Relationships": [
        {
          "Type": "CHILD",
          "Ids": [
            "a3e16389-a906-49b7-917a-8bbac021ba14",
            "8dec7f40-daca-42ee-8169-e443e8e1317c",
            "2df412c8-1989-45bc-80bf-bbb54ced0f65"
          ]
        }
      ],
      "Page": 1
    },
    {
      "BlockType": "LINE",
      "Confidence": 65.17816925048828,
      "Text": "-75.50%",
      "Geometry": {
        "BoundingBox": {
          "Width": 0.027313122525811195,
          "Height": 0.005852294620126486,
          "Left": 0.19819265604019165,
          "Top": 0.43633171916007996
        },
        "Polygon": [
          {
            "X": 0.198306605219841,
            "Y": 0.43699392676353455
          },
          {
            "X": 0.2255057841539383,
            "Y": 0.43633171916007996
          },
          {
            "X": 0.22539465129375458,
            "Y": 0.44153404235839844
          },
          {
            "X": 0.19819265604019165,
            "Y": 0.4421840012073517
          }
        ]
      },
      "Id": "e8735e5a-2006-40c9-b69d-aa454c044637",
      "Relationships": [
        {
          "Type": "CHILD",
          "Ids": [
            "19b09cfe-3c1b-418a-b38c-836f451d52fc"
          ]
        }
      ],
      "Page": 1
    },
    {
      "BlockType": "LINE",
      "Confidence": 93.92465209960938,
      "Text": "Governança baseada em políticas,",
      "Geometry": {
        "BoundingBox": {
          "Width": 0.20951847732067108,
          "Height": 0.015754010528326035,
          "Left": 0.5533560514450073,
          "Top": 0.4188472628593445
        },
        "Polygon": [
          {
            "X": 0.55350661277771,
            "Y": 0.4240212142467499
          },
          {
            "X": 0.7628745436668396,
            "Y": 0.4188472628593445
          },
          {
            "X": 0.7627703547477722,
            "Y": 0.4296134114265442
          },
          {
            "X": 0.5533560514450073,
            "Y": 0.4346012771129608
          }
        ]
      },
      "Id": "afa08a03-564d-4d00-988b-283874f6bc45",
      "Relationships": [
        {
          "Type": "CHILD",
          "Ids": [
            "2a502821-29ab-4113-a621-1c6772cf18b9",
            "307850b2-707b-4909-9f1c-314908093b69",
            "a8a8cfc0-4215-4cab-bc54-a148ba2b04d9",
            "187a2d1e-586d-49b2-9e5e-cb79a004c287"
          ]
        }
      ],
      "Page": 1
    },
    {
      "BlockType": "LINE",
      "Confidence": 98.02450561523438,
      "Text": "segurança",
      "Geometry": {
        "BoundingBox": {
          "Width": 0.05915332958102226,
          "Height": 0.009023638442158699,
          "Left": 0.5525772571563721,
          "Top": 0.4367426037788391
        },
        "Polygon": [
          {
            "X": 0.5526860356330872,
            "Y": 0.4381313920021057
          },
          {
            "X": 0.6117305755615234,
            "Y": 0.4367426037788391
          },
          {
            "X": 0.6116311550140381,
            "Y": 0.4444153308868408
          },
          {
            "X": 0.5525772571563721,
            "Y": 0.44576624035835266
          }
        ]
      },
      "Id": "e4eca59a-1ebe-45b1-9ae9-62c9bf457902",
      "Relationships": [
        {
          "Type": "CHILD",
          "Ids": [
            "49cba546-43ed-419d-9d61-ea878ab0d9f8"
          ]
        }
      ],
      "Page": 1
    },
    {
      "BlockType": "WORD",
      "Confidence": 99.89086151123047,
      "Text": "Amazon",
      "TextType": "PRINTED",
      "Geometry": {
        "BoundingBox": {
          "Width": 0.08837153762578964,
          "Height": 0.017580192536115646,
          "Left": 0.1963396817445755,
          "Top": 0.28329285979270935
        },
        "Polygon": [
          {
            "X": 0.1966547667980194,
            "Y": 0.28659138083457947
          },
          {
            "X": 0.28471124172210693,
            "Y": 0.28329285979270935
          },
          {
            "X": 0.2844213843345642,
            "Y": 0.29768311977386475
          },
          {
            "X": 0.1963396817445755,
            "Y": 0.3008730411529541
          }
        ]
      },
      "Id": "faef71d0-690c-4d83-987a-ce9851f90f28",
      "Page": 1
    },
    {
      "BlockType": "WORD",
      "Confidence": 99.72512817382812,
      "Text": "QuickSight",
      "TextType": "PRINTED",
      "Geometry": {
        "BoundingBox": {
          "Width": 0.1575358659029007,
          "Height": 0.028017345815896988,
          "Left": 0.30058610439300537,
          "Top": 0.2680635452270508
        },
        "Polygon": [
          {
            "X": 0.3010217845439911,
            "Y": 0.2740653157234192
          },
          {
            "X": 0.45812198519706726,
            "Y": 0.2680635452270508
          },
          {
            "X": 0.4577569365501404,
            "Y": 0.2903750538825989
          },
          {
            "X": 0.30058610439300537,
            "Y": 0.29608088731765747
          }
        ]
      },
      "Id": "696404e9-3ca2-4fc0-a1b3-c7ab8e9c3aa8",
      "Page": 1
    },
    {
      "BlockType": "WORD",
      "Confidence": 97.12797546386719,
      "Text": "Serviço",
      "TextType": "PRINTED",
      "Geometry": {
        "BoundingBox": {
          "Width": 0.041444189846515656,
          "Height": 0.010000578127801418,
          "Left": 0.5583673119544983,
          "Top": 0.3072584569454193
        },
        "Polygon": [
          {
            "X": 0.5584887862205505,
            "Y": 0.3086819052696228
          },
          {
            "X": 0.5998115539550781,
            "Y": 0.3072584569454193
          },
          {
            "X": 0.5996974110603333,
            "Y": 0.31586524844169617
          },
          {
            "X": 0.5583673119544983,
            "Y": 0.3172590136528015
          }
        ]
      },
      "Id": "05d4f5c3-2428-414b-9b89-8c551e695d60",
      "Page": 1
    },
    {
      "BlockType": "WORD",
      "Confidence": 99.87895202636719,
      "Text": "de",
      "TextType": "PRINTED",
      "Geometry": {
        "BoundingBox": {
          "Width": 0.013935436494648457,
          "Height": 0.007923266850411892,
          "Left": 0.6038861274719238,
          "Top": 0.3059364855289459
        },
        "Polygon": [
          {
            "X": 0.6039841771125793,
            "Y": 0.3064139783382416
          },
          {
            "X": 0.6178215742111206,
            "Y": 0.3059364855289459
          },
          {
            "X": 0.617725670337677,
            "Y": 0.313390851020813
          },
          {
            "X": 0.6038861274719238,
            "Y": 0.313859760761261
          }
        ]
      },
      "Id": "f562aa47-edac-47ff-a53e-3c5829e19c66",
      "Page": 1
    },
    {
      "BlockType": "WORD",
      "Confidence": 89.98360443115234,
      "Text": "BI",
      "TextType": "PRINTED",
      "Geometry": {
        "BoundingBox": {
          "Width": 0.010636539198458195,
          "Height": 0.008692731149494648,
          "Left": 0.6214092969894409,
          "Top": 0.3049991726875305
        },
        "Polygon": [
          {
            "X": 0.6215157508850098,
            "Y": 0.30536291003227234
          },
          {
            "X": 0.6320458054542542,
            "Y": 0.3049991726875305
          },
          {
            "X": 0.6319411993026733,
            "Y": 0.31333544850349426
          },
          {
            "X": 0.6214092969894409,
            "Y": 0.3136919140815735
          }
        ]
      },
      "Id": "3a580a62-884a-48f5-bcaf-fbe9ca7ed7b4",
      "Page": 1
    },
    {
      "BlockType": "WORD",
      "Confidence": 99.17459106445312,
      "Text": "unificado",
      "TextType": "PRINTED",
      "Geometry": {
        "BoundingBox": {
          "Width": 0.05595867335796356,
          "Height": 0.01071080844849348,
          "Left": 0.6371978521347046,
          "Top": 0.3011135458946228
        },
        "Polygon": [
          {
            "X": 0.6373069286346436,
            "Y": 0.30305108428001404
          },
          {
            "X": 0.6931564807891846,
            "Y": 0.3011135458946228
          },
          {
            "X": 0.6930575966835022,
            "Y": 0.3099275529384613
          },
          {
            "X": 0.6371978521347046,
            "Y": 0.31182435154914856
          }
        ]
      },
      "Id": "062469ee-9a6d-4005-8e23-6f379b6db01f",
      "Page": 1
    },
    {
      "BlockType": "WORD",
      "Confidence": 99.9332046508789,
      "Text": "que",
      "TextType": "PRINTED",
      "Geometry": {
        "BoundingBox": {
          "Width": 0.02241281233727932,
          "Height": 0.008426287211477757,
          "Left": 0.6975185871124268,
          "Top": 0.3012961447238922
        },
        "Polygon": [
          {
            "X": 0.6976037621498108,
            "Y": 0.30206865072250366
          },
          {
            "X": 0.719931423664093,
            "Y": 0.3012961447238922
          },
          {
            "X": 0.7198498845100403,
            "Y": 0.3089640438556671
          },
          {
            "X": 0.6975185871124268,
            "Y": 0.3097224235534668
          }
        ]
      },
      "Id": "b5ee2bf2-76cb-4ca0-8199-74df38c0d1c9",
      "Page": 1
    },
    {
      "BlockType": "WORD",
      "Confidence": 99.76016235351562,
      "Text": "fornece",
      "TextType": "PRINTED",
      "Geometry": {
        "BoundingBox": {
          "Width": 0.04775609076023102,
          "Height": 0.009598037227988243,
          "Left": 0.7238736152648926,
          "Top": 0.29679009318351746
        },
        "Polygon": [
          {
            "X": 0.723957359790802,
            "Y": 0.2984502911567688
          },
          {
            "X": 0.7716296911239624,
            "Y": 0.29679009318351746
          },
          {
            "X": 0.7715539336204529,
            "Y": 0.3047592043876648
          },
          {
            "X": 0.7238736152648926,
            "Y": 0.30638813972473145
          }
        ]
      },
      "Id": "fa1e6716-7fef-43a1-bb24-bea16501213f",
      "Page": 1
    },
    {
      "BlockType": "WORD",
      "Confidence": 99.78170776367188,
      "Text": "Sales",
      "TextType": "PRINTED",
      "Geometry": {
        "BoundingBox": {
          "Width": 0.02256247028708458,
          "Height": 0.006984597537666559,
          "Left": 0.26237595081329346,
          "Top": 0.3286939263343811
        },
        "Polygon": [
          {
            "X": 0.2625043988227844,
            "Y": 0.3294461667537689
          },
          {
            "X": 0.28493842482566833,
            "Y": 0.3286939263343811
          },
          {
            "X": 0.2848128080368042,
            "Y": 0.33493828773498535
          },
          {
            "X": 0.26237595081329346,
            "Y": 0.3356785178184509
          }
        ]
      },
      "Id": "06e2abb1-0fa7-4c05-9130-b22c253582ff",
      "Page": 1
    },
    {
      "BlockType": "WORD",
      "Confidence": 99.3426284790039,
      "Text": "Insights",
      "TextType": "PRINTED",
      "Geometry": {
        "BoundingBox": {
          "Width": 0.03267793729901314,
          "Height": 0.008477311581373215,
          "Left": 0.28763291239738464,
          "Top": 0.32693588733673096
        },
        "Polygon": [
          {
            "X": 0.2877810299396515,
            "Y": 0.32802826166152954
          },
          {
            "X": 0.3203108608722687,
            "Y": 0.32693588733673096
          },
          {
            "X": 0.320167601108551,
            "Y": 0.3343414068222046
          },
          {
            "X": 0.28763291239738464,
            "Y": 0.3354131877422333
          }
        ]
      },
      "Id": "eb0ea503-d737-44c4-a476-d0401e561829",
      "Page": 1
    },
    {
      "BlockType": "WORD",
      "Confidence": 80.75993347167969,
      "Text": "painéis",
      "TextType": "PRINTED",
      "Geometry": {
        "BoundingBox": {
          "Width": 0.04098536819219589,
          "Height": 0.011729882098734379,
          "Left": 0.5578925013542175,
          "Top": 0.3169715702533722
        },
        "Polygon": [
          {
            "X": 0.5580391883850098,
            "Y": 0.3183450698852539
          },
          {
            "X": 0.5988779067993164,
            "Y": 0.3169715702533722
          },
          {
            "X": 0.5987399816513062,
            "Y": 0.32736337184906006
          },
          {
            "X": 0.5578925013542175,
            "Y": 0.3287014365196228
          }
        ]
      },
      "Id": "b4014bf2-cac3-43f4-9e20-f8c4965cd6ee",
      "Page": 1
    },
    {
      "BlockType": "WORD",
      "Confidence": 98.27407836914062,
      "Text": "modernos,",
      "TextType": "PRINTED",
      "Geometry": {
        "BoundingBox": {
          "Width": 0.06266802549362183,
          "Height": 0.011001203209161758,
          "Left": 0.6023426651954651,
          "Top": 0.31430166959762573
        },
        "Polygon": [
          {
            "X": 0.6024600267410278,
            "Y": 0.3164077401161194
          },
          {
            "X": 0.6650106906890869,
            "Y": 0.31430166959762573
          },
          {
            "X": 0.6649048924446106,
            "Y": 0.32324326038360596
          },
          {
            "X": 0.6023426651954651,
            "Y": 0.3253028988838196
          }
        ]
      },
      "Id": "79741815-50a6-4ad8-9ac2-6fe46ef5aaf5",
      "Page": 1
    },
    {
      "BlockType": "WORD",
      "Confidence": 97.90211486816406,
      "Text": "relatórios",
      "TextType": "PRINTED",
      "Geometry": {
        "BoundingBox": {
          "Width": 0.05901273339986801,
          "Height": 0.010735281743109226,
          "Left": 0.6699339747428894,
          "Top": 0.3098292350769043
        },
        "Polygon": [
          {
            "X": 0.6700364351272583,
            "Y": 0.31182408332824707
          },
          {
            "X": 0.7289466857910156,
            "Y": 0.3098292350769043
          },
          {
            "X": 0.7288550138473511,
            "Y": 0.31861236691474915
          },
          {
            "X": 0.6699339747428894,
            "Y": 0.32056450843811035
          }
        ]
      },
      "Id": "32ae7507-5be3-4efc-aa2e-9ab7dddb1468",
      "Page": 1
    },
    {
      "BlockType": "WORD",
      "Confidence": 99.80897521972656,
      "Text": "Cloud",
      "TextType": "PRINTED",
      "Geometry": {
        "BoundingBox": {
          "Width": 0.04708392918109894,
          "Height": 0.01419475581496954,
          "Left": 0.032549452036619186,
          "Top": 0.34509357810020447
        },
        "Polygon": [
          {
            "X": 0.03287374973297119,
            "Y": 0.3466223478317261
          },
          {
            "X": 0.07963337749242783,
            "Y": 0.34509357810020447
          },
          {
            "X": 0.07932070642709732,
            "Y": 0.3578115701675415
          },
          {
            "X": 0.032549452036619186,
            "Y": 0.3592883348464966
          }
        ]
      },
      "Id": "ad2038ca-e295-42ca-932a-5ad42631739a",
      "Page": 1
    },
    {
      "BlockType": "WORD",
      "Confidence": 98.93910217285156,
      "Text": "perfeitos",
      "TextType": "PRINTED",
      "Geometry": {
        "BoundingBox": {
          "Width": 0.05208972096443176,
          "Height": 0.01173979602754116,
          "Left": 0.5574990510940552,
          "Top": 0.3278786242008209
        },
        "Polygon": [
          {
            "X": 0.557641327381134,
            "Y": 0.3295764923095703
          },
          {
            "X": 0.6095887422561646,
            "Y": 0.3278786242008209
          },
          {
            "X": 0.60945725440979,
            "Y": 0.33796426653862
          },
          {
            "X": 0.5574990510940552,
            "Y": 0.33961841464042664
          }
        ]
      },
      "Id": "7743f1c2-11b0-49a4-9c85-da7e960e20fc",
      "Page": 1
    },
    {
      "BlockType": "WORD",
      "Confidence": 99.38031768798828,
      "Text": "em",
      "TextType": "PRINTED",
      "Geometry": {
        "BoundingBox": {
          "Width": 0.017306232824921608,
          "Height": 0.0061998446471989155,
          "Left": 0.6131418943405151,
          "Top": 0.32846149802207947
        },
        "Polygon": [
          {
            "X": 0.6132149696350098,
            "Y": 0.32902291417121887
          },
          {
            "X": 0.6304481625556946,
            "Y": 0.32846149802207947
          },
          {
            "X": 0.6303771138191223,
            "Y": 0.33410802483558655
          },
          {
            "X": 0.6131418943405151,
            "Y": 0.3346613347530365
          }
        ]
      },
      "Id": "108646b5-5992-476e-8278-2873f801e4a0",
      "Page": 1
    },
    {
      "BlockType": "WORD",
      "Confidence": 99.93414306640625,
      "Text": "pixels",
      "TextType": "PRINTED",
      "Geometry": {
        "BoundingBox": {
          "Width": 0.03419885039329529,
          "Height": 0.010865396820008755,
          "Left": 0.6349372863769531,
          "Top": 0.32452109456062317
        },
        "Polygon": [
          {
            "X": 0.6350589394569397,
            "Y": 0.32563892006874084
          },
          {
            "X": 0.6691361665725708,
            "Y": 0.32452109456062317
          },
          {
            "X": 0.6690213680267334,
            "Y": 0.3342963457107544
          },
          {
            "X": 0.6349372863769531,
            "Y": 0.3353865146636963
          }
        ]
      },
      "Id": "961dc903-484a-4519-b6ed-f76915c66f9c",
      "Page": 1
    },
    {
      "BlockType": "WORD",
      "Confidence": 99.70748138427734,
      "Text": "e",
      "TextType": "PRINTED",
      "Geometry": {
        "BoundingBox": {
          "Width": 0.006529181730002165,
          "Height": 0.005767895374447107,
          "Left": 0.6733327507972717,
          "Top": 0.32555267214775085
        },
        "Polygon": [
          {
            "X": 0.673397421836853,
            "Y": 0.3257639706134796
          },
          {
            "X": 0.6798619031906128,
            "Y": 0.32555267214775085
          },
          {
            "X": 0.6797979474067688,
            "Y": 0.33111223578453064
          },
          {
            "X": 0.6733327507972717,
            "Y": 0.33132055401802063
          }
        ]
      },
      "Id": "051c7869-9b58-432a-b260-e501836bec0f",
      "Page": 1
    },
    {
      "BlockType": "WORD",
      "Confidence": 96.07361602783203,
      "Text": "análises",
      "TextType": "PRINTED",
      "Geometry": {
        "BoundingBox": {
          "Width": 0.04976120963692665,
          "Height": 0.009830830618739128,
          "Left": 0.6838721036911011,
          "Top": 0.32074469327926636
        },
        "Polygon": [
          {
            "X": 0.6839656829833984,
            "Y": 0.32238078117370605
          },
          {
            "X": 0.7336333394050598,
            "Y": 0.32074469327926636
          },
          {
            "X": 0.7335482835769653,
            "Y": 0.3289731740951538
          },
          {
            "X": 0.6838721036911011,
            "Y": 0.33057552576065063
          }
        ]
      },
      "Id": "5c03d8ff-32ab-4e1d-b9a5-c0d8fe22f100",
      "Page": 1
    },
    {
      "BlockType": "WORD",
      "Confidence": 98.9572525024414,
      "Text": "embarcadas",
      "TextType": "PRINTED",
      "Geometry": {
        "BoundingBox": {
          "Width": 0.06982550024986267,
          "Height": 0.01098311971873045,
          "Left": 0.5573020577430725,
          "Top": 0.33769410848617554
        },
        "Polygon": [
          {
            "X": 0.5574262738227844,
            "Y": 0.33991140127182007
          },
          {
            "X": 0.6271275281906128,
            "Y": 0.33769410848617554
          },
          {
            "X": 0.627016007900238,
            "Y": 0.3465111255645752
          },
          {
            "X": 0.5573020577430725,
            "Y": 0.34867721796035767
          }
        ]
      },
      "Id": "d3c3dc15-ff6a-4097-80e1-2f9386106224",
      "Page": 1
    },
    {
      "BlockType": "WORD",
      "Confidence": 99.83880615234375,
      "Text": "Experience",
      "TextType": "PRINTED",
      "Geometry": {
        "BoundingBox": {
          "Width": 0.08861734718084335,
          "Height": 0.01807163842022419,
          "Left": 0.0292990580201149,
          "Top": 0.36195001006126404
        },
        "Polygon": [
          {
            "X": 0.029692407697439194,
            "Y": 0.36469417810440063
          },
          {
            "X": 0.11791640520095825,
            "Y": 0.36195001006126404
          },
          {
            "X": 0.11754968017339706,
            "Y": 0.37739622592926025
          },
          {
            "X": 0.0292990580201149,
            "Y": 0.3800216615200043
          }
        ]
      },
      "Id": "1b810c61-1986-45c8-a23d-223d2cbff400",
      "Page": 1
    },
    {
      "BlockType": "WORD",
      "Confidence": 98.86920166015625,
      "Text": "Desempenho",
      "TextType": "PRINTED",
      "Geometry": {
        "BoundingBox": {
          "Width": 0.07536469399929047,
          "Height": 0.011938504874706268,
          "Left": 0.5545179843902588,
          "Top": 0.35724738240242004
        },
        "Polygon": [
          {
            "X": 0.5546555519104004,
            "Y": 0.3595163822174072
          },
          {
            "X": 0.6298826932907104,
            "Y": 0.35724738240242004
          },
          {
            "X": 0.629760205745697,
            "Y": 0.36697790026664734
          },
          {
            "X": 0.5545179843902588,
            "Y": 0.3691858947277069
          }
        ]
      },
      "Id": "5a93862e-3f4f-4c42-bd11-722dd6bb0875",
      "Page": 1
    },
    {
      "BlockType": "WORD",
      "Confidence": 99.18814086914062,
      "Text": "consistente",
      "TextType": "PRINTED",
      "Geometry": {
        "BoundingBox": {
          "Width": 0.06967483460903168,
          "Height": 0.010247364640235901,
          "Left": 0.6343051195144653,
          "Top": 0.35376104712486267
        },
        "Polygon": [
          {
            "X": 0.6344068050384521,
            "Y": 0.35586676001548767
          },
          {
            "X": 0.7039799690246582,
            "Y": 0.35376104712486267
          },
          {
            "X": 0.7038901448249817,
            "Y": 0.3619498610496521
          },
          {
            "X": 0.6343051195144653,
            "Y": 0.3640083968639374
          }
        ]
      },
      "Id": "34b4888d-89d9-451b-a44c-2592a47b93b9",
      "Page": 1
    },
    {
      "BlockType": "WORD",
      "Confidence": 99.49344635009766,
      "Text": "em",
      "TextType": "PRINTED",
      "Geometry": {
        "BoundingBox": {
          "Width": 0.01875120773911476,
          "Height": 0.006145738065242767,
          "Left": 0.7081688642501831,
          "Top": 0.354083389043808
        },
        "Polygon": [
          {
            "X": 0.7082296013832092,
            "Y": 0.35464751720428467
          },
          {
            "X": 0.7269200682640076,
            "Y": 0.354083389043808
          },
          {
            "X": 0.7268615365028381,
            "Y": 0.3596736788749695
          },
          {
            "X": 0.7081688642501831,
            "Y": 0.36022913455963135
          }
        ]
      },
      "Id": "ff29a06a-1835-4716-ba19-d2d3dfce20ce",
      "Page": 1
    },
    {
      "BlockType": "WORD",
      "Confidence": 99.82524871826172,
      "Text": "2025",
      "TextType": "PRINTED",
      "Geometry": {
        "BoundingBox": {
          "Width": 0.03988388553261757,
          "Height": 0.012280979193747044,
          "Left": 0.025825729593634605,
          "Top": 0.3828663229942322
        },
        "Polygon": [
          {
            "X": 0.026111764833331108,
            "Y": 0.38403064012527466
          },
          {
            "X": 0.06570961326360703,
            "Y": 0.3828663229942322
          },
          {
            "X": 0.06543219834566116,
            "Y": 0.3940216600894928
          },
          {
            "X": 0.025825729593634605,
            "Y": 0.39514729380607605
          }
        ]
      },
      "Id": "c5204f2c-38b4-4757-a27e-59d1507b2e2d",
      "Page": 1
    },
    {
      "BlockType": "WORD",
      "Confidence": 98.95004272460938,
      "Text": "qualquer",
      "TextType": "PRINTED",
      "Geometry": {
        "BoundingBox": {
          "Width": 0.05245288833975792,
          "Height": 0.010714080184698105,
          "Left": 0.5536376237869263,
          "Top": 0.36954742670059204
        },
        "Polygon": [
          {
            "X": 0.5537683963775635,
            "Y": 0.3710745573043823
          },
          {
            "X": 0.6060904860496521,
            "Y": 0.36954742670059204
          },
          {
            "X": 0.6059696078300476,
            "Y": 0.3787747025489807
          },
          {
            "X": 0.5536376237869263,
            "Y": 0.38026151061058044
          }
        ]
      },
      "Id": "ce94c8c5-043f-4811-8f9d-c0b083453443",
      "Page": 1
    },
    {
      "BlockType": "WORD",
      "Confidence": 99.43529510498047,
      "Text": "escala",
      "TextType": "PRINTED",
      "Geometry": {
        "BoundingBox": {
          "Width": 0.03608379513025284,
          "Height": 0.009090367704629898,
          "Left": 0.6095969676971436,
          "Top": 0.3671829104423523
        },
        "Polygon": [
          {
            "X": 0.6097016334533691,
            "Y": 0.3682366907596588
          },
          {
            "X": 0.6456807851791382,
            "Y": 0.3671829104423523
          },
          {
            "X": 0.6455821394920349,
            "Y": 0.3752436339855194
          },
          {
            "X": 0.6095969676971436,
            "Y": 0.3762732744216919
          }
        ]
      },
      "Id": "7fbd2c1f-71f6-4cbc-8ba6-340282c540ad",
      "Page": 1
    },
    {
      "BlockType": "WORD",
      "Confidence": 99.7304458618164,
      "Text": "Reduza",
      "TextType": "PRINTED",
      "Geometry": {
        "BoundingBox": {
          "Width": 0.04185635596513748,
          "Height": 0.008690648712217808,
          "Left": 0.5547000765800476,
          "Top": 0.3891112506389618
        },
        "Polygon": [
          {
            "X": 0.5548072457313538,
            "Y": 0.3902619779109955
          },
          {
            "X": 0.5965564250946045,
            "Y": 0.3891112506389618
          },
          {
            "X": 0.5964557528495789,
            "Y": 0.39667758345603943
          },
          {
            "X": 0.5547000765800476,
            "Y": 0.39780187606811523
          }
        ]
      },
      "Id": "6144f40c-96cf-4ee8-a6de-165576cfa652",
      "Page": 1
    },
    {
      "BlockType": "WORD",
      "Confidence": 99.61164855957031,
      "Text": "custos",
      "TextType": "PRINTED",
      "Geometry": {
        "BoundingBox": {
          "Width": 0.03731163591146469,
          "Height": 0.00808665156364441,
          "Left": 0.600770115852356,
          "Top": 0.38801664113998413
        },
        "Polygon": [
          {
            "X": 0.6008633375167847,
            "Y": 0.38904234766960144
          },
          {
            "X": 0.6380817294120789,
            "Y": 0.38801664113998413
          },
          {
            "X": 0.6379939317703247,
            "Y": 0.39509958028793335
          },
          {
            "X": 0.600770115852356,
            "Y": 0.39610329270362854
          }
        ]
      },
      "Id": "a8f8e280-4705-4d0f-99cf-6faaaf48bdd0",
      "Page": 1
    },
    {
      "BlockType": "WORD",
      "Confidence": 99.15756225585938,
      "Text": "pagando",
      "TextType": "PRINTED",
      "Geometry": {
        "BoundingBox": {
          "Width": 0.05352798476815224,
          "Height": 0.011475236155092716,
          "Left": 0.6422485113143921,
          "Top": 0.3845800459384918
        },
        "Polygon": [
          {
            "X": 0.6423715353012085,
            "Y": 0.38606002926826477
          },
          {
            "X": 0.6957765221595764,
            "Y": 0.3845800459384918
          },
          {
            "X": 0.695664644241333,
            "Y": 0.39461973309516907
          },
          {
            "X": 0.6422485113143921,
            "Y": 0.39605528116226196
          }
        ]
      },
      "Id": "069367d8-5d9a-470f-8268-e52779217006",
      "Page": 1
    },
    {
      "BlockType": "WORD",
      "Confidence": 99.57736206054688,
      "Text": "apenas",
      "TextType": "PRINTED",
      "Geometry": {
        "BoundingBox": {
          "Width": 0.04469502344727516,
          "Height": 0.008968310430645943,
          "Left": 0.7002450227737427,
          "Top": 0.3843572437763214
        },
        "Polygon": [
          {
            "X": 0.7003304958343506,
            "Y": 0.3855893015861511
          },
          {
            "X": 0.7449400424957275,
            "Y": 0.3843572437763214
          },
          {
            "X": 0.7448618412017822,
            "Y": 0.39212214946746826
          },
          {
            "X": 0.7002450227737427,
            "Y": 0.3933255672454834
          }
        ]
      },
      "Id": "f4bc7bb8-36aa-403d-ba82-0b1be3a68e8a",
      "Page": 1
    },
    {
      "BlockType": "WORD",
      "Confidence": 99.6424560546875,
      "Text": "pelo",
      "TextType": "PRINTED",
      "Geometry": {
        "BoundingBox": {
          "Width": 0.027995118871331215,
          "Height": 0.010125844739377499,
          "Left": 0.7493129968643188,
          "Top": 0.3812714219093323
        },
        "Polygon": [
          {
            "X": 0.7494062781333923,
            "Y": 0.3820470869541168
          },
          {
            "X": 0.7773081064224243,
            "Y": 0.3812714219093323
          },
          {
            "X": 0.7772203087806702,
            "Y": 0.3906431198120117
          },
          {
            "X": 0.7493129968643188,
            "Y": 0.39139726758003235
          }
        ]
      },
      "Id": "d0b10488-6091-4936-9da5-79830b7f2608",
      "Page": 1
    },
    {
      "BlockType": "WORD",
      "Confidence": 81.8660659790039,
      "Text": "104%",
      "TextType": "PRINTED",
      "Geometry": {
        "BoundingBox": {
          "Width": 0.02032044529914856,
          "Height": 0.005464629270136356,
          "Left": 0.20500744879245758,
          "Top": 0.4152335226535797
        },
        "Polygon": [
          {
            "X": 0.20511510968208313,
            "Y": 0.415762722492218
          },
          {
            "X": 0.22532789409160614,
            "Y": 0.4152335226535797
          },
          {
            "X": 0.22522220015525818,
            "Y": 0.4201775789260864
          },
          {
            "X": 0.20500744879245758,
            "Y": 0.4206981360912323
          }
        ]
      },
      "Id": "d2800452-a913-4144-b30a-82852cf9774d",
      "Page": 1
    },
    {
      "BlockType": "WORD",
      "Confidence": 99.9383544921875,
      "Text": "que",
      "TextType": "PRINTED",
      "Geometry": {
        "BoundingBox": {
          "Width": 0.021038474515080452,
          "Height": 0.007953586988151073,
          "Left": 0.5542271137237549,
          "Top": 0.4024958908557892
        },
        "Polygon": [
          {
            "X": 0.5543323159217834,
            "Y": 0.4030502736568451
          },
          {
            "X": 0.5752655863761902,
            "Y": 0.4024958908557892
          },
          {
            "X": 0.5751636028289795,
            "Y": 0.40990811586380005
          },
          {
            "X": 0.5542271137237549,
            "Y": 0.41044947504997253
          }
        ]
      },
      "Id": "a3e16389-a906-49b7-917a-8bbac021ba14",
      "Page": 1
    },
    {
      "BlockType": "WORD",
      "Confidence": 93.91755676269531,
      "Text": "você",
      "TextType": "PRINTED",
      "Geometry": {
        "BoundingBox": {
          "Width": 0.02678561396896839,
          "Height": 0.008333565667271614,
          "Left": 0.5789167881011963,
          "Top": 0.3993343412876129
        },
        "Polygon": [
          {
            "X": 0.5790210962295532,
            "Y": 0.4000462293624878
          },
          {
            "X": 0.6057024002075195,
            "Y": 0.3993343412876129
          },
          {
            "X": 0.6056023240089417,
            "Y": 0.4069730341434479
          },
          {
            "X": 0.5789167881011963,
            "Y": 0.4076679050922394
          }
        ]
      },
      "Id": "8dec7f40-daca-42ee-8169-e443e8e1317c",
      "Page": 1
    },
    {
      "BlockType": "WORD",
      "Confidence": 99.54303741455078,
      "Text": "precisa",
      "TextType": "PRINTED",
      "Geometry": {
        "BoundingBox": {
          "Width": 0.04194601997733116,
          "Height": 0.010704671032726765,
          "Left": 0.6098688840866089,
          "Top": 0.39775171875953674
        },
        "Polygon": [
          {
            "X": 0.609993577003479,
            "Y": 0.3988687992095947
          },
          {
            "X": 0.6518149375915527,
            "Y": 0.39775171875953674
          },
          {
            "X": 0.6516985297203064,
            "Y": 0.4073728024959564
          },
          {
            "X": 0.6098688840866089,
            "Y": 0.40845638513565063
          }
        ]
      },
      "Id": "2df412c8-1989-45bc-80bf-bbb54ced0f65",
      "Page": 1
    },
    {
      "BlockType": "WORD",
      "Confidence": 65.17816925048828,
      "Text": "-75.50%",
      "TextType": "PRINTED",
      "Geometry": {
        "BoundingBox": {
          "Width": 0.027313122525811195,
          "Height": 0.005852294620126486,
          "Left": 0.19819265604019165,
          "Top": 0.43633171916007996
        },
        "Polygon": [
          {
            "X": 0.198306605219841,
            "Y": 0.43699392676353455
          },
          {
            "X": 0.2255057841539383,
            "Y": 0.43633171916007996
          },
          {
            "X": 0.22539465129375458,
            "Y": 0.44153404235839844
          },
          {
            "X": 0.19819265604019165,
            "Y": 0.4421840012073517
          }
        ]
      },
      "Id": "19b09cfe-3c1b-418a-b38c-836f451d52fc",
      "Page": 1
    },
    {
      "BlockType": "WORD",
      "Confidence": 96.23409271240234,
      "Text": "Governança",
      "TextType": "PRINTED",
      "Geometry": {
        "BoundingBox": {
          "Width": 0.06929344683885574,
          "Height": 0.010546090081334114,
          "Left": 0.5533560514450073,
          "Top": 0.42405518889427185
        },
        "Polygon": [
          {
            "X": 0.553481936454773,
            "Y": 0.4257543385028839
          },
          {
            "X": 0.6226494908332825,
            "Y": 0.42405518889427185
          },
          {
            "X": 0.6225362420082092,
            "Y": 0.43295353651046753
          },
          {
            "X": 0.5533560514450073,
            "Y": 0.4346012771129608
          }
        ]
      },
      "Id": "2a502821-29ab-4113-a621-1c6772cf18b9",
      "Page": 1
    },
    {
      "BlockType": "WORD",
      "Confidence": 99.59629821777344,
      "Text": "baseada",
      "TextType": "PRINTED",
      "Geometry": {
        "BoundingBox": {
          "Width": 0.049864523112773895,
          "Height": 0.009125185199081898,
          "Left": 0.6271474957466125,
          "Top": 0.4214949607849121
        },
        "Polygon": [
          {
            "X": 0.6272472143173218,
            "Y": 0.42272257804870605
          },
          {
            "X": 0.677012026309967,
            "Y": 0.4214949607849121
          },
          {
            "X": 0.676920473575592,
            "Y": 0.42942535877227783
          },
          {
            "X": 0.6271474957466125,
            "Y": 0.43062013387680054
          }
        ]
      },
      "Id": "307850b2-707b-4909-9f1c-314908093b69",
      "Page": 1
    },
    {
      "BlockType": "WORD",
      "Confidence": 99.51033020019531,
      "Text": "em",
      "TextType": "PRINTED",
      "Geometry": {
        "BoundingBox": {
          "Width": 0.018847081810235977,
          "Height": 0.006222112104296684,
          "Left": 0.6814293265342712,
          "Top": 0.4228215515613556
        },
        "Polygon": [
          {
            "X": 0.6814952492713928,
            "Y": 0.42328184843063354
          },
          {
            "X": 0.7002763748168945,
            "Y": 0.4228215515613556
          },
          {
            "X": 0.7002127170562744,
            "Y": 0.428592324256897
          },
          {
            "X": 0.6814293265342712,
            "Y": 0.42904365062713623
          }
        ]
      },
      "Id": "a8a8cfc0-4215-4cab-bc54-a148ba2b04d9",
      "Page": 1
    },
    {
      "BlockType": "WORD",
      "Confidence": 80.3578872680664,
      "Text": "políticas,",
      "TextType": "PRINTED",
      "Geometry": {
        "BoundingBox": {
          "Width": 0.05805100500583649,
          "Height": 0.01120016910135746,
          "Left": 0.7048234939575195,
          "Top": 0.4188472628593445
        },
        "Polygon": [
          {
            "X": 0.704930305480957,
            "Y": 0.42027920484542847
          },
          {
            "X": 0.7628745436668396,
            "Y": 0.4188472628593445
          },
          {
            "X": 0.7627795934677124,
            "Y": 0.4286624491214752
          },
          {
            "X": 0.7048234939575195,
            "Y": 0.4300474524497986
          }
        ]
      },
      "Id": "187a2d1e-586d-49b2-9e5e-cb79a004c287",
      "Page": 1
    },
    {
      "BlockType": "WORD",
      "Confidence": 98.02450561523438,
      "Text": "segurança",
      "TextType": "PRINTED",
      "Geometry": {
        "BoundingBox": {
          "Width": 0.05915332958102226,
          "Height": 0.009023638442158699,
          "Left": 0.5525772571563721,
          "Top": 0.4367426037788391
        },
        "Polygon": [
          {
            "X": 0.5526860356330872,
            "Y": 0.4381313920021057
          },
          {
            "X": 0.6117305755615234,
            "Y": 0.4367426037788391
          },
          {
            "X": 0.6116311550140381,
            "Y": 0.4444153308868408
          },
          {
            "X": 0.5525772571563721,
            "Y": 0.44576624035835266
          }
        ]
      },
      "Id": "49cba546-43ed-419d-9d61-ea878ab0d9f8",
      "Page": 1
    }
  ],
  "DetectDocumentTextModelVersion": "1.0"
}