{
  "DocumentMetadata": {
    "Pages": 1
  },
  "JobStatus": "SUCCEEDED",
  "Blocks": [
    {
      "BlockType": "PAGE",
      "Geometry": {
        "BoundingBox": {
          "Width": 0.9561281204223633,
          "Height": 0.8906345367431641,
          "Left": 0,
          "Top": 0
        },
        "Polygon": [
          {
            "X": 0,
            "Y": 0.01861266978085041
          },
          {
            "X": 0.9539165496826172,
            "Y": 0
          },
          {
            "X": 0.9561281204223633,
            "Y": 0.8782435059547424
          },
          {
            "X": 0.002432058332487941,
            "Y": 0.8906345367431641
          }
        ]
      },
      "Id": "a87358dd-2820-433a-9aab-dbe3b2bccb83",
      "Relationships": [
        {
          "Type": "CHILD",
          "Ids": [
            "a0e796d8-42d8-47e4-9553-87bfc5e7bc7a",
            "31587a4b-97db-4551-ba3b-ef2e51265d4c",
            "3f2ebb44-d55d-4772-a6fc-e6ebfbffe822",
            "1c24529a-138f-471a-a199-61c5dcfd347c",
            "c606e46a-73ed-4808-a49f-a48171b6ebd3",
            "011b5d3b-932e-4e94-8516-33d6856fd11f",
            "1053d819-2c9e-45ce-8b62-fb546d6ecc57",
            "396f066d-034e-4e1b-848d-b7a909aa3c12",
            "d061914c-a4ae-4018-bf6e-066d5c7ba836",
            "ad742add-d91c-4ce1-b1a3-b7ebfe8803f1",
            "3c60a376-6b8a-4dd2-9e7d-57236f591bc7",
            "03b13ba7-bd52-45cc-9f6b-76fac0177a48",
            "146deb2c-5675-4109-afd4-f35f2c4b3d47",
            "de6419b6-0324-47b3-a9d2-201f4c30775a",
            "ed8c7ff5-4c4c-4b62-b67e-88d7fdcef5b5",
            "3dad2dba-72f1-4ae2-8c85-97a2b221e134",
            "625f118b-cba7-4d30-bfac-af9e12d49542",
            "0da16eff-d6ce-4355-9e1d-fbc6f5b88ba8",
            "4a9be9ac-dcfc-40c0-9322-ceaca2fa1b9a",
            "aed15410-fbe1-42d4-ab07-9e6ab8df1e19",
            "633dd2b6-6bc2-44e5-bbba-ef0fe3ae0ec5",
            "d28e16e9-5421-4aca-93c9-101ffd9811fa",
            "36003d17-e158-4508-a806-b6a937cae981"
          ]
        }
      ],
      "Page": 1
    },
    {
      "BlockType": "LINE",
      "Confidence": 95.29097747802734,
      "Text": "Cloud",
      "Geometry": {
        "BoundingBox": {
          "Width": 0.0249507836997509,
          "Height": 0.007170494180172682,
          "Left": 0.7101550698280334,
          "Top": 0.14394919574260712
        },
        "Polygon": [
          {
            "X": 0.7101550698280334,
            "Y": 0.14464499056339264
          },
          {
            "X": 0.7350878715515137,
            "Y": 0.14394919574260712
          },
          {
            "X": 0.7351058721542358,
            "Y": 0.15042714774608612
          },
          {
            "X": 0.7101732492446899,
            "Y": 0.1511196792125702
          }
        ]
      },
      "Id": "a0e796d8-42d8-47e4-9553-87bfc5e7bc7a",
      "Relationships": [
        {
          "Type": "CHILD",
          "Ids": [
            "5311c141-26e7-4edc-85a9-4bbedc110f30"
          ]
        }
      ],
      "Page": 1
    },
    {
      "BlockType": "LINE",
      "Confidence": 98.16665649414062,
      "Text": "aws",
      "Geometry": {
        "BoundingBox": {
          "Width": 0.046301476657390594,
          "Height": 0.01494551356881857,
          "Left": 0.6368244886398315,
          "Top": 0.1487203985452652
        },
        "Polygon": [
          {
            "X": 0.6368244886398315,
            "Y": 0.15000833570957184
          },
          {
            "X": 0.683087170124054,
            "Y": 0.1487203985452652
          },
          {
            "X": 0.6831259727478027,
            "Y": 0.1623907834291458
          },
          {
            "X": 0.6368641257286072,
            "Y": 0.16366590559482574
          }
        ]
      },
      "Id": "31587a4b-97db-4551-ba3b-ef2e51265d4c",
      "Relationships": [
        {
          "Type": "CHILD",
          "Ids": [
            "15a20e7a-b80a-4629-8e36-1200bfb8f14b"
          ]
        }
      ],
      "Page": 1
    },
    {
      "BlockType": "LINE",
      "Confidence": 99.59778594970703,
      "Text": "Experience",
      "Geometry": {
        "BoundingBox": {
          "Width": 0.04674982652068138,
          "Height": 0.008978072553873062,
          "Left": 0.7101320624351501,
          "Top": 0.15085960924625397
        },
        "Polygon": [
          {
            "X": 0.7101320624351501,
            "Y": 0.15215657651424408
          },
          {
            "X": 0.7568607926368713,
            "Y": 0.15085960924625397
          },
          {
            "X": 0.7568818926811218,
            "Y": 0.1585479974746704
          },
          {
            "X": 0.7101536393165588,
            "Y": 0.15983767807483673
          }
        ]
      },
      "Id": "3f2ebb44-d55d-4772-a6fc-e6ebfbffe822",
      "Relationships": [
        {
          "Type": "CHILD",
          "Ids": [
            "c0330506-a0da-4848-a059-cc5f68b524d1"
          ]
        }
      ],
      "Page": 1
    },
    {
      "BlockType": "LINE",
      "Confidence": 99.53162384033203,
      "Text": "2025",
      "Geometry": {
        "BoundingBox": {
          "Width": 0.0210017878562212,
          "Height": 0.006691057700663805,
          "Left": 0.7103696465492249,
          "Top": 0.16049563884735107
        },
        "Polygon": [
          {
            "X": 0.7103696465492249,
            "Y": 0.16107428073883057
          },
          {
            "X": 0.7313544154167175,
            "Y": 0.16049563884735107
          },
          {
            "X": 0.7313714027404785,
            "Y": 0.16661064326763153
          },
          {
            "X": 0.7103867530822754,
            "Y": 0.1671866923570633
          }
        ]
      },
      "Id": "1c24529a-138f-471a-a199-61c5dcfd347c",
      "Relationships": [
        {
          "Type": "CHILD",
          "Ids": [
            "eaae02aa-12d4-495f-8398-38ad1977d3ec"
          ]
        }
      ],
      "Page": 1
    },
    {
      "BlockType": "LINE",
      "Confidence": 92.6383285522461,
      "Text": "Acelere o desenvolvimento de aplicações de IA",
      "Geometry": {
        "BoundingBox": {
          "Width": 0.2250073105096817,
          "Height": 0.02244548685848713,
          "Left": 0.4619761109352112,
          "Top": 0.22342549264431
        },
        "Polygon": [
          {
            "X": 0.4619761109352112,
            "Y": 0.22934754192829132
          },
          {
            "X": 0.6869363188743591,
            "Y": 0.22342549264431
          },
          {
            "X": 0.6869834065437317,
            "Y": 0.24002467095851898
          },
          {
            "X": 0.46202781796455383,
            "Y": 0.24587097764015198
          }
        ]
      },
      "Id": "c606e46a-73ed-4808-a49f-a48171b6ebd3",
      "Relationships": [
        {
          "Type": "CHILD",
          "Ids": [
            "c59e5cd3-d6b6-4ee1-8528-7e1404534321",
            "8a2b6443-23a6-44ff-bd00-4f77fdad555d",
            "001e2f8d-616b-4941-9dac-152e67d5f7a9",
            "9bf16f32-93d6-4dfd-a4d7-f3ec755a2758",
            "8f6635b8-273f-4a6c-a28f-4c10b69bf57a",
            "df458d75-80bc-49c9-8a5c-4b89f1bf4b13",
            "3e785929-fcc1-435f-bbe4-ca2df4fc2e3c"
          ]
        }
      ],
      "Page": 1
    },
    {
      "BlockType": "LINE",
      "Confidence": 98.51475524902344,
      "Text": "ud",
      "Geometry": {
        "BoundingBox": {
          "Width": 0.01805679313838482,
          "Height": 0.013576134108006954,
          "Left": 0.00007337009446928278,
          "Top": 0.25820791721343994
        },
        "Polygon": [
          {
            "X": 0.00007337009446928278,
            "Y": 0.25867563486099243
          },
          {
            "X": 0.018081527203321457,
            "Y": 0.25820791721343994
          },
          {
            "X": 0.018130162730813026,
            "Y": 0.27132120728492737
          },
          {
            "X": 0.00012229524145368487,
            "Y": 0.27178406715393066
          }
        ]
      },
      "Id": "011b5d3b-932e-4e94-8516-33d6856fd11f",
      "Relationships": [
        {
          "Type": "CHILD",
          "Ids": [
            "28540f93-a14b-4d60-b9ed-818dbccf76dd"
          ]
        }
      ],
      "Page": 1
    },
    {
      "BlockType": "LINE",
      "Confidence": 98.8296890258789,
      "Text": "generativa usando FMs por meio de uma API,",
      "Geometry": {
        "BoundingBox": {
          "Width": 0.21705777943134308,
          "Height": 0.02292349562048912,
          "Left": 0.46204257011413574,
          "Top": 0.23464444279670715
        },
        "Polygon": [
          {
            "X": 0.46204257011413574,
            "Y": 0.2403087615966797
          },
          {
            "X": 0.6790509819984436,
            "Y": 0.23464444279670715
          },
          {
            "X": 0.6791003346443176,
            "Y": 0.2519799470901489
          },
          {
            "X": 0.46209657192230225,
            "Y": 0.2575679421424866
          }
        ]
      },
      "Id": "1053d819-2c9e-45ce-8b62-fb546d6ecc57",
      "Relationships": [
        {
          "Type": "CHILD",
          "Ids": [
            "4b13016a-c225-44a2-adb2-d35a19611fe0",
            "f2d1a0c0-491c-4607-9ead-0ab89781fffe",
            "59585922-bdf0-4d0a-98fb-e26228e84a59",
            "552dccbb-182e-40fb-90e4-012a5f0177b1",
            "8c3c2387-f128-4fb0-b258-d77c253bb200",
            "52d5577d-4390-4eac-a92a-d82ec6aeef68",
            "4b48deb0-ac92-43a0-9ae9-1c6994899955",
            "1754fb1a-1542-4c08-a723-8a8df227b52f"
          ]
        }
      ],
      "Page": 1
    },
    {
      "BlockType": "LINE",
      "Confidence": 98.82714080810547,
      "Text": "sem gerenciar infraestrutura",
      "Geometry": {
        "BoundingBox": {
          "Width": 0.1342829316854477,
          "Height": 0.01573437638580799,
          "Left": 0.46215033531188965,
          "Top": 0.2514266073703766
        },
        "Polygon": [
          {
            "X": 0.46215033531188965,
            "Y": 0.2548908591270447
          },
          {
            "X": 0.5963969230651855,
            "Y": 0.2514266073703766
          },
          {
            "X": 0.5964332818984985,
            "Y": 0.2637302875518799
          },
          {
            "X": 0.4621887505054474,
            "Y": 0.26716098189353943
          }
        ]
      },
      "Id": "396f066d-034e-4e1b-848d-b7a909aa3c12",
      "Relationships": [
        {
          "Type": "CHILD",
          "Ids": [
            "2af5e3db-d5ee-456e-92d1-6a402b3ffbc6",
            "5c92dde9-2bce-4f9d-9d62-7bf7a3e05a73",
            "ce221ed3-1d04-4c5c-80f5-38520a1fb848"
          ]
        }
      ],
      "Page": 1
    },
    {
      "BlockType": "LINE",
      "Confidence": 98.36918640136719,
      "Text": "erience",
      "Geometry": {
        "BoundingBox": {
          "Width": 0.062160346657037735,
          "Height": 0.015984950587153435,
          "Left": 0.00019581591186579317,
          "Top": 0.2761252522468567
        },
        "Polygon": [
          {
            "X": 0.00019581591186579317,
            "Y": 0.2777140438556671
          },
          {
            "X": 0.06230353191494942,
            "Y": 0.2761252522468567
          },
          {
            "X": 0.06235616281628609,
            "Y": 0.29053980112075806
          },
          {
            "X": 0.0002495463704690337,
            "Y": 0.2921102046966553
          }
        ]
      },
      "Id": "d061914c-a4ae-4018-bf6e-066d5c7ba836",
      "Relationships": [
        {
          "Type": "CHILD",
          "Ids": [
            "7217dc23-07e9-4799-aef4-84eb4dafaf57"
          ]
        }
      ],
      "Page": 1
    },
    {
      "BlockType": "LINE",
      "Confidence": 99.14342498779297,
      "Text": "5",
      "Geometry": {
        "BoundingBox": {
          "Width": 0.008862609975039959,
          "Height": 0.012071173638105392,
          "Left": 0.00036076316609978676,
          "Top": 0.2993757724761963
        },
        "Polygon": [
          {
            "X": 0.00036076316609978676,
            "Y": 0.2995973825454712
          },
          {
            "X": 0.009179276414215565,
            "Y": 0.2993757724761963
          },
          {
            "X": 0.009223372675478458,
            "Y": 0.3112274706363678
          },
          {
            "X": 0.0004049876588396728,
            "Y": 0.3114469349384308
          }
        ]
      },
      "Id": "ad742add-d91c-4ce1-b1a3-b7ebfe8803f1",
      "Relationships": [
        {
          "Type": "CHILD",
          "Ids": [
            "dff65f71-d17d-4840-8bea-f64c8557166d"
          ]
        }
      ],
      "Page": 1
    },
    {
      "BlockType": "LINE",
      "Confidence": 99.89434051513672,
      "Text": "Amazon",
      "Geometry": {
        "BoundingBox": {
          "Width": 0.10918457061052322,
          "Height": 0.021332189440727234,
          "Left": 0.17503133416175842,
          "Top": 0.29021507501602173
        },
        "Polygon": [
          {
            "X": 0.17503133416175842,
            "Y": 0.2929624915122986
          },
          {
            "X": 0.2841532826423645,
            "Y": 0.29021507501602173
          },
          {
            "X": 0.28421589732170105,
            "Y": 0.30884137749671936
          },
          {
            "X": 0.17509646713733673,
            "Y": 0.31154724955558777
          }
        ]
      },
      "Id": "3c60a376-6b8a-4dd2-9e7d-57236f591bc7",
      "Relationships": [
        {
          "Type": "CHILD",
          "Ids": [
            "f37d0464-a186-4fac-88d9-f51bea292d05"
          ]
        }
      ],
      "Page": 1
    },
    {
      "BlockType": "LINE",
      "Confidence": 96.40062713623047,
      "Text": "Escolha FMs da Amazon, A121 Labs,",
      "Geometry": {
        "BoundingBox": {
          "Width": 0.16589902341365814,
          "Height": 0.016421064734458923,
          "Left": 0.46254587173461914,
          "Top": 0.28259599208831787
        },
        "Polygon": [
          {
            "X": 0.46254587173461914,
            "Y": 0.28676852583885193
          },
          {
            "X": 0.6284090876579285,
            "Y": 0.28259599208831787
          },
          {
            "X": 0.6284449100494385,
            "Y": 0.29488593339920044
          },
          {
            "X": 0.4625841975212097,
            "Y": 0.299017071723938
          }
        ]
      },
      "Id": "03b13ba7-bd52-45cc-9f6b-76fac0177a48",
      "Relationships": [
        {
          "Type": "CHILD",
          "Ids": [
            "dac8e6c5-eb5b-4bc3-aaeb-6e2734ab4a70",
            "d8b69be6-0138-4ae8-8c51-70c9cefe47a3",
            "a00dce9b-a139-42f2-818b-cd3c5bb7da94",
            "1ec88f84-74ab-4192-accb-bf5ce6bf8fe3",
            "c6aae2d6-b662-43ec-87bf-e6b5456f4ff4",
            "d5f32710-0f57-4d34-aed3-c7c25f0ef9c3"
          ]
        }
      ],
      "Page": 1
    },
    {
      "BlockType": "LINE",
      "Confidence": 82.95401000976562,
      "Text": "Anthropic, Cohere, Meta, Mistral Al e",
      "Geometry": {
        "BoundingBox": {
          "Width": 0.17669062316417694,
          "Height": 0.017278490588068962,
          "Left": 0.46173056960105896,
          "Top": 0.2929801046848297
        },
        "Polygon": [
          {
            "X": 0.46173056960105896,
            "Y": 0.29738596081733704
          },
          {
            "X": 0.6383837461471558,
            "Y": 0.2929801046848297
          },
          {
            "X": 0.6384211778640747,
            "Y": 0.305899053812027
          },
          {
            "X": 0.4617708623409271,
            "Y": 0.31025856733322144
          }
        ]
      },
      "Id": "146deb2c-5675-4109-afd4-f35f2c4b3d47",
      "Relationships": [
        {
          "Type": "CHILD",
          "Ids": [
            "dea4284c-9e23-43be-ae36-bd9d36d8f1b9",
            "b5898e65-8ab1-4be4-8caa-4a50e0d6bde8",
            "5d220f67-1403-4f70-b975-b32976287340",
            "b96f6534-130b-40c9-a73d-b044a975f99a",
            "abee53a8-fac3-45f4-8997-deaa8fab529e",
            "d1735251-534a-4d99-b06f-81b5b3c9fdf9"
          ]
        }
      ],
      "Page": 1
    },
    {
      "BlockType": "LINE",
      "Confidence": 97.50758361816406,
      "Text": "Bedrock",
      "Geometry": {
        "BoundingBox": {
          "Width": 0.12576645612716675,
          "Height": 0.026683639734983444,
          "Left": 0.1782410740852356,
          "Top": 0.3133212924003601
        },
        "Polygon": [
          {
            "X": 0.1782410740852356,
            "Y": 0.31642523407936096
          },
          {
            "X": 0.3039286434650421,
            "Y": 0.3133212924003601
          },
          {
            "X": 0.30400753021240234,
            "Y": 0.33696168661117554
          },
          {
            "X": 0.17832359671592712,
            "Y": 0.34000492095947266
          }
        ]
      },
      "Id": "de6419b6-0324-47b3-a9d2-201f4c30775a",
      "Relationships": [
        {
          "Type": "CHILD",
          "Ids": [
            "3f41be69-c804-4e5c-a947-3275fd724722"
          ]
        }
      ],
      "Page": 1
    },
    {
      "BlockType": "LINE",
      "Confidence": 92.86466979980469,
      "Text": "Stability Al para encontrar O FM certo para",
      "Geometry": {
        "BoundingBox": {
          "Width": 0.20283037424087524,
          "Height": 0.01749487966299057,
          "Left": 0.4618220031261444,
          "Top": 0.3033660054206848
        },
        "Polygon": [
          {
            "X": 0.4618220031261444,
            "Y": 0.30837851762771606
          },
          {
            "X": 0.6646164655685425,
            "Y": 0.3033660054206848
          },
          {
            "X": 0.6646523475646973,
            "Y": 0.3158999979496002
          },
          {
            "X": 0.4618610739707947,
            "Y": 0.320860892534256
          }
        ]
      },
      "Id": "ed8c7ff5-4c4c-4b62-b67e-88d7fdcef5b5",
      "Relationships": [
        {
          "Type": "CHILD",
          "Ids": [
            "90dc8283-722f-40a2-892e-655cf166f6c8",
            "dadbcf4b-5f33-48bb-8446-829a3f68b8ef",
            "a20132bd-bd83-47f9-9445-5ad74591170c",
            "5b2716e8-0711-4bb2-a3ef-715ddcaa8ba9",
            "62ac439d-5a7a-4b35-af82-4d2ec8fd37fb",
            "575b0796-d953-46be-8bed-313e69c54937",
            "40f22627-6d3e-43c5-96c6-62afcd86749e",
            "83a43e47-5cff-4bdb-9d7c-7fe7cb327114"
          ]
        }
      ],
      "Page": 1
    },
    {
      "BlockType": "LINE",
      "Confidence": 99.34635162353516,
      "Text": "seu caso de uso",
      "Geometry": {
        "BoundingBox": {
          "Width": 0.0722443088889122,
          "Height": 0.009717524982988834,
          "Left": 0.4617113769054413,
          "Top": 0.3207102119922638
        },
        "Polygon": [
          {
            "X": 0.4617113769054413,
            "Y": 0.32247456908226013
          },
          {
            "X": 0.5339314937591553,
            "Y": 0.3207102119922638
          },
          {
            "X": 0.5339556932449341,
            "Y": 0.3286750614643097
          },
          {
            "X": 0.4617362916469574,
            "Y": 0.33042773604393005
          }
        ]
      },
      "Id": "3dad2dba-72f1-4ae2-8c85-97a2b221e134",
      "Relationships": [
        {
          "Type": "CHILD",
          "Ids": [
            "9d3c3a1c-d7cd-4f1b-b5f6-9f2c68f4bb84",
            "2851b906-cede-4f30-b6ce-9dc1ba80f6c7",
            "fe6ef80e-8f40-4155-a6a5-9a3c3e41145b",
            "8400671b-caae-4a12-beb7-8fce9ecdbcd9"
          ]
        }
      ],
      "Page": 1
    },
    {
      "BlockType": "LINE",
      "Confidence": 97.84658813476562,
      "Text": "A maneira mais fácil de criar e",
      "Geometry": {
        "BoundingBox": {
          "Width": 0.15394119918346405,
          "Height": 0.013840404339134693,
          "Left": 0.170109361410141,
          "Top": 0.35092779994010925
        },
        "Polygon": [
          {
            "X": 0.170109361410141,
            "Y": 0.35460901260375977
          },
          {
            "X": 0.32401683926582336,
            "Y": 0.35092779994010925
          },
          {
            "X": 0.32405057549476624,
            "Y": 0.36111900210380554
          },
          {
            "X": 0.17014503479003906,
            "Y": 0.36476820707321167
          }
        ]
      },
      "Id": "625f118b-cba7-4d30-bfac-af9e12d49542",
      "Relationships": [
        {
          "Type": "CHILD",
          "Ids": [
            "3f27d2ba-eba4-425b-85af-50945e6f6323",
            "2c930bb3-c714-4586-88df-e976558a0b44",
            "7ffe544f-795f-48af-a5c3-ee83f693065b",
            "c2755b5e-d846-4658-bf5f-0e8e78eb8210",
            "054b0ebf-ee6b-4abf-9c07-0f780b010893",
            "bf30344b-5bcf-41eb-9696-d3caca1b2ff3",
            "9afa5c11-ec73-4f29-a0f8-75d1298b7681"
          ]
        }
      ],
      "Page": 1
    },
    {
      "BlockType": "LINE",
      "Confidence": 96.3673324584961,
      "Text": "Construído com segurança de dados,",
      "Geometry": {
        "BoundingBox": {
          "Width": 0.17347848415374756,
          "Height": 0.014888941310346127,
          "Left": 0.4616077244281769,
          "Top": 0.3376924693584442
        },
        "Polygon": [
          {
            "X": 0.4616077244281769,
            "Y": 0.34186145663261414
          },
          {
            "X": 0.6350549459457397,
            "Y": 0.3376924693584442
          },
          {
            "X": 0.6350862383842468,
            "Y": 0.34845033288002014
          },
          {
            "X": 0.4616412818431854,
            "Y": 0.3525814116001129
          }
        ]
      },
      "Id": "0da16eff-d6ce-4355-9e1d-fbc6f5b88ba8",
      "Relationships": [
        {
          "Type": "CHILD",
          "Ids": [
            "86d2e553-0526-44f3-bacc-314a7872ce00",
            "b0f68213-0ec3-41a4-bd56-50c327d1574f",
            "cb3e0ccb-8255-4657-98c6-46e261def11c",
            "0747929e-9097-4053-97d7-2ba44fecb7f2",
            "692dae2a-7fa6-435a-a7a3-77bc0d3a5787"
          ]
        }
      ],
      "Page": 1
    },
    {
      "BlockType": "LINE",
      "Confidence": 99.23049926757812,
      "Text": "privacidade e segurança em mente",
      "Geometry": {
        "BoundingBox": {
          "Width": 0.16446997225284576,
          "Height": 0.014568468555808067,
          "Left": 0.4616076946258545,
          "Top": 0.34968987107276917
        },
        "Polygon": [
          {
            "X": 0.4616076946258545,
            "Y": 0.3536030352115631
          },
          {
            "X": 0.6260464787483215,
            "Y": 0.34968987107276917
          },
          {
            "X": 0.6260776519775391,
            "Y": 0.3603808581829071
          },
          {
            "X": 0.4616410434246063,
            "Y": 0.364258348941803
          }
        ]
      },
      "Id": "4a9be9ac-dcfc-40c0-9322-ceaca2fa1b9a",
      "Relationships": [
        {
          "Type": "CHILD",
          "Ids": [
            "5c41534f-4604-4813-a381-5576958b5a5b",
            "cd5610ef-d9cc-46af-a9c3-dd71a08d5a5a",
            "2a90619b-7c23-444c-a13e-426c925e5b3e",
            "ddf7fe1e-2a98-4396-8d52-bdb490d6f846",
            "55be4b46-9ba7-4f7a-86be-4d58dd0c24d5"
          ]
        }
      ],
      "Page": 1
    },
    {
      "BlockType": "LINE",
      "Confidence": 99.2630386352539,
      "Text": "dimensionar aplicativos de IA",
      "Geometry": {
        "BoundingBox": {
          "Width": 0.15006043016910553,
          "Height": 0.013783371075987816,
          "Left": 0.17038720846176147,
          "Top": 0.36473730206489563
        },
        "Polygon": [
          {
            "X": 0.17038720846176147,
            "Y": 0.3682836890220642
          },
          {
            "X": 0.32041358947753906,
            "Y": 0.36473730206489563
          },
          {
            "X": 0.3204476535320282,
            "Y": 0.3750057518482208
          },
          {
            "X": 0.17042315006256104,
            "Y": 0.378520667552948
          }
        ]
      },
      "Id": "aed15410-fbe1-42d4-ab07-9e6ab8df1e19",
      "Relationships": [
        {
          "Type": "CHILD",
          "Ids": [
            "07cbf751-8421-4ce2-9b8a-b44bf5edcb2e",
            "30314531-b4b2-45cc-bc1d-c2187c7d192d",
            "4a4939be-db9f-4f1d-af95-94c46357d385",
            "f98909af-29c3-49c7-9cf9-71fc790b2797"
          ]
        }
      ],
      "Page": 1
    },
    {
      "BlockType": "LINE",
      "Confidence": 99.511474609375,
      "Text": "generativa com modelos",
      "Geometry": {
        "BoundingBox": {
          "Width": 0.1253555566072464,
          "Height": 0.013523650355637074,
          "Left": 0.16968059539794922,
          "Top": 0.37938258051872253
        },
        "Polygon": [
          {
            "X": 0.16968059539794922,
            "Y": 0.3823090195655823
          },
          {
            "X": 0.2950005829334259,
            "Y": 0.37938258051872253
          },
          {
            "X": 0.2950361669063568,
            "Y": 0.39000698924064636
          },
          {
            "X": 0.16971781849861145,
            "Y": 0.39290621876716614
          }
        ]
      },
      "Id": "633dd2b6-6bc2-44e5-bbba-ef0fe3ae0ec5",
      "Relationships": [
        {
          "Type": "CHILD",
          "Ids": [
            "683fd763-6163-4d3b-b9fc-de7c5cbb0386",
            "a5b70cff-2f3b-4712-a3e2-e3e4adb7fda6",
            "dee7edb4-1ff6-4192-b18f-089fb11c810d"
          ]
        }
      ],
      "Page": 1
    },
    {
      "BlockType": "LINE",
      "Confidence": 99.12723541259766,
      "Text": "fundacionais (FMs)",
      "Geometry": {
        "BoundingBox": {
          "Width": 0.09637787193059921,
          "Height": 0.013724452815949917,
          "Left": 0.1692168414592743,
          "Top": 0.3920736312866211
        },
        "Polygon": [
          {
            "X": 0.1692168414592743,
            "Y": 0.3942996859550476
          },
          {
            "X": 0.2655557096004486,
            "Y": 0.3920736312866211
          },
          {
            "X": 0.2655947208404541,
            "Y": 0.4035947024822235
          },
          {
            "X": 0.1692572385072708,
            "Y": 0.405798077583313
          }
        ]
      },
      "Id": "d28e16e9-5421-4aca-93c9-101ffd9811fa",
      "Relationships": [
        {
          "Type": "CHILD",
          "Ids": [
            "d6a0fd4f-d4bf-4807-b10c-823a82f9bb36",
            "7ed91fd6-7468-43b5-a44b-5ed5995cbe0e"
          ]
        }
      ],
      "Page": 1
    },
    {
      "BlockType": "LINE",
      "Confidence": 91.48065948486328,
      "Text": "15",
      "Geometry": {
        "BoundingBox": {
          "Width": 0.007244566921144724,
          "Height": 0.004971902351826429,
          "Left": 0.7534802556037903,
          "Top": 0.41098442673683167
        },
        "Polygon": [
          {
            "X": 0.7534802556037903,
            "Y": 0.4111470878124237
          },
          {
            "X": 0.7607116103172302,
            "Y": 0.41098442673683167
          },
          {
            "X": 0.7607247829437256,
            "Y": 0.41579440236091614
          },
          {
            "X": 0.7534934878349304,
            "Y": 0.4159563481807709
          }
        ]
      },
      "Id": "36003d17-e158-4508-a806-b6a937cae981",
      "Relationships": [
        {
          "Type": "CHILD",
          "Ids": [
            "839cbd5a-4197-48b6-af6a-e96a521327ac"
          ]
        }
      ],
      "Page": 1
    },
    {
      "BlockType": "WORD",
      "Confidence": 95.29097747802734,
      "Text": "Cloud",
      "TextType": "PRINTED",
      "Geometry": {
        "BoundingBox": {
          "Width": 0.0249507836997509,
          "Height": 0.007170494180172682,
          "Left": 0.7101550698280334,
          "Top": 0.14394919574260712
        },
        "Polygon": [
          {
            "X": 0.7101550698280334,
            "Y": 0.14464499056339264
          },
          {
            "X": 0.7350878715515137,
            "Y": 0.14394919574260712
          },
          {
            "X": 0.7351058721542358,
            "Y": 0.15042714774608612
          },
          {
            "X": 0.7101732492446899,
            "Y": 0.1511196792125702
          }
        ]
      },
      "Id": "5311c141-26e7-4edc-85a9-4bbedc110f30",
      "Page": 1
    },
    {
      "BlockType": "WORD",
      "Confidence": 98.16665649414062,
      "Text": "aws",
      "TextType": "PRINTED",
      "Geometry": {
        "BoundingBox": {
          "Width": 0.046301476657390594,
          "Height": 0.01494551356881857,
          "Left": 0.6368244886398315,
          "Top": 0.1487203985452652
        },
        "Polygon": [
          {
            "X": 0.6368244886398315,
            "Y": 0.15000833570957184
          },
          {
            "X": 0.683087170124054,
            "Y": 0.1487203985452652
          },
          {
            "X": 0.6831259727478027,
            "Y": 0.1623907834291458
          },
          {
            "X": 0.6368641257286072,
            "Y": 0.16366590559482574
          }
        ]
      },
      "Id": "15a20e7a-b80a-4629-8e36-1200bfb8f14b",
      "Page": 1
    },
    {
      "BlockType": "WORD",
      "Confidence": 99.59778594970703,
      "Text": "Experience",
      "TextType": "PRINTED",
      "Geometry": {
        "BoundingBox": {
          "Width": 0.04674982652068138,
          "Height": 0.008978072553873062,
          "Left": 0.7101320624351501,
          "Top": 0.15085960924625397
        },
        "Polygon": [
          {
            "X": 0.7101320624351501,
            "Y": 0.15215657651424408
          },
          {
            "X": 0.7568607926368713,
            "Y": 0.15085960924625397
          },
          {
            "X": 0.7568818926811218,
            "Y": 0.1585479974746704
          },
          {
            "X": 0.7101536393165588,
            "Y": 0.15983767807483673
          }
        ]
      },
      "Id": "c0330506-a0da-4848-a059-cc5f68b524d1",
      "Page": 1
    },
    {
      "BlockType": "WORD",
      "Confidence": 99.53162384033203,
      "Text": "2025",
      "TextType": "PRINTED",
      "Geometry": {
        "BoundingBox": {
          "Width": 0.0210017878562212,
          "Height": 0.006691057700663805,
          "Left": 0.7103696465492249,
          "Top": 0.16049563884735107
        },
        "Polygon": [
          {
            "X": 0.7103696465492249,
            "Y": 0.16107428073883057
          },
          {
            "X": 0.7313544154167175,
            "Y": 0.16049563884735107
          },
          {
            "X": 0.7313714027404785,
            "Y": 0.16661064326763153
          },
          {
            "X": 0.7103867530822754,
            "Y": 0.1671866923570633
          }
        ]
      },
      "Id": "eaae02aa-12d4-495f-8398-38ad1977d3ec",
      "Page": 1
    },
    {
      "BlockType": "WORD",
      "Confidence": 99.67356872558594,
      "Text": "Acelere",
      "TextType": "PRINTED",
      "Geometry": {
        "BoundingBox": {
          "Width": 0.0348624624311924,
          "Height": 0.008876786567270756,
          "Left": 0.4620029032230377,
          "Top": 0.2369941920042038
        },
        "Polygon": [
          {
            "X": 0.4620029032230377,
            "Y": 0.23790523409843445
          },
          {
            "X": 0.49684077501296997,
            "Y": 0.2369941920042038
          },
          {
            "X": 0.4968653619289398,
            "Y": 0.244965597987175
          },
          {
            "X": 0.46202781796455383,
            "Y": 0.24587097764015198
          }
        ]
      },
      "Id": "c59e5cd3-d6b6-4ee1-8528-7e1404534321",
      "Page": 1
    },
    {
      "BlockType": "WORD",
      "Confidence": 57.70661926269531,
      "Text": "o",
      "TextType": "PRINTED",
      "Geometry": {
        "BoundingBox": {
          "Width": 0.006380429957062006,
          "Height": 0.005834001582115889,
          "Left": 0.4991655945777893,
          "Top": 0.2373906821012497
        },
        "Polygon": [
          {
            "X": 0.4991655945777893,
            "Y": 0.23755700886249542
          },
          {
            "X": 0.5055285692214966,
            "Y": 0.2373906821012497
          },
          {
            "X": 0.5055460333824158,
            "Y": 0.24305909872055054
          },
          {
            "X": 0.4991830587387085,
            "Y": 0.24322468042373657
          }
        ]
      },
      "Id": "8a2b6443-23a6-44ff-bd00-4f77fdad555d",
      "Page": 1
    },
    {
      "BlockType": "WORD",
      "Confidence": 97.72716522216797,
      "Text": "desenvolvimento",
      "TextType": "PRINTED",
      "Geometry": {
        "BoundingBox": {
          "Width": 0.08213171362876892,
          "Height": 0.011846872977912426,
          "Left": 0.5077396631240845,
          "Top": 0.23060111701488495
        },
        "Polygon": [
          {
            "X": 0.5077396631240845,
            "Y": 0.23275478184223175
          },
          {
            "X": 0.5898426175117493,
            "Y": 0.23060111701488495
          },
          {
            "X": 0.5898714065551758,
            "Y": 0.24031054973602295
          },
          {
            "X": 0.5077694058418274,
            "Y": 0.24244798719882965
          }
        ]
      },
      "Id": "001e2f8d-616b-4941-9dac-152e67d5f7a9",
      "Page": 1
    },
    {
      "BlockType": "WORD",
      "Confidence": 99.76634979248047,
      "Text": "de",
      "TextType": "PRINTED",
      "Geometry": {
        "BoundingBox": {
          "Width": 0.012341832742094994,
          "Height": 0.007737269159406424,
          "Left": 0.5923333168029785,
          "Top": 0.22869645059108734
        },
        "Polygon": [
          {
            "X": 0.5923333168029785,
            "Y": 0.22901999950408936
          },
          {
            "X": 0.6046532988548279,
            "Y": 0.22869645059108734
          },
          {
            "X": 0.6046751737594604,
            "Y": 0.23611204326152802
          },
          {
            "X": 0.5923552513122559,
            "Y": 0.2364337295293808
          }
        ]
      },
      "Id": "9bf16f32-93d6-4dfd-a4d7-f3ec755a2758",
      "Page": 1
    },
    {
      "BlockType": "WORD",
      "Confidence": 94.60929870605469,
      "Text": "aplicações",
      "TextType": "PRINTED",
      "Geometry": {
        "BoundingBox": {
          "Width": 0.050781264901161194,
          "Height": 0.010793101042509079,
          "Left": 0.6072839498519897,
          "Top": 0.2257450670003891
        },
        "Polygon": [
          {
            "X": 0.6072839498519897,
            "Y": 0.22707955539226532
          },
          {
            "X": 0.6580379605293274,
            "Y": 0.2257450670003891
          },
          {
            "X": 0.6580651998519897,
            "Y": 0.23521342873573303
          },
          {
            "X": 0.6073117256164551,
            "Y": 0.23653815686702728
          }
        ]
      },
      "Id": "8f6635b8-273f-4a6c-a28f-4c10b69bf57a",
      "Page": 1
    },
    {
      "BlockType": "WORD",
      "Confidence": 99.79590606689453,
      "Text": "de",
      "TextType": "PRINTED",
      "Geometry": {
        "BoundingBox": {
          "Width": 0.01245899684727192,
          "Height": 0.007357941009104252,
          "Left": 0.6611904501914978,
          "Top": 0.22417308390140533
        },
        "Polygon": [
          {
            "X": 0.6611904501914978,
            "Y": 0.22450044751167297
          },
          {
            "X": 0.6736293435096741,
            "Y": 0.22417308390140533
          },
          {
            "X": 0.6736494302749634,
            "Y": 0.23120544850826263
          },
          {
            "X": 0.6612105965614319,
            "Y": 0.231531023979187
          }
        ]
      },
      "Id": "df458d75-80bc-49c9-8a5c-4b89f1bf4b13",
      "Page": 1
    },
    {
      "BlockType": "WORD",
      "Confidence": 99.18943786621094,
      "Text": "IA",
      "TextType": "PRINTED",
      "Geometry": {
        "BoundingBox": {
          "Width": 0.010016778483986855,
          "Height": 0.006870658602565527,
          "Left": 0.6769382953643799,
          "Top": 0.22342549264431
        },
        "Polygon": [
          {
            "X": 0.6769382953643799,
            "Y": 0.22368869185447693
          },
          {
            "X": 0.6869363188743591,
            "Y": 0.22342549264431
          },
          {
            "X": 0.6869550943374634,
            "Y": 0.23003429174423218
          },
          {
            "X": 0.6769571304321289,
            "Y": 0.23029614984989166
          }
        ]
      },
      "Id": "3e785929-fcc1-435f-bbe4-ca2df4fc2e3c",
      "Page": 1
    },
    {
      "BlockType": "WORD",
      "Confidence": 98.51475524902344,
      "Text": "ud",
      "TextType": "PRINTED",
      "Geometry": {
        "BoundingBox": {
          "Width": 0.01805679313838482,
          "Height": 0.013576134108006954,
          "Left": 0.00007337009446928278,
          "Top": 0.25820791721343994
        },
        "Polygon": [
          {
            "X": 0.00007337009446928278,
            "Y": 0.25867563486099243
          },
          {
            "X": 0.018081527203321457,
            "Y": 0.25820791721343994
          },
          {
            "X": 0.018130162730813026,
            "Y": 0.27132120728492737
          },
          {
            "X": 0.00012229524145368487,
            "Y": 0.27178406715393066
          }
        ]
      },
      "Id": "28540f93-a14b-4d60-b9ed-818dbccf76dd",
      "Page": 1
    },
    {
      "BlockType": "WORD",
      "Confidence": 99.1270523071289,
      "Text": "generativa",
      "TextType": "PRINTED",
      "Geometry": {
        "BoundingBox": {
          "Width": 0.048571616411209106,
          "Height": 0.011145935393869877,
          "Left": 0.4620656371116638,
          "Top": 0.24642200767993927
        },
        "Polygon": [
          {
            "X": 0.4620656371116638,
            "Y": 0.24768173694610596
          },
          {
            "X": 0.5106068849563599,
            "Y": 0.24642200767993927
          },
          {
            "X": 0.5106372237205505,
            "Y": 0.25631797313690186
          },
          {
            "X": 0.46209657192230225,
            "Y": 0.2575679421424866
          }
        ]
      },
      "Id": "4b13016a-c225-44a2-adb2-d35a19611fe0",
      "Page": 1
    },
    {
      "BlockType": "WORD",
      "Confidence": 99.1409683227539,
      "Text": "usando",
      "TextType": "PRINTED",
      "Geometry": {
        "BoundingBox": {
          "Width": 0.03443579748272896,
          "Height": 0.009462960995733738,
          "Left": 0.5128146409988403,
          "Top": 0.2437366247177124
        },
        "Polygon": [
          {
            "X": 0.5128146409988403,
            "Y": 0.2446308434009552
          },
          {
            "X": 0.5472245216369629,
            "Y": 0.2437366247177124
          },
          {
            "X": 0.5472504496574402,
            "Y": 0.2523113787174225
          },
          {
            "X": 0.5128408670425415,
            "Y": 0.25319957733154297
          }
        ]
      },
      "Id": "f2d1a0c0-491c-4607-9ead-0ab89781fffe",
      "Page": 1
    },
    {
      "BlockType": "WORD",
      "Confidence": 99.53813171386719,
      "Text": "FMs",
      "TextType": "PRINTED",
      "Geometry": {
        "BoundingBox": {
          "Width": 0.02000747062265873,
          "Height": 0.00819220021367073,
          "Left": 0.5501688718795776,
          "Top": 0.24211737513542175
        },
        "Polygon": [
          {
            "X": 0.5501688718795776,
            "Y": 0.24263712763786316
          },
          {
            "X": 0.5701534152030945,
            "Y": 0.24211737513542175
          },
          {
            "X": 0.570176362991333,
            "Y": 0.2497929334640503
          },
          {
            "X": 0.5501919984817505,
            "Y": 0.250309556722641
          }
        ]
      },
      "Id": "59585922-bdf0-4d0a-98fb-e26228e84a59",
      "Page": 1
    },
    {
      "BlockType": "WORD",
      "Confidence": 99.08097076416016,
      "Text": "por",
      "TextType": "PRINTED",
      "Geometry": {
        "BoundingBox": {
          "Width": 0.01699693314731121,
          "Height": 0.008161302655935287,
          "Left": 0.5727185606956482,
          "Top": 0.24178670346736908
        },
        "Polygon": [
          {
            "X": 0.5727185606956482,
            "Y": 0.24222810566425323
          },
          {
            "X": 0.5896925926208496,
            "Y": 0.24178670346736908
          },
          {
            "X": 0.5897154808044434,
            "Y": 0.2495092749595642
          },
          {
            "X": 0.5727416276931763,
            "Y": 0.24994800984859467
          }
        ]
      },
      "Id": "552dccbb-182e-40fb-90e4-012a5f0177b1",
      "Page": 1
    },
    {
      "BlockType": "WORD",
      "Confidence": 99.56285095214844,
      "Text": "meio",
      "TextType": "PRINTED",
      "Geometry": {
        "BoundingBox": {
          "Width": 0.024377601221203804,
          "Height": 0.008281510323286057,
          "Left": 0.5924733877182007,
          "Top": 0.23871567845344543
        },
        "Polygon": [
          {
            "X": 0.5924733877182007,
            "Y": 0.23935018479824066
          },
          {
            "X": 0.6168286204338074,
            "Y": 0.23871567845344543
          },
          {
            "X": 0.6168510317802429,
            "Y": 0.2463664710521698
          },
          {
            "X": 0.5924960374832153,
            "Y": 0.2469971925020218
          }
        ]
      },
      "Id": "8c3c2387-f128-4fb0-b258-d77c253bb200",
      "Page": 1
    },
    {
      "BlockType": "WORD",
      "Confidence": 99.79732513427734,
      "Text": "de",
      "TextType": "PRINTED",
      "Geometry": {
        "BoundingBox": {
          "Width": 0.012270168401300907,
          "Height": 0.007686187047511339,
          "Left": 0.6197022795677185,
          "Top": 0.23750902712345123
        },
        "Polygon": [
          {
            "X": 0.6197022795677185,
            "Y": 0.2378283441066742
          },
          {
            "X": 0.6319510340690613,
            "Y": 0.23750902712345123
          },
          {
            "X": 0.6319724321365356,
            "Y": 0.24487774074077606
          },
          {
            "X": 0.6197237968444824,
            "Y": 0.24519522488117218
          }
        ]
      },
      "Id": "52d5577d-4390-4eac-a92a-d82ec6aeef68",
      "Page": 1
    },
    {
      "BlockType": "WORD",
      "Confidence": 99.5883560180664,
      "Text": "uma",
      "TextType": "PRINTED",
      "Geometry": {
        "BoundingBox": {
          "Width": 0.022028956562280655,
          "Height": 0.006515308748930693,
          "Left": 0.634926438331604,
          "Top": 0.23727823793888092
        },
        "Polygon": [
          {
            "X": 0.634926438331604,
            "Y": 0.23785187304019928
          },
          {
            "X": 0.6569383144378662,
            "Y": 0.23727823793888092
          },
          {
            "X": 0.6569554209709167,
            "Y": 0.24322257936000824
          },
          {
            "X": 0.6349437236785889,
            "Y": 0.2437935471534729
          }
        ]
      },
      "Id": "4b48deb0-ac92-43a0-9ae9-1c6994899955",
      "Page": 1
    },
    {
      "BlockType": "WORD",
      "Confidence": 94.8019027709961,
      "Text": "API,",
      "TextType": "PRINTED",
      "Geometry": {
        "BoundingBox": {
          "Width": 0.019177600741386414,
          "Height": 0.008071736432611942,
          "Left": 0.6598949432373047,
          "Top": 0.23464444279670715
        },
        "Polygon": [
          {
            "X": 0.6598949432373047,
            "Y": 0.2351444512605667
          },
          {
            "X": 0.6790509819984436,
            "Y": 0.23464444279670715
          },
          {
            "X": 0.6790725588798523,
            "Y": 0.24221912026405334
          },
          {
            "X": 0.6599166989326477,
            "Y": 0.24271617829799652
          }
        ]
      },
      "Id": "1754fb1a-1542-4c08-a723-8a8df227b52f",
      "Page": 1
    },
    {
      "BlockType": "WORD",
      "Confidence": 99.68260192871094,
      "Text": "sem",
      "TextType": "PRINTED",
      "Geometry": {
        "BoundingBox": {
          "Width": 0.018709244206547737,
          "Height": 0.006273183971643448,
          "Left": 0.46216878294944763,
          "Top": 0.26030293107032776
        },
        "Polygon": [
          {
            "X": 0.46216878294944763,
            "Y": 0.26078304648399353
          },
          {
            "X": 0.48086002469062805,
            "Y": 0.26030293107032776
          },
          {
            "X": 0.4808780252933502,
            "Y": 0.2660982310771942
          },
          {
            "X": 0.46218690276145935,
            "Y": 0.2665761411190033
          }
        ]
      },
      "Id": "2af5e3db-d5ee-456e-92d1-6a402b3ffbc6",
      "Page": 1
    },
    {
      "BlockType": "WORD",
      "Confidence": 97.88787078857422,
      "Text": "gerenciar",
      "TextType": "PRINTED",
      "Geometry": {
        "BoundingBox": {
          "Width": 0.04399478808045387,
          "Height": 0.010860648937523365,
          "Left": 0.48370930552482605,
          "Top": 0.25574958324432373
        },
        "Polygon": [
          {
            "X": 0.48370930552482605,
            "Y": 0.25688183307647705
          },
          {
            "X": 0.5276744961738586,
            "Y": 0.25574958324432373
          },
          {
            "X": 0.527704119682312,
            "Y": 0.2654866874217987
          },
          {
            "X": 0.4837394952774048,
            "Y": 0.2666102349758148
          }
        ]
      },
      "Id": "5c92dde9-2bce-4f9d-9d62-7bf7a3e05a73",
      "Page": 1
    },
    {
      "BlockType": "WORD",
      "Confidence": 98.91094970703125,
      "Text": "infraestrutura",
      "TextType": "PRINTED",
      "Geometry": {
        "BoundingBox": {
          "Width": 0.06689805537462234,
          "Height": 0.011739359237253666,
          "Left": 0.5295284986495972,
          "Top": 0.2514266073703766
        },
        "Polygon": [
          {
            "X": 0.5295284986495972,
            "Y": 0.25315216183662415
          },
          {
            "X": 0.5963969230651855,
            "Y": 0.2514266073703766
          },
          {
            "X": 0.5964265465736389,
            "Y": 0.2614540457725525
          },
          {
            "X": 0.5295589566230774,
            "Y": 0.2631659507751465
          }
        ]
      },
      "Id": "ce221ed3-1d04-4c5c-80f5-38520a1fb848",
      "Page": 1
    },
    {
      "BlockType": "WORD",
      "Confidence": 98.36918640136719,
      "Text": "erience",
      "TextType": "PRINTED",
      "Geometry": {
        "BoundingBox": {
          "Width": 0.062160346657037735,
          "Height": 0.015984950587153435,
          "Left": 0.00019581591186579317,
          "Top": 0.2761252522468567
        },
        "Polygon": [
          {
            "X": 0.00019581591186579317,
            "Y": 0.2777140438556671
          },
          {
            "X": 0.06230353191494942,
            "Y": 0.2761252522468567
          },
          {
            "X": 0.06235616281628609,
            "Y": 0.29053980112075806
          },
          {
            "X": 0.0002495463704690337,
            "Y": 0.2921102046966553
          }
        ]
      },
      "Id": "7217dc23-07e9-4799-aef4-84eb4dafaf57",
      "Page": 1
    },
    {
      "BlockType": "WORD",
      "Confidence": 99.14342498779297,
      "Text": "5",
      "TextType": "PRINTED",
      "Geometry": {
        "BoundingBox": {
          "Width": 0.008862609975039959,
          "Height": 0.012071173638105392,
          "Left": 0.00036076316609978676,
          "Top": 0.2993757724761963
        },
        "Polygon": [
          {
            "X": 0.00036076316609978676,
            "Y": 0.2995973825454712
          },
          {
            "X": 0.009179276414215565,
            "Y": 0.2993757724761963
          },
          {
            "X": 0.009223372675478458,
            "Y": 0.3112274706363678
          },
          {
            "X": 0.0004049876588396728,
            "Y": 0.3114469349384308
          }
        ]
      },
      "Id": "dff65f71-d17d-4840-8bea-f64c8557166d",
      "Page": 1
    },
    {
      "BlockType": "WORD",
      "Confidence": 99.89434051513672,
      "Text": "Amazon",
      "TextType": "PRINTED",
      "Geometry": {
        "BoundingBox": {
          "Width": 0.10918457061052322,
          "Height": 0.021332189440727234,
          "Left": 0.17503133416175842,
          "Top": 0.29021507501602173
        },
        "Polygon": [
          {
            "X": 0.17503133416175842,
            "Y": 0.2929624915122986
          },
          {
            "X": 0.2841532826423645,
            "Y": 0.29021507501602173
          },
          {
            "X": 0.28421589732170105,
            "Y": 0.30884137749671936
          },
          {
            "X": 0.17509646713733673,
            "Y": 0.31154724955558777
          }
        ]
      },
      "Id": "f37d0464-a186-4fac-88d9-f51bea292d05",
      "Page": 1
    },
    {
      "BlockType": "WORD",
      "Confidence": 99.82379913330078,
      "Text": "Escolha",
      "TextType": "PRINTED",
      "Geometry": {
        "BoundingBox": {
          "Width": 0.03369560092687607,
          "Height": 0.008525699377059937,
          "Left": 0.46256014704704285,
          "Top": 0.29049137234687805
        },
        "Polygon": [
          {
            "X": 0.46256014704704285,
            "Y": 0.2913353145122528
          },
          {
            "X": 0.4962320327758789,
            "Y": 0.29049137234687805
          },
          {
            "X": 0.4962557554244995,
            "Y": 0.29817840456962585
          },
          {
            "X": 0.4625841975212097,
            "Y": 0.299017071723938
          }
        ]
      },
      "Id": "dac8e6c5-eb5b-4bc3-aaeb-6e2734ab4a70",
      "Page": 1
    },
    {
      "BlockType": "WORD",
      "Confidence": 99.73942565917969,
      "Text": "FMs",
      "TextType": "PRINTED",
      "Geometry": {
        "BoundingBox": {
          "Width": 0.019018976017832756,
          "Height": 0.0076685333624482155,
          "Left": 0.4992762506008148,
          "Top": 0.28932589292526245
        },
        "Polygon": [
          {
            "X": 0.4992762506008148,
            "Y": 0.2898022532463074
          },
          {
            "X": 0.5182732343673706,
            "Y": 0.28932589292526245
          },
          {
            "X": 0.5182952284812927,
            "Y": 0.296520859003067
          },
          {
            "X": 0.49929842352867126,
            "Y": 0.2969944179058075
          }
        ]
      },
      "Id": "d8b69be6-0138-4ae8-8c51-70c9cefe47a3",
      "Page": 1
    },
    {
      "BlockType": "WORD",
      "Confidence": 99.7890853881836,
      "Text": "da",
      "TextType": "PRINTED",
      "Geometry": {
        "BoundingBox": {
          "Width": 0.01154255773872137,
          "Height": 0.007626330014318228,
          "Left": 0.5208950042724609,
          "Top": 0.2881263196468353
        },
        "Polygon": [
          {
            "X": 0.5208950042724609,
            "Y": 0.28841540217399597
          },
          {
            "X": 0.5324152708053589,
            "Y": 0.2881263196468353
          },
          {
            "X": 0.5324375629425049,
            "Y": 0.29546529054641724
          },
          {
            "X": 0.5209174156188965,
            "Y": 0.2957526445388794
          }
        ]
      },
      "Id": "a00dce9b-a139-42f2-818b-cd3c5bb7da94",
      "Page": 1
    },
    {
      "BlockType": "WORD",
      "Confidence": 97.84168243408203,
      "Text": "Amazon,",
      "TextType": "PRINTED",
      "Geometry": {
        "BoundingBox": {
          "Width": 0.04140375554561615,
          "Height": 0.008990858681499958,
          "Left": 0.5350265502929688,
          "Top": 0.2861970365047455
        },
        "Polygon": [
          {
            "X": 0.5350265502929688,
            "Y": 0.2872360646724701
          },
          {
            "X": 0.5764065384864807,
            "Y": 0.2861970365047455
          },
          {
            "X": 0.5764302611351013,
            "Y": 0.2941555380821228
          },
          {
            "X": 0.5350506901741028,
            "Y": 0.29518789052963257
          }
        ]
      },
      "Id": "1ec88f84-74ab-4192-accb-bf5ce6bf8fe3",
      "Page": 1
    },
    {
      "BlockType": "WORD",
      "Confidence": 89.50916290283203,
      "Text": "A121",
      "TextType": "PRINTED",
      "Geometry": {
        "BoundingBox": {
          "Width": 0.021351957693696022,
          "Height": 0.00786469504237175,
          "Left": 0.5792701244354248,
          "Top": 0.2842886447906494
        },
        "Polygon": [
          {
            "X": 0.5792701244354248,
            "Y": 0.28482478857040405
          },
          {
            "X": 0.6006004214286804,
            "Y": 0.2842886447906494
          },
          {
            "X": 0.6006220579147339,
            "Y": 0.2916203439235687
          },
          {
            "X": 0.5792919397354126,
            "Y": 0.29215332865715027
          }
        ]
      },
      "Id": "c6aae2d6-b662-43ec-87bf-e6b5456f4ff4",
      "Page": 1
    },
    {
      "BlockType": "WORD",
      "Confidence": 91.70059204101562,
      "Text": "Labs,",
      "TextType": "PRINTED",
      "Geometry": {
        "BoundingBox": {
          "Width": 0.023803800344467163,
          "Height": 0.00781969167292118,
          "Left": 0.6046263575553894,
          "Top": 0.28259599208831787
        },
        "Polygon": [
          {
            "X": 0.6046263575553894,
            "Y": 0.28319430351257324
          },
          {
            "X": 0.6284090876579285,
            "Y": 0.28259599208831787
          },
          {
            "X": 0.6284301280975342,
            "Y": 0.2898208796977997
          },
          {
            "X": 0.6046475768089294,
            "Y": 0.2904157042503357
          }
        ]
      },
      "Id": "d5f32710-0f57-4d34-aed3-c7c25f0ef9c3",
      "Page": 1
    },
    {
      "BlockType": "WORD",
      "Confidence": 64.0511703491211,
      "Text": "Anthropic,",
      "TextType": "PRINTED",
      "Geometry": {
        "BoundingBox": {
          "Width": 0.0476645827293396,
          "Height": 0.009691108018159866,
          "Left": 0.4617442488670349,
          "Top": 0.30056747794151306
        },
        "Polygon": [
          {
            "X": 0.4617442488670349,
            "Y": 0.30175137519836426
          },
          {
            "X": 0.5093827247619629,
            "Y": 0.30056747794151306
          },
          {
            "X": 0.5094088315963745,
            "Y": 0.30908292531967163
          },
          {
            "X": 0.4617708623409271,
            "Y": 0.31025856733322144
          }
        ]
      },
      "Id": "dea4284c-9e23-43be-ae36-bd9d36d8f1b9",
      "Page": 1
    },
    {
      "BlockType": "WORD",
      "Confidence": 84.18431854248047,
      "Text": "Cohere,",
      "TextType": "PRINTED",
      "Geometry": {
        "BoundingBox": {
          "Width": 0.03607915714383125,
          "Height": 0.00878764409571886,
          "Left": 0.512574315071106,
          "Top": 0.2980475425720215
        },
        "Polygon": [
          {
            "X": 0.512574315071106,
            "Y": 0.29894471168518066
          },
          {
            "X": 0.548629641532898,
            "Y": 0.2980475425720215
          },
          {
            "X": 0.5486534833908081,
            "Y": 0.3059437870979309
          },
          {
            "X": 0.5125985145568848,
            "Y": 0.3068351745605469
          }
        ]
      },
      "Id": "b5898e65-8ab1-4be4-8caa-4a50e0d6bde8",
      "Page": 1
    },
    {
      "BlockType": "WORD",
      "Confidence": 97.82503509521484,
      "Text": "Meta,",
      "TextType": "PRINTED",
      "Geometry": {
        "BoundingBox": {
          "Width": 0.027625231072306633,
          "Height": 0.008595996536314487,
          "Left": 0.5520516037940979,
          "Top": 0.29640430212020874
        },
        "Polygon": [
          {
            "X": 0.5520516037940979,
            "Y": 0.29709163308143616
          },
          {
            "X": 0.5796533226966858,
            "Y": 0.29640430212020874
          },
          {
            "X": 0.5796768665313721,
            "Y": 0.304317444562912
          },
          {
            "X": 0.5520754456520081,
            "Y": 0.30500030517578125
          }
        ]
      },
      "Id": "5d220f67-1403-4f70-b975-b32976287340",
      "Page": 1
    },
    {
      "BlockType": "WORD",
      "Confidence": 95.4750747680664,
      "Text": "Mistral",
      "TextType": "PRINTED",
      "Geometry": {
        "BoundingBox": {
          "Width": 0.033718451857566833,
          "Height": 0.008461834862828255,
          "Left": 0.5831312537193298,
          "Top": 0.29388171434402466
        },
        "Polygon": [
          {
            "X": 0.5831312537193298,
            "Y": 0.2947218716144562
          },
          {
            "X": 0.6168273687362671,
            "Y": 0.29388171434402466
          },
          {
            "X": 0.6168497204780579,
            "Y": 0.3015086054801941
          },
          {
            "X": 0.5831539034843445,
            "Y": 0.30234354734420776
          }
        ]
      },
      "Id": "b96f6534-130b-40c9-a73d-b044a975f99a",
      "Page": 1
    },
    {
      "BlockType": "WORD",
      "Confidence": 65.54182434082031,
      "Text": "Al",
      "TextType": "PRINTED",
      "Geometry": {
        "BoundingBox": {
          "Width": 0.011583077721297741,
          "Height": 0.006970791611820459,
          "Left": 0.6198010444641113,
          "Top": 0.29315516352653503
        },
        "Polygon": [
          {
            "X": 0.6198010444641113,
            "Y": 0.29344356060028076
          },
          {
            "X": 0.6313647031784058,
            "Y": 0.29315516352653503
          },
          {
            "X": 0.6313841342926025,
            "Y": 0.2998391091823578
          },
          {
            "X": 0.6198205947875977,
            "Y": 0.30012595653533936
          }
        ]
      },
      "Id": "abee53a8-fac3-45f4-8997-deaa8fab529e",
      "Page": 1
    },
    {
      "BlockType": "WORD",
      "Confidence": 90.64665985107422,
      "Text": "e",
      "TextType": "PRINTED",
      "Geometry": {
        "BoundingBox": {
          "Width": 0.005644338671118021,
          "Height": 0.005536739248782396,
          "Left": 0.6327576637268066,
          "Top": 0.29387831687927246
        },
        "Polygon": [
          {
            "X": 0.6327576637268066,
            "Y": 0.29401859641075134
          },
          {
            "X": 0.6383863091468811,
            "Y": 0.29387831687927246
          },
          {
            "X": 0.638401985168457,
            "Y": 0.29927539825439453
          },
          {
            "X": 0.6327733397483826,
            "Y": 0.29941505193710327
          }
        ]
      },
      "Id": "d1735251-534a-4d99-b06f-81b5b3c9fdf9",
      "Page": 1
    },
    {
      "BlockType": "WORD",
      "Confidence": 97.50758361816406,
      "Text": "Bedrock",
      "TextType": "PRINTED",
      "Geometry": {
        "BoundingBox": {
          "Width": 0.12576645612716675,
          "Height": 0.026683639734983444,
          "Left": 0.1782410740852356,
          "Top": 0.3133212924003601
        },
        "Polygon": [
          {
            "X": 0.1782410740852356,
            "Y": 0.31642523407936096
          },
          {
            "X": 0.3039286434650421,
            "Y": 0.3133212924003601
          },
          {
            "X": 0.30400753021240234,
            "Y": 0.33696168661117554
          },
          {
            "X": 0.17832359671592712,
            "Y": 0.34000492095947266
          }
        ]
      },
      "Id": "3f41be69-c804-4e5c-a947-3275fd724722",
      "Page": 1
    },
    {
      "BlockType": "WORD",
      "Confidence": 99.47850036621094,
      "Text": "Stability",
      "TextType": "PRINTED",
      "Geometry": {
        "BoundingBox": {
          "Width": 0.0366056002676487,
          "Height": 0.00912791583687067,
          "Left": 0.4618353247642517,
          "Top": 0.3117329776287079
        },
        "Polygon": [
          {
            "X": 0.4618353247642517,
            "Y": 0.3126339614391327
          },
          {
            "X": 0.4984155297279358,
            "Y": 0.3117329776287079
          },
          {
            "X": 0.4984409213066101,
            "Y": 0.31996604800224304
          },
          {
            "X": 0.4618610739707947,
            "Y": 0.320860892534256
          }
        ]
      },
      "Id": "90dc8283-722f-40a2-892e-655cf166f6c8",
      "Page": 1
    },
    {
      "BlockType": "WORD",
      "Confidence": 78.15130615234375,
      "Text": "Al",
      "TextType": "PRINTED",
      "Geometry": {
        "BoundingBox": {
          "Width": 0.00934828631579876,
          "Height": 0.006818512454628944,
          "Left": 0.5010595917701721,
          "Top": 0.3111637830734253
        },
        "Polygon": [
          {
            "X": 0.5010595917701721,
            "Y": 0.3113935887813568
          },
          {
            "X": 0.510387659072876,
            "Y": 0.3111637830734253
          },
          {
            "X": 0.5104078650474548,
            "Y": 0.31775376200675964
          },
          {
            "X": 0.5010799169540405,
            "Y": 0.3179823160171509
          }
        ]
      },
      "Id": "dadbcf4b-5f33-48bb-8446-829a3f68b8ef",
      "Page": 1
    },
    {
      "BlockType": "WORD",
      "Confidence": 99.74617004394531,
      "Text": "para",
      "TextType": "PRINTED",
      "Geometry": {
        "BoundingBox": {
          "Width": 0.02006547898054123,
          "Height": 0.007982439361512661,
          "Left": 0.513572096824646,
          "Top": 0.31098973751068115
        },
        "Polygon": [
          {
            "X": 0.513572096824646,
            "Y": 0.31148335337638855
          },
          {
            "X": 0.5336148142814636,
            "Y": 0.31098973751068115
          },
          {
            "X": 0.5336375832557678,
            "Y": 0.3184816241264343
          },
          {
            "X": 0.5135950446128845,
            "Y": 0.3189721703529358
          }
        ]
      },
      "Id": "a20132bd-bd83-47f9-9445-5ad74591170c",
      "Page": 1
    },
    {
      "BlockType": "WORD",
      "Confidence": 98.74927520751953,
      "Text": "encontrar",
      "TextType": "PRINTED",
      "Geometry": {
        "BoundingBox": {
          "Width": 0.04692568629980087,
          "Height": 0.008515103720128536,
          "Left": 0.5364705324172974,
          "Top": 0.3075864613056183
        },
        "Polygon": [
          {
            "X": 0.5364705324172974,
            "Y": 0.3087436854839325
          },
          {
            "X": 0.5833743214607239,
            "Y": 0.3075864613056183
          },
          {
            "X": 0.5833961963653564,
            "Y": 0.3149513602256775
          },
          {
            "X": 0.5364928245544434,
            "Y": 0.3161015808582306
          }
        ]
      },
      "Id": "5b2716e8-0711-4bb2-a3ef-715ddcaa8ba9",
      "Page": 1
    },
    {
      "BlockType": "WORD",
      "Confidence": 67.74683380126953,
      "Text": "O",
      "TextType": "PRINTED",
      "Geometry": {
        "BoundingBox": {
          "Width": 0.006413233000785112,
          "Height": 0.0055987294763326645,
          "Left": 0.5859714150428772,
          "Top": 0.30766287446022034
        },
        "Polygon": [
          {
            "X": 0.5859714150428772,
            "Y": 0.3078206777572632
          },
          {
            "X": 0.5923685431480408,
            "Y": 0.30766287446022034
          },
          {
            "X": 0.5923846364021301,
            "Y": 0.313104510307312
          },
          {
            "X": 0.5859875679016113,
            "Y": 0.31326159834861755
          }
        ]
      },
      "Id": "62ac439d-5a7a-4b35-af82-4d2ec8fd37fb",
      "Page": 1
    },
    {
      "BlockType": "WORD",
      "Confidence": 99.79254913330078,
      "Text": "FM",
      "TextType": "PRINTED",
      "Geometry": {
        "BoundingBox": {
          "Width": 0.015245429240167141,
          "Height": 0.007239304017275572,
          "Left": 0.5956116914749146,
          "Top": 0.3054596185684204
        },
        "Polygon": [
          {
            "X": 0.5956116914749146,
            "Y": 0.3058357238769531
          },
          {
            "X": 0.6108369827270508,
            "Y": 0.3054596185684204
          },
          {
            "X": 0.6108571290969849,
            "Y": 0.31232497096061707
          },
          {
            "X": 0.595632016658783,
            "Y": 0.31269893050193787
          }
        ]
      },
      "Id": "575b0796-d953-46be-8bed-313e69c54937",
      "Page": 1
    },
    {
      "BlockType": "WORD",
      "Confidence": 99.57652282714844,
      "Text": "certo",
      "TextType": "PRINTED",
      "Geometry": {
        "BoundingBox": {
          "Width": 0.025756869465112686,
          "Height": 0.007236841134727001,
          "Left": 0.6139305233955383,
          "Top": 0.30421730875968933
        },
        "Polygon": [
          {
            "X": 0.6139305233955383,
            "Y": 0.3048533499240875
          },
          {
            "X": 0.6396682262420654,
            "Y": 0.30421730875968933
          },
          {
            "X": 0.6396873593330383,
            "Y": 0.3108215630054474
          },
          {
            "X": 0.6139498353004456,
            "Y": 0.311454176902771
          }
        ]
      },
      "Id": "40f22627-6d3e-43c5-96c6-62afcd86749e",
      "Page": 1
    },
    {
      "BlockType": "WORD",
      "Confidence": 99.67620086669922,
      "Text": "para",
      "TextType": "PRINTED",
      "Geometry": {
        "BoundingBox": {
          "Width": 0.021774156019091606,
          "Height": 0.008010792545974255,
          "Left": 0.6428636908531189,
          "Top": 0.3033660054206848
        },
        "Polygon": [
          {
            "X": 0.6428636908531189,
            "Y": 0.3039036691188812
          },
          {
            "X": 0.6646164655685425,
            "Y": 0.3033660054206848
          },
          {
            "X": 0.6646378636360168,
            "Y": 0.31084245443344116
          },
          {
            "X": 0.6428853273391724,
            "Y": 0.31137681007385254
          }
        ]
      },
      "Id": "83a43e47-5cff-4bdb-9d7c-7fe7cb327114",
      "Page": 1
    },
    {
      "BlockType": "WORD",
      "Confidence": 99.60169219970703,
      "Text": "seu",
      "TextType": "PRINTED",
      "Geometry": {
        "BoundingBox": {
          "Width": 0.015946675091981888,
          "Height": 0.006041766609996557,
          "Left": 0.4617185890674591,
          "Top": 0.32438597083091736
        },
        "Polygon": [
          {
            "X": 0.4617185890674591,
            "Y": 0.3247743844985962
          },
          {
            "X": 0.47764766216278076,
            "Y": 0.32438597083091736
          },
          {
            "X": 0.4776652455329895,
            "Y": 0.33004117012023926
          },
          {
            "X": 0.4617362916469574,
            "Y": 0.33042773604393005
          }
        ]
      },
      "Id": "9d3c3a1c-d7cd-4f1b-b5f6-9f2c68f4bb84",
      "Page": 1
    },
    {
      "BlockType": "WORD",
      "Confidence": 99.7757568359375,
      "Text": "caso",
      "TextType": "PRINTED",
      "Geometry": {
        "BoundingBox": {
          "Width": 0.020148221403360367,
          "Height": 0.006164879072457552,
          "Left": 0.48034143447875977,
          "Top": 0.3233507573604584
        },
        "Polygon": [
          {
            "X": 0.48034143447875977,
            "Y": 0.32384181022644043
          },
          {
            "X": 0.5004721879959106,
            "Y": 0.3233507573604584
          },
          {
            "X": 0.5004896521568298,
            "Y": 0.3290269076824188
          },
          {
            "X": 0.4803590774536133,
            "Y": 0.32951563596725464
          }
        ]
      },
      "Id": "2851b906-cede-4f30-b6ce-9dc1ba80f6c7",
      "Page": 1
    },
    {
      "BlockType": "WORD",
      "Confidence": 99.7503433227539,
      "Text": "de",
      "TextType": "PRINTED",
      "Geometry": {
        "BoundingBox": {
          "Width": 0.01145930215716362,
          "Height": 0.007258422672748566,
          "Left": 0.503302276134491,
          "Top": 0.321179062128067
        },
        "Polygon": [
          {
            "X": 0.503302276134491,
            "Y": 0.32145848870277405
          },
          {
            "X": 0.5147402286529541,
            "Y": 0.321179062128067
          },
          {
            "X": 0.5147616267204285,
            "Y": 0.3281596601009369
          },
          {
            "X": 0.5033237934112549,
            "Y": 0.328437477350235
          }
        ]
      },
      "Id": "fe6ef80e-8f40-4155-a6a5-9a3c3e41145b",
      "Page": 1
    },
    {
      "BlockType": "WORD",
      "Confidence": 98.25759887695312,
      "Text": "uso",
      "TextType": "PRINTED",
      "Geometry": {
        "BoundingBox": {
          "Width": 0.016242817044258118,
          "Height": 0.006128478795289993,
          "Left": 0.5177088379859924,
          "Top": 0.3216005265712738
        },
        "Polygon": [
          {
            "X": 0.5177088379859924,
            "Y": 0.32199662923812866
          },
          {
            "X": 0.5339342355728149,
            "Y": 0.3216005265712738
          },
          {
            "X": 0.5339516401290894,
            "Y": 0.32733482122421265
          },
          {
            "X": 0.5177263617515564,
            "Y": 0.3277290165424347
          }
        ]
      },
      "Id": "8400671b-caae-4a12-beb7-8fce9ecdbcd9",
      "Page": 1
    },
    {
      "BlockType": "WORD",
      "Confidence": 99.71955108642578,
      "Text": "A",
      "TextType": "PRINTED",
      "Geometry": {
        "BoundingBox": {
          "Width": 0.008228066377341747,
          "Height": 0.007689615711569786,
          "Left": 0.17011798918247223,
          "Top": 0.3568727970123291
        },
        "Polygon": [
          {
            "X": 0.17011798918247223,
            "Y": 0.3570685386657715
          },
          {
            "X": 0.17831982672214508,
            "Y": 0.3568727970123291
          },
          {
            "X": 0.17834606766700745,
            "Y": 0.36436790227890015
          },
          {
            "X": 0.17014430463314056,
            "Y": 0.36456239223480225
          }
        ]
      },
      "Id": "3f27d2ba-eba4-425b-85af-50945e6f6323",
      "Page": 1
    },
    {
      "BlockType": "WORD",
      "Confidence": 99.60552215576172,
      "Text": "maneira",
      "TextType": "PRINTED",
      "Geometry": {
        "BoundingBox": {
          "Width": 0.04165678098797798,
          "Height": 0.010055584833025932,
          "Left": 0.1802731603384018,
          "Top": 0.35447171330451965
        },
        "Polygon": [
          {
            "X": 0.1802731603384018,
            "Y": 0.35546639561653137
          },
          {
            "X": 0.22189871966838837,
            "Y": 0.35447171330451965
          },
          {
            "X": 0.22192993760108948,
            "Y": 0.3635403513908386
          },
          {
            "X": 0.1803048551082611,
            "Y": 0.36452728509902954
          }
        ]
      },
      "Id": "2c930bb3-c714-4586-88df-e976558a0b44",
      "Page": 1
    },
    {
      "BlockType": "WORD",
      "Confidence": 99.88135528564453,
      "Text": "mais",
      "TextType": "PRINTED",
      "Geometry": {
        "BoundingBox": {
          "Width": 0.023785201832652092,
          "Height": 0.008749171160161495,
          "Left": 0.2245614230632782,
          "Top": 0.35391950607299805
        },
        "Polygon": [
          {
            "X": 0.2245614230632782,
            "Y": 0.35448718070983887
          },
          {
            "X": 0.24831873178482056,
            "Y": 0.35391950607299805
          },
          {
            "X": 0.24834662675857544,
            "Y": 0.36210498213768005
          },
          {
            "X": 0.22458957135677338,
            "Y": 0.3626686632633209
          }
        ]
      },
      "Id": "7ffe544f-795f-48af-a5c3-ee83f693065b",
      "Page": 1
    },
    {
      "BlockType": "WORD",
      "Confidence": 87.40249633789062,
      "Text": "fácil",
      "TextType": "PRINTED",
      "Geometry": {
        "BoundingBox": {
          "Width": 0.021273862570524216,
          "Height": 0.008976147510111332,
          "Left": 0.2512325942516327,
          "Top": 0.35245174169540405
        },
        "Polygon": [
          {
            "X": 0.2512325942516327,
            "Y": 0.3529597520828247
          },
          {
            "X": 0.2724778354167938,
            "Y": 0.35245174169540405
          },
          {
            "X": 0.2725064754486084,
            "Y": 0.36092352867126465
          },
          {
            "X": 0.251261442899704,
            "Y": 0.3614278733730316
          }
        ]
      },
      "Id": "c2755b5e-d846-4658-bf5f-0e8e78eb8210",
      "Page": 1
    },
    {
      "BlockType": "WORD",
      "Confidence": 99.86178588867188,
      "Text": "de",
      "TextType": "PRINTED",
      "Geometry": {
        "BoundingBox": {
          "Width": 0.013262514024972916,
          "Height": 0.008818711154162884,
          "Left": 0.2750881314277649,
          "Top": 0.35178154706954956
        },
        "Polygon": [
          {
            "X": 0.2750881314277649,
            "Y": 0.3520980775356293
          },
          {
            "X": 0.2883220911026001,
            "Y": 0.35178154706954956
          },
          {
            "X": 0.2883506417274475,
            "Y": 0.36028602719306946
          },
          {
            "X": 0.27511683106422424,
            "Y": 0.3606002628803253
          }
        ]
      },
      "Id": "054b0ebf-ee6b-4abf-9c07-0f780b010893",
      "Page": 1
    },
    {
      "BlockType": "WORD",
      "Confidence": 99.70051574707031,
      "Text": "criar",
      "TextType": "PRINTED",
      "Geometry": {
        "BoundingBox": {
          "Width": 0.02414238266646862,
          "Height": 0.00864445324987173,
          "Left": 0.29105520248413086,
          "Top": 0.3512398302555084
        },
        "Polygon": [
          {
            "X": 0.29105520248413086,
            "Y": 0.3518165946006775
          },
          {
            "X": 0.3151707649230957,
            "Y": 0.3512398302555084
          },
          {
            "X": 0.31519758701324463,
            "Y": 0.3593115210533142
          },
          {
            "X": 0.2910822629928589,
            "Y": 0.3598842918872833
          }
        ]
      },
      "Id": "bf30344b-5bcf-41eb-9696-d3caca1b2ff3",
      "Page": 1
    },
    {
      "BlockType": "WORD",
      "Confidence": 98.75492095947266,
      "Text": "e",
      "TextType": "PRINTED",
      "Geometry": {
        "BoundingBox": {
          "Width": 0.006066401023417711,
          "Height": 0.006204543635249138,
          "Left": 0.3179759085178375,
          "Top": 0.3525632917881012
        },
        "Polygon": [
          {
            "X": 0.3179759085178375,
            "Y": 0.35270771384239197
          },
          {
            "X": 0.32402223348617554,
            "Y": 0.3525632917881012
          },
          {
            "X": 0.32404229044914246,
            "Y": 0.3586241602897644
          },
          {
            "X": 0.31799599528312683,
            "Y": 0.3587678372859955
          }
        ]
      },
      "Id": "9afa5c11-ec73-4f29-a0f8-75d1298b7681",
      "Page": 1
    },
    {
      "BlockType": "WORD",
      "Confidence": 94.15878295898438,
      "Text": "Construído",
      "TextType": "PRINTED",
      "Geometry": {
        "BoundingBox": {
          "Width": 0.05023671314120293,
          "Height": 0.0088701406493783,
          "Left": 0.46161729097366333,
          "Top": 0.343711256980896
        },
        "Polygon": [
          {
            "X": 0.46161729097366333,
            "Y": 0.3449150621891022
          },
          {
            "X": 0.5118305087089539,
            "Y": 0.343711256980896
          },
          {
            "X": 0.5118539929389954,
            "Y": 0.3513854444026947
          },
          {
            "X": 0.4616412818431854,
            "Y": 0.3525814116001129
          }
        ]
      },
      "Id": "86d2e553-0526-44f3-bacc-314a7872ce00",
      "Page": 1
    },
    {
      "BlockType": "WORD",
      "Confidence": 99.23200225830078,
      "Text": "com",
      "TextType": "PRINTED",
      "Geometry": {
        "BoundingBox": {
          "Width": 0.01980403997004032,
          "Height": 0.006066200323402882,
          "Left": 0.51470547914505,
          "Top": 0.3441084325313568
        },
        "Polygon": [
          {
            "X": 0.51470547914505,
            "Y": 0.3445824384689331
          },
          {
            "X": 0.534492552280426,
            "Y": 0.3441084325313568
          },
          {
            "X": 0.534509539604187,
            "Y": 0.3497028946876526
          },
          {
            "X": 0.5147225856781006,
            "Y": 0.3501746356487274
          }
        ]
      },
      "Id": "b0f68213-0ec3-41a4-bd56-50c327d1574f",
      "Page": 1
    },
    {
      "BlockType": "WORD",
      "Confidence": 98.71778869628906,
      "Text": "segurança",
      "TextType": "PRINTED",
      "Geometry": {
        "BoundingBox": {
          "Width": 0.048061031848192215,
          "Height": 0.009145943447947502,
          "Left": 0.5374435186386108,
          "Top": 0.34126874804496765
        },
        "Polygon": [
          {
            "X": 0.5374435186386108,
            "Y": 0.3424210250377655
          },
          {
            "X": 0.585480809211731,
            "Y": 0.34126874804496765
          },
          {
            "X": 0.5855045914649963,
            "Y": 0.34927019476890564
          },
          {
            "X": 0.5374677777290344,
            "Y": 0.3504146933555603
          }
        ]
      },
      "Id": "cb3e0ccb-8255-4657-98c6-46e261def11c",
      "Page": 1
    },
    {
      "BlockType": "WORD",
      "Confidence": 99.78634643554688,
      "Text": "de",
      "TextType": "PRINTED",
      "Geometry": {
        "BoundingBox": {
          "Width": 0.0116580780595541,
          "Height": 0.007517698686569929,
          "Left": 0.5883245468139648,
          "Top": 0.3391619324684143
        },
        "Polygon": [
          {
            "X": 0.5883245468139648,
            "Y": 0.3394414782524109
          },
          {
            "X": 0.5999612808227539,
            "Y": 0.3391619324684143
          },
          {
            "X": 0.5999826192855835,
            "Y": 0.34640181064605713
          },
          {
            "X": 0.588346004486084,
            "Y": 0.3466796278953552
          }
        ]
      },
      "Id": "0747929e-9097-4053-97d7-2ba44fecb7f2",
      "Page": 1
    },
    {
      "BlockType": "WORD",
      "Confidence": 89.9417495727539,
      "Text": "dados,",
      "TextType": "PRINTED",
      "Geometry": {
        "BoundingBox": {
          "Width": 0.032087668776512146,
          "Height": 0.008890577591955662,
          "Left": 0.6029908657073975,
          "Top": 0.3376924693584442
        },
        "Polygon": [
          {
            "X": 0.6029908657073975,
            "Y": 0.33846315741539
          },
          {
            "X": 0.6350549459457397,
            "Y": 0.3376924693584442
          },
          {
            "X": 0.6350785493850708,
            "Y": 0.3458176553249359
          },
          {
            "X": 0.6030148267745972,
            "Y": 0.3465830385684967
          }
        ]
      },
      "Id": "692dae2a-7fa6-435a-a7a3-77bc0d3a5787",
      "Page": 1
    },
    {
      "BlockType": "WORD",
      "Confidence": 99.06639099121094,
      "Text": "privacidade",
      "TextType": "PRINTED",
      "Geometry": {
        "BoundingBox": {
          "Width": 0.05246108025312424,
          "Height": 0.01010076329112053,
          "Left": 0.46161332726478577,
          "Top": 0.35415756702423096
        },
        "Polygon": [
          {
            "X": 0.46161332726478577,
            "Y": 0.35540342330932617
          },
          {
            "X": 0.5140472650527954,
            "Y": 0.35415756702423096
          },
          {
            "X": 0.5140743851661682,
            "Y": 0.36302193999290466
          },
          {
            "X": 0.4616410434246063,
            "Y": 0.364258348941803
          }
        ]
      },
      "Id": "5c41534f-4604-4813-a381-5576958b5a5b",
      "Page": 1
    },
    {
      "BlockType": "WORD",
      "Confidence": 99.18670654296875,
      "Text": "e",
      "TextType": "PRINTED",
      "Geometry": {
        "BoundingBox": {
          "Width": 0.006033106707036495,
          "Height": 0.005557511933147907,
          "Left": 0.516787588596344,
          "Top": 0.3552350699901581
        },
        "Polygon": [
          {
            "X": 0.516787588596344,
            "Y": 0.3553778827190399
          },
          {
            "X": 0.5228042006492615,
            "Y": 0.3552350699901581
          },
          {
            "X": 0.5228207111358643,
            "Y": 0.3606504499912262
          },
          {
            "X": 0.5168041586875916,
            "Y": 0.3607926070690155
          }
        ]
      },
      "Id": "cd5610ef-d9cc-46af-a9c3-dd71a08d5a5a",
      "Page": 1
    },
    {
      "BlockType": "WORD",
      "Confidence": 98.5678482055664,
      "Text": "segurança",
      "TextType": "PRINTED",
      "Geometry": {
        "BoundingBox": {
          "Width": 0.0480269230902195,
          "Height": 0.008764450438320637,
          "Left": 0.5254053473472595,
          "Top": 0.3528788387775421
        },
        "Polygon": [
          {
            "X": 0.5254053473472595,
            "Y": 0.35401931405067444
          },
          {
            "X": 0.5734094977378845,
            "Y": 0.3528788387775421
          },
          {
            "X": 0.5734322667121887,
            "Y": 0.3605102598667145
          },
          {
            "X": 0.5254285931587219,
            "Y": 0.3616432845592499
          }
        ]
      },
      "Id": "2a90619b-7c23-444c-a13e-426c925e5b3e",
      "Page": 1
    },
    {
      "BlockType": "WORD",
      "Confidence": 99.62682342529297,
      "Text": "em",
      "TextType": "PRINTED",
      "Geometry": {
        "BoundingBox": {
          "Width": 0.015300797298550606,
          "Height": 0.006100532598793507,
          "Left": 0.5762382745742798,
          "Top": 0.35199010372161865
        },
        "Polygon": [
          {
            "X": 0.5762382745742798,
            "Y": 0.35235336422920227
          },
          {
            "X": 0.5915220379829407,
            "Y": 0.35199010372161865
          },
          {
            "X": 0.5915390253067017,
            "Y": 0.3577291667461395
          },
          {
            "X": 0.5762553811073303,
            "Y": 0.3580906391143799
          }
        ]
      },
      "Id": "ddf7fe1e-2a98-4396-8d52-bdb490d6f846",
      "Page": 1
    },
    {
      "BlockType": "WORD",
      "Confidence": 99.70472717285156,
      "Text": "mente",
      "TextType": "PRINTED",
      "Geometry": {
        "BoundingBox": {
          "Width": 0.03133029490709305,
          "Height": 0.007375042885541916,
          "Left": 0.5947355031967163,
          "Top": 0.34968987107276917
        },
        "Polygon": [
          {
            "X": 0.5947355031967163,
            "Y": 0.3504349887371063
          },
          {
            "X": 0.6260464787483215,
            "Y": 0.34968987107276917
          },
          {
            "X": 0.6260658502578735,
            "Y": 0.3563240170478821
          },
          {
            "X": 0.5947551131248474,
            "Y": 0.3570649027824402
          }
        ]
      },
      "Id": "55be4b46-9ba7-4f7a-86be-4d58dd0c24d5",
      "Page": 1
    },
    {
      "BlockType": "WORD",
      "Confidence": 98.37745666503906,
      "Text": "dimensionar",
      "TextType": "PRINTED",
      "Geometry": {
        "BoundingBox": {
          "Width": 0.06277868151664734,
          "Height": 0.009807882830500603,
          "Left": 0.1703910380601883,
          "Top": 0.36789223551750183
        },
        "Polygon": [
          {
            "X": 0.1703910380601883,
            "Y": 0.36937415599823
          },
          {
            "X": 0.23314112424850464,
            "Y": 0.36789223551750183
          },
          {
            "X": 0.23316971957683563,
            "Y": 0.3762288987636566
          },
          {
            "X": 0.17042025923728943,
            "Y": 0.3777001202106476
          }
        ]
      },
      "Id": "07cbf751-8421-4ce2-9b8a-b44bf5edcb2e",
      "Page": 1
    },
    {
      "BlockType": "WORD",
      "Confidence": 99.29792022705078,
      "Text": "aplicativos",
      "TextType": "PRINTED",
      "Geometry": {
        "BoundingBox": {
          "Width": 0.05502407252788544,
          "Height": 0.011268078349530697,
          "Left": 0.23518189787864685,
          "Top": 0.3657345473766327
        },
        "Polygon": [
          {
            "X": 0.23518189787864685,
            "Y": 0.3670341372489929
          },
          {
            "X": 0.2901724874973297,
            "Y": 0.3657345473766327
          },
          {
            "X": 0.2902059853076935,
            "Y": 0.3757142722606659
          },
          {
            "X": 0.23521605134010315,
            "Y": 0.37700262665748596
          }
        ]
      },
      "Id": "30314531-b4b2-45cc-bc1d-c2187c7d192d",
      "Page": 1
    },
    {
      "BlockType": "WORD",
      "Confidence": 99.8276138305664,
      "Text": "de",
      "TextType": "PRINTED",
      "Geometry": {
        "BoundingBox": {
          "Width": 0.013200165703892708,
          "Height": 0.008318653330206871,
          "Left": 0.293353796005249,
          "Top": 0.3650655448436737
        },
        "Polygon": [
          {
            "X": 0.293353796005249,
            "Y": 0.36537694931030273
          },
          {
            "X": 0.3065272569656372,
            "Y": 0.3650655448436737
          },
          {
            "X": 0.3065539598464966,
            "Y": 0.3730749487876892
          },
          {
            "X": 0.29338061809539795,
            "Y": 0.3733842074871063
          }
        ]
      },
      "Id": "4a4939be-db9f-4f1d-af95-94c46357d385",
      "Page": 1
    },
    {
      "BlockType": "WORD",
      "Confidence": 99.54913330078125,
      "Text": "IA",
      "TextType": "PRINTED",
      "Geometry": {
        "BoundingBox": {
          "Width": 0.01064973883330822,
          "Height": 0.007871590554714203,
          "Left": 0.3097898066043854,
          "Top": 0.36494141817092896
        },
        "Polygon": [
          {
            "X": 0.3097898066043854,
            "Y": 0.3651925325393677
          },
          {
            "X": 0.320414274930954,
            "Y": 0.36494141817092896
          },
          {
            "X": 0.32043954730033875,
            "Y": 0.37256357073783875
          },
          {
            "X": 0.3098151683807373,
            "Y": 0.37281301617622375
          }
        ]
      },
      "Id": "f98909af-29c3-49c7-9cf9-71fc790b2797",
      "Page": 1
    },
    {
      "BlockType": "WORD",
      "Confidence": 99.36624908447266,
      "Text": "generativa",
      "TextType": "PRINTED",
      "Geometry": {
        "BoundingBox": {
          "Width": 0.05227671563625336,
          "Height": 0.010969840921461582,
          "Left": 0.169683575630188,
          "Top": 0.38193637132644653
        },
        "Polygon": [
          {
            "X": 0.169683575630188,
            "Y": 0.3831554353237152
          },
          {
            "X": 0.22192667424678802,
            "Y": 0.38193637132644653
          },
          {
            "X": 0.22196029126644135,
            "Y": 0.39169758558273315
          },
          {
            "X": 0.16971781849861145,
            "Y": 0.39290621876716614
          }
        ]
      },
      "Id": "683fd763-6163-4d3b-b9fc-de7c5cbb0386",
      "Page": 1
    },
    {
      "BlockType": "WORD",
      "Confidence": 99.45573425292969,
      "Text": "com",
      "TextType": "PRINTED",
      "Geometry": {
        "BoundingBox": {
          "Width": 0.02191738225519657,
          "Height": 0.007132998667657375,
          "Left": 0.22495485842227936,
          "Top": 0.38247883319854736
        },
        "Polygon": [
          {
            "X": 0.22495485842227936,
            "Y": 0.38298922777175903
          },
          {
            "X": 0.2468496412038803,
            "Y": 0.38247883319854736
          },
          {
            "X": 0.24687224626541138,
            "Y": 0.3891043961048126
          },
          {
            "X": 0.22497764229774475,
            "Y": 0.3896118402481079
          }
        ]
      },
      "Id": "a5b70cff-2f3b-4712-a3e2-e3e4adb7fda6",
      "Page": 1
    },
    {
      "BlockType": "WORD",
      "Confidence": 99.71244049072266,
      "Text": "modelos",
      "TextType": "PRINTED",
      "Geometry": {
        "BoundingBox": {
          "Width": 0.04493041709065437,
          "Height": 0.009346266277134418,
          "Left": 0.25009799003601074,
          "Top": 0.37938258051872253
        },
        "Polygon": [
          {
            "X": 0.25009799003601074,
            "Y": 0.3804311156272888
          },
          {
            "X": 0.2950005829334259,
            "Y": 0.37938258051872253
          },
          {
            "X": 0.2950283885002136,
            "Y": 0.38768789172172546
          },
          {
            "X": 0.2501262426376343,
            "Y": 0.3887288272380829
          }
        ]
      },
      "Id": "dee7edb4-1ff6-4192-b18f-089fb11c810d",
      "Page": 1
    },
    {
      "BlockType": "WORD",
      "Confidence": 99.37957763671875,
      "Text": "fundacionais",
      "TextType": "PRINTED",
      "Geometry": {
        "BoundingBox": {
          "Width": 0.06351274996995926,
          "Height": 0.009794889017939568,
          "Left": 0.16922345757484436,
          "Top": 0.3947169780731201
        },
        "Polygon": [
          {
            "X": 0.16922345757484436,
            "Y": 0.3961814343929291
          },
          {
            "X": 0.23270760476589203,
            "Y": 0.3947169780731201
          },
          {
            "X": 0.23273620009422302,
            "Y": 0.403058260679245
          },
          {
            "X": 0.16925272345542908,
            "Y": 0.40451186895370483
          }
        ]
      },
      "Id": "d6a0fd4f-d4bf-4807-b10c-823a82f9bb36",
      "Page": 1
    },
    {
      "BlockType": "WORD",
      "Confidence": 98.8749008178711,
      "Text": "(FMs)",
      "TextType": "PRINTED",
      "Geometry": {
        "BoundingBox": {
          "Width": 0.03054528869688511,
          "Height": 0.012218800373375416,
          "Left": 0.23504942655563354,
          "Top": 0.3920736312866211
        },
        "Polygon": [
          {
            "X": 0.23504942655563354,
            "Y": 0.39277851581573486
          },
          {
            "X": 0.2655557096004486,
            "Y": 0.3920736312866211
          },
          {
            "X": 0.2655947208404541,
            "Y": 0.4035947024822235
          },
          {
            "X": 0.23508888483047485,
            "Y": 0.40429240465164185
          }
        ]
      },
      "Id": "7ed91fd6-7468-43b5-a44b-5ed5995cbe0e",
      "Page": 1
    },
    {
      "BlockType": "WORD",
      "Confidence": 91.48065948486328,
      "Text": "15",
      "TextType": "PRINTED",
      "Geometry": {
        "BoundingBox": {
          "Width": 0.007244566921144724,
          "Height": 0.004971902351826429,
          "Left": 0.7534802556037903,
          "Top": 0.41098442673683167
        },
        "Polygon": [
          {
            "X": 0.7534802556037903,
            "Y": 0.4111470878124237
          },
          {
            "X": 0.7607116103172302,
            "Y": 0.41098442673683167
          },
          {
            "X": 0.7607247829437256,
            "Y": 0.41579440236091614
          },
          {
            "X": 0.7534934878349304,
            "Y": 0.4159563481807709
          }
        ]
      },
      "Id": "839cbd5a-4197-48b6-af6a-e96a521327ac",
      "Page": 1
    }
  ],
  "DetectDocumentTextModelVersion": "1.0"
}