'Page Number,'Tipo,'Texto,'Confidence Score % (Line),
"'1","'LINE","'Cloud","'92.94514465"
"'1","'LINE","'aws","'99.02433014"
"'1","'LINE","'Experience","'99.35321045"
"'1","'LINE","'RETRIEVAL AUGMENTED GENERATION (RAG)","'96.04633331"
"'1","'LINE","'2025","'99.87930298"
"'1","'LINE","'Incorporar conhecimento especializado por meio de prompt","'98.50115967"
"'1","'LINE","'augmentation","'99.45710754"
"'1","'LINE","'Usar conhecimento empresarial existente","'99.15776062"
"'1","'LINE","'Nenhuma alteração no modelo de base","'99.10484314"
"'1","'LINE","'AI AGENTS","'98.54816437"
"'1","'LINE","'ence","'95.71533203"
"'1","'LINE","'Habilite fluxos de trabalho multietapas usando seus sistemas","'99.21145630"
"'1","'LINE","'a","'89.69450378"
"'1","'LINE","'empresariais","'98.53095245"
"'1","'LINE","'Faça com que a IA","'98.95861816"
"'1","'LINE","'Realize ações e consulte dados em tempo real por meio de APIs no","'98.90454102"
"'1","'LINE","'generativa use seus","'99.31901550"
"'1","'LINE","'momento da inferência","'98.06369781"
"'1","'LINE","'dados","'99.50463104"
"'1","'LINE","'Nenhuma alteração no modelo de base","'98.92028046"
"'1","'LINE","'CUSTOMIZAÇÃO DE MODELO","'97.75244904"
"'1","'LINE","'Conhecimento generalizado e especializado para seu domínio","'97.30923462"
"'1","'LINE","'Ajuste fino e pré-treinamento contínuo com dados corporativos","'98.56577301"
"'1","'LINE","'Criar uma cópia privada do modelo de base","'99.46954346"
"'1","'LINE","'18","'95.76755524"
"'1","'LINE","'Tella","'25.40140724"
