{
  "DocumentMetadata": {
    "Pages": 1
  },
  "JobStatus": "SUCCEEDED",
  "Blocks": [
    {
      "BlockType": "PAGE",
      "Geometry": {
        "BoundingBox": {
          "Width": 1,
          "Height": 1,
          "Left": 0,
          "Top": 0
        },
        "Polygon": [
          {
            "X": 0,
            "Y": 0.00011874475603690371
          },
          {
            "X": 1,
            "Y": 0
          },
          {
            "X": 1,
            "Y": 1
          },
          {
            "X": 0.000002507577391952509,
            "Y": 1
          }
        ]
      },
      "Id": "45f10b41-d8cf-47ba-9889-a982d8744cf3",
      "Relationships": [
        {
          "Type": "CHILD",
          "Ids": [
            "acb93a62-1274-4e0b-8514-9ea72da44db9",
            "57f2e1f6-80cc-455a-88d3-3f4634c1dba4",
            "090f6463-b71e-48d3-a922-483b3df832e4",
            "b558b586-64d2-4431-bb5f-37aa2c67e016",
            "5b33a758-b358-4af5-9663-bd419b6ad593",
            "97621ef6-56e7-4f67-a2ce-fd43faa8961d",
            "088a1829-e557-48a5-8a9e-a1af62012f9e",
            "7c809b2b-4ead-4f88-96b0-4042fde1a81e",
            "445b4276-f31b-4ebe-b2d2-729a3aed77fe",
            "f79af534-42cd-48a5-b451-2a7bd396047a",
            "2bd04b59-ea93-4e81-a99a-87ccc9638f40",
            "b4fa69d0-364e-4baf-bfc4-56097a38aab1",
            "44e1e488-8b2a-4152-b5cb-8ea1b775944d",
            "94435466-4589-4e96-bfea-e4acf7bc51cf",
            "79c560d6-d14d-43b5-8c97-a09afd550b04"
          ]
        }
      ],
      "Page": 1
    },
    {
      "BlockType": "LINE",
      "Confidence": 99.32835388183594,
      "Text": "Recursos do QuickSight",
      "Geometry": {
        "BoundingBox": {
          "Width": 0.31231895089149475,
          "Height": 0.034709639847278595,
          "Left": 0.1668587028980255,
          "Top": 0.23084571957588196
        },
        "Polygon": [
          {
            "X": 0.16689422726631165,
            "Y": 0.23689132928848267
          },
          {
            "X": 0.47917765378952026,
            "Y": 0.23084571957588196
          },
          {
            "X": 0.4788511395454407,
            "Y": 0.259839802980423
          },
          {
            "X": 0.1668587028980255,
            "Y": 0.26555535197257996
          }
        ]
      },
      "Id": "acb93a62-1274-4e0b-8514-9ea72da44db9",
      "Relationships": [
        {
          "Type": "CHILD",
          "Ids": [
            "19c9546f-e781-4b6f-956d-e85ae741a569",
            "8b531191-44dc-492f-bd4f-b2e4a67755af",
            "755a87e0-255c-4df0-a496-5d4fdd5e942a"
          ]
        }
      ],
      "Page": 1
    },
    {
      "BlockType": "LINE",
      "Confidence": 99.2873306274414,
      "Text": "Visite agora",
      "Geometry": {
        "BoundingBox": {
          "Width": 0.060864947736263275,
          "Height": 0.008866757154464722,
          "Left": 0.157951220870018,
          "Top": 0.29168885946273804
        },
        "Polygon": [
          {
            "X": 0.15795867145061493,
            "Y": 0.29274407029151917
          },
          {
            "X": 0.21881616115570068,
            "Y": 0.29168885946273804
          },
          {
            "X": 0.2187933772802353,
            "Y": 0.2995179295539856
          },
          {
            "X": 0.157951220870018,
            "Y": 0.30055561661720276
          }
        ]
      },
      "Id": "57f2e1f6-80cc-455a-88d3-3f4634c1dba4",
      "Relationships": [
        {
          "Type": "CHILD",
          "Ids": [
            "b07bf9c8-a620-4b2b-b659-adb88e3f9e69",
            "be1da391-a682-4845-9aab-0ae9e5b1ac38"
          ]
        }
      ],
      "Page": 1
    },
    {
      "BlockType": "LINE",
      "Confidence": 99.78963470458984,
      "Text": "Cloud",
      "Geometry": {
        "BoundingBox": {
          "Width": 0.047211505472660065,
          "Height": 0.01415441557765007,
          "Left": 0.0017595784738659859,
          "Top": 0.3112986981868744
        },
        "Polygon": [
          {
            "X": 0.0017595784738659859,
            "Y": 0.3120880424976349
          },
          {
            "X": 0.04893689975142479,
            "Y": 0.3112986981868744
          },
          {
            "X": 0.048971083015203476,
            "Y": 0.32468709349632263
          },
          {
            "X": 0.0018139920430257916,
            "Y": 0.32545310258865356
          }
        ]
      },
      "Id": "090f6463-b71e-48d3-a922-483b3df832e4",
      "Relationships": [
        {
          "Type": "CHILD",
          "Ids": [
            "16032244-b996-4a60-a5af-684cb0c679b5"
          ]
        }
      ],
      "Page": 1
    },
    {
      "BlockType": "LINE",
      "Confidence": 99.81640625,
      "Text": "Experience",
      "Geometry": {
        "BoundingBox": {
          "Width": 0.08742816746234894,
          "Height": 0.016521384939551353,
          "Left": 0,
          "Top": 0.32860931754112244
        },
        "Polygon": [
          {
            "X": 0,
            "Y": 0.3300233483314514
          },
          {
            "X": 0.08740822225809097,
            "Y": 0.32860931754112244
          },
          {
            "X": 0.08742816746234894,
            "Y": 0.34376582503318787
          },
          {
            "X": 0,
            "Y": 0.34513071179389954
          }
        ]
      },
      "Id": "b558b586-64d2-4431-bb5f-37aa2c67e016",
      "Relationships": [
        {
          "Type": "CHILD",
          "Ids": [
            "ccb37c7a-13fa-4d08-a21c-d07c46d9dd3e"
          ]
        }
      ],
      "Page": 1
    },
    {
      "BlockType": "LINE",
      "Confidence": 98.89319610595703,
      "Text": "av",
      "Geometry": {
        "BoundingBox": {
          "Width": 0.09428554773330688,
          "Height": 0.05009795352816582,
          "Left": 0.9057144522666931,
          "Top": 0.2942744493484497
        },
        "Polygon": [
          {
            "X": 0.9069289565086365,
            "Y": 0.29587358236312866
          },
          {
            "X": 1,
            "Y": 0.2942744493484497
          },
          {
            "X": 1,
            "Y": 0.3429388999938965
          },
          {
            "X": 0.9057144522666931,
            "Y": 0.34437239170074463
          }
        ]
      },
      "Id": "5b33a758-b358-4af5-9663-bd419b6ad593",
      "Relationships": [
        {
          "Type": "CHILD",
          "Ids": [
            "99b8a7cd-3a37-44d3-99c2-310173c8c56a"
          ]
        }
      ],
      "Page": 1
    },
    {
      "BlockType": "LINE",
      "Confidence": 99.37970733642578,
      "Text": "2025",
      "Geometry": {
        "BoundingBox": {
          "Width": 0.035330839455127716,
          "Height": 0.012542616575956345,
          "Left": 0,
          "Top": 0.34900662302970886
        },
        "Polygon": [
          {
            "X": 0,
            "Y": 0.3495710790157318
          },
          {
            "X": 0.03529490530490875,
            "Y": 0.34900662302970886
          },
          {
            "X": 0.035330839455127716,
            "Y": 0.36100107431411743
          },
          {
            "X": 0,
            "Y": 0.3615492582321167
          }
        ]
      },
      "Id": "97621ef6-56e7-4f67-a2ce-fd43faa8961d",
      "Relationships": [
        {
          "Type": "CHILD",
          "Ids": [
            "54de3d75-700b-49f2-9cdc-8a549f777009"
          ]
        }
      ],
      "Page": 1
    },
    {
      "BlockType": "LINE",
      "Confidence": 96.19876861572266,
      "Text": "Amazon Q no QuickSight",
      "Geometry": {
        "BoundingBox": {
          "Width": 0.11059942096471786,
          "Height": 0.009234956465661526,
          "Left": 0.15380074083805084,
          "Top": 0.4017614424228668
        },
        "Polygon": [
          {
            "X": 0.153807133436203,
            "Y": 0.4032357633113861
          },
          {
            "X": 0.2644001543521881,
            "Y": 0.4017614424228668
          },
          {
            "X": 0.26436594128608704,
            "Y": 0.409553587436676
          },
          {
            "X": 0.15380074083805084,
            "Y": 0.4109964072704315
          }
        ]
      },
      "Id": "088a1829-e557-48a5-8a9e-a1af62012f9e",
      "Relationships": [
        {
          "Type": "CHILD",
          "Ids": [
            "b92bd571-5c7d-4b5c-a488-18a69a3002c1",
            "f69229de-b344-455e-aaf5-1294c0548438",
            "575af5d6-96f8-4ddd-8a8f-08656be7b8db",
            "7ec96188-d175-40e8-b24b-47f5efeb7003"
          ]
        }
      ],
      "Page": 1
    },
    {
      "BlockType": "LINE",
      "Confidence": 99.13224029541016,
      "Text": "Comunidade QuickSight",
      "Geometry": {
        "BoundingBox": {
          "Width": 0.1283290535211563,
          "Height": 0.01020551472902298,
          "Left": 0.279033362865448,
          "Top": 0.3981914818286896
        },
        "Polygon": [
          {
            "X": 0.27907466888427734,
            "Y": 0.3999093770980835
          },
          {
            "X": 0.4073624312877655,
            "Y": 0.3981914818286896
          },
          {
            "X": 0.4072856307029724,
            "Y": 0.406718909740448
          },
          {
            "X": 0.279033362865448,
            "Y": 0.40839701890945435
          }
        ]
      },
      "Id": "7c809b2b-4ead-4f88-96b0-4042fde1a81e",
      "Relationships": [
        {
          "Type": "CHILD",
          "Ids": [
            "8585870b-8054-48a4-be3c-edc893c76a6e",
            "12d08933-1f57-4e36-b3d5-fcd5f5764069"
          ]
        }
      ],
      "Page": 1
    },
    {
      "BlockType": "LINE",
      "Confidence": 99.14097595214844,
      "Text": "Obtenha insights mais",
      "Geometry": {
        "BoundingBox": {
          "Width": 0.07338358461856842,
          "Height": 0.007122500333935022,
          "Left": 0.17100954055786133,
          "Top": 0.41102853417396545
        },
        "Polygon": [
          {
            "X": 0.17101804912090302,
            "Y": 0.41198280453681946
          },
          {
            "X": 0.24439312517642975,
            "Y": 0.41102853417396545
          },
          {
            "X": 0.24436993896961212,
            "Y": 0.4172133505344391
          },
          {
            "X": 0.17100954055786133,
            "Y": 0.41815105080604553
          }
        ]
      },
      "Id": "445b4276-f31b-4ebe-b2d2-729a3aed77fe",
      "Relationships": [
        {
          "Type": "CHILD",
          "Ids": [
            "60e96e24-08ea-462e-97a1-430349acd88e",
            "5d2f5c14-5e12-4643-9cdd-b1efb7cb99b1",
            "33d2707a-9567-47f2-b67b-3b109ee2664d"
          ]
        }
      ],
      "Page": 1
    },
    {
      "BlockType": "LINE",
      "Confidence": 99.52993774414062,
      "Text": "Encontre respostas para suas",
      "Geometry": {
        "BoundingBox": {
          "Width": 0.10099746286869049,
          "Height": 0.007007481064647436,
          "Left": 0.2916017472743988,
          "Top": 0.4086849093437195
        },
        "Polygon": [
          {
            "X": 0.2916317582130432,
            "Y": 0.4099995493888855
          },
          {
            "X": 0.3925992250442505,
            "Y": 0.4086849093437195
          },
          {
            "X": 0.3925504684448242,
            "Y": 0.41439875960350037
          },
          {
            "X": 0.2916017472743988,
            "Y": 0.41569238901138306
          }
        ]
      },
      "Id": "f79af534-42cd-48a5-b451-2a7bd396047a",
      "Relationships": [
        {
          "Type": "CHILD",
          "Ids": [
            "7a63476e-75b5-4978-9ab3-a45e1ec0929c",
            "5fd3ee81-5acd-444a-b012-b6188a5165a6",
            "fe81afd0-b95a-48e3-81a7-6e0088641341",
            "ebd7801f-4c33-4551-898f-57f22896bd77"
          ]
        }
      ],
      "Page": 1
    },
    {
      "BlockType": "LINE",
      "Confidence": 97.98309326171875,
      "Text": "rapidamente e tome melhores",
      "Geometry": {
        "BoundingBox": {
          "Width": 0.10018742829561234,
          "Height": 0.007065856363624334,
          "Left": 0.1570001095533371,
          "Top": 0.4177474081516266
        },
        "Polygon": [
          {
            "X": 0.15700547397136688,
            "Y": 0.41902539134025574
          },
          {
            "X": 0.25718751549720764,
            "Y": 0.4177474081516266
          },
          {
            "X": 0.2571633458137512,
            "Y": 0.4235565662384033
          },
          {
            "X": 0.1570001095533371,
            "Y": 0.42481327056884766
          }
        ]
      },
      "Id": "2bd04b59-ea93-4e81-a99a-87ccc9638f40",
      "Relationships": [
        {
          "Type": "CHILD",
          "Ids": [
            "80637071-ebc4-4889-855e-6b2e079392c7",
            "a1a65689-7478-4e1d-bcd9-7c7f9ad0587b",
            "1f6d8cc1-730b-4337-9918-21b68c634f80",
            "c7b8363f-e4c7-4c36-ab27-9099e9b77458"
          ]
        }
      ],
      "Page": 1
    },
    {
      "BlockType": "LINE",
      "Confidence": 98.501953125,
      "Text": "perguntas, recursos de aprendizado",
      "Geometry": {
        "BoundingBox": {
          "Width": 0.1259741485118866,
          "Height": 0.00810923706740141,
          "Left": 0.27870428562164307,
          "Top": 0.41502633690834045
        },
        "Polygon": [
          {
            "X": 0.278735876083374,
            "Y": 0.41663673520088196
          },
          {
            "X": 0.40467846393585205,
            "Y": 0.41502633690834045
          },
          {
            "X": 0.4046202003955841,
            "Y": 0.4215551018714905
          },
          {
            "X": 0.27870428562164307,
            "Y": 0.42313557863235474
          }
        ]
      },
      "Id": "b4fa69d0-364e-4baf-bfc4-56097a38aab1",
      "Relationships": [
        {
          "Type": "CHILD",
          "Ids": [
            "ef2885e8-8d4a-4a70-95ed-31785cafa5f2",
            "a8bbc632-940d-46e0-933a-6590d16122dd",
            "6e6f7c06-4177-478a-aff6-fa1fdaf04a5c",
            "1ade2a3c-fd7d-4e29-99b7-4976012326d6"
          ]
        }
      ],
      "Page": 1
    },
    {
      "BlockType": "LINE",
      "Confidence": 98.76473236083984,
      "Text": "decisões com seu assistente de IA",
      "Geometry": {
        "BoundingBox": {
          "Width": 0.11030171066522598,
          "Height": 0.006741481367498636,
          "Left": 0.1515779197216034,
          "Top": 0.4244144558906555
        },
        "Polygon": [
          {
            "X": 0.15158195793628693,
            "Y": 0.42579466104507446
          },
          {
            "X": 0.2618796229362488,
            "Y": 0.4244144558906555
          },
          {
            "X": 0.26185640692710876,
            "Y": 0.4297974705696106
          },
          {
            "X": 0.1515779197216034,
            "Y": 0.4311559498310089
          }
        ]
      },
      "Id": "44e1e488-8b2a-4152-b5cb-8ea1b775944d",
      "Relationships": [
        {
          "Type": "CHILD",
          "Ids": [
            "f6736d2e-7706-47ba-b19f-7ad6773d32ee",
            "eb1366ed-260e-4b82-b88f-38eccd2e3634",
            "fc95cc57-8371-458c-89fb-956a69725fba",
            "52b9710c-9c00-4a3f-9471-3f083f214df1",
            "75f06282-51f0-4079-aad7-31e94d657ff0",
            "2012ad61-902f-4a08-9e9a-720b34723fae"
          ]
        }
      ],
      "Page": 1
    },
    {
      "BlockType": "LINE",
      "Confidence": 96.43376159667969,
      "Text": "e eventos em sua área",
      "Geometry": {
        "BoundingBox": {
          "Width": 0.07829532027244568,
          "Height": 0.0058667780831456184,
          "Left": 0.30109846591949463,
          "Top": 0.42295387387275696
        },
        "Polygon": [
          {
            "X": 0.30112576484680176,
            "Y": 0.4239332377910614
          },
          {
            "X": 0.3793937861919403,
            "Y": 0.42295387387275696
          },
          {
            "X": 0.3793540596961975,
            "Y": 0.4278552532196045
          },
          {
            "X": 0.30109846591949463,
            "Y": 0.4288206398487091
          }
        ]
      },
      "Id": "94435466-4589-4e96-bfea-e4acf7bc51cf",
      "Relationships": [
        {
          "Type": "CHILD",
          "Ids": [
            "012509a5-6ab6-4be8-9a0a-0d3f6b826ac1",
            "f1178c41-58de-46b2-9b81-30c3c591eac2",
            "6383045f-428b-495a-a65f-faca3b3da7c9",
            "b5f10ef6-81e0-4937-853d-89df71f66447",
            "ce5cb9f9-72d8-480c-9fb7-4d41db2064d6"
          ]
        }
      ],
      "Page": 1
    },
    {
      "BlockType": "LINE",
      "Confidence": 95.81503295898438,
      "Text": "generativo",
      "Geometry": {
        "BoundingBox": {
          "Width": 0.036160487681627274,
          "Height": 0.005663607269525528,
          "Left": 0.1869332641363144,
          "Top": 0.43234145641326904
        },
        "Polygon": [
          {
            "X": 0.1869431585073471,
            "Y": 0.4327840805053711
          },
          {
            "X": 0.22309374809265137,
            "Y": 0.43234145641326904
          },
          {
            "X": 0.22307772934436798,
            "Y": 0.43756935000419617
          },
          {
            "X": 0.1869332641363144,
            "Y": 0.4380050599575043
          }
        ]
      },
      "Id": "79c560d6-d14d-43b5-8c97-a09afd550b04",
      "Relationships": [
        {
          "Type": "CHILD",
          "Ids": [
            "752015a6-eb20-459d-b62a-a030b594995b"
          ]
        }
      ],
      "Page": 1
    },
    {
      "BlockType": "WORD",
      "Confidence": 98.84310913085938,
      "Text": "Recursos",
      "TextType": "PRINTED",
      "Geometry": {
        "BoundingBox": {
          "Width": 0.10525096952915192,
          "Height": 0.017959561198949814,
          "Left": 0.1668587028980255,
          "Top": 0.24759580194950104
        },
        "Polygon": [
          {
            "X": 0.16687849164009094,
            "Y": 0.24958455562591553
          },
          {
            "X": 0.2721096873283386,
            "Y": 0.24759580194950104
          },
          {
            "X": 0.2720356285572052,
            "Y": 0.2636285722255707
          },
          {
            "X": 0.1668587028980255,
            "Y": 0.26555535197257996
          }
        ]
      },
      "Id": "19c9546f-e781-4b6f-956d-e85ae741a569",
      "Page": 1
    },
    {
      "BlockType": "WORD",
      "Confidence": 99.83818817138672,
      "Text": "do",
      "TextType": "PRINTED",
      "Geometry": {
        "BoundingBox": {
          "Width": 0.025926420465111732,
          "Height": 0.01582818664610386,
          "Left": 0.2890240550041199,
          "Top": 0.24217410385608673
        },
        "Polygon": [
          {
            "X": 0.289103239774704,
            "Y": 0.24266688525676727
          },
          {
            "X": 0.31495049595832825,
            "Y": 0.24217410385608673
          },
          {
            "X": 0.31485849618911743,
            "Y": 0.2575240433216095
          },
          {
            "X": 0.2890240550041199,
            "Y": 0.25800228118896484
          }
        ]
      },
      "Id": "8b531191-44dc-492f-bd4f-b2e4a67755af",
      "Page": 1
    },
    {
      "BlockType": "WORD",
      "Confidence": 99.30374908447266,
      "Text": "QuickSight",
      "TextType": "PRINTED",
      "Geometry": {
        "BoundingBox": {
          "Width": 0.1490522027015686,
          "Height": 0.02681996487081051,
          "Left": 0.33012545108795166,
          "Top": 0.23084571957588196
        },
        "Polygon": [
          {
            "X": 0.3302806317806244,
            "Y": 0.23372827470302582
          },
          {
            "X": 0.47917765378952026,
            "Y": 0.23084571957588196
          },
          {
            "X": 0.4789066016674042,
            "Y": 0.2549138069152832
          },
          {
            "X": 0.33012545108795166,
            "Y": 0.2576656937599182
          }
        ]
      },
      "Id": "755a87e0-255c-4df0-a496-5d4fdd5e942a",
      "Page": 1
    },
    {
      "BlockType": "WORD",
      "Confidence": 99.19220733642578,
      "Text": "Visite",
      "TextType": "PRINTED",
      "Geometry": {
        "BoundingBox": {
          "Width": 0.028102541342377663,
          "Height": 0.007592967711389065,
          "Left": 0.15795186161994934,
          "Top": 0.29229089617729187
        },
        "Polygon": [
          {
            "X": 0.15795864164829254,
            "Y": 0.29277801513671875
          },
          {
            "X": 0.18605439364910126,
            "Y": 0.29229089617729187
          },
          {
            "X": 0.1860411912202835,
            "Y": 0.299404114484787
          },
          {
            "X": 0.15795186161994934,
            "Y": 0.2998838722705841
          }
        ]
      },
      "Id": "b07bf9c8-a620-4b2b-b659-adb88e3f9e69",
      "Page": 1
    },
    {
      "BlockType": "WORD",
      "Confidence": 99.38245391845703,
      "Text": "agora",
      "TextType": "PRINTED",
      "Geometry": {
        "BoundingBox": {
          "Width": 0.029027601704001427,
          "Height": 0.008323761634528637,
          "Left": 0.1897885650396347,
          "Top": 0.29168885946273804
        },
        "Polygon": [
          {
            "X": 0.18980403244495392,
            "Y": 0.29219189286231995
          },
          {
            "X": 0.21881616115570068,
            "Y": 0.29168885946273804
          },
          {
            "X": 0.2187933772802353,
            "Y": 0.2995179295539856
          },
          {
            "X": 0.1897885650396347,
            "Y": 0.30001261830329895
          }
        ]
      },
      "Id": "be1da391-a682-4845-9aab-0ae9e5b1ac38",
      "Page": 1
    },
    {
      "BlockType": "WORD",
      "Confidence": 99.78963470458984,
      "Text": "Cloud",
      "TextType": "PRINTED",
      "Geometry": {
        "BoundingBox": {
          "Width": 0.047211505472660065,
          "Height": 0.01415441557765007,
          "Left": 0.0017595784738659859,
          "Top": 0.3112986981868744
        },
        "Polygon": [
          {
            "X": 0.0017595784738659859,
            "Y": 0.3120880424976349
          },
          {
            "X": 0.04893689975142479,
            "Y": 0.3112986981868744
          },
          {
            "X": 0.048971083015203476,
            "Y": 0.32468709349632263
          },
          {
            "X": 0.0018139920430257916,
            "Y": 0.32545310258865356
          }
        ]
      },
      "Id": "16032244-b996-4a60-a5af-684cb0c679b5",
      "Page": 1
    },
    {
      "BlockType": "WORD",
      "Confidence": 99.81640625,
      "Text": "Experience",
      "TextType": "PRINTED",
      "Geometry": {
        "BoundingBox": {
          "Width": 0.08742816746234894,
          "Height": 0.016521384939551353,
          "Left": 0,
          "Top": 0.32860931754112244
        },
        "Polygon": [
          {
            "X": 0,
            "Y": 0.3300233483314514
          },
          {
            "X": 0.08740822225809097,
            "Y": 0.32860931754112244
          },
          {
            "X": 0.08742816746234894,
            "Y": 0.34376582503318787
          },
          {
            "X": 0,
            "Y": 0.34513071179389954
          }
        ]
      },
      "Id": "ccb37c7a-13fa-4d08-a21c-d07c46d9dd3e",
      "Page": 1
    },
    {
      "BlockType": "WORD",
      "Confidence": 98.89319610595703,
      "Text": "av",
      "TextType": "PRINTED",
      "Geometry": {
        "BoundingBox": {
          "Width": 0.09428554773330688,
          "Height": 0.05009795352816582,
          "Left": 0.9057144522666931,
          "Top": 0.2942744493484497
        },
        "Polygon": [
          {
            "X": 0.9069289565086365,
            "Y": 0.29587358236312866
          },
          {
            "X": 1,
            "Y": 0.2942744493484497
          },
          {
            "X": 1,
            "Y": 0.3429388999938965
          },
          {
            "X": 0.9057144522666931,
            "Y": 0.34437239170074463
          }
        ]
      },
      "Id": "99b8a7cd-3a37-44d3-99c2-310173c8c56a",
      "Page": 1
    },
    {
      "BlockType": "WORD",
      "Confidence": 99.37970733642578,
      "Text": "2025",
      "TextType": "PRINTED",
      "Geometry": {
        "BoundingBox": {
          "Width": 0.035330839455127716,
          "Height": 0.012542616575956345,
          "Left": 0,
          "Top": 0.34900662302970886
        },
        "Polygon": [
          {
            "X": 0,
            "Y": 0.3495710790157318
          },
          {
            "X": 0.03529490530490875,
            "Y": 0.34900662302970886
          },
          {
            "X": 0.035330839455127716,
            "Y": 0.36100107431411743
          },
          {
            "X": 0,
            "Y": 0.3615492582321167
          }
        ]
      },
      "Id": "54de3d75-700b-49f2-9cdc-8a549f777009",
      "Page": 1
    },
    {
      "BlockType": "WORD",
      "Confidence": 99.94586944580078,
      "Text": "Amazon",
      "TextType": "PRINTED",
      "Geometry": {
        "BoundingBox": {
          "Width": 0.03518030047416687,
          "Height": 0.006182547193020582,
          "Left": 0.15380136668682098,
          "Top": 0.40405407547950745
        },
        "Polygon": [
          {
            "X": 0.15380607545375824,
            "Y": 0.4045213758945465
          },
          {
            "X": 0.18898166716098785,
            "Y": 0.40405407547950745
          },
          {
            "X": 0.18897046148777008,
            "Y": 0.4097767174243927
          },
          {
            "X": 0.15380136668682098,
            "Y": 0.4102366268634796
          }
        ]
      },
      "Id": "b92bd571-5c7d-4b5c-a488-18a69a3002c1",
      "Page": 1
    },
    {
      "BlockType": "WORD",
      "Confidence": 86.6681137084961,
      "Text": "Q",
      "TextType": "PRINTED",
      "Geometry": {
        "BoundingBox": {
          "Width": 0.006739682983607054,
          "Height": 0.006628602743148804,
          "Left": 0.19162940979003906,
          "Top": 0.40342679619789124
        },
        "Polygon": [
          {
            "X": 0.19164277613162994,
            "Y": 0.4035162627696991
          },
          {
            "X": 0.1983690857887268,
            "Y": 0.40342679619789124
          },
          {
            "X": 0.1983543038368225,
            "Y": 0.4099675118923187
          },
          {
            "X": 0.19162940979003906,
            "Y": 0.41005539894104004
          }
        ]
      },
      "Id": "f69229de-b344-455e-aaf5-1294c0548438",
      "Page": 1
    },
    {
      "BlockType": "WORD",
      "Confidence": 98.49626922607422,
      "Text": "no",
      "TextType": "PRINTED",
      "Geometry": {
        "BoundingBox": {
          "Width": 0.010640017688274384,
          "Height": 0.0047013722360134125,
          "Left": 0.2013978809118271,
          "Top": 0.40434983372688293
        },
        "Polygon": [
          {
            "X": 0.20140865445137024,
            "Y": 0.40449079871177673
          },
          {
            "X": 0.21203790605068207,
            "Y": 0.40434983372688293
          },
          {
            "X": 0.21202556788921356,
            "Y": 0.4089120030403137
          },
          {
            "X": 0.2013978809118271,
            "Y": 0.40905120968818665
          }
        ]
      },
      "Id": "575af5d6-96f8-4ddd-8a8f-08656be7b8db",
      "Page": 1
    },
    {
      "BlockType": "WORD",
      "Confidence": 99.68482208251953,
      "Text": "QuickSight",
      "TextType": "PRINTED",
      "Geometry": {
        "BoundingBox": {
          "Width": 0.0493023544549942,
          "Height": 0.008435065858066082,
          "Left": 0.2150978147983551,
          "Top": 0.4017614424228668
        },
        "Polygon": [
          {
            "X": 0.2151196151971817,
            "Y": 0.4024184048175812
          },
          {
            "X": 0.2644001543521881,
            "Y": 0.4017614424228668
          },
          {
            "X": 0.26436594128608704,
            "Y": 0.409553587436676
          },
          {
            "X": 0.2150978147983551,
            "Y": 0.4101965129375458
          }
        ]
      },
      "Id": "7ec96188-d175-40e8-b24b-47f5efeb7003",
      "Page": 1
    },
    {
      "BlockType": "WORD",
      "Confidence": 98.53052520751953,
      "Text": "Comunidade",
      "TextType": "PRINTED",
      "Geometry": {
        "BoundingBox": {
          "Width": 0.06586956232786179,
          "Height": 0.007899698801338673,
          "Left": 0.27903881669044495,
          "Top": 0.3993774950504303
        },
        "Polygon": [
          {
            "X": 0.27907297015190125,
            "Y": 0.40025827288627625
          },
          {
            "X": 0.34490838646888733,
            "Y": 0.3993774950504303
          },
          {
            "X": 0.34485921263694763,
            "Y": 0.40641331672668457
          },
          {
            "X": 0.27903881669044495,
            "Y": 0.4072771966457367
          }
        ]
      },
      "Id": "8585870b-8054-48a4-be3c-edc893c76a6e",
      "Page": 1
    },
    {
      "BlockType": "WORD",
      "Confidence": 99.73394775390625,
      "Text": "QuickSight",
      "TextType": "PRINTED",
      "Geometry": {
        "BoundingBox": {
          "Width": 0.0590956024825573,
          "Height": 0.009299644269049168,
          "Left": 0.3482668399810791,
          "Top": 0.3981914818286896
        },
        "Polygon": [
          {
            "X": 0.34832724928855896,
            "Y": 0.3989820182323456
          },
          {
            "X": 0.4073624312877655,
            "Y": 0.3981914818286896
          },
          {
            "X": 0.4072856307029724,
            "Y": 0.406718909740448
          },
          {
            "X": 0.3482668399810791,
            "Y": 0.40749114751815796
          }
        ]
      },
      "Id": "12d08933-1f57-4e36-b3d5-fcd5f5764069",
      "Page": 1
    },
    {
      "BlockType": "WORD",
      "Confidence": 99.01642608642578,
      "Text": "Obtenha",
      "TextType": "PRINTED",
      "Geometry": {
        "BoundingBox": {
          "Width": 0.02762109413743019,
          "Height": 0.005300898104906082,
          "Left": 0.17101071774959564,
          "Top": 0.41199344396591187
        },
        "Polygon": [
          {
            "X": 0.17101754248142242,
            "Y": 0.41235220432281494
          },
          {
            "X": 0.19863180816173553,
            "Y": 0.41199344396591187
          },
          {
            "X": 0.19862058758735657,
            "Y": 0.4169405698776245
          },
          {
            "X": 0.17101071774959564,
            "Y": 0.41729432344436646
          }
        ]
      },
      "Id": "60e96e24-08ea-462e-97a1-430349acd88e",
      "Page": 1
    },
    {
      "BlockType": "WORD",
      "Confidence": 98.67130279541016,
      "Text": "insights",
      "TextType": "PRINTED",
      "Geometry": {
        "BoundingBox": {
          "Width": 0.025934690609574318,
          "Height": 0.00651214923709631,
          "Left": 0.20115697383880615,
          "Top": 0.41125354170799255
        },
        "Polygon": [
          {
            "X": 0.20117150247097015,
            "Y": 0.41159066557884216
          },
          {
            "X": 0.22709167003631592,
            "Y": 0.41125354170799255
          },
          {
            "X": 0.22707195580005646,
            "Y": 0.4174344539642334
          },
          {
            "X": 0.20115697383880615,
            "Y": 0.41776570677757263
          }
        ]
      },
      "Id": "5d2f5c14-5e12-4643-9cdd-b1efb7cb99b1",
      "Page": 1
    },
    {
      "BlockType": "WORD",
      "Confidence": 99.73519134521484,
      "Text": "mais",
      "TextType": "PRINTED",
      "Geometry": {
        "BoundingBox": {
          "Width": 0.015483294613659382,
          "Height": 0.0050833807326853275,
          "Left": 0.22890877723693848,
          "Top": 0.4113112688064575
        },
        "Polygon": [
          {
            "X": 0.22892463207244873,
            "Y": 0.41151225566864014
          },
          {
            "X": 0.24439206719398499,
            "Y": 0.4113112688064575
          },
          {
            "X": 0.24437375366687775,
            "Y": 0.41619640588760376
          },
          {
            "X": 0.22890877723693848,
            "Y": 0.4163946211338043
          }
        ]
      },
      "Id": "33d2707a-9567-47f2-b67b-3b109ee2664d",
      "Page": 1
    },
    {
      "BlockType": "WORD",
      "Confidence": 99.66915130615234,
      "Text": "Encontre",
      "TextType": "PRINTED",
      "Geometry": {
        "BoundingBox": {
          "Width": 0.0304974764585495,
          "Height": 0.005394202657043934,
          "Left": 0.2916054129600525,
          "Top": 0.4096028208732605
        },
        "Polygon": [
          {
            "X": 0.2916317582130432,
            "Y": 0.4099995493888855
          },
          {
            "X": 0.3221029043197632,
            "Y": 0.4096028208732605
          },
          {
            "X": 0.3220715820789337,
            "Y": 0.4146058261394501
          },
          {
            "X": 0.2916054129600525,
            "Y": 0.41499701142311096
          }
        ]
      },
      "Id": "7a63476e-75b5-4978-9ab3-a45e1ec0929c",
      "Page": 1
    },
    {
      "BlockType": "WORD",
      "Confidence": 99.08944702148438,
      "Text": "respostas",
      "TextType": "PRINTED",
      "Geometry": {
        "BoundingBox": {
          "Width": 0.0335351936519146,
          "Height": 0.005876846611499786,
          "Left": 0.32416966557502747,
          "Top": 0.4093981981277466
        },
        "Polygon": [
          {
            "X": 0.32420405745506287,
            "Y": 0.409834086894989
          },
          {
            "X": 0.35770484805107117,
            "Y": 0.4093981981277466
          },
          {
            "X": 0.3576644957065582,
            "Y": 0.4148458242416382
          },
          {
            "X": 0.32416966557502747,
            "Y": 0.41527503728866577
          }
        ]
      },
      "Id": "5fd3ee81-5acd-444a-b012-b6188a5165a6",
      "Page": 1
    },
    {
      "BlockType": "WORD",
      "Confidence": 99.68331909179688,
      "Text": "para",
      "TextType": "PRINTED",
      "Geometry": {
        "BoundingBox": {
          "Width": 0.01589338108897209,
          "Height": 0.004716751165688038,
          "Left": 0.3594595491886139,
          "Top": 0.40956398844718933
        },
        "Polygon": [
          {
            "X": 0.359493225812912,
            "Y": 0.409770131111145
          },
          {
            "X": 0.3753529489040375,
            "Y": 0.40956398844718933
          },
          {
            "X": 0.37531694769859314,
            "Y": 0.4140772223472595
          },
          {
            "X": 0.3594595491886139,
            "Y": 0.4142807424068451
          }
        ]
      },
      "Id": "fe81afd0-b95a-48e3-81a7-6e0088641341",
      "Page": 1
    },
    {
      "BlockType": "WORD",
      "Confidence": 99.67782592773438,
      "Text": "suas",
      "TextType": "PRINTED",
      "Geometry": {
        "BoundingBox": {
          "Width": 0.014943803660571575,
          "Height": 0.0041399444453418255,
          "Left": 0.37765055894851685,
          "Top": 0.40925341844558716
        },
        "Polygon": [
          {
            "X": 0.37768232822418213,
            "Y": 0.4094472825527191
          },
          {
            "X": 0.3925943672657013,
            "Y": 0.40925341844558716
          },
          {
            "X": 0.3925606906414032,
            "Y": 0.4132016599178314
          },
          {
            "X": 0.37765055894851685,
            "Y": 0.41339337825775146
          }
        ]
      },
      "Id": "ebd7801f-4c33-4551-898f-57f22896bd77",
      "Page": 1
    },
    {
      "BlockType": "WORD",
      "Confidence": 99.5115737915039,
      "Text": "rapidamente",
      "TextType": "PRINTED",
      "Geometry": {
        "BoundingBox": {
          "Width": 0.04221542179584503,
          "Height": 0.005972572136670351,
          "Left": 0.1570001095533371,
          "Top": 0.4188406765460968
        },
        "Polygon": [
          {
            "X": 0.15700514614582062,
            "Y": 0.4193786084651947
          },
          {
            "X": 0.19921553134918213,
            "Y": 0.4188406765460968
          },
          {
            "X": 0.19920305907726288,
            "Y": 0.4242837727069855
          },
          {
            "X": 0.1570001095533371,
            "Y": 0.42481327056884766
          }
        ]
      },
      "Id": "80637071-ebc4-4889-855e-6b2e079392c7",
      "Page": 1
    },
    {
      "BlockType": "WORD",
      "Confidence": 94.436767578125,
      "Text": "e",
      "TextType": "PRINTED",
      "Geometry": {
        "BoundingBox": {
          "Width": 0.00457080127671361,
          "Height": 0.004296062048524618,
          "Left": 0.2000628411769867,
          "Top": 0.4192742109298706
        },
        "Polygon": [
          {
            "X": 0.20007266104221344,
            "Y": 0.41933226585388184
          },
          {
            "X": 0.20463363826274872,
            "Y": 0.4192742109298706
          },
          {
            "X": 0.20462319254875183,
            "Y": 0.4235129654407501
          },
          {
            "X": 0.2000628411769867,
            "Y": 0.42357027530670166
          }
        ]
      },
      "Id": "a1a65689-7478-4e1d-bcd9-7c7f9ad0587b",
      "Page": 1
    },
    {
      "BlockType": "WORD",
      "Confidence": 98.73157501220703,
      "Text": "tome",
      "TextType": "PRINTED",
      "Geometry": {
        "BoundingBox": {
          "Width": 0.01781649887561798,
          "Height": 0.004837636835873127,
          "Left": 0.20621834695339203,
          "Top": 0.41862615942955017
        },
        "Polygon": [
          {
            "X": 0.20622995495796204,
            "Y": 0.4188530147075653
          },
          {
            "X": 0.22403484582901,
            "Y": 0.41862615942955017
          },
          {
            "X": 0.2240205854177475,
            "Y": 0.42323997616767883
          },
          {
            "X": 0.20621834695339203,
            "Y": 0.4234637916088104
          }
        ]
      },
      "Id": "1f6d8cc1-730b-4337-9918-21b68c634f80",
      "Page": 1
    },
    {
      "BlockType": "WORD",
      "Confidence": 99.25244903564453,
      "Text": "melhores",
      "TextType": "PRINTED",
      "Geometry": {
        "BoundingBox": {
          "Width": 0.03163304924964905,
          "Height": 0.005281954072415829,
          "Left": 0.2255544811487198,
          "Top": 0.4177474081516266
        },
        "Polygon": [
          {
            "X": 0.22556979954242706,
            "Y": 0.41815072298049927
          },
          {
            "X": 0.25718751549720764,
            "Y": 0.4177474081516266
          },
          {
            "X": 0.25716719031333923,
            "Y": 0.4226316809654236
          },
          {
            "X": 0.2255544811487198,
            "Y": 0.423029363155365
          }
        ]
      },
      "Id": "c7b8363f-e4c7-4c36-ab27-9099e9b77458",
      "Page": 1
    },
    {
      "BlockType": "WORD",
      "Confidence": 95.69451904296875,
      "Text": "perguntas,",
      "TextType": "PRINTED",
      "Geometry": {
        "BoundingBox": {
          "Width": 0.037122443318367004,
          "Height": 0.006022060755640268,
          "Left": 0.27870428562164307,
          "Top": 0.4171135127544403
        },
        "Polygon": [
          {
            "X": 0.27873125672340393,
            "Y": 0.4175865948200226
          },
          {
            "X": 0.31582674384117126,
            "Y": 0.4171135127544403
          },
          {
            "X": 0.31579309701919556,
            "Y": 0.42267006635665894
          },
          {
            "X": 0.27870428562164307,
            "Y": 0.42313557863235474
          }
        ]
      },
      "Id": "ef2885e8-8d4a-4a70-95ed-31785cafa5f2",
      "Page": 1
    },
    {
      "BlockType": "WORD",
      "Confidence": 99.7638931274414,
      "Text": "recursos",
      "TextType": "PRINTED",
      "Geometry": {
        "BoundingBox": {
          "Width": 0.029402965679764748,
          "Height": 0.004654472228139639,
          "Left": 0.3181982934474945,
          "Top": 0.4167602062225342
        },
        "Polygon": [
          {
            "X": 0.31822454929351807,
            "Y": 0.41713476181030273
          },
          {
            "X": 0.3476012647151947,
            "Y": 0.4167602062225342
          },
          {
            "X": 0.34757092595100403,
            "Y": 0.4210447072982788
          },
          {
            "X": 0.3181982934474945,
            "Y": 0.42141467332839966
          }
        ]
      },
      "Id": "a8bbc632-940d-46e0-933a-6590d16122dd",
      "Page": 1
    },
    {
      "BlockType": "WORD",
      "Confidence": 99.61919403076172,
      "Text": "de",
      "TextType": "PRINTED",
      "Geometry": {
        "BoundingBox": {
          "Width": 0.008240504190325737,
          "Height": 0.004752567037940025,
          "Left": 0.3493804931640625,
          "Top": 0.41619449853897095
        },
        "Polygon": [
          {
            "X": 0.3494136929512024,
            "Y": 0.4162992835044861
          },
          {
            "X": 0.3576210141181946,
            "Y": 0.41619449853897095
          },
          {
            "X": 0.3575865924358368,
            "Y": 0.4208436906337738
          },
          {
            "X": 0.3493804931640625,
            "Y": 0.4209470748901367
          }
        ]
      },
      "Id": "6e6f7c06-4177-478a-aff6-fa1fdaf04a5c",
      "Page": 1
    },
    {
      "BlockType": "WORD",
      "Confidence": 98.93022918701172,
      "Text": "aprendizado",
      "TextType": "PRINTED",
      "Geometry": {
        "BoundingBox": {
          "Width": 0.044569045305252075,
          "Height": 0.0064698755741119385,
          "Left": 0.3601094186306,
          "Top": 0.41502633690834045
        },
        "Polygon": [
          {
            "X": 0.36015358567237854,
            "Y": 0.415595680475235
          },
          {
            "X": 0.40467846393585205,
            "Y": 0.41502633690834045
          },
          {
            "X": 0.40462571382522583,
            "Y": 0.4209364652633667
          },
          {
            "X": 0.3601094186306,
            "Y": 0.4214962124824524
          }
        ]
      },
      "Id": "1ade2a3c-fd7d-4e29-99b7-4976012326d6",
      "Page": 1
    },
    {
      "BlockType": "WORD",
      "Confidence": 97.21988677978516,
      "Text": "decisões",
      "TextType": "PRINTED",
      "Geometry": {
        "BoundingBox": {
          "Width": 0.027052635326981544,
          "Height": 0.005203885491937399,
          "Left": 0.1515779197216034,
          "Top": 0.4259520471096039
        },
        "Polygon": [
          {
            "X": 0.15158158540725708,
            "Y": 0.42629003524780273
          },
          {
            "X": 0.1786305457353592,
            "Y": 0.4259520471096039
          },
          {
            "X": 0.17862263321876526,
            "Y": 0.43082278966903687
          },
          {
            "X": 0.1515779197216034,
            "Y": 0.4311559498310089
          }
        ]
      },
      "Id": "f6736d2e-7706-47ba-b19f-7ad6773d32ee",
      "Page": 1
    },
    {
      "BlockType": "WORD",
      "Confidence": 99.13383483886719,
      "Text": "com",
      "TextType": "PRINTED",
      "Geometry": {
        "BoundingBox": {
          "Width": 0.013342092745006084,
          "Height": 0.0039234342984855175,
          "Left": 0.18057312071323395,
          "Top": 0.4266150891780853
        },
        "Polygon": [
          {
            "X": 0.18057946860790253,
            "Y": 0.4267812967300415
          },
          {
            "X": 0.1939152181148529,
            "Y": 0.4266150891780853
          },
          {
            "X": 0.1939072459936142,
            "Y": 0.4303741455078125
          },
          {
            "X": 0.18057312071323395,
            "Y": 0.43053850531578064
          }
        ]
      },
      "Id": "eb1366ed-260e-4b82-b88f-38eccd2e3634",
      "Page": 1
    },
    {
      "BlockType": "WORD",
      "Confidence": 99.17886352539062,
      "Text": "seu",
      "TextType": "PRINTED",
      "Geometry": {
        "BoundingBox": {
          "Width": 0.010340315289795399,
          "Height": 0.004086617846041918,
          "Left": 0.1964663565158844,
          "Top": 0.4261873662471771
        },
        "Polygon": [
          {
            "X": 0.1964750736951828,
            "Y": 0.4263162314891815
          },
          {
            "X": 0.20680667459964752,
            "Y": 0.4261873662471771
          },
          {
            "X": 0.20679663121700287,
            "Y": 0.43014660477638245
          },
          {
            "X": 0.1964663565158844,
            "Y": 0.43027397990226746
          }
        ]
      },
      "Id": "fc95cc57-8371-458c-89fb-956a69725fba",
      "Page": 1
    },
    {
      "BlockType": "WORD",
      "Confidence": 99.18692779541016,
      "Text": "assistente",
      "TextType": "PRINTED",
      "Geometry": {
        "BoundingBox": {
          "Width": 0.03317370265722275,
          "Height": 0.005045206751674414,
          "Left": 0.2092275470495224,
          "Top": 0.4248490035533905
        },
        "Polygon": [
          {
            "X": 0.209239661693573,
            "Y": 0.42526373267173767
          },
          {
            "X": 0.24240125715732574,
            "Y": 0.4248490035533905
          },
          {
            "X": 0.2423841655254364,
            "Y": 0.4294850826263428
          },
          {
            "X": 0.2092275470495224,
            "Y": 0.42989420890808105
          }
        ]
      },
      "Id": "52b9710c-9c00-4a3f-9471-3f083f214df1",
      "Page": 1
    },
    {
      "BlockType": "WORD",
      "Confidence": 99.31170654296875,
      "Text": "de",
      "TextType": "PRINTED",
      "Geometry": {
        "BoundingBox": {
          "Width": 0.008051632903516293,
          "Height": 0.00496722012758255,
          "Left": 0.2443227767944336,
          "Top": 0.4245333969593048
        },
        "Polygon": [
          {
            "X": 0.24434103071689606,
            "Y": 0.4246339201927185
          },
          {
            "X": 0.25237441062927246,
            "Y": 0.4245333969593048
          },
          {
            "X": 0.2523549199104309,
            "Y": 0.4294015169143677
          },
          {
            "X": 0.2443227767944336,
            "Y": 0.42950063943862915
          }
        ]
      },
      "Id": "75f06282-51f0-4079-aad7-31e94d657ff0",
      "Page": 1
    },
    {
      "BlockType": "WORD",
      "Confidence": 98.55716705322266,
      "Text": "IA",
      "TextType": "PRINTED",
      "Geometry": {
        "BoundingBox": {
          "Width": 0.007746487855911255,
          "Height": 0.004839660599827766,
          "Left": 0.25413304567337036,
          "Top": 0.42443525791168213
        },
        "Polygon": [
          {
            "X": 0.2541523277759552,
            "Y": 0.4245319366455078
          },
          {
            "X": 0.2618795335292816,
            "Y": 0.42443525791168213
          },
          {
            "X": 0.26185905933380127,
            "Y": 0.4291795790195465
          },
          {
            "X": 0.25413304567337036,
            "Y": 0.42927491664886475
          }
        ]
      },
      "Id": "2012ad61-902f-4a08-9e9a-720b34723fae",
      "Page": 1
    },
    {
      "BlockType": "WORD",
      "Confidence": 90.1922836303711,
      "Text": "e",
      "TextType": "PRINTED",
      "Geometry": {
        "BoundingBox": {
          "Width": 0.00460221990942955,
          "Height": 0.003971386235207319,
          "Left": 0.30109846591949463,
          "Top": 0.424849271774292
        },
        "Polygon": [
          {
            "X": 0.3011203110218048,
            "Y": 0.4249064028263092
          },
          {
            "X": 0.3057006895542145,
            "Y": 0.424849271774292
          },
          {
            "X": 0.30567827820777893,
            "Y": 0.42876413464546204
          },
          {
            "X": 0.30109846591949463,
            "Y": 0.4288206398487091
          }
        ]
      },
      "Id": "012509a5-6ab6-4be8-9a0a-0d3f6b826ac1",
      "Page": 1
    },
    {
      "BlockType": "WORD",
      "Confidence": 99.3482437133789,
      "Text": "eventos",
      "TextType": "PRINTED",
      "Geometry": {
        "BoundingBox": {
          "Width": 0.02707463502883911,
          "Height": 0.004803707357496023,
          "Left": 0.30739110708236694,
          "Top": 0.423902690410614
        },
        "Polygon": [
          {
            "X": 0.3074169456958771,
            "Y": 0.42424076795578003
          },
          {
            "X": 0.33446574211120605,
            "Y": 0.423902690410614
          },
          {
            "X": 0.33443596959114075,
            "Y": 0.42837271094322205
          },
          {
            "X": 0.30739110708236694,
            "Y": 0.4287063777446747
          }
        ]
      },
      "Id": "f1178c41-58de-46b2-9b81-30c3c591eac2",
      "Page": 1
    },
    {
      "BlockType": "WORD",
      "Confidence": 99.54376983642578,
      "Text": "em",
      "TextType": "PRINTED",
      "Geometry": {
        "BoundingBox": {
          "Width": 0.010249939747154713,
          "Height": 0.003905467689037323,
          "Left": 0.33741897344589233,
          "Top": 0.42428165674209595
        },
        "Polygon": [
          {
            "X": 0.3374444842338562,
            "Y": 0.42440927028656006
          },
          {
            "X": 0.34766891598701477,
            "Y": 0.42428165674209595
          },
          {
            "X": 0.34764212369918823,
            "Y": 0.42806094884872437
          },
          {
            "X": 0.33741897344589233,
            "Y": 0.42818713188171387
          }
        ]
      },
      "Id": "6383045f-428b-495a-a65f-faca3b3da7c9",
      "Page": 1
    },
    {
      "BlockType": "WORD",
      "Confidence": 99.57424926757812,
      "Text": "sua",
      "TextType": "PRINTED",
      "Geometry": {
        "BoundingBox": {
          "Width": 0.012214042246341705,
          "Height": 0.004353519529104233,
          "Left": 0.3498406708240509,
          "Top": 0.42371925711631775
        },
        "Polygon": [
          {
            "X": 0.3498707413673401,
            "Y": 0.4238714873790741
          },
          {
            "X": 0.362054705619812,
            "Y": 0.42371925711631775
          },
          {
            "X": 0.3620229959487915,
            "Y": 0.42792242765426636
          },
          {
            "X": 0.3498406708240509,
            "Y": 0.4280727803707123
          }
        ]
      },
      "Id": "b5f10ef6-81e0-4937-853d-89df71f66447",
      "Page": 1
    },
    {
      "BlockType": "WORD",
      "Confidence": 93.51024627685547,
      "Text": "área",
      "TextType": "PRINTED",
      "Geometry": {
        "BoundingBox": {
          "Width": 0.015208037570118904,
          "Height": 0.004847862757742405,
          "Left": 0.36418575048446655,
          "Top": 0.42295387387275696
        },
        "Polygon": [
          {
            "X": 0.3642212450504303,
            "Y": 0.4231437146663666
          },
          {
            "X": 0.3793937861919403,
            "Y": 0.42295387387275696
          },
          {
            "X": 0.3793559968471527,
            "Y": 0.4276144504547119
          },
          {
            "X": 0.36418575048446655,
            "Y": 0.4278017282485962
          }
        ]
      },
      "Id": "ce5cb9f9-72d8-480c-9fb7-4d41db2064d6",
      "Page": 1
    },
    {
      "BlockType": "WORD",
      "Confidence": 95.81503295898438,
      "Text": "generativo",
      "TextType": "PRINTED",
      "Geometry": {
        "BoundingBox": {
          "Width": 0.036160487681627274,
          "Height": 0.005663607269525528,
          "Left": 0.1869332641363144,
          "Top": 0.43234145641326904
        },
        "Polygon": [
          {
            "X": 0.1869431585073471,
            "Y": 0.4327840805053711
          },
          {
            "X": 0.22309374809265137,
            "Y": 0.43234145641326904
          },
          {
            "X": 0.22307772934436798,
            "Y": 0.43756935000419617
          },
          {
            "X": 0.1869332641363144,
            "Y": 0.4380050599575043
          }
        ]
      },
      "Id": "752015a6-eb20-459d-b62a-a030b594995b",
      "Page": 1
    }
  ],
  "DetectDocumentTextModelVersion": "1.0"
}