{
  "DocumentMetadata": {
    "Pages": 1
  },
  "JobStatus": "SUCCEEDED",
  "Blocks": [
    {
      "BlockType": "PAGE",
      "Geometry": {
        "BoundingBox": {
          "Width": 1,
          "Height": 1,
          "Left": 0,
          "Top": 0
        },
        "Polygon": [
          {
            "X": 0,
            "Y": 4.022483324206405e-8
          },
          {
            "X": 1,
            "Y": 0
          },
          {
            "X": 0.9988417625427246,
            "Y": 1
          },
          {
            "X": 0,
            "Y": 0.9989926218986511
          }
        ]
      },
      "Id": "9d44a08b-84ba-4fa3-b86c-018a6dc37992",
      "Relationships": [
        {
          "Type": "CHILD",
          "Ids": [
            "c2e2676f-7584-4453-8881-1f8b47f9be1d",
            "c7f81926-a926-4eec-b335-73dc25f53c74",
            "a385d5e0-706b-4a2d-af91-e2d4e082fb9c",
            "5c03f9e7-c560-4d00-b5a9-325d2a19c70f",
            "b6cbd264-afa3-4e10-a7ef-34b782caa9ae",
            "b16466ee-b9b3-4999-94b4-af78826106fc",
            "ae53ff82-3b13-4004-8572-82892889409b",
            "f0c8ffc0-6d2b-4740-a701-ed1dab3b204d",
            "2b16a6e5-47a5-43e1-919d-d1ce4398445d",
            "5f3e4391-c397-429f-87ce-55c03a0f4827",
            "8c154bea-ebf4-41ad-ba3d-0968428a7c11",
            "7c7721ca-0e7a-48ec-b467-2f8f5b4aaa5a",
            "483d1811-290c-4f59-87fd-4356364086dd",
            "576dfd3f-c1c4-4982-8ffb-0df91bb037b5",
            "f339aaa3-f1b5-47db-a6cb-144f5a006d66",
            "2734bb00-d670-4e97-a106-92d5d0cafc96",
            "b39f987e-3f81-412d-9db0-dc6b689e1a2a",
            "d4db84f6-4788-4c0a-90a7-18d39f2eeac3",
            "80679c2e-8e77-429a-8122-48c450ea720f",
            "13513dd1-4fd0-4fba-be08-0ee02c74e94d",
            "0a222d14-5542-4f9b-9281-26ff07e5b51f",
            "a6ca9b32-ddad-4011-9b30-d069f01a3d9f",
            "89a2c3b8-5a46-48e3-ac88-b026fac6fc7c",
            "1d2b4781-8f81-4ee1-99df-02aa523b5e25",
            "ff05adf9-d2da-46cf-8e38-90085dc8be18",
            "1db9ab25-bb50-405b-9039-6074078f8c9c"
          ]
        }
      ],
      "Page": 1
    },
    {
      "BlockType": "LINE",
      "Confidence": 65.19485473632812,
      "Text": "laws",
      "Geometry": {
        "BoundingBox": {
          "Width": 0.04262995719909668,
          "Height": 0.012118843384087086,
          "Left": 0.6297661066055298,
          "Top": 0.23712636530399323
        },
        "Polygon": [
          {
            "X": 0.6302937269210815,
            "Y": 0.23853397369384766
          },
          {
            "X": 0.6723960638046265,
            "Y": 0.23712636530399323
          },
          {
            "X": 0.6718611717224121,
            "Y": 0.2478785365819931
          },
          {
            "X": 0.6297661066055298,
            "Y": 0.24924521148204803
          }
        ]
      },
      "Id": "c2e2676f-7584-4453-8881-1f8b47f9be1d",
      "Relationships": [
        {
          "Type": "CHILD",
          "Ids": [
            "9dee22bf-4813-4dee-ac80-a8187ac61d8b"
          ]
        }
      ],
      "Page": 1
    },
    {
      "BlockType": "LINE",
      "Confidence": 97.98943328857422,
      "Text": "Cloud",
      "Geometry": {
        "BoundingBox": {
          "Width": 0.023137860000133514,
          "Height": 0.006291047669947147,
          "Left": 0.6976809501647949,
          "Top": 0.2338685244321823
        },
        "Polygon": [
          {
            "X": 0.6979573369026184,
            "Y": 0.23463621735572815
          },
          {
            "X": 0.720818817615509,
            "Y": 0.2338685244321823
          },
          {
            "X": 0.7205404043197632,
            "Y": 0.23940327763557434
          },
          {
            "X": 0.6976809501647949,
            "Y": 0.24015957117080688
          }
        ]
      },
      "Id": "c7f81926-a926-4eec-b335-73dc25f53c74",
      "Relationships": [
        {
          "Type": "CHILD",
          "Ids": [
            "da204a8c-2ab6-46c5-ae7f-d6791dc10cf1"
          ]
        }
      ],
      "Page": 1
    },
    {
      "BlockType": "LINE",
      "Confidence": 97.20265197753906,
      "Text": "Como o SageMaker Canvas da poder a equipes",
      "Geometry": {
        "BoundingBox": {
          "Width": 0.42427533864974976,
          "Height": 0.03804554045200348,
          "Left": 0.16159293055534363,
          "Top": 0.23782837390899658
        },
        "Polygon": [
          {
            "X": 0.1626368761062622,
            "Y": 0.25206249952316284
          },
          {
            "X": 0.585868239402771,
            "Y": 0.23782837390899658
          },
          {
            "X": 0.584661066532135,
            "Y": 0.262594997882843
          },
          {
            "X": 0.16159293055534363,
            "Y": 0.27587389945983887
          }
        ]
      },
      "Id": "a385d5e0-706b-4a2d-af91-e2d4e082fb9c",
      "Relationships": [
        {
          "Type": "CHILD",
          "Ids": [
            "b2227a17-178f-479c-a4bb-cbf3f16c3f78",
            "7ec009b3-3812-41b8-9ba7-fcb4d5123bda",
            "a308ea03-1a06-417b-9a41-5d7f75ca8cb0",
            "a405c423-a118-4c18-b73d-34fa38b59f28",
            "edbcf8e3-f11e-4b83-8ea4-045b0fd2b0c1",
            "b098620a-3fac-4469-8a86-68d1c065ab26",
            "421d4dab-a516-464e-8b24-63eb01754327",
            "6f5ae8a8-8466-4a7c-93ca-7c29c4be12cd"
          ]
        }
      ],
      "Page": 1
    },
    {
      "BlockType": "LINE",
      "Confidence": 99.41719818115234,
      "Text": "Experience",
      "Geometry": {
        "BoundingBox": {
          "Width": 0.0437079481780529,
          "Height": 0.007848653942346573,
          "Left": 0.6969797015190125,
          "Top": 0.2398209422826767
        },
        "Polygon": [
          {
            "X": 0.6973008513450623,
            "Y": 0.24125216901302338
          },
          {
            "X": 0.7406876683235168,
            "Y": 0.2398209422826767
          },
          {
            "X": 0.7403621077537537,
            "Y": 0.2462635040283203
          },
          {
            "X": 0.6969797015190125,
            "Y": 0.24766959249973297
          }
        ]
      },
      "Id": "5c03f9e7-c560-4d00-b5a9-325d2a19c70f",
      "Relationships": [
        {
          "Type": "CHILD",
          "Ids": [
            "d108c733-232c-4d8d-a793-9c65e6765101"
          ]
        }
      ],
      "Page": 1
    },
    {
      "BlockType": "LINE",
      "Confidence": 99.89732360839844,
      "Text": "2025",
      "Geometry": {
        "BoundingBox": {
          "Width": 0.019652826711535454,
          "Height": 0.005782230757176876,
          "Left": 0.6971774101257324,
          "Top": 0.24841472506523132
        },
        "Polygon": [
          {
            "X": 0.6974354386329651,
            "Y": 0.24904093146324158
          },
          {
            "X": 0.7168301939964294,
            "Y": 0.24841472506523132
          },
          {
            "X": 0.7165706157684326,
            "Y": 0.2535797953605652
          },
          {
            "X": 0.6971774101257324,
            "Y": 0.25419697165489197
          }
        ]
      },
      "Id": "b6cbd264-afa3-4e10-a7ef-34b782caa9ae",
      "Relationships": [
        {
          "Type": "CHILD",
          "Ids": [
            "01de62d1-d5a2-46e5-8b7c-1690f24f1489"
          ]
        }
      ],
      "Page": 1
    },
    {
      "BlockType": "LINE",
      "Confidence": 99.61717987060547,
      "Text": "Acelere as",
      "Geometry": {
        "BoundingBox": {
          "Width": 0.06838607788085938,
          "Height": 0.00962465163320303,
          "Left": 0.19935102760791779,
          "Top": 0.29793739318847656
        },
        "Polygon": [
          {
            "X": 0.19968992471694946,
            "Y": 0.2999116778373718
          },
          {
            "X": 0.26773712038993835,
            "Y": 0.29793739318847656
          },
          {
            "X": 0.2673899829387665,
            "Y": 0.3056369125843048
          },
          {
            "X": 0.19935102760791779,
            "Y": 0.30756205320358276
          }
        ]
      },
      "Id": "b16466ee-b9b3-4999-94b4-af78826106fc",
      "Relationships": [
        {
          "Type": "CHILD",
          "Ids": [
            "0fa33017-330b-464e-85e6-f862fb965f69",
            "a8f62395-c5ba-4db2-a056-61f0718f178c"
          ]
        }
      ],
      "Page": 1
    },
    {
      "BlockType": "LINE",
      "Confidence": 99.55113220214844,
      "Text": "equipes de dados",
      "Geometry": {
        "BoundingBox": {
          "Width": 0.10796201974153519,
          "Height": 0.013648305088281631,
          "Left": 0.15861615538597107,
          "Top": 0.3074517548084259
        },
        "Polygon": [
          {
            "X": 0.1590818464756012,
            "Y": 0.31047531962394714
          },
          {
            "X": 0.26657816767692566,
            "Y": 0.3074517548084259
          },
          {
            "X": 0.2660943567752838,
            "Y": 0.3181847631931305
          },
          {
            "X": 0.15861615538597107,
            "Y": 0.3211000859737396
          }
        ]
      },
      "Id": "ae53ff82-3b13-4004-8572-82892889409b",
      "Relationships": [
        {
          "Type": "CHILD",
          "Ids": [
            "0ff95366-70b2-48f8-b9e5-fe06864148c7",
            "275a5139-2086-4523-bc41-2dc3971fb905",
            "6806cdcd-e537-4cf2-9065-1efc02b748f9"
          ]
        }
      ],
      "Page": 1
    },
    {
      "BlockType": "LINE",
      "Confidence": 99.65686798095703,
      "Text": "Cloud",
      "Geometry": {
        "BoundingBox": {
          "Width": 0.04770441725850105,
          "Height": 0.014108308590948582,
          "Left": 0.0010356007842347026,
          "Top": 0.3212219476699829
        },
        "Polygon": [
          {
            "X": 0.001573982764966786,
            "Y": 0.3225141763687134
          },
          {
            "X": 0.04874001815915108,
            "Y": 0.3212219476699829
          },
          {
            "X": 0.04819215461611748,
            "Y": 0.33409613370895386
          },
          {
            "X": 0.0010356007842347026,
            "Y": 0.3353302478790283
          }
        ]
      },
      "Id": "f0c8ffc0-6d2b-4740-a701-ed1dab3b204d",
      "Relationships": [
        {
          "Type": "CHILD",
          "Ids": [
            "94e59b03-36f9-4141-b145-f5e9ddc779b3"
          ]
        }
      ],
      "Page": 1
    },
    {
      "BlockType": "LINE",
      "Confidence": 99.36869812011719,
      "Text": "Acelere tarefas",
      "Geometry": {
        "BoundingBox": {
          "Width": 0.05747107416391373,
          "Height": 0.008311879821121693,
          "Left": 0.2032116949558258,
          "Top": 0.31804460287094116
        },
        "Polygon": [
          {
            "X": 0.20351149141788483,
            "Y": 0.31959688663482666
          },
          {
            "X": 0.26068276166915894,
            "Y": 0.31804460287094116
          },
          {
            "X": 0.26037687063217163,
            "Y": 0.3248406648635864
          },
          {
            "X": 0.2032116949558258,
            "Y": 0.3263565003871918
          }
        ]
      },
      "Id": "2b16a6e5-47a5-43e1-919d-d1ce4398445d",
      "Relationships": [
        {
          "Type": "CHILD",
          "Ids": [
            "ad023234-18ca-408b-8fb5-a94a9fa41054",
            "d0384214-5e54-47a9-acba-1da5af2ed3ed"
          ]
        }
      ],
      "Page": 1
    },
    {
      "BlockType": "LINE",
      "Confidence": 98.99675750732422,
      "Text": "entediantes usando ML",
      "Geometry": {
        "BoundingBox": {
          "Width": 0.08689463138580322,
          "Height": 0.009057844989001751,
          "Left": 0.17223425209522247,
          "Top": 0.32540738582611084
        },
        "Polygon": [
          {
            "X": 0.17253191769123077,
            "Y": 0.32769933342933655
          },
          {
            "X": 0.2591288685798645,
            "Y": 0.32540738582611084
          },
          {
            "X": 0.25882193446159363,
            "Y": 0.33222874999046326
          },
          {
            "X": 0.17223425209522247,
            "Y": 0.33446523547172546
          }
        ]
      },
      "Id": "5f3e4391-c397-429f-87ce-55c03a0f4827",
      "Relationships": [
        {
          "Type": "CHILD",
          "Ids": [
            "74a3f3be-69f1-41d7-8281-053c7569e8bf",
            "45199cae-43ca-405a-bca9-f5a8eabb8ec8",
            "36912a84-57ca-4b56-b4db-beacd64a171c"
          ]
        }
      ],
      "Page": 1
    },
    {
      "BlockType": "LINE",
      "Confidence": 97.8136215209961,
      "Text": "Habilita",
      "Geometry": {
        "BoundingBox": {
          "Width": 0.06770839542150497,
          "Height": 0.010615058243274689,
          "Left": 0.5793037414550781,
          "Top": 0.3118695318698883
        },
        "Polygon": [
          {
            "X": 0.57973313331604,
            "Y": 0.3136700689792633
          },
          {
            "X": 0.6470121145248413,
            "Y": 0.3118695318698883
          },
          {
            "X": 0.6465731859207153,
            "Y": 0.3207381069660187
          },
          {
            "X": 0.5793037414550781,
            "Y": 0.3224845826625824
          }
        ]
      },
      "Id": "8c154bea-ebf4-41ad-ba3d-0968428a7c11",
      "Relationships": [
        {
          "Type": "CHILD",
          "Ids": [
            "94850f7b-2a73-4c53-942e-eb43c6a06324"
          ]
        }
      ],
      "Page": 1
    },
    {
      "BlockType": "LINE",
      "Confidence": 99.88147735595703,
      "Text": "Experience",
      "Geometry": {
        "BoundingBox": {
          "Width": 0.08672347664833069,
          "Height": 0.017013946548104286,
          "Left": 0,
          "Top": 0.3384714126586914
        },
        "Polygon": [
          {
            "X": 0,
            "Y": 0.34072691202163696
          },
          {
            "X": 0.08672347664833069,
            "Y": 0.3384714126586914
          },
          {
            "X": 0.08608342707157135,
            "Y": 0.35335463285446167
          },
          {
            "X": 0,
            "Y": 0.35548537969589233
          }
        ]
      },
      "Id": "7c7721ca-0e7a-48ec-b467-2f8f5b4aaa5a",
      "Relationships": [
        {
          "Type": "CHILD",
          "Ids": [
            "1c808048-88fd-4178-a4e7-9b44f3bf6cfb"
          ]
        }
      ],
      "Page": 1
    },
    {
      "BlockType": "LINE",
      "Confidence": 91.35430145263672,
      "Text": "sem código para obter",
      "Geometry": {
        "BoundingBox": {
          "Width": 0.08499075472354889,
          "Height": 0.009071629494428635,
          "Left": 0.17402268946170807,
          "Top": 0.3323339819908142
        },
        "Polygon": [
          {
            "X": 0.17432576417922974,
            "Y": 0.33452051877975464
          },
          {
            "X": 0.25901344418525696,
            "Y": 0.3323339819908142
          },
          {
            "X": 0.2587011158466339,
            "Y": 0.33927422761917114
          },
          {
            "X": 0.17402268946170807,
            "Y": 0.34140560030937195
          }
        ]
      },
      "Id": "483d1811-290c-4f59-87fd-4356364086dd",
      "Relationships": [
        {
          "Type": "CHILD",
          "Ids": [
            "a380f82d-9ff4-4c57-aa1b-4d5414a98fb1",
            "3146418a-40dd-4eb1-8ace-85bb34462b23",
            "e5811d48-a22e-457a-80e6-49f0d6266e5a",
            "447b8cbc-6195-4515-a20e-8b7d0e6a0a36"
          ]
        }
      ],
      "Page": 1
    },
    {
      "BlockType": "LINE",
      "Confidence": 99.41107940673828,
      "Text": "equipes de",
      "Geometry": {
        "BoundingBox": {
          "Width": 0.08485662937164307,
          "Height": 0.012641528621315956,
          "Left": 0.5786417722702026,
          "Top": 0.3220067024230957
        },
        "Polygon": [
          {
            "X": 0.5791515111923218,
            "Y": 0.3241835832595825
          },
          {
            "X": 0.6634984016418457,
            "Y": 0.3220067024230957
          },
          {
            "X": 0.6629744172096252,
            "Y": 0.3325518071651459
          },
          {
            "X": 0.5786417722702026,
            "Y": 0.3346482515335083
          }
        ]
      },
      "Id": "576dfd3f-c1c4-4982-8ffb-0df91bb037b5",
      "Relationships": [
        {
          "Type": "CHILD",
          "Ids": [
            "4e7ff307-5c98-45e3-bfb4-33ca6f745cfd",
            "ee8f0d4c-a948-414a-b4ee-7f31917e9dae"
          ]
        }
      ],
      "Page": 1
    },
    {
      "BlockType": "LINE",
      "Confidence": 97.17697143554688,
      "Text": "os resultados desejados",
      "Geometry": {
        "BoundingBox": {
          "Width": 0.08952806890010834,
          "Height": 0.00886806845664978,
          "Left": 0.16865627467632294,
          "Top": 0.3392437994480133
        },
        "Polygon": [
          {
            "X": 0.16894736886024475,
            "Y": 0.3414902985095978
          },
          {
            "X": 0.2581843435764313,
            "Y": 0.3392437994480133
          },
          {
            "X": 0.25788387656211853,
            "Y": 0.3459213078022003
          },
          {
            "X": 0.16865627467632294,
            "Y": 0.3481118679046631
          }
        ]
      },
      "Id": "f339aaa3-f1b5-47db-a6cb-144f5a006d66",
      "Relationships": [
        {
          "Type": "CHILD",
          "Ids": [
            "d9794eaf-e066-4b1b-9565-8fa8f32c0f23",
            "8b7df774-02db-4da3-95c3-72a7a718b8ed",
            "0cea685f-0251-4e4d-99fa-d088a1a2ad31"
          ]
        }
      ],
      "Page": 1
    },
    {
      "BlockType": "LINE",
      "Confidence": 99.49478149414062,
      "Text": "com mais rapidez",
      "Geometry": {
        "BoundingBox": {
          "Width": 0.06709250807762146,
          "Height": 0.00847648736089468,
          "Left": 0.19038137793540955,
          "Top": 0.34630757570266724
        },
        "Polygon": [
          {
            "X": 0.1906837821006775,
            "Y": 0.3479449450969696
          },
          {
            "X": 0.257473886013031,
            "Y": 0.34630757570266724
          },
          {
            "X": 0.25716423988342285,
            "Y": 0.3531898260116577
          },
          {
            "X": 0.19038137793540955,
            "Y": 0.3547840714454651
          }
        ]
      },
      "Id": "2734bb00-d670-4e97-a106-92d5d0cafc96",
      "Relationships": [
        {
          "Type": "CHILD",
          "Ids": [
            "415a0e58-cf7a-4450-9c7f-9fd1f232b642",
            "99bb11cb-9e92-476d-86ce-35572ebb2dde",
            "7f8647cc-c1a0-48d4-9eef-b5e5f53ce3c9"
          ]
        }
      ],
      "Page": 1
    },
    {
      "BlockType": "LINE",
      "Confidence": 90.64070129394531,
      "Text": "negócios",
      "Geometry": {
        "BoundingBox": {
          "Width": 0.06686899811029434,
          "Height": 0.012122795917093754,
          "Left": 0.5783948302268982,
          "Top": 0.33430853486061096
        },
        "Polygon": [
          {
            "X": 0.5789054036140442,
            "Y": 0.33595025539398193
          },
          {
            "X": 0.6452637910842896,
            "Y": 0.33430853486061096
          },
          {
            "X": 0.6447420120239258,
            "Y": 0.3448529541492462
          },
          {
            "X": 0.5783948302268982,
            "Y": 0.34643131494522095
          }
        ]
      },
      "Id": "b39f987e-3f81-412d-9db0-dc6b689e1a2a",
      "Relationships": [
        {
          "Type": "CHILD",
          "Ids": [
            "1a544a7d-76a0-4323-a702-28ea2776a17a"
          ]
        }
      ],
      "Page": 1
    },
    {
      "BlockType": "LINE",
      "Confidence": 94.06993103027344,
      "Text": "2025",
      "Geometry": {
        "BoundingBox": {
          "Width": 0.03659818321466446,
          "Height": 0.012431059032678604,
          "Left": 0,
          "Top": 0.35848569869995117
        },
        "Polygon": [
          {
            "X": 0,
            "Y": 0.35936421155929565
          },
          {
            "X": 0.03659818321466446,
            "Y": 0.35848569869995117
          },
          {
            "X": 0.03610624372959137,
            "Y": 0.3700791299343109
          },
          {
            "X": 0,
            "Y": 0.3709167540073395
          }
        ]
      },
      "Id": "d4db84f6-4788-4c0a-90a7-18d39f2eeac3",
      "Relationships": [
        {
          "Type": "CHILD",
          "Ids": [
            "8e4908f6-4ab7-44a6-aa29-7d29e67b9b23"
          ]
        }
      ],
      "Page": 1
    },
    {
      "BlockType": "LINE",
      "Confidence": 92.52659606933594,
      "Text": "av",
      "Geometry": {
        "BoundingBox": {
          "Width": 0.0956733226776123,
          "Height": 0.05085582658648491,
          "Left": 0.9043266773223877,
          "Top": 0.30432936549186707
        },
        "Polygon": [
          {
            "X": 0.9068636298179626,
            "Y": 0.3068685233592987
          },
          {
            "X": 1,
            "Y": 0.30432936549186707
          },
          {
            "X": 0.9997450113296509,
            "Y": 0.3530542254447937
          },
          {
            "X": 0.9043266773223877,
            "Y": 0.3551851809024811
          }
        ]
      },
      "Id": "80679c2e-8e77-429a-8122-48c450ea720f",
      "Relationships": [
        {
          "Type": "CHILD",
          "Ids": [
            "345bd247-ff05-40fc-9126-c80c8c4ea1e4"
          ]
        }
      ],
      "Page": 1
    },
    {
      "BlockType": "LINE",
      "Confidence": 97.67642974853516,
      "Text": "Ofereça às equipes de",
      "Geometry": {
        "BoundingBox": {
          "Width": 0.11850172281265259,
          "Height": 0.01225713174790144,
          "Left": 0.5778909921646118,
          "Top": 0.3483191728591919
        },
        "Polygon": [
          {
            "X": 0.578353762626648,
            "Y": 0.35107743740081787
          },
          {
            "X": 0.6963927149772644,
            "Y": 0.3483191728591919
          },
          {
            "X": 0.6959118247032166,
            "Y": 0.35792019963264465
          },
          {
            "X": 0.5778909921646118,
            "Y": 0.3605763018131256
          }
        ]
      },
      "Id": "13513dd1-4fd0-4fba-be08-0ee02c74e94d",
      "Relationships": [
        {
          "Type": "CHILD",
          "Ids": [
            "bbb09d1b-b497-4b6b-9994-b9894f067868",
            "5ad8f282-9085-4bf8-afcd-0852c6c95382",
            "2a00697f-6ec0-41db-ab2b-b21604d201fd",
            "22df9848-99bc-4983-80b3-4b03ffa675df"
          ]
        }
      ],
      "Page": 1
    },
    {
      "BlockType": "LINE",
      "Confidence": 96.76929473876953,
      "Text": "negócios a capacidade",
      "Geometry": {
        "BoundingBox": {
          "Width": 0.12175966054201126,
          "Height": 0.0125280125066638,
          "Left": 0.5770615339279175,
          "Top": 0.3571644425392151
        },
        "Polygon": [
          {
            "X": 0.5775384902954102,
            "Y": 0.359901487827301
          },
          {
            "X": 0.6988211870193481,
            "Y": 0.3571644425392151
          },
          {
            "X": 0.6983250379562378,
            "Y": 0.36706361174583435
          },
          {
            "X": 0.5770615339279175,
            "Y": 0.36969244480133057
          }
        ]
      },
      "Id": "0a222d14-5542-4f9b-9281-26ff07e5b51f",
      "Relationships": [
        {
          "Type": "CHILD",
          "Ids": [
            "fdbc2a3b-4668-4e11-9d37-50e30b6a951e",
            "1e4e246e-3785-48d3-8d4e-79bcb1ce2fa5",
            "0d61efed-2f43-4332-8940-95b3165b1c8d"
          ]
        }
      ],
      "Page": 1
    },
    {
      "BlockType": "LINE",
      "Confidence": 86.39936828613281,
      "Text": "de ampliar O número",
      "Geometry": {
        "BoundingBox": {
          "Width": 0.11372300237417221,
          "Height": 0.011203776113688946,
          "Left": 0.5766987800598145,
          "Top": 0.3671453893184662
        },
        "Polygon": [
          {
            "X": 0.5771248936653137,
            "Y": 0.3696024417877197
          },
          {
            "X": 0.6904217600822449,
            "Y": 0.3671453893184662
          },
          {
            "X": 0.6899796724319458,
            "Y": 0.3759823739528656
          },
          {
            "X": 0.5766987800598145,
            "Y": 0.3783491551876068
          }
        ]
      },
      "Id": "a6ca9b32-ddad-4011-9b30-d069f01a3d9f",
      "Relationships": [
        {
          "Type": "CHILD",
          "Ids": [
            "2f1d6cdf-6bfa-46ad-9d19-12c41ad879b9",
            "d964172f-3d0b-4b03-a156-16189a18a410",
            "b6e559a4-6fc3-4133-bf8d-1cd3aa05d7dc",
            "29b47024-50ef-48b0-9b71-f47b665fa618"
          ]
        }
      ],
      "Page": 1
    },
    {
      "BlockType": "LINE",
      "Confidence": 99.68362426757812,
      "Text": "de pessoas que podem",
      "Geometry": {
        "BoundingBox": {
          "Width": 0.12287617474794388,
          "Height": 0.011290130205452442,
          "Left": 0.5763750076293945,
          "Top": 0.37579959630966187
        },
        "Polygon": [
          {
            "X": 0.5768004059791565,
            "Y": 0.378357857465744
          },
          {
            "X": 0.6992512345314026,
            "Y": 0.37579959630966187
          },
          {
            "X": 0.6988085508346558,
            "Y": 0.38462886214256287
          },
          {
            "X": 0.5763750076293945,
            "Y": 0.38708972930908203
          }
        ]
      },
      "Id": "89a2c3b8-5a46-48e3-ac88-b026fac6fc7c",
      "Relationships": [
        {
          "Type": "CHILD",
          "Ids": [
            "2ec1d5a2-f36d-4389-a70c-4f3e39a44212",
            "cdb77167-fc54-4f2a-bf2c-51fb82876cea",
            "729e197a-6369-4bc2-9da9-565add3b6080",
            "e96d8270-05e0-4891-9fc2-f6246e1fb0ef"
          ]
        }
      ],
      "Page": 1
    },
    {
      "BlockType": "LINE",
      "Confidence": 99.39332580566406,
      "Text": "criar insights e",
      "Geometry": {
        "BoundingBox": {
          "Width": 0.07877723127603531,
          "Height": 0.009790279902517796,
          "Left": 0.5758378505706787,
          "Top": 0.3865206241607666
        },
        "Polygon": [
          {
            "X": 0.5762383341789246,
            "Y": 0.3880888819694519
          },
          {
            "X": 0.654615044593811,
            "Y": 0.3865206241607666
          },
          {
            "X": 0.6542041301727295,
            "Y": 0.39480137825012207
          },
          {
            "X": 0.5758378505706787,
            "Y": 0.3963109254837036
          }
        ]
      },
      "Id": "1d2b4781-8f81-4ee1-99df-02aa523b5e25",
      "Relationships": [
        {
          "Type": "CHILD",
          "Ids": [
            "ac181a13-34c8-4eec-bb38-58880b91b258",
            "ac60853d-9855-4a2b-aa0d-8a00582ebf34",
            "85801d42-9fd2-4dc9-b03b-ccca9a662dbf"
          ]
        }
      ],
      "Page": 1
    },
    {
      "BlockType": "LINE",
      "Confidence": 88.2175064086914,
      "Text": "previsões",
      "Geometry": {
        "BoundingBox": {
          "Width": 0.05013095587491989,
          "Height": 0.009330502711236477,
          "Left": 0.5753677487373352,
          "Top": 0.3961966633796692
        },
        "Polygon": [
          {
            "X": 0.5757758021354675,
            "Y": 0.3971506655216217
          },
          {
            "X": 0.6254987120628357,
            "Y": 0.3961966633796692
          },
          {
            "X": 0.6250839233398438,
            "Y": 0.40461108088493347
          },
          {
            "X": 0.5753677487373352,
            "Y": 0.40552717447280884
          }
        ]
      },
      "Id": "ff05adf9-d2da-46cf-8e38-90085dc8be18",
      "Relationships": [
        {
          "Type": "CHILD",
          "Ids": [
            "844c1a37-e644-448b-be21-c60f367523b3"
          ]
        }
      ],
      "Page": 1
    },
    {
      "BlockType": "LINE",
      "Confidence": 99.00579071044922,
      "Text": "Colabore juntos",
      "Geometry": {
        "BoundingBox": {
          "Width": 0.13808894157409668,
          "Height": 0.014463928528130054,
          "Left": 0.33098527789115906,
          "Top": 0.43802693486213684
        },
        "Polygon": [
          {
            "X": 0.33155056834220886,
            "Y": 0.4401755928993225
          },
          {
            "X": 0.46907421946525574,
            "Y": 0.43802693486213684
          },
          {
            "X": 0.46848177909851074,
            "Y": 0.45049989223480225
          },
          {
            "X": 0.33098527789115906,
            "Y": 0.4524908661842346
          }
        ]
      },
      "Id": "1db9ab25-bb50-405b-9039-6074078f8c9c",
      "Relationships": [
        {
          "Type": "CHILD",
          "Ids": [
            "cdfd0c4f-a29d-4678-9b71-f46196758fea",
            "b23cb2c0-c64f-481d-90fc-cf071ca3bd64"
          ]
        }
      ],
      "Page": 1
    },
    {
      "BlockType": "WORD",
      "Confidence": 65.19485473632812,
      "Text": "laws",
      "TextType": "PRINTED",
      "Geometry": {
        "BoundingBox": {
          "Width": 0.04262995719909668,
          "Height": 0.012118843384087086,
          "Left": 0.6297661066055298,
          "Top": 0.23712636530399323
        },
        "Polygon": [
          {
            "X": 0.6302937269210815,
            "Y": 0.23853397369384766
          },
          {
            "X": 0.6723960638046265,
            "Y": 0.23712636530399323
          },
          {
            "X": 0.6718611717224121,
            "Y": 0.2478785365819931
          },
          {
            "X": 0.6297661066055298,
            "Y": 0.24924521148204803
          }
        ]
      },
      "Id": "9dee22bf-4813-4dee-ac80-a8187ac61d8b",
      "Page": 1
    },
    {
      "BlockType": "WORD",
      "Confidence": 97.98943328857422,
      "Text": "Cloud",
      "TextType": "PRINTED",
      "Geometry": {
        "BoundingBox": {
          "Width": 0.023137860000133514,
          "Height": 0.006291047669947147,
          "Left": 0.6976809501647949,
          "Top": 0.2338685244321823
        },
        "Polygon": [
          {
            "X": 0.6979573369026184,
            "Y": 0.23463621735572815
          },
          {
            "X": 0.720818817615509,
            "Y": 0.2338685244321823
          },
          {
            "X": 0.7205404043197632,
            "Y": 0.23940327763557434
          },
          {
            "X": 0.6976809501647949,
            "Y": 0.24015957117080688
          }
        ]
      },
      "Id": "da204a8c-2ab6-46c5-ae7f-d6791dc10cf1",
      "Page": 1
    },
    {
      "BlockType": "WORD",
      "Confidence": 99.19377136230469,
      "Text": "Como",
      "TextType": "PRINTED",
      "Geometry": {
        "BoundingBox": {
          "Width": 0.04773310571908951,
          "Height": 0.013071664609014988,
          "Left": 0.16159293055534363,
          "Top": 0.26280224323272705
        },
        "Polygon": [
          {
            "X": 0.16209878027439117,
            "Y": 0.264335960149765
          },
          {
            "X": 0.20932604372501373,
            "Y": 0.26280224323272705
          },
          {
            "X": 0.20881158113479614,
            "Y": 0.27439185976982117
          },
          {
            "X": 0.16159293055534363,
            "Y": 0.27587389945983887
          }
        ]
      },
      "Id": "b2227a17-178f-479c-a4bb-cbf3f16c3f78",
      "Page": 1
    },
    {
      "BlockType": "WORD",
      "Confidence": 81.10203552246094,
      "Text": "o",
      "TextType": "PRINTED",
      "Geometry": {
        "BoundingBox": {
          "Width": 0.011022303253412247,
          "Height": 0.008850986137986183,
          "Left": 0.21348600089550018,
          "Top": 0.26354941725730896
        },
        "Polygon": [
          {
            "X": 0.2138640433549881,
            "Y": 0.26389384269714355
          },
          {
            "X": 0.22450830042362213,
            "Y": 0.26354941725730896
          },
          {
            "X": 0.2241288274526596,
            "Y": 0.2720645070075989
          },
          {
            "X": 0.21348600089550018,
            "Y": 0.2724004089832306
          }
        ]
      },
      "Id": "7ec009b3-3812-41b8-9ba7-fcb4d5123bda",
      "Page": 1
    },
    {
      "BlockType": "WORD",
      "Confidence": 99.1047134399414,
      "Text": "SageMaker",
      "TextType": "PRINTED",
      "Geometry": {
        "BoundingBox": {
          "Width": 0.09793863445520401,
          "Height": 0.019963612779974937,
          "Left": 0.2284844070672989,
          "Top": 0.25363925099372864
        },
        "Polygon": [
          {
            "X": 0.22923213243484497,
            "Y": 0.2568439841270447
          },
          {
            "X": 0.3264230489730835,
            "Y": 0.25363925099372864
          },
          {
            "X": 0.3256494402885437,
            "Y": 0.27055156230926514
          },
          {
            "X": 0.2284844070672989,
            "Y": 0.2736028730869293
          }
        ]
      },
      "Id": "a308ea03-1a06-417b-9a41-5d7f75ca8cb0",
      "Page": 1
    },
    {
      "BlockType": "WORD",
      "Confidence": 99.68354797363281,
      "Text": "Canvas",
      "TextType": "PRINTED",
      "Geometry": {
        "BoundingBox": {
          "Width": 0.06387989968061447,
          "Height": 0.013597577810287476,
          "Left": 0.331144779920578,
          "Top": 0.2510465085506439
        },
        "Polygon": [
          {
            "X": 0.3316718339920044,
            "Y": 0.25313740968704224
          },
          {
            "X": 0.39502468705177307,
            "Y": 0.2510465085506439
          },
          {
            "X": 0.39448603987693787,
            "Y": 0.2626211941242218
          },
          {
            "X": 0.331144779920578,
            "Y": 0.2646440863609314
          }
        ]
      },
      "Id": "a405c423-a118-4c18-b73d-34fa38b59f28",
      "Page": 1
    },
    {
      "BlockType": "WORD",
      "Confidence": 99.77159118652344,
      "Text": "da",
      "TextType": "PRINTED",
      "Geometry": {
        "BoundingBox": {
          "Width": 0.02208993025124073,
          "Height": 0.012664084322750568,
          "Left": 0.4005786180496216,
          "Top": 0.24755531549453735
        },
        "Polygon": [
          {
            "X": 0.40113547444343567,
            "Y": 0.24827110767364502
          },
          {
            "X": 0.42266854643821716,
            "Y": 0.24755531549453735
          },
          {
            "X": 0.4221075773239136,
            "Y": 0.25952744483947754
          },
          {
            "X": 0.4005786180496216,
            "Y": 0.26021939516067505
          }
        ]
      },
      "Id": "edbcf8e3-f11e-4b83-8ea4-045b0fd2b0c1",
      "Page": 1
    },
    {
      "BlockType": "WORD",
      "Confidence": 99.54499816894531,
      "Text": "poder",
      "TextType": "PRINTED",
      "Geometry": {
        "BoundingBox": {
          "Width": 0.057227276265621185,
          "Height": 0.01764071173965931,
          "Left": 0.428585022687912,
          "Top": 0.24344971776008606
        },
        "Polygon": [
          {
            "X": 0.42932432889938354,
            "Y": 0.2453378587961197
          },
          {
            "X": 0.48581230640411377,
            "Y": 0.24344971776008606
          },
          {
            "X": 0.48505881428718567,
            "Y": 0.2592845857143402
          },
          {
            "X": 0.428585022687912,
            "Y": 0.2610904276371002
          }
        ]
      },
      "Id": "b098620a-3fac-4469-8a86-68d1c065ab26",
      "Page": 1
    },
    {
      "BlockType": "WORD",
      "Confidence": 99.84007263183594,
      "Text": "a",
      "TextType": "PRINTED",
      "Geometry": {
        "BoundingBox": {
          "Width": 0.010645056143403053,
          "Height": 0.009662243537604809,
          "Left": 0.49074336886405945,
          "Top": 0.24502970278263092
        },
        "Polygon": [
          {
            "X": 0.49118760228157043,
            "Y": 0.24536870419979095
          },
          {
            "X": 0.501388430595398,
            "Y": 0.24502970278263092
          },
          {
            "X": 0.5009426474571228,
            "Y": 0.25436168909072876
          },
          {
            "X": 0.49074336886405945,
            "Y": 0.2546919584274292
          }
        ]
      },
      "Id": "421d4dab-a516-464e-8b24-63eb01754327",
      "Page": 1
    },
    {
      "BlockType": "WORD",
      "Confidence": 99.38050079345703,
      "Text": "equipes",
      "TextType": "PRINTED",
      "Geometry": {
        "BoundingBox": {
          "Width": 0.0778186097741127,
          "Height": 0.01814824342727661,
          "Left": 0.5080496668815613,
          "Top": 0.23782837390899658
        },
        "Polygon": [
          {
            "X": 0.5087940096855164,
            "Y": 0.24042053520679474
          },
          {
            "X": 0.585868239402771,
            "Y": 0.23782837390899658
          },
          {
            "X": 0.5851046442985535,
            "Y": 0.2534945011138916
          },
          {
            "X": 0.5080496668815613,
            "Y": 0.2559766173362732
          }
        ]
      },
      "Id": "6f5ae8a8-8466-4a7c-93ca-7c29c4be12cd",
      "Page": 1
    },
    {
      "BlockType": "WORD",
      "Confidence": 99.41719818115234,
      "Text": "Experience",
      "TextType": "PRINTED",
      "Geometry": {
        "BoundingBox": {
          "Width": 0.0437079481780529,
          "Height": 0.007848653942346573,
          "Left": 0.6969797015190125,
          "Top": 0.2398209422826767
        },
        "Polygon": [
          {
            "X": 0.6973008513450623,
            "Y": 0.24125216901302338
          },
          {
            "X": 0.7406876683235168,
            "Y": 0.2398209422826767
          },
          {
            "X": 0.7403621077537537,
            "Y": 0.2462635040283203
          },
          {
            "X": 0.6969797015190125,
            "Y": 0.24766959249973297
          }
        ]
      },
      "Id": "d108c733-232c-4d8d-a793-9c65e6765101",
      "Page": 1
    },
    {
      "BlockType": "WORD",
      "Confidence": 99.89732360839844,
      "Text": "2025",
      "TextType": "PRINTED",
      "Geometry": {
        "BoundingBox": {
          "Width": 0.019652826711535454,
          "Height": 0.005782230757176876,
          "Left": 0.6971774101257324,
          "Top": 0.24841472506523132
        },
        "Polygon": [
          {
            "X": 0.6974354386329651,
            "Y": 0.24904093146324158
          },
          {
            "X": 0.7168301939964294,
            "Y": 0.24841472506523132
          },
          {
            "X": 0.7165706157684326,
            "Y": 0.2535797953605652
          },
          {
            "X": 0.6971774101257324,
            "Y": 0.25419697165489197
          }
        ]
      },
      "Id": "01de62d1-d5a2-46e5-8b7c-1690f24f1489",
      "Page": 1
    },
    {
      "BlockType": "WORD",
      "Confidence": 99.44750213623047,
      "Text": "Acelere",
      "TextType": "PRINTED",
      "Geometry": {
        "BoundingBox": {
          "Width": 0.0479259192943573,
          "Height": 0.00903103407472372,
          "Left": 0.19935102760791779,
          "Top": 0.29853102564811707
        },
        "Polygon": [
          {
            "X": 0.19968992471694946,
            "Y": 0.2999116778373718
          },
          {
            "X": 0.24727696180343628,
            "Y": 0.29853102564811707
          },
          {
            "X": 0.24693231284618378,
            "Y": 0.306215763092041
          },
          {
            "X": 0.19935102760791779,
            "Y": 0.30756205320358276
          }
        ]
      },
      "Id": "0fa33017-330b-464e-85e6-f862fb965f69",
      "Page": 1
    },
    {
      "BlockType": "WORD",
      "Confidence": 99.78685760498047,
      "Text": "as",
      "TextType": "PRINTED",
      "Geometry": {
        "BoundingBox": {
          "Width": 0.013486641459167004,
          "Height": 0.006183349061757326,
          "Left": 0.2542094588279724,
          "Top": 0.29884693026542664
        },
        "Polygon": [
          {
            "X": 0.2544701099395752,
            "Y": 0.29922953248023987
          },
          {
            "X": 0.2676961123943329,
            "Y": 0.29884693026542664
          },
          {
            "X": 0.2674342691898346,
            "Y": 0.3046548664569855
          },
          {
            "X": 0.2542094588279724,
            "Y": 0.3050302565097809
          }
        ]
      },
      "Id": "a8f62395-c5ba-4db2-a056-61f0718f178c",
      "Page": 1
    },
    {
      "BlockType": "WORD",
      "Confidence": 99.24066925048828,
      "Text": "equipes",
      "TextType": "PRINTED",
      "Geometry": {
        "BoundingBox": {
          "Width": 0.04597119614481926,
          "Height": 0.010185057297348976,
          "Left": 0.15861615538597107,
          "Top": 0.3109150230884552
        },
        "Polygon": [
          {
            "X": 0.15900669991970062,
            "Y": 0.3121896982192993
          },
          {
            "X": 0.20458735525608063,
            "Y": 0.3109150230884552
          },
          {
            "X": 0.20419038832187653,
            "Y": 0.319863885641098
          },
          {
            "X": 0.15861615538597107,
            "Y": 0.3211000859737396
          }
        ]
      },
      "Id": "0ff95366-70b2-48f8-b9e5-fe06864148c7",
      "Page": 1
    },
    {
      "BlockType": "WORD",
      "Confidence": 99.83048248291016,
      "Text": "de",
      "TextType": "PRINTED",
      "Geometry": {
        "BoundingBox": {
          "Width": 0.013526376336812973,
          "Height": 0.007711063139140606,
          "Left": 0.2119799256324768,
          "Top": 0.30945879220962524
        },
        "Polygon": [
          {
            "X": 0.2123062014579773,
            "Y": 0.3098289966583252
          },
          {
            "X": 0.22550629079341888,
            "Y": 0.30945879220962524
          },
          {
            "X": 0.22517848014831543,
            "Y": 0.3168087601661682
          },
          {
            "X": 0.2119799256324768,
            "Y": 0.31716984510421753
          }
        ]
      },
      "Id": "275a5139-2086-4523-bc41-2dc3971fb905",
      "Page": 1
    },
    {
      "BlockType": "WORD",
      "Confidence": 99.5822525024414,
      "Text": "dados",
      "TextType": "PRINTED",
      "Geometry": {
        "BoundingBox": {
          "Width": 0.03420056030154228,
          "Height": 0.008564417250454426,
          "Left": 0.23237760365009308,
          "Top": 0.3074517548084259
        },
        "Polygon": [
          {
            "X": 0.23271773755550385,
            "Y": 0.3084041476249695
          },
          {
            "X": 0.26657816767692566,
            "Y": 0.3074517548084259
          },
          {
            "X": 0.2662339508533478,
            "Y": 0.31508803367614746
          },
          {
            "X": 0.23237760365009308,
            "Y": 0.31601619720458984
          }
        ]
      },
      "Id": "6806cdcd-e537-4cf2-9065-1efc02b748f9",
      "Page": 1
    },
    {
      "BlockType": "WORD",
      "Confidence": 99.65686798095703,
      "Text": "Cloud",
      "TextType": "PRINTED",
      "Geometry": {
        "BoundingBox": {
          "Width": 0.04770441725850105,
          "Height": 0.014108308590948582,
          "Left": 0.0010356007842347026,
          "Top": 0.3212219476699829
        },
        "Polygon": [
          {
            "X": 0.001573982764966786,
            "Y": 0.3225141763687134
          },
          {
            "X": 0.04874001815915108,
            "Y": 0.3212219476699829
          },
          {
            "X": 0.04819215461611748,
            "Y": 0.33409613370895386
          },
          {
            "X": 0.0010356007842347026,
            "Y": 0.3353302478790283
          }
        ]
      },
      "Id": "94e59b03-36f9-4141-b145-f5e9ddc779b3",
      "Page": 1
    },
    {
      "BlockType": "WORD",
      "Confidence": 99.51409912109375,
      "Text": "Acelere",
      "TextType": "PRINTED",
      "Geometry": {
        "BoundingBox": {
          "Width": 0.029112450778484344,
          "Height": 0.00677409116178751,
          "Left": 0.2032116949558258,
          "Top": 0.31958240270614624
        },
        "Polygon": [
          {
            "X": 0.20347748696804047,
            "Y": 0.3203635513782501
          },
          {
            "X": 0.23232415318489075,
            "Y": 0.31958240270614624
          },
          {
            "X": 0.23205561935901642,
            "Y": 0.32559165358543396
          },
          {
            "X": 0.2032116949558258,
            "Y": 0.3263565003871918
          }
        ]
      },
      "Id": "ad023234-18ca-408b-8fb5-a94a9fa41054",
      "Page": 1
    },
    {
      "BlockType": "WORD",
      "Confidence": 99.22329711914062,
      "Text": "tarefas",
      "TextType": "PRINTED",
      "Geometry": {
        "BoundingBox": {
          "Width": 0.027301764115691185,
          "Height": 0.006645057816058397,
          "Left": 0.2333810031414032,
          "Top": 0.31804460287094116
        },
        "Polygon": [
          {
            "X": 0.2336452305316925,
            "Y": 0.31877872347831726
          },
          {
            "X": 0.26068276166915894,
            "Y": 0.31804460287094116
          },
          {
            "X": 0.26041603088378906,
            "Y": 0.32397058606147766
          },
          {
            "X": 0.2333810031414032,
            "Y": 0.324689656496048
          }
        ]
      },
      "Id": "d0384214-5e54-47a9-acba-1da5af2ed3ed",
      "Page": 1
    },
    {
      "BlockType": "WORD",
      "Confidence": 98.25808715820312,
      "Text": "entediantes",
      "TextType": "PRINTED",
      "Geometry": {
        "BoundingBox": {
          "Width": 0.04398909583687782,
          "Height": 0.007040486205369234,
          "Left": 0.17223425209522247,
          "Top": 0.3274247646331787
        },
        "Polygon": [
          {
            "X": 0.17249323427677155,
            "Y": 0.32857853174209595
          },
          {
            "X": 0.21622334420681,
            "Y": 0.3274247646331787
          },
          {
            "X": 0.2159602791070938,
            "Y": 0.333335816860199
          },
          {
            "X": 0.17223425209522247,
            "Y": 0.33446523547172546
          }
        ]
      },
      "Id": "74a3f3be-69f1-41d7-8281-053c7569e8bf",
      "Page": 1
    },
    {
      "BlockType": "WORD",
      "Confidence": 99.1263198852539,
      "Text": "usando",
      "TextType": "PRINTED",
      "Geometry": {
        "BoundingBox": {
          "Width": 0.028473053127527237,
          "Height": 0.006640596315264702,
          "Left": 0.21753402054309845,
          "Top": 0.32575467228889465
        },
        "Polygon": [
          {
            "X": 0.2177964150905609,
            "Y": 0.32650133967399597
          },
          {
            "X": 0.2460070699453354,
            "Y": 0.32575467228889465
          },
          {
            "X": 0.2457420378923416,
            "Y": 0.3316642940044403
          },
          {
            "X": 0.21753402054309845,
            "Y": 0.3323952853679657
          }
        ]
      },
      "Id": "45199cae-43ca-405a-bca9-f5a8eabb8ec8",
      "Page": 1
    },
    {
      "BlockType": "WORD",
      "Confidence": 99.60587310791016,
      "Text": "ML",
      "TextType": "PRINTED",
      "Geometry": {
        "BoundingBox": {
          "Width": 0.011112154461443424,
          "Height": 0.0057161422446370125,
          "Left": 0.24801288545131683,
          "Top": 0.3254927098751068
        },
        "Polygon": [
          {
            "X": 0.24825648963451385,
            "Y": 0.3257802724838257
          },
          {
            "X": 0.2591250538825989,
            "Y": 0.3254927098751068
          },
          {
            "X": 0.25888049602508545,
            "Y": 0.3309268355369568
          },
          {
            "X": 0.24801288545131683,
            "Y": 0.33120885491371155
          }
        ]
      },
      "Id": "36912a84-57ca-4b56-b4db-beacd64a171c",
      "Page": 1
    },
    {
      "BlockType": "WORD",
      "Confidence": 97.8136215209961,
      "Text": "Habilita",
      "TextType": "PRINTED",
      "Geometry": {
        "BoundingBox": {
          "Width": 0.06770839542150497,
          "Height": 0.010615058243274689,
          "Left": 0.5793037414550781,
          "Top": 0.3118695318698883
        },
        "Polygon": [
          {
            "X": 0.57973313331604,
            "Y": 0.3136700689792633
          },
          {
            "X": 0.6470121145248413,
            "Y": 0.3118695318698883
          },
          {
            "X": 0.6465731859207153,
            "Y": 0.3207381069660187
          },
          {
            "X": 0.5793037414550781,
            "Y": 0.3224845826625824
          }
        ]
      },
      "Id": "94850f7b-2a73-4c53-942e-eb43c6a06324",
      "Page": 1
    },
    {
      "BlockType": "WORD",
      "Confidence": 99.88147735595703,
      "Text": "Experience",
      "TextType": "PRINTED",
      "Geometry": {
        "BoundingBox": {
          "Width": 0.08672347664833069,
          "Height": 0.017013946548104286,
          "Left": 0,
          "Top": 0.3384714126586914
        },
        "Polygon": [
          {
            "X": 0,
            "Y": 0.34072691202163696
          },
          {
            "X": 0.08672347664833069,
            "Y": 0.3384714126586914
          },
          {
            "X": 0.08608342707157135,
            "Y": 0.35335463285446167
          },
          {
            "X": 0,
            "Y": 0.35548537969589233
          }
        ]
      },
      "Id": "1c808048-88fd-4178-a4e7-9b44f3bf6cfb",
      "Page": 1
    },
    {
      "BlockType": "WORD",
      "Confidence": 99.41912841796875,
      "Text": "sem",
      "TextType": "PRINTED",
      "Geometry": {
        "BoundingBox": {
          "Width": 0.014961727894842625,
          "Height": 0.004839855711907148,
          "Left": 0.17403408885002136,
          "Top": 0.3363068699836731
        },
        "Polygon": [
          {
            "X": 0.17423048615455627,
            "Y": 0.33668509125709534
          },
          {
            "X": 0.188995823264122,
            "Y": 0.3363068699836731
          },
          {
            "X": 0.18879838287830353,
            "Y": 0.3407747447490692
          },
          {
            "X": 0.17403408885002136,
            "Y": 0.3411467373371124
          }
        ]
      },
      "Id": "a380f82d-9ff4-4c57-aa1b-4d5414a98fb1",
      "Page": 1
    },
    {
      "BlockType": "WORD",
      "Confidence": 67.18840026855469,
      "Text": "código",
      "TextType": "PRINTED",
      "Geometry": {
        "BoundingBox": {
          "Width": 0.025205781683325768,
          "Height": 0.0069291722029447556,
          "Left": 0.19122819602489471,
          "Top": 0.33404335379600525
        },
        "Polygon": [
          {
            "X": 0.19150619208812714,
            "Y": 0.3346855342388153
          },
          {
            "X": 0.21643397212028503,
            "Y": 0.33404335379600525
          },
          {
            "X": 0.21615348756313324,
            "Y": 0.3403451442718506
          },
          {
            "X": 0.19122819602489471,
            "Y": 0.34097254276275635
          }
        ]
      },
      "Id": "3146418a-40dd-4eb1-8ace-85bb34462b23",
      "Page": 1
    },
    {
      "BlockType": "WORD",
      "Confidence": 99.54440307617188,
      "Text": "para",
      "TextType": "PRINTED",
      "Geometry": {
        "BoundingBox": {
          "Width": 0.0179121196269989,
          "Height": 0.006165227387100458,
          "Left": 0.2184159904718399,
          "Top": 0.33385688066482544
        },
        "Polygon": [
          {
            "X": 0.2186703234910965,
            "Y": 0.33431124687194824
          },
          {
            "X": 0.2363281100988388,
            "Y": 0.33385688066482544
          },
          {
            "X": 0.23607218265533447,
            "Y": 0.33957725763320923
          },
          {
            "X": 0.2184159904718399,
            "Y": 0.34002211689949036
          }
        ]
      },
      "Id": "e5811d48-a22e-457a-80e6-49f0d6266e5a",
      "Page": 1
    },
    {
      "BlockType": "WORD",
      "Confidence": 99.26528930664062,
      "Text": "obter",
      "TextType": "PRINTED",
      "Geometry": {
        "BoundingBox": {
          "Width": 0.02121485210955143,
          "Height": 0.006129489280283451,
          "Left": 0.23779860138893127,
          "Top": 0.3323339819908142
        },
        "Polygon": [
          {
            "X": 0.23804871737957,
            "Y": 0.3328752815723419
          },
          {
            "X": 0.25901344418525696,
            "Y": 0.3323339819908142
          },
          {
            "X": 0.258761465549469,
            "Y": 0.33793318271636963
          },
          {
            "X": 0.23779860138893127,
            "Y": 0.3384634554386139
          }
        ]
      },
      "Id": "447b8cbc-6195-4515-a20e-8b7d0e6a0a36",
      "Page": 1
    },
    {
      "BlockType": "WORD",
      "Confidence": 98.99057006835938,
      "Text": "equipes",
      "TextType": "PRINTED",
      "Geometry": {
        "BoundingBox": {
          "Width": 0.05934176221489906,
          "Height": 0.011391553096473217,
          "Left": 0.5786417722702026,
          "Top": 0.3232567012310028
        },
        "Polygon": [
          {
            "X": 0.5791228413581848,
            "Y": 0.3247726559638977
          },
          {
            "X": 0.637983500957489,
            "Y": 0.3232567012310028
          },
          {
            "X": 0.6374930739402771,
            "Y": 0.33318525552749634
          },
          {
            "X": 0.5786417722702026,
            "Y": 0.3346482515335083
          }
        ]
      },
      "Id": "4e7ff307-5c98-45e3-bfb4-33ca6f745cfd",
      "Page": 1
    },
    {
      "BlockType": "WORD",
      "Confidence": 99.83159637451172,
      "Text": "de",
      "TextType": "PRINTED",
      "Geometry": {
        "BoundingBox": {
          "Width": 0.0167927797883749,
          "Height": 0.008752233348786831,
          "Left": 0.6467056274414062,
          "Top": 0.3220067024230957
        },
        "Polygon": [
          {
            "X": 0.6471179127693176,
            "Y": 0.32242947816848755
          },
          {
            "X": 0.6634984016418457,
            "Y": 0.3220067024230957
          },
          {
            "X": 0.6630838513374329,
            "Y": 0.33034855127334595
          },
          {
            "X": 0.6467056274414062,
            "Y": 0.3307589590549469
          }
        ]
      },
      "Id": "ee8f0d4c-a948-414a-b4ee-7f31917e9dae",
      "Page": 1
    },
    {
      "BlockType": "WORD",
      "Confidence": 93.27355194091797,
      "Text": "os",
      "TextType": "PRINTED",
      "Geometry": {
        "BoundingBox": {
          "Width": 0.008185457438230515,
          "Height": 0.004532093647867441,
          "Left": 0.16865627467632294,
          "Top": 0.34357979893684387
        },
        "Polygon": [
          {
            "X": 0.1688467413187027,
            "Y": 0.3437793254852295
          },
          {
            "X": 0.17684173583984375,
            "Y": 0.34357979893684387
          },
          {
            "X": 0.176650732755661,
            "Y": 0.3479156196117401
          },
          {
            "X": 0.16865627467632294,
            "Y": 0.3481118679046631
          }
        ]
      },
      "Id": "d9794eaf-e066-4b1b-9565-8fa8f32c0f23",
      "Page": 1
    },
    {
      "BlockType": "WORD",
      "Confidence": 99.28677368164062,
      "Text": "resultados",
      "TextType": "PRINTED",
      "Geometry": {
        "BoundingBox": {
          "Width": 0.03947725519537926,
          "Height": 0.006597318686544895,
          "Left": 0.17888878285884857,
          "Top": 0.34102654457092285
        },
        "Polygon": [
          {
            "X": 0.17913618683815002,
            "Y": 0.3420112729072571
          },
          {
            "X": 0.21836604177951813,
            "Y": 0.34102654457092285
          },
          {
            "X": 0.2181151658296585,
            "Y": 0.34665998816490173
          },
          {
            "X": 0.17888878285884857,
            "Y": 0.34762388467788696
          }
        ]
      },
      "Id": "8b7df774-02db-4da3-95c3-72a7a718b8ed",
      "Page": 1
    },
    {
      "BlockType": "WORD",
      "Confidence": 98.9706039428711,
      "Text": "desejados",
      "TextType": "PRINTED",
      "Geometry": {
        "BoundingBox": {
          "Width": 0.037675224244594574,
          "Height": 0.007395477965474129,
          "Left": 0.2205091267824173,
          "Top": 0.3392437994480133
        },
        "Polygon": [
          {
            "X": 0.22079673409461975,
            "Y": 0.3401850163936615
          },
          {
            "X": 0.2581843435764313,
            "Y": 0.3392437994480133
          },
          {
            "X": 0.257892906665802,
            "Y": 0.3457207977771759
          },
          {
            "X": 0.2205091267824173,
            "Y": 0.3466392755508423
          }
        ]
      },
      "Id": "0cea685f-0251-4e4d-99fa-d088a1a2ad31",
      "Page": 1
    },
    {
      "BlockType": "WORD",
      "Confidence": 99.31471252441406,
      "Text": "com",
      "TextType": "PRINTED",
      "Geometry": {
        "BoundingBox": {
          "Width": 0.01578284241259098,
          "Height": 0.004951949696987867,
          "Left": 0.19040648639202118,
          "Top": 0.3492644131183624
        },
        "Polygon": [
          {
            "X": 0.1906086504459381,
            "Y": 0.34964388608932495
          },
          {
            "X": 0.2061893194913864,
            "Y": 0.3492644131183624
          },
          {
            "X": 0.20598602294921875,
            "Y": 0.3538435995578766
          },
          {
            "X": 0.19040648639202118,
            "Y": 0.3542163670063019
          }
        ]
      },
      "Id": "415a0e58-cf7a-4450-9c7f-9fd1f232b642",
      "Page": 1
    },
    {
      "BlockType": "WORD",
      "Confidence": 99.74535369873047,
      "Text": "mais",
      "TextType": "PRINTED",
      "Geometry": {
        "BoundingBox": {
          "Width": 0.017654716968536377,
          "Height": 0.005900958552956581,
          "Left": 0.20853136479854584,
          "Top": 0.34761419892311096
        },
        "Polygon": [
          {
            "X": 0.208774596452713,
            "Y": 0.3480401635169983
          },
          {
            "X": 0.22618608176708221,
            "Y": 0.34761419892311096
          },
          {
            "X": 0.22594133019447327,
            "Y": 0.35309818387031555
          },
          {
            "X": 0.20853136479854584,
            "Y": 0.3535151779651642
          }
        ]
      },
      "Id": "99bb11cb-9e92-476d-86ce-35572ebb2dde",
      "Page": 1
    },
    {
      "BlockType": "WORD",
      "Confidence": 99.42427062988281,
      "Text": "rapidez",
      "TextType": "PRINTED",
      "Geometry": {
        "BoundingBox": {
          "Width": 0.029248176142573357,
          "Height": 0.007573068607598543,
          "Left": 0.2282257080078125,
          "Top": 0.34630757570266724
        },
        "Polygon": [
          {
            "X": 0.22853219509124756,
            "Y": 0.3470170795917511
          },
          {
            "X": 0.257473886013031,
            "Y": 0.34630757570266724
          },
          {
            "X": 0.25716423988342285,
            "Y": 0.3531898260116577
          },
          {
            "X": 0.2282257080078125,
            "Y": 0.3538806438446045
          }
        ]
      },
      "Id": "7f8647cc-c1a0-48d4-9eef-b5e5f53ce3c9",
      "Page": 1
    },
    {
      "BlockType": "WORD",
      "Confidence": 90.64070129394531,
      "Text": "negócios",
      "TextType": "PRINTED",
      "Geometry": {
        "BoundingBox": {
          "Width": 0.06686899811029434,
          "Height": 0.012122795917093754,
          "Left": 0.5783948302268982,
          "Top": 0.33430853486061096
        },
        "Polygon": [
          {
            "X": 0.5789054036140442,
            "Y": 0.33595025539398193
          },
          {
            "X": 0.6452637910842896,
            "Y": 0.33430853486061096
          },
          {
            "X": 0.6447420120239258,
            "Y": 0.3448529541492462
          },
          {
            "X": 0.5783948302268982,
            "Y": 0.34643131494522095
          }
        ]
      },
      "Id": "1a544a7d-76a0-4323-a702-28ea2776a17a",
      "Page": 1
    },
    {
      "BlockType": "WORD",
      "Confidence": 94.06993103027344,
      "Text": "2025",
      "TextType": "PRINTED",
      "Geometry": {
        "BoundingBox": {
          "Width": 0.03659818321466446,
          "Height": 0.012431059032678604,
          "Left": 0,
          "Top": 0.35848569869995117
        },
        "Polygon": [
          {
            "X": 0,
            "Y": 0.35936421155929565
          },
          {
            "X": 0.03659818321466446,
            "Y": 0.35848569869995117
          },
          {
            "X": 0.03610624372959137,
            "Y": 0.3700791299343109
          },
          {
            "X": 0,
            "Y": 0.3709167540073395
          }
        ]
      },
      "Id": "8e4908f6-4ab7-44a6-aa29-7d29e67b9b23",
      "Page": 1
    },
    {
      "BlockType": "WORD",
      "Confidence": 92.52659606933594,
      "Text": "av",
      "TextType": "PRINTED",
      "Geometry": {
        "BoundingBox": {
          "Width": 0.0956733226776123,
          "Height": 0.05085582658648491,
          "Left": 0.9043266773223877,
          "Top": 0.30432936549186707
        },
        "Polygon": [
          {
            "X": 0.9068636298179626,
            "Y": 0.3068685233592987
          },
          {
            "X": 1,
            "Y": 0.30432936549186707
          },
          {
            "X": 0.9997450113296509,
            "Y": 0.3530542254447937
          },
          {
            "X": 0.9043266773223877,
            "Y": 0.3551851809024811
          }
        ]
      },
      "Id": "345bd247-ff05-40fc-9126-c80c8c4ea1e4",
      "Page": 1
    },
    {
      "BlockType": "WORD",
      "Confidence": 93.7686996459961,
      "Text": "Ofereça",
      "TextType": "PRINTED",
      "Geometry": {
        "BoundingBox": {
          "Width": 0.0415634885430336,
          "Height": 0.009278379380702972,
          "Left": 0.5778909921646118,
          "Top": 0.35129791498184204
        },
        "Polygon": [
          {
            "X": 0.5782963633537292,
            "Y": 0.35225528478622437
          },
          {
            "X": 0.6194544434547424,
            "Y": 0.35129791498184204
          },
          {
            "X": 0.6190435886383057,
            "Y": 0.3596501350402832
          },
          {
            "X": 0.5778909921646118,
            "Y": 0.3605763018131256
          }
        ]
      },
      "Id": "bbb09d1b-b497-4b6b-9994-b9894f067868",
      "Page": 1
    },
    {
      "BlockType": "WORD",
      "Confidence": 97.61849212646484,
      "Text": "às",
      "TextType": "PRINTED",
      "Geometry": {
        "BoundingBox": {
          "Width": 0.011603248305618763,
          "Height": 0.007429920602589846,
          "Left": 0.6219746470451355,
          "Top": 0.35063621401786804
        },
        "Polygon": [
          {
            "X": 0.6223275065422058,
            "Y": 0.35089823603630066
          },
          {
            "X": 0.6335778832435608,
            "Y": 0.35063621401786804
          },
          {
            "X": 0.6332237124443054,
            "Y": 0.35781142115592957
          },
          {
            "X": 0.6219746470451355,
            "Y": 0.3580661416053772
          }
        ]
      },
      "Id": "5ad8f282-9085-4bf8-afcd-0852c6c95382",
      "Page": 1
    },
    {
      "BlockType": "WORD",
      "Confidence": 99.45303344726562,
      "Text": "equipes",
      "TextType": "PRINTED",
      "Geometry": {
        "BoundingBox": {
          "Width": 0.04275602847337723,
          "Height": 0.009581325575709343,
          "Left": 0.6368235945701599,
          "Top": 0.349079966545105
        },
        "Polygon": [
          {
            "X": 0.6372480988502502,
            "Y": 0.35006773471832275
          },
          {
            "X": 0.6795796155929565,
            "Y": 0.349079966545105
          },
          {
            "X": 0.6791492104530334,
            "Y": 0.3577064871788025
          },
          {
            "X": 0.6368235945701599,
            "Y": 0.3586612939834595
          }
        ]
      },
      "Id": "2a00697f-6ec0-41db-ab2b-b21604d201fd",
      "Page": 1
    },
    {
      "BlockType": "WORD",
      "Confidence": 99.86548614501953,
      "Text": "de",
      "TextType": "PRINTED",
      "Geometry": {
        "BoundingBox": {
          "Width": 0.013482041656970978,
          "Height": 0.007066863123327494,
          "Left": 0.682910680770874,
          "Top": 0.3483191728591919
        },
        "Polygon": [
          {
            "X": 0.6832482218742371,
            "Y": 0.3486263155937195
          },
          {
            "X": 0.6963927149772644,
            "Y": 0.3483191728591919
          },
          {
            "X": 0.696053683757782,
            "Y": 0.35508689284324646
          },
          {
            "X": 0.682910680770874,
            "Y": 0.35538601875305176
          }
        ]
      },
      "Id": "22df9848-99bc-4983-80b3-4b03ffa675df",
      "Page": 1
    },
    {
      "BlockType": "WORD",
      "Confidence": 91.5213623046875,
      "Text": "negócios",
      "TextType": "PRINTED",
      "Geometry": {
        "BoundingBox": {
          "Width": 0.0470413900911808,
          "Height": 0.00924268551170826,
          "Left": 0.5770615339279175,
          "Top": 0.36044976115226746
        },
        "Polygon": [
          {
            "X": 0.5774608254432678,
            "Y": 0.36149561405181885
          },
          {
            "X": 0.6241028904914856,
            "Y": 0.36044976115226746
          },
          {
            "X": 0.6236974596977234,
            "Y": 0.3686814308166504
          },
          {
            "X": 0.5770615339279175,
            "Y": 0.36969244480133057
          }
        ]
      },
      "Id": "fdbc2a3b-4668-4e11-9d37-50e30b6a951e",
      "Page": 1
    },
    {
      "BlockType": "WORD",
      "Confidence": 99.69507598876953,
      "Text": "a",
      "TextType": "PRINTED",
      "Geometry": {
        "BoundingBox": {
          "Width": 0.006638610269874334,
          "Height": 0.0056507340632379055,
          "Left": 0.6268248558044434,
          "Top": 0.3612344264984131
        },
        "Polygon": [
          {
            "X": 0.6270963549613953,
            "Y": 0.3613766133785248
          },
          {
            "X": 0.633463442325592,
            "Y": 0.3612344264984131
          },
          {
            "X": 0.6331913471221924,
            "Y": 0.36674612760543823
          },
          {
            "X": 0.6268248558044434,
            "Y": 0.36688515543937683
          }
        ]
      },
      "Id": "1e4e246e-3785-48d3-8d4e-79bcb1ce2fa5",
      "Page": 1
    },
    {
      "BlockType": "WORD",
      "Confidence": 99.09146118164062,
      "Text": "capacidade",
      "TextType": "PRINTED",
      "Geometry": {
        "BoundingBox": {
          "Width": 0.0622035451233387,
          "Height": 0.01097562164068222,
          "Left": 0.6366176605224609,
          "Top": 0.3571644425392151
        },
        "Polygon": [
          {
            "X": 0.6370911002159119,
            "Y": 0.3585575222969055
          },
          {
            "X": 0.6988211870193481,
            "Y": 0.3571644425392151
          },
          {
            "X": 0.6983382105827332,
            "Y": 0.36680057644844055
          },
          {
            "X": 0.6366176605224609,
            "Y": 0.3681400716304779
          }
        ]
      },
      "Id": "0d61efed-2f43-4332-8940-95b3165b1c8d",
      "Page": 1
    },
    {
      "BlockType": "WORD",
      "Confidence": 99.89823913574219,
      "Text": "de",
      "TextType": "PRINTED",
      "Geometry": {
        "BoundingBox": {
          "Width": 0.012733271345496178,
          "Height": 0.006620579864829779,
          "Left": 0.5767459273338318,
          "Top": 0.3707605004310608
        },
        "Polygon": [
          {
            "X": 0.5770553946495056,
            "Y": 0.371028333902359
          },
          {
            "X": 0.5894792079925537,
            "Y": 0.3707605004310608
          },
          {
            "X": 0.5891684889793396,
            "Y": 0.3771204650402069
          },
          {
            "X": 0.5767459273338318,
            "Y": 0.3773810863494873
          }
        ]
      },
      "Id": "2f1d6cdf-6bfa-46ad-9d19-12c41ad879b9",
      "Page": 1
    },
    {
      "BlockType": "WORD",
      "Confidence": 97.77183532714844,
      "Text": "ampliar",
      "TextType": "PRINTED",
      "Geometry": {
        "BoundingBox": {
          "Width": 0.04101546108722687,
          "Height": 0.00909303780645132,
          "Left": 0.5930614471435547,
          "Top": 0.36891427636146545
        },
        "Polygon": [
          {
            "X": 0.5934631824493408,
            "Y": 0.36979302763938904
          },
          {
            "X": 0.6340768933296204,
            "Y": 0.36891427636146545
          },
          {
            "X": 0.6336698532104492,
            "Y": 0.37715885043144226
          },
          {
            "X": 0.5930614471435547,
            "Y": 0.37800729274749756
          }
        ]
      },
      "Id": "d964172f-3d0b-4b03-a156-16189a18a410",
      "Page": 1
    },
    {
      "BlockType": "WORD",
      "Confidence": 56.57664108276367,
      "Text": "O",
      "TextType": "PRINTED",
      "Geometry": {
        "BoundingBox": {
          "Width": 0.006735806819051504,
          "Height": 0.00526701845228672,
          "Left": 0.6372551918029785,
          "Top": 0.3699955642223358
        },
        "Polygon": [
          {
            "X": 0.6375085711479187,
            "Y": 0.3701350688934326
          },
          {
            "X": 0.6439909934997559,
            "Y": 0.3699955642223358
          },
          {
            "X": 0.6437370777130127,
            "Y": 0.37512609362602234
          },
          {
            "X": 0.6372551918029785,
            "Y": 0.375262588262558
          }
        ]
      },
      "Id": "b6e559a4-6fc3-4133-bf8d-1cd3aa05d7dc",
      "Page": 1
    },
    {
      "BlockType": "WORD",
      "Confidence": 91.3507308959961,
      "Text": "número",
      "TextType": "PRINTED",
      "Geometry": {
        "BoundingBox": {
          "Width": 0.04258256033062935,
          "Height": 0.007570659276098013,
          "Left": 0.6478391885757446,
          "Top": 0.3671453893184662
        },
        "Polygon": [
          {
            "X": 0.6481688618659973,
            "Y": 0.36806172132492065
          },
          {
            "X": 0.6904217600822449,
            "Y": 0.3671453893184662
          },
          {
            "X": 0.690087616443634,
            "Y": 0.37382516264915466
          },
          {
            "X": 0.6478391885757446,
            "Y": 0.37471604347229004
          }
        ]
      },
      "Id": "29b47024-50ef-48b0-9b71-f47b665fa618",
      "Page": 1
    },
    {
      "BlockType": "WORD",
      "Confidence": 99.88047790527344,
      "Text": "de",
      "TextType": "PRINTED",
      "Geometry": {
        "BoundingBox": {
          "Width": 0.012729418464004993,
          "Height": 0.00695897126570344,
          "Left": 0.576407790184021,
          "Top": 0.37945836782455444
        },
        "Polygon": [
          {
            "X": 0.5767342448234558,
            "Y": 0.3797159492969513
          },
          {
            "X": 0.5891371965408325,
            "Y": 0.37945836782455444
          },
          {
            "X": 0.5888094305992126,
            "Y": 0.3861673176288605
          },
          {
            "X": 0.576407790184021,
            "Y": 0.38641732931137085
          }
        ]
      },
      "Id": "2ec1d5a2-f36d-4389-a70c-4f3e39a44212",
      "Page": 1
    },
    {
      "BlockType": "WORD",
      "Confidence": 99.37181091308594,
      "Text": "pessoas",
      "TextType": "PRINTED",
      "Geometry": {
        "BoundingBox": {
          "Width": 0.04116862267255783,
          "Height": 0.007966934703290462,
          "Left": 0.592249870300293,
          "Top": 0.37880373001098633
        },
        "Polygon": [
          {
            "X": 0.592598021030426,
            "Y": 0.3796505331993103
          },
          {
            "X": 0.6334185004234314,
            "Y": 0.37880373001098633
          },
          {
            "X": 0.6330656409263611,
            "Y": 0.3859502673149109
          },
          {
            "X": 0.592249870300293,
            "Y": 0.38677066564559937
          }
        ]
      },
      "Id": "cdb77167-fc54-4f2a-bf2c-51fb82876cea",
      "Page": 1
    },
    {
      "BlockType": "WORD",
      "Confidence": 99.89674377441406,
      "Text": "que",
      "TextType": "PRINTED",
      "Geometry": {
        "BoundingBox": {
          "Width": 0.020323744043707848,
          "Height": 0.0070288702845573425,
          "Left": 0.6367136240005493,
          "Top": 0.37870821356773376
        },
        "Polygon": [
          {
            "X": 0.6370404958724976,
            "Y": 0.3791223466396332
          },
          {
            "X": 0.6570373773574829,
            "Y": 0.37870821356773376
          },
          {
            "X": 0.6567083597183228,
            "Y": 0.38533496856689453
          },
          {
            "X": 0.6367136240005493,
            "Y": 0.3857370913028717
          }
        ]
      },
      "Id": "729e197a-6369-4bc2-9da9-565add3b6080",
      "Page": 1
    },
    {
      "BlockType": "WORD",
      "Confidence": 99.58545684814453,
      "Text": "podem",
      "TextType": "PRINTED",
      "Geometry": {
        "BoundingBox": {
          "Width": 0.0385625995695591,
          "Height": 0.009143105708062649,
          "Left": 0.6606886386871338,
          "Top": 0.37579959630966187
        },
        "Polygon": [
          {
            "X": 0.661103367805481,
            "Y": 0.376596599817276
          },
          {
            "X": 0.6992512345314026,
            "Y": 0.37579959630966187
          },
          {
            "X": 0.69883131980896,
            "Y": 0.38417449593544006
          },
          {
            "X": 0.6606886386871338,
            "Y": 0.3849427103996277
          }
        ]
      },
      "Id": "e96d8270-05e0-4891-9fc2-f6246e1fb0ef",
      "Page": 1
    },
    {
      "BlockType": "WORD",
      "Confidence": 99.22743225097656,
      "Text": "criar",
      "TextType": "PRINTED",
      "Geometry": {
        "BoundingBox": {
          "Width": 0.02420479990541935,
          "Height": 0.007335343863815069,
          "Left": 0.5758962631225586,
          "Top": 0.38777580857276917
        },
        "Polygon": [
          {
            "X": 0.5762303471565247,
            "Y": 0.3882530629634857
          },
          {
            "X": 0.6001010537147522,
            "Y": 0.38777580857276917
          },
          {
            "X": 0.599764347076416,
            "Y": 0.39464879035949707
          },
          {
            "X": 0.5758962631225586,
            "Y": 0.3951111435890198
          }
        ]
      },
      "Id": "ac181a13-34c8-4eec-bb38-58880b91b258",
      "Page": 1
    },
    {
      "BlockType": "WORD",
      "Confidence": 99.80500030517578,
      "Text": "insights",
      "TextType": "PRINTED",
      "Geometry": {
        "BoundingBox": {
          "Width": 0.042343758046627045,
          "Height": 0.009081224910914898,
          "Left": 0.602558970451355,
          "Top": 0.38671496510505676
        },
        "Polygon": [
          {
            "X": 0.6029630303382874,
            "Y": 0.3875541388988495
          },
          {
            "X": 0.6449027061462402,
            "Y": 0.38671496510505676
          },
          {
            "X": 0.6444931030273438,
            "Y": 0.39498841762542725
          },
          {
            "X": 0.602558970451355,
            "Y": 0.39579617977142334
          }
        ]
      },
      "Id": "ac60853d-9855-4a2b-aa0d-8a00582ebf34",
      "Page": 1
    },
    {
      "BlockType": "WORD",
      "Confidence": 99.14753723144531,
      "Text": "e",
      "TextType": "PRINTED",
      "Geometry": {
        "BoundingBox": {
          "Width": 0.006005254108458757,
          "Height": 0.005125992000102997,
          "Left": 0.6485491991043091,
          "Top": 0.3877417743206024
        },
        "Polygon": [
          {
            "X": 0.6487975716590881,
            "Y": 0.3878563344478607
          },
          {
            "X": 0.6545544266700745,
            "Y": 0.3877417743206024
          },
          {
            "X": 0.654305636882782,
            "Y": 0.3927558362483978
          },
          {
            "X": 0.6485491991043091,
            "Y": 0.392867773771286
          }
        ]
      },
      "Id": "85801d42-9fd2-4dc9-b03b-ccca9a662dbf",
      "Page": 1
    },
    {
      "BlockType": "WORD",
      "Confidence": 88.2175064086914,
      "Text": "previsões",
      "TextType": "PRINTED",
      "Geometry": {
        "BoundingBox": {
          "Width": 0.05013095587491989,
          "Height": 0.009330502711236477,
          "Left": 0.5753677487373352,
          "Top": 0.3961966633796692
        },
        "Polygon": [
          {
            "X": 0.5757758021354675,
            "Y": 0.3971506655216217
          },
          {
            "X": 0.6254987120628357,
            "Y": 0.3961966633796692
          },
          {
            "X": 0.6250839233398438,
            "Y": 0.40461108088493347
          },
          {
            "X": 0.5753677487373352,
            "Y": 0.40552717447280884
          }
        ]
      },
      "Id": "844c1a37-e644-448b-be21-c60f367523b3",
      "Page": 1
    },
    {
      "BlockType": "WORD",
      "Confidence": 98.4941177368164,
      "Text": "Colabore",
      "TextType": "PRINTED",
      "Geometry": {
        "BoundingBox": {
          "Width": 0.0728391781449318,
          "Height": 0.011204228736460209,
          "Left": 0.33108818531036377,
          "Top": 0.4390447735786438
        },
        "Polygon": [
          {
            "X": 0.33155056834220886,
            "Y": 0.4401755928993225
          },
          {
            "X": 0.40392735600471497,
            "Y": 0.4390447735786438
          },
          {
            "X": 0.40345335006713867,
            "Y": 0.4491860866546631
          },
          {
            "X": 0.33108818531036377,
            "Y": 0.4502490162849426
          }
        ]
      },
      "Id": "cdfd0c4f-a29d-4678-9b71-f46196758fea",
      "Page": 1
    },
    {
      "BlockType": "WORD",
      "Confidence": 99.5174560546875,
      "Text": "juntos",
      "TextType": "PRINTED",
      "Geometry": {
        "BoundingBox": {
          "Width": 0.05588934198021889,
          "Height": 0.012950916774570942,
          "Left": 0.4131695330142975,
          "Top": 0.4383499026298523
        },
        "Polygon": [
          {
            "X": 0.413735955953598,
            "Y": 0.4392126202583313
          },
          {
            "X": 0.4690588712692261,
            "Y": 0.4383499026298523
          },
          {
            "X": 0.46848177909851074,
            "Y": 0.45049989223480225
          },
          {
            "X": 0.4131695330142975,
            "Y": 0.45130082964897156
          }
        ]
      },
      "Id": "b23cb2c0-c64f-481d-90fc-cf071ca3bd64",
      "Page": 1
    }
  ],
  "DetectDocumentTextModelVersion": "1.0"
}