{
  "DocumentMetadata": {
    "Pages": 1
  },
  "JobStatus": "SUCCEEDED",
  "Blocks": [
    {
      "BlockType": "PAGE",
      "Geometry": {
        "BoundingBox": {
          "Width": 0.9092991948127747,
          "Height": 0.7108177542686462,
          "Left": 0,
          "Top": 0.030940024182200432
        },
        "Polygon": [
          {
            "X": 0,
            "Y": 0.06357226520776749
          },
          {
            "X": 0.8906304836273193,
            "Y": 0.030940024182200432
          },
          {
            "X": 0.9092991948127747,
            "Y": 0.7149701118469238
          },
          {
            "X": 0,
            "Y": 0.7417577505111694
          }
        ]
      },
      "Id": "a09df54f-7663-4834-ba24-e49f8b8bf44a",
      "Relationships": [
        {
          "Type": "CHILD",
          "Ids": [
            "7373ed0b-513b-4c9d-b6ed-b7e7bf2fe33f",
            "ce75f57d-0555-477c-87c8-4f504b313110",
            "8a7a1280-7eb8-4aa4-85bc-7d63bffad1c8",
            "d535bf9b-0dd3-48b9-9a42-a69ac8fa1650",
            "0206dc8f-5d2b-4a54-bf22-8497ca4ef075",
            "83113bb1-ce51-4e01-9a55-e6b6c6520b28",
            "a9930976-e0e4-40fc-984d-78c21998ed5d",
            "bc6eddb4-160c-40b3-b0d6-fd3f555f37ea",
            "867a2a75-7d55-44aa-98c0-566b79b62457",
            "7552b8f6-c924-4673-abd7-5bdb55115fa9",
            "934ef0f0-5234-4baf-b8c6-2de4b7fc5edb",
            "990bb6ed-dec0-4ce4-9b77-02d03b4c9974",
            "64042666-c546-4db8-9c7e-31290f078c2b",
            "bb9da916-8d29-4fc5-8622-b16ee296dbc8",
            "87ddcd7e-52e3-46ec-9d2a-a280ab769b02",
            "6fa64790-4be7-49fa-8916-d67b10c723c4",
            "70f8e171-4976-43a8-863f-c5a387f73be3",
            "4221c958-00f3-43f1-a961-dd4a019529aa",
            "e492d967-a287-464b-ba66-1e576fee6bc7"
          ]
        }
      ],
      "Page": 1
    },
    {
      "BlockType": "LINE",
      "Confidence": 92.22857666015625,
      "Text": "Cloud",
      "Geometry": {
        "BoundingBox": {
          "Width": 0.023874787613749504,
          "Height": 0.0067469337955117226,
          "Left": 0.7130081653594971,
          "Top": 0.21447208523750305
        },
        "Polygon": [
          {
            "X": 0.7130081653594971,
            "Y": 0.21528837084770203
          },
          {
            "X": 0.7367329001426697,
            "Y": 0.21447208523750305
          },
          {
            "X": 0.7368829250335693,
            "Y": 0.22040407359600067
          },
          {
            "X": 0.7131564021110535,
            "Y": 0.2212190330028534
          }
        ]
      },
      "Id": "7373ed0b-513b-4c9d-b6ed-b7e7bf2fe33f",
      "Relationships": [
        {
          "Type": "CHILD",
          "Ids": [
            "dd50b46c-8b6b-4b89-b91b-49cc3731050c"
          ]
        }
      ],
      "Page": 1
    },
    {
      "BlockType": "LINE",
      "Confidence": 82.3218994140625,
      "Text": "laws",
      "Geometry": {
        "BoundingBox": {
          "Width": 0.04431229829788208,
          "Height": 0.014583788812160492,
          "Left": 0.6425315737724304,
          "Top": 0.21966491639614105
        },
        "Polygon": [
          {
            "X": 0.6425315737724304,
            "Y": 0.22117693722248077
          },
          {
            "X": 0.6865214109420776,
            "Y": 0.21966491639614105
          },
          {
            "X": 0.6868438720703125,
            "Y": 0.2327421009540558
          },
          {
            "X": 0.6428467631340027,
            "Y": 0.23424869775772095
          }
        ]
      },
      "Id": "ce75f57d-0555-477c-87c8-4f504b313110",
      "Relationships": [
        {
          "Type": "CHILD",
          "Ids": [
            "c9bdaa61-893d-4382-b918-ad09483ece18"
          ]
        }
      ],
      "Page": 1
    },
    {
      "BlockType": "LINE",
      "Confidence": 99.4673080444336,
      "Text": "Experience",
      "Geometry": {
        "BoundingBox": {
          "Width": 0.04520877078175545,
          "Height": 0.009114038199186325,
          "Left": 0.7129905223846436,
          "Top": 0.22041906416416168
        },
        "Polygon": [
          {
            "X": 0.7129905223846436,
            "Y": 0.22196491062641144
          },
          {
            "X": 0.7580057382583618,
            "Y": 0.22041906416416168
          },
          {
            "X": 0.7581992745399475,
            "Y": 0.22799046337604523
          },
          {
            "X": 0.7131796479225159,
            "Y": 0.2295330911874771
          }
        ]
      },
      "Id": "8a7a1280-7eb8-4aa4-85bc-7d63bffad1c8",
      "Relationships": [
        {
          "Type": "CHILD",
          "Ids": [
            "d1b11569-408f-49b9-821d-182fdf8ecb63"
          ]
        }
      ],
      "Page": 1
    },
    {
      "BlockType": "LINE",
      "Confidence": 99.92180633544922,
      "Text": "2025",
      "Geometry": {
        "BoundingBox": {
          "Width": 0.02044382505118847,
          "Height": 0.006264152936637402,
          "Left": 0.7133725881576538,
          "Top": 0.2300148457288742
        },
        "Polygon": [
          {
            "X": 0.7133725881576538,
            "Y": 0.23071032762527466
          },
          {
            "X": 0.7336757779121399,
            "Y": 0.2300148457288742
          },
          {
            "X": 0.733816385269165,
            "Y": 0.23558460175991058
          },
          {
            "X": 0.7135117650032043,
            "Y": 0.23627901077270508
          }
        ]
      },
      "Id": "d535bf9b-0dd3-48b9-9a42-a69ac8fa1650",
      "Relationships": [
        {
          "Type": "CHILD",
          "Ids": [
            "04b8611a-03e7-4000-b808-ef7f28c80db6"
          ]
        }
      ],
      "Page": 1
    },
    {
      "BlockType": "LINE",
      "Confidence": 99.05493927001953,
      "Text": "Treine e avalie modelos",
      "Geometry": {
        "BoundingBox": {
          "Width": 0.20498934388160706,
          "Height": 0.0332292839884758,
          "Left": 0.16772805154323578,
          "Top": 0.24778632819652557
        },
        "Polygon": [
          {
            "X": 0.16772805154323578,
            "Y": 0.25477853417396545
          },
          {
            "X": 0.37217316031455994,
            "Y": 0.24778632819652557
          },
          {
            "X": 0.37271738052368164,
            "Y": 0.2740742564201355
          },
          {
            "X": 0.16820377111434937,
            "Y": 0.2810156047344208
          }
        ]
      },
      "Id": "0206dc8f-5d2b-4a54-bf22-8497ca4ef075",
      "Relationships": [
        {
          "Type": "CHILD",
          "Ids": [
            "76c44903-ebf5-41ac-b6a1-ef462167f456",
            "46ab68f3-5821-4b45-b462-2cc9100f41d0",
            "ca0d286d-57f6-451a-b81a-2cc0a5d5b20b",
            "728575bb-2c26-4d57-af4d-aaae32a72b0e"
          ]
        }
      ],
      "Page": 1
    },
    {
      "BlockType": "LINE",
      "Confidence": 99.16844177246094,
      "Text": "Crie modelos de alta qualidade",
      "Geometry": {
        "BoundingBox": {
          "Width": 0.16154518723487854,
          "Height": 0.022784043103456497,
          "Left": 0.17426420748233795,
          "Top": 0.29265549778938293
        },
        "Polygon": [
          {
            "X": 0.17426420748233795,
            "Y": 0.29809895157814026
          },
          {
            "X": 0.33545807003974915,
            "Y": 0.29265549778938293
          },
          {
            "X": 0.3358093798160553,
            "Y": 0.31002259254455566
          },
          {
            "X": 0.17457987368106842,
            "Y": 0.3154395520687103
          }
        ]
      },
      "Id": "83113bb1-ce51-4e01-9a55-e6b6c6520b28",
      "Relationships": [
        {
          "Type": "CHILD",
          "Ids": [
            "ad2986b0-0729-4589-9cdb-aeb0ef7e00e1",
            "a0ad0431-237e-45ed-b012-585e57261ddf",
            "957d3ef6-86c2-406f-8e48-36e11065234d",
            "b505122b-3f4f-470f-825c-0534d04f4bab",
            "413a58ab-c18a-4868-a757-62dcc226af44"
          ]
        }
      ],
      "Page": 1
    },
    {
      "BlockType": "LINE",
      "Confidence": 82.43907165527344,
      "Text": "-",
      "Geometry": {
        "BoundingBox": {
          "Width": 0.0080147385597229,
          "Height": 0.002996665658429265,
          "Left": 0.43120887875556946,
          "Top": 0.2961546778678894
        },
        "Polygon": [
          {
            "X": 0.43120887875556946,
            "Y": 0.2964227795600891
          },
          {
            "X": 0.4391648769378662,
            "Y": 0.2961546778678894
          },
          {
            "X": 0.43922361731529236,
            "Y": 0.2988834083080292
          },
          {
            "X": 0.4312673509120941,
            "Y": 0.29915133118629456
          }
        ]
      },
      "Id": "a9930976-e0e4-40fc-984d-78c21998ed5d",
      "Relationships": [
        {
          "Type": "CHILD",
          "Ids": [
            "2dcb7a98-6d8a-4836-9147-dd9a1e7280d3"
          ]
        }
      ],
      "Page": 1
    },
    {
      "BlockType": "LINE",
      "Confidence": 91.1464614868164,
      "Text": "para regressão, classificação,",
      "Geometry": {
        "BoundingBox": {
          "Width": 0.15574611723423004,
          "Height": 0.022295156493782997,
          "Left": 0.17319443821907043,
          "Top": 0.30790525674819946
        },
        "Polygon": [
          {
            "X": 0.17319443821907043,
            "Y": 0.3131300210952759
          },
          {
            "X": 0.3285962641239166,
            "Y": 0.30790525674819946
          },
          {
            "X": 0.3289405405521393,
            "Y": 0.3250007927417755
          },
          {
            "X": 0.17350488901138306,
            "Y": 0.3302004039287567
          }
        ]
      },
      "Id": "bc6eddb4-160c-40b3-b0d6-fd3f555f37ea",
      "Relationships": [
        {
          "Type": "CHILD",
          "Ids": [
            "5671b581-5bd6-4d7e-a911-b0fd059ba4a4",
            "ec7375c9-5d28-47d9-bf83-aba9904bfc69",
            "d9b25198-eca4-4118-81be-e75a794b088e"
          ]
        }
      ],
      "Page": 1
    },
    {
      "BlockType": "LINE",
      "Confidence": 97.5650634765625,
      "Text": "97.303%",
      "Geometry": {
        "BoundingBox": {
          "Width": 0.026705754920840263,
          "Height": 0.006003985181450844,
          "Left": 0.4319085478782654,
          "Top": 0.3167690336704254
        },
        "Polygon": [
          {
            "X": 0.4319085478782654,
            "Y": 0.3176597058773041
          },
          {
            "X": 0.45850297808647156,
            "Y": 0.3167690336704254
          },
          {
            "X": 0.458614319562912,
            "Y": 0.3218836486339569
          },
          {
            "X": 0.4320181608200073,
            "Y": 0.3227730095386505
          }
        ]
      },
      "Id": "867a2a75-7d55-44aa-98c0-566b79b62457",
      "Relationships": [
        {
          "Type": "CHILD",
          "Ids": [
            "d1e2f25a-6bfd-4669-bc6f-0936829ffa5f"
          ]
        }
      ],
      "Page": 1
    },
    {
      "BlockType": "LINE",
      "Confidence": 98.97099304199219,
      "Text": "Cloud",
      "Geometry": {
        "BoundingBox": {
          "Width": 0.047412674874067307,
          "Height": 0.01713007315993309,
          "Left": 0.013333101756870747,
          "Top": 0.33088386058807373
        },
        "Polygon": [
          {
            "X": 0.013333101756870747,
            "Y": 0.3324626386165619
          },
          {
            "X": 0.06048488989472389,
            "Y": 0.33088386058807373
          },
          {
            "X": 0.06074577942490578,
            "Y": 0.3464421331882477
          },
          {
            "X": 0.013584662228822708,
            "Y": 0.3480139374732971
          }
        ]
      },
      "Id": "7552b8f6-c924-4673-abd7-5bdb55115fa9",
      "Relationships": [
        {
          "Type": "CHILD",
          "Ids": [
            "e736cf9c-2be8-4942-ba05-6ee644d1778d"
          ]
        }
      ],
      "Page": 1
    },
    {
      "BlockType": "LINE",
      "Confidence": 99.36377716064453,
      "Text": "previsão e ajuste fino de FM",
      "Geometry": {
        "BoundingBox": {
          "Width": 0.15113554894924164,
          "Height": 0.0213879756629467,
          "Left": 0.17203852534294128,
          "Top": 0.3218521177768707
        },
        "Polygon": [
          {
            "X": 0.17203852534294128,
            "Y": 0.326901912689209
          },
          {
            "X": 0.32284578680992126,
            "Y": 0.3218521177768707
          },
          {
            "X": 0.32317405939102173,
            "Y": 0.3382136821746826
          },
          {
            "X": 0.17233538627624512,
            "Y": 0.3432401120662689
          }
        ]
      },
      "Id": "934ef0f0-5234-4baf-b8c6-2de4b7fc5edb",
      "Relationships": [
        {
          "Type": "CHILD",
          "Ids": [
            "a6fb491c-f41f-4198-9cd1-b72cc8772465",
            "9f399069-c51e-43eb-8182-ef438475ddc2",
            "e7a7cb17-aec5-4fab-81d7-8cbaa21a2bcd",
            "a971dd47-b3b7-49db-bd2c-a1be76b34960",
            "df3198ca-adf9-428c-9805-7644179f3724",
            "e27c99d5-8e8c-4280-9121-b7170372e4f1"
          ]
        }
      ],
      "Page": 1
    },
    {
      "BlockType": "LINE",
      "Confidence": 99.58816528320312,
      "Text": "Experience",
      "Geometry": {
        "BoundingBox": {
          "Width": 0.08821043372154236,
          "Height": 0.021160438656806946,
          "Left": 0.011261471547186375,
          "Top": 0.34746623039245605
        },
        "Polygon": [
          {
            "X": 0.011261471547186375,
            "Y": 0.3503936231136322
          },
          {
            "X": 0.09915711730718613,
            "Y": 0.34746623039245605
          },
          {
            "X": 0.09947190433740616,
            "Y": 0.36571449041366577
          },
          {
            "X": 0.011555870994925499,
            "Y": 0.3686266541481018
          }
        ]
      },
      "Id": "990bb6ed-dec0-4ce4-9b77-02d03b4c9974",
      "Relationships": [
        {
          "Type": "CHILD",
          "Ids": [
            "45e8e0c1-9925-4239-a948-2497d4b3a542"
          ]
        }
      ],
      "Page": 1
    },
    {
      "BlockType": "LINE",
      "Confidence": 94.36577606201172,
      "Text": "Use o AutoML ou selecione",
      "Geometry": {
        "BoundingBox": {
          "Width": 0.14092488586902618,
          "Height": 0.017605215311050415,
          "Left": 0.17117120325565338,
          "Top": 0.34300798177719116
        },
        "Polygon": [
          {
            "X": 0.17117120325565338,
            "Y": 0.34768930077552795
          },
          {
            "X": 0.311838299036026,
            "Y": 0.34300798177719116
          },
          {
            "X": 0.31209608912467957,
            "Y": 0.3559491038322449
          },
          {
            "X": 0.1714058220386505,
            "Y": 0.3606131970882416
          }
        ]
      },
      "Id": "64042666-c546-4db8-9c7e-31290f078c2b",
      "Relationships": [
        {
          "Type": "CHILD",
          "Ids": [
            "ea2b7704-2b6d-4848-96a0-a7fff75fd434",
            "3da10ca7-6858-49ef-b9a4-1365d57109a7",
            "73e1656e-0183-4f92-9099-b482e51e67e9",
            "1099be5a-c5f7-41a5-b9cb-5c80927ef8b3",
            "6a701c70-3f2b-4f9a-b096-9f34062a01b6"
          ]
        }
      ],
      "Page": 1
    },
    {
      "BlockType": "LINE",
      "Confidence": 99.71015167236328,
      "Text": "2025",
      "Geometry": {
        "BoundingBox": {
          "Width": 0.03884653002023697,
          "Height": 0.013576416298747063,
          "Left": 0.010132101364433765,
          "Top": 0.37057480216026306
        },
        "Polygon": [
          {
            "X": 0.010132101364433765,
            "Y": 0.3718535900115967
          },
          {
            "X": 0.04877425357699394,
            "Y": 0.37057480216026306
          },
          {
            "X": 0.04897863045334816,
            "Y": 0.3828769624233246
          },
          {
            "X": 0.010330437682569027,
            "Y": 0.3841512203216553
          }
        ]
      },
      "Id": "bb9da916-8d29-4fc5-8622-b16ee296dbc8",
      "Relationships": [
        {
          "Type": "CHILD",
          "Ids": [
            "3befea53-3dd3-41b7-bb1c-d44c2867a977"
          ]
        }
      ],
      "Page": 1
    },
    {
      "BlockType": "LINE",
      "Confidence": 98.29037475585938,
      "Text": "algoritmos",
      "Geometry": {
        "BoundingBox": {
          "Width": 0.05521700531244278,
          "Height": 0.012087753973901272,
          "Left": 0.16996996104717255,
          "Top": 0.3634345829486847
        },
        "Polygon": [
          {
            "X": 0.16996996104717255,
            "Y": 0.3652561902999878
          },
          {
            "X": 0.22499360144138336,
            "Y": 0.3634345829486847
          },
          {
            "X": 0.22518695890903473,
            "Y": 0.37370607256889343
          },
          {
            "X": 0.17015613615512848,
            "Y": 0.37552231550216675
          }
        ]
      },
      "Id": "87ddcd7e-52e3-46ec-9d2a-a280ab769b02",
      "Relationships": [
        {
          "Type": "CHILD",
          "Ids": [
            "e24873bc-699c-42cb-b6aa-e21fd4fcd36d"
          ]
        }
      ],
      "Page": 1
    },
    {
      "BlockType": "LINE",
      "Confidence": 93.3481674194336,
      "Text": "Escolha métricas objetivas, divisões",
      "Geometry": {
        "BoundingBox": {
          "Width": 0.18861790001392365,
          "Height": 0.019452275708317757,
          "Left": 0.1689043939113617,
          "Top": 0.3737601041793823
        },
        "Polygon": [
          {
            "X": 0.1689043939113617,
            "Y": 0.3799680769443512
          },
          {
            "X": 0.35725051164627075,
            "Y": 0.3737601041793823
          },
          {
            "X": 0.35752227902412415,
            "Y": 0.3870280981063843
          },
          {
            "X": 0.16914434731006622,
            "Y": 0.39321237802505493
          }
        ]
      },
      "Id": "6fa64790-4be7-49fa-8916-d67b10c723c4",
      "Relationships": [
        {
          "Type": "CHILD",
          "Ids": [
            "3804fa5a-08a4-4c96-ac93-e70b5e128474",
            "a2ae0791-29e8-45dc-8f73-fff766513980",
            "05b860d6-af90-4b3f-8e7e-becec4d3486f",
            "572798b9-bdc4-47fa-9c11-649d17969ae0"
          ]
        }
      ],
      "Page": 1
    },
    {
      "BlockType": "LINE",
      "Confidence": 99.6126708984375,
      "Text": "de dados e outros controles de",
      "Geometry": {
        "BoundingBox": {
          "Width": 0.16339316964149475,
          "Height": 0.0173006821423769,
          "Left": 0.16784846782684326,
          "Top": 0.3892378509044647
        },
        "Polygon": [
          {
            "X": 0.16784846782684326,
            "Y": 0.3945918381214142
          },
          {
            "X": 0.33100053668022156,
            "Y": 0.3892378509044647
          },
          {
            "X": 0.331241637468338,
            "Y": 0.4012030363082886
          },
          {
            "X": 0.16806471347808838,
            "Y": 0.4065385162830353
          }
        ]
      },
      "Id": "70f8e171-4976-43a8-863f-c5a387f73be3",
      "Relationships": [
        {
          "Type": "CHILD",
          "Ids": [
            "711d3b9d-eaa1-45de-b75c-dc53f59ad1bc",
            "1b05a219-277d-4fb2-aea8-4ef6bd048de5",
            "d180520b-78f3-43da-b272-38d8c87a6684",
            "e4dcfc66-59cc-4781-9378-c9ae6c2f3b00",
            "fded43c6-875d-426e-b73f-9f64a998b489",
            "57d26eb3-cf96-4791-9f36-1e178f9a2d6f"
          ]
        }
      ],
      "Page": 1
    },
    {
      "BlockType": "LINE",
      "Confidence": 99.08944702148438,
      "Text": "modelo",
      "Geometry": {
        "BoundingBox": {
          "Width": 0.03836200758814812,
          "Height": 0.010020546615123749,
          "Left": 0.16670367121696472,
          "Top": 0.4101857542991638
        },
        "Polygon": [
          {
            "X": 0.16670367121696472,
            "Y": 0.4114329516887665
          },
          {
            "X": 0.2049027681350708,
            "Y": 0.4101857542991638
          },
          {
            "X": 0.20506568253040314,
            "Y": 0.418962299823761
          },
          {
            "X": 0.16686232388019562,
            "Y": 0.42020630836486816
          }
        ]
      },
      "Id": "4221c958-00f3-43f1-a961-dd4a019529aa",
      "Relationships": [
        {
          "Type": "CHILD",
          "Ids": [
            "01289e94-0895-4433-b5e4-b68b1eb2d874"
          ]
        }
      ],
      "Page": 1
    },
    {
      "BlockType": "LINE",
      "Confidence": 99.17227935791016,
      "Text": "Analise as métricas do modelo",
      "Geometry": {
        "BoundingBox": {
          "Width": 0.16269917786121368,
          "Height": 0.01570877619087696,
          "Left": 0.1649872064590454,
          "Top": 0.42396268248558044
        },
        "Polygon": [
          {
            "X": 0.1649872064590454,
            "Y": 0.42923930287361145
          },
          {
            "X": 0.3274764120578766,
            "Y": 0.42396268248558044
          },
          {
            "X": 0.3276863992214203,
            "Y": 0.4344109296798706
          },
          {
            "X": 0.16517560184001923,
            "Y": 0.43967145681381226
          }
        ]
      },
      "Id": "e492d967-a287-464b-ba66-1e576fee6bc7",
      "Relationships": [
        {
          "Type": "CHILD",
          "Ids": [
            "7ce1c254-1b3d-4a91-a756-6376fcab4e2b",
            "52a0f811-2f4a-4623-b75d-bf6b1d32da97",
            "3a60ebee-1184-4bdc-8959-8a743642a673",
            "07f6e08f-6872-4f33-af10-663e25d2ca15",
            "e5a5743c-3225-4a92-998a-b8ff2ea5a739"
          ]
        }
      ],
      "Page": 1
    },
    {
      "BlockType": "WORD",
      "Confidence": 92.22857666015625,
      "Text": "Cloud",
      "TextType": "PRINTED",
      "Geometry": {
        "BoundingBox": {
          "Width": 0.023874787613749504,
          "Height": 0.0067469337955117226,
          "Left": 0.7130081653594971,
          "Top": 0.21447208523750305
        },
        "Polygon": [
          {
            "X": 0.7130081653594971,
            "Y": 0.21528837084770203
          },
          {
            "X": 0.7367329001426697,
            "Y": 0.21447208523750305
          },
          {
            "X": 0.7368829250335693,
            "Y": 0.22040407359600067
          },
          {
            "X": 0.7131564021110535,
            "Y": 0.2212190330028534
          }
        ]
      },
      "Id": "dd50b46c-8b6b-4b89-b91b-49cc3731050c",
      "Page": 1
    },
    {
      "BlockType": "WORD",
      "Confidence": 82.3218994140625,
      "Text": "laws",
      "TextType": "PRINTED",
      "Geometry": {
        "BoundingBox": {
          "Width": 0.04431229829788208,
          "Height": 0.014583788812160492,
          "Left": 0.6425315737724304,
          "Top": 0.21966491639614105
        },
        "Polygon": [
          {
            "X": 0.6425315737724304,
            "Y": 0.22117693722248077
          },
          {
            "X": 0.6865214109420776,
            "Y": 0.21966491639614105
          },
          {
            "X": 0.6868438720703125,
            "Y": 0.2327421009540558
          },
          {
            "X": 0.6428467631340027,
            "Y": 0.23424869775772095
          }
        ]
      },
      "Id": "c9bdaa61-893d-4382-b918-ad09483ece18",
      "Page": 1
    },
    {
      "BlockType": "WORD",
      "Confidence": 99.4673080444336,
      "Text": "Experience",
      "TextType": "PRINTED",
      "Geometry": {
        "BoundingBox": {
          "Width": 0.04520877078175545,
          "Height": 0.009114038199186325,
          "Left": 0.7129905223846436,
          "Top": 0.22041906416416168
        },
        "Polygon": [
          {
            "X": 0.7129905223846436,
            "Y": 0.22196491062641144
          },
          {
            "X": 0.7580057382583618,
            "Y": 0.22041906416416168
          },
          {
            "X": 0.7581992745399475,
            "Y": 0.22799046337604523
          },
          {
            "X": 0.7131796479225159,
            "Y": 0.2295330911874771
          }
        ]
      },
      "Id": "d1b11569-408f-49b9-821d-182fdf8ecb63",
      "Page": 1
    },
    {
      "BlockType": "WORD",
      "Confidence": 99.92180633544922,
      "Text": "2025",
      "TextType": "PRINTED",
      "Geometry": {
        "BoundingBox": {
          "Width": 0.02044382505118847,
          "Height": 0.006264152936637402,
          "Left": 0.7133725881576538,
          "Top": 0.2300148457288742
        },
        "Polygon": [
          {
            "X": 0.7133725881576538,
            "Y": 0.23071032762527466
          },
          {
            "X": 0.7336757779121399,
            "Y": 0.2300148457288742
          },
          {
            "X": 0.733816385269165,
            "Y": 0.23558460175991058
          },
          {
            "X": 0.7135117650032043,
            "Y": 0.23627901077270508
          }
        ]
      },
      "Id": "04b8611a-03e7-4000-b808-ef7f28c80db6",
      "Page": 1
    },
    {
      "BlockType": "WORD",
      "Confidence": 98.12418365478516,
      "Text": "Treine",
      "TextType": "PRINTED",
      "Geometry": {
        "BoundingBox": {
          "Width": 0.051959455013275146,
          "Height": 0.01609227992594242,
          "Left": 0.16794393956661224,
          "Top": 0.2649233341217041
        },
        "Polygon": [
          {
            "X": 0.16794393956661224,
            "Y": 0.2666850984096527
          },
          {
            "X": 0.21963410079479218,
            "Y": 0.2649233341217041
          },
          {
            "X": 0.2199033945798874,
            "Y": 0.27926087379455566
          },
          {
            "X": 0.16820377111434937,
            "Y": 0.2810156047344208
          }
        ]
      },
      "Id": "76c44903-ebf5-41ac-b6a1-ef462167f456",
      "Page": 1
    },
    {
      "BlockType": "WORD",
      "Confidence": 99.7593994140625,
      "Text": "e",
      "TextType": "PRINTED",
      "Geometry": {
        "BoundingBox": {
          "Width": 0.009884470142424107,
          "Height": 0.009789247065782547,
          "Left": 0.22478073835372925,
          "Top": 0.26503920555114746
        },
        "Polygon": [
          {
            "X": 0.22478073835372925,
            "Y": 0.2653699219226837
          },
          {
            "X": 0.23448579013347626,
            "Y": 0.26503920555114746
          },
          {
            "X": 0.23466521501541138,
            "Y": 0.2744986116886139
          },
          {
            "X": 0.22495900094509125,
            "Y": 0.2748284637928009
          }
        ]
      },
      "Id": "46ab68f3-5821-4b45-b462-2cc9100f41d0",
      "Page": 1
    },
    {
      "BlockType": "WORD",
      "Confidence": 99.19097900390625,
      "Text": "avalie",
      "TextType": "PRINTED",
      "Geometry": {
        "BoundingBox": {
          "Width": 0.05157192423939705,
          "Height": 0.01705264486372471,
          "Left": 0.238777756690979,
          "Top": 0.2566494345664978
        },
        "Polygon": [
          {
            "X": 0.238777756690979,
            "Y": 0.2583998739719391
          },
          {
            "X": 0.2900485694408417,
            "Y": 0.2566494345664978
          },
          {
            "X": 0.29034969210624695,
            "Y": 0.2719590663909912
          },
          {
            "X": 0.239068865776062,
            "Y": 0.27370205521583557
          }
        ]
      },
      "Id": "ca0d286d-57f6-451a-b81a-2cc0a5d5b20b",
      "Page": 1
    },
    {
      "BlockType": "WORD",
      "Confidence": 99.14519500732422,
      "Text": "modelos",
      "TextType": "PRINTED",
      "Geometry": {
        "BoundingBox": {
          "Width": 0.07825465500354767,
          "Height": 0.01958097517490387,
          "Left": 0.29426899552345276,
          "Top": 0.24778632819652557
        },
        "Polygon": [
          {
            "X": 0.29426899552345276,
            "Y": 0.2504507303237915
          },
          {
            "X": 0.37217316031455994,
            "Y": 0.24778632819652557
          },
          {
            "X": 0.37252363562583923,
            "Y": 0.26471537351608276
          },
          {
            "X": 0.294602632522583,
            "Y": 0.26736730337142944
          }
        ]
      },
      "Id": "728575bb-2c26-4d57-af4d-aaae32a72b0e",
      "Page": 1
    },
    {
      "BlockType": "WORD",
      "Confidence": 98.81732177734375,
      "Text": "Crie",
      "TextType": "PRINTED",
      "Geometry": {
        "BoundingBox": {
          "Width": 0.019534433260560036,
          "Height": 0.009098016656935215,
          "Left": 0.1744261384010315,
          "Top": 0.3063415288925171
        },
        "Polygon": [
          {
            "X": 0.1744261384010315,
            "Y": 0.30699422955513
          },
          {
            "X": 0.1938047558069229,
            "Y": 0.3063415288925171
          },
          {
            "X": 0.19396057724952698,
            "Y": 0.3147884011268616
          },
          {
            "X": 0.17457987368106842,
            "Y": 0.3154395520687103
          }
        ]
      },
      "Id": "ad2986b0-0729-4589-9cdb-aeb0ef7e00e1",
      "Page": 1
    },
    {
      "BlockType": "WORD",
      "Confidence": 99.32337188720703,
      "Text": "modelos",
      "TextType": "PRINTED",
      "Geometry": {
        "BoundingBox": {
          "Width": 0.04457367956638336,
          "Height": 0.011587774381041527,
          "Left": 0.19609379768371582,
          "Top": 0.30177563428878784
        },
        "Polygon": [
          {
            "X": 0.19609379768371582,
            "Y": 0.3032717704772949
          },
          {
            "X": 0.24047529697418213,
            "Y": 0.30177563428878784
          },
          {
            "X": 0.24066747725009918,
            "Y": 0.3118714988231659
          },
          {
            "X": 0.19628025591373444,
            "Y": 0.3133634030818939
          }
        ]
      },
      "Id": "a0ad0431-237e-45ed-b012-585e57261ddf",
      "Page": 1
    },
    {
      "BlockType": "WORD",
      "Confidence": 99.75662231445312,
      "Text": "de",
      "TextType": "PRINTED",
      "Geometry": {
        "BoundingBox": {
          "Width": 0.013190180994570255,
          "Height": 0.009018725715577602,
          "Left": 0.24309580028057098,
          "Top": 0.29996195435523987
        },
        "Polygon": [
          {
            "X": 0.24309580028057098,
            "Y": 0.3004012107849121
          },
          {
            "X": 0.2561209797859192,
            "Y": 0.29996195435523987
          },
          {
            "X": 0.25628599524497986,
            "Y": 0.30854249000549316
          },
          {
            "X": 0.24325940012931824,
            "Y": 0.30898067355155945
          }
        ]
      },
      "Id": "957d3ef6-86c2-406f-8e48-36e11065234d",
      "Page": 1
    },
    {
      "BlockType": "WORD",
      "Confidence": 99.4046859741211,
      "Text": "alta",
      "TextType": "PRINTED",
      "Geometry": {
        "BoundingBox": {
          "Width": 0.02004500851035118,
          "Height": 0.00939579401165247,
          "Left": 0.2590203881263733,
          "Top": 0.2981220781803131
        },
        "Polygon": [
          {
            "X": 0.2590203881263733,
            "Y": 0.2987925410270691
          },
          {
            "X": 0.2788950502872467,
            "Y": 0.2981220781803131
          },
          {
            "X": 0.27906540036201477,
            "Y": 0.30684906244277954
          },
          {
            "X": 0.2591885030269623,
            "Y": 0.3075178861618042
          }
        ]
      },
      "Id": "b505122b-3f4f-470f-825c-0534d04f4bab",
      "Page": 1
    },
    {
      "BlockType": "WORD",
      "Confidence": 98.54022979736328,
      "Text": "qualidade",
      "TextType": "PRINTED",
      "Geometry": {
        "BoundingBox": {
          "Width": 0.05389349162578583,
          "Height": 0.014014839194715023,
          "Left": 0.28181156516075134,
          "Top": 0.29265549778938293
        },
        "Polygon": [
          {
            "X": 0.28181156516075134,
            "Y": 0.29446712136268616
          },
          {
            "X": 0.33545807003974915,
            "Y": 0.29265549778938293
          },
          {
            "X": 0.335705041885376,
            "Y": 0.30486491322517395
          },
          {
            "X": 0.2820501923561096,
            "Y": 0.30667033791542053
          }
        ]
      },
      "Id": "413a58ab-c18a-4868-a757-62dcc226af44",
      "Page": 1
    },
    {
      "BlockType": "WORD",
      "Confidence": 82.43907165527344,
      "Text": "-",
      "TextType": "PRINTED",
      "Geometry": {
        "BoundingBox": {
          "Width": 0.0080147385597229,
          "Height": 0.002996665658429265,
          "Left": 0.43120887875556946,
          "Top": 0.2961546778678894
        },
        "Polygon": [
          {
            "X": 0.43120887875556946,
            "Y": 0.2964227795600891
          },
          {
            "X": 0.4391648769378662,
            "Y": 0.2961546778678894
          },
          {
            "X": 0.43922361731529236,
            "Y": 0.2988834083080292
          },
          {
            "X": 0.4312673509120941,
            "Y": 0.29915133118629456
          }
        ]
      },
      "Id": "2dcb7a98-6d8a-4836-9147-dd9a1e7280d3",
      "Page": 1
    },
    {
      "BlockType": "WORD",
      "Confidence": 99.75518798828125,
      "Text": "para",
      "TextType": "PRINTED",
      "Geometry": {
        "BoundingBox": {
          "Width": 0.02315356209874153,
          "Height": 0.0094716502353549,
          "Left": 0.1733466535806656,
          "Top": 0.32072874903678894
        },
        "Polygon": [
          {
            "X": 0.1733466535806656,
            "Y": 0.32149988412857056
          },
          {
            "X": 0.1963394284248352,
            "Y": 0.32072874903678894
          },
          {
            "X": 0.19650021195411682,
            "Y": 0.3294311761856079
          },
          {
            "X": 0.17350488901138306,
            "Y": 0.3302004039287567
          }
        ]
      },
      "Id": "5671b581-5bd6-4d7e-a911-b0fd059ba4a4",
      "Page": 1
    },
    {
      "BlockType": "WORD",
      "Confidence": 90.11196899414062,
      "Text": "regressão,",
      "TextType": "PRINTED",
      "Geometry": {
        "BoundingBox": {
          "Width": 0.05373983085155487,
          "Height": 0.013087937608361244,
          "Left": 0.19949473440647125,
          "Top": 0.3145388066768646
        },
        "Polygon": [
          {
            "X": 0.19949473440647125,
            "Y": 0.31633615493774414
          },
          {
            "X": 0.253017783164978,
            "Y": 0.3145388066768646
          },
          {
            "X": 0.2532345652580261,
            "Y": 0.32583513855934143
          },
          {
            "X": 0.19970379769802094,
            "Y": 0.3276267349720001
          }
        ]
      },
      "Id": "ec7375c9-5d28-47d9-bf83-aba9904bfc69",
      "Page": 1
    },
    {
      "BlockType": "WORD",
      "Confidence": 83.57223510742188,
      "Text": "classificação,",
      "TextType": "PRINTED",
      "Geometry": {
        "BoundingBox": {
          "Width": 0.07249781489372253,
          "Height": 0.013722836971282959,
          "Left": 0.25632601976394653,
          "Top": 0.30790525674819946
        },
        "Polygon": [
          {
            "X": 0.25632601976394653,
            "Y": 0.31033504009246826
          },
          {
            "X": 0.3285962641239166,
            "Y": 0.30790525674819946
          },
          {
            "X": 0.32882383465766907,
            "Y": 0.31920602917671204
          },
          {
            "X": 0.25654321908950806,
            "Y": 0.3216280937194824
          }
        ]
      },
      "Id": "d9b25198-eca4-4118-81be-e75a794b088e",
      "Page": 1
    },
    {
      "BlockType": "WORD",
      "Confidence": 97.5650634765625,
      "Text": "97.303%",
      "TextType": "PRINTED",
      "Geometry": {
        "BoundingBox": {
          "Width": 0.026705754920840263,
          "Height": 0.006003985181450844,
          "Left": 0.4319085478782654,
          "Top": 0.3167690336704254
        },
        "Polygon": [
          {
            "X": 0.4319085478782654,
            "Y": 0.3176597058773041
          },
          {
            "X": 0.45850297808647156,
            "Y": 0.3167690336704254
          },
          {
            "X": 0.458614319562912,
            "Y": 0.3218836486339569
          },
          {
            "X": 0.4320181608200073,
            "Y": 0.3227730095386505
          }
        ]
      },
      "Id": "d1e2f25a-6bfd-4669-bc6f-0936829ffa5f",
      "Page": 1
    },
    {
      "BlockType": "WORD",
      "Confidence": 98.97099304199219,
      "Text": "Cloud",
      "TextType": "PRINTED",
      "Geometry": {
        "BoundingBox": {
          "Width": 0.047412674874067307,
          "Height": 0.01713007315993309,
          "Left": 0.013333101756870747,
          "Top": 0.33088386058807373
        },
        "Polygon": [
          {
            "X": 0.013333101756870747,
            "Y": 0.3324626386165619
          },
          {
            "X": 0.06048488989472389,
            "Y": 0.33088386058807373
          },
          {
            "X": 0.06074577942490578,
            "Y": 0.3464421331882477
          },
          {
            "X": 0.013584662228822708,
            "Y": 0.3480139374732971
          }
        ]
      },
      "Id": "e736cf9c-2be8-4942-ba05-6ee644d1778d",
      "Page": 1
    },
    {
      "BlockType": "WORD",
      "Confidence": 97.88943481445312,
      "Text": "previsão",
      "TextType": "PRINTED",
      "Geometry": {
        "BoundingBox": {
          "Width": 0.04441807419061661,
          "Height": 0.012415485456585884,
          "Left": 0.17213664948940277,
          "Top": 0.330824613571167
        },
        "Polygon": [
          {
            "X": 0.17213664948940277,
            "Y": 0.3323027193546295
          },
          {
            "X": 0.21634984016418457,
            "Y": 0.330824613571167
          },
          {
            "X": 0.21655473113059998,
            "Y": 0.3417665660381317
          },
          {
            "X": 0.17233538627624512,
            "Y": 0.3432401120662689
          }
        ]
      },
      "Id": "a6fb491c-f41f-4198-9cd1-b72cc8772465",
      "Page": 1
    },
    {
      "BlockType": "WORD",
      "Confidence": 99.21891784667969,
      "Text": "e",
      "TextType": "PRINTED",
      "Geometry": {
        "BoundingBox": {
          "Width": 0.006199880503118038,
          "Height": 0.006192256696522236,
          "Left": 0.2193547636270523,
          "Top": 0.3315170109272003
        },
        "Polygon": [
          {
            "X": 0.2193547636270523,
            "Y": 0.3317204415798187
          },
          {
            "X": 0.2254418134689331,
            "Y": 0.3315170109272003
          },
          {
            "X": 0.22555464506149292,
            "Y": 0.33750617504119873
          },
          {
            "X": 0.2194671332836151,
            "Y": 0.3377092778682709
          }
        ]
      },
      "Id": "9f399069-c51e-43eb-8182-ef438475ddc2",
      "Page": 1
    },
    {
      "BlockType": "WORD",
      "Confidence": 99.73994445800781,
      "Text": "ajuste",
      "TextType": "PRINTED",
      "Geometry": {
        "BoundingBox": {
          "Width": 0.03274483233690262,
          "Height": 0.01146260928362608,
          "Left": 0.22858935594558716,
          "Top": 0.3271867334842682
        },
        "Polygon": [
          {
            "X": 0.22858935594558716,
            "Y": 0.3282754421234131
          },
          {
            "X": 0.2611340284347534,
            "Y": 0.3271867334842682
          },
          {
            "X": 0.2613341808319092,
            "Y": 0.3375638425350189
          },
          {
            "X": 0.2287852019071579,
            "Y": 0.33864933252334595
          }
        ]
      },
      "Id": "e7a7cb17-aec5-4fab-81d7-8cbaa21a2bcd",
      "Page": 1
    },
    {
      "BlockType": "WORD",
      "Confidence": 99.78437805175781,
      "Text": "fino",
      "TextType": "PRINTED",
      "Geometry": {
        "BoundingBox": {
          "Width": 0.022533854469656944,
          "Height": 0.009311540983617306,
          "Left": 0.2639476954936981,
          "Top": 0.32456937432289124
        },
        "Polygon": [
          {
            "X": 0.2639476954936981,
            "Y": 0.32531797885894775
          },
          {
            "X": 0.28631365299224854,
            "Y": 0.32456937432289124
          },
          {
            "X": 0.2864815592765808,
            "Y": 0.33313414454460144
          },
          {
            "X": 0.2641131579875946,
            "Y": 0.3338809013366699
          }
        ]
      },
      "Id": "a971dd47-b3b7-49db-bd2c-a1be76b34960",
      "Page": 1
    },
    {
      "BlockType": "WORD",
      "Confidence": 99.75454711914062,
      "Text": "de",
      "TextType": "PRINTED",
      "Geometry": {
        "BoundingBox": {
          "Width": 0.01384107954800129,
          "Height": 0.008877202868461609,
          "Left": 0.28945082426071167,
          "Top": 0.3231494426727295
        },
        "Polygon": [
          {
            "X": 0.28945082426071167,
            "Y": 0.3236072361469269
          },
          {
            "X": 0.3031250536441803,
            "Y": 0.3231494426727295
          },
          {
            "X": 0.303291916847229,
            "Y": 0.33156993985176086
          },
          {
            "X": 0.2896162271499634,
            "Y": 0.3320266306400299
          }
        ]
      },
      "Id": "df3198ca-adf9-428c-9805-7644179f3724",
      "Page": 1
    },
    {
      "BlockType": "WORD",
      "Confidence": 99.79546356201172,
      "Text": "FM",
      "TextType": "PRINTED",
      "Geometry": {
        "BoundingBox": {
          "Width": 0.016269592568278313,
          "Height": 0.00872411485761404,
          "Left": 0.3067404329776764,
          "Top": 0.3218521177768707
        },
        "Polygon": [
          {
            "X": 0.3067404329776764,
            "Y": 0.32239142060279846
          },
          {
            "X": 0.32284578680992126,
            "Y": 0.3218521177768707
          },
          {
            "X": 0.32301002740859985,
            "Y": 0.3300381898880005
          },
          {
            "X": 0.30690300464630127,
            "Y": 0.33057624101638794
          }
        ]
      },
      "Id": "e27c99d5-8e8c-4280-9121-b7170372e4f1",
      "Page": 1
    },
    {
      "BlockType": "WORD",
      "Confidence": 99.58816528320312,
      "Text": "Experience",
      "TextType": "PRINTED",
      "Geometry": {
        "BoundingBox": {
          "Width": 0.08821043372154236,
          "Height": 0.021160438656806946,
          "Left": 0.011261471547186375,
          "Top": 0.34746623039245605
        },
        "Polygon": [
          {
            "X": 0.011261471547186375,
            "Y": 0.3503936231136322
          },
          {
            "X": 0.09915711730718613,
            "Y": 0.34746623039245605
          },
          {
            "X": 0.09947190433740616,
            "Y": 0.36571449041366577
          },
          {
            "X": 0.011555870994925499,
            "Y": 0.3686266541481018
          }
        ]
      },
      "Id": "45e8e0c1-9925-4239-a948-2497d4b3a542",
      "Page": 1
    },
    {
      "BlockType": "WORD",
      "Confidence": 99.90167236328125,
      "Text": "Use",
      "TextType": "PRINTED",
      "Geometry": {
        "BoundingBox": {
          "Width": 0.018277036026120186,
          "Height": 0.008582673966884613,
          "Left": 0.17126095294952393,
          "Top": 0.35203051567077637
        },
        "Polygon": [
          {
            "X": 0.17126095294952393,
            "Y": 0.352632999420166
          },
          {
            "X": 0.18939127027988434,
            "Y": 0.35203051567077637
          },
          {
            "X": 0.18953798711299896,
            "Y": 0.36001208424568176
          },
          {
            "X": 0.1714058220386505,
            "Y": 0.3606131970882416
          }
        ]
      },
      "Id": "ea2b7704-2b6d-4848-96a0-a7fff75fd434",
      "Page": 1
    },
    {
      "BlockType": "WORD",
      "Confidence": 75.89865112304688,
      "Text": "o",
      "TextType": "PRINTED",
      "Geometry": {
        "BoundingBox": {
          "Width": 0.006373767741024494,
          "Height": 0.0062246485613286495,
          "Left": 0.19262813031673431,
          "Top": 0.3527868390083313
        },
        "Polygon": [
          {
            "X": 0.19262813031673431,
            "Y": 0.3529948592185974
          },
          {
            "X": 0.1988905668258667,
            "Y": 0.3527868390083313
          },
          {
            "X": 0.19900189340114594,
            "Y": 0.35880380868911743
          },
          {
            "X": 0.19273896515369415,
            "Y": 0.3590114712715149
          }
        ]
      },
      "Id": "3da10ca7-6858-49ef-b9a4-1365d57109a7",
      "Page": 1
    },
    {
      "BlockType": "WORD",
      "Confidence": 98.02713775634766,
      "Text": "AutoML",
      "TextType": "PRINTED",
      "Geometry": {
        "BoundingBox": {
          "Width": 0.040703509002923965,
          "Height": 0.009929739870131016,
          "Left": 0.20158562064170837,
          "Top": 0.3480484187602997
        },
        "Polygon": [
          {
            "X": 0.20158562064170837,
            "Y": 0.3493964970111847
          },
          {
            "X": 0.24212563037872314,
            "Y": 0.3480484187602997
          },
          {
            "X": 0.24228912591934204,
            "Y": 0.35663342475891113
          },
          {
            "X": 0.2017446905374527,
            "Y": 0.3579781651496887
          }
        ]
      },
      "Id": "73e1656e-0183-4f92-9099-b482e51e67e9",
      "Page": 1
    },
    {
      "BlockType": "WORD",
      "Confidence": 99.47314453125,
      "Text": "ou",
      "TextType": "PRINTED",
      "Geometry": {
        "BoundingBox": {
          "Width": 0.013028327375650406,
          "Height": 0.0066231717355549335,
          "Left": 0.245548278093338,
          "Top": 0.3482383191585541
        },
        "Polygon": [
          {
            "X": 0.245548278093338,
            "Y": 0.3486674726009369
          },
          {
            "X": 0.25845736265182495,
            "Y": 0.3482383191585541
          },
          {
            "X": 0.2585766017436981,
            "Y": 0.3544330596923828
          },
          {
            "X": 0.24566650390625,
            "Y": 0.35486146807670593
          }
        ]
      },
      "Id": "1099be5a-c5f7-41a5-b9cb-5c80927ef8b3",
      "Page": 1
    },
    {
      "BlockType": "WORD",
      "Confidence": 98.52826690673828,
      "Text": "selecione",
      "TextType": "PRINTED",
      "Geometry": {
        "BoundingBox": {
          "Width": 0.05016184225678444,
          "Height": 0.010582098737359047,
          "Left": 0.2618542015552521,
          "Top": 0.34300798177719116
        },
        "Polygon": [
          {
            "X": 0.2618542015552521,
            "Y": 0.3446713984012604
          },
          {
            "X": 0.311838299036026,
            "Y": 0.34300798177719116
          },
          {
            "X": 0.3120160400867462,
            "Y": 0.3519308567047119
          },
          {
            "X": 0.26202628016471863,
            "Y": 0.35359007120132446
          }
        ]
      },
      "Id": "6a701c70-3f2b-4f9a-b096-9f34062a01b6",
      "Page": 1
    },
    {
      "BlockType": "WORD",
      "Confidence": 99.71015167236328,
      "Text": "2025",
      "TextType": "PRINTED",
      "Geometry": {
        "BoundingBox": {
          "Width": 0.03884653002023697,
          "Height": 0.013576416298747063,
          "Left": 0.010132101364433765,
          "Top": 0.37057480216026306
        },
        "Polygon": [
          {
            "X": 0.010132101364433765,
            "Y": 0.3718535900115967
          },
          {
            "X": 0.04877425357699394,
            "Y": 0.37057480216026306
          },
          {
            "X": 0.04897863045334816,
            "Y": 0.3828769624233246
          },
          {
            "X": 0.010330437682569027,
            "Y": 0.3841512203216553
          }
        ]
      },
      "Id": "3befea53-3dd3-41b7-bb1c-d44c2867a977",
      "Page": 1
    },
    {
      "BlockType": "WORD",
      "Confidence": 98.29037475585938,
      "Text": "algoritmos",
      "TextType": "PRINTED",
      "Geometry": {
        "BoundingBox": {
          "Width": 0.05521700531244278,
          "Height": 0.012087753973901272,
          "Left": 0.16996996104717255,
          "Top": 0.3634345829486847
        },
        "Polygon": [
          {
            "X": 0.16996996104717255,
            "Y": 0.3652561902999878
          },
          {
            "X": 0.22499360144138336,
            "Y": 0.3634345829486847
          },
          {
            "X": 0.22518695890903473,
            "Y": 0.37370607256889343
          },
          {
            "X": 0.17015613615512848,
            "Y": 0.37552231550216675
          }
        ]
      },
      "Id": "e24873bc-699c-42cb-b6aa-e21fd4fcd36d",
      "Page": 1
    },
    {
      "BlockType": "WORD",
      "Confidence": 99.31597137451172,
      "Text": "Escolha",
      "TextType": "PRINTED",
      "Geometry": {
        "BoundingBox": {
          "Width": 0.03843659162521362,
          "Height": 0.010277345776557922,
          "Left": 0.16898097097873688,
          "Top": 0.3829350471496582
        },
        "Polygon": [
          {
            "X": 0.16898097097873688,
            "Y": 0.3841947913169861
          },
          {
            "X": 0.20724979043006897,
            "Y": 0.3829350471496582
          },
          {
            "X": 0.2074175626039505,
            "Y": 0.3919559121131897
          },
          {
            "X": 0.16914434731006622,
            "Y": 0.39321237802505493
          }
        ]
      },
      "Id": "3804fa5a-08a4-4c96-ac93-e70b5e128474",
      "Page": 1
    },
    {
      "BlockType": "WORD",
      "Confidence": 87.1512680053711,
      "Text": "métricas",
      "TextType": "PRINTED",
      "Geometry": {
        "BoundingBox": {
          "Width": 0.044735994189977646,
          "Height": 0.01027714367955923,
          "Left": 0.21052633225917816,
          "Top": 0.3800841271877289
        },
        "Polygon": [
          {
            "X": 0.21052633225917816,
            "Y": 0.3815517723560333
          },
          {
            "X": 0.25509312748908997,
            "Y": 0.3800841271877289
          },
          {
            "X": 0.2552623450756073,
            "Y": 0.3888973593711853
          },
          {
            "X": 0.21069054305553436,
            "Y": 0.3903612792491913
          }
        ]
      },
      "Id": "a2ae0791-29e8-45dc-8f73-fff766513980",
      "Page": 1
    },
    {
      "BlockType": "WORD",
      "Confidence": 90.91142272949219,
      "Text": "objetivas,",
      "TextType": "PRINTED",
      "Geometry": {
        "BoundingBox": {
          "Width": 0.05072328448295593,
          "Height": 0.011702321469783783,
          "Left": 0.2586817145347595,
          "Top": 0.3765069842338562
        },
        "Polygon": [
          {
            "X": 0.2586817145347595,
            "Y": 0.3781716823577881
          },
          {
            "X": 0.3092053532600403,
            "Y": 0.3765069842338562
          },
          {
            "X": 0.30940499901771545,
            "Y": 0.3865494132041931
          },
          {
            "X": 0.25887489318847656,
            "Y": 0.3882093131542206
          }
        ]
      },
      "Id": "05b860d6-af90-4b3f-8e7e-becec4d3486f",
      "Page": 1
    },
    {
      "BlockType": "WORD",
      "Confidence": 96.01402282714844,
      "Text": "divisões",
      "TextType": "PRINTED",
      "Geometry": {
        "BoundingBox": {
          "Width": 0.04420699551701546,
          "Height": 0.009867400862276554,
          "Left": 0.313215970993042,
          "Top": 0.3737601041793823
        },
        "Polygon": [
          {
            "X": 0.313215970993042,
            "Y": 0.3752115070819855
          },
          {
            "X": 0.35725051164627075,
            "Y": 0.3737601041793823
          },
          {
            "X": 0.35742297768592834,
            "Y": 0.3821796178817749
          },
          {
            "X": 0.31338372826576233,
            "Y": 0.3836275041103363
          }
        ]
      },
      "Id": "572798b9-bdc4-47fa-9c11-649d17969ae0",
      "Page": 1
    },
    {
      "BlockType": "WORD",
      "Confidence": 99.7538070678711,
      "Text": "de",
      "TextType": "PRINTED",
      "Geometry": {
        "BoundingBox": {
          "Width": 0.012489115819334984,
          "Height": 0.00841550063341856,
          "Left": 0.16791971027851105,
          "Top": 0.39812302589416504
        },
        "Polygon": [
          {
            "X": 0.16791971027851105,
            "Y": 0.398527592420578
          },
          {
            "X": 0.18026255071163177,
            "Y": 0.39812302589416504
          },
          {
            "X": 0.18040882050991058,
            "Y": 0.4061349034309387
          },
          {
            "X": 0.16806471347808838,
            "Y": 0.4065385162830353
          }
        ]
      },
      "Id": "711d3b9d-eaa1-45de-b75c-dc53f59ad1bc",
      "Page": 1
    },
    {
      "BlockType": "WORD",
      "Confidence": 99.52104949951172,
      "Text": "dados",
      "TextType": "PRINTED",
      "Geometry": {
        "BoundingBox": {
          "Width": 0.03120538964867592,
          "Height": 0.009420331567525864,
          "Left": 0.18310022354125977,
          "Top": 0.39633238315582275
        },
        "Polygon": [
          {
            "X": 0.18310022354125977,
            "Y": 0.3973502516746521
          },
          {
            "X": 0.21414858102798462,
            "Y": 0.39633238315582275
          },
          {
            "X": 0.21430560946464539,
            "Y": 0.40473732352256775
          },
          {
            "X": 0.1832539141178131,
            "Y": 0.4057527184486389
          }
        ]
      },
      "Id": "1b05a219-277d-4fb2-aea8-4ef6bd048de5",
      "Page": 1
    },
    {
      "BlockType": "WORD",
      "Confidence": 99.37920379638672,
      "Text": "e",
      "TextType": "PRINTED",
      "Geometry": {
        "BoundingBox": {
          "Width": 0.006287003867328167,
          "Height": 0.006350578740239143,
          "Left": 0.21714697778224945,
          "Top": 0.3973594605922699
        },
        "Polygon": [
          {
            "X": 0.21714697778224945,
            "Y": 0.3975616991519928
          },
          {
            "X": 0.22331839799880981,
            "Y": 0.3973594605922699
          },
          {
            "X": 0.2234339714050293,
            "Y": 0.40350815653800964
          },
          {
            "X": 0.21726205945014954,
            "Y": 0.4037100374698639
          }
        ]
      },
      "Id": "d180520b-78f3-43da-b272-38d8c87a6684",
      "Page": 1
    },
    {
      "BlockType": "WORD",
      "Confidence": 99.81682586669922,
      "Text": "outros",
      "TextType": "PRINTED",
      "Geometry": {
        "BoundingBox": {
          "Width": 0.03429701179265976,
          "Height": 0.009125280193984509,
          "Left": 0.22662042081356049,
          "Top": 0.3940635919570923
        },
        "Polygon": [
          {
            "X": 0.22662042081356049,
            "Y": 0.39518317580223083
          },
          {
            "X": 0.26076313853263855,
            "Y": 0.3940635919570923
          },
          {
            "X": 0.26091742515563965,
            "Y": 0.40207189321517944
          },
          {
            "X": 0.2267712503671646,
            "Y": 0.40318888425827026
          }
        ]
      },
      "Id": "e4dcfc66-59cc-4781-9378-c9ae6c2f3b00",
      "Page": 1
    },
    {
      "BlockType": "WORD",
      "Confidence": 99.32069396972656,
      "Text": "controles",
      "TextType": "PRINTED",
      "Geometry": {
        "BoundingBox": {
          "Width": 0.050640106201171875,
          "Height": 0.010628487914800644,
          "Left": 0.26395562291145325,
          "Top": 0.3902311325073242
        },
        "Polygon": [
          {
            "X": 0.26395562291145325,
            "Y": 0.3918868601322174
          },
          {
            "X": 0.31441670656204224,
            "Y": 0.3902311325073242
          },
          {
            "X": 0.3145957291126251,
            "Y": 0.3992082178592682
          },
          {
            "X": 0.2641288638114929,
            "Y": 0.40085962414741516
          }
        ]
      },
      "Id": "fded43c6-875d-426e-b73f-9f64a998b489",
      "Page": 1
    },
    {
      "BlockType": "WORD",
      "Confidence": 99.88445281982422,
      "Text": "de",
      "TextType": "PRINTED",
      "Geometry": {
        "BoundingBox": {
          "Width": 0.013085435144603252,
          "Height": 0.00837293267250061,
          "Left": 0.3180752694606781,
          "Top": 0.3892378509044647
        },
        "Polygon": [
          {
            "X": 0.3180752694606781,
            "Y": 0.3896619975566864
          },
          {
            "X": 0.33100053668022156,
            "Y": 0.3892378509044647
          },
          {
            "X": 0.3311607241630554,
            "Y": 0.39718759059906006
          },
          {
            "X": 0.3182341456413269,
            "Y": 0.39761078357696533
          }
        ]
      },
      "Id": "57d26eb3-cf96-4791-9f36-1e178f9a2d6f",
      "Page": 1
    },
    {
      "BlockType": "WORD",
      "Confidence": 99.08944702148438,
      "Text": "modelo",
      "TextType": "PRINTED",
      "Geometry": {
        "BoundingBox": {
          "Width": 0.03836200758814812,
          "Height": 0.010020546615123749,
          "Left": 0.16670367121696472,
          "Top": 0.4101857542991638
        },
        "Polygon": [
          {
            "X": 0.16670367121696472,
            "Y": 0.4114329516887665
          },
          {
            "X": 0.2049027681350708,
            "Y": 0.4101857542991638
          },
          {
            "X": 0.20506568253040314,
            "Y": 0.418962299823761
          },
          {
            "X": 0.16686232388019562,
            "Y": 0.42020630836486816
          }
        ]
      },
      "Id": "01289e94-0895-4433-b5e4-b68b1eb2d874",
      "Page": 1
    },
    {
      "BlockType": "WORD",
      "Confidence": 99.83631134033203,
      "Text": "Analise",
      "TextType": "PRINTED",
      "Geometry": {
        "BoundingBox": {
          "Width": 0.037177540361881256,
          "Height": 0.009382486343383789,
          "Left": 0.16502787172794342,
          "Top": 0.43028897047042847
        },
        "Polygon": [
          {
            "X": 0.16502787172794342,
            "Y": 0.4314905107021332
          },
          {
            "X": 0.20205381512641907,
            "Y": 0.43028897047042847
          },
          {
            "X": 0.20220540463924408,
            "Y": 0.43847277760505676
          },
          {
            "X": 0.16517560184001923,
            "Y": 0.43967145681381226
          }
        ]
      },
      "Id": "7ce1c254-1b3d-4a91-a756-6376fcab4e2b",
      "Page": 1
    },
    {
      "BlockType": "WORD",
      "Confidence": 99.83843231201172,
      "Text": "as",
      "TextType": "PRINTED",
      "Geometry": {
        "BoundingBox": {
          "Width": 0.011223724111914635,
          "Height": 0.006550119258463383,
          "Left": 0.20558251440525055,
          "Top": 0.43108731508255005
        },
        "Polygon": [
          {
            "X": 0.20558251440525055,
            "Y": 0.4314476251602173
          },
          {
            "X": 0.21669045090675354,
            "Y": 0.43108731508255005
          },
          {
            "X": 0.21680624783039093,
            "Y": 0.43727776408195496
          },
          {
            "X": 0.2056974470615387,
            "Y": 0.43763741850852966
          }
        ]
      },
      "Id": "52a0f811-2f4a-4623-b75d-bf6b1d32da97",
      "Page": 1
    },
    {
      "BlockType": "WORD",
      "Confidence": 96.7209243774414,
      "Text": "métricas",
      "TextType": "PRINTED",
      "Geometry": {
        "BoundingBox": {
          "Width": 0.04563366249203682,
          "Height": 0.010232438333332539,
          "Left": 0.21996653079986572,
          "Top": 0.4267861843109131
        },
        "Polygon": [
          {
            "X": 0.21996653079986572,
            "Y": 0.42826220393180847
          },
          {
            "X": 0.2654309570789337,
            "Y": 0.4267861843109131
          },
          {
            "X": 0.26560020446777344,
            "Y": 0.4355463683605194
          },
          {
            "X": 0.22013069689273834,
            "Y": 0.43701863288879395
          }
        ]
      },
      "Id": "3a60ebee-1184-4bdc-8959-8a743642a673",
      "Page": 1
    },
    {
      "BlockType": "WORD",
      "Confidence": 99.82125091552734,
      "Text": "do",
      "TextType": "PRINTED",
      "Geometry": {
        "BoundingBox": {
          "Width": 0.013785837218165398,
          "Height": 0.008716132491827011,
          "Left": 0.26848191022872925,
          "Top": 0.4259498417377472
        },
        "Polygon": [
          {
            "X": 0.26848191022872925,
            "Y": 0.42639219760894775
          },
          {
            "X": 0.2821061909198761,
            "Y": 0.4259498417377472
          },
          {
            "X": 0.2822677493095398,
            "Y": 0.4342246949672699
          },
          {
            "X": 0.2686420679092407,
            "Y": 0.4346659779548645
          }
        ]
      },
      "Id": "07f6e08f-6872-4f33-af10-663e25d2ca15",
      "Page": 1
    },
    {
      "BlockType": "WORD",
      "Confidence": 99.64449310302734,
      "Text": "modelo",
      "TextType": "PRINTED",
      "Geometry": {
        "BoundingBox": {
          "Width": 0.04176792502403259,
          "Height": 0.009810621850192547,
          "Left": 0.28587856888771057,
          "Top": 0.42396268248558044
        },
        "Polygon": [
          {
            "X": 0.28587856888771057,
            "Y": 0.4253135025501251
          },
          {
            "X": 0.3274764120578766,
            "Y": 0.42396268248558044
          },
          {
            "X": 0.32764649391174316,
            "Y": 0.4324257969856262
          },
          {
            "X": 0.2860441505908966,
            "Y": 0.43377330899238586
          }
        ]
      },
      "Id": "e5a5743c-3225-4a92-998a-b8ff2ea5a739",
      "Page": 1
    }
  ],
  "DetectDocumentTextModelVersion": "1.0"
}