{
  "DocumentMetadata": {
    "Pages": 1
  },
  "JobStatus": "SUCCEEDED",
  "Blocks": [
    {
      "BlockType": "PAGE",
      "Geometry": {
        "BoundingBox": {
          "Width": 1,
          "Height": 1,
          "Left": 0,
          "Top": 0
        },
        "Polygon": [
          {
            "X": 9.534618783391124e-8,
            "Y": 0
          },
          {
            "X": 0.9998332858085632,
            "Y": 0
          },
          {
            "X": 1,
            "Y": 1
          },
          {
            "X": 0,
            "Y": 0.9921817779541016
          }
        ]
      },
      "Id": "355504b0-aa0c-47ed-be25-a65a18f24cab",
      "Relationships": [
        {
          "Type": "CHILD",
          "Ids": [
            "603c6c33-61e5-4d55-81d9-fca94875b783",
            "40c943e1-c0a2-4f69-8f8c-037e0f82d2ab",
            "f74f48ce-e34d-4bfa-8179-a9a3e6c885cf",
            "8bfe2876-d535-471a-a758-d80ecaae9fed",
            "9d01c5c7-700b-4ab8-aa99-58497510aae0",
            "bb4db4eb-ddfc-41c6-a9e7-7b0c6d675151",
            "20d6fedc-9b8f-4cf5-8e70-dd8125e497c9",
            "db5cc299-1fce-4083-8e03-699c8a023d20",
            "16dc7681-e86e-40e4-baaf-7d89399a021e",
            "ad371826-8a24-44bf-a07a-5e7229303467",
            "7aabb20d-0562-4fc2-a6ed-776ba47091b9",
            "8d83dd69-5169-4b24-973c-6b9aef7d7309",
            "07c0403c-e0b1-45bc-859f-6aa86626ebe4",
            "51847b60-04dd-47cd-aa6a-a58242f4f8ab",
            "a23d9a55-62a2-44ee-b899-441a946f1d46",
            "804ce93a-2831-4780-97a1-63371f0791ff",
            "972da32f-75e7-49aa-953e-43d7c202037a",
            "49915a12-3b49-4780-84f9-325eaed56ece",
            "2e44002e-8afb-4ad6-9d96-a49eb930953f",
            "93eead7c-4e62-485a-b797-5484aab5c5d6"
          ]
        }
      ],
      "Page": 1
    },
    {
      "BlockType": "LINE",
      "Confidence": 99.41277313232422,
      "Text": "e podem ser facilmente",
      "Geometry": {
        "BoundingBox": {
          "Width": 0.4010498821735382,
          "Height": 0.05913494899868965,
          "Left": 0.18384823203086853,
          "Top": 0.14288927614688873
        },
        "Polygon": [
          {
            "X": 0.1856541782617569,
            "Y": 0.17368052899837494
          },
          {
            "X": 0.5848981142044067,
            "Y": 0.14288927614688873
          },
          {
            "X": 0.5840352773666382,
            "Y": 0.1735721081495285
          },
          {
            "X": 0.18384823203086853,
            "Y": 0.20202422142028809
          }
        ]
      },
      "Id": "603c6c33-61e5-4d55-81d9-fca94875b783",
      "Relationships": [
        {
          "Type": "CHILD",
          "Ids": [
            "6d9e91da-687d-44e3-81a3-d8727d404892",
            "9b976e72-3b7a-4ff7-8240-4b0849aab4c7",
            "e518cf5c-2c10-42b8-ac6e-427f360eac24",
            "311e1d20-dc82-4b7b-8bc7-ccaeb284a80b"
          ]
        }
      ],
      "Page": 1
    },
    {
      "BlockType": "LINE",
      "Confidence": 99.574951171875,
      "Text": "expandidos",
      "Geometry": {
        "BoundingBox": {
          "Width": 0.16375863552093506,
          "Height": 0.03755737841129303,
          "Left": 0.11852332204580307,
          "Top": 0.1961858719587326
        },
        "Polygon": [
          {
            "X": 0.12033193558454514,
            "Y": 0.2076607346534729
          },
          {
            "X": 0.2822819650173187,
            "Y": 0.1961858719587326
          },
          {
            "X": 0.2807992398738861,
            "Y": 0.22315804660320282
          },
          {
            "X": 0.11852332204580307,
            "Y": 0.23374325037002563
          }
        ]
      },
      "Id": "40c943e1-c0a2-4f69-8f8c-037e0f82d2ab",
      "Relationships": [
        {
          "Type": "CHILD",
          "Ids": [
            "59e3335f-2e97-4d45-948f-54e6aa96b469"
          ]
        }
      ],
      "Page": 1
    },
    {
      "BlockType": "LINE",
      "Confidence": 98.32273864746094,
      "Text": "Ações de folgas remuneradas",
      "Geometry": {
        "BoundingBox": {
          "Width": 0.1527547389268875,
          "Height": 0.020428620278835297,
          "Left": 0.2882789373397827,
          "Top": 0.22802330553531647
        },
        "Polygon": [
          {
            "X": 0.2888736128807068,
            "Y": 0.23747657239437103
          },
          {
            "X": 0.44103366136550903,
            "Y": 0.22802330553531647
          },
          {
            "X": 0.440573126077652,
            "Y": 0.23933853209018707
          },
          {
            "X": 0.2882789373397827,
            "Y": 0.24845193326473236
          }
        ]
      },
      "Id": "f74f48ce-e34d-4bfa-8179-a9a3e6c885cf",
      "Relationships": [
        {
          "Type": "CHILD",
          "Ids": [
            "5f3a75e3-c3bb-496b-a90e-b096384e7ccd",
            "b8746464-9bb0-43fd-970c-b8571c8f72f8",
            "8df57d18-831c-4bd0-96e7-5f152578f464",
            "1cf0a70b-28d3-4a0c-bf60-90bbf880baf3"
          ]
        }
      ],
      "Page": 1
    },
    {
      "BlockType": "LINE",
      "Confidence": 90.9421157836914,
      "Text": "obtenha-saldo-de-férias",
      "Geometry": {
        "BoundingBox": {
          "Width": 0.12841634452342987,
          "Height": 0.016251180320978165,
          "Left": 0.31708624958992004,
          "Top": 0.24302557110786438
        },
        "Polygon": [
          {
            "X": 0.31753480434417725,
            "Y": 0.2505801320075989
          },
          {
            "X": 0.4455026090145111,
            "Y": 0.24302557110786438
          },
          {
            "X": 0.4451434910297394,
            "Y": 0.2519475817680359
          },
          {
            "X": 0.31708624958992004,
            "Y": 0.25927674770355225
          }
        ]
      },
      "Id": "8bfe2876-d535-471a-a758-d80ecaae9fed",
      "Relationships": [
        {
          "Type": "CHILD",
          "Ids": [
            "70a01b93-75a9-452f-94e4-eabc4a380a91"
          ]
        }
      ],
      "Page": 1
    },
    {
      "BlockType": "LINE",
      "Confidence": 87.44639587402344,
      "Text": "obtenha-saldo-banco-de-horas",
      "Geometry": {
        "BoundingBox": {
          "Width": 0.16582061350345612,
          "Height": 0.018711097538471222,
          "Left": 0.31689536571502686,
          "Top": 0.2510874569416046
        },
        "Polygon": [
          {
            "X": 0.3173742890357971,
            "Y": 0.2605077028274536
          },
          {
            "X": 0.48271599411964417,
            "Y": 0.2510874569416046
          },
          {
            "X": 0.48236149549484253,
            "Y": 0.26068970561027527
          },
          {
            "X": 0.31689536571502686,
            "Y": 0.26979854702949524
          }
        ]
      },
      "Id": "9d01c5c7-700b-4ab8-aa99-58497510aae0",
      "Relationships": [
        {
          "Type": "CHILD",
          "Ids": [
            "040f85cc-f4cd-4e3e-b878-1d63df5182e6"
          ]
        }
      ],
      "Page": 1
    },
    {
      "BlockType": "LINE",
      "Confidence": 96.70114135742188,
      "Text": "ence",
      "Geometry": {
        "BoundingBox": {
          "Width": 0.04003579542040825,
          "Height": 0.012857908383011818,
          "Left": 0,
          "Top": 0.28191739320755005
        },
        "Polygon": [
          {
            "X": 0,
            "Y": 0.2841953933238983
          },
          {
            "X": 0.04003579542040825,
            "Y": 0.28191739320755005
          },
          {
            "X": 0.03922465443611145,
            "Y": 0.2925914525985718
          },
          {
            "X": 0,
            "Y": 0.2947753071784973
          }
        ]
      },
      "Id": "bb4db4eb-ddfc-41c6-a9e7-7b0c6d675151",
      "Relationships": [
        {
          "Type": "CHILD",
          "Ids": [
            "6a08cb92-ea55-4eec-a552-7b038844027e"
          ]
        }
      ],
      "Page": 1
    },
    {
      "BlockType": "LINE",
      "Confidence": 99.14244079589844,
      "Text": "reserve-uma-folga",
      "Geometry": {
        "BoundingBox": {
          "Width": 0.09757992625236511,
          "Height": 0.014964364469051361,
          "Left": 0.3164021968841553,
          "Top": 0.26670703291893005
        },
        "Polygon": [
          {
            "X": 0.3169002830982208,
            "Y": 0.2720067799091339
          },
          {
            "X": 0.4139821231365204,
            "Y": 0.26670703291893005
          },
          {
            "X": 0.4135587811470032,
            "Y": 0.2765621244907379
          },
          {
            "X": 0.3164021968841553,
            "Y": 0.281671404838562
          }
        ]
      },
      "Id": "20d6fedc-9b8f-4cf5-8e70-dd8125e497c9",
      "Relationships": [
        {
          "Type": "CHILD",
          "Ids": [
            "49de7bcd-9e6a-4b97-804e-ab505fd37da8"
          ]
        }
      ],
      "Page": 1
    },
    {
      "BlockType": "LINE",
      "Confidence": 98.55150604248047,
      "Text": "Microsserviço de",
      "Geometry": {
        "BoundingBox": {
          "Width": 0.08495340496301651,
          "Height": 0.013290103524923325,
          "Left": 0.5211079120635986,
          "Top": 0.2606450319290161
        },
        "Polygon": [
          {
            "X": 0.5214002728462219,
            "Y": 0.26519331336021423
          },
          {
            "X": 0.6060612797737122,
            "Y": 0.2606450319290161
          },
          {
            "X": 0.6058306694030762,
            "Y": 0.26953086256980896
          },
          {
            "X": 0.5211079120635986,
            "Y": 0.27393513917922974
          }
        ]
      },
      "Id": "db5cc299-1fce-4083-8e03-699c8a023d20",
      "Relationships": [
        {
          "Type": "CHILD",
          "Ids": [
            "1f5e8f1f-e446-42c9-a11a-2b6bfa3a213a",
            "5f7130b9-a470-4794-b8db-f65d2a5952b3"
          ]
        }
      ],
      "Page": 1
    },
    {
      "BlockType": "LINE",
      "Confidence": 99.8430404663086,
      "Text": "Banco de dados de",
      "Geometry": {
        "BoundingBox": {
          "Width": 0.1014149859547615,
          "Height": 0.01334677916020155,
          "Left": 0.6233338117599487,
          "Top": 0.25323301553726196
        },
        "Polygon": [
          {
            "X": 0.623526394367218,
            "Y": 0.25869113206863403
          },
          {
            "X": 0.7247487902641296,
            "Y": 0.25323301553726196
          },
          {
            "X": 0.7246246933937073,
            "Y": 0.2612738609313965
          },
          {
            "X": 0.6233338117599487,
            "Y": 0.266579806804657
          }
        ]
      },
      "Id": "16dc7681-e86e-40e4-baaf-7d89399a021e",
      "Relationships": [
        {
          "Type": "CHILD",
          "Ids": [
            "fc8b9f96-81b6-4956-8d99-0bf0cd4d1698",
            "1c23cfed-87b3-4e71-ac92-e678545f812e",
            "c1426cba-1c49-447b-9123-7a4aaf1a4d3d",
            "d58c16d0-39f2-4237-adbf-1b08747d8c61"
          ]
        }
      ],
      "Page": 1
    },
    {
      "BlockType": "LINE",
      "Confidence": 98.0744857788086,
      "Text": "reserve-uma-férias",
      "Geometry": {
        "BoundingBox": {
          "Width": 0.10045956820249557,
          "Height": 0.013315688818693161,
          "Left": 0.31558069586753845,
          "Top": 0.277249276638031
        },
        "Polygon": [
          {
            "X": 0.3159969449043274,
            "Y": 0.2824937105178833
          },
          {
            "X": 0.4160402715206146,
            "Y": 0.277249276638031
          },
          {
            "X": 0.41568833589553833,
            "Y": 0.28548464179039
          },
          {
            "X": 0.31558069586753845,
            "Y": 0.29056495428085327
          }
        ]
      },
      "Id": "ad371826-8a24-44bf-a07a-5e7229303467",
      "Relationships": [
        {
          "Type": "CHILD",
          "Ids": [
            "3f367e91-181d-4459-81c6-3cc750c9d342"
          ]
        }
      ],
      "Page": 1
    },
    {
      "BlockType": "LINE",
      "Confidence": 99.47665405273438,
      "Text": "folga remunerada",
      "Geometry": {
        "BoundingBox": {
          "Width": 0.09173151105642319,
          "Height": 0.014228878542780876,
          "Left": 0.5175442695617676,
          "Top": 0.2703186571598053
        },
        "Polygon": [
          {
            "X": 0.5178645253181458,
            "Y": 0.2750532925128937
          },
          {
            "X": 0.6092758178710938,
            "Y": 0.2703186571598053
          },
          {
            "X": 0.6090279817581177,
            "Y": 0.2799820899963379
          },
          {
            "X": 0.5175442695617676,
            "Y": 0.2845475375652313
          }
        ]
      },
      "Id": "7aabb20d-0562-4fc2-a6ed-776ba47091b9",
      "Relationships": [
        {
          "Type": "CHILD",
          "Ids": [
            "65c108b2-382f-4508-a8be-5c067a9fabd6",
            "ebe930cd-8794-4d13-a41e-be360bd8030b"
          ]
        }
      ],
      "Page": 1
    },
    {
      "BlockType": "LINE",
      "Confidence": 99.4183349609375,
      "Text": "folga remunerada",
      "Geometry": {
        "BoundingBox": {
          "Width": 0.09693626314401627,
          "Height": 0.013780456967651844,
          "Left": 0.6252335906028748,
          "Top": 0.2638448178768158
        },
        "Polygon": [
          {
            "X": 0.6254456639289856,
            "Y": 0.26886627078056335
          },
          {
            "X": 0.722169816493988,
            "Y": 0.2638448178768158
          },
          {
            "X": 0.7220302224159241,
            "Y": 0.2727654278278351
          },
          {
            "X": 0.6252335906028748,
            "Y": 0.27762529253959656
          }
        ]
      },
      "Id": "8d83dd69-5169-4b24-973c-6b9aef7d7309",
      "Relationships": [
        {
          "Type": "CHILD",
          "Ids": [
            "defbb64a-71eb-4132-856f-4ec52fc6a2f3",
            "52519321-a7f0-46cf-9516-887b4d5bf5b6"
          ]
        }
      ],
      "Page": 1
    },
    {
      "BlockType": "LINE",
      "Confidence": 99.20629119873047,
      "Text": "V2",
      "Geometry": {
        "BoundingBox": {
          "Width": 0.024458888918161392,
          "Height": 0.013762256130576134,
          "Left": 0.12590348720550537,
          "Top": 0.3011481761932373
        },
        "Polygon": [
          {
            "X": 0.1267610788345337,
            "Y": 0.3023347556591034
          },
          {
            "X": 0.15036237239837646,
            "Y": 0.3011481761932373
          },
          {
            "X": 0.14952675998210907,
            "Y": 0.3137868344783783
          },
          {
            "X": 0.12590348720550537,
            "Y": 0.3149104416370392
          }
        ]
      },
      "Id": "07c0403c-e0b1-45bc-859f-6aa86626ebe4",
      "Relationships": [
        {
          "Type": "CHILD",
          "Ids": [
            "f45e7593-e264-459d-a53e-1dda6651ebf3"
          ]
        }
      ],
      "Page": 1
    },
    {
      "BlockType": "LINE",
      "Confidence": 87.52945709228516,
      "Text": "a",
      "Geometry": {
        "BoundingBox": {
          "Width": 0.04523582011461258,
          "Height": 0.06337074190378189,
          "Left": 0.954764187335968,
          "Top": 0.21698644757270813
        },
        "Polygon": [
          {
            "X": 0.954764187335968,
            "Y": 0.2196745127439499
          },
          {
            "X": 1,
            "Y": 0.21698644757270813
          },
          {
            "X": 1,
            "Y": 0.2781750559806824
          },
          {
            "X": 0.9550665616989136,
            "Y": 0.2803571820259094
          }
        ]
      },
      "Id": "51847b60-04dd-47cd-aa6a-a58242f4f8ab",
      "Relationships": [
        {
          "Type": "CHILD",
          "Ids": [
            "20c820fa-f25b-4464-91c6-d60389b51397"
          ]
        }
      ],
      "Page": 1
    },
    {
      "BlockType": "LINE",
      "Confidence": 99.71717834472656,
      "Text": "Base de conhecimento",
      "Geometry": {
        "BoundingBox": {
          "Width": 0.1176425963640213,
          "Height": 0.014022120274603367,
          "Left": 0.3100500702857971,
          "Top": 0.29975906014442444
        },
        "Polygon": [
          {
            "X": 0.31048792600631714,
            "Y": 0.30535274744033813
          },
          {
            "X": 0.4276926517486572,
            "Y": 0.29975906014442444
          },
          {
            "X": 0.4273334741592407,
            "Y": 0.30838891863822937
          },
          {
            "X": 0.3100500702857971,
            "Y": 0.31378117203712463
          }
        ]
      },
      "Id": "a23d9a55-62a2-44ee-b899-441a946f1d46",
      "Relationships": [
        {
          "Type": "CHILD",
          "Ids": [
            "48b91922-46c8-4ebc-a90e-eb4f6b8fc744",
            "e8d4e797-8b63-4d7b-804d-e96908713a11",
            "74b15459-9a9e-4305-8b77-0d8fc6e7d351"
          ]
        }
      ],
      "Page": 1
    },
    {
      "BlockType": "LINE",
      "Confidence": 99.88573455810547,
      "Text": "de RH",
      "Geometry": {
        "BoundingBox": {
          "Width": 0.03194301947951317,
          "Height": 0.008875641971826553,
          "Left": 0.35165470838546753,
          "Top": 0.3130355775356293
        },
        "Polygon": [
          {
            "X": 0.3520136773586273,
            "Y": 0.3144706189632416
          },
          {
            "X": 0.383597731590271,
            "Y": 0.3130355775356293
          },
          {
            "X": 0.38325729966163635,
            "Y": 0.3205237090587616
          },
          {
            "X": 0.35165470838546753,
            "Y": 0.3219112157821655
          }
        ]
      },
      "Id": "804ce93a-2831-4780-97a1-63371f0791ff",
      "Relationships": [
        {
          "Type": "CHILD",
          "Ids": [
            "85aa830e-e9c8-41c4-ba7d-707b545181ab",
            "e411e5b3-3c09-4809-9f5c-6ba1b3b5460b"
          ]
        }
      ],
      "Page": 1
    },
    {
      "BlockType": "LINE",
      "Confidence": 99.72726440429688,
      "Text": "Agente de",
      "Geometry": {
        "BoundingBox": {
          "Width": 0.049032870680093765,
          "Height": 0.010475783608853817,
          "Left": 0.17078706622123718,
          "Top": 0.32695791125297546
        },
        "Polygon": [
          {
            "X": 0.17132164537906647,
            "Y": 0.3290948271751404
          },
          {
            "X": 0.21981993317604065,
            "Y": 0.32695791125297546
          },
          {
            "X": 0.2193158119916916,
            "Y": 0.3353818953037262
          },
          {
            "X": 0.17078706622123718,
            "Y": 0.33743369579315186
          }
        ]
      },
      "Id": "972da32f-75e7-49aa-953e-43d7c202037a",
      "Relationships": [
        {
          "Type": "CHILD",
          "Ids": [
            "aac64b07-2d40-4057-9186-11abcd228e1f",
            "911b6a37-3e1c-4727-a4f4-8781b597f6c2"
          ]
        }
      ],
      "Page": 1
    },
    {
      "BlockType": "LINE",
      "Confidence": 99.75308227539062,
      "Text": "folgas de RH",
      "Geometry": {
        "BoundingBox": {
          "Width": 0.06032572314143181,
          "Height": 0.011031579226255417,
          "Left": 0.1646319329738617,
          "Top": 0.3367835581302643
        },
        "Polygon": [
          {
            "X": 0.16518256068229675,
            "Y": 0.3392900824546814
          },
          {
            "X": 0.2249576449394226,
            "Y": 0.3367835581302643
          },
          {
            "X": 0.2244454026222229,
            "Y": 0.3454161286354065
          },
          {
            "X": 0.1646319329738617,
            "Y": 0.3478151261806488
          }
        ]
      },
      "Id": "49915a12-3b49-4780-84f9-325eaed56ece",
      "Relationships": [
        {
          "Type": "CHILD",
          "Ids": [
            "2a4de437-5b21-4648-9819-b99b8452283c",
            "edceeaef-30a3-4f56-8087-024945081d97",
            "32da0e50-860f-4c59-9495-590cbac2c9b4"
          ]
        }
      ],
      "Page": 1
    },
    {
      "BlockType": "LINE",
      "Confidence": 94.05316925048828,
      "Text": "Pesquisar políticas de RH",
      "Geometry": {
        "BoundingBox": {
          "Width": 0.13389964401721954,
          "Height": 0.015174497850239277,
          "Left": 0.3161161243915558,
          "Top": 0.3263683021068573
        },
        "Polygon": [
          {
            "X": 0.31660616397857666,
            "Y": 0.3319888710975647
          },
          {
            "X": 0.4500157833099365,
            "Y": 0.3263683021068573
          },
          {
            "X": 0.4496275782585144,
            "Y": 0.3361824154853821
          },
          {
            "X": 0.3161161243915558,
            "Y": 0.3415427803993225
          }
        ]
      },
      "Id": "2e44002e-8afb-4ad6-9d96-a49eb930953f",
      "Relationships": [
        {
          "Type": "CHILD",
          "Ids": [
            "fc975aaf-2cf7-45dd-93d8-11c9cef50f90",
            "786e1583-e02a-49f5-8d5e-eca108b8f2e0",
            "ebaf92b8-4591-4cdd-8354-81ab647cc1aa",
            "338a8a86-1f81-450f-834d-73d9af5ac8ef"
          ]
        }
      ],
      "Page": 1
    },
    {
      "BlockType": "LINE",
      "Confidence": 96.50016784667969,
      "Text": "Políticas de folga",
      "Geometry": {
        "BoundingBox": {
          "Width": 0.09052512794733047,
          "Height": 0.011934596113860607,
          "Left": 0.55794757604599,
          "Top": 0.3390483558177948
        },
        "Polygon": [
          {
            "X": 0.5582023859024048,
            "Y": 0.34248223900794983
          },
          {
            "X": 0.6484727263450623,
            "Y": 0.3390483558177948
          },
          {
            "X": 0.6482820510864258,
            "Y": 0.3476983606815338
          },
          {
            "X": 0.55794757604599,
            "Y": 0.3509829342365265
          }
        ]
      },
      "Id": "93eead7c-4e62-485a-b797-5484aab5c5d6",
      "Relationships": [
        {
          "Type": "CHILD",
          "Ids": [
            "cb15345c-4acc-4f11-86ff-c7f3fadbab08",
            "bc59e636-45ff-44f6-8c8c-ec58549af067",
            "82a1b0dd-0482-4fff-b663-a52f9833cb52"
          ]
        }
      ],
      "Page": 1
    },
    {
      "BlockType": "WORD",
      "Confidence": 99.8464126586914,
      "Text": "e",
      "TextType": "PRINTED",
      "Geometry": {
        "BoundingBox": {
          "Width": 0.01690889708697796,
          "Height": 0.01542875450104475,
          "Left": 0.18401022255420685,
          "Top": 0.18405327200889587
        },
        "Polygon": [
          {
            "X": 0.184917151927948,
            "Y": 0.18524804711341858
          },
          {
            "X": 0.20091910660266876,
            "Y": 0.18405327200889587
          },
          {
            "X": 0.20002947747707367,
            "Y": 0.1983344405889511
          },
          {
            "X": 0.18401022255420685,
            "Y": 0.1994820237159729
          }
        ]
      },
      "Id": "6d9e91da-687d-44e3-81a3-d8727d404892",
      "Page": 1
    },
    {
      "BlockType": "WORD",
      "Confidence": 99.57489013671875,
      "Text": "podem",
      "TextType": "PRINTED",
      "Geometry": {
        "BoundingBox": {
          "Width": 0.08595933020114899,
          "Height": 0.03031446598470211,
          "Left": 0.21660897135734558,
          "Top": 0.1693805754184723
        },
        "Polygon": [
          {
            "X": 0.21806108951568604,
            "Y": 0.17581503093242645
          },
          {
            "X": 0.30256831645965576,
            "Y": 0.1693805754184723
          },
          {
            "X": 0.3012736141681671,
            "Y": 0.19367563724517822
          },
          {
            "X": 0.21660897135734558,
            "Y": 0.19969503581523895
          }
        ]
      },
      "Id": "9b976e72-3b7a-4ff7-8240-4b0849aab4c7",
      "Page": 1
    },
    {
      "BlockType": "WORD",
      "Confidence": 99.3187026977539,
      "Text": "ser",
      "TextType": "PRINTED",
      "Geometry": {
        "BoundingBox": {
          "Width": 0.05216430500149727,
          "Height": 0.017961207777261734,
          "Left": 0.320302814245224,
          "Top": 0.1677045226097107
        },
        "Polygon": [
          {
            "X": 0.321029931306839,
            "Y": 0.17158247530460358
          },
          {
            "X": 0.37246713042259216,
            "Y": 0.1677045226097107
          },
          {
            "X": 0.37179768085479736,
            "Y": 0.1819334179162979
          },
          {
            "X": 0.320302814245224,
            "Y": 0.18566572666168213
          }
        ]
      },
      "Id": "e518cf5c-2c10-42b8-ac6e-427f360eac24",
      "Page": 1
    },
    {
      "BlockType": "WORD",
      "Confidence": 98.91109466552734,
      "Text": "facilmente",
      "TextType": "PRINTED",
      "Geometry": {
        "BoundingBox": {
          "Width": 0.19261255860328674,
          "Height": 0.03508523479104042,
          "Left": 0.39228555560112,
          "Top": 0.14288927614688873
        },
        "Polygon": [
          {
            "X": 0.3932039141654968,
            "Y": 0.15767349302768707
          },
          {
            "X": 0.5848981142044067,
            "Y": 0.14288927614688873
          },
          {
            "X": 0.5843055844306946,
            "Y": 0.16395986080169678
          },
          {
            "X": 0.39228555560112,
            "Y": 0.17797450721263885
          }
        ]
      },
      "Id": "311e1d20-dc82-4b7b-8bc7-ccaeb284a80b",
      "Page": 1
    },
    {
      "BlockType": "WORD",
      "Confidence": 99.574951171875,
      "Text": "expandidos",
      "TextType": "PRINTED",
      "Geometry": {
        "BoundingBox": {
          "Width": 0.16375863552093506,
          "Height": 0.03755737841129303,
          "Left": 0.11852332204580307,
          "Top": 0.1961858719587326
        },
        "Polygon": [
          {
            "X": 0.12033193558454514,
            "Y": 0.2076607346534729
          },
          {
            "X": 0.2822819650173187,
            "Y": 0.1961858719587326
          },
          {
            "X": 0.2807992398738861,
            "Y": 0.22315804660320282
          },
          {
            "X": 0.11852332204580307,
            "Y": 0.23374325037002563
          }
        ]
      },
      "Id": "59e3335f-2e97-4d45-948f-54e6aa96b469",
      "Page": 1
    },
    {
      "BlockType": "WORD",
      "Confidence": 94.43958282470703,
      "Text": "Ações",
      "TextType": "PRINTED",
      "Geometry": {
        "BoundingBox": {
          "Width": 0.029806390404701233,
          "Height": 0.011005141772329807,
          "Left": 0.2882789373397827,
          "Top": 0.23744678497314453
        },
        "Polygon": [
          {
            "X": 0.2887771725654602,
            "Y": 0.23925675451755524
          },
          {
            "X": 0.31808531284332275,
            "Y": 0.23744678497314453
          },
          {
            "X": 0.317608118057251,
            "Y": 0.2466968446969986
          },
          {
            "X": 0.2882789373397827,
            "Y": 0.24845193326473236
          }
        ]
      },
      "Id": "5f3a75e3-c3bb-496b-a90e-b096384e7ccd",
      "Page": 1
    },
    {
      "BlockType": "WORD",
      "Confidence": 99.85746002197266,
      "Text": "de",
      "TextType": "PRINTED",
      "Geometry": {
        "BoundingBox": {
          "Width": 0.012475885450839996,
          "Height": 0.008115825243294239,
          "Left": 0.3205830156803131,
          "Top": 0.236354261636734
        },
        "Polygon": [
          {
            "X": 0.32096126675605774,
            "Y": 0.23710179328918457
          },
          {
            "X": 0.3330588936805725,
            "Y": 0.236354261636734
          },
          {
            "X": 0.332687646150589,
            "Y": 0.24374060332775116
          },
          {
            "X": 0.3205830156803131,
            "Y": 0.24447008967399597
          }
        ]
      },
      "Id": "b8746464-9bb0-43fd-970c-b8571c8f72f8",
      "Page": 1
    },
    {
      "BlockType": "WORD",
      "Confidence": 99.6855697631836,
      "Text": "folgas",
      "TextType": "PRINTED",
      "Geometry": {
        "BoundingBox": {
          "Width": 0.03232986852526665,
          "Height": 0.011379599571228027,
          "Left": 0.33578017354011536,
          "Top": 0.23347702622413635
        },
        "Polygon": [
          {
            "X": 0.33625033497810364,
            "Y": 0.23545032739639282
          },
          {
            "X": 0.3681100308895111,
            "Y": 0.23347702622413635
          },
          {
            "X": 0.36766356229782104,
            "Y": 0.24294373393058777
          },
          {
            "X": 0.33578017354011536,
            "Y": 0.24485662579536438
          }
        ]
      },
      "Id": "8df57d18-831c-4bd0-96e7-5f152578f464",
      "Page": 1
    },
    {
      "BlockType": "WORD",
      "Confidence": 99.308349609375,
      "Text": "remuneradas",
      "TextType": "PRINTED",
      "Geometry": {
        "BoundingBox": {
          "Width": 0.07022552937269211,
          "Height": 0.012780502438545227,
          "Left": 0.3708081543445587,
          "Top": 0.22802330553531647
        },
        "Polygon": [
          {
            "X": 0.3712040185928345,
            "Y": 0.23236161470413208
          },
          {
            "X": 0.44103366136550903,
            "Y": 0.22802330553531647
          },
          {
            "X": 0.4406852722167969,
            "Y": 0.236583411693573
          },
          {
            "X": 0.3708081543445587,
            "Y": 0.2408038079738617
          }
        ]
      },
      "Id": "1cf0a70b-28d3-4a0c-bf60-90bbf880baf3",
      "Page": 1
    },
    {
      "BlockType": "WORD",
      "Confidence": 90.9421157836914,
      "Text": "obtenha-saldo-de-férias",
      "TextType": "PRINTED",
      "Geometry": {
        "BoundingBox": {
          "Width": 0.12841634452342987,
          "Height": 0.016251180320978165,
          "Left": 0.31708624958992004,
          "Top": 0.24302557110786438
        },
        "Polygon": [
          {
            "X": 0.31753480434417725,
            "Y": 0.2505801320075989
          },
          {
            "X": 0.4455026090145111,
            "Y": 0.24302557110786438
          },
          {
            "X": 0.4451434910297394,
            "Y": 0.2519475817680359
          },
          {
            "X": 0.31708624958992004,
            "Y": 0.25927674770355225
          }
        ]
      },
      "Id": "70a01b93-75a9-452f-94e4-eabc4a380a91",
      "Page": 1
    },
    {
      "BlockType": "WORD",
      "Confidence": 87.44639587402344,
      "Text": "obtenha-saldo-banco-de-horas",
      "TextType": "PRINTED",
      "Geometry": {
        "BoundingBox": {
          "Width": 0.16582061350345612,
          "Height": 0.018711097538471222,
          "Left": 0.31689536571502686,
          "Top": 0.2510874569416046
        },
        "Polygon": [
          {
            "X": 0.3173742890357971,
            "Y": 0.2605077028274536
          },
          {
            "X": 0.48271599411964417,
            "Y": 0.2510874569416046
          },
          {
            "X": 0.48236149549484253,
            "Y": 0.26068970561027527
          },
          {
            "X": 0.31689536571502686,
            "Y": 0.26979854702949524
          }
        ]
      },
      "Id": "040f85cc-f4cd-4e3e-b878-1d63df5182e6",
      "Page": 1
    },
    {
      "BlockType": "WORD",
      "Confidence": 96.70114135742188,
      "Text": "ence",
      "TextType": "PRINTED",
      "Geometry": {
        "BoundingBox": {
          "Width": 0.04003579542040825,
          "Height": 0.012857908383011818,
          "Left": 0,
          "Top": 0.28191739320755005
        },
        "Polygon": [
          {
            "X": 0,
            "Y": 0.2841953933238983
          },
          {
            "X": 0.04003579542040825,
            "Y": 0.28191739320755005
          },
          {
            "X": 0.03922465443611145,
            "Y": 0.2925914525985718
          },
          {
            "X": 0,
            "Y": 0.2947753071784973
          }
        ]
      },
      "Id": "6a08cb92-ea55-4eec-a552-7b038844027e",
      "Page": 1
    },
    {
      "BlockType": "WORD",
      "Confidence": 99.14244079589844,
      "Text": "reserve-uma-folga",
      "TextType": "PRINTED",
      "Geometry": {
        "BoundingBox": {
          "Width": 0.09757992625236511,
          "Height": 0.014964364469051361,
          "Left": 0.3164021968841553,
          "Top": 0.26670703291893005
        },
        "Polygon": [
          {
            "X": 0.3169002830982208,
            "Y": 0.2720067799091339
          },
          {
            "X": 0.4139821231365204,
            "Y": 0.26670703291893005
          },
          {
            "X": 0.4135587811470032,
            "Y": 0.2765621244907379
          },
          {
            "X": 0.3164021968841553,
            "Y": 0.281671404838562
          }
        ]
      },
      "Id": "49de7bcd-9e6a-4b97-804e-ab505fd37da8",
      "Page": 1
    },
    {
      "BlockType": "WORD",
      "Confidence": 97.25151824951172,
      "Text": "Microsserviço",
      "TextType": "PRINTED",
      "Geometry": {
        "BoundingBox": {
          "Width": 0.0690782368183136,
          "Height": 0.01215213444083929,
          "Left": 0.5211079120635986,
          "Top": 0.26178300380706787
        },
        "Polygon": [
          {
            "X": 0.5213908553123474,
            "Y": 0.2654750645160675
          },
          {
            "X": 0.5901861190795898,
            "Y": 0.26178300380706787
          },
          {
            "X": 0.5899515748023987,
            "Y": 0.27035632729530334
          },
          {
            "X": 0.5211079120635986,
            "Y": 0.27393513917922974
          }
        ]
      },
      "Id": "1f5e8f1f-e446-42c9-a11a-2b6bfa3a213a",
      "Page": 1
    },
    {
      "BlockType": "WORD",
      "Confidence": 99.85148620605469,
      "Text": "de",
      "TextType": "PRINTED",
      "Geometry": {
        "BoundingBox": {
          "Width": 0.012636116705834866,
          "Height": 0.00758245587348938,
          "Left": 0.5934251546859741,
          "Top": 0.2606450319290161
        },
        "Polygon": [
          {
            "X": 0.5936121940612793,
            "Y": 0.2613138258457184
          },
          {
            "X": 0.6060612797737122,
            "Y": 0.2606450319290161
          },
          {
            "X": 0.6058814525604248,
            "Y": 0.2675751745700836
          },
          {
            "X": 0.5934251546859741,
            "Y": 0.2682274878025055
          }
        ]
      },
      "Id": "5f7130b9-a470-4794-b8db-f65d2a5952b3",
      "Page": 1
    },
    {
      "BlockType": "WORD",
      "Confidence": 99.81329345703125,
      "Text": "Banco",
      "TextType": "PRINTED",
      "Geometry": {
        "BoundingBox": {
          "Width": 0.031953342258930206,
          "Height": 0.008774749003350735,
          "Left": 0.6233338117599487,
          "Top": 0.2578050494194031
        },
        "Polygon": [
          {
            "X": 0.6235063076019287,
            "Y": 0.25951364636421204
          },
          {
            "X": 0.6552871465682983,
            "Y": 0.2578050494194031
          },
          {
            "X": 0.6551336646080017,
            "Y": 0.26491403579711914
          },
          {
            "X": 0.6233338117599487,
            "Y": 0.266579806804657
          }
        ]
      },
      "Id": "fc8b9f96-81b6-4956-8d99-0bf0cd4d1698",
      "Page": 1
    },
    {
      "BlockType": "WORD",
      "Confidence": 99.86093139648438,
      "Text": "de",
      "TextType": "PRINTED",
      "Geometry": {
        "BoundingBox": {
          "Width": 0.013544806279242039,
          "Height": 0.007825714536011219,
          "Left": 0.6585628390312195,
          "Top": 0.25662437081336975
        },
        "Polygon": [
          {
            "X": 0.6587140560150146,
            "Y": 0.25734516978263855
          },
          {
            "X": 0.6721076369285583,
            "Y": 0.25662437081336975
          },
          {
            "X": 0.6719644069671631,
            "Y": 0.26374733448028564
          },
          {
            "X": 0.6585628390312195,
            "Y": 0.2644501030445099
          }
        ]
      },
      "Id": "1c23cfed-87b3-4e71-ac92-e678545f812e",
      "Page": 1
    },
    {
      "BlockType": "WORD",
      "Confidence": 99.8118896484375,
      "Text": "dados",
      "TextType": "PRINTED",
      "Geometry": {
        "BoundingBox": {
          "Width": 0.03263207525014877,
          "Height": 0.008913676254451275,
          "Left": 0.6757659912109375,
          "Top": 0.25428691506385803
        },
        "Polygon": [
          {
            "X": 0.675907552242279,
            "Y": 0.25603780150413513
          },
          {
            "X": 0.7083980441093445,
            "Y": 0.25428691506385803
          },
          {
            "X": 0.7082763910293579,
            "Y": 0.26149362325668335
          },
          {
            "X": 0.6757659912109375,
            "Y": 0.263200581073761
          }
        ]
      },
      "Id": "c1426cba-1c49-447b-9123-7a4aaf1a4d3d",
      "Page": 1
    },
    {
      "BlockType": "WORD",
      "Confidence": 99.88604736328125,
      "Text": "de",
      "TextType": "PRINTED",
      "Geometry": {
        "BoundingBox": {
          "Width": 0.013484896160662174,
          "Height": 0.007739497814327478,
          "Left": 0.71126389503479,
          "Top": 0.25323301553726196
        },
        "Polygon": [
          {
            "X": 0.7113806009292603,
            "Y": 0.25395387411117554
          },
          {
            "X": 0.7247487902641296,
            "Y": 0.25323301553726196
          },
          {
            "X": 0.7246401906013489,
            "Y": 0.26026925444602966
          },
          {
            "X": 0.71126389503479,
            "Y": 0.2609725296497345
          }
        ]
      },
      "Id": "d58c16d0-39f2-4237-adbf-1b08747d8c61",
      "Page": 1
    },
    {
      "BlockType": "WORD",
      "Confidence": 98.0744857788086,
      "Text": "reserve-uma-férias",
      "TextType": "PRINTED",
      "Geometry": {
        "BoundingBox": {
          "Width": 0.10045956820249557,
          "Height": 0.013315688818693161,
          "Left": 0.31558069586753845,
          "Top": 0.277249276638031
        },
        "Polygon": [
          {
            "X": 0.3159969449043274,
            "Y": 0.2824937105178833
          },
          {
            "X": 0.4160402715206146,
            "Y": 0.277249276638031
          },
          {
            "X": 0.41568833589553833,
            "Y": 0.28548464179039
          },
          {
            "X": 0.31558069586753845,
            "Y": 0.29056495428085327
          }
        ]
      },
      "Id": "3f367e91-181d-4459-81c6-3cc750c9d342",
      "Page": 1
    },
    {
      "BlockType": "WORD",
      "Confidence": 99.72090148925781,
      "Text": "folga",
      "TextType": "PRINTED",
      "Geometry": {
        "BoundingBox": {
          "Width": 0.026244034990668297,
          "Height": 0.009990445338189602,
          "Left": 0.5175442695617676,
          "Top": 0.27455708384513855
        },
        "Polygon": [
          {
            "X": 0.5178360342979431,
            "Y": 0.27589693665504456
          },
          {
            "X": 0.5437883138656616,
            "Y": 0.27455708384513855
          },
          {
            "X": 0.5435150265693665,
            "Y": 0.28325146436691284
          },
          {
            "X": 0.5175442695617676,
            "Y": 0.2845475375652313
          }
        ]
      },
      "Id": "65c108b2-382f-4508-a8be-5c067a9fabd6",
      "Page": 1
    },
    {
      "BlockType": "WORD",
      "Confidence": 99.23241424560547,
      "Text": "remunerada",
      "TextType": "PRINTED",
      "Geometry": {
        "BoundingBox": {
          "Width": 0.06291811913251877,
          "Height": 0.011320593766868114,
          "Left": 0.5463576912879944,
          "Top": 0.2703186571598053
        },
        "Polygon": [
          {
            "X": 0.5466095209121704,
            "Y": 0.2735644578933716
          },
          {
            "X": 0.6092758178710938,
            "Y": 0.2703186571598053
          },
          {
            "X": 0.6090662479400635,
            "Y": 0.2784915268421173
          },
          {
            "X": 0.5463576912879944,
            "Y": 0.2816392481327057
          }
        ]
      },
      "Id": "ebe930cd-8794-4d13-a41e-be360bd8030b",
      "Page": 1
    },
    {
      "BlockType": "WORD",
      "Confidence": 99.64907836914062,
      "Text": "folga",
      "TextType": "PRINTED",
      "Geometry": {
        "BoundingBox": {
          "Width": 0.027294525876641273,
          "Height": 0.009373186156153679,
          "Left": 0.6252335906028748,
          "Top": 0.26825210452079773
        },
        "Polygon": [
          {
            "X": 0.6254265904426575,
            "Y": 0.26965489983558655
          },
          {
            "X": 0.6525281071662903,
            "Y": 0.26825210452079773
          },
          {
            "X": 0.6523532867431641,
            "Y": 0.27626368403434753
          },
          {
            "X": 0.6252335906028748,
            "Y": 0.27762529253959656
          }
        ]
      },
      "Id": "defbb64a-71eb-4132-856f-4ec52fc6a2f3",
      "Page": 1
    },
    {
      "BlockType": "WORD",
      "Confidence": 99.1875991821289,
      "Text": "remunerada",
      "TextType": "PRINTED",
      "Geometry": {
        "BoundingBox": {
          "Width": 0.06664208322763443,
          "Height": 0.011331151239573956,
          "Left": 0.6555277109146118,
          "Top": 0.2638448178768158
        },
        "Polygon": [
          {
            "X": 0.6556974649429321,
            "Y": 0.2672957479953766
          },
          {
            "X": 0.722169816493988,
            "Y": 0.2638448178768158
          },
          {
            "X": 0.7220449447631836,
            "Y": 0.27182435989379883
          },
          {
            "X": 0.6555277109146118,
            "Y": 0.2751759886741638
          }
        ]
      },
      "Id": "52519321-a7f0-46cf-9516-887b4d5bf5b6",
      "Page": 1
    },
    {
      "BlockType": "WORD",
      "Confidence": 99.20629119873047,
      "Text": "V2",
      "TextType": "PRINTED",
      "Geometry": {
        "BoundingBox": {
          "Width": 0.024458888918161392,
          "Height": 0.013762256130576134,
          "Left": 0.12590348720550537,
          "Top": 0.3011481761932373
        },
        "Polygon": [
          {
            "X": 0.1267610788345337,
            "Y": 0.3023347556591034
          },
          {
            "X": 0.15036237239837646,
            "Y": 0.3011481761932373
          },
          {
            "X": 0.14952675998210907,
            "Y": 0.3137868344783783
          },
          {
            "X": 0.12590348720550537,
            "Y": 0.3149104416370392
          }
        ]
      },
      "Id": "f45e7593-e264-459d-a53e-1dda6651ebf3",
      "Page": 1
    },
    {
      "BlockType": "WORD",
      "Confidence": 87.52945709228516,
      "Text": "a",
      "TextType": "PRINTED",
      "Geometry": {
        "BoundingBox": {
          "Width": 0.04523582011461258,
          "Height": 0.06337074190378189,
          "Left": 0.954764187335968,
          "Top": 0.21698644757270813
        },
        "Polygon": [
          {
            "X": 0.954764187335968,
            "Y": 0.2196745127439499
          },
          {
            "X": 1,
            "Y": 0.21698644757270813
          },
          {
            "X": 1,
            "Y": 0.2781750559806824
          },
          {
            "X": 0.9550665616989136,
            "Y": 0.2803571820259094
          }
        ]
      },
      "Id": "20c820fa-f25b-4464-91c6-d60389b51397",
      "Page": 1
    },
    {
      "BlockType": "WORD",
      "Confidence": 99.84099578857422,
      "Text": "Base",
      "TextType": "PRINTED",
      "Geometry": {
        "BoundingBox": {
          "Width": 0.023839207366108894,
          "Height": 0.00858620461076498,
          "Left": 0.3100500702857971,
          "Top": 0.3051949739456177
        },
        "Polygon": [
          {
            "X": 0.31043821573257446,
            "Y": 0.3063095211982727
          },
          {
            "X": 0.33388927578926086,
            "Y": 0.3051949739456177
          },
          {
            "X": 0.3335147500038147,
            "Y": 0.31270235776901245
          },
          {
            "X": 0.3100500702857971,
            "Y": 0.31378117203712463
          }
        ]
      },
      "Id": "48b91922-46c8-4ebc-a90e-eb4f6b8fc744",
      "Page": 1
    },
    {
      "BlockType": "WORD",
      "Confidence": 99.84870910644531,
      "Text": "de",
      "TextType": "PRINTED",
      "Geometry": {
        "BoundingBox": {
          "Width": 0.013834398239850998,
          "Height": 0.008585142903029919,
          "Left": 0.33614951372146606,
          "Top": 0.30391725897789
        },
        "Polygon": [
          {
            "X": 0.336544007062912,
            "Y": 0.3045574426651001
          },
          {
            "X": 0.34998390078544617,
            "Y": 0.30391725897789
          },
          {
            "X": 0.3495977818965912,
            "Y": 0.3118838667869568
          },
          {
            "X": 0.33614951372146606,
            "Y": 0.3125024139881134
          }
        ]
      },
      "Id": "e8d4e797-8b63-4d7b-804d-e96908713a11",
      "Page": 1
    },
    {
      "BlockType": "WORD",
      "Confidence": 99.46182250976562,
      "Text": "conhecimento",
      "TextType": "PRINTED",
      "Geometry": {
        "BoundingBox": {
          "Width": 0.07521592825651169,
          "Height": 0.011735271662473679,
          "Left": 0.35247671604156494,
          "Top": 0.29975906014442444
        },
        "Polygon": [
          {
            "X": 0.352870374917984,
            "Y": 0.3033300042152405
          },
          {
            "X": 0.4276926517486572,
            "Y": 0.29975906014442444
          },
          {
            "X": 0.42734771966934204,
            "Y": 0.3080468475818634
          },
          {
            "X": 0.35247671604156494,
            "Y": 0.3114943206310272
          }
        ]
      },
      "Id": "74b15459-9a9e-4305-8b77-0d8fc6e7d351",
      "Page": 1
    },
    {
      "BlockType": "WORD",
      "Confidence": 99.85245513916016,
      "Text": "de",
      "TextType": "PRINTED",
      "Geometry": {
        "BoundingBox": {
          "Width": 0.013612237758934498,
          "Height": 0.007979200221598148,
          "Left": 0.35165470838546753,
          "Top": 0.31393203139305115
        },
        "Polygon": [
          {
            "X": 0.3520106077194214,
            "Y": 0.31453415751457214
          },
          {
            "X": 0.36526694893836975,
            "Y": 0.31393203139305115
          },
          {
            "X": 0.36491870880126953,
            "Y": 0.32132887840270996
          },
          {
            "X": 0.35165470838546753,
            "Y": 0.3219112157821655
          }
        ]
      },
      "Id": "85aa830e-e9c8-41c4-ba7d-707b545181ab",
      "Page": 1
    },
    {
      "BlockType": "WORD",
      "Confidence": 99.91900634765625,
      "Text": "RH",
      "TextType": "PRINTED",
      "Geometry": {
        "BoundingBox": {
          "Width": 0.015495281666517258,
          "Height": 0.008146150037646294,
          "Left": 0.36810243129730225,
          "Top": 0.3130355775356293
        },
        "Polygon": [
          {
            "X": 0.36845144629478455,
            "Y": 0.31372377276420593
          },
          {
            "X": 0.383597731590271,
            "Y": 0.3130355775356293
          },
          {
            "X": 0.3832576274871826,
            "Y": 0.32051631808280945
          },
          {
            "X": 0.36810243129730225,
            "Y": 0.3211817145347595
          }
        ]
      },
      "Id": "e411e5b3-3c09-4809-9f5c-6ba1b3b5460b",
      "Page": 1
    },
    {
      "BlockType": "WORD",
      "Confidence": 99.63607788085938,
      "Text": "Agente",
      "TextType": "PRINTED",
      "Geometry": {
        "BoundingBox": {
          "Width": 0.03460698202252388,
          "Height": 0.009529917500913143,
          "Left": 0.17078706622123718,
          "Top": 0.32790377736091614
        },
        "Polygon": [
          {
            "X": 0.17130184173583984,
            "Y": 0.32940369844436646
          },
          {
            "X": 0.20539404451847076,
            "Y": 0.32790377736091614
          },
          {
            "X": 0.20489981770515442,
            "Y": 0.33599141240119934
          },
          {
            "X": 0.17078706622123718,
            "Y": 0.33743369579315186
          }
        ]
      },
      "Id": "aac64b07-2d40-4057-9186-11abcd228e1f",
      "Page": 1
    },
    {
      "BlockType": "WORD",
      "Confidence": 99.81843566894531,
      "Text": "de",
      "TextType": "PRINTED",
      "Geometry": {
        "BoundingBox": {
          "Width": 0.012097779661417007,
          "Height": 0.007575103547424078,
          "Left": 0.20772215723991394,
          "Top": 0.32695791125297546
        },
        "Polygon": [
          {
            "X": 0.2081519514322281,
            "Y": 0.3274720311164856
          },
          {
            "X": 0.21981993317604065,
            "Y": 0.32695791125297546
          },
          {
            "X": 0.21939635276794434,
            "Y": 0.33403611183166504
          },
          {
            "X": 0.20772215723991394,
            "Y": 0.3345330059528351
          }
        ]
      },
      "Id": "911b6a37-3e1c-4727-a4f4-8781b597f6c2",
      "Page": 1
    },
    {
      "BlockType": "WORD",
      "Confidence": 99.49658203125,
      "Text": "folgas",
      "TextType": "PRINTED",
      "Geometry": {
        "BoundingBox": {
          "Width": 0.029735568910837173,
          "Height": 0.00961390696465969,
          "Left": 0.1646319329738617,
          "Top": 0.33820122480392456
        },
        "Polygon": [
          {
            "X": 0.16517387330532074,
            "Y": 0.3394245505332947
          },
          {
            "X": 0.19436749815940857,
            "Y": 0.33820122480392456
          },
          {
            "X": 0.19384385645389557,
            "Y": 0.34664350748062134
          },
          {
            "X": 0.1646319329738617,
            "Y": 0.3478151261806488
          }
        ]
      },
      "Id": "2a4de437-5b21-4648-9819-b99b8452283c",
      "Page": 1
    },
    {
      "BlockType": "WORD",
      "Confidence": 99.86074829101562,
      "Text": "de",
      "TextType": "PRINTED",
      "Geometry": {
        "BoundingBox": {
          "Width": 0.012437890283763409,
          "Height": 0.007694650441408157,
          "Left": 0.19640260934829712,
          "Top": 0.3375093340873718
        },
        "Polygon": [
          {
            "X": 0.1968471258878708,
            "Y": 0.33801209926605225
          },
          {
            "X": 0.2088405042886734,
            "Y": 0.3375093340873718
          },
          {
            "X": 0.20840245485305786,
            "Y": 0.344719260931015
          },
          {
            "X": 0.19640260934829712,
            "Y": 0.3452039659023285
          }
        ]
      },
      "Id": "edceeaef-30a3-4f56-8087-024945081d97",
      "Page": 1
    },
    {
      "BlockType": "WORD",
      "Confidence": 99.90191650390625,
      "Text": "RH",
      "TextType": "PRINTED",
      "Geometry": {
        "BoundingBox": {
          "Width": 0.01387331634759903,
          "Height": 0.007633050438016653,
          "Left": 0.21108433604240417,
          "Top": 0.3367835581302643
        },
        "Polygon": [
          {
            "X": 0.21151216328144073,
            "Y": 0.3373473584651947
          },
          {
            "X": 0.2249576449394226,
            "Y": 0.3367835581302643
          },
          {
            "X": 0.2245369851589203,
            "Y": 0.34387266635894775
          },
          {
            "X": 0.21108433604240417,
            "Y": 0.34441661834716797
          }
        ]
      },
      "Id": "32da0e50-860f-4c59-9495-590cbac2c9b4",
      "Page": 1
    },
    {
      "BlockType": "WORD",
      "Confidence": 89.7598648071289,
      "Text": "Pesquisar",
      "TextType": "PRINTED",
      "Geometry": {
        "BoundingBox": {
          "Width": 0.05086995288729668,
          "Height": 0.01108801830559969,
          "Left": 0.3161161243915558,
          "Top": 0.3304547667503357
        },
        "Polygon": [
          {
            "X": 0.316576212644577,
            "Y": 0.33257246017456055
          },
          {
            "X": 0.36698609590530396,
            "Y": 0.3304547667503357
          },
          {
            "X": 0.3665614426136017,
            "Y": 0.3395174443721771
          },
          {
            "X": 0.3161161243915558,
            "Y": 0.3415427803993225
          }
        ]
      },
      "Id": "fc975aaf-2cf7-45dd-93d8-11c9cef50f90",
      "Page": 1
    },
    {
      "BlockType": "WORD",
      "Confidence": 86.6147232055664,
      "Text": "políticas",
      "TextType": "PRINTED",
      "Geometry": {
        "BoundingBox": {
          "Width": 0.046233512461185455,
          "Height": 0.011435477994382381,
          "Left": 0.3688977360725403,
          "Top": 0.3278985917568207
        },
        "Polygon": [
          {
            "X": 0.36934125423431396,
            "Y": 0.3298271894454956
          },
          {
            "X": 0.41513124108314514,
            "Y": 0.3278985917568207
          },
          {
            "X": 0.4147222638130188,
            "Y": 0.3374934196472168
          },
          {
            "X": 0.3688977360725403,
            "Y": 0.33933407068252563
          }
        ]
      },
      "Id": "786e1583-e02a-49f5-8d5e-eca108b8f2e0",
      "Page": 1
    },
    {
      "BlockType": "WORD",
      "Confidence": 99.89002990722656,
      "Text": "de",
      "TextType": "PRINTED",
      "Geometry": {
        "BoundingBox": {
          "Width": 0.013758390210568905,
          "Height": 0.008756494149565697,
          "Left": 0.4175277352333069,
          "Top": 0.3271573781967163
        },
        "Polygon": [
          {
            "X": 0.41787493228912354,
            "Y": 0.3277224004268646
          },
          {
            "X": 0.43128612637519836,
            "Y": 0.3271573781967163
          },
          {
            "X": 0.4309476912021637,
            "Y": 0.335370808839798
          },
          {
            "X": 0.4175277352333069,
            "Y": 0.33591386675834656
          }
        ]
      },
      "Id": "ebaf92b8-4591-4cdd-8354-81ab647cc1aa",
      "Page": 1
    },
    {
      "BlockType": "WORD",
      "Confidence": 99.94805145263672,
      "Text": "RH",
      "TextType": "PRINTED",
      "Geometry": {
        "BoundingBox": {
          "Width": 0.015774324536323547,
          "Height": 0.008380008861422539,
          "Left": 0.4342353343963623,
          "Top": 0.32652321457862854
        },
        "Polygon": [
          {
            "X": 0.43455156683921814,
            "Y": 0.32717400789260864
          },
          {
            "X": 0.45000964403152466,
            "Y": 0.32652321457862854
          },
          {
            "X": 0.4497029781341553,
            "Y": 0.3342762589454651
          },
          {
            "X": 0.4342353343963623,
            "Y": 0.3349032402038574
          }
        ]
      },
      "Id": "338a8a86-1f81-450f-834d-73d9af5ac8ef",
      "Page": 1
    },
    {
      "BlockType": "WORD",
      "Confidence": 90.12385559082031,
      "Text": "Políticas",
      "TextType": "PRINTED",
      "Geometry": {
        "BoundingBox": {
          "Width": 0.04351528733968735,
          "Height": 0.008998419158160686,
          "Left": 0.5579642057418823,
          "Top": 0.3414294421672821
        },
        "Polygon": [
          {
            "X": 0.5581847429275513,
            "Y": 0.3430713415145874
          },
          {
            "X": 0.6014795303344727,
            "Y": 0.3414294421672821
          },
          {
            "X": 0.6012853384017944,
            "Y": 0.3488479554653168
          },
          {
            "X": 0.5579642057418823,
            "Y": 0.35042786598205566
          }
        ]
      },
      "Id": "cb15345c-4acc-4f11-86ff-c7f3fadbab08",
      "Page": 1
    },
    {
      "BlockType": "WORD",
      "Confidence": 99.84783935546875,
      "Text": "de",
      "TextType": "PRINTED",
      "Geometry": {
        "BoundingBox": {
          "Width": 0.013052546419203281,
          "Height": 0.007630605716258287,
          "Left": 0.6045929193496704,
          "Top": 0.3405683934688568
        },
        "Polygon": [
          {
            "X": 0.6047777533531189,
            "Y": 0.3410570025444031
          },
          {
            "X": 0.6176454424858093,
            "Y": 0.3405683934688568
          },
          {
            "X": 0.6174682974815369,
            "Y": 0.34772810339927673
          },
          {
            "X": 0.6045929193496704,
            "Y": 0.3481989800930023
          }
        ]
      },
      "Id": "bc59e636-45ff-44f6-8c8c-ec58549af067",
      "Page": 1
    },
    {
      "BlockType": "WORD",
      "Confidence": 99.52881622314453,
      "Text": "folga",
      "TextType": "PRINTED",
      "Geometry": {
        "BoundingBox": {
          "Width": 0.027568209916353226,
          "Height": 0.009645476005971432,
          "Left": 0.6209045052528381,
          "Top": 0.3390483558177948
        },
        "Polygon": [
          {
            "X": 0.6211148500442505,
            "Y": 0.3400890529155731
          },
          {
            "X": 0.6484727263450623,
            "Y": 0.3390483558177948
          },
          {
            "X": 0.6482820510864258,
            "Y": 0.3476983606815338
          },
          {
            "X": 0.6209045052528381,
            "Y": 0.3486938178539276
          }
        ]
      },
      "Id": "82a1b0dd-0482-4fff-b663-a52f9833cb52",
      "Page": 1
    }
  ],
  "DetectDocumentTextModelVersion": "1.0"
}