{
  "DocumentMetadata": {
    "Pages": 1
  },
  "JobStatus": "SUCCEEDED",
  "Blocks": [
    {
      "BlockType": "PAGE",
      "Geometry": {
        "BoundingBox": {
          "Width": 0.9568055272102356,
          "Height": 0.7018564939498901,
          "Left": 0.0431944914162159,
          "Top": 0.10753101855516434
        },
        "Polygon": [
          {
            "X": 0.047698378562927246,
            "Y": 0.10753101855516434
          },
          {
            "X": 1,
            "Y": 0.12719325721263885
          },
          {
            "X": 1,
            "Y": 0.8093875050544739
          },
          {
            "X": 0.0431944914162159,
            "Y": 0.8047776222229004
          }
        ]
      },
      "Id": "49e9e8b8-4b0e-4c04-8d96-89701bbb8cbb",
      "Relationships": [
        {
          "Type": "CHILD",
          "Ids": [
            "bf16dd20-e3f0-4533-8b69-1920e400da1f",
            "ac3fa3d7-5525-4662-9a32-5db0a68d1b0e",
            "ebbded4d-1a6e-4b77-919e-bea1d3034b91",
            "1881e08e-9492-46df-ab05-b563edf8b1c3",
            "f7083e07-12c8-4e5f-9495-1927aee67341",
            "73d9421e-930d-4dbf-b650-f635921a31b8",
            "37469966-c47d-42a5-a715-5c4ca91bb85d",
            "ef5256ec-4baf-4563-9b2f-f691a33d4543",
            "2474c8ea-a99a-4b4e-a38d-692e3d213ad6"
          ]
        }
      ],
      "Page": 1
    },
    {
      "BlockType": "LINE",
      "Confidence": 99.25505065917969,
      "Text": "Desafios ao trabalhar com LLMs",
      "Geometry": {
        "BoundingBox": {
          "Width": 0.296806663274765,
          "Height": 0.02387363091111183,
          "Left": 0.3487865924835205,
          "Top": 0.2998395264148712
        },
        "Polygon": [
          {
            "X": 0.34894636273384094,
            "Y": 0.2998395264148712
          },
          {
            "X": 0.6455932259559631,
            "Y": 0.30464690923690796
          },
          {
            "X": 0.6453996896743774,
            "Y": 0.32371315360069275
          },
          {
            "X": 0.3487865924835205,
            "Y": 0.31903454661369324
          }
        ]
      },
      "Id": "bf16dd20-e3f0-4533-8b69-1920e400da1f",
      "Relationships": [
        {
          "Type": "CHILD",
          "Ids": [
            "308bb470-667a-4130-a480-dbd77a808417",
            "6440895f-5fe0-4aa5-b13e-e3fa1165ed14",
            "a0636a39-ee1c-45e8-a4ec-dc39ba8629aa",
            "67f81475-2fe8-4ad0-ac3c-99b05f761f80",
            "bb77b4e2-89e1-42aa-ae13-b226bc38d6af"
          ]
        }
      ],
      "Page": 1
    },
    {
      "BlockType": "LINE",
      "Confidence": 96.20885467529297,
      "Text": "aws",
      "Geometry": {
        "BoundingBox": {
          "Width": 0.1507663130760193,
          "Height": 0.04494701325893402,
          "Left": 0.0457468256354332,
          "Top": 0.36675596237182617
        },
        "Polygon": [
          {
            "X": 0.0460239052772522,
            "Y": 0.36675596237182617
          },
          {
            "X": 0.19651314616203308,
            "Y": 0.36895298957824707
          },
          {
            "X": 0.19619733095169067,
            "Y": 0.411702960729599
          },
          {
            "X": 0.0457468256354332,
            "Y": 0.40965086221694946
          }
        ]
      },
      "Id": "ac3fa3d7-5525-4662-9a32-5db0a68d1b0e",
      "Relationships": [
        {
          "Type": "CHILD",
          "Ids": [
            "837bfe00-558c-445d-878a-9dabf0f1e1ed"
          ]
        }
      ],
      "Page": 1
    },
    {
      "BlockType": "LINE",
      "Confidence": 99.36851501464844,
      "Text": "aws",
      "Geometry": {
        "BoundingBox": {
          "Width": 0.08838094770908356,
          "Height": 0.026390178129076958,
          "Left": 0.9008502960205078,
          "Top": 0.36923354864120483
        },
        "Polygon": [
          {
            "X": 0.9011451601982117,
            "Y": 0.36923354864120483
          },
          {
            "X": 0.9892312288284302,
            "Y": 0.37053966522216797
          },
          {
            "X": 0.9889233708381653,
            "Y": 0.39562374353408813
          },
          {
            "X": 0.9008502960205078,
            "Y": 0.39436832070350647
          }
        ]
      },
      "Id": "ebbded4d-1a6e-4b77-919e-bea1d3034b91",
      "Relationships": [
        {
          "Type": "CHILD",
          "Ids": [
            "a6ad2651-2442-4933-a45d-6f1db982c16d"
          ]
        }
      ],
      "Page": 1
    },
    {
      "BlockType": "LINE",
      "Confidence": 95.08828735351562,
      "Text": "Alucinações",
      "Geometry": {
        "BoundingBox": {
          "Width": 0.059153854846954346,
          "Height": 0.009445582516491413,
          "Left": 0.42514941096305847,
          "Top": 0.3811015486717224
        },
        "Polygon": [
          {
            "X": 0.4252251386642456,
            "Y": 0.3811015486717224
          },
          {
            "X": 0.4843032658100128,
            "Y": 0.38195231556892395
          },
          {
            "X": 0.4842245280742645,
            "Y": 0.39054712653160095
          },
          {
            "X": 0.42514941096305847,
            "Y": 0.38970789313316345
          }
        ]
      },
      "Id": "1881e08e-9492-46df-ab05-b563edf8b1c3",
      "Relationships": [
        {
          "Type": "CHILD",
          "Ids": [
            "63c3e665-6c0b-48d4-80f8-f8199d161997"
          ]
        }
      ],
      "Page": 1
    },
    {
      "BlockType": "LINE",
      "Confidence": 99.05855560302734,
      "Text": "Qualidade de resposta variável",
      "Geometry": {
        "BoundingBox": {
          "Width": 0.13682343065738678,
          "Height": 0.010173278860747814,
          "Left": 0.6688043475151062,
          "Top": 0.38811933994293213
        },
        "Polygon": [
          {
            "X": 0.6688892245292664,
            "Y": 0.38811933994293213
          },
          {
            "X": 0.8056277632713318,
            "Y": 0.3900775611400604
          },
          {
            "X": 0.8055362701416016,
            "Y": 0.3982926309108734
          },
          {
            "X": 0.6688043475151062,
            "Y": 0.39636003971099854
          }
        ]
      },
      "Id": "f7083e07-12c8-4e5f-9495-1927aee67341",
      "Relationships": [
        {
          "Type": "CHILD",
          "Ids": [
            "d133c851-83e9-4052-aae2-58593c83d8b8",
            "46087f61-1087-47ac-94f1-f8d27fe4b0cc",
            "51f8aef5-f92b-4d90-8c0f-66dfa88b2276",
            "a75562f4-de7d-4516-9da5-228c86d9186c"
          ]
        }
      ],
      "Page": 1
    },
    {
      "BlockType": "LINE",
      "Confidence": 98.63815307617188,
      "Text": "Dependência de modelos e",
      "Geometry": {
        "BoundingBox": {
          "Width": 0.12981083989143372,
          "Height": 0.009729037992656231,
          "Left": 0.4256465435028076,
          "Top": 0.4545001685619354
        },
        "Polygon": [
          {
            "X": 0.42571786046028137,
            "Y": 0.4545001685619354
          },
          {
            "X": 0.555457353591919,
            "Y": 0.4561537206172943
          },
          {
            "X": 0.5553798079490662,
            "Y": 0.4642292261123657
          },
          {
            "X": 0.4256465435028076,
            "Y": 0.4625994563102722
          }
        ]
      },
      "Id": "73d9421e-930d-4dbf-b650-f635921a31b8",
      "Relationships": [
        {
          "Type": "CHILD",
          "Ids": [
            "98200aea-5490-42f2-b69f-f2c73d7aab65",
            "52003c25-c19c-4a85-b640-535f6d6da140",
            "cc6ba994-825e-43de-9448-ca33b9a8baa4",
            "79278bf2-4b83-4b8e-a7c0-fa26b189db4f"
          ]
        }
      ],
      "Page": 1
    },
    {
      "BlockType": "LINE",
      "Confidence": 98.77906036376953,
      "Text": "Segurança e proteção",
      "Geometry": {
        "BoundingBox": {
          "Width": 0.09920311719179153,
          "Height": 0.009370392188429832,
          "Left": 0.6709274649620056,
          "Top": 0.46385541558265686
        },
        "Polygon": [
          {
            "X": 0.6710114479064941,
            "Y": 0.46385541558265686
          },
          {
            "X": 0.7701305747032166,
            "Y": 0.46510469913482666
          },
          {
            "X": 0.770041823387146,
            "Y": 0.47322583198547363
          },
          {
            "X": 0.6709274649620056,
            "Y": 0.47199490666389465
          }
        ]
      },
      "Id": "37469966-c47d-42a5-a715-5c4ca91bb85d",
      "Relationships": [
        {
          "Type": "CHILD",
          "Ids": [
            "a8d64a29-bf0a-4526-92c3-cea018d2e12c",
            "8514d5a2-d5e1-42ec-9d1f-0b9cc22180d7",
            "d15e65eb-325b-426c-ae54-65ba87b84e2d"
          ]
        }
      ],
      "Page": 1
    },
    {
      "BlockType": "LINE",
      "Confidence": 99.68830871582031,
      "Text": "custos de terceiros",
      "Geometry": {
        "BoundingBox": {
          "Width": 0.09314394742250443,
          "Height": 0.007810916285961866,
          "Left": 0.42542508244514465,
          "Top": 0.46582919359207153
        },
        "Polygon": [
          {
            "X": 0.42548373341560364,
            "Y": 0.46582919359207153
          },
          {
            "X": 0.5185690522193909,
            "Y": 0.46699175238609314
          },
          {
            "X": 0.5185067057609558,
            "Y": 0.473640114068985
          },
          {
            "X": 0.42542508244514465,
            "Y": 0.4724915623664856
          }
        ]
      },
      "Id": "ef5256ec-4baf-4563-9b2f-f691a33d4543",
      "Relationships": [
        {
          "Type": "CHILD",
          "Ids": [
            "c2c2aa10-be17-4e0f-9fc5-7cc6c8b87999",
            "11a19fe8-e405-4fdf-b0d5-539dd30da51a",
            "95da7be1-9395-4400-a4a3-b98b03ccde1b"
          ]
        }
      ],
      "Page": 1
    },
    {
      "BlockType": "LINE",
      "Confidence": 75.97681427001953,
      "Text": "DATADOG 15",
      "Geometry": {
        "BoundingBox": {
          "Width": 0.04792251065373421,
          "Height": 0.005364192649722099,
          "Left": 0.8023446202278137,
          "Top": 0.5150338411331177
        },
        "Polygon": [
          {
            "X": 0.8023982644081116,
            "Y": 0.5150338411331177
          },
          {
            "X": 0.8502671122550964,
            "Y": 0.5155832171440125
          },
          {
            "X": 0.8502120971679688,
            "Y": 0.5203980207443237
          },
          {
            "X": 0.8023446202278137,
            "Y": 0.5198538899421692
          }
        ]
      },
      "Id": "2474c8ea-a99a-4b4e-a38d-692e3d213ad6",
      "Relationships": [
        {
          "Type": "CHILD",
          "Ids": [
            "b9d64a2a-cee6-423f-b822-e471d1619e0f",
            "f8aceb6e-d25a-4a76-8116-6b7800cab0cd"
          ]
        }
      ],
      "Page": 1
    },
    {
      "BlockType": "WORD",
      "Confidence": 98.42073059082031,
      "Text": "Desafios",
      "TextType": "PRINTED",
      "Geometry": {
        "BoundingBox": {
          "Width": 0.08291465044021606,
          "Height": 0.015201382339000702,
          "Left": 0.34883078932762146,
          "Top": 0.2998395264148712
        },
        "Polygon": [
          {
            "X": 0.34894636273384094,
            "Y": 0.2998395264148712
          },
          {
            "X": 0.4317454397678375,
            "Y": 0.3011813461780548
          },
          {
            "X": 0.43162301182746887,
            "Y": 0.3150409162044525
          },
          {
            "X": 0.34883078932762146,
            "Y": 0.313725084066391
          }
        ]
      },
      "Id": "308bb470-667a-4130-a480-dbd77a808417",
      "Page": 1
    },
    {
      "BlockType": "WORD",
      "Confidence": 99.8223876953125,
      "Text": "ao",
      "TextType": "PRINTED",
      "Geometry": {
        "BoundingBox": {
          "Width": 0.022223223000764847,
          "Height": 0.00973475631326437,
          "Left": 0.43770602345466614,
          "Top": 0.30649638175964355
        },
        "Polygon": [
          {
            "X": 0.43778926134109497,
            "Y": 0.30649638175964355
          },
          {
            "X": 0.4599292278289795,
            "Y": 0.3068525791168213
          },
          {
            "X": 0.45984476804733276,
            "Y": 0.3162311613559723
          },
          {
            "X": 0.43770602345466614,
            "Y": 0.3158796727657318
          }
        ]
      },
      "Id": "6440895f-5fe0-4aa5-b13e-e3fa1165ed14",
      "Page": 1
    },
    {
      "BlockType": "WORD",
      "Confidence": 99.12115478515625,
      "Text": "trabalhar",
      "TextType": "PRINTED",
      "Geometry": {
        "BoundingBox": {
          "Width": 0.08373603969812393,
          "Height": 0.014581144787371159,
          "Left": 0.4647132456302643,
          "Top": 0.30513671040534973
        },
        "Polygon": [
          {
            "X": 0.4648330509662628,
            "Y": 0.30513671040534973
          },
          {
            "X": 0.5484492778778076,
            "Y": 0.3064853250980377
          },
          {
            "X": 0.548322856426239,
            "Y": 0.3197178542613983
          },
          {
            "X": 0.4647132456302643,
            "Y": 0.31839436292648315
          }
        ]
      },
      "Id": "a0636a39-ee1c-45e8-a4ec-dc39ba8629aa",
      "Page": 1
    },
    {
      "BlockType": "WORD",
      "Confidence": 99.40968322753906,
      "Text": "com",
      "TextType": "PRINTED",
      "Geometry": {
        "BoundingBox": {
          "Width": 0.038252390921115875,
          "Height": 0.00991746410727501,
          "Left": 0.5537508130073547,
          "Top": 0.3114888072013855
        },
        "Polygon": [
          {
            "X": 0.5538401007652283,
            "Y": 0.3114888072013855
          },
          {
            "X": 0.5920031666755676,
            "Y": 0.3121000826358795
          },
          {
            "X": 0.591911792755127,
            "Y": 0.3214062750339508
          },
          {
            "X": 0.5537508130073547,
            "Y": 0.32080307602882385
          }
        ]
      },
      "Id": "67f81475-2fe8-4ad0-ac3c-99b05f761f80",
      "Page": 1
    },
    {
      "BlockType": "WORD",
      "Confidence": 99.50130462646484,
      "Text": "LLMs",
      "TextType": "PRINTED",
      "Geometry": {
        "BoundingBox": {
          "Width": 0.04754186049103737,
          "Height": 0.01314597763121128,
          "Left": 0.5979835391044617,
          "Top": 0.310567170381546
        },
        "Polygon": [
          {
            "X": 0.598105788230896,
            "Y": 0.310567170381546
          },
          {
            "X": 0.6455253958702087,
            "Y": 0.3113284707069397
          },
          {
            "X": 0.6453996896743774,
            "Y": 0.32371315360069275
          },
          {
            "X": 0.5979835391044617,
            "Y": 0.32296523451805115
          }
        ]
      },
      "Id": "bb77b4e2-89e1-42aa-ae13-b226bc38d6af",
      "Page": 1
    },
    {
      "BlockType": "WORD",
      "Confidence": 96.20885467529297,
      "Text": "aws",
      "TextType": "PRINTED",
      "Geometry": {
        "BoundingBox": {
          "Width": 0.1507663130760193,
          "Height": 0.04494701325893402,
          "Left": 0.0457468256354332,
          "Top": 0.36675596237182617
        },
        "Polygon": [
          {
            "X": 0.0460239052772522,
            "Y": 0.36675596237182617
          },
          {
            "X": 0.19651314616203308,
            "Y": 0.36895298957824707
          },
          {
            "X": 0.19619733095169067,
            "Y": 0.411702960729599
          },
          {
            "X": 0.0457468256354332,
            "Y": 0.40965086221694946
          }
        ]
      },
      "Id": "837bfe00-558c-445d-878a-9dabf0f1e1ed",
      "Page": 1
    },
    {
      "BlockType": "WORD",
      "Confidence": 99.36851501464844,
      "Text": "aws",
      "TextType": "PRINTED",
      "Geometry": {
        "BoundingBox": {
          "Width": 0.08838094770908356,
          "Height": 0.026390178129076958,
          "Left": 0.9008502960205078,
          "Top": 0.36923354864120483
        },
        "Polygon": [
          {
            "X": 0.9011451601982117,
            "Y": 0.36923354864120483
          },
          {
            "X": 0.9892312288284302,
            "Y": 0.37053966522216797
          },
          {
            "X": 0.9889233708381653,
            "Y": 0.39562374353408813
          },
          {
            "X": 0.9008502960205078,
            "Y": 0.39436832070350647
          }
        ]
      },
      "Id": "a6ad2651-2442-4933-a45d-6f1db982c16d",
      "Page": 1
    },
    {
      "BlockType": "WORD",
      "Confidence": 95.08828735351562,
      "Text": "Alucinações",
      "TextType": "PRINTED",
      "Geometry": {
        "BoundingBox": {
          "Width": 0.059153854846954346,
          "Height": 0.009445582516491413,
          "Left": 0.42514941096305847,
          "Top": 0.3811015486717224
        },
        "Polygon": [
          {
            "X": 0.4252251386642456,
            "Y": 0.3811015486717224
          },
          {
            "X": 0.4843032658100128,
            "Y": 0.38195231556892395
          },
          {
            "X": 0.4842245280742645,
            "Y": 0.39054712653160095
          },
          {
            "X": 0.42514941096305847,
            "Y": 0.38970789313316345
          }
        ]
      },
      "Id": "63c3e665-6c0b-48d4-80f8-f8199d161997",
      "Page": 1
    },
    {
      "BlockType": "WORD",
      "Confidence": 99.55928039550781,
      "Text": "Qualidade",
      "TextType": "PRINTED",
      "Geometry": {
        "BoundingBox": {
          "Width": 0.04475407674908638,
          "Height": 0.007476429920643568,
          "Left": 0.6688187122344971,
          "Top": 0.38811933994293213
        },
        "Polygon": [
          {
            "X": 0.6688892245292664,
            "Y": 0.38811933994293213
          },
          {
            "X": 0.7135728001594543,
            "Y": 0.3887592554092407
          },
          {
            "X": 0.7135004997253418,
            "Y": 0.3955957591533661
          },
          {
            "X": 0.6688187122344971,
            "Y": 0.3949628174304962
          }
        ]
      },
      "Id": "d133c851-83e9-4052-aae2-58593c83d8b8",
      "Page": 1
    },
    {
      "BlockType": "WORD",
      "Confidence": 99.79761505126953,
      "Text": "de",
      "TextType": "PRINTED",
      "Geometry": {
        "BoundingBox": {
          "Width": 0.01081076730042696,
          "Height": 0.006073156371712685,
          "Left": 0.7163809537887573,
          "Top": 0.3893857002258301
        },
        "Polygon": [
          {
            "X": 0.716443657875061,
            "Y": 0.3893857002258301
          },
          {
            "X": 0.7271917462348938,
            "Y": 0.3895394802093506
          },
          {
            "X": 0.7271286249160767,
            "Y": 0.3954588770866394
          },
          {
            "X": 0.7163809537887573,
            "Y": 0.3953065276145935
          }
        ]
      },
      "Id": "46087f61-1087-47ac-94f1-f8d27fe4b0cc",
      "Page": 1
    },
    {
      "BlockType": "WORD",
      "Confidence": 99.01461029052734,
      "Text": "resposta",
      "TextType": "PRINTED",
      "Geometry": {
        "BoundingBox": {
          "Width": 0.038830291479825974,
          "Height": 0.00746945571154356,
          "Left": 0.7298060059547424,
          "Top": 0.39030054211616516
        },
        "Polygon": [
          {
            "X": 0.7298799157142639,
            "Y": 0.39030054211616516
          },
          {
            "X": 0.7686362862586975,
            "Y": 0.39085444808006287
          },
          {
            "X": 0.7685608267784119,
            "Y": 0.3977700173854828
          },
          {
            "X": 0.7298060059547424,
            "Y": 0.39722225069999695
          }
        ]
      },
      "Id": "51f8aef5-f92b-4d90-8c0f-66dfa88b2276",
      "Page": 1
    },
    {
      "BlockType": "WORD",
      "Confidence": 97.86271667480469,
      "Text": "variável",
      "TextType": "PRINTED",
      "Geometry": {
        "BoundingBox": {
          "Width": 0.03469571843743324,
          "Height": 0.007005023304373026,
          "Left": 0.7709207534790039,
          "Top": 0.3905983865261078
        },
        "Polygon": [
          {
            "X": 0.7709919810295105,
            "Y": 0.3905983865261078
          },
          {
            "X": 0.8056164383888245,
            "Y": 0.3910934627056122
          },
          {
            "X": 0.8055438995361328,
            "Y": 0.39760342240333557
          },
          {
            "X": 0.7709207534790039,
            "Y": 0.39711350202560425
          }
        ]
      },
      "Id": "a75562f4-de7d-4516-9da5-228c86d9186c",
      "Page": 1
    },
    {
      "BlockType": "WORD",
      "Confidence": 95.25228881835938,
      "Text": "Dependência",
      "TextType": "PRINTED",
      "Geometry": {
        "BoundingBox": {
          "Width": 0.06320387125015259,
          "Height": 0.008892342448234558,
          "Left": 0.4256465435028076,
          "Top": 0.4545001685619354
        },
        "Polygon": [
          {
            "X": 0.42571786046028137,
            "Y": 0.4545001685619354
          },
          {
            "X": 0.4888504147529602,
            "Y": 0.4553048014640808
          },
          {
            "X": 0.4887760579586029,
            "Y": 0.4633925259113312
          },
          {
            "X": 0.4256465435028076,
            "Y": 0.4625994563102722
          }
        ]
      },
      "Id": "98200aea-5490-42f2-b69f-f2c73d7aab65",
      "Page": 1
    },
    {
      "BlockType": "WORD",
      "Confidence": 99.88304138183594,
      "Text": "de",
      "TextType": "PRINTED",
      "Geometry": {
        "BoundingBox": {
          "Width": 0.011401626281440258,
          "Height": 0.006556850392371416,
          "Left": 0.4917634129524231,
          "Top": 0.45573773980140686
        },
        "Polygon": [
          {
            "X": 0.4918224811553955,
            "Y": 0.45573773980140686
          },
          {
            "X": 0.5031650066375732,
            "Y": 0.45588219165802
          },
          {
            "X": 0.5031055212020874,
            "Y": 0.4622946083545685
          },
          {
            "X": 0.4917634129524231,
            "Y": 0.46215179562568665
          }
        ]
      },
      "Id": "52003c25-c19c-4a85-b640-535f6d6da140",
      "Page": 1
    },
    {
      "BlockType": "WORD",
      "Confidence": 99.59988403320312,
      "Text": "modelos",
      "TextType": "PRINTED",
      "Geometry": {
        "BoundingBox": {
          "Width": 0.040599722415208817,
          "Height": 0.006886654999107122,
          "Left": 0.5065943598747253,
          "Top": 0.45600640773773193
        },
        "Polygon": [
          {
            "X": 0.5066536664962769,
            "Y": 0.45600640773773193
          },
          {
            "X": 0.5471940636634827,
            "Y": 0.456522673368454
          },
          {
            "X": 0.547133207321167,
            "Y": 0.4628930687904358
          },
          {
            "X": 0.5065943598747253,
            "Y": 0.4623826742172241
          }
        ]
      },
      "Id": "cc6ba994-825e-43de-9448-ca33b9a8baa4",
      "Page": 1
    },
    {
      "BlockType": "WORD",
      "Confidence": 99.81739807128906,
      "Text": "e",
      "TextType": "PRINTED",
      "Geometry": {
        "BoundingBox": {
          "Width": 0.005479070357978344,
          "Height": 0.004764445126056671,
          "Left": 0.5499575734138489,
          "Top": 0.45824337005615234
        },
        "Polygon": [
          {
            "X": 0.5500025153160095,
            "Y": 0.45824337005615234
          },
          {
            "X": 0.5554366707801819,
            "Y": 0.45831236243247986
          },
          {
            "X": 0.5553915500640869,
            "Y": 0.4630078077316284
          },
          {
            "X": 0.5499575734138489,
            "Y": 0.46293941140174866
          }
        ]
      },
      "Id": "79278bf2-4b83-4b8e-a7c0-fa26b189db4f",
      "Page": 1
    },
    {
      "BlockType": "WORD",
      "Confidence": 98.4024429321289,
      "Text": "Segurança",
      "TextType": "PRINTED",
      "Geometry": {
        "BoundingBox": {
          "Width": 0.048630766570568085,
          "Height": 0.00842767022550106,
          "Left": 0.6709274649620056,
          "Top": 0.4641701579093933
        },
        "Polygon": [
          {
            "X": 0.6710081696510315,
            "Y": 0.4641701579093933
          },
          {
            "X": 0.7195582389831543,
            "Y": 0.4647817313671112
          },
          {
            "X": 0.719475269317627,
            "Y": 0.4725978374481201
          },
          {
            "X": 0.6709274649620056,
            "Y": 0.47199490666389465
          }
        ]
      },
      "Id": "a8d64a29-bf0a-4526-92c3-cea018d2e12c",
      "Page": 1
    },
    {
      "BlockType": "WORD",
      "Confidence": 99.69893646240234,
      "Text": "e",
      "TextType": "PRINTED",
      "Geometry": {
        "BoundingBox": {
          "Width": 0.0054409378208220005,
          "Height": 0.004849613178521395,
          "Left": 0.7220801711082458,
          "Top": 0.46607717871665955
        },
        "Polygon": [
          {
            "X": 0.7221310138702393,
            "Y": 0.46607717871665955
          },
          {
            "X": 0.7275211215019226,
            "Y": 0.4661449193954468
          },
          {
            "X": 0.7274700999259949,
            "Y": 0.47092679142951965
          },
          {
            "X": 0.7220801711082458,
            "Y": 0.4708596169948578
          }
        ]
      },
      "Id": "8514d5a2-d5e1-42ec-9d1f-0b9cc22180d7",
      "Page": 1
    },
    {
      "BlockType": "WORD",
      "Confidence": 98.23579406738281,
      "Text": "proteção",
      "TextType": "PRINTED",
      "Geometry": {
        "BoundingBox": {
          "Width": 0.039897844195365906,
          "Height": 0.008519492112100124,
          "Left": 0.7302327156066895,
          "Top": 0.46460291743278503
        },
        "Polygon": [
          {
            "X": 0.7303184866905212,
            "Y": 0.46460291743278503
          },
          {
            "X": 0.7701305747032166,
            "Y": 0.46510469913482666
          },
          {
            "X": 0.7700429558753967,
            "Y": 0.47312241792678833
          },
          {
            "X": 0.7302327156066895,
            "Y": 0.4726279079914093
          }
        ]
      },
      "Id": "d15e65eb-325b-426c-ae54-65ba87b84e2d",
      "Page": 1
    },
    {
      "BlockType": "WORD",
      "Confidence": 99.5916748046875,
      "Text": "custos",
      "TextType": "PRINTED",
      "Geometry": {
        "BoundingBox": {
          "Width": 0.03257691115140915,
          "Height": 0.006307271309196949,
          "Left": 0.4254283010959625,
          "Top": 0.4662211835384369
        },
        "Polygon": [
          {
            "X": 0.42548027634620667,
            "Y": 0.4662211835384369
          },
          {
            "X": 0.45800521969795227,
            "Y": 0.4666270911693573
          },
          {
            "X": 0.457952082157135,
            "Y": 0.47252845764160156
          },
          {
            "X": 0.4254283010959625,
            "Y": 0.47212687134742737
          }
        ]
      },
      "Id": "c2c2aa10-be17-4e0f-9fc5-7cc6c8b87999",
      "Page": 1
    },
    {
      "BlockType": "WORD",
      "Confidence": 99.895751953125,
      "Text": "de",
      "TextType": "PRINTED",
      "Geometry": {
        "BoundingBox": {
          "Width": 0.011644475162029266,
          "Height": 0.006582026369869709,
          "Left": 0.4611368179321289,
          "Top": 0.46633920073509216
        },
        "Polygon": [
          {
            "X": 0.4611949324607849,
            "Y": 0.46633920073509216
          },
          {
            "X": 0.47278130054473877,
            "Y": 0.4664838910102844
          },
          {
            "X": 0.47272273898124695,
            "Y": 0.472921222448349
          },
          {
            "X": 0.4611368179321289,
            "Y": 0.47277823090553284
          }
        ]
      },
      "Id": "11a19fe8-e405-4fdf-b0d5-539dd30da51a",
      "Page": 1
    },
    {
      "BlockType": "WORD",
      "Confidence": 99.5774917602539,
      "Text": "terceiros",
      "TextType": "PRINTED",
      "Geometry": {
        "BoundingBox": {
          "Width": 0.042588576674461365,
          "Height": 0.007179485633969307,
          "Left": 0.4759804606437683,
          "Top": 0.46646061539649963
        },
        "Polygon": [
          {
            "X": 0.47604110836982727,
            "Y": 0.46646061539649963
          },
          {
            "X": 0.5185690522193909,
            "Y": 0.46699175238609314
          },
          {
            "X": 0.5185067057609558,
            "Y": 0.473640114068985
          },
          {
            "X": 0.4759804606437683,
            "Y": 0.47311535477638245
          }
        ]
      },
      "Id": "95da7be1-9395-4400-a4a3-b98b03ccde1b",
      "Page": 1
    },
    {
      "BlockType": "WORD",
      "Confidence": 99.7230453491211,
      "Text": "DATADOG",
      "TextType": "PRINTED",
      "Geometry": {
        "BoundingBox": {
          "Width": 0.03450353443622589,
          "Height": 0.005211658775806427,
          "Left": 0.8023446202278137,
          "Top": 0.5150338411331177
        },
        "Polygon": [
          {
            "X": 0.8023982644081116,
            "Y": 0.5150338411331177
          },
          {
            "X": 0.8368481397628784,
            "Y": 0.5154291987419128
          },
          {
            "X": 0.8367934823036194,
            "Y": 0.5202454924583435
          },
          {
            "X": 0.8023446202278137,
            "Y": 0.5198538899421692
          }
        ]
      },
      "Id": "b9d64a2a-cee6-423f-b822-e471d1619e0f",
      "Page": 1
    },
    {
      "BlockType": "WORD",
      "Confidence": 52.2305793762207,
      "Text": "15",
      "TextType": "PRINTED",
      "Geometry": {
        "BoundingBox": {
          "Width": 0.00693431356921792,
          "Height": 0.004487030673772097,
          "Left": 0.8433299660682678,
          "Top": 0.515751302242279
        },
        "Polygon": [
          {
            "X": 0.8433801531791687,
            "Y": 0.515751302242279
          },
          {
            "X": 0.850264310836792,
            "Y": 0.5158302783966064
          },
          {
            "X": 0.8502139449119568,
            "Y": 0.5202383399009705
          },
          {
            "X": 0.8433299660682678,
            "Y": 0.5201600790023804
          }
        ]
      },
      "Id": "f8aceb6e-d25a-4a76-8116-6b7800cab0cd",
      "Page": 1
    }
  ],
  "DetectDocumentTextModelVersion": "1.0"
}