{
  "DocumentMetadata": {
    "Pages": 1
  },
  "JobStatus": "SUCCEEDED",
  "Blocks": [
    {
      "BlockType": "PAGE",
      "Geometry": {
        "BoundingBox": {
          "Width": 1,
          "Height": 1,
          "Left": 0,
          "Top": 0
        },
        "Polygon": [
          {
            "X": 0,
            "Y": 0.0011396220652386546
          },
          {
            "X": 1,
            "Y": 0
          },
          {
            "X": 0.9999614357948303,
            "Y": 1
          },
          {
            "X": 0.000005017466719436925,
            "Y": 1
          }
        ]
      },
      "Id": "021b29e6-1a3c-4c6d-8524-0ad6f817a6a4",
      "Relationships": [
        {
          "Type": "CHILD",
          "Ids": [
            "a9aad2ff-bf97-4b51-8fb4-9ed7a08051d1",
            "c619c27f-d57d-46a2-8760-5013c97988f2",
            "92202a79-5fe6-4a84-ab53-b7a588493424",
            "4185e340-bb05-4b93-a994-4d4ba0bc91d4",
            "6bf7483a-f646-49c4-9d76-f5b1cc7a39cb",
            "d086951c-4f7a-41da-abff-3494c9031d3e",
            "e347b3ef-93fb-482c-af54-0462129bf023",
            "76cbaf7c-ab8f-4102-ac8b-cc543e291c3d",
            "0f98ed7a-385c-4ea7-9589-0d13c65199c3",
            "2cb87a5b-a096-4e1f-a2be-2e169d67dc5b",
            "718c2a8b-998a-41c4-bfda-34839ddaa056",
            "1b9799d5-46bd-49c6-84c4-2d07ac0d3025",
            "f2a438e4-b748-49aa-bd37-adf9bb6a7c03",
            "5a331f95-fd4e-49ec-8391-0b3ab9294a6e",
            "e3ab9c44-3006-40dc-9fd3-8c441e45bf0b",
            "01eeec28-5217-4b9d-aa06-76bc3884c22f",
            "a146f5b5-337f-4a95-97e7-f0d51874d0d5",
            "3eeb5014-3e63-405a-a24c-d50599a75b13",
            "f68be60d-88f8-46e1-b536-bd424ca4def3"
          ]
        }
      ],
      "Page": 1
    },
    {
      "BlockType": "LINE",
      "Confidence": 95.9146957397461,
      "Text": "Comece sua jornada de Generative AI hoje mesmo",
      "Geometry": {
        "BoundingBox": {
          "Width": 0.48778191208839417,
          "Height": 0.0511491596698761,
          "Left": 0.13366176187992096,
          "Top": 0.22820548713207245
        },
        "Polygon": [
          {
            "X": 0.13366176187992096,
            "Y": 0.2612447440624237
          },
          {
            "X": 0.6214436888694763,
            "Y": 0.22820548713207245
          },
          {
            "X": 0.6213335394859314,
            "Y": 0.247895285487175
          },
          {
            "X": 0.13377633690834045,
            "Y": 0.27935463190078735
          }
        ]
      },
      "Id": "a9aad2ff-bf97-4b51-8fb4-9ed7a08051d1",
      "Relationships": [
        {
          "Type": "CHILD",
          "Ids": [
            "a68d95f6-5653-4105-938a-d134da7bdee0",
            "9a0e618f-d5a1-4cfb-8872-a1f6c43f0c08",
            "6c6fd8e3-8952-4ddb-8d64-afe2b9600c05",
            "0ccfcab0-094a-44a0-8613-9b852cad1e68",
            "6157a07b-cab4-4008-93aa-35b1c9d1862e",
            "5a57d932-0bae-49f4-bdd2-c0dc1e92ece4",
            "b980f886-34df-4acd-9394-486353441473",
            "6fb73738-80c5-407a-8120-0f730d92935d"
          ]
        }
      ],
      "Page": 1
    },
    {
      "BlockType": "LINE",
      "Confidence": 96.99767303466797,
      "Text": "1",
      "Geometry": {
        "BoundingBox": {
          "Width": 0.021752063184976578,
          "Height": 0.03916040062904358,
          "Left": 0.15641620755195618,
          "Top": 0.32439008355140686
        },
        "Polygon": [
          {
            "X": 0.15641620755195618,
            "Y": 0.3255993127822876
          },
          {
            "X": 0.17796821892261505,
            "Y": 0.32439008355140686
          },
          {
            "X": 0.17816826701164246,
            "Y": 0.3624865412712097
          },
          {
            "X": 0.15663552284240723,
            "Y": 0.36355048418045044
          }
        ]
      },
      "Id": "c619c27f-d57d-46a2-8760-5013c97988f2",
      "Relationships": [
        {
          "Type": "CHILD",
          "Ids": [
            "bf9b919f-26c9-4df1-9f43-61ed847bf580"
          ]
        }
      ],
      "Page": 1
    },
    {
      "BlockType": "LINE",
      "Confidence": 98.92220306396484,
      "Text": "2",
      "Geometry": {
        "BoundingBox": {
          "Width": 0.03147457540035248,
          "Height": 0.04010230675339699,
          "Left": 0.3441011905670166,
          "Top": 0.31122004985809326
        },
        "Polygon": [
          {
            "X": 0.3441011905670166,
            "Y": 0.3129962682723999
          },
          {
            "X": 0.37555983662605286,
            "Y": 0.31122004985809326
          },
          {
            "X": 0.3755757510662079,
            "Y": 0.3497534990310669
          },
          {
            "X": 0.3441465198993683,
            "Y": 0.35132235288619995
          }
        ]
      },
      "Id": "92202a79-5fe6-4a84-ab53-b7a588493424",
      "Relationships": [
        {
          "Type": "CHILD",
          "Ids": [
            "e1aa5e6a-2e76-4bfe-a9fe-37973dd74db7"
          ]
        }
      ],
      "Page": 1
    },
    {
      "BlockType": "LINE",
      "Confidence": 99.84517669677734,
      "Text": "3",
      "Geometry": {
        "BoundingBox": {
          "Width": 0.034724194556474686,
          "Height": 0.04091688618063927,
          "Left": 0.5459184646606445,
          "Top": 0.30006927251815796
        },
        "Polygon": [
          {
            "X": 0.5460649728775024,
            "Y": 0.3020191490650177
          },
          {
            "X": 0.5806426405906677,
            "Y": 0.30006927251815796
          },
          {
            "X": 0.5804621577262878,
            "Y": 0.3392603397369385
          },
          {
            "X": 0.5459184646606445,
            "Y": 0.3409861624240875
          }
        ]
      },
      "Id": "4185e340-bb05-4b93-a994-4d4ba0bc91d4",
      "Relationships": [
        {
          "Type": "CHILD",
          "Ids": [
            "f7ed7020-4aed-43b9-abac-fe3fa1a9e8c7"
          ]
        }
      ],
      "Page": 1
    },
    {
      "BlockType": "LINE",
      "Confidence": 92.93387603759766,
      "Text": "aw",
      "Geometry": {
        "BoundingBox": {
          "Width": 0.15119066834449768,
          "Height": 0.05619514733552933,
          "Left": 0.8478668928146362,
          "Top": 0.2937481701374054
        },
        "Polygon": [
          {
            "X": 0.8484035730361938,
            "Y": 0.3018440902233124
          },
          {
            "X": 0.9990575313568115,
            "Y": 0.2937481701374054
          },
          {
            "X": 0.9983265995979309,
            "Y": 0.34299516677856445
          },
          {
            "X": 0.8478668928146362,
            "Y": 0.3499433398246765
          }
        ]
      },
      "Id": "6bf7483a-f646-49c4-9d76-f5b1cc7a39cb",
      "Relationships": [
        {
          "Type": "CHILD",
          "Ids": [
            "a4831698-508c-4f31-999e-1c8edcfac860"
          ]
        }
      ],
      "Page": 1
    },
    {
      "BlockType": "LINE",
      "Confidence": 89.44795989990234,
      "Text": "Seja ágil",
      "Geometry": {
        "BoundingBox": {
          "Width": 0.0595095157623291,
          "Height": 0.016139987856149673,
          "Left": 0.13448527455329895,
          "Top": 0.4015868306159973
        },
        "Polygon": [
          {
            "X": 0.13448527455329895,
            "Y": 0.4041084349155426
          },
          {
            "X": 0.19392777979373932,
            "Y": 0.4015868306159973
          },
          {
            "X": 0.19399479031562805,
            "Y": 0.41534939408302307
          },
          {
            "X": 0.13457146286964417,
            "Y": 0.4177268147468567
          }
        ]
      },
      "Id": "d086951c-4f7a-41da-abff-3494c9031d3e",
      "Relationships": [
        {
          "Type": "CHILD",
          "Ids": [
            "b99ba6d1-5742-4cc5-9d3a-fa03bd0ff9b1",
            "31f96757-0042-49cb-8e27-f415483df8da"
          ]
        }
      ],
      "Page": 1
    },
    {
      "BlockType": "LINE",
      "Confidence": 99.67644500732422,
      "Text": "Aprenda e Organize",
      "Geometry": {
        "BoundingBox": {
          "Width": 0.1503637731075287,
          "Height": 0.01909630186855793,
          "Left": 0.2861603796482086,
          "Top": 0.3920617997646332
        },
        "Polygon": [
          {
            "X": 0.2861603796482086,
            "Y": 0.3984210193157196
          },
          {
            "X": 0.4365241527557373,
            "Y": 0.3920617997646332
          },
          {
            "X": 0.43651002645492554,
            "Y": 0.40513113141059875
          },
          {
            "X": 0.2861935794353485,
            "Y": 0.41115808486938477
          }
        ]
      },
      "Id": "e347b3ef-93fb-482c-af54-0462129bf023",
      "Relationships": [
        {
          "Type": "CHILD",
          "Ids": [
            "9885d2f3-3a56-4fca-8d69-289e2cd2c12f",
            "8184d07e-58b6-4507-ac49-f7fdd92f5ea8",
            "09b08b5b-8984-461e-ad7f-c5a0df214392"
          ]
        }
      ],
      "Page": 1
    },
    {
      "BlockType": "LINE",
      "Confidence": 99.80118560791016,
      "Text": "Escale",
      "Geometry": {
        "BoundingBox": {
          "Width": 0.04994603246450424,
          "Height": 0.012774160131812096,
          "Left": 0.5399657487869263,
          "Top": 0.38461029529571533
        },
        "Polygon": [
          {
            "X": 0.540004312992096,
            "Y": 0.38672885298728943
          },
          {
            "X": 0.5899118185043335,
            "Y": 0.38461029529571533
          },
          {
            "X": 0.5898597836494446,
            "Y": 0.3953542709350586
          },
          {
            "X": 0.5399657487869263,
            "Y": 0.3973844349384308
          }
        ]
      },
      "Id": "76cbaf7c-ab8f-4102-ac8b-cc543e291c3d",
      "Relationships": [
        {
          "Type": "CHILD",
          "Ids": [
            "7c0f0878-6d72-42fe-bdc9-3774baaedc4b"
          ]
        }
      ],
      "Page": 1
    },
    {
      "BlockType": "LINE",
      "Confidence": 90.14954376220703,
      "Text": "Selecione o caso de uso",
      "Geometry": {
        "BoundingBox": {
          "Width": 0.11950783431529999,
          "Height": 0.012915384024381638,
          "Left": 0.10401458293199539,
          "Top": 0.41795292496681213
        },
        "Polygon": [
          {
            "X": 0.10401458293199539,
            "Y": 0.42265403270721436
          },
          {
            "X": 0.22348763048648834,
            "Y": 0.41795292496681213
          },
          {
            "X": 0.22352242469787598,
            "Y": 0.4263428747653961
          },
          {
            "X": 0.10407273471355438,
            "Y": 0.4308682978153229
          }
        ]
      },
      "Id": "0f98ed7a-385c-4ea7-9589-0d13c65199c3",
      "Relationships": [
        {
          "Type": "CHILD",
          "Ids": [
            "a96609be-8b8c-4cca-a2cd-7234e81d76ba",
            "28d62f2b-ca34-40d8-8561-776930695908",
            "bbe23d35-96f2-4833-98dd-87829bd79199",
            "0eaf52cf-dbf5-43ed-8712-8c1d3c923206",
            "9c74bc6c-281f-4568-b231-f189fe2ea913"
          ]
        }
      ],
      "Page": 1
    },
    {
      "BlockType": "LINE",
      "Confidence": 99.12257385253906,
      "Text": "Capacite suas equipes por",
      "Geometry": {
        "BoundingBox": {
          "Width": 0.14220455288887024,
          "Height": 0.015132884494960308,
          "Left": 0.2899510860443115,
          "Top": 0.40974849462509155
        },
        "Polygon": [
          {
            "X": 0.2899510860443115,
            "Y": 0.41534391045570374
          },
          {
            "X": 0.43215563893318176,
            "Y": 0.40974849462509155
          },
          {
            "X": 0.4321461021900177,
            "Y": 0.4195210337638855
          },
          {
            "X": 0.28997504711151123,
            "Y": 0.4248813986778259
          }
        ]
      },
      "Id": "2cb87a5b-a096-4e1f-a2be-2e169d67dc5b",
      "Relationships": [
        {
          "Type": "CHILD",
          "Ids": [
            "0c80d6c9-7886-4d0b-90f6-069184e0de1a",
            "facafd95-2d7d-413c-9fcc-34af6d026e18",
            "38de0aed-6617-45ee-a9b7-c25af8a11595",
            "bc8b770c-7e8d-495d-968b-dec416d31da4"
          ]
        }
      ],
      "Page": 1
    },
    {
      "BlockType": "LINE",
      "Confidence": 98.36460876464844,
      "Text": "Desenvolva seu pessoal,",
      "Geometry": {
        "BoundingBox": {
          "Width": 0.1425538808107376,
          "Height": 0.015700314193964005,
          "Left": 0.49441206455230713,
          "Top": 0.3999844193458557
        },
        "Polygon": [
          {
            "X": 0.49443721771240234,
            "Y": 0.4056321084499359
          },
          {
            "X": 0.6369659304618835,
            "Y": 0.3999844193458557
          },
          {
            "X": 0.6369041800498962,
            "Y": 0.41027694940567017
          },
          {
            "X": 0.49441206455230713,
            "Y": 0.4156847298145294
          }
        ]
      },
      "Id": "718c2a8b-998a-41c4-bfda-34839ddaa056",
      "Relationships": [
        {
          "Type": "CHILD",
          "Ids": [
            "d065ecb2-fd6b-47e5-b44f-366181f0fead",
            "1b5b0414-70a0-4e95-806e-1812c5a53cf8",
            "74121bf3-be39-4c4a-9af4-89db349d3020"
          ]
        }
      ],
      "Page": 1
    },
    {
      "BlockType": "LINE",
      "Confidence": 94.39372253417969,
      "Text": "correto e os conjuntos",
      "Geometry": {
        "BoundingBox": {
          "Width": 0.11363542824983597,
          "Height": 0.013207511976361275,
          "Left": 0.10611853003501892,
          "Top": 0.42911747097969055
        },
        "Polygon": [
          {
            "X": 0.10611853003501892,
            "Y": 0.4333690106868744
          },
          {
            "X": 0.2197152078151703,
            "Y": 0.42911747097969055
          },
          {
            "X": 0.2197539508342743,
            "Y": 0.4382554590702057
          },
          {
            "X": 0.10618147999048233,
            "Y": 0.4423249661922455
          }
        ]
      },
      "Id": "1b9799d5-46bd-49c6-84c4-2d07ac0d3025",
      "Relationships": [
        {
          "Type": "CHILD",
          "Ids": [
            "1bc382c0-a8dd-44fd-adc7-f18e6ed17875",
            "c5f25b3d-61aa-43b7-917d-6b96d4c88ecc",
            "03525bbe-bb18-4962-ae1c-275577d89167",
            "2b863be7-f49e-4551-a5d4-216eed687ee1"
          ]
        }
      ],
      "Page": 1
    },
    {
      "BlockType": "LINE",
      "Confidence": 99.7098159790039,
      "Text": "meio de uma variedade de",
      "Geometry": {
        "BoundingBox": {
          "Width": 0.14550665020942688,
          "Height": 0.014574341475963593,
          "Left": 0.2882612645626068,
          "Top": 0.4202238917350769
        },
        "Polygon": [
          {
            "X": 0.2882612645626068,
            "Y": 0.42569130659103394
          },
          {
            "X": 0.4337679147720337,
            "Y": 0.4202238917350769
          },
          {
            "X": 0.4337584376335144,
            "Y": 0.42956048250198364
          },
          {
            "X": 0.2882845401763916,
            "Y": 0.4347982406616211
          }
        ]
      },
      "Id": "f2a438e4-b748-49aa-bd37-adf9bb6a7c03",
      "Relationships": [
        {
          "Type": "CHILD",
          "Ids": [
            "d86b91d8-3993-44b8-ad10-3a957933b300",
            "c32e717e-de02-44a8-8cb3-79cb90b4dc9c",
            "b5100ef0-b0fd-49c2-a7e4-64318a4319b8",
            "13c60667-0a6e-4087-9d2f-f354039efbea",
            "d5316b35-cbdb-4280-9b3f-571366e598fe"
          ]
        }
      ],
      "Page": 1
    },
    {
      "BlockType": "LINE",
      "Confidence": 98.07266235351562,
      "Text": "processo e tecnologia à",
      "Geometry": {
        "BoundingBox": {
          "Width": 0.13977128267288208,
          "Height": 0.016148721799254417,
          "Left": 0.49611666798591614,
          "Top": 0.4117550253868103
        },
        "Polygon": [
          {
            "X": 0.4961443543434143,
            "Y": 0.41702577471733093
          },
          {
            "X": 0.6358879208564758,
            "Y": 0.4117550253868103
          },
          {
            "X": 0.6358214616775513,
            "Y": 0.4228874146938324
          },
          {
            "X": 0.49611666798591614,
            "Y": 0.4279037415981293
          }
        ]
      },
      "Id": "5a331f95-fd4e-49ec-8391-0b3ab9294a6e",
      "Relationships": [
        {
          "Type": "CHILD",
          "Ids": [
            "5aa30a7e-508d-4279-99b1-47e46edd90de",
            "c39551b6-96a0-4395-9e78-afc1b4acd371",
            "a605f072-0a1d-496d-81cc-510457dae768",
            "1885ef4f-ff7d-49c4-b1dc-688c070f891f"
          ]
        }
      ],
      "Page": 1
    },
    {
      "BlockType": "LINE",
      "Confidence": 97.78768157958984,
      "Text": "de dados irão mostrar",
      "Geometry": {
        "BoundingBox": {
          "Width": 0.11300002038478851,
          "Height": 0.012138237245380878,
          "Left": 0.10585173219442368,
          "Top": 0.440008282661438
        },
        "Polygon": [
          {
            "X": 0.10585173219442368,
            "Y": 0.44402214884757996
          },
          {
            "X": 0.21881641447544098,
            "Y": 0.440008282661438
          },
          {
            "X": 0.21885176002979279,
            "Y": 0.44829681515693665
          },
          {
            "X": 0.10590890794992447,
            "Y": 0.4521465003490448
          }
        ]
      },
      "Id": "e3ab9c44-3006-40dc-9fd3-8c441e45bf0b",
      "Relationships": [
        {
          "Type": "CHILD",
          "Ids": [
            "58881f32-24c4-429f-9f30-67a118af9e29",
            "4b346061-d6e8-4aaa-a3b0-ed253c69bac7",
            "db6cb756-eafb-4de3-9029-63b470d8b92d",
            "1310559d-a874-432f-aac4-6fe62c6ab131"
          ]
        }
      ],
      "Page": 1
    },
    {
      "BlockType": "LINE",
      "Confidence": 99.31655883789062,
      "Text": "oportunidades de",
      "Geometry": {
        "BoundingBox": {
          "Width": 0.09736309945583344,
          "Height": 0.013293908908963203,
          "Left": 0.3112976849079132,
          "Top": 0.4328579902648926
        },
        "Polygon": [
          {
            "X": 0.3112976849079132,
            "Y": 0.4363241493701935
          },
          {
            "X": 0.40866079926490784,
            "Y": 0.4328579902648926
          },
          {
            "X": 0.4086568057537079,
            "Y": 0.44285085797309875
          },
          {
            "X": 0.3113172650337219,
            "Y": 0.44615188241004944
          }
        ]
      },
      "Id": "01eeec28-5217-4b9d-aa06-76bc3884c22f",
      "Relationships": [
        {
          "Type": "CHILD",
          "Ids": [
            "afe6fabb-78ff-46f0-9a29-7555235f71ee",
            "7eb8072a-aab6-4931-928b-d57bedd7f87d"
          ]
        }
      ],
      "Page": 1
    },
    {
      "BlockType": "LINE",
      "Confidence": 99.03648376464844,
      "Text": "medida que você escala",
      "Geometry": {
        "BoundingBox": {
          "Width": 0.1416712999343872,
          "Height": 0.01543737854808569,
          "Left": 0.49534183740615845,
          "Top": 0.4240400195121765
        },
        "Polygon": [
          {
            "X": 0.4953680634498596,
            "Y": 0.4290984869003296
          },
          {
            "X": 0.6370131373405457,
            "Y": 0.4240400195121765
          },
          {
            "X": 0.636949360370636,
            "Y": 0.43466490507125854
          },
          {
            "X": 0.49534183740615845,
            "Y": 0.4394773840904236
          }
        ]
      },
      "Id": "a146f5b5-337f-4a95-97e7-f0d51874d0d5",
      "Relationships": [
        {
          "Type": "CHILD",
          "Ids": [
            "d0971bba-2359-429a-b57b-8b4e4050cc75",
            "b0fe4f0f-be3f-4b2c-b0de-613934ff96e7",
            "94ee2df3-e699-451a-aa0a-b39e9df1f9db",
            "a741066d-8665-4ef7-809d-f432e129fabe"
          ]
        }
      ],
      "Page": 1
    },
    {
      "BlockType": "LINE",
      "Confidence": 99.14463806152344,
      "Text": "valor rapidamente",
      "Geometry": {
        "BoundingBox": {
          "Width": 0.09442075341939926,
          "Height": 0.012354019097983837,
          "Left": 0.113536037504673,
          "Top": 0.4512377083301544
        },
        "Polygon": [
          {
            "X": 0.113536037504673,
            "Y": 0.4544122815132141
          },
          {
            "X": 0.20791450142860413,
            "Y": 0.4512377083301544
          },
          {
            "X": 0.20795679092407227,
            "Y": 0.46057188510894775
          },
          {
            "X": 0.11359892785549164,
            "Y": 0.46359172463417053
          }
        ]
      },
      "Id": "3eeb5014-3e63-405a-a24c-d50599a75b13",
      "Relationships": [
        {
          "Type": "CHILD",
          "Ids": [
            "2d63bd8e-f1a9-4add-b3e5-0db13e7f0d97",
            "b8d626a5-5588-4bd8-8b72-26792416ddd0"
          ]
        }
      ],
      "Page": 1
    },
    {
      "BlockType": "LINE",
      "Confidence": 99.09457397460938,
      "Text": "treinamento",
      "Geometry": {
        "BoundingBox": {
          "Width": 0.06898586452007294,
          "Height": 0.01012353878468275,
          "Left": 0.3253926932811737,
          "Top": 0.4451368451118469
        },
        "Polygon": [
          {
            "X": 0.3253926932811737,
            "Y": 0.4474552869796753
          },
          {
            "X": 0.39437854290008545,
            "Y": 0.4451368451118469
          },
          {
            "X": 0.3943781852722168,
            "Y": 0.4530346095561981
          },
          {
            "X": 0.3254055380821228,
            "Y": 0.45526036620140076
          }
        ]
      },
      "Id": "f68be60d-88f8-46e1-b536-bd424ca4def3",
      "Relationships": [
        {
          "Type": "CHILD",
          "Ids": [
            "806934ae-b8ac-4434-96ad-2e450032e454"
          ]
        }
      ],
      "Page": 1
    },
    {
      "BlockType": "WORD",
      "Confidence": 99.79959869384766,
      "Text": "Comece",
      "TextType": "PRINTED",
      "Geometry": {
        "BoundingBox": {
          "Width": 0.06933094561100006,
          "Height": 0.016965122893452644,
          "Left": 0.13369345664978027,
          "Top": 0.26162347197532654
        },
        "Polygon": [
          {
            "X": 0.13369345664978027,
            "Y": 0.26625409722328186
          },
          {
            "X": 0.20296655595302582,
            "Y": 0.26162347197532654
          },
          {
            "X": 0.20302440226078033,
            "Y": 0.27411067485809326
          },
          {
            "X": 0.13377147912979126,
            "Y": 0.27858859300613403
          }
        ]
      },
      "Id": "a68d95f6-5653-4105-938a-d134da7bdee0",
      "Page": 1
    },
    {
      "BlockType": "WORD",
      "Confidence": 99.09514617919922,
      "Text": "sua",
      "TextType": "PRINTED",
      "Geometry": {
        "BoundingBox": {
          "Width": 0.031498022377491,
          "Height": 0.012168267741799355,
          "Left": 0.2070004791021347,
          "Top": 0.2603684663772583
        },
        "Polygon": [
          {
            "X": 0.2070004791021347,
            "Y": 0.26246532797813416
          },
          {
            "X": 0.23846037685871124,
            "Y": 0.2603684663772583
          },
          {
            "X": 0.2384984940290451,
            "Y": 0.27049580216407776
          },
          {
            "X": 0.20704613626003265,
            "Y": 0.2725367546081543
          }
        ]
      },
      "Id": "9a0e618f-d5a1-4cfb-8872-a1f6c43f0c08",
      "Page": 1
    },
    {
      "BlockType": "WORD",
      "Confidence": 99.57367706298828,
      "Text": "jornada",
      "TextType": "PRINTED",
      "Geometry": {
        "BoundingBox": {
          "Width": 0.07414393126964569,
          "Height": 0.021176407113671303,
          "Left": 0.24169449508190155,
          "Top": 0.251211017370224
        },
        "Polygon": [
          {
            "X": 0.24169449508190155,
            "Y": 0.25620168447494507
          },
          {
            "X": 0.3158077299594879,
            "Y": 0.251211017370224
          },
          {
            "X": 0.31583842635154724,
            "Y": 0.267607182264328
          },
          {
            "X": 0.24175412952899933,
            "Y": 0.27238744497299194
          }
        ]
      },
      "Id": "6c6fd8e3-8952-4ddb-8d64-afe2b9600c05",
      "Page": 1
    },
    {
      "BlockType": "WORD",
      "Confidence": 99.89421844482422,
      "Text": "de",
      "TextType": "PRINTED",
      "Geometry": {
        "BoundingBox": {
          "Width": 0.02443409338593483,
          "Height": 0.014692442491650581,
          "Left": 0.3211733400821686,
          "Top": 0.24879631400108337
        },
        "Polygon": [
          {
            "X": 0.3211733400821686,
            "Y": 0.25044235587120056
          },
          {
            "X": 0.3455924391746521,
            "Y": 0.24879631400108337
          },
          {
            "X": 0.3456074595451355,
            "Y": 0.26189783215522766
          },
          {
            "X": 0.3211960792541504,
            "Y": 0.26348876953125
          }
        ]
      },
      "Id": "0ccfcab0-094a-44a0-8613-9b852cad1e68",
      "Page": 1
    },
    {
      "BlockType": "WORD",
      "Confidence": 99.91576385498047,
      "Text": "Generative",
      "TextType": "PRINTED",
      "Geometry": {
        "BoundingBox": {
          "Width": 0.10866223275661469,
          "Height": 0.021732168272137642,
          "Left": 0.3511109948158264,
          "Top": 0.23981477320194244
        },
        "Polygon": [
          {
            "X": 0.3511109948158264,
            "Y": 0.24716287851333618
          },
          {
            "X": 0.4597732126712799,
            "Y": 0.23981477320194244
          },
          {
            "X": 0.45974910259246826,
            "Y": 0.2544679641723633
          },
          {
            "X": 0.3511255085468292,
            "Y": 0.26154693961143494
          }
        ]
      },
      "Id": "6157a07b-cab4-4008-93aa-35b1c9d1862e",
      "Page": 1
    },
    {
      "BlockType": "WORD",
      "Confidence": 69.25337219238281,
      "Text": "AI",
      "TextType": "PRINTED",
      "Geometry": {
        "BoundingBox": {
          "Width": 0.021439746022224426,
          "Height": 0.01415481697767973,
          "Left": 0.46424150466918945,
          "Top": 0.2383895218372345
        },
        "Polygon": [
          {
            "X": 0.46426379680633545,
            "Y": 0.2398366779088974
          },
          {
            "X": 0.4856812357902527,
            "Y": 0.2383895218372345
          },
          {
            "X": 0.4856521785259247,
            "Y": 0.2511431574821472
          },
          {
            "X": 0.46424150466918945,
            "Y": 0.2525443434715271
          }
        ]
      },
      "Id": "5a57d932-0bae-49f4-bdd2-c0dc1e92ece4",
      "Page": 1
    },
    {
      "BlockType": "WORD",
      "Confidence": 99.91820526123047,
      "Text": "hoje",
      "TextType": "PRINTED",
      "Geometry": {
        "BoundingBox": {
          "Width": 0.045340705662965775,
          "Height": 0.018927983939647675,
          "Left": 0.49246910214424133,
          "Top": 0.23387031257152557
        },
        "Polygon": [
          {
            "X": 0.4925078749656677,
            "Y": 0.23693877458572388
          },
          {
            "X": 0.5378097891807556,
            "Y": 0.23387031257152557
          },
          {
            "X": 0.5377530455589294,
            "Y": 0.24985064566135406
          },
          {
            "X": 0.49246910214424133,
            "Y": 0.25279828906059265
          }
        ]
      },
      "Id": "b980f886-34df-4acd-9394-486353441473",
      "Page": 1
    },
    {
      "BlockType": "WORD",
      "Confidence": 99.86759948730469,
      "Text": "mesmo",
      "TextType": "PRINTED",
      "Geometry": {
        "BoundingBox": {
          "Width": 0.07803057879209518,
          "Height": 0.016255047172307968,
          "Left": 0.5434024930000305,
          "Top": 0.23010481894016266
        },
        "Polygon": [
          {
            "X": 0.5434430241584778,
            "Y": 0.23536323010921478
          },
          {
            "X": 0.6214330196380615,
            "Y": 0.23010481894016266
          },
          {
            "X": 0.6213707327842712,
            "Y": 0.24124448001384735
          },
          {
            "X": 0.5434024930000305,
            "Y": 0.24635985493659973
          }
        ]
      },
      "Id": "6fb73738-80c5-407a-8120-0f730d92935d",
      "Page": 1
    },
    {
      "BlockType": "WORD",
      "Confidence": 96.99767303466797,
      "Text": "1",
      "TextType": "PRINTED",
      "Geometry": {
        "BoundingBox": {
          "Width": 0.021752063184976578,
          "Height": 0.03916040062904358,
          "Left": 0.15641620755195618,
          "Top": 0.32439008355140686
        },
        "Polygon": [
          {
            "X": 0.15641620755195618,
            "Y": 0.3255993127822876
          },
          {
            "X": 0.17796821892261505,
            "Y": 0.32439008355140686
          },
          {
            "X": 0.17816826701164246,
            "Y": 0.3624865412712097
          },
          {
            "X": 0.15663552284240723,
            "Y": 0.36355048418045044
          }
        ]
      },
      "Id": "bf9b919f-26c9-4df1-9f43-61ed847bf580",
      "Page": 1
    },
    {
      "BlockType": "WORD",
      "Confidence": 98.92220306396484,
      "Text": "2",
      "TextType": "PRINTED",
      "Geometry": {
        "BoundingBox": {
          "Width": 0.03147457540035248,
          "Height": 0.04010230675339699,
          "Left": 0.3441011905670166,
          "Top": 0.31122004985809326
        },
        "Polygon": [
          {
            "X": 0.3441011905670166,
            "Y": 0.3129962682723999
          },
          {
            "X": 0.37555983662605286,
            "Y": 0.31122004985809326
          },
          {
            "X": 0.3755757510662079,
            "Y": 0.3497534990310669
          },
          {
            "X": 0.3441465198993683,
            "Y": 0.35132235288619995
          }
        ]
      },
      "Id": "e1aa5e6a-2e76-4bfe-a9fe-37973dd74db7",
      "Page": 1
    },
    {
      "BlockType": "WORD",
      "Confidence": 99.84517669677734,
      "Text": "3",
      "TextType": "PRINTED",
      "Geometry": {
        "BoundingBox": {
          "Width": 0.034724194556474686,
          "Height": 0.04091688618063927,
          "Left": 0.5459184646606445,
          "Top": 0.30006927251815796
        },
        "Polygon": [
          {
            "X": 0.5460649728775024,
            "Y": 0.3020191490650177
          },
          {
            "X": 0.5806426405906677,
            "Y": 0.30006927251815796
          },
          {
            "X": 0.5804621577262878,
            "Y": 0.3392603397369385
          },
          {
            "X": 0.5459184646606445,
            "Y": 0.3409861624240875
          }
        ]
      },
      "Id": "f7ed7020-4aed-43b9-abac-fe3fa1a9e8c7",
      "Page": 1
    },
    {
      "BlockType": "WORD",
      "Confidence": 92.93387603759766,
      "Text": "aw",
      "TextType": "PRINTED",
      "Geometry": {
        "BoundingBox": {
          "Width": 0.15119066834449768,
          "Height": 0.05619514733552933,
          "Left": 0.8478668928146362,
          "Top": 0.2937481701374054
        },
        "Polygon": [
          {
            "X": 0.8484035730361938,
            "Y": 0.3018440902233124
          },
          {
            "X": 0.9990575313568115,
            "Y": 0.2937481701374054
          },
          {
            "X": 0.9983265995979309,
            "Y": 0.34299516677856445
          },
          {
            "X": 0.8478668928146362,
            "Y": 0.3499433398246765
          }
        ]
      },
      "Id": "a4831698-508c-4f31-999e-1c8edcfac860",
      "Page": 1
    },
    {
      "BlockType": "WORD",
      "Confidence": 99.75114440917969,
      "Text": "Seja",
      "TextType": "PRINTED",
      "Geometry": {
        "BoundingBox": {
          "Width": 0.029250282794237137,
          "Height": 0.013342222198843956,
          "Left": 0.134494811296463,
          "Top": 0.404384583234787
        },
        "Polygon": [
          {
            "X": 0.134494811296463,
            "Y": 0.4056147336959839
          },
          {
            "X": 0.16367676854133606,
            "Y": 0.404384583234787
          },
          {
            "X": 0.16374509036540985,
            "Y": 0.416559636592865
          },
          {
            "X": 0.13457146286964417,
            "Y": 0.4177268147468567
          }
        ]
      },
      "Id": "b99ba6d1-5742-4cc5-9d3a-fa03bd0ff9b1",
      "Page": 1
    },
    {
      "BlockType": "WORD",
      "Confidence": 79.144775390625,
      "Text": "ágil",
      "TextType": "PRINTED",
      "Geometry": {
        "BoundingBox": {
          "Width": 0.027443114668130875,
          "Height": 0.013803858309984207,
          "Left": 0.1665465235710144,
          "Top": 0.4015868306159973
        },
        "Polygon": [
          {
            "X": 0.1665465235710144,
            "Y": 0.40274837613105774
          },
          {
            "X": 0.19392777979373932,
            "Y": 0.4015868306159973
          },
          {
            "X": 0.19398963451385498,
            "Y": 0.4142904579639435
          },
          {
            "X": 0.16661658883094788,
            "Y": 0.4153907001018524
          }
        ]
      },
      "Id": "31f96757-0042-49cb-8e27-f415483df8da",
      "Page": 1
    },
    {
      "BlockType": "WORD",
      "Confidence": 99.76658630371094,
      "Text": "Aprenda",
      "TextType": "PRINTED",
      "Geometry": {
        "BoundingBox": {
          "Width": 0.06376506388187408,
          "Height": 0.015070859342813492,
          "Left": 0.28616106510162354,
          "Top": 0.39598405361175537
        },
        "Polygon": [
          {
            "X": 0.28616106510162354,
            "Y": 0.39867743849754333
          },
          {
            "X": 0.3499130606651306,
            "Y": 0.39598405361175537
          },
          {
            "X": 0.3499261140823364,
            "Y": 0.4084984064102173
          },
          {
            "X": 0.286193311214447,
            "Y": 0.41105490922927856
          }
        ]
      },
      "Id": "9885d2f3-3a56-4fca-8d69-289e2cd2c12f",
      "Page": 1
    },
    {
      "BlockType": "WORD",
      "Confidence": 99.43396759033203,
      "Text": "e",
      "TextType": "PRINTED",
      "Geometry": {
        "BoundingBox": {
          "Width": 0.009484845213592052,
          "Height": 0.008524407632648945,
          "Left": 0.3539142906665802,
          "Top": 0.39740949869155884
        },
        "Polygon": [
          {
            "X": 0.3539142906665802,
            "Y": 0.3978067636489868
          },
          {
            "X": 0.3633933365345001,
            "Y": 0.39740949869155884
          },
          {
            "X": 0.3633991479873657,
            "Y": 0.40554988384246826
          },
          {
            "X": 0.3539219796657562,
            "Y": 0.4059339165687561
          }
        ]
      },
      "Id": "8184d07e-58b6-4507-ac49-f7fdd92f5ea8",
      "Page": 1
    },
    {
      "BlockType": "WORD",
      "Confidence": 99.82878112792969,
      "Text": "Organize",
      "TextType": "PRINTED",
      "Geometry": {
        "BoundingBox": {
          "Width": 0.06923075765371323,
          "Height": 0.015844278037548065,
          "Left": 0.36729341745376587,
          "Top": 0.3920617997646332
        },
        "Polygon": [
          {
            "X": 0.36729341745376587,
            "Y": 0.3949897289276123
          },
          {
            "X": 0.4365241527557373,
            "Y": 0.3920617997646332
          },
          {
            "X": 0.43651002645492554,
            "Y": 0.40513113141059875
          },
          {
            "X": 0.3673013746738434,
            "Y": 0.40790608525276184
          }
        ]
      },
      "Id": "09b08b5b-8984-461e-ad7f-c5a0df214392",
      "Page": 1
    },
    {
      "BlockType": "WORD",
      "Confidence": 99.80118560791016,
      "Text": "Escale",
      "TextType": "PRINTED",
      "Geometry": {
        "BoundingBox": {
          "Width": 0.04994603246450424,
          "Height": 0.012774160131812096,
          "Left": 0.5399657487869263,
          "Top": 0.38461029529571533
        },
        "Polygon": [
          {
            "X": 0.540004312992096,
            "Y": 0.38672885298728943
          },
          {
            "X": 0.5899118185043335,
            "Y": 0.38461029529571533
          },
          {
            "X": 0.5898597836494446,
            "Y": 0.3953542709350586
          },
          {
            "X": 0.5399657487869263,
            "Y": 0.3973844349384308
          }
        ]
      },
      "Id": "7c0f0878-6d72-42fe-bdc9-3774baaedc4b",
      "Page": 1
    },
    {
      "BlockType": "WORD",
      "Confidence": 98.82825469970703,
      "Text": "Selecione",
      "TextType": "PRINTED",
      "Geometry": {
        "BoundingBox": {
          "Width": 0.048325538635253906,
          "Height": 0.009824504144489765,
          "Left": 0.10401661694049835,
          "Top": 0.4210438132286072
        },
        "Polygon": [
          {
            "X": 0.10401661694049835,
            "Y": 0.42294102907180786
          },
          {
            "X": 0.15229502320289612,
            "Y": 0.4210438132286072
          },
          {
            "X": 0.15234215557575226,
            "Y": 0.4290395975112915
          },
          {
            "X": 0.10407273471355438,
            "Y": 0.4308682978153229
          }
        ]
      },
      "Id": "a96609be-8b8c-4cca-a2cd-7234e81d76ba",
      "Page": 1
    },
    {
      "BlockType": "WORD",
      "Confidence": 57.68085861206055,
      "Text": "o",
      "TextType": "PRINTED",
      "Geometry": {
        "BoundingBox": {
          "Width": 0.007342176977545023,
          "Height": 0.006431911140680313,
          "Left": 0.15431591868400574,
          "Top": 0.42216622829437256
        },
        "Polygon": [
          {
            "X": 0.15431591868400574,
            "Y": 0.4224514663219452
          },
          {
            "X": 0.16162322461605072,
            "Y": 0.42216622829437256
          },
          {
            "X": 0.16165809333324432,
            "Y": 0.42832085490226746
          },
          {
            "X": 0.1543518453836441,
            "Y": 0.4285981357097626
          }
        ]
      },
      "Id": "28d62f2b-ca34-40d8-8561-776930695908",
      "Page": 1
    },
    {
      "BlockType": "WORD",
      "Confidence": 99.77159881591797,
      "Text": "caso",
      "TextType": "PRINTED",
      "Geometry": {
        "BoundingBox": {
          "Width": 0.02313234657049179,
          "Height": 0.007557469420135021,
          "Left": 0.16393041610717773,
          "Top": 0.42080116271972656
        },
        "Polygon": [
          {
            "X": 0.16393041610717773,
            "Y": 0.42170435190200806
          },
          {
            "X": 0.18702907860279083,
            "Y": 0.42080116271972656
          },
          {
            "X": 0.18706275522708893,
            "Y": 0.4274826943874359
          },
          {
            "X": 0.16396772861480713,
            "Y": 0.42835864424705505
          }
        ]
      },
      "Id": "bbe23d35-96f2-4833-98dd-87829bd79199",
      "Page": 1
    },
    {
      "BlockType": "WORD",
      "Confidence": 99.86388397216797,
      "Text": "de",
      "TextType": "PRINTED",
      "Geometry": {
        "BoundingBox": {
          "Width": 0.013535037636756897,
          "Height": 0.008393141441047192,
          "Left": 0.18928056955337524,
          "Top": 0.4187677800655365
        },
        "Polygon": [
          {
            "X": 0.18928056955337524,
            "Y": 0.41929891705513
          },
          {
            "X": 0.20277893543243408,
            "Y": 0.4187677800655365
          },
          {
            "X": 0.20281560719013214,
            "Y": 0.42664849758148193
          },
          {
            "X": 0.18931977450847626,
            "Y": 0.42716091871261597
          }
        ]
      },
      "Id": "0eaf52cf-dbf5-43ed-8712-8c1d3c923206",
      "Page": 1
    },
    {
      "BlockType": "WORD",
      "Confidence": 94.6031265258789,
      "Text": "uso",
      "TextType": "PRINTED",
      "Geometry": {
        "BoundingBox": {
          "Width": 0.018870368599891663,
          "Height": 0.007163502275943756,
          "Left": 0.20465053617954254,
          "Top": 0.4195299446582794
        },
        "Polygon": [
          {
            "X": 0.20465053617954254,
            "Y": 0.4202662408351898
          },
          {
            "X": 0.22349417209625244,
            "Y": 0.4195299446582794
          },
          {
            "X": 0.2235209047794342,
            "Y": 0.4259784519672394
          },
          {
            "X": 0.2046801596879959,
            "Y": 0.4266934394836426
          }
        ]
      },
      "Id": "9c74bc6c-281f-4568-b231-f189fe2ea913",
      "Page": 1
    },
    {
      "BlockType": "WORD",
      "Confidence": 99.74275970458984,
      "Text": "Capacite",
      "TextType": "PRINTED",
      "Geometry": {
        "BoundingBox": {
          "Width": 0.04724767059087753,
          "Height": 0.010408761911094189,
          "Left": 0.2899535298347473,
          "Top": 0.4144726097583771
        },
        "Polygon": [
          {
            "X": 0.2899535298347473,
            "Y": 0.4163232743740082
          },
          {
            "X": 0.33718952536582947,
            "Y": 0.4144726097583771
          },
          {
            "X": 0.33720120787620544,
            "Y": 0.4231007993221283
          },
          {
            "X": 0.28997504711151123,
            "Y": 0.4248813986778259
          }
        ]
      },
      "Id": "0c80d6c9-7886-4d0b-90f6-069184e0de1a",
      "Page": 1
    },
    {
      "BlockType": "WORD",
      "Confidence": 98.4699478149414,
      "Text": "suas",
      "TextType": "PRINTED",
      "Geometry": {
        "BoundingBox": {
          "Width": 0.024754894897341728,
          "Height": 0.008019360713660717,
          "Left": 0.339491605758667,
          "Top": 0.41365382075309753
        },
        "Polygon": [
          {
            "X": 0.339491605758667,
            "Y": 0.4146224856376648
          },
          {
            "X": 0.3642416000366211,
            "Y": 0.41365382075309753
          },
          {
            "X": 0.3642464876174927,
            "Y": 0.4207345247268677
          },
          {
            "X": 0.33950075507164,
            "Y": 0.4216731786727905
          }
        ]
      },
      "Id": "facafd95-2d7d-413c-9fcc-34af6d026e18",
      "Page": 1
    },
    {
      "BlockType": "WORD",
      "Confidence": 99.25568389892578,
      "Text": "equipes",
      "TextType": "PRINTED",
      "Geometry": {
        "BoundingBox": {
          "Width": 0.04435349255800247,
          "Height": 0.011228806339204311,
          "Left": 0.3656740188598633,
          "Top": 0.41061919927597046
        },
        "Polygon": [
          {
            "X": 0.3656740188598633,
            "Y": 0.4123643934726715
          },
          {
            "X": 0.41002750396728516,
            "Y": 0.41061919927597046
          },
          {
            "X": 0.41002339124679565,
            "Y": 0.4201747477054596
          },
          {
            "X": 0.3656802475452423,
            "Y": 0.42184799909591675
          }
        ]
      },
      "Id": "38de0aed-6617-45ee-a9b7-c25af8a11595",
      "Page": 1
    },
    {
      "BlockType": "WORD",
      "Confidence": 99.02189636230469,
      "Text": "por",
      "TextType": "PRINTED",
      "Geometry": {
        "BoundingBox": {
          "Width": 0.020014340057969093,
          "Height": 0.008954435586929321,
          "Left": 0.4121400713920593,
          "Top": 0.41099482774734497
        },
        "Polygon": [
          {
            "X": 0.4121440351009369,
            "Y": 0.4117780029773712
          },
          {
            "X": 0.43215441703796387,
            "Y": 0.41099482774734497
          },
          {
            "X": 0.43214643001556396,
            "Y": 0.4191938638687134
          },
          {
            "X": 0.4121400713920593,
            "Y": 0.4199492633342743
          }
        ]
      },
      "Id": "bc8b770c-7e8d-495d-968b-dec416d31da4",
      "Page": 1
    },
    {
      "BlockType": "WORD",
      "Confidence": 99.24834442138672,
      "Text": "Desenvolva",
      "TextType": "PRINTED",
      "Geometry": {
        "BoundingBox": {
          "Width": 0.0662599727511406,
          "Height": 0.011275755241513252,
          "Left": 0.4944133758544922,
          "Top": 0.40388691425323486
        },
        "Polygon": [
          {
            "X": 0.49443504214286804,
            "Y": 0.40650203824043274
          },
          {
            "X": 0.5606733560562134,
            "Y": 0.40388691425323486
          },
          {
            "X": 0.5606371760368347,
            "Y": 0.4126436412334442
          },
          {
            "X": 0.4944133758544922,
            "Y": 0.41516268253326416
          }
        ]
      },
      "Id": "d065ecb2-fd6b-47e5-b44f-366181f0fead",
      "Page": 1
    },
    {
      "BlockType": "WORD",
      "Confidence": 99.45368957519531,
      "Text": "seu",
      "TextType": "PRINTED",
      "Geometry": {
        "BoundingBox": {
          "Width": 0.020954368636012077,
          "Height": 0.00789855420589447,
          "Left": 0.5644707083702087,
          "Top": 0.40393996238708496
        },
        "Polygon": [
          {
            "X": 0.5645005702972412,
            "Y": 0.40476253628730774
          },
          {
            "X": 0.585425078868866,
            "Y": 0.40393996238708496
          },
          {
            "X": 0.5853914618492126,
            "Y": 0.41104045510292053
          },
          {
            "X": 0.5644707083702087,
            "Y": 0.41183850169181824
          }
        ]
      },
      "Id": "1b5b0414-70a0-4e95-806e-1812c5a53cf8",
      "Page": 1
    },
    {
      "BlockType": "WORD",
      "Confidence": 96.39180755615234,
      "Text": "pessoal,",
      "TextType": "PRINTED",
      "Geometry": {
        "BoundingBox": {
          "Width": 0.04847607761621475,
          "Height": 0.012129928916692734,
          "Left": 0.5884898900985718,
          "Top": 0.3999844193458557
        },
        "Polygon": [
          {
            "X": 0.5885390043258667,
            "Y": 0.40190333127975464
          },
          {
            "X": 0.6369659304618835,
            "Y": 0.3999844193458557
          },
          {
            "X": 0.6369041800498962,
            "Y": 0.41027694940567017
          },
          {
            "X": 0.5884898900985718,
            "Y": 0.41211432218551636
          }
        ]
      },
      "Id": "74121bf3-be39-4c4a-9af4-89db349d3020",
      "Page": 1
    },
    {
      "BlockType": "WORD",
      "Confidence": 99.45997619628906,
      "Text": "correto",
      "TextType": "PRINTED",
      "Geometry": {
        "BoundingBox": {
          "Width": 0.0368310920894146,
          "Height": 0.008844397962093353,
          "Left": 0.1061219871044159,
          "Top": 0.43248748779296875
        },
        "Polygon": [
          {
            "X": 0.1061219871044159,
            "Y": 0.43386098742485046
          },
          {
            "X": 0.1429070085287094,
            "Y": 0.43248748779296875
          },
          {
            "X": 0.1429530829191208,
            "Y": 0.4400075078010559
          },
          {
            "X": 0.10617449879646301,
            "Y": 0.4413318634033203
          }
        ]
      },
      "Id": "1bc382c0-a8dd-44fd-adc7-f18e6ed17875",
      "Page": 1
    },
    {
      "BlockType": "WORD",
      "Confidence": 99.38656616210938,
      "Text": "e",
      "TextType": "PRINTED",
      "Geometry": {
        "BoundingBox": {
          "Width": 0.0071502672508358955,
          "Height": 0.00643626693636179,
          "Left": 0.14484575390815735,
          "Top": 0.43316715955734253
        },
        "Polygon": [
          {
            "X": 0.14484575390815735,
            "Y": 0.4334315061569214
          },
          {
            "X": 0.15195953845977783,
            "Y": 0.43316715955734253
          },
          {
            "X": 0.15199603140354156,
            "Y": 0.43934687972068787
          },
          {
            "X": 0.14488327503204346,
            "Y": 0.43960341811180115
          }
        ]
      },
      "Id": "c5f25b3d-61aa-43b7-917d-6b96d4c88ecc",
      "Page": 1
    },
    {
      "BlockType": "WORD",
      "Confidence": 79.2858657836914,
      "Text": "os",
      "TextType": "PRINTED",
      "Geometry": {
        "BoundingBox": {
          "Width": 0.011509409174323082,
          "Height": 0.00663928734138608,
          "Left": 0.15422068536281586,
          "Top": 0.43258872628211975
        },
        "Polygon": [
          {
            "X": 0.15422068536281586,
            "Y": 0.43301525712013245
          },
          {
            "X": 0.1656954288482666,
            "Y": 0.43258872628211975
          },
          {
            "X": 0.1657300889492035,
            "Y": 0.4388141334056854
          },
          {
            "X": 0.15425701439380646,
            "Y": 0.43922802805900574
          }
        ]
      },
      "Id": "03525bbe-bb18-4962-ae1c-275577d89167",
      "Page": 1
    },
    {
      "BlockType": "WORD",
      "Confidence": 99.4424819946289,
      "Text": "conjuntos",
      "TextType": "PRINTED",
      "Geometry": {
        "BoundingBox": {
          "Width": 0.051214639097452164,
          "Height": 0.010971320793032646,
          "Left": 0.16853931546211243,
          "Top": 0.42911747097969055
        },
        "Polygon": [
          {
            "X": 0.16853931546211243,
            "Y": 0.43103280663490295
          },
          {
            "X": 0.2197152078151703,
            "Y": 0.42911747097969055
          },
          {
            "X": 0.2197539508342743,
            "Y": 0.4382554590702057
          },
          {
            "X": 0.16858908534049988,
            "Y": 0.44008877873420715
          }
        ]
      },
      "Id": "2b863be7-f49e-4551-a5d4-216eed687ee1",
      "Page": 1
    },
    {
      "BlockType": "WORD",
      "Confidence": 99.70633697509766,
      "Text": "meio",
      "TextType": "PRINTED",
      "Geometry": {
        "BoundingBox": {
          "Width": 0.027545787394046783,
          "Height": 0.009028363972902298,
          "Left": 0.28826308250427246,
          "Top": 0.4253768026828766
        },
        "Polygon": [
          {
            "X": 0.28826308250427246,
            "Y": 0.4264078438282013
          },
          {
            "X": 0.3157937824726105,
            "Y": 0.4253768026828766
          },
          {
            "X": 0.31580889225006104,
            "Y": 0.43341225385665894
          },
          {
            "X": 0.2882835566997528,
            "Y": 0.4344051480293274
          }
        ]
      },
      "Id": "d86b91d8-3993-44b8-ad10-3a957933b300",
      "Page": 1
    },
    {
      "BlockType": "WORD",
      "Confidence": 99.8877944946289,
      "Text": "de",
      "TextType": "PRINTED",
      "Geometry": {
        "BoundingBox": {
          "Width": 0.014177335426211357,
          "Height": 0.008537140674889088,
          "Left": 0.31810882687568665,
          "Top": 0.42466554045677185
        },
        "Polygon": [
          {
            "X": 0.31810882687568665,
            "Y": 0.4251962900161743
          },
          {
            "X": 0.33227431774139404,
            "Y": 0.42466554045677185
          },
          {
            "X": 0.33228614926338196,
            "Y": 0.4326915144920349
          },
          {
            "X": 0.3181234300136566,
            "Y": 0.43320268392562866
          }
        ]
      },
      "Id": "c32e717e-de02-44a8-8cb3-79cb90b4dc9c",
      "Page": 1
    },
    {
      "BlockType": "WORD",
      "Confidence": 99.54780578613281,
      "Text": "uma",
      "TextType": "PRINTED",
      "Geometry": {
        "BoundingBox": {
          "Width": 0.024765238165855408,
          "Height": 0.007692138198763132,
          "Left": 0.3345615863800049,
          "Top": 0.42496368288993835
        },
        "Polygon": [
          {
            "X": 0.3345615863800049,
            "Y": 0.4258858263492584
          },
          {
            "X": 0.3593212962150574,
            "Y": 0.42496368288993835
          },
          {
            "X": 0.3593268394470215,
            "Y": 0.4317624866962433
          },
          {
            "X": 0.3345712125301361,
            "Y": 0.43265581130981445
          }
        ]
      },
      "Id": "b5100ef0-b0fd-49c2-a7e4-64318a4319b8",
      "Page": 1
    },
    {
      "BlockType": "WORD",
      "Confidence": 99.55226135253906,
      "Text": "variedade",
      "TextType": "PRINTED",
      "Geometry": {
        "BoundingBox": {
          "Width": 0.05593515932559967,
          "Height": 0.011324557475745678,
          "Left": 0.36167439818382263,
          "Top": 0.4208310544490814
        },
        "Polygon": [
          {
            "X": 0.36167439818382263,
            "Y": 0.42293280363082886
          },
          {
            "X": 0.4176095724105835,
            "Y": 0.4208310544490814
          },
          {
            "X": 0.41760382056236267,
            "Y": 0.4301421344280243
          },
          {
            "X": 0.36168137192726135,
            "Y": 0.4321556091308594
          }
        ]
      },
      "Id": "13c60667-0a6e-4087-9d2f-f354039efbea",
      "Page": 1
    },
    {
      "BlockType": "WORD",
      "Confidence": 99.8548812866211,
      "Text": "de",
      "TextType": "PRINTED",
      "Geometry": {
        "BoundingBox": {
          "Width": 0.01453450508415699,
          "Height": 0.00900641456246376,
          "Left": 0.4192330837249756,
          "Top": 0.4205451011657715
        },
        "Polygon": [
          {
            "X": 0.4192386567592621,
            "Y": 0.4210902452468872
          },
          {
            "X": 0.4337675869464874,
            "Y": 0.4205451011657715
          },
          {
            "X": 0.4337589740753174,
            "Y": 0.4290272295475006
          },
          {
            "X": 0.4192330837249756,
            "Y": 0.42955151200294495
          }
        ]
      },
      "Id": "d5316b35-cbdb-4280-9b3f-571366e598fe",
      "Page": 1
    },
    {
      "BlockType": "WORD",
      "Confidence": 99.55052185058594,
      "Text": "processo",
      "TextType": "PRINTED",
      "Geometry": {
        "BoundingBox": {
          "Width": 0.051628366112709045,
          "Height": 0.010562438517808914,
          "Left": 0.49611666798591614,
          "Top": 0.41734132170677185
        },
        "Polygon": [
          {
            "X": 0.49613866209983826,
            "Y": 0.41926848888397217
          },
          {
            "X": 0.5477450489997864,
            "Y": 0.41734132170677185
          },
          {
            "X": 0.5477118492126465,
            "Y": 0.42605113983154297
          },
          {
            "X": 0.49611666798591614,
            "Y": 0.4279037415981293
          }
        ]
      },
      "Id": "5aa30a7e-508d-4279-99b1-47e46edd90de",
      "Page": 1
    },
    {
      "BlockType": "WORD",
      "Confidence": 99.50741577148438,
      "Text": "e",
      "TextType": "PRINTED",
      "Geometry": {
        "BoundingBox": {
          "Width": 0.008494359441101551,
          "Height": 0.007203494198620319,
          "Left": 0.5502522587776184,
          "Top": 0.41693079471588135
        },
        "Polygon": [
          {
            "X": 0.5502789616584778,
            "Y": 0.4172469973564148
          },
          {
            "X": 0.5587466359138489,
            "Y": 0.41693079471588135
          },
          {
            "X": 0.5587184429168701,
            "Y": 0.42382773756980896
          },
          {
            "X": 0.5502522587776184,
            "Y": 0.4241342842578888
          }
        ]
      },
      "Id": "c39551b6-96a0-4395-9e78-afc1b4acd371",
      "Page": 1
    },
    {
      "BlockType": "WORD",
      "Confidence": 98.40950012207031,
      "Text": "tecnologia",
      "TextType": "PRINTED",
      "Geometry": {
        "BoundingBox": {
          "Width": 0.06438921391963959,
          "Height": 0.012932641431689262,
          "Left": 0.5613023638725281,
          "Top": 0.4122711420059204
        },
        "Polygon": [
          {
            "X": 0.5613458752632141,
            "Y": 0.41469672322273254
          },
          {
            "X": 0.6256915330886841,
            "Y": 0.4122711420059204
          },
          {
            "X": 0.625630795955658,
            "Y": 0.42289015650749207
          },
          {
            "X": 0.5613023638725281,
            "Y": 0.425203800201416
          }
        ]
      },
      "Id": "a605f072-0a1d-496d-81cc-510457dae768",
      "Page": 1
    },
    {
      "BlockType": "WORD",
      "Confidence": 94.82322692871094,
      "Text": "à",
      "TextType": "PRINTED",
      "Geometry": {
        "BoundingBox": {
          "Width": 0.008212205953896046,
          "Height": 0.009035760536789894,
          "Left": 0.6276757717132568,
          "Top": 0.4117550253868103
        },
        "Polygon": [
          {
            "X": 0.627726137638092,
            "Y": 0.4120628833770752
          },
          {
            "X": 0.6358879208564758,
            "Y": 0.4117550253868103
          },
          {
            "X": 0.6358357667922974,
            "Y": 0.42049461603164673
          },
          {
            "X": 0.6276757717132568,
            "Y": 0.42079079151153564
          }
        ]
      },
      "Id": "1885ef4f-ff7d-49c4-b1dc-688c070f891f",
      "Page": 1
    },
    {
      "BlockType": "WORD",
      "Confidence": 99.86959075927734,
      "Text": "de",
      "TextType": "PRINTED",
      "Geometry": {
        "BoundingBox": {
          "Width": 0.013040292076766491,
          "Height": 0.008341812528669834,
          "Left": 0.10585344582796097,
          "Top": 0.44380471110343933
        },
        "Polygon": [
          {
            "X": 0.10585344582796097,
            "Y": 0.44426560401916504
          },
          {
            "X": 0.11884067207574844,
            "Y": 0.44380471110343933
          },
          {
            "X": 0.11889374256134033,
            "Y": 0.45170390605926514
          },
          {
            "X": 0.10590890794992447,
            "Y": 0.4521465003490448
          }
        ]
      },
      "Id": "58881f32-24c4-429f-9f30-67a118af9e29",
      "Page": 1
    },
    {
      "BlockType": "WORD",
      "Confidence": 99.74203491210938,
      "Text": "dados",
      "TextType": "PRINTED",
      "Geometry": {
        "BoundingBox": {
          "Width": 0.03161599114537239,
          "Height": 0.00887769553810358,
          "Left": 0.12089070677757263,
          "Top": 0.44247838854789734
        },
        "Polygon": [
          {
            "X": 0.12089070677757263,
            "Y": 0.44359949231147766
          },
          {
            "X": 0.1524607390165329,
            "Y": 0.44247838854789734
          },
          {
            "X": 0.15250669419765472,
            "Y": 0.450278639793396
          },
          {
            "X": 0.12094242870807648,
            "Y": 0.45135608315467834
          }
        ]
      },
      "Id": "4b346061-d6e8-4aaa-a3b0-ed253c69bac7",
      "Page": 1
    },
    {
      "BlockType": "WORD",
      "Confidence": 98.2049560546875,
      "Text": "irão",
      "TextType": "PRINTED",
      "Geometry": {
        "BoundingBox": {
          "Width": 0.02030179463326931,
          "Height": 0.008457404561340809,
          "Left": 0.15426784753799438,
          "Top": 0.44158193469047546
        },
        "Polygon": [
          {
            "X": 0.15426784753799438,
            "Y": 0.44230180978775024
          },
          {
            "X": 0.1745280921459198,
            "Y": 0.44158193469047546
          },
          {
            "X": 0.17456965148448944,
            "Y": 0.44934725761413574
          },
          {
            "X": 0.1543131023645401,
            "Y": 0.4500393271446228
          }
        ]
      },
      "Id": "db6cb756-eafb-4de3-9029-63b470d8b92d",
      "Page": 1
    },
    {
      "BlockType": "WORD",
      "Confidence": 93.3341293334961,
      "Text": "mostrar",
      "TextType": "PRINTED",
      "Geometry": {
        "BoundingBox": {
          "Width": 0.04218367114663124,
          "Height": 0.00915844552218914,
          "Left": 0.17666670680046082,
          "Top": 0.44025617837905884
        },
        "Polygon": [
          {
            "X": 0.17666670680046082,
            "Y": 0.4417520761489868
          },
          {
            "X": 0.21881747245788574,
            "Y": 0.44025617837905884
          },
          {
            "X": 0.21885038912296295,
            "Y": 0.4479758143424988
          },
          {
            "X": 0.17670731246471405,
            "Y": 0.4494146406650543
          }
        ]
      },
      "Id": "1310559d-a874-432f-aac4-6fe62c6ab131",
      "Page": 1
    },
    {
      "BlockType": "WORD",
      "Confidence": 98.73336791992188,
      "Text": "oportunidades",
      "TextType": "PRINTED",
      "Geometry": {
        "BoundingBox": {
          "Width": 0.08115169405937195,
          "Height": 0.012578985653817654,
          "Left": 0.3112979531288147,
          "Top": 0.433572918176651
        },
        "Polygon": [
          {
            "X": 0.3112979531288147,
            "Y": 0.43646004796028137
          },
          {
            "X": 0.39244967699050903,
            "Y": 0.433572918176651
          },
          {
            "X": 0.39244964718818665,
            "Y": 0.443400502204895
          },
          {
            "X": 0.3113172650337219,
            "Y": 0.44615188241004944
          }
        ]
      },
      "Id": "afe6fabb-78ff-46f0-9a29-7555235f71ee",
      "Page": 1
    },
    {
      "BlockType": "WORD",
      "Confidence": 99.89974975585938,
      "Text": "de",
      "TextType": "PRINTED",
      "Geometry": {
        "BoundingBox": {
          "Width": 0.014350907877087593,
          "Height": 0.0090261185541749,
          "Left": 0.3943098783493042,
          "Top": 0.4328579902648926
        },
        "Polygon": [
          {
            "X": 0.39431026577949524,
            "Y": 0.43336886167526245
          },
          {
            "X": 0.40866079926490784,
            "Y": 0.4328579902648926
          },
          {
            "X": 0.40865740180015564,
            "Y": 0.44139400124549866
          },
          {
            "X": 0.3943098783493042,
            "Y": 0.4418841004371643
          }
        ]
      },
      "Id": "7eb8072a-aab6-4931-928b-d57bedd7f87d",
      "Page": 1
    },
    {
      "BlockType": "WORD",
      "Confidence": 99.63032531738281,
      "Text": "medida",
      "TextType": "PRINTED",
      "Geometry": {
        "BoundingBox": {
          "Width": 0.04390425980091095,
          "Height": 0.009883170947432518,
          "Left": 0.4953455924987793,
          "Top": 0.42810165882110596
        },
        "Polygon": [
          {
            "X": 0.495366632938385,
            "Y": 0.4296647012233734
          },
          {
            "X": 0.539249837398529,
            "Y": 0.42810165882110596
          },
          {
            "X": 0.5392196774482727,
            "Y": 0.43648287653923035
          },
          {
            "X": 0.4953455924987793,
            "Y": 0.437984824180603
          }
        ]
      },
      "Id": "d0971bba-2359-429a-b57b-8b4e4050cc75",
      "Page": 1
    },
    {
      "BlockType": "WORD",
      "Confidence": 99.91787719726562,
      "Text": "que",
      "TextType": "PRINTED",
      "Geometry": {
        "BoundingBox": {
          "Width": 0.023169007152318954,
          "Height": 0.009478713385760784,
          "Left": 0.5421282649040222,
          "Top": 0.4284086525440216
        },
        "Polygon": [
          {
            "X": 0.5421600937843323,
            "Y": 0.4292280673980713
          },
          {
            "X": 0.5652972459793091,
            "Y": 0.4284086525440216
          },
          {
            "X": 0.5652603507041931,
            "Y": 0.43710121512413025
          },
          {
            "X": 0.5421282649040222,
            "Y": 0.43788737058639526
          }
        ]
      },
      "Id": "b0fe4f0f-be3f-4b2c-b0de-613934ff96e7",
      "Page": 1
    },
    {
      "BlockType": "WORD",
      "Confidence": 97.0418930053711,
      "Text": "você",
      "TextType": "PRINTED",
      "Geometry": {
        "BoundingBox": {
          "Width": 0.028838014230132103,
          "Height": 0.009818525984883308,
          "Left": 0.5677416920661926,
          "Top": 0.4255926311016083
        },
        "Polygon": [
          {
            "X": 0.567779541015625,
            "Y": 0.42662063241004944
          },
          {
            "X": 0.5965797305107117,
            "Y": 0.4255926311016083
          },
          {
            "X": 0.5965354442596436,
            "Y": 0.4344249963760376
          },
          {
            "X": 0.5677416920661926,
            "Y": 0.43541115522384644
          }
        ]
      },
      "Id": "94ee2df3-e699-451a-aa0a-b39e9df1f9db",
      "Page": 1
    },
    {
      "BlockType": "WORD",
      "Confidence": 99.55582427978516,
      "Text": "escala",
      "TextType": "PRINTED",
      "Geometry": {
        "BoundingBox": {
          "Width": 0.0373714417219162,
          "Height": 0.01015560794621706,
          "Left": 0.5996416807174683,
          "Top": 0.4240400195121765
        },
        "Polygon": [
          {
            "X": 0.5996865630149841,
            "Y": 0.42537301778793335
          },
          {
            "X": 0.6370131373405457,
            "Y": 0.4240400195121765
          },
          {
            "X": 0.6369598507881165,
            "Y": 0.4329167604446411
          },
          {
            "X": 0.5996416807174683,
            "Y": 0.4341956079006195
          }
        ]
      },
      "Id": "a741066d-8665-4ef7-809d-f432e129fabe",
      "Page": 1
    },
    {
      "BlockType": "WORD",
      "Confidence": 99.74798583984375,
      "Text": "valor",
      "TextType": "PRINTED",
      "Geometry": {
        "BoundingBox": {
          "Width": 0.026742322370409966,
          "Height": 0.008665059693157673,
          "Left": 0.11353791505098343,
          "Top": 0.45378926396369934
        },
        "Polygon": [
          {
            "X": 0.11353791505098343,
            "Y": 0.45468586683273315
          },
          {
            "X": 0.1402318924665451,
            "Y": 0.45378926396369934
          },
          {
            "X": 0.14028023183345795,
            "Y": 0.46159476041793823
          },
          {
            "X": 0.11359113454818726,
            "Y": 0.46245431900024414
          }
        ]
      },
      "Id": "2d63bd8e-f1a9-4add-b3e5-0db13e7f0d97",
      "Page": 1
    },
    {
      "BlockType": "WORD",
      "Confidence": 98.54129028320312,
      "Text": "rapidamente",
      "TextType": "PRINTED",
      "Geometry": {
        "BoundingBox": {
          "Width": 0.0656164288520813,
          "Height": 0.01143235806375742,
          "Left": 0.14234036207199097,
          "Top": 0.4512377083301544
        },
        "Polygon": [
          {
            "X": 0.14234036207199097,
            "Y": 0.45344340801239014
          },
          {
            "X": 0.20791450142860413,
            "Y": 0.4512377083301544
          },
          {
            "X": 0.20795679092407227,
            "Y": 0.46057188510894775
          },
          {
            "X": 0.14239704608917236,
            "Y": 0.46267008781433105
          }
        ]
      },
      "Id": "b8d626a5-5588-4bd8-8b72-26792416ddd0",
      "Page": 1
    },
    {
      "BlockType": "WORD",
      "Confidence": 99.09457397460938,
      "Text": "treinamento",
      "TextType": "PRINTED",
      "Geometry": {
        "BoundingBox": {
          "Width": 0.06898586452007294,
          "Height": 0.01012353878468275,
          "Left": 0.3253926932811737,
          "Top": 0.4451368451118469
        },
        "Polygon": [
          {
            "X": 0.3253926932811737,
            "Y": 0.4474552869796753
          },
          {
            "X": 0.39437854290008545,
            "Y": 0.4451368451118469
          },
          {
            "X": 0.3943781852722168,
            "Y": 0.4530346095561981
          },
          {
            "X": 0.3254055380821228,
            "Y": 0.45526036620140076
          }
        ]
      },
      "Id": "806934ae-b8ac-4434-96ad-2e450032e454",
      "Page": 1
    }
  ],
  "DetectDocumentTextModelVersion": "1.0"
}