{
  "DocumentMetadata": {
    "Pages": 1
  },
  "JobStatus": "SUCCEEDED",
  "Blocks": [
    {
      "BlockType": "PAGE",
      "Geometry": {
        "BoundingBox": {
          "Width": 0.9403798580169678,
          "Height": 0.7797670364379883,
          "Left": 0,
          "Top": 0.10098912566900253
        },
        "Polygon": [
          {
            "X": 0,
            "Y": 0.11444374918937683
          },
          {
            "X": 0.9200806021690369,
            "Y": 0.10098912566900253
          },
          {
            "X": 0.9403798580169678,
            "Y": 0.8722438216209412
          },
          {
            "X": 0,
            "Y": 0.880756139755249
          }
        ]
      },
      "Id": "2b478fdf-9610-49e2-8147-1ce5d552b746",
      "Relationships": [
        {
          "Type": "CHILD",
          "Ids": [
            "3d9ab7bc-fcc8-4a4d-aca7-a9936767500d",
            "4263fa34-df2c-4245-88ab-7863cfa5baad",
            "9c63749e-2498-4335-8b70-cfb57334e228",
            "2031a024-1b91-4840-bc31-67ce7e43fc0a",
            "487a604d-4f18-49f5-83ab-6f9b08abdaba",
            "7a1e9de2-4980-4bcf-8ab7-36451c9ac7e5",
            "bf78702b-2286-4b6b-8237-05ecd244ea7c",
            "58c5be1e-7f20-4f67-ac4b-663b3fc3b513",
            "a8e7f518-d40b-4ed5-b444-b5332a6ad8c2",
            "fe9b5e52-86b2-4df0-8284-e1f57997eec7",
            "9e45c436-945f-4049-bcc1-a392a0fd0812",
            "ae6ea097-b08d-4581-806b-fed0ddd59cc4",
            "8e0db24e-2e8b-4ac6-8711-77d5937fb9d7",
            "aade5d64-68cb-4235-9eec-5064ea28b3d9"
          ]
        }
      ],
      "Page": 1
    },
    {
      "BlockType": "LINE",
      "Confidence": 96.90092468261719,
      "Text": "loud",
      "Geometry": {
        "BoundingBox": {
          "Width": 0.03479120880365372,
          "Height": 0.015632860362529755,
          "Left": 0.0020660036243498325,
          "Top": 0.39236658811569214
        },
        "Polygon": [
          {
            "X": 0.0020660036243498325,
            "Y": 0.3928016126155853
          },
          {
            "X": 0.03675102815032005,
            "Y": 0.39236658811569214
          },
          {
            "X": 0.03685721009969711,
            "Y": 0.4075680673122406
          },
          {
            "X": 0.0021607212256640196,
            "Y": 0.4079994559288025
          }
        ]
      },
      "Id": "3d9ab7bc-fcc8-4a4d-aca7-a9936767500d",
      "Relationships": [
        {
          "Type": "CHILD",
          "Ids": [
            "933aeef5-3c01-402a-b1dc-0e57fef66a94"
          ]
        }
      ],
      "Page": 1
    },
    {
      "BlockType": "LINE",
      "Confidence": 99.86619567871094,
      "Text": "46%",
      "Geometry": {
        "BoundingBox": {
          "Width": 0.0946153849363327,
          "Height": 0.03096780739724636,
          "Left": 0.2414521425962448,
          "Top": 0.38259410858154297
        },
        "Polygon": [
          {
            "X": 0.2414521425962448,
            "Y": 0.3837797939777374
          },
          {
            "X": 0.3356659710407257,
            "Y": 0.38259410858154297
          },
          {
            "X": 0.3360675275325775,
            "Y": 0.41239556670188904
          },
          {
            "X": 0.24179252982139587,
            "Y": 0.4135619103908539
          }
        ]
      },
      "Id": "4263fa34-df2c-4245-88ab-7863cfa5baad",
      "Relationships": [
        {
          "Type": "CHILD",
          "Ids": [
            "cd8f7188-667d-4327-b702-a59a913a197a"
          ]
        }
      ],
      "Page": 1
    },
    {
      "BlockType": "LINE",
      "Confidence": 99.67159271240234,
      "Text": "93%",
      "Geometry": {
        "BoundingBox": {
          "Width": 0.11072321236133575,
          "Height": 0.03553815558552742,
          "Left": 0.5134022831916809,
          "Top": 0.36001262068748474
        },
        "Polygon": [
          {
            "X": 0.5134022831916809,
            "Y": 0.36141249537467957
          },
          {
            "X": 0.6234514117240906,
            "Y": 0.36001262068748474
          },
          {
            "X": 0.6241254806518555,
            "Y": 0.394176721572876
          },
          {
            "X": 0.5139942765235901,
            "Y": 0.39555078744888306
          }
        ]
      },
      "Id": "9c63749e-2498-4335-8b70-cfb57334e228",
      "Relationships": [
        {
          "Type": "CHILD",
          "Ids": [
            "7cc6d165-fe02-4e37-ba81-72fb609427aa"
          ]
        }
      ],
      "Page": 1
    },
    {
      "BlockType": "LINE",
      "Confidence": 74.76492309570312,
      "Text": "perience",
      "Geometry": {
        "BoundingBox": {
          "Width": 0.07524643838405609,
          "Height": 0.018240107223391533,
          "Left": 0,
          "Top": 0.4091572165489197
        },
        "Polygon": [
          {
            "X": 0,
            "Y": 0.4100949764251709
          },
          {
            "X": 0.07511115074157715,
            "Y": 0.4091572165489197
          },
          {
            "X": 0.07524643838405609,
            "Y": 0.4264685809612274
          },
          {
            "X": 0,
            "Y": 0.42739731073379517
          }
        ]
      },
      "Id": "2031a024-1b91-4840-bc31-67ce7e43fc0a",
      "Relationships": [
        {
          "Type": "CHILD",
          "Ids": [
            "5dcd3238-e6d0-4687-8641-62202eee6d33"
          ]
        }
      ],
      "Page": 1
    },
    {
      "BlockType": "LINE",
      "Confidence": 99.6395492553711,
      "Text": "25",
      "Geometry": {
        "BoundingBox": {
          "Width": 0.02022622898221016,
          "Height": 0.011855555698275566,
          "Left": 0.0003875993425026536,
          "Top": 0.4313778579235077
        },
        "Polygon": [
          {
            "X": 0.0003875993425026536,
            "Y": 0.43162497878074646
          },
          {
            "X": 0.0205368809401989,
            "Y": 0.4313778579235077
          },
          {
            "X": 0.02061382681131363,
            "Y": 0.44298791885375977
          },
          {
            "X": 0.00045946339378133416,
            "Y": 0.4432334303855896
          }
        ]
      },
      "Id": "487a604d-4f18-49f5-83ab-6f9b08abdaba",
      "Relationships": [
        {
          "Type": "CHILD",
          "Ids": [
            "0fdcf182-ac6e-4254-a631-50fc070114ae"
          ]
        }
      ],
      "Page": 1
    },
    {
      "BlockType": "LINE",
      "Confidence": 99.24108123779297,
      "Text": "Os CDOs veem a qualidade dos",
      "Geometry": {
        "BoundingBox": {
          "Width": 0.21738043427467346,
          "Height": 0.020950984209775925,
          "Left": 0.1744864135980606,
          "Top": 0.46696949005126953
        },
        "Polygon": [
          {
            "X": 0.1744864135980606,
            "Y": 0.4695698320865631
          },
          {
            "X": 0.3915973901748657,
            "Y": 0.46696949005126953
          },
          {
            "X": 0.3918668329715729,
            "Y": 0.4853476285934448
          },
          {
            "X": 0.17466913163661957,
            "Y": 0.48792046308517456
          }
        ]
      },
      "Id": "7a1e9de2-4980-4bcf-8ab7-36451c9ac7e5",
      "Relationships": [
        {
          "Type": "CHILD",
          "Ids": [
            "a471b397-15e9-483a-bcd6-44dfbd184d99",
            "befaeff3-16e1-4f47-add0-57cf0566f1de",
            "5398b62e-4637-41d1-b130-0b75ea7f8e18",
            "73d80e92-b813-4518-b0f4-15a005f229f8",
            "37dfbccd-09d3-40d4-9923-fe778ce4d1e1",
            "ea4e1ed8-8794-4480-970a-c1a783c32b29"
          ]
        }
      ],
      "Page": 1
    },
    {
      "BlockType": "LINE",
      "Confidence": 99.14372253417969,
      "Text": "Os CDOs consideram que a",
      "Geometry": {
        "BoundingBox": {
          "Width": 0.2196679413318634,
          "Height": 0.019623901695013046,
          "Left": 0.46092358231544495,
          "Top": 0.4542711079120636
        },
        "Polygon": [
          {
            "X": 0.46092358231544495,
            "Y": 0.4569122791290283
          },
          {
            "X": 0.6802356839179993,
            "Y": 0.4542711079120636
          },
          {
            "X": 0.6805915236473083,
            "Y": 0.47127947211265564
          },
          {
            "X": 0.4611981511116028,
            "Y": 0.47389501333236694
          }
        ]
      },
      "Id": "bf78702b-2286-4b6b-8237-05ecd244ea7c",
      "Relationships": [
        {
          "Type": "CHILD",
          "Ids": [
            "750430ba-81d1-40d0-bcf3-4e9dbd1d8d2a",
            "ca92efe1-ecb7-4231-90b9-14bd3ea59e52",
            "c83074e8-dcb7-4e20-889a-48ca00b4589a",
            "5bdbd099-13d1-45e8-94e3-d69a8cf1fd90",
            "8ba9661f-2b3e-4608-a8c2-5cda04f54e49"
          ]
        }
      ],
      "Page": 1
    },
    {
      "BlockType": "LINE",
      "Confidence": 92.10144805908203,
      "Text": "dados como O desafio #1 para",
      "Geometry": {
        "BoundingBox": {
          "Width": 0.20477508008480072,
          "Height": 0.01759607344865799,
          "Left": 0.17811980843544006,
          "Top": 0.48413828015327454
        },
        "Polygon": [
          {
            "X": 0.17811980843544006,
            "Y": 0.4865633249282837
          },
          {
            "X": 0.3826751708984375,
            "Y": 0.48413828015327454
          },
          {
            "X": 0.3828948736190796,
            "Y": 0.4993307590484619
          },
          {
            "X": 0.17827200889587402,
            "Y": 0.5017343759536743
          }
        ]
      },
      "Id": "58c5be1e-7f20-4f67-ac4b-663b3fc3b513",
      "Relationships": [
        {
          "Type": "CHILD",
          "Ids": [
            "cd7eac28-795d-48be-911c-d668fbec1dba",
            "2f7a40f8-b992-4daa-a896-82b383743e04",
            "ecd27c96-e912-4b3f-bd13-535524b30447",
            "58770f43-0627-45f0-8bd6-31260fcfeab8",
            "e0a66f54-3cc1-4675-86a7-563112e67909",
            "60aede13-8e56-4bf2-8025-fa89830c5e93"
          ]
        }
      ],
      "Page": 1
    },
    {
      "BlockType": "LINE",
      "Confidence": 99.32914733886719,
      "Text": "estratégia de dados de ponta a",
      "Geometry": {
        "BoundingBox": {
          "Width": 0.24667765200138092,
          "Height": 0.02266424335539341,
          "Left": 0.44829070568084717,
          "Top": 0.46914908289909363
        },
        "Polygon": [
          {
            "X": 0.44829070568084717,
            "Y": 0.4720883071422577
          },
          {
            "X": 0.694549024105072,
            "Y": 0.46914908289909363
          },
          {
            "X": 0.6949683427810669,
            "Y": 0.4889075458049774
          },
          {
            "X": 0.44860410690307617,
            "Y": 0.4918133318424225
          }
        ]
      },
      "Id": "a8e7f518-d40b-4ed5-b444-b5332a6ad8c2",
      "Relationships": [
        {
          "Type": "CHILD",
          "Ids": [
            "df16a583-2c35-44b7-a500-419684fad372",
            "d907b62d-b524-4006-a501-a0644b43cce6",
            "c3e02fae-d215-4f61-8794-be2e9e22f192",
            "81b9259d-230d-478c-a41c-d74eac827301",
            "27167c24-9116-4be9-9803-6399ded83b6f",
            "bd2b2674-8183-458c-92c1-420676ba1372"
          ]
        }
      ],
      "Page": 1
    },
    {
      "BlockType": "LINE",
      "Confidence": 98.37760162353516,
      "Text": "implementar IA generativa",
      "Geometry": {
        "BoundingBox": {
          "Width": 0.1904994398355484,
          "Height": 0.019337229430675507,
          "Left": 0.18316490948200226,
          "Top": 0.49882546067237854
        },
        "Polygon": [
          {
            "X": 0.18316490948200226,
            "Y": 0.5010611414909363
          },
          {
            "X": 0.37342020869255066,
            "Y": 0.49882546067237854
          },
          {
            "X": 0.37366434931755066,
            "Y": 0.5159494876861572
          },
          {
            "X": 0.18333828449249268,
            "Y": 0.5181626677513123
          }
        ]
      },
      "Id": "fe9b5e52-86b2-4df0-8284-e1f57997eec7",
      "Relationships": [
        {
          "Type": "CHILD",
          "Ids": [
            "12a2a1b6-d7fb-4ae1-8a1e-2f7c9656e31f",
            "992381b2-d601-4a3f-b6c3-21f91d3a8f9d",
            "ed23172f-829a-48e6-a27c-06644df517f2"
          ]
        }
      ],
      "Page": 1
    },
    {
      "BlockType": "LINE",
      "Confidence": 97.36359405517578,
      "Text": "ponta é crítica para iniciativas",
      "Geometry": {
        "BoundingBox": {
          "Width": 0.2451552152633667,
          "Height": 0.023327674716711044,
          "Left": 0.4495169222354889,
          "Top": 0.48428216576576233
        },
        "Polygon": [
          {
            "X": 0.4495169222354889,
            "Y": 0.48717665672302246
          },
          {
            "X": 0.694238007068634,
            "Y": 0.48428216576576233
          },
          {
            "X": 0.694672167301178,
            "Y": 0.5047497749328613
          },
          {
            "X": 0.44984200596809387,
            "Y": 0.5076098442077637
          }
        ]
      },
      "Id": "9e45c436-945f-4049-bcc1-a392a0fd0812",
      "Relationships": [
        {
          "Type": "CHILD",
          "Ids": [
            "b673139c-3f21-4caf-a99a-97a4d6691ca8",
            "47244350-4a26-4323-8731-87a4811c9c39",
            "8ff09908-124b-4e41-b844-76959813369c",
            "dfd730b3-450f-49f6-8b49-6858b690881d",
            "49d846ee-747a-46af-b222-14205b38f51e"
          ]
        }
      ],
      "Page": 1
    },
    {
      "BlockType": "LINE",
      "Confidence": 99.52342224121094,
      "Text": "de IA generativa",
      "Geometry": {
        "BoundingBox": {
          "Width": 0.13567699491977692,
          "Height": 0.01781518943607807,
          "Left": 0.5001858472824097,
          "Top": 0.5032268762588501
        },
        "Polygon": [
          {
            "X": 0.5001858472824097,
            "Y": 0.5048102140426636
          },
          {
            "X": 0.6355390548706055,
            "Y": 0.5032268762588501
          },
          {
            "X": 0.6358628869056702,
            "Y": 0.5194739103317261
          },
          {
            "X": 0.5004618167877197,
            "Y": 0.5210421085357666
          }
        ]
      },
      "Id": "ae6ea097-b08d-4581-806b-fed0ddd59cc4",
      "Relationships": [
        {
          "Type": "CHILD",
          "Ids": [
            "c2da7cef-d18f-4ad9-88b6-9905891d3e56",
            "37d95f6e-0568-495d-a3c6-31cef0e3480c",
            "7d553a02-d72a-4c5e-9ff4-73176191dd6f"
          ]
        }
      ],
      "Page": 1
    },
    {
      "BlockType": "LINE",
      "Confidence": 89.17063903808594,
      "Text": "Source CDO Agenda 2024 Navigating",
      "Geometry": {
        "BoundingBox": {
          "Width": 0.10980363190174103,
          "Height": 0.00792346429079771,
          "Left": 0.5285560488700867,
          "Top": 0.5407517552375793
        },
        "Polygon": [
          {
            "X": 0.5285560488700867,
            "Y": 0.5420052409172058
          },
          {
            "X": 0.638226330280304,
            "Y": 0.5407517552375793
          },
          {
            "X": 0.6383596658706665,
            "Y": 0.5474268198013306
          },
          {
            "X": 0.5286734104156494,
            "Y": 0.5486752390861511
          }
        ]
      },
      "Id": "8e0db24e-2e8b-4ac6-8711-77d5937fb9d7",
      "Relationships": [
        {
          "Type": "CHILD",
          "Ids": [
            "a030ad5c-190b-4767-9ead-96d4d09b3614",
            "eeb7c28f-ed55-4f1e-8245-c64c7ff3bab1",
            "f94a6adc-08e7-4c26-92a1-4fdea238ec97",
            "9287d6b6-f50f-4dce-98ed-8ff3b899f770",
            "5462f27f-999c-4150-b4d8-932a18694cdc"
          ]
        }
      ],
      "Page": 1
    },
    {
      "BlockType": "LINE",
      "Confidence": 92.3373794555664,
      "Text": "aws",
      "Geometry": {
        "BoundingBox": {
          "Width": 0.017910700291395187,
          "Height": 0.005836845841258764,
          "Left": 0.1231432557106018,
          "Top": 0.5511682033538818
        },
        "Polygon": [
          {
            "X": 0.1231432557106018,
            "Y": 0.5513717532157898
          },
          {
            "X": 0.14100204408168793,
            "Y": 0.5511682033538818
          },
          {
            "X": 0.1410539597272873,
            "Y": 0.5568022131919861
          },
          {
            "X": 0.12319299578666687,
            "Y": 0.5570050477981567
          }
        ]
      },
      "Id": "aade5d64-68cb-4235-9eec-5064ea28b3d9",
      "Relationships": [
        {
          "Type": "CHILD",
          "Ids": [
            "e5e838c0-2676-4257-8812-36c187e8093d"
          ]
        }
      ],
      "Page": 1
    },
    {
      "BlockType": "WORD",
      "Confidence": 96.90092468261719,
      "Text": "loud",
      "TextType": "PRINTED",
      "Geometry": {
        "BoundingBox": {
          "Width": 0.03479120880365372,
          "Height": 0.015632860362529755,
          "Left": 0.0020660036243498325,
          "Top": 0.39236658811569214
        },
        "Polygon": [
          {
            "X": 0.0020660036243498325,
            "Y": 0.3928016126155853
          },
          {
            "X": 0.03675102815032005,
            "Y": 0.39236658811569214
          },
          {
            "X": 0.03685721009969711,
            "Y": 0.4075680673122406
          },
          {
            "X": 0.0021607212256640196,
            "Y": 0.4079994559288025
          }
        ]
      },
      "Id": "933aeef5-3c01-402a-b1dc-0e57fef66a94",
      "Page": 1
    },
    {
      "BlockType": "WORD",
      "Confidence": 99.86619567871094,
      "Text": "46%",
      "TextType": "PRINTED",
      "Geometry": {
        "BoundingBox": {
          "Width": 0.0946153849363327,
          "Height": 0.03096780739724636,
          "Left": 0.2414521425962448,
          "Top": 0.38259410858154297
        },
        "Polygon": [
          {
            "X": 0.2414521425962448,
            "Y": 0.3837797939777374
          },
          {
            "X": 0.3356659710407257,
            "Y": 0.38259410858154297
          },
          {
            "X": 0.3360675275325775,
            "Y": 0.41239556670188904
          },
          {
            "X": 0.24179252982139587,
            "Y": 0.4135619103908539
          }
        ]
      },
      "Id": "cd8f7188-667d-4327-b702-a59a913a197a",
      "Page": 1
    },
    {
      "BlockType": "WORD",
      "Confidence": 99.67159271240234,
      "Text": "93%",
      "TextType": "PRINTED",
      "Geometry": {
        "BoundingBox": {
          "Width": 0.11072321236133575,
          "Height": 0.03553815558552742,
          "Left": 0.5134022831916809,
          "Top": 0.36001262068748474
        },
        "Polygon": [
          {
            "X": 0.5134022831916809,
            "Y": 0.36141249537467957
          },
          {
            "X": 0.6234514117240906,
            "Y": 0.36001262068748474
          },
          {
            "X": 0.6241254806518555,
            "Y": 0.394176721572876
          },
          {
            "X": 0.5139942765235901,
            "Y": 0.39555078744888306
          }
        ]
      },
      "Id": "7cc6d165-fe02-4e37-ba81-72fb609427aa",
      "Page": 1
    },
    {
      "BlockType": "WORD",
      "Confidence": 74.76492309570312,
      "Text": "perience",
      "TextType": "PRINTED",
      "Geometry": {
        "BoundingBox": {
          "Width": 0.07524643838405609,
          "Height": 0.018240107223391533,
          "Left": 0,
          "Top": 0.4091572165489197
        },
        "Polygon": [
          {
            "X": 0,
            "Y": 0.4100949764251709
          },
          {
            "X": 0.07511115074157715,
            "Y": 0.4091572165489197
          },
          {
            "X": 0.07524643838405609,
            "Y": 0.4264685809612274
          },
          {
            "X": 0,
            "Y": 0.42739731073379517
          }
        ]
      },
      "Id": "5dcd3238-e6d0-4687-8641-62202eee6d33",
      "Page": 1
    },
    {
      "BlockType": "WORD",
      "Confidence": 99.6395492553711,
      "Text": "25",
      "TextType": "PRINTED",
      "Geometry": {
        "BoundingBox": {
          "Width": 0.02022622898221016,
          "Height": 0.011855555698275566,
          "Left": 0.0003875993425026536,
          "Top": 0.4313778579235077
        },
        "Polygon": [
          {
            "X": 0.0003875993425026536,
            "Y": 0.43162497878074646
          },
          {
            "X": 0.0205368809401989,
            "Y": 0.4313778579235077
          },
          {
            "X": 0.02061382681131363,
            "Y": 0.44298791885375977
          },
          {
            "X": 0.00045946339378133416,
            "Y": 0.4432334303855896
          }
        ]
      },
      "Id": "0fdcf182-ac6e-4254-a631-50fc070114ae",
      "Page": 1
    },
    {
      "BlockType": "WORD",
      "Confidence": 98.25743103027344,
      "Text": "Os",
      "TextType": "PRINTED",
      "Geometry": {
        "BoundingBox": {
          "Width": 0.018143068999052048,
          "Height": 0.010507413186132908,
          "Left": 0.17456665635108948,
          "Top": 0.4774130582809448
        },
        "Polygon": [
          {
            "X": 0.17456665635108948,
            "Y": 0.47762802243232727
          },
          {
            "X": 0.192603200674057,
            "Y": 0.4774130582809448
          },
          {
            "X": 0.19270971417427063,
            "Y": 0.4877067506313324
          },
          {
            "X": 0.17466913163661957,
            "Y": 0.48792046308517456
          }
        ]
      },
      "Id": "a471b397-15e9-483a-bcd6-44dfbd184d99",
      "Page": 1
    },
    {
      "BlockType": "WORD",
      "Confidence": 98.82366943359375,
      "Text": "CDOs",
      "TextType": "PRINTED",
      "Geometry": {
        "BoundingBox": {
          "Width": 0.0375945158302784,
          "Height": 0.010908819735050201,
          "Left": 0.19610537588596344,
          "Top": 0.47570088505744934
        },
        "Polygon": [
          {
            "X": 0.19610537588596344,
            "Y": 0.47614791989326477
          },
          {
            "X": 0.23358231782913208,
            "Y": 0.47570088505744934
          },
          {
            "X": 0.23369988799095154,
            "Y": 0.4861653745174408
          },
          {
            "X": 0.1962144374847412,
            "Y": 0.48660969734191895
          }
        ]
      },
      "Id": "befaeff3-16e1-4f47-add0-57cf0566f1de",
      "Page": 1
    },
    {
      "BlockType": "WORD",
      "Confidence": 99.7332763671875,
      "Text": "veem",
      "TextType": "PRINTED",
      "Geometry": {
        "BoundingBox": {
          "Width": 0.03821505606174469,
          "Height": 0.009478936903178692,
          "Left": 0.23691415786743164,
          "Top": 0.4753327965736389
        },
        "Polygon": [
          {
            "X": 0.23691415786743164,
            "Y": 0.47578728199005127
          },
          {
            "X": 0.27501967549324036,
            "Y": 0.4753327965736389
          },
          {
            "X": 0.27512919902801514,
            "Y": 0.48435962200164795
          },
          {
            "X": 0.2370162010192871,
            "Y": 0.4848117530345917
          }
        ]
      },
      "Id": "5398b62e-4637-41d1-b130-0b75ea7f8e18",
      "Page": 1
    },
    {
      "BlockType": "WORD",
      "Confidence": 99.74137878417969,
      "Text": "a",
      "TextType": "PRINTED",
      "Geometry": {
        "BoundingBox": {
          "Width": 0.008707336150109768,
          "Height": 0.008340006694197655,
          "Left": 0.27881771326065063,
          "Top": 0.47454944252967834
        },
        "Polygon": [
          {
            "X": 0.27881771326065063,
            "Y": 0.47465211153030396
          },
          {
            "X": 0.28742289543151855,
            "Y": 0.47454944252967834
          },
          {
            "X": 0.2875250577926636,
            "Y": 0.48278725147247314
          },
          {
            "X": 0.2789183557033539,
            "Y": 0.48288944363594055
          }
        ]
      },
      "Id": "73d80e92-b813-4518-b0f4-15a005f229f8",
      "Page": 1
    },
    {
      "BlockType": "WORD",
      "Confidence": 99.11576080322266,
      "Text": "qualidade",
      "TextType": "PRINTED",
      "Geometry": {
        "BoundingBox": {
          "Width": 0.07229172438383102,
          "Height": 0.015689004212617874,
          "Left": 0.29111161828041077,
          "Top": 0.4683937430381775
        },
        "Polygon": [
          {
            "X": 0.29111161828041077,
            "Y": 0.46925652027130127
          },
          {
            "X": 0.36319500207901,
            "Y": 0.4683937430381775
          },
          {
            "X": 0.3634033501148224,
            "Y": 0.48322734236717224
          },
          {
            "X": 0.29129672050476074,
            "Y": 0.48408275842666626
          }
        ]
      },
      "Id": "37dfbccd-09d3-40d4-9923-fe778ce4d1e1",
      "Page": 1
    },
    {
      "BlockType": "WORD",
      "Confidence": 99.77496337890625,
      "Text": "dos",
      "TextType": "PRINTED",
      "Geometry": {
        "BoundingBox": {
          "Width": 0.025805585086345673,
          "Height": 0.011429606936872005,
          "Left": 0.3659549057483673,
          "Top": 0.46696949005126953
        },
        "Polygon": [
          {
            "X": 0.3659549057483673,
            "Y": 0.46727660298347473
          },
          {
            "X": 0.3915973901748657,
            "Y": 0.46696949005126953
          },
          {
            "X": 0.3917604982852936,
            "Y": 0.4780939221382141
          },
          {
            "X": 0.36611178517341614,
            "Y": 0.4783990979194641
          }
        ]
      },
      "Id": "ea4e1ed8-8794-4480-970a-c1a783c32b29",
      "Page": 1
    },
    {
      "BlockType": "WORD",
      "Confidence": 99.3510971069336,
      "Text": "Os",
      "TextType": "PRINTED",
      "Geometry": {
        "BoundingBox": {
          "Width": 0.021104419603943825,
          "Height": 0.01124549563974142,
          "Left": 0.46102041006088257,
          "Top": 0.46264952421188354
        },
        "Polygon": [
          {
            "X": 0.46102041006088257,
            "Y": 0.4629005789756775
          },
          {
            "X": 0.4819420576095581,
            "Y": 0.46264952421188354
          },
          {
            "X": 0.48212483525276184,
            "Y": 0.47364553809165955
          },
          {
            "X": 0.4611981511116028,
            "Y": 0.47389501333236694
          }
        ]
      },
      "Id": "750430ba-81d1-40d0-bcf3-4e9dbd1d8d2a",
      "Page": 1
    },
    {
      "BlockType": "WORD",
      "Confidence": 96.87171936035156,
      "Text": "CDOs",
      "TextType": "PRINTED",
      "Geometry": {
        "BoundingBox": {
          "Width": 0.044024016708135605,
          "Height": 0.012220194563269615,
          "Left": 0.48573821783065796,
          "Top": 0.4603976607322693
        },
        "Polygon": [
          {
            "X": 0.48573821783065796,
            "Y": 0.4609239995479584
          },
          {
            "X": 0.5295557379722595,
            "Y": 0.4603976607322693
          },
          {
            "X": 0.5297622680664062,
            "Y": 0.4720950424671173
          },
          {
            "X": 0.4859335422515869,
            "Y": 0.47261786460876465
          }
        ]
      },
      "Id": "ca92efe1-ecb7-4231-90b9-14bd3ea59e52",
      "Page": 1
    },
    {
      "BlockType": "WORD",
      "Confidence": 99.72672271728516,
      "Text": "consideram",
      "TextType": "PRINTED",
      "Geometry": {
        "BoundingBox": {
          "Width": 0.0953536406159401,
          "Height": 0.014385664835572243,
          "Left": 0.5331996083259583,
          "Top": 0.4557386338710785
        },
        "Polygon": [
          {
            "X": 0.5331996083259583,
            "Y": 0.4568832516670227
          },
          {
            "X": 0.6282909512519836,
            "Y": 0.4557386338710785
          },
          {
            "X": 0.6285532712936401,
            "Y": 0.4689883589744568
          },
          {
            "X": 0.5334343910217285,
            "Y": 0.4701243042945862
          }
        ]
      },
      "Id": "c83074e8-dcb7-4e20-889a-48ca00b4589a",
      "Page": 1
    },
    {
      "BlockType": "WORD",
      "Confidence": 99.92818450927734,
      "Text": "que",
      "TextType": "PRINTED",
      "Geometry": {
        "BoundingBox": {
          "Width": 0.033077359199523926,
          "Height": 0.01255190372467041,
          "Left": 0.6332494020462036,
          "Top": 0.4551733732223511
        },
        "Polygon": [
          {
            "X": 0.6332494020462036,
            "Y": 0.4555685222148895
          },
          {
            "X": 0.6660760641098022,
            "Y": 0.4551733732223511
          },
          {
            "X": 0.6663267612457275,
            "Y": 0.4673328399658203
          },
          {
            "X": 0.6334913372993469,
            "Y": 0.4677252769470215
          }
        ]
      },
      "Id": "5bdbd099-13d1-45e8-94e3-d69a8cf1fd90",
      "Page": 1
    },
    {
      "BlockType": "WORD",
      "Confidence": 99.84088897705078,
      "Text": "a",
      "TextType": "PRINTED",
      "Geometry": {
        "BoundingBox": {
          "Width": 0.009719236753880978,
          "Height": 0.009337768889963627,
          "Left": 0.6707094311714172,
          "Top": 0.4542711079120636
        },
        "Polygon": [
          {
            "X": 0.6707094311714172,
            "Y": 0.45438581705093384
          },
          {
            "X": 0.6802356839179993,
            "Y": 0.4542711079120636
          },
          {
            "X": 0.680428683757782,
            "Y": 0.46349474787712097
          },
          {
            "X": 0.6709004640579224,
            "Y": 0.46360886096954346
          }
        ]
      },
      "Id": "8ba9661f-2b3e-4608-a8c2-5cda04f54e49",
      "Page": 1
    },
    {
      "BlockType": "WORD",
      "Confidence": 99.5134506225586,
      "Text": "dados",
      "TextType": "PRINTED",
      "Geometry": {
        "BoundingBox": {
          "Width": 0.04120226949453354,
          "Height": 0.011475825682282448,
          "Left": 0.17816175520420074,
          "Top": 0.4902585446834564
        },
        "Polygon": [
          {
            "X": 0.17816175520420074,
            "Y": 0.49074435234069824
          },
          {
            "X": 0.21924395859241486,
            "Y": 0.4902585446834564
          },
          {
            "X": 0.2193640172481537,
            "Y": 0.5012516975402832
          },
          {
            "X": 0.17827200889587402,
            "Y": 0.5017343759536743
          }
        ]
      },
      "Id": "cd7eac28-795d-48be-911c-d668fbec1dba",
      "Page": 1
    },
    {
      "BlockType": "WORD",
      "Confidence": 99.591796875,
      "Text": "como",
      "TextType": "PRINTED",
      "Geometry": {
        "BoundingBox": {
          "Width": 0.03845876827836037,
          "Height": 0.00940839946269989,
          "Left": 0.22161857783794403,
          "Top": 0.4903661012649536
        },
        "Polygon": [
          {
            "X": 0.22161857783794403,
            "Y": 0.49081945419311523
          },
          {
            "X": 0.25997161865234375,
            "Y": 0.4903661012649536
          },
          {
            "X": 0.2600773572921753,
            "Y": 0.4993234872817993
          },
          {
            "X": 0.22171685099601746,
            "Y": 0.4997744858264923
          }
        ]
      },
      "Id": "2f7a40f8-b992-4daa-a896-82b383743e04",
      "Page": 1
    },
    {
      "BlockType": "WORD",
      "Confidence": 55.49810028076172,
      "Text": "O",
      "TextType": "PRINTED",
      "Geometry": {
        "BoundingBox": {
          "Width": 0.009626129642128944,
          "Height": 0.008165608160197735,
          "Left": 0.26253050565719604,
          "Top": 0.4898240566253662
        },
        "Polygon": [
          {
            "X": 0.26253050565719604,
            "Y": 0.4899367392063141
          },
          {
            "X": 0.27205944061279297,
            "Y": 0.4898240566253662
          },
          {
            "X": 0.27215662598609924,
            "Y": 0.4978775382041931
          },
          {
            "X": 0.2626259922981262,
            "Y": 0.4979896545410156
          }
        ]
      },
      "Id": "ecd27c96-e912-4b3f-bd13-535524b30447",
      "Page": 1
    },
    {
      "BlockType": "WORD",
      "Confidence": 99.55667114257812,
      "Text": "desafio",
      "TextType": "PRINTED",
      "Geometry": {
        "BoundingBox": {
          "Width": 0.05152859911322594,
          "Height": 0.012093029916286469,
          "Left": 0.27474159002304077,
          "Top": 0.48523983359336853
        },
        "Polygon": [
          {
            "X": 0.27474159002304077,
            "Y": 0.48584872484207153
          },
          {
            "X": 0.3261181116104126,
            "Y": 0.48523983359336853
          },
          {
            "X": 0.326270192861557,
            "Y": 0.49672800302505493
          },
          {
            "X": 0.2748808264732361,
            "Y": 0.4973328411579132
          }
        ]
      },
      "Id": "58770f43-0627-45f0-8bd6-31260fcfeab8",
      "Page": 1
    },
    {
      "BlockType": "WORD",
      "Confidence": 98.89253234863281,
      "Text": "#1",
      "TextType": "PRINTED",
      "Geometry": {
        "BoundingBox": {
          "Width": 0.017382653430104256,
          "Height": 0.010750705376267433,
          "Left": 0.32881268858909607,
          "Top": 0.48457247018814087
        },
        "Polygon": [
          {
            "X": 0.32881268858909607,
            "Y": 0.4847768247127533
          },
          {
            "X": 0.3460511565208435,
            "Y": 0.48457247018814087
          },
          {
            "X": 0.3461953401565552,
            "Y": 0.4951200783252716
          },
          {
            "X": 0.3289529085159302,
            "Y": 0.49532318115234375
          }
        ]
      },
      "Id": "e0a66f54-3cc1-4675-86a7-563112e67909",
      "Page": 1
    },
    {
      "BlockType": "WORD",
      "Confidence": 99.55614471435547,
      "Text": "para",
      "TextType": "PRINTED",
      "Geometry": {
        "BoundingBox": {
          "Width": 0.032981012016534805,
          "Height": 0.01190767902880907,
          "Left": 0.3498680293560028,
          "Top": 0.4846401512622833
        },
        "Polygon": [
          {
            "X": 0.3498680293560028,
            "Y": 0.48502907156944275
          },
          {
            "X": 0.3826824128627777,
            "Y": 0.4846401512622833
          },
          {
            "X": 0.3828490376472473,
            "Y": 0.496161550283432
          },
          {
            "X": 0.3500264585018158,
            "Y": 0.4965478479862213
          }
        ]
      },
      "Id": "60aede13-8e56-4bf2-8025-fa89830c5e93",
      "Page": 1
    },
    {
      "BlockType": "WORD",
      "Confidence": 97.69925689697266,
      "Text": "estratégia",
      "TextType": "PRINTED",
      "Geometry": {
        "BoundingBox": {
          "Width": 0.07836209237575531,
          "Height": 0.016547268256545067,
          "Left": 0.4483559727668762,
          "Top": 0.4752660393714905
        },
        "Polygon": [
          {
            "X": 0.4483559727668762,
            "Y": 0.4761957824230194
          },
          {
            "X": 0.526443362236023,
            "Y": 0.4752660393714905
          },
          {
            "X": 0.5267180800437927,
            "Y": 0.4908919930458069
          },
          {
            "X": 0.44860410690307617,
            "Y": 0.4918133318424225
          }
        ]
      },
      "Id": "df16a583-2c35-44b7-a500-419684fad372",
      "Page": 1
    },
    {
      "BlockType": "WORD",
      "Confidence": 99.8655776977539,
      "Text": "de",
      "TextType": "PRINTED",
      "Geometry": {
        "BoundingBox": {
          "Width": 0.02033582516014576,
          "Height": 0.011609206907451153,
          "Left": 0.529724657535553,
          "Top": 0.4743991792201996
        },
        "Polygon": [
          {
            "X": 0.529724657535553,
            "Y": 0.4746389389038086
          },
          {
            "X": 0.5498548150062561,
            "Y": 0.4743991792201996
          },
          {
            "X": 0.550060510635376,
            "Y": 0.48577019572257996
          },
          {
            "X": 0.5299253463745117,
            "Y": 0.4860083758831024
          }
        ]
      },
      "Id": "d907b62d-b524-4006-a501-a0644b43cce6",
      "Page": 1
    },
    {
      "BlockType": "WORD",
      "Confidence": 99.7466049194336,
      "Text": "dados",
      "TextType": "PRINTED",
      "Geometry": {
        "BoundingBox": {
          "Width": 0.04959174990653992,
          "Height": 0.01281418465077877,
          "Left": 0.5529083609580994,
          "Top": 0.472032368183136
        },
        "Polygon": [
          {
            "X": 0.5529083609580994,
            "Y": 0.4726208448410034
          },
          {
            "X": 0.6022650003433228,
            "Y": 0.472032368183136
          },
          {
            "X": 0.6025001406669617,
            "Y": 0.48426222801208496
          },
          {
            "X": 0.5531303286552429,
            "Y": 0.4848465621471405
          }
        ]
      },
      "Id": "c3e02fae-d215-4f61-8794-be2e9e22f192",
      "Page": 1
    },
    {
      "BlockType": "WORD",
      "Confidence": 99.81427764892578,
      "Text": "de",
      "TextType": "PRINTED",
      "Geometry": {
        "BoundingBox": {
          "Width": 0.021232400089502335,
          "Height": 0.011959969997406006,
          "Left": 0.6056759357452393,
          "Top": 0.4705955982208252
        },
        "Polygon": [
          {
            "X": 0.6056759357452393,
            "Y": 0.47084617614746094
          },
          {
            "X": 0.6266769766807556,
            "Y": 0.4705955982208252
          },
          {
            "X": 0.6269083023071289,
            "Y": 0.48230668902397156
          },
          {
            "X": 0.6059018969535828,
            "Y": 0.4825555682182312
          }
        ]
      },
      "Id": "81b9259d-230d-478c-a41c-d74eac827301",
      "Page": 1
    },
    {
      "BlockType": "WORD",
      "Confidence": 98.94573974609375,
      "Text": "ponta",
      "TextType": "PRINTED",
      "Geometry": {
        "BoundingBox": {
          "Width": 0.05093798786401749,
          "Height": 0.014460109174251556,
          "Left": 0.6301504969596863,
          "Top": 0.46931320428848267
        },
        "Polygon": [
          {
            "X": 0.6301504969596863,
            "Y": 0.4699177145957947
          },
          {
            "X": 0.6807984113693237,
            "Y": 0.46931320428848267
          },
          {
            "X": 0.6810884475708008,
            "Y": 0.4831736087799072
          },
          {
            "X": 0.630425214767456,
            "Y": 0.4837733209133148
          }
        ]
      },
      "Id": "27167c24-9116-4be9-9803-6399ded83b6f",
      "Page": 1
    },
    {
      "BlockType": "WORD",
      "Confidence": 99.90339660644531,
      "Text": "a",
      "TextType": "PRINTED",
      "Geometry": {
        "BoundingBox": {
          "Width": 0.010298803448677063,
          "Height": 0.009460247121751308,
          "Left": 0.6844568848609924,
          "Top": 0.4695463478565216
        },
        "Polygon": [
          {
            "X": 0.6844568848609924,
            "Y": 0.46966686844825745
          },
          {
            "X": 0.6945574283599854,
            "Y": 0.4695463478565216
          },
          {
            "X": 0.6947556734085083,
            "Y": 0.4788867235183716
          },
          {
            "X": 0.6846530437469482,
            "Y": 0.4790065884590149
          }
        ]
      },
      "Id": "bd2b2674-8183-458c-92c1-420676ba1372",
      "Page": 1
    },
    {
      "BlockType": "WORD",
      "Confidence": 97.53532409667969,
      "Text": "implementar",
      "TextType": "PRINTED",
      "Geometry": {
        "BoundingBox": {
          "Width": 0.0911119133234024,
          "Height": 0.014715947210788727,
          "Left": 0.1831999123096466,
          "Top": 0.5034467577934265
        },
        "Polygon": [
          {
            "X": 0.1831999123096466,
            "Y": 0.5045132040977478
          },
          {
            "X": 0.2741464674472809,
            "Y": 0.5034467577934265
          },
          {
            "X": 0.2743118107318878,
            "Y": 0.5171048045158386
          },
          {
            "X": 0.18333828449249268,
            "Y": 0.5181626677513123
          }
        ]
      },
      "Id": "12a2a1b6-d7fb-4ae1-8a1e-2f7c9656e31f",
      "Page": 1
    },
    {
      "BlockType": "WORD",
      "Confidence": 99.82622528076172,
      "Text": "IA",
      "TextType": "PRINTED",
      "Geometry": {
        "BoundingBox": {
          "Width": 0.014887207187712193,
          "Height": 0.010539875365793705,
          "Left": 0.2772741913795471,
          "Top": 0.5020855665206909
        },
        "Polygon": [
          {
            "X": 0.2772741913795471,
            "Y": 0.5022587180137634
          },
          {
            "X": 0.292031854391098,
            "Y": 0.5020855665206909
          },
          {
            "X": 0.29216137528419495,
            "Y": 0.5124533176422119
          },
          {
            "X": 0.277400404214859,
            "Y": 0.5126254558563232
          }
        ]
      },
      "Id": "992381b2-d601-4a3f-b6c3-21f91d3a8f9d",
      "Page": 1
    },
    {
      "BlockType": "WORD",
      "Confidence": 97.7712631225586,
      "Text": "generativa",
      "TextType": "PRINTED",
      "Geometry": {
        "BoundingBox": {
          "Width": 0.07814153283834457,
          "Height": 0.015645205974578857,
          "Left": 0.29548880457878113,
          "Top": 0.49882546067237854
        },
        "Polygon": [
          {
            "X": 0.29548880457878113,
            "Y": 0.49974119663238525
          },
          {
            "X": 0.37342020869255066,
            "Y": 0.49882546067237854
          },
          {
            "X": 0.3736303150653839,
            "Y": 0.513562798500061
          },
          {
            "X": 0.2956739366054535,
            "Y": 0.514470636844635
          }
        ]
      },
      "Id": "ed23172f-829a-48e6-a27c-06644df517f2",
      "Page": 1
    },
    {
      "BlockType": "WORD",
      "Confidence": 98.9083251953125,
      "Text": "ponta",
      "TextType": "PRINTED",
      "Geometry": {
        "BoundingBox": {
          "Width": 0.045888904482126236,
          "Height": 0.014425896108150482,
          "Left": 0.4496210515499115,
          "Top": 0.4931839406490326
        },
        "Polygon": [
          {
            "X": 0.4496210515499115,
            "Y": 0.49372178316116333
          },
          {
            "X": 0.49527519941329956,
            "Y": 0.4931839406490326
          },
          {
            "X": 0.49550995230674744,
            "Y": 0.5070763230323792
          },
          {
            "X": 0.44984200596809387,
            "Y": 0.5076098442077637
          }
        ]
      },
      "Id": "b673139c-3f21-4caf-a99a-97a4d6691ca8",
      "Page": 1
    },
    {
      "BlockType": "WORD",
      "Confidence": 98.45977020263672,
      "Text": "é",
      "TextType": "PRINTED",
      "Geometry": {
        "BoundingBox": {
          "Width": 0.010319660417735577,
          "Height": 0.011795148253440857,
          "Left": 0.4984596371650696,
          "Top": 0.4918844699859619
        },
        "Polygon": [
          {
            "X": 0.4984596371650696,
            "Y": 0.49200376868247986
          },
          {
            "X": 0.5085785984992981,
            "Y": 0.4918844699859619
          },
          {
            "X": 0.5087792873382568,
            "Y": 0.5035611391067505
          },
          {
            "X": 0.4986577332019806,
            "Y": 0.503679633140564
          }
        ]
      },
      "Id": "47244350-4a26-4323-8731-87a4811c9c39",
      "Page": 1
    },
    {
      "BlockType": "WORD",
      "Confidence": 90.7073974609375,
      "Text": "crítica",
      "TextType": "PRINTED",
      "Geometry": {
        "BoundingBox": {
          "Width": 0.048578884452581406,
          "Height": 0.012753808870911598,
          "Left": 0.5123547911643982,
          "Top": 0.48999956250190735
        },
        "Polygon": [
          {
            "X": 0.5123547911643982,
            "Y": 0.4905700981616974
          },
          {
            "X": 0.5607104301452637,
            "Y": 0.48999956250190735
          },
          {
            "X": 0.5609336495399475,
            "Y": 0.5021869540214539
          },
          {
            "X": 0.5125651955604553,
            "Y": 0.5027533769607544
          }
        ]
      },
      "Id": "8ff09908-124b-4e41-b844-76959813369c",
      "Page": 1
    },
    {
      "BlockType": "WORD",
      "Confidence": 99.74773406982422,
      "Text": "para",
      "TextType": "PRINTED",
      "Geometry": {
        "BoundingBox": {
          "Width": 0.037432871758937836,
          "Height": 0.012808899395167828,
          "Left": 0.56568843126297,
          "Top": 0.4906466603279114
        },
        "Polygon": [
          {
            "X": 0.56568843126297,
            "Y": 0.4910852015018463
          },
          {
            "X": 0.6028833389282227,
            "Y": 0.4906466603279114
          },
          {
            "X": 0.603121280670166,
            "Y": 0.5030202269554138
          },
          {
            "X": 0.5659162998199463,
            "Y": 0.5034555792808533
          }
        ]
      },
      "Id": "dfd730b3-450f-49f6-8b49-6858b690881d",
      "Page": 1
    },
    {
      "BlockType": "WORD",
      "Confidence": 98.99471282958984,
      "Text": "iniciativas",
      "TextType": "PRINTED",
      "Geometry": {
        "BoundingBox": {
          "Width": 0.08720069378614426,
          "Height": 0.015250127762556076,
          "Left": 0.6073391437530518,
          "Top": 0.48428216576576233
        },
        "Polygon": [
          {
            "X": 0.6073391437530518,
            "Y": 0.4853099584579468
          },
          {
            "X": 0.694238007068634,
            "Y": 0.48428216576576233
          },
          {
            "X": 0.6945398449897766,
            "Y": 0.49851298332214355
          },
          {
            "X": 0.6076140403747559,
            "Y": 0.4995322823524475
          }
        ]
      },
      "Id": "49d846ee-747a-46af-b222-14205b38f51e",
      "Page": 1
    },
    {
      "BlockType": "WORD",
      "Confidence": 99.88546752929688,
      "Text": "de",
      "TextType": "PRINTED",
      "Geometry": {
        "BoundingBox": {
          "Width": 0.02114190347492695,
          "Height": 0.012541938573122025,
          "Left": 0.500228762626648,
          "Top": 0.5070874094963074
        },
        "Polygon": [
          {
            "X": 0.500228762626648,
            "Y": 0.5073318481445312
          },
          {
            "X": 0.5211559534072876,
            "Y": 0.5070874094963074
          },
          {
            "X": 0.5213706493377686,
            "Y": 0.5193867087364197
          },
          {
            "X": 0.5004377961158752,
            "Y": 0.5196293592453003
          }
        ]
      },
      "Id": "c2da7cef-d18f-4ad9-88b6-9905891d3e56",
      "Page": 1
    },
    {
      "BlockType": "WORD",
      "Confidence": 99.75723266601562,
      "Text": "IA",
      "TextType": "PRINTED",
      "Geometry": {
        "BoundingBox": {
          "Width": 0.016914211213588715,
          "Height": 0.011231709271669388,
          "Left": 0.5254318118095398,
          "Top": 0.5071234107017517
        },
        "Polygon": [
          {
            "X": 0.5254318118095398,
            "Y": 0.5073186159133911
          },
          {
            "X": 0.5421483516693115,
            "Y": 0.5071234107017517
          },
          {
            "X": 0.5423460006713867,
            "Y": 0.5181611776351929
          },
          {
            "X": 0.525625467300415,
            "Y": 0.5183550715446472
          }
        ]
      },
      "Id": "37d95f6e-0568-495d-a3c6-31cef0e3480c",
      "Page": 1
    },
    {
      "BlockType": "WORD",
      "Confidence": 98.92758178710938,
      "Text": "generativa",
      "TextType": "PRINTED",
      "Geometry": {
        "BoundingBox": {
          "Width": 0.09011818468570709,
          "Height": 0.0172873605042696,
          "Left": 0.5457446575164795,
          "Top": 0.5032268762588501
        },
        "Polygon": [
          {
            "X": 0.5457446575164795,
            "Y": 0.5042772889137268
          },
          {
            "X": 0.6355390548706055,
            "Y": 0.5032268762588501
          },
          {
            "X": 0.6358628869056702,
            "Y": 0.5194739103317261
          },
          {
            "X": 0.5460367202758789,
            "Y": 0.5205142498016357
          }
        ]
      },
      "Id": "7d553a02-d72a-4c5e-9ff4-73176191dd6f",
      "Page": 1
    },
    {
      "BlockType": "WORD",
      "Confidence": 65.63014221191406,
      "Text": "Source",
      "TextType": "PRINTED",
      "Geometry": {
        "BoundingBox": {
          "Width": 0.02030717022716999,
          "Height": 0.005167472176253796,
          "Left": 0.5285794138908386,
          "Top": 0.5431045889854431
        },
        "Polygon": [
          {
            "X": 0.5285794138908386,
            "Y": 0.543335497379303
          },
          {
            "X": 0.5487975478172302,
            "Y": 0.5431045889854431
          },
          {
            "X": 0.5488865971565247,
            "Y": 0.548041820526123
          },
          {
            "X": 0.5286663174629211,
            "Y": 0.5482720732688904
          }
        ]
      },
      "Id": "a030ad5c-190b-4767-9ead-96d4d09b3614",
      "Page": 1
    },
    {
      "BlockType": "WORD",
      "Confidence": 96.96958923339844,
      "Text": "CDO",
      "TextType": "PRINTED",
      "Geometry": {
        "BoundingBox": {
          "Width": 0.014085609465837479,
          "Height": 0.005837523378431797,
          "Left": 0.5497850179672241,
          "Top": 0.5425962805747986
        },
        "Polygon": [
          {
            "X": 0.5497850179672241,
            "Y": 0.5427559614181519
          },
          {
            "X": 0.563766360282898,
            "Y": 0.5425962805747986
          },
          {
            "X": 0.5638706088066101,
            "Y": 0.5482746362686157
          },
          {
            "X": 0.5498875379562378,
            "Y": 0.548433780670166
          }
        ]
      },
      "Id": "eeb7c28f-ed55-4f1e-8245-c64c7ff3bab1",
      "Page": 1
    },
    {
      "BlockType": "WORD",
      "Confidence": 96.97840881347656,
      "Text": "Agenda",
      "TextType": "PRINTED",
      "Geometry": {
        "BoundingBox": {
          "Width": 0.022965019568800926,
          "Height": 0.005913113243877888,
          "Left": 0.564173698425293,
          "Top": 0.541996419429779
        },
        "Polygon": [
          {
            "X": 0.564173698425293,
            "Y": 0.5422576069831848
          },
          {
            "X": 0.5870320796966553,
            "Y": 0.541996419429779
          },
          {
            "X": 0.5871387124061584,
            "Y": 0.5476492643356323
          },
          {
            "X": 0.5642775297164917,
            "Y": 0.5479095578193665
          }
        ]
      },
      "Id": "f94a6adc-08e7-4c26-92a1-4fdea238ec97",
      "Page": 1
    },
    {
      "BlockType": "WORD",
      "Confidence": 98.9416732788086,
      "Text": "2024",
      "TextType": "PRINTED",
      "Geometry": {
        "BoundingBox": {
          "Width": 0.016025904566049576,
          "Height": 0.005545019172132015,
          "Left": 0.5880430340766907,
          "Top": 0.5414624214172363
        },
        "Polygon": [
          {
            "X": 0.5880430340766907,
            "Y": 0.5416443943977356
          },
          {
            "X": 0.6039658188819885,
            "Y": 0.5414624214172363
          },
          {
            "X": 0.60406893491745,
            "Y": 0.5468261241912842
          },
          {
            "X": 0.5881443023681641,
            "Y": 0.5470074415206909
          }
        ]
      },
      "Id": "9287d6b6-f50f-4dce-98ed-8ff3b899f770",
      "Page": 1
    },
    {
      "BlockType": "WORD",
      "Confidence": 87.33338928222656,
      "Text": "Navigating",
      "TextType": "PRINTED",
      "Geometry": {
        "BoundingBox": {
          "Width": 0.03313411399722099,
          "Height": 0.005949950311332941,
          "Left": 0.6052035689353943,
          "Top": 0.5407517552375793
        },
        "Polygon": [
          {
            "X": 0.6052035689353943,
            "Y": 0.5411292314529419
          },
          {
            "X": 0.638226330280304,
            "Y": 0.5407517552375793
          },
          {
            "X": 0.6383376717567444,
            "Y": 0.5463255643844604
          },
          {
            "X": 0.60531085729599,
            "Y": 0.5467017292976379
          }
        ]
      },
      "Id": "5462f27f-999c-4150-b4d8-932a18694cdc",
      "Page": 1
    },
    {
      "BlockType": "WORD",
      "Confidence": 92.3373794555664,
      "Text": "aws",
      "TextType": "PRINTED",
      "Geometry": {
        "BoundingBox": {
          "Width": 0.017910700291395187,
          "Height": 0.005836845841258764,
          "Left": 0.1231432557106018,
          "Top": 0.5511682033538818
        },
        "Polygon": [
          {
            "X": 0.1231432557106018,
            "Y": 0.5513717532157898
          },
          {
            "X": 0.14100204408168793,
            "Y": 0.5511682033538818
          },
          {
            "X": 0.1410539597272873,
            "Y": 0.5568022131919861
          },
          {
            "X": 0.12319299578666687,
            "Y": 0.5570050477981567
          }
        ]
      },
      "Id": "e5e838c0-2676-4257-8812-36c187e8093d",
      "Page": 1
    }
  ],
  "DetectDocumentTextModelVersion": "1.0"
}