{
  "DocumentMetadata": {
    "Pages": 1
  },
  "JobStatus": "SUCCEEDED",
  "Blocks": [
    {
      "BlockType": "PAGE",
      "Geometry": {
        "BoundingBox": {
          "Width": 1,
          "Height": 1,
          "Left": 0,
          "Top": 0
        },
        "Polygon": [
          {
            "X": 0,
            "Y": 0.000024490711439284496
          },
          {
            "X": 1,
            "Y": 0
          },
          {
            "X": 1,
            "Y": 1
          },
          {
            "X": 0.0000494339874421712,
            "Y": 1
          }
        ]
      },
      "Id": "f4f191c5-dff8-4759-bb02-0c1c4a752d92",
      "Relationships": [
        {
          "Type": "CHILD",
          "Ids": [
            "b8545a26-d2d7-4de3-b23f-8b9cab4c698e",
            "95049dc3-7876-4221-87d9-f0a13fec61cd",
            "469ef5f1-b65b-4d07-9f3d-85dd751ee009",
            "7c98e5d3-b049-47b3-a9e2-2b889265443c",
            "86ca12d5-b97a-4f1a-ba1e-838ceb2238ce",
            "d56c2050-17b4-4fe3-bf05-d7e1a22e5c54",
            "9b61e6e2-0cea-4ec3-90aa-689048ddaf25"
          ]
        }
      ],
      "Page": 1
    },
    {
      "BlockType": "LINE",
      "Confidence": 96.06636810302734,
      "Text": "Cloud",
      "Geometry": {
        "BoundingBox": {
          "Width": 0.026365380734205246,
          "Height": 0.007135611027479172,
          "Left": 0.7014138698577881,
          "Top": 0.18651826679706573
        },
        "Polygon": [
          {
            "X": 0.7014160752296448,
            "Y": 0.1866280883550644
          },
          {
            "X": 0.7277792692184448,
            "Y": 0.18651826679706573
          },
          {
            "X": 0.7277751564979553,
            "Y": 0.19354350864887238
          },
          {
            "X": 0.7014138698577881,
            "Y": 0.1936538815498352
          }
        ]
      },
      "Id": "b8545a26-d2d7-4de3-b23f-8b9cab4c698e",
      "Relationships": [
        {
          "Type": "CHILD",
          "Ids": [
            "adee13d2-d0cb-443c-b6aa-d58d2ae94e6e"
          ]
        }
      ],
      "Page": 1
    },
    {
      "BlockType": "LINE",
      "Confidence": 98.60823059082031,
      "Text": "aws",
      "Geometry": {
        "BoundingBox": {
          "Width": 0.048626918345689774,
          "Height": 0.01472982857376337,
          "Left": 0.626604437828064,
          "Top": 0.19121284782886505
        },
        "Polygon": [
          {
            "X": 0.626604437828064,
            "Y": 0.19141606986522675
          },
          {
            "X": 0.6752313375473022,
            "Y": 0.19121284782886505
          },
          {
            "X": 0.6752306222915649,
            "Y": 0.20573735237121582
          },
          {
            "X": 0.6266108155250549,
            "Y": 0.20594267547130585
          }
        ]
      },
      "Id": "95049dc3-7876-4221-87d9-f0a13fec61cd",
      "Relationships": [
        {
          "Type": "CHILD",
          "Ids": [
            "30070d47-5d0c-43e0-902a-2b552c0e72c6"
          ]
        }
      ],
      "Page": 1
    },
    {
      "BlockType": "LINE",
      "Confidence": 99.4335708618164,
      "Text": "Experience",
      "Geometry": {
        "BoundingBox": {
          "Width": 0.04791056364774704,
          "Height": 0.008337450213730335,
          "Left": 0.7020348906517029,
          "Top": 0.19324643909931183
        },
        "Polygon": [
          {
            "X": 0.702037513256073,
            "Y": 0.19344700872898102
          },
          {
            "X": 0.7499454617500305,
            "Y": 0.19324643909931183
          },
          {
            "X": 0.7499389052391052,
            "Y": 0.20138217508792877
          },
          {
            "X": 0.7020348906517029,
            "Y": 0.2015838921070099
          }
        ]
      },
      "Id": "469ef5f1-b65b-4d07-9f3d-85dd751ee009",
      "Relationships": [
        {
          "Type": "CHILD",
          "Ids": [
            "c8b82d9f-fcfa-4a42-9e59-83c490b02fe5"
          ]
        }
      ],
      "Page": 1
    },
    {
      "BlockType": "LINE",
      "Confidence": 99.7686996459961,
      "Text": "2025",
      "Geometry": {
        "BoundingBox": {
          "Width": 0.022105729207396507,
          "Height": 0.006998598109930754,
          "Left": 0.7018685936927795,
          "Top": 0.20261156558990479
        },
        "Polygon": [
          {
            "X": 0.7018707990646362,
            "Y": 0.20270471274852753
          },
          {
            "X": 0.7239742875099182,
            "Y": 0.20261156558990479
          },
          {
            "X": 0.7239705920219421,
            "Y": 0.20951655507087708
          },
          {
            "X": 0.7018685936927795,
            "Y": 0.20961016416549683
          }
        ]
      },
      "Id": "7c98e5d3-b049-47b3-a9e2-2b889265443c",
      "Relationships": [
        {
          "Type": "CHILD",
          "Ids": [
            "79d801c3-fab4-4b10-a748-0186c055f0a9"
          ]
        }
      ],
      "Page": 1
    },
    {
      "BlockType": "LINE",
      "Confidence": 99.81517028808594,
      "Text": "ence",
      "Geometry": {
        "BoundingBox": {
          "Width": 0.04047192260622978,
          "Height": 0.014302347786724567,
          "Left": 0,
          "Top": 0.31890150904655457
        },
        "Polygon": [
          {
            "X": 0,
            "Y": 0.3190913796424866
          },
          {
            "X": 0.040382206439971924,
            "Y": 0.31890150904655457
          },
          {
            "X": 0.04047192260622978,
            "Y": 0.33301225304603577
          },
          {
            "X": 0,
            "Y": 0.33320385217666626
          }
        ]
      },
      "Id": "86ca12d5-b97a-4f1a-ba1e-838ceb2238ce",
      "Relationships": [
        {
          "Type": "CHILD",
          "Ids": [
            "83d30e52-34f2-42e4-b2f4-60c34429ce80"
          ]
        }
      ],
      "Page": 1
    },
    {
      "BlockType": "LINE",
      "Confidence": 99.61073303222656,
      "Text": "experts e especialistas por meio do uso de agentes",
      "Geometry": {
        "BoundingBox": {
          "Width": 0.6418074369430542,
          "Height": 0.049695905297994614,
          "Left": 0.10544569790363312,
          "Top": 0.3367176055908203
        },
        "Polygon": [
          {
            "X": 0.10544569790363312,
            "Y": 0.3396821618080139
          },
          {
            "X": 0.7472531199455261,
            "Y": 0.3367176055908203
          },
          {
            "X": 0.7472168803215027,
            "Y": 0.3833600878715515
          },
          {
            "X": 0.10571218281984329,
            "Y": 0.3864135146141052
          }
        ]
      },
      "Id": "d56c2050-17b4-4fe3-bf05-d7e1a22e5c54",
      "Relationships": [
        {
          "Type": "CHILD",
          "Ids": [
            "de2d3e39-40ab-4244-b717-141499a49411",
            "3cf2e4ea-e0d0-4bce-8839-b89a322a0d1d",
            "8dd4f739-5e91-43ec-9804-bf9be942a0ca",
            "673c3e19-ef6f-41c0-83de-394e7cd9fad4",
            "bcd79d9b-9e27-4f30-82ee-30e506d55ee3",
            "f56571c0-1139-4824-8380-38a6bffe93be",
            "a98b22a9-6c70-4b8a-9d0c-48cf6255ad22",
            "b0a17663-95e7-41ad-8d41-bbe3aa6dbcbc",
            "3eeaae10-832c-42f5-8ebb-6a084b70fdb4"
          ]
        }
      ],
      "Page": 1
    },
    {
      "BlockType": "LINE",
      "Confidence": 98.90975952148438,
      "Text": "Potencialize a produtividade de empresas, de",
      "Geometry": {
        "BoundingBox": {
          "Width": 0.5768787264823914,
          "Height": 0.04912518709897995,
          "Left": 0.13284331560134888,
          "Top": 0.3134607970714569
        },
        "Polygon": [
          {
            "X": 0.13284331560134888,
            "Y": 0.31608468294143677
          },
          {
            "X": 0.7097220420837402,
            "Y": 0.3134607970714569
          },
          {
            "X": 0.7097035646438599,
            "Y": 0.3598825931549072
          },
          {
            "X": 0.13309556245803833,
            "Y": 0.36258599162101746
          }
        ]
      },
      "Id": "9b61e6e2-0cea-4ec3-90aa-689048ddaf25",
      "Relationships": [
        {
          "Type": "CHILD",
          "Ids": [
            "616f023d-3826-4987-8369-5e951f6b259b",
            "d6747847-3712-4bc6-9145-567daf14648b",
            "141313fb-788f-4b95-a9f2-346ece7babae",
            "93968a94-df51-423f-a843-e8e1f1092d30",
            "9f7423a4-c392-4270-b0b6-c1c3579cb43b",
            "cc80d1de-0465-4a74-ad2c-de6a944d6331"
          ]
        }
      ],
      "Page": 1
    },
    {
      "BlockType": "WORD",
      "Confidence": 96.06636810302734,
      "Text": "Cloud",
      "TextType": "PRINTED",
      "Geometry": {
        "BoundingBox": {
          "Width": 0.026365380734205246,
          "Height": 0.007135611027479172,
          "Left": 0.7014138698577881,
          "Top": 0.18651826679706573
        },
        "Polygon": [
          {
            "X": 0.7014160752296448,
            "Y": 0.1866280883550644
          },
          {
            "X": 0.7277792692184448,
            "Y": 0.18651826679706573
          },
          {
            "X": 0.7277751564979553,
            "Y": 0.19354350864887238
          },
          {
            "X": 0.7014138698577881,
            "Y": 0.1936538815498352
          }
        ]
      },
      "Id": "adee13d2-d0cb-443c-b6aa-d58d2ae94e6e",
      "Page": 1
    },
    {
      "BlockType": "WORD",
      "Confidence": 98.60823059082031,
      "Text": "aws",
      "TextType": "PRINTED",
      "Geometry": {
        "BoundingBox": {
          "Width": 0.048626918345689774,
          "Height": 0.01472982857376337,
          "Left": 0.626604437828064,
          "Top": 0.19121284782886505
        },
        "Polygon": [
          {
            "X": 0.626604437828064,
            "Y": 0.19141606986522675
          },
          {
            "X": 0.6752313375473022,
            "Y": 0.19121284782886505
          },
          {
            "X": 0.6752306222915649,
            "Y": 0.20573735237121582
          },
          {
            "X": 0.6266108155250549,
            "Y": 0.20594267547130585
          }
        ]
      },
      "Id": "30070d47-5d0c-43e0-902a-2b552c0e72c6",
      "Page": 1
    },
    {
      "BlockType": "WORD",
      "Confidence": 99.4335708618164,
      "Text": "Experience",
      "TextType": "PRINTED",
      "Geometry": {
        "BoundingBox": {
          "Width": 0.04791056364774704,
          "Height": 0.008337450213730335,
          "Left": 0.7020348906517029,
          "Top": 0.19324643909931183
        },
        "Polygon": [
          {
            "X": 0.702037513256073,
            "Y": 0.19344700872898102
          },
          {
            "X": 0.7499454617500305,
            "Y": 0.19324643909931183
          },
          {
            "X": 0.7499389052391052,
            "Y": 0.20138217508792877
          },
          {
            "X": 0.7020348906517029,
            "Y": 0.2015838921070099
          }
        ]
      },
      "Id": "c8b82d9f-fcfa-4a42-9e59-83c490b02fe5",
      "Page": 1
    },
    {
      "BlockType": "WORD",
      "Confidence": 99.7686996459961,
      "Text": "2025",
      "TextType": "PRINTED",
      "Geometry": {
        "BoundingBox": {
          "Width": 0.022105729207396507,
          "Height": 0.006998598109930754,
          "Left": 0.7018685936927795,
          "Top": 0.20261156558990479
        },
        "Polygon": [
          {
            "X": 0.7018707990646362,
            "Y": 0.20270471274852753
          },
          {
            "X": 0.7239742875099182,
            "Y": 0.20261156558990479
          },
          {
            "X": 0.7239705920219421,
            "Y": 0.20951655507087708
          },
          {
            "X": 0.7018685936927795,
            "Y": 0.20961016416549683
          }
        ]
      },
      "Id": "79d801c3-fab4-4b10-a748-0186c055f0a9",
      "Page": 1
    },
    {
      "BlockType": "WORD",
      "Confidence": 99.81517028808594,
      "Text": "ence",
      "TextType": "PRINTED",
      "Geometry": {
        "BoundingBox": {
          "Width": 0.04047192260622978,
          "Height": 0.014302347786724567,
          "Left": 0,
          "Top": 0.31890150904655457
        },
        "Polygon": [
          {
            "X": 0,
            "Y": 0.3190913796424866
          },
          {
            "X": 0.040382206439971924,
            "Y": 0.31890150904655457
          },
          {
            "X": 0.04047192260622978,
            "Y": 0.33301225304603577
          },
          {
            "X": 0,
            "Y": 0.33320385217666626
          }
        ]
      },
      "Id": "83d30e52-34f2-42e4-b2f4-60c34429ce80",
      "Page": 1
    },
    {
      "BlockType": "WORD",
      "Confidence": 99.93351745605469,
      "Text": "experts",
      "TextType": "PRINTED",
      "Geometry": {
        "BoundingBox": {
          "Width": 0.08259961754083633,
          "Height": 0.020483272150158882,
          "Left": 0.105597585439682,
          "Top": 0.3659302294254303
        },
        "Polygon": [
          {
            "X": 0.105597585439682,
            "Y": 0.3663179278373718
          },
          {
            "X": 0.18809936940670013,
            "Y": 0.3659302294254303
          },
          {
            "X": 0.18819719552993774,
            "Y": 0.3860208988189697
          },
          {
            "X": 0.10571218281984329,
            "Y": 0.3864135146141052
          }
        ]
      },
      "Id": "de2d3e39-40ab-4244-b717-141499a49411",
      "Page": 1
    },
    {
      "BlockType": "WORD",
      "Confidence": 99.87940216064453,
      "Text": "e",
      "TextType": "PRINTED",
      "Geometry": {
        "BoundingBox": {
          "Width": 0.015504362992942333,
          "Height": 0.013224798254668713,
          "Left": 0.1921405792236328,
          "Top": 0.36643821001052856
        },
        "Polygon": [
          {
            "X": 0.1921405792236328,
            "Y": 0.366510808467865
          },
          {
            "X": 0.2075835019350052,
            "Y": 0.36643821001052856
          },
          {
            "X": 0.20764493942260742,
            "Y": 0.3795897960662842
          },
          {
            "X": 0.192204087972641,
            "Y": 0.37966302037239075
          }
        ]
      },
      "Id": "3cf2e4ea-e0d0-4bce-8839-b89a322a0d1d",
      "Page": 1
    },
    {
      "BlockType": "WORD",
      "Confidence": 99.18428802490234,
      "Text": "especialistas",
      "TextType": "PRINTED",
      "Geometry": {
        "BoundingBox": {
          "Width": 0.1559409499168396,
          "Height": 0.028454361483454704,
          "Left": 0.20971572399139404,
          "Top": 0.35549789667129517
        },
        "Polygon": [
          {
            "X": 0.20971572399139404,
            "Y": 0.3562258183956146
          },
          {
            "X": 0.36557140946388245,
            "Y": 0.35549789667129517
          },
          {
            "X": 0.36565667390823364,
            "Y": 0.38321155309677124
          },
          {
            "X": 0.2098446637392044,
            "Y": 0.383952260017395
          }
        ]
      },
      "Id": "8dd4f739-5e91-43ec-9804-bf9be942a0ca",
      "Page": 1
    },
    {
      "BlockType": "WORD",
      "Confidence": 99.46644592285156,
      "Text": "por",
      "TextType": "PRINTED",
      "Geometry": {
        "BoundingBox": {
          "Width": 0.05128186568617821,
          "Height": 0.019726864993572235,
          "Left": 0.3648475706577301,
          "Top": 0.3566734492778778
        },
        "Polygon": [
          {
            "X": 0.3648475706577301,
            "Y": 0.3569129407405853
          },
          {
            "X": 0.41607943177223206,
            "Y": 0.3566734492778778
          },
          {
            "X": 0.4161294400691986,
            "Y": 0.37615785002708435
          },
          {
            "X": 0.3649076521396637,
            "Y": 0.37640032172203064
          }
        ]
      },
      "Id": "673c3e19-ef6f-41c0-83de-394e7cd9fad4",
      "Page": 1
    },
    {
      "BlockType": "WORD",
      "Confidence": 99.89292907714844,
      "Text": "meio",
      "TextType": "PRINTED",
      "Geometry": {
        "BoundingBox": {
          "Width": 0.0679401233792305,
          "Height": 0.020339300855994225,
          "Left": 0.4167886972427368,
          "Top": 0.34955403208732605
        },
        "Polygon": [
          {
            "X": 0.4167886972427368,
            "Y": 0.34987005591392517
          },
          {
            "X": 0.4846912920475006,
            "Y": 0.34955403208732605
          },
          {
            "X": 0.4847288131713867,
            "Y": 0.3695732653141022
          },
          {
            "X": 0.41683992743492126,
            "Y": 0.369893342256546
          }
        ]
      },
      "Id": "bcd79d9b-9e27-4f30-82ee-30e506d55ee3",
      "Page": 1
    },
    {
      "BlockType": "WORD",
      "Confidence": 99.87538146972656,
      "Text": "do",
      "TextType": "PRINTED",
      "Geometry": {
        "BoundingBox": {
          "Width": 0.035945381969213486,
          "Height": 0.01889580674469471,
          "Left": 0.4899376630783081,
          "Top": 0.34735339879989624
        },
        "Polygon": [
          {
            "X": 0.4899376630783081,
            "Y": 0.3475203514099121
          },
          {
            "X": 0.5258557200431824,
            "Y": 0.34735339879989624
          },
          {
            "X": 0.5258830189704895,
            "Y": 0.36608025431632996
          },
          {
            "X": 0.48997175693511963,
            "Y": 0.3662492036819458
          }
        ]
      },
      "Id": "f56571c0-1139-4824-8380-38a6bffe93be",
      "Page": 1
    },
    {
      "BlockType": "WORD",
      "Confidence": 98.61981964111328,
      "Text": "uso",
      "TextType": "PRINTED",
      "Geometry": {
        "BoundingBox": {
          "Width": 0.04940260201692581,
          "Height": 0.015826888382434845,
          "Left": 0.5313880443572998,
          "Top": 0.3483909070491791
        },
        "Polygon": [
          {
            "X": 0.5313880443572998,
            "Y": 0.3486206531524658
          },
          {
            "X": 0.580776572227478,
            "Y": 0.3483909070491791
          },
          {
            "X": 0.580790638923645,
            "Y": 0.36398574709892273
          },
          {
            "X": 0.5314099192619324,
            "Y": 0.3642177879810333
          }
        ]
      },
      "Id": "a98b22a9-6c70-4b8a-9d0c-48cf6255ad22",
      "Page": 1
    },
    {
      "BlockType": "WORD",
      "Confidence": 99.83892059326172,
      "Text": "de",
      "TextType": "PRINTED",
      "Geometry": {
        "BoundingBox": {
          "Width": 0.036843765527009964,
          "Height": 0.01929042488336563,
          "Left": 0.5867853164672852,
          "Top": 0.34220996499061584
        },
        "Polygon": [
          {
            "X": 0.5867853164672852,
            "Y": 0.34238067269325256
          },
          {
            "X": 0.6236200928688049,
            "Y": 0.34220996499061584
          },
          {
            "X": 0.623629093170166,
            "Y": 0.3613276183605194
          },
          {
            "X": 0.5868014693260193,
            "Y": 0.36150041222572327
          }
        ]
      },
      "Id": "b0a17663-95e7-41ad-8d41-bbe3aa6dbcbc",
      "Page": 1
    },
    {
      "BlockType": "WORD",
      "Confidence": 99.80592346191406,
      "Text": "agentes",
      "TextType": "PRINTED",
      "Geometry": {
        "BoundingBox": {
          "Width": 0.11881186068058014,
          "Height": 0.027144169434905052,
          "Left": 0.6284412741661072,
          "Top": 0.3367176055908203
        },
        "Polygon": [
          {
            "X": 0.6284412741661072,
            "Y": 0.3372664153575897
          },
          {
            "X": 0.7472531199455261,
            "Y": 0.3367176055908203
          },
          {
            "X": 0.7472324967384338,
            "Y": 0.36330360174179077
          },
          {
            "X": 0.628452479839325,
            "Y": 0.3638617694377899
          }
        ]
      },
      "Id": "3eeaae10-832c-42f5-8ebb-6a084b70fdb4",
      "Page": 1
    },
    {
      "BlockType": "WORD",
      "Confidence": 96.20020294189453,
      "Text": "Potencialize",
      "TextType": "PRINTED",
      "Geometry": {
        "BoundingBox": {
          "Width": 0.14181669056415558,
          "Height": 0.026539836078882217,
          "Left": 0.1329551339149475,
          "Top": 0.33604615926742554
        },
        "Polygon": [
          {
            "X": 0.1329551339149475,
            "Y": 0.336699515581131
          },
          {
            "X": 0.27466848492622375,
            "Y": 0.33604615926742554
          },
          {
            "X": 0.2747718393802643,
            "Y": 0.3619217574596405
          },
          {
            "X": 0.13309556245803833,
            "Y": 0.36258599162101746
          }
        ]
      },
      "Id": "616f023d-3826-4987-8369-5e951f6b259b",
      "Page": 1
    },
    {
      "BlockType": "WORD",
      "Confidence": 99.95331573486328,
      "Text": "a",
      "TextType": "PRINTED",
      "Geometry": {
        "BoundingBox": {
          "Width": 0.017091277986764908,
          "Height": 0.01419717725366354,
          "Left": 0.2775998115539551,
          "Top": 0.3402482569217682
        },
        "Polygon": [
          {
            "X": 0.2775998115539551,
            "Y": 0.34032702445983887
          },
          {
            "X": 0.2946375608444214,
            "Y": 0.3402482569217682
          },
          {
            "X": 0.2946910858154297,
            "Y": 0.3543659448623657
          },
          {
            "X": 0.27765578031539917,
            "Y": 0.3544454276561737
          }
        ]
      },
      "Id": "d6747847-3712-4bc6-9145-567daf14648b",
      "Page": 1
    },
    {
      "BlockType": "WORD",
      "Confidence": 98.82051086425781,
      "Text": "produtividade",
      "TextType": "PRINTED",
      "Geometry": {
        "BoundingBox": {
          "Width": 0.18324536085128784,
          "Height": 0.02998681366443634,
          "Left": 0.29607781767845154,
          "Top": 0.32625246047973633
        },
        "Polygon": [
          {
            "X": 0.29607781767845154,
            "Y": 0.32709214091300964
          },
          {
            "X": 0.4792670011520386,
            "Y": 0.32625246047973633
          },
          {
            "X": 0.4793231785297394,
            "Y": 0.3553837239742279
          },
          {
            "X": 0.2961879074573517,
            "Y": 0.3562392592430115
          }
        ]
      },
      "Id": "141313fb-788f-4b95-a9f2-346ece7babae",
      "Page": 1
    },
    {
      "BlockType": "WORD",
      "Confidence": 99.79412078857422,
      "Text": "de",
      "TextType": "PRINTED",
      "Geometry": {
        "BoundingBox": {
          "Width": 0.03344152122735977,
          "Height": 0.019332341849803925,
          "Left": 0.48345762491226196,
          "Top": 0.3243180811405182
        },
        "Polygon": [
          {
            "X": 0.48345762491226196,
            "Y": 0.32447105646133423
          },
          {
            "X": 0.5168694853782654,
            "Y": 0.3243180811405182
          },
          {
            "X": 0.5168991684913635,
            "Y": 0.34349554777145386
          },
          {
            "X": 0.4834938049316406,
            "Y": 0.3436504304409027
          }
        ]
      },
      "Id": "93968a94-df51-423f-a843-e8e1f1092d30",
      "Page": 1
    },
    {
      "BlockType": "WORD",
      "Confidence": 98.8578109741211,
      "Text": "empresas,",
      "TextType": "PRINTED",
      "Geometry": {
        "BoundingBox": {
          "Width": 0.14067161083221436,
          "Height": 0.02373574860394001,
          "Left": 0.5220763087272644,
          "Top": 0.3200089931488037
        },
        "Polygon": [
          {
            "X": 0.5220763087272644,
            "Y": 0.32065150141716003
          },
          {
            "X": 0.6627461910247803,
            "Y": 0.3200089931488037
          },
          {
            "X": 0.6627479791641235,
            "Y": 0.34309259057044983
          },
          {
            "X": 0.5221108794212341,
            "Y": 0.34374475479125977
          }
        ]
      },
      "Id": "9f7423a4-c392-4270-b0b6-c1c3579cb43b",
      "Page": 1
    },
    {
      "BlockType": "WORD",
      "Confidence": 99.83259582519531,
      "Text": "de",
      "TextType": "PRINTED",
      "Geometry": {
        "BoundingBox": {
          "Width": 0.03872239589691162,
          "Height": 0.01951005682349205,
          "Left": 0.6709996461868286,
          "Top": 0.3134607970714569
        },
        "Polygon": [
          {
            "X": 0.6709998250007629,
            "Y": 0.3136369287967682
          },
          {
            "X": 0.7097220420837402,
            "Y": 0.3134607970714569
          },
          {
            "X": 0.7097143530845642,
            "Y": 0.3327925205230713
          },
          {
            "X": 0.6709996461868286,
            "Y": 0.33297085762023926
          }
        ]
      },
      "Id": "cc80d1de-0465-4a74-ad2c-de6a944d6331",
      "Page": 1
    }
  ],
  "DetectDocumentTextModelVersion": "1.0"
}