{
  "DocumentMetadata": {
    "Pages": 1
  },
  "JobStatus": "SUCCEEDED",
  "Blocks": [
    {
      "BlockType": "PAGE",
      "Geometry": {
        "BoundingBox": {
          "Width": 0.981292188167572,
          "Height": 0.8992450833320618,
          "Left": 0.004031232092529535,
          "Top": 0
        },
        "Polygon": [
          {
            "X": 0.004031232092529535,
            "Y": 0.0111204469576478
          },
          {
            "X": 0.9809346795082092,
            "Y": 0
          },
          {
            "X": 0.985323429107666,
            "Y": 0.8890599012374878
          },
          {
            "X": 0.007052637171000242,
            "Y": 0.8992450833320618
          }
        ]
      },
      "Id": "d2903f9f-ec17-49a6-ae18-6c39d0bafe1a",
      "Relationships": [
        {
          "Type": "CHILD",
          "Ids": [
            "85436d8e-5a86-45c2-ae10-5ddeadae8811",
            "3d6917ea-0e44-495e-bc6b-f3064bbef60d",
            "95486698-3d1e-4dd7-938b-854b666e4266",
            "375389e1-57c0-4edd-b533-2e92bc4b1cda",
            "6b6b821d-50be-408a-a036-2287a9392830",
            "b6615fa2-ef6f-4ed2-9541-01de199f1e27",
            "c8b92dd2-6e71-4426-bea1-fd765d3a12a7",
            "58d22e5e-c763-4d4d-b621-b040a2d076a5",
            "84c67f06-8d26-4b29-8a9f-881e2bada7e6",
            "cf491040-1c9c-4a19-a90d-dd37fa39d989",
            "e9aa6950-c089-4b26-9591-10214f4b560f",
            "9b9424a3-696f-4a77-83d7-51f0f23f070b",
            "30b5469c-51a1-488d-b090-feed34ee4e74",
            "38d2dbb6-b6b6-46dc-b876-ed20d94d467b",
            "b31eeb08-49ac-4e8b-9ebb-ae1902f749b1",
            "462210b1-2d7e-4834-83d0-ef8a2aa0a5ef"
          ]
        }
      ],
      "Page": 1
    },
    {
      "BlockType": "LINE",
      "Confidence": 93.67318725585938,
      "Text": "Cloud",
      "Geometry": {
        "BoundingBox": {
          "Width": 0.023296533152461052,
          "Height": 0.007237431593239307,
          "Left": 0.3031790852546692,
          "Top": 0.28702467679977417
        },
        "Polygon": [
          {
            "X": 0.3031790852546692,
            "Y": 0.28737103939056396
          },
          {
            "X": 0.3264487683773041,
            "Y": 0.28702467679977417
          },
          {
            "X": 0.3264756202697754,
            "Y": 0.29391688108444214
          },
          {
            "X": 0.3032056987285614,
            "Y": 0.2942620813846588
          }
        ]
      },
      "Id": "85436d8e-5a86-45c2-ae10-5ddeadae8811",
      "Relationships": [
        {
          "Type": "CHILD",
          "Ids": [
            "16b05a73-cc19-435c-93a9-d8b21d717a0f"
          ]
        }
      ],
      "Page": 1
    },
    {
      "BlockType": "LINE",
      "Confidence": 98.74243927001953,
      "Text": "aws",
      "Geometry": {
        "BoundingBox": {
          "Width": 0.0427219532430172,
          "Height": 0.014325638301670551,
          "Left": 0.23571714758872986,
          "Top": 0.2918460965156555
        },
        "Polygon": [
          {
            "X": 0.23571714758872986,
            "Y": 0.2924799919128418
          },
          {
            "X": 0.2783867418766022,
            "Y": 0.2918460965156555
          },
          {
            "X": 0.27843910455703735,
            "Y": 0.3055421710014343
          },
          {
            "X": 0.23576860129833221,
            "Y": 0.3061717450618744
          }
        ]
      },
      "Id": "3d6917ea-0e44-495e-bc6b-f3064bbef60d",
      "Relationships": [
        {
          "Type": "CHILD",
          "Ids": [
            "ad081cdd-7c6a-4c59-b854-cb03f82a42cd"
          ]
        }
      ],
      "Page": 1
    },
    {
      "BlockType": "LINE",
      "Confidence": 53.87921142578125,
      "Text": "/",
      "Geometry": {
        "BoundingBox": {
          "Width": 0.006019254215061665,
          "Height": 0.02248675562441349,
          "Left": 0.2879165709018707,
          "Top": 0.2901161313056946
        },
        "Polygon": [
          {
            "X": 0.2879165709018707,
            "Y": 0.29020434617996216
          },
          {
            "X": 0.2938496470451355,
            "Y": 0.2901161313056946
          },
          {
            "X": 0.2939358055591583,
            "Y": 0.3125156760215759
          },
          {
            "X": 0.28800252079963684,
            "Y": 0.3126029074192047
          }
        ]
      },
      "Id": "95486698-3d1e-4dd7-938b-854b666e4266",
      "Relationships": [
        {
          "Type": "CHILD",
          "Ids": [
            "3052028a-989f-4ded-9ec8-cc665fbb9cbb"
          ]
        }
      ],
      "Page": 1
    },
    {
      "BlockType": "LINE",
      "Confidence": 99.38937377929688,
      "Text": "Experience",
      "Geometry": {
        "BoundingBox": {
          "Width": 0.04319551959633827,
          "Height": 0.009053144603967667,
          "Left": 0.3022017776966095,
          "Top": 0.29445552825927734
        },
        "Polygon": [
          {
            "X": 0.3022017776966095,
            "Y": 0.2950955927371979
          },
          {
            "X": 0.3453642427921295,
            "Y": 0.29445552825927734
          },
          {
            "X": 0.34539729356765747,
            "Y": 0.3028712868690491
          },
          {
            "X": 0.3022342324256897,
            "Y": 0.3035086691379547
          }
        ]
      },
      "Id": "375389e1-57c0-4edd-b533-2e92bc4b1cda",
      "Relationships": [
        {
          "Type": "CHILD",
          "Ids": [
            "e961384c-dca2-404f-871d-8a70287e9051"
          ]
        }
      ],
      "Page": 1
    },
    {
      "BlockType": "LINE",
      "Confidence": 99.87372589111328,
      "Text": "2025",
      "Geometry": {
        "BoundingBox": {
          "Width": 0.019894428551197052,
          "Height": 0.006877395324409008,
          "Left": 0.3011123836040497,
          "Top": 0.30396631360054016
        },
        "Polygon": [
          {
            "X": 0.3011123836040497,
            "Y": 0.30425959825515747
          },
          {
            "X": 0.3209812045097351,
            "Y": 0.30396631360054016
          },
          {
            "X": 0.3210068345069885,
            "Y": 0.31055137515068054
          },
          {
            "X": 0.3011378049850464,
            "Y": 0.31084370613098145
          }
        ]
      },
      "Id": "6b6b821d-50be-408a-a036-2287a9392830",
      "Relationships": [
        {
          "Type": "CHILD",
          "Ids": [
            "1b973458-1081-4154-b36c-6e0e23779927"
          ]
        }
      ],
      "Page": 1
    },
    {
      "BlockType": "LINE",
      "Confidence": 99.46178436279297,
      "Text": "Cloud",
      "Geometry": {
        "BoundingBox": {
          "Width": 0.04611100256443024,
          "Height": 0.014364355243742466,
          "Left": 0.0779559537768364,
          "Top": 0.34738123416900635
        },
        "Polygon": [
          {
            "X": 0.0779559537768364,
            "Y": 0.3480474650859833
          },
          {
            "X": 0.12401783466339111,
            "Y": 0.34738123416900635
          },
          {
            "X": 0.12406695634126663,
            "Y": 0.3610840141773224
          },
          {
            "X": 0.07800409197807312,
            "Y": 0.36174559593200684
          }
        ]
      },
      "Id": "b6615fa2-ef6f-4ed2-9541-01de199f1e27",
      "Relationships": [
        {
          "Type": "CHILD",
          "Ids": [
            "d4a1cd78-6525-414c-b883-9938fd4bf4de"
          ]
        }
      ],
      "Page": 1
    },
    {
      "BlockType": "LINE",
      "Confidence": 98.80558776855469,
      "Text": "S",
      "Geometry": {
        "BoundingBox": {
          "Width": 0.02290615439414978,
          "Height": 0.025408057495951653,
          "Left": 0.005691089201718569,
          "Top": 0.35439059138298035
        },
        "Polygon": [
          {
            "X": 0.005691089201718569,
            "Y": 0.35471969842910767
          },
          {
            "X": 0.028511011973023415,
            "Y": 0.35439059138298035
          },
          {
            "X": 0.028597243130207062,
            "Y": 0.3794737458229065
          },
          {
            "X": 0.00577642722055316,
            "Y": 0.37979865074157715
          }
        ]
      },
      "Id": "c8b92dd2-6e71-4426-bea1-fd765d3a12a7",
      "Relationships": [
        {
          "Type": "CHILD",
          "Ids": [
            "78304df2-29cd-41fe-b467-e8c66d20b99c"
          ]
        }
      ],
      "Page": 1
    },
    {
      "BlockType": "LINE",
      "Confidence": 99.65914154052734,
      "Text": "Experience",
      "Geometry": {
        "BoundingBox": {
          "Width": 0.08650747686624527,
          "Height": 0.01707027666270733,
          "Left": 0.07455620914697647,
          "Top": 0.36443498730659485
        },
        "Polygon": [
          {
            "X": 0.07455620914697647,
            "Y": 0.3656741976737976
          },
          {
            "X": 0.16100598871707916,
            "Y": 0.36443498730659485
          },
          {
            "X": 0.16106368601322174,
            "Y": 0.3802761435508728
          },
          {
            "X": 0.07461175322532654,
            "Y": 0.3815052807331085
          }
        ]
      },
      "Id": "58d22e5e-c763-4d4d-b621-b040a2d076a5",
      "Relationships": [
        {
          "Type": "CHILD",
          "Ids": [
            "73fa1bc9-54a8-4417-a5b4-a0c747bb94fc"
          ]
        }
      ],
      "Page": 1
    },
    {
      "BlockType": "LINE",
      "Confidence": 99.09376525878906,
      "Text": "Reimagine a inteligência",
      "Geometry": {
        "BoundingBox": {
          "Width": 0.25929951667785645,
          "Height": 0.030711419880390167,
          "Left": 0.22579452395439148,
          "Top": 0.3460606634616852
        },
        "Polygon": [
          {
            "X": 0.22579452395439148,
            "Y": 0.34980201721191406
          },
          {
            "X": 0.48498213291168213,
            "Y": 0.3460606634616852
          },
          {
            "X": 0.48509401082992554,
            "Y": 0.3730819523334503
          },
          {
            "X": 0.22589541971683502,
            "Y": 0.37677207589149475
          }
        ]
      },
      "Id": "84c67f06-8d26-4b29-8a9f-881e2bada7e6",
      "Relationships": [
        {
          "Type": "CHILD",
          "Ids": [
            "dbccc8cc-49b1-4e88-9232-c9bc4a12ed68",
            "c78daa58-7626-4544-90ca-e5ff344c7176",
            "6c26eb37-1ad2-4d8e-bb23-613f361a9110"
          ]
        }
      ],
      "Page": 1
    },
    {
      "BlockType": "LINE",
      "Confidence": 92.955078125,
      "Text": "7",
      "Geometry": {
        "BoundingBox": {
          "Width": 0.02301091141998768,
          "Height": 0.019067857414484024,
          "Left": 0.00529448501765728,
          "Top": 0.3821200430393219
        },
        "Polygon": [
          {
            "X": 0.00529448501765728,
            "Y": 0.3824463188648224
          },
          {
            "X": 0.02824096567928791,
            "Y": 0.3821200430393219
          },
          {
            "X": 0.02830539643764496,
            "Y": 0.4008648097515106
          },
          {
            "X": 0.005358243826776743,
            "Y": 0.401187926530838
          }
        ]
      },
      "Id": "cf491040-1c9c-4a19-a90d-dd37fa39d989",
      "Relationships": [
        {
          "Type": "CHILD",
          "Ids": [
            "88a670ee-30a5-45e2-924b-9e8af0ac8723"
          ]
        }
      ],
      "Page": 1
    },
    {
      "BlockType": "LINE",
      "Confidence": 99.81004333496094,
      "Text": "2025",
      "Geometry": {
        "BoundingBox": {
          "Width": 0.03881320357322693,
          "Height": 0.011982363648712635,
          "Left": 0.0713537186384201,
          "Top": 0.38500529527664185
        },
        "Polygon": [
          {
            "X": 0.0713537186384201,
            "Y": 0.3855554163455963
          },
          {
            "X": 0.11012617498636246,
            "Y": 0.38500529527664185
          },
          {
            "X": 0.11016692221164703,
            "Y": 0.3964408040046692
          },
          {
            "X": 0.07139377295970917,
            "Y": 0.3969876766204834
          }
        ]
      },
      "Id": "e9aa6950-c089-4b26-9591-10214f4b560f",
      "Relationships": [
        {
          "Type": "CHILD",
          "Ids": [
            "41516c4e-6eca-4700-9220-b1e6ba43655c"
          ]
        }
      ],
      "Page": 1
    },
    {
      "BlockType": "LINE",
      "Confidence": 99.03315734863281,
      "Text": "de negócios com IA",
      "Geometry": {
        "BoundingBox": {
          "Width": 0.20400577783584595,
          "Height": 0.02551054023206234,
          "Left": 0.22358211874961853,
          "Top": 0.3725711405277252
        },
        "Polygon": [
          {
            "X": 0.22358211874961853,
            "Y": 0.3754761815071106
          },
          {
            "X": 0.42749616503715515,
            "Y": 0.3725711405277252
          },
          {
            "X": 0.4275878965854645,
            "Y": 0.3952104449272156
          },
          {
            "X": 0.22366662323474884,
            "Y": 0.3980816900730133
          }
        ]
      },
      "Id": "9b9424a3-696f-4a77-83d7-51f0f23f070b",
      "Relationships": [
        {
          "Type": "CHILD",
          "Ids": [
            "da351494-af45-40a1-89a6-4b27dc6288ff",
            "6993e0e6-e7c9-4b60-9664-83842caa0c48",
            "fef09e1f-3809-4ee6-a81f-d64beb60f25b",
            "131963b7-6d3f-4ea5-97fb-f63a9a87b420"
          ]
        }
      ],
      "Page": 1
    },
    {
      "BlockType": "LINE",
      "Confidence": 94.38519287109375,
      "Text": "generativa",
      "Geometry": {
        "BoundingBox": {
          "Width": 0.10924385488033295,
          "Height": 0.021217120811343193,
          "Left": 0.22020870447158813,
          "Top": 0.3999522626399994
        },
        "Polygon": [
          {
            "X": 0.22020870447158813,
            "Y": 0.4014866352081299
          },
          {
            "X": 0.3293757140636444,
            "Y": 0.3999522626399994
          },
          {
            "X": 0.3294525444507599,
            "Y": 0.41965073347091675
          },
          {
            "X": 0.2202821671962738,
            "Y": 0.42116937041282654
          }
        ]
      },
      "Id": "30b5469c-51a1-488d-b090-feed34ee4e74",
      "Relationships": [
        {
          "Type": "CHILD",
          "Ids": [
            "ea065a52-3c98-4a1d-8544-97c0f51586d7"
          ]
        }
      ],
      "Page": 1
    },
    {
      "BlockType": "LINE",
      "Confidence": 99.53996276855469,
      "Text": "Luiz Yanai (ele/dele)",
      "Geometry": {
        "BoundingBox": {
          "Width": 0.09969805926084518,
          "Height": 0.01074609998613596,
          "Left": 0.21968503296375275,
          "Top": 0.42281779646873474
        },
        "Polygon": [
          {
            "X": 0.21968503296375275,
            "Y": 0.42420193552970886
          },
          {
            "X": 0.31934669613838196,
            "Y": 0.42281779646873474
          },
          {
            "X": 0.31938308477401733,
            "Y": 0.4321865737438202
          },
          {
            "X": 0.21971997618675232,
            "Y": 0.43356388807296753
          }
        ]
      },
      "Id": "38d2dbb6-b6b6-46dc-b876-ed20d94d467b",
      "Relationships": [
        {
          "Type": "CHILD",
          "Ids": [
            "a3d2824c-7cbe-41ce-8e3a-62cc24fdd9e9",
            "b91f3981-11ce-495f-8556-c035ba524615",
            "3dcea71e-3b84-417e-82d9-601d2769012a"
          ]
        }
      ],
      "Page": 1
    },
    {
      "BlockType": "LINE",
      "Confidence": 94.99584197998047,
      "Text": "Arquiteto de Soluções Especialista, Analytics",
      "Geometry": {
        "BoundingBox": {
          "Width": 0.14667218923568726,
          "Height": 0.010692470706999302,
          "Left": 0.21776200830936432,
          "Top": 0.43562257289886475
        },
        "Polygon": [
          {
            "X": 0.21776200830936432,
            "Y": 0.43764469027519226
          },
          {
            "X": 0.36439988017082214,
            "Y": 0.43562257289886475
          },
          {
            "X": 0.3644341826438904,
            "Y": 0.4443022608757019
          },
          {
            "X": 0.21779432892799377,
            "Y": 0.44631505012512207
          }
        ]
      },
      "Id": "b31eeb08-49ac-4e8b-9ebb-ae1902f749b1",
      "Relationships": [
        {
          "Type": "CHILD",
          "Ids": [
            "e52078de-34da-4b34-935b-18d978e7dc2d",
            "420ddc85-0070-411c-9814-981bd8f48a31",
            "945ec9d6-f312-4881-9c77-b187881a557e",
            "675ab9c1-ef99-46be-a597-2e4c0f38d1ed",
            "2eb65d0e-abc8-4a35-bb35-566058245d38"
          ]
        }
      ],
      "Page": 1
    },
    {
      "BlockType": "LINE",
      "Confidence": 99.72938537597656,
      "Text": "Amazon Web Services",
      "Geometry": {
        "BoundingBox": {
          "Width": 0.07211298495531082,
          "Height": 0.007286020088940859,
          "Left": 0.21617738902568817,
          "Top": 0.4487777054309845
        },
        "Polygon": [
          {
            "X": 0.21617738902568817,
            "Y": 0.4497653841972351
          },
          {
            "X": 0.28826621174812317,
            "Y": 0.4487777054309845
          },
          {
            "X": 0.2882903814315796,
            "Y": 0.4550793766975403
          },
          {
            "X": 0.21620085835456848,
            "Y": 0.45606374740600586
          }
        ]
      },
      "Id": "462210b1-2d7e-4834-83d0-ef8a2aa0a5ef",
      "Relationships": [
        {
          "Type": "CHILD",
          "Ids": [
            "aa5b50c6-308a-449f-979f-4fbe32ddf66e",
            "645f2082-8578-465a-94b8-24a949eb872d",
            "5a1e4677-1a91-4eb4-948d-012bc6a8fe06"
          ]
        }
      ],
      "Page": 1
    },
    {
      "BlockType": "WORD",
      "Confidence": 93.67318725585938,
      "Text": "Cloud",
      "TextType": "PRINTED",
      "Geometry": {
        "BoundingBox": {
          "Width": 0.023296533152461052,
          "Height": 0.007237431593239307,
          "Left": 0.3031790852546692,
          "Top": 0.28702467679977417
        },
        "Polygon": [
          {
            "X": 0.3031790852546692,
            "Y": 0.28737103939056396
          },
          {
            "X": 0.3264487683773041,
            "Y": 0.28702467679977417
          },
          {
            "X": 0.3264756202697754,
            "Y": 0.29391688108444214
          },
          {
            "X": 0.3032056987285614,
            "Y": 0.2942620813846588
          }
        ]
      },
      "Id": "16b05a73-cc19-435c-93a9-d8b21d717a0f",
      "Page": 1
    },
    {
      "BlockType": "WORD",
      "Confidence": 98.74243927001953,
      "Text": "aws",
      "TextType": "PRINTED",
      "Geometry": {
        "BoundingBox": {
          "Width": 0.0427219532430172,
          "Height": 0.014325638301670551,
          "Left": 0.23571714758872986,
          "Top": 0.2918460965156555
        },
        "Polygon": [
          {
            "X": 0.23571714758872986,
            "Y": 0.2924799919128418
          },
          {
            "X": 0.2783867418766022,
            "Y": 0.2918460965156555
          },
          {
            "X": 0.27843910455703735,
            "Y": 0.3055421710014343
          },
          {
            "X": 0.23576860129833221,
            "Y": 0.3061717450618744
          }
        ]
      },
      "Id": "ad081cdd-7c6a-4c59-b854-cb03f82a42cd",
      "Page": 1
    },
    {
      "BlockType": "WORD",
      "Confidence": 53.87921142578125,
      "Text": "/",
      "TextType": "PRINTED",
      "Geometry": {
        "BoundingBox": {
          "Width": 0.006019254215061665,
          "Height": 0.02248675562441349,
          "Left": 0.2879165709018707,
          "Top": 0.2901161313056946
        },
        "Polygon": [
          {
            "X": 0.2879165709018707,
            "Y": 0.29020434617996216
          },
          {
            "X": 0.2938496470451355,
            "Y": 0.2901161313056946
          },
          {
            "X": 0.2939358055591583,
            "Y": 0.3125156760215759
          },
          {
            "X": 0.28800252079963684,
            "Y": 0.3126029074192047
          }
        ]
      },
      "Id": "3052028a-989f-4ded-9ec8-cc665fbb9cbb",
      "Page": 1
    },
    {
      "BlockType": "WORD",
      "Confidence": 99.38937377929688,
      "Text": "Experience",
      "TextType": "PRINTED",
      "Geometry": {
        "BoundingBox": {
          "Width": 0.04319551959633827,
          "Height": 0.009053144603967667,
          "Left": 0.3022017776966095,
          "Top": 0.29445552825927734
        },
        "Polygon": [
          {
            "X": 0.3022017776966095,
            "Y": 0.2950955927371979
          },
          {
            "X": 0.3453642427921295,
            "Y": 0.29445552825927734
          },
          {
            "X": 0.34539729356765747,
            "Y": 0.3028712868690491
          },
          {
            "X": 0.3022342324256897,
            "Y": 0.3035086691379547
          }
        ]
      },
      "Id": "e961384c-dca2-404f-871d-8a70287e9051",
      "Page": 1
    },
    {
      "BlockType": "WORD",
      "Confidence": 99.87372589111328,
      "Text": "2025",
      "TextType": "PRINTED",
      "Geometry": {
        "BoundingBox": {
          "Width": 0.019894428551197052,
          "Height": 0.006877395324409008,
          "Left": 0.3011123836040497,
          "Top": 0.30396631360054016
        },
        "Polygon": [
          {
            "X": 0.3011123836040497,
            "Y": 0.30425959825515747
          },
          {
            "X": 0.3209812045097351,
            "Y": 0.30396631360054016
          },
          {
            "X": 0.3210068345069885,
            "Y": 0.31055137515068054
          },
          {
            "X": 0.3011378049850464,
            "Y": 0.31084370613098145
          }
        ]
      },
      "Id": "1b973458-1081-4154-b36c-6e0e23779927",
      "Page": 1
    },
    {
      "BlockType": "WORD",
      "Confidence": 99.46178436279297,
      "Text": "Cloud",
      "TextType": "PRINTED",
      "Geometry": {
        "BoundingBox": {
          "Width": 0.04611100256443024,
          "Height": 0.014364355243742466,
          "Left": 0.0779559537768364,
          "Top": 0.34738123416900635
        },
        "Polygon": [
          {
            "X": 0.0779559537768364,
            "Y": 0.3480474650859833
          },
          {
            "X": 0.12401783466339111,
            "Y": 0.34738123416900635
          },
          {
            "X": 0.12406695634126663,
            "Y": 0.3610840141773224
          },
          {
            "X": 0.07800409197807312,
            "Y": 0.36174559593200684
          }
        ]
      },
      "Id": "d4a1cd78-6525-414c-b883-9938fd4bf4de",
      "Page": 1
    },
    {
      "BlockType": "WORD",
      "Confidence": 98.80558776855469,
      "Text": "S",
      "TextType": "PRINTED",
      "Geometry": {
        "BoundingBox": {
          "Width": 0.02290615439414978,
          "Height": 0.025408057495951653,
          "Left": 0.005691089201718569,
          "Top": 0.35439059138298035
        },
        "Polygon": [
          {
            "X": 0.005691089201718569,
            "Y": 0.35471969842910767
          },
          {
            "X": 0.028511011973023415,
            "Y": 0.35439059138298035
          },
          {
            "X": 0.028597243130207062,
            "Y": 0.3794737458229065
          },
          {
            "X": 0.00577642722055316,
            "Y": 0.37979865074157715
          }
        ]
      },
      "Id": "78304df2-29cd-41fe-b467-e8c66d20b99c",
      "Page": 1
    },
    {
      "BlockType": "WORD",
      "Confidence": 99.65914154052734,
      "Text": "Experience",
      "TextType": "PRINTED",
      "Geometry": {
        "BoundingBox": {
          "Width": 0.08650747686624527,
          "Height": 0.01707027666270733,
          "Left": 0.07455620914697647,
          "Top": 0.36443498730659485
        },
        "Polygon": [
          {
            "X": 0.07455620914697647,
            "Y": 0.3656741976737976
          },
          {
            "X": 0.16100598871707916,
            "Y": 0.36443498730659485
          },
          {
            "X": 0.16106368601322174,
            "Y": 0.3802761435508728
          },
          {
            "X": 0.07461175322532654,
            "Y": 0.3815052807331085
          }
        ]
      },
      "Id": "73fa1bc9-54a8-4417-a5b4-a0c747bb94fc",
      "Page": 1
    },
    {
      "BlockType": "WORD",
      "Confidence": 99.46878814697266,
      "Text": "Reimagine",
      "TextType": "PRINTED",
      "Geometry": {
        "BoundingBox": {
          "Width": 0.10769838094711304,
          "Height": 0.021893812343478203,
          "Left": 0.22581930458545685,
          "Top": 0.3548782765865326
        },
        "Polygon": [
          {
            "X": 0.22581930458545685,
            "Y": 0.35642650723457336
          },
          {
            "X": 0.33343812823295593,
            "Y": 0.3548782765865326
          },
          {
            "X": 0.3335176706314087,
            "Y": 0.37523990869522095
          },
          {
            "X": 0.22589541971683502,
            "Y": 0.37677207589149475
          }
        ]
      },
      "Id": "dbccc8cc-49b1-4e88-9232-c9bc4a12ed68",
      "Page": 1
    },
    {
      "BlockType": "WORD",
      "Confidence": 99.94285583496094,
      "Text": "a",
      "TextType": "PRINTED",
      "Geometry": {
        "BoundingBox": {
          "Width": 0.012043195776641369,
          "Height": 0.012026961892843246,
          "Left": 0.3390037417411804,
          "Top": 0.3568075895309448
        },
        "Polygon": [
          {
            "X": 0.3390037417411804,
            "Y": 0.35697996616363525
          },
          {
            "X": 0.35100027918815613,
            "Y": 0.3568075895309448
          },
          {
            "X": 0.35104691982269287,
            "Y": 0.3686631917953491
          },
          {
            "X": 0.33905014395713806,
            "Y": 0.36883455514907837
          }
        ]
      },
      "Id": "c78daa58-7626-4544-90ca-e5ff344c7176",
      "Page": 1
    },
    {
      "BlockType": "WORD",
      "Confidence": 97.86965942382812,
      "Text": "inteligência",
      "TextType": "PRINTED",
      "Geometry": {
        "BoundingBox": {
          "Width": 0.12748490273952484,
          "Height": 0.02438519150018692,
          "Left": 0.3575906753540039,
          "Top": 0.3460606634616852
        },
        "Polygon": [
          {
            "X": 0.3575906753540039,
            "Y": 0.34789955615997314
          },
          {
            "X": 0.48498213291168213,
            "Y": 0.3460606634616852
          },
          {
            "X": 0.48507556319236755,
            "Y": 0.36862799525260925
          },
          {
            "X": 0.3576796054840088,
            "Y": 0.3704458475112915
          }
        ]
      },
      "Id": "6c26eb37-1ad2-4d8e-bb23-613f361a9110",
      "Page": 1
    },
    {
      "BlockType": "WORD",
      "Confidence": 92.955078125,
      "Text": "7",
      "TextType": "PRINTED",
      "Geometry": {
        "BoundingBox": {
          "Width": 0.02301091141998768,
          "Height": 0.019067857414484024,
          "Left": 0.00529448501765728,
          "Top": 0.3821200430393219
        },
        "Polygon": [
          {
            "X": 0.00529448501765728,
            "Y": 0.3824463188648224
          },
          {
            "X": 0.02824096567928791,
            "Y": 0.3821200430393219
          },
          {
            "X": 0.02830539643764496,
            "Y": 0.4008648097515106
          },
          {
            "X": 0.005358243826776743,
            "Y": 0.401187926530838
          }
        ]
      },
      "Id": "88a670ee-30a5-45e2-924b-9e8af0ac8723",
      "Page": 1
    },
    {
      "BlockType": "WORD",
      "Confidence": 99.81004333496094,
      "Text": "2025",
      "TextType": "PRINTED",
      "Geometry": {
        "BoundingBox": {
          "Width": 0.03881320357322693,
          "Height": 0.011982363648712635,
          "Left": 0.0713537186384201,
          "Top": 0.38500529527664185
        },
        "Polygon": [
          {
            "X": 0.0713537186384201,
            "Y": 0.3855554163455963
          },
          {
            "X": 0.11012617498636246,
            "Y": 0.38500529527664185
          },
          {
            "X": 0.11016692221164703,
            "Y": 0.3964408040046692
          },
          {
            "X": 0.07139377295970917,
            "Y": 0.3969876766204834
          }
        ]
      },
      "Id": "41516c4e-6eca-4700-9220-b1e6ba43655c",
      "Page": 1
    },
    {
      "BlockType": "WORD",
      "Confidence": 99.85745239257812,
      "Text": "de",
      "TextType": "PRINTED",
      "Geometry": {
        "BoundingBox": {
          "Width": 0.024429595097899437,
          "Height": 0.015215125866234303,
          "Left": 0.2236023247241974,
          "Top": 0.38053664565086365
        },
        "Polygon": [
          {
            "X": 0.2236023247241974,
            "Y": 0.3808829188346863
          },
          {
            "X": 0.24797578155994415,
            "Y": 0.38053664565086365
          },
          {
            "X": 0.24803192913532257,
            "Y": 0.39540818333625793
          },
          {
            "X": 0.22365790605545044,
            "Y": 0.3957517743110657
          }
        ]
      },
      "Id": "da351494-af45-40a1-89a6-4b27dc6288ff",
      "Page": 1
    },
    {
      "BlockType": "WORD",
      "Confidence": 97.0086669921875,
      "Text": "negócios",
      "TextType": "PRINTED",
      "Geometry": {
        "BoundingBox": {
          "Width": 0.0918196514248848,
          "Height": 0.021462133154273033,
          "Left": 0.2536737322807312,
          "Top": 0.3761959671974182
        },
        "Polygon": [
          {
            "X": 0.2536737322807312,
            "Y": 0.37750130891799927
          },
          {
            "X": 0.3454141914844513,
            "Y": 0.3761959671974182
          },
          {
            "X": 0.3454933762550354,
            "Y": 0.3963663578033447
          },
          {
            "X": 0.2537499964237213,
            "Y": 0.397658109664917
          }
        ]
      },
      "Id": "6993e0e6-e7c9-4b60-9664-83842caa0c48",
      "Page": 1
    },
    {
      "BlockType": "WORD",
      "Confidence": 99.4859848022461,
      "Text": "com",
      "TextType": "PRINTED",
      "Geometry": {
        "BoundingBox": {
          "Width": 0.046091388911008835,
          "Height": 0.01438157819211483,
          "Left": 0.3515828251838684,
          "Top": 0.37638425827026367
        },
        "Polygon": [
          {
            "X": 0.3515828251838684,
            "Y": 0.37703898549079895
          },
          {
            "X": 0.39761921763420105,
            "Y": 0.37638425827026367
          },
          {
            "X": 0.39767420291900635,
            "Y": 0.39011576771736145
          },
          {
            "X": 0.3516368269920349,
            "Y": 0.39076584577560425
          }
        ]
      },
      "Id": "fef09e1f-3809-4ee6-a81f-d64beb60f25b",
      "Page": 1
    },
    {
      "BlockType": "WORD",
      "Confidence": 99.78054809570312,
      "Text": "IA",
      "TextType": "PRINTED",
      "Geometry": {
        "BoundingBox": {
          "Width": 0.022681476548314095,
          "Height": 0.01563125103712082,
          "Left": 0.4048767387866974,
          "Top": 0.3725711405277252
        },
        "Polygon": [
          {
            "X": 0.4048767387866974,
            "Y": 0.37289339303970337
          },
          {
            "X": 0.42749616503715515,
            "Y": 0.3725711405277252
          },
          {
            "X": 0.42755821347236633,
            "Y": 0.38788267970085144
          },
          {
            "X": 0.4049382209777832,
            "Y": 0.38820239901542664
          }
        ]
      },
      "Id": "131963b7-6d3f-4ea5-97fb-f63a9a87b420",
      "Page": 1
    },
    {
      "BlockType": "WORD",
      "Confidence": 94.38519287109375,
      "Text": "generativa",
      "TextType": "PRINTED",
      "Geometry": {
        "BoundingBox": {
          "Width": 0.10924385488033295,
          "Height": 0.021217120811343193,
          "Left": 0.22020870447158813,
          "Top": 0.3999522626399994
        },
        "Polygon": [
          {
            "X": 0.22020870447158813,
            "Y": 0.4014866352081299
          },
          {
            "X": 0.3293757140636444,
            "Y": 0.3999522626399994
          },
          {
            "X": 0.3294525444507599,
            "Y": 0.41965073347091675
          },
          {
            "X": 0.2202821671962738,
            "Y": 0.42116937041282654
          }
        ]
      },
      "Id": "ea065a52-3c98-4a1d-8544-97c0f51586d7",
      "Page": 1
    },
    {
      "BlockType": "WORD",
      "Confidence": 99.58076477050781,
      "Text": "Luiz",
      "TextType": "PRINTED",
      "Geometry": {
        "BoundingBox": {
          "Width": 0.019888142123818398,
          "Height": 0.0075997719541192055,
          "Left": 0.2196923941373825,
          "Top": 0.42589837312698364
        },
        "Polygon": [
          {
            "X": 0.2196923941373825,
            "Y": 0.4261738955974579
          },
          {
            "X": 0.23955297470092773,
            "Y": 0.42589837312698364
          },
          {
            "X": 0.23958054184913635,
            "Y": 0.4332236647605896
          },
          {
            "X": 0.21971973776817322,
            "Y": 0.4334981441497803
          }
        ]
      },
      "Id": "a3d2824c-7cbe-41ce-8e3a-62cc24fdd9e9",
      "Page": 1
    },
    {
      "BlockType": "WORD",
      "Confidence": 99.80094909667969,
      "Text": "Yanai",
      "TextType": "PRINTED",
      "Geometry": {
        "BoundingBox": {
          "Width": 0.027007590979337692,
          "Height": 0.007996177300810814,
          "Left": 0.24210794270038605,
          "Top": 0.4247790575027466
        },
        "Polygon": [
          {
            "X": 0.24210794270038605,
            "Y": 0.4251534938812256
          },
          {
            "X": 0.2690865099430084,
            "Y": 0.4247790575027466
          },
          {
            "X": 0.26911553740501404,
            "Y": 0.43240228295326233
          },
          {
            "X": 0.2421366423368454,
            "Y": 0.43277522921562195
          }
        ]
      },
      "Id": "b91f3981-11ce-495f-8556-c035ba524615",
      "Page": 1
    },
    {
      "BlockType": "WORD",
      "Confidence": 99.2381591796875,
      "Text": "(ele/dele)",
      "TextType": "PRINTED",
      "Geometry": {
        "BoundingBox": {
          "Width": 0.04727436229586601,
          "Height": 0.010021612979471684,
          "Left": 0.2721087336540222,
          "Top": 0.42281779646873474
        },
        "Polygon": [
          {
            "X": 0.2721087336540222,
            "Y": 0.42347386479377747
          },
          {
            "X": 0.31934669613838196,
            "Y": 0.42281779646873474
          },
          {
            "X": 0.31938308477401733,
            "Y": 0.4321865737438202
          },
          {
            "X": 0.2721444368362427,
            "Y": 0.43283939361572266
          }
        ]
      },
      "Id": "3dcea71e-3b84-417e-82d9-601d2769012a",
      "Page": 1
    },
    {
      "BlockType": "WORD",
      "Confidence": 96.02620697021484,
      "Text": "Arquiteto",
      "TextType": "PRINTED",
      "Geometry": {
        "BoundingBox": {
          "Width": 0.030843425542116165,
          "Height": 0.007148952689021826,
          "Left": 0.21776926517486572,
          "Top": 0.4391660988330841
        },
        "Polygon": [
          {
            "X": 0.21776926517486572,
            "Y": 0.4395906329154968
          },
          {
            "X": 0.24858728051185608,
            "Y": 0.4391660988330841
          },
          {
            "X": 0.2486126869916916,
            "Y": 0.4458920359611511
          },
          {
            "X": 0.21779432892799377,
            "Y": 0.44631505012512207
          }
        ]
      },
      "Id": "e52078de-34da-4b34-935b-18d978e7dc2d",
      "Page": 1
    },
    {
      "BlockType": "WORD",
      "Confidence": 96.99905395507812,
      "Text": "de",
      "TextType": "PRINTED",
      "Geometry": {
        "BoundingBox": {
          "Width": 0.007909204810857773,
          "Height": 0.006103457883000374,
          "Left": 0.25052908062934875,
          "Top": 0.438563734292984
        },
        "Polygon": [
          {
            "X": 0.25052908062934875,
            "Y": 0.43867239356040955
          },
          {
            "X": 0.258415549993515,
            "Y": 0.438563734292984
          },
          {
            "X": 0.2584382891654968,
            "Y": 0.44455885887145996
          },
          {
            "X": 0.2505517303943634,
            "Y": 0.44466719031333923
          }
        ]
      },
      "Id": "420ddc85-0070-411c-9814-981bd8f48a31",
      "Page": 1
    },
    {
      "BlockType": "WORD",
      "Confidence": 92.68830871582031,
      "Text": "Soluções",
      "TextType": "PRINTED",
      "Geometry": {
        "BoundingBox": {
          "Width": 0.028023140504956245,
          "Height": 0.007442427799105644,
          "Left": 0.26052165031433105,
          "Top": 0.4378373622894287
        },
        "Polygon": [
          {
            "X": 0.26052165031433105,
            "Y": 0.4382231831550598
          },
          {
            "X": 0.28851771354675293,
            "Y": 0.4378373622894287
          },
          {
            "X": 0.28854480385780334,
            "Y": 0.4448954164981842
          },
          {
            "X": 0.2605484426021576,
            "Y": 0.4452797770500183
          }
        ]
      },
      "Id": "945ec9d6-f312-4881-9c77-b187881a557e",
      "Page": 1
    },
    {
      "BlockType": "WORD",
      "Confidence": 89.31871795654297,
      "Text": "Especialista,",
      "TextType": "PRINTED",
      "Geometry": {
        "BoundingBox": {
          "Width": 0.039901003241539,
          "Height": 0.007824682630598545,
          "Left": 0.29103654623031616,
          "Top": 0.43658584356307983
        },
        "Polygon": [
          {
            "X": 0.29103654623031616,
            "Y": 0.4371355175971985
          },
          {
            "X": 0.3309091627597809,
            "Y": 0.43658584356307983
          },
          {
            "X": 0.33093756437301636,
            "Y": 0.4438629448413849
          },
          {
            "X": 0.2910645008087158,
            "Y": 0.444410502910614
          }
        ]
      },
      "Id": "675ab9c1-ef99-46be-a597-2e4c0f38d1ed",
      "Page": 1
    },
    {
      "BlockType": "WORD",
      "Confidence": 99.94691467285156,
      "Text": "Analytics",
      "TextType": "PRINTED",
      "Geometry": {
        "BoundingBox": {
          "Width": 0.03161756321787834,
          "Height": 0.007283925078809261,
          "Left": 0.3328093886375427,
          "Top": 0.43562257289886475
        },
        "Polygon": [
          {
            "X": 0.3328093886375427,
            "Y": 0.4360581934452057
          },
          {
            "X": 0.36439988017082214,
            "Y": 0.43562257289886475
          },
          {
            "X": 0.36442697048187256,
            "Y": 0.4424724578857422
          },
          {
            "X": 0.3328361511230469,
            "Y": 0.4429064989089966
          }
        ]
      },
      "Id": "2eb65d0e-abc8-4a35-bb35-566058245d38",
      "Page": 1
    },
    {
      "BlockType": "WORD",
      "Confidence": 99.8885498046875,
      "Text": "Amazon",
      "TextType": "PRINTED",
      "Geometry": {
        "BoundingBox": {
          "Width": 0.026696445420384407,
          "Height": 0.0059672449715435505,
          "Left": 0.2161799967288971,
          "Top": 0.4500964879989624
        },
        "Polygon": [
          {
            "X": 0.2161799967288971,
            "Y": 0.45046183466911316
          },
          {
            "X": 0.24285532534122467,
            "Y": 0.4500964879989624
          },
          {
            "X": 0.24287644028663635,
            "Y": 0.45569950342178345
          },
          {
            "X": 0.21620085835456848,
            "Y": 0.45606374740600586
          }
        ]
      },
      "Id": "aa5b50c6-308a-449f-979f-4fbe32ddf66e",
      "Page": 1
    },
    {
      "BlockType": "WORD",
      "Confidence": 99.8469467163086,
      "Text": "Web",
      "TextType": "PRINTED",
      "Geometry": {
        "BoundingBox": {
          "Width": 0.01509940717369318,
          "Height": 0.005974402651190758,
          "Left": 0.2442767471075058,
          "Top": 0.4494689106941223
        },
        "Polygon": [
          {
            "X": 0.2442767471075058,
            "Y": 0.44967544078826904
          },
          {
            "X": 0.25935426354408264,
            "Y": 0.4494689106941223
          },
          {
            "X": 0.2593761682510376,
            "Y": 0.45523738861083984
          },
          {
            "X": 0.24429848790168762,
            "Y": 0.45544329285621643
          }
        ]
      },
      "Id": "645f2082-8578-465a-94b8-24a949eb872d",
      "Page": 1
    },
    {
      "BlockType": "WORD",
      "Confidence": 99.45267486572266,
      "Text": "Services",
      "TextType": "PRINTED",
      "Geometry": {
        "BoundingBox": {
          "Width": 0.027279673144221306,
          "Height": 0.006016236264258623,
          "Left": 0.2610081732273102,
          "Top": 0.4487777054309845
        },
        "Polygon": [
          {
            "X": 0.2610081732273102,
            "Y": 0.4491511881351471
          },
          {
            "X": 0.28826621174812317,
            "Y": 0.4487777054309845
          },
          {
            "X": 0.28828784823417664,
            "Y": 0.45442160964012146
          },
          {
            "X": 0.26102960109710693,
            "Y": 0.4547939598560333
          }
        ]
      },
      "Id": "5a1e4677-1a91-4eb4-948d-012bc6a8fe06",
      "Page": 1
    }
  ],
  "DetectDocumentTextModelVersion": "1.0"
}