{
  "DocumentMetadata": {
    "Pages": 1
  },
  "JobStatus": "SUCCEEDED",
  "Blocks": [
    {
      "BlockType": "PAGE",
      "Geometry": {
        "BoundingBox": {
          "Width": 1,
          "Height": 0.8698087930679321,
          "Left": 0,
          "Top": 0
        },
        "Polygon": [
          {
            "X": 0,
            "Y": 0.0001113530233851634
          },
          {
            "X": 1,
            "Y": 0
          },
          {
            "X": 1,
            "Y": 0.8698087930679321
          },
          {
            "X": 0,
            "Y": 0.8668031692504883
          }
        ]
      },
      "Id": "4d2eca61-c956-4474-8795-e9baab384ff0",
      "Relationships": [
        {
          "Type": "CHILD",
          "Ids": [
            "14049047-0f35-49b6-be41-6239d997d1be",
            "77e91555-ba3f-4815-b3e5-e783454ae714",
            "80f7962e-502d-4283-ad63-ab1d9ea5eee0",
            "24bd8b56-69fb-4df9-81bb-2d225fa6e1c9",
            "3311d886-1bb3-498d-8dc3-9aa903cadd68",
            "0b4b637a-6516-421e-b76b-905ee5bf4e87",
            "1ada907d-f8e0-4180-ad84-3071a4091732",
            "c8506eb3-27e9-4166-9aa4-535ecea4b4d8",
            "58bda376-c37d-4336-9b9f-0d5f2ad3e8ee",
            "de5cf0de-4894-458d-a4dd-9eb2b51c82cc",
            "75893238-dd8b-4c02-a6da-7232f73f19a7",
            "718d830c-c07a-4d8e-afc5-ca5bdffd1fae",
            "4e641ae2-6af4-4861-836a-6ac47a3a9e0a",
            "6e9f5de4-d16e-413f-8550-ad8a4f49bcf5"
          ]
        }
      ],
      "Page": 1
    },
    {
      "BlockType": "LINE",
      "Confidence": 99.94803619384766,
      "Text": "UP",
      "Geometry": {
        "BoundingBox": {
          "Width": 0.01923234574496746,
          "Height": 0.01029839925467968,
          "Left": 0.460077166557312,
          "Top": 0.1919604241847992
        },
        "Polygon": [
          {
            "X": 0.460077166557312,
            "Y": 0.19219976663589478
          },
          {
            "X": 0.47928839921951294,
            "Y": 0.1919604241847992
          },
          {
            "X": 0.4793094992637634,
            "Y": 0.2020239233970642
          },
          {
            "X": 0.46010005474090576,
            "Y": 0.20225882530212402
          }
        ]
      },
      "Id": "14049047-0f35-49b6-be41-6239d997d1be",
      "Relationships": [
        {
          "Type": "CHILD",
          "Ids": [
            "d78a66c2-240f-4169-a5dd-eecc73f8fe41"
          ]
        }
      ],
      "Page": 1
    },
    {
      "BlockType": "LINE",
      "Confidence": 96.53997039794922,
      "Text": "Cloud",
      "Geometry": {
        "BoundingBox": {
          "Width": 0.024768531322479248,
          "Height": 0.00845964252948761,
          "Left": 0.26402682065963745,
          "Top": 0.21032719314098358
        },
        "Polygon": [
          {
            "X": 0.26402682065963745,
            "Y": 0.21062630414962769
          },
          {
            "X": 0.28876394033432007,
            "Y": 0.21032719314098358
          },
          {
            "X": 0.2887953519821167,
            "Y": 0.21849240362644196
          },
          {
            "X": 0.26406005024909973,
            "Y": 0.2187868356704712
          }
        ]
      },
      "Id": "77e91555-ba3f-4815-b3e5-e783454ae714",
      "Relationships": [
        {
          "Type": "CHILD",
          "Ids": [
            "d1b1aba4-b6e4-4a11-bc65-1e0f7cc3031b"
          ]
        }
      ],
      "Page": 1
    },
    {
      "BlockType": "LINE",
      "Confidence": 70.65409088134766,
      "Text": "LET' sun LEVEL LEVEL ur",
      "Geometry": {
        "BoundingBox": {
          "Width": 0.12079305201768875,
          "Height": 0.030410191044211388,
          "Left": 0.3568761348724365,
          "Top": 0.1942574381828308
        },
        "Polygon": [
          {
            "X": 0.3568761348724365,
            "Y": 0.195755273103714
          },
          {
            "X": 0.4776079058647156,
            "Y": 0.1942574381828308
          },
          {
            "X": 0.4776691794395447,
            "Y": 0.22325019538402557
          },
          {
            "X": 0.3569692373275757,
            "Y": 0.22466763854026794
          }
        ]
      },
      "Id": "80f7962e-502d-4283-ad63-ab1d9ea5eee0",
      "Relationships": [
        {
          "Type": "CHILD",
          "Ids": [
            "4aba2adb-726c-4b79-9a08-f4f0d7155068",
            "eaf9e192-98ba-459c-90ee-bb39ae97a982",
            "012512ef-515b-4d76-a2a3-95283a1723c2",
            "d79dd5e3-b9c1-45ef-894f-7c830a54f81a",
            "71d95ab1-6470-48ea-b3f0-da5c29eb2c28"
          ]
        }
      ],
      "Page": 1
    },
    {
      "BlockType": "LINE",
      "Confidence": 96.6915054321289,
      "Text": "aws",
      "Geometry": {
        "BoundingBox": {
          "Width": 0.04533829540014267,
          "Height": 0.017201591283082962,
          "Left": 0.19336873292922974,
          "Top": 0.21668627858161926
        },
        "Polygon": [
          {
            "X": 0.19336873292922974,
            "Y": 0.21722762286663055
          },
          {
            "X": 0.23863522708415985,
            "Y": 0.21668627858161926
          },
          {
            "X": 0.2387070208787918,
            "Y": 0.23336397111415863
          },
          {
            "X": 0.19344735145568848,
            "Y": 0.23388786613941193
          }
        ]
      },
      "Id": "24bd8b56-69fb-4df9-81bb-2d225fa6e1c9",
      "Relationships": [
        {
          "Type": "CHILD",
          "Ids": [
            "81143113-ac4c-4929-bd6e-0cd66d5abaeb"
          ]
        }
      ],
      "Page": 1
    },
    {
      "BlockType": "LINE",
      "Confidence": 99.6373291015625,
      "Text": "Experience",
      "Geometry": {
        "BoundingBox": {
          "Width": 0.0462314635515213,
          "Height": 0.010935848578810692,
          "Left": 0.2629903554916382,
          "Top": 0.21773499250411987
        },
        "Polygon": [
          {
            "X": 0.2629903554916382,
            "Y": 0.21828541159629822
          },
          {
            "X": 0.309183806180954,
            "Y": 0.21773499250411987
          },
          {
            "X": 0.3092218339443207,
            "Y": 0.2281314879655838
          },
          {
            "X": 0.2630327641963959,
            "Y": 0.22867083549499512
          }
        ]
      },
      "Id": "3311d886-1bb3-498d-8dc3-9aa903cadd68",
      "Relationships": [
        {
          "Type": "CHILD",
          "Ids": [
            "e0585ae8-7a64-4c14-bf7b-9e4e330d5ea5"
          ]
        }
      ],
      "Page": 1
    },
    {
      "BlockType": "LINE",
      "Confidence": 99.58319854736328,
      "Text": "2025",
      "Geometry": {
        "BoundingBox": {
          "Width": 0.021241260692477226,
          "Height": 0.007796227931976318,
          "Left": 0.2622375190258026,
          "Top": 0.22892192006111145
        },
        "Polygon": [
          {
            "X": 0.2622375190258026,
            "Y": 0.22916936874389648
          },
          {
            "X": 0.2834493815898895,
            "Y": 0.22892192006111145
          },
          {
            "X": 0.2834787666797638,
            "Y": 0.2364743947982788
          },
          {
            "X": 0.26226839423179626,
            "Y": 0.23671814799308777
          }
        ]
      },
      "Id": "0b4b637a-6516-421e-b76b-905ee5bf4e87",
      "Relationships": [
        {
          "Type": "CHILD",
          "Ids": [
            "c6fcc2a9-1590-4e61-83a8-87d452da50c2"
          ]
        }
      ],
      "Page": 1
    },
    {
      "BlockType": "LINE",
      "Confidence": 99.29579162597656,
      "Text": "Cloud",
      "Geometry": {
        "BoundingBox": {
          "Width": 0.046900659799575806,
          "Height": 0.016469186171889305,
          "Left": 0.03366585448384285,
          "Top": 0.2823891341686249
        },
        "Polygon": [
          {
            "X": 0.03366585448384285,
            "Y": 0.2828800082206726
          },
          {
            "X": 0.08047442138195038,
            "Y": 0.2823891341686249
          },
          {
            "X": 0.08056651800870895,
            "Y": 0.29838475584983826
          },
          {
            "X": 0.033764708787202835,
            "Y": 0.29885831475257874
          }
        ]
      },
      "Id": "1ada907d-f8e0-4180-ad84-3071a4091732",
      "Relationships": [
        {
          "Type": "CHILD",
          "Ids": [
            "3b24ba88-3df8-4f22-97dd-fca62fe12bc5"
          ]
        }
      ],
      "Page": 1
    },
    {
      "BlockType": "LINE",
      "Confidence": 98.9777603149414,
      "Text": "Escalando IA Generativa",
      "Geometry": {
        "BoundingBox": {
          "Width": 0.2701020836830139,
          "Height": 0.03733302280306816,
          "Left": 0.18604759871959686,
          "Top": 0.271884560585022
        },
        "Polygon": [
          {
            "X": 0.18604759871959686,
            "Y": 0.2747568190097809
          },
          {
            "X": 0.4560694694519043,
            "Y": 0.271884560585022
          },
          {
            "X": 0.4561496675014496,
            "Y": 0.3065602779388428
          },
          {
            "X": 0.18621262907981873,
            "Y": 0.30921757221221924
          }
        ]
      },
      "Id": "c8506eb3-27e9-4166-9aa4-535ecea4b4d8",
      "Relationships": [
        {
          "Type": "CHILD",
          "Ids": [
            "f0789b34-0d0c-4584-809c-19c5318005ca",
            "d1d14403-46d2-4ad4-849c-839d87d650a7",
            "4137f163-36f5-444c-bf75-27e352922caf"
          ]
        }
      ],
      "Page": 1
    },
    {
      "BlockType": "LINE",
      "Confidence": 99.41803741455078,
      "Text": "Experience",
      "Geometry": {
        "BoundingBox": {
          "Width": 0.0896821841597557,
          "Height": 0.020668240264058113,
          "Left": 0.030704880133271217,
          "Top": 0.299446165561676
        },
        "Polygon": [
          {
            "X": 0.030704880133271217,
            "Y": 0.30034947395324707
          },
          {
            "X": 0.12028024345636368,
            "Y": 0.299446165561676
          },
          {
            "X": 0.12038706243038177,
            "Y": 0.3192521631717682
          },
          {
            "X": 0.03082771599292755,
            "Y": 0.320114403963089
          }
        ]
      },
      "Id": "58bda376-c37d-4336-9b9f-0d5f2ad3e8ee",
      "Relationships": [
        {
          "Type": "CHILD",
          "Ids": [
            "c949b122-cc32-4e76-8827-ba83869fbc16"
          ]
        }
      ],
      "Page": 1
    },
    {
      "BlockType": "LINE",
      "Confidence": 99.86077880859375,
      "Text": "2025",
      "Geometry": {
        "BoundingBox": {
          "Width": 0.04038204625248909,
          "Height": 0.014138324186205864,
          "Left": 0.028777288272976875,
          "Top": 0.32303541898727417
        },
        "Polygon": [
          {
            "X": 0.028777288272976875,
            "Y": 0.32342037558555603
          },
          {
            "X": 0.06907860934734344,
            "Y": 0.32303541898727417
          },
          {
            "X": 0.06915933638811111,
            "Y": 0.3368016481399536
          },
          {
            "X": 0.028863023966550827,
            "Y": 0.337173730134964
          }
        ]
      },
      "Id": "de5cf0de-4894-458d-a4dd-9eb2b51c82cc",
      "Relationships": [
        {
          "Type": "CHILD",
          "Ids": [
            "61de2405-f732-4c3c-892a-3bf0936784a2"
          ]
        }
      ],
      "Page": 1
    },
    {
      "BlockType": "LINE",
      "Confidence": 99.67581176757812,
      "Text": "com Bedrock Multi-Agents",
      "Geometry": {
        "BoundingBox": {
          "Width": 0.30375757813453674,
          "Height": 0.03849824517965317,
          "Left": 0.18358908593654633,
          "Top": 0.2941252291202545
        },
        "Polygon": [
          {
            "X": 0.18358908593654633,
            "Y": 0.29719892144203186
          },
          {
            "X": 0.4872743487358093,
            "Y": 0.2941252291202545
          },
          {
            "X": 0.4873466491699219,
            "Y": 0.32979828119277954
          },
          {
            "X": 0.18375957012176514,
            "Y": 0.3326234817504883
          }
        ]
      },
      "Id": "75893238-dd8b-4c02-a6da-7232f73f19a7",
      "Relationships": [
        {
          "Type": "CHILD",
          "Ids": [
            "0e85a8e3-e28d-44ca-8bed-8c5305b69404",
            "c4fb5bbe-2ea7-4b1c-8f72-27e39346bf9f",
            "60fa52d2-8dea-4ea0-a9b0-916229a66bed"
          ]
        }
      ],
      "Page": 1
    },
    {
      "BlockType": "LINE",
      "Confidence": 99.59487915039062,
      "Text": "Renan Lima (ele/dele)",
      "Geometry": {
        "BoundingBox": {
          "Width": 0.11139249056577682,
          "Height": 0.01343658845871687,
          "Left": 0.18236863613128662,
          "Top": 0.35897353291511536
        },
        "Polygon": [
          {
            "X": 0.18236863613128662,
            "Y": 0.3599397540092468
          },
          {
            "X": 0.2937135696411133,
            "Y": 0.35897353291511536
          },
          {
            "X": 0.29376113414764404,
            "Y": 0.3714759647846222
          },
          {
            "X": 0.18242883682250977,
            "Y": 0.3724101185798645
          }
        ]
      },
      "Id": "718d830c-c07a-4d8e-afc5-ca5bdffd1fae",
      "Relationships": [
        {
          "Type": "CHILD",
          "Ids": [
            "d321c05f-e67d-4109-b282-cb55fa6b1cb9",
            "8e5a6f94-f567-4fd7-bbc0-0f86f2c1feaf",
            "260a3841-f5be-4504-9197-a2c436804027"
          ]
        }
      ],
      "Page": 1
    },
    {
      "BlockType": "LINE",
      "Confidence": 97.79912567138672,
      "Text": "Arquiteto de aprendizado profundo, Centro de Inovação de IA Generativa",
      "Geometry": {
        "BoundingBox": {
          "Width": 0.2602531909942627,
          "Height": 0.018423305824398994,
          "Left": 0.18066683411598206,
          "Top": 0.36802613735198975
        },
        "Polygon": [
          {
            "X": 0.18066683411598206,
            "Y": 0.37022268772125244
          },
          {
            "X": 0.4408799409866333,
            "Y": 0.36802613735198975
          },
          {
            "X": 0.44092002511024475,
            "Y": 0.38435035943984985
          },
          {
            "X": 0.18074540793895721,
            "Y": 0.3864494264125824
          }
        ]
      },
      "Id": "4e641ae2-6af4-4861-836a-6ac47a3a9e0a",
      "Relationships": [
        {
          "Type": "CHILD",
          "Ids": [
            "e2eb4413-8cfe-482c-a61c-971e471fe083",
            "1ca3819f-b07d-452a-9a10-305333fa6c80",
            "da872516-63c8-4f17-b85e-d9d0ba4a11f7",
            "ea820534-045a-4032-b857-f15dc7c83c51",
            "9b10ed59-4d5b-4586-9bcc-6a918a9fbde9",
            "89635e4b-7a90-4e8f-9540-7b83ccde6d2d",
            "cbb442f1-045f-4559-9b13-43b42365f5b0",
            "3b28a30d-d6c7-4f9a-a63b-a1b16e2469e8",
            "47b59e1c-b445-4533-ade9-b44ae449d358",
            "a164a5cf-6290-4443-b1a5-c2f98d549b43"
          ]
        }
      ],
      "Page": 1
    },
    {
      "BlockType": "LINE",
      "Confidence": 99.39742279052734,
      "Text": "Amazon Web Services",
      "Geometry": {
        "BoundingBox": {
          "Width": 0.07430284470319748,
          "Height": 0.008173974230885506,
          "Left": 0.17970509827136993,
          "Top": 0.38842907547950745
        },
        "Polygon": [
          {
            "X": 0.17970509827136993,
            "Y": 0.38902390003204346
          },
          {
            "X": 0.2539762854576111,
            "Y": 0.38842907547950745
          },
          {
            "X": 0.2540079355239868,
            "Y": 0.3960212171077728
          },
          {
            "X": 0.17974187433719635,
            "Y": 0.3966030478477478
          }
        ]
      },
      "Id": "6e9f5de4-d16e-413f-8550-ad8a4f49bcf5",
      "Relationships": [
        {
          "Type": "CHILD",
          "Ids": [
            "bd6d31be-5c33-4ce2-8117-d24c68bd5521",
            "5fe69b53-fbd6-4f20-ae3d-70919f6e555a",
            "0d22c3b5-d5af-44d4-9556-985634b08f44"
          ]
        }
      ],
      "Page": 1
    },
    {
      "BlockType": "WORD",
      "Confidence": 99.94803619384766,
      "Text": "UP",
      "TextType": "PRINTED",
      "Geometry": {
        "BoundingBox": {
          "Width": 0.01923234574496746,
          "Height": 0.01029839925467968,
          "Left": 0.460077166557312,
          "Top": 0.1919604241847992
        },
        "Polygon": [
          {
            "X": 0.460077166557312,
            "Y": 0.19219976663589478
          },
          {
            "X": 0.47928839921951294,
            "Y": 0.1919604241847992
          },
          {
            "X": 0.4793094992637634,
            "Y": 0.2020239233970642
          },
          {
            "X": 0.46010005474090576,
            "Y": 0.20225882530212402
          }
        ]
      },
      "Id": "d78a66c2-240f-4169-a5dd-eecc73f8fe41",
      "Page": 1
    },
    {
      "BlockType": "WORD",
      "Confidence": 96.53997039794922,
      "Text": "Cloud",
      "TextType": "PRINTED",
      "Geometry": {
        "BoundingBox": {
          "Width": 0.024768531322479248,
          "Height": 0.00845964252948761,
          "Left": 0.26402682065963745,
          "Top": 0.21032719314098358
        },
        "Polygon": [
          {
            "X": 0.26402682065963745,
            "Y": 0.21062630414962769
          },
          {
            "X": 0.28876394033432007,
            "Y": 0.21032719314098358
          },
          {
            "X": 0.2887953519821167,
            "Y": 0.21849240362644196
          },
          {
            "X": 0.26406005024909973,
            "Y": 0.2187868356704712
          }
        ]
      },
      "Id": "d1b1aba4-b6e4-4a11-bc65-1e0f7cc3031b",
      "Page": 1
    },
    {
      "BlockType": "WORD",
      "Confidence": 68.90657043457031,
      "Text": "LET'",
      "TextType": "PRINTED",
      "Geometry": {
        "BoundingBox": {
          "Width": 0.033222746104002,
          "Height": 0.02336849644780159,
          "Left": 0.3568952977657318,
          "Top": 0.20129914581775665
        },
        "Polygon": [
          {
            "X": 0.3568952977657318,
            "Y": 0.2017059624195099
          },
          {
            "X": 0.3900510370731354,
            "Y": 0.20129914581775665
          },
          {
            "X": 0.3901180326938629,
            "Y": 0.22427834570407867
          },
          {
            "X": 0.3569692373275757,
            "Y": 0.22466763854026794
          }
        ]
      },
      "Id": "4aba2adb-726c-4b79-9a08-f4f0d7155068",
      "Page": 1
    },
    {
      "BlockType": "WORD",
      "Confidence": 29.362476348876953,
      "Text": "sun",
      "TextType": "PRINTED",
      "Geometry": {
        "BoundingBox": {
          "Width": 0.009753216989338398,
          "Height": 0.020095430314540863,
          "Left": 0.3907017707824707,
          "Top": 0.20000027120113373
        },
        "Polygon": [
          {
            "X": 0.3907017707824707,
            "Y": 0.2001195102930069
          },
          {
            "X": 0.4003986120223999,
            "Y": 0.20000027120113373
          },
          {
            "X": 0.40045496821403503,
            "Y": 0.21998091042041779
          },
          {
            "X": 0.3907598853111267,
            "Y": 0.220095694065094
          }
        ]
      },
      "Id": "eaf9e192-98ba-459c-90ee-bb39ae97a982",
      "Page": 1
    },
    {
      "BlockType": "WORD",
      "Confidence": 94.2999038696289,
      "Text": "LEVEL",
      "TextType": "PRINTED",
      "Geometry": {
        "BoundingBox": {
          "Width": 0.04391861706972122,
          "Height": 0.015271191485226154,
          "Left": 0.40757524967193604,
          "Top": 0.203403502702713
        },
        "Polygon": [
          {
            "X": 0.40757524967193604,
            "Y": 0.20393908023834229
          },
          {
            "X": 0.451459139585495,
            "Y": 0.203403502702713
          },
          {
            "X": 0.45149385929107666,
            "Y": 0.21815398335456848
          },
          {
            "X": 0.4076158404350281,
            "Y": 0.2186746895313263
          }
        ]
      },
      "Id": "012512ef-515b-4d76-a2a3-95283a1723c2",
      "Page": 1
    },
    {
      "BlockType": "WORD",
      "Confidence": 99.08372497558594,
      "Text": "LEVEL",
      "TextType": "PRINTED",
      "Geometry": {
        "BoundingBox": {
          "Width": 0.04338200390338898,
          "Height": 0.013473063707351685,
          "Left": 0.4084778130054474,
          "Top": 0.19457726180553436
        },
        "Polygon": [
          {
            "X": 0.4084778130054474,
            "Y": 0.1951150894165039
          },
          {
            "X": 0.45182937383651733,
            "Y": 0.19457726180553436
          },
          {
            "X": 0.45185980200767517,
            "Y": 0.20752538740634918
          },
          {
            "X": 0.4085133373737335,
            "Y": 0.20805032551288605
          }
        ]
      },
      "Id": "d79dd5e3-b9c1-45ef-894f-7c830a54f81a",
      "Page": 1
    },
    {
      "BlockType": "WORD",
      "Confidence": 61.6177864074707,
      "Text": "ur",
      "TextType": "PRINTED",
      "Geometry": {
        "BoundingBox": {
          "Width": 0.017324915155768394,
          "Height": 0.011377559043467045,
          "Left": 0.46032029390335083,
          "Top": 0.20073918998241425
        },
        "Polygon": [
          {
            "X": 0.46032029390335083,
            "Y": 0.20095127820968628
          },
          {
            "X": 0.47762158513069153,
            "Y": 0.20073918998241425
          },
          {
            "X": 0.47764521837234497,
            "Y": 0.21190911531448364
          },
          {
            "X": 0.46034565567970276,
            "Y": 0.2121167629957199
          }
        ]
      },
      "Id": "71d95ab1-6470-48ea-b3f0-da5c29eb2c28",
      "Page": 1
    },
    {
      "BlockType": "WORD",
      "Confidence": 96.6915054321289,
      "Text": "aws",
      "TextType": "PRINTED",
      "Geometry": {
        "BoundingBox": {
          "Width": 0.04533829540014267,
          "Height": 0.017201591283082962,
          "Left": 0.19336873292922974,
          "Top": 0.21668627858161926
        },
        "Polygon": [
          {
            "X": 0.19336873292922974,
            "Y": 0.21722762286663055
          },
          {
            "X": 0.23863522708415985,
            "Y": 0.21668627858161926
          },
          {
            "X": 0.2387070208787918,
            "Y": 0.23336397111415863
          },
          {
            "X": 0.19344735145568848,
            "Y": 0.23388786613941193
          }
        ]
      },
      "Id": "81143113-ac4c-4929-bd6e-0cd66d5abaeb",
      "Page": 1
    },
    {
      "BlockType": "WORD",
      "Confidence": 99.6373291015625,
      "Text": "Experience",
      "TextType": "PRINTED",
      "Geometry": {
        "BoundingBox": {
          "Width": 0.0462314635515213,
          "Height": 0.010935848578810692,
          "Left": 0.2629903554916382,
          "Top": 0.21773499250411987
        },
        "Polygon": [
          {
            "X": 0.2629903554916382,
            "Y": 0.21828541159629822
          },
          {
            "X": 0.309183806180954,
            "Y": 0.21773499250411987
          },
          {
            "X": 0.3092218339443207,
            "Y": 0.2281314879655838
          },
          {
            "X": 0.2630327641963959,
            "Y": 0.22867083549499512
          }
        ]
      },
      "Id": "e0585ae8-7a64-4c14-bf7b-9e4e330d5ea5",
      "Page": 1
    },
    {
      "BlockType": "WORD",
      "Confidence": 99.58319854736328,
      "Text": "2025",
      "TextType": "PRINTED",
      "Geometry": {
        "BoundingBox": {
          "Width": 0.021241260692477226,
          "Height": 0.007796227931976318,
          "Left": 0.2622375190258026,
          "Top": 0.22892192006111145
        },
        "Polygon": [
          {
            "X": 0.2622375190258026,
            "Y": 0.22916936874389648
          },
          {
            "X": 0.2834493815898895,
            "Y": 0.22892192006111145
          },
          {
            "X": 0.2834787666797638,
            "Y": 0.2364743947982788
          },
          {
            "X": 0.26226839423179626,
            "Y": 0.23671814799308777
          }
        ]
      },
      "Id": "c6fcc2a9-1590-4e61-83a8-87d452da50c2",
      "Page": 1
    },
    {
      "BlockType": "WORD",
      "Confidence": 99.29579162597656,
      "Text": "Cloud",
      "TextType": "PRINTED",
      "Geometry": {
        "BoundingBox": {
          "Width": 0.046900659799575806,
          "Height": 0.016469186171889305,
          "Left": 0.03366585448384285,
          "Top": 0.2823891341686249
        },
        "Polygon": [
          {
            "X": 0.03366585448384285,
            "Y": 0.2828800082206726
          },
          {
            "X": 0.08047442138195038,
            "Y": 0.2823891341686249
          },
          {
            "X": 0.08056651800870895,
            "Y": 0.29838475584983826
          },
          {
            "X": 0.033764708787202835,
            "Y": 0.29885831475257874
          }
        ]
      },
      "Id": "3b24ba88-3df8-4f22-97dd-fca62fe12bc5",
      "Page": 1
    },
    {
      "BlockType": "WORD",
      "Confidence": 98.86198425292969,
      "Text": "Escalando",
      "TextType": "PRINTED",
      "Geometry": {
        "BoundingBox": {
          "Width": 0.1066049113869667,
          "Height": 0.024910831823945045,
          "Left": 0.1860986351966858,
          "Top": 0.28430673480033875
        },
        "Polygon": [
          {
            "X": 0.1860986351966858,
            "Y": 0.28541362285614014
          },
          {
            "X": 0.29261258244514465,
            "Y": 0.28430673480033875
          },
          {
            "X": 0.2927035391330719,
            "Y": 0.30816927552223206
          },
          {
            "X": 0.18621262907981873,
            "Y": 0.30921757221221924
          }
        ]
      },
      "Id": "f0789b34-0d0c-4584-809c-19c5318005ca",
      "Page": 1
    },
    {
      "BlockType": "WORD",
      "Confidence": 99.7837142944336,
      "Text": "IA",
      "TextType": "PRINTED",
      "Geometry": {
        "BoundingBox": {
          "Width": 0.02202482894062996,
          "Height": 0.01666896790266037,
          "Left": 0.2998480796813965,
          "Top": 0.28281861543655396
        },
        "Polygon": [
          {
            "X": 0.2998480796813965,
            "Y": 0.28304749727249146
          },
          {
            "X": 0.321814626455307,
            "Y": 0.28281861543655396
          },
          {
            "X": 0.32187291979789734,
            "Y": 0.2992670238018036
          },
          {
            "X": 0.29990968108177185,
            "Y": 0.2994875907897949
          }
        ]
      },
      "Id": "d1d14403-46d2-4ad4-849c-839d87d650a7",
      "Page": 1
    },
    {
      "BlockType": "WORD",
      "Confidence": 98.28759765625,
      "Text": "Generativa",
      "TextType": "PRINTED",
      "Geometry": {
        "BoundingBox": {
          "Width": 0.1282651126384735,
          "Height": 0.025898374617099762,
          "Left": 0.3278612792491913,
          "Top": 0.271884560585022
        },
        "Polygon": [
          {
            "X": 0.3278612792491913,
            "Y": 0.2732483148574829
          },
          {
            "X": 0.4560694694519043,
            "Y": 0.271884560585022
          },
          {
            "X": 0.4561263918876648,
            "Y": 0.2964915931224823
          },
          {
            "X": 0.32794687151908875,
            "Y": 0.29778292775154114
          }
        ]
      },
      "Id": "4137f163-36f5-444c-bf75-27e352922caf",
      "Page": 1
    },
    {
      "BlockType": "WORD",
      "Confidence": 99.41803741455078,
      "Text": "Experience",
      "TextType": "PRINTED",
      "Geometry": {
        "BoundingBox": {
          "Width": 0.0896821841597557,
          "Height": 0.020668240264058113,
          "Left": 0.030704880133271217,
          "Top": 0.299446165561676
        },
        "Polygon": [
          {
            "X": 0.030704880133271217,
            "Y": 0.30034947395324707
          },
          {
            "X": 0.12028024345636368,
            "Y": 0.299446165561676
          },
          {
            "X": 0.12038706243038177,
            "Y": 0.3192521631717682
          },
          {
            "X": 0.03082771599292755,
            "Y": 0.320114403963089
          }
        ]
      },
      "Id": "c949b122-cc32-4e76-8827-ba83869fbc16",
      "Page": 1
    },
    {
      "BlockType": "WORD",
      "Confidence": 99.86077880859375,
      "Text": "2025",
      "TextType": "PRINTED",
      "Geometry": {
        "BoundingBox": {
          "Width": 0.04038204625248909,
          "Height": 0.014138324186205864,
          "Left": 0.028777288272976875,
          "Top": 0.32303541898727417
        },
        "Polygon": [
          {
            "X": 0.028777288272976875,
            "Y": 0.32342037558555603
          },
          {
            "X": 0.06907860934734344,
            "Y": 0.32303541898727417
          },
          {
            "X": 0.06915933638811111,
            "Y": 0.3368016481399536
          },
          {
            "X": 0.028863023966550827,
            "Y": 0.337173730134964
          }
        ]
      },
      "Id": "61de2405-f732-4c3c-892a-3bf0936784a2",
      "Page": 1
    },
    {
      "BlockType": "WORD",
      "Confidence": 99.37680053710938,
      "Text": "com",
      "TextType": "PRINTED",
      "Geometry": {
        "BoundingBox": {
          "Width": 0.04538961127400398,
          "Height": 0.01601722650229931,
          "Left": 0.1836846023797989,
          "Top": 0.3166062533855438
        },
        "Polygon": [
          {
            "X": 0.1836846023797989,
            "Y": 0.3170442581176758
          },
          {
            "X": 0.2290056347846985,
            "Y": 0.3166062533855438
          },
          {
            "X": 0.22907420992851257,
            "Y": 0.3322017788887024
          },
          {
            "X": 0.18375957012176514,
            "Y": 0.3326234817504883
          }
        ]
      },
      "Id": "0e85a8e3-e28d-44ca-8bed-8c5305b69404",
      "Page": 1
    },
    {
      "BlockType": "WORD",
      "Confidence": 99.84257507324219,
      "Text": "Bedrock",
      "TextType": "PRINTED",
      "Geometry": {
        "BoundingBox": {
          "Width": 0.09083566814661026,
          "Height": 0.022931396961212158,
          "Left": 0.23375268280506134,
          "Top": 0.30609965324401855
        },
        "Polygon": [
          {
            "X": 0.23375268280506134,
            "Y": 0.30699673295021057
          },
          {
            "X": 0.3245106339454651,
            "Y": 0.30609965324401855
          },
          {
            "X": 0.3245883584022522,
            "Y": 0.32818010449409485
          },
          {
            "X": 0.23384860157966614,
            "Y": 0.3290310502052307
          }
        ]
      },
      "Id": "c4fb5bbe-2ea7-4b1c-8f72-27e39346bf9f",
      "Page": 1
    },
    {
      "BlockType": "WORD",
      "Confidence": 99.80804443359375,
      "Text": "Multi-Agents",
      "TextType": "PRINTED",
      "Geometry": {
        "BoundingBox": {
          "Width": 0.15898853540420532,
          "Height": 0.030839700251817703,
          "Left": 0.32834526896476746,
          "Top": 0.2941252291202545
        },
        "Polygon": [
          {
            "X": 0.32834526896476746,
            "Y": 0.295733779668808
          },
          {
            "X": 0.4872743487358093,
            "Y": 0.2941252291202545
          },
          {
            "X": 0.4873338043689728,
            "Y": 0.3234633207321167
          },
          {
            "X": 0.328447163105011,
            "Y": 0.3249649107456207
          }
        ]
      },
      "Id": "60fa52d2-8dea-4ea0-a9b0-916229a66bed",
      "Page": 1
    },
    {
      "BlockType": "WORD",
      "Confidence": 99.74491882324219,
      "Text": "Renan",
      "TextType": "PRINTED",
      "Geometry": {
        "BoundingBox": {
          "Width": 0.030953140929341316,
          "Height": 0.008095654658973217,
          "Left": 0.18239103257656097,
          "Top": 0.364314466714859
        },
        "Polygon": [
          {
            "X": 0.18239103257656097,
            "Y": 0.3645794689655304
          },
          {
            "X": 0.21330857276916504,
            "Y": 0.364314466714859
          },
          {
            "X": 0.21334417164325714,
            "Y": 0.372150719165802
          },
          {
            "X": 0.18242883682250977,
            "Y": 0.3724101185798645
          }
        ]
      },
      "Id": "d321c05f-e67d-4109-b282-cb55fa6b1cb9",
      "Page": 1
    },
    {
      "BlockType": "WORD",
      "Confidence": 99.7576675415039,
      "Text": "Lima",
      "TextType": "PRINTED",
      "Geometry": {
        "BoundingBox": {
          "Width": 0.02489345893263817,
          "Height": 0.007962146773934364,
          "Left": 0.21621181070804596,
          "Top": 0.3625258505344391
        },
        "Polygon": [
          {
            "X": 0.21621181070804596,
            "Y": 0.36273983120918274
          },
          {
            "X": 0.24107202887535095,
            "Y": 0.3625258505344391
          },
          {
            "X": 0.24110527336597443,
            "Y": 0.3702784776687622
          },
          {
            "X": 0.2162467986345291,
            "Y": 0.3704880177974701
          }
        ]
      },
      "Id": "8e5a6f94-f567-4fd7-bbc0-0f86f2c1feaf",
      "Page": 1
    },
    {
      "BlockType": "WORD",
      "Confidence": 99.28205871582031,
      "Text": "(ele/dele)",
      "TextType": "PRINTED",
      "Geometry": {
        "BoundingBox": {
          "Width": 0.04933471232652664,
          "Height": 0.011205026879906654,
          "Left": 0.2444199025630951,
          "Top": 0.35897353291511536
        },
        "Polygon": [
          {
            "X": 0.2444199025630951,
            "Y": 0.35940128564834595
          },
          {
            "X": 0.2937135696411133,
            "Y": 0.35897353291511536
          },
          {
            "X": 0.29375460743904114,
            "Y": 0.369763046503067
          },
          {
            "X": 0.24446578323841095,
            "Y": 0.37017858028411865
          }
        ]
      },
      "Id": "260a3841-f5be-4504-9197-a2c436804027",
      "Page": 1
    },
    {
      "BlockType": "WORD",
      "Confidence": 98.67579650878906,
      "Text": "Arquiteto",
      "TextType": "PRINTED",
      "Geometry": {
        "BoundingBox": {
          "Width": 0.03218710795044899,
          "Height": 0.007917135022580624,
          "Left": 0.1807083636522293,
          "Top": 0.3785322904586792
        },
        "Polygon": [
          {
            "X": 0.1807083636522293,
            "Y": 0.37879738211631775
          },
          {
            "X": 0.21286064386367798,
            "Y": 0.3785322904586792
          },
          {
            "X": 0.212895467877388,
            "Y": 0.3861900568008423
          },
          {
            "X": 0.18074540793895721,
            "Y": 0.3864494264125824
          }
        ]
      },
      "Id": "e2eb4413-8cfe-482c-a61c-971e471fe083",
      "Page": 1
    },
    {
      "BlockType": "WORD",
      "Confidence": 99.83905792236328,
      "Text": "de",
      "TextType": "PRINTED",
      "Geometry": {
        "BoundingBox": {
          "Width": 0.009158475324511528,
          "Height": 0.0065861972980201244,
          "Left": 0.21406345069408417,
          "Top": 0.37755492329597473
        },
        "Polygon": [
          {
            "X": 0.21406345069408417,
            "Y": 0.3776303827762604
          },
          {
            "X": 0.22319293022155762,
            "Y": 0.37755492329597473
          },
          {
            "X": 0.22322192788124084,
            "Y": 0.3840670585632324
          },
          {
            "X": 0.21409298479557037,
            "Y": 0.38414111733436584
          }
        ]
      },
      "Id": "1ca3819f-b07d-452a-9a10-305333fa6c80",
      "Page": 1
    },
    {
      "BlockType": "WORD",
      "Confidence": 98.65541076660156,
      "Text": "aprendizado",
      "TextType": "PRINTED",
      "Geometry": {
        "BoundingBox": {
          "Width": 0.04204250127077103,
          "Height": 0.008531986735761166,
          "Left": 0.22459591925144196,
          "Top": 0.3756886422634125
        },
        "Polygon": [
          {
            "X": 0.22459591925144196,
            "Y": 0.37603726983070374
          },
          {
            "X": 0.2666051983833313,
            "Y": 0.3756886422634125
          },
          {
            "X": 0.2666384279727936,
            "Y": 0.3838798999786377
          },
          {
            "X": 0.22463224828243256,
            "Y": 0.3842206299304962
          }
        ]
      },
      "Id": "da872516-63c8-4f17-b85e-d9d0ba4a11f7",
      "Page": 1
    },
    {
      "BlockType": "WORD",
      "Confidence": 94.88711547851562,
      "Text": "profundo,",
      "TextType": "PRINTED",
      "Geometry": {
        "BoundingBox": {
          "Width": 0.03573253005743027,
          "Height": 0.008253428153693676,
          "Left": 0.2676975727081299,
          "Top": 0.37403300404548645
        },
        "Polygon": [
          {
            "X": 0.2676975727081299,
            "Y": 0.37433043122291565
          },
          {
            "X": 0.30340051651000977,
            "Y": 0.37403300404548645
          },
          {
            "X": 0.30343011021614075,
            "Y": 0.3819955587387085
          },
          {
            "X": 0.2677297294139862,
            "Y": 0.3822864294052124
          }
        ]
      },
      "Id": "ea820534-045a-4032-b857-f15dc7c83c51",
      "Page": 1
    },
    {
      "BlockType": "WORD",
      "Confidence": 99.35176086425781,
      "Text": "Centro",
      "TextType": "PRINTED",
      "Geometry": {
        "BoundingBox": {
          "Width": 0.02494845911860466,
          "Height": 0.0064669265411794186,
          "Left": 0.30496934056282043,
          "Top": 0.3729740083217621
        },
        "Polygon": [
          {
            "X": 0.30496934056282043,
            "Y": 0.37318211793899536
          },
          {
            "X": 0.32989606261253357,
            "Y": 0.3729740083217621
          },
          {
            "X": 0.3299178183078766,
            "Y": 0.3792364001274109
          },
          {
            "X": 0.30499252676963806,
            "Y": 0.37944093346595764
          }
        ]
      },
      "Id": "9b10ed59-4d5b-4586-9bcc-6a918a9fbde9",
      "Page": 1
    },
    {
      "BlockType": "WORD",
      "Confidence": 99.87934875488281,
      "Text": "de",
      "TextType": "PRINTED",
      "Geometry": {
        "BoundingBox": {
          "Width": 0.008876372128725052,
          "Height": 0.00624230457469821,
          "Left": 0.33165284991264343,
          "Top": 0.3721004128456116
        },
        "Polygon": [
          {
            "X": 0.33165284991264343,
            "Y": 0.37217453122138977
          },
          {
            "X": 0.3405084013938904,
            "Y": 0.3721004128456116
          },
          {
            "X": 0.340529203414917,
            "Y": 0.37826988101005554
          },
          {
            "X": 0.33167415857315063,
            "Y": 0.37834271788597107
          }
        ]
      },
      "Id": "89635e4b-7a90-4e8f-9540-7b83ccde6d2d",
      "Page": 1
    },
    {
      "BlockType": "WORD",
      "Confidence": 90.80416870117188,
      "Text": "Inovação",
      "TextType": "PRINTED",
      "Geometry": {
        "BoundingBox": {
          "Width": 0.03332585096359253,
          "Height": 0.007385063450783491,
          "Left": 0.34245815873146057,
          "Top": 0.3709779977798462
        },
        "Polygon": [
          {
            "X": 0.34245815873146057,
            "Y": 0.37125730514526367
          },
          {
            "X": 0.37576231360435486,
            "Y": 0.3709779977798462
          },
          {
            "X": 0.3757840096950531,
            "Y": 0.37808918952941895
          },
          {
            "X": 0.3424820005893707,
            "Y": 0.37836307287216187
          }
        ]
      },
      "Id": "cbb442f1-045f-4559-9b13-43b42365f5b0",
      "Page": 1
    },
    {
      "BlockType": "WORD",
      "Confidence": 99.81253051757812,
      "Text": "de",
      "TextType": "PRINTED",
      "Geometry": {
        "BoundingBox": {
          "Width": 0.009442932903766632,
          "Height": 0.006082761567085981,
          "Left": 0.3774961829185486,
          "Top": 0.3701314330101013
        },
        "Polygon": [
          {
            "X": 0.3774961829185486,
            "Y": 0.3702106475830078
          },
          {
            "X": 0.38692140579223633,
            "Y": 0.3701314330101013
          },
          {
            "X": 0.386939138174057,
            "Y": 0.37613630294799805
          },
          {
            "X": 0.37751442193984985,
            "Y": 0.3762142062187195
          }
        ]
      },
      "Id": "3b28a30d-d6c7-4f9a-a63b-a1b16e2469e8",
      "Page": 1
    },
    {
      "BlockType": "WORD",
      "Confidence": 98.35563659667969,
      "Text": "IA",
      "TextType": "PRINTED",
      "Geometry": {
        "BoundingBox": {
          "Width": 0.00835062749683857,
          "Height": 0.005924468394368887,
          "Left": 0.3889274001121521,
          "Top": 0.36968138813972473
        },
        "Polygon": [
          {
            "X": 0.3889274001121521,
            "Y": 0.3697514832019806
          },
          {
            "X": 0.3972613215446472,
            "Y": 0.36968138813972473
          },
          {
            "X": 0.3972780406475067,
            "Y": 0.37553688883781433
          },
          {
            "X": 0.3889445662498474,
            "Y": 0.37560585141181946
          }
        ]
      },
      "Id": "47b59e1c-b445-4533-ade9-b44ae449d358",
      "Page": 1
    },
    {
      "BlockType": "WORD",
      "Confidence": 97.73041534423828,
      "Text": "Generativa",
      "TextType": "PRINTED",
      "Geometry": {
        "BoundingBox": {
          "Width": 0.042319461703300476,
          "Height": 0.007146687246859074,
          "Left": 0.39857718348503113,
          "Top": 0.36802613735198975
        },
        "Polygon": [
          {
            "X": 0.39857718348503113,
            "Y": 0.3683832287788391
          },
          {
            "X": 0.4408799409866333,
            "Y": 0.36802613735198975
          },
          {
            "X": 0.4408966302871704,
            "Y": 0.37482231855392456
          },
          {
            "X": 0.39859646558761597,
            "Y": 0.37517282366752625
          }
        ]
      },
      "Id": "a164a5cf-6290-4443-b1a5-c2f98d549b43",
      "Page": 1
    },
    {
      "BlockType": "WORD",
      "Confidence": 99.90785217285156,
      "Text": "Amazon",
      "TextType": "PRINTED",
      "Geometry": {
        "BoundingBox": {
          "Width": 0.02720620483160019,
          "Height": 0.005815484561026096,
          "Left": 0.17971470952033997,
          "Top": 0.3907875716686249
        },
        "Polygon": [
          {
            "X": 0.17971470952033997,
            "Y": 0.3910040259361267
          },
          {
            "X": 0.2068951278924942,
            "Y": 0.3907875716686249
          },
          {
            "X": 0.20692090690135956,
            "Y": 0.3963901102542877
          },
          {
            "X": 0.17974187433719635,
            "Y": 0.3966030478477478
          }
        ]
      },
      "Id": "bd6d31be-5c33-4ce2-8117-d24c68bd5521",
      "Page": 1
    },
    {
      "BlockType": "WORD",
      "Confidence": 98.60173797607422,
      "Text": "Web",
      "TextType": "PRINTED",
      "Geometry": {
        "BoundingBox": {
          "Width": 0.01586396060883999,
          "Height": 0.006094070617109537,
          "Left": 0.20840232074260712,
          "Top": 0.389283150434494
        },
        "Polygon": [
          {
            "X": 0.20840232074260712,
            "Y": 0.38940978050231934
          },
          {
            "X": 0.2242397665977478,
            "Y": 0.389283150434494
          },
          {
            "X": 0.22426629066467285,
            "Y": 0.3952527940273285
          },
          {
            "X": 0.2084297090768814,
            "Y": 0.3953772187232971
          }
        ]
      },
      "Id": "5fe69b53-fbd6-4f20-ae3d-70919f6e555a",
      "Page": 1
    },
    {
      "BlockType": "WORD",
      "Confidence": 99.68266296386719,
      "Text": "Services",
      "TextType": "PRINTED",
      "Geometry": {
        "BoundingBox": {
          "Width": 0.02847250923514366,
          "Height": 0.006182252429425716,
          "Left": 0.22552862763404846,
          "Top": 0.38842907547950745
        },
        "Polygon": [
          {
            "X": 0.22552862763404846,
            "Y": 0.3886569142341614
          },
          {
            "X": 0.2539762854576111,
            "Y": 0.38842907547950745
          },
          {
            "X": 0.2540011405944824,
            "Y": 0.3943873941898346
          },
          {
            "X": 0.22555500268936157,
            "Y": 0.39461132884025574
          }
        ]
      },
      "Id": "0d22c3b5-d5af-44d4-9556-985634b08f44",
      "Page": 1
    }
  ],
  "DetectDocumentTextModelVersion": "1.0"
}