{
  "DocumentMetadata": {
    "Pages": 1
  },
  "JobStatus": "SUCCEEDED",
  "Blocks": [
    {
      "BlockType": "PAGE",
      "Geometry": {
        "BoundingBox": {
          "Width": 0.780124843120575,
          "Height": 0.5763421058654785,
          "Left": 0.016957109794020653,
          "Top": 0.0606050044298172
        },
        "Polygon": [
          {
            "X": 0.019047053530812263,
            "Y": 0.08399160951375961
          },
          {
            "X": 0.7931363582611084,
            "Y": 0.0606050044298172
          },
          {
            "X": 0.7970819473266602,
            "Y": 0.6221015453338623
          },
          {
            "X": 0.016957109794020653,
            "Y": 0.6369470953941345
          }
        ]
      },
      "Id": "b026aeb1-23e7-44d2-9709-8c48d7663e75",
      "Relationships": [
        {
          "Type": "CHILD",
          "Ids": [
            "92c553fb-6509-44a6-88cf-94490d63f4ea",
            "b75d6ce7-9573-4507-ad82-b87082573579",
            "169ad375-08e7-45c4-9ef6-18ca53dbafe6",
            "5df01965-e25c-44b3-876c-6b6e30057926",
            "374ffb3e-fa7b-4830-bd25-78cebce1349a",
            "a7880e3b-f00c-4e68-9cc2-c170b8e7260c",
            "f8a4dcc9-7c07-436b-a7a2-fdf6df246562",
            "9ad55cf3-6c65-4922-a2de-6258e1492559",
            "4ecebc0e-8e38-4b5c-bf77-31b3dad1a74b",
            "de43d343-2eec-4886-b239-a1e67374627e",
            "f15c80eb-71df-478e-aba0-4eb998ec38e3",
            "e20a0407-6ad5-45da-beff-310f16a0fc23",
            "e20d81ad-5a2b-45fa-adbe-9925fb10b7b1",
            "a301bfba-e7d5-4160-88e0-37cdd5ed909d",
            "e098d1e2-6153-407d-b890-c29e2df56f77",
            "2f05e8fc-8575-4a3f-a9cb-92b3c2ccb45e",
            "76647837-f987-4592-afc0-7026ac60a2d3",
            "99e89019-08ae-4452-bbce-301bf16e9ade",
            "ef834ddd-0b28-4692-abcb-fa20b86c4e17",
            "9fdcecfc-a3b1-4af6-9550-74ac8a538778",
            "f85986cd-f450-41b8-ad83-91a7f98ce901",
            "e61fa96b-7d87-48bf-805a-36214f539ad7"
          ]
        }
      ],
      "Page": 1
    },
    {
      "BlockType": "LINE",
      "Confidence": 99.04571533203125,
      "Text": "Cloud",
      "Geometry": {
        "BoundingBox": {
          "Width": 0.022653937339782715,
          "Height": 0.00620998302474618,
          "Left": 0.6631708741188049,
          "Top": 0.1825409233570099
        },
        "Polygon": [
          {
            "X": 0.6631708741188049,
            "Y": 0.18317082524299622
          },
          {
            "X": 0.6857939958572388,
            "Y": 0.1825409233570099
          },
          {
            "X": 0.6858248114585876,
            "Y": 0.18812347948551178
          },
          {
            "X": 0.6631999015808105,
            "Y": 0.18875090777873993
          }
        ]
      },
      "Id": "92c553fb-6509-44a6-88cf-94490d63f4ea",
      "Relationships": [
        {
          "Type": "CHILD",
          "Ids": [
            "dd4670ee-0e9d-4f91-8ebd-0c48c7ec1b8a"
          ]
        }
      ],
      "Page": 1
    },
    {
      "BlockType": "LINE",
      "Confidence": 88.62018585205078,
      "Text": "aws",
      "Geometry": {
        "BoundingBox": {
          "Width": 0.04324560612440109,
          "Height": 0.013107010163366795,
          "Left": 0.5942667722702026,
          "Top": 0.18574300408363342
        },
        "Polygon": [
          {
            "X": 0.5942667722702026,
            "Y": 0.1869439035654068
          },
          {
            "X": 0.637454628944397,
            "Y": 0.18574300408363342
          },
          {
            "X": 0.6375123858451843,
            "Y": 0.1976592093706131
          },
          {
            "X": 0.5943173170089722,
            "Y": 0.19885002076625824
          }
        ]
      },
      "Id": "b75d6ce7-9573-4507-ad82-b87082573579",
      "Relationships": [
        {
          "Type": "CHILD",
          "Ids": [
            "46f361cc-28ab-4882-b50c-d841dd80126c"
          ]
        }
      ],
      "Page": 1
    },
    {
      "BlockType": "LINE",
      "Confidence": 99.7571792602539,
      "Text": "Experience",
      "Geometry": {
        "BoundingBox": {
          "Width": 0.04316113889217377,
          "Height": 0.007878419011831284,
          "Left": 0.6630287170410156,
          "Top": 0.1887582242488861
        },
        "Polygon": [
          {
            "X": 0.6630287170410156,
            "Y": 0.1899530589580536
          },
          {
            "X": 0.7061510682106018,
            "Y": 0.1887582242488861
          },
          {
            "X": 0.7061898708343506,
            "Y": 0.19544745981693268
          },
          {
            "X": 0.6630634665489197,
            "Y": 0.1966366469860077
          }
        ]
      },
      "Id": "169ad375-08e7-45c4-9ef6-18ca53dbafe6",
      "Relationships": [
        {
          "Type": "CHILD",
          "Ids": [
            "2617735f-a185-4222-902e-ba47b5efbad5"
          ]
        }
      ],
      "Page": 1
    },
    {
      "BlockType": "LINE",
      "Confidence": 99.43045043945312,
      "Text": "Treine e avalie modelos",
      "Geometry": {
        "BoundingBox": {
          "Width": 0.21160262823104858,
          "Height": 0.027405748143792152,
          "Left": 0.11269914358854294,
          "Top": 0.2019834965467453
        },
        "Polygon": [
          {
            "X": 0.11275233328342438,
            "Y": 0.20783357322216034
          },
          {
            "X": 0.3242913782596588,
            "Y": 0.2019834965467453
          },
          {
            "X": 0.3243017792701721,
            "Y": 0.22362947463989258
          },
          {
            "X": 0.11269914358854294,
            "Y": 0.2293892502784729
          }
        ]
      },
      "Id": "5df01965-e25c-44b3-876c-6b6e30057926",
      "Relationships": [
        {
          "Type": "CHILD",
          "Ids": [
            "36dcfd07-752e-434e-8df1-15c2537be1eb",
            "6c30b191-81ee-42a1-9b6b-ac5c8c3cb202",
            "8bfb1ecc-f329-493d-8939-ec2b215e790e",
            "9ec1acb6-32f5-44bd-9bab-e3fc2ceb41a8"
          ]
        }
      ],
      "Page": 1
    },
    {
      "BlockType": "LINE",
      "Confidence": 99.86875915527344,
      "Text": "2025",
      "Geometry": {
        "BoundingBox": {
          "Width": 0.019450461491942406,
          "Height": 0.005982399918138981,
          "Left": 0.6629966497421265,
          "Top": 0.19739127159118652
        },
        "Polygon": [
          {
            "X": 0.6629966497421265,
            "Y": 0.19792628288269043
          },
          {
            "X": 0.6824172735214233,
            "Y": 0.19739127159118652
          },
          {
            "X": 0.682447075843811,
            "Y": 0.20284073054790497
          },
          {
            "X": 0.6630249619483948,
            "Y": 0.20337367057800293
          }
        ]
      },
      "Id": "374ffb3e-fa7b-4830-bd25-78cebce1349a",
      "Relationships": [
        {
          "Type": "CHILD",
          "Ids": [
            "3adbff2b-a451-4485-bd80-8c01528dcf22"
          ]
        }
      ],
      "Page": 1
    },
    {
      "BlockType": "LINE",
      "Confidence": 99.37889862060547,
      "Text": "Crie modelos de alta qualidade",
      "Geometry": {
        "BoundingBox": {
          "Width": 0.16596946120262146,
          "Height": 0.018270794302225113,
          "Left": 0.11908234655857086,
          "Top": 0.2465563267469406
        },
        "Polygon": [
          {
            "X": 0.11911521852016449,
            "Y": 0.2510001063346863
          },
          {
            "X": 0.28505179286003113,
            "Y": 0.2465563267469406
          },
          {
            "X": 0.2850508689880371,
            "Y": 0.260428786277771
          },
          {
            "X": 0.11908234655857086,
            "Y": 0.26482710242271423
          }
        ]
      },
      "Id": "a7880e3b-f00c-4e68-9cc2-c170b8e7260c",
      "Relationships": [
        {
          "Type": "CHILD",
          "Ids": [
            "736e21a7-1fa4-4407-902a-3bbed7ecc953",
            "e70067a4-5a5d-4adb-8d3e-53128a86fda6",
            "4682652f-cf03-4f2d-9adc-e9f36f0ba60e",
            "b753f111-b7aa-49e3-a79d-efb222e6e614",
            "d749e8c2-a817-4a5e-bcac-96b1e50387ce"
          ]
        }
      ],
      "Page": 1
    },
    {
      "BlockType": "LINE",
      "Confidence": 99.18742370605469,
      "Text": "Create new model",
      "Geometry": {
        "BoundingBox": {
          "Width": 0.05920226126909256,
          "Height": 0.008205230347812176,
          "Left": 0.3268614411354065,
          "Top": 0.24529728293418884
        },
        "Polygon": [
          {
            "X": 0.3268614411354065,
            "Y": 0.24688076972961426
          },
          {
            "X": 0.3860548138618469,
            "Y": 0.24529728293418884
          },
          {
            "X": 0.38606369495391846,
            "Y": 0.2519267499446869
          },
          {
            "X": 0.3268648684024811,
            "Y": 0.2535025179386139
          }
        ]
      },
      "Id": "f8a4dcc9-7c07-436b-a7a2-fdf6df246562",
      "Relationships": [
        {
          "Type": "CHILD",
          "Ids": [
            "407c1295-4aaa-450b-9738-fcdc48121962",
            "69925c6d-65f5-494a-8f6d-22ed36de1272",
            "b6e415aa-d661-479b-a470-8925451978d4"
          ]
        }
      ],
      "Page": 1
    },
    {
      "BlockType": "LINE",
      "Confidence": 91.10635375976562,
      "Text": "para regressão, classificação,",
      "Geometry": {
        "BoundingBox": {
          "Width": 0.16015619039535522,
          "Height": 0.019048133864998817,
          "Left": 0.11777763068675995,
          "Top": 0.2608703672885895
        },
        "Polygon": [
          {
            "X": 0.11781308799982071,
            "Y": 0.26511290669441223
          },
          {
            "X": 0.277933806180954,
            "Y": 0.2608703672885895
          },
          {
            "X": 0.2779313623905182,
            "Y": 0.2757229506969452
          },
          {
            "X": 0.11777763068675995,
            "Y": 0.27991852164268494
          }
        ]
      },
      "Id": "9ad55cf3-6c65-4922-a2de-6258e1492559",
      "Relationships": [
        {
          "Type": "CHILD",
          "Ids": [
            "d216f83d-2c09-43f2-82f7-96d27f656784",
            "af47d31f-7d70-4247-bc0d-b1042b1c163b",
            "024cf1ed-1cf0-401e-ad51-6a7e46511478"
          ]
        }
      ],
      "Page": 1
    },
    {
      "BlockType": "LINE",
      "Confidence": 84.4565658569336,
      "Text": "Model",
      "Geometry": {
        "BoundingBox": {
          "Width": 0.013992882333695889,
          "Height": 0.004072684794664383,
          "Left": 0.3258987367153168,
          "Top": 0.2625690996646881
        },
        "Polygon": [
          {
            "X": 0.3258987367153168,
            "Y": 0.26293885707855225
          },
          {
            "X": 0.3398890197277069,
            "Y": 0.2625690996646881
          },
          {
            "X": 0.33989161252975464,
            "Y": 0.2662730813026428
          },
          {
            "X": 0.3259005844593048,
            "Y": 0.2666417956352234
          }
        ]
      },
      "Id": "4ecebc0e-8e38-4b5c-bf77-31b3dad1a74b",
      "Relationships": [
        {
          "Type": "CHILD",
          "Ids": [
            "35530eda-810e-4873-a8de-fcca3cc1146f"
          ]
        }
      ],
      "Page": 1
    },
    {
      "BlockType": "LINE",
      "Confidence": 99.58472442626953,
      "Text": "previsão e ajuste fino de FM",
      "Geometry": {
        "BoundingBox": {
          "Width": 0.15516434609889984,
          "Height": 0.017644520848989487,
          "Left": 0.11668754369020462,
          "Top": 0.2756284177303314
        },
        "Polygon": [
          {
            "X": 0.11672026664018631,
            "Y": 0.2796931862831116
          },
          {
            "X": 0.27185189723968506,
            "Y": 0.2756284177303314
          },
          {
            "X": 0.2718484699726105,
            "Y": 0.28924989700317383
          },
          {
            "X": 0.11668754369020462,
            "Y": 0.2932729423046112
          }
        ]
      },
      "Id": "de43d343-2eec-4886-b239-a1e67374627e",
      "Relationships": [
        {
          "Type": "CHILD",
          "Ids": [
            "6f88f6aa-aab4-4f72-a7fb-654021d3723e",
            "6a396577-d2b7-4064-a879-8daaea92bb17",
            "e55e7915-516b-4b1f-b1da-75f9bf9ab129",
            "a98de81c-0c5a-4e25-a1a2-3d1c3d86d542",
            "547dc66b-b31d-4701-8f50-e3845cfb97ce",
            "31e738b4-0139-48a0-9180-3b5d49230042"
          ]
        }
      ],
      "Page": 1
    },
    {
      "BlockType": "LINE",
      "Confidence": 76.99588775634766,
      "Text": "Hymodel",
      "Geometry": {
        "BoundingBox": {
          "Width": 0.02066991850733757,
          "Height": 0.005177776329219341,
          "Left": 0.32940155267715454,
          "Top": 0.2748992443084717
        },
        "Polygon": [
          {
            "X": 0.32940155267715454,
            "Y": 0.2754402160644531
          },
          {
            "X": 0.3500675857067108,
            "Y": 0.2748992443084717
          },
          {
            "X": 0.3500714600086212,
            "Y": 0.27953797578811646
          },
          {
            "X": 0.3294040858745575,
            "Y": 0.2800770401954651
          }
        ]
      },
      "Id": "f15c80eb-71df-478e-aba0-4eb998ec38e3",
      "Relationships": [
        {
          "Type": "CHILD",
          "Ids": [
            "13da4dbe-2469-438f-9276-6957f8acfdb5"
          ]
        }
      ],
      "Page": 1
    },
    {
      "BlockType": "LINE",
      "Confidence": 99.34683990478516,
      "Text": "ce",
      "Geometry": {
        "BoundingBox": {
          "Width": 0.02099519781768322,
          "Height": 0.010586165823042393,
          "Left": 0.018440311774611473,
          "Top": 0.2976493239402771
        },
        "Polygon": [
          {
            "X": 0.018478238955140114,
            "Y": 0.29819169640541077
          },
          {
            "X": 0.03943550959229469,
            "Y": 0.2976493239402771
          },
          {
            "X": 0.03940049558877945,
            "Y": 0.3076972961425781
          },
          {
            "X": 0.018440311774611473,
            "Y": 0.3082354664802551
          }
        ]
      },
      "Id": "e20a0407-6ad5-45da-beff-310f16a0fc23",
      "Relationships": [
        {
          "Type": "CHILD",
          "Ids": [
            "119236f1-cb0f-40dc-8965-c1875ab8041c"
          ]
        }
      ],
      "Page": 1
    },
    {
      "BlockType": "LINE",
      "Confidence": 69.66194152832031,
      "Text": "Problem type",
      "Geometry": {
        "BoundingBox": {
          "Width": 0.030175892636179924,
          "Height": 0.004709621425718069,
          "Left": 0.32438623905181885,
          "Top": 0.29694128036499023
        },
        "Polygon": [
          {
            "X": 0.32438623905181885,
            "Y": 0.2977176308631897
          },
          {
            "X": 0.3545585870742798,
            "Y": 0.29694128036499023
          },
          {
            "X": 0.3545621335506439,
            "Y": 0.3008768856525421
          },
          {
            "X": 0.32438814640045166,
            "Y": 0.30165091156959534
          }
        ]
      },
      "Id": "e20d81ad-5a2b-45fa-adbe-9925fb10b7b1",
      "Relationships": [
        {
          "Type": "CHILD",
          "Ids": [
            "e95c78ff-8ff7-4976-9048-b446972a2ada",
            "a16adee7-93df-41ac-ac5b-f7cbe36cefb9"
          ]
        }
      ],
      "Page": 1
    },
    {
      "BlockType": "LINE",
      "Confidence": 37.52198791503906,
      "Text": "Salacy",
      "Geometry": {
        "BoundingBox": {
          "Width": 0.013035492040216923,
          "Height": 0.004007052630186081,
          "Left": 0.32426851987838745,
          "Top": 0.30516281723976135
        },
        "Polygon": [
          {
            "X": 0.32426851987838745,
            "Y": 0.30549612641334534
          },
          {
            "X": 0.3373015820980072,
            "Y": 0.30516281723976135
          },
          {
            "X": 0.337304025888443,
            "Y": 0.30883750319480896
          },
          {
            "X": 0.3242702782154083,
            "Y": 0.30916985869407654
          }
        ]
      },
      "Id": "a301bfba-e7d5-4160-88e0-37cdd5ed909d",
      "Relationships": [
        {
          "Type": "CHILD",
          "Ids": [
            "6e61c133-3d39-46d9-b8bd-9f094e0acc71"
          ]
        }
      ],
      "Page": 1
    },
    {
      "BlockType": "LINE",
      "Confidence": 95.71234893798828,
      "Text": "the",
      "Geometry": {
        "BoundingBox": {
          "Width": 0.0069424151442945,
          "Height": 0.003926620353013277,
          "Left": 0.33821067214012146,
          "Top": 0.30486395955085754
        },
        "Polygon": [
          {
            "X": 0.33821067214012146,
            "Y": 0.30504146218299866
          },
          {
            "X": 0.3451502025127411,
            "Y": 0.30486395955085754
          },
          {
            "X": 0.3451530635356903,
            "Y": 0.3086136281490326
          },
          {
            "X": 0.338213175535202,
            "Y": 0.3087905943393707
          }
        ]
      },
      "Id": "e098d1e2-6153-407d-b890-c29e2df56f77",
      "Relationships": [
        {
          "Type": "CHILD",
          "Ids": [
            "64b7c9a8-3dee-40ba-a832-e4d8afcabfad"
          ]
        }
      ],
      "Page": 1
    },
    {
      "BlockType": "LINE",
      "Confidence": 91.48783874511719,
      "Text": "problem",
      "Geometry": {
        "BoundingBox": {
          "Width": 0.01779230870306492,
          "Height": 0.004637661390006542,
          "Left": 0.34639230370521545,
          "Top": 0.30404427647590637
        },
        "Polygon": [
          {
            "X": 0.34639230370521545,
            "Y": 0.3044993579387665
          },
          {
            "X": 0.3641802966594696,
            "Y": 0.30404427647590637
          },
          {
            "X": 0.3641846179962158,
            "Y": 0.30822834372520447
          },
          {
            "X": 0.3463956117630005,
            "Y": 0.3086819350719452
          }
        ]
      },
      "Id": "2f05e8fc-8575-4a3f-a9cb-92b3c2ccb45e",
      "Relationships": [
        {
          "Type": "CHILD",
          "Ids": [
            "24579c7a-d488-4c19-b888-2094a7df020b"
          ]
        }
      ],
      "Page": 1
    },
    {
      "BlockType": "LINE",
      "Confidence": 71.24778747558594,
      "Text": "FIDE foundation model",
      "Geometry": {
        "BoundingBox": {
          "Width": 0.06913402676582336,
          "Height": 0.006192175205796957,
          "Left": 0.6157823204994202,
          "Top": 0.3288513422012329
        },
        "Polygon": [
          {
            "X": 0.6157823204994202,
            "Y": 0.33057382702827454
          },
          {
            "X": 0.6848917603492737,
            "Y": 0.3288513422012329
          },
          {
            "X": 0.6849163770675659,
            "Y": 0.3333270847797394
          },
          {
            "X": 0.6158025860786438,
            "Y": 0.3350435197353363
          }
        ]
      },
      "Id": "76647837-f987-4592-afc0-7026ac60a2d3",
      "Relationships": [
        {
          "Type": "CHILD",
          "Ids": [
            "13148767-418d-4d75-a71c-131bb018e82e",
            "9e7b0f70-607b-47ea-9a99-9f7d3eac2c43",
            "d0a03f3b-b3e8-4f2e-98cc-1ed14cc1ef09"
          ]
        }
      ],
      "Page": 1
    },
    {
      "BlockType": "LINE",
      "Confidence": 67.72047424316406,
      "Text": "Predictive",
      "Geometry": {
        "BoundingBox": {
          "Width": 0.020816456526517868,
          "Height": 0.0046933372505009174,
          "Left": 0.3344772160053253,
          "Top": 0.3416367173194885
        },
        "Polygon": [
          {
            "X": 0.3344772160053253,
            "Y": 0.34215351939201355
          },
          {
            "X": 0.35528984665870667,
            "Y": 0.3416367173194885
          },
          {
            "X": 0.3552936613559723,
            "Y": 0.34581494331359863
          },
          {
            "X": 0.33447980880737305,
            "Y": 0.34633004665374756
          }
        ]
      },
      "Id": "99e89019-08ae-4452-bbce-301bf16e9ade",
      "Relationships": [
        {
          "Type": "CHILD",
          "Ids": [
            "66901127-303f-43c6-85be-ba2252a0068c"
          ]
        }
      ],
      "Page": 1
    },
    {
      "BlockType": "LINE",
      "Confidence": 66.05729675292969,
      "Text": "image analysis",
      "Geometry": {
        "BoundingBox": {
          "Width": 0.032885465770959854,
          "Height": 0.005170176737010479,
          "Left": 0.4246167242527008,
          "Top": 0.33860263228416443
        },
        "Polygon": [
          {
            "X": 0.4246167242527008,
            "Y": 0.33941933512687683
          },
          {
            "X": 0.45749202370643616,
            "Y": 0.33860263228416443
          },
          {
            "X": 0.45750218629837036,
            "Y": 0.342958927154541
          },
          {
            "X": 0.42462486028671265,
            "Y": 0.3437727987766266
          }
        ]
      },
      "Id": "ef834ddd-0b28-4692-abcb-fa20b86c4e17",
      "Relationships": [
        {
          "Type": "CHILD",
          "Ids": [
            "1eff85c7-f5f5-41d4-ac03-527bb2f51f38",
            "6b0c0ef3-23b0-4f60-96a2-80eea65762c0"
          ]
        }
      ],
      "Page": 1
    },
    {
      "BlockType": "LINE",
      "Confidence": 87.50443267822266,
      "Text": "Text",
      "Geometry": {
        "BoundingBox": {
          "Width": 0.00982365570962429,
          "Height": 0.004252533428370953,
          "Left": 0.5179524421691895,
          "Top": 0.33556661009788513
        },
        "Polygon": [
          {
            "X": 0.5179524421691895,
            "Y": 0.3358105719089508
          },
          {
            "X": 0.5277628302574158,
            "Y": 0.33556661009788513
          },
          {
            "X": 0.5277760624885559,
            "Y": 0.33957594633102417
          },
          {
            "X": 0.5179651379585266,
            "Y": 0.33981913328170776
          }
        ]
      },
      "Id": "9fdcecfc-a3b1-4af6-9550-74ac8a538778",
      "Relationships": [
        {
          "Type": "CHILD",
          "Ids": [
            "8feab13a-e64b-4521-8cfb-6356349cd79f"
          ]
        }
      ],
      "Page": 1
    },
    {
      "BlockType": "LINE",
      "Confidence": 57.17108917236328,
      "Text": "Cancel",
      "Geometry": {
        "BoundingBox": {
          "Width": 0.01593063399195671,
          "Height": 0.004617795813828707,
          "Left": 0.6461012959480286,
          "Top": 0.37013205885887146
        },
        "Polygon": [
          {
            "X": 0.6461012959480286,
            "Y": 0.3705156445503235
          },
          {
            "X": 0.6620100140571594,
            "Y": 0.37013205885887146
          },
          {
            "X": 0.662031888961792,
            "Y": 0.3743675947189331
          },
          {
            "X": 0.6461222171783447,
            "Y": 0.3747498393058777
          }
        ]
      },
      "Id": "f85986cd-f450-41b8-ad83-91a7f98ce901",
      "Relationships": [
        {
          "Type": "CHILD",
          "Ids": [
            "85226327-c100-4001-9828-3e6ed39c8c36"
          ]
        }
      ],
      "Page": 1
    },
    {
      "BlockType": "LINE",
      "Confidence": 87.0521240234375,
      "Text": "Create",
      "Geometry": {
        "BoundingBox": {
          "Width": 0.016663432121276855,
          "Height": 0.004679455887526274,
          "Left": 0.6771278977394104,
          "Top": 0.3692193627357483
        },
        "Polygon": [
          {
            "X": 0.6771278977394104,
            "Y": 0.3696206212043762
          },
          {
            "X": 0.6937673091888428,
            "Y": 0.3692193627357483
          },
          {
            "X": 0.6937913298606873,
            "Y": 0.37349897623062134
          },
          {
            "X": 0.6771509647369385,
            "Y": 0.37389883399009705
          }
        ]
      },
      "Id": "e61fa96b-7d87-48bf-805a-36214f539ad7",
      "Relationships": [
        {
          "Type": "CHILD",
          "Ids": [
            "c3130e2b-1b24-44f0-a160-c317120c6825"
          ]
        }
      ],
      "Page": 1
    },
    {
      "BlockType": "WORD",
      "Confidence": 99.04571533203125,
      "Text": "Cloud",
      "TextType": "PRINTED",
      "Geometry": {
        "BoundingBox": {
          "Width": 0.022653937339782715,
          "Height": 0.00620998302474618,
          "Left": 0.6631708741188049,
          "Top": 0.1825409233570099
        },
        "Polygon": [
          {
            "X": 0.6631708741188049,
            "Y": 0.18317082524299622
          },
          {
            "X": 0.6857939958572388,
            "Y": 0.1825409233570099
          },
          {
            "X": 0.6858248114585876,
            "Y": 0.18812347948551178
          },
          {
            "X": 0.6631999015808105,
            "Y": 0.18875090777873993
          }
        ]
      },
      "Id": "dd4670ee-0e9d-4f91-8ebd-0c48c7ec1b8a",
      "Page": 1
    },
    {
      "BlockType": "WORD",
      "Confidence": 88.62018585205078,
      "Text": "aws",
      "TextType": "PRINTED",
      "Geometry": {
        "BoundingBox": {
          "Width": 0.04324560612440109,
          "Height": 0.013107010163366795,
          "Left": 0.5942667722702026,
          "Top": 0.18574300408363342
        },
        "Polygon": [
          {
            "X": 0.5942667722702026,
            "Y": 0.1869439035654068
          },
          {
            "X": 0.637454628944397,
            "Y": 0.18574300408363342
          },
          {
            "X": 0.6375123858451843,
            "Y": 0.1976592093706131
          },
          {
            "X": 0.5943173170089722,
            "Y": 0.19885002076625824
          }
        ]
      },
      "Id": "46f361cc-28ab-4882-b50c-d841dd80126c",
      "Page": 1
    },
    {
      "BlockType": "WORD",
      "Confidence": 99.7571792602539,
      "Text": "Experience",
      "TextType": "PRINTED",
      "Geometry": {
        "BoundingBox": {
          "Width": 0.04316113889217377,
          "Height": 0.007878419011831284,
          "Left": 0.6630287170410156,
          "Top": 0.1887582242488861
        },
        "Polygon": [
          {
            "X": 0.6630287170410156,
            "Y": 0.1899530589580536
          },
          {
            "X": 0.7061510682106018,
            "Y": 0.1887582242488861
          },
          {
            "X": 0.7061898708343506,
            "Y": 0.19544745981693268
          },
          {
            "X": 0.6630634665489197,
            "Y": 0.1966366469860077
          }
        ]
      },
      "Id": "2617735f-a185-4222-902e-ba47b5efbad5",
      "Page": 1
    },
    {
      "BlockType": "WORD",
      "Confidence": 98.89519500732422,
      "Text": "Treine",
      "TextType": "PRINTED",
      "Geometry": {
        "BoundingBox": {
          "Width": 0.05362242832779884,
          "Height": 0.014290126971900463,
          "Left": 0.11269914358854294,
          "Top": 0.21509912610054016
        },
        "Polygon": [
          {
            "X": 0.11273077130317688,
            "Y": 0.21657171845436096
          },
          {
            "X": 0.16632157564163208,
            "Y": 0.21509912610054016
          },
          {
            "X": 0.1662994921207428,
            "Y": 0.22793026268482208
          },
          {
            "X": 0.11269914358854294,
            "Y": 0.2293892502784729
          }
        ]
      },
      "Id": "36dcfd07-752e-434e-8df1-15c2537be1eb",
      "Page": 1
    },
    {
      "BlockType": "WORD",
      "Confidence": 99.8048324584961,
      "Text": "e",
      "TextType": "PRINTED",
      "Geometry": {
        "BoundingBox": {
          "Width": 0.009934124536812305,
          "Height": 0.009193101897835732,
          "Left": 0.17204587161540985,
          "Top": 0.21572893857955933
        },
        "Polygon": [
          {
            "X": 0.1720605194568634,
            "Y": 0.21600130200386047
          },
          {
            "X": 0.18197999894618988,
            "Y": 0.21572893857955933
          },
          {
            "X": 0.18196658790111542,
            "Y": 0.22465142607688904
          },
          {
            "X": 0.17204587161540985,
            "Y": 0.2249220460653305
          }
        ]
      },
      "Id": "6c30b191-81ee-42a1-9b6b-ac5c8c3cb202",
      "Page": 1
    },
    {
      "BlockType": "WORD",
      "Confidence": 99.45911407470703,
      "Text": "avalie",
      "TextType": "PRINTED",
      "Geometry": {
        "BoundingBox": {
          "Width": 0.052527010440826416,
          "Height": 0.015713579952716827,
          "Left": 0.18655139207839966,
          "Top": 0.20853380858898163
        },
        "Polygon": [
          {
            "X": 0.18657192587852478,
            "Y": 0.20998142659664154
          },
          {
            "X": 0.23907840251922607,
            "Y": 0.20853380858898163
          },
          {
            "X": 0.23906829953193665,
            "Y": 0.22281457483768463
          },
          {
            "X": 0.18655139207839966,
            "Y": 0.22424738109111786
          }
        ]
      },
      "Id": "8bfb1ecc-f329-493d-8939-ec2b215e790e",
      "Page": 1
    },
    {
      "BlockType": "WORD",
      "Confidence": 99.56265258789062,
      "Text": "modelos",
      "TextType": "PRINTED",
      "Geometry": {
        "BoundingBox": {
          "Width": 0.07977268099784851,
          "Height": 0.017949750646948814,
          "Left": 0.24452626705169678,
          "Top": 0.2019834965467453
        },
        "Polygon": [
          {
            "X": 0.24453620612621307,
            "Y": 0.20418910682201385
          },
          {
            "X": 0.3242913782596588,
            "Y": 0.2019834965467453
          },
          {
            "X": 0.3242989480495453,
            "Y": 0.21775244176387787
          },
          {
            "X": 0.24452626705169678,
            "Y": 0.21993325650691986
          }
        ]
      },
      "Id": "9ec1acb6-32f5-44bd-9bab-e3fc2ceb41a8",
      "Page": 1
    },
    {
      "BlockType": "WORD",
      "Confidence": 99.86875915527344,
      "Text": "2025",
      "TextType": "PRINTED",
      "Geometry": {
        "BoundingBox": {
          "Width": 0.019450461491942406,
          "Height": 0.005982399918138981,
          "Left": 0.6629966497421265,
          "Top": 0.19739127159118652
        },
        "Polygon": [
          {
            "X": 0.6629966497421265,
            "Y": 0.19792628288269043
          },
          {
            "X": 0.6824172735214233,
            "Y": 0.19739127159118652
          },
          {
            "X": 0.682447075843811,
            "Y": 0.20284073054790497
          },
          {
            "X": 0.6630249619483948,
            "Y": 0.20337367057800293
          }
        ]
      },
      "Id": "3adbff2b-a451-4485-bd80-8c01528dcf22",
      "Page": 1
    },
    {
      "BlockType": "WORD",
      "Confidence": 99.09014892578125,
      "Text": "Crie",
      "TextType": "PRINTED",
      "Geometry": {
        "BoundingBox": {
          "Width": 0.020048877224326134,
          "Height": 0.008698567748069763,
          "Left": 0.11908234655857086,
          "Top": 0.25612854957580566
        },
        "Polygon": [
          {
            "X": 0.11910176277160645,
            "Y": 0.25666263699531555
          },
          {
            "X": 0.13913123309612274,
            "Y": 0.25612854957580566
          },
          {
            "X": 0.13911408185958862,
            "Y": 0.2642962634563446
          },
          {
            "X": 0.11908234655857086,
            "Y": 0.26482710242271423
          }
        ]
      },
      "Id": "736e21a7-1fa4-4407-902a-3bbed7ecc953",
      "Page": 1
    },
    {
      "BlockType": "WORD",
      "Confidence": 99.39159393310547,
      "Text": "modelos",
      "TextType": "PRINTED",
      "Geometry": {
        "BoundingBox": {
          "Width": 0.04552547261118889,
          "Height": 0.010310723446309566,
          "Left": 0.14194665849208832,
          "Top": 0.2530019283294678
        },
        "Polygon": [
          {
            "X": 0.14196538925170898,
            "Y": 0.25421708822250366
          },
          {
            "X": 0.1874721348285675,
            "Y": 0.2530019283294678
          },
          {
            "X": 0.18745915591716766,
            "Y": 0.26210567355155945
          },
          {
            "X": 0.14194665849208832,
            "Y": 0.2633126378059387
          }
        ]
      },
      "Id": "e70067a4-5a5d-4adb-8d3e-53128a86fda6",
      "Page": 1
    },
    {
      "BlockType": "WORD",
      "Confidence": 99.88357543945312,
      "Text": "de",
      "TextType": "PRINTED",
      "Geometry": {
        "BoundingBox": {
          "Width": 0.01351736206561327,
          "Height": 0.00880543701350689,
          "Left": 0.19041545689105988,
          "Top": 0.25158536434173584
        },
        "Polygon": [
          {
            "X": 0.19042713940143585,
            "Y": 0.25194624066352844
          },
          {
            "X": 0.20393280684947968,
            "Y": 0.25158536434173584
          },
          {
            "X": 0.20392270386219025,
            "Y": 0.26003214716911316
          },
          {
            "X": 0.19041545689105988,
            "Y": 0.2603907883167267
          }
        ]
      },
      "Id": "4682652f-cf03-4f2d-9adc-e9f36f0ba60e",
      "Page": 1
    },
    {
      "BlockType": "WORD",
      "Confidence": 99.42230987548828,
      "Text": "alta",
      "TextType": "PRINTED",
      "Geometry": {
        "BoundingBox": {
          "Width": 0.020624930039048195,
          "Height": 0.009258154779672623,
          "Left": 0.2068416029214859,
          "Top": 0.25004562735557556
        },
        "Polygon": [
          {
            "X": 0.20685166120529175,
            "Y": 0.25059688091278076
          },
          {
            "X": 0.22746652364730835,
            "Y": 0.25004562735557556
          },
          {
            "X": 0.22745896875858307,
            "Y": 0.2587560713291168
          },
          {
            "X": 0.2068416029214859,
            "Y": 0.2593037784099579
          }
        ]
      },
      "Id": "b753f111-b7aa-49e3-a79d-efb222e6e614",
      "Page": 1
    },
    {
      "BlockType": "WORD",
      "Confidence": 99.10689544677734,
      "Text": "qualidade",
      "TextType": "PRINTED",
      "Geometry": {
        "BoundingBox": {
          "Width": 0.054295677691698074,
          "Height": 0.012783844023942947,
          "Left": 0.23075613379478455,
          "Top": 0.2465563267469406
        },
        "Polygon": [
          {
            "X": 0.2307654470205307,
            "Y": 0.24801011383533478
          },
          {
            "X": 0.28505179286003113,
            "Y": 0.2465563267469406
          },
          {
            "X": 0.28505104780197144,
            "Y": 0.2578985393047333
          },
          {
            "X": 0.23075613379478455,
            "Y": 0.25934016704559326
          }
        ]
      },
      "Id": "d749e8c2-a817-4a5e-bcac-96b1e50387ce",
      "Page": 1
    },
    {
      "BlockType": "WORD",
      "Confidence": 97.90713500976562,
      "Text": "Create",
      "TextType": "PRINTED",
      "Geometry": {
        "BoundingBox": {
          "Width": 0.020990919321775436,
          "Height": 0.005712129641324282,
          "Left": 0.3268622159957886,
          "Top": 0.2477903813123703
        },
        "Polygon": [
          {
            "X": 0.3268622159957886,
            "Y": 0.24835117161273956
          },
          {
            "X": 0.34784895181655884,
            "Y": 0.2477903813123703
          },
          {
            "X": 0.3478531241416931,
            "Y": 0.25294384360313416
          },
          {
            "X": 0.3268648684024811,
            "Y": 0.2535025179386139
          }
        ]
      },
      "Id": "407c1295-4aaa-450b-9738-fcdc48121962",
      "Page": 1
    },
    {
      "BlockType": "WORD",
      "Confidence": 99.88763427734375,
      "Text": "new",
      "TextType": "PRINTED",
      "Geometry": {
        "BoundingBox": {
          "Width": 0.013591383583843708,
          "Height": 0.004677823279052973,
          "Left": 0.34947773814201355,
          "Top": 0.24746334552764893
        },
        "Polygon": [
          {
            "X": 0.34947773814201355,
            "Y": 0.24782639741897583
          },
          {
            "X": 0.363064706325531,
            "Y": 0.24746334552764893
          },
          {
            "X": 0.3630691170692444,
            "Y": 0.2517792880535126
          },
          {
            "X": 0.3494813144207001,
            "Y": 0.25214117765426636
          }
        ]
      },
      "Id": "69925c6d-65f5-494a-8f6d-22ed36de1272",
      "Page": 1
    },
    {
      "BlockType": "WORD",
      "Confidence": 99.76750946044922,
      "Text": "model",
      "TextType": "PRINTED",
      "Geometry": {
        "BoundingBox": {
          "Width": 0.02112564817070961,
          "Height": 0.006007635500282049,
          "Left": 0.3649364709854126,
          "Top": 0.24529728293418884
        },
        "Polygon": [
          {
            "X": 0.3649364709854126,
            "Y": 0.24586221575737
          },
          {
            "X": 0.3860548138618469,
            "Y": 0.24529728293418884
          },
          {
            "X": 0.3860621154308319,
            "Y": 0.25074225664138794
          },
          {
            "X": 0.36494216322898865,
            "Y": 0.2513049244880676
          }
        ]
      },
      "Id": "b6e415aa-d661-479b-a470-8925451978d4",
      "Page": 1
    },
    {
      "BlockType": "WORD",
      "Confidence": 99.71659088134766,
      "Text": "para",
      "TextType": "PRINTED",
      "Geometry": {
        "BoundingBox": {
          "Width": 0.02369394525885582,
          "Height": 0.008714974857866764,
          "Left": 0.11777763068675995,
          "Top": 0.27120354771614075
        },
        "Polygon": [
          {
            "X": 0.11779700964689255,
            "Y": 0.2718276083469391
          },
          {
            "X": 0.14147157967090607,
            "Y": 0.27120354771614075
          },
          {
            "X": 0.14145486056804657,
            "Y": 0.27929824590682983
          },
          {
            "X": 0.11777763068675995,
            "Y": 0.27991852164268494
          }
        ]
      },
      "Id": "d216f83d-2c09-43f2-82f7-96d27f656784",
      "Page": 1
    },
    {
      "BlockType": "WORD",
      "Confidence": 89.1286849975586,
      "Text": "regressão,",
      "TextType": "PRINTED",
      "Geometry": {
        "BoundingBox": {
          "Width": 0.05585002526640892,
          "Height": 0.012513725087046623,
          "Left": 0.14474789798259735,
          "Top": 0.26586681604385376
        },
        "Polygon": [
          {
            "X": 0.14477019011974335,
            "Y": 0.2673426866531372
          },
          {
            "X": 0.20059792697429657,
            "Y": 0.26586681604385376
          },
          {
            "X": 0.20058420300483704,
            "Y": 0.27691686153411865
          },
          {
            "X": 0.14474789798259735,
            "Y": 0.27838054299354553
          }
        ]
      },
      "Id": "af47d31f-7d70-4247-bc0d-b1042b1c163b",
      "Page": 1
    },
    {
      "BlockType": "WORD",
      "Confidence": 84.47379302978516,
      "Text": "classificação,",
      "TextType": "PRINTED",
      "Geometry": {
        "BoundingBox": {
          "Width": 0.07389679551124573,
          "Height": 0.014199445955455303,
          "Left": 0.20403702557086945,
          "Top": 0.2608703672885895
        },
        "Polygon": [
          {
            "X": 0.2040516436100006,
            "Y": 0.26282796263694763
          },
          {
            "X": 0.277933806180954,
            "Y": 0.2608703672885895
          },
          {
            "X": 0.2779317796230316,
            "Y": 0.2731301486492157
          },
          {
            "X": 0.20403702557086945,
            "Y": 0.27506983280181885
          }
        ]
      },
      "Id": "024cf1ed-1cf0-401e-ad51-6a7e46511478",
      "Page": 1
    },
    {
      "BlockType": "WORD",
      "Confidence": 84.4565658569336,
      "Text": "Model",
      "TextType": "PRINTED",
      "Geometry": {
        "BoundingBox": {
          "Width": 0.013992882333695889,
          "Height": 0.004072684794664383,
          "Left": 0.3258987367153168,
          "Top": 0.2625690996646881
        },
        "Polygon": [
          {
            "X": 0.3258987367153168,
            "Y": 0.26293885707855225
          },
          {
            "X": 0.3398890197277069,
            "Y": 0.2625690996646881
          },
          {
            "X": 0.33989161252975464,
            "Y": 0.2662730813026428
          },
          {
            "X": 0.3259005844593048,
            "Y": 0.2666417956352234
          }
        ]
      },
      "Id": "35530eda-810e-4873-a8de-fcca3cc1146f",
      "Page": 1
    },
    {
      "BlockType": "WORD",
      "Confidence": 98.58306884765625,
      "Text": "previsão",
      "TextType": "PRINTED",
      "Geometry": {
        "BoundingBox": {
          "Width": 0.04565969854593277,
          "Height": 0.011770982295274734,
          "Left": 0.11668754369020462,
          "Top": 0.2815019488334656
        },
        "Polygon": [
          {
            "X": 0.1167130321264267,
            "Y": 0.28269490599632263
          },
          {
            "X": 0.1623472422361374,
            "Y": 0.2815019488334656
          },
          {
            "X": 0.16232845187187195,
            "Y": 0.2920895516872406
          },
          {
            "X": 0.11668754369020462,
            "Y": 0.2932729423046112
          }
        ]
      },
      "Id": "6f88f6aa-aab4-4f72-a7fb-654021d3723e",
      "Page": 1
    },
    {
      "BlockType": "WORD",
      "Confidence": 99.67730712890625,
      "Text": "e",
      "TextType": "PRINTED",
      "Geometry": {
        "BoundingBox": {
          "Width": 0.006355077959597111,
          "Height": 0.005914424080401659,
          "Left": 0.16561686992645264,
          "Top": 0.2828005850315094
        },
        "Polygon": [
          {
            "X": 0.16562680900096893,
            "Y": 0.2829662561416626
          },
          {
            "X": 0.17197194695472717,
            "Y": 0.2828005850315094
          },
          {
            "X": 0.17196251451969147,
            "Y": 0.2885500490665436
          },
          {
            "X": 0.16561686992645264,
            "Y": 0.2887150049209595
          }
        ]
      },
      "Id": "6a396577-d2b7-4064-a879-8daaea92bb17",
      "Page": 1
    },
    {
      "BlockType": "WORD",
      "Confidence": 99.64111328125,
      "Text": "ajuste",
      "TextType": "PRINTED",
      "Geometry": {
        "BoundingBox": {
          "Width": 0.03365951031446457,
          "Height": 0.011129195801913738,
          "Left": 0.17499911785125732,
          "Top": 0.27885857224464417
        },
        "Polygon": [
          {
            "X": 0.17501550912857056,
            "Y": 0.27973902225494385
          },
          {
            "X": 0.2086586356163025,
            "Y": 0.27885857224464417
          },
          {
            "X": 0.20864704251289368,
            "Y": 0.2891141176223755
          },
          {
            "X": 0.17499911785125732,
            "Y": 0.2899877429008484
          }
        ]
      },
      "Id": "e55e7915-516b-4b1f-b1da-75f9bf9ab129",
      "Page": 1
    },
    {
      "BlockType": "WORD",
      "Confidence": 99.81307220458984,
      "Text": "fino",
      "TextType": "PRINTED",
      "Geometry": {
        "BoundingBox": {
          "Width": 0.022760912775993347,
          "Height": 0.0090111643075943,
          "Left": 0.21162965893745422,
          "Top": 0.277332067489624
        },
        "Polygon": [
          {
            "X": 0.21163882315158844,
            "Y": 0.27792787551879883
          },
          {
            "X": 0.23439057171344757,
            "Y": 0.277332067489624
          },
          {
            "X": 0.23438407480716705,
            "Y": 0.28575119376182556
          },
          {
            "X": 0.21162965893745422,
            "Y": 0.28634321689605713
          }
        ]
      },
      "Id": "a98de81c-0c5a-4e25-a1a2-3d1c3d86d542",
      "Page": 1
    },
    {
      "BlockType": "WORD",
      "Confidence": 99.85775756835938,
      "Text": "de",
      "TextType": "PRINTED",
      "Geometry": {
        "BoundingBox": {
          "Width": 0.014130398631095886,
          "Height": 0.00882007647305727,
          "Left": 0.23756104707717896,
          "Top": 0.2761566638946533
        },
        "Polygon": [
          {
            "X": 0.23756720125675201,
            "Y": 0.2765267491340637
          },
          {
            "X": 0.25169146060943604,
            "Y": 0.2761566638946533
          },
          {
            "X": 0.2516869604587555,
            "Y": 0.28460898995399475
          },
          {
            "X": 0.23756104707717896,
            "Y": 0.2849767208099365
          }
        ]
      },
      "Id": "547dc66b-b31d-4701-8f50-e3845cfb97ce",
      "Page": 1
    },
    {
      "BlockType": "WORD",
      "Confidence": 99.93600463867188,
      "Text": "FM",
      "TextType": "PRINTED",
      "Geometry": {
        "BoundingBox": {
          "Width": 0.016177233308553696,
          "Height": 0.007985700853168964,
          "Left": 0.2556746304035187,
          "Top": 0.2757083475589752
        },
        "Polygon": [
          {
            "X": 0.2556782364845276,
            "Y": 0.27613210678100586
          },
          {
            "X": 0.27185186743736267,
            "Y": 0.2757083475589752
          },
          {
            "X": 0.27184998989105225,
            "Y": 0.28327271342277527
          },
          {
            "X": 0.2556746304035187,
            "Y": 0.2836940586566925
          }
        ]
      },
      "Id": "31e738b4-0139-48a0-9180-3b5d49230042",
      "Page": 1
    },
    {
      "BlockType": "WORD",
      "Confidence": 76.99588775634766,
      "Text": "Hymodel",
      "TextType": "PRINTED",
      "Geometry": {
        "BoundingBox": {
          "Width": 0.02066991850733757,
          "Height": 0.005177776329219341,
          "Left": 0.32940155267715454,
          "Top": 0.2748992443084717
        },
        "Polygon": [
          {
            "X": 0.32940155267715454,
            "Y": 0.2754402160644531
          },
          {
            "X": 0.3500675857067108,
            "Y": 0.2748992443084717
          },
          {
            "X": 0.3500714600086212,
            "Y": 0.27953797578811646
          },
          {
            "X": 0.3294040858745575,
            "Y": 0.2800770401954651
          }
        ]
      },
      "Id": "13da4dbe-2469-438f-9276-6957f8acfdb5",
      "Page": 1
    },
    {
      "BlockType": "WORD",
      "Confidence": 99.34683990478516,
      "Text": "ce",
      "TextType": "PRINTED",
      "Geometry": {
        "BoundingBox": {
          "Width": 0.02099519781768322,
          "Height": 0.010586165823042393,
          "Left": 0.018440311774611473,
          "Top": 0.2976493239402771
        },
        "Polygon": [
          {
            "X": 0.018478238955140114,
            "Y": 0.29819169640541077
          },
          {
            "X": 0.03943550959229469,
            "Y": 0.2976493239402771
          },
          {
            "X": 0.03940049558877945,
            "Y": 0.3076972961425781
          },
          {
            "X": 0.018440311774611473,
            "Y": 0.3082354664802551
          }
        ]
      },
      "Id": "119236f1-cb0f-40dc-8965-c1875ab8041c",
      "Page": 1
    },
    {
      "BlockType": "WORD",
      "Confidence": 90.40380859375,
      "Text": "Problem",
      "TextType": "PRINTED",
      "Geometry": {
        "BoundingBox": {
          "Width": 0.019071394577622414,
          "Height": 0.004423912614583969,
          "Left": 0.32438623905181885,
          "Top": 0.29722699522972107
        },
        "Polygon": [
          {
            "X": 0.32438623905181885,
            "Y": 0.2977176308631897
          },
          {
            "X": 0.3434546887874603,
            "Y": 0.29722699522972107
          },
          {
            "X": 0.3434576392173767,
            "Y": 0.3011617362499237
          },
          {
            "X": 0.32438814640045166,
            "Y": 0.30165091156959534
          }
        ]
      },
      "Id": "e95c78ff-8ff7-4976-9048-b446972a2ada",
      "Page": 1
    },
    {
      "BlockType": "WORD",
      "Confidence": 48.920074462890625,
      "Text": "type",
      "TextType": "PRINTED",
      "Geometry": {
        "BoundingBox": {
          "Width": 0.009818891994655132,
          "Height": 0.0038325258065015078,
          "Left": 0.34474295377731323,
          "Top": 0.2969892621040344
        },
        "Polygon": [
          {
            "X": 0.34474295377731323,
            "Y": 0.29724180698394775
          },
          {
            "X": 0.35455864667892456,
            "Y": 0.2969892621040344
          },
          {
            "X": 0.35456186532974243,
            "Y": 0.30056992173194885
          },
          {
            "X": 0.3447456955909729,
            "Y": 0.30082178115844727
          }
        ]
      },
      "Id": "a16adee7-93df-41ac-ac5b-f7cbe36cefb9",
      "Page": 1
    },
    {
      "BlockType": "WORD",
      "Confidence": 37.52198791503906,
      "Text": "Salacy",
      "TextType": "PRINTED",
      "Geometry": {
        "BoundingBox": {
          "Width": 0.013035492040216923,
          "Height": 0.004007052630186081,
          "Left": 0.32426851987838745,
          "Top": 0.30516281723976135
        },
        "Polygon": [
          {
            "X": 0.32426851987838745,
            "Y": 0.30549612641334534
          },
          {
            "X": 0.3373015820980072,
            "Y": 0.30516281723976135
          },
          {
            "X": 0.337304025888443,
            "Y": 0.30883750319480896
          },
          {
            "X": 0.3242702782154083,
            "Y": 0.30916985869407654
          }
        ]
      },
      "Id": "6e61c133-3d39-46d9-b8bd-9f094e0acc71",
      "Page": 1
    },
    {
      "BlockType": "WORD",
      "Confidence": 95.71234893798828,
      "Text": "the",
      "TextType": "PRINTED",
      "Geometry": {
        "BoundingBox": {
          "Width": 0.0069424151442945,
          "Height": 0.003926620353013277,
          "Left": 0.33821067214012146,
          "Top": 0.30486395955085754
        },
        "Polygon": [
          {
            "X": 0.33821067214012146,
            "Y": 0.30504146218299866
          },
          {
            "X": 0.3451502025127411,
            "Y": 0.30486395955085754
          },
          {
            "X": 0.3451530635356903,
            "Y": 0.3086136281490326
          },
          {
            "X": 0.338213175535202,
            "Y": 0.3087905943393707
          }
        ]
      },
      "Id": "64b7c9a8-3dee-40ba-a832-e4d8afcabfad",
      "Page": 1
    },
    {
      "BlockType": "WORD",
      "Confidence": 91.48783874511719,
      "Text": "problem",
      "TextType": "PRINTED",
      "Geometry": {
        "BoundingBox": {
          "Width": 0.01779230870306492,
          "Height": 0.004637661390006542,
          "Left": 0.34639230370521545,
          "Top": 0.30404427647590637
        },
        "Polygon": [
          {
            "X": 0.34639230370521545,
            "Y": 0.3044993579387665
          },
          {
            "X": 0.3641802966594696,
            "Y": 0.30404427647590637
          },
          {
            "X": 0.3641846179962158,
            "Y": 0.30822834372520447
          },
          {
            "X": 0.3463956117630005,
            "Y": 0.3086819350719452
          }
        ]
      },
      "Id": "24579c7a-d488-4c19-b888-2094a7df020b",
      "Page": 1
    },
    {
      "BlockType": "WORD",
      "Confidence": 28.334930419921875,
      "Text": "FIDE",
      "TextType": "PRINTED",
      "Geometry": {
        "BoundingBox": {
          "Width": 0.009900599718093872,
          "Height": 0.0028528484981507063,
          "Left": 0.615790069103241,
          "Top": 0.33202633261680603
        },
        "Polygon": [
          {
            "X": 0.615790069103241,
            "Y": 0.3322724401950836
          },
          {
            "X": 0.6256784796714783,
            "Y": 0.33202633261680603
          },
          {
            "X": 0.6256906390190125,
            "Y": 0.33463355898857117
          },
          {
            "X": 0.6158018708229065,
            "Y": 0.33487915992736816
          }
        ]
      },
      "Id": "13148767-418d-4d75-a71c-131bb018e82e",
      "Page": 1
    },
    {
      "BlockType": "WORD",
      "Confidence": 93.12704467773438,
      "Text": "foundation",
      "TextType": "PRINTED",
      "Geometry": {
        "BoundingBox": {
          "Width": 0.02674274519085884,
          "Height": 0.004965712316334248,
          "Left": 0.6412029266357422,
          "Top": 0.3294464647769928
        },
        "Polygon": [
          {
            "X": 0.6412029266357422,
            "Y": 0.33011236786842346
          },
          {
            "X": 0.6679230332374573,
            "Y": 0.3294464647769928
          },
          {
            "X": 0.6679456233978271,
            "Y": 0.33374854922294617
          },
          {
            "X": 0.6412239074707031,
            "Y": 0.33441218733787537
          }
        ]
      },
      "Id": "9e7b0f70-607b-47ea-9a99-9f7d3eac2c43",
      "Page": 1
    },
    {
      "BlockType": "WORD",
      "Confidence": 92.28138732910156,
      "Text": "model",
      "TextType": "PRINTED",
      "Geometry": {
        "BoundingBox": {
          "Width": 0.01648974046111107,
          "Height": 0.0043417843990027905,
          "Left": 0.6684236526489258,
          "Top": 0.3288513422012329
        },
        "Polygon": [
          {
            "X": 0.6684236526489258,
            "Y": 0.32926180958747864
          },
          {
            "X": 0.6848917603492737,
            "Y": 0.3288513422012329
          },
          {
            "X": 0.6849133968353271,
            "Y": 0.33278393745422363
          },
          {
            "X": 0.6684443354606628,
            "Y": 0.3331931233406067
          }
        ]
      },
      "Id": "d0a03f3b-b3e8-4f2e-98cc-1ed14cc1ef09",
      "Page": 1
    },
    {
      "BlockType": "WORD",
      "Confidence": 67.72047424316406,
      "Text": "Predictive",
      "TextType": "PRINTED",
      "Geometry": {
        "BoundingBox": {
          "Width": 0.020816456526517868,
          "Height": 0.0046933372505009174,
          "Left": 0.3344772160053253,
          "Top": 0.3416367173194885
        },
        "Polygon": [
          {
            "X": 0.3344772160053253,
            "Y": 0.34215351939201355
          },
          {
            "X": 0.35528984665870667,
            "Y": 0.3416367173194885
          },
          {
            "X": 0.3552936613559723,
            "Y": 0.34581494331359863
          },
          {
            "X": 0.33447980880737305,
            "Y": 0.34633004665374756
          }
        ]
      },
      "Id": "66901127-303f-43c6-85be-ba2252a0068c",
      "Page": 1
    },
    {
      "BlockType": "WORD",
      "Confidence": 46.59749984741211,
      "Text": "image",
      "TextType": "PRINTED",
      "Geometry": {
        "BoundingBox": {
          "Width": 0.013831797055900097,
          "Height": 0.004380121827125549,
          "Left": 0.42461732029914856,
          "Top": 0.33939269185066223
        },
        "Polygon": [
          {
            "X": 0.42461732029914856,
            "Y": 0.3397360146045685
          },
          {
            "X": 0.4384407699108124,
            "Y": 0.33939269185066223
          },
          {
            "X": 0.43844911456108093,
            "Y": 0.3434305787086487
          },
          {
            "X": 0.42462486028671265,
            "Y": 0.3437727987766266
          }
        ]
      },
      "Id": "1eff85c7-f5f5-41d4-ac03-527bb2f51f38",
      "Page": 1
    },
    {
      "BlockType": "WORD",
      "Confidence": 85.51710510253906,
      "Text": "analysis",
      "TextType": "PRINTED",
      "Geometry": {
        "BoundingBox": {
          "Width": 0.018480300903320312,
          "Height": 0.004394720308482647,
          "Left": 0.43902090191841125,
          "Top": 0.33860263228416443
        },
        "Polygon": [
          {
            "X": 0.43902090191841125,
            "Y": 0.3390614986419678
          },
          {
            "X": 0.45749202370643616,
            "Y": 0.33860263228416443
          },
          {
            "X": 0.45750120282173157,
            "Y": 0.34253990650177
          },
          {
            "X": 0.4390290677547455,
            "Y": 0.34299734234809875
          }
        ]
      },
      "Id": "6b0c0ef3-23b0-4f60-96a2-80eea65762c0",
      "Page": 1
    },
    {
      "BlockType": "WORD",
      "Confidence": 87.50443267822266,
      "Text": "Text",
      "TextType": "PRINTED",
      "Geometry": {
        "BoundingBox": {
          "Width": 0.00982365570962429,
          "Height": 0.004252533428370953,
          "Left": 0.5179524421691895,
          "Top": 0.33556661009788513
        },
        "Polygon": [
          {
            "X": 0.5179524421691895,
            "Y": 0.3358105719089508
          },
          {
            "X": 0.5277628302574158,
            "Y": 0.33556661009788513
          },
          {
            "X": 0.5277760624885559,
            "Y": 0.33957594633102417
          },
          {
            "X": 0.5179651379585266,
            "Y": 0.33981913328170776
          }
        ]
      },
      "Id": "8feab13a-e64b-4521-8cfb-6356349cd79f",
      "Page": 1
    },
    {
      "BlockType": "WORD",
      "Confidence": 57.17108917236328,
      "Text": "Cancel",
      "TextType": "PRINTED",
      "Geometry": {
        "BoundingBox": {
          "Width": 0.01593063399195671,
          "Height": 0.004617795813828707,
          "Left": 0.6461012959480286,
          "Top": 0.37013205885887146
        },
        "Polygon": [
          {
            "X": 0.6461012959480286,
            "Y": 0.3705156445503235
          },
          {
            "X": 0.6620100140571594,
            "Y": 0.37013205885887146
          },
          {
            "X": 0.662031888961792,
            "Y": 0.3743675947189331
          },
          {
            "X": 0.6461222171783447,
            "Y": 0.3747498393058777
          }
        ]
      },
      "Id": "85226327-c100-4001-9828-3e6ed39c8c36",
      "Page": 1
    },
    {
      "BlockType": "WORD",
      "Confidence": 87.0521240234375,
      "Text": "Create",
      "TextType": "PRINTED",
      "Geometry": {
        "BoundingBox": {
          "Width": 0.016663432121276855,
          "Height": 0.004679455887526274,
          "Left": 0.6771278977394104,
          "Top": 0.3692193627357483
        },
        "Polygon": [
          {
            "X": 0.6771278977394104,
            "Y": 0.3696206212043762
          },
          {
            "X": 0.6937673091888428,
            "Y": 0.3692193627357483
          },
          {
            "X": 0.6937913298606873,
            "Y": 0.37349897623062134
          },
          {
            "X": 0.6771509647369385,
            "Y": 0.37389883399009705
          }
        ]
      },
      "Id": "c3130e2b-1b24-44f0-a160-c317120c6825",
      "Page": 1
    }
  ],
  "DetectDocumentTextModelVersion": "1.0"
}