{
  "DocumentMetadata": {
    "Pages": 1
  },
  "JobStatus": "SUCCEEDED",
  "Blocks": [
    {
      "BlockType": "PAGE",
      "Geometry": {
        "BoundingBox": {
          "Width": 1,
          "Height": 1,
          "Left": 0,
          "Top": 0
        },
        "Polygon": [
          {
            "X": 0,
            "Y": 0.000864993198774755
          },
          {
            "X": 0.9986534714698792,
            "Y": 0
          },
          {
            "X": 1,
            "Y": 1
          },
          {
            "X": 0.000008185986189346295,
            "Y": 1
          }
        ]
      },
      "Id": "a550da5b-279f-43ee-952e-e7d38a10f57d",
      "Relationships": [
        {
          "Type": "CHILD",
          "Ids": [
            "0b56eb55-b8ef-4405-82f7-394d62b03902",
            "c9b760b7-fb6c-4bd8-8962-e20322aa76cd",
            "e5ab57f3-1436-4d98-bc0b-ed81971c6b82",
            "b795f2b0-879f-45ed-acb6-789dcda064fc",
            "32e92b97-ea8f-4a15-badf-af5959b7004b",
            "c2fec03c-6573-4dfa-98d8-26ba4cd987e8",
            "7a4202a3-a3c6-434b-8d7b-c0b7b6f51ac2",
            "03facdee-4aee-44db-adb2-27c64847b98a",
            "0cb4aac5-55a0-4b47-befa-f109cdf8110c",
            "af2d77db-5c73-4609-ba10-1af613ef1846",
            "94705cc0-bfb2-4428-9ccc-35a61e4235fb",
            "9c98fbcf-58be-44ff-b736-71ee164d11fe",
            "55ccc6c7-9408-4d88-b3d4-e1fee62fb18b",
            "2c5ef304-826f-4b57-95f3-33645cc142b7",
            "c039a233-8b4f-47ba-a548-47a82ad3ca54",
            "aa3d74db-b1e0-40d2-a497-ba0474bf3e8f",
            "bdd539ef-0e9d-4a6a-bd35-147ffff8a065",
            "98ae80f9-36f3-44ec-820e-fb7a09230f64",
            "7de93f31-0944-4413-b5fb-a26353654368"
          ]
        }
      ],
      "Page": 1
    },
    {
      "BlockType": "LINE",
      "Confidence": 97.57040405273438,
      "Text": "Cloud",
      "Geometry": {
        "BoundingBox": {
          "Width": 0.023474648594856262,
          "Height": 0.006661322433501482,
          "Left": 0.6871829628944397,
          "Top": 0.28178322315216064
        },
        "Polygon": [
          {
            "X": 0.6871829628944397,
            "Y": 0.2827830910682678
          },
          {
            "X": 0.7104953527450562,
            "Y": 0.28178322315216064
          },
          {
            "X": 0.7106575965881348,
            "Y": 0.28745296597480774
          },
          {
            "X": 0.6873421669006348,
            "Y": 0.28844451904296875
          }
        ]
      },
      "Id": "0b56eb55-b8ef-4405-82f7-394d62b03902",
      "Relationships": [
        {
          "Type": "CHILD",
          "Ids": [
            "2af87893-2b68-48c8-b04c-29c18cd75992"
          ]
        }
      ],
      "Page": 1
    },
    {
      "BlockType": "LINE",
      "Confidence": 98.02944946289062,
      "Text": "Sem código em todo o ciclo de vida de ML de",
      "Geometry": {
        "BoundingBox": {
          "Width": 0.40575364232063293,
          "Height": 0.04421379417181015,
          "Left": 0.1554853320121765,
          "Top": 0.28875935077667236
        },
        "Polygon": [
          {
            "X": 0.1554853320121765,
            "Y": 0.3061181604862213
          },
          {
            "X": 0.5605367422103882,
            "Y": 0.28875935077667236
          },
          {
            "X": 0.5612390041351318,
            "Y": 0.3163240849971771
          },
          {
            "X": 0.1559423953294754,
            "Y": 0.3329731523990631
          }
        ]
      },
      "Id": "c9b760b7-fb6c-4bd8-8962-e20322aa76cd",
      "Relationships": [
        {
          "Type": "CHILD",
          "Ids": [
            "2762bcdc-77f1-40d6-a65b-b755fc32744e",
            "a7ea8de0-6c2e-48cd-8566-7458f77bdc4c",
            "d3767310-7334-4af9-9cc0-bf540fef4d7c",
            "169d5118-708e-4d15-9e1b-b10f24d134b3",
            "1cf5f3b6-2cc9-4c38-9ffd-aad346eb98ee",
            "2d34061f-a10e-497d-8073-6efd77304496",
            "c04d658a-4e4c-4e39-ad6d-7e38acd99a74",
            "cb8c63e3-4064-4070-92e0-b9821e24c689",
            "d8e80dc9-dbca-4180-a8d7-d97e1ac042f6",
            "060c199e-50f1-47ed-a007-48a819a16517",
            "4e27b40c-6a12-40cc-83a5-4da9e3c7d37a"
          ]
        }
      ],
      "Page": 1
    },
    {
      "BlockType": "LINE",
      "Confidence": 78.45376586914062,
      "Text": "laws",
      "Geometry": {
        "BoundingBox": {
          "Width": 0.042314302176237106,
          "Height": 0.012707379646599293,
          "Left": 0.6198396682739258,
          "Top": 0.2858442962169647
        },
        "Polygon": [
          {
            "X": 0.6198396682739258,
            "Y": 0.28764092922210693
          },
          {
            "X": 0.6618521213531494,
            "Y": 0.2858442962169647
          },
          {
            "X": 0.662153959274292,
            "Y": 0.29678404331207275
          },
          {
            "X": 0.6201311349868774,
            "Y": 0.29855167865753174
          }
        ]
      },
      "Id": "e5ab57f3-1436-4d98-bc0b-ed81971c6b82",
      "Relationships": [
        {
          "Type": "CHILD",
          "Ids": [
            "e6e3a56c-5490-4a50-b864-a911740d1646"
          ]
        }
      ],
      "Page": 1
    },
    {
      "BlockType": "LINE",
      "Confidence": 99.53258514404297,
      "Text": "Experience",
      "Geometry": {
        "BoundingBox": {
          "Width": 0.04343055188655853,
          "Height": 0.008263971656560898,
          "Left": 0.6874168515205383,
          "Top": 0.28753525018692017
        },
        "Polygon": [
          {
            "X": 0.6874168515205383,
            "Y": 0.2893717586994171
          },
          {
            "X": 0.7306603193283081,
            "Y": 0.28753525018692017
          },
          {
            "X": 0.7308473587036133,
            "Y": 0.293980211019516
          },
          {
            "X": 0.6875975728034973,
            "Y": 0.29579922556877136
          }
        ]
      },
      "Id": "b795f2b0-879f-45ed-acb6-789dcda064fc",
      "Relationships": [
        {
          "Type": "CHILD",
          "Ids": [
            "af08b714-7847-42b4-a28e-c278e4c5f282"
          ]
        }
      ],
      "Page": 1
    },
    {
      "BlockType": "LINE",
      "Confidence": 99.81230926513672,
      "Text": "2025",
      "Geometry": {
        "BoundingBox": {
          "Width": 0.02046634629368782,
          "Height": 0.006674179341644049,
          "Left": 0.687141478061676,
          "Top": 0.29609549045562744
        },
        "Polygon": [
          {
            "X": 0.687141478061676,
            "Y": 0.29694780707359314
          },
          {
            "X": 0.7074414491653442,
            "Y": 0.29609549045562744
          },
          {
            "X": 0.7076078057289124,
            "Y": 0.30192479491233826
          },
          {
            "X": 0.6873051524162292,
            "Y": 0.30276966094970703
          }
        ]
      },
      "Id": "32e92b97-ea8f-4a15-badf-af5959b7004b",
      "Relationships": [
        {
          "Type": "CHILD",
          "Ids": [
            "5d92d105-a6d1-4cf3-908c-e7b2522795f1"
          ]
        }
      ],
      "Page": 1
    },
    {
      "BlockType": "LINE",
      "Confidence": 98.99917602539062,
      "Text": "ponta a ponta",
      "Geometry": {
        "BoundingBox": {
          "Width": 0.11692848801612854,
          "Height": 0.020910687744617462,
          "Left": 0.15382517874240875,
          "Top": 0.3295332193374634
        },
        "Polygon": [
          {
            "X": 0.15382517874240875,
            "Y": 0.33431386947631836
          },
          {
            "X": 0.2704382538795471,
            "Y": 0.3295332193374634
          },
          {
            "X": 0.2707536816596985,
            "Y": 0.34578609466552734
          },
          {
            "X": 0.1540989875793457,
            "Y": 0.35044389963150024
          }
        ]
      },
      "Id": "c2fec03c-6573-4dfa-98d8-26ba4cd987e8",
      "Relationships": [
        {
          "Type": "CHILD",
          "Ids": [
            "5b108eec-d671-46fa-9c81-497a67059e47",
            "a42246e8-06dd-4a6c-93d2-8222dab309bc",
            "048c5e6d-213d-4f30-8922-fc3eeb0762f5"
          ]
        }
      ],
      "Page": 1
    },
    {
      "BlockType": "LINE",
      "Confidence": 99.55685424804688,
      "Text": "Cloud",
      "Geometry": {
        "BoundingBox": {
          "Width": 0.04572700336575508,
          "Height": 0.014779319986701012,
          "Left": 0,
          "Top": 0.3796422779560089
        },
        "Polygon": [
          {
            "X": 0,
            "Y": 0.3814176321029663
          },
          {
            "X": 0.045535214245319366,
            "Y": 0.3796422779560089
          },
          {
            "X": 0.04572700336575508,
            "Y": 0.39268603920936584
          },
          {
            "X": 0,
            "Y": 0.3944215774536133
          }
        ]
      },
      "Id": "7a4202a3-a3c6-434b-8d7b-c0b7b6f51ac2",
      "Relationships": [
        {
          "Type": "CHILD",
          "Ids": [
            "93f89b85-7cd4-43e3-9b7e-794fc60a10c4"
          ]
        }
      ],
      "Page": 1
    },
    {
      "BlockType": "LINE",
      "Confidence": 99.84477233886719,
      "Text": "Experience",
      "Geometry": {
        "BoundingBox": {
          "Width": 0.08392102271318436,
          "Height": 0.017931513488292694,
          "Left": 0,
          "Top": 0.3968569338321686
        },
        "Polygon": [
          {
            "X": 0,
            "Y": 0.40001463890075684
          },
          {
            "X": 0.08369085192680359,
            "Y": 0.3968569338321686
          },
          {
            "X": 0.08392102271318436,
            "Y": 0.41171398758888245
          },
          {
            "X": 0,
            "Y": 0.41478845477104187
          }
        ]
      },
      "Id": "03facdee-4aee-44db-adb2-27c64847b98a",
      "Relationships": [
        {
          "Type": "CHILD",
          "Ids": [
            "094cf8ad-ef63-4ebb-98dd-3ff938a1c09c"
          ]
        }
      ],
      "Page": 1
    },
    {
      "BlockType": "LINE",
      "Confidence": 99.12664794921875,
      "Text": "av",
      "Geometry": {
        "BoundingBox": {
          "Width": 0.09983880817890167,
          "Height": 0.05177152156829834,
          "Left": 0.9001612067222595,
          "Top": 0.3475200831890106
        },
        "Polygon": [
          {
            "X": 0.9001612067222595,
            "Y": 0.35133224725723267
          },
          {
            "X": 1,
            "Y": 0.3475200831890106
          },
          {
            "X": 1,
            "Y": 0.39577919244766235
          },
          {
            "X": 0.9017208814620972,
            "Y": 0.39929160475730896
          }
        ]
      },
      "Id": "0cb4aac5-55a0-4b47-befa-f109cdf8110c",
      "Relationships": [
        {
          "Type": "CHILD",
          "Ids": [
            "70e44788-4bd1-46ea-9699-ccc3969f8b2d"
          ]
        }
      ],
      "Page": 1
    },
    {
      "BlockType": "LINE",
      "Confidence": 99.40667724609375,
      "Text": "025",
      "Geometry": {
        "BoundingBox": {
          "Width": 0.03012836165726185,
          "Height": 0.012964962050318718,
          "Left": 0.0021732046734541655,
          "Top": 0.41778430342674255
        },
        "Polygon": [
          {
            "X": 0.0021732046734541655,
            "Y": 0.4188556373119354
          },
          {
            "X": 0.03212980553507805,
            "Y": 0.41778430342674255
          },
          {
            "X": 0.03230156749486923,
            "Y": 0.42970147728919983
          },
          {
            "X": 0.0023372075520455837,
            "Y": 0.4307492673397064
          }
        ]
      },
      "Id": "af2d77db-5c73-4609-ba10-1af613ef1846",
      "Relationships": [
        {
          "Type": "CHILD",
          "Ids": [
            "be55a951-9d00-4342-b42f-91ed1eeab665"
          ]
        }
      ],
      "Page": 1
    },
    {
      "BlockType": "LINE",
      "Confidence": 99.73657989501953,
      "Text": "Treine e",
      "Geometry": {
        "BoundingBox": {
          "Width": 0.05617091432213783,
          "Height": 0.011619649827480316,
          "Left": 0.3066442012786865,
          "Top": 0.40633705258369446
        },
        "Polygon": [
          {
            "X": 0.3066442012786865,
            "Y": 0.40833717584609985
          },
          {
            "X": 0.36260950565338135,
            "Y": 0.40633705258369446
          },
          {
            "X": 0.36281511187553406,
            "Y": 0.4159914255142212
          },
          {
            "X": 0.3068378269672394,
            "Y": 0.41795670986175537
          }
        ]
      },
      "Id": "94705cc0-bfb2-4428-9ccc-35a61e4235fb",
      "Relationships": [
        {
          "Type": "CHILD",
          "Ids": [
            "094b7aa5-4db1-4b54-9c00-37888fac36c4",
            "a92bf984-03bc-4cf9-811e-92bf2c5ede5e"
          ]
        }
      ],
      "Page": 1
    },
    {
      "BlockType": "LINE",
      "Confidence": 99.87963104248047,
      "Text": "Gere",
      "Geometry": {
        "BoundingBox": {
          "Width": 0.03454471752047539,
          "Height": 0.010948289185762405,
          "Left": 0.46877312660217285,
          "Top": 0.4052341878414154
        },
        "Polygon": [
          {
            "X": 0.46877312660217285,
            "Y": 0.40645164251327515
          },
          {
            "X": 0.5030816197395325,
            "Y": 0.4052341878414154
          },
          {
            "X": 0.5033178329467773,
            "Y": 0.41498640179634094
          },
          {
            "X": 0.469001829624176,
            "Y": 0.4161824584007263
          }
        ]
      },
      "Id": "9c98fbcf-58be-44ff-b736-71ee164d11fe",
      "Relationships": [
        {
          "Type": "CHILD",
          "Ids": [
            "b085bdd8-8608-4520-acde-2eb5231f51e8"
          ]
        }
      ],
      "Page": 1
    },
    {
      "BlockType": "LINE",
      "Confidence": 97.89038848876953,
      "Text": "Implemente",
      "Geometry": {
        "BoundingBox": {
          "Width": 0.10089105367660522,
          "Height": 0.0171285942196846,
          "Left": 0.6016459465026855,
          "Top": 0.3938268721103668
        },
        "Polygon": [
          {
            "X": 0.6016459465026855,
            "Y": 0.3974211812019348
          },
          {
            "X": 0.7021505832672119,
            "Y": 0.3938268721103668
          },
          {
            "X": 0.7025370001792908,
            "Y": 0.40744754672050476
          },
          {
            "X": 0.6020015478134155,
            "Y": 0.4109554588794708
          }
        ]
      },
      "Id": "55ccc6c7-9408-4d88-b3d4-e1fee62fb18b",
      "Relationships": [
        {
          "Type": "CHILD",
          "Ids": [
            "1bcbe0e5-cbaf-4e4e-aca4-83f9ffeee4f0"
          ]
        }
      ],
      "Page": 1
    },
    {
      "BlockType": "LINE",
      "Confidence": 99.67050170898438,
      "Text": "Prepare",
      "Geometry": {
        "BoundingBox": {
          "Width": 0.05032125487923622,
          "Height": 0.012164256535470486,
          "Left": 0.18310028314590454,
          "Top": 0.41943690180778503
        },
        "Polygon": [
          {
            "X": 0.18310028314590454,
            "Y": 0.4212004244327545
          },
          {
            "X": 0.23322749137878418,
            "Y": 0.41943690180778503
          },
          {
            "X": 0.23342153429985046,
            "Y": 0.42987167835235596
          },
          {
            "X": 0.18328285217285156,
            "Y": 0.4316011667251587
          }
        ]
      },
      "Id": "2c5ef304-826f-4b57-95f3-33645cc142b7",
      "Relationships": [
        {
          "Type": "CHILD",
          "Ids": [
            "cc2ee77e-152c-4b46-9bbd-fb07270f9938"
          ]
        }
      ],
      "Page": 1
    },
    {
      "BlockType": "LINE",
      "Confidence": 99.7917709350586,
      "Text": "avalie",
      "Geometry": {
        "BoundingBox": {
          "Width": 0.04148242995142937,
          "Height": 0.011134672909975052,
          "Left": 0.3131796419620514,
          "Top": 0.41886836290359497
        },
        "Polygon": [
          {
            "X": 0.3131796419620514,
            "Y": 0.4203105568885803
          },
          {
            "X": 0.3544568121433258,
            "Y": 0.41886836290359497
          },
          {
            "X": 0.35466206073760986,
            "Y": 0.4285867214202881
          },
          {
            "X": 0.3133760094642639,
            "Y": 0.43000301718711853
          }
        ]
      },
      "Id": "c039a233-8b4f-47ba-a548-47a82ad3ca54",
      "Relationships": [
        {
          "Type": "CHILD",
          "Ids": [
            "841aafac-7e86-41e2-bf45-27d8058bf241"
          ]
        }
      ],
      "Page": 1
    },
    {
      "BlockType": "LINE",
      "Confidence": 99.65402221679688,
      "Text": "dados",
      "Geometry": {
        "BoundingBox": {
          "Width": 0.03909721225500107,
          "Height": 0.010542378760874271,
          "Left": 0.18755283951759338,
          "Top": 0.4313763380050659
        },
        "Polygon": [
          {
            "X": 0.18755283951759338,
            "Y": 0.43271586298942566
          },
          {
            "X": 0.22647981345653534,
            "Y": 0.4313763380050659
          },
          {
            "X": 0.22665004432201385,
            "Y": 0.4406026005744934
          },
          {
            "X": 0.18771518766880035,
            "Y": 0.4419187307357788
          }
        ]
      },
      "Id": "aa3d74db-b1e0-40d2-a497-ba0474bf3e8f",
      "Relationships": [
        {
          "Type": "CHILD",
          "Ids": [
            "ea4c3477-73f3-4302-b504-3661d9b8d85f"
          ]
        }
      ],
      "Page": 1
    },
    {
      "BlockType": "LINE",
      "Confidence": 94.48442840576172,
      "Text": "previsões",
      "Geometry": {
        "BoundingBox": {
          "Width": 0.07075904309749603,
          "Height": 0.014923064969480038,
          "Left": 0.4503982663154602,
          "Top": 0.417277991771698
        },
        "Polygon": [
          {
            "X": 0.4503982663154602,
            "Y": 0.419720321893692
          },
          {
            "X": 0.5208491086959839,
            "Y": 0.417277991771698
          },
          {
            "X": 0.5211573243141174,
            "Y": 0.4298151433467865
          },
          {
            "X": 0.4506867527961731,
            "Y": 0.4322010576725006
          }
        ]
      },
      "Id": "bdd539ef-0e9d-4a6a-bd35-147ffff8a065",
      "Relationships": [
        {
          "Type": "CHILD",
          "Ids": [
            "9532e9d8-05c6-403b-b172-2cab28a24414"
          ]
        }
      ],
      "Page": 1
    },
    {
      "BlockType": "LINE",
      "Confidence": 99.72423553466797,
      "Text": "modelos",
      "Geometry": {
        "BoundingBox": {
          "Width": 0.07187646627426147,
          "Height": 0.013586118817329407,
          "Left": 0.61552894115448,
          "Top": 0.40811681747436523
        },
        "Polygon": [
          {
            "X": 0.61552894115448,
            "Y": 0.4106132686138153
          },
          {
            "X": 0.6870929598808289,
            "Y": 0.40811681747436523
          },
          {
            "X": 0.6874054074287415,
            "Y": 0.41925686597824097
          },
          {
            "X": 0.6158234477043152,
            "Y": 0.42170295119285583
          }
        ]
      },
      "Id": "98ae80f9-36f3-44ec-820e-fb7a09230f64",
      "Relationships": [
        {
          "Type": "CHILD",
          "Ids": [
            "118c0bf6-8ca4-4347-8cf3-73f1599eac09"
          ]
        }
      ],
      "Page": 1
    },
    {
      "BlockType": "LINE",
      "Confidence": 99.7350082397461,
      "Text": "modelos",
      "Geometry": {
        "BoundingBox": {
          "Width": 0.06017693504691124,
          "Height": 0.012227007187902927,
          "Left": 0.3034588396549225,
          "Top": 0.43077874183654785
        },
        "Polygon": [
          {
            "X": 0.3034588396549225,
            "Y": 0.43282589316368103
          },
          {
            "X": 0.3634180724620819,
            "Y": 0.43077874183654785
          },
          {
            "X": 0.363635778427124,
            "Y": 0.4409981369972229
          },
          {
            "X": 0.3036629557609558,
            "Y": 0.4430057406425476
          }
        ]
      },
      "Id": "7de93f31-0944-4413-b5fb-a26353654368",
      "Relationships": [
        {
          "Type": "CHILD",
          "Ids": [
            "d4d2c562-ce17-479c-bcd5-5a251e01fce4"
          ]
        }
      ],
      "Page": 1
    },
    {
      "BlockType": "WORD",
      "Confidence": 97.57040405273438,
      "Text": "Cloud",
      "TextType": "PRINTED",
      "Geometry": {
        "BoundingBox": {
          "Width": 0.023474648594856262,
          "Height": 0.006661322433501482,
          "Left": 0.6871829628944397,
          "Top": 0.28178322315216064
        },
        "Polygon": [
          {
            "X": 0.6871829628944397,
            "Y": 0.2827830910682678
          },
          {
            "X": 0.7104953527450562,
            "Y": 0.28178322315216064
          },
          {
            "X": 0.7106575965881348,
            "Y": 0.28745296597480774
          },
          {
            "X": 0.6873421669006348,
            "Y": 0.28844451904296875
          }
        ]
      },
      "Id": "2af87893-2b68-48c8-b04c-29c18cd75992",
      "Page": 1
    },
    {
      "BlockType": "WORD",
      "Confidence": 99.49777221679688,
      "Text": "Sem",
      "TextType": "PRINTED",
      "Geometry": {
        "BoundingBox": {
          "Width": 0.03468228131532669,
          "Height": 0.012355156242847443,
          "Left": 0.1557566523551941,
          "Top": 0.3206179738044739
        },
        "Polygon": [
          {
            "X": 0.1557566523551941,
            "Y": 0.32205963134765625
          },
          {
            "X": 0.1902448982000351,
            "Y": 0.3206179738044739
          },
          {
            "X": 0.19043892621994019,
            "Y": 0.3315560519695282
          },
          {
            "X": 0.1559423953294754,
            "Y": 0.3329731523990631
          }
        ]
      },
      "Id": "2762bcdc-77f1-40d6-a65b-b755fc32744e",
      "Page": 1
    },
    {
      "BlockType": "WORD",
      "Confidence": 97.90847778320312,
      "Text": "código",
      "TextType": "PRINTED",
      "Geometry": {
        "BoundingBox": {
          "Width": 0.05591236799955368,
          "Height": 0.01618398167192936,
          "Left": 0.1956826001405716,
          "Top": 0.31510022282600403
        },
        "Polygon": [
          {
            "X": 0.1956826001405716,
            "Y": 0.31743720173835754
          },
          {
            "X": 0.251330703496933,
            "Y": 0.31510022282600403
          },
          {
            "X": 0.2515949606895447,
            "Y": 0.3289973735809326
          },
          {
            "X": 0.19592981040477753,
            "Y": 0.33128419518470764
          }
        ]
      },
      "Id": "a7ea8de0-6c2e-48cd-8566-7458f77bdc4c",
      "Page": 1
    },
    {
      "BlockType": "WORD",
      "Confidence": 99.38925170898438,
      "Text": "em",
      "TextType": "PRINTED",
      "Geometry": {
        "BoundingBox": {
          "Width": 0.025783546268939972,
          "Height": 0.009953168220818043,
          "Left": 0.25713491439819336,
          "Top": 0.31466957926750183
        },
        "Polygon": [
          {
            "X": 0.25713491439819336,
            "Y": 0.3157435357570648
          },
          {
            "X": 0.28274351358413696,
            "Y": 0.31466957926750183
          },
          {
            "X": 0.28291845321655273,
            "Y": 0.3235635459423065
          },
          {
            "X": 0.2573048174381256,
            "Y": 0.3246227502822876
          }
        ]
      },
      "Id": "d3767310-7334-4af9-9cc0-bf540fef4d7c",
      "Page": 1
    },
    {
      "BlockType": "WORD",
      "Confidence": 99.32606506347656,
      "Text": "todo",
      "TextType": "PRINTED",
      "Geometry": {
        "BoundingBox": {
          "Width": 0.04034259170293808,
          "Height": 0.013570311479270458,
          "Left": 0.2885786294937134,
          "Top": 0.30832087993621826
        },
        "Polygon": [
          {
            "X": 0.2885786294937134,
            "Y": 0.3100140392780304
          },
          {
            "X": 0.3286755383014679,
            "Y": 0.30832087993621826
          },
          {
            "X": 0.32892122864723206,
            "Y": 0.32022884488105774
          },
          {
            "X": 0.2888137102127075,
            "Y": 0.3218912184238434
          }
        ]
      },
      "Id": "169d5118-708e-4d15-9e1b-b10f24d134b3",
      "Page": 1
    },
    {
      "BlockType": "WORD",
      "Confidence": 83.4923324584961,
      "Text": "o",
      "TextType": "PRINTED",
      "Geometry": {
        "BoundingBox": {
          "Width": 0.010329126380383968,
          "Height": 0.008850944228470325,
          "Left": 0.33500391244888306,
          "Top": 0.30959442257881165
        },
        "Polygon": [
          {
            "X": 0.33500391244888306,
            "Y": 0.3100218176841736
          },
          {
            "X": 0.3451562523841858,
            "Y": 0.30959442257881165
          },
          {
            "X": 0.3453330397605896,
            "Y": 0.3180235028266907
          },
          {
            "X": 0.33517882227897644,
            "Y": 0.3184453845024109
          }
        ]
      },
      "Id": "1cf5f3b6-2cc9-4c38-9ffd-aad346eb98ee",
      "Page": 1
    },
    {
      "BlockType": "WORD",
      "Confidence": 99.58821868896484,
      "Text": "ciclo",
      "TextType": "PRINTED",
      "Geometry": {
        "BoundingBox": {
          "Width": 0.04152054339647293,
          "Height": 0.014691933058202267,
          "Left": 0.3509794771671295,
          "Top": 0.30264565348625183
        },
        "Polygon": [
          {
            "X": 0.3509794771671295,
            "Y": 0.30439493060112
          },
          {
            "X": 0.3922150731086731,
            "Y": 0.30264565348625183
          },
          {
            "X": 0.39250001311302185,
            "Y": 0.3156226873397827
          },
          {
            "X": 0.3512525260448456,
            "Y": 0.3173375725746155
          }
        ]
      },
      "Id": "2d34061f-a10e-497d-8073-6efd77304496",
      "Page": 1
    },
    {
      "BlockType": "WORD",
      "Confidence": 99.84603881835938,
      "Text": "de",
      "TextType": "PRINTED",
      "Geometry": {
        "BoundingBox": {
          "Width": 0.0225388091057539,
          "Height": 0.013335848227143288,
          "Left": 0.3982560634613037,
          "Top": 0.30017393827438354
        },
        "Polygon": [
          {
            "X": 0.3982560634613037,
            "Y": 0.30112001299858093
          },
          {
            "X": 0.4205150902271271,
            "Y": 0.30017393827438354
          },
          {
            "X": 0.42079487442970276,
            "Y": 0.3125813901424408
          },
          {
            "X": 0.39852970838546753,
            "Y": 0.3135097920894623
          }
        ]
      },
      "Id": "c04d658a-4e4c-4e39-ad6d-7e38acd99a74",
      "Page": 1
    },
    {
      "BlockType": "WORD",
      "Confidence": 99.66576385498047,
      "Text": "vida",
      "TextType": "PRINTED",
      "Geometry": {
        "BoundingBox": {
          "Width": 0.040078502148389816,
          "Height": 0.014635604806244373,
          "Left": 0.42584681510925293,
          "Top": 0.2965584695339203
        },
        "Polygon": [
          {
            "X": 0.42584681510925293,
            "Y": 0.2982533872127533
          },
          {
            "X": 0.4656205475330353,
            "Y": 0.2965584695339203
          },
          {
            "X": 0.46592533588409424,
            "Y": 0.30953216552734375
          },
          {
            "X": 0.42614009976387024,
            "Y": 0.3111940920352936
          }
        ]
      },
      "Id": "cb8c63e3-4064-4070-92e0-b9821e24c689",
      "Page": 1
    },
    {
      "BlockType": "WORD",
      "Confidence": 99.80860137939453,
      "Text": "de",
      "TextType": "PRINTED",
      "Geometry": {
        "BoundingBox": {
          "Width": 0.02383773773908615,
          "Height": 0.013670770451426506,
          "Left": 0.4718973636627197,
          "Top": 0.2940674424171448
        },
        "Polygon": [
          {
            "X": 0.4718973636627197,
            "Y": 0.295072078704834
          },
          {
            "X": 0.4954291880130768,
            "Y": 0.2940674424171448
          },
          {
            "X": 0.4957351088523865,
            "Y": 0.30675262212753296
          },
          {
            "X": 0.4721965789794922,
            "Y": 0.30773821473121643
          }
        ]
      },
      "Id": "d8e80dc9-dbca-4180-a8d7-d97e1ac042f6",
      "Page": 1
    },
    {
      "BlockType": "WORD",
      "Confidence": 99.9283218383789,
      "Text": "ML",
      "TextType": "PRINTED",
      "Geometry": {
        "BoundingBox": {
          "Width": 0.029176661744713783,
          "Height": 0.013035420328378677,
          "Left": 0.5019857883453369,
          "Top": 0.29156917333602905
        },
        "Polygon": [
          {
            "X": 0.5019857883453369,
            "Y": 0.292804092168808
          },
          {
            "X": 0.5308685898780823,
            "Y": 0.29156917333602905
          },
          {
            "X": 0.531162440776825,
            "Y": 0.30339139699935913
          },
          {
            "X": 0.5022720098495483,
            "Y": 0.30460458993911743
          }
        ]
      },
      "Id": "060c199e-50f1-47ed-a007-48a819a16517",
      "Page": 1
    },
    {
      "BlockType": "WORD",
      "Confidence": 99.87308502197266,
      "Text": "de",
      "TextType": "PRINTED",
      "Geometry": {
        "BoundingBox": {
          "Width": 0.024102360010147095,
          "Height": 0.013364216312766075,
          "Left": 0.5367493629455566,
          "Top": 0.28875935077667236
        },
        "Polygon": [
          {
            "X": 0.5367493629455566,
            "Y": 0.28977876901626587
          },
          {
            "X": 0.5605367422103882,
            "Y": 0.28875935077667236
          },
          {
            "X": 0.5608516931533813,
            "Y": 0.3011228144168854
          },
          {
            "X": 0.5370576977729797,
            "Y": 0.3021235466003418
          }
        ]
      },
      "Id": "4e27b40c-6a12-40cc-83a5-4da9e3c7d37a",
      "Page": 1
    },
    {
      "BlockType": "WORD",
      "Confidence": 78.45376586914062,
      "Text": "laws",
      "TextType": "PRINTED",
      "Geometry": {
        "BoundingBox": {
          "Width": 0.042314302176237106,
          "Height": 0.012707379646599293,
          "Left": 0.6198396682739258,
          "Top": 0.2858442962169647
        },
        "Polygon": [
          {
            "X": 0.6198396682739258,
            "Y": 0.28764092922210693
          },
          {
            "X": 0.6618521213531494,
            "Y": 0.2858442962169647
          },
          {
            "X": 0.662153959274292,
            "Y": 0.29678404331207275
          },
          {
            "X": 0.6201311349868774,
            "Y": 0.29855167865753174
          }
        ]
      },
      "Id": "e6e3a56c-5490-4a50-b864-a911740d1646",
      "Page": 1
    },
    {
      "BlockType": "WORD",
      "Confidence": 99.53258514404297,
      "Text": "Experience",
      "TextType": "PRINTED",
      "Geometry": {
        "BoundingBox": {
          "Width": 0.04343055188655853,
          "Height": 0.008263971656560898,
          "Left": 0.6874168515205383,
          "Top": 0.28753525018692017
        },
        "Polygon": [
          {
            "X": 0.6874168515205383,
            "Y": 0.2893717586994171
          },
          {
            "X": 0.7306603193283081,
            "Y": 0.28753525018692017
          },
          {
            "X": 0.7308473587036133,
            "Y": 0.293980211019516
          },
          {
            "X": 0.6875975728034973,
            "Y": 0.29579922556877136
          }
        ]
      },
      "Id": "af08b714-7847-42b4-a28e-c278e4c5f282",
      "Page": 1
    },
    {
      "BlockType": "WORD",
      "Confidence": 99.81230926513672,
      "Text": "2025",
      "TextType": "PRINTED",
      "Geometry": {
        "BoundingBox": {
          "Width": 0.02046634629368782,
          "Height": 0.006674179341644049,
          "Left": 0.687141478061676,
          "Top": 0.29609549045562744
        },
        "Polygon": [
          {
            "X": 0.687141478061676,
            "Y": 0.29694780707359314
          },
          {
            "X": 0.7074414491653442,
            "Y": 0.29609549045562744
          },
          {
            "X": 0.7076078057289124,
            "Y": 0.30192479491233826
          },
          {
            "X": 0.6873051524162292,
            "Y": 0.30276966094970703
          }
        ]
      },
      "Id": "5d92d105-a6d1-4cf3-908c-e7b2522795f1",
      "Page": 1
    },
    {
      "BlockType": "WORD",
      "Confidence": 98.81481170654297,
      "Text": "ponta",
      "TextType": "PRINTED",
      "Geometry": {
        "BoundingBox": {
          "Width": 0.04765752702951431,
          "Height": 0.015528161078691483,
          "Left": 0.15386825799942017,
          "Top": 0.33491575717926025
        },
        "Polygon": [
          {
            "X": 0.15386825799942017,
            "Y": 0.3368515074253082
          },
          {
            "X": 0.2012808620929718,
            "Y": 0.33491575717926025
          },
          {
            "X": 0.20152577757835388,
            "Y": 0.3485502302646637
          },
          {
            "X": 0.1540989875793457,
            "Y": 0.35044389963150024
          }
        ]
      },
      "Id": "5b108eec-d671-46fa-9c81-497a67059e47",
      "Page": 1
    },
    {
      "BlockType": "WORD",
      "Confidence": 99.79418182373047,
      "Text": "a",
      "TextType": "PRINTED",
      "Geometry": {
        "BoundingBox": {
          "Width": 0.009510021656751633,
          "Height": 0.008922710083425045,
          "Left": 0.20645751059055328,
          "Top": 0.33523252606391907
        },
        "Polygon": [
          {
            "X": 0.20645751059055328,
            "Y": 0.335613876581192
          },
          {
            "X": 0.21581141650676727,
            "Y": 0.33523252606391907
          },
          {
            "X": 0.21596753597259521,
            "Y": 0.3437791168689728
          },
          {
            "X": 0.20661187171936035,
            "Y": 0.3441552519798279
          }
        ]
      },
      "Id": "a42246e8-06dd-4a6c-93d2-8222dab309bc",
      "Page": 1
    },
    {
      "BlockType": "WORD",
      "Confidence": 98.38854217529297,
      "Text": "ponta",
      "TextType": "PRINTED",
      "Geometry": {
        "BoundingBox": {
          "Width": 0.049525078386068344,
          "Height": 0.01594836451113224,
          "Left": 0.2211843580007553,
          "Top": 0.3295332193374634
        },
        "Polygon": [
          {
            "X": 0.2211843580007553,
            "Y": 0.3315524160861969
          },
          {
            "X": 0.2704382538795471,
            "Y": 0.3295332193374634
          },
          {
            "X": 0.27070942521095276,
            "Y": 0.34350699186325073
          },
          {
            "X": 0.2214403748512268,
            "Y": 0.3454815745353699
          }
        ]
      },
      "Id": "048c5e6d-213d-4f30-8922-fc3eeb0762f5",
      "Page": 1
    },
    {
      "BlockType": "WORD",
      "Confidence": 99.55685424804688,
      "Text": "Cloud",
      "TextType": "PRINTED",
      "Geometry": {
        "BoundingBox": {
          "Width": 0.04572700336575508,
          "Height": 0.014779319986701012,
          "Left": 0,
          "Top": 0.3796422779560089
        },
        "Polygon": [
          {
            "X": 0,
            "Y": 0.3814176321029663
          },
          {
            "X": 0.045535214245319366,
            "Y": 0.3796422779560089
          },
          {
            "X": 0.04572700336575508,
            "Y": 0.39268603920936584
          },
          {
            "X": 0,
            "Y": 0.3944215774536133
          }
        ]
      },
      "Id": "93f89b85-7cd4-43e3-9b7e-794fc60a10c4",
      "Page": 1
    },
    {
      "BlockType": "WORD",
      "Confidence": 99.84477233886719,
      "Text": "Experience",
      "TextType": "PRINTED",
      "Geometry": {
        "BoundingBox": {
          "Width": 0.08392102271318436,
          "Height": 0.017931513488292694,
          "Left": 0,
          "Top": 0.3968569338321686
        },
        "Polygon": [
          {
            "X": 0,
            "Y": 0.40001463890075684
          },
          {
            "X": 0.08369085192680359,
            "Y": 0.3968569338321686
          },
          {
            "X": 0.08392102271318436,
            "Y": 0.41171398758888245
          },
          {
            "X": 0,
            "Y": 0.41478845477104187
          }
        ]
      },
      "Id": "094cf8ad-ef63-4ebb-98dd-3ff938a1c09c",
      "Page": 1
    },
    {
      "BlockType": "WORD",
      "Confidence": 99.12664794921875,
      "Text": "av",
      "TextType": "PRINTED",
      "Geometry": {
        "BoundingBox": {
          "Width": 0.09983880817890167,
          "Height": 0.05177152156829834,
          "Left": 0.9001612067222595,
          "Top": 0.3475200831890106
        },
        "Polygon": [
          {
            "X": 0.9001612067222595,
            "Y": 0.35133224725723267
          },
          {
            "X": 1,
            "Y": 0.3475200831890106
          },
          {
            "X": 1,
            "Y": 0.39577919244766235
          },
          {
            "X": 0.9017208814620972,
            "Y": 0.39929160475730896
          }
        ]
      },
      "Id": "70e44788-4bd1-46ea-9699-ccc3969f8b2d",
      "Page": 1
    },
    {
      "BlockType": "WORD",
      "Confidence": 99.40667724609375,
      "Text": "025",
      "TextType": "PRINTED",
      "Geometry": {
        "BoundingBox": {
          "Width": 0.03012836165726185,
          "Height": 0.012964962050318718,
          "Left": 0.0021732046734541655,
          "Top": 0.41778430342674255
        },
        "Polygon": [
          {
            "X": 0.0021732046734541655,
            "Y": 0.4188556373119354
          },
          {
            "X": 0.03212980553507805,
            "Y": 0.41778430342674255
          },
          {
            "X": 0.03230156749486923,
            "Y": 0.42970147728919983
          },
          {
            "X": 0.0023372075520455837,
            "Y": 0.4307492673397064
          }
        ]
      },
      "Id": "be55a951-9d00-4342-b42f-91ed1eeab665",
      "Page": 1
    },
    {
      "BlockType": "WORD",
      "Confidence": 99.79351043701172,
      "Text": "Treine",
      "TextType": "PRINTED",
      "Geometry": {
        "BoundingBox": {
          "Width": 0.04443643242120743,
          "Height": 0.011200363747775555,
          "Left": 0.3066442012786865,
          "Top": 0.40675634145736694
        },
        "Polygon": [
          {
            "X": 0.3066442012786865,
            "Y": 0.40833717584609985
          },
          {
            "X": 0.3508775532245636,
            "Y": 0.40675634145736694
          },
          {
            "X": 0.35108062624931335,
            "Y": 0.4164034128189087
          },
          {
            "X": 0.3068378269672394,
            "Y": 0.41795670986175537
          }
        ]
      },
      "Id": "094b7aa5-4db1-4b54-9c00-37888fac36c4",
      "Page": 1
    },
    {
      "BlockType": "WORD",
      "Confidence": 99.67963409423828,
      "Text": "e",
      "TextType": "PRINTED",
      "Geometry": {
        "BoundingBox": {
          "Width": 0.008092699572443962,
          "Height": 0.0075617339462041855,
          "Left": 0.3547075688838959,
          "Top": 0.4080120027065277
        },
        "Polygon": [
          {
            "X": 0.3547075688838959,
            "Y": 0.40829482674598694
          },
          {
            "X": 0.3626451790332794,
            "Y": 0.4080120027065277
          },
          {
            "X": 0.362800270318985,
            "Y": 0.4152946472167969
          },
          {
            "X": 0.35486137866973877,
            "Y": 0.41557374596595764
          }
        ]
      },
      "Id": "a92bf984-03bc-4cf9-811e-92bf2c5ede5e",
      "Page": 1
    },
    {
      "BlockType": "WORD",
      "Confidence": 99.87963104248047,
      "Text": "Gere",
      "TextType": "PRINTED",
      "Geometry": {
        "BoundingBox": {
          "Width": 0.03454471752047539,
          "Height": 0.010948289185762405,
          "Left": 0.46877312660217285,
          "Top": 0.4052341878414154
        },
        "Polygon": [
          {
            "X": 0.46877312660217285,
            "Y": 0.40645164251327515
          },
          {
            "X": 0.5030816197395325,
            "Y": 0.4052341878414154
          },
          {
            "X": 0.5033178329467773,
            "Y": 0.41498640179634094
          },
          {
            "X": 0.469001829624176,
            "Y": 0.4161824584007263
          }
        ]
      },
      "Id": "b085bdd8-8608-4520-acde-2eb5231f51e8",
      "Page": 1
    },
    {
      "BlockType": "WORD",
      "Confidence": 97.89038848876953,
      "Text": "Implemente",
      "TextType": "PRINTED",
      "Geometry": {
        "BoundingBox": {
          "Width": 0.10089105367660522,
          "Height": 0.0171285942196846,
          "Left": 0.6016459465026855,
          "Top": 0.3938268721103668
        },
        "Polygon": [
          {
            "X": 0.6016459465026855,
            "Y": 0.3974211812019348
          },
          {
            "X": 0.7021505832672119,
            "Y": 0.3938268721103668
          },
          {
            "X": 0.7025370001792908,
            "Y": 0.40744754672050476
          },
          {
            "X": 0.6020015478134155,
            "Y": 0.4109554588794708
          }
        ]
      },
      "Id": "1bcbe0e5-cbaf-4e4e-aca4-83f9ffeee4f0",
      "Page": 1
    },
    {
      "BlockType": "WORD",
      "Confidence": 99.67050170898438,
      "Text": "Prepare",
      "TextType": "PRINTED",
      "Geometry": {
        "BoundingBox": {
          "Width": 0.05032125487923622,
          "Height": 0.012164256535470486,
          "Left": 0.18310028314590454,
          "Top": 0.41943690180778503
        },
        "Polygon": [
          {
            "X": 0.18310028314590454,
            "Y": 0.4212004244327545
          },
          {
            "X": 0.23322749137878418,
            "Y": 0.41943690180778503
          },
          {
            "X": 0.23342153429985046,
            "Y": 0.42987167835235596
          },
          {
            "X": 0.18328285217285156,
            "Y": 0.4316011667251587
          }
        ]
      },
      "Id": "cc2ee77e-152c-4b46-9bbd-fb07270f9938",
      "Page": 1
    },
    {
      "BlockType": "WORD",
      "Confidence": 99.7917709350586,
      "Text": "avalie",
      "TextType": "PRINTED",
      "Geometry": {
        "BoundingBox": {
          "Width": 0.04148242995142937,
          "Height": 0.011134672909975052,
          "Left": 0.3131796419620514,
          "Top": 0.41886836290359497
        },
        "Polygon": [
          {
            "X": 0.3131796419620514,
            "Y": 0.4203105568885803
          },
          {
            "X": 0.3544568121433258,
            "Y": 0.41886836290359497
          },
          {
            "X": 0.35466206073760986,
            "Y": 0.4285867214202881
          },
          {
            "X": 0.3133760094642639,
            "Y": 0.43000301718711853
          }
        ]
      },
      "Id": "841aafac-7e86-41e2-bf45-27d8058bf241",
      "Page": 1
    },
    {
      "BlockType": "WORD",
      "Confidence": 99.65402221679688,
      "Text": "dados",
      "TextType": "PRINTED",
      "Geometry": {
        "BoundingBox": {
          "Width": 0.03909721225500107,
          "Height": 0.010542378760874271,
          "Left": 0.18755283951759338,
          "Top": 0.4313763380050659
        },
        "Polygon": [
          {
            "X": 0.18755283951759338,
            "Y": 0.43271586298942566
          },
          {
            "X": 0.22647981345653534,
            "Y": 0.4313763380050659
          },
          {
            "X": 0.22665004432201385,
            "Y": 0.4406026005744934
          },
          {
            "X": 0.18771518766880035,
            "Y": 0.4419187307357788
          }
        ]
      },
      "Id": "ea4c3477-73f3-4302-b504-3661d9b8d85f",
      "Page": 1
    },
    {
      "BlockType": "WORD",
      "Confidence": 94.48442840576172,
      "Text": "previsões",
      "TextType": "PRINTED",
      "Geometry": {
        "BoundingBox": {
          "Width": 0.07075904309749603,
          "Height": 0.014923064969480038,
          "Left": 0.4503982663154602,
          "Top": 0.417277991771698
        },
        "Polygon": [
          {
            "X": 0.4503982663154602,
            "Y": 0.419720321893692
          },
          {
            "X": 0.5208491086959839,
            "Y": 0.417277991771698
          },
          {
            "X": 0.5211573243141174,
            "Y": 0.4298151433467865
          },
          {
            "X": 0.4506867527961731,
            "Y": 0.4322010576725006
          }
        ]
      },
      "Id": "9532e9d8-05c6-403b-b172-2cab28a24414",
      "Page": 1
    },
    {
      "BlockType": "WORD",
      "Confidence": 99.72423553466797,
      "Text": "modelos",
      "TextType": "PRINTED",
      "Geometry": {
        "BoundingBox": {
          "Width": 0.07187646627426147,
          "Height": 0.013586118817329407,
          "Left": 0.61552894115448,
          "Top": 0.40811681747436523
        },
        "Polygon": [
          {
            "X": 0.61552894115448,
            "Y": 0.4106132686138153
          },
          {
            "X": 0.6870929598808289,
            "Y": 0.40811681747436523
          },
          {
            "X": 0.6874054074287415,
            "Y": 0.41925686597824097
          },
          {
            "X": 0.6158234477043152,
            "Y": 0.42170295119285583
          }
        ]
      },
      "Id": "118c0bf6-8ca4-4347-8cf3-73f1599eac09",
      "Page": 1
    },
    {
      "BlockType": "WORD",
      "Confidence": 99.7350082397461,
      "Text": "modelos",
      "TextType": "PRINTED",
      "Geometry": {
        "BoundingBox": {
          "Width": 0.06017693504691124,
          "Height": 0.012227007187902927,
          "Left": 0.3034588396549225,
          "Top": 0.43077874183654785
        },
        "Polygon": [
          {
            "X": 0.3034588396549225,
            "Y": 0.43282589316368103
          },
          {
            "X": 0.3634180724620819,
            "Y": 0.43077874183654785
          },
          {
            "X": 0.363635778427124,
            "Y": 0.4409981369972229
          },
          {
            "X": 0.3036629557609558,
            "Y": 0.4430057406425476
          }
        ]
      },
      "Id": "d4d2c562-ce17-479c-bcd5-5a251e01fce4",
      "Page": 1
    }
  ],
  "DetectDocumentTextModelVersion": "1.0"
}