{
  "DocumentMetadata": {
    "Pages": 1
  },
  "JobStatus": "SUCCEEDED",
  "Blocks": [
    {
      "BlockType": "PAGE",
      "Geometry": {
        "BoundingBox": {
          "Width": 0.8556714653968811,
          "Height": 0.7764752507209778,
          "Left": 0,
          "Top": 0.015632249414920807
        },
        "Polygon": [
          {
            "X": 0.009214922785758972,
            "Y": 0.024479148909449577
          },
          {
            "X": 0.8556714653968811,
            "Y": 0.015632249414920807
          },
          {
            "X": 0.8457251191139221,
            "Y": 0.7921075224876404
          },
          {
            "X": 0,
            "Y": 0.7765940427780151
          }
        ]
      },
      "Id": "f8a9a53b-3a6d-4fd2-8f5c-1b5da394fb8e",
      "Relationships": [
        {
          "Type": "CHILD",
          "Ids": [
            "5a9f3d49-893e-43d4-90c2-736d7750d057",
            "4d3b0e6d-3449-41ea-8009-801f802bffb2",
            "1f0ea81c-bbae-460f-ba10-41117a4adf21",
            "a70d07db-6740-4d3c-a2b5-9959d145ecc8",
            "a20d9114-d491-4104-8a6d-7076e6707418",
            "a80644f3-b416-4508-8c37-e7c78cd6ef6e",
            "b1f62583-63ab-4b0f-8c72-613dfc264530",
            "92f4180d-c1e1-44cb-be62-f72b9e894208",
            "51b3eb3b-b692-4208-9fbf-05949c723e0d",
            "f5444e89-9377-420d-b4fc-e3656141f993",
            "022d8ecb-b89c-4f8e-bb2f-7ba584835ab1",
            "eca69ffb-128b-43ec-83e2-0d988d1ec681",
            "01f0c77f-6800-49f9-9643-700c217022a3",
            "9b4acbd9-fb15-483b-9e8c-67ed881eb91c",
            "a7793f1f-127d-4ce3-8c0a-50ba1581c7b6",
            "04d48bf5-71ef-4c48-8c1b-445189dc9c91",
            "b079302b-c075-4114-b7a9-d372f00709ff",
            "b255e8af-69b7-4e88-b972-19fd2f622180",
            "1047dc77-b9ad-4bac-8ec3-98280c897177",
            "b25e7af4-0f66-4c9a-9b04-785b16088f1e",
            "10d11852-f956-4b91-ad39-4b27bc2d57aa",
            "e9614bb9-c7d0-4874-9ada-91fb31e14acc",
            "55e5b172-41ff-4209-a438-1d07597bed1a",
            "970dbdca-e0c8-409c-b256-483da873ed1e",
            "7405c56b-9b49-448f-8985-147b58ffaec5",
            "e7ff949b-d4f5-4d3b-814e-d73326462c27",
            "a12ceee0-12c2-405e-920b-f2f8d40f7ac6"
          ]
        }
      ],
      "Page": 1
    },
    {
      "BlockType": "LINE",
      "Confidence": 98.73050689697266,
      "Text": "2. Automatize processos complexos com agentes",
      "Geometry": {
        "BoundingBox": {
          "Width": 0.5250285863876343,
          "Height": 0.04549252614378929,
          "Left": 0.080467589199543,
          "Top": 0.14815716445446014
        },
        "Polygon": [
          {
            "X": 0.08182970434427261,
            "Y": 0.15111546218395233
          },
          {
            "X": 0.6054961681365967,
            "Y": 0.14815716445446014
          },
          {
            "X": 0.604672372341156,
            "Y": 0.19152876734733582
          },
          {
            "X": 0.080467589199543,
            "Y": 0.19364969432353973
          }
        ]
      },
      "Id": "5a9f3d49-893e-43d4-90c2-736d7750d057",
      "Relationships": [
        {
          "Type": "CHILD",
          "Ids": [
            "05ca53c4-f31a-4b92-9db5-263dc7dfd5d8",
            "6effaf7d-3735-4d6d-9f9d-e0aa5f90400a",
            "2d22d2b6-359a-4d02-99c7-f10a7e09db1f",
            "cfb88799-ebbe-44e4-836b-26056fa844df",
            "6af1e73d-287b-48db-a230-a9fac2fb988c",
            "9c8f724b-dd33-4b63-9e4b-335bf0aa1b88"
          ]
        }
      ],
      "Page": 1
    },
    {
      "BlockType": "LINE",
      "Confidence": 97.410400390625,
      "Text": "supervisores...",
      "Geometry": {
        "BoundingBox": {
          "Width": 0.14047573506832123,
          "Height": 0.020376982167363167,
          "Left": 0.07725431025028229,
          "Top": 0.19218870997428894
        },
        "Polygon": [
          {
            "X": 0.07788987457752228,
            "Y": 0.19275926053524017
          },
          {
            "X": 0.21773004531860352,
            "Y": 0.19218870997428894
          },
          {
            "X": 0.21716034412384033,
            "Y": 0.2120993584394455
          },
          {
            "X": 0.07725431025028229,
            "Y": 0.21256569027900696
          }
        ]
      },
      "Id": "4d3b0e6d-3449-41ea-8009-801f802bffb2",
      "Relationships": [
        {
          "Type": "CHILD",
          "Ids": [
            "6e007a05-d096-447a-a686-1e434181d5b9"
          ]
        }
      ],
      "Page": 1
    },
    {
      "BlockType": "LINE",
      "Confidence": 97.110595703125,
      "Text": "Dê-me uma",
      "Geometry": {
        "BoundingBox": {
          "Width": 0.04992389306426048,
          "Height": 0.0077090817503631115,
          "Left": 0.1527215987443924,
          "Top": 0.23697295784950256
        },
        "Polygon": [
          {
            "X": 0.152950718998909,
            "Y": 0.23709231615066528
          },
          {
            "X": 0.20264548063278198,
            "Y": 0.23697295784950256
          },
          {
            "X": 0.20242531597614288,
            "Y": 0.2445768564939499
          },
          {
            "X": 0.1527215987443924,
            "Y": 0.24468204379081726
          }
        ]
      },
      "Id": "1f0ea81c-bbae-460f-ba10-41117a4adf21",
      "Relationships": [
        {
          "Type": "CHILD",
          "Ids": [
            "c8b370da-31a4-486b-a973-f30548792841",
            "497a9bcf-2836-42b2-9105-c68847195906"
          ]
        }
      ],
      "Page": 1
    },
    {
      "BlockType": "LINE",
      "Confidence": 99.02964782714844,
      "Text": "estratégia marketing",
      "Geometry": {
        "BoundingBox": {
          "Width": 0.05027804896235466,
          "Height": 0.01656603254377842,
          "Left": 0.1485230177640915,
          "Top": 0.2459181547164917
        },
        "Polygon": [
          {
            "X": 0.14902153611183167,
            "Y": 0.24602100253105164
          },
          {
            "X": 0.19880107045173645,
            "Y": 0.2459181547164917
          },
          {
            "X": 0.19832201302051544,
            "Y": 0.26241210103034973
          },
          {
            "X": 0.1485230177640915,
            "Y": 0.26248419284820557
          }
        ]
      },
      "Id": "a70d07db-6740-4d3c-a2b5-9959d145ecc8",
      "Relationships": [
        {
          "Type": "CHILD",
          "Ids": [
            "07db84cb-0658-4935-a695-b1207b54ae57",
            "7114d790-5e3e-4dfb-bb0d-51fa8b30ce8b"
          ]
        }
      ],
      "Page": 1
    },
    {
      "BlockType": "LINE",
      "Confidence": 99.83159637451172,
      "Text": "de",
      "Geometry": {
        "BoundingBox": {
          "Width": 0.010974044911563396,
          "Height": 0.006604327354580164,
          "Left": 0.194295734167099,
          "Top": 0.245041623711586
        },
        "Polygon": [
          {
            "X": 0.19448760151863098,
            "Y": 0.24506425857543945
          },
          {
            "X": 0.20526976883411407,
            "Y": 0.245041623711586
          },
          {
            "X": 0.205079585313797,
            "Y": 0.25162598490715027
          },
          {
            "X": 0.194295734167099,
            "Y": 0.25164595246315
          }
        ]
      },
      "Id": "a20d9114-d491-4104-8a6d-7076e6707418",
      "Relationships": [
        {
          "Type": "CHILD",
          "Ids": [
            "905b373b-b54a-48ae-b031-616054a902f2"
          ]
        }
      ],
      "Page": 1
    },
    {
      "BlockType": "LINE",
      "Confidence": 99.61871337890625,
      "Text": "completa para",
      "Geometry": {
        "BoundingBox": {
          "Width": 0.06190365552902222,
          "Height": 0.008502181619405746,
          "Left": 0.14459548890590668,
          "Top": 0.26362642645835876
        },
        "Polygon": [
          {
            "X": 0.14485108852386475,
            "Y": 0.2637127935886383
          },
          {
            "X": 0.2064991444349289,
            "Y": 0.26362642645835876
          },
          {
            "X": 0.20625586807727814,
            "Y": 0.27206170558929443
          },
          {
            "X": 0.14459548890590668,
            "Y": 0.2721286118030548
          }
        ]
      },
      "Id": "a80644f3-b416-4508-8c37-e7c78cd6ef6e",
      "Relationships": [
        {
          "Type": "CHILD",
          "Ids": [
            "8ab9074b-be4d-415c-960e-a8b4642ccd6c",
            "1ff593a8-6dce-4290-8601-c5e301b2a158"
          ]
        }
      ],
      "Page": 1
    },
    {
      "BlockType": "LINE",
      "Confidence": 99.6371078491211,
      "Text": "meu novo",
      "Geometry": {
        "BoundingBox": {
          "Width": 0.042909856885671616,
          "Height": 0.006569998804479837,
          "Left": 0.15303340554237366,
          "Top": 0.2729268968105316
        },
        "Polygon": [
          {
            "X": 0.15323017537593842,
            "Y": 0.27297186851501465
          },
          {
            "X": 0.19594326615333557,
            "Y": 0.2729268968105316
          },
          {
            "X": 0.19575311243534088,
            "Y": 0.27946239709854126
          },
          {
            "X": 0.15303340554237366,
            "Y": 0.2794968783855438
          }
        ]
      },
      "Id": "b1f62583-63ab-4b0f-8c72-613dfc264530",
      "Relationships": [
        {
          "Type": "CHILD",
          "Ids": [
            "e24854d4-ddf1-4604-b289-b606da73ac85",
            "3a6b18be-06b5-4fa6-8635-1ffa7a7e8949"
          ]
        }
      ],
      "Page": 1
    },
    {
      "BlockType": "LINE",
      "Confidence": 99.3332290649414,
      "Text": "produto",
      "Geometry": {
        "BoundingBox": {
          "Width": 0.0355512909591198,
          "Height": 0.008339190855622292,
          "Left": 0.15580478310585022,
          "Top": 0.2811732888221741
        },
        "Polygon": [
          {
            "X": 0.15605482459068298,
            "Y": 0.28119951486587524
          },
          {
            "X": 0.19135607779026031,
            "Y": 0.2811732888221741
          },
          {
            "X": 0.19111298024654388,
            "Y": 0.2894972562789917
          },
          {
            "X": 0.15580478310585022,
            "Y": 0.2895124554634094
          }
        ]
      },
      "Id": "92f4180d-c1e1-44cb-be62-f72b9e894208",
      "Relationships": [
        {
          "Type": "CHILD",
          "Ids": [
            "e4fd3370-4028-4f12-8b4b-952a4e00b470"
          ]
        }
      ],
      "Page": 1
    },
    {
      "BlockType": "LINE",
      "Confidence": 94.85315704345703,
      "Text": "XYZ.",
      "Geometry": {
        "BoundingBox": {
          "Width": 0.019905999302864075,
          "Height": 0.006280565168708563,
          "Left": 0.16373313963413239,
          "Top": 0.29055991768836975
        },
        "Polygon": [
          {
            "X": 0.1639205664396286,
            "Y": 0.2905676066875458
          },
          {
            "X": 0.18363913893699646,
            "Y": 0.29055991768836975
          },
          {
            "X": 0.18345466256141663,
            "Y": 0.2968374192714691
          },
          {
            "X": 0.16373313963413239,
            "Y": 0.29684045910835266
          }
        ]
      },
      "Id": "51b3eb3b-b692-4208-9fbf-05949c723e0d",
      "Relationships": [
        {
          "Type": "CHILD",
          "Ids": [
            "1e6ada9c-ee1a-42c9-813a-3658cc228556"
          ]
        }
      ],
      "Page": 1
    },
    {
      "BlockType": "LINE",
      "Confidence": 99.23418426513672,
      "Text": "Sub-agentes e bases de conhecimento",
      "Geometry": {
        "BoundingBox": {
          "Width": 0.2734745740890503,
          "Height": 0.01947963982820511,
          "Left": 0.3589317798614502,
          "Top": 0.3016805946826935
        },
        "Polygon": [
          {
            "X": 0.35941410064697266,
            "Y": 0.3016805946826935
          },
          {
            "X": 0.6324063539505005,
            "Y": 0.3016878068447113
          },
          {
            "X": 0.6320508718490601,
            "Y": 0.321160227060318
          },
          {
            "X": 0.3589317798614502,
            "Y": 0.32095658779144287
          }
        ]
      },
      "Id": "f5444e89-9377-420d-b4fc-e3656141f993",
      "Relationships": [
        {
          "Type": "CHILD",
          "Ids": [
            "c878ba8c-b0f6-4c3a-9c4e-40f4c05566e1",
            "ac40667d-c956-4501-ac26-730463e45407",
            "d8b9424d-4b6f-47bd-bc4f-29f338c7b5af",
            "67c6a455-4d56-4eda-89fd-aa960035a81c",
            "1e62e6ab-65e5-44ab-94f4-6a705afd67fb"
          ]
        }
      ],
      "Page": 1
    },
    {
      "BlockType": "LINE",
      "Confidence": 99.69995880126953,
      "Text": "Feedback da",
      "Geometry": {
        "BoundingBox": {
          "Width": 0.06633660942316055,
          "Height": 0.0086409542709589,
          "Left": 0.5732300281524658,
          "Top": 0.3459896743297577
        },
        "Polygon": [
          {
            "X": 0.5733976364135742,
            "Y": 0.3459896743297577
          },
          {
            "X": 0.6395666003227234,
            "Y": 0.34609994292259216
          },
          {
            "X": 0.6394125819206238,
            "Y": 0.35463064908981323
          },
          {
            "X": 0.5732300281524658,
            "Y": 0.3544995188713074
          }
        ]
      },
      "Id": "022d8ecb-b89c-4f8e-bb2f-7ba584835ab1",
      "Relationships": [
        {
          "Type": "CHILD",
          "Ids": [
            "d656199e-e727-4228-b5f4-29d3158ce9c5",
            "227fda9d-91d4-43b0-9bac-b46e8ef086bd"
          ]
        }
      ],
      "Page": 1
    },
    {
      "BlockType": "LINE",
      "Confidence": 99.42440795898438,
      "Text": "Estrategista de",
      "Geometry": {
        "BoundingBox": {
          "Width": 0.07150290161371231,
          "Height": 0.009597568772733212,
          "Left": 0.33779606223106384,
          "Top": 0.3538893759250641
        },
        "Polygon": [
          {
            "X": 0.33803674578666687,
            "Y": 0.3538893759250641
          },
          {
            "X": 0.40929895639419556,
            "Y": 0.35403016209602356
          },
          {
            "X": 0.4090743064880371,
            "Y": 0.3634869456291199
          },
          {
            "X": 0.33779606223106384,
            "Y": 0.3633210062980652
          }
        ]
      },
      "Id": "eca69ffb-128b-43ec-83e2-0d988d1ec681",
      "Relationships": [
        {
          "Type": "CHILD",
          "Ids": [
            "eb425dd4-eb26-48ee-92c8-24530cfdacc2",
            "e50c3a43-6cda-40a3-8b57-df6f271481a3"
          ]
        }
      ],
      "Page": 1
    },
    {
      "BlockType": "LINE",
      "Confidence": 99.20598602294922,
      "Text": "Criador de",
      "Geometry": {
        "BoundingBox": {
          "Width": 0.05132158100605011,
          "Height": 0.00763401435688138,
          "Left": 0.42095035314559937,
          "Top": 0.3514672517776489
        },
        "Polygon": [
          {
            "X": 0.4211269021034241,
            "Y": 0.3514672517776489
          },
          {
            "X": 0.47227194905281067,
            "Y": 0.35156336426734924
          },
          {
            "X": 0.47210463881492615,
            "Y": 0.359101265668869
          },
          {
            "X": 0.42095035314559937,
            "Y": 0.35899078845977783
          }
        ]
      },
      "Id": "01f0c77f-6800-49f9-9643-700c217022a3",
      "Relationships": [
        {
          "Type": "CHILD",
          "Ids": [
            "b2e27424-fcf9-47ff-94e6-c32a4bc40eb5",
            "1816bbe3-7a9a-43ea-83d6-88d9c3bec998"
          ]
        }
      ],
      "Page": 1
    },
    {
      "BlockType": "LINE",
      "Confidence": 96.22775268554688,
      "Text": "Guia de",
      "Geometry": {
        "BoundingBox": {
          "Width": 0.03843957185745239,
          "Height": 0.007489650510251522,
          "Left": 0.5004666447639465,
          "Top": 0.35169416666030884
        },
        "Polygon": [
          {
            "X": 0.5006258487701416,
            "Y": 0.35169416666030884
          },
          {
            "X": 0.5389062166213989,
            "Y": 0.3517662286758423
          },
          {
            "X": 0.5387538075447083,
            "Y": 0.35918381810188293
          },
          {
            "X": 0.5004666447639465,
            "Y": 0.35910120606422424
          }
        ]
      },
      "Id": "9b4acbd9-fb15-483b-9e8c-67ed881eb91c",
      "Relationships": [
        {
          "Type": "CHILD",
          "Ids": [
            "07697604-7330-4a74-8f5e-91dd49482c45",
            "90d35e6e-63c7-405d-a036-567d06967078"
          ]
        }
      ],
      "Page": 1
    },
    {
      "BlockType": "LINE",
      "Confidence": 99.8586196899414,
      "Text": "marketing",
      "Geometry": {
        "BoundingBox": {
          "Width": 0.05024296045303345,
          "Height": 0.008455184288322926,
          "Left": 0.3473844826221466,
          "Top": 0.3641764223575592
        },
        "Polygon": [
          {
            "X": 0.34759482741355896,
            "Y": 0.3641764223575592
          },
          {
            "X": 0.39762744307518005,
            "Y": 0.3642944395542145
          },
          {
            "X": 0.3974270522594452,
            "Y": 0.37263160943984985
          },
          {
            "X": 0.3473844826221466,
            "Y": 0.3724980056285858
          }
        ]
      },
      "Id": "a7793f1f-127d-4ce3-8c0a-50ba1581c7b6",
      "Relationships": [
        {
          "Type": "CHILD",
          "Ids": [
            "7940b1e5-618c-4dd1-a91f-8f5449484d78"
          ]
        }
      ],
      "Page": 1
    },
    {
      "BlockType": "LINE",
      "Confidence": 87.94853973388672,
      "Text": "conteúdo",
      "Geometry": {
        "BoundingBox": {
          "Width": 0.0459715761244297,
          "Height": 0.007588194217532873,
          "Left": 0.4232216775417328,
          "Top": 0.3615981936454773
        },
        "Polygon": [
          {
            "X": 0.4233965277671814,
            "Y": 0.3615981936454773
          },
          {
            "X": 0.4691932499408722,
            "Y": 0.36170151829719543
          },
          {
            "X": 0.4690265655517578,
            "Y": 0.3691863715648651
          },
          {
            "X": 0.4232216775417328,
            "Y": 0.36907029151916504
          }
        ]
      },
      "Id": "04d48bf5-71ef-4c48-8c1b-445189dc9c91",
      "Relationships": [
        {
          "Type": "CHILD",
          "Ids": [
            "08e43de3-97eb-485a-9c25-dd5931b11843"
          ]
        }
      ],
      "Page": 1
    },
    {
      "BlockType": "LINE",
      "Confidence": 97.23717498779297,
      "Text": "estilo",
      "Geometry": {
        "BoundingBox": {
          "Width": 0.02814115770161152,
          "Height": 0.007571568712592125,
          "Left": 0.5047734379768372,
          "Top": 0.36168989539146423
        },
        "Polygon": [
          {
            "X": 0.5049338340759277,
            "Y": 0.36168989539146423
          },
          {
            "X": 0.5329145789146423,
            "Y": 0.3617529273033142
          },
          {
            "X": 0.5327592492103577,
            "Y": 0.3692614436149597
          },
          {
            "X": 0.5047734379768372,
            "Y": 0.36919060349464417
          }
        ]
      },
      "Id": "b079302b-c075-4114-b7a9-d372f00709ff",
      "Relationships": [
        {
          "Type": "CHILD",
          "Ids": [
            "72568024-50c2-4cb1-b96d-48f4ee8f84ee"
          ]
        }
      ],
      "Page": 1
    },
    {
      "BlockType": "LINE",
      "Confidence": 99.2477798461914,
      "Text": "campanha",
      "Geometry": {
        "BoundingBox": {
          "Width": 0.05568520352244377,
          "Height": 0.009696856141090393,
          "Left": 0.57818204164505,
          "Top": 0.3563443422317505
        },
        "Polygon": [
          {
            "X": 0.5783692002296448,
            "Y": 0.3563443422317505
          },
          {
            "X": 0.6338672637939453,
            "Y": 0.35645806789398193
          },
          {
            "X": 0.6336929202079773,
            "Y": 0.3660412132740021
          },
          {
            "X": 0.57818204164505,
            "Y": 0.36590781807899475
          }
        ]
      },
      "Id": "b255e8af-69b7-4e88-b972-19fd2f622180",
      "Relationships": [
        {
          "Type": "CHILD",
          "Ids": [
            "87ad300a-dea7-4856-a4ba-f03eb5963d15"
          ]
        }
      ],
      "Page": 1
    },
    {
      "BlockType": "LINE",
      "Confidence": 99.629638671875,
      "Text": "Analista de",
      "Geometry": {
        "BoundingBox": {
          "Width": 0.054961033165454865,
          "Height": 0.007678993511945009,
          "Left": 0.3430202603340149,
          "Top": 0.4030187427997589
        },
        "Polygon": [
          {
            "X": 0.34320932626724243,
            "Y": 0.4030187427997589
          },
          {
            "X": 0.39798128604888916,
            "Y": 0.40322738885879517
          },
          {
            "X": 0.3978019654750824,
            "Y": 0.4106977581977844
          },
          {
            "X": 0.3430202603340149,
            "Y": 0.4104738235473633
          }
        ]
      },
      "Id": "1047dc77-b9ad-4bac-8ec3-98280c897177",
      "Relationships": [
        {
          "Type": "CHILD",
          "Ids": [
            "8d4be169-26d0-4275-b981-1b35371f581f",
            "154233e0-47f9-4dc7-9b3c-52daa8db103d"
          ]
        }
      ],
      "Page": 1
    },
    {
      "BlockType": "LINE",
      "Confidence": 99.74200439453125,
      "Text": "Editor",
      "Geometry": {
        "BoundingBox": {
          "Width": 0.03038332238793373,
          "Height": 0.0069467793218791485,
          "Left": 0.42768195271492004,
          "Top": 0.4032289683818817
        },
        "Polygon": [
          {
            "X": 0.4278407394886017,
            "Y": 0.4032289683818817
          },
          {
            "X": 0.45806530117988586,
            "Y": 0.40334397554397583
          },
          {
            "X": 0.4579114317893982,
            "Y": 0.41017574071884155
          },
          {
            "X": 0.42768195271492004,
            "Y": 0.4100530445575714
          }
        ]
      },
      "Id": "b25e7af4-0f66-4c9a-9b04-785b16088f1e",
      "Relationships": [
        {
          "Type": "CHILD",
          "Ids": [
            "a0c4bc74-adc8-4f55-baf3-d0b1446ef170"
          ]
        }
      ],
      "Page": 1
    },
    {
      "BlockType": "LINE",
      "Confidence": 99.40251159667969,
      "Text": "Agente de",
      "Geometry": {
        "BoundingBox": {
          "Width": 0.052885666489601135,
          "Height": 0.009158174507319927,
          "Left": 0.4927503764629364,
          "Top": 0.4011368155479431
        },
        "Polygon": [
          {
            "X": 0.4929441213607788,
            "Y": 0.4011368155479431
          },
          {
            "X": 0.5456360578536987,
            "Y": 0.4013327658176422
          },
          {
            "X": 0.5454536080360413,
            "Y": 0.4102950096130371
          },
          {
            "X": 0.4927503764629364,
            "Y": 0.41008153557777405
          }
        ]
      },
      "Id": "10d11852-f956-4b91-ad39-4b27bc2d57aa",
      "Relationships": [
        {
          "Type": "CHILD",
          "Ids": [
            "8f1b9ff4-eef4-4555-99b3-2222ebcae4b2",
            "c83bf411-edd1-41eb-89a5-332f1b1a63ba"
          ]
        }
      ],
      "Page": 1
    },
    {
      "BlockType": "LINE",
      "Confidence": 98.3072280883789,
      "Text": "Especialista en",
      "Geometry": {
        "BoundingBox": {
          "Width": 0.07859045267105103,
          "Height": 0.00944175012409687,
          "Left": 0.5682539343833923,
          "Top": 0.39906883239746094
        },
        "Polygon": [
          {
            "X": 0.5684346556663513,
            "Y": 0.39906883239746094
          },
          {
            "X": 0.6468443870544434,
            "Y": 0.399353563785553
          },
          {
            "X": 0.6466808915138245,
            "Y": 0.40851059556007385
          },
          {
            "X": 0.5682539343833923,
            "Y": 0.408199280500412
          }
        ]
      },
      "Id": "e9614bb9-c7d0-4874-9ada-91fb31e14acc",
      "Relationships": [
        {
          "Type": "CHILD",
          "Ids": [
            "cee50b73-92b3-4bad-88ff-9c7c2fb46d7c",
            "e06117ec-d445-4adf-87b9-c9639a5cbe7f"
          ]
        }
      ],
      "Page": 1
    },
    {
      "BlockType": "LINE",
      "Confidence": 99.2418212890625,
      "Text": "mercado",
      "Geometry": {
        "BoundingBox": {
          "Width": 0.042005978524684906,
          "Height": 0.007051798980683088,
          "Left": 0.3491491675376892,
          "Top": 0.4132750928401947
        },
        "Polygon": [
          {
            "X": 0.34932219982147217,
            "Y": 0.4132750928401947
          },
          {
            "X": 0.3911551237106323,
            "Y": 0.4134504497051239
          },
          {
            "X": 0.39098894596099854,
            "Y": 0.4203268885612488
          },
          {
            "X": 0.3491491675376892,
            "Y": 0.4201408326625824
          }
        ]
      },
      "Id": "55e5b172-41ff-4209-a438-1d07597bed1a",
      "Relationships": [
        {
          "Type": "CHILD",
          "Ids": [
            "4d5caa96-5b33-4eea-b1b5-65096e8d14d6"
          ]
        }
      ],
      "Page": 1
    },
    {
      "BlockType": "LINE",
      "Confidence": 97.0169906616211,
      "Text": "armazenamento",
      "Geometry": {
        "BoundingBox": {
          "Width": 0.08408534526824951,
          "Height": 0.007904580794274807,
          "Left": 0.47694870829582214,
          "Top": 0.41129639744758606
        },
        "Polygon": [
          {
            "X": 0.47711485624313354,
            "Y": 0.41129639744758606
          },
          {
            "X": 0.5610340237617493,
            "Y": 0.4116402864456177
          },
          {
            "X": 0.5608830451965332,
            "Y": 0.41920098662376404
          },
          {
            "X": 0.47694870829582214,
            "Y": 0.41883352398872375
          }
        ]
      },
      "Id": "970dbdca-e0c8-409c-b256-483da873ed1e",
      "Relationships": [
        {
          "Type": "CHILD",
          "Ids": [
            "f320c1e5-69a2-43b6-afd7-7516e16b501f"
          ]
        }
      ],
      "Page": 1
    },
    {
      "BlockType": "LINE",
      "Confidence": 94.70396423339844,
      "Text": "geração de",
      "Geometry": {
        "BoundingBox": {
          "Width": 0.058003462851047516,
          "Height": 0.009687206707894802,
          "Left": 0.5790350437164307,
          "Top": 0.40876808762550354
        },
        "Polygon": [
          {
            "X": 0.5792192220687866,
            "Y": 0.40876808762550354
          },
          {
            "X": 0.6370384693145752,
            "Y": 0.4089987277984619
          },
          {
            "X": 0.6368674039840698,
            "Y": 0.4184553027153015
          },
          {
            "X": 0.5790350437164307,
            "Y": 0.4182044267654419
          }
        ]
      },
      "Id": "7405c56b-9b49-448f-8985-147b58ffaec5",
      "Relationships": [
        {
          "Type": "CHILD",
          "Ids": [
            "74db172c-9044-458a-beeb-fca22c2caab6",
            "2b5e6632-be3f-41cc-a027-d0e3dc03e73e"
          ]
        }
      ],
      "Page": 1
    },
    {
      "BlockType": "LINE",
      "Confidence": 99.76717376708984,
      "Text": "de projetos",
      "Geometry": {
        "BoundingBox": {
          "Width": 0.05832416191697121,
          "Height": 0.009164687246084213,
          "Left": 0.48958656191825867,
          "Top": 0.42094361782073975
        },
        "Polygon": [
          {
            "X": 0.48977962136268616,
            "Y": 0.42094361782073975
          },
          {
            "X": 0.5479106903076172,
            "Y": 0.42120254039764404
          },
          {
            "X": 0.547730028629303,
            "Y": 0.43010830879211426
          },
          {
            "X": 0.48958656191825867,
            "Y": 0.4298301339149475
          }
        ]
      },
      "Id": "e7ff949b-d4f5-4d3b-814e-d73326462c27",
      "Relationships": [
        {
          "Type": "CHILD",
          "Ids": [
            "b79011b1-ae5d-4d7e-beed-836e2268cc11",
            "ded9a12e-be14-4fb6-bcd2-b0656c7d424a"
          ]
        }
      ],
      "Page": 1
    },
    {
      "BlockType": "LINE",
      "Confidence": 98.77120971679688,
      "Text": "video",
      "Geometry": {
        "BoundingBox": {
          "Width": 0.02972642332315445,
          "Height": 0.007396272849291563,
          "Left": 0.5927937030792236,
          "Top": 0.41909459233283997
        },
        "Polygon": [
          {
            "X": 0.5929328799247742,
            "Y": 0.41909459233283997
          },
          {
            "X": 0.6225200891494751,
            "Y": 0.4192238748073578
          },
          {
            "X": 0.6223860383033752,
            "Y": 0.4264908730983734
          },
          {
            "X": 0.5927937030792236,
            "Y": 0.4263536334037781
          }
        ]
      },
      "Id": "a12ceee0-12c2-405e-920b-f2f8d40f7ac6",
      "Relationships": [
        {
          "Type": "CHILD",
          "Ids": [
            "04e79c07-b118-4472-8044-b1f928798d2c"
          ]
        }
      ],
      "Page": 1
    },
    {
      "BlockType": "WORD",
      "Confidence": 99.28759002685547,
      "Text": "2.",
      "TextType": "PRINTED",
      "Geometry": {
        "BoundingBox": {
          "Width": 0.017742276191711426,
          "Height": 0.011250335723161697,
          "Left": 0.080467589199543,
          "Top": 0.18239936232566833
        },
        "Polygon": [
          {
            "X": 0.08082538843154907,
            "Y": 0.18247701227664948
          },
          {
            "X": 0.09820987284183502,
            "Y": 0.18239936232566833
          },
          {
            "X": 0.09785667806863785,
            "Y": 0.19357933104038239
          },
          {
            "X": 0.080467589199543,
            "Y": 0.19364969432353973
          }
        ]
      },
      "Id": "05ca53c4-f31a-4b92-9db5-263dc7dfd5d8",
      "Page": 1
    },
    {
      "BlockType": "WORD",
      "Confidence": 97.74456024169922,
      "Text": "Automatize",
      "TextType": "PRINTED",
      "Geometry": {
        "BoundingBox": {
          "Width": 0.10919597744941711,
          "Height": 0.017400609329342842,
          "Left": 0.10956627130508423,
          "Top": 0.17390581965446472
        },
        "Polygon": [
          {
            "X": 0.11009474098682404,
            "Y": 0.17442366480827332
          },
          {
            "X": 0.21876224875450134,
            "Y": 0.17390581965446472
          },
          {
            "X": 0.21827742457389832,
            "Y": 0.19085747003555298
          },
          {
            "X": 0.10956627130508423,
            "Y": 0.19130642712116241
          }
        ]
      },
      "Id": "6effaf7d-3735-4d6d-9f9d-e0aa5f90400a",
      "Page": 1
    },
    {
      "BlockType": "WORD",
      "Confidence": 98.36397552490234,
      "Text": "processos",
      "TextType": "PRINTED",
      "Geometry": {
        "BoundingBox": {
          "Width": 0.10277136415243149,
          "Height": 0.018940789625048637,
          "Left": 0.22889967262744904,
          "Top": 0.16691987216472626
        },
        "Polygon": [
          {
            "X": 0.2294219434261322,
            "Y": 0.1674317568540573
          },
          {
            "X": 0.3316710293292999,
            "Y": 0.16691987216472626
          },
          {
            "X": 0.33119383454322815,
            "Y": 0.1854192167520523
          },
          {
            "X": 0.22889967262744904,
            "Y": 0.18586066365242004
          }
        ]
      },
      "Id": "2d22d2b6-359a-4d02-99c7-f10a7e09db1f",
      "Page": 1
    },
    {
      "BlockType": "WORD",
      "Confidence": 98.4505386352539,
      "Text": "complexos",
      "TextType": "PRINTED",
      "Geometry": {
        "BoundingBox": {
          "Width": 0.10723423212766647,
          "Height": 0.019735204055905342,
          "Left": 0.34397366642951965,
          "Top": 0.15752674639225006
        },
        "Polygon": [
          {
            "X": 0.3444620966911316,
            "Y": 0.158096045255661
          },
          {
            "X": 0.4512079060077667,
            "Y": 0.15752674639225006
          },
          {
            "X": 0.4507686495780945,
            "Y": 0.17676877975463867
          },
          {
            "X": 0.34397366642951965,
            "Y": 0.17726194858551025
          }
        ]
      },
      "Id": "cfb88799-ebbe-44e4-836b-26056fa844df",
      "Page": 1
    },
    {
      "BlockType": "WORD",
      "Confidence": 98.95069885253906,
      "Text": "com",
      "TextType": "PRINTED",
      "Geometry": {
        "BoundingBox": {
          "Width": 0.03708987310528755,
          "Height": 0.010927294380962849,
          "Left": 0.4659947156906128,
          "Top": 0.15645866096019745
        },
        "Polygon": [
          {
            "X": 0.4662356376647949,
            "Y": 0.15665626525878906
          },
          {
            "X": 0.5030845999717712,
            "Y": 0.15645866096019745
          },
          {
            "X": 0.5028531551361084,
            "Y": 0.16720299422740936
          },
          {
            "X": 0.4659947156906128,
            "Y": 0.16738595068454742
          }
        ]
      },
      "Id": "6af1e73d-287b-48db-a230-a9fac2fb988c",
      "Page": 1
    },
    {
      "BlockType": "WORD",
      "Confidence": 99.58568572998047,
      "Text": "agentes",
      "TextType": "PRINTED",
      "Geometry": {
        "BoundingBox": {
          "Width": 0.08974731713533401,
          "Height": 0.018984952941536903,
          "Left": 0.5157488584518433,
          "Top": 0.14815716445446014
        },
        "Polygon": [
          {
            "X": 0.5161409378051758,
            "Y": 0.14866195619106293
          },
          {
            "X": 0.6054961681365967,
            "Y": 0.14815716445446014
          },
          {
            "X": 0.6051440238952637,
            "Y": 0.1666983813047409
          },
          {
            "X": 0.5157488584518433,
            "Y": 0.1671421229839325
          }
        ]
      },
      "Id": "9c8f724b-dd33-4b63-9e4b-335bf0aa1b88",
      "Page": 1
    },
    {
      "BlockType": "WORD",
      "Confidence": 97.410400390625,
      "Text": "supervisores...",
      "TextType": "PRINTED",
      "Geometry": {
        "BoundingBox": {
          "Width": 0.14047573506832123,
          "Height": 0.020376982167363167,
          "Left": 0.07725431025028229,
          "Top": 0.19218870997428894
        },
        "Polygon": [
          {
            "X": 0.07788987457752228,
            "Y": 0.19275926053524017
          },
          {
            "X": 0.21773004531860352,
            "Y": 0.19218870997428894
          },
          {
            "X": 0.21716034412384033,
            "Y": 0.2120993584394455
          },
          {
            "X": 0.07725431025028229,
            "Y": 0.21256569027900696
          }
        ]
      },
      "Id": "6e007a05-d096-447a-a686-1e434181d5b9",
      "Page": 1
    },
    {
      "BlockType": "WORD",
      "Confidence": 94.68474578857422,
      "Text": "Dê-me",
      "TextType": "PRINTED",
      "Geometry": {
        "BoundingBox": {
          "Width": 0.0292747151106596,
          "Height": 0.007105265278369188,
          "Left": 0.1527215987443924,
          "Top": 0.23757678270339966
        },
        "Polygon": [
          {
            "X": 0.1529340147972107,
            "Y": 0.2376459687948227
          },
          {
            "X": 0.18199631571769714,
            "Y": 0.23757678270339966
          },
          {
            "X": 0.18178874254226685,
            "Y": 0.24462053179740906
          },
          {
            "X": 0.1527215987443924,
            "Y": 0.24468204379081726
          }
        ]
      },
      "Id": "c8b370da-31a4-486b-a973-f30548792841",
      "Page": 1
    },
    {
      "BlockType": "WORD",
      "Confidence": 99.53644561767578,
      "Text": "uma",
      "TextType": "PRINTED",
      "Geometry": {
        "BoundingBox": {
          "Width": 0.018852222710847855,
          "Height": 0.00624078419059515,
          "Left": 0.18379326164722443,
          "Top": 0.23697295784950256
        },
        "Polygon": [
          {
            "X": 0.18397554755210876,
            "Y": 0.23701779544353485
          },
          {
            "X": 0.20264548063278198,
            "Y": 0.23697295784950256
          },
          {
            "X": 0.2024659514427185,
            "Y": 0.2431732416152954
          },
          {
            "X": 0.18379326164722443,
            "Y": 0.2432137429714203
          }
        ]
      },
      "Id": "497a9bcf-2836-42b2-9105-c68847195906",
      "Page": 1
    },
    {
      "BlockType": "WORD",
      "Confidence": 98.17388916015625,
      "Text": "estratégia",
      "TextType": "PRINTED",
      "Geometry": {
        "BoundingBox": {
          "Width": 0.04339739680290222,
          "Height": 0.008394785225391388,
          "Left": 0.1487700343132019,
          "Top": 0.24593186378479004
        },
        "Polygon": [
          {
            "X": 0.14902153611183167,
            "Y": 0.24602100253105164
          },
          {
            "X": 0.19216743111610413,
            "Y": 0.24593186378479004
          },
          {
            "X": 0.19192443788051605,
            "Y": 0.2542509436607361
          },
          {
            "X": 0.1487700343132019,
            "Y": 0.25432664155960083
          }
        ]
      },
      "Id": "07db84cb-0658-4935-a695-b1207b54ae57",
      "Page": 1
    },
    {
      "BlockType": "WORD",
      "Confidence": 99.88540649414062,
      "Text": "marketing",
      "TextType": "PRINTED",
      "Geometry": {
        "BoundingBox": {
          "Width": 0.04492510110139847,
          "Height": 0.008084000088274479,
          "Left": 0.1536298245191574,
          "Top": 0.2543928027153015
        },
        "Polygon": [
          {
            "X": 0.15387123823165894,
            "Y": 0.25447091460227966
          },
          {
            "X": 0.19855491816997528,
            "Y": 0.2543928027153015
          },
          {
            "X": 0.19832201302051544,
            "Y": 0.26241210103034973
          },
          {
            "X": 0.1536298245191574,
            "Y": 0.2624768018722534
          }
        ]
      },
      "Id": "7114d790-5e3e-4dfb-bb0d-51fa8b30ce8b",
      "Page": 1
    },
    {
      "BlockType": "WORD",
      "Confidence": 99.83159637451172,
      "Text": "de",
      "TextType": "PRINTED",
      "Geometry": {
        "BoundingBox": {
          "Width": 0.010974044911563396,
          "Height": 0.006604327354580164,
          "Left": 0.194295734167099,
          "Top": 0.245041623711586
        },
        "Polygon": [
          {
            "X": 0.19448760151863098,
            "Y": 0.24506425857543945
          },
          {
            "X": 0.20526976883411407,
            "Y": 0.245041623711586
          },
          {
            "X": 0.205079585313797,
            "Y": 0.25162598490715027
          },
          {
            "X": 0.194295734167099,
            "Y": 0.25164595246315
          }
        ]
      },
      "Id": "905b373b-b54a-48ae-b031-616054a902f2",
      "Page": 1
    },
    {
      "BlockType": "WORD",
      "Confidence": 99.47608947753906,
      "Text": "completa",
      "TextType": "PRINTED",
      "Geometry": {
        "BoundingBox": {
          "Width": 0.04020078107714653,
          "Height": 0.008471771143376827,
          "Left": 0.14459548890590668,
          "Top": 0.2636568248271942
        },
        "Polygon": [
          {
            "X": 0.14485108852386475,
            "Y": 0.2637127935886383
          },
          {
            "X": 0.1847962737083435,
            "Y": 0.2636568248271942
          },
          {
            "X": 0.18454864621162415,
            "Y": 0.2720852494239807
          },
          {
            "X": 0.14459548890590668,
            "Y": 0.2721286118030548
          }
        ]
      },
      "Id": "8ab9074b-be4d-415c-960e-a8b4642ccd6c",
      "Page": 1
    },
    {
      "BlockType": "WORD",
      "Confidence": 99.7613296508789,
      "Text": "para",
      "TextType": "PRINTED",
      "Geometry": {
        "BoundingBox": {
          "Width": 0.019558385014533997,
          "Height": 0.007139614783227444,
          "Left": 0.1869361698627472,
          "Top": 0.2637856900691986
        },
        "Polygon": [
          {
            "X": 0.1871447116136551,
            "Y": 0.26381269097328186
          },
          {
            "X": 0.2064945548772812,
            "Y": 0.2637856900691986
          },
          {
            "X": 0.20628926157951355,
            "Y": 0.27090346813201904
          },
          {
            "X": 0.1869361698627472,
            "Y": 0.2709253132343292
          }
        ]
      },
      "Id": "1ff593a8-6dce-4290-8601-c5e301b2a158",
      "Page": 1
    },
    {
      "BlockType": "WORD",
      "Confidence": 99.56636047363281,
      "Text": "meu",
      "TextType": "PRINTED",
      "Geometry": {
        "BoundingBox": {
          "Width": 0.019281111657619476,
          "Height": 0.005569308530539274,
          "Left": 0.15303340554237366,
          "Top": 0.27392756938934326
        },
        "Polygon": [
          {
            "X": 0.15320077538490295,
            "Y": 0.27394700050354004
          },
          {
            "X": 0.17231452465057373,
            "Y": 0.27392756938934326
          },
          {
            "X": 0.1721496731042862,
            "Y": 0.2794814705848694
          },
          {
            "X": 0.15303340554237366,
            "Y": 0.2794968783855438
          }
        ]
      },
      "Id": "e24854d4-ddf1-4604-b289-b606da73ac85",
      "Page": 1
    },
    {
      "BlockType": "WORD",
      "Confidence": 99.70785522460938,
      "Text": "novo",
      "TextType": "PRINTED",
      "Geometry": {
        "BoundingBox": {
          "Width": 0.02155223675072193,
          "Height": 0.005887186620384455,
          "Left": 0.1743910312652588,
          "Top": 0.2729268968105316
        },
        "Polygon": [
          {
            "X": 0.17456477880477905,
            "Y": 0.2729493975639343
          },
          {
            "X": 0.19594326615333557,
            "Y": 0.2729268968105316
          },
          {
            "X": 0.19577248394489288,
            "Y": 0.2787962853908539
          },
          {
            "X": 0.1743910312652588,
            "Y": 0.27881407737731934
          }
        ]
      },
      "Id": "3a6b18be-06b5-4fa6-8635-1ffa7a7e8949",
      "Page": 1
    },
    {
      "BlockType": "WORD",
      "Confidence": 99.3332290649414,
      "Text": "produto",
      "TextType": "PRINTED",
      "Geometry": {
        "BoundingBox": {
          "Width": 0.0355512909591198,
          "Height": 0.008339190855622292,
          "Left": 0.15580478310585022,
          "Top": 0.2811732888221741
        },
        "Polygon": [
          {
            "X": 0.15605482459068298,
            "Y": 0.28119951486587524
          },
          {
            "X": 0.19135607779026031,
            "Y": 0.2811732888221741
          },
          {
            "X": 0.19111298024654388,
            "Y": 0.2894972562789917
          },
          {
            "X": 0.15580478310585022,
            "Y": 0.2895124554634094
          }
        ]
      },
      "Id": "e4fd3370-4028-4f12-8b4b-952a4e00b470",
      "Page": 1
    },
    {
      "BlockType": "WORD",
      "Confidence": 94.85315704345703,
      "Text": "XYZ.",
      "TextType": "PRINTED",
      "Geometry": {
        "BoundingBox": {
          "Width": 0.019905999302864075,
          "Height": 0.006280565168708563,
          "Left": 0.16373313963413239,
          "Top": 0.29055991768836975
        },
        "Polygon": [
          {
            "X": 0.1639205664396286,
            "Y": 0.2905676066875458
          },
          {
            "X": 0.18363913893699646,
            "Y": 0.29055991768836975
          },
          {
            "X": 0.18345466256141663,
            "Y": 0.2968374192714691
          },
          {
            "X": 0.16373313963413239,
            "Y": 0.29684045910835266
          }
        ]
      },
      "Id": "1e6ada9c-ee1a-42c9-813a-3658cc228556",
      "Page": 1
    },
    {
      "BlockType": "WORD",
      "Confidence": 98.17840576171875,
      "Text": "Sub-agentes",
      "TextType": "PRINTED",
      "Geometry": {
        "BoundingBox": {
          "Width": 0.08623126894235611,
          "Height": 0.011941873468458652,
          "Left": 0.3589317798614502,
          "Top": 0.30907881259918213
        },
        "Polygon": [
          {
            "X": 0.3592289686203003,
            "Y": 0.30907881259918213
          },
          {
            "X": 0.4451630413532257,
            "Y": 0.3091048002243042
          },
          {
            "X": 0.44489026069641113,
            "Y": 0.3210206925868988
          },
          {
            "X": 0.3589317798614502,
            "Y": 0.32095658779144287
          }
        ]
      },
      "Id": "c878ba8c-b0f6-4c3a-9c4e-40f4c05566e1",
      "Page": 1
    },
    {
      "BlockType": "WORD",
      "Confidence": 99.58169555664062,
      "Text": "e",
      "TextType": "PRINTED",
      "Geometry": {
        "BoundingBox": {
          "Width": 0.007654625456780195,
          "Height": 0.006717130541801453,
          "Left": 0.4498648941516876,
          "Top": 0.30985161662101746
        },
        "Polygon": [
          {
            "X": 0.4500177502632141,
            "Y": 0.30985161662101746
          },
          {
            "X": 0.45751953125,
            "Y": 0.30985409021377563
          },
          {
            "X": 0.457367867231369,
            "Y": 0.3165687620639801
          },
          {
            "X": 0.4498648941516876,
            "Y": 0.3165644109249115
          }
        ]
      },
      "Id": "ac40667d-c956-4501-ac26-730463e45407",
      "Page": 1
    },
    {
      "BlockType": "WORD",
      "Confidence": 99.71715545654297,
      "Text": "bases",
      "TextType": "PRINTED",
      "Geometry": {
        "BoundingBox": {
          "Width": 0.04233269765973091,
          "Height": 0.010927950963377953,
          "Left": 0.46033424139022827,
          "Top": 0.3057059049606323
        },
        "Polygon": [
          {
            "X": 0.46057969331741333,
            "Y": 0.3057059049606323
          },
          {
            "X": 0.5026669502258301,
            "Y": 0.30571332573890686
          },
          {
            "X": 0.5024324655532837,
            "Y": 0.3166338801383972
          },
          {
            "X": 0.46033424139022827,
            "Y": 0.3166094124317169
          }
        ]
      },
      "Id": "d8b9424d-4b6f-47bd-bc4f-29f338c7b5af",
      "Page": 1
    },
    {
      "BlockType": "WORD",
      "Confidence": 99.84513854980469,
      "Text": "de",
      "TextType": "PRINTED",
      "Geometry": {
        "BoundingBox": {
          "Width": 0.01754440739750862,
          "Height": 0.009457014501094818,
          "Left": 0.5054110288619995,
          "Top": 0.3054133951663971
        },
        "Polygon": [
          {
            "X": 0.5056132078170776,
            "Y": 0.3054133951663971
          },
          {
            "X": 0.5229554772377014,
            "Y": 0.3054162561893463
          },
          {
            "X": 0.5227572321891785,
            "Y": 0.3148704171180725
          },
          {
            "X": 0.5054110288619995,
            "Y": 0.3148614764213562
          }
        ]
      },
      "Id": "67c6a455-4d56-4eda-89fd-aa960035a81c",
      "Page": 1
    },
    {
      "BlockType": "WORD",
      "Confidence": 98.84854888916016,
      "Text": "conhecimento",
      "TextType": "PRINTED",
      "Geometry": {
        "BoundingBox": {
          "Width": 0.10539528727531433,
          "Height": 0.012568843550980091,
          "Left": 0.5270110368728638,
          "Top": 0.30168503522872925
        },
        "Polygon": [
          {
            "X": 0.5272721648216248,
            "Y": 0.30168503522872925
          },
          {
            "X": 0.6324063539505005,
            "Y": 0.3016878068447113
          },
          {
            "X": 0.63217693567276,
            "Y": 0.31425386667251587
          },
          {
            "X": 0.5270110368728638,
            "Y": 0.31420227885246277
          }
        ]
      },
      "Id": "1e62e6ab-65e5-44ab-94f4-6a705afd67fb",
      "Page": 1
    },
    {
      "BlockType": "WORD",
      "Confidence": 99.75028991699219,
      "Text": "Feedback",
      "TextType": "PRINTED",
      "Geometry": {
        "BoundingBox": {
          "Width": 0.04960159212350845,
          "Height": 0.007737942971289158,
          "Left": 0.5732300281524658,
          "Top": 0.34685957431793213
        },
        "Polygon": [
          {
            "X": 0.5733804702758789,
            "Y": 0.34685957431793213
          },
          {
            "X": 0.6228315830230713,
            "Y": 0.34694355726242065
          },
          {
            "X": 0.6226902604103088,
            "Y": 0.3545975089073181
          },
          {
            "X": 0.5732300281524658,
            "Y": 0.3544995188713074
          }
        ]
      },
      "Id": "d656199e-e727-4228-b5f4-29d3158ce9c5",
      "Page": 1
    },
    {
      "BlockType": "WORD",
      "Confidence": 99.6496353149414,
      "Text": "da",
      "TextType": "PRINTED",
      "Geometry": {
        "BoundingBox": {
          "Width": 0.013271940872073174,
          "Height": 0.0070892637595534325,
          "Left": 0.6262946724891663,
          "Top": 0.3460780382156372
        },
        "Polygon": [
          {
            "X": 0.6264245510101318,
            "Y": 0.3460780382156372
          },
          {
            "X": 0.6395666003227234,
            "Y": 0.34609994292259216
          },
          {
            "X": 0.6394389867782593,
            "Y": 0.3531672954559326
          },
          {
            "X": 0.6262946724891663,
            "Y": 0.3531419634819031
          }
        ]
      },
      "Id": "227fda9d-91d4-43b0-9bac-b46e8ef086bd",
      "Page": 1
    },
    {
      "BlockType": "WORD",
      "Confidence": 99.04151916503906,
      "Text": "Estrategista",
      "TextType": "PRINTED",
      "Geometry": {
        "BoundingBox": {
          "Width": 0.056948959827423096,
          "Height": 0.009102999232709408,
          "Left": 0.33779606223106384,
          "Top": 0.35435009002685547
        },
        "Polygon": [
          {
            "X": 0.33802497386932373,
            "Y": 0.35435009002685547
          },
          {
            "X": 0.39474502205848694,
            "Y": 0.354463130235672
          },
          {
            "X": 0.39452821016311646,
            "Y": 0.36345309019088745
          },
          {
            "X": 0.33779606223106384,
            "Y": 0.3633210062980652
          }
        ]
      },
      "Id": "eb425dd4-eb26-48ee-92c8-24530cfdacc2",
      "Page": 1
    },
    {
      "BlockType": "WORD",
      "Confidence": 99.80731201171875,
      "Text": "de",
      "TextType": "PRINTED",
      "Geometry": {
        "BoundingBox": {
          "Width": 0.01183375809341669,
          "Height": 0.007026966195553541,
          "Left": 0.39746519923210144,
          "Top": 0.35400712490081787
        },
        "Polygon": [
          {
            "X": 0.39763352274894714,
            "Y": 0.35400712490081787
          },
          {
            "X": 0.40929895639419556,
            "Y": 0.35403016209602356
          },
          {
            "X": 0.40913257002830505,
            "Y": 0.361034095287323
          },
          {
            "X": 0.39746519923210144,
            "Y": 0.3610079884529114
          }
        ]
      },
      "Id": "e50c3a43-6cda-40a3-8b57-df6f271481a3",
      "Page": 1
    },
    {
      "BlockType": "WORD",
      "Confidence": 99.05189514160156,
      "Text": "Criador",
      "TextType": "PRINTED",
      "Geometry": {
        "BoundingBox": {
          "Width": 0.03695053234696388,
          "Height": 0.0071334196254611015,
          "Left": 0.42095035314559937,
          "Top": 0.35193681716918945
        },
        "Polygon": [
          {
            "X": 0.4211158752441406,
            "Y": 0.35193681716918945
          },
          {
            "X": 0.45790091156959534,
            "Y": 0.35200658440589905
          },
          {
            "X": 0.4577415883541107,
            "Y": 0.3590702414512634
          },
          {
            "X": 0.42095035314559937,
            "Y": 0.35899078845977783
          }
        ]
      },
      "Id": "b2e27424-fcf9-47ff-94e6-c32a4bc40eb5",
      "Page": 1
    },
    {
      "BlockType": "WORD",
      "Confidence": 99.36007690429688,
      "Text": "de",
      "TextType": "PRINTED",
      "Geometry": {
        "BoundingBox": {
          "Width": 0.012493020854890347,
          "Height": 0.006960341706871986,
          "Left": 0.45977893471717834,
          "Top": 0.3515401780605316
        },
        "Polygon": [
          {
            "X": 0.45993494987487793,
            "Y": 0.3515401780605316
          },
          {
            "X": 0.47227194905281067,
            "Y": 0.35156336426734924
          },
          {
            "X": 0.47211796045303345,
            "Y": 0.35850051045417786
          },
          {
            "X": 0.45977893471717834,
            "Y": 0.35847413539886475
          }
        ]
      },
      "Id": "1816bbe3-7a9a-43ea-83d6-88d9c3bec998",
      "Page": 1
    },
    {
      "BlockType": "WORD",
      "Confidence": 93.14585876464844,
      "Text": "Guia",
      "TextType": "PRINTED",
      "Geometry": {
        "BoundingBox": {
          "Width": 0.023237833753228188,
          "Height": 0.007297336123883724,
          "Left": 0.5004666447639465,
          "Top": 0.35185369849205017
        },
        "Polygon": [
          {
            "X": 0.5006223917007446,
            "Y": 0.35185369849205017
          },
          {
            "X": 0.523704469203949,
            "Y": 0.351897269487381
          },
          {
            "X": 0.5235527157783508,
            "Y": 0.35915103554725647
          },
          {
            "X": 0.5004666447639465,
            "Y": 0.35910120606422424
          }
        ]
      },
      "Id": "07697604-7330-4a74-8f5e-91dd49482c45",
      "Page": 1
    },
    {
      "BlockType": "WORD",
      "Confidence": 99.30965423583984,
      "Text": "de",
      "TextType": "PRINTED",
      "Geometry": {
        "BoundingBox": {
          "Width": 0.012630019336938858,
          "Height": 0.007031899411231279,
          "Left": 0.526276171207428,
          "Top": 0.3517427146434784
        },
        "Polygon": [
          {
            "X": 0.5264222621917725,
            "Y": 0.3517427146434784
          },
          {
            "X": 0.5389062166213989,
            "Y": 0.3517662286758423
          },
          {
            "X": 0.5387622117996216,
            "Y": 0.3587746322154999
          },
          {
            "X": 0.526276171207428,
            "Y": 0.3587478697299957
          }
        ]
      },
      "Id": "90d35e6e-63c7-405d-a036-567d06967078",
      "Page": 1
    },
    {
      "BlockType": "WORD",
      "Confidence": 99.8586196899414,
      "Text": "marketing",
      "TextType": "PRINTED",
      "Geometry": {
        "BoundingBox": {
          "Width": 0.05024296045303345,
          "Height": 0.008455184288322926,
          "Left": 0.3473844826221466,
          "Top": 0.3641764223575592
        },
        "Polygon": [
          {
            "X": 0.34759482741355896,
            "Y": 0.3641764223575592
          },
          {
            "X": 0.39762744307518005,
            "Y": 0.3642944395542145
          },
          {
            "X": 0.3974270522594452,
            "Y": 0.37263160943984985
          },
          {
            "X": 0.3473844826221466,
            "Y": 0.3724980056285858
          }
        ]
      },
      "Id": "7940b1e5-618c-4dd1-a91f-8f5449484d78",
      "Page": 1
    },
    {
      "BlockType": "WORD",
      "Confidence": 87.94853973388672,
      "Text": "conteúdo",
      "TextType": "PRINTED",
      "Geometry": {
        "BoundingBox": {
          "Width": 0.0459715761244297,
          "Height": 0.007588194217532873,
          "Left": 0.4232216775417328,
          "Top": 0.3615981936454773
        },
        "Polygon": [
          {
            "X": 0.4233965277671814,
            "Y": 0.3615981936454773
          },
          {
            "X": 0.4691932499408722,
            "Y": 0.36170151829719543
          },
          {
            "X": 0.4690265655517578,
            "Y": 0.3691863715648651
          },
          {
            "X": 0.4232216775417328,
            "Y": 0.36907029151916504
          }
        ]
      },
      "Id": "08e43de3-97eb-485a-9c25-dd5931b11843",
      "Page": 1
    },
    {
      "BlockType": "WORD",
      "Confidence": 97.23717498779297,
      "Text": "estilo",
      "TextType": "PRINTED",
      "Geometry": {
        "BoundingBox": {
          "Width": 0.02814115770161152,
          "Height": 0.007571568712592125,
          "Left": 0.5047734379768372,
          "Top": 0.36168989539146423
        },
        "Polygon": [
          {
            "X": 0.5049338340759277,
            "Y": 0.36168989539146423
          },
          {
            "X": 0.5329145789146423,
            "Y": 0.3617529273033142
          },
          {
            "X": 0.5327592492103577,
            "Y": 0.3692614436149597
          },
          {
            "X": 0.5047734379768372,
            "Y": 0.36919060349464417
          }
        ]
      },
      "Id": "72568024-50c2-4cb1-b96d-48f4ee8f84ee",
      "Page": 1
    },
    {
      "BlockType": "WORD",
      "Confidence": 99.2477798461914,
      "Text": "campanha",
      "TextType": "PRINTED",
      "Geometry": {
        "BoundingBox": {
          "Width": 0.05568520352244377,
          "Height": 0.009696856141090393,
          "Left": 0.57818204164505,
          "Top": 0.3563443422317505
        },
        "Polygon": [
          {
            "X": 0.5783692002296448,
            "Y": 0.3563443422317505
          },
          {
            "X": 0.6338672637939453,
            "Y": 0.35645806789398193
          },
          {
            "X": 0.6336929202079773,
            "Y": 0.3660412132740021
          },
          {
            "X": 0.57818204164505,
            "Y": 0.36590781807899475
          }
        ]
      },
      "Id": "87ad300a-dea7-4856-a4ba-f03eb5963d15",
      "Page": 1
    },
    {
      "BlockType": "WORD",
      "Confidence": 99.51152801513672,
      "Text": "Analista",
      "TextType": "PRINTED",
      "Geometry": {
        "BoundingBox": {
          "Width": 0.04002203047275543,
          "Height": 0.0076179164461791515,
          "Left": 0.3430202603340149,
          "Top": 0.4030187427997589
        },
        "Polygon": [
          {
            "X": 0.34320932626724243,
            "Y": 0.4030187427997589
          },
          {
            "X": 0.3830423057079315,
            "Y": 0.40317049622535706
          },
          {
            "X": 0.38286030292510986,
            "Y": 0.41063666343688965
          },
          {
            "X": 0.3430202603340149,
            "Y": 0.4104738235473633
          }
        ]
      },
      "Id": "8d4be169-26d0-4275-b981-1b35371f581f",
      "Page": 1
    },
    {
      "BlockType": "WORD",
      "Confidence": 99.74775695800781,
      "Text": "de",
      "TextType": "PRINTED",
      "Geometry": {
        "BoundingBox": {
          "Width": 0.012285282835364342,
          "Height": 0.006987146567553282,
          "Left": 0.3856947422027588,
          "Top": 0.4032343029975891
        },
        "Polygon": [
          {
            "X": 0.38586336374282837,
            "Y": 0.4032343029975891
          },
          {
            "X": 0.3979800343513489,
            "Y": 0.40328046679496765
          },
          {
            "X": 0.3978134095668793,
            "Y": 0.4102214276790619
          },
          {
            "X": 0.3856947422027588,
            "Y": 0.41017210483551025
          }
        ]
      },
      "Id": "154233e0-47f9-4dc7-9b3c-52daa8db103d",
      "Page": 1
    },
    {
      "BlockType": "WORD",
      "Confidence": 99.74200439453125,
      "Text": "Editor",
      "TextType": "PRINTED",
      "Geometry": {
        "BoundingBox": {
          "Width": 0.03038332238793373,
          "Height": 0.0069467793218791485,
          "Left": 0.42768195271492004,
          "Top": 0.4032289683818817
        },
        "Polygon": [
          {
            "X": 0.4278407394886017,
            "Y": 0.4032289683818817
          },
          {
            "X": 0.45806530117988586,
            "Y": 0.40334397554397583
          },
          {
            "X": 0.4579114317893982,
            "Y": 0.41017574071884155
          },
          {
            "X": 0.42768195271492004,
            "Y": 0.4100530445575714
          }
        ]
      },
      "Id": "a0c4bc74-adc8-4f55-baf3-d0b1446ef170",
      "Page": 1
    },
    {
      "BlockType": "WORD",
      "Confidence": 99.54071044921875,
      "Text": "Agente",
      "TextType": "PRINTED",
      "Geometry": {
        "BoundingBox": {
          "Width": 0.03778509050607681,
          "Height": 0.008974069729447365,
          "Left": 0.4927503764629364,
          "Top": 0.40125977993011475
        },
        "Polygon": [
          {
            "X": 0.4929414391517639,
            "Y": 0.40125977993011475
          },
          {
            "X": 0.5305354595184326,
            "Y": 0.40139973163604736
          },
          {
            "X": 0.5303523540496826,
            "Y": 0.41023382544517517
          },
          {
            "X": 0.4927503764629364,
            "Y": 0.41008153557777405
          }
        ]
      },
      "Id": "8f1b9ff4-eef4-4555-99b3-2222ebcae4b2",
      "Page": 1
    },
    {
      "BlockType": "WORD",
      "Confidence": 99.26431274414062,
      "Text": "de",
      "TextType": "PRINTED",
      "Geometry": {
        "BoundingBox": {
          "Width": 0.012675133533775806,
          "Height": 0.0068435086868703365,
          "Left": 0.5329608917236328,
          "Top": 0.40128615498542786
        },
        "Polygon": [
          {
            "X": 0.5331013202667236,
            "Y": 0.40128615498542786
          },
          {
            "X": 0.5456360578536987,
            "Y": 0.4013327658176422
          },
          {
            "X": 0.545497715473175,
            "Y": 0.40812966227531433
          },
          {
            "X": 0.5329608917236328,
            "Y": 0.4080798923969269
          }
        ]
      },
      "Id": "c83bf411-edd1-41eb-89a5-332f1b1a63ba",
      "Page": 1
    },
    {
      "BlockType": "WORD",
      "Confidence": 99.02178192138672,
      "Text": "Especialista",
      "TextType": "PRINTED",
      "Geometry": {
        "BoundingBox": {
          "Width": 0.06124310567975044,
          "Height": 0.009372876025736332,
          "Left": 0.5682539343833923,
          "Top": 0.39906883239746094
        },
        "Polygon": [
          {
            "X": 0.5684346556663513,
            "Y": 0.39906883239746094
          },
          {
            "X": 0.6294970512390137,
            "Y": 0.3992905914783478
          },
          {
            "X": 0.6293297410011292,
            "Y": 0.4084417223930359
          },
          {
            "X": 0.5682539343833923,
            "Y": 0.408199280500412
          }
        ]
      },
      "Id": "cee50b73-92b3-4bad-88ff-9c7c2fb46d7c",
      "Page": 1
    },
    {
      "BlockType": "WORD",
      "Confidence": 97.59266662597656,
      "Text": "en",
      "TextType": "PRINTED",
      "Geometry": {
        "BoundingBox": {
          "Width": 0.014374679885804653,
          "Height": 0.005584323778748512,
          "Left": 0.6324588060379028,
          "Top": 0.3999134600162506
        },
        "Polygon": [
          {
            "X": 0.6325594186782837,
            "Y": 0.3999134600162506
          },
          {
            "X": 0.6468334794044495,
            "Y": 0.3999656140804291
          },
          {
            "X": 0.6467347145080566,
            "Y": 0.40549778938293457
          },
          {
            "X": 0.6324588060379028,
            "Y": 0.4054427146911621
          }
        ]
      },
      "Id": "e06117ec-d445-4adf-87b9-c9639a5cbe7f",
      "Page": 1
    },
    {
      "BlockType": "WORD",
      "Confidence": 99.2418212890625,
      "Text": "mercado",
      "TextType": "PRINTED",
      "Geometry": {
        "BoundingBox": {
          "Width": 0.042005978524684906,
          "Height": 0.007051798980683088,
          "Left": 0.3491491675376892,
          "Top": 0.4132750928401947
        },
        "Polygon": [
          {
            "X": 0.34932219982147217,
            "Y": 0.4132750928401947
          },
          {
            "X": 0.3911551237106323,
            "Y": 0.4134504497051239
          },
          {
            "X": 0.39098894596099854,
            "Y": 0.4203268885612488
          },
          {
            "X": 0.3491491675376892,
            "Y": 0.4201408326625824
          }
        ]
      },
      "Id": "4d5caa96-5b33-4eea-b1b5-65096e8d14d6",
      "Page": 1
    },
    {
      "BlockType": "WORD",
      "Confidence": 97.0169906616211,
      "Text": "armazenamento",
      "TextType": "PRINTED",
      "Geometry": {
        "BoundingBox": {
          "Width": 0.08408534526824951,
          "Height": 0.007904580794274807,
          "Left": 0.47694870829582214,
          "Top": 0.41129639744758606
        },
        "Polygon": [
          {
            "X": 0.47711485624313354,
            "Y": 0.41129639744758606
          },
          {
            "X": 0.5610340237617493,
            "Y": 0.4116402864456177
          },
          {
            "X": 0.5608830451965332,
            "Y": 0.41920098662376404
          },
          {
            "X": 0.47694870829582214,
            "Y": 0.41883352398872375
          }
        ]
      },
      "Id": "f320c1e5-69a2-43b6-afd7-7516e16b501f",
      "Page": 1
    },
    {
      "BlockType": "WORD",
      "Confidence": 89.83145141601562,
      "Text": "geração",
      "TextType": "PRINTED",
      "Geometry": {
        "BoundingBox": {
          "Width": 0.042431022971868515,
          "Height": 0.009085767902433872,
          "Left": 0.5790350437164307,
          "Top": 0.4093019962310791
        },
        "Polygon": [
          {
            "X": 0.5792087912559509,
            "Y": 0.4093019962310791
          },
          {
            "X": 0.6214660406112671,
            "Y": 0.40947139263153076
          },
          {
            "X": 0.6213012933731079,
            "Y": 0.418387770652771
          },
          {
            "X": 0.5790350437164307,
            "Y": 0.4182044267654419
          }
        ]
      },
      "Id": "74db172c-9044-458a-beeb-fca22c2caab6",
      "Page": 1
    },
    {
      "BlockType": "WORD",
      "Confidence": 99.57648468017578,
      "Text": "de",
      "TextType": "PRINTED",
      "Geometry": {
        "BoundingBox": {
          "Width": 0.013055292889475822,
          "Height": 0.007092898711562157,
          "Left": 0.6239832043647766,
          "Top": 0.4089471697807312
        },
        "Polygon": [
          {
            "X": 0.6241127848625183,
            "Y": 0.4089471697807312
          },
          {
            "X": 0.6370384693145752,
            "Y": 0.4089987277984619
          },
          {
            "X": 0.6369110941886902,
            "Y": 0.4160400629043579
          },
          {
            "X": 0.6239832043647766,
            "Y": 0.4159851372241974
          }
        ]
      },
      "Id": "2b5e6632-be3f-41cc-a027-d0e3dc03e73e",
      "Page": 1
    },
    {
      "BlockType": "WORD",
      "Confidence": 99.8391342163086,
      "Text": "de",
      "TextType": "PRINTED",
      "Geometry": {
        "BoundingBox": {
          "Width": 0.013258414342999458,
          "Height": 0.007318473421037197,
          "Left": 0.48961547017097473,
          "Top": 0.421242892742157
        },
        "Polygon": [
          {
            "X": 0.48977312445640564,
            "Y": 0.421242892742157
          },
          {
            "X": 0.5028738975524902,
            "Y": 0.42130139470100403
          },
          {
            "X": 0.5027185082435608,
            "Y": 0.42856138944625854
          },
          {
            "X": 0.48961547017097473,
            "Y": 0.42849934101104736
          }
        ]
      },
      "Id": "b79011b1-ae5d-4d7e-beed-836e2268cc11",
      "Page": 1
    },
    {
      "BlockType": "WORD",
      "Confidence": 99.6952133178711,
      "Text": "projetos",
      "TextType": "PRINTED",
      "Geometry": {
        "BoundingBox": {
          "Width": 0.04230944812297821,
          "Height": 0.009093371219933033,
          "Left": 0.5056012868881226,
          "Top": 0.4210149347782135
        },
        "Polygon": [
          {
            "X": 0.5057909488677979,
            "Y": 0.4210149347782135
          },
          {
            "X": 0.5479106903076172,
            "Y": 0.42120254039764404
          },
          {
            "X": 0.547730028629303,
            "Y": 0.43010830879211426
          },
          {
            "X": 0.5056012868881226,
            "Y": 0.4299067556858063
          }
        ]
      },
      "Id": "ded9a12e-be14-4fb6-bcd2-b0656c7d424a",
      "Page": 1
    },
    {
      "BlockType": "WORD",
      "Confidence": 98.77120971679688,
      "Text": "video",
      "TextType": "PRINTED",
      "Geometry": {
        "BoundingBox": {
          "Width": 0.02972642332315445,
          "Height": 0.007396272849291563,
          "Left": 0.5927937030792236,
          "Top": 0.41909459233283997
        },
        "Polygon": [
          {
            "X": 0.5929328799247742,
            "Y": 0.41909459233283997
          },
          {
            "X": 0.6225200891494751,
            "Y": 0.4192238748073578
          },
          {
            "X": 0.6223860383033752,
            "Y": 0.4264908730983734
          },
          {
            "X": 0.5927937030792236,
            "Y": 0.4263536334037781
          }
        ]
      },
      "Id": "04e79c07-b118-4472-8044-b1f928798d2c",
      "Page": 1
    }
  ],
  "DetectDocumentTextModelVersion": "1.0"
}