'Page Number,'Tipo,'Texto,'Confidence Score % (Line),
"'1","'LINE","'Cloud","'97.13905334"
"'1","'LINE","'Encontre respostas precisas e referenciáveis","'98.21108246"
"'1","'LINE","'aws","'99.01019287"
"'1","'LINE","'Experience","'99.76905060"
"'1","'LINE","'2025","'99.83564758"
"'1","'LINE","'states Zones that that $3 physically Region E The shows AZA source that also S3","'85.91187286"
"'1","'LINE","'are separated within an AWS","'95.41639709"
"'1","'LINE","'resilient to AZ failures and stores data across multiple resulting in","'90.02841949"
"'1","'LINE","'high data durability 10 Additionally the Resilience Hub assessment CF","'81.29981995"
"'1","'LINE","'does well terms of resilency with the S3 bucket being resilient to AZ failures","'85.45456696"
"'1","'LINE","'Sources","'93.99802399"
"'1","'LINE","'ud","'94.69155121"
"'1","'LINE","'Conversas em contexto","'99.26541138"
"'1","'LINE","'Respostas","'98.68292236"
"'1","'LINE","'perience","'47.69356537"
"'1","'LINE","'confiáveis geradas a partir","'97.79536438"
"'1","'LINE","'&","'50.09624481"
"'1","'LINE","'Tell me more about availability zones","'87.84986115"
"'1","'LINE","'de dados empresariais","'99.33036804"
"'1","'LINE","'25","'96.98855591"
"'1","'LINE","'S","'64.30469513"
"'1","'LINE","'Zones are distinct locations within an AWS Region that are engineered to","'97.12473297"
"'1","'LINE","'provides Availability isolated same inexpensive Region low-latency D an Each Availability Availability Availability Zone Zones Zones","'86.09105682"
"'1","'LINE","'be from failures in other Availability Zones","'94.78472137"
"'1","'LINE","'network connectivity to other in","'98.28513336"
"'1","'LINE","'the AWS (1) U By launching instances in separate","'80.67205811"
"'1","'LINE","'you can protect your applications from the failure of single location D 08 AWS","'91.67536163"
"'1","'LINE","'Referências de fontes para","'98.71696472"
"'1","'LINE","'Histórico de conversação","'96.75737762"
"'1","'LINE","'maintains multiple Availability Zones in each Region and these Availability Zones are","'92.24150085"
"'1","'LINE","'physically isolated from each other bu united by private low-latency high-","'92.32202148"
"'1","'LINE","'verificação de fatos","'98.22448730"
"'1","'LINE","'throughout and highly redundant network connections E 4 This enables AWS to","'86.02136993"
"'1","'LINE","'provide ven high levels of availability and redundancy while also minimizing latency","'92.22732544"
"'1","'LINE","'E C","'20.74435234"
"'1","'LINE","'Sources v","'66.62979126"
"'1","'LINE","'Ajuste a relevância dos resultados","'98.87116241"
"'1","'LINE","'Enter prompt","'56.45366287"
"'1","'LINE","'com O aumento do índice","'89.34417725"
"'1","'LINE","'- -","'43.14880753"
"'1","'LINE","'AMATION have LESS","'9.46167183"
"'1","'LINE","'12","'95.51286316"
