{
  "DocumentMetadata": {
    "Pages": 1
  },
  "JobStatus": "SUCCEEDED",
  "Blocks": [
    {
      "BlockType": "PAGE",
      "Geometry": {
        "BoundingBox": {
          "Width": 0.7167152166366577,
          "Height": 0.45482221245765686,
          "Left": 0.07451274991035461,
          "Top": 0.15952886641025543
        },
        "Polygon": [
          {
            "X": 0.11365657299757004,
            "Y": 0.20646370947360992
          },
          {
            "X": 0.7808904647827148,
            "Y": 0.15952886641025543
          },
          {
            "X": 0.7912279367446899,
            "Y": 0.6083319187164307
          },
          {
            "X": 0.07451274991035461,
            "Y": 0.6143510341644287
          }
        ]
      },
      "Id": "63a76703-e502-4c99-b636-b5281a78071e",
      "Relationships": [
        {
          "Type": "CHILD",
          "Ids": [
            "1e306828-3db5-42a4-a80d-28885e1eac49",
            "2a744590-a716-4309-a87d-42c03c9e6d1a",
            "71b991f5-04e7-40d1-8846-c8a14f1f1ec3",
            "4da44312-5ccd-4169-b2bf-c7778cfee46f",
            "011de18f-a119-4557-81ef-608ebf1fab5a",
            "8dfdf941-71b1-4e0e-a4ea-549a085af00d",
            "80e8f05e-3cd4-4dd0-bdf5-e15e02c53bd2",
            "24649b25-b2ee-40b8-b7cf-4d722a148d4c",
            "ed0f69e2-fabf-4ff4-be09-f2fc5b65dc4a",
            "2d56e012-81ca-4bca-930a-0a16a37aa2a1",
            "2b6eeaa8-8324-47f6-84b6-31ce35f9e45c"
          ]
        }
      ],
      "Page": 1
    },
    {
      "BlockType": "LINE",
      "Confidence": 98.26023864746094,
      "Text": "Caso de uso: Assistente e",
      "Geometry": {
        "BoundingBox": {
          "Width": 0.42582911252975464,
          "Height": 0.05182689055800438,
          "Left": 0.14533884823322296,
          "Top": 0.23626363277435303
        },
        "Polygon": [
          {
            "X": 0.14763274788856506,
            "Y": 0.26232558488845825
          },
          {
            "X": 0.5711679458618164,
            "Y": 0.23626363277435303
          },
          {
            "X": 0.5707741975784302,
            "Y": 0.26356059312820435
          },
          {
            "X": 0.14533884823322296,
            "Y": 0.2880905270576477
          }
        ]
      },
      "Id": "1e306828-3db5-42a4-a80d-28885e1eac49",
      "Relationships": [
        {
          "Type": "CHILD",
          "Ids": [
            "6470c171-6ec5-43b0-9cff-ee17efb8d009",
            "f4a76d3a-0477-4c9b-9a07-8c0ca762ca4f",
            "7c108819-25c5-4af8-9d53-e497d664fa94",
            "5b8fc863-cd30-4baf-8c34-1440a23fa090",
            "b7e0fd68-0d78-4da3-bf6d-63460f973627"
          ]
        }
      ],
      "Page": 1
    },
    {
      "BlockType": "LINE",
      "Confidence": 99.47245788574219,
      "Text": "Consultor do Banco",
      "Geometry": {
        "BoundingBox": {
          "Width": 0.29741212725639343,
          "Height": 0.04081437364220619,
          "Left": 0.14190572500228882,
          "Top": 0.2708461880683899
        },
        "Polygon": [
          {
            "X": 0.14402808248996735,
            "Y": 0.2878847122192383
          },
          {
            "X": 0.43931785225868225,
            "Y": 0.2708461880683899
          },
          {
            "X": 0.43838781118392944,
            "Y": 0.2956145405769348
          },
          {
            "X": 0.14190572500228882,
            "Y": 0.3116605579853058
          }
        ]
      },
      "Id": "2a744590-a716-4309-a87d-42c03c9e6d1a",
      "Relationships": [
        {
          "Type": "CHILD",
          "Ids": [
            "f87aa37d-8a46-48ad-a7ec-7c0293d61cb7",
            "b2263379-a174-41e9-82a3-8ad934308091",
            "12da6004-7bb9-44e2-8bd1-5d8f712845b5"
          ]
        }
      ],
      "Page": 1
    },
    {
      "BlockType": "LINE",
      "Confidence": 99.82478332519531,
      "Text": "?",
      "Geometry": {
        "BoundingBox": {
          "Width": 0.026955561712384224,
          "Height": 0.03007643297314644,
          "Left": 0.5630459189414978,
          "Top": 0.2920243442058563
        },
        "Polygon": [
          {
            "X": 0.5634937882423401,
            "Y": 0.29344162344932556
          },
          {
            "X": 0.5900015234947205,
            "Y": 0.2920243442058563
          },
          {
            "X": 0.5896856784820557,
            "Y": 0.32078495621681213
          },
          {
            "X": 0.5630459189414978,
            "Y": 0.32210075855255127
          }
        ]
      },
      "Id": "71b991f5-04e7-40d1-8846-c8a14f1f1ec3",
      "Relationships": [
        {
          "Type": "CHILD",
          "Ids": [
            "0d367477-b7b5-431e-8158-395848d8ad71"
          ]
        }
      ],
      "Page": 1
    },
    {
      "BlockType": "LINE",
      "Confidence": 98.5126724243164,
      "Text": "Melhorar a experiência do",
      "Geometry": {
        "BoundingBox": {
          "Width": 0.17165987193584442,
          "Height": 0.021177658811211586,
          "Left": 0.19147925078868866,
          "Top": 0.3463889956474304
        },
        "Polygon": [
          {
            "X": 0.1925257444381714,
            "Y": 0.35445600748062134
          },
          {
            "X": 0.3631391227245331,
            "Y": 0.3463889956474304
          },
          {
            "X": 0.3624638020992279,
            "Y": 0.3598175346851349
          },
          {
            "X": 0.19147925078868866,
            "Y": 0.36756664514541626
          }
        ]
      },
      "Id": "4da44312-5ccd-4169-b2bf-c7778cfee46f",
      "Relationships": [
        {
          "Type": "CHILD",
          "Ids": [
            "a0a78ed0-a197-484c-89f9-1d39ad10f0da",
            "391bfa75-84f3-4ce1-bcf0-debf3bf6e105",
            "760ee7a2-4749-42d5-bd09-359015903490",
            "1f683077-8966-4347-a047-25f1e15b95fa"
          ]
        }
      ],
      "Page": 1
    },
    {
      "BlockType": "LINE",
      "Confidence": 99.41991424560547,
      "Text": "Responder perguntas usando a",
      "Geometry": {
        "BoundingBox": {
          "Width": 0.23837873339653015,
          "Height": 0.026245804503560066,
          "Left": 0.4592718183994293,
          "Top": 0.32810890674591064
        },
        "Polygon": [
          {
            "X": 0.45977234840393066,
            "Y": 0.33943262696266174
          },
          {
            "X": 0.6975299715995789,
            "Y": 0.32810890674591064
          },
          {
            "X": 0.6976505517959595,
            "Y": 0.34351420402526855
          },
          {
            "X": 0.4592718183994293,
            "Y": 0.35435470938682556
          }
        ]
      },
      "Id": "011de18f-a119-4557-81ef-608ebf1fab5a",
      "Relationships": [
        {
          "Type": "CHILD",
          "Ids": [
            "b6bcc2f2-344d-48cf-8350-ee0e6d23328e",
            "a14e6680-119e-46b1-ac13-9ab032c933ad",
            "6f771b69-f826-4cce-8cf9-1eef16bed342",
            "2f5de616-9bd7-40c0-9e15-19cb8c0d7291"
          ]
        }
      ],
      "Page": 1
    },
    {
      "BlockType": "LINE",
      "Confidence": 98.44735717773438,
      "Text": "cliente com solução",
      "Geometry": {
        "BoundingBox": {
          "Width": 0.13144747912883759,
          "Height": 0.018851522356271744,
          "Left": 0.20926307141780853,
          "Top": 0.36116379499435425
        },
        "Polygon": [
          {
            "X": 0.21025444567203522,
            "Y": 0.3670692443847656
          },
          {
            "X": 0.3407105505466461,
            "Y": 0.36116379499435425
          },
          {
            "X": 0.3399978578090668,
            "Y": 0.3743499517440796
          },
          {
            "X": 0.20926307141780853,
            "Y": 0.3800153136253357
          }
        ]
      },
      "Id": "8dfdf941-71b1-4e0e-a4ea-549a085af00d",
      "Relationships": [
        {
          "Type": "CHILD",
          "Ids": [
            "99478a05-cc79-439a-82a3-c8b2b28c3b23",
            "20b0fcc3-481a-4725-88d7-9fe5ac607095",
            "b0b9f404-8757-4f9f-801d-c36d91b397eb"
          ]
        }
      ],
      "Page": 1
    },
    {
      "BlockType": "LINE",
      "Confidence": 97.51524353027344,
      "Text": "documentação",
      "Geometry": {
        "BoundingBox": {
          "Width": 0.11459631472826004,
          "Height": 0.021476346999406815,
          "Left": 0.5167696475982666,
          "Top": 0.34512436389923096
        },
        "Polygon": [
          {
            "X": 0.5171520113945007,
            "Y": 0.35034093260765076
          },
          {
            "X": 0.631365954875946,
            "Y": 0.34512436389923096
          },
          {
            "X": 0.6313049793243408,
            "Y": 0.36163586378097534
          },
          {
            "X": 0.5167696475982666,
            "Y": 0.3666006922721863
          }
        ]
      },
      "Id": "80e8f05e-3cd4-4dd0-bdf5-e15e02c53bd2",
      "Relationships": [
        {
          "Type": "CHILD",
          "Ids": [
            "fcb73cb6-a352-4689-b1e3-d0973e699f00"
          ]
        }
      ],
      "Page": 1
    },
    {
      "BlockType": "LINE",
      "Confidence": 99.43956756591797,
      "Text": "unificada",
      "Geometry": {
        "BoundingBox": {
          "Width": 0.061653800308704376,
          "Height": 0.013944437727332115,
          "Left": 0.2420574426651001,
          "Top": 0.3762887418270111
        },
        "Polygon": [
          {
            "X": 0.24285809695720673,
            "Y": 0.3789225220680237
          },
          {
            "X": 0.3037112355232239,
            "Y": 0.3762887418270111
          },
          {
            "X": 0.3030233085155487,
            "Y": 0.3876970410346985
          },
          {
            "X": 0.2420574426651001,
            "Y": 0.39023318886756897
          }
        ]
      },
      "Id": "24649b25-b2ee-40b8-b7cf-4d722a148d4c",
      "Relationships": [
        {
          "Type": "CHILD",
          "Ids": [
            "c0b06e5b-4e9d-4e37-87c8-d7828638274b"
          ]
        }
      ],
      "Page": 1
    },
    {
      "BlockType": "LINE",
      "Confidence": 98.29928588867188,
      "Text": "Executar ações no sistema",
      "Geometry": {
        "BoundingBox": {
          "Width": 0.17638888955116272,
          "Height": 0.018594663590192795,
          "Left": 0.17800761759281158,
          "Top": 0.4522872269153595
        },
        "Polygon": [
          {
            "X": 0.17905813455581665,
            "Y": 0.45786577463150024
          },
          {
            "X": 0.3543965220451355,
            "Y": 0.4522872269153595
          },
          {
            "X": 0.35371747612953186,
            "Y": 0.46563485264778137
          },
          {
            "X": 0.17800761759281158,
            "Y": 0.4708818793296814
          }
        ]
      },
      "Id": "ed0f69e2-fabf-4ff4-be09-f2fc5b65dc4a",
      "Relationships": [
        {
          "Type": "CHILD",
          "Ids": [
            "c4d57931-bf08-4d1a-b5eb-f74cb130d3fc",
            "ac7a3369-f790-41c5-9a63-ebe2847ec3de",
            "20a17181-6584-4fcd-9480-a0a32421a52d",
            "58425f39-a1fa-4620-b19b-ecc834698f24"
          ]
        }
      ],
      "Page": 1
    },
    {
      "BlockType": "LINE",
      "Confidence": 99.22822570800781,
      "Text": "Acessar os sistemas de forma",
      "Geometry": {
        "BoundingBox": {
          "Width": 0.22983993589878082,
          "Height": 0.019907554611563683,
          "Left": 0.45860910415649414,
          "Top": 0.443150132894516
        },
        "Polygon": [
          {
            "X": 0.4590272903442383,
            "Y": 0.45039916038513184
          },
          {
            "X": 0.6883692145347595,
            "Y": 0.443150132894516
          },
          {
            "X": 0.6884490251541138,
            "Y": 0.4562126696109772
          },
          {
            "X": 0.45860910415649414,
            "Y": 0.4630576968193054
          }
        ]
      },
      "Id": "2d56e012-81ca-4bca-930a-0a16a37aa2a1",
      "Relationships": [
        {
          "Type": "CHILD",
          "Ids": [
            "803c7030-df86-46c0-846e-348279e92e28",
            "fcc272ec-0aa5-42b3-acec-490a64f98cc8",
            "f384e39f-5848-469d-a081-2ba6fe524c52",
            "5d021352-cb31-4e7a-9c09-e5d5ecfb61fc",
            "387e7361-ee17-42c0-8786-0c211a33704b"
          ]
        }
      ],
      "Page": 1
    },
    {
      "BlockType": "LINE",
      "Confidence": 99.4212646484375,
      "Text": "segura",
      "Geometry": {
        "BoundingBox": {
          "Width": 0.052918750792741776,
          "Height": 0.013165761716663837,
          "Left": 0.5426210165023804,
          "Top": 0.4636853337287903
        },
        "Polygon": [
          {
            "X": 0.5428383350372314,
            "Y": 0.46521976590156555
          },
          {
            "X": 0.5955397486686707,
            "Y": 0.4636853337287903
          },
          {
            "X": 0.5954259037971497,
            "Y": 0.47540125250816345
          },
          {
            "X": 0.5426210165023804,
            "Y": 0.47685110569000244
          }
        ]
      },
      "Id": "2b6eeaa8-8324-47f6-84b6-31ce35f9e45c",
      "Relationships": [
        {
          "Type": "CHILD",
          "Ids": [
            "16a3adf3-f35b-4be4-86e5-1923db3ca1c2"
          ]
        }
      ],
      "Page": 1
    },
    {
      "BlockType": "WORD",
      "Confidence": 99.65039825439453,
      "Text": "Caso",
      "TextType": "PRINTED",
      "Geometry": {
        "BoundingBox": {
          "Width": 0.062158871442079544,
          "Height": 0.02105490118265152,
          "Left": 0.14533884823322296,
          "Top": 0.2670356333255768
        },
        "Polygon": [
          {
            "X": 0.1468881368637085,
            "Y": 0.2706889510154724
          },
          {
            "X": 0.2074977159500122,
            "Y": 0.2670356333255768
          },
          {
            "X": 0.206121563911438,
            "Y": 0.2845858931541443
          },
          {
            "X": 0.14533884823322296,
            "Y": 0.2880905270576477
          }
        ]
      },
      "Id": "6470c171-6ec5-43b0-9cff-ee17efb8d009",
      "Page": 1
    },
    {
      "BlockType": "WORD",
      "Confidence": 99.77982330322266,
      "Text": "de",
      "TextType": "PRINTED",
      "Geometry": {
        "BoundingBox": {
          "Width": 0.033147260546684265,
          "Height": 0.01946328952908516,
          "Left": 0.22158277034759521,
          "Top": 0.26232486963272095
        },
        "Polygon": [
          {
            "X": 0.22291088104248047,
            "Y": 0.26425161957740784
          },
          {
            "X": 0.2547300457954407,
            "Y": 0.26232486963272095
          },
          {
            "X": 0.25349441170692444,
            "Y": 0.27993908524513245
          },
          {
            "X": 0.22158277034759521,
            "Y": 0.2817881405353546
          }
        ]
      },
      "Id": "f4a76d3a-0477-4c9b-9a07-8c0ca762ca4f",
      "Page": 1
    },
    {
      "BlockType": "WORD",
      "Confidence": 94.03944396972656,
      "Text": "uso:",
      "TextType": "PRINTED",
      "Geometry": {
        "BoundingBox": {
          "Width": 0.0627746656537056,
          "Height": 0.019927432760596275,
          "Left": 0.26996609568595886,
          "Top": 0.2585007846355438
        },
        "Polygon": [
          {
            "X": 0.2710559368133545,
            "Y": 0.2622278928756714
          },
          {
            "X": 0.33274075388908386,
            "Y": 0.2585007846355438
          },
          {
            "X": 0.33181872963905334,
            "Y": 0.2748391628265381
          },
          {
            "X": 0.26996609568595886,
            "Y": 0.27842822670936584
          }
        ]
      },
      "Id": "7c108819-25c5-4af8-9d53-e497d664fa94",
      "Page": 1
    },
    {
      "BlockType": "WORD",
      "Confidence": 98.00165557861328,
      "Text": "Assistente",
      "TextType": "PRINTED",
      "Geometry": {
        "BoundingBox": {
          "Width": 0.17955468595027924,
          "Height": 0.033449795097112656,
          "Left": 0.35112226009368896,
          "Top": 0.2387552261352539
        },
        "Polygon": [
          {
            "X": 0.3523148000240326,
            "Y": 0.24973061680793762
          },
          {
            "X": 0.5306769609451294,
            "Y": 0.2387552261352539
          },
          {
            "X": 0.5301799774169922,
            "Y": 0.2617752254009247
          },
          {
            "X": 0.35112226009368896,
            "Y": 0.27220502495765686
          }
        ]
      },
      "Id": "5b8fc863-cd30-4baf-8c34-1440a23fa090",
      "Page": 1
    },
    {
      "BlockType": "WORD",
      "Confidence": 99.82990264892578,
      "Text": "e",
      "TextType": "PRINTED",
      "Geometry": {
        "BoundingBox": {
          "Width": 0.018621452152729034,
          "Height": 0.015032126568257809,
          "Left": 0.5524900555610657,
          "Top": 0.2401769757270813
        },
        "Polygon": [
          {
            "X": 0.5527359247207642,
            "Y": 0.24129749834537506
          },
          {
            "X": 0.5711115002632141,
            "Y": 0.2401769757270813
          },
          {
            "X": 0.5709103345870972,
            "Y": 0.2541223466396332
          },
          {
            "X": 0.5524900555610657,
            "Y": 0.2552091181278229
          }
        ]
      },
      "Id": "b7e0fd68-0d78-4da3-bf6d-63460f973627",
      "Page": 1
    },
    {
      "BlockType": "WORD",
      "Confidence": 98.86740112304688,
      "Text": "Consultor",
      "TextType": "PRINTED",
      "Geometry": {
        "BoundingBox": {
          "Width": 0.14275486767292023,
          "Height": 0.030594656243920326,
          "Left": 0.14190572500228882,
          "Top": 0.2810659110546112
        },
        "Polygon": [
          {
            "X": 0.14391422271728516,
            "Y": 0.2891600728034973
          },
          {
            "X": 0.28466060757637024,
            "Y": 0.2810659110546112
          },
          {
            "X": 0.2831767499446869,
            "Y": 0.30401477217674255
          },
          {
            "X": 0.14190572500228882,
            "Y": 0.3116605579853058
          }
        ]
      },
      "Id": "f87aa37d-8a46-48ad-a7ec-7c0293d61cb7",
      "Page": 1
    },
    {
      "BlockType": "WORD",
      "Confidence": 99.8470687866211,
      "Text": "do",
      "TextType": "PRINTED",
      "Geometry": {
        "BoundingBox": {
          "Width": 0.03554605320096016,
          "Height": 0.02076352946460247,
          "Left": 0.299479603767395,
          "Top": 0.2777256667613983
        },
        "Polygon": [
          {
            "X": 0.3006416857242584,
            "Y": 0.27970531582832336
          },
          {
            "X": 0.3350256383419037,
            "Y": 0.2777256667613983
          },
          {
            "X": 0.3339717388153076,
            "Y": 0.29659876227378845
          },
          {
            "X": 0.299479603767395,
            "Y": 0.29848918318748474
          }
        ]
      },
      "Id": "b2263379-a174-41e9-82a3-8ad934308091",
      "Page": 1
    },
    {
      "BlockType": "WORD",
      "Confidence": 99.7029037475586,
      "Text": "Banco",
      "TextType": "PRINTED",
      "Geometry": {
        "BoundingBox": {
          "Width": 0.08667584508657455,
          "Height": 0.0241683516651392,
          "Left": 0.3526419997215271,
          "Top": 0.2708461880683899
        },
        "Polygon": [
          {
            "X": 0.3536529541015625,
            "Y": 0.27578914165496826
          },
          {
            "X": 0.43931785225868225,
            "Y": 0.2708461880683899
          },
          {
            "X": 0.438587486743927,
            "Y": 0.2902969717979431
          },
          {
            "X": 0.3526419997215271,
            "Y": 0.29501453042030334
          }
        ]
      },
      "Id": "12da6004-7bb9-44e2-8bd1-5d8f712845b5",
      "Page": 1
    },
    {
      "BlockType": "WORD",
      "Confidence": 99.82478332519531,
      "Text": "?",
      "TextType": "PRINTED",
      "Geometry": {
        "BoundingBox": {
          "Width": 0.026955561712384224,
          "Height": 0.03007643297314644,
          "Left": 0.5630459189414978,
          "Top": 0.2920243442058563
        },
        "Polygon": [
          {
            "X": 0.5634937882423401,
            "Y": 0.29344162344932556
          },
          {
            "X": 0.5900015234947205,
            "Y": 0.2920243442058563
          },
          {
            "X": 0.5896856784820557,
            "Y": 0.32078495621681213
          },
          {
            "X": 0.5630459189414978,
            "Y": 0.32210075855255127
          }
        ]
      },
      "Id": "0d367477-b7b5-431e-8158-395848d8ad71",
      "Page": 1
    },
    {
      "BlockType": "WORD",
      "Confidence": 99.87510681152344,
      "Text": "Melhorar",
      "TextType": "PRINTED",
      "Geometry": {
        "BoundingBox": {
          "Width": 0.0597272627055645,
          "Height": 0.013330115005373955,
          "Left": 0.19159524142742157,
          "Top": 0.35278332233428955
        },
        "Polygon": [
          {
            "X": 0.1924377977848053,
            "Y": 0.3555578291416168
          },
          {
            "X": 0.25132250785827637,
            "Y": 0.35278332233428955
          },
          {
            "X": 0.2505812644958496,
            "Y": 0.3634273409843445
          },
          {
            "X": 0.19159524142742157,
            "Y": 0.36611345410346985
          }
        ]
      },
      "Id": "a0a78ed0-a197-484c-89f9-1d39ad10f0da",
      "Page": 1
    },
    {
      "BlockType": "WORD",
      "Confidence": 99.78413391113281,
      "Text": "a",
      "TextType": "PRINTED",
      "Geometry": {
        "BoundingBox": {
          "Width": 0.00810249149799347,
          "Height": 0.007628723978996277,
          "Left": 0.25345107913017273,
          "Top": 0.35478344559669495
        },
        "Polygon": [
          {
            "X": 0.25395408272743225,
            "Y": 0.35513871908187866
          },
          {
            "X": 0.2615535855293274,
            "Y": 0.35478344559669495
          },
          {
            "X": 0.26105961203575134,
            "Y": 0.3620646893978119
          },
          {
            "X": 0.25345107913017273,
            "Y": 0.3624121844768524
          }
        ]
      },
      "Id": "391bfa75-84f3-4ce1-bcf0-debf3bf6e105",
      "Page": 1
    },
    {
      "BlockType": "WORD",
      "Confidence": 94.55133819580078,
      "Text": "experiência",
      "TextType": "PRINTED",
      "Geometry": {
        "BoundingBox": {
          "Width": 0.07749699056148529,
          "Height": 0.01686868630349636,
          "Left": 0.26451191306114197,
          "Top": 0.3473880887031555
        },
        "Polygon": [
          {
            "X": 0.26540231704711914,
            "Y": 0.3510102331638336
          },
          {
            "X": 0.34200888872146606,
            "Y": 0.3473880887031555
          },
          {
            "X": 0.3412865102291107,
            "Y": 0.3607772886753082
          },
          {
            "X": 0.26451191306114197,
            "Y": 0.36425676941871643
          }
        ]
      },
      "Id": "760ee7a2-4749-42d5-bd09-359015903490",
      "Page": 1
    },
    {
      "BlockType": "WORD",
      "Confidence": 99.84012603759766,
      "Text": "do",
      "TextType": "PRINTED",
      "Geometry": {
        "BoundingBox": {
          "Width": 0.018220238387584686,
          "Height": 0.010711362585425377,
          "Left": 0.3448736369609833,
          "Top": 0.3472886383533478
        },
        "Polygon": [
          {
            "X": 0.3454006612300873,
            "Y": 0.34812289476394653
          },
          {
            "X": 0.36309388279914856,
            "Y": 0.3472886383533478
          },
          {
            "X": 0.36259594559669495,
            "Y": 0.35719001293182373
          },
          {
            "X": 0.3448736369609833,
            "Y": 0.3580000102519989
          }
        ]
      },
      "Id": "1f683077-8966-4347-a047-25f1e15b95fa",
      "Page": 1
    },
    {
      "BlockType": "WORD",
      "Confidence": 99.61653137207031,
      "Text": "Responder",
      "TextType": "PRINTED",
      "Geometry": {
        "BoundingBox": {
          "Width": 0.07909337431192398,
          "Height": 0.01750345714390278,
          "Left": 0.4592718183994293,
          "Top": 0.33685123920440674
        },
        "Polygon": [
          {
            "X": 0.4597337543964386,
            "Y": 0.3405832052230835
          },
          {
            "X": 0.5383651852607727,
            "Y": 0.33685123920440674
          },
          {
            "X": 0.5380884408950806,
            "Y": 0.3507704436779022
          },
          {
            "X": 0.4592718183994293,
            "Y": 0.35435470938682556
          }
        ]
      },
      "Id": "b6bcc2f2-344d-48cf-8350-ee0e6d23328e",
      "Page": 1
    },
    {
      "BlockType": "WORD",
      "Confidence": 98.841064453125,
      "Text": "perguntas",
      "TextType": "PRINTED",
      "Geometry": {
        "BoundingBox": {
          "Width": 0.07906240969896317,
          "Height": 0.017351476475596428,
          "Left": 0.5414512157440186,
          "Top": 0.3327074646949768
        },
        "Polygon": [
          {
            "X": 0.5417138934135437,
            "Y": 0.33645012974739075
          },
          {
            "X": 0.6205136775970459,
            "Y": 0.3327074646949768
          },
          {
            "X": 0.6204367876052856,
            "Y": 0.3464607298374176
          },
          {
            "X": 0.5414512157440186,
            "Y": 0.3500589430332184
          }
        ]
      },
      "Id": "a14e6680-119e-46b1-ac13-9ab032c933ad",
      "Page": 1
    },
    {
      "BlockType": "WORD",
      "Confidence": 99.4087142944336,
      "Text": "usando",
      "TextType": "PRINTED",
      "Geometry": {
        "BoundingBox": {
          "Width": 0.05749811604619026,
          "Height": 0.014233874157071114,
          "Left": 0.6252431869506836,
          "Top": 0.32881611585617065
        },
        "Polygon": [
          {
            "X": 0.6252979040145874,
            "Y": 0.33154910802841187
          },
          {
            "X": 0.6826805472373962,
            "Y": 0.32881611585617065
          },
          {
            "X": 0.6827412843704224,
            "Y": 0.340404748916626
          },
          {
            "X": 0.6252431869506836,
            "Y": 0.3430500030517578
          }
        ]
      },
      "Id": "6f771b69-f826-4cce-8cf9-1eef16bed342",
      "Page": 1
    },
    {
      "BlockType": "WORD",
      "Confidence": 99.81334686279297,
      "Text": "a",
      "TextType": "PRINTED",
      "Geometry": {
        "BoundingBox": {
          "Width": 0.009456082247197628,
          "Height": 0.008333924226462841,
          "Left": 0.6881523728370667,
          "Top": 0.33023974299430847
        },
        "Polygon": [
          {
            "X": 0.6881523728370667,
            "Y": 0.3306843638420105
          },
          {
            "X": 0.697546660900116,
            "Y": 0.33023974299430847
          },
          {
            "X": 0.697608470916748,
            "Y": 0.33813878893852234
          },
          {
            "X": 0.6882012486457825,
            "Y": 0.3385736644268036
          }
        ]
      },
      "Id": "2f5de616-9bd7-40c0-9e15-19cb8c0d7291",
      "Page": 1
    },
    {
      "BlockType": "WORD",
      "Confidence": 99.56653594970703,
      "Text": "cliente",
      "TextType": "PRINTED",
      "Geometry": {
        "BoundingBox": {
          "Width": 0.04490232095122337,
          "Height": 0.012362889014184475,
          "Left": 0.20940573513507843,
          "Top": 0.36578935384750366
        },
        "Polygon": [
          {
            "X": 0.21019992232322693,
            "Y": 0.3677813410758972
          },
          {
            "X": 0.2543080747127533,
            "Y": 0.36578935384750366
          },
          {
            "X": 0.25358834862709045,
            "Y": 0.3762253224849701
          },
          {
            "X": 0.20940573513507843,
            "Y": 0.3781522512435913
          }
        ]
      },
      "Id": "99478a05-cc79-439a-82a3-c8b2b28c3b23",
      "Page": 1
    },
    {
      "BlockType": "WORD",
      "Confidence": 99.67448425292969,
      "Text": "com",
      "TextType": "PRINTED",
      "Geometry": {
        "BoundingBox": {
          "Width": 0.028427815064787865,
          "Height": 0.009441179223358631,
          "Left": 0.2568507492542267,
          "Top": 0.3663026988506317
        },
        "Polygon": [
          {
            "X": 0.25741106271743774,
            "Y": 0.36755335330963135
          },
          {
            "X": 0.2852785587310791,
            "Y": 0.3663026988506317
          },
          {
            "X": 0.2847556173801422,
            "Y": 0.3745254576206207
          },
          {
            "X": 0.2568507492542267,
            "Y": 0.37574389576911926
          }
        ]
      },
      "Id": "20b0fcc3-481a-4725-88d7-9fe5ac607095",
      "Page": 1
    },
    {
      "BlockType": "WORD",
      "Confidence": 96.10103607177734,
      "Text": "solução",
      "TextType": "PRINTED",
      "Geometry": {
        "BoundingBox": {
          "Width": 0.05254698172211647,
          "Height": 0.015432379208505154,
          "Left": 0.28816357254981995,
          "Top": 0.36116379499435425
        },
        "Polygon": [
          {
            "X": 0.2889881134033203,
            "Y": 0.36350515484809875
          },
          {
            "X": 0.3407105505466461,
            "Y": 0.36116379499435425
          },
          {
            "X": 0.3399978578090668,
            "Y": 0.3743499517440796
          },
          {
            "X": 0.28816357254981995,
            "Y": 0.3765961825847626
          }
        ]
      },
      "Id": "b0b9f404-8757-4f9f-801d-c36d91b397eb",
      "Page": 1
    },
    {
      "BlockType": "WORD",
      "Confidence": 97.51524353027344,
      "Text": "documentação",
      "TextType": "PRINTED",
      "Geometry": {
        "BoundingBox": {
          "Width": 0.11459631472826004,
          "Height": 0.021476346999406815,
          "Left": 0.5167696475982666,
          "Top": 0.34512436389923096
        },
        "Polygon": [
          {
            "X": 0.5171520113945007,
            "Y": 0.35034093260765076
          },
          {
            "X": 0.631365954875946,
            "Y": 0.34512436389923096
          },
          {
            "X": 0.6313049793243408,
            "Y": 0.36163586378097534
          },
          {
            "X": 0.5167696475982666,
            "Y": 0.3666006922721863
          }
        ]
      },
      "Id": "fcb73cb6-a352-4689-b1e3-d0973e699f00",
      "Page": 1
    },
    {
      "BlockType": "WORD",
      "Confidence": 99.43956756591797,
      "Text": "unificada",
      "TextType": "PRINTED",
      "Geometry": {
        "BoundingBox": {
          "Width": 0.061653800308704376,
          "Height": 0.013944437727332115,
          "Left": 0.2420574426651001,
          "Top": 0.3762887418270111
        },
        "Polygon": [
          {
            "X": 0.24285809695720673,
            "Y": 0.3789225220680237
          },
          {
            "X": 0.3037112355232239,
            "Y": 0.3762887418270111
          },
          {
            "X": 0.3030233085155487,
            "Y": 0.3876970410346985
          },
          {
            "X": 0.2420574426651001,
            "Y": 0.39023318886756897
          }
        ]
      },
      "Id": "c0b06e5b-4e9d-4e37-87c8-d7828638274b",
      "Page": 1
    },
    {
      "BlockType": "WORD",
      "Confidence": 99.7970962524414,
      "Text": "Executar",
      "TextType": "PRINTED",
      "Geometry": {
        "BoundingBox": {
          "Width": 0.05755985155701637,
          "Height": 0.012263636104762554,
          "Left": 0.17821398377418518,
          "Top": 0.45606130361557007
        },
        "Polygon": [
          {
            "X": 0.17905813455581665,
            "Y": 0.45786577463150024
          },
          {
            "X": 0.23577383160591125,
            "Y": 0.45606130361557007
          },
          {
            "X": 0.23502443730831146,
            "Y": 0.46660667657852173
          },
          {
            "X": 0.17821398377418518,
            "Y": 0.4683249592781067
          }
        ]
      },
      "Id": "c4d57931-bf08-4d1a-b5eb-f74cb130d3fc",
      "Page": 1
    },
    {
      "BlockType": "WORD",
      "Confidence": 93.9175796508789,
      "Text": "ações",
      "TextType": "PRINTED",
      "Geometry": {
        "BoundingBox": {
          "Width": 0.039971139281988144,
          "Height": 0.01426023244857788,
          "Left": 0.23684948682785034,
          "Top": 0.4548645317554474
        },
        "Polygon": [
          {
            "X": 0.2377701997756958,
            "Y": 0.4561063349246979
          },
          {
            "X": 0.2768206298351288,
            "Y": 0.4548645317554474
          },
          {
            "X": 0.27598172426223755,
            "Y": 0.46795618534088135
          },
          {
            "X": 0.23684948682785034,
            "Y": 0.46912476420402527
          }
        ]
      },
      "Id": "ac7a3369-f790-41c5-9a63-ebe2847ec3de",
      "Page": 1
    },
    {
      "BlockType": "WORD",
      "Confidence": 99.8895492553711,
      "Text": "no",
      "TextType": "PRINTED",
      "Geometry": {
        "BoundingBox": {
          "Width": 0.0181608647108078,
          "Height": 0.008642904460430145,
          "Left": 0.27932462096214294,
          "Top": 0.45707967877388
        },
        "Polygon": [
          {
            "X": 0.27983856201171875,
            "Y": 0.457633376121521
          },
          {
            "X": 0.29748547077178955,
            "Y": 0.45707967877388
          },
          {
            "X": 0.29699456691741943,
            "Y": 0.4651893377304077
          },
          {
            "X": 0.27932462096214294,
            "Y": 0.46572259068489075
          }
        ]
      },
      "Id": "20a17181-6584-4fcd-9480-a0a32421a52d",
      "Page": 1
    },
    {
      "BlockType": "WORD",
      "Confidence": 99.59294128417969,
      "Text": "sistema",
      "TextType": "PRINTED",
      "Geometry": {
        "BoundingBox": {
          "Width": 0.0541619248688221,
          "Height": 0.013916927389800549,
          "Left": 0.3002229630947113,
          "Top": 0.45251554250717163
        },
        "Polygon": [
          {
            "X": 0.30095574259757996,
            "Y": 0.4542136788368225
          },
          {
            "X": 0.3543848991394043,
            "Y": 0.45251554250717163
          },
          {
            "X": 0.3537585437297821,
            "Y": 0.4648274779319763
          },
          {
            "X": 0.3002229630947113,
            "Y": 0.46643248200416565
          }
        ]
      },
      "Id": "58425f39-a1fa-4620-b19b-ecc834698f24",
      "Page": 1
    },
    {
      "BlockType": "WORD",
      "Confidence": 99.65660858154297,
      "Text": "Acessar",
      "TextType": "PRINTED",
      "Geometry": {
        "BoundingBox": {
          "Width": 0.05784274637699127,
          "Height": 0.013142290525138378,
          "Left": 0.45863887667655945,
          "Top": 0.44901415705680847
        },
        "Polygon": [
          {
            "X": 0.4590131342411041,
            "Y": 0.45082706212997437
          },
          {
            "X": 0.5164816379547119,
            "Y": 0.44901415705680847
          },
          {
            "X": 0.5162162780761719,
            "Y": 0.4604341983795166
          },
          {
            "X": 0.45863887667655945,
            "Y": 0.4621564447879791
          }
        ]
      },
      "Id": "803c7030-df86-46c0-846e-348279e92e28",
      "Page": 1
    },
    {
      "BlockType": "WORD",
      "Confidence": 97.29578399658203,
      "Text": "os",
      "TextType": "PRINTED",
      "Geometry": {
        "BoundingBox": {
          "Width": 0.017110701650381088,
          "Height": 0.009118679910898209,
          "Left": 0.519869863986969,
          "Top": 0.4508270025253296
        },
        "Polygon": [
          {
            "X": 0.520064115524292,
            "Y": 0.4513547122478485
          },
          {
            "X": 0.5369805693626404,
            "Y": 0.4508270025253296
          },
          {
            "X": 0.5368106365203857,
            "Y": 0.4594380259513855
          },
          {
            "X": 0.519869863986969,
            "Y": 0.4599456787109375
          }
        ]
      },
      "Id": "fcc272ec-0aa5-42b3-acec-490a64f98cc8",
      "Page": 1
    },
    {
      "BlockType": "WORD",
      "Confidence": 99.48848724365234,
      "Text": "sistemas",
      "TextType": "PRINTED",
      "Geometry": {
        "BoundingBox": {
          "Width": 0.06889700144529343,
          "Height": 0.014972497709095478,
          "Left": 0.5404655337333679,
          "Top": 0.44564738869667053
        },
        "Polygon": [
          {
            "X": 0.5407101511955261,
            "Y": 0.447817325592041
          },
          {
            "X": 0.6093625426292419,
            "Y": 0.44564738869667053
          },
          {
            "X": 0.6092671155929565,
            "Y": 0.45857083797454834
          },
          {
            "X": 0.5404655337333679,
            "Y": 0.46061986684799194
          }
        ]
      },
      "Id": "f384e39f-5848-469d-a081-2ba6fe524c52",
      "Page": 1
    },
    {
      "BlockType": "WORD",
      "Confidence": 99.86141204833984,
      "Text": "de",
      "TextType": "PRINTED",
      "Geometry": {
        "BoundingBox": {
          "Width": 0.02048153430223465,
          "Height": 0.011918981559574604,
          "Left": 0.6131598949432373,
          "Top": 0.4458266496658325
        },
        "Polygon": [
          {
            "X": 0.6132357120513916,
            "Y": 0.44646891951560974
          },
          {
            "X": 0.6336414217948914,
            "Y": 0.4458266496658325
          },
          {
            "X": 0.6336047649383545,
            "Y": 0.4571346938610077
          },
          {
            "X": 0.6131598949432373,
            "Y": 0.45774564146995544
          }
        ]
      },
      "Id": "5d021352-cb31-4e7a-9c09-e5d5ecfb61fc",
      "Page": 1
    },
    {
      "BlockType": "WORD",
      "Confidence": 99.83883666992188,
      "Text": "forma",
      "TextType": "PRINTED",
      "Geometry": {
        "BoundingBox": {
          "Width": 0.05173467472195625,
          "Height": 0.014382906258106232,
          "Left": 0.6367142200469971,
          "Top": 0.44335097074508667
        },
        "Polygon": [
          {
            "X": 0.6367487907409668,
            "Y": 0.4449811577796936
          },
          {
            "X": 0.6883704662322998,
            "Y": 0.44335097074508667
          },
          {
            "X": 0.6884489059448242,
            "Y": 0.4561929702758789
          },
          {
            "X": 0.6367142200469971,
            "Y": 0.4577338695526123
          }
        ]
      },
      "Id": "387e7361-ee17-42c0-8786-0c211a33704b",
      "Page": 1
    },
    {
      "BlockType": "WORD",
      "Confidence": 99.4212646484375,
      "Text": "segura",
      "TextType": "PRINTED",
      "Geometry": {
        "BoundingBox": {
          "Width": 0.052918750792741776,
          "Height": 0.013165761716663837,
          "Left": 0.5426210165023804,
          "Top": 0.4636853337287903
        },
        "Polygon": [
          {
            "X": 0.5428383350372314,
            "Y": 0.46521976590156555
          },
          {
            "X": 0.5955397486686707,
            "Y": 0.4636853337287903
          },
          {
            "X": 0.5954259037971497,
            "Y": 0.47540125250816345
          },
          {
            "X": 0.5426210165023804,
            "Y": 0.47685110569000244
          }
        ]
      },
      "Id": "16a3adf3-f35b-4be4-86e5-1923db3ca1c2",
      "Page": 1
    }
  ],
  "DetectDocumentTextModelVersion": "1.0"
}