{
  "DocumentMetadata": {
    "Pages": 1
  },
  "JobStatus": "SUCCEEDED",
  "Blocks": [
    {
      "BlockType": "PAGE",
      "Geometry": {
        "BoundingBox": {
          "Width": 1,
          "Height": 1,
          "Left": 0,
          "Top": 0
        },
        "Polygon": [
          {
            "X": 0,
            "Y": 0.00027571848477236927
          },
          {
            "X": 1,
            "Y": 0
          },
          {
            "X": 1,
            "Y": 1
          },
          {
            "X": 0.00016875218716450036,
            "Y": 1
          }
        ]
      },
      "Id": "da2c2d2b-0286-445c-b1d8-071e1560844e",
      "Relationships": [
        {
          "Type": "CHILD",
          "Ids": [
            "3190b10e-d7a1-4db4-92da-ecc791a971fb",
            "bfd49c6a-c1e9-493e-8b11-39246a7df77e",
            "60dffcba-c1c5-4b47-8878-19f183f1d6e0",
            "589427bb-178c-4395-8197-48f1be2589d2",
            "d1cd4472-5891-4691-a82b-03947bb6f040",
            "78757240-b78c-40a7-b273-0be2bf567b00",
            "bd334fd9-e15c-47c4-9995-c9e988074cec",
            "eda4acfc-517f-4b69-900e-5aecc990f6b1",
            "feaa2240-566a-46f5-bf62-775e525647af",
            "18ad4432-7a77-4482-9511-4be0a6b17439"
          ]
        }
      ],
      "Page": 1
    },
    {
      "BlockType": "LINE",
      "Confidence": 99.63458251953125,
      "Text": "ABRANGENTE",
      "Geometry": {
        "BoundingBox": {
          "Width": 0.12669427692890167,
          "Height": 0.020082881674170494,
          "Left": 0.4619144797325134,
          "Top": 0.28647375106811523
        },
        "Polygon": [
          {
            "X": 0.4619144797325134,
            "Y": 0.28829091787338257
          },
          {
            "X": 0.5883556604385376,
            "Y": 0.28647375106811523
          },
          {
            "X": 0.5886087417602539,
            "Y": 0.3047555685043335
          },
          {
            "X": 0.46217870712280273,
            "Y": 0.3065566420555115
          }
        ]
      },
      "Id": "3190b10e-d7a1-4db4-92da-ecc791a971fb",
      "Relationships": [
        {
          "Type": "CHILD",
          "Ids": [
            "da899b71-5a1d-4bee-bd02-bce066f7b6a4"
          ]
        }
      ],
      "Page": 1
    },
    {
      "BlockType": "LINE",
      "Confidence": 52.87781524658203,
      "Text": "ud",
      "Geometry": {
        "BoundingBox": {
          "Width": 0.02776125818490982,
          "Height": 0.013020752929151058,
          "Left": 0,
          "Top": 0.33283111453056335
        },
        "Polygon": [
          {
            "X": 0,
            "Y": 0.3332284688949585
          },
          {
            "X": 0.027551529929041862,
            "Y": 0.33283111453056335
          },
          {
            "X": 0.02776125818490982,
            "Y": 0.3454570174217224
          },
          {
            "X": 0,
            "Y": 0.345851868391037
          }
        ]
      },
      "Id": "bfd49c6a-c1e9-493e-8b11-39246a7df77e",
      "Relationships": [
        {
          "Type": "CHILD",
          "Ids": [
            "42a460fd-3e6d-4823-bd66-7aebdea11ca9"
          ]
        }
      ],
      "Page": 1
    },
    {
      "BlockType": "LINE",
      "Confidence": 98.1284408569336,
      "Text": "Ajudando você a",
      "Geometry": {
        "BoundingBox": {
          "Width": 0.14627709984779358,
          "Height": 0.023608433082699776,
          "Left": 0.20542997121810913,
          "Top": 0.33129623532295227
        },
        "Polygon": [
          {
            "X": 0.20542997121810913,
            "Y": 0.33335205912590027
          },
          {
            "X": 0.35138314962387085,
            "Y": 0.33129623532295227
          },
          {
            "X": 0.3517070710659027,
            "Y": 0.3528708219528198
          },
          {
            "X": 0.20576907694339752,
            "Y": 0.3549046814441681
          }
        ]
      },
      "Id": "60dffcba-c1c5-4b47-8878-19f183f1d6e0",
      "Relationships": [
        {
          "Type": "CHILD",
          "Ids": [
            "90212c70-b0b3-4cb0-836f-f7d58e807c59",
            "7799c4d0-23bf-4bca-bab0-e4cbe2fc2f38",
            "872b8c34-5312-41d3-83f6-dfe4f4630cf4"
          ]
        }
      ],
      "Page": 1
    },
    {
      "BlockType": "LINE",
      "Confidence": 78.72573852539062,
      "Text": "erience",
      "Geometry": {
        "BoundingBox": {
          "Width": 0.06727538257837296,
          "Height": 0.014336629770696163,
          "Left": 0,
          "Top": 0.3505273759365082
        },
        "Polygon": [
          {
            "X": 0,
            "Y": 0.35147354006767273
          },
          {
            "X": 0.06705544143915176,
            "Y": 0.3505273759365082
          },
          {
            "X": 0.06727538257837296,
            "Y": 0.36392420530319214
          },
          {
            "X": 0,
            "Y": 0.3648640215396881
          }
        ]
      },
      "Id": "589427bb-178c-4395-8197-48f1be2589d2",
      "Relationships": [
        {
          "Type": "CHILD",
          "Ids": [
            "aa4e7f90-e811-4c2a-a660-7498fc3b4ccc"
          ]
        }
      ],
      "Page": 1
    },
    {
      "BlockType": "LINE",
      "Confidence": 99.25371551513672,
      "Text": "construir uma",
      "Geometry": {
        "BoundingBox": {
          "Width": 0.12243927270174026,
          "Height": 0.017278335988521576,
          "Left": 0.21528470516204834,
          "Top": 0.3529869318008423
        },
        "Polygon": [
          {
            "X": 0.21528470516204834,
            "Y": 0.3546900749206543
          },
          {
            "X": 0.3374888598918915,
            "Y": 0.3529869318008423
          },
          {
            "X": 0.3377240002155304,
            "Y": 0.36857539415359497
          },
          {
            "X": 0.21552903950214386,
            "Y": 0.37026527523994446
          }
        ]
      },
      "Id": "d1cd4472-5891-4691-a82b-03947bb6f040",
      "Relationships": [
        {
          "Type": "CHILD",
          "Ids": [
            "ef50da1d-1703-4ee2-87dc-df3c17dfc964",
            "2be3bb51-b6a0-4a95-8a5a-1362b7429e4a"
          ]
        }
      ],
      "Page": 1
    },
    {
      "BlockType": "LINE",
      "Confidence": 98.88939666748047,
      "Text": "INTEGRADO",
      "Geometry": {
        "BoundingBox": {
          "Width": 0.10962972044944763,
          "Height": 0.016758613288402557,
          "Left": 0.46015989780426025,
          "Top": 0.35165488719940186
        },
        "Polygon": [
          {
            "X": 0.46015989780426025,
            "Y": 0.3531784117221832
          },
          {
            "X": 0.5695770978927612,
            "Y": 0.35165488719940186
          },
          {
            "X": 0.5697896480560303,
            "Y": 0.3669016361236572
          },
          {
            "X": 0.460380494594574,
            "Y": 0.368413507938385
          }
        ]
      },
      "Id": "78757240-b78c-40a7-b273-0be2bf567b00",
      "Relationships": [
        {
          "Type": "CHILD",
          "Ids": [
            "04ebf087-3f75-4cdd-875c-0a03f162ab28"
          ]
        }
      ],
      "Page": 1
    },
    {
      "BlockType": "LINE",
      "Confidence": 82.88447570800781,
      "Text": "5",
      "Geometry": {
        "BoundingBox": {
          "Width": 0.012874002568423748,
          "Height": 0.011888837441802025,
          "Left": 0.00002739243245741818,
          "Top": 0.3716830909252167
        },
        "Polygon": [
          {
            "X": 0.00002739243245741818,
            "Y": 0.37185853719711304
          },
          {
            "X": 0.012705912813544273,
            "Y": 0.3716830909252167
          },
          {
            "X": 0.012901395559310913,
            "Y": 0.38339748978614807
          },
          {
            "X": 0.0002235904976259917,
            "Y": 0.38357192277908325
          }
        ]
      },
      "Id": "bd334fd9-e15c-47c4-9995-c9e988074cec",
      "Relationships": [
        {
          "Type": "CHILD",
          "Ids": [
            "759e4b6f-09db-4688-bee8-c0d7d0b95ca8"
          ]
        }
      ],
      "Page": 1
    },
    {
      "BlockType": "LINE",
      "Confidence": 99.21896362304688,
      "Text": "fundação de dados",
      "Geometry": {
        "BoundingBox": {
          "Width": 0.20237994194030762,
          "Height": 0.0268165934830904,
          "Left": 0.17484359443187714,
          "Top": 0.36909782886505127
        },
        "Polygon": [
          {
            "X": 0.17484359443187714,
            "Y": 0.3718901574611664
          },
          {
            "X": 0.3768652677536011,
            "Y": 0.36909782886505127
          },
          {
            "X": 0.37722352147102356,
            "Y": 0.3931560218334198
          },
          {
            "X": 0.17522527277469635,
            "Y": 0.3959144353866577
          }
        ]
      },
      "Id": "eda4acfc-517f-4b69-900e-5aecc990f6b1",
      "Relationships": [
        {
          "Type": "CHILD",
          "Ids": [
            "63899dc6-b550-46c8-98c4-bb02da26573f",
            "ce07594b-9a3c-4b6c-a7af-99e8790f6ee5",
            "5e68602f-b4ef-4beb-b02c-7fb219a5c9a2"
          ]
        }
      ],
      "Page": 1
    },
    {
      "BlockType": "LINE",
      "Confidence": 99.63704681396484,
      "Text": "moderna",
      "Geometry": {
        "BoundingBox": {
          "Width": 0.0974077507853508,
          "Height": 0.01905485801398754,
          "Left": 0.22344456613063812,
          "Top": 0.39327654242515564
        },
        "Polygon": [
          {
            "X": 0.22344456613063812,
            "Y": 0.3946034610271454
          },
          {
            "X": 0.32058319449424744,
            "Y": 0.39327654242515564
          },
          {
            "X": 0.3208523094654083,
            "Y": 0.4110164940357208
          },
          {
            "X": 0.22372199594974518,
            "Y": 0.41233140230178833
          }
        ]
      },
      "Id": "feaa2240-566a-46f5-bf62-775e525647af",
      "Relationships": [
        {
          "Type": "CHILD",
          "Ids": [
            "a6ae0902-c0cd-42b3-9b0c-b579a0afe393"
          ]
        }
      ],
      "Page": 1
    },
    {
      "BlockType": "LINE",
      "Confidence": 99.79596710205078,
      "Text": "GOVERNADO",
      "Geometry": {
        "BoundingBox": {
          "Width": 0.12189700454473495,
          "Height": 0.01744803413748741,
          "Left": 0.4562872648239136,
          "Top": 0.41594091057777405
        },
        "Polygon": [
          {
            "X": 0.4562872648239136,
            "Y": 0.41758105158805847
          },
          {
            "X": 0.5779643058776855,
            "Y": 0.41594091057777405
          },
          {
            "X": 0.5781843066215515,
            "Y": 0.4317621886730194
          },
          {
            "X": 0.4565165340900421,
            "Y": 0.43338891863822937
          }
        ]
      },
      "Id": "18ad4432-7a77-4482-9511-4be0a6b17439",
      "Relationships": [
        {
          "Type": "CHILD",
          "Ids": [
            "bd6d13a9-b1c9-42f8-af70-47ddac8fa656"
          ]
        }
      ],
      "Page": 1
    },
    {
      "BlockType": "WORD",
      "Confidence": 99.63458251953125,
      "Text": "ABRANGENTE",
      "TextType": "PRINTED",
      "Geometry": {
        "BoundingBox": {
          "Width": 0.12669427692890167,
          "Height": 0.020082881674170494,
          "Left": 0.4619144797325134,
          "Top": 0.28647375106811523
        },
        "Polygon": [
          {
            "X": 0.4619144797325134,
            "Y": 0.28829091787338257
          },
          {
            "X": 0.5883556604385376,
            "Y": 0.28647375106811523
          },
          {
            "X": 0.5886087417602539,
            "Y": 0.3047555685043335
          },
          {
            "X": 0.46217870712280273,
            "Y": 0.3065566420555115
          }
        ]
      },
      "Id": "da899b71-5a1d-4bee-bd02-bce066f7b6a4",
      "Page": 1
    },
    {
      "BlockType": "WORD",
      "Confidence": 52.87781524658203,
      "Text": "ud",
      "TextType": "PRINTED",
      "Geometry": {
        "BoundingBox": {
          "Width": 0.02776125818490982,
          "Height": 0.013020752929151058,
          "Left": 0,
          "Top": 0.33283111453056335
        },
        "Polygon": [
          {
            "X": 0,
            "Y": 0.3332284688949585
          },
          {
            "X": 0.027551529929041862,
            "Y": 0.33283111453056335
          },
          {
            "X": 0.02776125818490982,
            "Y": 0.3454570174217224
          },
          {
            "X": 0,
            "Y": 0.345851868391037
          }
        ]
      },
      "Id": "42a460fd-3e6d-4823-bd66-7aebdea11ca9",
      "Page": 1
    },
    {
      "BlockType": "WORD",
      "Confidence": 98.2132339477539,
      "Text": "Ajudando",
      "TextType": "PRINTED",
      "Geometry": {
        "BoundingBox": {
          "Width": 0.08407687395811081,
          "Height": 0.020324774086475372,
          "Left": 0.2054678350687027,
          "Top": 0.3345799148082733
        },
        "Polygon": [
          {
            "X": 0.2054678350687027,
            "Y": 0.33575862646102905
          },
          {
            "X": 0.2892512083053589,
            "Y": 0.3345799148082733
          },
          {
            "X": 0.2895447015762329,
            "Y": 0.35373714566230774
          },
          {
            "X": 0.20576907694339752,
            "Y": 0.3549046814441681
          }
        ]
      },
      "Id": "90212c70-b0b3-4cb0-836f-f7d58e807c59",
      "Page": 1
    },
    {
      "BlockType": "WORD",
      "Confidence": 96.24607849121094,
      "Text": "você",
      "TextType": "PRINTED",
      "Geometry": {
        "BoundingBox": {
          "Width": 0.04377514496445656,
          "Height": 0.015767140313982964,
          "Left": 0.29311615228652954,
          "Top": 0.33150359988212585
        },
        "Polygon": [
          {
            "X": 0.29311615228652954,
            "Y": 0.332116961479187
          },
          {
            "X": 0.336662620306015,
            "Y": 0.33150359988212585
          },
          {
            "X": 0.3368912935256958,
            "Y": 0.3466619551181793
          },
          {
            "X": 0.2933480143547058,
            "Y": 0.3472707271575928
          }
        ]
      },
      "Id": "7799c4d0-23bf-4bca-bab0-e4cbe2fc2f38",
      "Page": 1
    },
    {
      "BlockType": "WORD",
      "Confidence": 99.9260025024414,
      "Text": "a",
      "TextType": "PRINTED",
      "Geometry": {
        "BoundingBox": {
          "Width": 0.01110952626913786,
          "Height": 0.010504192672669888,
          "Left": 0.34047338366508484,
          "Top": 0.33425089716911316
        },
        "Polygon": [
          {
            "X": 0.34047338366508484,
            "Y": 0.33440497517585754
          },
          {
            "X": 0.35142752528190613,
            "Y": 0.33425089716911316
          },
          {
            "X": 0.35158291459083557,
            "Y": 0.3446018099784851
          },
          {
            "X": 0.34062933921813965,
            "Y": 0.344755083322525
          }
        ]
      },
      "Id": "872b8c34-5312-41d3-83f6-dfe4f4630cf4",
      "Page": 1
    },
    {
      "BlockType": "WORD",
      "Confidence": 78.72573852539062,
      "Text": "erience",
      "TextType": "PRINTED",
      "Geometry": {
        "BoundingBox": {
          "Width": 0.06727538257837296,
          "Height": 0.014336629770696163,
          "Left": 0,
          "Top": 0.3505273759365082
        },
        "Polygon": [
          {
            "X": 0,
            "Y": 0.35147354006767273
          },
          {
            "X": 0.06705544143915176,
            "Y": 0.3505273759365082
          },
          {
            "X": 0.06727538257837296,
            "Y": 0.36392420530319214
          },
          {
            "X": 0,
            "Y": 0.3648640215396881
          }
        ]
      },
      "Id": "aa4e7f90-e811-4c2a-a660-7498fc3b4ccc",
      "Page": 1
    },
    {
      "BlockType": "WORD",
      "Confidence": 98.87166595458984,
      "Text": "construir",
      "TextType": "PRINTED",
      "Geometry": {
        "BoundingBox": {
          "Width": 0.07865335047245026,
          "Height": 0.0166680496186018,
          "Left": 0.21528470516204834,
          "Top": 0.3535972237586975
        },
        "Polygon": [
          {
            "X": 0.21528470516204834,
            "Y": 0.3546900749206543
          },
          {
            "X": 0.29369962215423584,
            "Y": 0.3535972237586975
          },
          {
            "X": 0.2939380705356598,
            "Y": 0.36918091773986816
          },
          {
            "X": 0.21552903950214386,
            "Y": 0.37026527523994446
          }
        ]
      },
      "Id": "ef50da1d-1703-4ee2-87dc-df3c17dfc964",
      "Page": 1
    },
    {
      "BlockType": "WORD",
      "Confidence": 99.63575744628906,
      "Text": "uma",
      "TextType": "PRINTED",
      "Geometry": {
        "BoundingBox": {
          "Width": 0.03994546830654144,
          "Height": 0.012052840553224087,
          "Left": 0.29772889614105225,
          "Top": 0.3537842631340027
        },
        "Polygon": [
          {
            "X": 0.29772889614105225,
            "Y": 0.35433831810951233
          },
          {
            "X": 0.3375008702278137,
            "Y": 0.3537842631340027
          },
          {
            "X": 0.3376743793487549,
            "Y": 0.3652862012386322
          },
          {
            "X": 0.2979046106338501,
            "Y": 0.36583709716796875
          }
        ]
      },
      "Id": "2be3bb51-b6a0-4a95-8a5a-1362b7429e4a",
      "Page": 1
    },
    {
      "BlockType": "WORD",
      "Confidence": 98.88939666748047,
      "Text": "INTEGRADO",
      "TextType": "PRINTED",
      "Geometry": {
        "BoundingBox": {
          "Width": 0.10962972044944763,
          "Height": 0.016758613288402557,
          "Left": 0.46015989780426025,
          "Top": 0.35165488719940186
        },
        "Polygon": [
          {
            "X": 0.46015989780426025,
            "Y": 0.3531784117221832
          },
          {
            "X": 0.5695770978927612,
            "Y": 0.35165488719940186
          },
          {
            "X": 0.5697896480560303,
            "Y": 0.3669016361236572
          },
          {
            "X": 0.460380494594574,
            "Y": 0.368413507938385
          }
        ]
      },
      "Id": "04ebf087-3f75-4cdd-875c-0a03f162ab28",
      "Page": 1
    },
    {
      "BlockType": "WORD",
      "Confidence": 82.88447570800781,
      "Text": "5",
      "TextType": "PRINTED",
      "Geometry": {
        "BoundingBox": {
          "Width": 0.012874002568423748,
          "Height": 0.011888837441802025,
          "Left": 0.00002739243245741818,
          "Top": 0.3716830909252167
        },
        "Polygon": [
          {
            "X": 0.00002739243245741818,
            "Y": 0.37185853719711304
          },
          {
            "X": 0.012705912813544273,
            "Y": 0.3716830909252167
          },
          {
            "X": 0.012901395559310913,
            "Y": 0.38339748978614807
          },
          {
            "X": 0.0002235904976259917,
            "Y": 0.38357192277908325
          }
        ]
      },
      "Id": "759e4b6f-09db-4688-bee8-c0d7d0b95ca8",
      "Page": 1
    },
    {
      "BlockType": "WORD",
      "Confidence": 98.19711303710938,
      "Text": "fundação",
      "TextType": "PRINTED",
      "Geometry": {
        "BoundingBox": {
          "Width": 0.09863947331905365,
          "Height": 0.0220243651419878,
          "Left": 0.17489691078662872,
          "Top": 0.37389007210731506
        },
        "Polygon": [
          {
            "X": 0.17489691078662872,
            "Y": 0.3752467632293701
          },
          {
            "X": 0.2732178270816803,
            "Y": 0.37389007210731506
          },
          {
            "X": 0.2735363841056824,
            "Y": 0.3945719301700592
          },
          {
            "X": 0.17522527277469635,
            "Y": 0.3959144353866577
          }
        ]
      },
      "Id": "63899dc6-b550-46c8-98c4-bb02da26573f",
      "Page": 1
    },
    {
      "BlockType": "WORD",
      "Confidence": 99.85101318359375,
      "Text": "de",
      "TextType": "PRINTED",
      "Geometry": {
        "BoundingBox": {
          "Width": 0.02719137817621231,
          "Height": 0.015129325911402702,
          "Left": 0.2784121334552765,
          "Top": 0.37224066257476807
        },
        "Polygon": [
          {
            "X": 0.2784121334552765,
            "Y": 0.37261298298835754
          },
          {
            "X": 0.3053785264492035,
            "Y": 0.37224066257476807
          },
          {
            "X": 0.3056035041809082,
            "Y": 0.3870004415512085
          },
          {
            "X": 0.2786390483379364,
            "Y": 0.3873699903488159
          }
        ]
      },
      "Id": "ce07594b-9a3c-4b6c-a7af-99e8790f6ee5",
      "Page": 1
    },
    {
      "BlockType": "WORD",
      "Confidence": 99.6087646484375,
      "Text": "dados",
      "TextType": "PRINTED",
      "Geometry": {
        "BoundingBox": {
          "Width": 0.06605897843837738,
          "Height": 0.016867022961378098,
          "Left": 0.31104403734207153,
          "Top": 0.36909782886505127
        },
        "Polygon": [
          {
            "X": 0.31104403734207153,
            "Y": 0.37000760436058044
          },
          {
            "X": 0.3768652677536011,
            "Y": 0.36909782886505127
          },
          {
            "X": 0.3771030008792877,
            "Y": 0.38506242632865906
          },
          {
            "X": 0.3112868368625641,
            "Y": 0.38596487045288086
          }
        ]
      },
      "Id": "5e68602f-b4ef-4beb-b02c-7fb219a5c9a2",
      "Page": 1
    },
    {
      "BlockType": "WORD",
      "Confidence": 99.63704681396484,
      "Text": "moderna",
      "TextType": "PRINTED",
      "Geometry": {
        "BoundingBox": {
          "Width": 0.0974077507853508,
          "Height": 0.01905485801398754,
          "Left": 0.22344456613063812,
          "Top": 0.39327654242515564
        },
        "Polygon": [
          {
            "X": 0.22344456613063812,
            "Y": 0.3946034610271454
          },
          {
            "X": 0.32058319449424744,
            "Y": 0.39327654242515564
          },
          {
            "X": 0.3208523094654083,
            "Y": 0.4110164940357208
          },
          {
            "X": 0.22372199594974518,
            "Y": 0.41233140230178833
          }
        ]
      },
      "Id": "a6ae0902-c0cd-42b3-9b0c-b579a0afe393",
      "Page": 1
    },
    {
      "BlockType": "WORD",
      "Confidence": 99.79596710205078,
      "Text": "GOVERNADO",
      "TextType": "PRINTED",
      "Geometry": {
        "BoundingBox": {
          "Width": 0.12189700454473495,
          "Height": 0.01744803413748741,
          "Left": 0.4562872648239136,
          "Top": 0.41594091057777405
        },
        "Polygon": [
          {
            "X": 0.4562872648239136,
            "Y": 0.41758105158805847
          },
          {
            "X": 0.5779643058776855,
            "Y": 0.41594091057777405
          },
          {
            "X": 0.5781843066215515,
            "Y": 0.4317621886730194
          },
          {
            "X": 0.4565165340900421,
            "Y": 0.43338891863822937
          }
        ]
      },
      "Id": "bd6d13a9-b1c9-42f8-af70-47ddac8fa656",
      "Page": 1
    }
  ],
  "DetectDocumentTextModelVersion": "1.0"
}