{
  "DocumentMetadata": {
    "Pages": 1
  },
  "JobStatus": "SUCCEEDED",
  "Blocks": [
    {
      "BlockType": "PAGE",
      "Geometry": {
        "BoundingBox": {
          "Width": 0.9828392863273621,
          "Height": 0.923413872718811,
          "Left": 0,
          "Top": 0.001084042713046074
        },
        "Polygon": [
          {
            "X": 0.003815623000264168,
            "Y": 0.001084042713046074
          },
          {
            "X": 0.9828392863273621,
            "Y": 0.016229992732405663
          },
          {
            "X": 0.9679030179977417,
            "Y": 0.9244979023933411
          },
          {
            "X": 0,
            "Y": 0.9074655771255493
          }
        ]
      },
      "Id": "493c24dd-dc5a-4d1c-82e2-e76bd16933b7",
      "Relationships": [
        {
          "Type": "CHILD",
          "Ids": [
            "f72341c4-1e92-48d2-b5b7-0486340d0804",
            "d9b35422-198f-4991-89af-ba2fed140c7e",
            "66f8c1e6-ecea-4fb8-badc-a13e80adc4fa",
            "a262ff18-349b-46f5-9403-08088471811a",
            "7c689697-aecd-47b1-b815-1e796f025930",
            "2c0b15dd-b599-4698-929f-f5b07afb1370",
            "b4f3458c-39dd-4b92-bf7c-0f86235c7bb7",
            "40bef7af-171b-4c6c-8cc5-f485677ce200",
            "ba2db627-8cba-44ea-8c96-18c3798851ec",
            "ce65dfe4-e52c-4052-b28e-a63ae4a97f48",
            "764ba1c1-4e98-4971-a577-015a46a64798",
            "eca91794-92f6-4bc4-a163-12d535c1caff",
            "ecd8cf36-5d90-4309-8874-8317fb527a07",
            "275c38c2-15fd-472f-8ce0-206cf726abb3",
            "c6e3369b-4e61-4b80-9427-25a62e08f610",
            "6c433478-09c2-4182-98de-eb3a2ad86a96",
            "201132b3-fd0d-477e-8829-c7225d321798",
            "5c93b265-6135-4c35-877c-4f8f166f8ab5",
            "499c29ab-d1f8-458c-afcc-5e74dd96d9bd",
            "a893b7bd-fe15-4f2a-90fa-11a7e24d8167",
            "f7b55e39-c754-4753-adc5-b4f8f8814c12",
            "656ba331-b837-4d1b-a9c5-c22bc8b91eda",
            "f4a9a4ab-e9f0-4b0c-8946-51bd40349571",
            "ce18f128-a40a-4280-9762-2225475d4bad",
            "1e78046c-b126-4dc2-b605-22d310bd5ab3"
          ]
        }
      ],
      "Page": 1
    },
    {
      "BlockType": "LINE",
      "Confidence": 99.24188995361328,
      "Text": "Cloud",
      "Geometry": {
        "BoundingBox": {
          "Width": 0.024872470647096634,
          "Height": 0.006798362825065851,
          "Left": 0.727175772190094,
          "Top": 0.16277596354484558
        },
        "Polygon": [
          {
            "X": 0.7272782325744629,
            "Y": 0.16277596354484558
          },
          {
            "X": 0.7520482540130615,
            "Y": 0.16316719353199005
          },
          {
            "X": 0.7519454956054688,
            "Y": 0.1695743203163147
          },
          {
            "X": 0.727175772190094,
            "Y": 0.16918276250362396
          }
        ]
      },
      "Id": "f72341c4-1e92-48d2-b5b7-0486340d0804",
      "Relationships": [
        {
          "Type": "CHILD",
          "Ids": [
            "8371c1b8-0709-4f3d-a262-0107f93963da"
          ]
        }
      ],
      "Page": 1
    },
    {
      "BlockType": "LINE",
      "Confidence": 97.30817413330078,
      "Text": "aws",
      "Geometry": {
        "BoundingBox": {
          "Width": 0.04602833092212677,
          "Height": 0.013556478545069695,
          "Left": 0.6549467444419861,
          "Top": 0.16421180963516235
        },
        "Polygon": [
          {
            "X": 0.6551503539085388,
            "Y": 0.16421180963516235
          },
          {
            "X": 0.7009751200675964,
            "Y": 0.16493584215641022
          },
          {
            "X": 0.7007704973220825,
            "Y": 0.1777682900428772
          },
          {
            "X": 0.6549467444419861,
            "Y": 0.17704299092292786
          }
        ]
      },
      "Id": "d9b35422-198f-4991-89af-ba2fed140c7e",
      "Relationships": [
        {
          "Type": "CHILD",
          "Ids": [
            "43865af1-f8f7-4f22-9f24-bd455f4dce70"
          ]
        }
      ],
      "Page": 1
    },
    {
      "BlockType": "LINE",
      "Confidence": 99.82198333740234,
      "Text": "Experience",
      "Geometry": {
        "BoundingBox": {
          "Width": 0.04606041684746742,
          "Height": 0.0076935309916734695,
          "Left": 0.7264299392700195,
          "Top": 0.1704414188861847
        },
        "Polygon": [
          {
            "X": 0.7265413403511047,
            "Y": 0.1704414188861847
          },
          {
            "X": 0.772490382194519,
            "Y": 0.17116792500019073
          },
          {
            "X": 0.7723783850669861,
            "Y": 0.178134948015213
          },
          {
            "X": 0.7264299392700195,
            "Y": 0.17740775644779205
          }
        ]
      },
      "Id": "66f8c1e6-ecea-4fb8-badc-a13e80adc4fa",
      "Relationships": [
        {
          "Type": "CHILD",
          "Ids": [
            "828cf61c-e18c-4e56-9e22-e2f58869dd85"
          ]
        }
      ],
      "Page": 1
    },
    {
      "BlockType": "LINE",
      "Confidence": 99.85216522216797,
      "Text": "Amazon Bedrock data flows",
      "Geometry": {
        "BoundingBox": {
          "Width": 0.2604084014892578,
          "Height": 0.028212912380695343,
          "Left": 0.15680748224258423,
          "Top": 0.16550272703170776
        },
        "Polygon": [
          {
            "X": 0.1571681946516037,
            "Y": 0.16550272703170776
          },
          {
            "X": 0.41721588373184204,
            "Y": 0.16961663961410522
          },
          {
            "X": 0.41684380173683167,
            "Y": 0.1937156319618225
          },
          {
            "X": 0.15680748224258423,
            "Y": 0.18958838284015656
          }
        ]
      },
      "Id": "a262ff18-349b-46f5-9403-08088471811a",
      "Relationships": [
        {
          "Type": "CHILD",
          "Ids": [
            "3465e495-f783-4fef-b310-c3231611f31b",
            "7c3c37e0-c190-4c4b-a4d4-c14b8b2eb5f0",
            "2a98fe75-611d-4511-bc74-278ea8902f91",
            "d4e264ab-2f23-4428-ab05-55a4e7d49cc9"
          ]
        }
      ],
      "Page": 1
    },
    {
      "BlockType": "LINE",
      "Confidence": 99.70220184326172,
      "Text": "2025",
      "Geometry": {
        "BoundingBox": {
          "Width": 0.020979125052690506,
          "Height": 0.006681987550109625,
          "Left": 0.7256818413734436,
          "Top": 0.1786714792251587
        },
        "Polygon": [
          {
            "X": 0.7257834076881409,
            "Y": 0.1786714792251587
          },
          {
            "X": 0.7466609477996826,
            "Y": 0.17900195717811584
          },
          {
            "X": 0.7465591430664062,
            "Y": 0.18535347282886505
          },
          {
            "X": 0.7256818413734436,
            "Y": 0.1850227266550064
          }
        ]
      },
      "Id": "7c689697-aecd-47b1-b815-1e796f025930",
      "Relationships": [
        {
          "Type": "CHILD",
          "Ids": [
            "1b77589d-67ba-4cbc-97fe-0aae48d0907e"
          ]
        }
      ],
      "Page": 1
    },
    {
      "BlockType": "LINE",
      "Confidence": 74.97071075439453,
      "Text": "aws",
      "Geometry": {
        "BoundingBox": {
          "Width": 0.00943092629313469,
          "Height": 0.0034981926437467337,
          "Left": 0.15911929309368134,
          "Top": 0.2064594179391861
        },
        "Polygon": [
          {
            "X": 0.15916946530342102,
            "Y": 0.2064594179391861
          },
          {
            "X": 0.16855022311210632,
            "Y": 0.20660865306854248
          },
          {
            "X": 0.16849999129772186,
            "Y": 0.20995761454105377
          },
          {
            "X": 0.15911929309368134,
            "Y": 0.2098083198070526
          }
        ]
      },
      "Id": "2c0b15dd-b599-4698-929f-f5b07afb1370",
      "Relationships": [
        {
          "Type": "CHILD",
          "Ids": [
            "c02c0a30-f5be-48c2-bf13-c424826ad301"
          ]
        }
      ],
      "Page": 1
    },
    {
      "BlockType": "LINE",
      "Confidence": 99.69267272949219,
      "Text": "AWS Region network",
      "Geometry": {
        "BoundingBox": {
          "Width": 0.071589395403862,
          "Height": 0.008751261979341507,
          "Left": 0.17656105756759644,
          "Top": 0.20366249978542328
        },
        "Polygon": [
          {
            "X": 0.17667534947395325,
            "Y": 0.20366249978542328
          },
          {
            "X": 0.24815045297145844,
            "Y": 0.20479905605316162
          },
          {
            "X": 0.24803517758846283,
            "Y": 0.2124137580394745
          },
          {
            "X": 0.17656105756759644,
            "Y": 0.21127603948116302
          }
        ]
      },
      "Id": "b4f3458c-39dd-4b92-bf7c-0f86235c7bb7",
      "Relationships": [
        {
          "Type": "CHILD",
          "Ids": [
            "9f592b5d-b87c-433f-a0b0-f9037bb11c4d",
            "ad320051-b18c-4d82-961c-5dcb478f948f",
            "5576fec2-0874-4ca1-a2ac-e2bcfdab9bd8"
          ]
        }
      ],
      "Page": 1
    },
    {
      "BlockType": "LINE",
      "Confidence": 99.79740142822266,
      "Text": "Amazon Bedrock",
      "Geometry": {
        "BoundingBox": {
          "Width": 0.06615370512008667,
          "Height": 0.008961863815784454,
          "Left": 0.4604495167732239,
          "Top": 0.2077106386423111
        },
        "Polygon": [
          {
            "X": 0.4605722725391388,
            "Y": 0.2077106386423111
          },
          {
            "X": 0.5266032218933105,
            "Y": 0.2087605744600296
          },
          {
            "X": 0.5264794826507568,
            "Y": 0.21667250990867615
          },
          {
            "X": 0.4604495167732239,
            "Y": 0.2156214714050293
          }
        ]
      },
      "Id": "40bef7af-171b-4c6c-8cc5-f485677ce200",
      "Relationships": [
        {
          "Type": "CHILD",
          "Ids": [
            "b20df603-b32b-4a44-bfb4-cbbc84a61336",
            "0c97f286-2f18-4779-a9c2-a71ec3dc4063"
          ]
        }
      ],
      "Page": 1
    },
    {
      "BlockType": "LINE",
      "Confidence": 99.34373474121094,
      "Text": "Customer account",
      "Geometry": {
        "BoundingBox": {
          "Width": 0.06197602301836014,
          "Height": 0.007802726235240698,
          "Left": 0.20845235884189606,
          "Top": 0.21475641429424286
        },
        "Polygon": [
          {
            "X": 0.20855508744716644,
            "Y": 0.21475641429424286
          },
          {
            "X": 0.2704283893108368,
            "Y": 0.21574170887470245
          },
          {
            "X": 0.2703249156475067,
            "Y": 0.2225591391324997
          },
          {
            "X": 0.20845235884189606,
            "Y": 0.22157295048236847
          }
        ]
      },
      "Id": "ba2db627-8cba-44ea-8c96-18c3798851ec",
      "Relationships": [
        {
          "Type": "CHILD",
          "Ids": [
            "9781b591-9541-42c9-8ce6-91e8c39dbea6",
            "25670e98-6a59-4909-b209-8c48b0c78f17"
          ]
        }
      ],
      "Page": 1
    },
    {
      "BlockType": "LINE",
      "Confidence": 99.85256958007812,
      "Text": "service account",
      "Geometry": {
        "BoundingBox": {
          "Width": 0.060531135648489,
          "Height": 0.008427350781857967,
          "Left": 0.4597628116607666,
          "Top": 0.21609824895858765
        },
        "Polygon": [
          {
            "X": 0.4598786532878876,
            "Y": 0.21609824895858765
          },
          {
            "X": 0.5202939510345459,
            "Y": 0.21705996990203857
          },
          {
            "X": 0.5201773047447205,
            "Y": 0.2245256006717682
          },
          {
            "X": 0.4597628116607666,
            "Y": 0.22356291115283966
          }
        ]
      },
      "Id": "ce65dfe4-e52c-4052-b28e-a63ae4a97f48",
      "Relationships": [
        {
          "Type": "CHILD",
          "Ids": [
            "4c32c9e2-5d9f-4f52-b13b-c77aaafdfe82",
            "5a406275-9333-4669-80e4-0282661a359a"
          ]
        }
      ],
      "Page": 1
    },
    {
      "BlockType": "LINE",
      "Confidence": 96.84591674804688,
      "Text": "loud",
      "Geometry": {
        "BoundingBox": {
          "Width": 0.03754224255681038,
          "Height": 0.015227068215608597,
          "Left": 0.000167409103596583,
          "Top": 0.23466338217258453
        },
        "Polygon": [
          {
            "X": 0.0003824376326519996,
            "Y": 0.23466338217258453
          },
          {
            "X": 0.03770965337753296,
            "Y": 0.23525965213775635
          },
          {
            "X": 0.03749363124370575,
            "Y": 0.24989044666290283
          },
          {
            "X": 0.000167409103596583,
            "Y": 0.2492929995059967
          }
        ]
      },
      "Id": "764ba1c1-4e98-4971-a577-015a46a64798",
      "Relationships": [
        {
          "Type": "CHILD",
          "Ids": [
            "c0847a62-6910-44b6-bfd0-d813bd22d0c9"
          ]
        }
      ],
      "Page": 1
    },
    {
      "BlockType": "LINE",
      "Confidence": 60.53143310546875,
      "Text": "6",
      "Geometry": {
        "BoundingBox": {
          "Width": 0.010711856186389923,
          "Height": 0.006228778511285782,
          "Left": 0.1940070390701294,
          "Top": 0.23999647796154022
        },
        "Polygon": [
          {
            "X": 0.19409818947315216,
            "Y": 0.23999647796154022
          },
          {
            "X": 0.20471890270709991,
            "Y": 0.24016618728637695
          },
          {
            "X": 0.2046276330947876,
            "Y": 0.2462252527475357
          },
          {
            "X": 0.1940070390701294,
            "Y": 0.24605540931224823
          }
        ]
      },
      "Id": "eca91794-92f6-4bc4-a163-12d535c1caff",
      "Relationships": [
        {
          "Type": "CHILD",
          "Ids": [
            "01e94ee5-5873-4b99-9a70-3c14ea11ebab"
          ]
        }
      ],
      "Page": 1
    },
    {
      "BlockType": "LINE",
      "Confidence": 99.63516235351562,
      "Text": "Customer VPC",
      "Geometry": {
        "BoundingBox": {
          "Width": 0.04920737445354462,
          "Height": 0.007344637531787157,
          "Left": 0.2163313329219818,
          "Top": 0.23802420496940613
        },
        "Polygon": [
          {
            "X": 0.21643027663230896,
            "Y": 0.23802420496940613
          },
          {
            "X": 0.26553869247436523,
            "Y": 0.23880866169929504
          },
          {
            "X": 0.2654391825199127,
            "Y": 0.2453688383102417
          },
          {
            "X": 0.2163313329219818,
            "Y": 0.24458368122577667
          }
        ]
      },
      "Id": "ecd8cf36-5d90-4309-8874-8317fb527a07",
      "Relationships": [
        {
          "Type": "CHILD",
          "Ids": [
            "aa686aa4-491e-4741-b905-ad57c45c1e69",
            "72452066-b0de-4223-a808-4facf8fdf608"
          ]
        }
      ],
      "Page": 1
    },
    {
      "BlockType": "LINE",
      "Confidence": 56.3559455871582,
      "Text": "perience",
      "Geometry": {
        "BoundingBox": {
          "Width": 0.0794937014579773,
          "Height": 0.018750259652733803,
          "Left": 0.00020529648463707417,
          "Top": 0.25398555397987366
        },
        "Polygon": [
          {
            "X": 0.00046220587682910264,
            "Y": 0.25398555397987366
          },
          {
            "X": 0.07969899475574493,
            "Y": 0.2552545964717865
          },
          {
            "X": 0.07943957298994064,
            "Y": 0.2727358043193817
          },
          {
            "X": 0.00020529648463707417,
            "Y": 0.2714637815952301
          }
        ]
      },
      "Id": "275c38c2-15fd-472f-8ce0-206cf726abb3",
      "Relationships": [
        {
          "Type": "CHILD",
          "Ids": [
            "f7a740a6-9dbc-48ab-9452-1811f9b5ba5a"
          ]
        }
      ],
      "Page": 1
    },
    {
      "BlockType": "LINE",
      "Confidence": 60.06928634643555,
      "Text": "125",
      "Geometry": {
        "BoundingBox": {
          "Width": 0.02408667840063572,
          "Height": 0.013216046616435051,
          "Left": 0,
          "Top": 0.275574654340744
        },
        "Polygon": [
          {
            "X": 0,
            "Y": 0.275574654340744
          },
          {
            "X": 0.02408667840063572,
            "Y": 0.27596449851989746
          },
          {
            "X": 0.023897601291537285,
            "Y": 0.2887907028198242
          },
          {
            "X": 0,
            "Y": 0.28840017318725586
          }
        ]
      },
      "Id": "c6e3369b-4e61-4b80-9427-25a62e08f610",
      "Relationships": [
        {
          "Type": "CHILD",
          "Ids": [
            "5b67dea0-f6b2-416e-8742-d31a1d9c9fc1"
          ]
        }
      ],
      "Page": 1
    },
    {
      "BlockType": "LINE",
      "Confidence": 99.32552337646484,
      "Text": "Cliente",
      "Geometry": {
        "BoundingBox": {
          "Width": 0.02453913912177086,
          "Height": 0.0061013586819171906,
          "Left": 0.22025367617607117,
          "Top": 0.2796596884727478
        },
        "Polygon": [
          {
            "X": 0.2203398197889328,
            "Y": 0.2796596884727478
          },
          {
            "X": 0.24479281902313232,
            "Y": 0.28005251288414
          },
          {
            "X": 0.2447064071893692,
            "Y": 0.2857610583305359
          },
          {
            "X": 0.22025367617607117,
            "Y": 0.2853679358959198
          }
        ]
      },
      "Id": "6c433478-09c2-4182-98de-eb3a2ad86a96",
      "Relationships": [
        {
          "Type": "CHILD",
          "Ids": [
            "9285d7cd-381c-41c1-b8e4-743cb211d6f0"
          ]
        }
      ],
      "Page": 1
    },
    {
      "BlockType": "LINE",
      "Confidence": 99.71636199951172,
      "Text": "API",
      "Geometry": {
        "BoundingBox": {
          "Width": 0.013874386437237263,
          "Height": 0.005807048175483942,
          "Left": 0.44178327918052673,
          "Top": 0.2831503748893738
        },
        "Polygon": [
          {
            "X": 0.4418697655200958,
            "Y": 0.2831503748893738
          },
          {
            "X": 0.4556576609611511,
            "Y": 0.28337186574935913
          },
          {
            "X": 0.4555710256099701,
            "Y": 0.2889574468135834
          },
          {
            "X": 0.44178327918052673,
            "Y": 0.2887357771396637
          }
        ]
      },
      "Id": "201132b3-fd0d-477e-8829-c7225d321798",
      "Relationships": [
        {
          "Type": "CHILD",
          "Ids": [
            "56d28a4d-a0ab-4612-8dd6-435093e603f2"
          ]
        }
      ],
      "Page": 1
    },
    {
      "BlockType": "LINE",
      "Confidence": 33.55308151245117,
      "Text": "G",
      "Geometry": {
        "BoundingBox": {
          "Width": 0.013131064362823963,
          "Height": 0.005966107826679945,
          "Left": 0.3106876313686371,
          "Top": 0.2856175899505615
        },
        "Polygon": [
          {
            "X": 0.31077542901039124,
            "Y": 0.2856175899505615
          },
          {
            "X": 0.32381871342658997,
            "Y": 0.28582724928855896
          },
          {
            "X": 0.3237307667732239,
            "Y": 0.29158371686935425
          },
          {
            "X": 0.3106876313686371,
            "Y": 0.2913739085197449
          }
        ]
      },
      "Id": "5c93b265-6135-4c35-877c-4f8f166f8ab5",
      "Relationships": [
        {
          "Type": "CHILD",
          "Ids": [
            "e81374e1-e76a-4c8f-9469-634f9b2b8453"
          ]
        }
      ],
      "Page": 1
    },
    {
      "BlockType": "LINE",
      "Confidence": 99.9494400024414,
      "Text": "endpoint",
      "Geometry": {
        "BoundingBox": {
          "Width": 0.03530483320355415,
          "Height": 0.007986808195710182,
          "Left": 0.4307054579257965,
          "Top": 0.29031115770339966
        },
        "Polygon": [
          {
            "X": 0.4308202564716339,
            "Y": 0.29031115770339966
          },
          {
            "X": 0.46601030230522156,
            "Y": 0.29087701439857483
          },
          {
            "X": 0.46589505672454834,
            "Y": 0.2982979714870453
          },
          {
            "X": 0.4307054579257965,
            "Y": 0.29773157835006714
          }
        ]
      },
      "Id": "499c29ab-d1f8-458c-afcc-5e74dd96d9bd",
      "Relationships": [
        {
          "Type": "CHILD",
          "Ids": [
            "c20b224e-b2e4-4164-8436-76d9ef21e254"
          ]
        }
      ],
      "Page": 1
    },
    {
      "BlockType": "LINE",
      "Confidence": 99.45954132080078,
      "Text": "AWS PrivateLink",
      "Geometry": {
        "BoundingBox": {
          "Width": 0.061384037137031555,
          "Height": 0.007157823536545038,
          "Left": 0.285335510969162,
          "Top": 0.3026372492313385
        },
        "Polygon": [
          {
            "X": 0.28542932868003845,
            "Y": 0.3026372492313385
          },
          {
            "X": 0.34671953320503235,
            "Y": 0.3036247193813324
          },
          {
            "X": 0.34662503004074097,
            "Y": 0.309795081615448
          },
          {
            "X": 0.285335510969162,
            "Y": 0.308806836605072
          }
        ]
      },
      "Id": "a893b7bd-fe15-4f2a-90fa-11a7e24d8167",
      "Relationships": [
        {
          "Type": "CHILD",
          "Ids": [
            "b55856c4-508c-4a0f-82b8-92ef60ae2394",
            "1132c056-46c3-4964-af2a-444b04a4fd91"
          ]
        }
      ],
      "Page": 1
    },
    {
      "BlockType": "LINE",
      "Confidence": 26.064529418945312,
      "Text": "H",
      "Geometry": {
        "BoundingBox": {
          "Width": 0.007202588487416506,
          "Height": 0.007341170217841864,
          "Left": 0.2453179508447647,
          "Top": 0.34327951073646545
        },
        "Polygon": [
          {
            "X": 0.24542734026908875,
            "Y": 0.34327951073646545
          },
          {
            "X": 0.25252053141593933,
            "Y": 0.3433944284915924
          },
          {
            "X": 0.2524110674858093,
            "Y": 0.35062068700790405
          },
          {
            "X": 0.2453179508447647,
            "Y": 0.35050565004348755
          }
        ]
      },
      "Id": "f7b55e39-c754-4753-adc5-b4f8f8814c12",
      "Relationships": [
        {
          "Type": "CHILD",
          "Ids": [
            "016e0d8e-df08-442e-aad7-6f6134e50dd9"
          ]
        }
      ],
      "Page": 1
    },
    {
      "BlockType": "LINE",
      "Confidence": 99.8573226928711,
      "Text": "Corporate network",
      "Geometry": {
        "BoundingBox": {
          "Width": 0.0683073028922081,
          "Height": 0.008242142386734486,
          "Left": 0.26350730657577515,
          "Top": 0.3435702621936798
        },
        "Polygon": [
          {
            "X": 0.26361557841300964,
            "Y": 0.3435702621936798
          },
          {
            "X": 0.33181461691856384,
            "Y": 0.34467509388923645
          },
          {
            "X": 0.3317054808139801,
            "Y": 0.3518124222755432
          },
          {
            "X": 0.26350730657577515,
            "Y": 0.350706547498703
          }
        ]
      },
      "Id": "656ba331-b837-4d1b-a9c5-c22bc8b91eda",
      "Relationships": [
        {
          "Type": "CHILD",
          "Ids": [
            "d6bee7a0-5abc-4242-9f3b-de87a9edd4fa",
            "63513b43-ba17-4754-bf51-09c67d06d810"
          ]
        }
      ],
      "Page": 1
    },
    {
      "BlockType": "LINE",
      "Confidence": 99.91290283203125,
      "Text": "AWS Direct",
      "Geometry": {
        "BoundingBox": {
          "Width": 0.03825399652123451,
          "Height": 0.005823591258376837,
          "Left": 0.1563909351825714,
          "Top": 0.3848426938056946
        },
        "Polygon": [
          {
            "X": 0.15646885335445404,
            "Y": 0.3848426938056946
          },
          {
            "X": 0.19464494287967682,
            "Y": 0.38546469807624817
          },
          {
            "X": 0.19456665217876434,
            "Y": 0.39066630601882935
          },
          {
            "X": 0.1563909351825714,
            "Y": 0.39004388451576233
          }
        ]
      },
      "Id": "f4a9a4ab-e9f0-4b0c-8946-51bd40349571",
      "Relationships": [
        {
          "Type": "CHILD",
          "Ids": [
            "c1bf8488-94e1-4560-99a5-a7147c0c5043",
            "327caed9-6141-46e9-b7cd-2e29a121f192"
          ]
        }
      ],
      "Page": 1
    },
    {
      "BlockType": "LINE",
      "Confidence": 99.66681671142578,
      "Text": "Cliente",
      "Geometry": {
        "BoundingBox": {
          "Width": 0.025727802887558937,
          "Height": 0.005919549614191055,
          "Left": 0.2802638113498688,
          "Top": 0.38721224665641785
        },
        "Polygon": [
          {
            "X": 0.28034743666648865,
            "Y": 0.38721224665641785
          },
          {
            "X": 0.30599161982536316,
            "Y": 0.38763007521629333
          },
          {
            "X": 0.3059077262878418,
            "Y": 0.3931317925453186
          },
          {
            "X": 0.2802638113498688,
            "Y": 0.39271366596221924
          }
        ]
      },
      "Id": "ce18f128-a40a-4280-9762-2225475d4bad",
      "Relationships": [
        {
          "Type": "CHILD",
          "Ids": [
            "4c5b48d1-2264-416e-adf0-537a7e3f8164"
          ]
        }
      ],
      "Page": 1
    },
    {
      "BlockType": "LINE",
      "Confidence": 99.98052978515625,
      "Text": "Connect",
      "Geometry": {
        "BoundingBox": {
          "Width": 0.027903838083148003,
          "Height": 0.005549157969653606,
          "Left": 0.16078458726406097,
          "Top": 0.39213353395462036
        },
        "Polygon": [
          {
            "X": 0.16086095571517944,
            "Y": 0.39213353395462036
          },
          {
            "X": 0.18868842720985413,
            "Y": 0.3925873637199402
          },
          {
            "X": 0.18861180543899536,
            "Y": 0.39768269658088684
          },
          {
            "X": 0.16078458726406097,
            "Y": 0.39722856879234314
          }
        ]
      },
      "Id": "1e78046c-b126-4dc2-b605-22d310bd5ab3",
      "Relationships": [
        {
          "Type": "CHILD",
          "Ids": [
            "0b9cced4-659c-4b88-9a45-78b8a59b3131"
          ]
        }
      ],
      "Page": 1
    },
    {
      "BlockType": "WORD",
      "Confidence": 99.24188995361328,
      "Text": "Cloud",
      "TextType": "PRINTED",
      "Geometry": {
        "BoundingBox": {
          "Width": 0.024872470647096634,
          "Height": 0.006798362825065851,
          "Left": 0.727175772190094,
          "Top": 0.16277596354484558
        },
        "Polygon": [
          {
            "X": 0.7272782325744629,
            "Y": 0.16277596354484558
          },
          {
            "X": 0.7520482540130615,
            "Y": 0.16316719353199005
          },
          {
            "X": 0.7519454956054688,
            "Y": 0.1695743203163147
          },
          {
            "X": 0.727175772190094,
            "Y": 0.16918276250362396
          }
        ]
      },
      "Id": "8371c1b8-0709-4f3d-a262-0107f93963da",
      "Page": 1
    },
    {
      "BlockType": "WORD",
      "Confidence": 97.30817413330078,
      "Text": "aws",
      "TextType": "PRINTED",
      "Geometry": {
        "BoundingBox": {
          "Width": 0.04602833092212677,
          "Height": 0.013556478545069695,
          "Left": 0.6549467444419861,
          "Top": 0.16421180963516235
        },
        "Polygon": [
          {
            "X": 0.6551503539085388,
            "Y": 0.16421180963516235
          },
          {
            "X": 0.7009751200675964,
            "Y": 0.16493584215641022
          },
          {
            "X": 0.7007704973220825,
            "Y": 0.1777682900428772
          },
          {
            "X": 0.6549467444419861,
            "Y": 0.17704299092292786
          }
        ]
      },
      "Id": "43865af1-f8f7-4f22-9f24-bd455f4dce70",
      "Page": 1
    },
    {
      "BlockType": "WORD",
      "Confidence": 99.82198333740234,
      "Text": "Experience",
      "TextType": "PRINTED",
      "Geometry": {
        "BoundingBox": {
          "Width": 0.04606041684746742,
          "Height": 0.0076935309916734695,
          "Left": 0.7264299392700195,
          "Top": 0.1704414188861847
        },
        "Polygon": [
          {
            "X": 0.7265413403511047,
            "Y": 0.1704414188861847
          },
          {
            "X": 0.772490382194519,
            "Y": 0.17116792500019073
          },
          {
            "X": 0.7723783850669861,
            "Y": 0.178134948015213
          },
          {
            "X": 0.7264299392700195,
            "Y": 0.17740775644779205
          }
        ]
      },
      "Id": "828cf61c-e18c-4e56-9e22-e2f58869dd85",
      "Page": 1
    },
    {
      "BlockType": "WORD",
      "Confidence": 99.91361999511719,
      "Text": "Amazon",
      "TextType": "PRINTED",
      "Geometry": {
        "BoundingBox": {
          "Width": 0.0729154720902443,
          "Height": 0.013693188317120075,
          "Left": 0.15680748224258423,
          "Top": 0.17704948782920837
        },
        "Polygon": [
          {
            "X": 0.1569952666759491,
            "Y": 0.17704948782920837
          },
          {
            "X": 0.22972294688224792,
            "Y": 0.1782018393278122
          },
          {
            "X": 0.22953350841999054,
            "Y": 0.19074268639087677
          },
          {
            "X": 0.15680748224258423,
            "Y": 0.18958838284015656
          }
        ]
      },
      "Id": "3465e495-f783-4fef-b310-c3231611f31b",
      "Page": 1
    },
    {
      "BlockType": "WORD",
      "Confidence": 99.69847106933594,
      "Text": "Bedrock",
      "TextType": "PRINTED",
      "Geometry": {
        "BoundingBox": {
          "Width": 0.07610294967889786,
          "Height": 0.017706668004393578,
          "Left": 0.23443284630775452,
          "Top": 0.17083516716957092
        },
        "Polygon": [
          {
            "X": 0.23468229174613953,
            "Y": 0.17083516716957092
          },
          {
            "X": 0.3105357885360718,
            "Y": 0.1720358282327652
          },
          {
            "X": 0.3102840781211853,
            "Y": 0.18854182958602905
          },
          {
            "X": 0.23443284630775452,
            "Y": 0.18733850121498108
          }
        ]
      },
      "Id": "7c3c37e0-c190-4c4b-a4d4-c14b8b2eb5f0",
      "Page": 1
    },
    {
      "BlockType": "WORD",
      "Confidence": 99.85258483886719,
      "Text": "data",
      "TextType": "PRINTED",
      "Geometry": {
        "BoundingBox": {
          "Width": 0.04245826229453087,
          "Height": 0.014489595778286457,
          "Left": 0.3153552711009979,
          "Top": 0.1706419587135315
        },
        "Polygon": [
          {
            "X": 0.31556615233421326,
            "Y": 0.1706419587135315
          },
          {
            "X": 0.3578135371208191,
            "Y": 0.17131054401397705
          },
          {
            "X": 0.3576016128063202,
            "Y": 0.18513156473636627
          },
          {
            "X": 0.3153552711009979,
            "Y": 0.18446172773838043
          }
        ]
      },
      "Id": "2a98fe75-611d-4511-bc74-278ea8902f91",
      "Page": 1
    },
    {
      "BlockType": "WORD",
      "Confidence": 99.9439697265625,
      "Text": "flows",
      "TextType": "PRINTED",
      "Geometry": {
        "BoundingBox": {
          "Width": 0.05323798581957817,
          "Height": 0.014412852004170418,
          "Left": 0.3639778792858124,
          "Top": 0.1687777191400528
        },
        "Polygon": [
          {
            "X": 0.36418616771698,
            "Y": 0.1687777191400528
          },
          {
            "X": 0.41721588373184204,
            "Y": 0.16961663961410522
          },
          {
            "X": 0.4170062839984894,
            "Y": 0.18319056928157806
          },
          {
            "X": 0.3639778792858124,
            "Y": 0.18235011398792267
          }
        ]
      },
      "Id": "d4e264ab-2f23-4428-ab05-55a4e7d49cc9",
      "Page": 1
    },
    {
      "BlockType": "WORD",
      "Confidence": 99.70220184326172,
      "Text": "2025",
      "TextType": "PRINTED",
      "Geometry": {
        "BoundingBox": {
          "Width": 0.020979125052690506,
          "Height": 0.006681987550109625,
          "Left": 0.7256818413734436,
          "Top": 0.1786714792251587
        },
        "Polygon": [
          {
            "X": 0.7257834076881409,
            "Y": 0.1786714792251587
          },
          {
            "X": 0.7466609477996826,
            "Y": 0.17900195717811584
          },
          {
            "X": 0.7465591430664062,
            "Y": 0.18535347282886505
          },
          {
            "X": 0.7256818413734436,
            "Y": 0.1850227266550064
          }
        ]
      },
      "Id": "1b77589d-67ba-4cbc-97fe-0aae48d0907e",
      "Page": 1
    },
    {
      "BlockType": "WORD",
      "Confidence": 74.97071075439453,
      "Text": "aws",
      "TextType": "PRINTED",
      "Geometry": {
        "BoundingBox": {
          "Width": 0.00943092629313469,
          "Height": 0.0034981926437467337,
          "Left": 0.15911929309368134,
          "Top": 0.2064594179391861
        },
        "Polygon": [
          {
            "X": 0.15916946530342102,
            "Y": 0.2064594179391861
          },
          {
            "X": 0.16855022311210632,
            "Y": 0.20660865306854248
          },
          {
            "X": 0.16849999129772186,
            "Y": 0.20995761454105377
          },
          {
            "X": 0.15911929309368134,
            "Y": 0.2098083198070526
          }
        ]
      },
      "Id": "c02c0a30-f5be-48c2-bf13-c424826ad301",
      "Page": 1
    },
    {
      "BlockType": "WORD",
      "Confidence": 99.69158172607422,
      "Text": "AWS",
      "TextType": "PRINTED",
      "Geometry": {
        "BoundingBox": {
          "Width": 0.015818847343325615,
          "Height": 0.0055130645632743835,
          "Left": 0.17656321823596954,
          "Top": 0.2058691382408142
        },
        "Polygon": [
          {
            "X": 0.17664222419261932,
            "Y": 0.2058691382408142
          },
          {
            "X": 0.1923820674419403,
            "Y": 0.20611950755119324
          },
          {
            "X": 0.19230292737483978,
            "Y": 0.2113822102546692
          },
          {
            "X": 0.17656321823596954,
            "Y": 0.21113166213035583
          }
        ]
      },
      "Id": "9f592b5d-b87c-433f-a0b0-f9037bb11c4d",
      "Page": 1
    },
    {
      "BlockType": "WORD",
      "Confidence": 99.86685180664062,
      "Text": "Region",
      "TextType": "PRINTED",
      "Geometry": {
        "BoundingBox": {
          "Width": 0.023334873840212822,
          "Height": 0.00664390018209815,
          "Left": 0.19449691474437714,
          "Top": 0.20528757572174072
        },
        "Polygon": [
          {
            "X": 0.19459129869937897,
            "Y": 0.20528757572174072
          },
          {
            "X": 0.2178317904472351,
            "Y": 0.2056571990251541
          },
          {
            "X": 0.2177371382713318,
            "Y": 0.21193146705627441
          },
          {
            "X": 0.19449691474437714,
            "Y": 0.21156154572963715
          }
        ]
      },
      "Id": "ad320051-b18c-4d82-961c-5dcb478f948f",
      "Page": 1
    },
    {
      "BlockType": "WORD",
      "Confidence": 99.51957702636719,
      "Text": "network",
      "TextType": "PRINTED",
      "Geometry": {
        "BoundingBox": {
          "Width": 0.02908201329410076,
          "Height": 0.006167869549244642,
          "Left": 0.21906843781471252,
          "Top": 0.2043379694223404
        },
        "Polygon": [
          {
            "X": 0.21915453672409058,
            "Y": 0.2043379694223404
          },
          {
            "X": 0.24815045297145844,
            "Y": 0.20479905605316162
          },
          {
            "X": 0.2480640560388565,
            "Y": 0.21050584316253662
          },
          {
            "X": 0.21906843781471252,
            "Y": 0.21004441380500793
          }
        ]
      },
      "Id": "5576fec2-0874-4ca1-a2ac-e2bcfdab9bd8",
      "Page": 1
    },
    {
      "BlockType": "WORD",
      "Confidence": 99.87004089355469,
      "Text": "Amazon",
      "TextType": "PRINTED",
      "Geometry": {
        "BoundingBox": {
          "Width": 0.03213157504796982,
          "Height": 0.006184990517795086,
          "Left": 0.4604495167732239,
          "Top": 0.20994652807712555
        },
        "Polygon": [
          {
            "X": 0.4605375826358795,
            "Y": 0.20994652807712555
          },
          {
            "X": 0.4925810992717743,
            "Y": 0.21045619249343872
          },
          {
            "X": 0.49249267578125,
            "Y": 0.2161315232515335
          },
          {
            "X": 0.4604495167732239,
            "Y": 0.2156214714050293
          }
        ]
      },
      "Id": "b20df603-b32b-4a44-bfb4-cbbc84a61336",
      "Page": 1
    },
    {
      "BlockType": "WORD",
      "Confidence": 99.7247543334961,
      "Text": "Bedrock",
      "TextType": "PRINTED",
      "Geometry": {
        "BoundingBox": {
          "Width": 0.03225065767765045,
          "Height": 0.007051430642604828,
          "Left": 0.4943525493144989,
          "Top": 0.20824939012527466
        },
        "Polygon": [
          {
            "X": 0.49445444345474243,
            "Y": 0.20824939012527466
          },
          {
            "X": 0.5266032218933105,
            "Y": 0.2087605744600296
          },
          {
            "X": 0.526500940322876,
            "Y": 0.2153008133172989
          },
          {
            "X": 0.4943525493144989,
            "Y": 0.21478919684886932
          }
        ]
      },
      "Id": "0c97f286-2f18-4779-a9c2-a71ec3dc4063",
      "Page": 1
    },
    {
      "BlockType": "WORD",
      "Confidence": 98.72918701171875,
      "Text": "Customer",
      "TextType": "PRINTED",
      "Geometry": {
        "BoundingBox": {
          "Width": 0.03314081206917763,
          "Height": 0.005788707640022039,
          "Left": 0.20845235884189606,
          "Top": 0.21631120145320892
        },
        "Polygon": [
          {
            "X": 0.20853164792060852,
            "Y": 0.21631120145320892
          },
          {
            "X": 0.24159318208694458,
            "Y": 0.2168377935886383
          },
          {
            "X": 0.24151356518268585,
            "Y": 0.2220999151468277
          },
          {
            "X": 0.20845235884189606,
            "Y": 0.22157295048236847
          }
        ]
      },
      "Id": "9781b591-9541-42c9-8ce6-91e8c39dbea6",
      "Page": 1
    },
    {
      "BlockType": "WORD",
      "Confidence": 99.9582748413086,
      "Text": "account",
      "TextType": "PRINTED",
      "Geometry": {
        "BoundingBox": {
          "Width": 0.02791953645646572,
          "Height": 0.0060216765850782394,
          "Left": 0.24250884354114532,
          "Top": 0.21529844403266907
        },
        "Polygon": [
          {
            "X": 0.24259324371814728,
            "Y": 0.21529844403266907
          },
          {
            "X": 0.2704283893108368,
            "Y": 0.21574170887470245
          },
          {
            "X": 0.27034372091293335,
            "Y": 0.22132012248039246
          },
          {
            "X": 0.24250884354114532,
            "Y": 0.220876544713974
          }
        ]
      },
      "Id": "25670e98-6a59-4909-b209-8c48b0c78f17",
      "Page": 1
    },
    {
      "BlockType": "WORD",
      "Confidence": 99.73371887207031,
      "Text": "service",
      "TextType": "PRINTED",
      "Geometry": {
        "BoundingBox": {
          "Width": 0.027264347299933434,
          "Height": 0.006741897668689489,
          "Left": 0.4597628116607666,
          "Top": 0.2172538936138153
        },
        "Polygon": [
          {
            "X": 0.4598607122898102,
            "Y": 0.2172538936138153
          },
          {
            "X": 0.4870271682739258,
            "Y": 0.21768641471862793
          },
          {
            "X": 0.4869289696216583,
            "Y": 0.22399580478668213
          },
          {
            "X": 0.4597628116607666,
            "Y": 0.22356291115283966
          }
        ]
      },
      "Id": "4c32c9e2-5d9f-4f52-b13b-c77aaafdfe82",
      "Page": 1
    },
    {
      "BlockType": "WORD",
      "Confidence": 99.97142028808594,
      "Text": "account",
      "TextType": "PRINTED",
      "Geometry": {
        "BoundingBox": {
          "Width": 0.03143469616770744,
          "Height": 0.0065698446705937386,
          "Left": 0.48885926604270935,
          "Top": 0.21656107902526855
        },
        "Polygon": [
          {
            "X": 0.48895376920700073,
            "Y": 0.21656107902526855
          },
          {
            "X": 0.5202939510345459,
            "Y": 0.21705996990203857
          },
          {
            "X": 0.5201991200447083,
            "Y": 0.22313092648983002
          },
          {
            "X": 0.48885926604270935,
            "Y": 0.22263163328170776
          }
        ]
      },
      "Id": "5a406275-9333-4669-80e4-0282661a359a",
      "Page": 1
    },
    {
      "BlockType": "WORD",
      "Confidence": 96.84591674804688,
      "Text": "loud",
      "TextType": "PRINTED",
      "Geometry": {
        "BoundingBox": {
          "Width": 0.03754224255681038,
          "Height": 0.015227068215608597,
          "Left": 0.000167409103596583,
          "Top": 0.23466338217258453
        },
        "Polygon": [
          {
            "X": 0.0003824376326519996,
            "Y": 0.23466338217258453
          },
          {
            "X": 0.03770965337753296,
            "Y": 0.23525965213775635
          },
          {
            "X": 0.03749363124370575,
            "Y": 0.24989044666290283
          },
          {
            "X": 0.000167409103596583,
            "Y": 0.2492929995059967
          }
        ]
      },
      "Id": "c0847a62-6910-44b6-bfd0-d813bd22d0c9",
      "Page": 1
    },
    {
      "BlockType": "WORD",
      "Confidence": 60.53143310546875,
      "Text": "6",
      "TextType": "PRINTED",
      "Geometry": {
        "BoundingBox": {
          "Width": 0.010711856186389923,
          "Height": 0.006228778511285782,
          "Left": 0.1940070390701294,
          "Top": 0.23999647796154022
        },
        "Polygon": [
          {
            "X": 0.19409818947315216,
            "Y": 0.23999647796154022
          },
          {
            "X": 0.20471890270709991,
            "Y": 0.24016618728637695
          },
          {
            "X": 0.2046276330947876,
            "Y": 0.2462252527475357
          },
          {
            "X": 0.1940070390701294,
            "Y": 0.24605540931224823
          }
        ]
      },
      "Id": "01e94ee5-5873-4b99-9a70-3c14ea11ebab",
      "Page": 1
    },
    {
      "BlockType": "WORD",
      "Confidence": 99.4942626953125,
      "Text": "Customer",
      "TextType": "PRINTED",
      "Geometry": {
        "BoundingBox": {
          "Width": 0.03321449086070061,
          "Height": 0.005922944750636816,
          "Left": 0.2163313329219818,
          "Top": 0.239190474152565
        },
        "Polygon": [
          {
            "X": 0.21641267836093903,
            "Y": 0.239190474152565
          },
          {
            "X": 0.24954582750797272,
            "Y": 0.23971983790397644
          },
          {
            "X": 0.24946415424346924,
            "Y": 0.24511341750621796
          },
          {
            "X": 0.2163313329219818,
            "Y": 0.24458368122577667
          }
        ]
      },
      "Id": "aa686aa4-491e-4741-b905-ad57c45c1e69",
      "Page": 1
    },
    {
      "BlockType": "WORD",
      "Confidence": 99.77605438232422,
      "Text": "VPC",
      "TextType": "PRINTED",
      "Geometry": {
        "BoundingBox": {
          "Width": 0.0143886124715209,
          "Height": 0.005440551321953535,
          "Left": 0.25115010142326355,
          "Top": 0.23858007788658142
        },
        "Polygon": [
          {
            "X": 0.25122901797294617,
            "Y": 0.23858007788658142
          },
          {
            "X": 0.26553869247436523,
            "Y": 0.23880866169929504
          },
          {
            "X": 0.2654596269130707,
            "Y": 0.24402064085006714
          },
          {
            "X": 0.25115010142326355,
            "Y": 0.24379189312458038
          }
        ]
      },
      "Id": "72452066-b0de-4223-a808-4facf8fdf608",
      "Page": 1
    },
    {
      "BlockType": "WORD",
      "Confidence": 56.3559455871582,
      "Text": "perience",
      "TextType": "PRINTED",
      "Geometry": {
        "BoundingBox": {
          "Width": 0.0794937014579773,
          "Height": 0.018750259652733803,
          "Left": 0.00020529648463707417,
          "Top": 0.25398555397987366
        },
        "Polygon": [
          {
            "X": 0.00046220587682910264,
            "Y": 0.25398555397987366
          },
          {
            "X": 0.07969899475574493,
            "Y": 0.2552545964717865
          },
          {
            "X": 0.07943957298994064,
            "Y": 0.2727358043193817
          },
          {
            "X": 0.00020529648463707417,
            "Y": 0.2714637815952301
          }
        ]
      },
      "Id": "f7a740a6-9dbc-48ab-9452-1811f9b5ba5a",
      "Page": 1
    },
    {
      "BlockType": "WORD",
      "Confidence": 60.06928634643555,
      "Text": "125",
      "TextType": "PRINTED",
      "Geometry": {
        "BoundingBox": {
          "Width": 0.02408667840063572,
          "Height": 0.013216046616435051,
          "Left": 0,
          "Top": 0.275574654340744
        },
        "Polygon": [
          {
            "X": 0,
            "Y": 0.275574654340744
          },
          {
            "X": 0.02408667840063572,
            "Y": 0.27596449851989746
          },
          {
            "X": 0.023897601291537285,
            "Y": 0.2887907028198242
          },
          {
            "X": 0,
            "Y": 0.28840017318725586
          }
        ]
      },
      "Id": "5b67dea0-f6b2-416e-8742-d31a1d9c9fc1",
      "Page": 1
    },
    {
      "BlockType": "WORD",
      "Confidence": 99.32552337646484,
      "Text": "Cliente",
      "TextType": "PRINTED",
      "Geometry": {
        "BoundingBox": {
          "Width": 0.02453913912177086,
          "Height": 0.0061013586819171906,
          "Left": 0.22025367617607117,
          "Top": 0.2796596884727478
        },
        "Polygon": [
          {
            "X": 0.2203398197889328,
            "Y": 0.2796596884727478
          },
          {
            "X": 0.24479281902313232,
            "Y": 0.28005251288414
          },
          {
            "X": 0.2447064071893692,
            "Y": 0.2857610583305359
          },
          {
            "X": 0.22025367617607117,
            "Y": 0.2853679358959198
          }
        ]
      },
      "Id": "9285d7cd-381c-41c1-b8e4-743cb211d6f0",
      "Page": 1
    },
    {
      "BlockType": "WORD",
      "Confidence": 99.71636199951172,
      "Text": "API",
      "TextType": "PRINTED",
      "Geometry": {
        "BoundingBox": {
          "Width": 0.013874386437237263,
          "Height": 0.005807048175483942,
          "Left": 0.44178327918052673,
          "Top": 0.2831503748893738
        },
        "Polygon": [
          {
            "X": 0.4418697655200958,
            "Y": 0.2831503748893738
          },
          {
            "X": 0.4556576609611511,
            "Y": 0.28337186574935913
          },
          {
            "X": 0.4555710256099701,
            "Y": 0.2889574468135834
          },
          {
            "X": 0.44178327918052673,
            "Y": 0.2887357771396637
          }
        ]
      },
      "Id": "56d28a4d-a0ab-4612-8dd6-435093e603f2",
      "Page": 1
    },
    {
      "BlockType": "WORD",
      "Confidence": 33.55308151245117,
      "Text": "G",
      "TextType": "PRINTED",
      "Geometry": {
        "BoundingBox": {
          "Width": 0.013131064362823963,
          "Height": 0.005966107826679945,
          "Left": 0.3106876313686371,
          "Top": 0.2856175899505615
        },
        "Polygon": [
          {
            "X": 0.31077542901039124,
            "Y": 0.2856175899505615
          },
          {
            "X": 0.32381871342658997,
            "Y": 0.28582724928855896
          },
          {
            "X": 0.3237307667732239,
            "Y": 0.29158371686935425
          },
          {
            "X": 0.3106876313686371,
            "Y": 0.2913739085197449
          }
        ]
      },
      "Id": "e81374e1-e76a-4c8f-9469-634f9b2b8453",
      "Page": 1
    },
    {
      "BlockType": "WORD",
      "Confidence": 99.9494400024414,
      "Text": "endpoint",
      "TextType": "PRINTED",
      "Geometry": {
        "BoundingBox": {
          "Width": 0.03530483320355415,
          "Height": 0.007986808195710182,
          "Left": 0.4307054579257965,
          "Top": 0.29031115770339966
        },
        "Polygon": [
          {
            "X": 0.4308202564716339,
            "Y": 0.29031115770339966
          },
          {
            "X": 0.46601030230522156,
            "Y": 0.29087701439857483
          },
          {
            "X": 0.46589505672454834,
            "Y": 0.2982979714870453
          },
          {
            "X": 0.4307054579257965,
            "Y": 0.29773157835006714
          }
        ]
      },
      "Id": "c20b224e-b2e4-4164-8436-76d9ef21e254",
      "Page": 1
    },
    {
      "BlockType": "WORD",
      "Confidence": 99.82295989990234,
      "Text": "AWS",
      "TextType": "PRINTED",
      "Geometry": {
        "BoundingBox": {
          "Width": 0.018193300813436508,
          "Height": 0.006167690269649029,
          "Left": 0.285335510969162,
          "Top": 0.3029310405254364
        },
        "Polygon": [
          {
            "X": 0.2854248583316803,
            "Y": 0.3029310405254364
          },
          {
            "X": 0.3035288155078888,
            "Y": 0.30322274565696716
          },
          {
            "X": 0.30343925952911377,
            "Y": 0.3090987503528595
          },
          {
            "X": 0.285335510969162,
            "Y": 0.308806836605072
          }
        ]
      },
      "Id": "b55856c4-508c-4a0f-82b8-92ef60ae2394",
      "Page": 1
    },
    {
      "BlockType": "WORD",
      "Confidence": 99.09613037109375,
      "Text": "PrivateLink",
      "TextType": "PRINTED",
      "Geometry": {
        "BoundingBox": {
          "Width": 0.04151652008295059,
          "Height": 0.006366712972521782,
          "Left": 0.30520302057266235,
          "Top": 0.3029572367668152
        },
        "Polygon": [
          {
            "X": 0.3052898943424225,
            "Y": 0.3029572367668152
          },
          {
            "X": 0.34671953320503235,
            "Y": 0.3036247193813324
          },
          {
            "X": 0.3466322422027588,
            "Y": 0.3093239367008209
          },
          {
            "X": 0.30520302057266235,
            "Y": 0.3086559772491455
          }
        ]
      },
      "Id": "1132c056-46c3-4964-af2a-444b04a4fd91",
      "Page": 1
    },
    {
      "BlockType": "WORD",
      "Confidence": 26.064529418945312,
      "Text": "H",
      "TextType": "PRINTED",
      "Geometry": {
        "BoundingBox": {
          "Width": 0.007202588487416506,
          "Height": 0.007341170217841864,
          "Left": 0.2453179508447647,
          "Top": 0.34327951073646545
        },
        "Polygon": [
          {
            "X": 0.24542734026908875,
            "Y": 0.34327951073646545
          },
          {
            "X": 0.25252053141593933,
            "Y": 0.3433944284915924
          },
          {
            "X": 0.2524110674858093,
            "Y": 0.35062068700790405
          },
          {
            "X": 0.2453179508447647,
            "Y": 0.35050565004348755
          }
        ]
      },
      "Id": "016e0d8e-df08-442e-aad7-6f6134e50dd9",
      "Page": 1
    },
    {
      "BlockType": "WORD",
      "Confidence": 99.81620788574219,
      "Text": "Corporate",
      "TextType": "PRINTED",
      "Geometry": {
        "BoundingBox": {
          "Width": 0.036005474627017975,
          "Height": 0.007718359585851431,
          "Left": 0.26350730657577515,
          "Top": 0.3435702621936798
        },
        "Polygon": [
          {
            "X": 0.26361557841300964,
            "Y": 0.3435702621936798
          },
          {
            "X": 0.2995127737522125,
            "Y": 0.3441517949104309
          },
          {
            "X": 0.2994040548801422,
            "Y": 0.3512886166572571
          },
          {
            "X": 0.26350730657577515,
            "Y": 0.350706547498703
          }
        ]
      },
      "Id": "d6bee7a0-5abc-4242-9f3b-de87a9edd4fa",
      "Page": 1
    },
    {
      "BlockType": "WORD",
      "Confidence": 99.8984375,
      "Text": "network",
      "TextType": "PRINTED",
      "Geometry": {
        "BoundingBox": {
          "Width": 0.030555743724107742,
          "Height": 0.006305088754743338,
          "Left": 0.30125439167022705,
          "Top": 0.3444741666316986
        },
        "Polygon": [
          {
            "X": 0.3013429343700409,
            "Y": 0.3444741666316986
          },
          {
            "X": 0.3318101465702057,
            "Y": 0.344967782497406
          },
          {
            "X": 0.3317212760448456,
            "Y": 0.350779265165329
          },
          {
            "X": 0.30125439167022705,
            "Y": 0.35028529167175293
          }
        ]
      },
      "Id": "63513b43-ba17-4754-bf51-09c67d06d810",
      "Page": 1
    },
    {
      "BlockType": "WORD",
      "Confidence": 99.84574127197266,
      "Text": "AWS",
      "TextType": "PRINTED",
      "Geometry": {
        "BoundingBox": {
          "Width": 0.01571807824075222,
          "Height": 0.005018319468945265,
          "Left": 0.15639375150203705,
          "Top": 0.38509270548820496
        },
        "Polygon": [
          {
            "X": 0.15646511316299438,
            "Y": 0.38509270548820496
          },
          {
            "X": 0.17211182415485382,
            "Y": 0.3853476643562317
          },
          {
            "X": 0.17204034328460693,
            "Y": 0.3901110291481018
          },
          {
            "X": 0.15639375150203705,
            "Y": 0.3898559510707855
          }
        ]
      },
      "Id": "c1bf8488-94e1-4560-99a5-a7147c0c5043",
      "Page": 1
    },
    {
      "BlockType": "WORD",
      "Confidence": 99.98004913330078,
      "Text": "Direct",
      "TextType": "PRINTED",
      "Geometry": {
        "BoundingBox": {
          "Width": 0.020527901127934456,
          "Height": 0.005534780211746693,
          "Left": 0.17411702871322632,
          "Top": 0.38513150811195374
        },
        "Polygon": [
          {
            "X": 0.17419512569904327,
            "Y": 0.38513150811195374
          },
          {
            "X": 0.19464494287967682,
            "Y": 0.38546469807624817
          },
          {
            "X": 0.19456665217876434,
            "Y": 0.39066630601882935
          },
          {
            "X": 0.17411702871322632,
            "Y": 0.3903328776359558
          }
        ]
      },
      "Id": "327caed9-6141-46e9-b7cd-2e29a121f192",
      "Page": 1
    },
    {
      "BlockType": "WORD",
      "Confidence": 99.66681671142578,
      "Text": "Cliente",
      "TextType": "PRINTED",
      "Geometry": {
        "BoundingBox": {
          "Width": 0.025727802887558937,
          "Height": 0.005919549614191055,
          "Left": 0.2802638113498688,
          "Top": 0.38721224665641785
        },
        "Polygon": [
          {
            "X": 0.28034743666648865,
            "Y": 0.38721224665641785
          },
          {
            "X": 0.30599161982536316,
            "Y": 0.38763007521629333
          },
          {
            "X": 0.3059077262878418,
            "Y": 0.3931317925453186
          },
          {
            "X": 0.2802638113498688,
            "Y": 0.39271366596221924
          }
        ]
      },
      "Id": "4c5b48d1-2264-416e-adf0-537a7e3f8164",
      "Page": 1
    },
    {
      "BlockType": "WORD",
      "Confidence": 99.98052978515625,
      "Text": "Connect",
      "TextType": "PRINTED",
      "Geometry": {
        "BoundingBox": {
          "Width": 0.027903838083148003,
          "Height": 0.005549157969653606,
          "Left": 0.16078458726406097,
          "Top": 0.39213353395462036
        },
        "Polygon": [
          {
            "X": 0.16086095571517944,
            "Y": 0.39213353395462036
          },
          {
            "X": 0.18868842720985413,
            "Y": 0.3925873637199402
          },
          {
            "X": 0.18861180543899536,
            "Y": 0.39768269658088684
          },
          {
            "X": 0.16078458726406097,
            "Y": 0.39722856879234314
          }
        ]
      },
      "Id": "0b9cced4-659c-4b88-9a45-78b8a59b3131",
      "Page": 1
    }
  ],
  "DetectDocumentTextModelVersion": "1.0"
}