{
  "DocumentMetadata": {
    "Pages": 1
  },
  "JobStatus": "SUCCEEDED",
  "Blocks": [
    {
      "BlockType": "PAGE",
      "Geometry": {
        "BoundingBox": {
          "Width": 1,
          "Height": 1,
          "Left": 0,
          "Top": 0
        },
        "Polygon": [
          {
            "X": 0,
            "Y": 8.402759021919337e-8
          },
          {
            "X": 1,
            "Y": 0
          },
          {
            "X": 0.9999922513961792,
            "Y": 1
          },
          {
            "X": 0,
            "Y": 0.994478702545166
          }
        ]
      },
      "Id": "1743539c-6a18-4cd2-a891-bf886ca1a427",
      "Relationships": [
        {
          "Type": "CHILD",
          "Ids": [
            "999742c0-b369-4fb6-bd65-3874d8b6b5c8",
            "d2fd35e0-b917-40d4-b259-16a9f4d36249",
            "afc50483-8397-4e71-a35e-640d6a7589e8",
            "8fad746e-57c4-437a-b13e-a1ae79ce4af3",
            "f860ed0d-0ac9-4fd7-87fe-6b67a1038dcc",
            "e52709e2-5fad-466e-98ff-b082ee88e40e",
            "cc6f05d9-0665-4d23-a703-1cb7393f338e",
            "9478de64-2133-4c51-bc0c-9a851ffd3aab",
            "e825584f-4d3e-4365-a80a-06d05a13639d",
            "2a2ff34d-e480-4271-af12-457064564fd9",
            "71a0e6ef-c519-4d07-8735-2eff173281a6",
            "400e8067-4df0-4788-a55b-f325ca4a60dc",
            "822a2179-1266-4508-9d1d-880c457f072d",
            "cae21a0e-f0d6-4d5c-b30c-d06856ae0c2a",
            "fdc51549-25bb-488c-9c55-22b0599f7509",
            "f1304007-a0df-4b1b-b828-7d5539a54805",
            "c117e2f8-915c-4023-962d-c32921fcb77c",
            "00cfbe46-4825-4d7c-8cf9-57c764b21af3",
            "8937f35e-00d5-4904-8573-0596fa4a2761",
            "e9c58a88-7f88-4ee5-8768-988df562ce21",
            "346fbe2a-f3a3-4d05-921d-96aab8b7a7cc"
          ]
        }
      ],
      "Page": 1
    },
    {
      "BlockType": "LINE",
      "Confidence": 99.03453826904297,
      "Text": "Amplie aplicativos personalizados",
      "Geometry": {
        "BoundingBox": {
          "Width": 0.5509324669837952,
          "Height": 0.055262789130210876,
          "Left": 0.12632451951503754,
          "Top": 0.24582824110984802
        },
        "Polygon": [
          {
            "X": 0.128367081284523,
            "Y": 0.2758220136165619
          },
          {
            "X": 0.6772569417953491,
            "Y": 0.24582824110984802
          },
          {
            "X": 0.6761605143547058,
            "Y": 0.27333128452301025
          },
          {
            "X": 0.12632451951503754,
            "Y": 0.3010910451412201
          }
        ]
      },
      "Id": "999742c0-b369-4fb6-bd65-3874d8b6b5c8",
      "Relationships": [
        {
          "Type": "CHILD",
          "Ids": [
            "9baaf4c3-b313-42b8-b621-a926acaacb6e",
            "910a0046-8c80-4f3b-af00-7959885387fb",
            "b51cffbd-a266-40eb-b6dd-b6f5d4ec0d32"
          ]
        }
      ],
      "Page": 1
    },
    {
      "BlockType": "LINE",
      "Confidence": 99.14291381835938,
      "Text": "com IA",
      "Geometry": {
        "BoundingBox": {
          "Width": 0.08875798434019089,
          "Height": 0.01923825405538082,
          "Left": 0.12486565113067627,
          "Top": 0.29942095279693604
        },
        "Polygon": [
          {
            "X": 0.12606661021709442,
            "Y": 0.30380240082740784
          },
          {
            "X": 0.21362362802028656,
            "Y": 0.29942095279693604
          },
          {
            "X": 0.21250377595424652,
            "Y": 0.3144879937171936
          },
          {
            "X": 0.12486565113067627,
            "Y": 0.3186591863632202
          }
        ]
      },
      "Id": "d2fd35e0-b917-40d4-b259-16a9f4d36249",
      "Relationships": [
        {
          "Type": "CHILD",
          "Ids": [
            "347f0025-b55f-448e-b3c9-a521a25dfe66",
            "603bbf23-fc26-4bb1-b488-79b5c1ca9481"
          ]
        }
      ],
      "Page": 1
    },
    {
      "BlockType": "LINE",
      "Confidence": 93.00611877441406,
      "Text": "ADICIONE RAPIDAMENTE RECURSOS DE BI GENERATIVO A APLICATIVOS DA WEB",
      "Geometry": {
        "BoundingBox": {
          "Width": 0.4250640869140625,
          "Height": 0.028555497527122498,
          "Left": 0.12210201472043991,
          "Top": 0.30103540420532227
        },
        "Polygon": [
          {
            "X": 0.12279188632965088,
            "Y": 0.32107147574424744
          },
          {
            "X": 0.547166109085083,
            "Y": 0.30103540420532227
          },
          {
            "X": 0.5467162728309631,
            "Y": 0.31013938784599304
          },
          {
            "X": 0.12210201472043991,
            "Y": 0.32959088683128357
          }
        ]
      },
      "Id": "afc50483-8397-4e71-a35e-640d6a7589e8",
      "Relationships": [
        {
          "Type": "CHILD",
          "Ids": [
            "e4fbfd48-b7bd-4a27-9905-b8b539a027a1",
            "65e7b6b0-fb81-415d-a579-8556c90ea659",
            "c11e2a43-f874-4ac0-9365-c2c884572a24",
            "d33a606c-21d5-4966-a6c3-f7bc27b4e86e",
            "54486f8e-a5af-4d23-a9f1-8af0ce973e2e",
            "bfa221af-72e2-4546-91ba-62cb21d64a3c",
            "2285232d-9e1c-4e6d-a7f8-0e85408ac5f5",
            "72fb1b12-8624-4145-affe-b0f86321952e",
            "873fedaa-dcc8-47fb-adb8-9f0c085007ce",
            "5319b8e3-6773-48c7-8aee-63500952c6e6"
          ]
        }
      ],
      "Page": 1
    },
    {
      "BlockType": "LINE",
      "Confidence": 58.36330032348633,
      "Text": "Anthology Eluminate",
      "Geometry": {
        "BoundingBox": {
          "Width": 0.04949042573571205,
          "Height": 0.0066955978982150555,
          "Left": 0.2998295724391937,
          "Top": 0.32917892932891846
        },
        "Polygon": [
          {
            "X": 0.30013564229011536,
            "Y": 0.33135369420051575
          },
          {
            "X": 0.3493199944496155,
            "Y": 0.32917892932891846
          },
          {
            "X": 0.34902819991111755,
            "Y": 0.33373475074768066
          },
          {
            "X": 0.2998295724391937,
            "Y": 0.3358745276927948
          }
        ]
      },
      "Id": "8fad746e-57c4-437a-b13e-a1ae79ce4af3",
      "Relationships": [
        {
          "Type": "CHILD",
          "Ids": [
            "661a2723-4945-42e8-b466-075a49819f4f",
            "4612c89f-cd4c-4437-b227-bb27d7a02616"
          ]
        }
      ],
      "Page": 1
    },
    {
      "BlockType": "LINE",
      "Confidence": 99.13472747802734,
      "Text": "Trabalha com qualquer",
      "Geometry": {
        "BoundingBox": {
          "Width": 0.12730060517787933,
          "Height": 0.01397769246250391,
          "Left": 0.11429174989461899,
          "Top": 0.3379057049751282
        },
        "Polygon": [
          {
            "X": 0.11498064547777176,
            "Y": 0.34342268109321594
          },
          {
            "X": 0.24159236252307892,
            "Y": 0.3379057049751282
          },
          {
            "X": 0.2409704178571701,
            "Y": 0.34654033184051514
          },
          {
            "X": 0.11429174989461899,
            "Y": 0.3518834114074707
          }
        ]
      },
      "Id": "f860ed0d-0ac9-4fd7-87fe-6b67a1038dcc",
      "Relationships": [
        {
          "Type": "CHILD",
          "Ids": [
            "fc72e9e0-dab5-435c-be16-71f977d137d5",
            "9ce7589e-7b77-4230-8c55-958f0de629b7",
            "55de8715-a334-419a-8f4d-ae5d9dc06368"
          ]
        }
      ],
      "Page": 1
    },
    {
      "BlockType": "LINE",
      "Confidence": 90.32725524902344,
      "Text": "Data O&A",
      "Geometry": {
        "BoundingBox": {
          "Width": 0.028862299397587776,
          "Height": 0.005685398355126381,
          "Left": 0.31175071001052856,
          "Top": 0.3413729965686798
        },
        "Polygon": [
          {
            "X": 0.31204953789711,
            "Y": 0.3425821363925934
          },
          {
            "X": 0.3406130075454712,
            "Y": 0.3413729965686798
          },
          {
            "X": 0.3403223752975464,
            "Y": 0.3458693325519562
          },
          {
            "X": 0.31175071001052856,
            "Y": 0.34705838561058044
          }
        ]
      },
      "Id": "e52709e2-5fad-466e-98ff-b082ee88e40e",
      "Relationships": [
        {
          "Type": "CHILD",
          "Ids": [
            "7b7c757f-695b-46c7-be48-14872ac0c3a3"
          ]
        }
      ],
      "Page": 1
    },
    {
      "BlockType": "LINE",
      "Confidence": 99.73881530761719,
      "Text": "dado",
      "Geometry": {
        "BoundingBox": {
          "Width": 0.026509981602430344,
          "Height": 0.00818678829818964,
          "Left": 0.11297978460788727,
          "Top": 0.3532346189022064
        },
        "Polygon": [
          {
            "X": 0.11355844140052795,
            "Y": 0.3543180227279663
          },
          {
            "X": 0.1394897699356079,
            "Y": 0.3532346189022064
          },
          {
            "X": 0.13892237842082977,
            "Y": 0.36036795377731323
          },
          {
            "X": 0.11297978460788727,
            "Y": 0.3614214062690735
          }
        ]
      },
      "Id": "cc6f05d9-0665-4d23-a703-1cb7393f338e",
      "Relationships": [
        {
          "Type": "CHILD",
          "Ids": [
            "95f9485a-3603-42f9-9478-130169e921a1"
          ]
        }
      ],
      "Page": 1
    },
    {
      "BlockType": "LINE",
      "Confidence": 94.78913879394531,
      "Text": "ience",
      "Geometry": {
        "BoundingBox": {
          "Width": 0.04572533443570137,
          "Height": 0.01410234160721302,
          "Left": 0,
          "Top": 0.3661007285118103
        },
        "Polygon": [
          {
            "X": 0,
            "Y": 0.36797764897346497
          },
          {
            "X": 0.04572533443570137,
            "Y": 0.3661007285118103
          },
          {
            "X": 0.04466051235795021,
            "Y": 0.3784206509590149
          },
          {
            "X": 0,
            "Y": 0.3802030682563782
          }
        ]
      },
      "Id": "9478de64-2133-4c51-bc0c-9a851ffd3aab",
      "Relationships": [
        {
          "Type": "CHILD",
          "Ids": [
            "dad024e4-7de8-42c6-9b7a-eaece9e3dd7b"
          ]
        }
      ],
      "Page": 1
    },
    {
      "BlockType": "LINE",
      "Confidence": 98.82868957519531,
      "Text": "Refine a compreensão da",
      "Geometry": {
        "BoundingBox": {
          "Width": 0.11997204273939133,
          "Height": 0.012414613738656044,
          "Left": 0.11021946370601654,
          "Top": 0.3684999644756317
        },
        "Polygon": [
          {
            "X": 0.11085539311170578,
            "Y": 0.3731164336204529
          },
          {
            "X": 0.23019149899482727,
            "Y": 0.3684999644756317
          },
          {
            "X": 0.22961346805095673,
            "Y": 0.3764496445655823
          },
          {
            "X": 0.11021946370601654,
            "Y": 0.380914568901062
          }
        ]
      },
      "Id": "e825584f-4d3e-4365-a80a-06d05a13639d",
      "Relationships": [
        {
          "Type": "CHILD",
          "Ids": [
            "e6288a7c-49ac-45e0-92b4-f741d2311b02",
            "fc0c9d0a-8b22-4e13-9bd1-d477034bc381",
            "734c2add-3239-4629-a779-055275f4a982",
            "f157586a-8d16-4720-ae08-d01913b04a64"
          ]
        }
      ],
      "Page": 1
    },
    {
      "BlockType": "LINE",
      "Confidence": 99.00035858154297,
      "Text": "linguagem para otimizar casos",
      "Geometry": {
        "BoundingBox": {
          "Width": 0.14701002836227417,
          "Height": 0.013774724677205086,
          "Left": 0.10890103876590729,
          "Top": 0.376912921667099
        },
        "Polygon": [
          {
            "X": 0.10958121716976166,
            "Y": 0.3823509216308594
          },
          {
            "X": 0.25591105222702026,
            "Y": 0.376912921667099
          },
          {
            "X": 0.2553071081638336,
            "Y": 0.38544848561286926
          },
          {
            "X": 0.10890103876590729,
            "Y": 0.39068764448165894
          }
        ]
      },
      "Id": "2a2ff34d-e480-4271-af12-457064564fd9",
      "Relationships": [
        {
          "Type": "CHILD",
          "Ids": [
            "8fed8403-07a7-466a-9fe7-8bc68b120997",
            "96e7f47e-62d4-451f-ba9b-bd81b6ec4646",
            "f08b6668-0a34-4781-ac11-1d9b764b22f0",
            "c2a07699-a2b9-45c0-a0a7-e2279cfa0d14"
          ]
        }
      ],
      "Page": 1
    },
    {
      "BlockType": "LINE",
      "Confidence": 96.04850769042969,
      "Text": "de uso específicos e contextos",
      "Geometry": {
        "BoundingBox": {
          "Width": 0.14514373242855072,
          "Height": 0.012940983287990093,
          "Left": 0.10744217038154602,
          "Top": 0.38635125756263733
        },
        "Polygon": [
          {
            "X": 0.10807806253433228,
            "Y": 0.39150363206863403
          },
          {
            "X": 0.25258591771125793,
            "Y": 0.38635125756263733
          },
          {
            "X": 0.2520202398300171,
            "Y": 0.394323468208313
          },
          {
            "X": 0.10744217038154602,
            "Y": 0.3992922306060791
          }
        ]
      },
      "Id": "71a0e6ef-c519-4d07-8735-2eff173281a6",
      "Relationships": [
        {
          "Type": "CHILD",
          "Ids": [
            "34ef5e2a-6980-47fa-8581-268e49d37f1e",
            "253db5ca-f672-4fa9-a5ac-1775ccb0dd6f",
            "722e0068-9a3e-40fc-83ac-0a66e70c9dff",
            "cdd75b55-067c-40c6-9a5a-12e79352b749",
            "9837cf1b-181d-47b3-afa2-b760abb9d881"
          ]
        }
      ],
      "Page": 1
    },
    {
      "BlockType": "LINE",
      "Confidence": 98.84315490722656,
      "Text": "aw",
      "Geometry": {
        "BoundingBox": {
          "Width": 0.12939341366291046,
          "Height": 0.052535589784383774,
          "Left": 0.8706066012382507,
          "Top": 0.3273032009601593
        },
        "Polygon": [
          {
            "X": 0.8717942237854004,
            "Y": 0.3325568735599518
          },
          {
            "X": 1,
            "Y": 0.3273032009601593
          },
          {
            "X": 1,
            "Y": 0.3754758834838867
          },
          {
            "X": 0.8706066012382507,
            "Y": 0.3798387944698334
          }
        ]
      },
      "Id": "400e8067-4df0-4788-a55b-f325ca4a60dc",
      "Relationships": [
        {
          "Type": "CHILD",
          "Ids": [
            "c4de9c1e-d6f9-40fe-977d-cec6b1f219ee"
          ]
        }
      ],
      "Page": 1
    },
    {
      "BlockType": "LINE",
      "Confidence": 65.62093353271484,
      "Text": "379.208.837",
      "Geometry": {
        "BoundingBox": {
          "Width": 0.036874718964099884,
          "Height": 0.00549741368740797,
          "Left": 0.5291787981987,
          "Top": 0.38302886486053467
        },
        "Polygon": [
          {
            "X": 0.5293923616409302,
            "Y": 0.3842916488647461
          },
          {
            "X": 0.5660535097122192,
            "Y": 0.38302886486053467
          },
          {
            "X": 0.5658503770828247,
            "Y": 0.3872871398925781
          },
          {
            "X": 0.5291787981987,
            "Y": 0.3885262608528137
          }
        ]
      },
      "Id": "822a2179-1266-4508-9d1d-880c457f072d",
      "Relationships": [
        {
          "Type": "CHILD",
          "Ids": [
            "3b55b872-9e36-4daf-b07d-986c5bbb7e04"
          ]
        }
      ],
      "Page": 1
    },
    {
      "BlockType": "LINE",
      "Confidence": 67.92562866210938,
      "Text": "31,172",
      "Geometry": {
        "BoundingBox": {
          "Width": 0.021672362461686134,
          "Height": 0.0054028574377298355,
          "Left": 0.6080914735794067,
          "Top": 0.3803004026412964
        },
        "Polygon": [
          {
            "X": 0.6082993149757385,
            "Y": 0.3810414969921112
          },
          {
            "X": 0.6297638416290283,
            "Y": 0.3803004026412964
          },
          {
            "X": 0.6295627355575562,
            "Y": 0.384977251291275
          },
          {
            "X": 0.6080914735794067,
            "Y": 0.38570326566696167
          }
        ]
      },
      "Id": "cae21a0e-f0d6-4d5c-b30c-d06856ae0c2a",
      "Relationships": [
        {
          "Type": "CHILD",
          "Ids": [
            "cfa4ac65-8ed0-410a-9a70-d36c9bb59f51"
          ]
        }
      ],
      "Page": 1
    },
    {
      "BlockType": "LINE",
      "Confidence": 98.12906646728516,
      "Text": "de dados, forneça perguntas",
      "Geometry": {
        "BoundingBox": {
          "Width": 0.137332946062088,
          "Height": 0.012476556934416294,
          "Left": 0.10632755607366562,
          "Top": 0.3959202468395233
        },
        "Polygon": [
          {
            "X": 0.10696522146463394,
            "Y": 0.40058910846710205
          },
          {
            "X": 0.24366049468517303,
            "Y": 0.3959202468395233
          },
          {
            "X": 0.24308925867080688,
            "Y": 0.40390223264694214
          },
          {
            "X": 0.10632755607366562,
            "Y": 0.40839681029319763
          }
        ]
      },
      "Id": "fdc51549-25bb-488c-9c55-22b0599f7509",
      "Relationships": [
        {
          "Type": "CHILD",
          "Ids": [
            "62d82d01-7ed8-46df-9b88-f7b83ad20186",
            "cdb80e7a-253b-4bdd-9cc0-cf529d9e229a",
            "d56100b0-afb0-4982-acd1-9d14b2b7e034",
            "3ecad624-b2c9-45d9-9c43-b2d2ca0fb695"
          ]
        }
      ],
      "Page": 1
    },
    {
      "BlockType": "LINE",
      "Confidence": 98.10438537597656,
      "Text": "sugeridas para ajudar os",
      "Geometry": {
        "BoundingBox": {
          "Width": 0.11693792790174484,
          "Height": 0.011929248459637165,
          "Left": 0.10478642582893372,
          "Top": 0.40580567717552185
        },
        "Polygon": [
          {
            "X": 0.10545094311237335,
            "Y": 0.40960419178009033
          },
          {
            "X": 0.22172436118125916,
            "Y": 0.40580567717552185
          },
          {
            "X": 0.22111839056015015,
            "Y": 0.4140909016132355
          },
          {
            "X": 0.10478642582893372,
            "Y": 0.41773492097854614
          }
        ]
      },
      "Id": "f1304007-a0df-4b1b-b828-7d5539a54805",
      "Relationships": [
        {
          "Type": "CHILD",
          "Ids": [
            "58af8355-cfad-4ddc-b9f1-61586f487d15",
            "d02cde7a-0362-413c-a630-45e1498f46c6",
            "b76c3823-3811-4e19-9d1d-475f0a78ebce",
            "f830f4e2-7492-4ecb-82e3-9a460c0ff93b"
          ]
        }
      ],
      "Page": 1
    },
    {
      "BlockType": "LINE",
      "Confidence": 96.23533630371094,
      "Text": "usuários a começar",
      "Geometry": {
        "BoundingBox": {
          "Width": 0.09133031964302063,
          "Height": 0.010746723040938377,
          "Left": 0.1035972535610199,
          "Top": 0.41628536581993103
        },
        "Polygon": [
          {
            "X": 0.10424533486366272,
            "Y": 0.41910552978515625
          },
          {
            "X": 0.19492757320404053,
            "Y": 0.41628536581993103
          },
          {
            "X": 0.19432373344898224,
            "Y": 0.4243294894695282
          },
          {
            "X": 0.1035972535610199,
            "Y": 0.42703208327293396
          }
        ]
      },
      "Id": "c117e2f8-915c-4023-962d-c32921fcb77c",
      "Relationships": [
        {
          "Type": "CHILD",
          "Ids": [
            "00a83dee-6d8e-4f26-b8dd-f68364fcb77f",
            "863f96ec-a60d-4963-9012-402f8cf3e73a",
            "62231fff-6124-4de7-bc76-41efcb780a72"
          ]
        }
      ],
      "Page": 1
    },
    {
      "BlockType": "LINE",
      "Confidence": 96.10443115234375,
      "Text": "Experiência perfeita",
      "Geometry": {
        "BoundingBox": {
          "Width": 0.11129708588123322,
          "Height": 0.012014561332762241,
          "Left": 0.09955742210149765,
          "Top": 0.44458603858947754
        },
        "Polygon": [
          {
            "X": 0.10030214488506317,
            "Y": 0.447505384683609
          },
          {
            "X": 0.21085450053215027,
            "Y": 0.44458603858947754
          },
          {
            "X": 0.21017172932624817,
            "Y": 0.4538462460041046
          },
          {
            "X": 0.09955742210149765,
            "Y": 0.4566006064414978
          }
        ]
      },
      "Id": "00cfbe46-4825-4d7c-8cf9-57c764b21af3",
      "Relationships": [
        {
          "Type": "CHILD",
          "Ids": [
            "4731fe50-dc0b-48ee-993e-437a35bea938",
            "4927ec64-ff40-4fc4-83ad-0cf5fc1c669b"
          ]
        }
      ],
      "Page": 1
    },
    {
      "BlockType": "LINE",
      "Confidence": 88.34817504882812,
      "Text": "Personalize o tamanho, o tema",
      "Geometry": {
        "BoundingBox": {
          "Width": 0.15345755219459534,
          "Height": 0.011352757923305035,
          "Left": 0.09624965488910675,
          "Top": 0.46507370471954346
        },
        "Polygon": [
          {
            "X": 0.09689337760210037,
            "Y": 0.46857666969299316
          },
          {
            "X": 0.2497072070837021,
            "Y": 0.46507370471954346
          },
          {
            "X": 0.24913783371448517,
            "Y": 0.4731207489967346
          },
          {
            "X": 0.09624965488910675,
            "Y": 0.47642648220062256
          }
        ]
      },
      "Id": "8937f35e-00d5-4904-8573-0596fa4a2761",
      "Relationships": [
        {
          "Type": "CHILD",
          "Ids": [
            "eedf2641-f885-4a79-ba9d-1bfe24aaa638",
            "bf29051f-545f-4746-9745-ce02480ba1b6",
            "cef121eb-b048-46ad-910b-4b4f860b183c",
            "d2bc4084-2ebf-4a2b-a1b4-cdb9fbeb7ade",
            "edb73e42-6deb-45ab-a40b-70f8fb1f9bae"
          ]
        }
      ],
      "Page": 1
    },
    {
      "BlockType": "LINE",
      "Confidence": 97.54935455322266,
      "Text": "e a interação para se adequar à",
      "Geometry": {
        "BoundingBox": {
          "Width": 0.15416112542152405,
          "Height": 0.011556731536984444,
          "Left": 0.09453430026769638,
          "Top": 0.4745529294013977
        },
        "Polygon": [
          {
            "X": 0.09521333128213882,
            "Y": 0.47783613204956055
          },
          {
            "X": 0.24869543313980103,
            "Y": 0.4745529294013977
          },
          {
            "X": 0.24809503555297852,
            "Y": 0.48303547501564026
          },
          {
            "X": 0.09453430026769638,
            "Y": 0.4861096739768982
          }
        ]
      },
      "Id": "e9c58a88-7f88-4ee5-8768-988df562ce21",
      "Relationships": [
        {
          "Type": "CHILD",
          "Ids": [
            "43f89592-390e-4ead-babd-4d04209bc279",
            "b3d6792f-020d-46b3-b098-86bacca1cea4",
            "170f5bfd-3e4e-41df-9c93-d9b4eaa8195f",
            "6879e4cb-52a2-4d94-832f-b63ff6588f19",
            "979905e7-f89a-4de3-9b89-de172db0d999",
            "9af55900-f9cd-4c6b-b0c8-f1b7b7605c12",
            "6af9c532-7ed0-440b-b940-ca6f87366c82"
          ]
        }
      ],
      "Page": 1
    },
    {
      "BlockType": "LINE",
      "Confidence": 99.57135009765625,
      "Text": "sua marca",
      "Geometry": {
        "BoundingBox": {
          "Width": 0.04811490699648857,
          "Height": 0.0065368483774363995,
          "Left": 0.0932861790060997,
          "Top": 0.4874435067176819
        },
        "Polygon": [
          {
            "X": 0.09374608844518661,
            "Y": 0.48837968707084656
          },
          {
            "X": 0.14140108227729797,
            "Y": 0.4874435067176819
          },
          {
            "X": 0.14095734059810638,
            "Y": 0.49308815598487854
          },
          {
            "X": 0.0932861790060997,
            "Y": 0.49398037791252136
          }
        ]
      },
      "Id": "346fbe2a-f3a3-4d05-921d-96aab8b7a7cc",
      "Relationships": [
        {
          "Type": "CHILD",
          "Ids": [
            "83fbb5b6-5d79-427b-9911-b9f55809e627",
            "89c08a3b-a206-41e8-8894-25a317c1d3c1"
          ]
        }
      ],
      "Page": 1
    },
    {
      "BlockType": "WORD",
      "Confidence": 99.43571472167969,
      "Text": "Amplie",
      "TextType": "PRINTED",
      "Geometry": {
        "BoundingBox": {
          "Width": 0.09011653810739517,
          "Height": 0.023410720750689507,
          "Left": 0.12632451951503754,
          "Top": 0.27768030762672424
        },
        "Polygon": [
          {
            "X": 0.1278332620859146,
            "Y": 0.28242599964141846
          },
          {
            "X": 0.2164410501718521,
            "Y": 0.27768030762672424
          },
          {
            "X": 0.21503564715385437,
            "Y": 0.2966122627258301
          },
          {
            "X": 0.12632451951503754,
            "Y": 0.3010910451412201
          }
        ]
      },
      "Id": "9baaf4c3-b313-42b8-b621-a926acaacb6e",
      "Page": 1
    },
    {
      "BlockType": "WORD",
      "Confidence": 98.79367065429688,
      "Text": "aplicativos",
      "TextType": "PRINTED",
      "Geometry": {
        "BoundingBox": {
          "Width": 0.17651239037513733,
          "Height": 0.028939655050635338,
          "Left": 0.23214654624462128,
          "Top": 0.2647518813610077
        },
        "Polygon": [
          {
            "X": 0.23356874287128448,
            "Y": 0.2742021977901459
          },
          {
            "X": 0.4086589217185974,
            "Y": 0.2647518813610077
          },
          {
            "X": 0.4074587821960449,
            "Y": 0.28478193283081055
          },
          {
            "X": 0.23214654624462128,
            "Y": 0.2936915159225464
          }
        ]
      },
      "Id": "910a0046-8c80-4f3b-af00-7959885387fb",
      "Page": 1
    },
    {
      "BlockType": "WORD",
      "Confidence": 98.87422180175781,
      "Text": "personalizados",
      "TextType": "PRINTED",
      "Geometry": {
        "BoundingBox": {
          "Width": 0.2510486841201782,
          "Height": 0.036123648285865784,
          "Left": 0.4262082874774933,
          "Top": 0.24582824110984802
        },
        "Polygon": [
          {
            "X": 0.42752382159233093,
            "Y": 0.2594747543334961
          },
          {
            "X": 0.6772569417953491,
            "Y": 0.24582824110984802
          },
          {
            "X": 0.67632657289505,
            "Y": 0.26916661858558655
          },
          {
            "X": 0.4262082874774933,
            "Y": 0.281951904296875
          }
        ]
      },
      "Id": "b51cffbd-a266-40eb-b6dd-b6f5d4ec0d32",
      "Page": 1
    },
    {
      "BlockType": "WORD",
      "Confidence": 99.4345703125,
      "Text": "com",
      "TextType": "PRINTED",
      "Geometry": {
        "BoundingBox": {
          "Width": 0.04400169104337692,
          "Height": 0.013295136392116547,
          "Left": 0.12486565113067627,
          "Top": 0.30536404252052307
        },
        "Polygon": [
          {
            "X": 0.12576815485954285,
            "Y": 0.3074946105480194
          },
          {
            "X": 0.1688673347234726,
            "Y": 0.30536404252052307
          },
          {
            "X": 0.16799457371234894,
            "Y": 0.31660643219947815
          },
          {
            "X": 0.12486565113067627,
            "Y": 0.3186591863632202
          }
        ]
      },
      "Id": "347f0025-b55f-448e-b3c9-a521a25dfe66",
      "Page": 1
    },
    {
      "BlockType": "WORD",
      "Confidence": 98.85125732421875,
      "Text": "IA",
      "TextType": "PRINTED",
      "Geometry": {
        "BoundingBox": {
          "Width": 0.0286114439368248,
          "Height": 0.015749529004096985,
          "Left": 0.18501219153404236,
          "Top": 0.29942095279693604
        },
        "Polygon": [
          {
            "X": 0.18610985577106476,
            "Y": 0.3007977604866028
          },
          {
            "X": 0.21362362802028656,
            "Y": 0.29942095279693604
          },
          {
            "X": 0.21255068480968475,
            "Y": 0.31385692954063416
          },
          {
            "X": 0.18501219153404236,
            "Y": 0.3151704668998718
          }
        ]
      },
      "Id": "603bbf23-fc26-4bb1-b488-79b5c1ca9481",
      "Page": 1
    },
    {
      "BlockType": "WORD",
      "Confidence": 97.88140869140625,
      "Text": "ADICIONE",
      "TextType": "PRINTED",
      "Geometry": {
        "BoundingBox": {
          "Width": 0.04478525370359421,
          "Height": 0.007200833410024643,
          "Left": 0.12210201472043991,
          "Top": 0.32239004969596863
        },
        "Polygon": [
          {
            "X": 0.12251748144626617,
            "Y": 0.32446014881134033
          },
          {
            "X": 0.16688726842403412,
            "Y": 0.32239004969596863
          },
          {
            "X": 0.16648584604263306,
            "Y": 0.32755768299102783
          },
          {
            "X": 0.12210201472043991,
            "Y": 0.32959088683128357
          }
        ]
      },
      "Id": "e4fbfd48-b7bd-4a27-9905-b8b539a027a1",
      "Page": 1
    },
    {
      "BlockType": "WORD",
      "Confidence": 90.23048400878906,
      "Text": "RAPIDAMENTE",
      "TextType": "PRINTED",
      "Geometry": {
        "BoundingBox": {
          "Width": 0.06559164077043533,
          "Height": 0.0077392952516674995,
          "Left": 0.17331771552562714,
          "Top": 0.31865376234054565
        },
        "Polygon": [
          {
            "X": 0.17367984354496002,
            "Y": 0.3217010200023651
          },
          {
            "X": 0.23890936374664307,
            "Y": 0.31865376234054565
          },
          {
            "X": 0.23856641352176666,
            "Y": 0.32339489459991455
          },
          {
            "X": 0.17331771552562714,
            "Y": 0.3263930678367615
          }
        ]
      },
      "Id": "65e7b6b0-fb81-415d-a579-8556c90ea659",
      "Page": 1
    },
    {
      "BlockType": "WORD",
      "Confidence": 99.18903350830078,
      "Text": "RECURSOS",
      "TextType": "PRINTED",
      "Geometry": {
        "BoundingBox": {
          "Width": 0.04904717206954956,
          "Height": 0.007005013059824705,
          "Left": 0.24520640075206757,
          "Top": 0.3150983452796936
        },
        "Polygon": [
          {
            "X": 0.2455456554889679,
            "Y": 0.3173813819885254
          },
          {
            "X": 0.2942535877227783,
            "Y": 0.3150983452796936
          },
          {
            "X": 0.29392892122268677,
            "Y": 0.31985679268836975
          },
          {
            "X": 0.24520640075206757,
            "Y": 0.322103351354599
          }
        ]
      },
      "Id": "c11e2a43-f874-4ac0-9365-c2c884572a24",
      "Page": 1
    },
    {
      "BlockType": "WORD",
      "Confidence": 87.90766143798828,
      "Text": "DE",
      "TextType": "PRINTED",
      "Geometry": {
        "BoundingBox": {
          "Width": 0.010602211579680443,
          "Height": 0.005275357980281115,
          "Left": 0.302028626203537,
          "Top": 0.3140937387943268
        },
        "Polygon": [
          {
            "X": 0.30235275626182556,
            "Y": 0.314575731754303
          },
          {
            "X": 0.312630832195282,
            "Y": 0.3140937387943268
          },
          {
            "X": 0.3123098313808441,
            "Y": 0.3188948631286621
          },
          {
            "X": 0.302028626203537,
            "Y": 0.3193691074848175
          }
        ]
      },
      "Id": "d33a606c-21d5-4966-a6c3-f7bc27b4e86e",
      "Page": 1
    },
    {
      "BlockType": "WORD",
      "Confidence": 85.98265075683594,
      "Text": "BI",
      "TextType": "PRINTED",
      "Geometry": {
        "BoundingBox": {
          "Width": 0.010886606760323048,
          "Height": 0.005370694678276777,
          "Left": 0.32112306356430054,
          "Top": 0.3130500018596649
        },
        "Polygon": [
          {
            "X": 0.3214458227157593,
            "Y": 0.3135456144809723
          },
          {
            "X": 0.3320096731185913,
            "Y": 0.3130500018596649
          },
          {
            "X": 0.3316902220249176,
            "Y": 0.3179331421852112
          },
          {
            "X": 0.32112306356430054,
            "Y": 0.3184207081794739
          }
        ]
      },
      "Id": "54486f8e-a5af-4d23-a9f1-8af0ce973e2e",
      "Page": 1
    },
    {
      "BlockType": "WORD",
      "Confidence": 99.17914581298828,
      "Text": "GENERATIVO",
      "TextType": "PRINTED",
      "Geometry": {
        "BoundingBox": {
          "Width": 0.06479354202747345,
          "Height": 0.008375267498195171,
          "Left": 0.3392704725265503,
          "Top": 0.30895131826400757
        },
        "Polygon": [
          {
            "X": 0.3396170735359192,
            "Y": 0.31198224425315857
          },
          {
            "X": 0.40406399965286255,
            "Y": 0.30895131826400757
          },
          {
            "X": 0.4037397801876068,
            "Y": 0.3143494129180908
          },
          {
            "X": 0.3392704725265503,
            "Y": 0.3173265755176544
          }
        ]
      },
      "Id": "bfa221af-72e2-4546-91ba-62cb21d64a3c",
      "Page": 1
    },
    {
      "BlockType": "WORD",
      "Confidence": 98.16883850097656,
      "Text": "A",
      "TextType": "PRINTED",
      "Geometry": {
        "BoundingBox": {
          "Width": 0.005560450721532106,
          "Height": 0.005007460713386536,
          "Left": 0.41160041093826294,
          "Top": 0.3083846867084503
        },
        "Polygon": [
          {
            "X": 0.41188350319862366,
            "Y": 0.30863285064697266
          },
          {
            "X": 0.41716086864471436,
            "Y": 0.3083846867084503
          },
          {
            "X": 0.41687941551208496,
            "Y": 0.3131478726863861
          },
          {
            "X": 0.41160041093826294,
            "Y": 0.31339216232299805
          }
        ]
      },
      "Id": "2285232d-9e1c-4e6d-a7f8-0e85408ac5f5",
      "Page": 1
    },
    {
      "BlockType": "WORD",
      "Confidence": 94.28972625732422,
      "Text": "APLICATIVOS",
      "TextType": "PRINTED",
      "Geometry": {
        "BoundingBox": {
          "Width": 0.07308919727802277,
          "Height": 0.008656932041049004,
          "Left": 0.42521175742149353,
          "Top": 0.3039412498474121
        },
        "Polygon": [
          {
            "X": 0.42551741003990173,
            "Y": 0.3073708117008209
          },
          {
            "X": 0.4983009696006775,
            "Y": 0.3039412498474121
          },
          {
            "X": 0.4980205297470093,
            "Y": 0.30922719836235046
          },
          {
            "X": 0.42521175742149353,
            "Y": 0.31259816884994507
          }
        ]
      },
      "Id": "72fb1b12-8624-4145-affe-b0f86321952e",
      "Page": 1
    },
    {
      "BlockType": "WORD",
      "Confidence": 85.29340362548828,
      "Text": "DA",
      "TextType": "PRINTED",
      "Geometry": {
        "BoundingBox": {
          "Width": 0.012443474493920803,
          "Height": 0.005791253875941038,
          "Left": 0.5069942474365234,
          "Top": 0.30234453082084656
        },
        "Polygon": [
          {
            "X": 0.5072675347328186,
            "Y": 0.3029191493988037
          },
          {
            "X": 0.5194377303123474,
            "Y": 0.30234453082084656
          },
          {
            "X": 0.5191686749458313,
            "Y": 0.30757084488868713
          },
          {
            "X": 0.5069942474365234,
            "Y": 0.3081358075141907
          }
        ]
      },
      "Id": "873fedaa-dcc8-47fb-adb8-9f0c085007ce",
      "Page": 1
    },
    {
      "BlockType": "WORD",
      "Confidence": 91.9388656616211,
      "Text": "WEB",
      "TextType": "PRINTED",
      "Geometry": {
        "BoundingBox": {
          "Width": 0.01984110102057457,
          "Height": 0.005717863794416189,
          "Left": 0.527317225933075,
          "Top": 0.30119264125823975
        },
        "Polygon": [
          {
            "X": 0.5275610685348511,
            "Y": 0.30211740732192993
          },
          {
            "X": 0.5471583604812622,
            "Y": 0.30119264125823975
          },
          {
            "X": 0.5469207763671875,
            "Y": 0.3059999644756317
          },
          {
            "X": 0.527317225933075,
            "Y": 0.30691051483154297
          }
        ]
      },
      "Id": "5319b8e3-6773-48c7-8aee-63500952c6e6",
      "Page": 1
    },
    {
      "BlockType": "WORD",
      "Confidence": 66.56812286376953,
      "Text": "Anthology",
      "TextType": "PRINTED",
      "Geometry": {
        "BoundingBox": {
          "Width": 0.02445489540696144,
          "Height": 0.005588610656559467,
          "Left": 0.2998295724391937,
          "Top": 0.330285906791687
        },
        "Polygon": [
          {
            "X": 0.30013564229011536,
            "Y": 0.33135369420051575
          },
          {
            "X": 0.32428446412086487,
            "Y": 0.330285906791687
          },
          {
            "X": 0.32398536801338196,
            "Y": 0.33482393622398376
          },
          {
            "X": 0.2998295724391937,
            "Y": 0.3358745276927948
          }
        ]
      },
      "Id": "661a2723-4945-42e8-b466-075a49819f4f",
      "Page": 1
    },
    {
      "BlockType": "WORD",
      "Confidence": 50.15848159790039,
      "Text": "Eluminate",
      "TextType": "PRINTED",
      "Geometry": {
        "BoundingBox": {
          "Width": 0.023498501628637314,
          "Height": 0.004551777150481939,
          "Left": 0.3258061707019806,
          "Top": 0.3294181525707245
        },
        "Polygon": [
          {
            "X": 0.3260379731655121,
            "Y": 0.3304460346698761
          },
          {
            "X": 0.3493046760559082,
            "Y": 0.3294181525707245
          },
          {
            "X": 0.34907814860343933,
            "Y": 0.33295488357543945
          },
          {
            "X": 0.3258061707019806,
            "Y": 0.33396992087364197
          }
        ]
      },
      "Id": "4612c89f-cd4c-4437-b227-bb27d7a02616",
      "Page": 1
    },
    {
      "BlockType": "WORD",
      "Confidence": 99.34121704101562,
      "Text": "Trabalha",
      "TextType": "PRINTED",
      "Geometry": {
        "BoundingBox": {
          "Width": 0.047591276466846466,
          "Height": 0.009353512898087502,
          "Left": 0.11433114856481552,
          "Top": 0.34204599261283875
        },
        "Polygon": [
          {
            "X": 0.11492642015218735,
            "Y": 0.3440886437892914
          },
          {
            "X": 0.161922425031662,
            "Y": 0.34204599261283875
          },
          {
            "X": 0.16134829819202423,
            "Y": 0.3494126498699188
          },
          {
            "X": 0.11433114856481552,
            "Y": 0.3513995110988617
          }
        ]
      },
      "Id": "fc72e9e0-dab5-435c-be16-71f977d137d5",
      "Page": 1
    },
    {
      "BlockType": "WORD",
      "Confidence": 99.66414642333984,
      "Text": "com",
      "TextType": "PRINTED",
      "Geometry": {
        "BoundingBox": {
          "Width": 0.023099344223737717,
          "Height": 0.006724669598042965,
          "Left": 0.16486471891403198,
          "Top": 0.3421042561531067
        },
        "Polygon": [
          {
            "X": 0.16531094908714294,
            "Y": 0.3430844247341156
          },
          {
            "X": 0.18796406686306,
            "Y": 0.3421042561531067
          },
          {
            "X": 0.1875259131193161,
            "Y": 0.3478696644306183
          },
          {
            "X": 0.16486471891403198,
            "Y": 0.34882891178131104
          }
        ]
      },
      "Id": "9ce7589e-7b77-4230-8c55-958f0de629b7",
      "Page": 1
    },
    {
      "BlockType": "WORD",
      "Confidence": 98.39881896972656,
      "Text": "qualquer",
      "TextType": "PRINTED",
      "Geometry": {
        "BoundingBox": {
          "Width": 0.05035531148314476,
          "Height": 0.010732287541031837,
          "Left": 0.19123704731464386,
          "Top": 0.3379057049751282
        },
        "Polygon": [
          {
            "X": 0.19188567996025085,
            "Y": 0.3400716185569763
          },
          {
            "X": 0.24159236252307892,
            "Y": 0.3379057049751282
          },
          {
            "X": 0.2409704178571701,
            "Y": 0.34654033184051514
          },
          {
            "X": 0.19123704731464386,
            "Y": 0.34863799810409546
          }
        ]
      },
      "Id": "55de8715-a334-419a-8f4d-ae5d9dc06368",
      "Page": 1
    },
    {
      "BlockType": "WORD",
      "Confidence": 90.32725524902344,
      "Text": "Data O&A",
      "TextType": "PRINTED",
      "Geometry": {
        "BoundingBox": {
          "Width": 0.028862299397587776,
          "Height": 0.005685398355126381,
          "Left": 0.31175071001052856,
          "Top": 0.3413729965686798
        },
        "Polygon": [
          {
            "X": 0.31204953789711,
            "Y": 0.3425821363925934
          },
          {
            "X": 0.3406130075454712,
            "Y": 0.3413729965686798
          },
          {
            "X": 0.3403223752975464,
            "Y": 0.3458693325519562
          },
          {
            "X": 0.31175071001052856,
            "Y": 0.34705838561058044
          }
        ]
      },
      "Id": "7b7c757f-695b-46c7-be48-14872ac0c3a3",
      "Page": 1
    },
    {
      "BlockType": "WORD",
      "Confidence": 99.73881530761719,
      "Text": "dado",
      "TextType": "PRINTED",
      "Geometry": {
        "BoundingBox": {
          "Width": 0.026509981602430344,
          "Height": 0.00818678829818964,
          "Left": 0.11297978460788727,
          "Top": 0.3532346189022064
        },
        "Polygon": [
          {
            "X": 0.11355844140052795,
            "Y": 0.3543180227279663
          },
          {
            "X": 0.1394897699356079,
            "Y": 0.3532346189022064
          },
          {
            "X": 0.13892237842082977,
            "Y": 0.36036795377731323
          },
          {
            "X": 0.11297978460788727,
            "Y": 0.3614214062690735
          }
        ]
      },
      "Id": "95f9485a-3603-42f9-9478-130169e921a1",
      "Page": 1
    },
    {
      "BlockType": "WORD",
      "Confidence": 94.78913879394531,
      "Text": "ience",
      "TextType": "PRINTED",
      "Geometry": {
        "BoundingBox": {
          "Width": 0.04572533443570137,
          "Height": 0.01410234160721302,
          "Left": 0,
          "Top": 0.3661007285118103
        },
        "Polygon": [
          {
            "X": 0,
            "Y": 0.36797764897346497
          },
          {
            "X": 0.04572533443570137,
            "Y": 0.3661007285118103
          },
          {
            "X": 0.04466051235795021,
            "Y": 0.3784206509590149
          },
          {
            "X": 0,
            "Y": 0.3802030682563782
          }
        ]
      },
      "Id": "dad024e4-7de8-42c6-9b7a-eaece9e3dd7b",
      "Page": 1
    },
    {
      "BlockType": "WORD",
      "Confidence": 99.8481674194336,
      "Text": "Refine",
      "TextType": "PRINTED",
      "Geometry": {
        "BoundingBox": {
          "Width": 0.029629593715071678,
          "Height": 0.007879347540438175,
          "Left": 0.11024869233369827,
          "Top": 0.3726767897605896
        },
        "Polygon": [
          {
            "X": 0.11079978197813034,
            "Y": 0.3737984001636505
          },
          {
            "X": 0.1398782879114151,
            "Y": 0.3726767897605896
          },
          {
            "X": 0.13933920860290527,
            "Y": 0.37946653366088867
          },
          {
            "X": 0.11024869233369827,
            "Y": 0.3805561363697052
          }
        ]
      },
      "Id": "e6288a7c-49ac-45e0-92b4-f741d2311b02",
      "Page": 1
    },
    {
      "BlockType": "WORD",
      "Confidence": 99.4758529663086,
      "Text": "a",
      "TextType": "PRINTED",
      "Geometry": {
        "BoundingBox": {
          "Width": 0.005612196400761604,
          "Height": 0.005397521425038576,
          "Left": 0.14238806068897247,
          "Top": 0.3737582862377167
        },
        "Polygon": [
          {
            "X": 0.14279960095882416,
            "Y": 0.37395769357681274
          },
          {
            "X": 0.14800025522708893,
            "Y": 0.3737582862377167
          },
          {
            "X": 0.14759036898612976,
            "Y": 0.3789607882499695
          },
          {
            "X": 0.14238806068897247,
            "Y": 0.37915581464767456
          }
        ]
      },
      "Id": "fc0c9d0a-8b22-4e13-9bd1-d477034bc381",
      "Page": 1
    },
    {
      "BlockType": "WORD",
      "Confidence": 96.33760070800781,
      "Text": "compreensão",
      "TextType": "PRINTED",
      "Geometry": {
        "BoundingBox": {
          "Width": 0.06473057717084885,
          "Height": 0.010191990062594414,
          "Left": 0.150253027677536,
          "Top": 0.36922547221183777
        },
        "Polygon": [
          {
            "X": 0.15085914731025696,
            "Y": 0.37170466780662537
          },
          {
            "X": 0.21498361229896545,
            "Y": 0.36922547221183777
          },
          {
            "X": 0.21440820395946503,
            "Y": 0.3770182728767395
          },
          {
            "X": 0.150253027677536,
            "Y": 0.37941744923591614
          }
        ]
      },
      "Id": "734c2add-3239-4629-a779-055275f4a982",
      "Page": 1
    },
    {
      "BlockType": "WORD",
      "Confidence": 99.65312957763672,
      "Text": "da",
      "TextType": "PRINTED",
      "Geometry": {
        "BoundingBox": {
          "Width": 0.011797577142715454,
          "Height": 0.00691519258543849,
          "Left": 0.21839392185211182,
          "Top": 0.3684999644756317
        },
        "Polygon": [
          {
            "X": 0.2188703417778015,
            "Y": 0.3689379096031189
          },
          {
            "X": 0.23019149899482727,
            "Y": 0.3684999644756317
          },
          {
            "X": 0.22971968352794647,
            "Y": 0.37498894333839417
          },
          {
            "X": 0.21839392185211182,
            "Y": 0.3754151463508606
          }
        ]
      },
      "Id": "f157586a-8d16-4720-ae08-d01913b04a64",
      "Page": 1
    },
    {
      "BlockType": "WORD",
      "Confidence": 97.50301361083984,
      "Text": "linguagem",
      "TextType": "PRINTED",
      "Geometry": {
        "BoundingBox": {
          "Width": 0.04974547028541565,
          "Height": 0.009737042710185051,
          "Left": 0.10890103876590729,
          "Top": 0.38095059990882874
        },
        "Polygon": [
          {
            "X": 0.10954686999320984,
            "Y": 0.3827718496322632
          },
          {
            "X": 0.15864650905132294,
            "Y": 0.38095059990882874
          },
          {
            "X": 0.15802448987960815,
            "Y": 0.3889297544956207
          },
          {
            "X": 0.10890103876590729,
            "Y": 0.39068764448165894
          }
        ]
      },
      "Id": "8fed8403-07a7-466a-9fe7-8bc68b120997",
      "Page": 1
    },
    {
      "BlockType": "WORD",
      "Confidence": 99.73331451416016,
      "Text": "para",
      "TextType": "PRINTED",
      "Geometry": {
        "BoundingBox": {
          "Width": 0.021462062373757362,
          "Height": 0.007468619849532843,
          "Left": 0.16141439974308014,
          "Top": 0.3809336721897125
        },
        "Polygon": [
          {
            "X": 0.16193462908267975,
            "Y": 0.38170742988586426
          },
          {
            "X": 0.18287645280361176,
            "Y": 0.3809336721897125
          },
          {
            "X": 0.18236488103866577,
            "Y": 0.3876511752605438
          },
          {
            "X": 0.16141439974308014,
            "Y": 0.3884022831916809
          }
        ]
      },
      "Id": "96e7f47e-62d4-451f-ba9b-bd81b6ec4646",
      "Page": 1
    },
    {
      "BlockType": "WORD",
      "Confidence": 99.51409149169922,
      "Text": "otimizar",
      "TextType": "PRINTED",
      "Geometry": {
        "BoundingBox": {
          "Width": 0.04021603241562843,
          "Height": 0.008227843791246414,
          "Left": 0.18603003025054932,
          "Top": 0.3780153691768646
        },
        "Polygon": [
          {
            "X": 0.18654249608516693,
            "Y": 0.37949085235595703
          },
          {
            "X": 0.22624607384204865,
            "Y": 0.3780153691768646
          },
          {
            "X": 0.22575031220912933,
            "Y": 0.3848108649253845
          },
          {
            "X": 0.18603003025054932,
            "Y": 0.38624319434165955
          }
        ]
      },
      "Id": "f08b6668-0a34-4781-ac11-1d9b764b22f0",
      "Page": 1
    },
    {
      "BlockType": "WORD",
      "Confidence": 99.2509994506836,
      "Text": "casos",
      "TextType": "PRINTED",
      "Geometry": {
        "BoundingBox": {
          "Width": 0.026998288929462433,
          "Height": 0.006462656427174807,
          "Left": 0.22884458303451538,
          "Top": 0.3778766095638275
        },
        "Polygon": [
          {
            "X": 0.22924301028251648,
            "Y": 0.3788610100746155
          },
          {
            "X": 0.2558428645133972,
            "Y": 0.3778766095638275
          },
          {
            "X": 0.25545358657836914,
            "Y": 0.38337817788124084
          },
          {
            "X": 0.22884458303451538,
            "Y": 0.38433927297592163
          }
        ]
      },
      "Id": "c2a07699-a2b9-45c0-a0a7-e2279cfa0d14",
      "Page": 1
    },
    {
      "BlockType": "WORD",
      "Confidence": 99.8338851928711,
      "Text": "de",
      "TextType": "PRINTED",
      "Geometry": {
        "BoundingBox": {
          "Width": 0.011142128147184849,
          "Height": 0.006700330413877964,
          "Left": 0.10750643163919449,
          "Top": 0.3918048143386841
        },
        "Polygon": [
          {
            "X": 0.10802264511585236,
            "Y": 0.39218246936798096
          },
          {
            "X": 0.11864856630563736,
            "Y": 0.3918048143386841
          },
          {
            "X": 0.1181364357471466,
            "Y": 0.3981384336948395
          },
          {
            "X": 0.10750643163919449,
            "Y": 0.39850515127182007
          }
        ]
      },
      "Id": "34ef5e2a-6980-47fa-8581-268e49d37f1e",
      "Page": 1
    },
    {
      "BlockType": "WORD",
      "Confidence": 86.01459503173828,
      "Text": "uso",
      "TextType": "PRINTED",
      "Geometry": {
        "BoundingBox": {
          "Width": 0.016304466873407364,
          "Height": 0.005782351363450289,
          "Left": 0.12160948663949966,
          "Top": 0.39202290773391724
        },
        "Polygon": [
          {
            "X": 0.12203025072813034,
            "Y": 0.3925850987434387
          },
          {
            "X": 0.13791395723819733,
            "Y": 0.39202290773391724
          },
          {
            "X": 0.13749825954437256,
            "Y": 0.3972565829753876
          },
          {
            "X": 0.12160948663949966,
            "Y": 0.39780524373054504
          }
        ]
      },
      "Id": "253db5ca-f672-4fa9-a5ac-1775ccb0dd6f",
      "Page": 1
    },
    {
      "BlockType": "WORD",
      "Confidence": 96.13320922851562,
      "Text": "específicos",
      "TextType": "PRINTED",
      "Geometry": {
        "BoundingBox": {
          "Width": 0.05310511961579323,
          "Height": 0.009701904840767384,
          "Left": 0.14048396050930023,
          "Top": 0.38845476508140564
        },
        "Polygon": [
          {
            "X": 0.14110416173934937,
            "Y": 0.3903261125087738
          },
          {
            "X": 0.19358907639980316,
            "Y": 0.38845476508140564
          },
          {
            "X": 0.19299426674842834,
            "Y": 0.39635202288627625
          },
          {
            "X": 0.14048396050930023,
            "Y": 0.39815667271614075
          }
        ]
      },
      "Id": "722e0068-9a3e-40fc-83ac-0a66e70c9dff",
      "Page": 1
    },
    {
      "BlockType": "WORD",
      "Confidence": 99.27040100097656,
      "Text": "e",
      "TextType": "PRINTED",
      "Geometry": {
        "BoundingBox": {
          "Width": 0.005553513765335083,
          "Height": 0.0053628659807145596,
          "Left": 0.19571347534656525,
          "Top": 0.38963931798934937
        },
        "Polygon": [
          {
            "X": 0.19610261917114258,
            "Y": 0.38982221484184265
          },
          {
            "X": 0.20126698911190033,
            "Y": 0.38963931798934937
          },
          {
            "X": 0.20087948441505432,
            "Y": 0.3948235809803009
          },
          {
            "X": 0.19571347534656525,
            "Y": 0.39500218629837036
          }
        ]
      },
      "Id": "cdd75b55-067c-40c6-9a5a-12e79352b749",
      "Page": 1
    },
    {
      "BlockType": "WORD",
      "Confidence": 98.99047088623047,
      "Text": "contextos",
      "TextType": "PRINTED",
      "Geometry": {
        "BoundingBox": {
          "Width": 0.0487571656703949,
          "Height": 0.007861745543777943,
          "Left": 0.203803151845932,
          "Top": 0.3867120146751404
        },
        "Polygon": [
          {
            "X": 0.2042609304189682,
            "Y": 0.3884313106536865
          },
          {
            "X": 0.2525603175163269,
            "Y": 0.3867120146751404
          },
          {
            "X": 0.25212109088897705,
            "Y": 0.39290210604667664
          },
          {
            "X": 0.203803151845932,
            "Y": 0.39457377791404724
          }
        ]
      },
      "Id": "9837cf1b-181d-47b3-afa2-b760abb9d881",
      "Page": 1
    },
    {
      "BlockType": "WORD",
      "Confidence": 98.84315490722656,
      "Text": "aw",
      "TextType": "PRINTED",
      "Geometry": {
        "BoundingBox": {
          "Width": 0.12939341366291046,
          "Height": 0.052535589784383774,
          "Left": 0.8706066012382507,
          "Top": 0.3273032009601593
        },
        "Polygon": [
          {
            "X": 0.8717942237854004,
            "Y": 0.3325568735599518
          },
          {
            "X": 1,
            "Y": 0.3273032009601593
          },
          {
            "X": 1,
            "Y": 0.3754758834838867
          },
          {
            "X": 0.8706066012382507,
            "Y": 0.3798387944698334
          }
        ]
      },
      "Id": "c4de9c1e-d6f9-40fe-977d-cec6b1f219ee",
      "Page": 1
    },
    {
      "BlockType": "WORD",
      "Confidence": 65.62093353271484,
      "Text": "379.208.837",
      "TextType": "PRINTED",
      "Geometry": {
        "BoundingBox": {
          "Width": 0.036874718964099884,
          "Height": 0.00549741368740797,
          "Left": 0.5291787981987,
          "Top": 0.38302886486053467
        },
        "Polygon": [
          {
            "X": 0.5293923616409302,
            "Y": 0.3842916488647461
          },
          {
            "X": 0.5660535097122192,
            "Y": 0.38302886486053467
          },
          {
            "X": 0.5658503770828247,
            "Y": 0.3872871398925781
          },
          {
            "X": 0.5291787981987,
            "Y": 0.3885262608528137
          }
        ]
      },
      "Id": "3b55b872-9e36-4daf-b07d-986c5bbb7e04",
      "Page": 1
    },
    {
      "BlockType": "WORD",
      "Confidence": 67.92562866210938,
      "Text": "31,172",
      "TextType": "PRINTED",
      "Geometry": {
        "BoundingBox": {
          "Width": 0.021672362461686134,
          "Height": 0.0054028574377298355,
          "Left": 0.6080914735794067,
          "Top": 0.3803004026412964
        },
        "Polygon": [
          {
            "X": 0.6082993149757385,
            "Y": 0.3810414969921112
          },
          {
            "X": 0.6297638416290283,
            "Y": 0.3803004026412964
          },
          {
            "X": 0.6295627355575562,
            "Y": 0.384977251291275
          },
          {
            "X": 0.6080914735794067,
            "Y": 0.38570326566696167
          }
        ]
      },
      "Id": "cfa4ac65-8ed0-410a-9a70-d36c9bb59f51",
      "Page": 1
    },
    {
      "BlockType": "WORD",
      "Confidence": 99.86079406738281,
      "Text": "de",
      "TextType": "PRINTED",
      "Geometry": {
        "BoundingBox": {
          "Width": 0.011149921454489231,
          "Height": 0.006858722772449255,
          "Left": 0.10641925036907196,
          "Top": 0.4004153311252594
        },
        "Polygon": [
          {
            "X": 0.1069498136639595,
            "Y": 0.4007776975631714
          },
          {
            "X": 0.11756917089223862,
            "Y": 0.4004153311252594
          },
          {
            "X": 0.11704279482364655,
            "Y": 0.40692293643951416
          },
          {
            "X": 0.10641925036907196,
            "Y": 0.4072740375995636
          }
        ]
      },
      "Id": "62d82d01-7ed8-46df-9b88-f7b83ad20186",
      "Page": 1
    },
    {
      "BlockType": "WORD",
      "Confidence": 97.63626098632812,
      "Text": "dados,",
      "TextType": "PRINTED",
      "Geometry": {
        "BoundingBox": {
          "Width": 0.03052647039294243,
          "Height": 0.008646151050925255,
          "Left": 0.12056970596313477,
          "Top": 0.3990817964076996
        },
        "Polygon": [
          {
            "X": 0.12118439376354218,
            "Y": 0.40010344982147217
          },
          {
            "X": 0.1510961800813675,
            "Y": 0.3990817964076996
          },
          {
            "X": 0.15049542486667633,
            "Y": 0.40674346685409546
          },
          {
            "X": 0.12056970596313477,
            "Y": 0.4077279567718506
          }
        ]
      },
      "Id": "cdb80e7a-253b-4bdd-9cc0-cf529d9e229a",
      "Page": 1
    },
    {
      "BlockType": "WORD",
      "Confidence": 97.36445617675781,
      "Text": "forneça",
      "TextType": "PRINTED",
      "Geometry": {
        "BoundingBox": {
          "Width": 0.03630727529525757,
          "Height": 0.008696290664374828,
          "Left": 0.15433403849601746,
          "Top": 0.3978250026702881
        },
        "Polygon": [
          {
            "X": 0.15491817891597748,
            "Y": 0.39904457330703735
          },
          {
            "X": 0.19064131379127502,
            "Y": 0.3978250026702881
          },
          {
            "X": 0.1900736689567566,
            "Y": 0.40534496307373047
          },
          {
            "X": 0.15433403849601746,
            "Y": 0.4065212905406952
          }
        ]
      },
      "Id": "d56100b0-afb0-4982-acd1-9d14b2b7e034",
      "Page": 1
    },
    {
      "BlockType": "WORD",
      "Confidence": 97.6547622680664,
      "Text": "perguntas",
      "TextType": "PRINTED",
      "Geometry": {
        "BoundingBox": {
          "Width": 0.049604494124650955,
          "Height": 0.009398827329277992,
          "Left": 0.19404204189777374,
          "Top": 0.3961153030395508
        },
        "Polygon": [
          {
            "X": 0.1946229636669159,
            "Y": 0.3977881669998169
          },
          {
            "X": 0.2436465322971344,
            "Y": 0.3961153030395508
          },
          {
            "X": 0.24308925867080688,
            "Y": 0.40390223264694214
          },
          {
            "X": 0.19404204189777374,
            "Y": 0.405514121055603
          }
        ]
      },
      "Id": "3ecad624-b2c9-45d9-9c43-b2d2ca0fb695",
      "Page": 1
    },
    {
      "BlockType": "WORD",
      "Confidence": 98.7129898071289,
      "Text": "sugeridas",
      "TextType": "PRINTED",
      "Geometry": {
        "BoundingBox": {
          "Width": 0.04489598795771599,
          "Height": 0.009388984180986881,
          "Left": 0.10478642582893372,
          "Top": 0.40834593772888184
        },
        "Polygon": [
          {
            "X": 0.10543575137853622,
            "Y": 0.4097900688648224
          },
          {
            "X": 0.14968241751194,
            "Y": 0.40834593772888184
          },
          {
            "X": 0.14905454218387604,
            "Y": 0.41634824872016907
          },
          {
            "X": 0.10478642582893372,
            "Y": 0.41773492097854614
          }
        ]
      },
      "Id": "58af8355-cfad-4ddc-b9f1-61586f487d15",
      "Page": 1
    },
    {
      "BlockType": "WORD",
      "Confidence": 99.61334991455078,
      "Text": "para",
      "TextType": "PRINTED",
      "Geometry": {
        "BoundingBox": {
          "Width": 0.02127513661980629,
          "Height": 0.007257779128849506,
          "Left": 0.15242210030555725,
          "Top": 0.4088127017021179
        },
        "Polygon": [
          {
            "X": 0.15293708443641663,
            "Y": 0.40948599576950073
          },
          {
            "X": 0.17369723320007324,
            "Y": 0.4088127017021179
          },
          {
            "X": 0.173190638422966,
            "Y": 0.415419340133667
          },
          {
            "X": 0.15242210030555725,
            "Y": 0.41607046127319336
          }
        ]
      },
      "Id": "d02cde7a-0362-413c-a630-45e1498f46c6",
      "Page": 1
    },
    {
      "BlockType": "WORD",
      "Confidence": 97.56809997558594,
      "Text": "ajudar",
      "TextType": "PRINTED",
      "Geometry": {
        "BoundingBox": {
          "Width": 0.0309302881360054,
          "Height": 0.00872175395488739,
          "Left": 0.17675037682056427,
          "Top": 0.40626445412635803
        },
        "Polygon": [
          {
            "X": 0.17734113335609436,
            "Y": 0.407255619764328
          },
          {
            "X": 0.20768067240715027,
            "Y": 0.40626445412635803
          },
          {
            "X": 0.20710442960262299,
            "Y": 0.4140329360961914
          },
          {
            "X": 0.17675037682056427,
            "Y": 0.4149862229824066
          }
        ]
      },
      "Id": "b76c3823-3811-4e19-9d1d-475f0a78ebce",
      "Page": 1
    },
    {
      "BlockType": "WORD",
      "Confidence": 96.5230712890625,
      "Text": "os",
      "TextType": "PRINTED",
      "Geometry": {
        "BoundingBox": {
          "Width": 0.011199118569493294,
          "Height": 0.005747129209339619,
          "Left": 0.21043869853019714,
          "Top": 0.40698888897895813
        },
        "Polygon": [
          {
            "X": 0.2108376920223236,
            "Y": 0.4073396623134613
          },
          {
            "X": 0.2216378152370453,
            "Y": 0.40698888897895813
          },
          {
            "X": 0.22124244272708893,
            "Y": 0.412394642829895
          },
          {
            "X": 0.21043869853019714,
            "Y": 0.41273602843284607
          }
        ]
      },
      "Id": "f830f4e2-7492-4ecb-82e3-9a460c0ff93b",
      "Page": 1
    },
    {
      "BlockType": "WORD",
      "Confidence": 95.08384704589844,
      "Text": "usuários",
      "TextType": "PRINTED",
      "Geometry": {
        "BoundingBox": {
          "Width": 0.03934823349118233,
          "Height": 0.007469439413398504,
          "Left": 0.1037333756685257,
          "Top": 0.4178977608680725
        },
        "Polygon": [
          {
            "X": 0.10424533486366272,
            "Y": 0.41910552978515625
          },
          {
            "X": 0.14308160543441772,
            "Y": 0.4178977608680725
          },
          {
            "X": 0.14258445799350739,
            "Y": 0.4241991639137268
          },
          {
            "X": 0.1037333756685257,
            "Y": 0.42536717653274536
          }
        ]
      },
      "Id": "00a83dee-6d8e-4f26-b8dd-f68364fcb77f",
      "Page": 1
    },
    {
      "BlockType": "WORD",
      "Confidence": 99.30835723876953,
      "Text": "a",
      "TextType": "PRINTED",
      "Geometry": {
        "BoundingBox": {
          "Width": 0.005632978398352861,
          "Height": 0.005522772204130888,
          "Left": 0.1453230082988739,
          "Top": 0.41878920793533325
        },
        "Polygon": [
          {
            "X": 0.1457449346780777,
            "Y": 0.41895031929016113
          },
          {
            "X": 0.15095598995685577,
            "Y": 0.41878920793533325
          },
          {
            "X": 0.15053577721118927,
            "Y": 0.42415544390678406
          },
          {
            "X": 0.1453230082988739,
            "Y": 0.4243119955062866
          }
        ]
      },
      "Id": "863f96ec-a60d-4963-9012-402f8cf3e73a",
      "Page": 1
    },
    {
      "BlockType": "WORD",
      "Confidence": 94.31379699707031,
      "Text": "começar",
      "TextType": "PRINTED",
      "Geometry": {
        "BoundingBox": {
          "Width": 0.04118570312857628,
          "Height": 0.00842718593776226,
          "Left": 0.1536797434091568,
          "Top": 0.4171130061149597
        },
        "Polygon": [
          {
            "X": 0.15423940122127533,
            "Y": 0.4183709919452667
          },
          {
            "X": 0.19486543536186218,
            "Y": 0.4171130061149597
          },
          {
            "X": 0.19432373344898224,
            "Y": 0.4243294894695282
          },
          {
            "X": 0.1536797434091568,
            "Y": 0.4255402088165283
          }
        ]
      },
      "Id": "62231fff-6124-4de7-bc76-41efcb780a72",
      "Page": 1
    },
    {
      "BlockType": "WORD",
      "Confidence": 94.3425064086914,
      "Text": "Experiência",
      "TextType": "PRINTED",
      "Geometry": {
        "BoundingBox": {
          "Width": 0.06332117319107056,
          "Height": 0.010365827940404415,
          "Left": 0.09957203269004822,
          "Top": 0.4460562765598297
        },
        "Polygon": [
          {
            "X": 0.1002855971455574,
            "Y": 0.4477074444293976
          },
          {
            "X": 0.16289320588111877,
            "Y": 0.4460562765598297
          },
          {
            "X": 0.16221293807029724,
            "Y": 0.45486047863960266
          },
          {
            "X": 0.09957203269004822,
            "Y": 0.4564221203327179
          }
        ]
      },
      "Id": "4731fe50-dc0b-48ee-993e-437a35bea938",
      "Page": 1
    },
    {
      "BlockType": "WORD",
      "Confidence": 97.86634826660156,
      "Text": "perfeita",
      "TextType": "PRINTED",
      "Geometry": {
        "BoundingBox": {
          "Width": 0.0451657809317112,
          "Height": 0.010367856360971928,
          "Left": 0.16568872332572937,
          "Top": 0.44458603858947754
        },
        "Polygon": [
          {
            "X": 0.16639673709869385,
            "Y": 0.445760041475296
          },
          {
            "X": 0.21085450053215027,
            "Y": 0.44458603858947754
          },
          {
            "X": 0.21017172932624817,
            "Y": 0.4538462460041046
          },
          {
            "X": 0.16568872332572937,
            "Y": 0.4549539089202881
          }
        ]
      },
      "Id": "4927ec64-ff40-4fc4-83ad-0cf5fc1c669b",
      "Page": 1
    },
    {
      "BlockType": "WORD",
      "Confidence": 99.81340789794922,
      "Text": "Personalize",
      "TextType": "PRINTED",
      "Geometry": {
        "BoundingBox": {
          "Width": 0.054743506014347076,
          "Height": 0.007987810298800468,
          "Left": 0.09634020179510117,
          "Top": 0.46733444929122925
        },
        "Polygon": [
          {
            "X": 0.09689337760210037,
            "Y": 0.46857666969299316
          },
          {
            "X": 0.15108370780944824,
            "Y": 0.46733444929122925
          },
          {
            "X": 0.15055274963378906,
            "Y": 0.4741401672363281
          },
          {
            "X": 0.09634020179510117,
            "Y": 0.47532227635383606
          }
        ]
      },
      "Id": "eedf2641-f885-4a79-ba9d-1bfe24aaa638",
      "Page": 1
    },
    {
      "BlockType": "WORD",
      "Confidence": 79.040771484375,
      "Text": "o",
      "TextType": "PRINTED",
      "Geometry": {
        "BoundingBox": {
          "Width": 0.0061950101517140865,
          "Height": 0.005115003325045109,
          "Left": 0.15381738543510437,
          "Top": 0.4686073660850525
        },
        "Polygon": [
          {
            "X": 0.15420496463775635,
            "Y": 0.4687390923500061
          },
          {
            "X": 0.1600123941898346,
            "Y": 0.4686073660850525
          },
          {
            "X": 0.1596265733242035,
            "Y": 0.47359538078308105
          },
          {
            "X": 0.15381738543510437,
            "Y": 0.473722368478775
          }
        ]
      },
      "Id": "bf29051f-545f-4746-9745-ce02480ba1b6",
      "Page": 1
    },
    {
      "BlockType": "WORD",
      "Confidence": 95.44377899169922,
      "Text": "tamanho,",
      "TextType": "PRINTED",
      "Geometry": {
        "BoundingBox": {
          "Width": 0.04771077632904053,
          "Height": 0.00879940576851368,
          "Left": 0.16281943023204803,
          "Top": 0.4661877155303955
        },
        "Polygon": [
          {
            "X": 0.16341477632522583,
            "Y": 0.4672660827636719
          },
          {
            "X": 0.21053020656108856,
            "Y": 0.4661877155303955
          },
          {
            "X": 0.2099572718143463,
            "Y": 0.47396790981292725
          },
          {
            "X": 0.16281943023204803,
            "Y": 0.47498711943626404
          }
        ]
      },
      "Id": "cef121eb-b048-46ad-910b-4b4f860b183c",
      "Page": 1
    },
    {
      "BlockType": "WORD",
      "Confidence": 67.65838623046875,
      "Text": "o",
      "TextType": "PRINTED",
      "Geometry": {
        "BoundingBox": {
          "Width": 0.006209586746990681,
          "Height": 0.005404906813055277,
          "Left": 0.21382687985897064,
          "Top": 0.4674071669578552
        },
        "Polygon": [
          {
            "X": 0.21421369910240173,
            "Y": 0.46753907203674316
          },
          {
            "X": 0.22003646194934845,
            "Y": 0.4674071669578552
          },
          {
            "X": 0.21965153515338898,
            "Y": 0.4726850986480713
          },
          {
            "X": 0.21382687985897064,
            "Y": 0.47281205654144287
          }
        ]
      },
      "Id": "d2bc4084-2ebf-4a2b-a1b4-cdb9fbeb7ade",
      "Page": 1
    },
    {
      "BlockType": "WORD",
      "Confidence": 99.78453826904297,
      "Text": "tema",
      "TextType": "PRINTED",
      "Geometry": {
        "BoundingBox": {
          "Width": 0.02650255337357521,
          "Height": 0.007316989824175835,
          "Left": 0.22316128015518188,
          "Top": 0.46568673849105835
        },
        "Polygon": [
          {
            "X": 0.22364985942840576,
            "Y": 0.4662804901599884
          },
          {
            "X": 0.2496638298034668,
            "Y": 0.46568673849105835
          },
          {
            "X": 0.24918614327907562,
            "Y": 0.47243815660476685
          },
          {
            "X": 0.22316128015518188,
            "Y": 0.4730037450790405
          }
        ]
      },
      "Id": "edb73e42-6deb-45ab-a40b-70f8fb1f9bae",
      "Page": 1
    },
    {
      "BlockType": "WORD",
      "Confidence": 98.64276123046875,
      "Text": "e",
      "TextType": "PRINTED",
      "Geometry": {
        "BoundingBox": {
          "Width": 0.0058413054794073105,
          "Height": 0.005049914121627808,
          "Left": 0.0946846604347229,
          "Top": 0.4792276620864868
        },
        "Polygon": [
          {
            "X": 0.09508968889713287,
            "Y": 0.47934260964393616
          },
          {
            "X": 0.10052596777677536,
            "Y": 0.4792276620864868
          },
          {
            "X": 0.10012255609035492,
            "Y": 0.48416706919670105
          },
          {
            "X": 0.0946846604347229,
            "Y": 0.4842775762081146
          }
        ]
      },
      "Id": "43f89592-390e-4ead-babd-4d04209bc279",
      "Page": 1
    },
    {
      "BlockType": "WORD",
      "Confidence": 99.07081604003906,
      "Text": "a",
      "TextType": "PRINTED",
      "Geometry": {
        "BoundingBox": {
          "Width": 0.005615325178951025,
          "Height": 0.005194671452045441,
          "Left": 0.10306184738874435,
          "Top": 0.4790500998497009
        },
        "Polygon": [
          {
            "X": 0.10347602516412735,
            "Y": 0.4791600704193115
          },
          {
            "X": 0.10867717117071152,
            "Y": 0.4790500998497009
          },
          {
            "X": 0.10826458036899567,
            "Y": 0.4841391444206238
          },
          {
            "X": 0.10306184738874435,
            "Y": 0.48424476385116577
          }
        ]
      },
      "Id": "b3d6792f-020d-46b3-b098-86bacca1cea4",
      "Page": 1
    },
    {
      "BlockType": "WORD",
      "Confidence": 89.97899627685547,
      "Text": "interação",
      "TextType": "PRINTED",
      "Geometry": {
        "BoundingBox": {
          "Width": 0.04503379389643669,
          "Height": 0.008902108296751976,
          "Left": 0.11155441403388977,
          "Top": 0.476523220539093
        },
        "Polygon": [
          {
            "X": 0.1121971607208252,
            "Y": 0.47747281193733215
          },
          {
            "X": 0.15658821165561676,
            "Y": 0.476523220539093
          },
          {
            "X": 0.15596693754196167,
            "Y": 0.4845336973667145
          },
          {
            "X": 0.11155441403388977,
            "Y": 0.48542535305023193
          }
        ]
      },
      "Id": "170f5bfd-3e4e-41df-9c93-d9b4eaa8195f",
      "Page": 1
    },
    {
      "BlockType": "WORD",
      "Confidence": 99.58016967773438,
      "Text": "para",
      "TextType": "PRINTED",
      "Geometry": {
        "BoundingBox": {
          "Width": 0.021940231323242188,
          "Height": 0.00740074273198843,
          "Left": 0.15951016545295715,
          "Top": 0.4773494005203247
        },
        "Polygon": [
          {
            "X": 0.16004718840122223,
            "Y": 0.47780248522758484
          },
          {
            "X": 0.18145039677619934,
            "Y": 0.4773494005203247
          },
          {
            "X": 0.1809224933385849,
            "Y": 0.484321266412735
          },
          {
            "X": 0.15951016545295715,
            "Y": 0.4847501516342163
          }
        ]
      },
      "Id": "6879e4cb-52a2-4d94-832f-b63ff6588f19",
      "Page": 1
    },
    {
      "BlockType": "WORD",
      "Confidence": 99.80130767822266,
      "Text": "se",
      "TextType": "PRINTED",
      "Geometry": {
        "BoundingBox": {
          "Width": 0.011012300848960876,
          "Height": 0.00570795638486743,
          "Left": 0.18428245186805725,
          "Top": 0.4772739112377167
        },
        "Polygon": [
          {
            "X": 0.18469637632369995,
            "Y": 0.4774979054927826
          },
          {
            "X": 0.19529475271701813,
            "Y": 0.4772739112377167
          },
          {
            "X": 0.19488438963890076,
            "Y": 0.4827673137187958
          },
          {
            "X": 0.18428245186805725,
            "Y": 0.4829818606376648
          }
        ]
      },
      "Id": "979905e7-f89a-4de3-9b89-de172db0d999",
      "Page": 1
    },
    {
      "BlockType": "WORD",
      "Confidence": 97.50768280029297,
      "Text": "adequar",
      "TextType": "PRINTED",
      "Geometry": {
        "BoundingBox": {
          "Width": 0.04206671565771103,
          "Height": 0.009066326543688774,
          "Left": 0.1981608271598816,
          "Top": 0.4749687910079956
        },
        "Polygon": [
          {
            "X": 0.1987699270248413,
            "Y": 0.4758540689945221
          },
          {
            "X": 0.24022753536701202,
            "Y": 0.4749687910079956
          },
          {
            "X": 0.23963947594165802,
            "Y": 0.48320475220680237
          },
          {
            "X": 0.1981608271598816,
            "Y": 0.4840351343154907
          }
        ]
      },
      "Id": "9af55900-f9cd-4c6b-b0c8-f1b7b7605c12",
      "Page": 1
    },
    {
      "BlockType": "WORD",
      "Confidence": 98.26377868652344,
      "Text": "à",
      "TextType": "PRINTED",
      "Geometry": {
        "BoundingBox": {
          "Width": 0.005891730077564716,
          "Height": 0.007051925174891949,
          "Left": 0.24278689920902252,
          "Top": 0.47479018568992615
        },
        "Polygon": [
          {
            "X": 0.24328063428401947,
            "Y": 0.47490543127059937
          },
          {
            "X": 0.24867863953113556,
            "Y": 0.47479018568992615
          },
          {
            "X": 0.24818722903728485,
            "Y": 0.4817328453063965
          },
          {
            "X": 0.24278689920902252,
            "Y": 0.4818421006202698
          }
        ]
      },
      "Id": "6af9c532-7ed0-440b-b940-ca6f87366c82",
      "Page": 1
    },
    {
      "BlockType": "WORD",
      "Confidence": 99.80106353759766,
      "Text": "sua",
      "TextType": "PRINTED",
      "Geometry": {
        "BoundingBox": {
          "Width": 0.016100076958537102,
          "Height": 0.005720237735658884,
          "Left": 0.09329584240913391,
          "Top": 0.4881424009799957
        },
        "Polygon": [
          {
            "X": 0.09374032914638519,
            "Y": 0.4884497821331024
          },
          {
            "X": 0.10939592123031616,
            "Y": 0.4881424009799957
          },
          {
            "X": 0.10895653069019318,
            "Y": 0.4935692250728607
          },
          {
            "X": 0.09329584240913391,
            "Y": 0.49386265873908997
          }
        ]
      },
      "Id": "83fbb5b6-5d79-427b-9911-b9f55809e627",
      "Page": 1
    },
    {
      "BlockType": "WORD",
      "Confidence": 99.34164428710938,
      "Text": "marca",
      "TextType": "PRINTED",
      "Geometry": {
        "BoundingBox": {
          "Width": 0.029652981087565422,
          "Height": 0.006191318389028311,
          "Left": 0.111748106777668,
          "Top": 0.4874435067176819
        },
        "Polygon": [
          {
            "X": 0.11220178753137589,
            "Y": 0.48801714181900024
          },
          {
            "X": 0.14140108227729797,
            "Y": 0.4874435067176819
          },
          {
            "X": 0.14095734059810638,
            "Y": 0.49308815598487854
          },
          {
            "X": 0.111748106777668,
            "Y": 0.4936348497867584
          }
        ]
      },
      "Id": "89c08a3b-a206-41e8-8894-25a317c1d3c1",
      "Page": 1
    }
  ],
  "DetectDocumentTextModelVersion": "1.0"
}