{
  "DocumentMetadata": {
    "Pages": 1
  },
  "JobStatus": "SUCCEEDED",
  "Blocks": [
    {
      "BlockType": "PAGE",
      "Geometry": {
        "BoundingBox": {
          "Width": 0.8440369963645935,
          "Height": 0.5853503346443176,
          "Left": 0.02365172654390335,
          "Top": 0.04975727200508118
        },
        "Polygon": [
          {
            "X": 0.033693213015794754,
            "Y": 0.09656596928834915
          },
          {
            "X": 0.8529326915740967,
            "Y": 0.04975727200508118
          },
          {
            "X": 0.8676887154579163,
            "Y": 0.5951606631278992
          },
          {
            "X": 0.02365172654390335,
            "Y": 0.6351075768470764
          }
        ]
      },
      "Id": "1dedd760-1675-4d9b-8d62-256843ceefeb",
      "Relationships": [
        {
          "Type": "CHILD",
          "Ids": [
            "edf02607-e4c1-4faa-b727-06c701d9a2b7",
            "40ee85fc-d0db-4109-a839-1e8d28bf14a2",
            "7e529070-7a34-4bf0-b75e-3851bb376c89",
            "34b2c379-1a33-4033-9357-a20e43eb42a5",
            "c3d28662-09ab-4b6a-8506-45f3c22bbda5",
            "a96a6e51-a1bc-4ae3-9cf6-cc61500a4a6d",
            "f907e9cc-b134-4e6a-b8a5-a017b40d5d9d",
            "659d655e-ea0e-4f4e-98b7-399049e2a36e",
            "97fac0e7-cee0-4393-bdeb-28ecb0e70bb0",
            "246cc054-d7ab-4d38-af62-3677568612ff",
            "7f16114f-a474-44df-9971-80918095db88",
            "371d6832-703b-4f11-a7d3-1e13b5a408d8",
            "92366834-b7a4-4874-9b6b-ec68bdf212c0",
            "4c3eebc7-c219-43b0-94b5-1a3bbfba58e1",
            "90a42abd-c3a9-4420-bb90-a08280b6ec39",
            "9db92b4a-0893-4b09-a374-bd5ff0730e1d",
            "faaa7728-c17f-4882-9367-97486456b424"
          ]
        }
      ],
      "Page": 1
    },
    {
      "BlockType": "LINE",
      "Confidence": 98.17866516113281,
      "Text": "1. Unifique a experiência do cliente",
      "Geometry": {
        "BoundingBox": {
          "Width": 0.5247653722763062,
          "Height": 0.06514018028974533,
          "Left": 0.11455869674682617,
          "Top": 0.16930599510669708
        },
        "Polygon": [
          {
            "X": 0.11506714671850204,
            "Y": 0.19821575284004211
          },
          {
            "X": 0.6387764811515808,
            "Y": 0.16930599510669708
          },
          {
            "X": 0.6393240690231323,
            "Y": 0.20582392811775208
          },
          {
            "X": 0.11455869674682617,
            "Y": 0.234446182847023
          }
        ]
      },
      "Id": "edf02607-e4c1-4faa-b727-06c701d9a2b7",
      "Relationships": [
        {
          "Type": "CHILD",
          "Ids": [
            "bcf33eec-c284-4565-8d34-a54672e2b1d3",
            "30b9dfea-d715-4253-82ac-c5a4b803fef4",
            "d289c954-b433-4b8f-aead-4f68616a225c",
            "f4cf92ec-97fd-4bcf-baa3-384ac0805110",
            "ded94c0b-8bf8-4120-a6e0-a5709359e292",
            "338a0f15-98a2-4869-b73e-595d4eee4584"
          ]
        }
      ],
      "Page": 1
    },
    {
      "BlockType": "LINE",
      "Confidence": 54.08378982543945,
      "Text": "W",
      "Geometry": {
        "BoundingBox": {
          "Width": 0.01592819020152092,
          "Height": 0.011484013870358467,
          "Left": 0.501590371131897,
          "Top": 0.24936343729496002
        },
        "Polygon": [
          {
            "X": 0.501590371131897,
            "Y": 0.25021687150001526
          },
          {
            "X": 0.5174310207366943,
            "Y": 0.24936343729496002
          },
          {
            "X": 0.5175185203552246,
            "Y": 0.25999656319618225
          },
          {
            "X": 0.5016685128211975,
            "Y": 0.26084744930267334
          }
        ]
      },
      "Id": "40ee85fc-d0db-4109-a839-1e8d28bf14a2",
      "Relationships": [
        {
          "Type": "CHILD",
          "Ids": [
            "336ed6ae-6662-4f9b-b11e-a856d046768c"
          ]
        }
      ],
      "Page": 1
    },
    {
      "BlockType": "LINE",
      "Confidence": 98.6579818725586,
      "Text": "Especialista",
      "Geometry": {
        "BoundingBox": {
          "Width": 0.07267405092716217,
          "Height": 0.015567399561405182,
          "Left": 0.4964628219604492,
          "Top": 0.2634383738040924
        },
        "Polygon": [
          {
            "X": 0.4964628219604492,
            "Y": 0.2673247456550598
          },
          {
            "X": 0.5690074563026428,
            "Y": 0.2634383738040924
          },
          {
            "X": 0.5691368579864502,
            "Y": 0.2751322388648987
          },
          {
            "X": 0.49654531478881836,
            "Y": 0.2790057957172394
          }
        ]
      },
      "Id": "7e529070-7a34-4bf0-b75e-3851bb376c89",
      "Relationships": [
        {
          "Type": "CHILD",
          "Ids": [
            "66135624-c672-47e2-9d89-f7c965edbfd2"
          ]
        }
      ],
      "Page": 1
    },
    {
      "BlockType": "LINE",
      "Confidence": 99.46756744384766,
      "Text": "em folgas",
      "Geometry": {
        "BoundingBox": {
          "Width": 0.06333079934120178,
          "Height": 0.013798841275274754,
          "Left": 0.5009462237358093,
          "Top": 0.27628228068351746
        },
        "Polygon": [
          {
            "X": 0.5009462237358093,
            "Y": 0.2796546518802643
          },
          {
            "X": 0.564164400100708,
            "Y": 0.27628228068351746
          },
          {
            "X": 0.5642770528793335,
            "Y": 0.2867187261581421
          },
          {
            "X": 0.5010223984718323,
            "Y": 0.29008111357688904
          }
        ]
      },
      "Id": "34b2c379-1a33-4033-9357-a20e43eb42a5",
      "Relationships": [
        {
          "Type": "CHILD",
          "Ids": [
            "acc0385b-a444-42f9-9106-3e3e4134ba24",
            "7b28be3b-f488-42a3-aa69-cb2d6ea36e75"
          ]
        }
      ],
      "Page": 1
    },
    {
      "BlockType": "LINE",
      "Confidence": 99.45978546142578,
      "Text": "Regras de",
      "Geometry": {
        "BoundingBox": {
          "Width": 0.06579671055078506,
          "Height": 0.014601761475205421,
          "Left": 0.5978925824165344,
          "Top": 0.28915858268737793
        },
        "Polygon": [
          {
            "X": 0.5978925824165344,
            "Y": 0.29263734817504883
          },
          {
            "X": 0.6635082364082336,
            "Y": 0.28915858268737793
          },
          {
            "X": 0.6636892557144165,
            "Y": 0.30029261112213135
          },
          {
            "X": 0.5980331897735596,
            "Y": 0.3037603497505188
          }
        ]
      },
      "Id": "c3d28662-09ab-4b6a-8506-45f3c22bbda5",
      "Relationships": [
        {
          "Type": "CHILD",
          "Ids": [
            "9db27abe-a703-4c4d-a87f-8811f6d49b98",
            "d4c18b41-2eac-4fa5-a0f5-4c159a8407cd"
          ]
        }
      ],
      "Page": 1
    },
    {
      "BlockType": "LINE",
      "Confidence": 93.87437438964844,
      "Text": "licenças",
      "Geometry": {
        "BoundingBox": {
          "Width": 0.052995651960372925,
          "Height": 0.01406007632613182,
          "Left": 0.6044583320617676,
          "Top": 0.3020567297935486
        },
        "Polygon": [
          {
            "X": 0.6044583320617676,
            "Y": 0.3048449158668518
          },
          {
            "X": 0.6572745442390442,
            "Y": 0.3020567297935486
          },
          {
            "X": 0.6574540138244629,
            "Y": 0.3133375942707062
          },
          {
            "X": 0.6046047806739807,
            "Y": 0.3161167800426483
          }
        ]
      },
      "Id": "a96a6e51-a1bc-4ae3-9cf6-cc61500a4a6d",
      "Relationships": [
        {
          "Type": "CHILD",
          "Ids": [
            "e73eb176-8ff6-4ef1-b74b-4aa7afb40792"
          ]
        }
      ],
      "Page": 1
    },
    {
      "BlockType": "LINE",
      "Confidence": 74.30299377441406,
      "Text": "W",
      "Geometry": {
        "BoundingBox": {
          "Width": 0.01444154791533947,
          "Height": 0.010972092859447002,
          "Left": 0.5008954405784607,
          "Top": 0.3195576071739197
        },
        "Polygon": [
          {
            "X": 0.5008954405784607,
            "Y": 0.320313036441803
          },
          {
            "X": 0.5152544379234314,
            "Y": 0.3195576071739197
          },
          {
            "X": 0.5153369903564453,
            "Y": 0.32977649569511414
          },
          {
            "X": 0.5009698867797852,
            "Y": 0.33052968978881836
          }
        ]
      },
      "Id": "f907e9cc-b134-4e6a-b8a5-a017b40d5d9d",
      "Relationships": [
        {
          "Type": "CHILD",
          "Ids": [
            "e488ea5e-a38c-4257-b4d8-e54bcff3eae5"
          ]
        }
      ],
      "Page": 1
    },
    {
      "BlockType": "LINE",
      "Confidence": 99.81987762451172,
      "Text": "Agente de RH",
      "Geometry": {
        "BoundingBox": {
          "Width": 0.06968552619218826,
          "Height": 0.012377273291349411,
          "Left": 0.2978774309158325,
          "Top": 0.35050317645072937
        },
        "Polygon": [
          {
            "X": 0.29791131615638733,
            "Y": 0.3541383147239685
          },
          {
            "X": 0.3675629794597626,
            "Y": 0.35050317645072937
          },
          {
            "X": 0.36756253242492676,
            "Y": 0.3592546284198761
          },
          {
            "X": 0.2978774309158325,
            "Y": 0.3628804385662079
          }
        ]
      },
      "Id": "659d655e-ea0e-4f4e-98b7-399049e2a36e",
      "Relationships": [
        {
          "Type": "CHILD",
          "Ids": [
            "efd6a71e-4c39-4903-98e2-d3c45fe4d830",
            "6ab12592-ec5f-4428-98cd-3a4b4fdf564a",
            "51517fe3-0567-4492-9d71-9594426d69ba"
          ]
        }
      ],
      "Page": 1
    },
    {
      "BlockType": "LINE",
      "Confidence": 98.91411590576172,
      "Text": "Especialista",
      "Geometry": {
        "BoundingBox": {
          "Width": 0.0752909779548645,
          "Height": 0.015571479685604572,
          "Left": 0.49449360370635986,
          "Top": 0.3338855504989624
        },
        "Polygon": [
          {
            "X": 0.49449360370635986,
            "Y": 0.3378165066242218
          },
          {
            "X": 0.56965571641922,
            "Y": 0.3338855504989624
          },
          {
            "X": 0.5697845816612244,
            "Y": 0.345539391040802
          },
          {
            "X": 0.49457424879074097,
            "Y": 0.3494570255279541
          }
        ]
      },
      "Id": "97fac0e7-cee0-4393-bdeb-28ecb0e70bb0",
      "Relationships": [
        {
          "Type": "CHILD",
          "Ids": [
            "77a533a0-c997-47b0-85f9-3f6799e03167"
          ]
        }
      ],
      "Page": 1
    },
    {
      "BlockType": "LINE",
      "Confidence": 99.68603515625,
      "Text": "como agente",
      "Geometry": {
        "BoundingBox": {
          "Width": 0.06609535962343216,
          "Height": 0.011388256214559078,
          "Left": 0.29966163635253906,
          "Top": 0.36157289147377014
        },
        "Polygon": [
          {
            "X": 0.29969164729118347,
            "Y": 0.3650077283382416
          },
          {
            "X": 0.3657569885253906,
            "Y": 0.36157289147377014
          },
          {
            "X": 0.3657557964324951,
            "Y": 0.36953437328338623
          },
          {
            "X": 0.29966163635253906,
            "Y": 0.372961163520813
          }
        ]
      },
      "Id": "246cc054-d7ab-4d38-af62-3677568612ff",
      "Relationships": [
        {
          "Type": "CHILD",
          "Ids": [
            "9ad0bb8d-1123-4749-889a-36dfa11681e6",
            "fb9d96af-8f3c-4f1a-807a-52b77407dd25"
          ]
        }
      ],
      "Page": 1
    },
    {
      "BlockType": "LINE",
      "Confidence": 95.03400421142578,
      "Text": "em licenças",
      "Geometry": {
        "BoundingBox": {
          "Width": 0.07417674362659454,
          "Height": 0.014602193608880043,
          "Left": 0.4945999085903168,
          "Top": 0.34680891036987305
        },
        "Polygon": [
          {
            "X": 0.4945999085903168,
            "Y": 0.3506649434566498
          },
          {
            "X": 0.5686583518981934,
            "Y": 0.34680891036987305
          },
          {
            "X": 0.5687766671180725,
            "Y": 0.3575672209262848
          },
          {
            "X": 0.49467435479164124,
            "Y": 0.36141112446784973
          }
        ]
      },
      "Id": "7f16114f-a474-44df-9971-80918095db88",
      "Relationships": [
        {
          "Type": "CHILD",
          "Ids": [
            "37b37761-b9af-47b2-8f69-5d5fc08ecacb",
            "5fbfe664-39c9-48fc-a933-1a9df915ad30"
          ]
        }
      ],
      "Page": 1
    },
    {
      "BlockType": "LINE",
      "Confidence": 99.72175598144531,
      "Text": "supervisor",
      "Geometry": {
        "BoundingBox": {
          "Width": 0.05421391874551773,
          "Height": 0.011282488703727722,
          "Left": 0.3049798607826233,
          "Top": 0.37183237075805664
        },
        "Polygon": [
          {
            "X": 0.3050093650817871,
            "Y": 0.37463974952697754
          },
          {
            "X": 0.3591938018798828,
            "Y": 0.37183237075805664
          },
          {
            "X": 0.3591894805431366,
            "Y": 0.38031452894210815
          },
          {
            "X": 0.3049798607826233,
            "Y": 0.38311487436294556
          }
        ]
      },
      "Id": "371d6832-703b-4f11-a7d3-1e13b5a408d8",
      "Relationships": [
        {
          "Type": "CHILD",
          "Ids": [
            "0c08443e-0ee1-4411-9352-574246e6435e"
          ]
        }
      ],
      "Page": 1
    },
    {
      "BlockType": "LINE",
      "Confidence": 92.74666595458984,
      "Text": "Políticas",
      "Geometry": {
        "BoundingBox": {
          "Width": 0.057807084172964096,
          "Height": 0.013489603996276855,
          "Left": 0.602073073387146,
          "Top": 0.3701304793357849
        },
        "Polygon": [
          {
            "X": 0.602073073387146,
            "Y": 0.37310242652893066
          },
          {
            "X": 0.6597119569778442,
            "Y": 0.3701304793357849
          },
          {
            "X": 0.6598801612854004,
            "Y": 0.3806573450565338
          },
          {
            "X": 0.6022078394889832,
            "Y": 0.38362008333206177
          }
        ]
      },
      "Id": "92366834-b7a4-4874-9b6b-ec68bdf212c0",
      "Relationships": [
        {
          "Type": "CHILD",
          "Ids": [
            "f59c7e50-ea6a-44bf-925c-4cc5fedd9566"
          ]
        }
      ],
      "Page": 1
    },
    {
      "BlockType": "LINE",
      "Confidence": 45.292057037353516,
      "Text": "E",
      "Geometry": {
        "BoundingBox": {
          "Width": 0.01593393087387085,
          "Height": 0.012991126626729965,
          "Left": 0.5005128383636475,
          "Top": 0.3915660083293915
        },
        "Polygon": [
          {
            "X": 0.5005128383636475,
            "Y": 0.39237847924232483
          },
          {
            "X": 0.5163480639457703,
            "Y": 0.3915660083293915
          },
          {
            "X": 0.5164467692375183,
            "Y": 0.4037476181983948
          },
          {
            "X": 0.5006009936332703,
            "Y": 0.40455713868141174
          }
        ]
      },
      "Id": "4c3eebc7-c219-43b0-94b5-1a3bbfba58e1",
      "Relationships": [
        {
          "Type": "CHILD",
          "Ids": [
            "1334663d-9d74-4ad0-9875-2046cf4d726e"
          ]
        }
      ],
      "Page": 1
    },
    {
      "BlockType": "LINE",
      "Confidence": 99.79900360107422,
      "Text": "de RH",
      "Geometry": {
        "BoundingBox": {
          "Width": 0.04124949127435684,
          "Height": 0.011680194176733494,
          "Left": 0.6100404262542725,
          "Top": 0.38395431637763977
        },
        "Polygon": [
          {
            "X": 0.6100404262542725,
            "Y": 0.3860636353492737
          },
          {
            "X": 0.6511415243148804,
            "Y": 0.38395431637763977
          },
          {
            "X": 0.6512899398803711,
            "Y": 0.3935311734676361
          },
          {
            "X": 0.6101672053337097,
            "Y": 0.3956345021724701
          }
        ]
      },
      "Id": "90a42abd-c3a9-4420-bb90-a08280b6ec39",
      "Relationships": [
        {
          "Type": "CHILD",
          "Ids": [
            "cbc95393-98ef-4221-b7ce-658f3dbce453",
            "503417ba-2aef-4e4c-8202-254b81baf032"
          ]
        }
      ],
      "Page": 1
    },
    {
      "BlockType": "LINE",
      "Confidence": 99.0798568725586,
      "Text": "Especialista em",
      "Geometry": {
        "BoundingBox": {
          "Width": 0.09791603684425354,
          "Height": 0.016131829470396042,
          "Left": 0.48335927724838257,
          "Top": 0.4055277705192566
        },
        "Polygon": [
          {
            "X": 0.48335927724838257,
            "Y": 0.4105144739151001
          },
          {
            "X": 0.5811453461647034,
            "Y": 0.4055277705192566
          },
          {
            "X": 0.5812753438949585,
            "Y": 0.41668960452079773
          },
          {
            "X": 0.4834293723106384,
            "Y": 0.4216596186161041
          }
        ]
      },
      "Id": "9db92b4a-0893-4b09-a374-bd5ff0730e1d",
      "Relationships": [
        {
          "Type": "CHILD",
          "Ids": [
            "5b4ed0d4-e1dd-4cb9-a3b7-1f0ab50dc3b5",
            "8fca22c1-6417-41a6-a911-af235ab2bf5c"
          ]
        }
      ],
      "Page": 1
    },
    {
      "BlockType": "LINE",
      "Confidence": 96.95232391357422,
      "Text": "promoção",
      "Geometry": {
        "BoundingBox": {
          "Width": 0.0654948428273201,
          "Height": 0.014148931950330734,
          "Left": 0.4988775849342346,
          "Top": 0.4195811152458191
        },
        "Polygon": [
          {
            "X": 0.4988775849342346,
            "Y": 0.4228995740413666
          },
          {
            "X": 0.5642563104629517,
            "Y": 0.4195811152458191
          },
          {
            "X": 0.5643724203109741,
            "Y": 0.43042242527008057
          },
          {
            "X": 0.4989548623561859,
            "Y": 0.43373003602027893
          }
        ]
      },
      "Id": "faaa7728-c17f-4882-9367-97486456b424",
      "Relationships": [
        {
          "Type": "CHILD",
          "Ids": [
            "5d70c6ab-191f-4761-a17b-246c1455232a"
          ]
        }
      ],
      "Page": 1
    },
    {
      "BlockType": "WORD",
      "Confidence": 97.54463958740234,
      "Text": "1.",
      "TextType": "PRINTED",
      "Geometry": {
        "BoundingBox": {
          "Width": 0.019965846091508865,
          "Height": 0.013768923468887806,
          "Left": 0.11455929279327393,
          "Top": 0.22063446044921875
        },
        "Polygon": [
          {
            "X": 0.11473731696605682,
            "Y": 0.22171832621097565
          },
          {
            "X": 0.1345251351594925,
            "Y": 0.22063446044921875
          },
          {
            "X": 0.13436093926429749,
            "Y": 0.23332332074642181
          },
          {
            "X": 0.11455929279327393,
            "Y": 0.23440338671207428
          }
        ]
      },
      "Id": "bcf33eec-c284-4565-8d34-a54672e2b1d3",
      "Page": 1
    },
    {
      "BlockType": "WORD",
      "Confidence": 98.34506225585938,
      "Text": "Unifique",
      "TextType": "PRINTED",
      "Geometry": {
        "BoundingBox": {
          "Width": 0.10580667853355408,
          "Height": 0.02501668967306614,
          "Left": 0.1519126147031784,
          "Top": 0.20739209651947021
        },
        "Polygon": [
          {
            "X": 0.1521427035331726,
            "Y": 0.21318744122982025
          },
          {
            "X": 0.2577193081378937,
            "Y": 0.20739209651947021
          },
          {
            "X": 0.2576012909412384,
            "Y": 0.22664421796798706
          },
          {
            "X": 0.1519126147031784,
            "Y": 0.2324087917804718
          }
        ]
      },
      "Id": "30b9dfea-d715-4253-82ac-c5a4b803fef4",
      "Page": 1
    },
    {
      "BlockType": "WORD",
      "Confidence": 99.8860855102539,
      "Text": "a",
      "TextType": "PRINTED",
      "Geometry": {
        "BoundingBox": {
          "Width": 0.010912440717220306,
          "Height": 0.011000829748809338,
          "Left": 0.27364689111709595,
          "Top": 0.20727606117725372
        },
        "Polygon": [
          {
            "X": 0.2737014591693878,
            "Y": 0.20787180960178375
          },
          {
            "X": 0.28455933928489685,
            "Y": 0.20727606117725372
          },
          {
            "X": 0.284510999917984,
            "Y": 0.2176828533411026
          },
          {
            "X": 0.27364689111709595,
            "Y": 0.21827688813209534
          }
        ]
      },
      "Id": "d289c954-b433-4b8f-aead-4f68616a225c",
      "Page": 1
    },
    {
      "BlockType": "WORD",
      "Confidence": 94.21983337402344,
      "Text": "experiência",
      "TextType": "PRINTED",
      "Geometry": {
        "BoundingBox": {
          "Width": 0.15953227877616882,
          "Height": 0.03488530218601227,
          "Left": 0.3005158007144928,
          "Top": 0.184805765748024
        },
        "Polygon": [
          {
            "X": 0.3006139397621155,
            "Y": 0.19358330965042114
          },
          {
            "X": 0.459915429353714,
            "Y": 0.184805765748024
          },
          {
            "X": 0.4600480794906616,
            "Y": 0.21097636222839355
          },
          {
            "X": 0.3005158007144928,
            "Y": 0.21969106793403625
          }
        ]
      },
      "Id": "f4cf92ec-97fd-4bcf-baa3-384ac0805110",
      "Page": 1
    },
    {
      "BlockType": "WORD",
      "Confidence": 99.8344497680664,
      "Text": "do",
      "TextType": "PRINTED",
      "Geometry": {
        "BoundingBox": {
          "Width": 0.029033532366156578,
          "Height": 0.016994699835777283,
          "Left": 0.47891873121261597,
          "Top": 0.1809675246477127
        },
        "Polygon": [
          {
            "X": 0.47891873121261597,
            "Y": 0.18256133794784546
          },
          {
            "X": 0.5078332424163818,
            "Y": 0.1809675246477127
          },
          {
            "X": 0.5079522728919983,
            "Y": 0.19637510180473328
          },
          {
            "X": 0.479013055562973,
            "Y": 0.19796222448349
          }
        ]
      },
      "Id": "ded94c0b-8bf8-4120-a6e0-a5709359e292",
      "Page": 1
    },
    {
      "BlockType": "WORD",
      "Confidence": 99.24192810058594,
      "Text": "cliente",
      "TextType": "PRINTED",
      "Geometry": {
        "BoundingBox": {
          "Width": 0.11266458034515381,
          "Height": 0.023975547403097153,
          "Left": 0.5263788104057312,
          "Top": 0.16930599510669708
        },
        "Polygon": [
          {
            "X": 0.5263788104057312,
            "Y": 0.17551055550575256
          },
          {
            "X": 0.6387764811515808,
            "Y": 0.16930599510669708
          },
          {
            "X": 0.639043390750885,
            "Y": 0.18710696697235107
          },
          {
            "X": 0.5265344381332397,
            "Y": 0.19328154623508453
          }
        ]
      },
      "Id": "338a0f15-98a2-4869-b73e-595d4eee4584",
      "Page": 1
    },
    {
      "BlockType": "WORD",
      "Confidence": 54.08378982543945,
      "Text": "W",
      "TextType": "PRINTED",
      "Geometry": {
        "BoundingBox": {
          "Width": 0.01592819020152092,
          "Height": 0.011484013870358467,
          "Left": 0.501590371131897,
          "Top": 0.24936343729496002
        },
        "Polygon": [
          {
            "X": 0.501590371131897,
            "Y": 0.25021687150001526
          },
          {
            "X": 0.5174310207366943,
            "Y": 0.24936343729496002
          },
          {
            "X": 0.5175185203552246,
            "Y": 0.25999656319618225
          },
          {
            "X": 0.5016685128211975,
            "Y": 0.26084744930267334
          }
        ]
      },
      "Id": "336ed6ae-6662-4f9b-b11e-a856d046768c",
      "Page": 1
    },
    {
      "BlockType": "WORD",
      "Confidence": 98.6579818725586,
      "Text": "Especialista",
      "TextType": "PRINTED",
      "Geometry": {
        "BoundingBox": {
          "Width": 0.07267405092716217,
          "Height": 0.015567399561405182,
          "Left": 0.4964628219604492,
          "Top": 0.2634383738040924
        },
        "Polygon": [
          {
            "X": 0.4964628219604492,
            "Y": 0.2673247456550598
          },
          {
            "X": 0.5690074563026428,
            "Y": 0.2634383738040924
          },
          {
            "X": 0.5691368579864502,
            "Y": 0.2751322388648987
          },
          {
            "X": 0.49654531478881836,
            "Y": 0.2790057957172394
          }
        ]
      },
      "Id": "66135624-c672-47e2-9d89-f7c965edbfd2",
      "Page": 1
    },
    {
      "BlockType": "WORD",
      "Confidence": 99.41293334960938,
      "Text": "em",
      "TextType": "PRINTED",
      "Geometry": {
        "BoundingBox": {
          "Width": 0.019360745325684547,
          "Height": 0.007519755978137255,
          "Left": 0.5009663105010986,
          "Top": 0.2813703417778015
        },
        "Polygon": [
          {
            "X": 0.5009663105010986,
            "Y": 0.2823992967605591
          },
          {
            "X": 0.5202726721763611,
            "Y": 0.2813703417778015
          },
          {
            "X": 0.5203270316123962,
            "Y": 0.2878630757331848
          },
          {
            "X": 0.5010136961936951,
            "Y": 0.28889012336730957
          }
        ]
      },
      "Id": "acc0385b-a444-42f9-9106-3e3e4134ba24",
      "Page": 1
    },
    {
      "BlockType": "WORD",
      "Confidence": 99.522216796875,
      "Text": "folgas",
      "TextType": "PRINTED",
      "Geometry": {
        "BoundingBox": {
          "Width": 0.039730001240968704,
          "Height": 0.012543585151433945,
          "Left": 0.5245470404624939,
          "Top": 0.27628228068351746
        },
        "Polygon": [
          {
            "X": 0.5245470404624939,
            "Y": 0.2783956825733185
          },
          {
            "X": 0.564164400100708,
            "Y": 0.27628228068351746
          },
          {
            "X": 0.5642770528793335,
            "Y": 0.2867187261581421
          },
          {
            "X": 0.5246368050575256,
            "Y": 0.2888258695602417
          }
        ]
      },
      "Id": "7b28be3b-f488-42a3-aa69-cb2d6ea36e75",
      "Page": 1
    },
    {
      "BlockType": "WORD",
      "Confidence": 99.09596252441406,
      "Text": "Regras",
      "TextType": "PRINTED",
      "Geometry": {
        "BoundingBox": {
          "Width": 0.04539957270026207,
          "Height": 0.01319055538624525,
          "Left": 0.5978967547416687,
          "Top": 0.2905697822570801
        },
        "Polygon": [
          {
            "X": 0.5978967547416687,
            "Y": 0.292967826128006
          },
          {
            "X": 0.6431328654289246,
            "Y": 0.2905697822570801
          },
          {
            "X": 0.6432963013648987,
            "Y": 0.30136969685554504
          },
          {
            "X": 0.5980331897735596,
            "Y": 0.3037603497505188
          }
        ]
      },
      "Id": "9db27abe-a703-4c4d-a87f-8811f6d49b98",
      "Page": 1
    },
    {
      "BlockType": "WORD",
      "Confidence": 99.8236083984375,
      "Text": "de",
      "TextType": "PRINTED",
      "Geometry": {
        "BoundingBox": {
          "Width": 0.016513381153345108,
          "Height": 0.009332976303994656,
          "Left": 0.6471325159072876,
          "Top": 0.28915858268737793
        },
        "Polygon": [
          {
            "X": 0.6471325159072876,
            "Y": 0.29002678394317627
          },
          {
            "X": 0.6635082364082336,
            "Y": 0.28915858268737793
          },
          {
            "X": 0.6636459231376648,
            "Y": 0.29762545228004456
          },
          {
            "X": 0.6472625136375427,
            "Y": 0.29849156737327576
          }
        ]
      },
      "Id": "d4c18b41-2eac-4fa5-a0f5-4c159a8407cd",
      "Page": 1
    },
    {
      "BlockType": "WORD",
      "Confidence": 93.87437438964844,
      "Text": "licenças",
      "TextType": "PRINTED",
      "Geometry": {
        "BoundingBox": {
          "Width": 0.052995651960372925,
          "Height": 0.01406007632613182,
          "Left": 0.6044583320617676,
          "Top": 0.3020567297935486
        },
        "Polygon": [
          {
            "X": 0.6044583320617676,
            "Y": 0.3048449158668518
          },
          {
            "X": 0.6572745442390442,
            "Y": 0.3020567297935486
          },
          {
            "X": 0.6574540138244629,
            "Y": 0.3133375942707062
          },
          {
            "X": 0.6046047806739807,
            "Y": 0.3161167800426483
          }
        ]
      },
      "Id": "e73eb176-8ff6-4ef1-b74b-4aa7afb40792",
      "Page": 1
    },
    {
      "BlockType": "WORD",
      "Confidence": 74.30299377441406,
      "Text": "W",
      "TextType": "PRINTED",
      "Geometry": {
        "BoundingBox": {
          "Width": 0.01444154791533947,
          "Height": 0.010972092859447002,
          "Left": 0.5008954405784607,
          "Top": 0.3195576071739197
        },
        "Polygon": [
          {
            "X": 0.5008954405784607,
            "Y": 0.320313036441803
          },
          {
            "X": 0.5152544379234314,
            "Y": 0.3195576071739197
          },
          {
            "X": 0.5153369903564453,
            "Y": 0.32977649569511414
          },
          {
            "X": 0.5009698867797852,
            "Y": 0.33052968978881836
          }
        ]
      },
      "Id": "e488ea5e-a38c-4257-b4d8-e54bcff3eae5",
      "Page": 1
    },
    {
      "BlockType": "WORD",
      "Confidence": 99.77401733398438,
      "Text": "Agente",
      "TextType": "PRINTED",
      "Geometry": {
        "BoundingBox": {
          "Width": 0.03633255138993263,
          "Height": 0.010478087700903416,
          "Left": 0.2978774309158325,
          "Top": 0.35240235924720764
        },
        "Polygon": [
          {
            "X": 0.2979106903076172,
            "Y": 0.3542967140674591
          },
          {
            "X": 0.33420997858047485,
            "Y": 0.35240235924720764
          },
          {
            "X": 0.3341938257217407,
            "Y": 0.36099085211753845
          },
          {
            "X": 0.2978774309158325,
            "Y": 0.3628804385662079
          }
        ]
      },
      "Id": "efd6a71e-4c39-4903-98e2-d3c45fe4d830",
      "Page": 1
    },
    {
      "BlockType": "WORD",
      "Confidence": 99.82442474365234,
      "Text": "de",
      "TextType": "PRINTED",
      "Geometry": {
        "BoundingBox": {
          "Width": 0.01210826262831688,
          "Height": 0.00783364474773407,
          "Left": 0.3375362455844879,
          "Top": 0.35143834352493286
        },
        "Polygon": [
          {
            "X": 0.33754846453666687,
            "Y": 0.3520696461200714
          },
          {
            "X": 0.3496444821357727,
            "Y": 0.35143834352493286
          },
          {
            "X": 0.34963706135749817,
            "Y": 0.35864201188087463
          },
          {
            "X": 0.3375362455844879,
            "Y": 0.3592720031738281
          }
        ]
      },
      "Id": "6ab12592-ec5f-4428-98cd-3a4b4fdf564a",
      "Page": 1
    },
    {
      "BlockType": "WORD",
      "Confidence": 99.86119842529297,
      "Text": "RH",
      "TextType": "PRINTED",
      "Geometry": {
        "BoundingBox": {
          "Width": 0.014247200451791286,
          "Height": 0.007632891647517681,
          "Left": 0.3533157706260681,
          "Top": 0.3507371246814728
        },
        "Polygon": [
          {
            "X": 0.35332149267196655,
            "Y": 0.3514803349971771
          },
          {
            "X": 0.3675629496574402,
            "Y": 0.3507371246814728
          },
          {
            "X": 0.3675626218318939,
            "Y": 0.35762831568717957
          },
          {
            "X": 0.3533157706260681,
            "Y": 0.3583700358867645
          }
        ]
      },
      "Id": "51517fe3-0567-4492-9d71-9594426d69ba",
      "Page": 1
    },
    {
      "BlockType": "WORD",
      "Confidence": 98.91411590576172,
      "Text": "Especialista",
      "TextType": "PRINTED",
      "Geometry": {
        "BoundingBox": {
          "Width": 0.0752909779548645,
          "Height": 0.015571479685604572,
          "Left": 0.49449360370635986,
          "Top": 0.3338855504989624
        },
        "Polygon": [
          {
            "X": 0.49449360370635986,
            "Y": 0.3378165066242218
          },
          {
            "X": 0.56965571641922,
            "Y": 0.3338855504989624
          },
          {
            "X": 0.5697845816612244,
            "Y": 0.345539391040802
          },
          {
            "X": 0.49457424879074097,
            "Y": 0.3494570255279541
          }
        ]
      },
      "Id": "77a533a0-c997-47b0-85f9-3f6799e03167",
      "Page": 1
    },
    {
      "BlockType": "WORD",
      "Confidence": 99.7338638305664,
      "Text": "como",
      "TextType": "PRINTED",
      "Geometry": {
        "BoundingBox": {
          "Width": 0.02772410772740841,
          "Height": 0.007174886297434568,
          "Left": 0.29966670274734497,
          "Top": 0.3644447922706604
        },
        "Polygon": [
          {
            "X": 0.29968833923339844,
            "Y": 0.3658846318721771
          },
          {
            "X": 0.32739078998565674,
            "Y": 0.3644447922706604
          },
          {
            "X": 0.3273778557777405,
            "Y": 0.37018224596977234
          },
          {
            "X": 0.29966670274734497,
            "Y": 0.37161967158317566
          }
        ]
      },
      "Id": "9ad0bb8d-1123-4749-889a-36dfa11681e6",
      "Page": 1
    },
    {
      "BlockType": "WORD",
      "Confidence": 99.6382064819336,
      "Text": "agente",
      "TextType": "PRINTED",
      "Geometry": {
        "BoundingBox": {
          "Width": 0.03506941348314285,
          "Height": 0.009779653511941433,
          "Left": 0.33068758249282837,
          "Top": 0.36157289147377014
        },
        "Polygon": [
          {
            "X": 0.33070406317710876,
            "Y": 0.3633953332901001
          },
          {
            "X": 0.3657569885253906,
            "Y": 0.36157289147377014
          },
          {
            "X": 0.3657557964324951,
            "Y": 0.36953437328338623
          },
          {
            "X": 0.33068758249282837,
            "Y": 0.37135255336761475
          }
        ]
      },
      "Id": "fb9d96af-8f3c-4f1a-807a-52b77407dd25",
      "Page": 1
    },
    {
      "BlockType": "WORD",
      "Confidence": 99.37728881835938,
      "Text": "em",
      "TextType": "PRINTED",
      "Geometry": {
        "BoundingBox": {
          "Width": 0.01973455399274826,
          "Height": 0.007720116525888443,
          "Left": 0.4946165084838867,
          "Top": 0.3520393967628479
        },
        "Polygon": [
          {
            "X": 0.4946165084838867,
            "Y": 0.3530632555484772
          },
          {
            "X": 0.5142974257469177,
            "Y": 0.3520393967628479
          },
          {
            "X": 0.5143510699272156,
            "Y": 0.35873764753341675
          },
          {
            "X": 0.49466291069984436,
            "Y": 0.35975950956344604
          }
        ]
      },
      "Id": "37b37761-b9af-47b2-8f69-5d5fc08ecacb",
      "Page": 1
    },
    {
      "BlockType": "WORD",
      "Confidence": 90.69071197509766,
      "Text": "licenças",
      "TextType": "PRINTED",
      "Geometry": {
        "BoundingBox": {
          "Width": 0.05035892128944397,
          "Height": 0.01336596067994833,
          "Left": 0.5184177160263062,
          "Top": 0.34680891036987305
        },
        "Polygon": [
          {
            "X": 0.5184177160263062,
            "Y": 0.349424809217453
          },
          {
            "X": 0.5686583518981934,
            "Y": 0.34680891036987305
          },
          {
            "X": 0.5687766671180725,
            "Y": 0.3575672209262848
          },
          {
            "X": 0.5185062885284424,
            "Y": 0.36017489433288574
          }
        ]
      },
      "Id": "5fbfe664-39c9-48fc-a933-1a9df915ad30",
      "Page": 1
    },
    {
      "BlockType": "WORD",
      "Confidence": 99.72175598144531,
      "Text": "supervisor",
      "TextType": "PRINTED",
      "Geometry": {
        "BoundingBox": {
          "Width": 0.05421391874551773,
          "Height": 0.011282488703727722,
          "Left": 0.3049798607826233,
          "Top": 0.37183237075805664
        },
        "Polygon": [
          {
            "X": 0.3050093650817871,
            "Y": 0.37463974952697754
          },
          {
            "X": 0.3591938018798828,
            "Y": 0.37183237075805664
          },
          {
            "X": 0.3591894805431366,
            "Y": 0.38031452894210815
          },
          {
            "X": 0.3049798607826233,
            "Y": 0.38311487436294556
          }
        ]
      },
      "Id": "0c08443e-0ee1-4411-9352-574246e6435e",
      "Page": 1
    },
    {
      "BlockType": "WORD",
      "Confidence": 92.74666595458984,
      "Text": "Políticas",
      "TextType": "PRINTED",
      "Geometry": {
        "BoundingBox": {
          "Width": 0.057807084172964096,
          "Height": 0.013489603996276855,
          "Left": 0.602073073387146,
          "Top": 0.3701304793357849
        },
        "Polygon": [
          {
            "X": 0.602073073387146,
            "Y": 0.37310242652893066
          },
          {
            "X": 0.6597119569778442,
            "Y": 0.3701304793357849
          },
          {
            "X": 0.6598801612854004,
            "Y": 0.3806573450565338
          },
          {
            "X": 0.6022078394889832,
            "Y": 0.38362008333206177
          }
        ]
      },
      "Id": "f59c7e50-ea6a-44bf-925c-4cc5fedd9566",
      "Page": 1
    },
    {
      "BlockType": "WORD",
      "Confidence": 45.292057037353516,
      "Text": "E",
      "TextType": "PRINTED",
      "Geometry": {
        "BoundingBox": {
          "Width": 0.01593393087387085,
          "Height": 0.012991126626729965,
          "Left": 0.5005128383636475,
          "Top": 0.3915660083293915
        },
        "Polygon": [
          {
            "X": 0.5005128383636475,
            "Y": 0.39237847924232483
          },
          {
            "X": 0.5163480639457703,
            "Y": 0.3915660083293915
          },
          {
            "X": 0.5164467692375183,
            "Y": 0.4037476181983948
          },
          {
            "X": 0.5006009936332703,
            "Y": 0.40455713868141174
          }
        ]
      },
      "Id": "1334663d-9d74-4ad0-9875-2046cf4d726e",
      "Page": 1
    },
    {
      "BlockType": "WORD",
      "Confidence": 99.83715057373047,
      "Text": "de",
      "TextType": "PRINTED",
      "Geometry": {
        "BoundingBox": {
          "Width": 0.017285816371440887,
          "Height": 0.010123743675649166,
          "Left": 0.6100413799285889,
          "Top": 0.3852554261684418
        },
        "Polygon": [
          {
            "X": 0.6100413799285889,
            "Y": 0.3861357867717743
          },
          {
            "X": 0.6271960735321045,
            "Y": 0.3852554261684418
          },
          {
            "X": 0.6273272037506104,
            "Y": 0.3945012092590332
          },
          {
            "X": 0.6101638078689575,
            "Y": 0.3953791558742523
          }
        ]
      },
      "Id": "cbc95393-98ef-4221-b7ce-658f3dbce453",
      "Page": 1
    },
    {
      "BlockType": "WORD",
      "Confidence": 99.76085662841797,
      "Text": "RH",
      "TextType": "PRINTED",
      "Geometry": {
        "BoundingBox": {
          "Width": 0.020556144416332245,
          "Height": 0.010621221736073494,
          "Left": 0.6307337880134583,
          "Top": 0.38395431637763977
        },
        "Polygon": [
          {
            "X": 0.6307337880134583,
            "Y": 0.38500162959098816
          },
          {
            "X": 0.6511415243148804,
            "Y": 0.38395431637763977
          },
          {
            "X": 0.6512899398803711,
            "Y": 0.3935311734676361
          },
          {
            "X": 0.6308714151382446,
            "Y": 0.3945755362510681
          }
        ]
      },
      "Id": "503417ba-2aef-4e4c-8202-254b81baf032",
      "Page": 1
    },
    {
      "BlockType": "WORD",
      "Confidence": 98.6952133178711,
      "Text": "Especialista",
      "TextType": "PRINTED",
      "Geometry": {
        "BoundingBox": {
          "Width": 0.07277809083461761,
          "Height": 0.014850685372948647,
          "Left": 0.48335927724838257,
          "Top": 0.40680891275405884
        },
        "Polygon": [
          {
            "X": 0.48335927724838257,
            "Y": 0.4105144739151001
          },
          {
            "X": 0.5560227632522583,
            "Y": 0.40680891275405884
          },
          {
            "X": 0.5561373829841614,
            "Y": 0.41796645522117615
          },
          {
            "X": 0.4834293723106384,
            "Y": 0.4216596186161041
          }
        ]
      },
      "Id": "5b4ed0d4-e1dd-4cb9-a3b7-1f0ab50dc3b5",
      "Page": 1
    },
    {
      "BlockType": "WORD",
      "Confidence": 99.46449279785156,
      "Text": "em",
      "TextType": "PRINTED",
      "Geometry": {
        "BoundingBox": {
          "Width": 0.02013220265507698,
          "Height": 0.008316128514707088,
          "Left": 0.5611307621002197,
          "Top": 0.4083332419395447
        },
        "Polygon": [
          {
            "X": 0.5611307621002197,
            "Y": 0.4093545377254486
          },
          {
            "X": 0.5811780095100403,
            "Y": 0.4083332419395447
          },
          {
            "X": 0.58126300573349,
            "Y": 0.4156302809715271
          },
          {
            "X": 0.5612077116966248,
            "Y": 0.41664937138557434
          }
        ]
      },
      "Id": "8fca22c1-6417-41a6-a911-af235ab2bf5c",
      "Page": 1
    },
    {
      "BlockType": "WORD",
      "Confidence": 96.95232391357422,
      "Text": "promoção",
      "TextType": "PRINTED",
      "Geometry": {
        "BoundingBox": {
          "Width": 0.0654948428273201,
          "Height": 0.014148931950330734,
          "Left": 0.4988775849342346,
          "Top": 0.4195811152458191
        },
        "Polygon": [
          {
            "X": 0.4988775849342346,
            "Y": 0.4228995740413666
          },
          {
            "X": 0.5642563104629517,
            "Y": 0.4195811152458191
          },
          {
            "X": 0.5643724203109741,
            "Y": 0.43042242527008057
          },
          {
            "X": 0.4989548623561859,
            "Y": 0.43373003602027893
          }
        ]
      },
      "Id": "5d70c6ab-191f-4761-a17b-246c1455232a",
      "Page": 1
    }
  ],
  "DetectDocumentTextModelVersion": "1.0"
}