{
  "DocumentMetadata": {
    "Pages": 1
  },
  "JobStatus": "SUCCEEDED",
  "Blocks": [
    {
      "BlockType": "PAGE",
      "Geometry": {
        "BoundingBox": {
          "Width": 1,
          "Height": 1,
          "Left": 0,
          "Top": 0
        },
        "Polygon": [
          {
            "X": 0.000026843705200008117,
            "Y": 0
          },
          {
            "X": 1,
            "Y": 0.002411316614598036
          },
          {
            "X": 1,
            "Y": 1
          },
          {
            "X": 0,
            "Y": 0.9935492277145386
          }
        ]
      },
      "Id": "62157ef4-3e37-44c8-8fed-fef06207ddb3",
      "Relationships": [
        {
          "Type": "CHILD",
          "Ids": [
            "05c4221c-3ba3-4219-9ffa-f691ad78ef8d",
            "c1d2ed51-3caf-4e70-82ae-dbb44d5e77de",
            "66b4a3fb-40cd-4cf5-8bdd-4cf9dab1dee3",
            "cdef3ff2-ae76-4fdf-944f-7e3e3a79fae4",
            "8a682fda-bbda-47b1-b754-7c82e7abca34",
            "b6e43dd2-e784-4720-9489-badafa7d0c44",
            "ce9e62db-f0f9-4878-89fd-e129be53a5a2",
            "ba29f076-4e8a-4751-b3fe-1f6046dc388b",
            "75cd6fa9-72ea-43f0-b997-f9e7c544eb56",
            "64d12f31-43f6-45a1-bce9-92d2c908fa27",
            "33eb1517-61b4-43da-a030-974bff0a0bcb",
            "13a9951e-2b82-4a1d-993a-3e1571c23dcd",
            "aab1fbec-e033-4063-a1e4-2a658e25259f",
            "86d10261-99ad-4c44-b8ac-7ad87c0011ee",
            "4910c8da-8854-4300-8a73-e55cb3651f43",
            "271bbd3f-c567-402e-9ccb-33cf4af83f60",
            "38692b95-c798-47f7-a0e3-31c498263ee1"
          ]
        }
      ],
      "Page": 1
    },
    {
      "BlockType": "LINE",
      "Confidence": 85.72782897949219,
      "Text": "agentes?",
      "Geometry": {
        "BoundingBox": {
          "Width": 0.02639576978981495,
          "Height": 0.007114172913134098,
          "Left": 0.649070680141449,
          "Top": 0.2866552174091339
        },
        "Polygon": [
          {
            "X": 0.6490864753723145,
            "Y": 0.2866552174091339
          },
          {
            "X": 0.6754664182662964,
            "Y": 0.28689777851104736
          },
          {
            "X": 0.6754510402679443,
            "Y": 0.29376938939094543
          },
          {
            "X": 0.649070680141449,
            "Y": 0.29352709650993347
          }
        ]
      },
      "Id": "05c4221c-3ba3-4219-9ffa-f691ad78ef8d",
      "Relationships": [
        {
          "Type": "CHILD",
          "Ids": [
            "f7e70b68-5e79-4fed-8f34-89134639d17a"
          ]
        }
      ],
      "Page": 1
    },
    {
      "BlockType": "LINE",
      "Confidence": 99.5797119140625,
      "Text": "aws",
      "Geometry": {
        "BoundingBox": {
          "Width": 0.1616584062576294,
          "Height": 0.04706508666276932,
          "Left": 0.002522082068026066,
          "Top": 0.29573655128479004
        },
        "Polygon": [
          {
            "X": 0.0026908698491752148,
            "Y": 0.29573655128479004
          },
          {
            "X": 0.16418048739433289,
            "Y": 0.2972176969051361
          },
          {
            "X": 0.16402770578861237,
            "Y": 0.34280166029930115
          },
          {
            "X": 0.002522082068026066,
            "Y": 0.34133192896842957
          }
        ]
      },
      "Id": "c1d2ed51-3caf-4e70-82ae-dbb44d5e77de",
      "Relationships": [
        {
          "Type": "CHILD",
          "Ids": [
            "24a5c649-9138-4cf8-80a0-50bf1ab31a9c"
          ]
        }
      ],
      "Page": 1
    },
    {
      "BlockType": "LINE",
      "Confidence": 97.5926742553711,
      "Text": "2025",
      "Geometry": {
        "BoundingBox": {
          "Width": 0.08441709727048874,
          "Height": 0.022934500128030777,
          "Left": 0.35402771830558777,
          "Top": 0.30518999695777893
        },
        "Polygon": [
          {
            "X": 0.35409286618232727,
            "Y": 0.30518999695777893
          },
          {
            "X": 0.4384447932243347,
            "Y": 0.30596283078193665
          },
          {
            "X": 0.43838369846343994,
            "Y": 0.3281244933605194
          },
          {
            "X": 0.35402771830558777,
            "Y": 0.3273545503616333
          }
        ]
      },
      "Id": "66b4a3fb-40cd-4cf5-8bdd-4cf9dab1dee3",
      "Relationships": [
        {
          "Type": "CHILD",
          "Ids": [
            "1b009ab9-41ec-4951-a990-294228fa6c5e"
          ]
        }
      ],
      "Page": 1
    },
    {
      "BlockType": "LINE",
      "Confidence": 99.13121032714844,
      "Text": "aws",
      "Geometry": {
        "BoundingBox": {
          "Width": 0.08205168694257736,
          "Height": 0.026826979592442513,
          "Left": 0.8492748141288757,
          "Top": 0.32292890548706055
        },
        "Polygon": [
          {
            "X": 0.8493235111236572,
            "Y": 0.32292890548706055
          },
          {
            "X": 0.9313265085220337,
            "Y": 0.32367849349975586
          },
          {
            "X": 0.9312824606895447,
            "Y": 0.3497558832168579
          },
          {
            "X": 0.8492748141288757,
            "Y": 0.34900960326194763
          }
        ]
      },
      "Id": "cdef3ff2-ae76-4fdf-944f-7e3e3a79fae4",
      "Relationships": [
        {
          "Type": "CHILD",
          "Ids": [
            "b5d0bec9-1531-42cf-ba78-78400f540b11"
          ]
        }
      ],
      "Page": 1
    },
    {
      "BlockType": "LINE",
      "Confidence": 99.17981719970703,
      "Text": "Clo",
      "Geometry": {
        "BoundingBox": {
          "Width": 0.022119518369436264,
          "Height": 0.011253166943788528,
          "Left": 0.9778804779052734,
          "Top": 0.3303498923778534
        },
        "Polygon": [
          {
            "X": 0.9778980016708374,
            "Y": 0.3303498923778534
          },
          {
            "X": 1,
            "Y": 0.33055394887924194
          },
          {
            "X": 1,
            "Y": 0.34160304069519043
          },
          {
            "X": 0.9778804779052734,
            "Y": 0.3413993716239929
          }
        ]
      },
      "Id": "8a682fda-bbda-47b1-b754-7c82e7abca34",
      "Relationships": [
        {
          "Type": "CHILD",
          "Ids": [
            "f50387c6-7cc0-446a-92a0-0e14562a2b3e"
          ]
        }
      ],
      "Page": 1
    },
    {
      "BlockType": "LINE",
      "Confidence": 99.79549407958984,
      "Text": "ano do valor ao",
      "Geometry": {
        "BoundingBox": {
          "Width": 0.15364769101142883,
          "Height": 0.019143646582961082,
          "Left": 0.328840047121048,
          "Top": 0.3326821029186249
        },
        "Polygon": [
          {
            "X": 0.32889318466186523,
            "Y": 0.3326821029186249
          },
          {
            "X": 0.4824877381324768,
            "Y": 0.33408263325691223
          },
          {
            "X": 0.4824405014514923,
            "Y": 0.3518257439136505
          },
          {
            "X": 0.328840047121048,
            "Y": 0.3504294455051422
          }
        ]
      },
      "Id": "b6e43dd2-e784-4720-9489-badafa7d0c44",
      "Relationships": [
        {
          "Type": "CHILD",
          "Ids": [
            "b472fe22-d28c-4e9d-a714-0b0d272e9290",
            "9253c203-f5ee-44cf-91ca-ecc24f8da3cf",
            "4c2e3186-c098-4a07-84b2-678b5ebeaecd",
            "0397f5af-a6e8-4b76-815d-51a8834a4140"
          ]
        }
      ],
      "Page": 1
    },
    {
      "BlockType": "LINE",
      "Confidence": 66.90912628173828,
      "Text": "Come ter todos colaboradores adotandoJAT",
      "Geometry": {
        "BoundingBox": {
          "Width": 0.13827946782112122,
          "Height": 0.01170958112925291,
          "Left": 0.5562254786491394,
          "Top": 0.3367253541946411
        },
        "Polygon": [
          {
            "X": 0.556251585483551,
            "Y": 0.3367253541946411
          },
          {
            "X": 0.6945049166679382,
            "Y": 0.3379855751991272
          },
          {
            "X": 0.6944819092750549,
            "Y": 0.3484349548816681
          },
          {
            "X": 0.5562254786491394,
            "Y": 0.3471769690513611
          }
        ]
      },
      "Id": "ce9e62db-f0f9-4878-89fd-e129be53a5a2",
      "Relationships": [
        {
          "Type": "CHILD",
          "Ids": [
            "abb0cbcc-830c-4fce-8edb-53d288bdcf4c",
            "2b157ad3-e475-43fb-9823-bd9ef8b465e8",
            "077242a2-eb50-462b-a5eb-a3780344025c",
            "043de52a-d89d-42e0-8cf2-c66793b58415",
            "86ec52c8-374e-4e33-9a85-835419f13322"
          ]
        }
      ],
      "Page": 1
    },
    {
      "BlockType": "LINE",
      "Confidence": 15.20071029663086,
      "Text": "e",
      "Geometry": {
        "BoundingBox": {
          "Width": 0.01882016286253929,
          "Height": 0.011756887659430504,
          "Left": 0.7247269153594971,
          "Top": 0.3425394594669342
        },
        "Polygon": [
          {
            "X": 0.7247516512870789,
            "Y": 0.3425394594669342
          },
          {
            "X": 0.7435470819473267,
            "Y": 0.3427106738090515
          },
          {
            "X": 0.7435227632522583,
            "Y": 0.35429635643959045
          },
          {
            "X": 0.7247269153594971,
            "Y": 0.3541254997253418
          }
        ]
      },
      "Id": "ba29f076-4e8a-4751-b3fe-1f6046dc388b",
      "Relationships": [
        {
          "Type": "CHILD",
          "Ids": [
            "e58621d7-75dc-4b13-8e9d-169c9ef32338"
          ]
        }
      ],
      "Page": 1
    },
    {
      "BlockType": "LINE",
      "Confidence": 86.7446517944336,
      "Text": "Exp",
      "Geometry": {
        "BoundingBox": {
          "Width": 0.020321384072303772,
          "Height": 0.011495009995996952,
          "Left": 0.9787356853485107,
          "Top": 0.3465024530887604
        },
        "Polygon": [
          {
            "X": 0.9787536263465881,
            "Y": 0.3465024530887604
          },
          {
            "X": 0.9990570545196533,
            "Y": 0.34668734669685364
          },
          {
            "X": 0.9990396499633789,
            "Y": 0.35799747705459595
          },
          {
            "X": 0.9787356853485107,
            "Y": 0.35781294107437134
          }
        ]
      },
      "Id": "75cd6fa9-72ea-43f0-b997-f9e7c544eb56",
      "Relationships": [
        {
          "Type": "CHILD",
          "Ids": [
            "3fb0b169-ee20-4537-ba85-13417d42d7a5"
          ]
        }
      ],
      "Page": 1
    },
    {
      "BlockType": "LINE",
      "Confidence": 93.9062271118164,
      "Text": "negócio",
      "Geometry": {
        "BoundingBox": {
          "Width": 0.07830088585615158,
          "Height": 0.017123041674494743,
          "Left": 0.3562414348125458,
          "Top": 0.35357043147087097
        },
        "Polygon": [
          {
            "X": 0.3562895953655243,
            "Y": 0.35357043147087097
          },
          {
            "X": 0.43454229831695557,
            "Y": 0.3542814552783966
          },
          {
            "X": 0.4344969391822815,
            "Y": 0.37069347500801086
          },
          {
            "X": 0.3562414348125458,
            "Y": 0.3699844777584076
          }
        ]
      },
      "Id": "64d12f31-43f6-45a1-bce9-92d2c908fa27",
      "Relationships": [
        {
          "Type": "CHILD",
          "Ids": [
            "f8b51333-600a-4579-9263-405af21ac9ce"
          ]
        }
      ],
      "Page": 1
    },
    {
      "BlockType": "LINE",
      "Confidence": 99.77848052978516,
      "Text": "20",
      "Geometry": {
        "BoundingBox": {
          "Width": 0.01873932033777237,
          "Height": 0.01162551250308752,
          "Left": 0.9786868691444397,
          "Top": 0.36195898056030273
        },
        "Polygon": [
          {
            "X": 0.9787050485610962,
            "Y": 0.36195898056030273
          },
          {
            "X": 0.9974262118339539,
            "Y": 0.36212900280952454
          },
          {
            "X": 0.9974085092544556,
            "Y": 0.37358447909355164
          },
          {
            "X": 0.9786868691444397,
            "Y": 0.3734148144721985
          }
        ]
      },
      "Id": "33eb1517-61b4-43da-a030-974bff0a0bcb",
      "Relationships": [
        {
          "Type": "CHILD",
          "Ids": [
            "b1331fe4-00a9-4b12-8e2f-ac1cba1c84ff"
          ]
        }
      ],
      "Page": 1
    },
    {
      "BlockType": "LINE",
      "Confidence": 77.60778045654297,
      "Text": "Quain politicas regulações devo estar atento?",
      "Geometry": {
        "BoundingBox": {
          "Width": 0.14477519690990448,
          "Height": 0.010913665406405926,
          "Left": 0.589794933795929,
          "Top": 0.3670858144760132
        },
        "Polygon": [
          {
            "X": 0.5898182988166809,
            "Y": 0.3670858144760132
          },
          {
            "X": 0.7345701456069946,
            "Y": 0.36839842796325684
          },
          {
            "X": 0.734549880027771,
            "Y": 0.377999484539032
          },
          {
            "X": 0.589794933795929,
            "Y": 0.37668901681900024
          }
        ]
      },
      "Id": "13a9951e-2b82-4a1d-993a-3e1571c23dcd",
      "Relationships": [
        {
          "Type": "CHILD",
          "Ids": [
            "b88fb7ca-e701-4045-8c0a-14b1d388baa7",
            "908f5eac-e031-41fd-be79-70c1cdb038a7",
            "212b4097-f878-4009-9421-a5170475b0b3",
            "80b5869e-0187-4b65-8baf-2c4b61a40b5a",
            "0063505d-c3d5-42b9-9282-1a8437af844d"
          ]
        }
      ],
      "Page": 1
    },
    {
      "BlockType": "LINE",
      "Confidence": 69.08679962158203,
      "Text": "Quah os modelos de dominia",
      "Geometry": {
        "BoundingBox": {
          "Width": 0.09545218199491501,
          "Height": 0.008401448838412762,
          "Left": 0.4934084713459015,
          "Top": 0.386747807264328
        },
        "Polygon": [
          {
            "X": 0.4934283494949341,
            "Y": 0.386747807264328
          },
          {
            "X": 0.5888606309890747,
            "Y": 0.3876101076602936
          },
          {
            "X": 0.5888423323631287,
            "Y": 0.39514926075935364
          },
          {
            "X": 0.4934084713459015,
            "Y": 0.3942880928516388
          }
        ]
      },
      "Id": "aab1fbec-e033-4063-a1e4-2a658e25259f",
      "Relationships": [
        {
          "Type": "CHILD",
          "Ids": [
            "81b4ce13-9f41-4c38-958f-51b2295e3d0b",
            "66f5b900-ca02-4bb1-94a6-aeaebdaf7ca4",
            "0e04e29b-86c9-42a0-b64b-afabd844054f",
            "aa158af7-f90d-4770-a95e-ea01681969c8",
            "83f9913c-cd26-49f2-b239-99032c080ef4"
          ]
        }
      ],
      "Page": 1
    },
    {
      "BlockType": "LINE",
      "Confidence": 89.10812377929688,
      "Text": "especifico?",
      "Geometry": {
        "BoundingBox": {
          "Width": 0.03595767170190811,
          "Height": 0.006788276135921478,
          "Left": 0.5231789946556091,
          "Top": 0.39507758617401123
        },
        "Polygon": [
          {
            "X": 0.5231956243515015,
            "Y": 0.39507758617401123
          },
          {
            "X": 0.559136688709259,
            "Y": 0.39540189504623413
          },
          {
            "X": 0.5591205358505249,
            "Y": 0.4018658697605133
          },
          {
            "X": 0.5231789946556091,
            "Y": 0.40154194831848145
          }
        ]
      },
      "Id": "86d10261-99ad-4c44-b8ac-7ad87c0011ee",
      "Relationships": [
        {
          "Type": "CHILD",
          "Ids": [
            "51a2ffea-ae4d-4920-b369-ba6bfc82b294"
          ]
        }
      ],
      "Page": 1
    },
    {
      "BlockType": "LINE",
      "Confidence": 61.357826232910156,
      "Text": "Como-extrai Inteligência de multimodal. Visio",
      "Geometry": {
        "BoundingBox": {
          "Width": 0.14590318500995636,
          "Height": 0.010425976477563381,
          "Left": 0.6243400573730469,
          "Top": 0.3919258415699005
        },
        "Polygon": [
          {
            "X": 0.624361515045166,
            "Y": 0.3919258415699005
          },
          {
            "X": 0.7702432870864868,
            "Y": 0.39324307441711426
          },
          {
            "X": 0.7702246904373169,
            "Y": 0.40235182642936707
          },
          {
            "X": 0.6243400573730469,
            "Y": 0.40103664994239807
          }
        ]
      },
      "Id": "4910c8da-8854-4300-8a73-e55cb3651f43",
      "Relationships": [
        {
          "Type": "CHILD",
          "Ids": [
            "4af1d0b6-5193-4ae4-9f9f-faf34802d1dc",
            "410fd105-13ea-4876-85e8-323db8f98526",
            "25b9115f-433a-410e-8c4a-8f1753c57494",
            "7de80f7c-9c89-4292-b610-84da7f91c28a",
            "d0abe736-52d2-424c-87cc-ea9f2fa9ffec"
          ]
        }
      ],
      "Page": 1
    },
    {
      "BlockType": "LINE",
      "Confidence": 75.48982238769531,
      "Text": "computacional",
      "Geometry": {
        "BoundingBox": {
          "Width": 0.048916708678007126,
          "Height": 0.0059316097758710384,
          "Left": 0.6245387196540833,
          "Top": 0.3994116187095642
        },
        "Polygon": [
          {
            "X": 0.6245516538619995,
            "Y": 0.3994116187095642
          },
          {
            "X": 0.6734554767608643,
            "Y": 0.39985260367393494
          },
          {
            "X": 0.6734431385993958,
            "Y": 0.4053432047367096
          },
          {
            "X": 0.6245387196540833,
            "Y": 0.4049026370048523
          }
        ]
      },
      "Id": "271bbd3f-c567-402e-9ccb-33cf4af83f60",
      "Relationships": [
        {
          "Type": "CHILD",
          "Ids": [
            "15fa0c18-b597-446c-bd22-448921655c2e"
          ]
        }
      ],
      "Page": 1
    },
    {
      "BlockType": "LINE",
      "Confidence": 90.01880645751953,
      "Text": "Como construe sistemas multimodais?",
      "Geometry": {
        "BoundingBox": {
          "Width": 0.12875555455684662,
          "Height": 0.009050252847373486,
          "Left": 0.6116731762886047,
          "Top": 0.42349961400032043
        },
        "Polygon": [
          {
            "X": 0.611691951751709,
            "Y": 0.42349961400032043
          },
          {
            "X": 0.7404286861419678,
            "Y": 0.42465561628341675
          },
          {
            "X": 0.7404121160507202,
            "Y": 0.4325498640537262
          },
          {
            "X": 0.6116731762886047,
            "Y": 0.43139544129371643
          }
        ]
      },
      "Id": "38692b95-c798-47f7-a0e3-31c498263ee1",
      "Relationships": [
        {
          "Type": "CHILD",
          "Ids": [
            "1d89118b-ec7a-4b74-b32e-a074052f3038",
            "189744ef-bf50-47a4-af84-b89fb4e98ef9",
            "720ad506-26d5-4403-b2e7-f20db1a34ada",
            "e412ef9f-6348-4d09-b461-5638b13682a9"
          ]
        }
      ],
      "Page": 1
    },
    {
      "BlockType": "WORD",
      "Confidence": 85.72782897949219,
      "Text": "agentes?",
      "TextType": "PRINTED",
      "Geometry": {
        "BoundingBox": {
          "Width": 0.02639576978981495,
          "Height": 0.007114172913134098,
          "Left": 0.649070680141449,
          "Top": 0.2866552174091339
        },
        "Polygon": [
          {
            "X": 0.6490864753723145,
            "Y": 0.2866552174091339
          },
          {
            "X": 0.6754664182662964,
            "Y": 0.28689777851104736
          },
          {
            "X": 0.6754510402679443,
            "Y": 0.29376938939094543
          },
          {
            "X": 0.649070680141449,
            "Y": 0.29352709650993347
          }
        ]
      },
      "Id": "f7e70b68-5e79-4fed-8f34-89134639d17a",
      "Page": 1
    },
    {
      "BlockType": "WORD",
      "Confidence": 99.5797119140625,
      "Text": "aws",
      "TextType": "PRINTED",
      "Geometry": {
        "BoundingBox": {
          "Width": 0.1616584062576294,
          "Height": 0.04706508666276932,
          "Left": 0.002522082068026066,
          "Top": 0.29573655128479004
        },
        "Polygon": [
          {
            "X": 0.0026908698491752148,
            "Y": 0.29573655128479004
          },
          {
            "X": 0.16418048739433289,
            "Y": 0.2972176969051361
          },
          {
            "X": 0.16402770578861237,
            "Y": 0.34280166029930115
          },
          {
            "X": 0.002522082068026066,
            "Y": 0.34133192896842957
          }
        ]
      },
      "Id": "24a5c649-9138-4cf8-80a0-50bf1ab31a9c",
      "Page": 1
    },
    {
      "BlockType": "WORD",
      "Confidence": 97.5926742553711,
      "Text": "2025",
      "TextType": "PRINTED",
      "Geometry": {
        "BoundingBox": {
          "Width": 0.08441709727048874,
          "Height": 0.022934500128030777,
          "Left": 0.35402771830558777,
          "Top": 0.30518999695777893
        },
        "Polygon": [
          {
            "X": 0.35409286618232727,
            "Y": 0.30518999695777893
          },
          {
            "X": 0.4384447932243347,
            "Y": 0.30596283078193665
          },
          {
            "X": 0.43838369846343994,
            "Y": 0.3281244933605194
          },
          {
            "X": 0.35402771830558777,
            "Y": 0.3273545503616333
          }
        ]
      },
      "Id": "1b009ab9-41ec-4951-a990-294228fa6c5e",
      "Page": 1
    },
    {
      "BlockType": "WORD",
      "Confidence": 99.13121032714844,
      "Text": "aws",
      "TextType": "PRINTED",
      "Geometry": {
        "BoundingBox": {
          "Width": 0.08205168694257736,
          "Height": 0.026826979592442513,
          "Left": 0.8492748141288757,
          "Top": 0.32292890548706055
        },
        "Polygon": [
          {
            "X": 0.8493235111236572,
            "Y": 0.32292890548706055
          },
          {
            "X": 0.9313265085220337,
            "Y": 0.32367849349975586
          },
          {
            "X": 0.9312824606895447,
            "Y": 0.3497558832168579
          },
          {
            "X": 0.8492748141288757,
            "Y": 0.34900960326194763
          }
        ]
      },
      "Id": "b5d0bec9-1531-42cf-ba78-78400f540b11",
      "Page": 1
    },
    {
      "BlockType": "WORD",
      "Confidence": 99.17981719970703,
      "Text": "Clo",
      "TextType": "PRINTED",
      "Geometry": {
        "BoundingBox": {
          "Width": 0.022119518369436264,
          "Height": 0.011253166943788528,
          "Left": 0.9778804779052734,
          "Top": 0.3303498923778534
        },
        "Polygon": [
          {
            "X": 0.9778980016708374,
            "Y": 0.3303498923778534
          },
          {
            "X": 1,
            "Y": 0.33055394887924194
          },
          {
            "X": 1,
            "Y": 0.34160304069519043
          },
          {
            "X": 0.9778804779052734,
            "Y": 0.3413993716239929
          }
        ]
      },
      "Id": "f50387c6-7cc0-446a-92a0-0e14562a2b3e",
      "Page": 1
    },
    {
      "BlockType": "WORD",
      "Confidence": 99.73587799072266,
      "Text": "ano",
      "TextType": "PRINTED",
      "Geometry": {
        "BoundingBox": {
          "Width": 0.038142599165439606,
          "Height": 0.012022416107356548,
          "Left": 0.32885539531707764,
          "Top": 0.33362624049186707
        },
        "Polygon": [
          {
            "X": 0.3288903534412384,
            "Y": 0.33362624049186707
          },
          {
            "X": 0.36699798703193665,
            "Y": 0.33397364616394043
          },
          {
            "X": 0.3669639825820923,
            "Y": 0.3456486463546753
          },
          {
            "X": 0.32885539531707764,
            "Y": 0.34530189633369446
          }
        ]
      },
      "Id": "b472fe22-d28c-4e9d-a714-0b0d272e9290",
      "Page": 1
    },
    {
      "BlockType": "WORD",
      "Confidence": 99.83744812011719,
      "Text": "do",
      "TextType": "PRINTED",
      "Geometry": {
        "BoundingBox": {
          "Width": 0.02548128552734852,
          "Height": 0.014233713038265705,
          "Left": 0.3733435869216919,
          "Top": 0.3330877721309662
        },
        "Polygon": [
          {
            "X": 0.37338417768478394,
            "Y": 0.3330877721309662
          },
          {
            "X": 0.39882487058639526,
            "Y": 0.333319753408432
          },
          {
            "X": 0.3987850546836853,
            "Y": 0.347321480512619
          },
          {
            "X": 0.3733435869216919,
            "Y": 0.34709006547927856
          }
        ]
      },
      "Id": "9253c203-f5ee-44cf-91ca-ecc24f8da3cf",
      "Page": 1
    },
    {
      "BlockType": "WORD",
      "Confidence": 99.81917572021484,
      "Text": "valor",
      "TextType": "PRINTED",
      "Geometry": {
        "BoundingBox": {
          "Width": 0.05133527144789696,
          "Height": 0.015645287930965424,
          "Left": 0.40395453572273254,
          "Top": 0.33487287163734436
        },
        "Polygon": [
          {
            "X": 0.403997540473938,
            "Y": 0.33487287163734436
          },
          {
            "X": 0.4552898108959198,
            "Y": 0.3353404402732849
          },
          {
            "X": 0.45524853467941284,
            "Y": 0.350518137216568
          },
          {
            "X": 0.40395453572273254,
            "Y": 0.35005179047584534
          }
        ]
      },
      "Id": "4c2e3186-c098-4a07-84b2-678b5ebeaecd",
      "Page": 1
    },
    {
      "BlockType": "WORD",
      "Confidence": 99.7894515991211,
      "Text": "ao",
      "TextType": "PRINTED",
      "Geometry": {
        "BoundingBox": {
          "Width": 0.023032046854496002,
          "Height": 0.010131733492016792,
          "Left": 0.4594348669052124,
          "Top": 0.3416939973831177
        },
        "Polygon": [
          {
            "X": 0.4594617784023285,
            "Y": 0.3416939973831177
          },
          {
            "X": 0.4824669063091278,
            "Y": 0.3419035077095032
          },
          {
            "X": 0.4824405014514923,
            "Y": 0.3518257439136505
          },
          {
            "X": 0.4594348669052124,
            "Y": 0.35161662101745605
          }
        ]
      },
      "Id": "0397f5af-a6e8-4b76-815d-51a8834a4140",
      "Page": 1
    },
    {
      "BlockType": "WORD",
      "Confidence": 70.55851745605469,
      "Text": "Come",
      "TextType": "PRINTED",
      "Geometry": {
        "BoundingBox": {
          "Width": 0.01838541030883789,
          "Height": 0.005470477510243654,
          "Left": 0.5562383532524109,
          "Top": 0.3367253541946411
        },
        "Polygon": [
          {
            "X": 0.556251585483551,
            "Y": 0.3367253541946411
          },
          {
            "X": 0.5746237635612488,
            "Y": 0.33689284324645996
          },
          {
            "X": 0.574610710144043,
            "Y": 0.3421958386898041
          },
          {
            "X": 0.5562383532524109,
            "Y": 0.34202852845191956
          }
        ]
      },
      "Id": "abb0cbcc-830c-4fce-8edb-53d288bdcf4c",
      "Page": 1
    },
    {
      "BlockType": "WORD",
      "Confidence": 74.66056060791016,
      "Text": "ter",
      "TextType": "PRINTED",
      "Geometry": {
        "BoundingBox": {
          "Width": 0.009271834045648575,
          "Height": 0.004869604017585516,
          "Left": 0.5768503546714783,
          "Top": 0.338243305683136
        },
        "Polygon": [
          {
            "X": 0.5768621563911438,
            "Y": 0.338243305683136
          },
          {
            "X": 0.5861222147941589,
            "Y": 0.33832767605781555
          },
          {
            "X": 0.586110532283783,
            "Y": 0.34311288595199585
          },
          {
            "X": 0.5768503546714783,
            "Y": 0.34302857518196106
          }
        ]
      },
      "Id": "2b157ad3-e475-43fb-9823-bd9ef8b465e8",
      "Page": 1
    },
    {
      "BlockType": "WORD",
      "Confidence": 83.39217376708984,
      "Text": "todos",
      "TextType": "PRINTED",
      "Geometry": {
        "BoundingBox": {
          "Width": 0.018778778612613678,
          "Height": 0.005514479707926512,
          "Left": 0.5878222584724426,
          "Top": 0.3387620449066162
        },
        "Polygon": [
          {
            "X": 0.5878352522850037,
            "Y": 0.3387620449066162
          },
          {
            "X": 0.6066010594367981,
            "Y": 0.3389330506324768
          },
          {
            "X": 0.6065882444381714,
            "Y": 0.3442765176296234
          },
          {
            "X": 0.5878222584724426,
            "Y": 0.34410566091537476
          }
        ]
      },
      "Id": "077242a2-eb50-462b-a5eb-a3780344025c",
      "Page": 1
    },
    {
      "BlockType": "WORD",
      "Confidence": 86.10002136230469,
      "Text": "colaboradores",
      "TextType": "PRINTED",
      "Geometry": {
        "BoundingBox": {
          "Width": 0.045558635145425797,
          "Height": 0.006609117612242699,
          "Left": 0.6069000363349915,
          "Top": 0.33960774540901184
        },
        "Polygon": [
          {
            "X": 0.6069148778915405,
            "Y": 0.33960774540901184
          },
          {
            "X": 0.652458667755127,
            "Y": 0.3400227129459381
          },
          {
            "X": 0.6524444818496704,
            "Y": 0.3462168574333191
          },
          {
            "X": 0.6069000363349915,
            "Y": 0.34580233693122864
          }
        ]
      },
      "Id": "043de52a-d89d-42e0-8cf2-c66793b58415",
      "Page": 1
    },
    {
      "BlockType": "WORD",
      "Confidence": 19.83437156677246,
      "Text": "adotandoJAT",
      "TextType": "PRINTED",
      "Geometry": {
        "BoundingBox": {
          "Width": 0.04089989513158798,
          "Height": 0.005808097776025534,
          "Left": 0.6535940170288086,
          "Top": 0.3426268398761749
        },
        "Polygon": [
          {
            "X": 0.6536064147949219,
            "Y": 0.3426268398761749
          },
          {
            "X": 0.6944938898086548,
            "Y": 0.3429992198944092
          },
          {
            "X": 0.6944819092750549,
            "Y": 0.3484349548816681
          },
          {
            "X": 0.6535940170288086,
            "Y": 0.3480629026889801
          }
        ]
      },
      "Id": "86ec52c8-374e-4e33-9a85-835419f13322",
      "Page": 1
    },
    {
      "BlockType": "WORD",
      "Confidence": 15.20071029663086,
      "Text": "e",
      "TextType": "PRINTED",
      "Geometry": {
        "BoundingBox": {
          "Width": 0.01882016286253929,
          "Height": 0.011756887659430504,
          "Left": 0.7247269153594971,
          "Top": 0.3425394594669342
        },
        "Polygon": [
          {
            "X": 0.7247516512870789,
            "Y": 0.3425394594669342
          },
          {
            "X": 0.7435470819473267,
            "Y": 0.3427106738090515
          },
          {
            "X": 0.7435227632522583,
            "Y": 0.35429635643959045
          },
          {
            "X": 0.7247269153594971,
            "Y": 0.3541254997253418
          }
        ]
      },
      "Id": "e58621d7-75dc-4b13-8e9d-169c9ef32338",
      "Page": 1
    },
    {
      "BlockType": "WORD",
      "Confidence": 86.7446517944336,
      "Text": "Exp",
      "TextType": "PRINTED",
      "Geometry": {
        "BoundingBox": {
          "Width": 0.020321384072303772,
          "Height": 0.011495009995996952,
          "Left": 0.9787356853485107,
          "Top": 0.3465024530887604
        },
        "Polygon": [
          {
            "X": 0.9787536263465881,
            "Y": 0.3465024530887604
          },
          {
            "X": 0.9990570545196533,
            "Y": 0.34668734669685364
          },
          {
            "X": 0.9990396499633789,
            "Y": 0.35799747705459595
          },
          {
            "X": 0.9787356853485107,
            "Y": 0.35781294107437134
          }
        ]
      },
      "Id": "3fb0b169-ee20-4537-ba85-13417d42d7a5",
      "Page": 1
    },
    {
      "BlockType": "WORD",
      "Confidence": 93.9062271118164,
      "Text": "negócio",
      "TextType": "PRINTED",
      "Geometry": {
        "BoundingBox": {
          "Width": 0.07830088585615158,
          "Height": 0.017123041674494743,
          "Left": 0.3562414348125458,
          "Top": 0.35357043147087097
        },
        "Polygon": [
          {
            "X": 0.3562895953655243,
            "Y": 0.35357043147087097
          },
          {
            "X": 0.43454229831695557,
            "Y": 0.3542814552783966
          },
          {
            "X": 0.4344969391822815,
            "Y": 0.37069347500801086
          },
          {
            "X": 0.3562414348125458,
            "Y": 0.3699844777584076
          }
        ]
      },
      "Id": "f8b51333-600a-4579-9263-405af21ac9ce",
      "Page": 1
    },
    {
      "BlockType": "WORD",
      "Confidence": 99.77848052978516,
      "Text": "20",
      "TextType": "PRINTED",
      "Geometry": {
        "BoundingBox": {
          "Width": 0.01873932033777237,
          "Height": 0.01162551250308752,
          "Left": 0.9786868691444397,
          "Top": 0.36195898056030273
        },
        "Polygon": [
          {
            "X": 0.9787050485610962,
            "Y": 0.36195898056030273
          },
          {
            "X": 0.9974262118339539,
            "Y": 0.36212900280952454
          },
          {
            "X": 0.9974085092544556,
            "Y": 0.37358447909355164
          },
          {
            "X": 0.9786868691444397,
            "Y": 0.3734148144721985
          }
        ]
      },
      "Id": "b1331fe4-00a9-4b12-8e2f-ac1cba1c84ff",
      "Page": 1
    },
    {
      "BlockType": "WORD",
      "Confidence": 63.54023742675781,
      "Text": "Quain",
      "TextType": "PRINTED",
      "Geometry": {
        "BoundingBox": {
          "Width": 0.016707541421055794,
          "Height": 0.004989663604646921,
          "Left": 0.5898064970970154,
          "Top": 0.3670858144760132
        },
        "Polygon": [
          {
            "X": 0.5898182988166809,
            "Y": 0.3670858144760132
          },
          {
            "X": 0.6065140962600708,
            "Y": 0.3672372102737427
          },
          {
            "X": 0.6065024733543396,
            "Y": 0.37207546830177307
          },
          {
            "X": 0.5898064970970154,
            "Y": 0.37192419171333313
          }
        ]
      },
      "Id": "b88fb7ca-e701-4045-8c0a-14b1d388baa7",
      "Page": 1
    },
    {
      "BlockType": "WORD",
      "Confidence": 94.83172607421875,
      "Text": "politicas",
      "TextType": "PRINTED",
      "Geometry": {
        "BoundingBox": {
          "Width": 0.027505170553922653,
          "Height": 0.005668411497026682,
          "Left": 0.6087116003036499,
          "Top": 0.3678557574748993
        },
        "Polygon": [
          {
            "X": 0.6087245345115662,
            "Y": 0.3678557574748993
          },
          {
            "X": 0.6362167596817017,
            "Y": 0.36810502409935
          },
          {
            "X": 0.6362041234970093,
            "Y": 0.37352415919303894
          },
          {
            "X": 0.6087116003036499,
            "Y": 0.37327513098716736
          }
        ]
      },
      "Id": "908f5eac-e031-41fd-be79-70c1cdb038a7",
      "Page": 1
    },
    {
      "BlockType": "WORD",
      "Confidence": 93.00138092041016,
      "Text": "regulações",
      "TextType": "PRINTED",
      "Geometry": {
        "BoundingBox": {
          "Width": 0.03485817462205887,
          "Height": 0.007002963684499264,
          "Left": 0.6401068568229675,
          "Top": 0.36908838152885437
        },
        "Polygon": [
          {
            "X": 0.6401223540306091,
            "Y": 0.36908838152885437
          },
          {
            "X": 0.6749650239944458,
            "Y": 0.36940425634384155
          },
          {
            "X": 0.6749500036239624,
            "Y": 0.3760913610458374
          },
          {
            "X": 0.6401068568229675,
            "Y": 0.37577584385871887
          }
        ]
      },
      "Id": "212b4097-f878-4009-9421-a5170475b0b3",
      "Page": 1
    },
    {
      "BlockType": "WORD",
      "Confidence": 45.68280029296875,
      "Text": "devo estar",
      "TextType": "PRINTED",
      "Geometry": {
        "BoundingBox": {
          "Width": 0.03175722807645798,
          "Height": 0.006458350457251072,
          "Left": 0.6775279641151428,
          "Top": 0.3707088530063629
        },
        "Polygon": [
          {
            "X": 0.6775417327880859,
            "Y": 0.3707088530063629
          },
          {
            "X": 0.7092851996421814,
            "Y": 0.3709965646266937
          },
          {
            "X": 0.7092717885971069,
            "Y": 0.3771671950817108
          },
          {
            "X": 0.6775279641151428,
            "Y": 0.37687981128692627
          }
        ]
      },
      "Id": "80b5869e-0187-4b65-8baf-2c4b61a40b5a",
      "Page": 1
    },
    {
      "BlockType": "WORD",
      "Confidence": 90.9827651977539,
      "Text": "atento?",
      "TextType": "PRINTED",
      "Geometry": {
        "BoundingBox": {
          "Width": 0.024128081277012825,
          "Height": 0.006113918498158455,
          "Left": 0.7104342579841614,
          "Top": 0.3718855679035187
        },
        "Polygon": [
          {
            "X": 0.7104470133781433,
            "Y": 0.3718855679035187
          },
          {
            "X": 0.734562337398529,
            "Y": 0.37210407853126526
          },
          {
            "X": 0.734549880027771,
            "Y": 0.377999484539032
          },
          {
            "X": 0.7104342579841614,
            "Y": 0.3777811527252197
          }
        ]
      },
      "Id": "0063505d-c3d5-42b9-9282-1a8437af844d",
      "Page": 1
    },
    {
      "BlockType": "WORD",
      "Confidence": 56.018714904785156,
      "Text": "Quah",
      "TextType": "PRINTED",
      "Geometry": {
        "BoundingBox": {
          "Width": 0.0182420015335083,
          "Height": 0.005439843982458115,
          "Left": 0.4934144616127014,
          "Top": 0.386747807264328
        },
        "Polygon": [
          {
            "X": 0.4934283494949341,
            "Y": 0.386747807264328
          },
          {
            "X": 0.5116564631462097,
            "Y": 0.3869125247001648
          },
          {
            "X": 0.5116427540779114,
            "Y": 0.3921876549720764
          },
          {
            "X": 0.4934144616127014,
            "Y": 0.39202308654785156
          }
        ]
      },
      "Id": "81b4ce13-9f41-4c38-958f-51b2295e3d0b",
      "Page": 1
    },
    {
      "BlockType": "WORD",
      "Confidence": 39.91001510620117,
      "Text": "os",
      "TextType": "PRINTED",
      "Geometry": {
        "BoundingBox": {
          "Width": 0.008104308508336544,
          "Height": 0.004983945749700069,
          "Left": 0.5137314796447754,
          "Top": 0.38776895403862
        },
        "Polygon": [
          {
            "X": 0.5137441754341125,
            "Y": 0.38776895403862
          },
          {
            "X": 0.5218357443809509,
            "Y": 0.387842059135437
          },
          {
            "X": 0.5218231081962585,
            "Y": 0.39275288581848145
          },
          {
            "X": 0.5137314796447754,
            "Y": 0.3926798701286316
          }
        ]
      },
      "Id": "66f5b900-ca02-4bb1-94a6-aeaebdaf7ca4",
      "Page": 1
    },
    {
      "BlockType": "WORD",
      "Confidence": 96.3672103881836,
      "Text": "modelos",
      "TextType": "PRINTED",
      "Geometry": {
        "BoundingBox": {
          "Width": 0.028606848791241646,
          "Height": 0.00653695547953248,
          "Left": 0.522810697555542,
          "Top": 0.3873612880706787
        },
        "Polygon": [
          {
            "X": 0.5228269100189209,
            "Y": 0.3873612880706787
          },
          {
            "X": 0.5514175891876221,
            "Y": 0.38761961460113525
          },
          {
            "X": 0.5514017939567566,
            "Y": 0.39389824867248535
          },
          {
            "X": 0.522810697555542,
            "Y": 0.3936401903629303
          }
        ]
      },
      "Id": "0e04e29b-86c9-42a0-b64b-afabd844054f",
      "Page": 1
    },
    {
      "BlockType": "WORD",
      "Confidence": 87.87879943847656,
      "Text": "de",
      "TextType": "PRINTED",
      "Geometry": {
        "BoundingBox": {
          "Width": 0.009412483312189579,
          "Height": 0.0054415990598499775,
          "Left": 0.551973819732666,
          "Top": 0.3889196813106537
        },
        "Polygon": [
          {
            "X": 0.5519872903823853,
            "Y": 0.3889196813106537
          },
          {
            "X": 0.5613863468170166,
            "Y": 0.38900458812713623
          },
          {
            "X": 0.5613729953765869,
            "Y": 0.394361287355423
          },
          {
            "X": 0.551973819732666,
            "Y": 0.3942764699459076
          }
        ]
      },
      "Id": "aa158af7-f90d-4770-a95e-ea01681969c8",
      "Page": 1
    },
    {
      "BlockType": "WORD",
      "Confidence": 65.25923156738281,
      "Text": "dominia",
      "TextType": "PRINTED",
      "Geometry": {
        "BoundingBox": {
          "Width": 0.026106510311365128,
          "Height": 0.0056335278786718845,
          "Left": 0.562748908996582,
          "Top": 0.3895157277584076
        },
        "Polygon": [
          {
            "X": 0.5627623796463013,
            "Y": 0.3895157277584076
          },
          {
            "X": 0.5888554453849792,
            "Y": 0.3897514045238495
          },
          {
            "X": 0.5888423323631287,
            "Y": 0.39514926075935364
          },
          {
            "X": 0.562748908996582,
            "Y": 0.39491379261016846
          }
        ]
      },
      "Id": "83f9913c-cd26-49f2-b239-99032c080ef4",
      "Page": 1
    },
    {
      "BlockType": "WORD",
      "Confidence": 89.10812377929688,
      "Text": "especifico?",
      "TextType": "PRINTED",
      "Geometry": {
        "BoundingBox": {
          "Width": 0.03595767170190811,
          "Height": 0.006788276135921478,
          "Left": 0.5231789946556091,
          "Top": 0.39507758617401123
        },
        "Polygon": [
          {
            "X": 0.5231956243515015,
            "Y": 0.39507758617401123
          },
          {
            "X": 0.559136688709259,
            "Y": 0.39540189504623413
          },
          {
            "X": 0.5591205358505249,
            "Y": 0.4018658697605133
          },
          {
            "X": 0.5231789946556091,
            "Y": 0.40154194831848145
          }
        ]
      },
      "Id": "51a2ffea-ae4d-4920-b369-ba6bfc82b294",
      "Page": 1
    },
    {
      "BlockType": "WORD",
      "Confidence": 61.703651428222656,
      "Text": "Como-extrai",
      "TextType": "PRINTED",
      "Geometry": {
        "BoundingBox": {
          "Width": 0.03954066336154938,
          "Height": 0.0060741533525288105,
          "Left": 0.6243480443954468,
          "Top": 0.3919258415699005
        },
        "Polygon": [
          {
            "X": 0.624361515045166,
            "Y": 0.3919258415699005
          },
          {
            "X": 0.6638887524604797,
            "Y": 0.39228275418281555
          },
          {
            "X": 0.6638757586479187,
            "Y": 0.39800000190734863
          },
          {
            "X": 0.6243480443954468,
            "Y": 0.39764344692230225
          }
        ]
      },
      "Id": "4af1d0b6-5193-4ae4-9f9f-faf34802d1dc",
      "Page": 1
    },
    {
      "BlockType": "WORD",
      "Confidence": 55.443511962890625,
      "Text": "Inteligência",
      "TextType": "PRINTED",
      "Geometry": {
        "BoundingBox": {
          "Width": 0.034471966326236725,
          "Height": 0.007090600207448006,
          "Left": 0.6668558716773987,
          "Top": 0.39317771792411804
        },
        "Polygon": [
          {
            "X": 0.666871190071106,
            "Y": 0.39317771792411804
          },
          {
            "X": 0.7013278007507324,
            "Y": 0.3934887945652008
          },
          {
            "X": 0.7013130187988281,
            "Y": 0.4002683162689209
          },
          {
            "X": 0.6668558716773987,
            "Y": 0.3999575972557068
          }
        ]
      },
      "Id": "410fd105-13ea-4876-85e8-323db8f98526",
      "Page": 1
    },
    {
      "BlockType": "WORD",
      "Confidence": 71.75741577148438,
      "Text": "de",
      "TextType": "PRINTED",
      "Geometry": {
        "BoundingBox": {
          "Width": 0.006658944301307201,
          "Height": 0.005494705867022276,
          "Left": 0.7033420205116272,
          "Top": 0.3947385251522064
        },
        "Polygon": [
          {
            "X": 0.7033538818359375,
            "Y": 0.3947385251522064
          },
          {
            "X": 0.7100009918212891,
            "Y": 0.39479851722717285
          },
          {
            "X": 0.7099891901016235,
            "Y": 0.4002332389354706
          },
          {
            "X": 0.7033420205116272,
            "Y": 0.40017327666282654
          }
        ]
      },
      "Id": "25b9115f-433a-410e-8c4a-8f1753c57494",
      "Page": 1
    },
    {
      "BlockType": "WORD",
      "Confidence": 48.79977798461914,
      "Text": "multimodal.",
      "TextType": "PRINTED",
      "Geometry": {
        "BoundingBox": {
          "Width": 0.04015578329563141,
          "Height": 0.006175377406179905,
          "Left": 0.7122315168380737,
          "Top": 0.39550474286079407
        },
        "Polygon": [
          {
            "X": 0.7122440934181213,
            "Y": 0.39550474286079407
          },
          {
            "X": 0.752387285232544,
            "Y": 0.3958670496940613
          },
          {
            "X": 0.7523752450942993,
            "Y": 0.4016801118850708
          },
          {
            "X": 0.7122315168380737,
            "Y": 0.40131819248199463
          }
        ]
      },
      "Id": "7de80f7c-9c89-4292-b610-84da7f91c28a",
      "Page": 1
    },
    {
      "BlockType": "WORD",
      "Confidence": 69.08477783203125,
      "Text": "Visio",
      "TextType": "PRINTED",
      "Geometry": {
        "BoundingBox": {
          "Width": 0.017074009403586388,
          "Height": 0.0054574450477957726,
          "Left": 0.7531614899635315,
          "Top": 0.3968943655490875
        },
        "Polygon": [
          {
            "X": 0.7531725168228149,
            "Y": 0.3968943655490875
          },
          {
            "X": 0.770235538482666,
            "Y": 0.39704835414886475
          },
          {
            "X": 0.7702246904373169,
            "Y": 0.40235182642936707
          },
          {
            "X": 0.7531614899635315,
            "Y": 0.4021979868412018
          }
        ]
      },
      "Id": "d0abe736-52d2-424c-87cc-ea9f2fa9ffec",
      "Page": 1
    },
    {
      "BlockType": "WORD",
      "Confidence": 75.48982238769531,
      "Text": "computacional",
      "TextType": "PRINTED",
      "Geometry": {
        "BoundingBox": {
          "Width": 0.048916708678007126,
          "Height": 0.0059316097758710384,
          "Left": 0.6245387196540833,
          "Top": 0.3994116187095642
        },
        "Polygon": [
          {
            "X": 0.6245516538619995,
            "Y": 0.3994116187095642
          },
          {
            "X": 0.6734554767608643,
            "Y": 0.39985260367393494
          },
          {
            "X": 0.6734431385993958,
            "Y": 0.4053432047367096
          },
          {
            "X": 0.6245387196540833,
            "Y": 0.4049026370048523
          }
        ]
      },
      "Id": "15fa0c18-b597-446c-bd22-448921655c2e",
      "Page": 1
    },
    {
      "BlockType": "WORD",
      "Confidence": 95.3963394165039,
      "Text": "Como",
      "TextType": "PRINTED",
      "Geometry": {
        "BoundingBox": {
          "Width": 0.019661379978060722,
          "Height": 0.005134187638759613,
          "Left": 0.6116801500320435,
          "Top": 0.42349961400032043
        },
        "Polygon": [
          {
            "X": 0.611691951751709,
            "Y": 0.42349961400032043
          },
          {
            "X": 0.6313415169715881,
            "Y": 0.423676073551178
          },
          {
            "X": 0.6313299536705017,
            "Y": 0.42863380908966064
          },
          {
            "X": 0.6116801500320435,
            "Y": 0.4284575283527374
          }
        ]
      },
      "Id": "1d89118b-ec7a-4b74-b32e-a074052f3038",
      "Page": 1
    },
    {
      "BlockType": "WORD",
      "Confidence": 95.43695831298828,
      "Text": "construe",
      "TextType": "PRINTED",
      "Geometry": {
        "BoundingBox": {
          "Width": 0.03103761002421379,
          "Height": 0.005709887947887182,
          "Left": 0.6330273151397705,
          "Top": 0.4243328273296356
        },
        "Polygon": [
          {
            "X": 0.6330400109291077,
            "Y": 0.4243328273296356
          },
          {
            "X": 0.6640649437904358,
            "Y": 0.4246113896369934
          },
          {
            "X": 0.6640526056289673,
            "Y": 0.43004271388053894
          },
          {
            "X": 0.6330273151397705,
            "Y": 0.42976441979408264
          }
        ]
      },
      "Id": "189744ef-bf50-47a4-af84-b89fb4e98ef9",
      "Page": 1
    },
    {
      "BlockType": "WORD",
      "Confidence": 99.24683380126953,
      "Text": "sistemas",
      "TextType": "PRINTED",
      "Geometry": {
        "BoundingBox": {
          "Width": 0.028374919667840004,
          "Height": 0.005942402873188257,
          "Left": 0.6650353670120239,
          "Top": 0.42499029636383057
        },
        "Polygon": [
          {
            "X": 0.6650482416152954,
            "Y": 0.42499029636383057
          },
          {
            "X": 0.6934102773666382,
            "Y": 0.42524492740631104
          },
          {
            "X": 0.6933977603912354,
            "Y": 0.4309327006340027
          },
          {
            "X": 0.6650353670120239,
            "Y": 0.4306783080101013
          }
        ]
      },
      "Id": "720ad506-26d5-4403-b2e7-f20db1a34ada",
      "Page": 1
    },
    {
      "BlockType": "WORD",
      "Confidence": 69.99510192871094,
      "Text": "multimodais?",
      "TextType": "PRINTED",
      "Geometry": {
        "BoundingBox": {
          "Width": 0.04474147409200668,
          "Height": 0.006422553677111864,
          "Left": 0.6956833004951477,
          "Top": 0.4261273145675659
        },
        "Polygon": [
          {
            "X": 0.6956965327262878,
            "Y": 0.4261273145675659
          },
          {
            "X": 0.7404247522354126,
            "Y": 0.42652884125709534
          },
          {
            "X": 0.7404121160507202,
            "Y": 0.4325498640537262
          },
          {
            "X": 0.6956833004951477,
            "Y": 0.4321487843990326
          }
        ]
      },
      "Id": "e412ef9f-6348-4d09-b461-5638b13682a9",
      "Page": 1
    }
  ],
  "DetectDocumentTextModelVersion": "1.0"
}