{
  "DocumentMetadata": {
    "Pages": 1
  },
  "JobStatus": "SUCCEEDED",
  "Blocks": [
    {
      "BlockType": "PAGE",
      "Geometry": {
        "BoundingBox": {
          "Width": 1,
          "Height": 1,
          "Left": 0,
          "Top": 0
        },
        "Polygon": [
          {
            "X": 0.001478087971918285,
            "Y": 0
          },
          {
            "X": 1,
            "Y": 0.001222536200657487
          },
          {
            "X": 0.9999039769172668,
            "Y": 1
          },
          {
            "X": 0,
            "Y": 0.999404788017273
          }
        ]
      },
      "Id": "38c13294-c4c3-410d-86bb-113774743bf6",
      "Relationships": [
        {
          "Type": "CHILD",
          "Ids": [
            "30055081-25c2-49c7-a3fa-e9dadf0d58c2",
            "ed859a5c-5717-45de-90e7-4ca71620ffcd",
            "b5154c3c-e686-471a-886b-0c9d2c0fb725",
            "4ef5c1f0-1b57-442b-b1dd-de359e44155e",
            "c279d040-fece-4b7f-8974-98b836c9f8c9",
            "62a5bc8d-09f0-4ba7-b51b-c4f6272b27b5",
            "82908bb7-ab26-4ba9-970a-6818a0bb27c8",
            "215dc371-7382-4508-bf6a-82cc5f66320e",
            "b19fd195-a646-43b2-a545-9071e6af9d17",
            "e9e096d4-2eec-4f7c-a74b-1ab7a2117ab4",
            "e8128d57-0f18-42a2-befb-3f3d51428494"
          ]
        }
      ],
      "Page": 1
    },
    {
      "BlockType": "LINE",
      "Confidence": 98.44795989990234,
      "Text": "Lento, mas na",
      "Geometry": {
        "BoundingBox": {
          "Width": 0.08368097245693207,
          "Height": 0.012952281162142754,
          "Left": 0.47880300879478455,
          "Top": 0.33353567123413086
        },
        "Polygon": [
          {
            "X": 0.47918054461479187,
            "Y": 0.33353567123413086
          },
          {
            "X": 0.5624839663505554,
            "Y": 0.3364430367946625
          },
          {
            "X": 0.5621131658554077,
            "Y": 0.34648796916007996
          },
          {
            "X": 0.47880300879478455,
            "Y": 0.3435822129249573
          }
        ]
      },
      "Id": "30055081-25c2-49c7-a3fa-e9dadf0d58c2",
      "Relationships": [
        {
          "Type": "CHILD",
          "Ids": [
            "9d6ff858-e15a-43a9-a7ef-50fb717eca6a",
            "633be4c6-9d89-47b5-a04f-bb00fcdda0c7",
            "f713a2c6-ab05-43b1-a855-bec343794fb7"
          ]
        }
      ],
      "Page": 1
    },
    {
      "BlockType": "LINE",
      "Confidence": 99.68389129638672,
      "Text": "aws",
      "Geometry": {
        "BoundingBox": {
          "Width": 0.1596081554889679,
          "Height": 0.050588518381118774,
          "Left": 0.04351770877838135,
          "Top": 0.3167175054550171
        },
        "Polygon": [
          {
            "X": 0.04536772891879082,
            "Y": 0.3167175054550171
          },
          {
            "X": 0.20312586426734924,
            "Y": 0.3222239911556244
          },
          {
            "X": 0.20133289694786072,
            "Y": 0.36730602383613586
          },
          {
            "X": 0.04351770877838135,
            "Y": 0.3618133068084717
          }
        ]
      },
      "Id": "ed859a5c-5717-45de-90e7-4ca71620ffcd",
      "Relationships": [
        {
          "Type": "CHILD",
          "Ids": [
            "1ccd757b-fc7e-4e7c-9074-8323cba72150"
          ]
        }
      ],
      "Page": 1
    },
    {
      "BlockType": "LINE",
      "Confidence": 98.62498474121094,
      "Text": "Rápido na mesma",
      "Geometry": {
        "BoundingBox": {
          "Width": 0.10087984055280685,
          "Height": 0.014615812338888645,
          "Left": 0.6021167039871216,
          "Top": 0.34166738390922546
        },
        "Polygon": [
          {
            "X": 0.6025233864784241,
            "Y": 0.34166738390922546
          },
          {
            "X": 0.702996551990509,
            "Y": 0.3451731204986572
          },
          {
            "X": 0.7025988101959229,
            "Y": 0.35628318786621094
          },
          {
            "X": 0.6021167039871216,
            "Y": 0.3527795970439911
          }
        ]
      },
      "Id": "b5154c3c-e686-471a-886b-0c9d2c0fb725",
      "Relationships": [
        {
          "Type": "CHILD",
          "Ids": [
            "b99176b7-6adb-4da1-9353-8507037f7d8c",
            "7f2541e1-fce9-48ac-b83c-f17385975837",
            "93787d73-e467-41bf-8ae5-dad8d2197408"
          ]
        }
      ],
      "Page": 1
    },
    {
      "BlockType": "LINE",
      "Confidence": 98.4708251953125,
      "Text": "mesma direção",
      "Geometry": {
        "BoundingBox": {
          "Width": 0.08989135175943375,
          "Height": 0.013818955980241299,
          "Left": 0.47560805082321167,
          "Top": 0.34498947858810425
        },
        "Polygon": [
          {
            "X": 0.47601038217544556,
            "Y": 0.34498947858810425
          },
          {
            "X": 0.5654994249343872,
            "Y": 0.3481104373931885
          },
          {
            "X": 0.5651047825813293,
            "Y": 0.3588084280490875
          },
          {
            "X": 0.47560805082321167,
            "Y": 0.3556893467903137
          }
        ]
      },
      "Id": "4ef5c1f0-1b57-442b-b1dd-de359e44155e",
      "Relationships": [
        {
          "Type": "CHILD",
          "Ids": [
            "e1d6c697-247c-4770-a775-03d739ed774d",
            "e56a6a86-030d-4366-bac5-935bb65595bd"
          ]
        }
      ],
      "Page": 1
    },
    {
      "BlockType": "LINE",
      "Confidence": 96.81842041015625,
      "Text": "direção",
      "Geometry": {
        "BoundingBox": {
          "Width": 0.042047396302223206,
          "Height": 0.012055406346917152,
          "Left": 0.6313472390174866,
          "Top": 0.3542509377002716
        },
        "Polygon": [
          {
            "X": 0.6317328214645386,
            "Y": 0.3542509377002716
          },
          {
            "X": 0.6733946800231934,
            "Y": 0.35570353269577026
          },
          {
            "X": 0.6730126142501831,
            "Y": 0.366306334733963
          },
          {
            "X": 0.6313472390174866,
            "Y": 0.3648545742034912
          }
        ]
      },
      "Id": "c279d040-fece-4b7f-8974-98b836c9f8c9",
      "Relationships": [
        {
          "Type": "CHILD",
          "Ids": [
            "e410c178-b2a8-4dfe-914f-38f324b87197"
          ]
        }
      ],
      "Page": 1
    },
    {
      "BlockType": "LINE",
      "Confidence": 99.33075714111328,
      "Text": "aws",
      "Geometry": {
        "BoundingBox": {
          "Width": 0.08241628855466843,
          "Height": 0.027166210114955902,
          "Left": 0.8811717629432678,
          "Top": 0.35410258173942566
        },
        "Polygon": [
          {
            "X": 0.8820080161094666,
            "Y": 0.35410258173942566
          },
          {
            "X": 0.9635880589485168,
            "Y": 0.3569486439228058
          },
          {
            "X": 0.9627677798271179,
            "Y": 0.38126879930496216
          },
          {
            "X": 0.8811717629432678,
            "Y": 0.37842661142349243
          }
        ]
      },
      "Id": "62a5bc8d-09f0-4ba7-b51b-c4f6272b27b5",
      "Relationships": [
        {
          "Type": "CHILD",
          "Ids": [
            "f3d87b6d-a522-469f-b9ef-07b6810d2d6a"
          ]
        }
      ],
      "Page": 1
    },
    {
      "BlockType": "LINE",
      "Confidence": 99.71733093261719,
      "Text": "Nenhum lugar e",
      "Geometry": {
        "BoundingBox": {
          "Width": 0.09653650224208832,
          "Height": 0.014579808339476585,
          "Left": 0.46923455595970154,
          "Top": 0.4170898199081421
        },
        "Polygon": [
          {
            "X": 0.4696577191352844,
            "Y": 0.4170898199081421
          },
          {
            "X": 0.5657710433006287,
            "Y": 0.4204264283180237
          },
          {
            "X": 0.5653565526008606,
            "Y": 0.4316696524620056
          },
          {
            "X": 0.46923455595970154,
            "Y": 0.42833513021469116
          }
        ]
      },
      "Id": "82908bb7-ab26-4ba9-970a-6818a0bb27c8",
      "Relationships": [
        {
          "Type": "CHILD",
          "Ids": [
            "9ff374b8-32de-478a-aa9c-a84bedc63782",
            "2855a36a-6502-47a1-b40a-85c9995b5ba3",
            "802abed5-3a01-4c90-9f7a-669f3b75ce9e"
          ]
        }
      ],
      "Page": 1
    },
    {
      "BlockType": "LINE",
      "Confidence": 94.92102813720703,
      "Text": "Rápida, em qualquer",
      "Geometry": {
        "BoundingBox": {
          "Width": 0.11750028282403946,
          "Height": 0.01587776653468609,
          "Left": 0.59177565574646,
          "Top": 0.4231416881084442
        },
        "Polygon": [
          {
            "X": 0.5922088027000427,
            "Y": 0.4231416881084442
          },
          {
            "X": 0.7092759013175964,
            "Y": 0.42720523476600647
          },
          {
            "X": 0.7088538408279419,
            "Y": 0.43901947140693665
          },
          {
            "X": 0.59177565574646,
            "Y": 0.4349586069583893
          }
        ]
      },
      "Id": "215dc371-7382-4508-bf6a-82cc5f66320e",
      "Relationships": [
        {
          "Type": "CHILD",
          "Ids": [
            "c88708cb-7233-4475-a3d6-f740a1e679e1",
            "f8b1cec0-bd96-4869-9f61-42180f72ddc4",
            "08acb22c-c0bf-40aa-8428-4751a9b347d7"
          ]
        }
      ],
      "Page": 1
    },
    {
      "BlockType": "LINE",
      "Confidence": 99.0615005493164,
      "Text": "lenta",
      "Geometry": {
        "BoundingBox": {
          "Width": 0.03073734976351261,
          "Height": 0.008830899372696877,
          "Left": 0.5018230676651001,
          "Top": 0.42986178398132324
        },
        "Polygon": [
          {
            "X": 0.5021136403083801,
            "Y": 0.42986178398132324
          },
          {
            "X": 0.5325604677200317,
            "Y": 0.43091797828674316
          },
          {
            "X": 0.5322718024253845,
            "Y": 0.43869268894195557
          },
          {
            "X": 0.5018230676651001,
            "Y": 0.43763697147369385
          }
        ]
      },
      "Id": "b19fd195-a646-43b2-a545-9071e6af9d17",
      "Relationships": [
        {
          "Type": "CHILD",
          "Ids": [
            "7a175e2d-46c6-4e53-90ce-2e90aaa157a2"
          ]
        }
      ],
      "Page": 1
    },
    {
      "BlockType": "LINE",
      "Confidence": 97.54492950439453,
      "Text": "direção",
      "Geometry": {
        "BoundingBox": {
          "Width": 0.041797105222940445,
          "Height": 0.0112199317663908,
          "Left": 0.6295380592346191,
          "Top": 0.43636763095855713
        },
        "Polygon": [
          {
            "X": 0.6298937201499939,
            "Y": 0.43636763095855713
          },
          {
            "X": 0.6713351607322693,
            "Y": 0.4378049969673157
          },
          {
            "X": 0.6709827184677124,
            "Y": 0.4475875496864319
          },
          {
            "X": 0.6295380592346191,
            "Y": 0.4461509585380554
          }
        ]
      },
      "Id": "e9e096d4-2eec-4f7c-a74b-1ab7a2117ab4",
      "Relationships": [
        {
          "Type": "CHILD",
          "Ids": [
            "0a546543-ecb4-42c8-9f40-45c5ca69d430"
          ]
        }
      ],
      "Page": 1
    },
    {
      "BlockType": "LINE",
      "Confidence": 99.29766845703125,
      "Text": "Aumentando autonomia",
      "Geometry": {
        "BoundingBox": {
          "Width": 0.14663158357143402,
          "Height": 0.014557953923940659,
          "Left": 0.45314884185791016,
          "Top": 0.45493361353874207
        },
        "Polygon": [
          {
            "X": 0.4535072445869446,
            "Y": 0.45493361353874207
          },
          {
            "X": 0.5997804403305054,
            "Y": 0.45999908447265625
          },
          {
            "X": 0.5994331240653992,
            "Y": 0.469491571187973
          },
          {
            "X": 0.45314884185791016,
            "Y": 0.46442878246307373
          }
        ]
      },
      "Id": "e8128d57-0f18-42a2-befb-3f3d51428494",
      "Relationships": [
        {
          "Type": "CHILD",
          "Ids": [
            "d28e2bb5-d82e-42d4-85fc-7f6aedb82430",
            "80868d70-48f0-4148-b41e-e6699989ee54"
          ]
        }
      ],
      "Page": 1
    },
    {
      "BlockType": "WORD",
      "Confidence": 95.85689544677734,
      "Text": "Lento,",
      "TextType": "PRINTED",
      "Geometry": {
        "BoundingBox": {
          "Width": 0.03836439177393913,
          "Height": 0.010934963822364807,
          "Left": 0.47881942987442017,
          "Top": 0.33353567123413086
        },
        "Polygon": [
          {
            "X": 0.47918054461479187,
            "Y": 0.33353567123413086
          },
          {
            "X": 0.5171838402748108,
            "Y": 0.33486202359199524
          },
          {
            "X": 0.5168256759643555,
            "Y": 0.34447064995765686
          },
          {
            "X": 0.47881942987442017,
            "Y": 0.3431450128555298
          }
        ]
      },
      "Id": "9d6ff858-e15a-43a9-a7ef-50fb717eca6a",
      "Page": 1
    },
    {
      "BlockType": "WORD",
      "Confidence": 99.77497100830078,
      "Text": "mas",
      "TextType": "PRINTED",
      "Geometry": {
        "BoundingBox": {
          "Width": 0.024181833490729332,
          "Height": 0.007335732225328684,
          "Left": 0.5205943584442139,
          "Top": 0.3378923535346985
        },
        "Polygon": [
          {
            "X": 0.5208364725112915,
            "Y": 0.3378923535346985
          },
          {
            "X": 0.544776201248169,
            "Y": 0.3387277126312256
          },
          {
            "X": 0.5445353388786316,
            "Y": 0.34522807598114014
          },
          {
            "X": 0.5205943584442139,
            "Y": 0.3443930149078369
          }
        ]
      },
      "Id": "633be4c6-9d89-47b5-a04f-bb00fcdda0c7",
      "Page": 1
    },
    {
      "BlockType": "WORD",
      "Confidence": 99.7120132446289,
      "Text": "na",
      "TextType": "PRINTED",
      "Geometry": {
        "BoundingBox": {
          "Width": 0.014020759612321854,
          "Height": 0.006823980249464512,
          "Left": 0.5483265519142151,
          "Top": 0.3396639823913574
        },
        "Polygon": [
          {
            "X": 0.5485613942146301,
            "Y": 0.3396639823913574
          },
          {
            "X": 0.5623472929000854,
            "Y": 0.3401450216770172
          },
          {
            "X": 0.5621131658554077,
            "Y": 0.34648796916007996
          },
          {
            "X": 0.5483265519142151,
            "Y": 0.3460071086883545
          }
        ]
      },
      "Id": "f713a2c6-ab05-43b1-a855-bec343794fb7",
      "Page": 1
    },
    {
      "BlockType": "WORD",
      "Confidence": 99.68389129638672,
      "Text": "aws",
      "TextType": "PRINTED",
      "Geometry": {
        "BoundingBox": {
          "Width": 0.1596081554889679,
          "Height": 0.050588518381118774,
          "Left": 0.04351770877838135,
          "Top": 0.3167175054550171
        },
        "Polygon": [
          {
            "X": 0.04536772891879082,
            "Y": 0.3167175054550171
          },
          {
            "X": 0.20312586426734924,
            "Y": 0.3222239911556244
          },
          {
            "X": 0.20133289694786072,
            "Y": 0.36730602383613586
          },
          {
            "X": 0.04351770877838135,
            "Y": 0.3618133068084717
          }
        ]
      },
      "Id": "1ccd757b-fc7e-4e7c-9074-8323cba72150",
      "Page": 1
    },
    {
      "BlockType": "WORD",
      "Confidence": 96.82250213623047,
      "Text": "Rápido",
      "TextType": "PRINTED",
      "Geometry": {
        "BoundingBox": {
          "Width": 0.040373049676418304,
          "Height": 0.012021071277558804,
          "Left": 0.6021344661712646,
          "Top": 0.34166738390922546
        },
        "Polygon": [
          {
            "X": 0.6025233864784241,
            "Y": 0.34166738390922546
          },
          {
            "X": 0.6425074934959412,
            "Y": 0.34306252002716064
          },
          {
            "X": 0.6421219706535339,
            "Y": 0.35368844866752625
          },
          {
            "X": 0.6021344661712646,
            "Y": 0.35229411721229553
          }
        ]
      },
      "Id": "b99176b7-6adb-4da1-9353-8507037f7d8c",
      "Page": 1
    },
    {
      "BlockType": "WORD",
      "Confidence": 99.3945541381836,
      "Text": "na",
      "TextType": "PRINTED",
      "Geometry": {
        "BoundingBox": {
          "Width": 0.0139228580519557,
          "Height": 0.007147316355258226,
          "Left": 0.6454229354858398,
          "Top": 0.3462451100349426
        },
        "Polygon": [
          {
            "X": 0.6456648111343384,
            "Y": 0.3462451100349426
          },
          {
            "X": 0.659345805644989,
            "Y": 0.34672239422798157
          },
          {
            "X": 0.6591047048568726,
            "Y": 0.35339242219924927
          },
          {
            "X": 0.6454229354858398,
            "Y": 0.35291534662246704
          }
        ]
      },
      "Id": "7f2541e1-fce9-48ac-b83c-f17385975837",
      "Page": 1
    },
    {
      "BlockType": "WORD",
      "Confidence": 99.65789794921875,
      "Text": "mesma",
      "TextType": "PRINTED",
      "Geometry": {
        "BoundingBox": {
          "Width": 0.04022777080535889,
          "Height": 0.008752609603106976,
          "Left": 0.6626344323158264,
          "Top": 0.3475305736064911
        },
        "Polygon": [
          {
            "X": 0.6629002690315247,
            "Y": 0.3475305736064911
          },
          {
            "X": 0.7028622031211853,
            "Y": 0.3489246070384979
          },
          {
            "X": 0.7025988101959229,
            "Y": 0.35628318786621094
          },
          {
            "X": 0.6626344323158264,
            "Y": 0.35488972067832947
          }
        ]
      },
      "Id": "93787d73-e467-41bf-8ae5-dad8d2197408",
      "Page": 1
    },
    {
      "BlockType": "WORD",
      "Confidence": 99.70639038085938,
      "Text": "mesma",
      "TextType": "PRINTED",
      "Geometry": {
        "BoundingBox": {
          "Width": 0.04302799701690674,
          "Height": 0.00848380383104086,
          "Left": 0.47571882605552673,
          "Top": 0.3457499146461487
        },
        "Polygon": [
          {
            "X": 0.47598177194595337,
            "Y": 0.3457499146461487
          },
          {
            "X": 0.5187468528747559,
            "Y": 0.34724128246307373
          },
          {
            "X": 0.5184863209724426,
            "Y": 0.3542337119579315
          },
          {
            "X": 0.47571882605552673,
            "Y": 0.35274291038513184
          }
        ]
      },
      "Id": "e1d6c697-247c-4770-a775-03d739ed774d",
      "Page": 1
    },
    {
      "BlockType": "WORD",
      "Confidence": 97.23526000976562,
      "Text": "direção",
      "TextType": "PRINTED",
      "Geometry": {
        "BoundingBox": {
          "Width": 0.043248556554317474,
          "Height": 0.01219241414219141,
          "Left": 0.5222508311271667,
          "Top": 0.3466160297393799
        },
        "Polygon": [
          {
            "X": 0.5226491689682007,
            "Y": 0.3466160297393799
          },
          {
            "X": 0.5654994249343872,
            "Y": 0.3481104373931885
          },
          {
            "X": 0.5651047825813293,
            "Y": 0.3588084280490875
          },
          {
            "X": 0.5222508311271667,
            "Y": 0.35731491446495056
          }
        ]
      },
      "Id": "e56a6a86-030d-4366-bac5-935bb65595bd",
      "Page": 1
    },
    {
      "BlockType": "WORD",
      "Confidence": 96.81842041015625,
      "Text": "direção",
      "TextType": "PRINTED",
      "Geometry": {
        "BoundingBox": {
          "Width": 0.042047396302223206,
          "Height": 0.012055406346917152,
          "Left": 0.6313472390174866,
          "Top": 0.3542509377002716
        },
        "Polygon": [
          {
            "X": 0.6317328214645386,
            "Y": 0.3542509377002716
          },
          {
            "X": 0.6733946800231934,
            "Y": 0.35570353269577026
          },
          {
            "X": 0.6730126142501831,
            "Y": 0.366306334733963
          },
          {
            "X": 0.6313472390174866,
            "Y": 0.3648545742034912
          }
        ]
      },
      "Id": "e410c178-b2a8-4dfe-914f-38f324b87197",
      "Page": 1
    },
    {
      "BlockType": "WORD",
      "Confidence": 99.33075714111328,
      "Text": "aws",
      "TextType": "PRINTED",
      "Geometry": {
        "BoundingBox": {
          "Width": 0.08241628855466843,
          "Height": 0.027166210114955902,
          "Left": 0.8811717629432678,
          "Top": 0.35410258173942566
        },
        "Polygon": [
          {
            "X": 0.8820080161094666,
            "Y": 0.35410258173942566
          },
          {
            "X": 0.9635880589485168,
            "Y": 0.3569486439228058
          },
          {
            "X": 0.9627677798271179,
            "Y": 0.38126879930496216
          },
          {
            "X": 0.8811717629432678,
            "Y": 0.37842661142349243
          }
        ]
      },
      "Id": "f3d87b6d-a522-469f-b9ef-07b6810d2d6a",
      "Page": 1
    },
    {
      "BlockType": "WORD",
      "Confidence": 99.91661071777344,
      "Text": "Nenhum",
      "TextType": "PRINTED",
      "Geometry": {
        "BoundingBox": {
          "Width": 0.051838330924510956,
          "Height": 0.010157988406717777,
          "Left": 0.46934276819229126,
          "Top": 0.4170898199081421
        },
        "Polygon": [
          {
            "X": 0.4696577191352844,
            "Y": 0.4170898199081421
          },
          {
            "X": 0.5211811065673828,
            "Y": 0.4188784658908844
          },
          {
            "X": 0.5208695530891418,
            "Y": 0.4272478222846985
          },
          {
            "X": 0.46934276819229126,
            "Y": 0.42546001076698303
          }
        ]
      },
      "Id": "9ff374b8-32de-478a-aa9c-a84bedc63782",
      "Page": 1
    },
    {
      "BlockType": "WORD",
      "Confidence": 99.5280990600586,
      "Text": "lugar",
      "TextType": "PRINTED",
      "Geometry": {
        "BoundingBox": {
          "Width": 0.031314149498939514,
          "Height": 0.011909889988601208,
          "Left": 0.5240777134895325,
          "Top": 0.4194001853466034
        },
        "Polygon": [
          {
            "X": 0.5244807600975037,
            "Y": 0.4194001853466034
          },
          {
            "X": 0.5553918480873108,
            "Y": 0.42047324776649475
          },
          {
            "X": 0.5549914240837097,
            "Y": 0.4313100576400757
          },
          {
            "X": 0.5240777134895325,
            "Y": 0.43023765087127686
          }
        ]
      },
      "Id": "2855a36a-6502-47a1-b40a-85c9995b5ba3",
      "Page": 1
    },
    {
      "BlockType": "WORD",
      "Confidence": 99.70729064941406,
      "Text": "e",
      "TextType": "PRINTED",
      "Geometry": {
        "BoundingBox": {
          "Width": 0.007808168418705463,
          "Height": 0.007041812874376774,
          "Left": 0.5578567385673523,
          "Top": 0.4230440855026245
        },
        "Polygon": [
          {
            "X": 0.5581070780754089,
            "Y": 0.4230440855026245
          },
          {
            "X": 0.5656648874282837,
            "Y": 0.423306405544281
          },
          {
            "X": 0.5654149651527405,
            "Y": 0.4300858974456787
          },
          {
            "X": 0.5578567385673523,
            "Y": 0.4298236668109894
          }
        ]
      },
      "Id": "802abed5-3a01-4c90-9f7a-669f3b75ce9e",
      "Page": 1
    },
    {
      "BlockType": "WORD",
      "Confidence": 85.81814575195312,
      "Text": "Rápida,",
      "TextType": "PRINTED",
      "Geometry": {
        "BoundingBox": {
          "Width": 0.04224081337451935,
          "Height": 0.011751019395887852,
          "Left": 0.5918312668800354,
          "Top": 0.4231416881084442
        },
        "Polygon": [
          {
            "X": 0.5922088027000427,
            "Y": 0.4231416881084442
          },
          {
            "X": 0.6340720653533936,
            "Y": 0.42459481954574585
          },
          {
            "X": 0.633698046207428,
            "Y": 0.4348927140235901
          },
          {
            "X": 0.5918312668800354,
            "Y": 0.4334404170513153
          }
        ]
      },
      "Id": "c88708cb-7233-4475-a3d6-f740a1e679e1",
      "Page": 1
    },
    {
      "BlockType": "WORD",
      "Confidence": 99.72083282470703,
      "Text": "em",
      "TextType": "PRINTED",
      "Geometry": {
        "BoundingBox": {
          "Width": 0.017911620438098907,
          "Height": 0.006915816105902195,
          "Left": 0.637408435344696,
          "Top": 0.4277137517929077
        },
        "Polygon": [
          {
            "X": 0.637637197971344,
            "Y": 0.4277137517929077
          },
          {
            "X": 0.6553200483322144,
            "Y": 0.42832741141319275
          },
          {
            "X": 0.6550922393798828,
            "Y": 0.43462955951690674
          },
          {
            "X": 0.637408435344696,
            "Y": 0.4340161085128784
          }
        ]
      },
      "Id": "f8b1cec0-bd96-4869-9f61-42180f72ddc4",
      "Page": 1
    },
    {
      "BlockType": "WORD",
      "Confidence": 99.22410583496094,
      "Text": "qualquer",
      "TextType": "PRINTED",
      "Geometry": {
        "BoundingBox": {
          "Width": 0.05047960206866264,
          "Height": 0.012057442218065262,
          "Left": 0.6587428450584412,
          "Top": 0.4269620180130005
        },
        "Polygon": [
          {
            "X": 0.6591156721115112,
            "Y": 0.4269620180130005
          },
          {
            "X": 0.7092224955558777,
            "Y": 0.42870113253593445
          },
          {
            "X": 0.7088538408279419,
            "Y": 0.43901947140693665
          },
          {
            "X": 0.6587428450584412,
            "Y": 0.43728137016296387
          }
        ]
      },
      "Id": "08acb22c-c0bf-40aa-8428-4751a9b347d7",
      "Page": 1
    },
    {
      "BlockType": "WORD",
      "Confidence": 99.0615005493164,
      "Text": "lenta",
      "TextType": "PRINTED",
      "Geometry": {
        "BoundingBox": {
          "Width": 0.03073734976351261,
          "Height": 0.008830899372696877,
          "Left": 0.5018230676651001,
          "Top": 0.42986178398132324
        },
        "Polygon": [
          {
            "X": 0.5021136403083801,
            "Y": 0.42986178398132324
          },
          {
            "X": 0.5325604677200317,
            "Y": 0.43091797828674316
          },
          {
            "X": 0.5322718024253845,
            "Y": 0.43869268894195557
          },
          {
            "X": 0.5018230676651001,
            "Y": 0.43763697147369385
          }
        ]
      },
      "Id": "7a175e2d-46c6-4e53-90ce-2e90aaa157a2",
      "Page": 1
    },
    {
      "BlockType": "WORD",
      "Confidence": 97.54492950439453,
      "Text": "direção",
      "TextType": "PRINTED",
      "Geometry": {
        "BoundingBox": {
          "Width": 0.041797105222940445,
          "Height": 0.0112199317663908,
          "Left": 0.6295380592346191,
          "Top": 0.43636763095855713
        },
        "Polygon": [
          {
            "X": 0.6298937201499939,
            "Y": 0.43636763095855713
          },
          {
            "X": 0.6713351607322693,
            "Y": 0.4378049969673157
          },
          {
            "X": 0.6709827184677124,
            "Y": 0.4475875496864319
          },
          {
            "X": 0.6295380592346191,
            "Y": 0.4461509585380554
          }
        ]
      },
      "Id": "0a546543-ecb4-42c8-9f40-45c5ca69d430",
      "Page": 1
    },
    {
      "BlockType": "WORD",
      "Confidence": 99.09325408935547,
      "Text": "Aumentando",
      "TextType": "PRINTED",
      "Geometry": {
        "BoundingBox": {
          "Width": 0.07956171780824661,
          "Height": 0.011477041989564896,
          "Left": 0.4531775414943695,
          "Top": 0.45493361353874207
        },
        "Polygon": [
          {
            "X": 0.4535072445869446,
            "Y": 0.45493361353874207
          },
          {
            "X": 0.5327392816543579,
            "Y": 0.45767742395401
          },
          {
            "X": 0.5324150919914246,
            "Y": 0.46641063690185547
          },
          {
            "X": 0.4531775414943695,
            "Y": 0.46366816759109497
          }
        ]
      },
      "Id": "d28e2bb5-d82e-42d4-85fc-7f6aedb82430",
      "Page": 1
    },
    {
      "BlockType": "WORD",
      "Confidence": 99.50209045410156,
      "Text": "autonomia",
      "TextType": "PRINTED",
      "Geometry": {
        "BoundingBox": {
          "Width": 0.063724085688591,
          "Height": 0.010738786309957504,
          "Left": 0.5360215902328491,
          "Top": 0.4587527811527252
        },
        "Polygon": [
          {
            "X": 0.5363385081291199,
            "Y": 0.4587527811527252
          },
          {
            "X": 0.5997456908226013,
            "Y": 0.4609484374523163
          },
          {
            "X": 0.5994331240653992,
            "Y": 0.469491571187973
          },
          {
            "X": 0.5360215902328491,
            "Y": 0.46729692816734314
          }
        ]
      },
      "Id": "80868d70-48f0-4148-b41e-e6699989ee54",
      "Page": 1
    }
  ],
  "DetectDocumentTextModelVersion": "1.0"
}