{
  "DocumentMetadata": {
    "Pages": 1
  },
  "JobStatus": "SUCCEEDED",
  "Blocks": [
    {
      "BlockType": "PAGE",
      "Geometry": {
        "BoundingBox": {
          "Width": 0.7711893320083618,
          "Height": 0.5558945536613464,
          "Left": 0.03682641312479973,
          "Top": 0.0790492370724678
        },
        "Polygon": [
          {
            "X": 0.06276941299438477,
            "Y": 0.12827558815479279
          },
          {
            "X": 0.808015763759613,
            "Y": 0.0790492370724678
          },
          {
            "X": 0.8019669651985168,
            "Y": 0.6349437832832336
          },
          {
            "X": 0.03682641312479973,
            "Y": 0.6330744624137878
          }
        ]
      },
      "Id": "03514e21-f119-49e0-8596-4324798f8c88",
      "Relationships": [
        {
          "Type": "CHILD",
          "Ids": [
            "2f555757-a0aa-418c-9762-d21d8a401a0f",
            "8520e3e7-a2a6-4c85-90dd-a931aff9c8ce",
            "8acea45b-2929-40d3-9c05-6aaad7398f40",
            "e164ce82-578f-4869-b9c4-8f79a569e760",
            "c198d22e-d0eb-4624-8f01-a54d4b262042",
            "bb949f4b-f16d-4fb1-9689-21cc9f6addbb",
            "a47a1609-a84a-43f8-a677-988836ba5e5d",
            "38ef2f47-15b5-4b79-91fa-eb514bdb5a25",
            "2e9ed927-21bc-4543-9b15-e82409587c28",
            "8f6ec3e6-8bad-452e-be85-2b0d3c8aab8e",
            "775aa07f-022b-4ab1-bd30-66a40a95d751",
            "14bd602c-a449-4828-8a8c-cc768cc82c13",
            "e57768c7-6a10-4d9d-95d1-b4067c453a4b",
            "dc1271fa-010a-433d-a0e4-9e9253ebd5e0",
            "ca68b89a-6432-4efe-81d0-88c15b137a6a",
            "e97dbce9-4f32-4b4f-8b60-cbeeb660c540",
            "475d041b-38fb-4ca3-b993-1c202d7de20c",
            "a7503fbc-206f-47ee-ba37-1eea49a766e9",
            "793f13c5-6b4d-481a-8f7f-de8d21c117e8",
            "0ee85566-01fd-4b1a-a941-3dff4cc5c804",
            "e1efd628-e0a1-40e1-9109-f9c0138292c7",
            "f0cd04a2-acca-44da-8016-3ca7c5f94ed0",
            "46c49143-488e-48e6-8dc5-8e20e09ef1aa",
            "3cde6474-8f23-49c0-b32d-672e0e1fce2e",
            "6d58d20d-5df9-4388-a2d4-e364db9d3059",
            "bdc98b76-7d0c-4e5e-a1b7-782050508d9b",
            "31892f21-d1cd-4bc3-892b-03198957c46f",
            "db8684dd-1dfb-42bb-b9ff-e764de11149e"
          ]
        }
      ],
      "Page": 1
    },
    {
      "BlockType": "LINE",
      "Confidence": 98.05086517333984,
      "Text": "Arquitetura de orquestração de",
      "Geometry": {
        "BoundingBox": {
          "Width": 0.5440179109573364,
          "Height": 0.06701935082674026,
          "Left": 0.1062389388680458,
          "Top": 0.16299118101596832
        },
        "Polygon": [
          {
            "X": 0.10800452530384064,
            "Y": 0.19379936158657074
          },
          {
            "X": 0.6502568125724792,
            "Y": 0.16299118101596832
          },
          {
            "X": 0.6495041847229004,
            "Y": 0.20179083943367004
          },
          {
            "X": 0.1062389388680458,
            "Y": 0.23001053929328918
          }
        ]
      },
      "Id": "2f555757-a0aa-418c-9762-d21d8a401a0f",
      "Relationships": [
        {
          "Type": "CHILD",
          "Ids": [
            "9d55362e-c88f-44c1-8c31-f82cea4787b8",
            "9916c45e-0de1-4716-911d-4d4a38c45ab5",
            "c33138b7-2808-4beb-8e05-0362b31cd0ae",
            "232217b6-cd01-40db-816c-5e9e6bbc758f"
          ]
        }
      ],
      "Page": 1
    },
    {
      "BlockType": "LINE",
      "Confidence": 94.34535217285156,
      "Text": "registar e executar",
      "Geometry": {
        "BoundingBox": {
          "Width": 0.09797799587249756,
          "Height": 0.014447149820625782,
          "Left": 0.6047990322113037,
          "Top": 0.19537833333015442
        },
        "Polygon": [
          {
            "X": 0.6050024032592773,
            "Y": 0.2005016803741455
          },
          {
            "X": 0.7027770280838013,
            "Y": 0.19537833333015442
          },
          {
            "X": 0.7026211619377136,
            "Y": 0.20481476187705994
          },
          {
            "X": 0.6047990322113037,
            "Y": 0.20982547104358673
          }
        ]
      },
      "Id": "8520e3e7-a2a6-4c85-90dd-a931aff9c8ce",
      "Relationships": [
        {
          "Type": "CHILD",
          "Ids": [
            "cef966c6-577b-427e-ba1b-4d8bd7227a87",
            "c36ce6d6-12e8-405b-bbac-b43638fc28e9",
            "c6667d2f-b045-4cde-bcfb-582b0818e215"
          ]
        }
      ],
      "Page": 1
    },
    {
      "BlockType": "LINE",
      "Confidence": 99.50592803955078,
      "Text": "agentes",
      "Geometry": {
        "BoundingBox": {
          "Width": 0.11131466925144196,
          "Height": 0.02748504839837551,
          "Left": 0.10615650564432144,
          "Top": 0.22612878680229187
        },
        "Polygon": [
          {
            "X": 0.10721748322248459,
            "Y": 0.23182809352874756
          },
          {
            "X": 0.2174711674451828,
            "Y": 0.22612878680229187
          },
          {
            "X": 0.21652626991271973,
            "Y": 0.24823203682899475
          },
          {
            "X": 0.10615650564432144,
            "Y": 0.25361382961273193
          }
        ]
      },
      "Id": "8acea45b-2929-40d3-9c05-6aaad7398f40",
      "Relationships": [
        {
          "Type": "CHILD",
          "Ids": [
            "f36ddf35-74e2-4ce9-b409-820ced601f3c"
          ]
        }
      ],
      "Page": 1
    },
    {
      "BlockType": "LINE",
      "Confidence": 95.78825378417969,
      "Text": "simulação",
      "Geometry": {
        "BoundingBox": {
          "Width": 0.05266789719462395,
          "Height": 0.011855041608214378,
          "Left": 0.604570209980011,
          "Top": 0.207614928483963
        },
        "Polygon": [
          {
            "X": 0.6047702431678772,
            "Y": 0.21029934287071228
          },
          {
            "X": 0.6572381258010864,
            "Y": 0.207614928483963
          },
          {
            "X": 0.6570630073547363,
            "Y": 0.2168450504541397
          },
          {
            "X": 0.604570209980011,
            "Y": 0.21946996450424194
          }
        ]
      },
      "Id": "e164ce82-578f-4869-b9c4-8f79a569e760",
      "Relationships": [
        {
          "Type": "CHILD",
          "Ids": [
            "09a8d644-3cd2-48fa-bad7-014be50a6cf7"
          ]
        }
      ],
      "Page": 1
    },
    {
      "BlockType": "LINE",
      "Confidence": 90.09574127197266,
      "Text": "Agente de Títulos",
      "Geometry": {
        "BoundingBox": {
          "Width": 0.08192606270313263,
          "Height": 0.013078008778393269,
          "Left": 0.3536774218082428,
          "Top": 0.23454949259757996
        },
        "Polygon": [
          {
            "X": 0.3539978563785553,
            "Y": 0.23856031894683838
          },
          {
            "X": 0.4356034994125366,
            "Y": 0.23454949259757996
          },
          {
            "X": 0.435320109128952,
            "Y": 0.24371129274368286
          },
          {
            "X": 0.3536774218082428,
            "Y": 0.24762749671936035
          }
        ]
      },
      "Id": "c198d22e-d0eb-4624-8f01-a54d4b262042",
      "Relationships": [
        {
          "Type": "CHILD",
          "Ids": [
            "91df093e-a8df-44bf-9dcb-8e26d0e6f02e",
            "1a4dddeb-b179-43bc-a202-a1808f33bd2e",
            "fdf1e471-ab2e-46ad-933c-8f6934a0dd28"
          ]
        }
      ],
      "Page": 1
    },
    {
      "BlockType": "LINE",
      "Confidence": 99.61323547363281,
      "Text": "obter status",
      "Geometry": {
        "BoundingBox": {
          "Width": 0.06518959999084473,
          "Height": 0.01004040613770485,
          "Left": 0.6799067258834839,
          "Top": 0.2351732701063156
        },
        "Polygon": [
          {
            "X": 0.6800301671028137,
            "Y": 0.23824326694011688
          },
          {
            "X": 0.7450963258743286,
            "Y": 0.2351732701063156
          },
          {
            "X": 0.7449966073036194,
            "Y": 0.24219931662082672
          },
          {
            "X": 0.6799067258834839,
            "Y": 0.24521367251873016
          }
        ]
      },
      "Id": "bb949f4b-f16d-4fb1-9689-21cc9f6addbb",
      "Relationships": [
        {
          "Type": "CHILD",
          "Ids": [
            "05f47f2f-9d4f-4dd3-aae3-0478f367c559",
            "abccc7f5-88b4-446a-ae2a-86b7202eb13a"
          ]
        }
      ],
      "Page": 1
    },
    {
      "BlockType": "LINE",
      "Confidence": 99.7428970336914,
      "Text": "Agente Suporte",
      "Geometry": {
        "BoundingBox": {
          "Width": 0.077361099421978,
          "Height": 0.012173503637313843,
          "Left": 0.4660097062587738,
          "Top": 0.2604154050350189
        },
        "Polygon": [
          {
            "X": 0.46626368165016174,
            "Y": 0.2638990879058838
          },
          {
            "X": 0.54337078332901,
            "Y": 0.2604154050350189
          },
          {
            "X": 0.5431508421897888,
            "Y": 0.2691898047924042
          },
          {
            "X": 0.4660097062587738,
            "Y": 0.27258890867233276
          }
        ]
      },
      "Id": "a47a1609-a84a-43f8-a677-988836ba5e5d",
      "Relationships": [
        {
          "Type": "CHILD",
          "Ids": [
            "be0729b1-cbdc-4d2d-b792-f4de54f9bf77",
            "e40f5510-9ccb-4768-a231-d1da11fe23cb"
          ]
        }
      ],
      "Page": 1
    },
    {
      "BlockType": "LINE",
      "Confidence": 99.1589584350586,
      "Text": "Hipotecas existentes",
      "Geometry": {
        "BoundingBox": {
          "Width": 0.10074391216039658,
          "Height": 0.013982517644762993,
          "Left": 0.4547400176525116,
          "Top": 0.26856061816215515
        },
        "Polygon": [
          {
            "X": 0.45502492785453796,
            "Y": 0.27298828959465027
          },
          {
            "X": 0.5554839372634888,
            "Y": 0.26856061816215515
          },
          {
            "X": 0.5552477836608887,
            "Y": 0.27823686599731445
          },
          {
            "X": 0.4547400176525116,
            "Y": 0.2825431227684021
          }
        ]
      },
      "Id": "38ef2f47-15b5-4b79-91fa-eb514bdb5a25",
      "Relationships": [
        {
          "Type": "CHILD",
          "Ids": [
            "06ce518c-2477-4dfb-9ced-4012f5dbcba6",
            "10c85d87-3a62-47b0-84d6-8c92f34b78ee"
          ]
        }
      ],
      "Page": 1
    },
    {
      "BlockType": "LINE",
      "Confidence": 96.6662368774414,
      "Text": "Documentação",
      "Geometry": {
        "BoundingBox": {
          "Width": 0.07927625626325607,
          "Height": 0.012895460240542889,
          "Left": 0.6196508407592773,
          "Top": 0.279022753238678
        },
        "Polygon": [
          {
            "X": 0.6198511123657227,
            "Y": 0.28234219551086426
          },
          {
            "X": 0.698927104473114,
            "Y": 0.279022753238678
          },
          {
            "X": 0.6987661123275757,
            "Y": 0.2886925935745239
          },
          {
            "X": 0.6196508407592773,
            "Y": 0.29191821813583374
          }
        ]
      },
      "Id": "2e9ed927-21bc-4543-9b15-e82409587c28",
      "Relationships": [
        {
          "Type": "CHILD",
          "Ids": [
            "5085c1c3-33e0-449d-92ae-714743b5cc70"
          ]
        }
      ],
      "Page": 1
    },
    {
      "BlockType": "LINE",
      "Confidence": 94.12094116210938,
      "Text": "Orquestração",
      "Geometry": {
        "BoundingBox": {
          "Width": 0.05901792645454407,
          "Height": 0.01104074064642191,
          "Left": 0.2454313486814499,
          "Top": 0.3018909990787506
        },
        "Polygon": [
          {
            "X": 0.2457854300737381,
            "Y": 0.30430495738983154
          },
          {
            "X": 0.30444929003715515,
            "Y": 0.3018909990787506
          },
          {
            "X": 0.30411994457244873,
            "Y": 0.3105836510658264
          },
          {
            "X": 0.2454313486814499,
            "Y": 0.31293171644210815
          }
        ]
      },
      "Id": "8f6ec3e6-8bad-452e-be85-2b0d3c8aab8e",
      "Relationships": [
        {
          "Type": "CHILD",
          "Ids": [
            "ec2eadd8-bb9e-4c45-8ea2-96e63697ff48"
          ]
        }
      ],
      "Page": 1
    },
    {
      "BlockType": "LINE",
      "Confidence": 99.80355072021484,
      "Text": "hipoteca",
      "Geometry": {
        "BoundingBox": {
          "Width": 0.04580765962600708,
          "Height": 0.010453478433191776,
          "Left": 0.6192640066146851,
          "Top": 0.2911566495895386
        },
        "Polygon": [
          {
            "X": 0.619443953037262,
            "Y": 0.2930107116699219
          },
          {
            "X": 0.6650716662406921,
            "Y": 0.2911566495895386
          },
          {
            "X": 0.6649119853973389,
            "Y": 0.2998047173023224
          },
          {
            "X": 0.6192640066146851,
            "Y": 0.3016101121902466
          }
        ]
      },
      "Id": "775aa07f-022b-4ab1-bd30-66a40a95d751",
      "Relationships": [
        {
          "Type": "CHILD",
          "Ids": [
            "136db5c0-4cfe-4f87-bfb6-370c33df5d11"
          ]
        }
      ],
      "Page": 1
    },
    {
      "BlockType": "LINE",
      "Confidence": 98.82275390625,
      "Text": "Bate-papo",
      "Geometry": {
        "BoundingBox": {
          "Width": 0.041545361280441284,
          "Height": 0.008877767249941826,
          "Left": 0.09136355668306351,
          "Top": 0.31962156295776367
        },
        "Polygon": [
          {
            "X": 0.0917205810546875,
            "Y": 0.3212573826313019
          },
          {
            "X": 0.1329089105129242,
            "Y": 0.31962156295776367
          },
          {
            "X": 0.13256604969501495,
            "Y": 0.32690322399139404
          },
          {
            "X": 0.09136355668306351,
            "Y": 0.32849934697151184
          }
        ]
      },
      "Id": "14bd602c-a449-4828-8a8c-cc768cc82c13",
      "Relationships": [
        {
          "Type": "CHILD",
          "Ids": [
            "1eb7ed8d-226e-4fef-9778-c29776b16bac"
          ]
        }
      ],
      "Page": 1
    },
    {
      "BlockType": "LINE",
      "Confidence": 89.61296081542969,
      "Text": "000",
      "Geometry": {
        "BoundingBox": {
          "Width": 0.018679765984416008,
          "Height": 0.0059241848066449165,
          "Left": 0.14539851248264313,
          "Top": 0.317129522562027
        },
        "Polygon": [
          {
            "X": 0.1456393152475357,
            "Y": 0.31786489486694336
          },
          {
            "X": 0.16407828032970428,
            "Y": 0.317129522562027
          },
          {
            "X": 0.16384205222129822,
            "Y": 0.32233092188835144
          },
          {
            "X": 0.14539851248264313,
            "Y": 0.3230536878108978
          }
        ]
      },
      "Id": "e57768c7-6a10-4d9d-95d1-b4067c453a4b",
      "Relationships": [
        {
          "Type": "CHILD",
          "Ids": [
            "17ba07dd-64b4-4f60-8475-25586993f4cf"
          ]
        }
      ],
      "Page": 1
    },
    {
      "BlockType": "LINE",
      "Confidence": 99.2524642944336,
      "Text": "Agente Perguntas",
      "Geometry": {
        "BoundingBox": {
          "Width": 0.08849553018808365,
          "Height": 0.012376348488032818,
          "Left": 0.45702725648880005,
          "Top": 0.3073749542236328
        },
        "Polygon": [
          {
            "X": 0.4572915732860565,
            "Y": 0.31083256006240845
          },
          {
            "X": 0.5455227494239807,
            "Y": 0.3073749542236328
          },
          {
            "X": 0.5452983379364014,
            "Y": 0.3163934350013733
          },
          {
            "X": 0.45702725648880005,
            "Y": 0.3197513222694397
          }
        ]
      },
      "Id": "dc1271fa-010a-433d-a0e4-9e9253ebd5e0",
      "Relationships": [
        {
          "Type": "CHILD",
          "Ids": [
            "57c5d2c4-f693-478c-b00d-50da739f7968",
            "7c53ccc9-2b44-43b5-92ea-1dfbda0df686"
          ]
        }
      ],
      "Page": 1
    },
    {
      "BlockType": "LINE",
      "Confidence": 99.75707244873047,
      "Text": "Agente Supervisor",
      "Geometry": {
        "BoundingBox": {
          "Width": 0.07860182970762253,
          "Height": 0.011204728856682777,
          "Left": 0.1676807403564453,
          "Top": 0.32787859439849854
        },
        "Polygon": [
          {
            "X": 0.16805246472358704,
            "Y": 0.3308533728122711
          },
          {
            "X": 0.24628257751464844,
            "Y": 0.32787859439849854
          },
          {
            "X": 0.24594195187091827,
            "Y": 0.33619338274002075
          },
          {
            "X": 0.1676807403564453,
            "Y": 0.33908334374427795
          }
        ]
      },
      "Id": "ca68b89a-6432-4efe-81d0-88c15b137a6a",
      "Relationships": [
        {
          "Type": "CHILD",
          "Ids": [
            "5c44c810-95e5-4538-8001-8cc24bf0a22e",
            "3210d477-6be4-47a2-9510-af2fa50a4e18"
          ]
        }
      ],
      "Page": 1
    },
    {
      "BlockType": "LINE",
      "Confidence": 99.76917266845703,
      "Text": "Agente de Hipoteca",
      "Geometry": {
        "BoundingBox": {
          "Width": 0.09160104393959045,
          "Height": 0.011974077671766281,
          "Left": 0.3314182758331299,
          "Top": 0.3210446834564209
        },
        "Polygon": [
          {
            "X": 0.3317275047302246,
            "Y": 0.32451748847961426
          },
          {
            "X": 0.42301931977272034,
            "Y": 0.3210446834564209
          },
          {
            "X": 0.4227486848831177,
            "Y": 0.3296459913253784
          },
          {
            "X": 0.3314182758331299,
            "Y": 0.3330187499523163
          }
        ]
      },
      "Id": "e97dbce9-4f32-4b4f-8b60-cbeeb660c540",
      "Relationships": [
        {
          "Type": "CHILD",
          "Ids": [
            "cd0d5b59-016f-4921-88bb-4d687139bf01",
            "8191b898-f7ef-45c9-bbf5-7f1f741a3cf3",
            "19c428f3-e87a-40a3-a0f7-80774715d3dd"
          ]
        }
      ],
      "Page": 1
    },
    {
      "BlockType": "LINE",
      "Confidence": 99.77439880371094,
      "Text": "hipotecas",
      "Geometry": {
        "BoundingBox": {
          "Width": 0.04772976040840149,
          "Height": 0.010190393775701523,
          "Left": 0.4769025146961212,
          "Top": 0.3180454969406128
        },
        "Polygon": [
          {
            "X": 0.4771420657634735,
            "Y": 0.3198468089103699
          },
          {
            "X": 0.5246322751045227,
            "Y": 0.3180454969406128
          },
          {
            "X": 0.5244128704071045,
            "Y": 0.3264849781990051
          },
          {
            "X": 0.4769025146961212,
            "Y": 0.3282358944416046
          }
        ]
      },
      "Id": "475d041b-38fb-4ca3-b993-1c202d7de20c",
      "Relationships": [
        {
          "Type": "CHILD",
          "Ids": [
            "ec955463-09f8-4f6d-8acc-838d66092002"
          ]
        }
      ],
      "Page": 1
    },
    {
      "BlockType": "LINE",
      "Confidence": 50.539268493652344,
      "Text": "(***)",
      "Geometry": {
        "BoundingBox": {
          "Width": 0.015105802565813065,
          "Height": 0.007103615906089544,
          "Left": 0.5652186870574951,
          "Top": 0.3284214437007904
        },
        "Polygon": [
          {
            "X": 0.5653747916221619,
            "Y": 0.32896482944488525
          },
          {
            "X": 0.5803244709968567,
            "Y": 0.3284214437007904
          },
          {
            "X": 0.5801733732223511,
            "Y": 0.33499395847320557
          },
          {
            "X": 0.5652186870574951,
            "Y": 0.3355250656604767
          }
        ]
      },
      "Id": "a7503fbc-206f-47ee-ba37-1eea49a766e9",
      "Relationships": [
        {
          "Type": "CHILD",
          "Ids": [
            "516a9b7a-a856-4027-8597-94281daad9ec"
          ]
        }
      ],
      "Page": 1
    },
    {
      "BlockType": "LINE",
      "Confidence": 99.17018127441406,
      "Text": "obter detalhes",
      "Geometry": {
        "BoundingBox": {
          "Width": 0.0809796154499054,
          "Height": 0.011062400415539742,
          "Left": 0.6780341267585754,
          "Top": 0.31978273391723633
        },
        "Polygon": [
          {
            "X": 0.6781777739524841,
            "Y": 0.32274237275123596
          },
          {
            "X": 0.7590137720108032,
            "Y": 0.31978273391723633
          },
          {
            "X": 0.7589042782783508,
            "Y": 0.32796627283096313
          },
          {
            "X": 0.6780341267585754,
            "Y": 0.3308451473712921
          }
        ]
      },
      "Id": "793f13c5-6b4d-481a-8f7f-de8d21c117e8",
      "Relationships": [
        {
          "Type": "CHILD",
          "Ids": [
            "0444071d-1645-468a-9a8e-4139d0afcdab",
            "22c83882-6b69-48c9-a6da-bec7a53897a0"
          ]
        }
      ],
      "Page": 1
    },
    {
      "BlockType": "LINE",
      "Confidence": 98.11306762695312,
      "Text": "de aplicação",
      "Geometry": {
        "BoundingBox": {
          "Width": 0.06844324618577957,
          "Height": 0.01196797750890255,
          "Left": 0.6778095364570618,
          "Top": 0.33061227202415466
        },
        "Polygon": [
          {
            "X": 0.6779789328575134,
            "Y": 0.33302411437034607
          },
          {
            "X": 0.7462527751922607,
            "Y": 0.33061227202415466
          },
          {
            "X": 0.746117353439331,
            "Y": 0.3402489125728607
          },
          {
            "X": 0.6778095364570618,
            "Y": 0.34258025884628296
          }
        ]
      },
      "Id": "0ee85566-01fd-4b1a-a941-3dff4cc5c804",
      "Relationships": [
        {
          "Type": "CHILD",
          "Ids": [
            "27633226-76f5-45d3-9821-c4176668ce86",
            "d988e3ed-04b4-4894-96f4-9ca531338052"
          ]
        }
      ],
      "Page": 1
    },
    {
      "BlockType": "LINE",
      "Confidence": 99.73799896240234,
      "Text": "Agente Suporte",
      "Geometry": {
        "BoundingBox": {
          "Width": 0.07758621126413345,
          "Height": 0.011049079708755016,
          "Left": 0.45471155643463135,
          "Top": 0.35582447052001953
        },
        "Polygon": [
          {
            "X": 0.4549636244773865,
            "Y": 0.3583822548389435
          },
          {
            "X": 0.5322977304458618,
            "Y": 0.35582447052001953
          },
          {
            "X": 0.5320788025856018,
            "Y": 0.364399254322052
          },
          {
            "X": 0.45471155643463135,
            "Y": 0.366873562335968
          }
        ]
      },
      "Id": "e1efd628-e0a1-40e1-9109-f9c0138292c7",
      "Relationships": [
        {
          "Type": "CHILD",
          "Ids": [
            "2f97265a-be9e-4330-bc18-e7449e075067",
            "c864a223-ec87-4990-903f-fcdeeff286b1"
          ]
        }
      ],
      "Page": 1
    },
    {
      "BlockType": "LINE",
      "Confidence": 98.24851989746094,
      "Text": "Aplicações de hipoteca",
      "Geometry": {
        "BoundingBox": {
          "Width": 0.11273040622472763,
          "Height": 0.012894874438643456,
          "Left": 0.43708398938179016,
          "Top": 0.3647341728210449
        },
        "Polygon": [
          {
            "X": 0.43736904859542847,
            "Y": 0.3683174252510071
          },
          {
            "X": 0.5498144030570984,
            "Y": 0.3647341728210449
          },
          {
            "X": 0.5495821833610535,
            "Y": 0.3741792142391205
          },
          {
            "X": 0.43708398938179016,
            "Y": 0.37762904167175293
          }
        ]
      },
      "Id": "f0cd04a2-acca-44da-8016-3ca7c5f94ed0",
      "Relationships": [
        {
          "Type": "CHILD",
          "Ids": [
            "0a958dcc-1ab6-439a-8f9d-cd9972dc9747",
            "3dba1951-b53d-46cf-b545-cb2fb3622a18",
            "c04be2ac-b04f-4454-b4e7-4af9c2697514"
          ]
        }
      ],
      "Page": 1
    },
    {
      "BlockType": "LINE",
      "Confidence": 63.582984924316406,
      "Text": "(***)",
      "Geometry": {
        "BoundingBox": {
          "Width": 0.013364850543439388,
          "Height": 0.006686212029308081,
          "Left": 0.4663146138191223,
          "Top": 0.38461175560951233
        },
        "Polygon": [
          {
            "X": 0.46649736166000366,
            "Y": 0.3850019574165344
          },
          {
            "X": 0.4796794652938843,
            "Y": 0.38461175560951233
          },
          {
            "X": 0.4795008599758148,
            "Y": 0.3909183144569397
          },
          {
            "X": 0.4663146138191223,
            "Y": 0.39129796624183655
          }
        ]
      },
      "Id": "46c49143-488e-48e6-8dc5-8e20e09ef1aa",
      "Relationships": [
        {
          "Type": "CHILD",
          "Ids": [
            "a2198399-9cc7-477f-ba85-586dfa562a5d"
          ]
        }
      ],
      "Page": 1
    },
    {
      "BlockType": "LINE",
      "Confidence": 99.16220092773438,
      "Text": "consultar banco",
      "Geometry": {
        "BoundingBox": {
          "Width": 0.08523020148277283,
          "Height": 0.010144749656319618,
          "Left": 0.5924150347709656,
          "Top": 0.38232922554016113
        },
        "Polygon": [
          {
            "X": 0.5925856828689575,
            "Y": 0.3848089873790741
          },
          {
            "X": 0.6776452660560608,
            "Y": 0.38232922554016113
          },
          {
            "X": 0.6775081157684326,
            "Y": 0.39007577300071716
          },
          {
            "X": 0.5924150347709656,
            "Y": 0.3924739956855774
          }
        ]
      },
      "Id": "3cde6474-8f23-49c0-b32d-672e0e1fce2e",
      "Relationships": [
        {
          "Type": "CHILD",
          "Ids": [
            "2160539e-d6dd-4a15-be30-f0055c5d4dbf",
            "f16e0755-7143-4746-9f48-5ae3a3e00e0d"
          ]
        }
      ],
      "Page": 1
    },
    {
      "BlockType": "LINE",
      "Confidence": 99.7951889038086,
      "Text": "de dados",
      "Geometry": {
        "BoundingBox": {
          "Width": 0.047996602952480316,
          "Height": 0.008738558739423752,
          "Left": 0.5921850204467773,
          "Top": 0.39358440041542053
        },
        "Polygon": [
          {
            "X": 0.5923498272895813,
            "Y": 0.39491769671440125
          },
          {
            "X": 0.6401816010475159,
            "Y": 0.39358440041542053
          },
          {
            "X": 0.6400348544120789,
            "Y": 0.40103399753570557
          },
          {
            "X": 0.5921850204467773,
            "Y": 0.4023229777812958
          }
        ]
      },
      "Id": "6d58d20d-5df9-4388-a2d4-e364db9d3059",
      "Relationships": [
        {
          "Type": "CHILD",
          "Ids": [
            "96e801d7-a56f-493d-8364-e26b272d6a47",
            "62167a96-8212-45af-a2c6-d59bcce678c4"
          ]
        }
      ],
      "Page": 1
    },
    {
      "BlockType": "LINE",
      "Confidence": 99.23847961425781,
      "Text": "Agente de Finanças Pessoais",
      "Geometry": {
        "BoundingBox": {
          "Width": 0.13377386331558228,
          "Height": 0.012081371620297432,
          "Left": 0.31321588158607483,
          "Top": 0.41006386280059814
        },
        "Polygon": [
          {
            "X": 0.31353381276130676,
            "Y": 0.4135929346084595
          },
          {
            "X": 0.4469897449016571,
            "Y": 0.41006386280059814
          },
          {
            "X": 0.4467284381389618,
            "Y": 0.4187643229961395
          },
          {
            "X": 0.31321588158607483,
            "Y": 0.42214521765708923
          }
        ]
      },
      "Id": "bdc98b76-7d0c-4e5e-a1b7-782050508d9b",
      "Relationships": [
        {
          "Type": "CHILD",
          "Ids": [
            "1f4e846d-47f2-4e48-9cda-6f30b2de8bac",
            "88a40ce3-1c85-477c-a270-31be57abe2d3",
            "d3590c1d-10cf-4636-98ae-501b40426897",
            "feee65fd-d76d-4529-99e4-214d69b5299e"
          ]
        }
      ],
      "Page": 1
    },
    {
      "BlockType": "LINE",
      "Confidence": 97.73871612548828,
      "Text": "Documentação sobre empréstimos",
      "Geometry": {
        "BoundingBox": {
          "Width": 0.18193724751472473,
          "Height": 0.013910464942455292,
          "Left": 0.49992308020591736,
          "Top": 0.4263850152492523
        },
        "Polygon": [
          {
            "X": 0.5001842379570007,
            "Y": 0.4306768774986267
          },
          {
            "X": 0.6818603277206421,
            "Y": 0.4263850152492523
          },
          {
            "X": 0.6816887855529785,
            "Y": 0.4362252652645111
          },
          {
            "X": 0.49992308020591736,
            "Y": 0.4402954578399658
          }
        ]
      },
      "Id": "31892f21-d1cd-4bc3-892b-03198957c46f",
      "Relationships": [
        {
          "Type": "CHILD",
          "Ids": [
            "fb809f83-f47a-43f7-8183-58ea8831c1b0",
            "51ab7186-5ff5-47d4-9ba4-4eb70aaf95e5",
            "d7183672-5bee-4097-ba70-4770cc198f7d"
          ]
        }
      ],
      "Page": 1
    },
    {
      "BlockType": "LINE",
      "Confidence": 98.75361633300781,
      "Text": "Agente de Empréstimos",
      "Geometry": {
        "BoundingBox": {
          "Width": 0.11357003450393677,
          "Height": 0.011128260754048824,
          "Left": 0.32114532589912415,
          "Top": 0.4545312523841858
        },
        "Polygon": [
          {
            "X": 0.32146722078323364,
            "Y": 0.4568803012371063
          },
          {
            "X": 0.4347153604030609,
            "Y": 0.4545312523841858
          },
          {
            "X": 0.4344426393508911,
            "Y": 0.4634397029876709
          },
          {
            "X": 0.32114532589912415,
            "Y": 0.465659499168396
          }
        ]
      },
      "Id": "db8684dd-1dfb-42bb-b9ff-e764de11149e",
      "Relationships": [
        {
          "Type": "CHILD",
          "Ids": [
            "bd5fba31-87e0-4929-a335-865983add107",
            "c3676377-5857-484b-aea1-723da2e1fbd8",
            "c008202c-d21a-43fd-8d5d-8832a5de06d1"
          ]
        }
      ],
      "Page": 1
    },
    {
      "BlockType": "WORD",
      "Confidence": 98.19459533691406,
      "Text": "Arquitetura",
      "TextType": "PRINTED",
      "Geometry": {
        "BoundingBox": {
          "Width": 0.1804683357477188,
          "Height": 0.034375064074993134,
          "Left": 0.1062389388680458,
          "Top": 0.19563548266887665
        },
        "Polygon": [
          {
            "X": 0.10743217170238495,
            "Y": 0.20553801953792572
          },
          {
            "X": 0.2867072820663452,
            "Y": 0.19563548266887665
          },
          {
            "X": 0.2857285737991333,
            "Y": 0.22068701684474945
          },
          {
            "X": 0.1062389388680458,
            "Y": 0.23001053929328918
          }
        ]
      },
      "Id": "9d55362e-c88f-44c1-8c31-f82cea4787b8",
      "Page": 1
    },
    {
      "BlockType": "WORD",
      "Confidence": 99.80218505859375,
      "Text": "de",
      "TextType": "PRINTED",
      "Geometry": {
        "BoundingBox": {
          "Width": 0.03477504849433899,
          "Height": 0.020517518743872643,
          "Left": 0.30591630935668945,
          "Top": 0.18935410678386688
        },
        "Polygon": [
          {
            "X": 0.3066238462924957,
            "Y": 0.19125057756900787
          },
          {
            "X": 0.34069135785102844,
            "Y": 0.18935410678386688
          },
          {
            "X": 0.3400152027606964,
            "Y": 0.20805662870407104
          },
          {
            "X": 0.30591630935668945,
            "Y": 0.20987161993980408
          }
        ]
      },
      "Id": "9916c45e-0de1-4716-911d-4d4a38c45ab5",
      "Page": 1
    },
    {
      "BlockType": "WORD",
      "Confidence": 94.38799285888672,
      "Text": "orquestração",
      "TextType": "PRINTED",
      "Geometry": {
        "BoundingBox": {
          "Width": 0.23083017766475677,
          "Height": 0.0423041395843029,
          "Left": 0.35961878299713135,
          "Top": 0.1677969992160797
        },
        "Polygon": [
          {
            "X": 0.36064645648002625,
            "Y": 0.1808123141527176
          },
          {
            "X": 0.5904489755630493,
            "Y": 0.1677969992160797
          },
          {
            "X": 0.5897664427757263,
            "Y": 0.19794367253780365
          },
          {
            "X": 0.35961878299713135,
            "Y": 0.2101011425256729
          }
        ]
      },
      "Id": "c33138b7-2808-4beb-8e05-0362b31cd0ae",
      "Page": 1
    },
    {
      "BlockType": "WORD",
      "Confidence": 99.81871795654297,
      "Text": "de",
      "TextType": "PRINTED",
      "Geometry": {
        "BoundingBox": {
          "Width": 0.041496358811855316,
          "Height": 0.023240115493535995,
          "Left": 0.6087604761123657,
          "Top": 0.16299118101596832
        },
        "Polygon": [
          {
            "X": 0.6092125773429871,
            "Y": 0.16532312333583832
          },
          {
            "X": 0.6502568125724792,
            "Y": 0.16299118101596832
          },
          {
            "X": 0.6498491764068604,
            "Y": 0.1840052306652069
          },
          {
            "X": 0.6087604761123657,
            "Y": 0.18623130023479462
          }
        ]
      },
      "Id": "232217b6-cd01-40db-816c-5e9e6bbc758f",
      "Page": 1
    },
    {
      "BlockType": "WORD",
      "Confidence": 84.45536041259766,
      "Text": "registar",
      "TextType": "PRINTED",
      "Geometry": {
        "BoundingBox": {
          "Width": 0.04067577049136162,
          "Height": 0.011083466932177544,
          "Left": 0.6047990322113037,
          "Top": 0.19874200224876404
        },
        "Polygon": [
          {
            "X": 0.604994535446167,
            "Y": 0.20086131989955902
          },
          {
            "X": 0.6454747915267944,
            "Y": 0.19874200224876404
          },
          {
            "X": 0.6452980637550354,
            "Y": 0.20775100588798523
          },
          {
            "X": 0.6047990322113037,
            "Y": 0.20982547104358673
          }
        ]
      },
      "Id": "cef966c6-577b-427e-ba1b-4d8bd7227a87",
      "Page": 1
    },
    {
      "BlockType": "WORD",
      "Confidence": 99.01754760742188,
      "Text": "e",
      "TextType": "PRINTED",
      "Geometry": {
        "BoundingBox": {
          "Width": 0.006776686292141676,
          "Height": 0.005961310584098101,
          "Left": 0.647642970085144,
          "Top": 0.19966734945774078
        },
        "Polygon": [
          {
            "X": 0.6477524042129517,
            "Y": 0.20001524686813354
          },
          {
            "X": 0.6544196605682373,
            "Y": 0.19966734945774078
          },
          {
            "X": 0.6543121337890625,
            "Y": 0.20528537034988403
          },
          {
            "X": 0.647642970085144,
            "Y": 0.2056286633014679
          }
        ]
      },
      "Id": "c36ce6d6-12e8-405b-bbac-b43638fc28e9",
      "Page": 1
    },
    {
      "BlockType": "WORD",
      "Confidence": 99.56314849853516,
      "Text": "executar",
      "TextType": "PRINTED",
      "Geometry": {
        "BoundingBox": {
          "Width": 0.04603284224867821,
          "Height": 0.009636139497160912,
          "Left": 0.6567441821098328,
          "Top": 0.19537833333015442
        },
        "Polygon": [
          {
            "X": 0.6568816304206848,
            "Y": 0.1977832317352295
          },
          {
            "X": 0.7027770280838013,
            "Y": 0.19537833333015442
          },
          {
            "X": 0.7026569247245789,
            "Y": 0.2026502937078476
          },
          {
            "X": 0.6567441821098328,
            "Y": 0.20501446723937988
          }
        ]
      },
      "Id": "c6667d2f-b045-4cde-bcfb-582b0818e215",
      "Page": 1
    },
    {
      "BlockType": "WORD",
      "Confidence": 99.50592803955078,
      "Text": "agentes",
      "TextType": "PRINTED",
      "Geometry": {
        "BoundingBox": {
          "Width": 0.11131466925144196,
          "Height": 0.02748504839837551,
          "Left": 0.10615650564432144,
          "Top": 0.22612878680229187
        },
        "Polygon": [
          {
            "X": 0.10721748322248459,
            "Y": 0.23182809352874756
          },
          {
            "X": 0.2174711674451828,
            "Y": 0.22612878680229187
          },
          {
            "X": 0.21652626991271973,
            "Y": 0.24823203682899475
          },
          {
            "X": 0.10615650564432144,
            "Y": 0.25361382961273193
          }
        ]
      },
      "Id": "f36ddf35-74e2-4ce9-b409-820ced601f3c",
      "Page": 1
    },
    {
      "BlockType": "WORD",
      "Confidence": 95.78825378417969,
      "Text": "simulação",
      "TextType": "PRINTED",
      "Geometry": {
        "BoundingBox": {
          "Width": 0.05266789719462395,
          "Height": 0.011855041608214378,
          "Left": 0.604570209980011,
          "Top": 0.207614928483963
        },
        "Polygon": [
          {
            "X": 0.6047702431678772,
            "Y": 0.21029934287071228
          },
          {
            "X": 0.6572381258010864,
            "Y": 0.207614928483963
          },
          {
            "X": 0.6570630073547363,
            "Y": 0.2168450504541397
          },
          {
            "X": 0.604570209980011,
            "Y": 0.21946996450424194
          }
        ]
      },
      "Id": "09a8d644-3cd2-48fa-bad7-014be50a6cf7",
      "Page": 1
    },
    {
      "BlockType": "WORD",
      "Confidence": 99.58432006835938,
      "Text": "Agente",
      "TextType": "PRINTED",
      "Geometry": {
        "BoundingBox": {
          "Width": 0.03339732438325882,
          "Height": 0.009708969853818417,
          "Left": 0.3536774218082428,
          "Top": 0.23791852593421936
        },
        "Polygon": [
          {
            "X": 0.353963166475296,
            "Y": 0.239541694521904
          },
          {
            "X": 0.3870747685432434,
            "Y": 0.23791852593421936
          },
          {
            "X": 0.3868023157119751,
            "Y": 0.24603857100009918
          },
          {
            "X": 0.3536774218082428,
            "Y": 0.24762749671936035
          }
        ]
      },
      "Id": "91df093e-a8df-44bf-9dcb-8e26d0e6f02e",
      "Page": 1
    },
    {
      "BlockType": "WORD",
      "Confidence": 99.86875915527344,
      "Text": "de",
      "TextType": "PRINTED",
      "Geometry": {
        "BoundingBox": {
          "Width": 0.011790424585342407,
          "Height": 0.007318141870200634,
          "Left": 0.38898324966430664,
          "Top": 0.236730694770813
        },
        "Polygon": [
          {
            "X": 0.38920897245407104,
            "Y": 0.237298384308815
          },
          {
            "X": 0.40077367424964905,
            "Y": 0.236730694770813
          },
          {
            "X": 0.40055185556411743,
            "Y": 0.24349108338356018
          },
          {
            "X": 0.38898324966430664,
            "Y": 0.2440488338470459
          }
        ]
      },
      "Id": "1a4dddeb-b179-43bc-a202-a1808f33bd2e",
      "Page": 1
    },
    {
      "BlockType": "WORD",
      "Confidence": 70.83414459228516,
      "Text": "Títulos",
      "TextType": "PRINTED",
      "Geometry": {
        "BoundingBox": {
          "Width": 0.03297489881515503,
          "Height": 0.008563622832298279,
          "Left": 0.4026286005973816,
          "Top": 0.23454949259757996
        },
        "Polygon": [
          {
            "X": 0.4028559923171997,
            "Y": 0.23615899682044983
          },
          {
            "X": 0.4356034994125366,
            "Y": 0.23454949259757996
          },
          {
            "X": 0.4353874921798706,
            "Y": 0.24153254926204681
          },
          {
            "X": 0.4026286005973816,
            "Y": 0.24311311542987823
          }
        ]
      },
      "Id": "fdf1e471-ab2e-46ad-933c-8f6934a0dd28",
      "Page": 1
    },
    {
      "BlockType": "WORD",
      "Confidence": 99.37582397460938,
      "Text": "obter",
      "TextType": "PRINTED",
      "Geometry": {
        "BoundingBox": {
          "Width": 0.029559357091784477,
          "Height": 0.008359278552234173,
          "Left": 0.6799067258834839,
          "Top": 0.2368544042110443
        },
        "Polygon": [
          {
            "X": 0.6800301671028137,
            "Y": 0.23824326694011688
          },
          {
            "X": 0.7094660401344299,
            "Y": 0.2368544042110443
          },
          {
            "X": 0.7093533277511597,
            "Y": 0.243849977850914
          },
          {
            "X": 0.6799067258834839,
            "Y": 0.24521367251873016
          }
        ]
      },
      "Id": "05f47f2f-9d4f-4dd3-aae3-0478f367c559",
      "Page": 1
    },
    {
      "BlockType": "WORD",
      "Confidence": 99.85064697265625,
      "Text": "status",
      "TextType": "PRINTED",
      "Geometry": {
        "BoundingBox": {
          "Width": 0.033108294010162354,
          "Height": 0.008145490661263466,
          "Left": 0.7119879722595215,
          "Top": 0.2351749837398529
        },
        "Polygon": [
          {
            "X": 0.7120932340621948,
            "Y": 0.2367321401834488
          },
          {
            "X": 0.7450962662696838,
            "Y": 0.2351749837398529
          },
          {
            "X": 0.7450023889541626,
            "Y": 0.24178987741470337
          },
          {
            "X": 0.7119879722595215,
            "Y": 0.24332047998905182
          }
        ]
      },
      "Id": "abccc7f5-88b4-446a-ae2a-86b7202eb13a",
      "Page": 1
    },
    {
      "BlockType": "WORD",
      "Confidence": 99.70352172851562,
      "Text": "Agente",
      "TextType": "PRINTED",
      "Geometry": {
        "BoundingBox": {
          "Width": 0.03553842008113861,
          "Height": 0.00989553052932024,
          "Left": 0.4660097062587738,
          "Top": 0.2626933753490448
        },
        "Polygon": [
          {
            "X": 0.4662523567676544,
            "Y": 0.2642862796783447
          },
          {
            "X": 0.5015481114387512,
            "Y": 0.2626933753490448
          },
          {
            "X": 0.5013202428817749,
            "Y": 0.27103298902511597
          },
          {
            "X": 0.4660097062587738,
            "Y": 0.27258890867233276
          }
        ]
      },
      "Id": "be0729b1-cbdc-4d2d-b792-f4de54f9bf77",
      "Page": 1
    },
    {
      "BlockType": "WORD",
      "Confidence": 99.78227233886719,
      "Text": "Suporte",
      "TextType": "PRINTED",
      "Geometry": {
        "BoundingBox": {
          "Width": 0.040000785142183304,
          "Height": 0.010103040374815464,
          "Left": 0.5033700466156006,
          "Top": 0.2604154050350189
        },
        "Polygon": [
          {
            "X": 0.5035960674285889,
            "Y": 0.2622124254703522
          },
          {
            "X": 0.54337078332901,
            "Y": 0.2604154050350189
          },
          {
            "X": 0.5431615710258484,
            "Y": 0.2687629163265228
          },
          {
            "X": 0.5033700466156006,
            "Y": 0.27051842212677
          }
        ]
      },
      "Id": "e40f5510-9ccb-4768-a231-d1da11fe23cb",
      "Page": 1
    },
    {
      "BlockType": "WORD",
      "Confidence": 99.22367095947266,
      "Text": "Hipotecas",
      "TextType": "PRINTED",
      "Geometry": {
        "BoundingBox": {
          "Width": 0.047255776822566986,
          "Height": 0.009753450751304626,
          "Left": 0.4547400176525116,
          "Top": 0.27278968691825867
        },
        "Polygon": [
          {
            "X": 0.4549693763256073,
            "Y": 0.27485108375549316
          },
          {
            "X": 0.5019958019256592,
            "Y": 0.27278968691825867
          },
          {
            "X": 0.5017846822738647,
            "Y": 0.2805275022983551
          },
          {
            "X": 0.4547400176525116,
            "Y": 0.2825431227684021
          }
        ]
      },
      "Id": "06ce518c-2477-4dfb-9ced-4012f5dbcba6",
      "Page": 1
    },
    {
      "BlockType": "WORD",
      "Confidence": 99.0942611694336,
      "Text": "existentes",
      "TextType": "PRINTED",
      "Geometry": {
        "BoundingBox": {
          "Width": 0.05132143199443817,
          "Height": 0.009446768090128899,
          "Left": 0.5041624903678894,
          "Top": 0.26856061816215515
        },
        "Polygon": [
          {
            "X": 0.5043578743934631,
            "Y": 0.2708139717578888
          },
          {
            "X": 0.5554839372634888,
            "Y": 0.26856061816215515
          },
          {
            "X": 0.5553072690963745,
            "Y": 0.27580025792121887
          },
          {
            "X": 0.5041624903678894,
            "Y": 0.2780073881149292
          }
        ]
      },
      "Id": "10c85d87-3a62-47b0-84d6-8c92f34b78ee",
      "Page": 1
    },
    {
      "BlockType": "WORD",
      "Confidence": 96.6662368774414,
      "Text": "Documentação",
      "TextType": "PRINTED",
      "Geometry": {
        "BoundingBox": {
          "Width": 0.07927625626325607,
          "Height": 0.012895460240542889,
          "Left": 0.6196508407592773,
          "Top": 0.279022753238678
        },
        "Polygon": [
          {
            "X": 0.6198511123657227,
            "Y": 0.28234219551086426
          },
          {
            "X": 0.698927104473114,
            "Y": 0.279022753238678
          },
          {
            "X": 0.6987661123275757,
            "Y": 0.2886925935745239
          },
          {
            "X": 0.6196508407592773,
            "Y": 0.29191821813583374
          }
        ]
      },
      "Id": "5085c1c3-33e0-449d-92ae-714743b5cc70",
      "Page": 1
    },
    {
      "BlockType": "WORD",
      "Confidence": 94.12094116210938,
      "Text": "Orquestração",
      "TextType": "PRINTED",
      "Geometry": {
        "BoundingBox": {
          "Width": 0.05901792645454407,
          "Height": 0.01104074064642191,
          "Left": 0.2454313486814499,
          "Top": 0.3018909990787506
        },
        "Polygon": [
          {
            "X": 0.2457854300737381,
            "Y": 0.30430495738983154
          },
          {
            "X": 0.30444929003715515,
            "Y": 0.3018909990787506
          },
          {
            "X": 0.30411994457244873,
            "Y": 0.3105836510658264
          },
          {
            "X": 0.2454313486814499,
            "Y": 0.31293171644210815
          }
        ]
      },
      "Id": "ec2eadd8-bb9e-4c45-8ea2-96e63697ff48",
      "Page": 1
    },
    {
      "BlockType": "WORD",
      "Confidence": 99.80355072021484,
      "Text": "hipoteca",
      "TextType": "PRINTED",
      "Geometry": {
        "BoundingBox": {
          "Width": 0.04580765962600708,
          "Height": 0.010453478433191776,
          "Left": 0.6192640066146851,
          "Top": 0.2911566495895386
        },
        "Polygon": [
          {
            "X": 0.619443953037262,
            "Y": 0.2930107116699219
          },
          {
            "X": 0.6650716662406921,
            "Y": 0.2911566495895386
          },
          {
            "X": 0.6649119853973389,
            "Y": 0.2998047173023224
          },
          {
            "X": 0.6192640066146851,
            "Y": 0.3016101121902466
          }
        ]
      },
      "Id": "136db5c0-4cfe-4f87-bfb6-370c33df5d11",
      "Page": 1
    },
    {
      "BlockType": "WORD",
      "Confidence": 98.82275390625,
      "Text": "Bate-papo",
      "TextType": "PRINTED",
      "Geometry": {
        "BoundingBox": {
          "Width": 0.041545361280441284,
          "Height": 0.008877767249941826,
          "Left": 0.09136355668306351,
          "Top": 0.31962156295776367
        },
        "Polygon": [
          {
            "X": 0.0917205810546875,
            "Y": 0.3212573826313019
          },
          {
            "X": 0.1329089105129242,
            "Y": 0.31962156295776367
          },
          {
            "X": 0.13256604969501495,
            "Y": 0.32690322399139404
          },
          {
            "X": 0.09136355668306351,
            "Y": 0.32849934697151184
          }
        ]
      },
      "Id": "1eb7ed8d-226e-4fef-9778-c29776b16bac",
      "Page": 1
    },
    {
      "BlockType": "WORD",
      "Confidence": 89.61296081542969,
      "Text": "000",
      "TextType": "PRINTED",
      "Geometry": {
        "BoundingBox": {
          "Width": 0.018679765984416008,
          "Height": 0.0059241848066449165,
          "Left": 0.14539851248264313,
          "Top": 0.317129522562027
        },
        "Polygon": [
          {
            "X": 0.1456393152475357,
            "Y": 0.31786489486694336
          },
          {
            "X": 0.16407828032970428,
            "Y": 0.317129522562027
          },
          {
            "X": 0.16384205222129822,
            "Y": 0.32233092188835144
          },
          {
            "X": 0.14539851248264313,
            "Y": 0.3230536878108978
          }
        ]
      },
      "Id": "17ba07dd-64b4-4f60-8475-25586993f4cf",
      "Page": 1
    },
    {
      "BlockType": "WORD",
      "Confidence": 99.81273651123047,
      "Text": "Agente",
      "TextType": "PRINTED",
      "Geometry": {
        "BoundingBox": {
          "Width": 0.03560309857130051,
          "Height": 0.009707117453217506,
          "Left": 0.45702725648880005,
          "Top": 0.31004419922828674
        },
        "Polygon": [
          {
            "X": 0.4572739601135254,
            "Y": 0.3114270269870758
          },
          {
            "X": 0.49263033270835876,
            "Y": 0.31004419922828674
          },
          {
            "X": 0.4923984408378601,
            "Y": 0.31840577721595764
          },
          {
            "X": 0.45702725648880005,
            "Y": 0.3197513222694397
          }
        ]
      },
      "Id": "57c5d2c4-f693-478c-b00d-50da739f7968",
      "Page": 1
    },
    {
      "BlockType": "WORD",
      "Confidence": 98.69219207763672,
      "Text": "Perguntas",
      "TextType": "PRINTED",
      "Geometry": {
        "BoundingBox": {
          "Width": 0.05005810782313347,
          "Height": 0.010072806850075722,
          "Left": 0.4954646825790405,
          "Top": 0.3073749542236328
        },
        "Polygon": [
          {
            "X": 0.4956885278224945,
            "Y": 0.3093278706073761
          },
          {
            "X": 0.5455227494239807,
            "Y": 0.3073749542236328
          },
          {
            "X": 0.5453194379806519,
            "Y": 0.3155458867549896
          },
          {
            "X": 0.4954646825790405,
            "Y": 0.3174477815628052
          }
        ]
      },
      "Id": "7c53ccc9-2b44-43b5-92ea-1dfbda0df686",
      "Page": 1
    },
    {
      "BlockType": "WORD",
      "Confidence": 99.7442855834961,
      "Text": "Agente",
      "TextType": "PRINTED",
      "Geometry": {
        "BoundingBox": {
          "Width": 0.030511360615491867,
          "Height": 0.008753521367907524,
          "Left": 0.1676807403564453,
          "Top": 0.3303298056125641
        },
        "Polygon": [
          {
            "X": 0.16802442073822021,
            "Y": 0.3314744830131531
          },
          {
            "X": 0.19819210469722748,
            "Y": 0.3303298056125641
          },
          {
            "X": 0.19785943627357483,
            "Y": 0.3379689157009125
          },
          {
            "X": 0.1676807403564453,
            "Y": 0.33908334374427795
          }
        ]
      },
      "Id": "5c44c810-95e5-4538-8001-8cc24bf0a22e",
      "Page": 1
    },
    {
      "BlockType": "WORD",
      "Confidence": 99.7698745727539,
      "Text": "Supervisor",
      "TextType": "PRINTED",
      "Geometry": {
        "BoundingBox": {
          "Width": 0.04617861285805702,
          "Height": 0.009678784757852554,
          "Left": 0.20010395348072052,
          "Top": 0.32787859439849854
        },
        "Polygon": [
          {
            "X": 0.20044860243797302,
            "Y": 0.32962149381637573
          },
          {
            "X": 0.24628257751464844,
            "Y": 0.32787859439849854
          },
          {
            "X": 0.24595552682876587,
            "Y": 0.3358622193336487
          },
          {
            "X": 0.20010395348072052,
            "Y": 0.3375574052333832
          }
        ]
      },
      "Id": "3210d477-6be4-47a2-9510-af2fa50a4e18",
      "Page": 1
    },
    {
      "BlockType": "WORD",
      "Confidence": 99.70748138427734,
      "Text": "Agente",
      "TextType": "PRINTED",
      "Geometry": {
        "BoundingBox": {
          "Width": 0.033363163471221924,
          "Height": 0.009201845154166222,
          "Left": 0.3314182758331299,
          "Top": 0.3238169252872467
        },
        "Polygon": [
          {
            "X": 0.33170732855796814,
            "Y": 0.32507267594337463
          },
          {
            "X": 0.3647814393043518,
            "Y": 0.3238169252872467
          },
          {
            "X": 0.3645053803920746,
            "Y": 0.33179688453674316
          },
          {
            "X": 0.3314182758331299,
            "Y": 0.3330187499523163
          }
        ]
      },
      "Id": "cd0d5b59-016f-4921-88bb-4d687139bf01",
      "Page": 1
    },
    {
      "BlockType": "WORD",
      "Confidence": 99.84156799316406,
      "Text": "de",
      "TextType": "PRINTED",
      "Geometry": {
        "BoundingBox": {
          "Width": 0.01181420311331749,
          "Height": 0.007286314852535725,
          "Left": 0.3669886291027069,
          "Top": 0.32301151752471924
        },
        "Polygon": [
          {
            "X": 0.3672245740890503,
            "Y": 0.32345154881477356
          },
          {
            "X": 0.3788028359413147,
            "Y": 0.32301151752471924
          },
          {
            "X": 0.3785707950592041,
            "Y": 0.32986798882484436
          },
          {
            "X": 0.3669886291027069,
            "Y": 0.3302978575229645
          }
        ]
      },
      "Id": "8191b898-f7ef-45c9-bbf5-7f1f741a3cf3",
      "Page": 1
    },
    {
      "BlockType": "WORD",
      "Confidence": 99.75847625732422,
      "Text": "Hipoteca",
      "TextType": "PRINTED",
      "Geometry": {
        "BoundingBox": {
          "Width": 0.041863925755023956,
          "Height": 0.009888664819300175,
          "Left": 0.381155401468277,
          "Top": 0.3210446834564209
        },
        "Polygon": [
          {
            "X": 0.381435364484787,
            "Y": 0.3226265609264374
          },
          {
            "X": 0.42301931977272034,
            "Y": 0.3210446834564209
          },
          {
            "X": 0.422756552696228,
            "Y": 0.32939571142196655
          },
          {
            "X": 0.381155401468277,
            "Y": 0.3309333622455597
          }
        ]
      },
      "Id": "19c428f3-e87a-40a3-a0f7-80774715d3dd",
      "Page": 1
    },
    {
      "BlockType": "WORD",
      "Confidence": 99.77439880371094,
      "Text": "hipotecas",
      "TextType": "PRINTED",
      "Geometry": {
        "BoundingBox": {
          "Width": 0.04772976040840149,
          "Height": 0.010190393775701523,
          "Left": 0.4769025146961212,
          "Top": 0.3180454969406128
        },
        "Polygon": [
          {
            "X": 0.4771420657634735,
            "Y": 0.3198468089103699
          },
          {
            "X": 0.5246322751045227,
            "Y": 0.3180454969406128
          },
          {
            "X": 0.5244128704071045,
            "Y": 0.3264849781990051
          },
          {
            "X": 0.4769025146961212,
            "Y": 0.3282358944416046
          }
        ]
      },
      "Id": "ec955463-09f8-4f6d-8acc-838d66092002",
      "Page": 1
    },
    {
      "BlockType": "WORD",
      "Confidence": 50.539268493652344,
      "Text": "(***)",
      "TextType": "PRINTED",
      "Geometry": {
        "BoundingBox": {
          "Width": 0.015105802565813065,
          "Height": 0.007103615906089544,
          "Left": 0.5652186870574951,
          "Top": 0.3284214437007904
        },
        "Polygon": [
          {
            "X": 0.5653747916221619,
            "Y": 0.32896482944488525
          },
          {
            "X": 0.5803244709968567,
            "Y": 0.3284214437007904
          },
          {
            "X": 0.5801733732223511,
            "Y": 0.33499395847320557
          },
          {
            "X": 0.5652186870574951,
            "Y": 0.3355250656604767
          }
        ]
      },
      "Id": "516a9b7a-a856-4027-8597-94281daad9ec",
      "Page": 1
    },
    {
      "BlockType": "WORD",
      "Confidence": 99.60037231445312,
      "Text": "obter",
      "TextType": "PRINTED",
      "Geometry": {
        "BoundingBox": {
          "Width": 0.030377279967069626,
          "Height": 0.008562006056308746,
          "Left": 0.6780341267585754,
          "Top": 0.32228314876556396
        },
        "Polygon": [
          {
            "X": 0.6781663298606873,
            "Y": 0.3233880400657654
          },
          {
            "X": 0.708411455154419,
            "Y": 0.32228314876556396
          },
          {
            "X": 0.7082909345626831,
            "Y": 0.32976803183555603
          },
          {
            "X": 0.6780341267585754,
            "Y": 0.3308451473712921
          }
        ]
      },
      "Id": "0444071d-1645-468a-9a8e-4139d0afcdab",
      "Page": 1
    },
    {
      "BlockType": "WORD",
      "Confidence": 98.739990234375,
      "Text": "detalhes",
      "TextType": "PRINTED",
      "Geometry": {
        "BoundingBox": {
          "Width": 0.048177819699048996,
          "Height": 0.009743568487465382,
          "Left": 0.7108359336853027,
          "Top": 0.31978273391723633
        },
        "Polygon": [
          {
            "X": 0.7109634280204773,
            "Y": 0.32154199481010437
          },
          {
            "X": 0.7590137720108032,
            "Y": 0.31978273391723633
          },
          {
            "X": 0.7589063048362732,
            "Y": 0.32781416177749634
          },
          {
            "X": 0.7108359336853027,
            "Y": 0.32952630519866943
          }
        ]
      },
      "Id": "22c83882-6b69-48c9-a6da-bec7a53897a0",
      "Page": 1
    },
    {
      "BlockType": "WORD",
      "Confidence": 99.7857666015625,
      "Text": "de",
      "TextType": "PRINTED",
      "Geometry": {
        "BoundingBox": {
          "Width": 0.013589573092758656,
          "Height": 0.007890546694397926,
          "Left": 0.677834153175354,
          "Top": 0.33330222964286804
        },
        "Polygon": [
          {
            "X": 0.6779656410217285,
            "Y": 0.3337763845920563
          },
          {
            "X": 0.6914237141609192,
            "Y": 0.33330222964286804
          },
          {
            "X": 0.6912974119186401,
            "Y": 0.3407309353351593
          },
          {
            "X": 0.677834153175354,
            "Y": 0.3411927819252014
          }
        ]
      },
      "Id": "27633226-76f5-45d3-9821-c4176668ce86",
      "Page": 1
    },
    {
      "BlockType": "WORD",
      "Confidence": 96.44036865234375,
      "Text": "aplicação",
      "TextType": "PRINTED",
      "Geometry": {
        "BoundingBox": {
          "Width": 0.0520932674407959,
          "Height": 0.011409950442612171,
          "Left": 0.6941595077514648,
          "Top": 0.33061227202415466
        },
        "Polygon": [
          {
            "X": 0.6943208575248718,
            "Y": 0.332446813583374
          },
          {
            "X": 0.7462527751922607,
            "Y": 0.33061227202415466
          },
          {
            "X": 0.746117353439331,
            "Y": 0.3402489125728607
          },
          {
            "X": 0.6941595077514648,
            "Y": 0.34202221035957336
          }
        ]
      },
      "Id": "d988e3ed-04b4-4894-96f4-9ca531338052",
      "Page": 1
    },
    {
      "BlockType": "WORD",
      "Confidence": 99.79912567138672,
      "Text": "Agente",
      "TextType": "PRINTED",
      "Geometry": {
        "BoundingBox": {
          "Width": 0.0355103462934494,
          "Height": 0.009380143135786057,
          "Left": 0.45471155643463135,
          "Top": 0.35749343037605286
        },
        "Polygon": [
          {
            "X": 0.45495542883872986,
            "Y": 0.3586585819721222
          },
          {
            "X": 0.49022188782691956,
            "Y": 0.35749343037605286
          },
          {
            "X": 0.48999255895614624,
            "Y": 0.3657452166080475
          },
          {
            "X": 0.45471155643463135,
            "Y": 0.366873562335968
          }
        ]
      },
      "Id": "2f97265a-be9e-4330-bc18-e7449e075067",
      "Page": 1
    },
    {
      "BlockType": "WORD",
      "Confidence": 99.6768569946289,
      "Text": "Suporte",
      "TextType": "PRINTED",
      "Geometry": {
        "BoundingBox": {
          "Width": 0.04002007842063904,
          "Height": 0.009688968770205975,
          "Left": 0.49227768182754517,
          "Top": 0.35582447052001953
        },
        "Polygon": [
          {
            "X": 0.4925093650817871,
            "Y": 0.357140451669693
          },
          {
            "X": 0.5322977304458618,
            "Y": 0.35582447052001953
          },
          {
            "X": 0.5320828557014465,
            "Y": 0.3642396032810211
          },
          {
            "X": 0.49227768182754517,
            "Y": 0.3655134439468384
          }
        ]
      },
      "Id": "c864a223-ec87-4990-903f-fcdeeff286b1",
      "Page": 1
    },
    {
      "BlockType": "WORD",
      "Confidence": 95.08256530761719,
      "Text": "Aplicações",
      "TextType": "PRINTED",
      "Geometry": {
        "BoundingBox": {
          "Width": 0.05198006331920624,
          "Height": 0.010661204345524311,
          "Left": 0.43708398938179016,
          "Top": 0.3669678270816803
        },
        "Polygon": [
          {
            "X": 0.4373599886894226,
            "Y": 0.36861351132392883
          },
          {
            "X": 0.4890640377998352,
            "Y": 0.3669678270816803
          },
          {
            "X": 0.4888113737106323,
            "Y": 0.37604278326034546
          },
          {
            "X": 0.43708398938179016,
            "Y": 0.37762904167175293
          }
        ]
      },
      "Id": "0a958dcc-1ab6-439a-8f9d-cd9972dc9747",
      "Page": 1
    },
    {
      "BlockType": "WORD",
      "Confidence": 99.84791564941406,
      "Text": "de",
      "TextType": "PRINTED",
      "Geometry": {
        "BoundingBox": {
          "Width": 0.01222977414727211,
          "Height": 0.0073425546288490295,
          "Left": 0.49160531163215637,
          "Top": 0.3666345179080963
        },
        "Polygon": [
          {
            "X": 0.4917980432510376,
            "Y": 0.3670174181461334
          },
          {
            "X": 0.5038350820541382,
            "Y": 0.3666345179080963
          },
          {
            "X": 0.5036465525627136,
            "Y": 0.37360474467277527
          },
          {
            "X": 0.49160531163215637,
            "Y": 0.37397706508636475
          }
        ]
      },
      "Id": "3dba1951-b53d-46cf-b545-cb2fb3622a18",
      "Page": 1
    },
    {
      "BlockType": "WORD",
      "Confidence": 99.81507873535156,
      "Text": "hipoteca",
      "TextType": "PRINTED",
      "Geometry": {
        "BoundingBox": {
          "Width": 0.04349035397171974,
          "Height": 0.0102505162358284,
          "Left": 0.506324052810669,
          "Top": 0.3647341728210449
        },
        "Polygon": [
          {
            "X": 0.5065627098083496,
            "Y": 0.36611247062683105
          },
          {
            "X": 0.5498144030570984,
            "Y": 0.3647341728210449
          },
          {
            "X": 0.5495951175689697,
            "Y": 0.37365487217903137
          },
          {
            "X": 0.506324052810669,
            "Y": 0.3749846816062927
          }
        ]
      },
      "Id": "c04be2ac-b04f-4454-b4e7-4af9c2697514",
      "Page": 1
    },
    {
      "BlockType": "WORD",
      "Confidence": 63.582984924316406,
      "Text": "(***)",
      "TextType": "PRINTED",
      "Geometry": {
        "BoundingBox": {
          "Width": 0.013364850543439388,
          "Height": 0.006686212029308081,
          "Left": 0.4663146138191223,
          "Top": 0.38461175560951233
        },
        "Polygon": [
          {
            "X": 0.46649736166000366,
            "Y": 0.3850019574165344
          },
          {
            "X": 0.4796794652938843,
            "Y": 0.38461175560951233
          },
          {
            "X": 0.4795008599758148,
            "Y": 0.3909183144569397
          },
          {
            "X": 0.4663146138191223,
            "Y": 0.39129796624183655
          }
        ]
      },
      "Id": "a2198399-9cc7-477f-ba85-586dfa562a5d",
      "Page": 1
    },
    {
      "BlockType": "WORD",
      "Confidence": 98.56150817871094,
      "Text": "consultar",
      "TextType": "PRINTED",
      "Geometry": {
        "BoundingBox": {
          "Width": 0.05004535987973213,
          "Height": 0.008944476023316383,
          "Left": 0.5924150347709656,
          "Top": 0.38352951407432556
        },
        "Polygon": [
          {
            "X": 0.5925818085670471,
            "Y": 0.38498252630233765
          },
          {
            "X": 0.6424604058265686,
            "Y": 0.38352951407432556
          },
          {
            "X": 0.64231276512146,
            "Y": 0.3910676836967468
          },
          {
            "X": 0.5924150347709656,
            "Y": 0.3924739956855774
          }
        ]
      },
      "Id": "2160539e-d6dd-4a15-be30-f0055c5d4dbf",
      "Page": 1
    },
    {
      "BlockType": "WORD",
      "Confidence": 99.76290130615234,
      "Text": "banco",
      "TextType": "PRINTED",
      "Geometry": {
        "BoundingBox": {
          "Width": 0.03265172243118286,
          "Height": 0.008302328176796436,
          "Left": 0.6449935436248779,
          "Top": 0.38232922554016113
        },
        "Polygon": [
          {
            "X": 0.6451365351676941,
            "Y": 0.38327696919441223
          },
          {
            "X": 0.6776452660560608,
            "Y": 0.38232922554016113
          },
          {
            "X": 0.6775145530700684,
            "Y": 0.3897135257720947
          },
          {
            "X": 0.6449935436248779,
            "Y": 0.3906315565109253
          }
        ]
      },
      "Id": "f16e0755-7143-4746-9f48-5ae3a3e00e0d",
      "Page": 1
    },
    {
      "BlockType": "WORD",
      "Confidence": 99.84144592285156,
      "Text": "de",
      "TextType": "PRINTED",
      "Geometry": {
        "BoundingBox": {
          "Width": 0.01289612427353859,
          "Height": 0.007367853075265884,
          "Left": 0.5921871662139893,
          "Top": 0.39485716819763184
        },
        "Polygon": [
          {
            "X": 0.5923433303833008,
            "Y": 0.3952118158340454
          },
          {
            "X": 0.6050832867622375,
            "Y": 0.39485716819763184
          },
          {
            "X": 0.6049317121505737,
            "Y": 0.40188154578208923
          },
          {
            "X": 0.5921871662139893,
            "Y": 0.4022250175476074
          }
        ]
      },
      "Id": "96e801d7-a56f-493d-8364-e26b272d6a47",
      "Page": 1
    },
    {
      "BlockType": "WORD",
      "Confidence": 99.7489242553711,
      "Text": "dados",
      "TextType": "PRINTED",
      "Geometry": {
        "BoundingBox": {
          "Width": 0.03229082375764847,
          "Height": 0.00831548124551773,
          "Left": 0.607890784740448,
          "Top": 0.39358440041542053
        },
        "Polygon": [
          {
            "X": 0.6080496907234192,
            "Y": 0.39448004961013794
          },
          {
            "X": 0.6401816010475159,
            "Y": 0.39358440041542053
          },
          {
            "X": 0.6400348544120789,
            "Y": 0.40103399753570557
          },
          {
            "X": 0.607890784740448,
            "Y": 0.40189987421035767
          }
        ]
      },
      "Id": "62167a96-8212-45af-a2c6-d59bcce678c4",
      "Page": 1
    },
    {
      "BlockType": "WORD",
      "Confidence": 99.75941467285156,
      "Text": "Agente",
      "TextType": "PRINTED",
      "Geometry": {
        "BoundingBox": {
          "Width": 0.033914536237716675,
          "Height": 0.009087813086807728,
          "Left": 0.3132289946079254,
          "Top": 0.4127041697502136
        },
        "Polygon": [
          {
            "X": 0.31353381276130676,
            "Y": 0.4135929346084595
          },
          {
            "X": 0.3471435308456421,
            "Y": 0.4127041697502136
          },
          {
            "X": 0.34685224294662476,
            "Y": 0.42093899846076965
          },
          {
            "X": 0.3132289946079254,
            "Y": 0.4217919707298279
          }
        ]
      },
      "Id": "1f4e846d-47f2-4e48-9cda-6f30b2de8bac",
      "Page": 1
    },
    {
      "BlockType": "WORD",
      "Confidence": 99.86734771728516,
      "Text": "de",
      "TextType": "PRINTED",
      "Geometry": {
        "BoundingBox": {
          "Width": 0.011887387372553349,
          "Height": 0.00717045646160841,
          "Left": 0.34918272495269775,
          "Top": 0.412383109331131
        },
        "Polygon": [
          {
            "X": 0.34942466020584106,
            "Y": 0.41269099712371826
          },
          {
            "X": 0.3610701262950897,
            "Y": 0.412383109331131
          },
          {
            "X": 0.3608320951461792,
            "Y": 0.4192560017108917
          },
          {
            "X": 0.34918272495269775,
            "Y": 0.41955357789993286
          }
        ]
      },
      "Id": "88a40ce3-1c85-477c-a270-31be57abe2d3",
      "Page": 1
    },
    {
      "BlockType": "WORD",
      "Confidence": 98.15763092041016,
      "Text": "Finanças",
      "TextType": "PRINTED",
      "Geometry": {
        "BoundingBox": {
          "Width": 0.04102561995387077,
          "Height": 0.009677141904830933,
          "Left": 0.36334455013275146,
          "Top": 0.4111986756324768
        },
        "Polygon": [
          {
            "X": 0.3636412024497986,
            "Y": 0.41227567195892334
          },
          {
            "X": 0.40437018871307373,
            "Y": 0.4111986756324768
          },
          {
            "X": 0.4040908217430115,
            "Y": 0.41984403133392334
          },
          {
            "X": 0.36334455013275146,
            "Y": 0.42087581753730774
          }
        ]
      },
      "Id": "d3590c1d-10cf-4636-98ae-501b40426897",
      "Page": 1
    },
    {
      "BlockType": "WORD",
      "Confidence": 99.16950988769531,
      "Text": "Pessoais",
      "TextType": "PRINTED",
      "Geometry": {
        "BoundingBox": {
          "Width": 0.03997502103447914,
          "Height": 0.008602856658399105,
          "Left": 0.40700817108154297,
          "Top": 0.4102816879749298
        },
        "Polygon": [
          {
            "X": 0.4072510600090027,
            "Y": 0.41133126616477966
          },
          {
            "X": 0.4469831883907318,
            "Y": 0.4102816879749298
          },
          {
            "X": 0.44675520062446594,
            "Y": 0.4178735017776489
          },
          {
            "X": 0.40700817108154297,
            "Y": 0.4188845455646515
          }
        ]
      },
      "Id": "feee65fd-d76d-4529-99e4-214d69b5299e",
      "Page": 1
    },
    {
      "BlockType": "WORD",
      "Confidence": 96.22293853759766,
      "Text": "Documentação",
      "TextType": "PRINTED",
      "Geometry": {
        "BoundingBox": {
          "Width": 0.07596801966428757,
          "Height": 0.011407080106437206,
          "Left": 0.49992308020591736,
          "Top": 0.42888838052749634
        },
        "Polygon": [
          {
            "X": 0.5001842379570007,
            "Y": 0.4306768774986267
          },
          {
            "X": 0.5758911371231079,
            "Y": 0.42888838052749634
          },
          {
            "X": 0.5756667852401733,
            "Y": 0.4385993778705597
          },
          {
            "X": 0.49992308020591736,
            "Y": 0.4402954578399658
          }
        ]
      },
      "Id": "fb809f83-f47a-43f7-8183-58ea8831c1b0",
      "Page": 1
    },
    {
      "BlockType": "WORD",
      "Confidence": 99.6731948852539,
      "Text": "sobre",
      "TextType": "PRINTED",
      "Geometry": {
        "BoundingBox": {
          "Width": 0.02974325232207775,
          "Height": 0.008472774177789688,
          "Left": 0.5782812237739563,
          "Top": 0.4285033643245697
        },
        "Polygon": [
          {
            "X": 0.5784597992897034,
            "Y": 0.4292003810405731
          },
          {
            "X": 0.6080244779586792,
            "Y": 0.4285033643245697
          },
          {
            "X": 0.6078575849533081,
            "Y": 0.43630796670913696
          },
          {
            "X": 0.5782812237739563,
            "Y": 0.4369761347770691
          }
        ]
      },
      "Id": "51ab7186-5ff5-47d4-9ba4-4eb70aaf95e5",
      "Page": 1
    },
    {
      "BlockType": "WORD",
      "Confidence": 97.32001495361328,
      "Text": "empréstimos",
      "TextType": "PRINTED",
      "Geometry": {
        "BoundingBox": {
          "Width": 0.07178142666816711,
          "Height": 0.011103508993983269,
          "Left": 0.6100779175758362,
          "Top": 0.42644256353378296
        },
        "Polygon": [
          {
            "X": 0.6102780699729919,
            "Y": 0.4281330704689026
          },
          {
            "X": 0.6818593144416809,
            "Y": 0.42644256353378296
          },
          {
            "X": 0.6816937923431396,
            "Y": 0.43593984842300415
          },
          {
            "X": 0.6100779175758362,
            "Y": 0.4375460743904114
          }
        ]
      },
      "Id": "d7183672-5bee-4097-ba70-4770cc198f7d",
      "Page": 1
    },
    {
      "BlockType": "WORD",
      "Confidence": 99.78421783447266,
      "Text": "Agente",
      "TextType": "PRINTED",
      "Geometry": {
        "BoundingBox": {
          "Width": 0.034291043877601624,
          "Height": 0.008979925885796547,
          "Left": 0.3211638331413269,
          "Top": 0.456175297498703
        },
        "Polygon": [
          {
            "X": 0.32146722078323364,
            "Y": 0.4568803012371063
          },
          {
            "X": 0.35545486211776733,
            "Y": 0.456175297498703
          },
          {
            "X": 0.3551652133464813,
            "Y": 0.4644868075847626
          },
          {
            "X": 0.3211638331413269,
            "Y": 0.4651552438735962
          }
        ]
      },
      "Id": "bd5fba31-87e0-4929-a335-865983add107",
      "Page": 1
    },
    {
      "BlockType": "WORD",
      "Confidence": 99.87952423095703,
      "Text": "de",
      "TextType": "PRINTED",
      "Geometry": {
        "BoundingBox": {
          "Width": 0.012048939242959023,
          "Height": 0.006972481030970812,
          "Left": 0.3577274680137634,
          "Top": 0.4562506079673767
        },
        "Polygon": [
          {
            "X": 0.3579610288143158,
            "Y": 0.45649510622024536
          },
          {
            "X": 0.3697764277458191,
            "Y": 0.4562506079673767
          },
          {
            "X": 0.3695467412471771,
            "Y": 0.46298885345458984
          },
          {
            "X": 0.3577274680137634,
            "Y": 0.46322309970855713
          }
        ]
      },
      "Id": "c3676377-5857-484b-aea1-723da2e1fbd8",
      "Page": 1
    },
    {
      "BlockType": "WORD",
      "Confidence": 96.59709930419922,
      "Text": "Empréstimos",
      "TextType": "PRINTED",
      "Geometry": {
        "BoundingBox": {
          "Width": 0.06262002885341644,
          "Height": 0.009963501244783401,
          "Left": 0.372090220451355,
          "Top": 0.454697847366333
        },
        "Polygon": [
          {
            "X": 0.37238460779190063,
            "Y": 0.4559893012046814
          },
          {
            "X": 0.4347102642059326,
            "Y": 0.454697847366333
          },
          {
            "X": 0.4344426393508911,
            "Y": 0.4634397029876709
          },
          {
            "X": 0.372090220451355,
            "Y": 0.4646613597869873
          }
        ]
      },
      "Id": "c008202c-d21a-43fd-8d5d-8832a5de06d1",
      "Page": 1
    }
  ],
  "DetectDocumentTextModelVersion": "1.0"
}