{
  "DocumentMetadata": {
    "Pages": 1
  },
  "JobStatus": "SUCCEEDED",
  "Blocks": [
    {
      "BlockType": "PAGE",
      "Geometry": {
        "BoundingBox": {
          "Width": 1,
          "Height": 1,
          "Left": 0,
          "Top": 0
        },
        "Polygon": [
          {
            "X": 4.9155538306422386e-8,
            "Y": 0
          },
          {
            "X": 1,
            "Y": 0
          },
          {
            "X": 0.9979079365730286,
            "Y": 1
          },
          {
            "X": 0,
            "Y": 0.9989031553268433
          }
        ]
      },
      "Id": "406c22a3-c5ce-4ad5-acb7-c2b7ab8a89db",
      "Relationships": [
        {
          "Type": "CHILD",
          "Ids": [
            "7b331d5a-c442-4937-a360-53a50a60d33b",
            "29f32f01-2cb9-49b2-b28e-f2bf23ba14e1",
            "cf1373a7-6f66-497a-bc89-e11544b9cb54",
            "58be1661-6b0f-4f9f-b09b-089c5e3a76e0",
            "62673b23-e3a8-4d71-88f8-8239f1f4241e",
            "16bec4b7-c763-4036-9c28-a4cb8efbd6c4",
            "2cba1ad0-c9b9-4b20-ac81-0b2aec886af1",
            "4d310baf-c1db-4a7d-a856-d6d9d67ac36b",
            "e3229715-326d-46bd-9743-b28d84bd418c",
            "ae0ac4d6-ec7c-4c1f-b996-720ea17c27f9",
            "69cee8a4-8faf-415a-89b0-8e1c6ddca601",
            "70f25ca9-30b4-4b97-9c96-be4caccc2047",
            "bf49c631-9cfc-48e8-b17a-a61dc7901270",
            "f58bf5b5-619e-467e-bbcf-ca39f5c7d72b",
            "130b998c-e0b0-4506-b246-d38631dd78ea",
            "1c00ade7-a270-4f9a-a3c1-f661b40153fa",
            "a6b24d74-8a7c-433c-b4bb-44709e028000",
            "51500c35-ac41-463c-a2f7-6f6a487fec5c",
            "ba0a0b6f-5ab7-4939-b015-83f5ec140f64",
            "66acdbd4-ade7-454f-94cd-af87938b61fa",
            "c81c29ef-1fab-408c-b603-668874c80127",
            "210d8322-4a44-4f31-9355-ccf29abf1e49",
            "c33c7c73-b57d-4793-bbbe-f0a5095dd6c8",
            "09580b19-ca00-400f-b1b7-7ddbb98f169a",
            "e3d8bc94-e222-4a1a-9da1-d7ba42515292",
            "5419f9dc-8354-40b2-b416-391657338961",
            "102bcafe-ee8b-4017-a7b8-f7ae323dc692",
            "e79e8fc1-34a2-4a3c-ad76-13de01e7ef98",
            "6528fd3d-fdb7-4e51-af70-a18b561f7c39",
            "f635bef3-df41-4c10-8152-4a71b80b4404",
            "e543a9a2-8a7a-4109-80fa-92a3be8d2d91",
            "0b9633dc-c2e0-4b49-9566-201644362a89",
            "d5a6e175-4454-457a-be85-141c1256c99d",
            "be3741c4-1d66-49a6-997a-21fee726773c",
            "1d87b6f0-9c30-44cd-9a7b-7087286775a2",
            "4192d0ba-16a8-4854-8e52-0f9bc660de7c"
          ]
        }
      ],
      "Page": 1
    },
    {
      "BlockType": "LINE",
      "Confidence": 99.91402435302734,
      "Text": "Amazon Bedrock data flows",
      "Geometry": {
        "BoundingBox": {
          "Width": 0.2565546929836273,
          "Height": 0.030604541301727295,
          "Left": 0.12478622049093246,
          "Top": 0.20456595718860626
        },
        "Polygon": [
          {
            "X": 0.12529687583446503,
            "Y": 0.2147943526506424
          },
          {
            "X": 0.381340891122818,
            "Y": 0.20456595718860626
          },
          {
            "X": 0.3807126581668854,
            "Y": 0.22568155825138092
          },
          {
            "X": 0.12478622049093246,
            "Y": 0.23517049849033356
          }
        ]
      },
      "Id": "7b331d5a-c442-4937-a360-53a50a60d33b",
      "Relationships": [
        {
          "Type": "CHILD",
          "Ids": [
            "06636810-26e5-4942-8618-d861e5c325dd",
            "67269524-7373-41cd-a751-48b213be3fdf",
            "6abb3003-f8cb-4598-99dc-73ebedd787ec",
            "3d814835-bd36-4d63-b9b2-741b6906919b"
          ]
        }
      ],
      "Page": 1
    },
    {
      "BlockType": "LINE",
      "Confidence": 99.07360076904297,
      "Text": "aws",
      "Geometry": {
        "BoundingBox": {
          "Width": 0.045839812606573105,
          "Height": 0.013918185606598854,
          "Left": 0.6159586310386658,
          "Top": 0.1891269087791443
        },
        "Polygon": [
          {
            "X": 0.6163699626922607,
            "Y": 0.1909669041633606
          },
          {
            "X": 0.6617984771728516,
            "Y": 0.1891269087791443
          },
          {
            "X": 0.661374568939209,
            "Y": 0.20127786695957184
          },
          {
            "X": 0.6159586310386658,
            "Y": 0.2030450999736786
          }
        ]
      },
      "Id": "29f32f01-2cb9-49b2-b28e-f2bf23ba14e1",
      "Relationships": [
        {
          "Type": "CHILD",
          "Ids": [
            "e7afaa34-8494-4c59-bdbb-a4d878df5558"
          ]
        }
      ],
      "Page": 1
    },
    {
      "BlockType": "LINE",
      "Confidence": 99.82881164550781,
      "Text": "Cloud",
      "Geometry": {
        "BoundingBox": {
          "Width": 0.02487795054912567,
          "Height": 0.0067912559024989605,
          "Left": 0.6871466636657715,
          "Top": 0.18554170429706573
        },
        "Polygon": [
          {
            "X": 0.6873512864112854,
            "Y": 0.18654604256153107
          },
          {
            "X": 0.7120246291160583,
            "Y": 0.18554170429706573
          },
          {
            "X": 0.7118167877197266,
            "Y": 0.1913473904132843
          },
          {
            "X": 0.6871466636657715,
            "Y": 0.19233296811580658
          }
        ]
      },
      "Id": "cf1373a7-6f66-497a-bc89-e11544b9cb54",
      "Relationships": [
        {
          "Type": "CHILD",
          "Ids": [
            "582be174-d1d2-4024-9f09-0a52f754be4f"
          ]
        }
      ],
      "Page": 1
    },
    {
      "BlockType": "LINE",
      "Confidence": 99.86457061767578,
      "Text": "Experience",
      "Geometry": {
        "BoundingBox": {
          "Width": 0.04496556520462036,
          "Height": 0.008026516996324062,
          "Left": 0.6876667141914368,
          "Top": 0.1922738403081894
        },
        "Polygon": [
          {
            "X": 0.6878877282142639,
            "Y": 0.19405116140842438
          },
          {
            "X": 0.7326322793960571,
            "Y": 0.1922738403081894
          },
          {
            "X": 0.7324047684669495,
            "Y": 0.19855976104736328
          },
          {
            "X": 0.6876667141914368,
            "Y": 0.20030035078525543
          }
        ]
      },
      "Id": "58be1661-6b0f-4f9f-b09b-089c5e3a76e0",
      "Relationships": [
        {
          "Type": "CHILD",
          "Ids": [
            "338e558e-7ade-4630-8829-2121ef2b626b"
          ]
        }
      ],
      "Page": 1
    },
    {
      "BlockType": "LINE",
      "Confidence": 99.72547912597656,
      "Text": "2025",
      "Geometry": {
        "BoundingBox": {
          "Width": 0.02054559625685215,
          "Height": 0.00665248092263937,
          "Left": 0.6876364350318909,
          "Top": 0.20115773379802704
        },
        "Polygon": [
          {
            "X": 0.6878438591957092,
            "Y": 0.20194463431835175
          },
          {
            "X": 0.7081820368766785,
            "Y": 0.20115773379802704
          },
          {
            "X": 0.7079718112945557,
            "Y": 0.2070389986038208
          },
          {
            "X": 0.6876364350318909,
            "Y": 0.20781022310256958
          }
        ]
      },
      "Id": "62673b23-e3a8-4d71-88f8-8239f1f4241e",
      "Relationships": [
        {
          "Type": "CHILD",
          "Ids": [
            "1bc31874-1898-4293-b91e-e213a29932c5"
          ]
        }
      ],
      "Page": 1
    },
    {
      "BlockType": "LINE",
      "Confidence": 10.061083793640137,
      "Text": "2002",
      "Geometry": {
        "BoundingBox": {
          "Width": 0.008278020657598972,
          "Height": 0.004069558810442686,
          "Left": 0.12847675383090973,
          "Top": 0.2517678141593933
        },
        "Polygon": [
          {
            "X": 0.12857192754745483,
            "Y": 0.25205156207084656
          },
          {
            "X": 0.13675476610660553,
            "Y": 0.2517678141593933
          },
          {
            "X": 0.1366589218378067,
            "Y": 0.25555798411369324
          },
          {
            "X": 0.12847675383090973,
            "Y": 0.2558373510837555
          }
        ]
      },
      "Id": "16bec4b7-c763-4036-9c28-a4cb8efbd6c4",
      "Relationships": [
        {
          "Type": "CHILD",
          "Ids": [
            "ae3085af-5b81-4484-98ff-30aab183432f"
          ]
        }
      ],
      "Page": 1
    },
    {
      "BlockType": "LINE",
      "Confidence": 99.74424743652344,
      "Text": "AWS Region network",
      "Geometry": {
        "BoundingBox": {
          "Width": 0.07024654000997543,
          "Height": 0.009306692518293858,
          "Left": 0.1453016996383667,
          "Top": 0.24644939601421356
        },
        "Polygon": [
          {
            "X": 0.1454760581254959,
            "Y": 0.24890455603599548
          },
          {
            "X": 0.21554824709892273,
            "Y": 0.24644939601421356
          },
          {
            "X": 0.2153632789850235,
            "Y": 0.2533687651157379
          },
          {
            "X": 0.1453016996383667,
            "Y": 0.25575608015060425
          }
        ]
      },
      "Id": "2cba1ad0-c9b9-4b20-ac81-0b2aec886af1",
      "Relationships": [
        {
          "Type": "CHILD",
          "Ids": [
            "5d818815-edf1-428a-b8e8-b8d32f631f40",
            "9bc53bd9-50fa-4f22-9856-ba4d45a40b81",
            "56ae2745-16df-4978-b85a-2d5070ee4467"
          ]
        }
      ],
      "Page": 1
    },
    {
      "BlockType": "LINE",
      "Confidence": 99.84175109863281,
      "Text": "Amazon Bedrock",
      "Geometry": {
        "BoundingBox": {
          "Width": 0.06618741154670715,
          "Height": 0.009749040007591248,
          "Left": 0.4260520040988922,
          "Top": 0.23904724419116974
        },
        "Polygon": [
          {
            "X": 0.4262802004814148,
            "Y": 0.24133802950382233
          },
          {
            "X": 0.49223941564559937,
            "Y": 0.23904724419116974
          },
          {
            "X": 0.4920000731945038,
            "Y": 0.2465723752975464
          },
          {
            "X": 0.4260520040988922,
            "Y": 0.248796284198761
          }
        ]
      },
      "Id": "4d310baf-c1db-4a7d-a856-d6d9d67ac36b",
      "Relationships": [
        {
          "Type": "CHILD",
          "Ids": [
            "1722d062-d734-47ea-a140-f024a2e5cbc4",
            "5b2755b9-e76d-46b8-b47a-89c8baa2e264"
          ]
        }
      ],
      "Page": 1
    },
    {
      "BlockType": "LINE",
      "Confidence": 99.90512084960938,
      "Text": "Model deployment account",
      "Geometry": {
        "BoundingBox": {
          "Width": 0.11427643150091171,
          "Height": 0.012177940458059311,
          "Left": 0.552658200263977,
          "Top": 0.22831504046916962
        },
        "Polygon": [
          {
            "X": 0.5529264211654663,
            "Y": 0.23234425485134125
          },
          {
            "X": 0.666934609413147,
            "Y": 0.22831504046916962
          },
          {
            "X": 0.6666450500488281,
            "Y": 0.23658792674541473
          },
          {
            "X": 0.552658200263977,
            "Y": 0.24049298465251923
          }
        ]
      },
      "Id": "e3229715-326d-46bd-9743-b28d84bd418c",
      "Relationships": [
        {
          "Type": "CHILD",
          "Ids": [
            "d1ef3a9e-4cdc-4ef8-a1fa-767e50151e5b",
            "34629471-4126-405b-9638-02070c86da43",
            "8f676f9a-f98a-4d7d-97b3-ad37a0ba8717"
          ]
        }
      ],
      "Page": 1
    },
    {
      "BlockType": "LINE",
      "Confidence": 99.89598083496094,
      "Text": "Customer account",
      "Geometry": {
        "BoundingBox": {
          "Width": 0.06135474890470505,
          "Height": 0.008123872801661491,
          "Left": 0.17717282474040985,
          "Top": 0.2560533881187439
        },
        "Polygon": [
          {
            "X": 0.17733082175254822,
            "Y": 0.2581091523170471
          },
          {
            "X": 0.2385275661945343,
            "Y": 0.2560533881187439
          },
          {
            "X": 0.23836135864257812,
            "Y": 0.26217371225357056
          },
          {
            "X": 0.17717282474040985,
            "Y": 0.26417726278305054
          }
        ]
      },
      "Id": "ae0ac4d6-ec7c-4c1f-b996-720ea17c27f9",
      "Relationships": [
        {
          "Type": "CHILD",
          "Ids": [
            "6c401101-2d80-40db-a24c-72128477b07c",
            "35ebc38e-593e-49e0-b805-0574e81a9d5f"
          ]
        }
      ],
      "Page": 1
    },
    {
      "BlockType": "LINE",
      "Confidence": 99.43878936767578,
      "Text": "(AWS owned and operated)",
      "Geometry": {
        "BoundingBox": {
          "Width": 0.11459003388881683,
          "Height": 0.01296679675579071,
          "Left": 0.5527531504631042,
          "Top": 0.23598091304302216
        },
        "Polygon": [
          {
            "X": 0.5530508160591125,
            "Y": 0.23990514874458313
          },
          {
            "X": 0.6673431992530823,
            "Y": 0.23598091304302216
          },
          {
            "X": 0.6670216917991638,
            "Y": 0.24516154825687408
          },
          {
            "X": 0.5527531504631042,
            "Y": 0.24894770979881287
          }
        ]
      },
      "Id": "69cee8a4-8faf-415a-89b0-8e1c6ddca601",
      "Relationships": [
        {
          "Type": "CHILD",
          "Ids": [
            "f31ac2f9-452e-4ff3-944a-06b4090ed625",
            "f8b31499-7104-446f-8391-a573ece76ac8",
            "7ab4cbd3-1098-4428-affc-fa9b0e219665",
            "3f85d4c0-dbbf-4cec-b293-b50353053a40"
          ]
        }
      ],
      "Page": 1
    },
    {
      "BlockType": "LINE",
      "Confidence": 99.92884826660156,
      "Text": "service account",
      "Geometry": {
        "BoundingBox": {
          "Width": 0.059688176959753036,
          "Height": 0.008248358964920044,
          "Left": 0.4262281060218811,
          "Top": 0.24800676107406616
        },
        "Polygon": [
          {
            "X": 0.4264194369316101,
            "Y": 0.25000330805778503
          },
          {
            "X": 0.48591628670692444,
            "Y": 0.24800676107406616
          },
          {
            "X": 0.4857165217399597,
            "Y": 0.25430911779403687
          },
          {
            "X": 0.4262281060218811,
            "Y": 0.2562551200389862
          }
        ]
      },
      "Id": "70f25ca9-30b4-4b97-9c96-be4caccc2047",
      "Relationships": [
        {
          "Type": "CHILD",
          "Ids": [
            "df9bc4eb-9a2e-4255-899b-b7cb7ea9e6ac",
            "a95483d1-19d1-4e6d-8866-1bd160b89949"
          ]
        }
      ],
      "Page": 1
    },
    {
      "BlockType": "LINE",
      "Confidence": 46.12794494628906,
      "Text": "D",
      "Geometry": {
        "BoundingBox": {
          "Width": 0.011372797191143036,
          "Height": 0.00775191280990839,
          "Left": 0.16400428116321564,
          "Top": 0.2818151116371155
        },
        "Polygon": [
          {
            "X": 0.16419559717178345,
            "Y": 0.2821537256240845
          },
          {
            "X": 0.17537708580493927,
            "Y": 0.2818151116371155
          },
          {
            "X": 0.1751839518547058,
            "Y": 0.28924012184143066
          },
          {
            "X": 0.16400428116321564,
            "Y": 0.2895670235157013
          }
        ]
      },
      "Id": "bf49c631-9cfc-48e8-b17a-a61dc7901270",
      "Relationships": [
        {
          "Type": "CHILD",
          "Ids": [
            "f0aee502-9ed0-411c-9237-2a6b16a38bd6"
          ]
        }
      ],
      "Page": 1
    },
    {
      "BlockType": "LINE",
      "Confidence": 99.7733154296875,
      "Text": "Customer VPC",
      "Geometry": {
        "BoundingBox": {
          "Width": 0.04916083812713623,
          "Height": 0.007808296009898186,
          "Left": 0.18561971187591553,
          "Top": 0.2788485586643219
        },
        "Polygon": [
          {
            "X": 0.1857852190732956,
            "Y": 0.28034019470214844
          },
          {
            "X": 0.23478055000305176,
            "Y": 0.2788485586643219
          },
          {
            "X": 0.23460817337036133,
            "Y": 0.28520867228507996
          },
          {
            "X": 0.18561971187591553,
            "Y": 0.28665685653686523
          }
        ]
      },
      "Id": "f58bf5b5-619e-467e-bbcf-ca39f5c7d72b",
      "Relationships": [
        {
          "Type": "CHILD",
          "Ids": [
            "b6230375-d9e2-49e4-a4ff-d762548a82e5",
            "3b9ef95b-47aa-4d59-8917-cb6997472945"
          ]
        }
      ],
      "Page": 1
    },
    {
      "BlockType": "LINE",
      "Confidence": 91.20375061035156,
      "Text": "Base model S3",
      "Geometry": {
        "BoundingBox": {
          "Width": 0.06371425837278366,
          "Height": 0.009113095700740814,
          "Left": 0.6373264193534851,
          "Top": 0.27133435010910034
        },
        "Polygon": [
          {
            "X": 0.6375760436058044,
            "Y": 0.27321118116378784
          },
          {
            "X": 0.7010406851768494,
            "Y": 0.27133435010910034
          },
          {
            "X": 0.7007805109024048,
            "Y": 0.2786312401294708
          },
          {
            "X": 0.6373264193534851,
            "Y": 0.28044742345809937
          }
        ]
      },
      "Id": "130b998c-e0b0-4506-b246-d38631dd78ea",
      "Relationships": [
        {
          "Type": "CHILD",
          "Ids": [
            "58b72e7e-571c-442c-9e5e-5dad8e5c1884",
            "d4f1203f-a82a-4ef3-ab0b-d2a8a59fa482",
            "0c2845a8-f992-48fa-8462-9ffa99ef4c5b"
          ]
        }
      ],
      "Page": 1
    },
    {
      "BlockType": "LINE",
      "Confidence": 98.709716796875,
      "Text": "On-demand",
      "Geometry": {
        "BoundingBox": {
          "Width": 0.050660036504268646,
          "Height": 0.008122086524963379,
          "Left": 0.5409413576126099,
          "Top": 0.2823740243911743
        },
        "Polygon": [
          {
            "X": 0.5411600470542908,
            "Y": 0.28381362557411194
          },
          {
            "X": 0.5916013717651367,
            "Y": 0.2823740243911743
          },
          {
            "X": 0.591374933719635,
            "Y": 0.28910157084465027
          },
          {
            "X": 0.5409413576126099,
            "Y": 0.2904961109161377
          }
        ]
      },
      "Id": "1c00ade7-a270-4f9a-a3c1-f661b40153fa",
      "Relationships": [
        {
          "Type": "CHILD",
          "Ids": [
            "aec88f7e-248c-418b-a5c4-1ed8bdcfc3e3"
          ]
        }
      ],
      "Page": 1
    },
    {
      "BlockType": "LINE",
      "Confidence": 99.85773468017578,
      "Text": "Bucket",
      "Geometry": {
        "BoundingBox": {
          "Width": 0.030108366161584854,
          "Height": 0.006518324371427298,
          "Left": 0.6540144681930542,
          "Top": 0.2807712256908417
        },
        "Polygon": [
          {
            "X": 0.6542117595672607,
            "Y": 0.2816208600997925
          },
          {
            "X": 0.6841228008270264,
            "Y": 0.2807712256908417
          },
          {
            "X": 0.6839216351509094,
            "Y": 0.28646227717399597
          },
          {
            "X": 0.6540144681930542,
            "Y": 0.287289559841156
          }
        ]
      },
      "Id": "a6b24d74-8a7c-433c-b4bb-44709e028000",
      "Relationships": [
        {
          "Type": "CHILD",
          "Ids": [
            "1db65d0d-b769-459f-af12-38382acfa9c7"
          ]
        }
      ],
      "Page": 1
    },
    {
      "BlockType": "LINE",
      "Confidence": 99.33320617675781,
      "Text": "rience",
      "Geometry": {
        "BoundingBox": {
          "Width": 0.05183888599276543,
          "Height": 0.014872546307742596,
          "Left": 0,
          "Top": 0.3025648891925812
        },
        "Polygon": [
          {
            "X": 0,
            "Y": 0.30403217673301697
          },
          {
            "X": 0.05183888599276543,
            "Y": 0.3025648891925812
          },
          {
            "X": 0.05151806399226189,
            "Y": 0.31607183814048767
          },
          {
            "X": 0,
            "Y": 0.31743744015693665
          }
        ]
      },
      "Id": "51500c35-ac41-463c-a2f7-6f6a487fec5c",
      "Relationships": [
        {
          "Type": "CHILD",
          "Ids": [
            "0c9a5ead-7b06-4903-871e-c44de02203cc"
          ]
        }
      ],
      "Page": 1
    },
    {
      "BlockType": "LINE",
      "Confidence": 99.44205474853516,
      "Text": "Compute",
      "Geometry": {
        "BoundingBox": {
          "Width": 0.03857220336794853,
          "Height": 0.008183684200048447,
          "Left": 0.5468645095825195,
          "Top": 0.2910279631614685
        },
        "Polygon": [
          {
            "X": 0.5470987558364868,
            "Y": 0.2920790910720825
          },
          {
            "X": 0.5854367017745972,
            "Y": 0.2910279631614685
          },
          {
            "X": 0.5851961970329285,
            "Y": 0.29819706082344055
          },
          {
            "X": 0.5468645095825195,
            "Y": 0.29921165108680725
          }
        ]
      },
      "Id": "ba0a0b6f-5ab7-4939-b015-83f5ec140f64",
      "Relationships": [
        {
          "Type": "CHILD",
          "Ids": [
            "7fa5fc19-796d-4059-a3ea-9abb15f9ce84"
          ]
        }
      ],
      "Page": 1
    },
    {
      "BlockType": "LINE",
      "Confidence": 93.87051391601562,
      "Text": "av",
      "Geometry": {
        "BoundingBox": {
          "Width": 0.09645092487335205,
          "Height": 0.05349983647465706,
          "Left": 0.903549075126648,
          "Top": 0.26009324193000793
        },
        "Polygon": [
          {
            "X": 0.9055421352386475,
            "Y": 0.2630164325237274
          },
          {
            "X": 1,
            "Y": 0.26009324193000793
          },
          {
            "X": 1,
            "Y": 0.3113010823726654
          },
          {
            "X": 0.903549075126648,
            "Y": 0.3135930895805359
          }
        ]
      },
      "Id": "66acdbd4-ade7-454f-94cd-af87938b61fa",
      "Relationships": [
        {
          "Type": "CHILD",
          "Ids": [
            "cd095a58-f618-4d96-9fdb-daab48f2e985"
          ]
        }
      ],
      "Page": 1
    },
    {
      "BlockType": "LINE",
      "Confidence": 99.37789154052734,
      "Text": "Cliente",
      "Geometry": {
        "BoundingBox": {
          "Width": 0.024115225300192833,
          "Height": 0.005899440962821245,
          "Left": 0.1927015483379364,
          "Top": 0.3206307590007782
        },
        "Polygon": [
          {
            "X": 0.19284141063690186,
            "Y": 0.32122302055358887
          },
          {
            "X": 0.21681678295135498,
            "Y": 0.3206307590007782
          },
          {
            "X": 0.2166741043329239,
            "Y": 0.3259557783603668
          },
          {
            "X": 0.1927015483379364,
            "Y": 0.32653018832206726
          }
        ]
      },
      "Id": "c81c29ef-1fab-408c-b603-668874c80127",
      "Relationships": [
        {
          "Type": "CHILD",
          "Ids": [
            "0222aa8b-13bd-44b1-8af2-03510e1fc7bc"
          ]
        }
      ],
      "Page": 1
    },
    {
      "BlockType": "LINE",
      "Confidence": 99.79411315917969,
      "Text": "API",
      "Geometry": {
        "BoundingBox": {
          "Width": 0.01364405918866396,
          "Height": 0.005617860238999128,
          "Left": 0.413131445646286,
          "Top": 0.315914124250412
        },
        "Polygon": [
          {
            "X": 0.41329213976860046,
            "Y": 0.3162463307380676
          },
          {
            "X": 0.4267755150794983,
            "Y": 0.315914124250412
          },
          {
            "X": 0.4266132116317749,
            "Y": 0.32120946049690247
          },
          {
            "X": 0.413131445646286,
            "Y": 0.3215319812297821
          }
        ]
      },
      "Id": "210d8322-4a44-4f31-9355-ccf29abf1e49",
      "Relationships": [
        {
          "Type": "CHILD",
          "Ids": [
            "adf8ff33-df34-491b-b83d-dda1aabe5c37"
          ]
        }
      ],
      "Page": 1
    },
    {
      "BlockType": "LINE",
      "Confidence": 99.53543853759766,
      "Text": "Orchestration",
      "Geometry": {
        "BoundingBox": {
          "Width": 0.0547686368227005,
          "Height": 0.007233701180666685,
          "Left": 0.4403254985809326,
          "Top": 0.31354668736457825
        },
        "Polygon": [
          {
            "X": 0.44050732254981995,
            "Y": 0.31489667296409607
          },
          {
            "X": 0.4950941503047943,
            "Y": 0.31354668736457825
          },
          {
            "X": 0.4949050545692444,
            "Y": 0.31947389245033264
          },
          {
            "X": 0.4403254985809326,
            "Y": 0.3207803964614868
          }
        ]
      },
      "Id": "c33c7c73-b57d-4793-bbbe-f0a5095dd6c8",
      "Relationships": [
        {
          "Type": "CHILD",
          "Ids": [
            "e9910549-e31c-4607-86b1-af17c81a5d0d"
          ]
        }
      ],
      "Page": 1
    },
    {
      "BlockType": "LINE",
      "Confidence": 33.27776336669922,
      "Text": "GO",
      "Geometry": {
        "BoundingBox": {
          "Width": 0.014284836128354073,
          "Height": 0.007192316465079784,
          "Left": 0.2825828790664673,
          "Top": 0.32217925786972046
        },
        "Polygon": [
          {
            "X": 0.2827747166156769,
            "Y": 0.32252055406570435
          },
          {
            "X": 0.296867698431015,
            "Y": 0.32217925786972046
          },
          {
            "X": 0.2966736853122711,
            "Y": 0.3290436565876007
          },
          {
            "X": 0.2825828790664673,
            "Y": 0.3293715715408325
          }
        ]
      },
      "Id": "09580b19-ca00-400f-b1b7-7ddbb98f169a",
      "Relationships": [
        {
          "Type": "CHILD",
          "Ids": [
            "7a77a01b-92a1-4924-8f67-ca932aca4b8b"
          ]
        }
      ],
      "Page": 1
    },
    {
      "BlockType": "LINE",
      "Confidence": 99.94231414794922,
      "Text": "endpoint",
      "Geometry": {
        "BoundingBox": {
          "Width": 0.03530273959040642,
          "Height": 0.007588036824017763,
          "Left": 0.40235379338264465,
          "Top": 0.32313859462738037
        },
        "Polygon": [
          {
            "X": 0.40255796909332275,
            "Y": 0.32396790385246277
          },
          {
            "X": 0.43765655159950256,
            "Y": 0.32313859462738037
          },
          {
            "X": 0.43744704127311707,
            "Y": 0.3299296498298645
          },
          {
            "X": 0.40235379338264465,
            "Y": 0.33072665333747864
          }
        ]
      },
      "Id": "e3d8bc94-e222-4a1a-9da1-d7ba42515292",
      "Relationships": [
        {
          "Type": "CHILD",
          "Ids": [
            "339ba9ff-be71-4f5d-bc26-b6174cbd1a0f"
          ]
        }
      ],
      "Page": 1
    },
    {
      "BlockType": "LINE",
      "Confidence": 99.76586151123047,
      "Text": "Model staging account",
      "Geometry": {
        "BoundingBox": {
          "Width": 0.09549976140260696,
          "Height": 0.010206115432083607,
          "Left": 0.5494404435157776,
          "Top": 0.3151867389678955
        },
        "Polygon": [
          {
            "X": 0.5497009754180908,
            "Y": 0.31747522950172424
          },
          {
            "X": 0.644940197467804,
            "Y": 0.3151867389678955
          },
          {
            "X": 0.6446623206138611,
            "Y": 0.32320505380630493
          },
          {
            "X": 0.5494404435157776,
            "Y": 0.32539287209510803
          }
        ]
      },
      "Id": "5419f9dc-8354-40b2-b416-391657338961",
      "Relationships": [
        {
          "Type": "CHILD",
          "Ids": [
            "24241549-215a-41d7-95c8-496d6f0313cd",
            "b6b69a56-3aa0-4dbc-ba94-689d77025a6a",
            "88ab5667-15ba-41fe-be49-00de981dbfb2"
          ]
        }
      ],
      "Page": 1
    },
    {
      "BlockType": "LINE",
      "Confidence": 99.85794067382812,
      "Text": "(model provider)",
      "Geometry": {
        "BoundingBox": {
          "Width": 0.07095779478549957,
          "Height": 0.009664335288107395,
          "Left": 0.5489560961723328,
          "Top": 0.3242585062980652
        },
        "Polygon": [
          {
            "X": 0.5492208003997803,
            "Y": 0.32587823271751404
          },
          {
            "X": 0.6199138760566711,
            "Y": 0.3242585062980652
          },
          {
            "X": 0.6196361780166626,
            "Y": 0.3323790431022644
          },
          {
            "X": 0.5489560961723328,
            "Y": 0.3339228630065918
          }
        ]
      },
      "Id": "102bcafe-ee8b-4017-a7b8-f7ae323dc692",
      "Relationships": [
        {
          "Type": "CHILD",
          "Ids": [
            "e9fe7e37-1010-48e6-9dd3-2c5726563c09",
            "8e1f7fd8-be2d-4ec3-86e6-d5af2057fdd3"
          ]
        }
      ],
      "Page": 1
    },
    {
      "BlockType": "LINE",
      "Confidence": 99.47271728515625,
      "Text": "AWS PrivateLink",
      "Geometry": {
        "BoundingBox": {
          "Width": 0.06033052131533623,
          "Height": 0.007425920572131872,
          "Left": 0.25896841287612915,
          "Top": 0.3396986126899719
        },
        "Polygon": [
          {
            "X": 0.2591371536254883,
            "Y": 0.34100642800331116
          },
          {
            "X": 0.3192989230155945,
            "Y": 0.3396986126899719
          },
          {
            "X": 0.31912195682525635,
            "Y": 0.3458678424358368
          },
          {
            "X": 0.25896841287612915,
            "Y": 0.34712454676628113
          }
        ]
      },
      "Id": "e79e8fc1-34a2-4a3c-ad76-13de01e7ef98",
      "Relationships": [
        {
          "Type": "CHILD",
          "Ids": [
            "18bf9500-ec03-4118-a141-a26bd0efbd33",
            "489cc404-0801-41df-a25d-f9cd30bf96c8"
          ]
        }
      ],
      "Page": 1
    },
    {
      "BlockType": "LINE",
      "Confidence": 99.61200714111328,
      "Text": "Model artifacts",
      "Geometry": {
        "BoundingBox": {
          "Width": 0.06620997190475464,
          "Height": 0.008210372179746628,
          "Left": 0.6321033239364624,
          "Top": 0.33537939190864563
        },
        "Polygon": [
          {
            "X": 0.6323378682136536,
            "Y": 0.33677980303764343
          },
          {
            "X": 0.698313295841217,
            "Y": 0.33537939190864563
          },
          {
            "X": 0.6980684399604797,
            "Y": 0.3422486484050751
          },
          {
            "X": 0.6321033239364624,
            "Y": 0.34358975291252136
          }
        ]
      },
      "Id": "6528fd3d-fdb7-4e51-af70-a18b561f7c39",
      "Relationships": [
        {
          "Type": "CHILD",
          "Ids": [
            "dfa55a22-3c92-4411-b188-6c478d07eb8f",
            "309a9298-0c47-4b45-8b80-1ba9c321cdc6"
          ]
        }
      ],
      "Page": 1
    },
    {
      "BlockType": "LINE",
      "Confidence": 94.56563568115234,
      "Text": "laws",
      "Geometry": {
        "BoundingBox": {
          "Width": 0.01280435174703598,
          "Height": 0.004656973760575056,
          "Left": 0.4305078089237213,
          "Top": 0.3757310211658478
        },
        "Polygon": [
          {
            "X": 0.43064460158348083,
            "Y": 0.3759401738643646
          },
          {
            "X": 0.4433121681213379,
            "Y": 0.3757310211658478
          },
          {
            "X": 0.4431740939617157,
            "Y": 0.3801864981651306
          },
          {
            "X": 0.4305078089237213,
            "Y": 0.3803879916667938
          }
        ]
      },
      "Id": "f635bef3-df41-4c10-8152-4a71b80b4404",
      "Relationships": [
        {
          "Type": "CHILD",
          "Ids": [
            "4226c4c6-314f-4451-b0d6-7dcdf3e0af2c"
          ]
        }
      ],
      "Page": 1
    },
    {
      "BlockType": "LINE",
      "Confidence": 32.218074798583984,
      "Text": "d",
      "Geometry": {
        "BoundingBox": {
          "Width": 0.00834653154015541,
          "Height": 0.008251896128058434,
          "Left": 0.22061532735824585,
          "Top": 0.38172903656959534
        },
        "Polygon": [
          {
            "X": 0.22083373367786407,
            "Y": 0.3818604350090027
          },
          {
            "X": 0.22896185517311096,
            "Y": 0.38172903656959534
          },
          {
            "X": 0.22874198853969574,
            "Y": 0.3898586928844452
          },
          {
            "X": 0.22061532735824585,
            "Y": 0.38998091220855713
          }
        ]
      },
      "Id": "e543a9a2-8a7a-4109-80fa-92a3be8d2d91",
      "Relationships": [
        {
          "Type": "CHILD",
          "Ids": [
            "ff51540b-c05e-4795-a320-8a6963b9e5b1"
          ]
        }
      ],
      "Page": 1
    },
    {
      "BlockType": "LINE",
      "Confidence": 99.8981704711914,
      "Text": "Corporate network",
      "Geometry": {
        "BoundingBox": {
          "Width": 0.06809002161026001,
          "Height": 0.007962009869515896,
          "Left": 0.23912671208381653,
          "Top": 0.381457656621933
        },
        "Polygon": [
          {
            "X": 0.23931391537189484,
            "Y": 0.3825463056564331
          },
          {
            "X": 0.30721673369407654,
            "Y": 0.381457656621933
          },
          {
            "X": 0.30701908469200134,
            "Y": 0.3883959650993347
          },
          {
            "X": 0.23912671208381653,
            "Y": 0.38941967487335205
          }
        ]
      },
      "Id": "0b9633dc-c2e0-4b49-9566-201644362a89",
      "Relationships": [
        {
          "Type": "CHILD",
          "Ids": [
            "203b5826-1f78-4209-8c61-368ed8f93b40",
            "0ab423ca-5c84-4441-9d31-e7a4763af953"
          ]
        }
      ],
      "Page": 1
    },
    {
      "BlockType": "LINE",
      "Confidence": 99.90081787109375,
      "Text": "AWS Region security services",
      "Geometry": {
        "BoundingBox": {
          "Width": 0.11713539063930511,
          "Height": 0.01020952221006155,
          "Left": 0.45248058438301086,
          "Top": 0.37257012724876404
        },
        "Polygon": [
          {
            "X": 0.45273804664611816,
            "Y": 0.3745165467262268
          },
          {
            "X": 0.5696159601211548,
            "Y": 0.37257012724876404
          },
          {
            "X": 0.5693364143371582,
            "Y": 0.3809637129306793
          },
          {
            "X": 0.45248058438301086,
            "Y": 0.38277965784072876
          }
        ]
      },
      "Id": "d5a6e175-4454-457a-be85-141c1256c99d",
      "Relationships": [
        {
          "Type": "CHILD",
          "Ids": [
            "771ff63b-dd2f-4a13-ad33-abdd0615fd1a",
            "0fad97b0-b350-41eb-b095-6fdeeb9bc59a",
            "fc30a762-5526-4553-9476-c6e6f6c5ccec",
            "6b85257e-b967-48c3-953a-4719c969313f"
          ]
        }
      ],
      "Page": 1
    },
    {
      "BlockType": "LINE",
      "Confidence": 99.81464385986328,
      "Text": "AWS Direct",
      "Geometry": {
        "BoundingBox": {
          "Width": 0.03801069036126137,
          "Height": 0.005432875826954842,
          "Left": 0.13445885479450226,
          "Top": 0.4274294376373291
        },
        "Polygon": [
          {
            "X": 0.13458698987960815,
            "Y": 0.42780426144599915
          },
          {
            "X": 0.17246954143047333,
            "Y": 0.4274294376373291
          },
          {
            "X": 0.17233718931674957,
            "Y": 0.4325145184993744
          },
          {
            "X": 0.13445885479450226,
            "Y": 0.4328623116016388
          }
        ]
      },
      "Id": "be3741c4-1d66-49a6-997a-21fee726773c",
      "Relationships": [
        {
          "Type": "CHILD",
          "Ids": [
            "3abb96b7-6f4b-4242-8e0d-06fbe4ea2a2f",
            "7e77c3c9-d293-44c9-b817-e4123d9f2387"
          ]
        }
      ],
      "Page": 1
    },
    {
      "BlockType": "LINE",
      "Confidence": 99.8187255859375,
      "Text": "Cliente",
      "Geometry": {
        "BoundingBox": {
          "Width": 0.025909172371029854,
          "Height": 0.00566047104075551,
          "Left": 0.25806301832199097,
          "Top": 0.42504990100860596
        },
        "Polygon": [
          {
            "X": 0.2582121193408966,
            "Y": 0.42530933022499084
          },
          {
            "X": 0.2839721739292145,
            "Y": 0.42504990100860596
          },
          {
            "X": 0.2838199734687805,
            "Y": 0.4304702579975128
          },
          {
            "X": 0.25806301832199097,
            "Y": 0.4307103753089905
          }
        ]
      },
      "Id": "1d87b6f0-9c30-44cd-9a7b-7087286775a2",
      "Relationships": [
        {
          "Type": "CHILD",
          "Ids": [
            "d6d2f499-0cf3-44ed-89be-8ee8c31fcacb"
          ]
        }
      ],
      "Page": 1
    },
    {
      "BlockType": "LINE",
      "Confidence": 99.92608642578125,
      "Text": "Connect",
      "Geometry": {
        "BoundingBox": {
          "Width": 0.027947111055254936,
          "Height": 0.0052477228455245495,
          "Left": 0.13876043260097504,
          "Top": 0.43483227491378784
        },
        "Polygon": [
          {
            "X": 0.13888752460479736,
            "Y": 0.435078889131546
          },
          {
            "X": 0.16670753061771393,
            "Y": 0.43483227491378784
          },
          {
            "X": 0.16657736897468567,
            "Y": 0.4398530125617981
          },
          {
            "X": 0.13876043260097504,
            "Y": 0.44008001685142517
          }
        ]
      },
      "Id": "4192d0ba-16a8-4854-8e52-0f9bc660de7c",
      "Relationships": [
        {
          "Type": "CHILD",
          "Ids": [
            "4881ee7e-f906-458a-a863-f6b0b1541cde"
          ]
        }
      ],
      "Page": 1
    },
    {
      "BlockType": "WORD",
      "Confidence": 99.9625473022461,
      "Text": "Amazon",
      "TextType": "PRINTED",
      "Geometry": {
        "BoundingBox": {
          "Width": 0.07228855788707733,
          "Height": 0.014680217020213604,
          "Left": 0.12478622049093246,
          "Top": 0.22049029171466827
        },
        "Polygon": [
          {
            "X": 0.12508420646190643,
            "Y": 0.22328008711338043
          },
          {
            "X": 0.1970747709274292,
            "Y": 0.22049029171466827
          },
          {
            "X": 0.19675789773464203,
            "Y": 0.2325020134449005
          },
          {
            "X": 0.12478622049093246,
            "Y": 0.23517049849033356
          }
        ]
      },
      "Id": "06636810-26e5-4942-8618-d861e5c325dd",
      "Page": 1
    },
    {
      "BlockType": "WORD",
      "Confidence": 99.87771606445312,
      "Text": "Bedrock",
      "TextType": "PRINTED",
      "Geometry": {
        "BoundingBox": {
          "Width": 0.07392957806587219,
          "Height": 0.017064571380615234,
          "Left": 0.20178793370723724,
          "Top": 0.21200603246688843
        },
        "Polygon": [
          {
            "X": 0.2021627277135849,
            "Y": 0.21491166949272156
          },
          {
            "X": 0.27571749687194824,
            "Y": 0.21200603246688843
          },
          {
            "X": 0.27531954646110535,
            "Y": 0.22631098330020905
          },
          {
            "X": 0.20178793370723724,
            "Y": 0.22907060384750366
          }
        ]
      },
      "Id": "67269524-7373-41cd-a751-48b213be3fdf",
      "Page": 1
    },
    {
      "BlockType": "WORD",
      "Confidence": 99.908203125,
      "Text": "data",
      "TextType": "PRINTED",
      "Geometry": {
        "BoundingBox": {
          "Width": 0.04194238781929016,
          "Height": 0.014794285409152508,
          "Left": 0.28086134791374207,
          "Top": 0.20877324044704437
        },
        "Polygon": [
          {
            "X": 0.28122830390930176,
            "Y": 0.21042342483997345
          },
          {
            "X": 0.3228037357330322,
            "Y": 0.20877324044704437
          },
          {
            "X": 0.3224245607852936,
            "Y": 0.22199313342571259
          },
          {
            "X": 0.28086134791374207,
            "Y": 0.22356753051280975
          }
        ]
      },
      "Id": "6abb3003-f8cb-4598-99dc-73ebedd787ec",
      "Page": 1
    },
    {
      "BlockType": "WORD",
      "Confidence": 99.90765380859375,
      "Text": "flows",
      "TextType": "PRINTED",
      "Geometry": {
        "BoundingBox": {
          "Width": 0.05276450514793396,
          "Height": 0.014842472970485687,
          "Left": 0.32857638597488403,
          "Top": 0.20456595718860626
        },
        "Polygon": [
          {
            "X": 0.32894349098205566,
            "Y": 0.20665912330150604
          },
          {
            "X": 0.381340891122818,
            "Y": 0.20456595718860626
          },
          {
            "X": 0.3809588551521301,
            "Y": 0.21740731596946716
          },
          {
            "X": 0.32857638597488403,
            "Y": 0.21940843760967255
          }
        ]
      },
      "Id": "3d814835-bd36-4d63-b9b2-741b6906919b",
      "Page": 1
    },
    {
      "BlockType": "WORD",
      "Confidence": 99.07360076904297,
      "Text": "aws",
      "TextType": "PRINTED",
      "Geometry": {
        "BoundingBox": {
          "Width": 0.045839812606573105,
          "Height": 0.013918185606598854,
          "Left": 0.6159586310386658,
          "Top": 0.1891269087791443
        },
        "Polygon": [
          {
            "X": 0.6163699626922607,
            "Y": 0.1909669041633606
          },
          {
            "X": 0.6617984771728516,
            "Y": 0.1891269087791443
          },
          {
            "X": 0.661374568939209,
            "Y": 0.20127786695957184
          },
          {
            "X": 0.6159586310386658,
            "Y": 0.2030450999736786
          }
        ]
      },
      "Id": "e7afaa34-8494-4c59-bdbb-a4d878df5558",
      "Page": 1
    },
    {
      "BlockType": "WORD",
      "Confidence": 99.82881164550781,
      "Text": "Cloud",
      "TextType": "PRINTED",
      "Geometry": {
        "BoundingBox": {
          "Width": 0.02487795054912567,
          "Height": 0.0067912559024989605,
          "Left": 0.6871466636657715,
          "Top": 0.18554170429706573
        },
        "Polygon": [
          {
            "X": 0.6873512864112854,
            "Y": 0.18654604256153107
          },
          {
            "X": 0.7120246291160583,
            "Y": 0.18554170429706573
          },
          {
            "X": 0.7118167877197266,
            "Y": 0.1913473904132843
          },
          {
            "X": 0.6871466636657715,
            "Y": 0.19233296811580658
          }
        ]
      },
      "Id": "582be174-d1d2-4024-9f09-0a52f754be4f",
      "Page": 1
    },
    {
      "BlockType": "WORD",
      "Confidence": 99.86457061767578,
      "Text": "Experience",
      "TextType": "PRINTED",
      "Geometry": {
        "BoundingBox": {
          "Width": 0.04496556520462036,
          "Height": 0.008026516996324062,
          "Left": 0.6876667141914368,
          "Top": 0.1922738403081894
        },
        "Polygon": [
          {
            "X": 0.6878877282142639,
            "Y": 0.19405116140842438
          },
          {
            "X": 0.7326322793960571,
            "Y": 0.1922738403081894
          },
          {
            "X": 0.7324047684669495,
            "Y": 0.19855976104736328
          },
          {
            "X": 0.6876667141914368,
            "Y": 0.20030035078525543
          }
        ]
      },
      "Id": "338e558e-7ade-4630-8829-2121ef2b626b",
      "Page": 1
    },
    {
      "BlockType": "WORD",
      "Confidence": 99.72547912597656,
      "Text": "2025",
      "TextType": "PRINTED",
      "Geometry": {
        "BoundingBox": {
          "Width": 0.02054559625685215,
          "Height": 0.00665248092263937,
          "Left": 0.6876364350318909,
          "Top": 0.20115773379802704
        },
        "Polygon": [
          {
            "X": 0.6878438591957092,
            "Y": 0.20194463431835175
          },
          {
            "X": 0.7081820368766785,
            "Y": 0.20115773379802704
          },
          {
            "X": 0.7079718112945557,
            "Y": 0.2070389986038208
          },
          {
            "X": 0.6876364350318909,
            "Y": 0.20781022310256958
          }
        ]
      },
      "Id": "1bc31874-1898-4293-b91e-e213a29932c5",
      "Page": 1
    },
    {
      "BlockType": "WORD",
      "Confidence": 10.061083793640137,
      "Text": "2002",
      "TextType": "PRINTED",
      "Geometry": {
        "BoundingBox": {
          "Width": 0.008278020657598972,
          "Height": 0.004069558810442686,
          "Left": 0.12847675383090973,
          "Top": 0.2517678141593933
        },
        "Polygon": [
          {
            "X": 0.12857192754745483,
            "Y": 0.25205156207084656
          },
          {
            "X": 0.13675476610660553,
            "Y": 0.2517678141593933
          },
          {
            "X": 0.1366589218378067,
            "Y": 0.25555798411369324
          },
          {
            "X": 0.12847675383090973,
            "Y": 0.2558373510837555
          }
        ]
      },
      "Id": "ae3085af-5b81-4484-98ff-30aab183432f",
      "Page": 1
    },
    {
      "BlockType": "WORD",
      "Confidence": 99.789794921875,
      "Text": "AWS",
      "TextType": "PRINTED",
      "Geometry": {
        "BoundingBox": {
          "Width": 0.01548581849783659,
          "Height": 0.005701880436390638,
          "Left": 0.14531086385250092,
          "Top": 0.24969422817230225
        },
        "Polygon": [
          {
            "X": 0.14544235169887543,
            "Y": 0.2502293586730957
          },
          {
            "X": 0.16079668700695038,
            "Y": 0.24969422817230225
          },
          {
            "X": 0.1606634557247162,
            "Y": 0.25487220287323
          },
          {
            "X": 0.14531086385250092,
            "Y": 0.25539612770080566
          }
        ]
      },
      "Id": "5d818815-edf1-428a-b8e8-b8d32f631f40",
      "Page": 1
    },
    {
      "BlockType": "WORD",
      "Confidence": 99.82893371582031,
      "Text": "Region",
      "TextType": "PRINTED",
      "Geometry": {
        "BoundingBox": {
          "Width": 0.022836722433567047,
          "Height": 0.006750043481588364,
          "Left": 0.16289064288139343,
          "Top": 0.24840670824050903
        },
        "Polygon": [
          {
            "X": 0.16304418444633484,
            "Y": 0.24919858574867249
          },
          {
            "X": 0.18572735786437988,
            "Y": 0.24840670824050903
          },
          {
            "X": 0.1855708509683609,
            "Y": 0.25438392162323
          },
          {
            "X": 0.16289064288139343,
            "Y": 0.2551567554473877
          }
        ]
      },
      "Id": "9bc53bd9-50fa-4f22-9856-ba4d45a40b81",
      "Page": 1
    },
    {
      "BlockType": "WORD",
      "Confidence": 99.61402130126953,
      "Text": "network",
      "TextType": "PRINTED",
      "Geometry": {
        "BoundingBox": {
          "Width": 0.028604311868548393,
          "Height": 0.006214401219040155,
          "Left": 0.1869439333677292,
          "Top": 0.24644939601421356
        },
        "Polygon": [
          {
            "X": 0.18708066642284393,
            "Y": 0.24744683504104614
          },
          {
            "X": 0.21554824709892273,
            "Y": 0.24644939601421356
          },
          {
            "X": 0.21540822088718414,
            "Y": 0.251687228679657
          },
          {
            "X": 0.1869439333677292,
            "Y": 0.252663791179657
          }
        ]
      },
      "Id": "56ae2745-16df-4978-b85a-2d5070ee4467",
      "Page": 1
    },
    {
      "BlockType": "WORD",
      "Confidence": 99.8963623046875,
      "Text": "Amazon",
      "TextType": "PRINTED",
      "Geometry": {
        "BoundingBox": {
          "Width": 0.031883858144283295,
          "Height": 0.0067504639737308025,
          "Left": 0.4260520040988922,
          "Top": 0.2420458197593689
        },
        "Polygon": [
          {
            "X": 0.42622506618499756,
            "Y": 0.24313943088054657
          },
          {
            "X": 0.4579358398914337,
            "Y": 0.2420458197593689
          },
          {
            "X": 0.45775872468948364,
            "Y": 0.24772706627845764
          },
          {
            "X": 0.4260520040988922,
            "Y": 0.248796284198761
          }
        ]
      },
      "Id": "1722d062-d734-47ea-a140-f024a2e5cbc4",
      "Page": 1
    },
    {
      "BlockType": "WORD",
      "Confidence": 99.7871322631836,
      "Text": "Bedrock",
      "TextType": "PRINTED",
      "Geometry": {
        "BoundingBox": {
          "Width": 0.03254955634474754,
          "Height": 0.007376893423497677,
          "Left": 0.4596898555755615,
          "Top": 0.23904724419116974
        },
        "Polygon": [
          {
            "X": 0.45988503098487854,
            "Y": 0.2401709258556366
          },
          {
            "X": 0.49223941564559937,
            "Y": 0.23904724419116974
          },
          {
            "X": 0.49203965067863464,
            "Y": 0.24532784521579742
          },
          {
            "X": 0.4596898555755615,
            "Y": 0.24642413854599
          }
        ]
      },
      "Id": "5b2755b9-e76d-46b8-b47a-89c8baa2e264",
      "Page": 1
    },
    {
      "BlockType": "WORD",
      "Confidence": 99.85834503173828,
      "Text": "Model",
      "TextType": "PRINTED",
      "Geometry": {
        "BoundingBox": {
          "Width": 0.02619803510606289,
          "Height": 0.007073764689266682,
          "Left": 0.5526638031005859,
          "Top": 0.23324814438819885
        },
        "Polygon": [
          {
            "X": 0.5528665781021118,
            "Y": 0.23416057229042053
          },
          {
            "X": 0.5788618326187134,
            "Y": 0.23324814438819885
          },
          {
            "X": 0.5786553621292114,
            "Y": 0.23943087458610535
          },
          {
            "X": 0.5526638031005859,
            "Y": 0.24032190442085266
          }
        ]
      },
      "Id": "d1ef3a9e-4cdc-4ef8-a1fa-767e50151e5b",
      "Page": 1
    },
    {
      "BlockType": "WORD",
      "Confidence": 99.91736602783203,
      "Text": "deployment",
      "TextType": "PRINTED",
      "Geometry": {
        "BoundingBox": {
          "Width": 0.05038874223828316,
          "Height": 0.009326993487775326,
          "Left": 0.5807417035102844,
          "Top": 0.23020388185977936
        },
        "Polygon": [
          {
            "X": 0.5809944272041321,
            "Y": 0.2319716513156891
          },
          {
            "X": 0.6311304569244385,
            "Y": 0.23020388185977936
          },
          {
            "X": 0.6308690905570984,
            "Y": 0.2378135770559311
          },
          {
            "X": 0.5807417035102844,
            "Y": 0.23953087627887726
          }
        ]
      },
      "Id": "34629471-4126-405b-9638-02070c86da43",
      "Page": 1
    },
    {
      "BlockType": "WORD",
      "Confidence": 99.93965911865234,
      "Text": "account",
      "TextType": "PRINTED",
      "Geometry": {
        "BoundingBox": {
          "Width": 0.03371623903512955,
          "Height": 0.0070962789468467236,
          "Left": 0.6332183480262756,
          "Top": 0.22831504046916962
        },
        "Polygon": [
          {
            "X": 0.6334216594696045,
            "Y": 0.2294994294643402
          },
          {
            "X": 0.666934609413147,
            "Y": 0.22831504046916962
          },
          {
            "X": 0.6667267680168152,
            "Y": 0.23425312340259552
          },
          {
            "X": 0.6332183480262756,
            "Y": 0.23541131615638733
          }
        ]
      },
      "Id": "8f676f9a-f98a-4d7d-97b3-ad37a0ba8717",
      "Page": 1
    },
    {
      "BlockType": "WORD",
      "Confidence": 99.90869140625,
      "Text": "Customer",
      "TextType": "PRINTED",
      "Geometry": {
        "BoundingBox": {
          "Width": 0.032931748777627945,
          "Height": 0.006246200762689114,
          "Left": 0.17717282474040985,
          "Top": 0.25793105363845825
        },
        "Polygon": [
          {
            "X": 0.1773068755865097,
            "Y": 0.2590286135673523
          },
          {
            "X": 0.2101045697927475,
            "Y": 0.25793105363845825
          },
          {
            "X": 0.20996679365634918,
            "Y": 0.2631034553050995
          },
          {
            "X": 0.17717282474040985,
            "Y": 0.26417726278305054
          }
        ]
      },
      "Id": "6c401101-2d80-40db-a24c-72128477b07c",
      "Page": 1
    },
    {
      "BlockType": "WORD",
      "Confidence": 99.88325500488281,
      "Text": "account",
      "TextType": "PRINTED",
      "Geometry": {
        "BoundingBox": {
          "Width": 0.027004316449165344,
          "Height": 0.006283893715590239,
          "Left": 0.21152324974536896,
          "Top": 0.2560533881187439
        },
        "Polygon": [
          {
            "X": 0.2116667628288269,
            "Y": 0.25695571303367615
          },
          {
            "X": 0.2385275661945343,
            "Y": 0.2560533881187439
          },
          {
            "X": 0.23838086426258087,
            "Y": 0.2614551782608032
          },
          {
            "X": 0.21152324974536896,
            "Y": 0.2623372972011566
          }
        ]
      },
      "Id": "35ebc38e-593e-49e0-b805-0574e81a9d5f",
      "Page": 1
    },
    {
      "BlockType": "WORD",
      "Confidence": 98.92737579345703,
      "Text": "(AWS",
      "TextType": "PRINTED",
      "Geometry": {
        "BoundingBox": {
          "Width": 0.022523272782564163,
          "Height": 0.007470160257071257,
          "Left": 0.5527531504631042,
          "Top": 0.24147754907608032
        },
        "Polygon": [
          {
            "X": 0.5529741048812866,
            "Y": 0.24223639070987701
          },
          {
            "X": 0.5752764344215393,
            "Y": 0.24147754907608032
          },
          {
            "X": 0.5750520825386047,
            "Y": 0.24820885062217712
          },
          {
            "X": 0.5527531504631042,
            "Y": 0.24894770979881287
          }
        ]
      },
      "Id": "f31ac2f9-452e-4ff3-944a-06b4090ed625",
      "Page": 1
    },
    {
      "BlockType": "WORD",
      "Confidence": 99.81930541992188,
      "Text": "owned",
      "TextType": "PRINTED",
      "Geometry": {
        "BoundingBox": {
          "Width": 0.028331752866506577,
          "Height": 0.00691703986376524,
          "Left": 0.5771983861923218,
          "Top": 0.23984071612358093
        },
        "Polygon": [
          {
            "X": 0.5773971676826477,
            "Y": 0.24080020189285278
          },
          {
            "X": 0.6055301427841187,
            "Y": 0.23984071612358093
          },
          {
            "X": 0.6053274869918823,
            "Y": 0.24582058191299438
          },
          {
            "X": 0.5771983861923218,
            "Y": 0.24675774574279785
          }
        ]
      },
      "Id": "f8b31499-7104-446f-8391-a573ece76ac8",
      "Page": 1
    },
    {
      "BlockType": "WORD",
      "Confidence": 99.97852325439453,
      "Text": "and",
      "TextType": "PRINTED",
      "Geometry": {
        "BoundingBox": {
          "Width": 0.016323192045092583,
          "Height": 0.0063438741490244865,
          "Left": 0.6071097254753113,
          "Top": 0.23871567845344543
        },
        "Polygon": [
          {
            "X": 0.607306182384491,
            "Y": 0.2392667829990387
          },
          {
            "X": 0.6234329342842102,
            "Y": 0.23871567845344543
          },
          {
            "X": 0.6232343316078186,
            "Y": 0.24452084302902222
          },
          {
            "X": 0.6071097254753113,
            "Y": 0.2450595498085022
          }
        ]
      },
      "Id": "7ab4cbd3-1098-4428-affc-fa9b0e219665",
      "Page": 1
    },
    {
      "BlockType": "WORD",
      "Confidence": 99.02997589111328,
      "Text": "operated)",
      "TextType": "PRINTED",
      "Geometry": {
        "BoundingBox": {
          "Width": 0.0419824980199337,
          "Height": 0.009393388405442238,
          "Left": 0.6253606677055359,
          "Top": 0.23598091304302216
        },
        "Polygon": [
          {
            "X": 0.6256333589553833,
            "Y": 0.23741301894187927
          },
          {
            "X": 0.6673431992530823,
            "Y": 0.23598091304302216
          },
          {
            "X": 0.6670628786087036,
            "Y": 0.2439861297607422
          },
          {
            "X": 0.6253606677055359,
            "Y": 0.24537429213523865
          }
        ]
      },
      "Id": "3f85d4c0-dbbf-4cec-b293-b50353053a40",
      "Page": 1
    },
    {
      "BlockType": "WORD",
      "Confidence": 99.89324188232422,
      "Text": "service",
      "TextType": "PRINTED",
      "Geometry": {
        "BoundingBox": {
          "Width": 0.02671121619641781,
          "Height": 0.0066076465882360935,
          "Left": 0.4262281060218811,
          "Top": 0.24964746832847595
        },
        "Polygon": [
          {
            "X": 0.42640313506126404,
            "Y": 0.2505360245704651
          },
          {
            "X": 0.45293933153152466,
            "Y": 0.24964746832847595
          },
          {
            "X": 0.45276087522506714,
            "Y": 0.25538715720176697
          },
          {
            "X": 0.4262281060218811,
            "Y": 0.2562551200389862
          }
        ]
      },
      "Id": "df9bc4eb-9a2e-4255-899b-b7cb7ea9e6ac",
      "Page": 1
    },
    {
      "BlockType": "WORD",
      "Confidence": 99.9644546508789,
      "Text": "account",
      "TextType": "PRINTED",
      "Geometry": {
        "BoundingBox": {
          "Width": 0.030791563913226128,
          "Height": 0.006788821425288916,
          "Left": 0.45512470602989197,
          "Top": 0.24800676107406616
        },
        "Polygon": [
          {
            "X": 0.4553040862083435,
            "Y": 0.24903401732444763
          },
          {
            "X": 0.48591628670692444,
            "Y": 0.24800676107406616
          },
          {
            "X": 0.48573291301727295,
            "Y": 0.2537921965122223
          },
          {
            "X": 0.45512470602989197,
            "Y": 0.2547955811023712
          }
        ]
      },
      "Id": "a95483d1-19d1-4e6d-8866-1bd160b89949",
      "Page": 1
    },
    {
      "BlockType": "WORD",
      "Confidence": 46.12794494628906,
      "Text": "D",
      "TextType": "PRINTED",
      "Geometry": {
        "BoundingBox": {
          "Width": 0.011372797191143036,
          "Height": 0.00775191280990839,
          "Left": 0.16400428116321564,
          "Top": 0.2818151116371155
        },
        "Polygon": [
          {
            "X": 0.16419559717178345,
            "Y": 0.2821537256240845
          },
          {
            "X": 0.17537708580493927,
            "Y": 0.2818151116371155
          },
          {
            "X": 0.1751839518547058,
            "Y": 0.28924012184143066
          },
          {
            "X": 0.16400428116321564,
            "Y": 0.2895670235157013
          }
        ]
      },
      "Id": "f0aee502-9ed0-411c-9237-2a6b16a38bd6",
      "Page": 1
    },
    {
      "BlockType": "WORD",
      "Confidence": 99.71220397949219,
      "Text": "Customer",
      "TextType": "PRINTED",
      "Geometry": {
        "BoundingBox": {
          "Width": 0.033673807978630066,
          "Height": 0.006572857033461332,
          "Left": 0.18561971187591553,
          "Top": 0.2800839841365814
        },
        "Polygon": [
          {
            "X": 0.18576528131961823,
            "Y": 0.28110116720199585
          },
          {
            "X": 0.2192935198545456,
            "Y": 0.2800839841365814
          },
          {
            "X": 0.2191438227891922,
            "Y": 0.2856658101081848
          },
          {
            "X": 0.18561971187591553,
            "Y": 0.28665685653686523
          }
        ]
      },
      "Id": "b6230375-d9e2-49e4-a4ff-d762548a82e5",
      "Page": 1
    },
    {
      "BlockType": "WORD",
      "Confidence": 99.83442687988281,
      "Text": "VPC",
      "TextType": "PRINTED",
      "Geometry": {
        "BoundingBox": {
          "Width": 0.014395845122635365,
          "Height": 0.00597801711410284,
          "Left": 0.22038470208644867,
          "Top": 0.2788485586643219
        },
        "Polygon": [
          {
            "X": 0.22053350508213043,
            "Y": 0.2792823016643524
          },
          {
            "X": 0.23478055000305176,
            "Y": 0.2788485586643219
          },
          {
            "X": 0.23462998867034912,
            "Y": 0.28440386056900024
          },
          {
            "X": 0.22038470208644867,
            "Y": 0.2848265767097473
          }
        ]
      },
      "Id": "3b9ef95b-47aa-4d59-8917-cb6997472945",
      "Page": 1
    },
    {
      "BlockType": "WORD",
      "Confidence": 99.87952423095703,
      "Text": "Base",
      "TextType": "PRINTED",
      "Geometry": {
        "BoundingBox": {
          "Width": 0.02046404778957367,
          "Height": 0.006439970340579748,
          "Left": 0.6373264193534851,
          "Top": 0.2740074694156647
        },
        "Polygon": [
          {
            "X": 0.6375280618667603,
            "Y": 0.2746029794216156
          },
          {
            "X": 0.65779048204422,
            "Y": 0.2740074694156647
          },
          {
            "X": 0.6575861573219299,
            "Y": 0.279867559671402
          },
          {
            "X": 0.6373264193534851,
            "Y": 0.28044742345809937
          }
        ]
      },
      "Id": "58b72e7e-571c-442c-9e5e-5dad8e5c1884",
      "Page": 1
    },
    {
      "BlockType": "WORD",
      "Confidence": 99.32846069335938,
      "Text": "model",
      "TextType": "PRINTED",
      "Geometry": {
        "BoundingBox": {
          "Width": 0.027426833286881447,
          "Height": 0.006683696061372757,
          "Left": 0.6600347757339478,
          "Top": 0.27223870158195496
        },
        "Polygon": [
          {
            "X": 0.6602400541305542,
            "Y": 0.2730419337749481
          },
          {
            "X": 0.6874616146087646,
            "Y": 0.27223870158195496
          },
          {
            "X": 0.6872526407241821,
            "Y": 0.27814024686813354
          },
          {
            "X": 0.6600347757339478,
            "Y": 0.2789224088191986
          }
        ]
      },
      "Id": "d4f1203f-a82a-4ef3-ab0b-d2a8a59fa482",
      "Page": 1
    },
    {
      "BlockType": "WORD",
      "Confidence": 74.40327453613281,
      "Text": "S3",
      "TextType": "PRINTED",
      "Geometry": {
        "BoundingBox": {
          "Width": 0.011262038722634315,
          "Height": 0.0062718200497329235,
          "Left": 0.6897786855697632,
          "Top": 0.27133435010910034
        },
        "Polygon": [
          {
            "X": 0.689989447593689,
            "Y": 0.2716611623764038
          },
          {
            "X": 0.7010406851768494,
            "Y": 0.27133435010910034
          },
          {
            "X": 0.7008283734321594,
            "Y": 0.27728796005249023
          },
          {
            "X": 0.6897786855697632,
            "Y": 0.27760615944862366
          }
        ]
      },
      "Id": "0c2845a8-f992-48fa-8462-9ffa99ef4c5b",
      "Page": 1
    },
    {
      "BlockType": "WORD",
      "Confidence": 98.709716796875,
      "Text": "On-demand",
      "TextType": "PRINTED",
      "Geometry": {
        "BoundingBox": {
          "Width": 0.050660036504268646,
          "Height": 0.008122086524963379,
          "Left": 0.5409413576126099,
          "Top": 0.2823740243911743
        },
        "Polygon": [
          {
            "X": 0.5411600470542908,
            "Y": 0.28381362557411194
          },
          {
            "X": 0.5916013717651367,
            "Y": 0.2823740243911743
          },
          {
            "X": 0.591374933719635,
            "Y": 0.28910157084465027
          },
          {
            "X": 0.5409413576126099,
            "Y": 0.2904961109161377
          }
        ]
      },
      "Id": "aec88f7e-248c-418b-a5c4-1ed8bdcfc3e3",
      "Page": 1
    },
    {
      "BlockType": "WORD",
      "Confidence": 99.85773468017578,
      "Text": "Bucket",
      "TextType": "PRINTED",
      "Geometry": {
        "BoundingBox": {
          "Width": 0.030108366161584854,
          "Height": 0.006518324371427298,
          "Left": 0.6540144681930542,
          "Top": 0.2807712256908417
        },
        "Polygon": [
          {
            "X": 0.6542117595672607,
            "Y": 0.2816208600997925
          },
          {
            "X": 0.6841228008270264,
            "Y": 0.2807712256908417
          },
          {
            "X": 0.6839216351509094,
            "Y": 0.28646227717399597
          },
          {
            "X": 0.6540144681930542,
            "Y": 0.287289559841156
          }
        ]
      },
      "Id": "1db65d0d-b769-459f-af12-38382acfa9c7",
      "Page": 1
    },
    {
      "BlockType": "WORD",
      "Confidence": 99.33320617675781,
      "Text": "rience",
      "TextType": "PRINTED",
      "Geometry": {
        "BoundingBox": {
          "Width": 0.05183888599276543,
          "Height": 0.014872546307742596,
          "Left": 0,
          "Top": 0.3025648891925812
        },
        "Polygon": [
          {
            "X": 0,
            "Y": 0.30403217673301697
          },
          {
            "X": 0.05183888599276543,
            "Y": 0.3025648891925812
          },
          {
            "X": 0.05151806399226189,
            "Y": 0.31607183814048767
          },
          {
            "X": 0,
            "Y": 0.31743744015693665
          }
        ]
      },
      "Id": "0c9a5ead-7b06-4903-871e-c44de02203cc",
      "Page": 1
    },
    {
      "BlockType": "WORD",
      "Confidence": 99.44205474853516,
      "Text": "Compute",
      "TextType": "PRINTED",
      "Geometry": {
        "BoundingBox": {
          "Width": 0.03857220336794853,
          "Height": 0.008183684200048447,
          "Left": 0.5468645095825195,
          "Top": 0.2910279631614685
        },
        "Polygon": [
          {
            "X": 0.5470987558364868,
            "Y": 0.2920790910720825
          },
          {
            "X": 0.5854367017745972,
            "Y": 0.2910279631614685
          },
          {
            "X": 0.5851961970329285,
            "Y": 0.29819706082344055
          },
          {
            "X": 0.5468645095825195,
            "Y": 0.29921165108680725
          }
        ]
      },
      "Id": "7fa5fc19-796d-4059-a3ea-9abb15f9ce84",
      "Page": 1
    },
    {
      "BlockType": "WORD",
      "Confidence": 93.87051391601562,
      "Text": "av",
      "TextType": "PRINTED",
      "Geometry": {
        "BoundingBox": {
          "Width": 0.09645092487335205,
          "Height": 0.05349983647465706,
          "Left": 0.903549075126648,
          "Top": 0.26009324193000793
        },
        "Polygon": [
          {
            "X": 0.9055421352386475,
            "Y": 0.2630164325237274
          },
          {
            "X": 1,
            "Y": 0.26009324193000793
          },
          {
            "X": 1,
            "Y": 0.3113010823726654
          },
          {
            "X": 0.903549075126648,
            "Y": 0.3135930895805359
          }
        ]
      },
      "Id": "cd095a58-f618-4d96-9fdb-daab48f2e985",
      "Page": 1
    },
    {
      "BlockType": "WORD",
      "Confidence": 99.37789154052734,
      "Text": "Cliente",
      "TextType": "PRINTED",
      "Geometry": {
        "BoundingBox": {
          "Width": 0.024115225300192833,
          "Height": 0.005899440962821245,
          "Left": 0.1927015483379364,
          "Top": 0.3206307590007782
        },
        "Polygon": [
          {
            "X": 0.19284141063690186,
            "Y": 0.32122302055358887
          },
          {
            "X": 0.21681678295135498,
            "Y": 0.3206307590007782
          },
          {
            "X": 0.2166741043329239,
            "Y": 0.3259557783603668
          },
          {
            "X": 0.1927015483379364,
            "Y": 0.32653018832206726
          }
        ]
      },
      "Id": "0222aa8b-13bd-44b1-8af2-03510e1fc7bc",
      "Page": 1
    },
    {
      "BlockType": "WORD",
      "Confidence": 99.79411315917969,
      "Text": "API",
      "TextType": "PRINTED",
      "Geometry": {
        "BoundingBox": {
          "Width": 0.01364405918866396,
          "Height": 0.005617860238999128,
          "Left": 0.413131445646286,
          "Top": 0.315914124250412
        },
        "Polygon": [
          {
            "X": 0.41329213976860046,
            "Y": 0.3162463307380676
          },
          {
            "X": 0.4267755150794983,
            "Y": 0.315914124250412
          },
          {
            "X": 0.4266132116317749,
            "Y": 0.32120946049690247
          },
          {
            "X": 0.413131445646286,
            "Y": 0.3215319812297821
          }
        ]
      },
      "Id": "adf8ff33-df34-491b-b83d-dda1aabe5c37",
      "Page": 1
    },
    {
      "BlockType": "WORD",
      "Confidence": 99.53543853759766,
      "Text": "Orchestration",
      "TextType": "PRINTED",
      "Geometry": {
        "BoundingBox": {
          "Width": 0.0547686368227005,
          "Height": 0.007233701180666685,
          "Left": 0.4403254985809326,
          "Top": 0.31354668736457825
        },
        "Polygon": [
          {
            "X": 0.44050732254981995,
            "Y": 0.31489667296409607
          },
          {
            "X": 0.4950941503047943,
            "Y": 0.31354668736457825
          },
          {
            "X": 0.4949050545692444,
            "Y": 0.31947389245033264
          },
          {
            "X": 0.4403254985809326,
            "Y": 0.3207803964614868
          }
        ]
      },
      "Id": "e9910549-e31c-4607-86b1-af17c81a5d0d",
      "Page": 1
    },
    {
      "BlockType": "WORD",
      "Confidence": 33.27776336669922,
      "Text": "GO",
      "TextType": "PRINTED",
      "Geometry": {
        "BoundingBox": {
          "Width": 0.014284836128354073,
          "Height": 0.007192316465079784,
          "Left": 0.2825828790664673,
          "Top": 0.32217925786972046
        },
        "Polygon": [
          {
            "X": 0.2827747166156769,
            "Y": 0.32252055406570435
          },
          {
            "X": 0.296867698431015,
            "Y": 0.32217925786972046
          },
          {
            "X": 0.2966736853122711,
            "Y": 0.3290436565876007
          },
          {
            "X": 0.2825828790664673,
            "Y": 0.3293715715408325
          }
        ]
      },
      "Id": "7a77a01b-92a1-4924-8f67-ca932aca4b8b",
      "Page": 1
    },
    {
      "BlockType": "WORD",
      "Confidence": 99.94231414794922,
      "Text": "endpoint",
      "TextType": "PRINTED",
      "Geometry": {
        "BoundingBox": {
          "Width": 0.03530273959040642,
          "Height": 0.007588036824017763,
          "Left": 0.40235379338264465,
          "Top": 0.32313859462738037
        },
        "Polygon": [
          {
            "X": 0.40255796909332275,
            "Y": 0.32396790385246277
          },
          {
            "X": 0.43765655159950256,
            "Y": 0.32313859462738037
          },
          {
            "X": 0.43744704127311707,
            "Y": 0.3299296498298645
          },
          {
            "X": 0.40235379338264465,
            "Y": 0.33072665333747864
          }
        ]
      },
      "Id": "339ba9ff-be71-4f5d-bc26-b6174cbd1a0f",
      "Page": 1
    },
    {
      "BlockType": "WORD",
      "Confidence": 99.77267456054688,
      "Text": "Model",
      "TextType": "PRINTED",
      "Geometry": {
        "BoundingBox": {
          "Width": 0.026619069278240204,
          "Height": 0.006747727748006582,
          "Left": 0.549460232257843,
          "Top": 0.3180440068244934
        },
        "Polygon": [
          {
            "X": 0.5496615171432495,
            "Y": 0.31867456436157227
          },
          {
            "X": 0.5760793089866638,
            "Y": 0.3180440068244934
          },
          {
            "X": 0.5758743286132812,
            "Y": 0.3241827189922333
          },
          {
            "X": 0.549460232257843,
            "Y": 0.32479172945022583
          }
        ]
      },
      "Id": "24241549-215a-41d7-95c8-496d6f0313cd",
      "Page": 1
    },
    {
      "BlockType": "WORD",
      "Confidence": 99.54644775390625,
      "Text": "staging",
      "TextType": "PRINTED",
      "Geometry": {
        "BoundingBox": {
          "Width": 0.031217755749821663,
          "Height": 0.008172398433089256,
          "Left": 0.5777606964111328,
          "Top": 0.3165697753429413
        },
        "Polygon": [
          {
            "X": 0.5780090689659119,
            "Y": 0.3173118233680725
          },
          {
            "X": 0.6089784502983093,
            "Y": 0.3165697753429413
          },
          {
            "X": 0.6087247729301453,
            "Y": 0.3240307569503784
          },
          {
            "X": 0.5777606964111328,
            "Y": 0.3247421979904175
          }
        ]
      },
      "Id": "b6b69a56-3aa0-4dbc-ba94-689d77025a6a",
      "Page": 1
    },
    {
      "BlockType": "WORD",
      "Confidence": 99.97846221923828,
      "Text": "account",
      "TextType": "PRINTED",
      "Geometry": {
        "BoundingBox": {
          "Width": 0.03457406163215637,
          "Height": 0.006906104739755392,
          "Left": 0.61036616563797,
          "Top": 0.3151867389678955
        },
        "Polygon": [
          {
            "X": 0.6105730533599854,
            "Y": 0.31601256132125854
          },
          {
            "X": 0.644940197467804,
            "Y": 0.3151867389678955
          },
          {
            "X": 0.6447285413742065,
            "Y": 0.32129472494125366
          },
          {
            "X": 0.61036616563797,
            "Y": 0.32209286093711853
          }
        ]
      },
      "Id": "88ab5667-15ba-41fe-be49-00de981dbfb2",
      "Page": 1
    },
    {
      "BlockType": "WORD",
      "Confidence": 99.90565490722656,
      "Text": "(model",
      "TextType": "PRINTED",
      "Geometry": {
        "BoundingBox": {
          "Width": 0.030184993520379066,
          "Height": 0.0077356016263365746,
          "Left": 0.548971951007843,
          "Top": 0.3257061541080475
        },
        "Polygon": [
          {
            "X": 0.5492039322853088,
            "Y": 0.32639041543006897
          },
          {
            "X": 0.5791569352149963,
            "Y": 0.3257061541080475
          },
          {
            "X": 0.5789200663566589,
            "Y": 0.3327857255935669
          },
          {
            "X": 0.548971951007843,
            "Y": 0.33344176411628723
          }
        ]
      },
      "Id": "e9fe7e37-1010-48e6-9dd3-2c5726563c09",
      "Page": 1
    },
    {
      "BlockType": "WORD",
      "Confidence": 99.81023406982422,
      "Text": "provider)",
      "TextType": "PRINTED",
      "Geometry": {
        "BoundingBox": {
          "Width": 0.039350319653749466,
          "Height": 0.008973956108093262,
          "Left": 0.5805636048316956,
          "Top": 0.3242585062980652
        },
        "Polygon": [
          {
            "X": 0.5808340907096863,
            "Y": 0.3251539170742035
          },
          {
            "X": 0.6199138760566711,
            "Y": 0.3242585062980652
          },
          {
            "X": 0.6196361780166626,
            "Y": 0.3323790431022644
          },
          {
            "X": 0.5805636048316956,
            "Y": 0.33323246240615845
          }
        ]
      },
      "Id": "8e1f7fd8-be2d-4ec3-86e6-d5af2057fdd3",
      "Page": 1
    },
    {
      "BlockType": "WORD",
      "Confidence": 99.69760131835938,
      "Text": "AWS",
      "TextType": "PRINTED",
      "Geometry": {
        "BoundingBox": {
          "Width": 0.017240021377801895,
          "Height": 0.006036372855305672,
          "Left": 0.25896841287612915,
          "Top": 0.3410881757736206
        },
        "Polygon": [
          {
            "X": 0.2591246962547302,
            "Y": 0.3414584696292877
          },
          {
            "X": 0.27620843052864075,
            "Y": 0.3410881757736206
          },
          {
            "X": 0.27605000138282776,
            "Y": 0.34676769375801086
          },
          {
            "X": 0.25896841287612915,
            "Y": 0.34712454676628113
          }
        ]
      },
      "Id": "18bf9500-ec03-4118-a141-a26bd0efbd33",
      "Page": 1
    },
    {
      "BlockType": "WORD",
      "Confidence": 99.24783325195312,
      "Text": "PrivateLink",
      "TextType": "PRINTED",
      "Geometry": {
        "BoundingBox": {
          "Width": 0.041423287242650986,
          "Height": 0.006914874538779259,
          "Left": 0.2778756618499756,
          "Top": 0.3396986126899719
        },
        "Polygon": [
          {
            "X": 0.2780437171459198,
            "Y": 0.34059542417526245
          },
          {
            "X": 0.3192989230155945,
            "Y": 0.3396986126899719
          },
          {
            "X": 0.31912532448768616,
            "Y": 0.3457510769367218
          },
          {
            "X": 0.2778756618499756,
            "Y": 0.34661349654197693
          }
        ]
      },
      "Id": "489cc404-0801-41df-a25d-f9cd30bf96c8",
      "Page": 1
    },
    {
      "BlockType": "WORD",
      "Confidence": 99.42977905273438,
      "Text": "Model",
      "TextType": "PRINTED",
      "Geometry": {
        "BoundingBox": {
          "Width": 0.027963945642113686,
          "Height": 0.006762273143976927,
          "Left": 0.6321033239364624,
          "Top": 0.33682748675346375
        },
        "Polygon": [
          {
            "X": 0.6323160529136658,
            "Y": 0.3374142348766327
          },
          {
            "X": 0.6600673198699951,
            "Y": 0.33682748675346375
          },
          {
            "X": 0.6598506569862366,
            "Y": 0.3430256247520447
          },
          {
            "X": 0.6321033239364624,
            "Y": 0.34358975291252136
          }
        ]
      },
      "Id": "dfa55a22-3c92-4411-b188-6c478d07eb8f",
      "Page": 1
    },
    {
      "BlockType": "WORD",
      "Confidence": 99.79422760009766,
      "Text": "artifacts",
      "TextType": "PRINTED",
      "Geometry": {
        "BoundingBox": {
          "Width": 0.03621377423405647,
          "Height": 0.0068724993616342545,
          "Left": 0.6620995402336121,
          "Top": 0.33537939190864563
        },
        "Polygon": [
          {
            "X": 0.6623132824897766,
            "Y": 0.3361435532569885
          },
          {
            "X": 0.698313295841217,
            "Y": 0.33537939190864563
          },
          {
            "X": 0.6980945467948914,
            "Y": 0.3415166437625885
          },
          {
            "X": 0.6620995402336121,
            "Y": 0.34225189685821533
          }
        ]
      },
      "Id": "309a9298-0c47-4b45-8b80-1ba9c321cdc6",
      "Page": 1
    },
    {
      "BlockType": "WORD",
      "Confidence": 94.56563568115234,
      "Text": "laws",
      "TextType": "PRINTED",
      "Geometry": {
        "BoundingBox": {
          "Width": 0.01280435174703598,
          "Height": 0.004656973760575056,
          "Left": 0.4305078089237213,
          "Top": 0.3757310211658478
        },
        "Polygon": [
          {
            "X": 0.43064460158348083,
            "Y": 0.3759401738643646
          },
          {
            "X": 0.4433121681213379,
            "Y": 0.3757310211658478
          },
          {
            "X": 0.4431740939617157,
            "Y": 0.3801864981651306
          },
          {
            "X": 0.4305078089237213,
            "Y": 0.3803879916667938
          }
        ]
      },
      "Id": "4226c4c6-314f-4451-b0d6-7dcdf3e0af2c",
      "Page": 1
    },
    {
      "BlockType": "WORD",
      "Confidence": 32.218074798583984,
      "Text": "d",
      "TextType": "PRINTED",
      "Geometry": {
        "BoundingBox": {
          "Width": 0.00834653154015541,
          "Height": 0.008251896128058434,
          "Left": 0.22061532735824585,
          "Top": 0.38172903656959534
        },
        "Polygon": [
          {
            "X": 0.22083373367786407,
            "Y": 0.3818604350090027
          },
          {
            "X": 0.22896185517311096,
            "Y": 0.38172903656959534
          },
          {
            "X": 0.22874198853969574,
            "Y": 0.3898586928844452
          },
          {
            "X": 0.22061532735824585,
            "Y": 0.38998091220855713
          }
        ]
      },
      "Id": "ff51540b-c05e-4795-a320-8a6963b9e5b1",
      "Page": 1
    },
    {
      "BlockType": "WORD",
      "Confidence": 99.87850952148438,
      "Text": "Corporate",
      "TextType": "PRINTED",
      "Geometry": {
        "BoundingBox": {
          "Width": 0.03617492690682411,
          "Height": 0.007312656380236149,
          "Left": 0.23912671208381653,
          "Top": 0.3821070194244385
        },
        "Polygon": [
          {
            "X": 0.23931017518043518,
            "Y": 0.3826833665370941
          },
          {
            "X": 0.27530163526535034,
            "Y": 0.3821070194244385
          },
          {
            "X": 0.2751127779483795,
            "Y": 0.3888770639896393
          },
          {
            "X": 0.23912671208381653,
            "Y": 0.38941967487335205
          }
        ]
      },
      "Id": "203b5826-1f78-4209-8c61-368ed8f93b40",
      "Page": 1
    },
    {
      "BlockType": "WORD",
      "Confidence": 99.91783905029297,
      "Text": "network",
      "TextType": "PRINTED",
      "Geometry": {
        "BoundingBox": {
          "Width": 0.030413975939154625,
          "Height": 0.006128952372819185,
          "Left": 0.27680274844169617,
          "Top": 0.381457656621933
        },
        "Polygon": [
          {
            "X": 0.2769603729248047,
            "Y": 0.3819427490234375
          },
          {
            "X": 0.30721673369407654,
            "Y": 0.381457656621933
          },
          {
            "X": 0.3070552945137024,
            "Y": 0.387125164270401
          },
          {
            "X": 0.27680274844169617,
            "Y": 0.3875866234302521
          }
        ]
      },
      "Id": "0ab423ca-5c84-4441-9d31-e7a4763af953",
      "Page": 1
    },
    {
      "BlockType": "WORD",
      "Confidence": 99.83055114746094,
      "Text": "AWS",
      "TextType": "PRINTED",
      "Geometry": {
        "BoundingBox": {
          "Width": 0.019360320642590523,
          "Height": 0.005952414590865374,
          "Left": 0.4525100588798523,
          "Top": 0.3758813440799713
        },
        "Polygon": [
          {
            "X": 0.452685683965683,
            "Y": 0.3761965036392212
          },
          {
            "X": 0.4718703627586365,
            "Y": 0.3758813440799713
          },
          {
            "X": 0.4716922640800476,
            "Y": 0.3815332353115082
          },
          {
            "X": 0.4525100588798523,
            "Y": 0.3818337619304657
          }
        ]
      },
      "Id": "771ff63b-dd2f-4a13-ad33-abdd0615fd1a",
      "Page": 1
    },
    {
      "BlockType": "WORD",
      "Confidence": 99.94551086425781,
      "Text": "Region",
      "TextType": "PRINTED",
      "Geometry": {
        "BoundingBox": {
          "Width": 0.027852291241288185,
          "Height": 0.007602641358971596,
          "Left": 0.473715215921402,
          "Top": 0.37484702467918396
        },
        "Polygon": [
          {
            "X": 0.4739406704902649,
            "Y": 0.37530288100242615
          },
          {
            "X": 0.5015674829483032,
            "Y": 0.37484702467918396
          },
          {
            "X": 0.5013375282287598,
            "Y": 0.38202041387557983
          },
          {
            "X": 0.473715215921402,
            "Y": 0.3824496865272522
          }
        ]
      },
      "Id": "0fad97b0-b350-41eb-b095-6fdeeb9bc59a",
      "Page": 1
    },
    {
      "BlockType": "WORD",
      "Confidence": 99.92576599121094,
      "Text": "security",
      "TextType": "PRINTED",
      "Geometry": {
        "BoundingBox": {
          "Width": 0.03209877386689186,
          "Height": 0.007870439440011978,
          "Left": 0.5035285949707031,
          "Top": 0.37375277280807495
        },
        "Polygon": [
          {
            "X": 0.503764271736145,
            "Y": 0.37428078055381775
          },
          {
            "X": 0.5356273651123047,
            "Y": 0.37375277280807495
          },
          {
            "X": 0.5353863835334778,
            "Y": 0.38112661242485046
          },
          {
            "X": 0.5035285949707031,
            "Y": 0.38162320852279663
          }
        ]
      },
      "Id": "fc30a762-5526-4553-9476-c6e6f6c5ccec",
      "Page": 1
    },
    {
      "BlockType": "WORD",
      "Confidence": 99.90145111083984,
      "Text": "services",
      "TextType": "PRINTED",
      "Geometry": {
        "BoundingBox": {
          "Width": 0.03198297321796417,
          "Height": 0.006767101585865021,
          "Left": 0.5376330018043518,
          "Top": 0.37257012724876404
        },
        "Polygon": [
          {
            "X": 0.5378370881080627,
            "Y": 0.37309935688972473
          },
          {
            "X": 0.5696159601211548,
            "Y": 0.37257012724876404
          },
          {
            "X": 0.5694073438644409,
            "Y": 0.37883448600769043
          },
          {
            "X": 0.5376330018043518,
            "Y": 0.37933725118637085
          }
        ]
      },
      "Id": "6b85257e-b967-48c3-953a-4719c969313f",
      "Page": 1
    },
    {
      "BlockType": "WORD",
      "Confidence": 99.6545639038086,
      "Text": "AWS",
      "TextType": "PRINTED",
      "Geometry": {
        "BoundingBox": {
          "Width": 0.016071967780590057,
          "Height": 0.005083770025521517,
          "Left": 0.13445885479450226,
          "Top": 0.42777854204177856
        },
        "Polygon": [
          {
            "X": 0.13458365201950073,
            "Y": 0.42793604731559753
          },
          {
            "X": 0.1505308300256729,
            "Y": 0.42777854204177856
          },
          {
            "X": 0.15040430426597595,
            "Y": 0.43271589279174805
          },
          {
            "X": 0.13445885479450226,
            "Y": 0.4328623116016388
          }
        ]
      },
      "Id": "3abb96b7-6f4b-4242-8e0d-06fbe4ea2a2f",
      "Page": 1
    },
    {
      "BlockType": "WORD",
      "Confidence": 99.9747314453125,
      "Text": "Direct",
      "TextType": "PRINTED",
      "Geometry": {
        "BoundingBox": {
          "Width": 0.020612919703125954,
          "Height": 0.0052221850492060184,
          "Left": 0.15185663104057312,
          "Top": 0.4274294376373291
        },
        "Polygon": [
          {
            "X": 0.15198537707328796,
            "Y": 0.4276321232318878
          },
          {
            "X": 0.17246954143047333,
            "Y": 0.4274294376373291
          },
          {
            "X": 0.17233851552009583,
            "Y": 0.4324634075164795
          },
          {
            "X": 0.15185663104057312,
            "Y": 0.4326516091823578
          }
        ]
      },
      "Id": "7e77c3c9-d293-44c9-b817-e4123d9f2387",
      "Page": 1
    },
    {
      "BlockType": "WORD",
      "Confidence": 99.8187255859375,
      "Text": "Cliente",
      "TextType": "PRINTED",
      "Geometry": {
        "BoundingBox": {
          "Width": 0.025909172371029854,
          "Height": 0.00566047104075551,
          "Left": 0.25806301832199097,
          "Top": 0.42504990100860596
        },
        "Polygon": [
          {
            "X": 0.2582121193408966,
            "Y": 0.42530933022499084
          },
          {
            "X": 0.2839721739292145,
            "Y": 0.42504990100860596
          },
          {
            "X": 0.2838199734687805,
            "Y": 0.4304702579975128
          },
          {
            "X": 0.25806301832199097,
            "Y": 0.4307103753089905
          }
        ]
      },
      "Id": "d6d2f499-0cf3-44ed-89be-8ee8c31fcacb",
      "Page": 1
    },
    {
      "BlockType": "WORD",
      "Confidence": 99.92608642578125,
      "Text": "Connect",
      "TextType": "PRINTED",
      "Geometry": {
        "BoundingBox": {
          "Width": 0.027947111055254936,
          "Height": 0.0052477228455245495,
          "Left": 0.13876043260097504,
          "Top": 0.43483227491378784
        },
        "Polygon": [
          {
            "X": 0.13888752460479736,
            "Y": 0.435078889131546
          },
          {
            "X": 0.16670753061771393,
            "Y": 0.43483227491378784
          },
          {
            "X": 0.16657736897468567,
            "Y": 0.4398530125617981
          },
          {
            "X": 0.13876043260097504,
            "Y": 0.44008001685142517
          }
        ]
      },
      "Id": "4881ee7e-f906-458a-a863-f6b0b1541cde",
      "Page": 1
    }
  ],
  "DetectDocumentTextModelVersion": "1.0"
}