{
  "DocumentMetadata": {
    "Pages": 1
  },
  "JobStatus": "SUCCEEDED",
  "Blocks": [
    {
      "BlockType": "PAGE",
      "Geometry": {
        "BoundingBox": {
          "Width": 0.8327450156211853,
          "Height": 0.6390763521194458,
          "Left": 0,
          "Top": 0.07974462956190109
        },
        "Polygon": [
          {
            "X": 0.02331492304801941,
            "Y": 0.119490846991539
          },
          {
            "X": 0.8240795135498047,
            "Y": 0.07974462956190109
          },
          {
            "X": 0.8327450156211853,
            "Y": 0.7127102613449097
          },
          {
            "X": 0,
            "Y": 0.7188209891319275
          }
        ]
      },
      "Id": "480d81ec-5b27-49c2-abe8-0d59f62fd9b7",
      "Relationships": [
        {
          "Type": "CHILD",
          "Ids": [
            "85964cd9-cdef-4dfb-b309-07cc291791e0",
            "0c571dc0-097e-4be0-9654-dee5754dd17b",
            "c1283d86-81ee-432d-995c-6409fe269cf5",
            "65db5a8d-2db6-4af8-85e4-d887add93896",
            "514619e5-2d08-4658-936f-f97ffdb030e6",
            "12eb3cbb-b1bd-467c-8e10-21b330c07501",
            "edd67f0a-7515-465f-8b20-6b8615b9a09b",
            "2c367604-5da0-4ba4-94f6-10108dfe8962",
            "b59867aa-0a68-413d-a368-60f75e7e7039",
            "0203f33f-e60e-4859-9a86-34bc375a013c",
            "7741baf3-3af5-4279-82d0-652c1ac18fbf",
            "e251898f-22b8-4eb7-9f6c-cabaa9e04a37"
          ]
        }
      ],
      "Page": 1
    },
    {
      "BlockType": "LINE",
      "Confidence": 96.66600036621094,
      "Text": "o que os clientes de IA generativa estão pedindo",
      "Geometry": {
        "BoundingBox": {
          "Width": 0.5788208246231079,
          "Height": 0.06005365774035454,
          "Left": 0.11016680300235748,
          "Top": 0.2262561023235321
        },
        "Polygon": [
          {
            "X": 0.11164258420467377,
            "Y": 0.24945984780788422
          },
          {
            "X": 0.6888591647148132,
            "Y": 0.2262561023235321
          },
          {
            "X": 0.6889876127243042,
            "Y": 0.2645372748374939
          },
          {
            "X": 0.11016680300235748,
            "Y": 0.28630974888801575
          }
        ]
      },
      "Id": "85964cd9-cdef-4dfb-b309-07cc291791e0",
      "Relationships": [
        {
          "Type": "CHILD",
          "Ids": [
            "317afbff-fe71-462b-a353-ce122a146b0a",
            "d188d6c7-8bab-402e-a9a7-30f466276d0c",
            "94489ea7-5d73-4f3c-98ff-9b776030d719",
            "33c17ae9-8ddc-4d79-b5bb-4a036441319e",
            "620fc902-b6a1-4ce9-b733-5cebe79ceb9e",
            "2aa02cd4-8202-4d63-9517-d6fec1169d25",
            "47bff41d-5cbb-4428-99f3-32531356e48d",
            "4f01e7f9-9aa9-4dff-8e66-1745c8ce46c4",
            "c189609b-f910-4ff2-9226-7e9859915c79"
          ]
        }
      ],
      "Page": 1
    },
    {
      "BlockType": "LINE",
      "Confidence": 96.14189910888672,
      "Text": "A",
      "Geometry": {
        "BoundingBox": {
          "Width": 0.015425500459969044,
          "Height": 0.01137891411781311,
          "Left": 0.1999894380569458,
          "Top": 0.3375684320926666
        },
        "Polygon": [
          {
            "X": 0.2003498673439026,
            "Y": 0.3380770981311798
          },
          {
            "X": 0.21541492640972137,
            "Y": 0.3375684320926666
          },
          {
            "X": 0.2150663584470749,
            "Y": 0.34844970703125
          },
          {
            "X": 0.1999894380569458,
            "Y": 0.34894734621047974
          }
        ]
      },
      "Id": "0c571dc0-097e-4be0-9654-dee5754dd17b",
      "Relationships": [
        {
          "Type": "CHILD",
          "Ids": [
            "a3b7fcf9-1916-4b53-9653-7f003d88046b"
          ]
        }
      ],
      "Page": 1
    },
    {
      "BlockType": "LINE",
      "Confidence": 14.820408821105957,
      "Text": "(i)",
      "Geometry": {
        "BoundingBox": {
          "Width": 0.009568039327859879,
          "Height": 0.006155415438115597,
          "Left": 0.16618050634860992,
          "Top": 0.35332241654396057
        },
        "Polygon": [
          {
            "X": 0.16638903319835663,
            "Y": 0.3536290228366852
          },
          {
            "X": 0.1757485419511795,
            "Y": 0.35332241654396057
          },
          {
            "X": 0.17554396390914917,
            "Y": 0.3591749370098114
          },
          {
            "X": 0.16618050634860992,
            "Y": 0.35947784781455994
          }
        ]
      },
      "Id": "c1283d86-81ee-432d-995c-6409fe269cf5",
      "Relationships": [
        {
          "Type": "CHILD",
          "Ids": [
            "70c7cd59-fe1d-4ff4-addc-f7f188383cde"
          ]
        }
      ],
      "Page": 1
    },
    {
      "BlockType": "LINE",
      "Confidence": 87.18107604980469,
      "Text": "X",
      "Geometry": {
        "BoundingBox": {
          "Width": 0.02182566374540329,
          "Height": 0.015684695914387703,
          "Left": 0.5622816681861877,
          "Top": 0.3384500741958618
        },
        "Polygon": [
          {
            "X": 0.5623732805252075,
            "Y": 0.33916425704956055
          },
          {
            "X": 0.5841073393821716,
            "Y": 0.3384500741958618
          },
          {
            "X": 0.5840399265289307,
            "Y": 0.35344198346138
          },
          {
            "X": 0.5622816681861877,
            "Y": 0.35413476824760437
          }
        ]
      },
      "Id": "65db5a8d-2db6-4af8-85e4-d887add93896",
      "Relationships": [
        {
          "Type": "CHILD",
          "Ids": [
            "ff32cdb5-1d7f-4af1-834f-c4a27cd429a9"
          ]
        }
      ],
      "Page": 1
    },
    {
      "BlockType": "LINE",
      "Confidence": 99.43791198730469,
      "Text": "Ajude-me a automatizar",
      "Geometry": {
        "BoundingBox": {
          "Width": 0.14410988986492157,
          "Height": 0.015827786177396774,
          "Left": 0.12313627451658249,
          "Top": 0.388493150472641
        },
        "Polygon": [
          {
            "X": 0.12358181178569794,
            "Y": 0.39281827211380005
          },
          {
            "X": 0.26724615693092346,
            "Y": 0.388493150472641
          },
          {
            "X": 0.2669202983379364,
            "Y": 0.4001081585884094
          },
          {
            "X": 0.12313627451658249,
            "Y": 0.40432095527648926
          }
        ]
      },
      "Id": "514619e5-2d08-4658-936f-f97ffdb030e6",
      "Relationships": [
        {
          "Type": "CHILD",
          "Ids": [
            "67886000-cbca-4ad5-8833-9256855652ac",
            "4fee014b-ecf8-4afc-8c02-6068418de25b",
            "9fbadb78-90bf-4b92-a36b-5f5d52a3cbac"
          ]
        }
      ],
      "Page": 1
    },
    {
      "BlockType": "LINE",
      "Confidence": 99.75871276855469,
      "Text": "Ajude-me a me",
      "Geometry": {
        "BoundingBox": {
          "Width": 0.09842679649591446,
          "Height": 0.014374302700161934,
          "Left": 0.3399506211280823,
          "Top": 0.3836263120174408
        },
        "Polygon": [
          {
            "X": 0.34020906686782837,
            "Y": 0.38657984137535095
          },
          {
            "X": 0.43837741017341614,
            "Y": 0.3836263120174408
          },
          {
            "X": 0.4382011890411377,
            "Y": 0.39512214064598083
          },
          {
            "X": 0.3399506211280823,
            "Y": 0.3980006277561188
          }
        ]
      },
      "Id": "12eb3cbb-b1bd-467c-8e10-21b330c07501",
      "Relationships": [
        {
          "Type": "CHILD",
          "Ids": [
            "eada78fb-eeb8-4a29-a4ca-0d0624fcefda",
            "792b10ff-f8e2-45dd-b9b0-ffdaa8fd1ba0",
            "7e883d7b-e72b-440f-ae07-d73dd3252e37"
          ]
        }
      ],
      "Page": 1
    },
    {
      "BlockType": "LINE",
      "Confidence": 99.38541412353516,
      "Text": "Ajude-me a encontrar",
      "Geometry": {
        "BoundingBox": {
          "Width": 0.15441299974918365,
          "Height": 0.01733524166047573,
          "Left": 0.5042517185211182,
          "Top": 0.3731597065925598
        },
        "Polygon": [
          {
            "X": 0.5043835639953613,
            "Y": 0.3778410851955414
          },
          {
            "X": 0.6586510539054871,
            "Y": 0.3731597065925598
          },
          {
            "X": 0.6586647033691406,
            "Y": 0.385942667722702
          },
          {
            "X": 0.5042517185211182,
            "Y": 0.3904949426651001
          }
        ]
      },
      "Id": "edd67f0a-7515-465f-8b20-6b8615b9a09b",
      "Relationships": [
        {
          "Type": "CHILD",
          "Ids": [
            "ecf7de36-5ab9-4568-90ba-4ce9b98392b1",
            "4cceab68-5289-409f-ad02-346eb4bec286",
            "9c2df56c-d1a3-403d-8e88-f0a67f6e359e"
          ]
        }
      ],
      "Page": 1
    },
    {
      "BlockType": "LINE",
      "Confidence": 99.794189453125,
      "Text": "fluxos de trabalho",
      "Geometry": {
        "BoundingBox": {
          "Width": 0.10798276960849762,
          "Height": 0.01272684894502163,
          "Left": 0.1393492966890335,
          "Top": 0.40167441964149475
        },
        "Polygon": [
          {
            "X": 0.13970859348773956,
            "Y": 0.4048203229904175
          },
          {
            "X": 0.24733206629753113,
            "Y": 0.40167441964149475
          },
          {
            "X": 0.2470472753047943,
            "Y": 0.41132548451423645
          },
          {
            "X": 0.1393492966890335,
            "Y": 0.4144012928009033
          }
        ]
      },
      "Id": "2c367604-5da0-4ba4-94f6-10108dfe8962",
      "Relationships": [
        {
          "Type": "CHILD",
          "Ids": [
            "f7277d1d-abbc-4e85-82dc-a47871551557",
            "3eae703f-20d5-4e2e-97f6-f69269f03204",
            "c28a19af-9480-41a3-ad4a-4c848e378af6"
          ]
        }
      ],
      "Page": 1
    },
    {
      "BlockType": "LINE",
      "Confidence": 96.5469741821289,
      "Text": "mover mais rápido",
      "Geometry": {
        "BoundingBox": {
          "Width": 0.11993703246116638,
          "Height": 0.014944920316338539,
          "Left": 0.32887423038482666,
          "Top": 0.39593684673309326
        },
        "Polygon": [
          {
            "X": 0.3291424810886383,
            "Y": 0.39943355321884155
          },
          {
            "X": 0.44881126284599304,
            "Y": 0.39593684673309326
          },
          {
            "X": 0.4486435055732727,
            "Y": 0.40747687220573425
          },
          {
            "X": 0.32887423038482666,
            "Y": 0.41088175773620605
          }
        ]
      },
      "Id": "b59867aa-0a68-413d-a368-60f75e7e7039",
      "Relationships": [
        {
          "Type": "CHILD",
          "Ids": [
            "0d8ea6f2-8961-47b7-ab33-6c288f600d36",
            "5c308a45-df62-41fd-a688-4c8aa5748e1e",
            "56068d71-5be8-420a-b7f1-9ac141cb80e6"
          ]
        }
      ],
      "Page": 1
    },
    {
      "BlockType": "LINE",
      "Confidence": 97.64791107177734,
      "Text": "soluções mais robustas",
      "Geometry": {
        "BoundingBox": {
          "Width": 0.16214421391487122,
          "Height": 0.018226245418190956,
          "Left": 0.502252459526062,
          "Top": 0.3862193822860718
        },
        "Polygon": [
          {
            "X": 0.5023944973945618,
            "Y": 0.39098992943763733
          },
          {
            "X": 0.6643763184547424,
            "Y": 0.3862193822860718
          },
          {
            "X": 0.6643966436386108,
            "Y": 0.39981940388679504
          },
          {
            "X": 0.502252459526062,
            "Y": 0.4044456481933594
          }
        ]
      },
      "Id": "0203f33f-e60e-4859-9a86-34bc375a013c",
      "Relationships": [
        {
          "Type": "CHILD",
          "Ids": [
            "c5282f4c-a06c-415d-b6ce-e7c8ade81b7a",
            "ca43e3ed-d332-41f4-b810-b81112024beb",
            "68556fd4-67d4-40e7-82fc-5039f664aed3"
          ]
        }
      ],
      "Page": 1
    },
    {
      "BlockType": "LINE",
      "Confidence": 99.4314956665039,
      "Text": "complexos",
      "Geometry": {
        "BoundingBox": {
          "Width": 0.06392917037010193,
          "Height": 0.013028541579842567,
          "Left": 0.15954960882663727,
          "Top": 0.41501227021217346
        },
        "Polygon": [
          {
            "X": 0.15995340049266815,
            "Y": 0.4168131649494171
          },
          {
            "X": 0.2234787791967392,
            "Y": 0.41501227021217346
          },
          {
            "X": 0.2231263965368271,
            "Y": 0.42628833651542664
          },
          {
            "X": 0.15954960882663727,
            "Y": 0.4280408024787903
          }
        ]
      },
      "Id": "7741baf3-3af5-4279-82d0-652c1ac18fbf",
      "Relationships": [
        {
          "Type": "CHILD",
          "Ids": [
            "14e1ad47-f086-4994-935b-025c2c8007e8"
          ]
        }
      ],
      "Page": 1
    },
    {
      "BlockType": "LINE",
      "Confidence": 98.4300537109375,
      "Text": "e escaláveis",
      "Geometry": {
        "BoundingBox": {
          "Width": 0.08257873356342316,
          "Height": 0.012397382408380508,
          "Left": 0.5426573753356934,
          "Top": 0.40157586336135864
        },
        "Polygon": [
          {
            "X": 0.5427331924438477,
            "Y": 0.40392622351646423
          },
          {
            "X": 0.6252360939979553,
            "Y": 0.40157586336135864
          },
          {
            "X": 0.6252217888832092,
            "Y": 0.41167765855789185
          },
          {
            "X": 0.5426573753356934,
            "Y": 0.41397324204444885
          }
        ]
      },
      "Id": "e251898f-22b8-4eb7-9f6c-cabaa9e04a37",
      "Relationships": [
        {
          "Type": "CHILD",
          "Ids": [
            "22a51532-8612-4a12-b7ac-fa6c634553e8",
            "cf06bd9d-8060-4116-93f7-8f0074236690"
          ]
        }
      ],
      "Page": 1
    },
    {
      "BlockType": "WORD",
      "Confidence": 76.01874542236328,
      "Text": "o",
      "TextType": "PRINTED",
      "Geometry": {
        "BoundingBox": {
          "Width": 0.015584086067974567,
          "Height": 0.014283274300396442,
          "Left": 0.11025353521108627,
          "Top": 0.26986074447631836
        },
        "Polygon": [
          {
            "X": 0.11080224066972733,
            "Y": 0.27044302225112915
          },
          {
            "X": 0.12583762407302856,
            "Y": 0.26986074447631836
          },
          {
            "X": 0.12530381977558136,
            "Y": 0.2835755944252014
          },
          {
            "X": 0.11025353521108627,
            "Y": 0.28414401412010193
          }
        ]
      },
      "Id": "317afbff-fe71-462b-a353-ce122a146b0a",
      "Page": 1
    },
    {
      "BlockType": "WORD",
      "Confidence": 99.93634033203125,
      "Text": "que",
      "TextType": "PRINTED",
      "Geometry": {
        "BoundingBox": {
          "Width": 0.03748183324933052,
          "Height": 0.015852537006139755,
          "Left": 0.13137684762477875,
          "Top": 0.2696593999862671
        },
        "Polygon": [
          {
            "X": 0.13193169236183167,
            "Y": 0.2710857093334198
          },
          {
            "X": 0.16885869204998016,
            "Y": 0.2696593999862671
          },
          {
            "X": 0.1683425009250641,
            "Y": 0.28412145376205444
          },
          {
            "X": 0.13137684762477875,
            "Y": 0.28551194071769714
          }
        ]
      },
      "Id": "d188d6c7-8bab-402e-a9a7-30f466276d0c",
      "Page": 1
    },
    {
      "BlockType": "WORD",
      "Confidence": 98.63715362548828,
      "Text": "os",
      "TextType": "PRINTED",
      "Geometry": {
        "BoundingBox": {
          "Width": 0.022043928503990173,
          "Height": 0.011812269687652588,
          "Left": 0.1750766634941101,
          "Top": 0.2674782872200012
        },
        "Polygon": [
          {
            "X": 0.17546294629573822,
            "Y": 0.26831644773483276
          },
          {
            "X": 0.1971205770969391,
            "Y": 0.2674782872200012
          },
          {
            "X": 0.19675157964229584,
            "Y": 0.2784683108329773
          },
          {
            "X": 0.1750766634941101,
            "Y": 0.2792905569076538
          }
        ]
      },
      "Id": "94489ea7-5d73-4f3c-98ff-9b776030d719",
      "Page": 1
    },
    {
      "BlockType": "WORD",
      "Confidence": 99.01123046875,
      "Text": "clientes",
      "TextType": "PRINTED",
      "Geometry": {
        "BoundingBox": {
          "Width": 0.07943785935640335,
          "Height": 0.01911996304988861,
          "Left": 0.2034396529197693,
          "Top": 0.2583037316799164
        },
        "Polygon": [
          {
            "X": 0.2039700150489807,
            "Y": 0.2613896429538727
          },
          {
            "X": 0.28287750482559204,
            "Y": 0.2583037316799164
          },
          {
            "X": 0.28243979811668396,
            "Y": 0.27442243695259094
          },
          {
            "X": 0.2034396529197693,
            "Y": 0.2774237096309662
          }
        ]
      },
      "Id": "33c17ae9-8ddc-4d79-b5bb-4a036441319e",
      "Page": 1
    },
    {
      "BlockType": "WORD",
      "Confidence": 99.83794403076172,
      "Text": "de",
      "TextType": "PRINTED",
      "Geometry": {
        "BoundingBox": {
          "Width": 0.02592553198337555,
          "Height": 0.01619752123951912,
          "Left": 0.28984105587005615,
          "Top": 0.2550767660140991
        },
        "Polygon": [
          {
            "X": 0.29024538397789,
            "Y": 0.2560782730579376
          },
          {
            "X": 0.3157666027545929,
            "Y": 0.2550767660140991
          },
          {
            "X": 0.31539076566696167,
            "Y": 0.270298570394516
          },
          {
            "X": 0.28984105587005615,
            "Y": 0.27127429842948914
          }
        ]
      },
      "Id": "620fc902-b6a1-4ce9-b733-5cebe79ceb9e",
      "Page": 1
    },
    {
      "BlockType": "WORD",
      "Confidence": 99.18235778808594,
      "Text": "IA",
      "TextType": "PRINTED",
      "Geometry": {
        "BoundingBox": {
          "Width": 0.02081826701760292,
          "Height": 0.015363818034529686,
          "Left": 0.32394200563430786,
          "Top": 0.25322064757347107
        },
        "Polygon": [
          {
            "X": 0.32429221272468567,
            "Y": 0.2540248930454254
          },
          {
            "X": 0.3447602689266205,
            "Y": 0.25322064757347107
          },
          {
            "X": 0.3444320261478424,
            "Y": 0.2678000032901764
          },
          {
            "X": 0.32394200563430786,
            "Y": 0.2685844898223877
          }
        ]
      },
      "Id": "2aa02cd4-8202-4d63-9517-d6fec1169d25",
      "Page": 1
    },
    {
      "BlockType": "WORD",
      "Confidence": 99.04988861083984,
      "Text": "generativa",
      "TextType": "PRINTED",
      "Geometry": {
        "BoundingBox": {
          "Width": 0.11816920340061188,
          "Height": 0.026281306520104408,
          "Left": 0.3503902554512024,
          "Top": 0.2440481334924698
        },
        "Polygon": [
          {
            "X": 0.35086730122566223,
            "Y": 0.24870721995830536
          },
          {
            "X": 0.4685594439506531,
            "Y": 0.2440481334924698
          },
          {
            "X": 0.4682713747024536,
            "Y": 0.26583877205848694
          },
          {
            "X": 0.3503902554512024,
            "Y": 0.27032944560050964
          }
        ]
      },
      "Id": "47bff41d-5cbb-4428-99f3-32531356e48d",
      "Page": 1
    },
    {
      "BlockType": "WORD",
      "Confidence": 99.15816497802734,
      "Text": "estão",
      "TextType": "PRINTED",
      "Geometry": {
        "BoundingBox": {
          "Width": 0.0646955743432045,
          "Height": 0.01999691128730774,
          "Left": 0.4773428738117218,
          "Top": 0.23853735625743866
        },
        "Polygon": [
          {
            "X": 0.4775615930557251,
            "Y": 0.2411012500524521
          },
          {
            "X": 0.5420384407043457,
            "Y": 0.23853735625743866
          },
          {
            "X": 0.5419037342071533,
            "Y": 0.25604405999183655
          },
          {
            "X": 0.4773428738117218,
            "Y": 0.2585342824459076
          }
        ]
      },
      "Id": "4f01e7f9-9aa9-4dff-8e66-1745c8ce46c4",
      "Page": 1
    },
    {
      "BlockType": "WORD",
      "Confidence": 99.16217041015625,
      "Text": "pedindo",
      "TextType": "PRINTED",
      "Geometry": {
        "BoundingBox": {
          "Width": 0.12913665175437927,
          "Height": 0.029978487640619278,
          "Left": 0.5598064064979553,
          "Top": 0.2262561023235321
        },
        "Polygon": [
          {
            "X": 0.5599638819694519,
            "Y": 0.23143760859966278
          },
          {
            "X": 0.6888591647148132,
            "Y": 0.2262561023235321
          },
          {
            "X": 0.688943088054657,
            "Y": 0.2512613534927368
          },
          {
            "X": 0.5598064064979553,
            "Y": 0.2562345862388611
          }
        ]
      },
      "Id": "c189609b-f910-4ff2-9226-7e9859915c79",
      "Page": 1
    },
    {
      "BlockType": "WORD",
      "Confidence": 96.14189910888672,
      "Text": "A",
      "TextType": "PRINTED",
      "Geometry": {
        "BoundingBox": {
          "Width": 0.015425500459969044,
          "Height": 0.01137891411781311,
          "Left": 0.1999894380569458,
          "Top": 0.3375684320926666
        },
        "Polygon": [
          {
            "X": 0.2003498673439026,
            "Y": 0.3380770981311798
          },
          {
            "X": 0.21541492640972137,
            "Y": 0.3375684320926666
          },
          {
            "X": 0.2150663584470749,
            "Y": 0.34844970703125
          },
          {
            "X": 0.1999894380569458,
            "Y": 0.34894734621047974
          }
        ]
      },
      "Id": "a3b7fcf9-1916-4b53-9653-7f003d88046b",
      "Page": 1
    },
    {
      "BlockType": "WORD",
      "Confidence": 14.820408821105957,
      "Text": "(i)",
      "TextType": "PRINTED",
      "Geometry": {
        "BoundingBox": {
          "Width": 0.009568039327859879,
          "Height": 0.006155415438115597,
          "Left": 0.16618050634860992,
          "Top": 0.35332241654396057
        },
        "Polygon": [
          {
            "X": 0.16638903319835663,
            "Y": 0.3536290228366852
          },
          {
            "X": 0.1757485419511795,
            "Y": 0.35332241654396057
          },
          {
            "X": 0.17554396390914917,
            "Y": 0.3591749370098114
          },
          {
            "X": 0.16618050634860992,
            "Y": 0.35947784781455994
          }
        ]
      },
      "Id": "70c7cd59-fe1d-4ff4-addc-f7f188383cde",
      "Page": 1
    },
    {
      "BlockType": "WORD",
      "Confidence": 87.18107604980469,
      "Text": "X",
      "TextType": "PRINTED",
      "Geometry": {
        "BoundingBox": {
          "Width": 0.02182566374540329,
          "Height": 0.015684695914387703,
          "Left": 0.5622816681861877,
          "Top": 0.3384500741958618
        },
        "Polygon": [
          {
            "X": 0.5623732805252075,
            "Y": 0.33916425704956055
          },
          {
            "X": 0.5841073393821716,
            "Y": 0.3384500741958618
          },
          {
            "X": 0.5840399265289307,
            "Y": 0.35344198346138
          },
          {
            "X": 0.5622816681861877,
            "Y": 0.35413476824760437
          }
        ]
      },
      "Id": "ff32cdb5-1d7f-4af1-834f-c4a27cd429a9",
      "Page": 1
    },
    {
      "BlockType": "WORD",
      "Confidence": 99.31021881103516,
      "Text": "Ajude-me",
      "TextType": "PRINTED",
      "Geometry": {
        "BoundingBox": {
          "Width": 0.05654657259583473,
          "Height": 0.012389586307108402,
          "Left": 0.12313627451658249,
          "Top": 0.39193135499954224
        },
        "Polygon": [
          {
            "X": 0.12355083227157593,
            "Y": 0.393618106842041
          },
          {
            "X": 0.17968285083770752,
            "Y": 0.39193135499954224
          },
          {
            "X": 0.17931151390075684,
            "Y": 0.4026750326156616
          },
          {
            "X": 0.12313627451658249,
            "Y": 0.40432095527648926
          }
        ]
      },
      "Id": "67886000-cbca-4ad5-8833-9256855652ac",
      "Page": 1
    },
    {
      "BlockType": "WORD",
      "Confidence": 99.85993194580078,
      "Text": "a",
      "TextType": "PRINTED",
      "Geometry": {
        "BoundingBox": {
          "Width": 0.007413181010633707,
          "Height": 0.006947038229554892,
          "Left": 0.18275386095046997,
          "Top": 0.3931945562362671
        },
        "Polygon": [
          {
            "X": 0.182984858751297,
            "Y": 0.3934095799922943
          },
          {
            "X": 0.19016703963279724,
            "Y": 0.3931945562362671
          },
          {
            "X": 0.18993952870368958,
            "Y": 0.39992982149124146
          },
          {
            "X": 0.18275386095046997,
            "Y": 0.4001415967941284
          }
        ]
      },
      "Id": "4fee014b-ecf8-4afc-8c02-6068418de25b",
      "Page": 1
    },
    {
      "BlockType": "WORD",
      "Confidence": 99.1435775756836,
      "Text": "automatizar",
      "TextType": "PRINTED",
      "Geometry": {
        "BoundingBox": {
          "Width": 0.0742635503411293,
          "Height": 0.012117701582610607,
          "Left": 0.19298262894153595,
          "Top": 0.388493150472641
        },
        "Polygon": [
          {
            "X": 0.19331450760364532,
            "Y": 0.390718936920166
          },
          {
            "X": 0.26724615693092346,
            "Y": 0.388493150472641
          },
          {
            "X": 0.2669672667980194,
            "Y": 0.3984345495700836
          },
          {
            "X": 0.19298262894153595,
            "Y": 0.40061086416244507
          }
        ]
      },
      "Id": "9fbadb78-90bf-4b92-a36b-5f5d52a3cbac",
      "Page": 1
    },
    {
      "BlockType": "WORD",
      "Confidence": 99.51358795166016,
      "Text": "Ajude-me",
      "TextType": "PRINTED",
      "Geometry": {
        "BoundingBox": {
          "Width": 0.061817605048418045,
          "Height": 0.013272873125970364,
          "Left": 0.3399506211280823,
          "Top": 0.38472774624824524
        },
        "Polygon": [
          {
            "X": 0.34020906686782837,
            "Y": 0.38657984137535095
          },
          {
            "X": 0.40176820755004883,
            "Y": 0.38472774624824524
          },
          {
            "X": 0.4015612006187439,
            "Y": 0.39619559049606323
          },
          {
            "X": 0.3399506211280823,
            "Y": 0.3980006277561188
          }
        ]
      },
      "Id": "eada78fb-eeb8-4a29-a4ca-0d0624fcefda",
      "Page": 1
    },
    {
      "BlockType": "WORD",
      "Confidence": 99.86273193359375,
      "Text": "a",
      "TextType": "PRINTED",
      "Geometry": {
        "BoundingBox": {
          "Width": 0.0073607671074569225,
          "Height": 0.0070665632374584675,
          "Left": 0.406272292137146,
          "Top": 0.38641226291656494
        },
        "Polygon": [
          {
            "X": 0.40639355778694153,
            "Y": 0.38662904500961304
          },
          {
            "X": 0.4136330485343933,
            "Y": 0.38641226291656494
          },
          {
            "X": 0.4135154187679291,
            "Y": 0.39326533675193787
          },
          {
            "X": 0.406272292137146,
            "Y": 0.3934788107872009
          }
        ]
      },
      "Id": "792b10ff-f8e2-45dd-b9b0-ffdaa8fd1ba0",
      "Page": 1
    },
    {
      "BlockType": "WORD",
      "Confidence": 99.89982604980469,
      "Text": "me",
      "TextType": "PRINTED",
      "Geometry": {
        "BoundingBox": {
          "Width": 0.020406270399689674,
          "Height": 0.007872519083321095,
          "Left": 0.4179438650608063,
          "Top": 0.3854061961174011
        },
        "Polygon": [
          {
            "X": 0.4180661737918854,
            "Y": 0.3860139846801758
          },
          {
            "X": 0.4383501410484314,
            "Y": 0.3854061961174011
          },
          {
            "X": 0.43823862075805664,
            "Y": 0.39268073439598083
          },
          {
            "X": 0.4179438650608063,
            "Y": 0.39327871799468994
          }
        ]
      },
      "Id": "7e883d7b-e72b-440f-ae07-d73dd3252e37",
      "Page": 1
    },
    {
      "BlockType": "WORD",
      "Confidence": 99.7314453125,
      "Text": "Ajude-me",
      "TextType": "PRINTED",
      "Geometry": {
        "BoundingBox": {
          "Width": 0.06706015765666962,
          "Height": 0.014022029004991055,
          "Left": 0.5042517185211182,
          "Top": 0.37647292017936707
        },
        "Polygon": [
          {
            "X": 0.5043767094612122,
            "Y": 0.37850111722946167
          },
          {
            "X": 0.571311891078949,
            "Y": 0.37647292017936707
          },
          {
            "X": 0.5712463855743408,
            "Y": 0.38851985335350037
          },
          {
            "X": 0.5042517185211182,
            "Y": 0.3904949426651001
          }
        ]
      },
      "Id": "ecf7de36-5ab9-4568-90ba-4ce9b98392b1",
      "Page": 1
    },
    {
      "BlockType": "WORD",
      "Confidence": 99.78627014160156,
      "Text": "a",
      "TextType": "PRINTED",
      "Geometry": {
        "BoundingBox": {
          "Width": 0.008113591931760311,
          "Height": 0.00767709594219923,
          "Left": 0.5756177306175232,
          "Top": 0.3777494728565216
        },
        "Polygon": [
          {
            "X": 0.5756556987762451,
            "Y": 0.37799325585365295
          },
          {
            "X": 0.5837312936782837,
            "Y": 0.3777494728565216
          },
          {
            "X": 0.5836977362632751,
            "Y": 0.38518673181533813
          },
          {
            "X": 0.5756177306175232,
            "Y": 0.3854265511035919
          }
        ]
      },
      "Id": "4cceab68-5289-409f-ad02-346eb4bec286",
      "Page": 1
    },
    {
      "BlockType": "WORD",
      "Confidence": 98.63854217529297,
      "Text": "encontrar",
      "TextType": "PRINTED",
      "Geometry": {
        "BoundingBox": {
          "Width": 0.0707828626036644,
          "Height": 0.011926054954528809,
          "Left": 0.5878787040710449,
          "Top": 0.3731597065925598
        },
        "Polygon": [
          {
            "X": 0.5879197716712952,
            "Y": 0.375306099653244
          },
          {
            "X": 0.6586510539054871,
            "Y": 0.3731597065925598
          },
          {
            "X": 0.6586615443229675,
            "Y": 0.38298484683036804
          },
          {
            "X": 0.5878787040710449,
            "Y": 0.3850857615470886
          }
        ]
      },
      "Id": "9c2df56c-d1a3-403d-8e88-f0a67f6e359e",
      "Page": 1
    },
    {
      "BlockType": "WORD",
      "Confidence": 99.81634521484375,
      "Text": "fluxos",
      "TextType": "PRINTED",
      "Geometry": {
        "BoundingBox": {
          "Width": 0.03520641103386879,
          "Height": 0.009840180166065693,
          "Left": 0.1393492966890335,
          "Top": 0.4045611023902893
        },
        "Polygon": [
          {
            "X": 0.1396801471710205,
            "Y": 0.4055786728858948
          },
          {
            "X": 0.1745557188987732,
            "Y": 0.4045611023902893
          },
          {
            "X": 0.17424698173999786,
            "Y": 0.4134046137332916
          },
          {
            "X": 0.1393492966890335,
            "Y": 0.4144012928009033
          }
        ]
      },
      "Id": "f7277d1d-abbc-4e85-82dc-a47871551557",
      "Page": 1
    },
    {
      "BlockType": "WORD",
      "Confidence": 99.85557556152344,
      "Text": "de",
      "TextType": "PRINTED",
      "Geometry": {
        "BoundingBox": {
          "Width": 0.014943677932024002,
          "Height": 0.009398199617862701,
          "Left": 0.17764413356781006,
          "Top": 0.4036708474159241
        },
        "Polygon": [
          {
            "X": 0.17795506119728088,
            "Y": 0.40409818291664124
          },
          {
            "X": 0.19258780777454376,
            "Y": 0.4036708474159241
          },
          {
            "X": 0.19228632748126984,
            "Y": 0.4126506447792053
          },
          {
            "X": 0.17764413356781006,
            "Y": 0.4130690395832062
          }
        ]
      },
      "Id": "3eae703f-20d5-4e2e-97f6-f69269f03204",
      "Page": 1
    },
    {
      "BlockType": "WORD",
      "Confidence": 99.71064758300781,
      "Text": "trabalho",
      "TextType": "PRINTED",
      "Geometry": {
        "BoundingBox": {
          "Width": 0.05152985826134682,
          "Height": 0.011014890857040882,
          "Left": 0.1958022117614746,
          "Top": 0.40167441964149475
        },
        "Polygon": [
          {
            "X": 0.1961192786693573,
            "Y": 0.4031714200973511
          },
          {
            "X": 0.24733206629753113,
            "Y": 0.40167441964149475
          },
          {
            "X": 0.2470502406358719,
            "Y": 0.4112253487110138
          },
          {
            "X": 0.1958022117614746,
            "Y": 0.41268932819366455
          }
        ]
      },
      "Id": "c28a19af-9480-41a3-ad4a-4c848e378af6",
      "Page": 1
    },
    {
      "BlockType": "WORD",
      "Confidence": 93.63756561279297,
      "Text": "mover",
      "TextType": "PRINTED",
      "Geometry": {
        "BoundingBox": {
          "Width": 0.04065529257059097,
          "Height": 0.008601130917668343,
          "Left": 0.3289041221141815,
          "Top": 0.4010050296783447
        },
        "Polygon": [
          {
            "X": 0.32907813787460327,
            "Y": 0.4021802246570587
          },
          {
            "X": 0.3695594072341919,
            "Y": 0.4010050296783447
          },
          {
            "X": 0.3694073259830475,
            "Y": 0.4084511399269104
          },
          {
            "X": 0.3289041221141815,
            "Y": 0.4096061885356903
          }
        ]
      },
      "Id": "0d8ea6f2-8961-47b7-ab33-6c288f600d36",
      "Page": 1
    },
    {
      "BlockType": "WORD",
      "Confidence": 99.91571044921875,
      "Text": "mais",
      "TextType": "PRINTED",
      "Geometry": {
        "BoundingBox": {
          "Width": 0.030044324696063995,
          "Height": 0.01006352435797453,
          "Left": 0.37318211793899536,
          "Top": 0.398131400346756
        },
        "Polygon": [
          {
            "X": 0.3733672797679901,
            "Y": 0.3990021049976349
          },
          {
            "X": 0.40322643518447876,
            "Y": 0.398131400346756
          },
          {
            "X": 0.40306130051612854,
            "Y": 0.4073425531387329
          },
          {
            "X": 0.37318211793899536,
            "Y": 0.4081949293613434
          }
        ]
      },
      "Id": "5c308a45-df62-41fd-a688-4c8aa5748e1e",
      "Page": 1
    },
    {
      "BlockType": "WORD",
      "Confidence": 96.087646484375,
      "Text": "rápido",
      "TextType": "PRINTED",
      "Geometry": {
        "BoundingBox": {
          "Width": 0.04186760634183884,
          "Height": 0.01272551529109478,
          "Left": 0.406943678855896,
          "Top": 0.39593684673309326
        },
        "Polygon": [
          {
            "X": 0.4071466028690338,
            "Y": 0.3971542716026306
          },
          {
            "X": 0.44881126284599304,
            "Y": 0.39593684673309326
          },
          {
            "X": 0.4486435055732727,
            "Y": 0.40747687220573425
          },
          {
            "X": 0.406943678855896,
            "Y": 0.408662348985672
          }
        ]
      },
      "Id": "56068d71-5be8-420a-b7f1-9ac141cb80e6",
      "Page": 1
    },
    {
      "BlockType": "WORD",
      "Confidence": 93.47982788085938,
      "Text": "soluções",
      "TextType": "PRINTED",
      "Geometry": {
        "BoundingBox": {
          "Width": 0.058755986392498016,
          "Height": 0.01414809562265873,
          "Left": 0.502252459526062,
          "Top": 0.390297532081604
        },
        "Polygon": [
          {
            "X": 0.5023835897445679,
            "Y": 0.39201998710632324
          },
          {
            "X": 0.5610083937644958,
            "Y": 0.390297532081604
          },
          {
            "X": 0.5609310865402222,
            "Y": 0.4027714431285858
          },
          {
            "X": 0.502252459526062,
            "Y": 0.4044456481933594
          }
        ]
      },
      "Id": "c5282f4c-a06c-415d-b6ce-e7c8ade81b7a",
      "Page": 1
    },
    {
      "BlockType": "WORD",
      "Confidence": 99.89625549316406,
      "Text": "mais",
      "TextType": "PRINTED",
      "Geometry": {
        "BoundingBox": {
          "Width": 0.03272252157330513,
          "Height": 0.0106861162930727,
          "Left": 0.5653446316719055,
          "Top": 0.38891151547431946
        },
        "Polygon": [
          {
            "X": 0.5654017329216003,
            "Y": 0.3898719251155853
          },
          {
            "X": 0.5980671644210815,
            "Y": 0.38891151547431946
          },
          {
            "X": 0.598033607006073,
            "Y": 0.3986581861972809
          },
          {
            "X": 0.5653446316719055,
            "Y": 0.3995976448059082
          }
        ]
      },
      "Id": "ca43e3ed-d332-41f4-b810-b81112024beb",
      "Page": 1
    },
    {
      "BlockType": "WORD",
      "Confidence": 99.5676498413086,
      "Text": "robustas",
      "TextType": "PRINTED",
      "Geometry": {
        "BoundingBox": {
          "Width": 0.06205074489116669,
          "Height": 0.012072186917066574,
          "Left": 0.6023409366607666,
          "Top": 0.3862193822860718
        },
        "Polygon": [
          {
            "X": 0.602372944355011,
            "Y": 0.38804545998573303
          },
          {
            "X": 0.6643763184547424,
            "Y": 0.3862193822860718
          },
          {
            "X": 0.6643916964530945,
            "Y": 0.39650726318359375
          },
          {
            "X": 0.6023409366607666,
            "Y": 0.39829158782958984
          }
        ]
      },
      "Id": "68556fd4-67d4-40e7-82fc-5039f664aed3",
      "Page": 1
    },
    {
      "BlockType": "WORD",
      "Confidence": 99.4314956665039,
      "Text": "complexos",
      "TextType": "PRINTED",
      "Geometry": {
        "BoundingBox": {
          "Width": 0.06392917037010193,
          "Height": 0.013028541579842567,
          "Left": 0.15954960882663727,
          "Top": 0.41501227021217346
        },
        "Polygon": [
          {
            "X": 0.15995340049266815,
            "Y": 0.4168131649494171
          },
          {
            "X": 0.2234787791967392,
            "Y": 0.41501227021217346
          },
          {
            "X": 0.2231263965368271,
            "Y": 0.42628833651542664
          },
          {
            "X": 0.15954960882663727,
            "Y": 0.4280408024787903
          }
        ]
      },
      "Id": "14e1ad47-f086-4994-935b-025c2c8007e8",
      "Page": 1
    },
    {
      "BlockType": "WORD",
      "Confidence": 99.70491790771484,
      "Text": "e",
      "TextType": "PRINTED",
      "Geometry": {
        "BoundingBox": {
          "Width": 0.007840661332011223,
          "Height": 0.006937203463166952,
          "Left": 0.542657732963562,
          "Top": 0.4069887101650238
        },
        "Polygon": [
          {
            "X": 0.5427083969116211,
            "Y": 0.4072088897228241
          },
          {
            "X": 0.550498366355896,
            "Y": 0.4069887101650238
          },
          {
            "X": 0.5504515171051025,
            "Y": 0.41370919346809387
          },
          {
            "X": 0.542657732963562,
            "Y": 0.4139259159564972
          }
        ]
      },
      "Id": "22a51532-8612-4a12-b7ac-fa6c634553e8",
      "Page": 1
    },
    {
      "BlockType": "WORD",
      "Confidence": 97.15519714355469,
      "Text": "escaláveis",
      "TextType": "PRINTED",
      "Geometry": {
        "BoundingBox": {
          "Width": 0.07109054923057556,
          "Height": 0.012077970430254936,
          "Left": 0.5541455149650574,
          "Top": 0.40157586336135864
        },
        "Polygon": [
          {
            "X": 0.5542128682136536,
            "Y": 0.40359917283058167
          },
          {
            "X": 0.6252360939979553,
            "Y": 0.40157586336135864
          },
          {
            "X": 0.6252217888832092,
            "Y": 0.41167765855789185
          },
          {
            "X": 0.5541455149650574,
            "Y": 0.41365382075309753
          }
        ]
      },
      "Id": "cf06bd9d-8060-4116-93f7-8f0074236690",
      "Page": 1
    }
  ],
  "DetectDocumentTextModelVersion": "1.0"
}