{
  "DocumentMetadata": {
    "Pages": 1
  },
  "JobStatus": "SUCCEEDED",
  "Blocks": [
    {
      "BlockType": "PAGE",
      "Geometry": {
        "BoundingBox": {
          "Width": 1,
          "Height": 0.9890291690826416,
          "Left": 0,
          "Top": 0.010970854200422764
        },
        "Polygon": [
          {
            "X": 0,
            "Y": 0.010970854200422764
          },
          {
            "X": 1,
            "Y": 0.03679482638835907
          },
          {
            "X": 1,
            "Y": 1
          },
          {
            "X": 0,
            "Y": 0.9782711863517761
          }
        ]
      },
      "Id": "dbedc750-1e86-48c9-b86b-ee834ad0b9e1",
      "Relationships": [
        {
          "Type": "CHILD",
          "Ids": [
            "26088be9-fb79-4219-bf63-08ee6fb306c7",
            "fcd64131-fc1a-414f-995f-bd4b209986cc",
            "4dcdb6cc-d55c-4d84-ab70-e62bd1f2ab16",
            "943a5c73-a635-4781-a281-752070190672",
            "a87ddd7e-bb30-43d9-b3f5-f37dc0d84755",
            "07cc5a56-60f7-40e2-8e9e-4961d38eeb22",
            "679e340c-ecda-461f-90c3-5e979b7ce53c",
            "973a4a39-4b45-4f91-a76e-3643ef7b5424",
            "4e42720f-5337-4c4a-ac81-e1eafd63745f",
            "9169923b-ec27-44ea-8117-4df0b78d28e1",
            "86a40775-81e5-4507-a83b-c325ffdf910f",
            "fb9e92c3-46f4-4139-bdc7-0519f78f5234",
            "b62552a8-b18a-43cb-b27c-96e172530f6e",
            "497a998c-0c9f-44a7-92a9-c1224fe2ddb0",
            "114fcf14-2de8-4dcd-8195-86505b292561",
            "2ca9ae3c-ec50-4fd0-ae1c-15797fdf9f97",
            "505a5861-b7f4-4343-a242-84ad616663f0",
            "499da4e5-094a-4c5a-8199-c5c62dd78946",
            "b7fa93c3-8099-4395-bbef-0517afa7d9bd",
            "19ce76f3-6c41-4359-bee2-c29984b6fe5f",
            "c949e8b9-4a01-4311-a8bd-cdfff442daa7",
            "e78d39ab-beb4-4ba3-95ca-2248283edf19",
            "8da06626-72bb-4222-9474-c9efca5f4ea3",
            "03fbe514-be65-4996-aaee-fd604af0a4e7",
            "19d764c4-e4ed-48b1-ae77-2c6e9fba61ac",
            "462a574f-07b7-45b3-a0d9-c9701b7279b2",
            "2a7d58a1-435b-454e-910f-aaf312f25392",
            "ffc51828-62e2-4202-b526-7aee88d55a62",
            "29578b52-5645-487d-a9bb-223fd2ee3218",
            "a5878f01-c98d-469f-ac86-e0208fd145f0",
            "7737d5b7-b157-4416-bf04-44ed3022e592",
            "a2a0b41d-71aa-4ab6-93e4-875d0ad393c3",
            "6dd29ec0-6d22-491b-b345-2f1fcd3c96c1",
            "616ce1d9-4d47-422a-8a35-c65ab8e0bbef"
          ]
        }
      ],
      "Page": 1
    },
    {
      "BlockType": "LINE",
      "Confidence": 6.087307929992676,
      "Text": "SEE",
      "Geometry": {
        "BoundingBox": {
          "Width": 0.020534278824925423,
          "Height": 0.01089966855943203,
          "Left": 0.5802080631256104,
          "Top": 0.24914896488189697
        },
        "Polygon": [
          {
            "X": 0.5803028345108032,
            "Y": 0.24914896488189697
          },
          {
            "X": 0.6007423400878906,
            "Y": 0.24965447187423706
          },
          {
            "X": 0.6006479859352112,
            "Y": 0.26004862785339355
          },
          {
            "X": 0.5802080631256104,
            "Y": 0.2595439553260803
          }
        ]
      },
      "Id": "26088be9-fb79-4219-bf63-08ee6fb306c7",
      "Relationships": [
        {
          "Type": "CHILD",
          "Ids": [
            "23606fd9-b968-4709-9d31-32b11a1a6265"
          ]
        }
      ],
      "Page": 1
    },
    {
      "BlockType": "LINE",
      "Confidence": 95.16864013671875,
      "Text": "aws",
      "Geometry": {
        "BoundingBox": {
          "Width": 0.01917877607047558,
          "Height": 0.006745302118360996,
          "Left": 0.5647260546684265,
          "Top": 0.35462695360183716
        },
        "Polygon": [
          {
            "X": 0.5647834539413452,
            "Y": 0.35462695360183716
          },
          {
            "X": 0.5839048624038696,
            "Y": 0.3550920784473419
          },
          {
            "X": 0.5838476419448853,
            "Y": 0.3613722622394562
          },
          {
            "X": 0.5647260546684265,
            "Y": 0.36090758442878723
          }
        ]
      },
      "Id": "fcd64131-fc1a-414f-995f-bd4b209986cc",
      "Relationships": [
        {
          "Type": "CHILD",
          "Ids": [
            "1718c58a-dacc-4026-aadc-6380e3139efe"
          ]
        }
      ],
      "Page": 1
    },
    {
      "BlockType": "LINE",
      "Confidence": 84.12378692626953,
      "Text": "aws",
      "Geometry": {
        "BoundingBox": {
          "Width": 0.01868368685245514,
          "Height": 0.0065390849485993385,
          "Left": 0.6415463089942932,
          "Top": 0.35924482345581055
        },
        "Polygon": [
          {
            "X": 0.6416010856628418,
            "Y": 0.35924482345581055
          },
          {
            "X": 0.6602299809455872,
            "Y": 0.35969778895378113
          },
          {
            "X": 0.6601753830909729,
            "Y": 0.3657839298248291
          },
          {
            "X": 0.6415463089942932,
            "Y": 0.36533141136169434
          }
        ]
      },
      "Id": "4dcdb6cc-d55c-4d84-ab70-e62bd1f2ab16",
      "Relationships": [
        {
          "Type": "CHILD",
          "Ids": [
            "c754fc7b-26a9-4235-8b88-c741a612eb2f"
          ]
        }
      ],
      "Page": 1
    },
    {
      "BlockType": "LINE",
      "Confidence": 66.4966049194336,
      "Text": "laws",
      "Geometry": {
        "BoundingBox": {
          "Width": 0.018330177292227745,
          "Height": 0.006649427115917206,
          "Left": 0.7162261605262756,
          "Top": 0.36254459619522095
        },
        "Polygon": [
          {
            "X": 0.7162812352180481,
            "Y": 0.36254459619522095
          },
          {
            "X": 0.7345563769340515,
            "Y": 0.36298882961273193
          },
          {
            "X": 0.7345015406608582,
            "Y": 0.36919403076171875
          },
          {
            "X": 0.7162261605262756,
            "Y": 0.3687502145767212
          }
        ]
      },
      "Id": "943a5c73-a635-4781-a281-752070190672",
      "Relationships": [
        {
          "Type": "CHILD",
          "Ids": [
            "959f3a98-1d81-4dfa-b692-4658cd9af3a4"
          ]
        }
      ],
      "Page": 1
    },
    {
      "BlockType": "LINE",
      "Confidence": 99.95101928710938,
      "Text": "PARTNER",
      "Geometry": {
        "BoundingBox": {
          "Width": 0.04367136210203171,
          "Height": 0.007507531438022852,
          "Left": 0.5649820566177368,
          "Top": 0.3702716827392578
        },
        "Polygon": [
          {
            "X": 0.5650410056114197,
            "Y": 0.3702716827392578
          },
          {
            "X": 0.6086534261703491,
            "Y": 0.3713299334049225
          },
          {
            "X": 0.6085950136184692,
            "Y": 0.3777792155742645
          },
          {
            "X": 0.5649820566177368,
            "Y": 0.3767220377922058
          }
        ]
      },
      "Id": "a87ddd7e-bb30-43d9-b3f5-f37dc0d84755",
      "Relationships": [
        {
          "Type": "CHILD",
          "Ids": [
            "f29d0966-e7c5-438a-952e-655acd9bb75d"
          ]
        }
      ],
      "Page": 1
    },
    {
      "BlockType": "LINE",
      "Confidence": 99.96286010742188,
      "Text": "100",
      "Geometry": {
        "BoundingBox": {
          "Width": 0.022719167172908783,
          "Height": 0.008486011996865273,
          "Left": 0.6631998419761658,
          "Top": 0.37533292174339294
        },
        "Polygon": [
          {
            "X": 0.6632710099220276,
            "Y": 0.37533292174339294
          },
          {
            "X": 0.6859189867973328,
            "Y": 0.37588226795196533
          },
          {
            "X": 0.6858481764793396,
            "Y": 0.38381895422935486
          },
          {
            "X": 0.6631998419761658,
            "Y": 0.3832702934741974
          }
        ]
      },
      "Id": "07cc5a56-60f7-40e2-8e9e-4961d38eeb22",
      "Relationships": [
        {
          "Type": "CHILD",
          "Ids": [
            "90bf4543-3685-4f3e-92a1-7ea31dd9d5b5"
          ]
        }
      ],
      "Page": 1
    },
    {
      "BlockType": "LINE",
      "Confidence": 99.92902374267578,
      "Text": "PARTNER",
      "Geometry": {
        "BoundingBox": {
          "Width": 0.04221769794821739,
          "Height": 0.007058445829898119,
          "Left": 0.7167002558708191,
          "Top": 0.37765732407569885
        },
        "Polygon": [
          {
            "X": 0.7167537808418274,
            "Y": 0.37765732407569885
          },
          {
            "X": 0.7589179873466492,
            "Y": 0.3786798417568207
          },
          {
            "X": 0.7588648796081543,
            "Y": 0.3847157657146454
          },
          {
            "X": 0.7167002558708191,
            "Y": 0.38369423151016235
          }
        ]
      },
      "Id": "679e340c-ecda-461f-90c3-5e979b7ce53c",
      "Relationships": [
        {
          "Type": "CHILD",
          "Ids": [
            "c9fb8d7d-02d1-4636-941b-5dd1e0d549be"
          ]
        }
      ],
      "Page": 1
    },
    {
      "BlockType": "LINE",
      "Confidence": 50.94187927246094,
      "Text": "Services",
      "Geometry": {
        "BoundingBox": {
          "Width": 0.018338628113269806,
          "Height": 0.003548595355823636,
          "Left": 0.590747058391571,
          "Top": 0.3813973069190979
        },
        "Polygon": [
          {
            "X": 0.5907753109931946,
            "Y": 0.3813973069190979
          },
          {
            "X": 0.6090856790542603,
            "Y": 0.38184088468551636
          },
          {
            "X": 0.6090575456619263,
            "Y": 0.38494589924812317
          },
          {
            "X": 0.590747058391571,
            "Y": 0.3845025599002838
          }
        ]
      },
      "Id": "973a4a39-4b45-4f91-a76e-3643ef7b5424",
      "Relationships": [
        {
          "Type": "CHILD",
          "Ids": [
            "7847dfa3-6063-4d42-9229-532a27d788a9"
          ]
        }
      ],
      "Page": 1
    },
    {
      "BlockType": "LINE",
      "Confidence": 95.90233612060547,
      "Text": "Certificações",
      "Geometry": {
        "BoundingBox": {
          "Width": 0.15447410941123962,
          "Height": 0.02385476604104042,
          "Left": 0.30890730023384094,
          "Top": 0.37398380041122437
        },
        "Polygon": [
          {
            "X": 0.30910053849220276,
            "Y": 0.37398380041122437
          },
          {
            "X": 0.46338140964508057,
            "Y": 0.37772154808044434
          },
          {
            "X": 0.4631938636302948,
            "Y": 0.3978385627269745
          },
          {
            "X": 0.30890730023384094,
            "Y": 0.39411258697509766
          }
        ]
      },
      "Id": "4e42720f-5337-4c4a-ac81-e1eafd63745f",
      "Relationships": [
        {
          "Type": "CHILD",
          "Ids": [
            "caa5fb7a-81fb-408a-a3d4-22be06ae3fa6"
          ]
        }
      ],
      "Page": 1
    },
    {
      "BlockType": "LINE",
      "Confidence": 99.0135498046875,
      "Text": "CERTIFIED",
      "Geometry": {
        "BoundingBox": {
          "Width": 0.03028564527630806,
          "Height": 0.006355758756399155,
          "Left": 0.6544305682182312,
          "Top": 0.3835819959640503
        },
        "Polygon": [
          {
            "X": 0.654481053352356,
            "Y": 0.3835819959640503
          },
          {
            "X": 0.6847162246704102,
            "Y": 0.3843143582344055
          },
          {
            "X": 0.6846660375595093,
            "Y": 0.38993775844573975
          },
          {
            "X": 0.6544305682182312,
            "Y": 0.38920605182647705
          }
        ]
      },
      "Id": "9169923b-ec27-44ea-8117-4df0b78d28e1",
      "Relationships": [
        {
          "Type": "CHILD",
          "Ids": [
            "693e674d-9ae0-498e-b0f1-60afe45c0c88"
          ]
        }
      ],
      "Page": 1
    },
    {
      "BlockType": "LINE",
      "Confidence": 99.41946411132812,
      "Text": "aws",
      "Geometry": {
        "BoundingBox": {
          "Width": 0.08463625609874725,
          "Height": 0.026361174881458282,
          "Left": 0.851499080657959,
          "Top": 0.382912814617157
        },
        "Polygon": [
          {
            "X": 0.8517088294029236,
            "Y": 0.382912814617157
          },
          {
            "X": 0.9361353516578674,
            "Y": 0.3849595785140991
          },
          {
            "X": 0.9359294176101685,
            "Y": 0.40927398204803467
          },
          {
            "X": 0.851499080657959,
            "Y": 0.4072350263595581
          }
        ]
      },
      "Id": "86a40775-81e5-4507-a83b-c325ffdf910f",
      "Relationships": [
        {
          "Type": "CHILD",
          "Ids": [
            "82a10560-baf4-47df-a634-2b8bd2d2bfc6"
          ]
        }
      ],
      "Page": 1
    },
    {
      "BlockType": "LINE",
      "Confidence": 49.61524200439453,
      "Text": "Cl",
      "Geometry": {
        "BoundingBox": {
          "Width": 0.013438435271382332,
          "Height": 0.011225273832678795,
          "Left": 0.9843297004699707,
          "Top": 0.38856804370880127
        },
        "Polygon": [
          {
            "X": 0.9844211339950562,
            "Y": 0.38856804370880127
          },
          {
            "X": 0.9977681636810303,
            "Y": 0.3888915181159973
          },
          {
            "X": 0.9976770281791687,
            "Y": 0.3997933268547058
          },
          {
            "X": 0.9843297004699707,
            "Y": 0.3994704484939575
          }
        ]
      },
      "Id": "fb9e92c3-46f4-4139-bdc7-0519f78f5234",
      "Relationships": [
        {
          "Type": "CHILD",
          "Ids": [
            "b26d4bd9-99da-422c-a617-1d661929cee0"
          ]
        }
      ],
      "Page": 1
    },
    {
      "BlockType": "LINE",
      "Confidence": 90.86736297607422,
      "Text": "WS",
      "Geometry": {
        "BoundingBox": {
          "Width": 0.1370680034160614,
          "Height": 0.04581703245639801,
          "Left": 0,
          "Top": 0.3688109517097473
        },
        "Polygon": [
          {
            "X": 0,
            "Y": 0.3688109517097473
          },
          {
            "X": 0.1370680034160614,
            "Y": 0.3721841275691986
          },
          {
            "X": 0.1366473138332367,
            "Y": 0.4146279990673065
          },
          {
            "X": 0,
            "Y": 0.41127723455429077
          }
        ]
      },
      "Id": "b62552a8-b18a-43cb-b27c-96e172530f6e",
      "Relationships": [
        {
          "Type": "CHILD",
          "Ids": [
            "fcfd16e8-c0a7-44bf-acfc-1afff32915dc"
          ]
        }
      ],
      "Page": 1
    },
    {
      "BlockType": "LINE",
      "Confidence": 99.98112487792969,
      "Text": "Select",
      "Geometry": {
        "BoundingBox": {
          "Width": 0.0744205191731453,
          "Height": 0.01736341044306755,
          "Left": 0.30834466218948364,
          "Top": 0.3931277394294739
        },
        "Polygon": [
          {
            "X": 0.3084941804409027,
            "Y": 0.3931277394294739
          },
          {
            "X": 0.38276517391204834,
            "Y": 0.3949216306209564
          },
          {
            "X": 0.3826177418231964,
            "Y": 0.41049113869667053
          },
          {
            "X": 0.30834466218948364,
            "Y": 0.408701628446579
          }
        ]
      },
      "Id": "497a998c-0c9f-44a7-92a9-c1224fe2ddb0",
      "Relationships": [
        {
          "Type": "CHILD",
          "Ids": [
            "af266942-5e9c-4465-aa20-760193b5fda8"
          ]
        }
      ],
      "Page": 1
    },
    {
      "BlockType": "LINE",
      "Confidence": 79.41277313232422,
      "Text": "Ex",
      "Geometry": {
        "BoundingBox": {
          "Width": 0.012537635862827301,
          "Height": 0.010034660808742046,
          "Left": 0.9860842823982239,
          "Top": 0.4055688977241516
        },
        "Polygon": [
          {
            "X": 0.9861658811569214,
            "Y": 0.4055688977241516
          },
          {
            "X": 0.998621940612793,
            "Y": 0.4058699607849121
          },
          {
            "X": 0.9985405802726746,
            "Y": 0.41560354828834534
          },
          {
            "X": 0.9860842823982239,
            "Y": 0.41530299186706543
          }
        ]
      },
      "Id": "114fcf14-2de8-4dcd-8195-86505b292561",
      "Relationships": [
        {
          "Type": "CHILD",
          "Ids": [
            "91d746fa-9009-4edc-81b7-12a36c37ffc1"
          ]
        }
      ],
      "Page": 1
    },
    {
      "BlockType": "LINE",
      "Confidence": 60.60710525512695,
      "Text": "laws",
      "Geometry": {
        "BoundingBox": {
          "Width": 0.019372502341866493,
          "Height": 0.00639802310615778,
          "Left": 0.5654789805412292,
          "Top": 0.4099304974079132
        },
        "Polygon": [
          {
            "X": 0.5655332207679749,
            "Y": 0.4099304974079132
          },
          {
            "X": 0.5848515033721924,
            "Y": 0.4103963077068329
          },
          {
            "X": 0.5847975015640259,
            "Y": 0.4163285195827484
          },
          {
            "X": 0.5654789805412292,
            "Y": 0.41586312651634216
          }
        ]
      },
      "Id": "2ca9ae3c-ec50-4fd0-ae1c-15797fdf9f97",
      "Relationships": [
        {
          "Type": "CHILD",
          "Ids": [
            "35161ef4-4cdd-41f4-8305-abe72979c65b"
          ]
        }
      ],
      "Page": 1
    },
    {
      "BlockType": "LINE",
      "Confidence": 71.20845031738281,
      "Text": "aws",
      "Geometry": {
        "BoundingBox": {
          "Width": 0.018258919939398766,
          "Height": 0.006544988136738539,
          "Left": 0.6433086395263672,
          "Top": 0.4128747582435608
        },
        "Polygon": [
          {
            "X": 0.6433635950088501,
            "Y": 0.4128747582435608
          },
          {
            "X": 0.6615675687789917,
            "Y": 0.413313627243042
          },
          {
            "X": 0.6615128517150879,
            "Y": 0.4194197356700897
          },
          {
            "X": 0.6433086395263672,
            "Y": 0.41898128390312195
          }
        ]
      },
      "Id": "505a5861-b7f4-4343-a242-84ad616663f0",
      "Relationships": [
        {
          "Type": "CHILD",
          "Ids": [
            "65d151ea-a4e1-4339-8601-afc87b4d4346"
          ]
        }
      ],
      "Page": 1
    },
    {
      "BlockType": "LINE",
      "Confidence": 66.78099060058594,
      "Text": "laws",
      "Geometry": {
        "BoundingBox": {
          "Width": 0.01775936409831047,
          "Height": 0.006387658882886171,
          "Left": 0.7189666032791138,
          "Top": 0.41577887535095215
        },
        "Polygon": [
          {
            "X": 0.7190194129943848,
            "Y": 0.41577887535095215
          },
          {
            "X": 0.7367259860038757,
            "Y": 0.41620567440986633
          },
          {
            "X": 0.7366733551025391,
            "Y": 0.42216652631759644
          },
          {
            "X": 0.7189666032791138,
            "Y": 0.4217401146888733
          }
        ]
      },
      "Id": "499da4e5-094a-4c5a-8199-c5c62dd78946",
      "Relationships": [
        {
          "Type": "CHILD",
          "Ids": [
            "ad0c6afb-c5a0-4a7b-9db3-a0d55360e0f0"
          ]
        }
      ],
      "Page": 1
    },
    {
      "BlockType": "LINE",
      "Confidence": 59.99180603027344,
      "Text": "2",
      "Geometry": {
        "BoundingBox": {
          "Width": 0.011863065883517265,
          "Height": 0.009858168661594391,
          "Left": 0.9870372414588928,
          "Top": 0.4219442307949066
        },
        "Polygon": [
          {
            "X": 0.9871174693107605,
            "Y": 0.4219442307949066
          },
          {
            "X": 0.998900294303894,
            "Y": 0.42222827672958374
          },
          {
            "X": 0.9988203048706055,
            "Y": 0.4318024218082428
          },
          {
            "X": 0.9870372414588928,
            "Y": 0.4315187931060791
          }
        ]
      },
      "Id": "b7fa93c3-8099-4395-bbef-0517afa7d9bd",
      "Relationships": [
        {
          "Type": "CHILD",
          "Ids": [
            "1520e754-1062-402e-a739-9ab5620c6092"
          ]
        }
      ],
      "Page": 1
    },
    {
      "BlockType": "LINE",
      "Confidence": 97.78461456298828,
      "Text": "Validações de serviço",
      "Geometry": {
        "BoundingBox": {
          "Width": 0.14255088567733765,
          "Height": 0.014626352116465569,
          "Left": 0.30695268511772156,
          "Top": 0.4169751703739166
        },
        "Polygon": [
          {
            "X": 0.3070603013038635,
            "Y": 0.4169751703739166
          },
          {
            "X": 0.4495036005973816,
            "Y": 0.4204026162624359
          },
          {
            "X": 0.4493989050388336,
            "Y": 0.43160152435302734
          },
          {
            "X": 0.30695268511772156,
            "Y": 0.42818009853363037
          }
        ]
      },
      "Id": "19ce76f3-6c41-4359-bee2-c29984b6fe5f",
      "Relationships": [
        {
          "Type": "CHILD",
          "Ids": [
            "a99d1cac-17db-4dac-aa30-bae56e678437",
            "3199f1b3-1d94-48de-ad28-8bab0329b429",
            "831bd03c-37e0-4904-ae6d-869294bf1d7a"
          ]
        }
      ],
      "Page": 1
    },
    {
      "BlockType": "LINE",
      "Confidence": 99.97049713134766,
      "Text": "PARTNER",
      "Geometry": {
        "BoundingBox": {
          "Width": 0.04462499916553497,
          "Height": 0.007376254536211491,
          "Left": 0.565770149230957,
          "Top": 0.42546072602272034
        },
        "Polygon": [
          {
            "X": 0.5658277273178101,
            "Y": 0.42546072602272034
          },
          {
            "X": 0.6103951334953308,
            "Y": 0.42653271555900574
          },
          {
            "X": 0.610338032245636,
            "Y": 0.43283697962760925
          },
          {
            "X": 0.565770149230957,
            "Y": 0.4317660629749298
          }
        ]
      },
      "Id": "c949e8b9-4a01-4311-a8bd-cdfff442daa7",
      "Relationships": [
        {
          "Type": "CHILD",
          "Ids": [
            "6d4e1a41-71ec-4b3f-bfa7-89bd60546a1f"
          ]
        }
      ],
      "Page": 1
    },
    {
      "BlockType": "LINE",
      "Confidence": 99.957763671875,
      "Text": "PARTNER",
      "Geometry": {
        "BoundingBox": {
          "Width": 0.0436062216758728,
          "Height": 0.007293140050023794,
          "Left": 0.6431339979171753,
          "Top": 0.4279366731643677
        },
        "Polygon": [
          {
            "X": 0.6431902050971985,
            "Y": 0.4279366731643677
          },
          {
            "X": 0.6867402195930481,
            "Y": 0.4289840757846832
          },
          {
            "X": 0.6866844892501831,
            "Y": 0.4352298080921173
          },
          {
            "X": 0.6431339979171753,
            "Y": 0.43418341875076294
          }
        ]
      },
      "Id": "e78d39ab-beb4-4ba3-95ca-2248283edf19",
      "Relationships": [
        {
          "Type": "CHILD",
          "Ids": [
            "6a101787-c31d-4d25-a63d-cb402d97b6d6"
          ]
        }
      ],
      "Page": 1
    },
    {
      "BlockType": "LINE",
      "Confidence": 99.93669128417969,
      "Text": "PARTNER",
      "Geometry": {
        "BoundingBox": {
          "Width": 0.041677799075841904,
          "Height": 0.007242819759994745,
          "Left": 0.7191406488418579,
          "Top": 0.43057265877723694
        },
        "Polygon": [
          {
            "X": 0.7191959619522095,
            "Y": 0.43057265877723694
          },
          {
            "X": 0.7608184218406677,
            "Y": 0.4315735697746277
          },
          {
            "X": 0.7607635855674744,
            "Y": 0.43781548738479614
          },
          {
            "X": 0.7191406488418579,
            "Y": 0.4368155300617218
          }
        ]
      },
      "Id": "8da06626-72bb-4222-9474-c9efca5f4ea3",
      "Relationships": [
        {
          "Type": "CHILD",
          "Ids": [
            "eab4634a-db4e-430d-ae54-9d47372e4757"
          ]
        }
      ],
      "Page": 1
    },
    {
      "BlockType": "LINE",
      "Confidence": 99.1978759765625,
      "Text": "concedidas pela AWS",
      "Geometry": {
        "BoundingBox": {
          "Width": 0.1427299827337265,
          "Height": 0.015140394680202007,
          "Left": 0.3067953288555145,
          "Top": 0.4284988045692444
        },
        "Polygon": [
          {
            "X": 0.30690789222717285,
            "Y": 0.4284988045692444
          },
          {
            "X": 0.44952529668807983,
            "Y": 0.43192413449287415
          },
          {
            "X": 0.44941580295562744,
            "Y": 0.44363918900489807
          },
          {
            "X": 0.3067953288555145,
            "Y": 0.4402202069759369
          }
        ]
      },
      "Id": "03fbe514-be65-4996-aaee-fd604af0a4e7",
      "Relationships": [
        {
          "Type": "CHILD",
          "Ids": [
            "c6a5ecb8-090d-4e24-b0aa-cf97658e0139",
            "7f9de72e-4dfe-45c7-8bb0-7627213d4b73",
            "b83022d6-5802-4310-b332-bd9dfeea72a7"
          ]
        }
      ],
      "Page": 1
    },
    {
      "BlockType": "LINE",
      "Confidence": 41.759769439697266,
      "Text": "Delivery",
      "Geometry": {
        "BoundingBox": {
          "Width": 0.01792263612151146,
          "Height": 0.0041460818611085415,
          "Left": 0.743583083152771,
          "Top": 0.44124695658683777
        },
        "Polygon": [
          {
            "X": 0.7436158657073975,
            "Y": 0.44124695658683777
          },
          {
            "X": 0.7615057229995728,
            "Y": 0.44167646765708923
          },
          {
            "X": 0.7614730596542358,
            "Y": 0.44539302587509155
          },
          {
            "X": 0.743583083152771,
            "Y": 0.4449637830257416
          }
        ]
      },
      "Id": "19d764c4-e4ed-48b1-ae77-2c6e9fba61ac",
      "Relationships": [
        {
          "Type": "CHILD",
          "Ids": [
            "b3a9c32e-8062-41eb-b8a8-69c38218abfe"
          ]
        }
      ],
      "Page": 1
    },
    {
      "BlockType": "LINE",
      "Confidence": 99.39452362060547,
      "Text": "que comprovam",
      "Geometry": {
        "BoundingBox": {
          "Width": 0.1106015220284462,
          "Height": 0.012470848858356476,
          "Left": 0.3067755401134491,
          "Top": 0.44108694791793823
        },
        "Polygon": [
          {
            "X": 0.30686989426612854,
            "Y": 0.44108694791793823
          },
          {
            "X": 0.4173770546913147,
            "Y": 0.4437357485294342
          },
          {
            "X": 0.41728466749191284,
            "Y": 0.4535577893257141
          },
          {
            "X": 0.3067755401134491,
            "Y": 0.45091313123703003
          }
        ]
      },
      "Id": "462a574f-07b7-45b3-a0d9-c9701b7279b2",
      "Relationships": [
        {
          "Type": "CHILD",
          "Ids": [
            "004f14a1-ae60-49b0-9b8b-706cdd1c69c1",
            "c9964a09-6b14-4993-b174-62602a85d686"
          ]
        }
      ],
      "Page": 1
    },
    {
      "BlockType": "LINE",
      "Confidence": 92.08418273925781,
      "Text": "expertise na entrega.",
      "Geometry": {
        "BoundingBox": {
          "Width": 0.1398341953754425,
          "Height": 0.014535666443407536,
          "Left": 0.30641019344329834,
          "Top": 0.4516758918762207
        },
        "Polygon": [
          {
            "X": 0.30651775002479553,
            "Y": 0.4516758918762207
          },
          {
            "X": 0.44624438881874084,
            "Y": 0.45501938462257385
          },
          {
            "X": 0.44613972306251526,
            "Y": 0.46621155738830566
          },
          {
            "X": 0.30641019344329834,
            "Y": 0.46287402510643005
          }
        ]
      },
      "Id": "2a7d58a1-435b-454e-910f-aaf312f25392",
      "Relationships": [
        {
          "Type": "CHILD",
          "Ids": [
            "3fb120b9-19fb-4655-aa12-f6311080c3e7",
            "d0f3b8d9-0127-4528-8d40-58660c0ad474",
            "daab2774-af24-41a5-9c6a-f1a840e3ac5a"
          ]
        }
      ],
      "Page": 1
    },
    {
      "BlockType": "LINE",
      "Confidence": 94.87661743164062,
      "Text": "aws",
      "Geometry": {
        "BoundingBox": {
          "Width": 0.019581958651542664,
          "Height": 0.0064620827324688435,
          "Left": 0.5664185285568237,
          "Top": 0.46562036871910095
        },
        "Polygon": [
          {
            "X": 0.5664733052253723,
            "Y": 0.46562036871910095
          },
          {
            "X": 0.5860005021095276,
            "Y": 0.4660870432853699
          },
          {
            "X": 0.5859459638595581,
            "Y": 0.4720824360847473
          },
          {
            "X": 0.5664185285568237,
            "Y": 0.4716162085533142
          }
        ]
      },
      "Id": "ffc51828-62e2-4202-b526-7aee88d55a62",
      "Relationships": [
        {
          "Type": "CHILD",
          "Ids": [
            "dfa71e73-2799-4ff5-ae05-f8853b2124b1"
          ]
        }
      ],
      "Page": 1
    },
    {
      "BlockType": "LINE",
      "Confidence": 84.42997741699219,
      "Text": "aws",
      "Geometry": {
        "BoundingBox": {
          "Width": 0.018902108073234558,
          "Height": 0.006316722836345434,
          "Left": 0.6445912718772888,
          "Top": 0.4678085744380951
        },
        "Polygon": [
          {
            "X": 0.644644021987915,
            "Y": 0.4678085744380951
          },
          {
            "X": 0.6634933948516846,
            "Y": 0.4682590365409851
          },
          {
            "X": 0.6634408235549927,
            "Y": 0.47412529587745667
          },
          {
            "X": 0.6445912718772888,
            "Y": 0.4736752510070801
          }
        ]
      },
      "Id": "29578b52-5645-487d-a9bb-223fd2ee3218",
      "Relationships": [
        {
          "Type": "CHILD",
          "Ids": [
            "aa880796-30a1-4b37-af27-ac34bcca5cc1"
          ]
        }
      ],
      "Page": 1
    },
    {
      "BlockType": "LINE",
      "Confidence": 73.99147033691406,
      "Text": "aws",
      "Geometry": {
        "BoundingBox": {
          "Width": 0.0183935035020113,
          "Height": 0.006187458988279104,
          "Left": 0.7210977077484131,
          "Top": 0.4699181914329529
        },
        "Polygon": [
          {
            "X": 0.7211486101150513,
            "Y": 0.4699181914329529
          },
          {
            "X": 0.7394912242889404,
            "Y": 0.4703565239906311
          },
          {
            "X": 0.7394405007362366,
            "Y": 0.476105660200119
          },
          {
            "X": 0.7210977077484131,
            "Y": 0.47566771507263184
          }
        ]
      },
      "Id": "a5878f01-c98d-469f-ac86-e0208fd145f0",
      "Relationships": [
        {
          "Type": "CHILD",
          "Ids": [
            "8260618a-db34-496a-a9f7-572386105add"
          ]
        }
      ],
      "Page": 1
    },
    {
      "BlockType": "LINE",
      "Confidence": 99.93444061279297,
      "Text": "PARTNER",
      "Geometry": {
        "BoundingBox": {
          "Width": 0.04526408761739731,
          "Height": 0.007033877540379763,
          "Left": 0.5663063526153564,
          "Top": 0.48118239641189575
        },
        "Polygon": [
          {
            "X": 0.5663607716560364,
            "Y": 0.48118239641189575
          },
          {
            "X": 0.6115704774856567,
            "Y": 0.48226016759872437
          },
          {
            "X": 0.611516535282135,
            "Y": 0.4882162809371948
          },
          {
            "X": 0.5663063526153564,
            "Y": 0.4871395528316498
          }
        ]
      },
      "Id": "7737d5b7-b157-4416-bf04-44ed3022e592",
      "Relationships": [
        {
          "Type": "CHILD",
          "Ids": [
            "0b8ec172-d6ca-434a-8852-4498b3598b33"
          ]
        }
      ],
      "Page": 1
    },
    {
      "BlockType": "LINE",
      "Confidence": 99.93671417236328,
      "Text": "PARTNER",
      "Geometry": {
        "BoundingBox": {
          "Width": 0.04437430202960968,
          "Height": 0.006863483693450689,
          "Left": 0.6446703672409058,
          "Top": 0.48319125175476074
        },
        "Polygon": [
          {
            "X": 0.6447226405143738,
            "Y": 0.48319125175476074
          },
          {
            "X": 0.6890446543693542,
            "Y": 0.4842478334903717
          },
          {
            "X": 0.6889929175376892,
            "Y": 0.490054726600647
          },
          {
            "X": 0.6446703672409058,
            "Y": 0.4889991283416748
          }
        ]
      },
      "Id": "a2a0b41d-71aa-4ab6-93e4-875d0ad393c3",
      "Relationships": [
        {
          "Type": "CHILD",
          "Ids": [
            "2f911ec5-6eb9-4b95-82dd-33b0600f6343"
          ]
        }
      ],
      "Page": 1
    },
    {
      "BlockType": "LINE",
      "Confidence": 99.94792938232422,
      "Text": "PARTNER",
      "Geometry": {
        "BoundingBox": {
          "Width": 0.04224573075771332,
          "Height": 0.006618799641728401,
          "Left": 0.7215213179588318,
          "Top": 0.485120952129364
        },
        "Polygon": [
          {
            "X": 0.7215710282325745,
            "Y": 0.485120952129364
          },
          {
            "X": 0.7637670636177063,
            "Y": 0.4861268401145935
          },
          {
            "X": 0.763717770576477,
            "Y": 0.49173974990844727
          },
          {
            "X": 0.7215213179588318,
            "Y": 0.4907347559928894
          }
        ]
      },
      "Id": "6dd29ec0-6d22-491b-b345-2f1fcd3c96c1",
      "Relationships": [
        {
          "Type": "CHILD",
          "Ids": [
            "b01033c8-d8fe-4ebd-82e3-0232c4705399"
          ]
        }
      ],
      "Page": 1
    },
    {
      "BlockType": "LINE",
      "Confidence": 15.49404239654541,
      "Text": "ANSWER",
      "Geometry": {
        "BoundingBox": {
          "Width": 0.022003300487995148,
          "Height": 0.003350112121552229,
          "Left": 0.6463239192962646,
          "Top": 0.4900166392326355
        },
        "Polygon": [
          {
            "X": 0.6463493704795837,
            "Y": 0.4900166392326355
          },
          {
            "X": 0.6683272123336792,
            "Y": 0.4905399978160858
          },
          {
            "X": 0.6683019399642944,
            "Y": 0.4933667480945587
          },
          {
            "X": 0.6463239192962646,
            "Y": 0.4928436279296875
          }
        ]
      },
      "Id": "616ce1d9-4d47-422a-8a35-c65ab8e0bbef",
      "Relationships": [
        {
          "Type": "CHILD",
          "Ids": [
            "5f2a88ba-66c8-46fb-8521-2483937b067f"
          ]
        }
      ],
      "Page": 1
    },
    {
      "BlockType": "WORD",
      "Confidence": 6.087307929992676,
      "Text": "SEE",
      "TextType": "PRINTED",
      "Geometry": {
        "BoundingBox": {
          "Width": 0.020534278824925423,
          "Height": 0.01089966855943203,
          "Left": 0.5802080631256104,
          "Top": 0.24914896488189697
        },
        "Polygon": [
          {
            "X": 0.5803028345108032,
            "Y": 0.24914896488189697
          },
          {
            "X": 0.6007423400878906,
            "Y": 0.24965447187423706
          },
          {
            "X": 0.6006479859352112,
            "Y": 0.26004862785339355
          },
          {
            "X": 0.5802080631256104,
            "Y": 0.2595439553260803
          }
        ]
      },
      "Id": "23606fd9-b968-4709-9d31-32b11a1a6265",
      "Page": 1
    },
    {
      "BlockType": "WORD",
      "Confidence": 95.16864013671875,
      "Text": "aws",
      "TextType": "PRINTED",
      "Geometry": {
        "BoundingBox": {
          "Width": 0.01917877607047558,
          "Height": 0.006745302118360996,
          "Left": 0.5647260546684265,
          "Top": 0.35462695360183716
        },
        "Polygon": [
          {
            "X": 0.5647834539413452,
            "Y": 0.35462695360183716
          },
          {
            "X": 0.5839048624038696,
            "Y": 0.3550920784473419
          },
          {
            "X": 0.5838476419448853,
            "Y": 0.3613722622394562
          },
          {
            "X": 0.5647260546684265,
            "Y": 0.36090758442878723
          }
        ]
      },
      "Id": "1718c58a-dacc-4026-aadc-6380e3139efe",
      "Page": 1
    },
    {
      "BlockType": "WORD",
      "Confidence": 84.12378692626953,
      "Text": "aws",
      "TextType": "PRINTED",
      "Geometry": {
        "BoundingBox": {
          "Width": 0.01868368685245514,
          "Height": 0.0065390849485993385,
          "Left": 0.6415463089942932,
          "Top": 0.35924482345581055
        },
        "Polygon": [
          {
            "X": 0.6416010856628418,
            "Y": 0.35924482345581055
          },
          {
            "X": 0.6602299809455872,
            "Y": 0.35969778895378113
          },
          {
            "X": 0.6601753830909729,
            "Y": 0.3657839298248291
          },
          {
            "X": 0.6415463089942932,
            "Y": 0.36533141136169434
          }
        ]
      },
      "Id": "c754fc7b-26a9-4235-8b88-c741a612eb2f",
      "Page": 1
    },
    {
      "BlockType": "WORD",
      "Confidence": 66.4966049194336,
      "Text": "laws",
      "TextType": "PRINTED",
      "Geometry": {
        "BoundingBox": {
          "Width": 0.018330177292227745,
          "Height": 0.006649427115917206,
          "Left": 0.7162261605262756,
          "Top": 0.36254459619522095
        },
        "Polygon": [
          {
            "X": 0.7162812352180481,
            "Y": 0.36254459619522095
          },
          {
            "X": 0.7345563769340515,
            "Y": 0.36298882961273193
          },
          {
            "X": 0.7345015406608582,
            "Y": 0.36919403076171875
          },
          {
            "X": 0.7162261605262756,
            "Y": 0.3687502145767212
          }
        ]
      },
      "Id": "959f3a98-1d81-4dfa-b692-4658cd9af3a4",
      "Page": 1
    },
    {
      "BlockType": "WORD",
      "Confidence": 99.95101928710938,
      "Text": "PARTNER",
      "TextType": "PRINTED",
      "Geometry": {
        "BoundingBox": {
          "Width": 0.04367136210203171,
          "Height": 0.007507531438022852,
          "Left": 0.5649820566177368,
          "Top": 0.3702716827392578
        },
        "Polygon": [
          {
            "X": 0.5650410056114197,
            "Y": 0.3702716827392578
          },
          {
            "X": 0.6086534261703491,
            "Y": 0.3713299334049225
          },
          {
            "X": 0.6085950136184692,
            "Y": 0.3777792155742645
          },
          {
            "X": 0.5649820566177368,
            "Y": 0.3767220377922058
          }
        ]
      },
      "Id": "f29d0966-e7c5-438a-952e-655acd9bb75d",
      "Page": 1
    },
    {
      "BlockType": "WORD",
      "Confidence": 99.96286010742188,
      "Text": "100",
      "TextType": "PRINTED",
      "Geometry": {
        "BoundingBox": {
          "Width": 0.022719167172908783,
          "Height": 0.008486011996865273,
          "Left": 0.6631998419761658,
          "Top": 0.37533292174339294
        },
        "Polygon": [
          {
            "X": 0.6632710099220276,
            "Y": 0.37533292174339294
          },
          {
            "X": 0.6859189867973328,
            "Y": 0.37588226795196533
          },
          {
            "X": 0.6858481764793396,
            "Y": 0.38381895422935486
          },
          {
            "X": 0.6631998419761658,
            "Y": 0.3832702934741974
          }
        ]
      },
      "Id": "90bf4543-3685-4f3e-92a1-7ea31dd9d5b5",
      "Page": 1
    },
    {
      "BlockType": "WORD",
      "Confidence": 99.92902374267578,
      "Text": "PARTNER",
      "TextType": "PRINTED",
      "Geometry": {
        "BoundingBox": {
          "Width": 0.04221769794821739,
          "Height": 0.007058445829898119,
          "Left": 0.7167002558708191,
          "Top": 0.37765732407569885
        },
        "Polygon": [
          {
            "X": 0.7167537808418274,
            "Y": 0.37765732407569885
          },
          {
            "X": 0.7589179873466492,
            "Y": 0.3786798417568207
          },
          {
            "X": 0.7588648796081543,
            "Y": 0.3847157657146454
          },
          {
            "X": 0.7167002558708191,
            "Y": 0.38369423151016235
          }
        ]
      },
      "Id": "c9fb8d7d-02d1-4636-941b-5dd1e0d549be",
      "Page": 1
    },
    {
      "BlockType": "WORD",
      "Confidence": 50.94187927246094,
      "Text": "Services",
      "TextType": "PRINTED",
      "Geometry": {
        "BoundingBox": {
          "Width": 0.018338628113269806,
          "Height": 0.003548595355823636,
          "Left": 0.590747058391571,
          "Top": 0.3813973069190979
        },
        "Polygon": [
          {
            "X": 0.5907753109931946,
            "Y": 0.3813973069190979
          },
          {
            "X": 0.6090856790542603,
            "Y": 0.38184088468551636
          },
          {
            "X": 0.6090575456619263,
            "Y": 0.38494589924812317
          },
          {
            "X": 0.590747058391571,
            "Y": 0.3845025599002838
          }
        ]
      },
      "Id": "7847dfa3-6063-4d42-9229-532a27d788a9",
      "Page": 1
    },
    {
      "BlockType": "WORD",
      "Confidence": 95.90233612060547,
      "Text": "Certificações",
      "TextType": "PRINTED",
      "Geometry": {
        "BoundingBox": {
          "Width": 0.15447410941123962,
          "Height": 0.02385476604104042,
          "Left": 0.30890730023384094,
          "Top": 0.37398380041122437
        },
        "Polygon": [
          {
            "X": 0.30910053849220276,
            "Y": 0.37398380041122437
          },
          {
            "X": 0.46338140964508057,
            "Y": 0.37772154808044434
          },
          {
            "X": 0.4631938636302948,
            "Y": 0.3978385627269745
          },
          {
            "X": 0.30890730023384094,
            "Y": 0.39411258697509766
          }
        ]
      },
      "Id": "caa5fb7a-81fb-408a-a3d4-22be06ae3fa6",
      "Page": 1
    },
    {
      "BlockType": "WORD",
      "Confidence": 99.0135498046875,
      "Text": "CERTIFIED",
      "TextType": "PRINTED",
      "Geometry": {
        "BoundingBox": {
          "Width": 0.03028564527630806,
          "Height": 0.006355758756399155,
          "Left": 0.6544305682182312,
          "Top": 0.3835819959640503
        },
        "Polygon": [
          {
            "X": 0.654481053352356,
            "Y": 0.3835819959640503
          },
          {
            "X": 0.6847162246704102,
            "Y": 0.3843143582344055
          },
          {
            "X": 0.6846660375595093,
            "Y": 0.38993775844573975
          },
          {
            "X": 0.6544305682182312,
            "Y": 0.38920605182647705
          }
        ]
      },
      "Id": "693e674d-9ae0-498e-b0f1-60afe45c0c88",
      "Page": 1
    },
    {
      "BlockType": "WORD",
      "Confidence": 99.41946411132812,
      "Text": "aws",
      "TextType": "PRINTED",
      "Geometry": {
        "BoundingBox": {
          "Width": 0.08463625609874725,
          "Height": 0.026361174881458282,
          "Left": 0.851499080657959,
          "Top": 0.382912814617157
        },
        "Polygon": [
          {
            "X": 0.8517088294029236,
            "Y": 0.382912814617157
          },
          {
            "X": 0.9361353516578674,
            "Y": 0.3849595785140991
          },
          {
            "X": 0.9359294176101685,
            "Y": 0.40927398204803467
          },
          {
            "X": 0.851499080657959,
            "Y": 0.4072350263595581
          }
        ]
      },
      "Id": "82a10560-baf4-47df-a634-2b8bd2d2bfc6",
      "Page": 1
    },
    {
      "BlockType": "WORD",
      "Confidence": 49.61524200439453,
      "Text": "Cl",
      "TextType": "PRINTED",
      "Geometry": {
        "BoundingBox": {
          "Width": 0.013438435271382332,
          "Height": 0.011225273832678795,
          "Left": 0.9843297004699707,
          "Top": 0.38856804370880127
        },
        "Polygon": [
          {
            "X": 0.9844211339950562,
            "Y": 0.38856804370880127
          },
          {
            "X": 0.9977681636810303,
            "Y": 0.3888915181159973
          },
          {
            "X": 0.9976770281791687,
            "Y": 0.3997933268547058
          },
          {
            "X": 0.9843297004699707,
            "Y": 0.3994704484939575
          }
        ]
      },
      "Id": "b26d4bd9-99da-422c-a617-1d661929cee0",
      "Page": 1
    },
    {
      "BlockType": "WORD",
      "Confidence": 90.86736297607422,
      "Text": "WS",
      "TextType": "PRINTED",
      "Geometry": {
        "BoundingBox": {
          "Width": 0.1370680034160614,
          "Height": 0.04581703245639801,
          "Left": 0,
          "Top": 0.3688109517097473
        },
        "Polygon": [
          {
            "X": 0,
            "Y": 0.3688109517097473
          },
          {
            "X": 0.1370680034160614,
            "Y": 0.3721841275691986
          },
          {
            "X": 0.1366473138332367,
            "Y": 0.4146279990673065
          },
          {
            "X": 0,
            "Y": 0.41127723455429077
          }
        ]
      },
      "Id": "fcfd16e8-c0a7-44bf-acfc-1afff32915dc",
      "Page": 1
    },
    {
      "BlockType": "WORD",
      "Confidence": 99.98112487792969,
      "Text": "Select",
      "TextType": "PRINTED",
      "Geometry": {
        "BoundingBox": {
          "Width": 0.0744205191731453,
          "Height": 0.01736341044306755,
          "Left": 0.30834466218948364,
          "Top": 0.3931277394294739
        },
        "Polygon": [
          {
            "X": 0.3084941804409027,
            "Y": 0.3931277394294739
          },
          {
            "X": 0.38276517391204834,
            "Y": 0.3949216306209564
          },
          {
            "X": 0.3826177418231964,
            "Y": 0.41049113869667053
          },
          {
            "X": 0.30834466218948364,
            "Y": 0.408701628446579
          }
        ]
      },
      "Id": "af266942-5e9c-4465-aa20-760193b5fda8",
      "Page": 1
    },
    {
      "BlockType": "WORD",
      "Confidence": 79.41277313232422,
      "Text": "Ex",
      "TextType": "PRINTED",
      "Geometry": {
        "BoundingBox": {
          "Width": 0.012537635862827301,
          "Height": 0.010034660808742046,
          "Left": 0.9860842823982239,
          "Top": 0.4055688977241516
        },
        "Polygon": [
          {
            "X": 0.9861658811569214,
            "Y": 0.4055688977241516
          },
          {
            "X": 0.998621940612793,
            "Y": 0.4058699607849121
          },
          {
            "X": 0.9985405802726746,
            "Y": 0.41560354828834534
          },
          {
            "X": 0.9860842823982239,
            "Y": 0.41530299186706543
          }
        ]
      },
      "Id": "91d746fa-9009-4edc-81b7-12a36c37ffc1",
      "Page": 1
    },
    {
      "BlockType": "WORD",
      "Confidence": 60.60710525512695,
      "Text": "laws",
      "TextType": "PRINTED",
      "Geometry": {
        "BoundingBox": {
          "Width": 0.019372502341866493,
          "Height": 0.00639802310615778,
          "Left": 0.5654789805412292,
          "Top": 0.4099304974079132
        },
        "Polygon": [
          {
            "X": 0.5655332207679749,
            "Y": 0.4099304974079132
          },
          {
            "X": 0.5848515033721924,
            "Y": 0.4103963077068329
          },
          {
            "X": 0.5847975015640259,
            "Y": 0.4163285195827484
          },
          {
            "X": 0.5654789805412292,
            "Y": 0.41586312651634216
          }
        ]
      },
      "Id": "35161ef4-4cdd-41f4-8305-abe72979c65b",
      "Page": 1
    },
    {
      "BlockType": "WORD",
      "Confidence": 71.20845031738281,
      "Text": "aws",
      "TextType": "PRINTED",
      "Geometry": {
        "BoundingBox": {
          "Width": 0.018258919939398766,
          "Height": 0.006544988136738539,
          "Left": 0.6433086395263672,
          "Top": 0.4128747582435608
        },
        "Polygon": [
          {
            "X": 0.6433635950088501,
            "Y": 0.4128747582435608
          },
          {
            "X": 0.6615675687789917,
            "Y": 0.413313627243042
          },
          {
            "X": 0.6615128517150879,
            "Y": 0.4194197356700897
          },
          {
            "X": 0.6433086395263672,
            "Y": 0.41898128390312195
          }
        ]
      },
      "Id": "65d151ea-a4e1-4339-8601-afc87b4d4346",
      "Page": 1
    },
    {
      "BlockType": "WORD",
      "Confidence": 66.78099060058594,
      "Text": "laws",
      "TextType": "PRINTED",
      "Geometry": {
        "BoundingBox": {
          "Width": 0.01775936409831047,
          "Height": 0.006387658882886171,
          "Left": 0.7189666032791138,
          "Top": 0.41577887535095215
        },
        "Polygon": [
          {
            "X": 0.7190194129943848,
            "Y": 0.41577887535095215
          },
          {
            "X": 0.7367259860038757,
            "Y": 0.41620567440986633
          },
          {
            "X": 0.7366733551025391,
            "Y": 0.42216652631759644
          },
          {
            "X": 0.7189666032791138,
            "Y": 0.4217401146888733
          }
        ]
      },
      "Id": "ad0c6afb-c5a0-4a7b-9db3-a0d55360e0f0",
      "Page": 1
    },
    {
      "BlockType": "WORD",
      "Confidence": 59.99180603027344,
      "Text": "2",
      "TextType": "PRINTED",
      "Geometry": {
        "BoundingBox": {
          "Width": 0.011863065883517265,
          "Height": 0.009858168661594391,
          "Left": 0.9870372414588928,
          "Top": 0.4219442307949066
        },
        "Polygon": [
          {
            "X": 0.9871174693107605,
            "Y": 0.4219442307949066
          },
          {
            "X": 0.998900294303894,
            "Y": 0.42222827672958374
          },
          {
            "X": 0.9988203048706055,
            "Y": 0.4318024218082428
          },
          {
            "X": 0.9870372414588928,
            "Y": 0.4315187931060791
          }
        ]
      },
      "Id": "1520e754-1062-402e-a739-9ab5620c6092",
      "Page": 1
    },
    {
      "BlockType": "WORD",
      "Confidence": 97.05177307128906,
      "Text": "Validações",
      "TextType": "PRINTED",
      "Geometry": {
        "BoundingBox": {
          "Width": 0.07319843024015427,
          "Height": 0.012277658097445965,
          "Left": 0.30695927143096924,
          "Top": 0.4169751703739166
        },
        "Polygon": [
          {
            "X": 0.3070603013038635,
            "Y": 0.4169751703739166
          },
          {
            "X": 0.3801576793193817,
            "Y": 0.41873401403427124
          },
          {
            "X": 0.38005805015563965,
            "Y": 0.4292528033256531
          },
          {
            "X": 0.30695927143096924,
            "Y": 0.42749688029289246
          }
        ]
      },
      "Id": "a99d1cac-17db-4dac-aa30-bae56e678437",
      "Page": 1
    },
    {
      "BlockType": "WORD",
      "Confidence": 99.65867614746094,
      "Text": "de",
      "TextType": "PRINTED",
      "Geometry": {
        "BoundingBox": {
          "Width": 0.016736097633838654,
          "Height": 0.009427865967154503,
          "Left": 0.38411685824394226,
          "Top": 0.4202347993850708
        },
        "Polygon": [
          {
            "X": 0.3842023015022278,
            "Y": 0.4202347993850708
          },
          {
            "X": 0.4008529484272003,
            "Y": 0.4206353425979614
          },
          {
            "X": 0.4007677733898163,
            "Y": 0.42966267466545105
          },
          {
            "X": 0.38411685824394226,
            "Y": 0.4292626678943634
          }
        ]
      },
      "Id": "3199f1b3-1d94-48de-ad28-8bab0329b429",
      "Page": 1
    },
    {
      "BlockType": "WORD",
      "Confidence": 96.64337921142578,
      "Text": "serviço",
      "TextType": "PRINTED",
      "Geometry": {
        "BoundingBox": {
          "Width": 0.04502595588564873,
          "Height": 0.009861936792731285,
          "Left": 0.4044550359249115,
          "Top": 0.4217395782470703
        },
        "Polygon": [
          {
            "X": 0.4045378267765045,
            "Y": 0.4217395782470703
          },
          {
            "X": 0.44948098063468933,
            "Y": 0.4228205680847168
          },
          {
            "X": 0.4493989050388336,
            "Y": 0.43160152435302734
          },
          {
            "X": 0.4044550359249115,
            "Y": 0.43052199482917786
          }
        ]
      },
      "Id": "831bd03c-37e0-4904-ae6d-869294bf1d7a",
      "Page": 1
    },
    {
      "BlockType": "WORD",
      "Confidence": 99.97049713134766,
      "Text": "PARTNER",
      "TextType": "PRINTED",
      "Geometry": {
        "BoundingBox": {
          "Width": 0.04462499916553497,
          "Height": 0.007376254536211491,
          "Left": 0.565770149230957,
          "Top": 0.42546072602272034
        },
        "Polygon": [
          {
            "X": 0.5658277273178101,
            "Y": 0.42546072602272034
          },
          {
            "X": 0.6103951334953308,
            "Y": 0.42653271555900574
          },
          {
            "X": 0.610338032245636,
            "Y": 0.43283697962760925
          },
          {
            "X": 0.565770149230957,
            "Y": 0.4317660629749298
          }
        ]
      },
      "Id": "6d4e1a41-71ec-4b3f-bfa7-89bd60546a1f",
      "Page": 1
    },
    {
      "BlockType": "WORD",
      "Confidence": 99.957763671875,
      "Text": "PARTNER",
      "TextType": "PRINTED",
      "Geometry": {
        "BoundingBox": {
          "Width": 0.0436062216758728,
          "Height": 0.007293140050023794,
          "Left": 0.6431339979171753,
          "Top": 0.4279366731643677
        },
        "Polygon": [
          {
            "X": 0.6431902050971985,
            "Y": 0.4279366731643677
          },
          {
            "X": 0.6867402195930481,
            "Y": 0.4289840757846832
          },
          {
            "X": 0.6866844892501831,
            "Y": 0.4352298080921173
          },
          {
            "X": 0.6431339979171753,
            "Y": 0.43418341875076294
          }
        ]
      },
      "Id": "6a101787-c31d-4d25-a63d-cb402d97b6d6",
      "Page": 1
    },
    {
      "BlockType": "WORD",
      "Confidence": 99.93669128417969,
      "Text": "PARTNER",
      "TextType": "PRINTED",
      "Geometry": {
        "BoundingBox": {
          "Width": 0.041677799075841904,
          "Height": 0.007242819759994745,
          "Left": 0.7191406488418579,
          "Top": 0.43057265877723694
        },
        "Polygon": [
          {
            "X": 0.7191959619522095,
            "Y": 0.43057265877723694
          },
          {
            "X": 0.7608184218406677,
            "Y": 0.4315735697746277
          },
          {
            "X": 0.7607635855674744,
            "Y": 0.43781548738479614
          },
          {
            "X": 0.7191406488418579,
            "Y": 0.4368155300617218
          }
        ]
      },
      "Id": "eab4634a-db4e-430d-ae54-9d47372e4757",
      "Page": 1
    },
    {
      "BlockType": "WORD",
      "Confidence": 99.00576782226562,
      "Text": "concedidas",
      "TextType": "PRINTED",
      "Geometry": {
        "BoundingBox": {
          "Width": 0.07716992497444153,
          "Height": 0.011202922090888023,
          "Left": 0.30681806802749634,
          "Top": 0.4284988045692444
        },
        "Polygon": [
          {
            "X": 0.30690789222717285,
            "Y": 0.4284988045692444
          },
          {
            "X": 0.38398799300193787,
            "Y": 0.43035009503364563
          },
          {
            "X": 0.383899450302124,
            "Y": 0.43970173597335815
          },
          {
            "X": 0.30681806802749634,
            "Y": 0.4378531873226166
          }
        ]
      },
      "Id": "c6a5ecb8-090d-4e24-b0aa-cf97658e0139",
      "Page": 1
    },
    {
      "BlockType": "WORD",
      "Confidence": 98.729736328125,
      "Text": "pela",
      "TextType": "PRINTED",
      "Geometry": {
        "BoundingBox": {
          "Width": 0.028650138527154922,
          "Height": 0.011526687070727348,
          "Left": 0.38712140917778015,
          "Top": 0.4313035309314728
        },
        "Polygon": [
          {
            "X": 0.3872239887714386,
            "Y": 0.4313035309314728
          },
          {
            "X": 0.4157715439796448,
            "Y": 0.43198907375335693
          },
          {
            "X": 0.4156695604324341,
            "Y": 0.4428302049636841
          },
          {
            "X": 0.38712140917778015,
            "Y": 0.44214582443237305
          }
        ]
      },
      "Id": "7f9de72e-4dfe-45c7-8bb0-7627213d4b73",
      "Page": 1
    },
    {
      "BlockType": "WORD",
      "Confidence": 99.8581314086914,
      "Text": "AWS",
      "TextType": "PRINTED",
      "Geometry": {
        "BoundingBox": {
          "Width": 0.0305619053542614,
          "Height": 0.00973337423056364,
          "Left": 0.41895195841789246,
          "Top": 0.4324151873588562
        },
        "Polygon": [
          {
            "X": 0.4190365970134735,
            "Y": 0.4324151873588562
          },
          {
            "X": 0.44951388239860535,
            "Y": 0.43314704298973083
          },
          {
            "X": 0.4494297504425049,
            "Y": 0.4421485662460327
          },
          {
            "X": 0.41895195841789246,
            "Y": 0.44141775369644165
          }
        ]
      },
      "Id": "b83022d6-5802-4310-b332-bd9dfeea72a7",
      "Page": 1
    },
    {
      "BlockType": "WORD",
      "Confidence": 41.759769439697266,
      "Text": "Delivery",
      "TextType": "PRINTED",
      "Geometry": {
        "BoundingBox": {
          "Width": 0.01792263612151146,
          "Height": 0.0041460818611085415,
          "Left": 0.743583083152771,
          "Top": 0.44124695658683777
        },
        "Polygon": [
          {
            "X": 0.7436158657073975,
            "Y": 0.44124695658683777
          },
          {
            "X": 0.7615057229995728,
            "Y": 0.44167646765708923
          },
          {
            "X": 0.7614730596542358,
            "Y": 0.44539302587509155
          },
          {
            "X": 0.743583083152771,
            "Y": 0.4449637830257416
          }
        ]
      },
      "Id": "b3a9c32e-8062-41eb-b8a8-69c38218abfe",
      "Page": 1
    },
    {
      "BlockType": "WORD",
      "Confidence": 99.6712875366211,
      "Text": "que",
      "TextType": "PRINTED",
      "Geometry": {
        "BoundingBox": {
          "Width": 0.02566412091255188,
          "Height": 0.009678589180111885,
          "Left": 0.30677807331085205,
          "Top": 0.4415823817253113
        },
        "Polygon": [
          {
            "X": 0.3068651556968689,
            "Y": 0.4415823817253113
          },
          {
            "X": 0.33244219422340393,
            "Y": 0.44219541549682617
          },
          {
            "X": 0.3323555290699005,
            "Y": 0.4512609839439392
          },
          {
            "X": 0.30677807331085205,
            "Y": 0.45064884424209595
          }
        ]
      },
      "Id": "004f14a1-ae60-49b0-9b8b-706cdd1c69c1",
      "Page": 1
    },
    {
      "BlockType": "WORD",
      "Confidence": 99.11776733398438,
      "Text": "comprovam",
      "TextType": "PRINTED",
      "Geometry": {
        "BoundingBox": {
          "Width": 0.08074173331260681,
          "Height": 0.0117551414296031,
          "Left": 0.3366353213787079,
          "Top": 0.44180265069007874
        },
        "Polygon": [
          {
            "X": 0.33672916889190674,
            "Y": 0.44180265069007874
          },
          {
            "X": 0.4173770546913147,
            "Y": 0.4437357485294342
          },
          {
            "X": 0.41728466749191284,
            "Y": 0.4535577893257141
          },
          {
            "X": 0.3366353213787079,
            "Y": 0.4516277313232422
          }
        ]
      },
      "Id": "c9964a09-6b14-4993-b174-62602a85d686",
      "Page": 1
    },
    {
      "BlockType": "WORD",
      "Confidence": 93.87116241455078,
      "Text": "expertise",
      "TextType": "PRINTED",
      "Geometry": {
        "BoundingBox": {
          "Width": 0.06293294578790665,
          "Height": 0.011941122822463512,
          "Left": 0.3064174950122833,
          "Top": 0.4516758918762207
        },
        "Polygon": [
          {
            "X": 0.30651775002479553,
            "Y": 0.4516758918762207
          },
          {
            "X": 0.3693504333496094,
            "Y": 0.45317938923835754
          },
          {
            "X": 0.3692513704299927,
            "Y": 0.4636170268058777
          },
          {
            "X": 0.3064174950122833,
            "Y": 0.462116003036499
          }
        ]
      },
      "Id": "3fb120b9-19fb-4655-aa12-f6311080c3e7",
      "Page": 1
    },
    {
      "BlockType": "WORD",
      "Confidence": 99.4038314819336,
      "Text": "na",
      "TextType": "PRINTED",
      "Geometry": {
        "BoundingBox": {
          "Width": 0.01657339744269848,
          "Height": 0.007237585727125406,
          "Left": 0.37302353978157043,
          "Top": 0.45478948950767517
        },
        "Polygon": [
          {
            "X": 0.37308844923973083,
            "Y": 0.45478948950767517
          },
          {
            "X": 0.38959693908691406,
            "Y": 0.4551844298839569
          },
          {
            "X": 0.3895322382450104,
            "Y": 0.46202707290649414
          },
          {
            "X": 0.37302353978157043,
            "Y": 0.4616325795650482
          }
        ]
      },
      "Id": "d0f3b8d9-0127-4528-8d40-58660c0ad474",
      "Page": 1
    },
    {
      "BlockType": "WORD",
      "Confidence": 82.97755432128906,
      "Text": "entrega.",
      "TextType": "PRINTED",
      "Geometry": {
        "BoundingBox": {
          "Width": 0.05337410047650337,
          "Height": 0.011927532963454723,
          "Left": 0.39286524057388306,
          "Top": 0.45428401231765747
        },
        "Polygon": [
          {
            "X": 0.3929659426212311,
            "Y": 0.45428401231765747
          },
          {
            "X": 0.4462393522262573,
            "Y": 0.4555586874485016
          },
          {
            "X": 0.44613972306251526,
            "Y": 0.46621155738830566
          },
          {
            "X": 0.39286524057388306,
            "Y": 0.46493905782699585
          }
        ]
      },
      "Id": "daab2774-af24-41a5-9c6a-f1a840e3ac5a",
      "Page": 1
    },
    {
      "BlockType": "WORD",
      "Confidence": 94.87661743164062,
      "Text": "aws",
      "TextType": "PRINTED",
      "Geometry": {
        "BoundingBox": {
          "Width": 0.019581958651542664,
          "Height": 0.0064620827324688435,
          "Left": 0.5664185285568237,
          "Top": 0.46562036871910095
        },
        "Polygon": [
          {
            "X": 0.5664733052253723,
            "Y": 0.46562036871910095
          },
          {
            "X": 0.5860005021095276,
            "Y": 0.4660870432853699
          },
          {
            "X": 0.5859459638595581,
            "Y": 0.4720824360847473
          },
          {
            "X": 0.5664185285568237,
            "Y": 0.4716162085533142
          }
        ]
      },
      "Id": "dfa71e73-2799-4ff5-ae05-f8853b2124b1",
      "Page": 1
    },
    {
      "BlockType": "WORD",
      "Confidence": 84.42997741699219,
      "Text": "aws",
      "TextType": "PRINTED",
      "Geometry": {
        "BoundingBox": {
          "Width": 0.018902108073234558,
          "Height": 0.006316722836345434,
          "Left": 0.6445912718772888,
          "Top": 0.4678085744380951
        },
        "Polygon": [
          {
            "X": 0.644644021987915,
            "Y": 0.4678085744380951
          },
          {
            "X": 0.6634933948516846,
            "Y": 0.4682590365409851
          },
          {
            "X": 0.6634408235549927,
            "Y": 0.47412529587745667
          },
          {
            "X": 0.6445912718772888,
            "Y": 0.4736752510070801
          }
        ]
      },
      "Id": "aa880796-30a1-4b37-af27-ac34bcca5cc1",
      "Page": 1
    },
    {
      "BlockType": "WORD",
      "Confidence": 73.99147033691406,
      "Text": "aws",
      "TextType": "PRINTED",
      "Geometry": {
        "BoundingBox": {
          "Width": 0.0183935035020113,
          "Height": 0.006187458988279104,
          "Left": 0.7210977077484131,
          "Top": 0.4699181914329529
        },
        "Polygon": [
          {
            "X": 0.7211486101150513,
            "Y": 0.4699181914329529
          },
          {
            "X": 0.7394912242889404,
            "Y": 0.4703565239906311
          },
          {
            "X": 0.7394405007362366,
            "Y": 0.476105660200119
          },
          {
            "X": 0.7210977077484131,
            "Y": 0.47566771507263184
          }
        ]
      },
      "Id": "8260618a-db34-496a-a9f7-572386105add",
      "Page": 1
    },
    {
      "BlockType": "WORD",
      "Confidence": 99.93444061279297,
      "Text": "PARTNER",
      "TextType": "PRINTED",
      "Geometry": {
        "BoundingBox": {
          "Width": 0.04526408761739731,
          "Height": 0.007033877540379763,
          "Left": 0.5663063526153564,
          "Top": 0.48118239641189575
        },
        "Polygon": [
          {
            "X": 0.5663607716560364,
            "Y": 0.48118239641189575
          },
          {
            "X": 0.6115704774856567,
            "Y": 0.48226016759872437
          },
          {
            "X": 0.611516535282135,
            "Y": 0.4882162809371948
          },
          {
            "X": 0.5663063526153564,
            "Y": 0.4871395528316498
          }
        ]
      },
      "Id": "0b8ec172-d6ca-434a-8852-4498b3598b33",
      "Page": 1
    },
    {
      "BlockType": "WORD",
      "Confidence": 99.93671417236328,
      "Text": "PARTNER",
      "TextType": "PRINTED",
      "Geometry": {
        "BoundingBox": {
          "Width": 0.04437430202960968,
          "Height": 0.006863483693450689,
          "Left": 0.6446703672409058,
          "Top": 0.48319125175476074
        },
        "Polygon": [
          {
            "X": 0.6447226405143738,
            "Y": 0.48319125175476074
          },
          {
            "X": 0.6890446543693542,
            "Y": 0.4842478334903717
          },
          {
            "X": 0.6889929175376892,
            "Y": 0.490054726600647
          },
          {
            "X": 0.6446703672409058,
            "Y": 0.4889991283416748
          }
        ]
      },
      "Id": "2f911ec5-6eb9-4b95-82dd-33b0600f6343",
      "Page": 1
    },
    {
      "BlockType": "WORD",
      "Confidence": 99.94792938232422,
      "Text": "PARTNER",
      "TextType": "PRINTED",
      "Geometry": {
        "BoundingBox": {
          "Width": 0.04224573075771332,
          "Height": 0.006618799641728401,
          "Left": 0.7215213179588318,
          "Top": 0.485120952129364
        },
        "Polygon": [
          {
            "X": 0.7215710282325745,
            "Y": 0.485120952129364
          },
          {
            "X": 0.7637670636177063,
            "Y": 0.4861268401145935
          },
          {
            "X": 0.763717770576477,
            "Y": 0.49173974990844727
          },
          {
            "X": 0.7215213179588318,
            "Y": 0.4907347559928894
          }
        ]
      },
      "Id": "b01033c8-d8fe-4ebd-82e3-0232c4705399",
      "Page": 1
    },
    {
      "BlockType": "WORD",
      "Confidence": 15.49404239654541,
      "Text": "ANSWER",
      "TextType": "PRINTED",
      "Geometry": {
        "BoundingBox": {
          "Width": 0.022003300487995148,
          "Height": 0.003350112121552229,
          "Left": 0.6463239192962646,
          "Top": 0.4900166392326355
        },
        "Polygon": [
          {
            "X": 0.6463493704795837,
            "Y": 0.4900166392326355
          },
          {
            "X": 0.6683272123336792,
            "Y": 0.4905399978160858
          },
          {
            "X": 0.6683019399642944,
            "Y": 0.4933667480945587
          },
          {
            "X": 0.6463239192962646,
            "Y": 0.4928436279296875
          }
        ]
      },
      "Id": "5f2a88ba-66c8-46fb-8521-2483937b067f",
      "Page": 1
    }
  ],
  "DetectDocumentTextModelVersion": "1.0"
}