{
  "DocumentMetadata": {
    "Pages": 1
  },
  "JobStatus": "SUCCEEDED",
  "Blocks": [
    {
      "BlockType": "PAGE",
      "Geometry": {
        "BoundingBox": {
          "Width": 1,
          "Height": 1,
          "Left": 0,
          "Top": 0
        },
        "Polygon": [
          {
            "X": 0,
            "Y": 7.318278871792927e-9
          },
          {
            "X": 0.9964175820350647,
            "Y": 0
          },
          {
            "X": 1,
            "Y": 0.99997878074646
          },
          {
            "X": 0,
            "Y": 1
          }
        ]
      },
      "Id": "484b021f-af21-482f-8869-6e601228cefa",
      "Relationships": [
        {
          "Type": "CHILD",
          "Ids": [
            "def3be9d-fe37-45d3-922d-72f67ddb4e24",
            "aa54901b-67aa-4010-943e-4c6c67510eb5",
            "6b962845-4b89-448c-8070-e37e7c5a151f",
            "9c845c26-bc31-487e-9da3-24e1c0c467bd",
            "43369755-60da-4c1e-a19a-c76646c6a9bb",
            "e8c43bbb-e3c8-430e-ba8d-4a42184eaa89",
            "891e69a5-7272-44a6-bd81-15e881151d1f",
            "c4a9526e-1981-4026-bf5e-e11bcf3ba425",
            "ba7e3a4f-35b5-4688-81ac-3d27e36f844e",
            "81753686-2aa3-490d-81d4-726e73b22cdd",
            "5ba1da16-318e-4f04-b32c-63a4ef747f56",
            "52312185-e1d8-421e-a453-de46d9305ad5",
            "fd0fbbc0-ae6e-4aa8-8e3f-5f67275a16b2",
            "79aea31c-e6d2-41cb-a113-79aff29ee63c",
            "ff4eeffa-d132-4e98-b207-e5940a587909",
            "22859b13-c275-48c2-a5cf-3fd0c5846d7a",
            "410df8d9-9368-4585-beb7-484a66d6d8ec",
            "1c5d728d-1707-461c-8381-0e2112fdb558",
            "713d2477-a721-421f-a81e-faf8e5c7f6f8",
            "7c00e040-28c1-4679-985a-12f22183b151",
            "17decfa8-6aa9-49ab-b4b6-aa24252b4e7d",
            "a662a39b-c47c-429f-97bc-2aa82c144da1"
          ]
        }
      ],
      "Page": 1
    },
    {
      "BlockType": "LINE",
      "Confidence": 98.25848388671875,
      "Text": "Gere previsões altamente precisas",
      "Geometry": {
        "BoundingBox": {
          "Width": 0.3147130012512207,
          "Height": 0.04840816557407379,
          "Left": 0.14220629632472992,
          "Top": 0.24686238169670105
        },
        "Polygon": [
          {
            "X": 0.1431601643562317,
            "Y": 0.27285051345825195
          },
          {
            "X": 0.45691928267478943,
            "Y": 0.24686238169670105
          },
          {
            "X": 0.45663341879844666,
            "Y": 0.26984909176826477
          },
          {
            "X": 0.14220629632472992,
            "Y": 0.29527053236961365
          }
        ]
      },
      "Id": "def3be9d-fe37-45d3-922d-72f67ddb4e24",
      "Relationships": [
        {
          "Type": "CHILD",
          "Ids": [
            "9cc9382c-4e03-4c24-8cfd-e5813a7c6aee",
            "ac3d63d6-e962-4777-8c7f-6c28a2e47dda",
            "3864892b-d1ff-4af7-a378-b307e7f07c9d",
            "1a09d4c8-047e-4eec-ae17-c2796f3722f3"
          ]
        }
      ],
      "Page": 1
    },
    {
      "BlockType": "LINE",
      "Confidence": 95.88846588134766,
      "Text": "aws",
      "Geometry": {
        "BoundingBox": {
          "Width": 0.046230826526880264,
          "Height": 0.015591297298669815,
          "Left": 0.6363945007324219,
          "Top": 0.22720953822135925
        },
        "Polygon": [
          {
            "X": 0.6363945007324219,
            "Y": 0.23103342950344086
          },
          {
            "X": 0.6825154423713684,
            "Y": 0.22720953822135925
          },
          {
            "X": 0.6826253533363342,
            "Y": 0.23901867866516113
          },
          {
            "X": 0.6364516019821167,
            "Y": 0.24280083179473877
          }
        ]
      },
      "Id": "aa54901b-67aa-4010-943e-4c6c67510eb5",
      "Relationships": [
        {
          "Type": "CHILD",
          "Ids": [
            "00f262fa-20e6-400e-aecc-4aabb3fab8d7"
          ]
        }
      ],
      "Page": 1
    },
    {
      "BlockType": "LINE",
      "Confidence": 99.4646224975586,
      "Text": "Cloud",
      "Geometry": {
        "BoundingBox": {
          "Width": 0.025041529908776283,
          "Height": 0.008240234106779099,
          "Left": 0.7096185684204102,
          "Top": 0.22099384665489197
        },
        "Polygon": [
          {
            "X": 0.7096185684204102,
            "Y": 0.22306667268276215
          },
          {
            "X": 0.7345715165138245,
            "Y": 0.22099384665489197
          },
          {
            "X": 0.7346601486206055,
            "Y": 0.22717298567295074
          },
          {
            "X": 0.7096921801567078,
            "Y": 0.22923408448696136
          }
        ]
      },
      "Id": "6b962845-4b89-448c-8070-e37e7c5a151f",
      "Relationships": [
        {
          "Type": "CHILD",
          "Ids": [
            "7ea5ead2-6142-4f2d-ae53-04e858805e8c"
          ]
        }
      ],
      "Page": 1
    },
    {
      "BlockType": "LINE",
      "Confidence": 99.8801498413086,
      "Text": "Experience",
      "Geometry": {
        "BoundingBox": {
          "Width": 0.046500012278556824,
          "Height": 0.010947979986667633,
          "Left": 0.7102411985397339,
          "Top": 0.22678135335445404
        },
        "Polygon": [
          {
            "X": 0.7102411985397339,
            "Y": 0.2306046485900879
          },
          {
            "X": 0.7566235065460205,
            "Y": 0.22678135335445404
          },
          {
            "X": 0.7567412257194519,
            "Y": 0.2339312881231308
          },
          {
            "X": 0.7103265523910522,
            "Y": 0.23772934079170227
          }
        ]
      },
      "Id": "9c845c26-bc31-487e-9da3-24e1c0c467bd",
      "Relationships": [
        {
          "Type": "CHILD",
          "Ids": [
            "273adef7-b07c-43c9-9329-cf7cd18faa2f"
          ]
        }
      ],
      "Page": 1
    },
    {
      "BlockType": "LINE",
      "Confidence": 99.94243621826172,
      "Text": "2025",
      "Geometry": {
        "BoundingBox": {
          "Width": 0.021762587130069733,
          "Height": 0.007298282813280821,
          "Left": 0.7102633714675903,
          "Top": 0.23714202642440796
        },
        "Polygon": [
          {
            "X": 0.7102633714675903,
            "Y": 0.23891431093215942
          },
          {
            "X": 0.7319481372833252,
            "Y": 0.23714202642440796
          },
          {
            "X": 0.7320259809494019,
            "Y": 0.24267719686031342
          },
          {
            "X": 0.710329532623291,
            "Y": 0.24444031715393066
          }
        ]
      },
      "Id": "43369755-60da-4c1e-a19a-c76646c6a9bb",
      "Relationships": [
        {
          "Type": "CHILD",
          "Ids": [
            "20e17138-9489-49d7-a2dc-c27ebb684329"
          ]
        }
      ],
      "Page": 1
    },
    {
      "BlockType": "LINE",
      "Confidence": 96.61915588378906,
      "Text": "Previsões no aplicativo e",
      "Geometry": {
        "BoundingBox": {
          "Width": 0.15978963673114777,
          "Height": 0.02478189580142498,
          "Left": 0.14886173605918884,
          "Top": 0.30696675181388855
        },
        "Polygon": [
          {
            "X": 0.14937347173690796,
            "Y": 0.3194947838783264
          },
          {
            "X": 0.3086513578891754,
            "Y": 0.30696675181388855
          },
          {
            "X": 0.30832168459892273,
            "Y": 0.31937867403030396
          },
          {
            "X": 0.14886173605918884,
            "Y": 0.3317486643791199
          }
        ]
      },
      "Id": "e8c43bbb-e3c8-430e-ba8d-4a42184eaa89",
      "Relationships": [
        {
          "Type": "CHILD",
          "Ids": [
            "afadf295-915e-4af9-8d2d-390a7bb39638",
            "dbed021c-644b-4604-b406-6e7c73bf0b2d",
            "9be4aa18-0358-41b7-a8ce-627a6cef76d5",
            "5fbb2a6a-4388-4a02-a0cb-250cab4ce67b"
          ]
        }
      ],
      "Page": 1
    },
    {
      "BlockType": "LINE",
      "Confidence": 49.173152923583984,
      "Text": "ud",
      "Geometry": {
        "BoundingBox": {
          "Width": 0.027936335653066635,
          "Height": 0.014866449870169163,
          "Left": 0,
          "Top": 0.3473513722419739
        },
        "Polygon": [
          {
            "X": 0,
            "Y": 0.3495989143848419
          },
          {
            "X": 0.027936335653066635,
            "Y": 0.3473513722419739
          },
          {
            "X": 0.027262980118393898,
            "Y": 0.3600006401538849
          },
          {
            "X": 0,
            "Y": 0.36221781373023987
          }
        ]
      },
      "Id": "891e69a5-7272-44a6-bd81-15e881151d1f",
      "Relationships": [
        {
          "Type": "CHILD",
          "Ids": [
            "280f4113-46fd-4818-bd2d-907b8abd667a"
          ]
        }
      ],
      "Page": 1
    },
    {
      "BlockType": "LINE",
      "Confidence": 95.7613296508789,
      "Text": "análises hipotéticas",
      "Geometry": {
        "BoundingBox": {
          "Width": 0.1263638287782669,
          "Height": 0.022008685395121574,
          "Left": 0.1471089869737625,
          "Top": 0.326713502407074
        },
        "Polygon": [
          {
            "X": 0.14762376248836517,
            "Y": 0.33642512559890747
          },
          {
            "X": 0.2734728157520294,
            "Y": 0.326713502407074
          },
          {
            "X": 0.27310171723365784,
            "Y": 0.33913615345954895
          },
          {
            "X": 0.1471089869737625,
            "Y": 0.3487221896648407
          }
        ]
      },
      "Id": "c4a9526e-1981-4026-bf5e-e11bcf3ba425",
      "Relationships": [
        {
          "Type": "CHILD",
          "Ids": [
            "bff99c59-b29e-4c23-9ed8-e06e28dfce01",
            "8d71d617-6839-470a-a91b-87c03a8ea8bf"
          ]
        }
      ],
      "Page": 1
    },
    {
      "BlockType": "LINE",
      "Confidence": 50.59119415283203,
      "Text": "perience",
      "Geometry": {
        "BoundingBox": {
          "Width": 0.06794175505638123,
          "Height": 0.018500344827771187,
          "Left": 0,
          "Top": 0.3628879189491272
        },
        "Polygon": [
          {
            "X": 0,
            "Y": 0.36810094118118286
          },
          {
            "X": 0.06794175505638123,
            "Y": 0.3628879189491272
          },
          {
            "X": 0.06728235632181168,
            "Y": 0.3762511610984802
          },
          {
            "X": 0,
            "Y": 0.38138824701309204
          }
        ]
      },
      "Id": "ba7e3a4f-35b5-4688-81ac-3d27e36f844e",
      "Relationships": [
        {
          "Type": "CHILD",
          "Ids": [
            "24d05c87-3773-4a5b-85df-18d10bb31d36"
          ]
        }
      ],
      "Page": 1
    },
    {
      "BlockType": "LINE",
      "Confidence": 97.95880126953125,
      "Text": "Automatize as previsões",
      "Geometry": {
        "BoundingBox": {
          "Width": 0.16024358570575714,
          "Height": 0.024543263018131256,
          "Left": 0.14436812698841095,
          "Top": 0.3469494581222534
        },
        "Polygon": [
          {
            "X": 0.14489492774009705,
            "Y": 0.35895898938179016
          },
          {
            "X": 0.3046117126941681,
            "Y": 0.3469494581222534
          },
          {
            "X": 0.30427086353302,
            "Y": 0.35964611172676086
          },
          {
            "X": 0.14436812698841095,
            "Y": 0.37149274349212646
          }
        ]
      },
      "Id": "81753686-2aa3-490d-81d4-726e73b22cdd",
      "Relationships": [
        {
          "Type": "CHILD",
          "Ids": [
            "4366af3b-aefc-4881-a5ef-69bdfcb1a2bd",
            "19728b33-fee6-4c2a-b52d-cbbae1be0fd7",
            "51f7c4a0-7b28-49a9-aa4f-4ba352bd21b3"
          ]
        }
      ],
      "Page": 1
    },
    {
      "BlockType": "LINE",
      "Confidence": 95.52252197265625,
      "Text": "25",
      "Geometry": {
        "BoundingBox": {
          "Width": 0.01574060320854187,
          "Height": 0.013655241578817368,
          "Left": 0,
          "Top": 0.3868938386440277
        },
        "Polygon": [
          {
            "X": 0,
            "Y": 0.3881891071796417
          },
          {
            "X": 0.01574060320854187,
            "Y": 0.3868938386440277
          },
          {
            "X": 0.015069818124175072,
            "Y": 0.3992718458175659
          },
          {
            "X": 0,
            "Y": 0.4005490839481354
          }
        ]
      },
      "Id": "5ba1da16-318e-4f04-b32c-63a4ef747f56",
      "Relationships": [
        {
          "Type": "CHILD",
          "Ids": [
            "34bf3c2a-4024-48b2-8777-d27f817690ad"
          ]
        }
      ],
      "Page": 1
    },
    {
      "BlockType": "LINE",
      "Confidence": 99.91522216796875,
      "Text": "Automate batch prediction",
      "Geometry": {
        "BoundingBox": {
          "Width": 0.11227916926145554,
          "Height": 0.015271097421646118,
          "Left": 0.4068649411201477,
          "Top": 0.35629943013191223
        },
        "Polygon": [
          {
            "X": 0.40698570013046265,
            "Y": 0.36448803544044495
          },
          {
            "X": 0.5191441178321838,
            "Y": 0.35629943013191223
          },
          {
            "X": 0.5190985202789307,
            "Y": 0.36344513297080994
          },
          {
            "X": 0.4068649411201477,
            "Y": 0.37157052755355835
          }
        ]
      },
      "Id": "52312185-e1d8-421e-a453-de46d9305ad5",
      "Relationships": [
        {
          "Type": "CHILD",
          "Ids": [
            "1923d0db-1407-45be-b596-fb98e1187e74",
            "748adfe7-fc62-4e9d-bb55-0d374ccf5913",
            "d93d8223-bfa4-47f2-980f-0606f6c18773"
          ]
        }
      ],
      "Page": 1
    },
    {
      "BlockType": "LINE",
      "Confidence": 79.07088470458984,
      "Text": "x",
      "Geometry": {
        "BoundingBox": {
          "Width": 0.007131454534828663,
          "Height": 0.005468704737722874,
          "Left": 0.6223793625831604,
          "Top": 0.3476598858833313
        },
        "Polygon": [
          {
            "X": 0.6223793625831604,
            "Y": 0.3481793999671936
          },
          {
            "X": 0.629490315914154,
            "Y": 0.3476598858833313
          },
          {
            "X": 0.6295108199119568,
            "Y": 0.35261183977127075
          },
          {
            "X": 0.6223965287208557,
            "Y": 0.353128582239151
          }
        ]
      },
      "Id": "fd0fbbc0-ae6e-4aa8-8e3f-5f67275a16b2",
      "Relationships": [
        {
          "Type": "CHILD",
          "Ids": [
            "080b28e8-bba3-4856-8bae-a1f803a8c275"
          ]
        }
      ],
      "Page": 1
    },
    {
      "BlockType": "LINE",
      "Confidence": 96.5787353515625,
      "Text": "Select dataset to generate predictions for Every time the selected dataset is",
      "Geometry": {
        "BoundingBox": {
          "Width": 0.2196936011314392,
          "Height": 0.022318942472338676,
          "Left": 0.40700873732566833,
          "Top": 0.36002764105796814
        },
        "Polygon": [
          {
            "X": 0.4071194529533386,
            "Y": 0.3758414685726166
          },
          {
            "X": 0.6266767382621765,
            "Y": 0.36002764105796814
          },
          {
            "X": 0.6267023086547852,
            "Y": 0.366646409034729
          },
          {
            "X": 0.40700873732566833,
            "Y": 0.38234657049179077
          }
        ]
      },
      "Id": "79aea31c-e6d2-41cb-a113-79aff29ee63c",
      "Relationships": [
        {
          "Type": "CHILD",
          "Ids": [
            "be4a076f-a21d-4867-8bfc-d659d8164f2d",
            "8e1a8a08-93f4-49d9-83c9-f626a0a7f421",
            "c788ba1f-1dbe-4aec-bc4a-575ec6cd8ead",
            "1c3a78fd-3937-4440-9a0d-0219ead0aff8",
            "f89acceb-6dfb-4476-8b0f-ddea61ccaabd",
            "865faa75-2416-4052-b707-13a9c0a5fe3d",
            "1d5ad958-086f-44d8-a49f-e9a6f6737ac5",
            "fecb02ee-9702-4502-9fad-cd5e90be8892",
            "456ed36d-8de0-4b55-90c0-264dc4a3d2b6",
            "f0d3be37-6500-4433-921a-f17953abe48f",
            "9de317bc-70dc-449a-8e90-c6fa7e4ece5a",
            "b0dd691d-bc36-478e-90f7-42300632c3f7"
          ]
        }
      ],
      "Page": 1
    },
    {
      "BlockType": "LINE",
      "Confidence": 92.16557312011719,
      "Text": "updated (either manually OF automatically) new automatic batch prediction",
      "Geometry": {
        "BoundingBox": {
          "Width": 0.21977083384990692,
          "Height": 0.021765736863017082,
          "Left": 0.40625616908073425,
          "Top": 0.3671170473098755
        },
        "Polygon": [
          {
            "X": 0.4063599705696106,
            "Y": 0.3828057646751404
          },
          {
            "X": 0.6260035037994385,
            "Y": 0.3671170473098755
          },
          {
            "X": 0.62602698802948,
            "Y": 0.37330037355422974
          },
          {
            "X": 0.40625616908073425,
            "Y": 0.3888827860355377
          }
        ]
      },
      "Id": "ff4eeffa-d132-4e98-b207-e5940a587909",
      "Relationships": [
        {
          "Type": "CHILD",
          "Ids": [
            "71c17c05-ac72-46fb-b5f1-92e7fb1d4e34",
            "1ec106d9-bb68-435c-ba6e-f313a75f5441",
            "5005963a-706e-4f85-baf3-cfaa60a58939",
            "662d9cc3-ab01-49c6-a36e-c7a3d16149f2",
            "3328df26-d9b1-4611-92e7-19633c809a00",
            "c7a55b6d-a8d4-42df-9389-f9de0e574c72",
            "15001196-11ee-4527-8303-86cfb2efe635",
            "523fd3b4-7775-46a3-90fc-620685662ba3",
            "2419c06d-88e4-4a93-90b2-8c51de42eda3"
          ]
        }
      ],
      "Page": 1
    },
    {
      "BlockType": "LINE",
      "Confidence": 88.8558578491211,
      "Text": "job runs",
      "Geometry": {
        "BoundingBox": {
          "Width": 0.02326004020869732,
          "Height": 0.006551647558808327,
          "Left": 0.4059443473815918,
          "Top": 0.38909009099006653
        },
        "Polygon": [
          {
            "X": 0.4060283303260803,
            "Y": 0.3907296657562256
          },
          {
            "X": 0.42920437455177307,
            "Y": 0.38909009099006653
          },
          {
            "X": 0.42913103103637695,
            "Y": 0.3940112292766571
          },
          {
            "X": 0.4059443473815918,
            "Y": 0.3956417441368103
          }
        ]
      },
      "Id": "22859b13-c275-48c2-a5cf-3fd0c5846d7a",
      "Relationships": [
        {
          "Type": "CHILD",
          "Ids": [
            "35a89676-b070-4f94-9525-4842f1f46d7b",
            "d70aa74f-ee9f-4a54-a576-63f86b2bcb06"
          ]
        }
      ],
      "Page": 1
    },
    {
      "BlockType": "LINE",
      "Confidence": 99.1233139038086,
      "Text": "Prediction frequency",
      "Geometry": {
        "BoundingBox": {
          "Width": 0.05812937393784523,
          "Height": 0.009752500802278519,
          "Left": 0.4058285057544708,
          "Top": 0.40018534660339355
        },
        "Polygon": [
          {
            "X": 0.4059261679649353,
            "Y": 0.40422308444976807
          },
          {
            "X": 0.46395787596702576,
            "Y": 0.40018534660339355
          },
          {
            "X": 0.4638913571834564,
            "Y": 0.4059266746044159
          },
          {
            "X": 0.4058285057544708,
            "Y": 0.40993785858154297
          }
        ]
      },
      "Id": "410df8d9-9368-4585-beb7-484a66d6d8ec",
      "Relationships": [
        {
          "Type": "CHILD",
          "Ids": [
            "3ad8e4c9-d168-4cfc-8bc5-aa063a18cf56",
            "bb70f61d-58fd-484f-98b6-3adbe67e452e"
          ]
        }
      ],
      "Page": 1
    },
    {
      "BlockType": "LINE",
      "Confidence": 65.82637786865234,
      "Text": "© Immediate",
      "Geometry": {
        "BoundingBox": {
          "Width": 0.03668292239308357,
          "Height": 0.007950310595333576,
          "Left": 0.40532997250556946,
          "Top": 0.41119593381881714
        },
        "Polygon": [
          {
            "X": 0.40542298555374146,
            "Y": 0.4137118458747864
          },
          {
            "X": 0.44201287627220154,
            "Y": 0.41119593381881714
          },
          {
            "X": 0.44193845987319946,
            "Y": 0.41664624214172363
          },
          {
            "X": 0.40532997250556946,
            "Y": 0.41914623975753784
          }
        ]
      },
      "Id": "1c5d728d-1707-461c-8381-0e2112fdb558",
      "Relationships": [
        {
          "Type": "CHILD",
          "Ids": [
            "ca4d8855-c90b-4f99-9c85-3c4fecfb0153",
            "95450b7a-1618-4d4d-8d20-95085042d4ca"
          ]
        }
      ],
      "Page": 1
    },
    {
      "BlockType": "LINE",
      "Confidence": 98.6401596069336,
      "Text": "Every time the selected dataset is updated",
      "Geometry": {
        "BoundingBox": {
          "Width": 0.11788641661405563,
          "Height": 0.013914460316300392,
          "Left": 0.41467294096946716,
          "Top": 0.41204312443733215
        },
        "Polygon": [
          {
            "X": 0.4147684574127197,
            "Y": 0.4200710654258728
          },
          {
            "X": 0.5325593948364258,
            "Y": 0.41204312443733215
          },
          {
            "X": 0.5325292348861694,
            "Y": 0.41798508167266846
          },
          {
            "X": 0.41467294096946716,
            "Y": 0.425957590341568
          }
        ]
      },
      "Id": "713d2477-a721-421f-a81e-faf8e5c7f6f8",
      "Relationships": [
        {
          "Type": "CHILD",
          "Ids": [
            "ce7a949c-2cba-4e17-a307-34d27862278d",
            "b67f2cdb-522a-4672-aec3-afbc2ce80a2f",
            "be6f7dd3-b5a7-4ef2-a5f7-ec055126d27f",
            "1ada17f0-f082-4e29-8471-b8e9b7c9ed88",
            "0c0f5519-46ec-4878-96a8-c0942b1e96df",
            "de0b548c-92d0-42a4-bf40-2d02bdcdea0f",
            "15d7424e-a5d5-4fdc-8b9b-69a95338603c"
          ]
        }
      ],
      "Page": 1
    },
    {
      "BlockType": "LINE",
      "Confidence": 99.23664093017578,
      "Text": "Select dataset to generate predictions on",
      "Geometry": {
        "BoundingBox": {
          "Width": 0.12073684483766556,
          "Height": 0.014201268553733826,
          "Left": 0.4053134322166443,
          "Top": 0.42652639746665955
        },
        "Polygon": [
          {
            "X": 0.4054180681705475,
            "Y": 0.4346029460430145
          },
          {
            "X": 0.5260502696037292,
            "Y": 0.42652639746665955
          },
          {
            "X": 0.5260151624679565,
            "Y": 0.43271034955978394
          },
          {
            "X": 0.4053134322166443,
            "Y": 0.4407276511192322
          }
        ]
      },
      "Id": "7c00e040-28c1-4679-985a-12f22183b151",
      "Relationships": [
        {
          "Type": "CHILD",
          "Ids": [
            "103c5bc0-938a-4ac1-bb5f-34a2896a30c5",
            "9e941477-aa40-4a24-ba47-9811ac25fcf4",
            "fcec283e-27d0-4f16-9d19-470197d53ce7",
            "7840d05f-0482-405b-9630-3bcff1da76b4",
            "ebf3ae94-4845-415b-b787-09e3aba0311f",
            "6672e0c8-312d-4072-8770-5c6b3ba9a846"
          ]
        }
      ],
      "Page": 1
    },
    {
      "BlockType": "LINE",
      "Confidence": 82.57653045654297,
      "Text": "Select datased",
      "Geometry": {
        "BoundingBox": {
          "Width": 0.035558924078941345,
          "Height": 0.006962754298001528,
          "Left": 0.41072502732276917,
          "Top": 0.4436332881450653
        },
        "Polygon": [
          {
            "X": 0.41080158948898315,
            "Y": 0.44597288966178894
          },
          {
            "X": 0.4462839365005493,
            "Y": 0.4436332881450653
          },
          {
            "X": 0.4462226927280426,
            "Y": 0.4482696056365967
          },
          {
            "X": 0.41072502732276917,
            "Y": 0.45059603452682495
          }
        ]
      },
      "Id": "17decfa8-6aa9-49ab-b4b6-aa24252b4e7d",
      "Relationships": [
        {
          "Type": "CHILD",
          "Ids": [
            "c49482d8-9a0e-484c-9cc9-4ac9f023e77b",
            "cabf4816-152c-4845-a705-9cd937a8fabf"
          ]
        }
      ],
      "Page": 1
    },
    {
      "BlockType": "LINE",
      "Confidence": 92.3053970336914,
      "Text": "Cancel",
      "Geometry": {
        "BoundingBox": {
          "Width": 0.01876729540526867,
          "Height": 0.005837126635015011,
          "Left": 0.5785262584686279,
          "Top": 0.4505249559879303
        },
        "Polygon": [
          {
            "X": 0.5785295367240906,
            "Y": 0.4517349898815155
          },
          {
            "X": 0.5972886085510254,
            "Y": 0.4505249559879303
          },
          {
            "X": 0.597293496131897,
            "Y": 0.45515894889831543
          },
          {
            "X": 0.5785262584686279,
            "Y": 0.4563620984554291
          }
        ]
      },
      "Id": "a662a39b-c47c-429f-97bc-2aa82c144da1",
      "Relationships": [
        {
          "Type": "CHILD",
          "Ids": [
            "29903809-227a-4c10-a8c5-3e4208af3f4b"
          ]
        }
      ],
      "Page": 1
    },
    {
      "BlockType": "WORD",
      "Confidence": 99.91911315917969,
      "Text": "Gere",
      "TextType": "PRINTED",
      "Geometry": {
        "BoundingBox": {
          "Width": 0.03903761878609657,
          "Height": 0.014123227447271347,
          "Left": 0.1422712206840515,
          "Top": 0.2796213924884796
        },
        "Polygon": [
          {
            "X": 0.14273761212825775,
            "Y": 0.2827823758125305
          },
          {
            "X": 0.1813088357448578,
            "Y": 0.2796213924884796
          },
          {
            "X": 0.1808815747499466,
            "Y": 0.29061776399612427
          },
          {
            "X": 0.1422712206840515,
            "Y": 0.29374462366104126
          }
        ]
      },
      "Id": "9cc9382c-4e03-4c24-8cfd-e5813a7c6aee",
      "Page": 1
    },
    {
      "BlockType": "WORD",
      "Confidence": 94.53536987304688,
      "Text": "previsões",
      "TextType": "PRINTED",
      "Geometry": {
        "BoundingBox": {
          "Width": 0.08455877751111984,
          "Height": 0.02406521700322628,
          "Left": 0.1852433681488037,
          "Top": 0.26772576570510864
        },
        "Polygon": [
          {
            "X": 0.1859026998281479,
            "Y": 0.2746356129646301
          },
          {
            "X": 0.26980215311050415,
            "Y": 0.26772576570510864
          },
          {
            "X": 0.2692771852016449,
            "Y": 0.2849968671798706
          },
          {
            "X": 0.1852433681488037,
            "Y": 0.29179099202156067
          }
        ]
      },
      "Id": "ac3d63d6-e962-4777-8c7f-6c28a2e47dda",
      "Page": 1
    },
    {
      "BlockType": "WORD",
      "Confidence": 98.90933227539062,
      "Text": "altamente",
      "TextType": "PRINTED",
      "Geometry": {
        "BoundingBox": {
          "Width": 0.09715161472558975,
          "Height": 0.021439164876937866,
          "Left": 0.2744503319263458,
          "Top": 0.25737109780311584
        },
        "Polygon": [
          {
            "X": 0.27485284209251404,
            "Y": 0.2653557360172272
          },
          {
            "X": 0.371601939201355,
            "Y": 0.25737109780311584
          },
          {
            "X": 0.3713222146034241,
            "Y": 0.2709292471408844
          },
          {
            "X": 0.2744503319263458,
            "Y": 0.2788102626800537
          }
        ]
      },
      "Id": "3864892b-d1ff-4af7-a378-b307e7f07c9d",
      "Page": 1
    },
    {
      "BlockType": "WORD",
      "Confidence": 99.67012023925781,
      "Text": "precisas",
      "TextType": "PRINTED",
      "Geometry": {
        "BoundingBox": {
          "Width": 0.0799955427646637,
          "Height": 0.023922182619571686,
          "Left": 0.37692373991012573,
          "Top": 0.24686238169670105
        },
        "Polygon": [
          {
            "X": 0.3772718608379364,
            "Y": 0.25345945358276367
          },
          {
            "X": 0.45691928267478943,
            "Y": 0.24686238169670105
          },
          {
            "X": 0.45670247077941895,
            "Y": 0.2642963230609894
          },
          {
            "X": 0.37692373991012573,
            "Y": 0.27078455686569214
          }
        ]
      },
      "Id": "1a09d4c8-047e-4eec-ae17-c2796f3722f3",
      "Page": 1
    },
    {
      "BlockType": "WORD",
      "Confidence": 95.88846588134766,
      "Text": "aws",
      "TextType": "PRINTED",
      "Geometry": {
        "BoundingBox": {
          "Width": 0.046230826526880264,
          "Height": 0.015591297298669815,
          "Left": 0.6363945007324219,
          "Top": 0.22720953822135925
        },
        "Polygon": [
          {
            "X": 0.6363945007324219,
            "Y": 0.23103342950344086
          },
          {
            "X": 0.6825154423713684,
            "Y": 0.22720953822135925
          },
          {
            "X": 0.6826253533363342,
            "Y": 0.23901867866516113
          },
          {
            "X": 0.6364516019821167,
            "Y": 0.24280083179473877
          }
        ]
      },
      "Id": "00f262fa-20e6-400e-aecc-4aabb3fab8d7",
      "Page": 1
    },
    {
      "BlockType": "WORD",
      "Confidence": 99.4646224975586,
      "Text": "Cloud",
      "TextType": "PRINTED",
      "Geometry": {
        "BoundingBox": {
          "Width": 0.025041529908776283,
          "Height": 0.008240234106779099,
          "Left": 0.7096185684204102,
          "Top": 0.22099384665489197
        },
        "Polygon": [
          {
            "X": 0.7096185684204102,
            "Y": 0.22306667268276215
          },
          {
            "X": 0.7345715165138245,
            "Y": 0.22099384665489197
          },
          {
            "X": 0.7346601486206055,
            "Y": 0.22717298567295074
          },
          {
            "X": 0.7096921801567078,
            "Y": 0.22923408448696136
          }
        ]
      },
      "Id": "7ea5ead2-6142-4f2d-ae53-04e858805e8c",
      "Page": 1
    },
    {
      "BlockType": "WORD",
      "Confidence": 99.8801498413086,
      "Text": "Experience",
      "TextType": "PRINTED",
      "Geometry": {
        "BoundingBox": {
          "Width": 0.046500012278556824,
          "Height": 0.010947979986667633,
          "Left": 0.7102411985397339,
          "Top": 0.22678135335445404
        },
        "Polygon": [
          {
            "X": 0.7102411985397339,
            "Y": 0.2306046485900879
          },
          {
            "X": 0.7566235065460205,
            "Y": 0.22678135335445404
          },
          {
            "X": 0.7567412257194519,
            "Y": 0.2339312881231308
          },
          {
            "X": 0.7103265523910522,
            "Y": 0.23772934079170227
          }
        ]
      },
      "Id": "273adef7-b07c-43c9-9329-cf7cd18faa2f",
      "Page": 1
    },
    {
      "BlockType": "WORD",
      "Confidence": 99.94243621826172,
      "Text": "2025",
      "TextType": "PRINTED",
      "Geometry": {
        "BoundingBox": {
          "Width": 0.021762587130069733,
          "Height": 0.007298282813280821,
          "Left": 0.7102633714675903,
          "Top": 0.23714202642440796
        },
        "Polygon": [
          {
            "X": 0.7102633714675903,
            "Y": 0.23891431093215942
          },
          {
            "X": 0.7319481372833252,
            "Y": 0.23714202642440796
          },
          {
            "X": 0.7320259809494019,
            "Y": 0.24267719686031342
          },
          {
            "X": 0.710329532623291,
            "Y": 0.24444031715393066
          }
        ]
      },
      "Id": "20e17138-9489-49d7-a2dc-c27ebb684329",
      "Page": 1
    },
    {
      "BlockType": "WORD",
      "Confidence": 87.5982437133789,
      "Text": "Previsões",
      "TextType": "PRINTED",
      "Geometry": {
        "BoundingBox": {
          "Width": 0.05932333320379257,
          "Height": 0.015211951918900013,
          "Left": 0.14886687695980072,
          "Top": 0.31641361117362976
        },
        "Polygon": [
          {
            "X": 0.14930906891822815,
            "Y": 0.3210369050502777
          },
          {
            "X": 0.2081902027130127,
            "Y": 0.31641361117362976
          },
          {
            "X": 0.20780563354492188,
            "Y": 0.3270528018474579
          },
          {
            "X": 0.14886687695980072,
            "Y": 0.3316255807876587
          }
        ]
      },
      "Id": "afadf295-915e-4af9-8d2d-390a7bb39638",
      "Page": 1
    },
    {
      "BlockType": "WORD",
      "Confidence": 99.919189453125,
      "Text": "no",
      "TextType": "PRINTED",
      "Geometry": {
        "BoundingBox": {
          "Width": 0.01681763306260109,
          "Height": 0.008739681914448738,
          "Left": 0.21146084368228912,
          "Top": 0.3164529502391815
        },
        "Polygon": [
          {
            "X": 0.2117273062467575,
            "Y": 0.3177501857280731
          },
          {
            "X": 0.22827847301959991,
            "Y": 0.3164529502391815
          },
          {
            "X": 0.22802340984344482,
            "Y": 0.3239053189754486
          },
          {
            "X": 0.21146084368228912,
            "Y": 0.3251926302909851
          }
        ]
      },
      "Id": "dbed021c-644b-4604-b406-6e7c73bf0b2d",
      "Page": 1
    },
    {
      "BlockType": "WORD",
      "Confidence": 99.25727844238281,
      "Text": "aplicativo",
      "TextType": "PRINTED",
      "Geometry": {
        "BoundingBox": {
          "Width": 0.06523433327674866,
          "Height": 0.01743355579674244,
          "Left": 0.2311261147260666,
          "Top": 0.307933509349823
        },
        "Polygon": [
          {
            "X": 0.2315445840358734,
            "Y": 0.3130316138267517
          },
          {
            "X": 0.29636046290397644,
            "Y": 0.307933509349823
          },
          {
            "X": 0.29601654410362244,
            "Y": 0.32033324241638184
          },
          {
            "X": 0.2311261147260666,
            "Y": 0.3253670632839203
          }
        ]
      },
      "Id": "9be4aa18-0358-41b7-a8ce-627a6cef76d5",
      "Page": 1
    },
    {
      "BlockType": "WORD",
      "Confidence": 99.70189666748047,
      "Text": "e",
      "TextType": "PRINTED",
      "Geometry": {
        "BoundingBox": {
          "Width": 0.008058258332312107,
          "Height": 0.007698542904108763,
          "Left": 0.30053991079330444,
          "Top": 0.30896997451782227
        },
        "Polygon": [
          {
            "X": 0.3007332980632782,
            "Y": 0.3095872104167938
          },
          {
            "X": 0.3085981607437134,
            "Y": 0.30896997451782227
          },
          {
            "X": 0.3084099590778351,
            "Y": 0.3160557150840759
          },
          {
            "X": 0.30053991079330444,
            "Y": 0.3166685104370117
          }
        ]
      },
      "Id": "5fbb2a6a-4388-4a02-a0cb-250cab4ce67b",
      "Page": 1
    },
    {
      "BlockType": "WORD",
      "Confidence": 49.173152923583984,
      "Text": "ud",
      "TextType": "PRINTED",
      "Geometry": {
        "BoundingBox": {
          "Width": 0.027936335653066635,
          "Height": 0.014866449870169163,
          "Left": 0,
          "Top": 0.3473513722419739
        },
        "Polygon": [
          {
            "X": 0,
            "Y": 0.3495989143848419
          },
          {
            "X": 0.027936335653066635,
            "Y": 0.3473513722419739
          },
          {
            "X": 0.027262980118393898,
            "Y": 0.3600006401538849
          },
          {
            "X": 0,
            "Y": 0.36221781373023987
          }
        ]
      },
      "Id": "280f4113-46fd-4818-bd2d-907b8abd667a",
      "Page": 1
    },
    {
      "BlockType": "WORD",
      "Confidence": 94.85224151611328,
      "Text": "análises",
      "TextType": "PRINTED",
      "Geometry": {
        "BoundingBox": {
          "Width": 0.05020422488451004,
          "Height": 0.014319376088678837,
          "Left": 0.14713773131370544,
          "Top": 0.3337162733078003
        },
        "Polygon": [
          {
            "X": 0.14757660031318665,
            "Y": 0.33755165338516235
          },
          {
            "X": 0.1973419487476349,
            "Y": 0.3337162733078003
          },
          {
            "X": 0.19695118069648743,
            "Y": 0.3442426323890686
          },
          {
            "X": 0.14713773131370544,
            "Y": 0.34803566336631775
          }
        ]
      },
      "Id": "bff99c59-b29e-4c23-9ed8-e06e28dfce01",
      "Page": 1
    },
    {
      "BlockType": "WORD",
      "Confidence": 96.67041778564453,
      "Text": "hipotéticas",
      "TextType": "PRINTED",
      "Geometry": {
        "BoundingBox": {
          "Width": 0.072535939514637,
          "Height": 0.017913248389959335,
          "Left": 0.20093688368797302,
          "Top": 0.326713502407074
        },
        "Polygon": [
          {
            "X": 0.20139066874980927,
            "Y": 0.33227598667144775
          },
          {
            "X": 0.2734728157520294,
            "Y": 0.326713502407074
          },
          {
            "X": 0.27310171723365784,
            "Y": 0.33913615345954895
          },
          {
            "X": 0.20093688368797302,
            "Y": 0.3446267545223236
          }
        ]
      },
      "Id": "8d71d617-6839-470a-a91b-87c03a8ea8bf",
      "Page": 1
    },
    {
      "BlockType": "WORD",
      "Confidence": 50.59119415283203,
      "Text": "perience",
      "TextType": "PRINTED",
      "Geometry": {
        "BoundingBox": {
          "Width": 0.06794175505638123,
          "Height": 0.018500344827771187,
          "Left": 0,
          "Top": 0.3628879189491272
        },
        "Polygon": [
          {
            "X": 0,
            "Y": 0.36810094118118286
          },
          {
            "X": 0.06794175505638123,
            "Y": 0.3628879189491272
          },
          {
            "X": 0.06728235632181168,
            "Y": 0.3762511610984802
          },
          {
            "X": 0,
            "Y": 0.38138824701309204
          }
        ]
      },
      "Id": "24d05c87-3773-4a5b-85df-18d10bb31d36",
      "Page": 1
    },
    {
      "BlockType": "WORD",
      "Confidence": 99.72252655029297,
      "Text": "Automatize",
      "TextType": "PRINTED",
      "Geometry": {
        "BoundingBox": {
          "Width": 0.07489705085754395,
          "Height": 0.01570451445877552,
          "Left": 0.14442817866802216,
          "Top": 0.35435935854911804
        },
        "Polygon": [
          {
            "X": 0.14485317468643188,
            "Y": 0.35995256900787354
          },
          {
            "X": 0.2193252295255661,
            "Y": 0.35435935854911804
          },
          {
            "X": 0.2189696580171585,
            "Y": 0.3645319640636444
          },
          {
            "X": 0.14442817866802216,
            "Y": 0.3700638711452484
          }
        ]
      },
      "Id": "4366af3b-aefc-4881-a5ef-69bdfcb1a2bd",
      "Page": 1
    },
    {
      "BlockType": "WORD",
      "Confidence": 99.92501831054688,
      "Text": "as",
      "TextType": "PRINTED",
      "Geometry": {
        "BoundingBox": {
          "Width": 0.014282658696174622,
          "Height": 0.008655735291540623,
          "Left": 0.22273825109004974,
          "Top": 0.35490649938583374
        },
        "Polygon": [
          {
            "X": 0.2230013757944107,
            "Y": 0.35595712065696716
          },
          {
            "X": 0.23702090978622437,
            "Y": 0.35490649938583374
          },
          {
            "X": 0.23676761984825134,
            "Y": 0.3625202178955078
          },
          {
            "X": 0.22273825109004974,
            "Y": 0.3635622262954712
          }
        ]
      },
      "Id": "19728b33-fee6-4c2a-b52d-cbbae1be0fd7",
      "Page": 1
    },
    {
      "BlockType": "WORD",
      "Confidence": 94.22886657714844,
      "Text": "previsões",
      "TextType": "PRINTED",
      "Geometry": {
        "BoundingBox": {
          "Width": 0.06369804590940475,
          "Height": 0.017390543594956398,
          "Left": 0.24091367423534393,
          "Top": 0.3469494581222534
        },
        "Polygon": [
          {
            "X": 0.24132883548736572,
            "Y": 0.3517078757286072
          },
          {
            "X": 0.3046117126941681,
            "Y": 0.3469494581222534
          },
          {
            "X": 0.30427086353302,
            "Y": 0.35964611172676086
          },
          {
            "X": 0.24091367423534393,
            "Y": 0.36434000730514526
          }
        ]
      },
      "Id": "51f7c4a0-7b28-49a9-aa4f-4ba352bd21b3",
      "Page": 1
    },
    {
      "BlockType": "WORD",
      "Confidence": 95.52252197265625,
      "Text": "25",
      "TextType": "PRINTED",
      "Geometry": {
        "BoundingBox": {
          "Width": 0.01574060320854187,
          "Height": 0.013655241578817368,
          "Left": 0,
          "Top": 0.3868938386440277
        },
        "Polygon": [
          {
            "X": 0,
            "Y": 0.3881891071796417
          },
          {
            "X": 0.01574060320854187,
            "Y": 0.3868938386440277
          },
          {
            "X": 0.015069818124175072,
            "Y": 0.3992718458175659
          },
          {
            "X": 0,
            "Y": 0.4005490839481354
          }
        ]
      },
      "Id": "34bf3c2a-4024-48b2-8777-d27f817690ad",
      "Page": 1
    },
    {
      "BlockType": "WORD",
      "Confidence": 99.87998962402344,
      "Text": "Automate",
      "TextType": "PRINTED",
      "Geometry": {
        "BoundingBox": {
          "Width": 0.04055154696106911,
          "Height": 0.008752739988267422,
          "Left": 0.40687644481658936,
          "Top": 0.36214300990104675
        },
        "Polygon": [
          {
            "X": 0.4069753587245941,
            "Y": 0.36509430408477783
          },
          {
            "X": 0.44742798805236816,
            "Y": 0.36214300990104675
          },
          {
            "X": 0.4473511278629303,
            "Y": 0.36796313524246216
          },
          {
            "X": 0.40687644481658936,
            "Y": 0.37089574337005615
          }
        ]
      },
      "Id": "1923d0db-1407-45be-b596-fb98e1187e74",
      "Page": 1
    },
    {
      "BlockType": "WORD",
      "Confidence": 99.94122314453125,
      "Text": "batch",
      "TextType": "PRINTED",
      "Geometry": {
        "BoundingBox": {
          "Width": 0.02330324426293373,
          "Height": 0.007635131943970919,
          "Left": 0.4497806429862976,
          "Top": 0.35985004901885986
        },
        "Polygon": [
          {
            "X": 0.4498576819896698,
            "Y": 0.3615453839302063
          },
          {
            "X": 0.47308388352394104,
            "Y": 0.35985004901885986
          },
          {
            "X": 0.4730198383331299,
            "Y": 0.36580076813697815
          },
          {
            "X": 0.4497806429862976,
            "Y": 0.3674851655960083
          }
        ]
      },
      "Id": "748adfe7-fc62-4e9d-bb55-0d374ccf5913",
      "Page": 1
    },
    {
      "BlockType": "WORD",
      "Confidence": 99.9244384765625,
      "Text": "prediction",
      "TextType": "PRINTED",
      "Geometry": {
        "BoundingBox": {
          "Width": 0.043713971972465515,
          "Height": 0.010307173244655132,
          "Left": 0.47543013095855713,
          "Top": 0.35629943013191223
        },
        "Polygon": [
          {
            "X": 0.47550511360168457,
            "Y": 0.3594854772090912
          },
          {
            "X": 0.5191441178321838,
            "Y": 0.35629943013191223
          },
          {
            "X": 0.5190985202789307,
            "Y": 0.36344513297080994
          },
          {
            "X": 0.47543013095855713,
            "Y": 0.36660662293434143
          }
        ]
      },
      "Id": "d93d8223-bfa4-47f2-980f-0606f6c18773",
      "Page": 1
    },
    {
      "BlockType": "WORD",
      "Confidence": 79.07088470458984,
      "Text": "x",
      "TextType": "PRINTED",
      "Geometry": {
        "BoundingBox": {
          "Width": 0.007131454534828663,
          "Height": 0.005468704737722874,
          "Left": 0.6223793625831604,
          "Top": 0.3476598858833313
        },
        "Polygon": [
          {
            "X": 0.6223793625831604,
            "Y": 0.3481793999671936
          },
          {
            "X": 0.629490315914154,
            "Y": 0.3476598858833313
          },
          {
            "X": 0.6295108199119568,
            "Y": 0.35261183977127075
          },
          {
            "X": 0.6223965287208557,
            "Y": 0.353128582239151
          }
        ]
      },
      "Id": "080b28e8-bba3-4856-8bae-a1f803a8c275",
      "Page": 1
    },
    {
      "BlockType": "WORD",
      "Confidence": 98.20955657958984,
      "Text": "Select",
      "TextType": "PRINTED",
      "Geometry": {
        "BoundingBox": {
          "Width": 0.01708533987402916,
          "Height": 0.005630286410450935,
          "Left": 0.40702441334724426,
          "Top": 0.3757941424846649
        },
        "Polygon": [
          {
            "X": 0.4070994257926941,
            "Y": 0.377017617225647
          },
          {
            "X": 0.4241097569465637,
            "Y": 0.3757941424846649
          },
          {
            "X": 0.4240417778491974,
            "Y": 0.3802069425582886
          },
          {
            "X": 0.40702441334724426,
            "Y": 0.3814244270324707
          }
        ]
      },
      "Id": "be4a076f-a21d-4867-8bfc-d659d8164f2d",
      "Page": 1
    },
    {
      "BlockType": "WORD",
      "Confidence": 93.94798278808594,
      "Text": "dataset",
      "TextType": "PRINTED",
      "Geometry": {
        "BoundingBox": {
          "Width": 0.0205996036529541,
          "Height": 0.006080742459744215,
          "Left": 0.428551584482193,
          "Top": 0.3739587068557739
        },
        "Polygon": [
          {
            "X": 0.42862051725387573,
            "Y": 0.3754354417324066
          },
          {
            "X": 0.4491511881351471,
            "Y": 0.3739587068557739
          },
          {
            "X": 0.4490911066532135,
            "Y": 0.3785702586174011
          },
          {
            "X": 0.428551584482193,
            "Y": 0.3800394535064697
          }
        ]
      },
      "Id": "8e1a8a08-93f4-49d9-83c9-f626a0a7f421",
      "Page": 1
    },
    {
      "BlockType": "WORD",
      "Confidence": 96.53275299072266,
      "Text": "to",
      "TextType": "PRINTED",
      "Geometry": {
        "BoundingBox": {
          "Width": 0.006266494281589985,
          "Height": 0.004826541990041733,
          "Left": 0.45070338249206543,
          "Top": 0.373786598443985
        },
        "Polygon": [
          {
            "X": 0.45075976848602295,
            "Y": 0.37423306703567505
          },
          {
            "X": 0.45696988701820374,
            "Y": 0.373786598443985
          },
          {
            "X": 0.45691606402397156,
            "Y": 0.37816882133483887
          },
          {
            "X": 0.45070338249206543,
            "Y": 0.378613144159317
          }
        ]
      },
      "Id": "c788ba1f-1dbe-4aec-bc4a-575ec6cd8ead",
      "Page": 1
    },
    {
      "BlockType": "WORD",
      "Confidence": 97.1646728515625,
      "Text": "generate",
      "TextType": "PRINTED",
      "Geometry": {
        "BoundingBox": {
          "Width": 0.0246216282248497,
          "Height": 0.006598623935133219,
          "Left": 0.4579179883003235,
          "Top": 0.3721098005771637
        },
        "Polygon": [
          {
            "X": 0.4579768776893616,
            "Y": 0.37387534976005554
          },
          {
            "X": 0.4825396239757538,
            "Y": 0.3721098005771637
          },
          {
            "X": 0.4824919104576111,
            "Y": 0.37695226073265076
          },
          {
            "X": 0.4579179883003235,
            "Y": 0.3787084221839905
          }
        ]
      },
      "Id": "1c3a78fd-3937-4440-9a0d-0219ead0aff8",
      "Page": 1
    },
    {
      "BlockType": "WORD",
      "Confidence": 95.83357238769531,
      "Text": "predictions",
      "TextType": "PRINTED",
      "Geometry": {
        "BoundingBox": {
          "Width": 0.031169304624199867,
          "Height": 0.0076720803044736385,
          "Left": 0.48421257734298706,
          "Top": 0.36881813406944275
        },
        "Polygon": [
          {
            "X": 0.48426520824432373,
            "Y": 0.37105727195739746
          },
          {
            "X": 0.5153818726539612,
            "Y": 0.36881813406944275
          },
          {
            "X": 0.5153452157974243,
            "Y": 0.3742644488811493
          },
          {
            "X": 0.48421257734298706,
            "Y": 0.37649020552635193
          }
        ]
      },
      "Id": "f89acceb-6dfb-4476-8b0f-ddea61ccaabd",
      "Page": 1
    },
    {
      "BlockType": "WORD",
      "Confidence": 96.0500259399414,
      "Text": "for",
      "TextType": "PRINTED",
      "Geometry": {
        "BoundingBox": {
          "Width": 0.008589728735387325,
          "Height": 0.005384857300668955,
          "Left": 0.5170107483863831,
          "Top": 0.36805009841918945
        },
        "Polygon": [
          {
            "X": 0.5170421004295349,
            "Y": 0.36866599321365356
          },
          {
            "X": 0.5256004929542542,
            "Y": 0.36805009841918945
          },
          {
            "X": 0.5255730152130127,
            "Y": 0.3728223145008087
          },
          {
            "X": 0.5170107483863831,
            "Y": 0.37343496084213257
          }
        ]
      },
      "Id": "865faa75-2416-4052-b707-13a9c0a5fe3d",
      "Page": 1
    },
    {
      "BlockType": "WORD",
      "Confidence": 97.76725769042969,
      "Text": "Every",
      "TextType": "PRINTED",
      "Geometry": {
        "BoundingBox": {
          "Width": 0.016291683539748192,
          "Height": 0.006573200225830078,
          "Left": 0.5276142954826355,
          "Top": 0.3666413426399231
        },
        "Polygon": [
          {
            "X": 0.5276443362236023,
            "Y": 0.3678116798400879
          },
          {
            "X": 0.5439059734344482,
            "Y": 0.3666413426399231
          },
          {
            "X": 0.5438842177391052,
            "Y": 0.37205109000205994
          },
          {
            "X": 0.5276142954826355,
            "Y": 0.3732145428657532
          }
        ]
      },
      "Id": "1d5ad958-086f-44d8-a49f-e9a6f6737ac5",
      "Page": 1
    },
    {
      "BlockType": "WORD",
      "Confidence": 97.77581787109375,
      "Text": "time",
      "TextType": "PRINTED",
      "Geometry": {
        "BoundingBox": {
          "Width": 0.012805665843188763,
          "Height": 0.005546115804463625,
          "Left": 0.5455242991447449,
          "Top": 0.3655431866645813
        },
        "Polygon": [
          {
            "X": 0.5455421209335327,
            "Y": 0.3664635717868805
          },
          {
            "X": 0.5583299994468689,
            "Y": 0.3655431866645813
          },
          {
            "X": 0.5583177208900452,
            "Y": 0.37017354369163513
          },
          {
            "X": 0.5455242991447449,
            "Y": 0.37108927965164185
          }
        ]
      },
      "Id": "fecb02ee-9702-4502-9fad-cd5e90be8892",
      "Page": 1
    },
    {
      "BlockType": "WORD",
      "Confidence": 99.1781997680664,
      "Text": "the",
      "TextType": "PRINTED",
      "Geometry": {
        "BoundingBox": {
          "Width": 0.009128437377512455,
          "Height": 0.005129494238644838,
          "Left": 0.5602296590805054,
          "Top": 0.364671915769577
        },
        "Polygon": [
          {
            "X": 0.560240626335144,
            "Y": 0.36532819271087646
          },
          {
            "X": 0.5693580508232117,
            "Y": 0.364671915769577
          },
          {
            "X": 0.5693509578704834,
            "Y": 0.369148313999176
          },
          {
            "X": 0.5602296590805054,
            "Y": 0.36980140209198
          }
        ]
      },
      "Id": "456ed36d-8de0-4b55-90c0-264dc4a3d2b6",
      "Page": 1
    },
    {
      "BlockType": "WORD",
      "Confidence": 99.69573211669922,
      "Text": "selected",
      "TextType": "PRINTED",
      "Geometry": {
        "BoundingBox": {
          "Width": 0.024893494322896004,
          "Height": 0.006964827887713909,
          "Left": 0.5711430311203003,
          "Top": 0.362234890460968
        },
        "Polygon": [
          {
            "X": 0.5711503624916077,
            "Y": 0.3640269935131073
          },
          {
            "X": 0.5960316061973572,
            "Y": 0.362234890460968
          },
          {
            "X": 0.5960365533828735,
            "Y": 0.36741772294044495
          },
          {
            "X": 0.5711430311203003,
            "Y": 0.3691997230052948
          }
        ]
      },
      "Id": "f0d3be37-6500-4433-921a-f17953abe48f",
      "Page": 1
    },
    {
      "BlockType": "WORD",
      "Confidence": 98.10187530517578,
      "Text": "dataset",
      "TextType": "PRINTED",
      "Geometry": {
        "BoundingBox": {
          "Width": 0.021764950826764107,
          "Height": 0.0065584322437644005,
          "Left": 0.5977539420127869,
          "Top": 0.3605630397796631
        },
        "Polygon": [
          {
            "X": 0.5977539420127869,
            "Y": 0.3621295094490051
          },
          {
            "X": 0.6195029616355896,
            "Y": 0.3605630397796631
          },
          {
            "X": 0.6195189356803894,
            "Y": 0.3655635118484497
          },
          {
            "X": 0.5977595448493958,
            "Y": 0.36712148785591125
          }
        ]
      },
      "Id": "9de317bc-70dc-449a-8e90-c6fa7e4ece5a",
      "Page": 1
    },
    {
      "BlockType": "WORD",
      "Confidence": 88.68740844726562,
      "Text": "is",
      "TextType": "PRINTED",
      "Geometry": {
        "BoundingBox": {
          "Width": 0.005930313840508461,
          "Height": 0.005017187912017107,
          "Left": 0.6207652688026428,
          "Top": 0.3603057265281677
        },
        "Polygon": [
          {
            "X": 0.6207652688026428,
            "Y": 0.36073145270347595
          },
          {
            "X": 0.6266778111457825,
            "Y": 0.3603057265281677
          },
          {
            "X": 0.6266955733299255,
            "Y": 0.36489933729171753
          },
          {
            "X": 0.6207804679870605,
            "Y": 0.36532291769981384
          }
        ]
      },
      "Id": "b0dd691d-bc36-478e-90f7-42300632c3f7",
      "Page": 1
    },
    {
      "BlockType": "WORD",
      "Confidence": 99.51921844482422,
      "Text": "updated",
      "TextType": "PRINTED",
      "Geometry": {
        "BoundingBox": {
          "Width": 0.022826755419373512,
          "Height": 0.006206717807799578,
          "Left": 0.40626317262649536,
          "Top": 0.38226625323295593
        },
        "Polygon": [
          {
            "X": 0.40634146332740784,
            "Y": 0.38388901948928833
          },
          {
            "X": 0.4290899336338043,
            "Y": 0.38226625323295593
          },
          {
            "X": 0.4290213882923126,
            "Y": 0.3868585526943207
          },
          {
            "X": 0.40626317262649536,
            "Y": 0.3884729743003845
          }
        ]
      },
      "Id": "71c17c05-ac72-46fb-b5f1-92e7fb1d4e34",
      "Page": 1
    },
    {
      "BlockType": "WORD",
      "Confidence": 95.2535171508789,
      "Text": "(either",
      "TextType": "PRINTED",
      "Geometry": {
        "BoundingBox": {
          "Width": 0.01754673942923546,
          "Height": 0.006131194531917572,
          "Left": 0.4308512210845947,
          "Top": 0.3808861970901489
        },
        "Polygon": [
          {
            "X": 0.4309232532978058,
            "Y": 0.38213276863098145
          },
          {
            "X": 0.4483979344367981,
            "Y": 0.3808861970901489
          },
          {
            "X": 0.4483339190483093,
            "Y": 0.38577762246131897
          },
          {
            "X": 0.4308512210845947,
            "Y": 0.3870173990726471
          }
        ]
      },
      "Id": "1ec106d9-bb68-435c-ba6e-f313a75f5441",
      "Page": 1
    },
    {
      "BlockType": "WORD",
      "Confidence": 99.47032165527344,
      "Text": "manually",
      "TextType": "PRINTED",
      "Geometry": {
        "BoundingBox": {
          "Width": 0.02534491941332817,
          "Height": 0.006961447652429342,
          "Left": 0.44949787855148315,
          "Top": 0.3788553774356842
        },
        "Polygon": [
          {
            "X": 0.4495648145675659,
            "Y": 0.3806588649749756
          },
          {
            "X": 0.47484278678894043,
            "Y": 0.3788553774356842
          },
          {
            "X": 0.4747881293296814,
            "Y": 0.38402366638183594
          },
          {
            "X": 0.44949787855148315,
            "Y": 0.3858168125152588
          }
        ]
      },
      "Id": "5005963a-706e-4f85-baf3-cfaa60a58939",
      "Page": 1
    },
    {
      "BlockType": "WORD",
      "Confidence": 55.1238899230957,
      "Text": "OF",
      "TextType": "PRINTED",
      "Geometry": {
        "BoundingBox": {
          "Width": 0.005999988876283169,
          "Height": 0.004220275208353996,
          "Left": 0.47631701827049255,
          "Top": 0.37916848063468933
        },
        "Polygon": [
          {
            "X": 0.4763565957546234,
            "Y": 0.3795933127403259
          },
          {
            "X": 0.4823170006275177,
            "Y": 0.37916848063468933
          },
          {
            "X": 0.48227953910827637,
            "Y": 0.38296571373939514
          },
          {
            "X": 0.47631701827049255,
            "Y": 0.3833887577056885
          }
        ]
      },
      "Id": "662d9cc3-ab01-49c6-a36e-c7a3d16149f2",
      "Page": 1
    },
    {
      "BlockType": "WORD",
      "Confidence": 85.80453491210938,
      "Text": "automatically)",
      "TextType": "PRINTED",
      "Geometry": {
        "BoundingBox": {
          "Width": 0.04113062098622322,
          "Height": 0.00876879133284092,
          "Left": 0.483845591545105,
          "Top": 0.3745846152305603
        },
        "Polygon": [
          {
            "X": 0.4839022755622864,
            "Y": 0.37751755118370056
          },
          {
            "X": 0.5249761939048767,
            "Y": 0.3745846152305603
          },
          {
            "X": 0.52494215965271,
            "Y": 0.380439430475235
          },
          {
            "X": 0.483845591545105,
            "Y": 0.38335341215133667
          }
        ]
      },
      "Id": "3328df26-d9b1-4611-92e7-19633c809a00",
      "Page": 1
    },
    {
      "BlockType": "WORD",
      "Confidence": 96.44672393798828,
      "Text": "new",
      "TextType": "PRINTED",
      "Geometry": {
        "BoundingBox": {
          "Width": 0.011841995641589165,
          "Height": 0.004949703812599182,
          "Left": 0.532108724117279,
          "Top": 0.37422487139701843
        },
        "Polygon": [
          {
            "X": 0.5321297645568848,
            "Y": 0.37506797909736633
          },
          {
            "X": 0.5439507365226746,
            "Y": 0.37422487139701843
          },
          {
            "X": 0.5439342856407166,
            "Y": 0.3783353269100189
          },
          {
            "X": 0.532108724117279,
            "Y": 0.3791745901107788
          }
        ]
      },
      "Id": "c7a55b6d-a8d4-42df-9389-f9de0e574c72",
      "Page": 1
    },
    {
      "BlockType": "WORD",
      "Confidence": 98.86119079589844,
      "Text": "automatic",
      "TextType": "PRINTED",
      "Geometry": {
        "BoundingBox": {
          "Width": 0.028543181717395782,
          "Height": 0.007146133575588465,
          "Left": 0.5458394885063171,
          "Top": 0.3712274730205536
        },
        "Polygon": [
          {
            "X": 0.5458590388298035,
            "Y": 0.3732638359069824
          },
          {
            "X": 0.5743827223777771,
            "Y": 0.3712274730205536
          },
          {
            "X": 0.5743770003318787,
            "Y": 0.37634873390197754
          },
          {
            "X": 0.5458394885063171,
            "Y": 0.3783735930919647
          }
        ]
      },
      "Id": "15001196-11ee-4527-8303-86cfb2efe635",
      "Page": 1
    },
    {
      "BlockType": "WORD",
      "Confidence": 99.71952056884766,
      "Text": "batch",
      "TextType": "PRINTED",
      "Geometry": {
        "BoundingBox": {
          "Width": 0.016842756420373917,
          "Height": 0.006142239086329937,
          "Left": 0.5764660239219666,
          "Top": 0.3695673644542694
        },
        "Polygon": [
          {
            "X": 0.5764704942703247,
            "Y": 0.3707697093486786
          },
          {
            "X": 0.5933053493499756,
            "Y": 0.3695673644542694
          },
          {
            "X": 0.5933087468147278,
            "Y": 0.3745138347148895
          },
          {
            "X": 0.5764660239219666,
            "Y": 0.3757096230983734
          }
        ]
      },
      "Id": "523fd3b4-7775-46a3-90fc-620685662ba3",
      "Page": 1
    },
    {
      "BlockType": "WORD",
      "Confidence": 99.29124450683594,
      "Text": "prediction",
      "TextType": "PRINTED",
      "Geometry": {
        "BoundingBox": {
          "Width": 0.031109966337680817,
          "Height": 0.007901561446487904,
          "Left": 0.5949151515960693,
          "Top": 0.3671170473098755
        },
        "Polygon": [
          {
            "X": 0.5949151515960693,
            "Y": 0.36933761835098267
          },
          {
            "X": 0.6260035037994385,
            "Y": 0.3671170473098755
          },
          {
            "X": 0.6260251402854919,
            "Y": 0.37281185388565063
          },
          {
            "X": 0.5949199795722961,
            "Y": 0.3750185966491699
          }
        ]
      },
      "Id": "2419c06d-88e4-4a93-90b2-8c51de42eda3",
      "Page": 1
    },
    {
      "BlockType": "WORD",
      "Confidence": 99.00019836425781,
      "Text": "job",
      "TextType": "PRINTED",
      "Geometry": {
        "BoundingBox": {
          "Width": 0.008647155947983265,
          "Height": 0.005517865065485239,
          "Left": 0.4059443473815918,
          "Top": 0.3901238739490509
        },
        "Polygon": [
          {
            "X": 0.4060283303260803,
            "Y": 0.3907296657562256
          },
          {
            "X": 0.4145914912223816,
            "Y": 0.3901238739490509
          },
          {
            "X": 0.41451144218444824,
            "Y": 0.39503929018974304
          },
          {
            "X": 0.4059443473815918,
            "Y": 0.3956417441368103
          }
        ]
      },
      "Id": "35a89676-b070-4f94-9525-4842f1f46d7b",
      "Page": 1
    },
    {
      "BlockType": "WORD",
      "Confidence": 78.7115249633789,
      "Text": "runs",
      "TextType": "PRINTED",
      "Geometry": {
        "BoundingBox": {
          "Width": 0.013185946270823479,
          "Height": 0.004980816505849361,
          "Left": 0.41601231694221497,
          "Top": 0.38950031995773315
        },
        "Polygon": [
          {
            "X": 0.41607776284217834,
            "Y": 0.3904280662536621
          },
          {
            "X": 0.4291982650756836,
            "Y": 0.38950031995773315
          },
          {
            "X": 0.42913779616355896,
            "Y": 0.3935576379299164
          },
          {
            "X": 0.41601231694221497,
            "Y": 0.3944811224937439
          }
        ]
      },
      "Id": "d70aa74f-ee9f-4a54-a576-63f86b2bcb06",
      "Page": 1
    },
    {
      "BlockType": "WORD",
      "Confidence": 99.34062957763672,
      "Text": "Prediction",
      "TextType": "PRINTED",
      "Geometry": {
        "BoundingBox": {
          "Width": 0.02879922278225422,
          "Height": 0.007048518862575293,
          "Left": 0.40583986043930054,
          "Top": 0.4022252857685089
        },
        "Polygon": [
          {
            "X": 0.4059261679649353,
            "Y": 0.40422308444976807
          },
          {
            "X": 0.4346390664577484,
            "Y": 0.4022252857685089
          },
          {
            "X": 0.43456634879112244,
            "Y": 0.4072876274585724
          },
          {
            "X": 0.40583986043930054,
            "Y": 0.40927380323410034
          }
        ]
      },
      "Id": "3ad8e4c9-d168-4cfc-8bc5-aa063a18cf56",
      "Page": 1
    },
    {
      "BlockType": "WORD",
      "Confidence": 98.906005859375,
      "Text": "frequency",
      "TextType": "PRINTED",
      "Geometry": {
        "BoundingBox": {
          "Width": 0.02829568460583687,
          "Height": 0.007517506368458271,
          "Left": 0.435660183429718,
          "Top": 0.40035948157310486
        },
        "Polygon": [
          {
            "X": 0.4357393980026245,
            "Y": 0.40232229232788086
          },
          {
            "X": 0.4639558494091034,
            "Y": 0.40035948157310486
          },
          {
            "X": 0.4638913571834564,
            "Y": 0.4059266746044159
          },
          {
            "X": 0.435660183429718,
            "Y": 0.40787696838378906
          }
        ]
      },
      "Id": "bb70f61d-58fd-484f-98b6-3adbe67e452e",
      "Page": 1
    },
    {
      "BlockType": "WORD",
      "Confidence": 44.56336212158203,
      "Text": "©",
      "TextType": "PRINTED",
      "Geometry": {
        "BoundingBox": {
          "Width": 0.006303766276687384,
          "Height": 0.0058614518493413925,
          "Left": 0.40532997250556946,
          "Top": 0.4132847785949707
        },
        "Polygon": [
          {
            "X": 0.40542298555374146,
            "Y": 0.4137118458747864
          },
          {
            "X": 0.4116337299346924,
            "Y": 0.4132847785949707
          },
          {
            "X": 0.4115438461303711,
            "Y": 0.41872188448905945
          },
          {
            "X": 0.40532997250556946,
            "Y": 0.41914623975753784
          }
        ]
      },
      "Id": "ca4d8855-c90b-4f99-9c85-3c4fecfb0153",
      "Page": 1
    },
    {
      "BlockType": "WORD",
      "Confidence": 87.08939361572266,
      "Text": "Immediate",
      "TextType": "PRINTED",
      "Geometry": {
        "BoundingBox": {
          "Width": 0.027222244068980217,
          "Height": 0.005674147047102451,
          "Left": 0.41478580236434937,
          "Top": 0.41154956817626953
        },
        "Polygon": [
          {
            "X": 0.41484758257865906,
            "Y": 0.4134162664413452
          },
          {
            "X": 0.44200804829597473,
            "Y": 0.41154956817626953
          },
          {
            "X": 0.44195595383644104,
            "Y": 0.4153652489185333
          },
          {
            "X": 0.41478580236434937,
            "Y": 0.41722372174263
          }
        ]
      },
      "Id": "95450b7a-1618-4d4d-8d20-95085042d4ca",
      "Page": 1
    },
    {
      "BlockType": "WORD",
      "Confidence": 99.62824249267578,
      "Text": "Every",
      "TextType": "PRINTED",
      "Geometry": {
        "BoundingBox": {
          "Width": 0.01509062573313713,
          "Height": 0.005977049004286528,
          "Left": 0.41468513011932373,
          "Top": 0.41922977566719055
        },
        "Polygon": [
          {
            "X": 0.41476550698280334,
            "Y": 0.4202525317668915
          },
          {
            "X": 0.42977574467658997,
            "Y": 0.41922977566719055
          },
          {
            "X": 0.4297023117542267,
            "Y": 0.4241899847984314
          },
          {
            "X": 0.41468513011932373,
            "Y": 0.4252068102359772
          }
        ]
      },
      "Id": "ce7a949c-2cba-4e17-a307-34d27862278d",
      "Page": 1
    },
    {
      "BlockType": "WORD",
      "Confidence": 99.13968658447266,
      "Text": "time",
      "TextType": "PRINTED",
      "Geometry": {
        "BoundingBox": {
          "Width": 0.012651389464735985,
          "Height": 0.005250085610896349,
          "Left": 0.4307765066623688,
          "Top": 0.41844627261161804
        },
        "Polygon": [
          {
            "X": 0.4308410882949829,
            "Y": 0.4193037748336792
          },
          {
            "X": 0.4434279203414917,
            "Y": 0.41844627261161804
          },
          {
            "X": 0.44336849451065063,
            "Y": 0.4228432774543762
          },
          {
            "X": 0.4307765066623688,
            "Y": 0.423696368932724
          }
        ]
      },
      "Id": "b67f2cdb-522a-4672-aec3-afbc2ce80a2f",
      "Page": 1
    },
    {
      "BlockType": "WORD",
      "Confidence": 99.39887237548828,
      "Text": "the",
      "TextType": "PRINTED",
      "Geometry": {
        "BoundingBox": {
          "Width": 0.008782824501395226,
          "Height": 0.0048437342047691345,
          "Left": 0.44486913084983826,
          "Top": 0.41788697242736816
        },
        "Polygon": [
          {
            "X": 0.4449259638786316,
            "Y": 0.41848134994506836
          },
          {
            "X": 0.45365196466445923,
            "Y": 0.41788697242736816
          },
          {
            "X": 0.45359861850738525,
            "Y": 0.42213931679725647
          },
          {
            "X": 0.44486913084983826,
            "Y": 0.4227307140827179
          }
        ]
      },
      "Id": "be6f7dd3-b5a7-4ef2-a5f7-ec055126d27f",
      "Page": 1
    },
    {
      "BlockType": "WORD",
      "Confidence": 99.67385864257812,
      "Text": "selected",
      "TextType": "PRINTED",
      "Geometry": {
        "BoundingBox": {
          "Width": 0.023134779185056686,
          "Height": 0.006615664344280958,
          "Left": 0.45520806312561035,
          "Top": 0.41573819518089294
        },
        "Polygon": [
          {
            "X": 0.45527055859565735,
            "Y": 0.4173106849193573
          },
          {
            "X": 0.47834283113479614,
            "Y": 0.41573819518089294
          },
          {
            "X": 0.47829127311706543,
            "Y": 0.4207906723022461
          },
          {
            "X": 0.45520806312561035,
            "Y": 0.4223538637161255
          }
        ]
      },
      "Id": "1ada17f0-f082-4e29-8471-b8e9b7c9ed88",
      "Page": 1
    },
    {
      "BlockType": "WORD",
      "Confidence": 97.25321197509766,
      "Text": "dataset",
      "TextType": "PRINTED",
      "Geometry": {
        "BoundingBox": {
          "Width": 0.020219655707478523,
          "Height": 0.006032826378941536,
          "Left": 0.4801166355609894,
          "Top": 0.4146953821182251
        },
        "Polygon": [
          {
            "X": 0.4801633656024933,
            "Y": 0.41606947779655457
          },
          {
            "X": 0.5003362894058228,
            "Y": 0.4146953821182251
          },
          {
            "X": 0.5002983808517456,
            "Y": 0.4193616211414337
          },
          {
            "X": 0.4801166355609894,
            "Y": 0.42072823643684387
          }
        ]
      },
      "Id": "0c0f5519-46ec-4878-96a8-c0942b1e96df",
      "Page": 1
    },
    {
      "BlockType": "WORD",
      "Confidence": 95.5130386352539,
      "Text": "is",
      "TextType": "PRINTED",
      "Geometry": {
        "BoundingBox": {
          "Width": 0.004785103257745504,
          "Height": 0.004506874829530716,
          "Left": 0.5021291375160217,
          "Top": 0.4145771563053131
        },
        "Polygon": [
          {
            "X": 0.5021623969078064,
            "Y": 0.41490069031715393
          },
          {
            "X": 0.5069142580032349,
            "Y": 0.4145771563053131
          },
          {
            "X": 0.506882905960083,
            "Y": 0.41876208782196045
          },
          {
            "X": 0.5021291375160217,
            "Y": 0.4190840423107147
          }
        ]
      },
      "Id": "de0b548c-92d0-42a4-bf40-2d02bdcdea0f",
      "Page": 1
    },
    {
      "BlockType": "WORD",
      "Confidence": 99.87422180175781,
      "Text": "updated",
      "TextType": "PRINTED",
      "Geometry": {
        "BoundingBox": {
          "Width": 0.02412622608244419,
          "Height": 0.007052789442241192,
          "Left": 0.5084304809570312,
          "Top": 0.4125624895095825
        },
        "Polygon": [
          {
            "X": 0.5084702968597412,
            "Y": 0.414203017950058
          },
          {
            "X": 0.5325567126274109,
            "Y": 0.4125624895095825
          },
          {
            "X": 0.5325292348861694,
            "Y": 0.41798508167266846
          },
          {
            "X": 0.5084304809570312,
            "Y": 0.4196152687072754
          }
        ]
      },
      "Id": "15d7424e-a5d5-4fdc-8b9b-69a95338603c",
      "Page": 1
    },
    {
      "BlockType": "WORD",
      "Confidence": 99.116455078125,
      "Text": "Select",
      "TextType": "PRINTED",
      "Geometry": {
        "BoundingBox": {
          "Width": 0.016700197011232376,
          "Height": 0.005758256185799837,
          "Left": 0.40533870458602905,
          "Top": 0.43349015712738037
        },
        "Polygon": [
          {
            "X": 0.4054180681705475,
            "Y": 0.4346029460430145
          },
          {
            "X": 0.42203888297080994,
            "Y": 0.43349015712738037
          },
          {
            "X": 0.4219667315483093,
            "Y": 0.4381418228149414
          },
          {
            "X": 0.40533870458602905,
            "Y": 0.4392484128475189
          }
        ]
      },
      "Id": "103c5bc0-938a-4ac1-bb5f-34a2896a30c5",
      "Page": 1
    },
    {
      "BlockType": "WORD",
      "Confidence": 97.96239471435547,
      "Text": "dataset",
      "TextType": "PRINTED",
      "Geometry": {
        "BoundingBox": {
          "Width": 0.020704420283436775,
          "Height": 0.006019284948706627,
          "Left": 0.42782971262931824,
          "Top": 0.4321078360080719
        },
        "Polygon": [
          {
            "X": 0.4278991222381592,
            "Y": 0.433488667011261
          },
          {
            "X": 0.44853416085243225,
            "Y": 0.4321078360080719
          },
          {
            "X": 0.4484736919403076,
            "Y": 0.43675389885902405
          },
          {
            "X": 0.42782971262931824,
            "Y": 0.4381271004676819
          }
        ]
      },
      "Id": "9e941477-aa40-4a24-ba47-9811ac25fcf4",
      "Page": 1
    },
    {
      "BlockType": "WORD",
      "Confidence": 99.520751953125,
      "Text": "to",
      "TextType": "PRINTED",
      "Geometry": {
        "BoundingBox": {
          "Width": 0.006369912531226873,
          "Height": 0.004806322976946831,
          "Left": 0.449884831905365,
          "Top": 0.4319213926792145
        },
        "Polygon": [
          {
            "X": 0.4499413073062897,
            "Y": 0.4323436915874481
          },
          {
            "X": 0.4562547504901886,
            "Y": 0.4319213926792145
          },
          {
            "X": 0.45620086789131165,
            "Y": 0.4363076090812683
          },
          {
            "X": 0.449884831905365,
            "Y": 0.43672770261764526
          }
        ]
      },
      "Id": "fcec283e-27d0-4f16-9d19-470197d53ce7",
      "Page": 1
    },
    {
      "BlockType": "WORD",
      "Confidence": 99.80824279785156,
      "Text": "generate",
      "TextType": "PRINTED",
      "Geometry": {
        "BoundingBox": {
          "Width": 0.02533712424337864,
          "Height": 0.006829794961959124,
          "Left": 0.4573124945163727,
          "Top": 0.4302749037742615
        },
        "Polygon": [
          {
            "X": 0.45737507939338684,
            "Y": 0.4319652318954468
          },
          {
            "X": 0.48264962434768677,
            "Y": 0.4302749037742615
          },
          {
            "X": 0.4825992286205292,
            "Y": 0.43542471528053284
          },
          {
            "X": 0.4573124945163727,
            "Y": 0.4371046721935272
          }
        ]
      },
      "Id": "7840d05f-0482-405b-9630-3bcff1da76b4",
      "Page": 1
    },
    {
      "BlockType": "WORD",
      "Confidence": 99.54956817626953,
      "Text": "predictions",
      "TextType": "PRINTED",
      "Geometry": {
        "BoundingBox": {
          "Width": 0.03307651728391647,
          "Height": 0.007509625982493162,
          "Left": 0.4838848114013672,
          "Top": 0.4279991388320923
        },
        "Polygon": [
          {
            "X": 0.48393604159355164,
            "Y": 0.4302077889442444
          },
          {
            "X": 0.5169613361358643,
            "Y": 0.4279991388320923
          },
          {
            "X": 0.5169265866279602,
            "Y": 0.4333140254020691
          },
          {
            "X": 0.4838848114013672,
            "Y": 0.43550875782966614
          }
        ]
      },
      "Id": "ebf3ae94-4845-415b-b787-09e3aba0311f",
      "Page": 1
    },
    {
      "BlockType": "WORD",
      "Confidence": 99.46244049072266,
      "Text": "on",
      "TextType": "PRINTED",
      "Geometry": {
        "BoundingBox": {
          "Width": 0.007851743139326572,
          "Height": 0.0044005936942994595,
          "Left": 0.5181879997253418,
          "Top": 0.4283812344074249
        },
        "Polygon": [
          {
            "X": 0.5182128548622131,
            "Y": 0.4289040267467499
          },
          {
            "X": 0.526039719581604,
            "Y": 0.4283812344074249
          },
          {
            "X": 0.5260176658630371,
            "Y": 0.43226146697998047
          },
          {
            "X": 0.5181879997253418,
            "Y": 0.432781845331192
          }
        ]
      },
      "Id": "6672e0c8-312d-4072-8770-5c6b3ba9a846",
      "Page": 1
    },
    {
      "BlockType": "WORD",
      "Confidence": 94.71916198730469,
      "Text": "Select",
      "TextType": "PRINTED",
      "Geometry": {
        "BoundingBox": {
          "Width": 0.01641988195478916,
          "Height": 0.005559761542826891,
          "Left": 0.4107273519039154,
          "Top": 0.4448951184749603
        },
        "Polygon": [
          {
            "X": 0.41080158948898315,
            "Y": 0.44597288966178894
          },
          {
            "X": 0.42714723944664,
            "Y": 0.4448951184749603
          },
          {
            "X": 0.42707985639572144,
            "Y": 0.4493829607963562
          },
          {
            "X": 0.4107273519039154,
            "Y": 0.45045486092567444
          }
        ]
      },
      "Id": "c49482d8-9a0e-484c-9cc9-4ac9f023e77b",
      "Page": 1
    },
    {
      "BlockType": "WORD",
      "Confidence": 70.43389892578125,
      "Text": "datased",
      "TextType": "PRINTED",
      "Geometry": {
        "BoundingBox": {
          "Width": 0.018472304567694664,
          "Height": 0.005673693493008614,
          "Left": 0.42780938744544983,
          "Top": 0.44380268454551697
        },
        "Polygon": [
          {
            "X": 0.4278760850429535,
            "Y": 0.4450160264968872
          },
          {
            "X": 0.44628170132637024,
            "Y": 0.44380268454551697
          },
          {
            "X": 0.4462226927280426,
            "Y": 0.4482696056365967
          },
          {
            "X": 0.42780938744544983,
            "Y": 0.44947636127471924
          }
        ]
      },
      "Id": "cabf4816-152c-4845-a705-9cd937a8fabf",
      "Page": 1
    },
    {
      "BlockType": "WORD",
      "Confidence": 92.3053970336914,
      "Text": "Cancel",
      "TextType": "PRINTED",
      "Geometry": {
        "BoundingBox": {
          "Width": 0.01876729540526867,
          "Height": 0.005837126635015011,
          "Left": 0.5785262584686279,
          "Top": 0.4505249559879303
        },
        "Polygon": [
          {
            "X": 0.5785295367240906,
            "Y": 0.4517349898815155
          },
          {
            "X": 0.5972886085510254,
            "Y": 0.4505249559879303
          },
          {
            "X": 0.597293496131897,
            "Y": 0.45515894889831543
          },
          {
            "X": 0.5785262584686279,
            "Y": 0.4563620984554291
          }
        ]
      },
      "Id": "29903809-227a-4c10-a8c5-3e4208af3f4b",
      "Page": 1
    }
  ],
  "DetectDocumentTextModelVersion": "1.0"
}