{
  "DocumentMetadata": {
    "Pages": 1
  },
  "JobStatus": "SUCCEEDED",
  "Blocks": [
    {
      "BlockType": "PAGE",
      "Geometry": {
        "BoundingBox": {
          "Width": 1,
          "Height": 1,
          "Left": 0,
          "Top": 0
        },
        "Polygon": [
          {
            "X": 0,
            "Y": 0.0029603042639791965
          },
          {
            "X": 0.9985814094543457,
            "Y": 0
          },
          {
            "X": 1,
            "Y": 1
          },
          {
            "X": 0.0005573481321334839,
            "Y": 1
          }
        ]
      },
      "Id": "cca625f1-ee22-43f9-8841-507ea97e2fa3",
      "Relationships": [
        {
          "Type": "CHILD",
          "Ids": [
            "60fbc20f-eafe-46ae-b679-5dd4c8841b33",
            "73ae3776-a221-4213-aabb-9a63502b0565",
            "483b8d93-39c6-4f13-a675-ffb98b5a30a9",
            "02f0f57a-7b3b-4ce3-8e31-97f7781df3ad",
            "e1b5f0b8-4618-4d58-be10-98e3af342666",
            "c624d99f-09e8-4f6f-836d-af098e27d886",
            "ce5d4400-3037-4dcb-832d-64fbea8406c6",
            "0e7e3513-8b76-4176-9c2b-6f6ac129ff2b",
            "fc4e9fb2-7c7f-4071-99fd-76bd08a72767",
            "328dd185-2a19-4392-bce0-a27155cce682",
            "2467f3b7-9d0f-4a21-916d-0ffb565f93a3",
            "8946f923-f2d3-4c75-8598-b813729d9407",
            "08db423a-77ce-4935-b16c-8d3dd597c23d",
            "8ef73a95-d55c-4bef-8a1f-fbd2c4d7ee28",
            "179219d6-a01b-413b-a2d2-652a196ec51c",
            "a622a3e8-4731-4728-8853-ccde7c1e2b51",
            "20fef5f9-620c-4532-95fc-b1acf11fd1aa",
            "7dbcbe6c-408a-401b-9e20-3d1a6c8ef6d8",
            "2fafd5aa-769d-4948-b00b-d56ae8f99345",
            "901218ca-22ba-4b56-99bd-4ec4f4c02072",
            "c9bf07aa-20c5-48a8-a599-f653c0e0a0a4",
            "e4ec450a-11e8-42c3-b9b1-e8dacb9b8c19",
            "97b0c340-bed7-4607-8939-863348849e61",
            "99458edd-3b6e-4ddb-b9f4-b9673afa722a",
            "0d268289-03e9-404e-b162-d6510bdf16a3",
            "17dcbbca-6465-460b-8c42-45247c78df4c",
            "4e4fe4b4-0670-4fa3-acad-02752562b0b6"
          ]
        }
      ],
      "Page": 1
    },
    {
      "BlockType": "LINE",
      "Confidence": 95.6827392578125,
      "Text": "Cloud",
      "Geometry": {
        "BoundingBox": {
          "Width": 0.024946987628936768,
          "Height": 0.007610013708472252,
          "Left": 0.6765598058700562,
          "Top": 0.09223341196775436
        },
        "Polygon": [
          {
            "X": 0.6765598058700562,
            "Y": 0.09375887364149094
          },
          {
            "X": 0.7012873291969299,
            "Y": 0.09223341196775436
          },
          {
            "X": 0.7015067934989929,
            "Y": 0.0983261987566948
          },
          {
            "X": 0.6767804026603699,
            "Y": 0.09984342753887177
          }
        ]
      },
      "Id": "60fbc20f-eafe-46ae-b679-5dd4c8841b33",
      "Relationships": [
        {
          "Type": "CHILD",
          "Ids": [
            "d474ad4e-506f-4af1-829d-4ae3a3593932"
          ]
        }
      ],
      "Page": 1
    },
    {
      "BlockType": "LINE",
      "Confidence": 72.79533386230469,
      "Text": "aws",
      "Geometry": {
        "BoundingBox": {
          "Width": 0.046347398310899734,
          "Height": 0.015406986698508263,
          "Left": 0.6024418473243713,
          "Top": 0.0978190153837204
        },
        "Polygon": [
          {
            "X": 0.6024418473243713,
            "Y": 0.10064404457807541
          },
          {
            "X": 0.6483287215232849,
            "Y": 0.0978190153837204
          },
          {
            "X": 0.6487892866134644,
            "Y": 0.11043266952037811
          },
          {
            "X": 0.6029065847396851,
            "Y": 0.11322600394487381
          }
        ]
      },
      "Id": "73ae3776-a221-4213-aabb-9a63502b0565",
      "Relationships": [
        {
          "Type": "CHILD",
          "Ids": [
            "c3347bf2-484b-4b76-b479-f595ad1ffb59"
          ]
        }
      ],
      "Page": 1
    },
    {
      "BlockType": "LINE",
      "Confidence": 99.49754333496094,
      "Text": "Experience",
      "Geometry": {
        "BoundingBox": {
          "Width": 0.046572569757699966,
          "Height": 0.010043159127235413,
          "Left": 0.6768068075180054,
          "Top": 0.098924420773983
        },
        "Polygon": [
          {
            "X": 0.6768068075180054,
            "Y": 0.10176145285367966
          },
          {
            "X": 0.7231205701828003,
            "Y": 0.098924420773983
          },
          {
            "X": 0.723379373550415,
            "Y": 0.10614879429340363
          },
          {
            "X": 0.6770679950714111,
            "Y": 0.10896757990121841
          }
        ]
      },
      "Id": "483b8d93-39c6-4f13-a675-ffb98b5a30a9",
      "Relationships": [
        {
          "Type": "CHILD",
          "Ids": [
            "ada632ef-f983-4d92-a1cc-287460c65a7d"
          ]
        }
      ],
      "Page": 1
    },
    {
      "BlockType": "LINE",
      "Confidence": 98.77273559570312,
      "Text": "Preparar dados",
      "Geometry": {
        "BoundingBox": {
          "Width": 0.14177119731903076,
          "Height": 0.0286971777677536,
          "Left": 0.08635812252759933,
          "Top": 0.13382107019424438
        },
        "Polygon": [
          {
            "X": 0.08635812252759933,
            "Y": 0.1424199938774109
          },
          {
            "X": 0.22731079161167145,
            "Y": 0.13382107019424438
          },
          {
            "X": 0.2281293272972107,
            "Y": 0.15407925844192505
          },
          {
            "X": 0.08719637244939804,
            "Y": 0.16251824796199799
          }
        ]
      },
      "Id": "02f0f57a-7b3b-4ce3-8e31-97f7781df3ad",
      "Relationships": [
        {
          "Type": "CHILD",
          "Ids": [
            "950f2a9d-72d7-477a-8109-0c690177e6f8",
            "191ee756-d0bd-4bc9-ac7f-a9cab9f53bba"
          ]
        }
      ],
      "Page": 1
    },
    {
      "BlockType": "LINE",
      "Confidence": 99.8519287109375,
      "Text": "2025",
      "Geometry": {
        "BoundingBox": {
          "Width": 0.021438831463456154,
          "Height": 0.00708024762570858,
          "Left": 0.6767073273658752,
          "Top": 0.10972671210765839
        },
        "Polygon": [
          {
            "X": 0.6767073273658752,
            "Y": 0.11101655662059784
          },
          {
            "X": 0.6979371309280396,
            "Y": 0.10972671210765839
          },
          {
            "X": 0.6981461644172668,
            "Y": 0.11552383750677109
          },
          {
            "X": 0.6769172549247742,
            "Y": 0.11680696159601212
          }
        ]
      },
      "Id": "e1b5f0b8-4618-4d58-be10-98e3af342666",
      "Relationships": [
        {
          "Type": "CHILD",
          "Ids": [
            "b6080720-015c-4d49-b394-b4bf5e423d32"
          ]
        }
      ],
      "Page": 1
    },
    {
      "BlockType": "LINE",
      "Confidence": 99.40170288085938,
      "Text": "Mais de 50 conectores de",
      "Geometry": {
        "BoundingBox": {
          "Width": 0.14355646073818207,
          "Height": 0.020953558385372162,
          "Left": 0.10742636770009995,
          "Top": 0.1772036999464035
        },
        "Polygon": [
          {
            "X": 0.10742636770009995,
            "Y": 0.18557539582252502
          },
          {
            "X": 0.25047287344932556,
            "Y": 0.1772036999464035
          },
          {
            "X": 0.2509828209877014,
            "Y": 0.18988700211048126
          },
          {
            "X": 0.10794889181852341,
            "Y": 0.19815725088119507
          }
        ]
      },
      "Id": "c624d99f-09e8-4f6f-836d-af098e27d886",
      "Relationships": [
        {
          "Type": "CHILD",
          "Ids": [
            "12a6bd46-7f94-431d-a560-4c7320c7dca6",
            "ce77c14b-92f7-45d3-993d-87d7cf7ed542",
            "32e84f95-9460-4aa2-b7f9-76908da974fb",
            "03a6bcc3-29f5-48a8-abab-359899018b08",
            "f06dc16d-fd16-45db-8747-ad3d5824727e"
          ]
        }
      ],
      "Page": 1
    },
    {
      "BlockType": "LINE",
      "Confidence": 99.58439636230469,
      "Text": "dados",
      "Geometry": {
        "BoundingBox": {
          "Width": 0.032973844558000565,
          "Height": 0.010488553903996944,
          "Left": 0.1076405867934227,
          "Top": 0.2025623619556427
        },
        "Polygon": [
          {
            "X": 0.1076405867934227,
            "Y": 0.20443694293498993
          },
          {
            "X": 0.14025859534740448,
            "Y": 0.2025623619556427
          },
          {
            "X": 0.14061443507671356,
            "Y": 0.21119219064712524
          },
          {
            "X": 0.10799837112426758,
            "Y": 0.21305091679096222
          }
        ]
      },
      "Id": "ce5d4400-3037-4dcb-832d-64fbea8406c6",
      "Relationships": [
        {
          "Type": "CHILD",
          "Ids": [
            "2950f4a8-e9bc-429b-a1bf-b825835fa6dc"
          ]
        }
      ],
      "Page": 1
    },
    {
      "BlockType": "LINE",
      "Confidence": 60.80779266357422,
      "Text": "Data Wrangler",
      "Geometry": {
        "BoundingBox": {
          "Width": 0.035436000674963,
          "Height": 0.0069040521048009396,
          "Left": 0.3291851282119751,
          "Top": 0.1902492344379425
        },
        "Polygon": [
          {
            "X": 0.3291851282119751,
            "Y": 0.19227364659309387
          },
          {
            "X": 0.36442965269088745,
            "Y": 0.1902492344379425
          },
          {
            "X": 0.3646211326122284,
            "Y": 0.19513845443725586
          },
          {
            "X": 0.32937783002853394,
            "Y": 0.19715328514575958
          }
        ]
      },
      "Id": "0e7e3513-8b76-4176-9c2b-6f6ac129ff2b",
      "Relationships": [
        {
          "Type": "CHILD",
          "Ids": [
            "17209040-d659-4b07-ace2-7ba628e255e2",
            "846cb795-130e-4bc1-8a01-7bf8d425cb10"
          ]
        }
      ],
      "Page": 1
    },
    {
      "BlockType": "LINE",
      "Confidence": 85.7060775756836,
      "Text": "flow",
      "Geometry": {
        "BoundingBox": {
          "Width": 0.010368979535996914,
          "Height": 0.005113409366458654,
          "Left": 0.3792707622051239,
          "Top": 0.18730685114860535
        },
        "Polygon": [
          {
            "X": 0.3792707622051239,
            "Y": 0.18789315223693848
          },
          {
            "X": 0.3894633948802948,
            "Y": 0.18730685114860535
          },
          {
            "X": 0.3896397352218628,
            "Y": 0.19183652102947235
          },
          {
            "X": 0.37944743037223816,
            "Y": 0.19242025911808014
          }
        ]
      },
      "Id": "fc4e9fb2-7c7f-4071-99fd-76bd08a72767",
      "Relationships": [
        {
          "Type": "CHILD",
          "Ids": [
            "ec5cb947-77e3-49a1-8564-559176b595a5"
          ]
        }
      ],
      "Page": 1
    },
    {
      "BlockType": "LINE",
      "Confidence": 99.56791687011719,
      "Text": "Visualize sua pipeline de",
      "Geometry": {
        "BoundingBox": {
          "Width": 0.1388101577758789,
          "Height": 0.019649704918265343,
          "Left": 0.10727602243423462,
          "Top": 0.21457582712173462
        },
        "Polygon": [
          {
            "X": 0.10727602243423462,
            "Y": 0.22238720953464508
          },
          {
            "X": 0.24560578167438507,
            "Y": 0.21457582712173462
          },
          {
            "X": 0.24608618021011353,
            "Y": 0.22650641202926636
          },
          {
            "X": 0.10776785016059875,
            "Y": 0.23422552645206451
          }
        ]
      },
      "Id": "328dd185-2a19-4392-bce0-a27155cce682",
      "Relationships": [
        {
          "Type": "CHILD",
          "Ids": [
            "2e1a2f92-5842-4256-821f-9205cd98cd49",
            "3aa26942-9f62-406d-8eae-8210be9d86a8",
            "8161150a-6a6f-4830-a053-22614a7f8abd",
            "63f5bd35-a4ef-4284-bdf6-dd9a3dfe1dc8"
          ]
        }
      ],
      "Page": 1
    },
    {
      "BlockType": "LINE",
      "Confidence": 77.93155670166016,
      "Text": "G",
      "Geometry": {
        "BoundingBox": {
          "Width": 0.007819180376827717,
          "Height": 0.006318965926766396,
          "Left": 0.3046850860118866,
          "Top": 0.2096852958202362
        },
        "Polygon": [
          {
            "X": 0.3046850860118866,
            "Y": 0.21011410653591156
          },
          {
            "X": 0.3122706115245819,
            "Y": 0.2096852958202362
          },
          {
            "X": 0.31250426173210144,
            "Y": 0.21557793021202087
          },
          {
            "X": 0.30491903424263,
            "Y": 0.21600425243377686
          }
        ]
      },
      "Id": "2467f3b7-9d0f-4a21-916d-0ffb565f93a3",
      "Relationships": [
        {
          "Type": "CHILD",
          "Ids": [
            "228d61b8-aadb-4180-8d79-271a40eed758"
          ]
        }
      ],
      "Page": 1
    },
    {
      "BlockType": "LINE",
      "Confidence": 94.15033721923828,
      "Text": "Edit analysis",
      "Geometry": {
        "BoundingBox": {
          "Width": 0.03348806872963905,
          "Height": 0.0066344887018203735,
          "Left": 0.6068474054336548,
          "Top": 0.19567041099071503
        },
        "Polygon": [
          {
            "X": 0.6068474054336548,
            "Y": 0.19754551351070404
          },
          {
            "X": 0.640160858631134,
            "Y": 0.19567041099071503
          },
          {
            "X": 0.6403355002403259,
            "Y": 0.2004384994506836
          },
          {
            "X": 0.6070231795310974,
            "Y": 0.2023048996925354
          }
        ]
      },
      "Id": "8946f923-f2d3-4c75-8598-b813729d9407",
      "Relationships": [
        {
          "Type": "CHILD",
          "Ids": [
            "b4ff41e6-038a-4ca5-ad94-beb6e5c96136",
            "60ce839a-1a3c-42c3-8982-0ab86afd75be"
          ]
        }
      ],
      "Page": 1
    },
    {
      "BlockType": "LINE",
      "Confidence": 8.6427640914917,
      "Text": "TempArating",
      "Geometry": {
        "BoundingBox": {
          "Width": 0.02596192993223667,
          "Height": 0.0057072993367910385,
          "Left": 0.3838914930820465,
          "Top": 0.21447329223155975
        },
        "Polygon": [
          {
            "X": 0.3838914930820465,
            "Y": 0.21591702103614807
          },
          {
            "X": 0.40968796610832214,
            "Y": 0.21447329223155975
          },
          {
            "X": 0.40985342860221863,
            "Y": 0.2187429666519165
          },
          {
            "X": 0.3840577304363251,
            "Y": 0.22018060088157654
          }
        ]
      },
      "Id": "08db423a-77ce-4935-b16c-8d3dd597c23d",
      "Relationships": [
        {
          "Type": "CHILD",
          "Ids": [
            "53e2ee78-ad2f-423a-be39-f7d9e5e8784f"
          ]
        }
      ],
      "Page": 1
    },
    {
      "BlockType": "LINE",
      "Confidence": 60.05412292480469,
      "Text": "@",
      "Geometry": {
        "BoundingBox": {
          "Width": 0.008417230099439621,
          "Height": 0.006248379126191139,
          "Left": 0.3044619858264923,
          "Top": 0.22464637458324432
        },
        "Polygon": [
          {
            "X": 0.3044619858264923,
            "Y": 0.22510245442390442
          },
          {
            "X": 0.3126494288444519,
            "Y": 0.22464637458324432
          },
          {
            "X": 0.31287920475006104,
            "Y": 0.23044131696224213
          },
          {
            "X": 0.3046920895576477,
            "Y": 0.23089474439620972
          }
        ]
      },
      "Id": "8ef73a95-d55c-4bef-8a1f-fbd2c4d7ee28",
      "Relationships": [
        {
          "Type": "CHILD",
          "Ids": [
            "d819a3ab-342d-4bd3-a70c-8fd4ea879f34"
          ]
        }
      ],
      "Page": 1
    },
    {
      "BlockType": "LINE",
      "Confidence": 98.81600189208984,
      "Text": "preparação de dados",
      "Geometry": {
        "BoundingBox": {
          "Width": 0.11786983162164688,
          "Height": 0.019232947379350662,
          "Left": 0.10756175965070724,
          "Top": 0.23168814182281494
        },
        "Polygon": [
          {
            "X": 0.10756175965070724,
            "Y": 0.23821115493774414
          },
          {
            "X": 0.22491391003131866,
            "Y": 0.23168814182281494
          },
          {
            "X": 0.22543159127235413,
            "Y": 0.2444821298122406
          },
          {
            "X": 0.10808984190225601,
            "Y": 0.2509211003780365
          }
        ]
      },
      "Id": "179219d6-a01b-413b-a2d2-652a196ec51c",
      "Relationships": [
        {
          "Type": "CHILD",
          "Ids": [
            "36b3db10-f32f-4ff8-9bdf-dafa2affecf2",
            "1a15c180-d107-4c45-afc1-895651200a3d",
            "3dd26b0b-75f0-4ca2-993e-caf27bb0b1e5"
          ]
        }
      ],
      "Page": 1
    },
    {
      "BlockType": "LINE",
      "Confidence": 54.811126708984375,
      "Text": "-",
      "Geometry": {
        "BoundingBox": {
          "Width": 0.013198355212807655,
          "Height": 0.003933330066502094,
          "Left": 0.3021330237388611,
          "Top": 0.23201964795589447
        },
        "Polygon": [
          {
            "X": 0.3021330237388611,
            "Y": 0.2327423393726349
          },
          {
            "X": 0.31520405411720276,
            "Y": 0.23201964795589447
          },
          {
            "X": 0.315331369638443,
            "Y": 0.2352326214313507
          },
          {
            "X": 0.3022606372833252,
            "Y": 0.2359529733657837
          }
        ]
      },
      "Id": "a622a3e8-4731-4728-8853-ccde7c1e2b51",
      "Relationships": [
        {
          "Type": "CHILD",
          "Ids": [
            "e7df4300-6023-47ed-a9a6-d65a422fc8c6"
          ]
        }
      ],
      "Page": 1
    },
    {
      "BlockType": "LINE",
      "Confidence": 64.517578125,
      "Text": "6",
      "Geometry": {
        "BoundingBox": {
          "Width": 0.007982142269611359,
          "Height": 0.005969435907900333,
          "Left": 0.3050706088542938,
          "Top": 0.23974832892417908
        },
        "Polygon": [
          {
            "X": 0.3050706088542938,
            "Y": 0.24017424881458282
          },
          {
            "X": 0.3128328323364258,
            "Y": 0.23974832892417908
          },
          {
            "X": 0.3130527436733246,
            "Y": 0.2452942430973053
          },
          {
            "X": 0.3052908480167389,
            "Y": 0.24571776390075684
          }
        ]
      },
      "Id": "20fef5f9-620c-4532-95fc-b1acf11fd1aa",
      "Relationships": [
        {
          "Type": "CHILD",
          "Ids": [
            "2f6486f1-9a86-447c-8b70-9d4b13a940e9"
          ]
        }
      ],
      "Page": 1
    },
    {
      "BlockType": "LINE",
      "Confidence": 97.29097747802734,
      "Text": "av",
      "Geometry": {
        "BoundingBox": {
          "Width": 0.09700983017683029,
          "Height": 0.05870101973414421,
          "Left": 0.9029901623725891,
          "Top": 0.16513322293758392
        },
        "Polygon": [
          {
            "X": 0.9029901623725891,
            "Y": 0.17065639793872833
          },
          {
            "X": 1,
            "Y": 0.16513322293758392
          },
          {
            "X": 1,
            "Y": 0.21858994662761688
          },
          {
            "X": 0.9048082232475281,
            "Y": 0.22383424639701843
          }
        ]
      },
      "Id": "7dbcbe6c-408a-401b-9e20-3d1a6c8ef6d8",
      "Relationships": [
        {
          "Type": "CHILD",
          "Ids": [
            "cf759f61-b878-4bc5-8567-7ce670aa240d"
          ]
        }
      ],
      "Page": 1
    },
    {
      "BlockType": "LINE",
      "Confidence": 30.931129455566406,
      "Text": "-",
      "Geometry": {
        "BoundingBox": {
          "Width": 0.01582574099302292,
          "Height": 0.004541214555501938,
          "Left": 0.3013012707233429,
          "Top": 0.24668948352336884
        },
        "Polygon": [
          {
            "X": 0.3013012707233429,
            "Y": 0.24754361808300018
          },
          {
            "X": 0.3169808089733124,
            "Y": 0.24668948352336884
          },
          {
            "X": 0.3171270191669464,
            "Y": 0.2503798007965088
          },
          {
            "X": 0.30144789814949036,
            "Y": 0.2512306869029999
          }
        ]
      },
      "Id": "2fafd5aa-769d-4948-b00b-d56ae8f99345",
      "Relationships": [
        {
          "Type": "CHILD",
          "Ids": [
            "95fd444e-3569-460f-8152-c6b46d42268c"
          ]
        }
      ],
      "Page": 1
    },
    {
      "BlockType": "LINE",
      "Confidence": 96.37228393554688,
      "Text": "Informações valiosas de",
      "Geometry": {
        "BoundingBox": {
          "Width": 0.13548815250396729,
          "Height": 0.019332654774188995,
          "Left": 0.10789133608341217,
          "Top": 0.2524484694004059
        },
        "Polygon": [
          {
            "X": 0.10789133608341217,
            "Y": 0.25978967547416687
          },
          {
            "X": 0.24289248883724213,
            "Y": 0.2524484694004059
          },
          {
            "X": 0.24337948858737946,
            "Y": 0.26453107595443726
          },
          {
            "X": 0.10838962346315384,
            "Y": 0.2717811167240143
          }
        ]
      },
      "Id": "901218ca-22ba-4b56-99bd-4ec4f4c02072",
      "Relationships": [
        {
          "Type": "CHILD",
          "Ids": [
            "c7df6b05-8b0b-461a-9cff-f62de115a286",
            "c79f892e-e5d1-4f62-b759-cbbe684e2399",
            "21f8cacb-458e-418c-b022-31428eee7b68"
          ]
        }
      ],
      "Page": 1
    },
    {
      "BlockType": "LINE",
      "Confidence": 10.181294441223145,
      "Text": "(",
      "Geometry": {
        "BoundingBox": {
          "Width": 0.009284120984375477,
          "Height": 0.008536008186638355,
          "Left": 0.30406880378723145,
          "Top": 0.25479987263679504
        },
        "Polygon": [
          {
            "X": 0.30406880378723145,
            "Y": 0.25528430938720703
          },
          {
            "X": 0.31303343176841736,
            "Y": 0.25479987263679504
          },
          {
            "X": 0.31335291266441345,
            "Y": 0.2628554701805115
          },
          {
            "X": 0.30438879132270813,
            "Y": 0.2633358836174011
          }
        ]
      },
      "Id": "c9bf07aa-20c5-48a8-a599-f653c0e0a0a4",
      "Relationships": [
        {
          "Type": "CHILD",
          "Ids": [
            "eabf3721-6e09-4102-9d92-937224316ac1"
          ]
        }
      ],
      "Page": 1
    },
    {
      "BlockType": "LINE",
      "Confidence": 99.4439468383789,
      "Text": "dados fornecidas por ML",
      "Geometry": {
        "BoundingBox": {
          "Width": 0.13984902203083038,
          "Height": 0.01735306717455387,
          "Left": 0.10796946287155151,
          "Top": 0.2676907181739807
        },
        "Polygon": [
          {
            "X": 0.10796946287155151,
            "Y": 0.27515408396720886
          },
          {
            "X": 0.24741710722446442,
            "Y": 0.2676907181739807
          },
          {
            "X": 0.2478184849023819,
            "Y": 0.2776581048965454
          },
          {
            "X": 0.10838047415018082,
            "Y": 0.2850438058376312
          }
        ]
      },
      "Id": "e4ec450a-11e8-42c3-b9b1-e8dacb9b8c19",
      "Relationships": [
        {
          "Type": "CHILD",
          "Ids": [
            "8412ba5f-5b62-45d7-b1f7-89b964baca8c",
            "c5088235-9693-4710-a90d-c8cfe0b7cfde",
            "577f7bbc-005a-4767-b168-11ef3f5502c9",
            "9ede03a7-70df-4e7e-8988-69508473cd49"
          ]
        }
      ],
      "Page": 1
    },
    {
      "BlockType": "LINE",
      "Confidence": 40.589988708496094,
      "Text": "&",
      "Geometry": {
        "BoundingBox": {
          "Width": 0.009309742599725723,
          "Height": 0.007366503123193979,
          "Left": 0.30415889620780945,
          "Top": 0.2703004479408264
        },
        "Polygon": [
          {
            "X": 0.30415889620780945,
            "Y": 0.2707810401916504
          },
          {
            "X": 0.3131953775882721,
            "Y": 0.2703004479408264
          },
          {
            "X": 0.3134686350822449,
            "Y": 0.27718982100486755
          },
          {
            "X": 0.30443257093429565,
            "Y": 0.27766695618629456
          }
        ]
      },
      "Id": "97b0c340-bed7-4607-8939-863348849e61",
      "Relationships": [
        {
          "Type": "CHILD",
          "Ids": [
            "43340256-4e1e-486b-8d08-a2a0940cbc54"
          ]
        }
      ],
      "Page": 1
    },
    {
      "BlockType": "LINE",
      "Confidence": 97.05380249023438,
      "Text": "Visualizações integradas",
      "Geometry": {
        "BoundingBox": {
          "Width": 0.13896219432353973,
          "Height": 0.018790269270539284,
          "Left": 0.10750921070575714,
          "Top": 0.2888559103012085
        },
        "Polygon": [
          {
            "X": 0.10750921070575714,
            "Y": 0.29610639810562134
          },
          {
            "X": 0.24600283801555634,
            "Y": 0.2888559103012085
          },
          {
            "X": 0.24647140502929688,
            "Y": 0.3004857301712036
          },
          {
            "X": 0.10798893868923187,
            "Y": 0.3076461851596832
          }
        ]
      },
      "Id": "99458edd-3b6e-4ddb-b9f4-b9673afa722a",
      "Relationships": [
        {
          "Type": "CHILD",
          "Ids": [
            "628da254-0a55-4d55-a1ff-2b53cf3eed75",
            "0589630c-d1d8-420d-8da1-5740e4c2de8c"
          ]
        }
      ],
      "Page": 1
    },
    {
      "BlockType": "LINE",
      "Confidence": 64.12006378173828,
      "Text": "@",
      "Geometry": {
        "BoundingBox": {
          "Width": 0.008516856469213963,
          "Height": 0.006632120348513126,
          "Left": 0.30529817938804626,
          "Top": 0.2852831184864044
        },
        "Polygon": [
          {
            "X": 0.30529817938804626,
            "Y": 0.28571614623069763
          },
          {
            "X": 0.313569039106369,
            "Y": 0.2852831184864044
          },
          {
            "X": 0.31381502747535706,
            "Y": 0.291485071182251
          },
          {
            "X": 0.30554455518722534,
            "Y": 0.29191523790359497
          }
        ]
      },
      "Id": "0d268289-03e9-404e-b162-d6510bdf16a3",
      "Relationships": [
        {
          "Type": "CHILD",
          "Ids": [
            "1b80dcee-63fb-4cba-b826-048f49973f0b"
          ]
        }
      ],
      "Page": 1
    },
    {
      "BlockType": "LINE",
      "Confidence": 12.610207557678223,
      "Text": "(11)",
      "Geometry": {
        "BoundingBox": {
          "Width": 0.011561928316950798,
          "Height": 0.029406026005744934,
          "Left": 0.3045230209827423,
          "Top": 0.32137057185173035
        },
        "Polygon": [
          {
            "X": 0.3045230209827423,
            "Y": 0.3218950927257538
          },
          {
            "X": 0.3149386942386627,
            "Y": 0.32137057185173035
          },
          {
            "X": 0.31608495116233826,
            "Y": 0.35026881098747253
          },
          {
            "X": 0.30567142367362976,
            "Y": 0.3507765829563141
          }
        ]
      },
      "Id": "17dcbbca-6465-460b-8c42-45247c78df4c",
      "Relationships": [
        {
          "Type": "CHILD",
          "Ids": [
            "b77ff434-8b62-414f-9504-3c6cd47763bd"
          ]
        }
      ],
      "Page": 1
    },
    {
      "BlockType": "LINE",
      "Confidence": 66.72765350341797,
      "Text": "E",
      "Geometry": {
        "BoundingBox": {
          "Width": 0.009745392948389053,
          "Height": 0.00907804910093546,
          "Left": 0.6948871612548828,
          "Top": 0.3125394582748413
        },
        "Polygon": [
          {
            "X": 0.6948871612548828,
            "Y": 0.3130090832710266
          },
          {
            "X": 0.7043219208717346,
            "Y": 0.3125394582748413
          },
          {
            "X": 0.7046325206756592,
            "Y": 0.32115229964256287
          },
          {
            "X": 0.6951983571052551,
            "Y": 0.3216174840927124
          }
        ]
      },
      "Id": "4e4fe4b4-0670-4fa3-acad-02752562b0b6",
      "Relationships": [
        {
          "Type": "CHILD",
          "Ids": [
            "5ba198fe-60e9-4fbf-8e00-72a9aa2257a0"
          ]
        }
      ],
      "Page": 1
    },
    {
      "BlockType": "WORD",
      "Confidence": 95.6827392578125,
      "Text": "Cloud",
      "TextType": "PRINTED",
      "Geometry": {
        "BoundingBox": {
          "Width": 0.024946987628936768,
          "Height": 0.007610013708472252,
          "Left": 0.6765598058700562,
          "Top": 0.09223341196775436
        },
        "Polygon": [
          {
            "X": 0.6765598058700562,
            "Y": 0.09375887364149094
          },
          {
            "X": 0.7012873291969299,
            "Y": 0.09223341196775436
          },
          {
            "X": 0.7015067934989929,
            "Y": 0.0983261987566948
          },
          {
            "X": 0.6767804026603699,
            "Y": 0.09984342753887177
          }
        ]
      },
      "Id": "d474ad4e-506f-4af1-829d-4ae3a3593932",
      "Page": 1
    },
    {
      "BlockType": "WORD",
      "Confidence": 72.79533386230469,
      "Text": "aws",
      "TextType": "PRINTED",
      "Geometry": {
        "BoundingBox": {
          "Width": 0.046347398310899734,
          "Height": 0.015406986698508263,
          "Left": 0.6024418473243713,
          "Top": 0.0978190153837204
        },
        "Polygon": [
          {
            "X": 0.6024418473243713,
            "Y": 0.10064404457807541
          },
          {
            "X": 0.6483287215232849,
            "Y": 0.0978190153837204
          },
          {
            "X": 0.6487892866134644,
            "Y": 0.11043266952037811
          },
          {
            "X": 0.6029065847396851,
            "Y": 0.11322600394487381
          }
        ]
      },
      "Id": "c3347bf2-484b-4b76-b479-f595ad1ffb59",
      "Page": 1
    },
    {
      "BlockType": "WORD",
      "Confidence": 99.49754333496094,
      "Text": "Experience",
      "TextType": "PRINTED",
      "Geometry": {
        "BoundingBox": {
          "Width": 0.046572569757699966,
          "Height": 0.010043159127235413,
          "Left": 0.6768068075180054,
          "Top": 0.098924420773983
        },
        "Polygon": [
          {
            "X": 0.6768068075180054,
            "Y": 0.10176145285367966
          },
          {
            "X": 0.7231205701828003,
            "Y": 0.098924420773983
          },
          {
            "X": 0.723379373550415,
            "Y": 0.10614879429340363
          },
          {
            "X": 0.6770679950714111,
            "Y": 0.10896757990121841
          }
        ]
      },
      "Id": "ada632ef-f983-4d92-a1cc-287460c65a7d",
      "Page": 1
    },
    {
      "BlockType": "WORD",
      "Confidence": 97.96046447753906,
      "Text": "Preparar",
      "TextType": "PRINTED",
      "Geometry": {
        "BoundingBox": {
          "Width": 0.07987967878580093,
          "Height": 0.020533766597509384,
          "Left": 0.08654075115919113,
          "Top": 0.1419844776391983
        },
        "Polygon": [
          {
            "X": 0.08654075115919113,
            "Y": 0.14679868519306183
          },
          {
            "X": 0.1657734364271164,
            "Y": 0.1419844776391983
          },
          {
            "X": 0.16642042994499207,
            "Y": 0.15777435898780823
          },
          {
            "X": 0.08719637244939804,
            "Y": 0.16251824796199799
          }
        ]
      },
      "Id": "950f2a9d-72d7-477a-8109-0c690177e6f8",
      "Page": 1
    },
    {
      "BlockType": "WORD",
      "Confidence": 99.58500671386719,
      "Text": "dados",
      "TextType": "PRINTED",
      "Geometry": {
        "BoundingBox": {
          "Width": 0.056989386677742004,
          "Height": 0.01806367002427578,
          "Left": 0.17091412842273712,
          "Top": 0.13382107019424438
        },
        "Polygon": [
          {
            "X": 0.17091412842273712,
            "Y": 0.13726159930229187
          },
          {
            "X": 0.22731079161167145,
            "Y": 0.13382107019424438
          },
          {
            "X": 0.22790351510047913,
            "Y": 0.1484905630350113
          },
          {
            "X": 0.17151258885860443,
            "Y": 0.15188473463058472
          }
        ]
      },
      "Id": "191ee756-d0bd-4bc9-ac7f-a9cab9f53bba",
      "Page": 1
    },
    {
      "BlockType": "WORD",
      "Confidence": 99.8519287109375,
      "Text": "2025",
      "TextType": "PRINTED",
      "Geometry": {
        "BoundingBox": {
          "Width": 0.021438831463456154,
          "Height": 0.00708024762570858,
          "Left": 0.6767073273658752,
          "Top": 0.10972671210765839
        },
        "Polygon": [
          {
            "X": 0.6767073273658752,
            "Y": 0.11101655662059784
          },
          {
            "X": 0.6979371309280396,
            "Y": 0.10972671210765839
          },
          {
            "X": 0.6981461644172668,
            "Y": 0.11552383750677109
          },
          {
            "X": 0.6769172549247742,
            "Y": 0.11680696159601212
          }
        ]
      },
      "Id": "b6080720-015c-4d49-b394-b4bf5e423d32",
      "Page": 1
    },
    {
      "BlockType": "WORD",
      "Confidence": 99.49060821533203,
      "Text": "Mais",
      "TextType": "PRINTED",
      "Geometry": {
        "BoundingBox": {
          "Width": 0.02465628832578659,
          "Height": 0.010107502341270447,
          "Left": 0.10758796334266663,
          "Top": 0.18804974853992462
        },
        "Polygon": [
          {
            "X": 0.10758796334266663,
            "Y": 0.1894664168357849
          },
          {
            "X": 0.13188478350639343,
            "Y": 0.18804974853992462
          },
          {
            "X": 0.13224424421787262,
            "Y": 0.19675248861312866
          },
          {
            "X": 0.10794889181852341,
            "Y": 0.19815725088119507
          }
        ]
      },
      "Id": "12a6bd46-7f94-431d-a560-4c7320c7dca6",
      "Page": 1
    },
    {
      "BlockType": "WORD",
      "Confidence": 99.80538177490234,
      "Text": "de",
      "TextType": "PRINTED",
      "Geometry": {
        "BoundingBox": {
          "Width": 0.013648217543959618,
          "Height": 0.009271504357457161,
          "Left": 0.13548286259174347,
          "Top": 0.186541348695755
        },
        "Polygon": [
          {
            "X": 0.13548286259174347,
            "Y": 0.1873171180486679
          },
          {
            "X": 0.14878122508525848,
            "Y": 0.186541348695755
          },
          {
            "X": 0.14913107454776764,
            "Y": 0.1950434446334839
          },
          {
            "X": 0.1358334869146347,
            "Y": 0.19581285119056702
          }
        ]
      },
      "Id": "ce77c14b-92f7-45d3-993d-87d7cf7ed542",
      "Page": 1
    },
    {
      "BlockType": "WORD",
      "Confidence": 99.73760223388672,
      "Text": "50",
      "TextType": "PRINTED",
      "Geometry": {
        "BoundingBox": {
          "Width": 0.014570592902600765,
          "Height": 0.0094024408608675,
          "Left": 0.15253010392189026,
          "Top": 0.18504251539707184
        },
        "Polygon": [
          {
            "X": 0.15253010392189026,
            "Y": 0.18587234616279602
          },
          {
            "X": 0.16674908995628357,
            "Y": 0.18504251539707184
          },
          {
            "X": 0.1671006977558136,
            "Y": 0.19362197816371918
          },
          {
            "X": 0.15288254618644714,
            "Y": 0.1944449543952942
          }
        ]
      },
      "Id": "32e84f95-9460-4aa2-b7f9-76908da974fb",
      "Page": 1
    },
    {
      "BlockType": "WORD",
      "Confidence": 98.15095520019531,
      "Text": "conectores",
      "TextType": "PRINTED",
      "Geometry": {
        "BoundingBox": {
          "Width": 0.06335347145795822,
          "Height": 0.012946249917149544,
          "Left": 0.17018717527389526,
          "Top": 0.17993052303791046
        },
        "Polygon": [
          {
            "X": 0.17018717527389526,
            "Y": 0.18361029028892517
          },
          {
            "X": 0.23316526412963867,
            "Y": 0.17993052303791046
          },
          {
            "X": 0.23354065418243408,
            "Y": 0.1892297863960266
          },
          {
            "X": 0.1705666482448578,
            "Y": 0.19287677109241486
          }
        ]
      },
      "Id": "03a6bcc3-29f5-48a8-abab-359899018b08",
      "Page": 1
    },
    {
      "BlockType": "WORD",
      "Confidence": 99.8239974975586,
      "Text": "de",
      "TextType": "PRINTED",
      "Geometry": {
        "BoundingBox": {
          "Width": 0.014581877738237381,
          "Height": 0.009817940182983875,
          "Left": 0.2362525761127472,
          "Top": 0.1772036999464035
        },
        "Polygon": [
          {
            "X": 0.2362525761127472,
            "Y": 0.1780359297990799
          },
          {
            "X": 0.25047287344932556,
            "Y": 0.1772036999464035
          },
          {
            "X": 0.2508344352245331,
            "Y": 0.18619655072689056
          },
          {
            "X": 0.23661504685878754,
            "Y": 0.1870216280221939
          }
        ]
      },
      "Id": "f06dc16d-fd16-45db-8747-ad3d5824727e",
      "Page": 1
    },
    {
      "BlockType": "WORD",
      "Confidence": 99.58439636230469,
      "Text": "dados",
      "TextType": "PRINTED",
      "Geometry": {
        "BoundingBox": {
          "Width": 0.032973844558000565,
          "Height": 0.010488553903996944,
          "Left": 0.1076405867934227,
          "Top": 0.2025623619556427
        },
        "Polygon": [
          {
            "X": 0.1076405867934227,
            "Y": 0.20443694293498993
          },
          {
            "X": 0.14025859534740448,
            "Y": 0.2025623619556427
          },
          {
            "X": 0.14061443507671356,
            "Y": 0.21119219064712524
          },
          {
            "X": 0.10799837112426758,
            "Y": 0.21305091679096222
          }
        ]
      },
      "Id": "2950f4a8-e9bc-429b-a1bf-b825835fa6dc",
      "Page": 1
    },
    {
      "BlockType": "WORD",
      "Confidence": 74.41720581054688,
      "Text": "Data",
      "TextType": "PRINTED",
      "Geometry": {
        "BoundingBox": {
          "Width": 0.010860925540328026,
          "Height": 0.004767572972923517,
          "Left": 0.3291971981525421,
          "Top": 0.1919650286436081
        },
        "Polygon": [
          {
            "X": 0.3291971981525421,
            "Y": 0.19257928431034088
          },
          {
            "X": 0.33989444375038147,
            "Y": 0.1919650286436081
          },
          {
            "X": 0.3400581181049347,
            "Y": 0.19612081348896027
          },
          {
            "X": 0.3293612003326416,
            "Y": 0.19673259556293488
          }
        ]
      },
      "Id": "17209040-d659-4b07-ace2-7ba628e255e2",
      "Page": 1
    },
    {
      "BlockType": "WORD",
      "Confidence": 47.19838333129883,
      "Text": "Wrangler",
      "TextType": "PRINTED",
      "Geometry": {
        "BoundingBox": {
          "Width": 0.023090790957212448,
          "Height": 0.006198308430612087,
          "Left": 0.34153035283088684,
          "Top": 0.1902492344379425
        },
        "Polygon": [
          {
            "X": 0.34153035283088684,
            "Y": 0.19156455993652344
          },
          {
            "X": 0.36442965269088745,
            "Y": 0.1902492344379425
          },
          {
            "X": 0.3646211326122284,
            "Y": 0.19513845443725586
          },
          {
            "X": 0.34172260761260986,
            "Y": 0.19644755125045776
          }
        ]
      },
      "Id": "846cb795-130e-4bc1-8a01-7bf8d425cb10",
      "Page": 1
    },
    {
      "BlockType": "WORD",
      "Confidence": 85.7060775756836,
      "Text": "flow",
      "TextType": "PRINTED",
      "Geometry": {
        "BoundingBox": {
          "Width": 0.010368979535996914,
          "Height": 0.005113409366458654,
          "Left": 0.3792707622051239,
          "Top": 0.18730685114860535
        },
        "Polygon": [
          {
            "X": 0.3792707622051239,
            "Y": 0.18789315223693848
          },
          {
            "X": 0.3894633948802948,
            "Y": 0.18730685114860535
          },
          {
            "X": 0.3896397352218628,
            "Y": 0.19183652102947235
          },
          {
            "X": 0.37944743037223816,
            "Y": 0.19242025911808014
          }
        ]
      },
      "Id": "ec5cb947-77e3-49a1-8564-559176b595a5",
      "Page": 1
    },
    {
      "BlockType": "WORD",
      "Confidence": 99.49547576904297,
      "Text": "Visualize",
      "TextType": "PRINTED",
      "Geometry": {
        "BoundingBox": {
          "Width": 0.04792746156454086,
          "Height": 0.011839999817311764,
          "Left": 0.10738720744848251,
          "Top": 0.22238552570343018
        },
        "Polygon": [
          {
            "X": 0.10738720744848251,
            "Y": 0.2250635176897049
          },
          {
            "X": 0.15493705868721008,
            "Y": 0.22238552570343018
          },
          {
            "X": 0.15531466901302338,
            "Y": 0.23157209157943726
          },
          {
            "X": 0.10776785016059875,
            "Y": 0.23422552645206451
          }
        ]
      },
      "Id": "2e1a2f92-5842-4256-821f-9205cd98cd49",
      "Page": 1
    },
    {
      "BlockType": "WORD",
      "Confidence": 99.64391326904297,
      "Text": "sua",
      "TextType": "PRINTED",
      "Geometry": {
        "BoundingBox": {
          "Width": 0.018963970243930817,
          "Height": 0.00806600321084261,
          "Left": 0.15948444604873657,
          "Top": 0.22189755737781525
        },
        "Polygon": [
          {
            "X": 0.15948444604873657,
            "Y": 0.2229485809803009
          },
          {
            "X": 0.17816127836704254,
            "Y": 0.22189755737781525
          },
          {
            "X": 0.17844842374324799,
            "Y": 0.22891990840435028
          },
          {
            "X": 0.15977251529693604,
            "Y": 0.22996357083320618
          }
        ]
      },
      "Id": "3aa26942-9f62-406d-8eae-8210be9d86a8",
      "Page": 1
    },
    {
      "BlockType": "WORD",
      "Confidence": 99.28350830078125,
      "Text": "pipeline",
      "TextType": "PRINTED",
      "Geometry": {
        "BoundingBox": {
          "Width": 0.046475525945425034,
          "Height": 0.014003032818436623,
          "Left": 0.1818484365940094,
          "Top": 0.2159804403781891
        },
        "Polygon": [
          {
            "X": 0.1818484365940094,
            "Y": 0.21857775747776031
          },
          {
            "X": 0.22786164283752441,
            "Y": 0.2159804403781891
          },
          {
            "X": 0.22832396626472473,
            "Y": 0.22741562128067017
          },
          {
            "X": 0.1823144257068634,
            "Y": 0.22998347878456116
          }
        ]
      },
      "Id": "8161150a-6a6f-4830-a053-22614a7f8abd",
      "Page": 1
    },
    {
      "BlockType": "WORD",
      "Confidence": 99.84878540039062,
      "Text": "de",
      "TextType": "PRINTED",
      "Geometry": {
        "BoundingBox": {
          "Width": 0.014290343970060349,
          "Height": 0.009648401290178299,
          "Left": 0.23167254030704498,
          "Top": 0.21457582712173462
        },
        "Polygon": [
          {
            "X": 0.23167254030704498,
            "Y": 0.21536262333393097
          },
          {
            "X": 0.24560578167438507,
            "Y": 0.21457582712173462
          },
          {
            "X": 0.24596288800239563,
            "Y": 0.22344432771205902
          },
          {
            "X": 0.23203051090240479,
            "Y": 0.22422422468662262
          }
        ]
      },
      "Id": "63f5bd35-a4ef-4284-bdf6-dd9a3dfe1dc8",
      "Page": 1
    },
    {
      "BlockType": "WORD",
      "Confidence": 77.93155670166016,
      "Text": "G",
      "TextType": "PRINTED",
      "Geometry": {
        "BoundingBox": {
          "Width": 0.007819180376827717,
          "Height": 0.006318965926766396,
          "Left": 0.3046850860118866,
          "Top": 0.2096852958202362
        },
        "Polygon": [
          {
            "X": 0.3046850860118866,
            "Y": 0.21011410653591156
          },
          {
            "X": 0.3122706115245819,
            "Y": 0.2096852958202362
          },
          {
            "X": 0.31250426173210144,
            "Y": 0.21557793021202087
          },
          {
            "X": 0.30491903424263,
            "Y": 0.21600425243377686
          }
        ]
      },
      "Id": "228d61b8-aadb-4180-8d79-271a40eed758",
      "Page": 1
    },
    {
      "BlockType": "WORD",
      "Confidence": 93.17457580566406,
      "Text": "Edit",
      "TextType": "PRINTED",
      "Geometry": {
        "BoundingBox": {
          "Width": 0.010348301380872726,
          "Height": 0.004977152217179537,
          "Left": 0.6068474054336548,
          "Top": 0.19697217643260956
        },
        "Polygon": [
          {
            "X": 0.6068474054336548,
            "Y": 0.19754551351070404
          },
          {
            "X": 0.6170334219932556,
            "Y": 0.19697217643260956
          },
          {
            "X": 0.617195725440979,
            "Y": 0.2013784497976303
          },
          {
            "X": 0.607010006904602,
            "Y": 0.2019493281841278
          }
        ]
      },
      "Id": "b4ff41e6-038a-4ca5-ad94-beb6e5c96136",
      "Page": 1
    },
    {
      "BlockType": "WORD",
      "Confidence": 95.12609100341797,
      "Text": "analysis",
      "TextType": "PRINTED",
      "Geometry": {
        "BoundingBox": {
          "Width": 0.021332873031497,
          "Height": 0.005661943461745977,
          "Left": 0.6190025806427002,
          "Top": 0.1959625631570816
        },
        "Polygon": [
          {
            "X": 0.6190025806427002,
            "Y": 0.1971537470817566
          },
          {
            "X": 0.6401715874671936,
            "Y": 0.1959625631570816
          },
          {
            "X": 0.6403355002403259,
            "Y": 0.2004384994506836
          },
          {
            "X": 0.6191672086715698,
            "Y": 0.20162451267242432
          }
        ]
      },
      "Id": "60ce839a-1a3c-42c3-8982-0ab86afd75be",
      "Page": 1
    },
    {
      "BlockType": "WORD",
      "Confidence": 8.6427640914917,
      "Text": "TempArating",
      "TextType": "PRINTED",
      "Geometry": {
        "BoundingBox": {
          "Width": 0.02596192993223667,
          "Height": 0.0057072993367910385,
          "Left": 0.3838914930820465,
          "Top": 0.21447329223155975
        },
        "Polygon": [
          {
            "X": 0.3838914930820465,
            "Y": 0.21591702103614807
          },
          {
            "X": 0.40968796610832214,
            "Y": 0.21447329223155975
          },
          {
            "X": 0.40985342860221863,
            "Y": 0.2187429666519165
          },
          {
            "X": 0.3840577304363251,
            "Y": 0.22018060088157654
          }
        ]
      },
      "Id": "53e2ee78-ad2f-423a-be39-f7d9e5e8784f",
      "Page": 1
    },
    {
      "BlockType": "WORD",
      "Confidence": 60.05412292480469,
      "Text": "@",
      "TextType": "PRINTED",
      "Geometry": {
        "BoundingBox": {
          "Width": 0.008417230099439621,
          "Height": 0.006248379126191139,
          "Left": 0.3044619858264923,
          "Top": 0.22464637458324432
        },
        "Polygon": [
          {
            "X": 0.3044619858264923,
            "Y": 0.22510245442390442
          },
          {
            "X": 0.3126494288444519,
            "Y": 0.22464637458324432
          },
          {
            "X": 0.31287920475006104,
            "Y": 0.23044131696224213
          },
          {
            "X": 0.3046920895576477,
            "Y": 0.23089474439620972
          }
        ]
      },
      "Id": "d819a3ab-342d-4bd3-a70c-8fd4ea879f34",
      "Page": 1
    },
    {
      "BlockType": "WORD",
      "Confidence": 97.03042602539062,
      "Text": "preparação",
      "TextType": "PRINTED",
      "Geometry": {
        "BoundingBox": {
          "Width": 0.06243524327874184,
          "Height": 0.01491829939186573,
          "Left": 0.10761293023824692,
          "Top": 0.23600278794765472
        },
        "Polygon": [
          {
            "X": 0.10761293023824692,
            "Y": 0.23944273591041565
          },
          {
            "X": 0.16957619786262512,
            "Y": 0.23600278794765472
          },
          {
            "X": 0.17004817724227905,
            "Y": 0.24752120673656464
          },
          {
            "X": 0.10808984190225601,
            "Y": 0.2509211003780365
          }
        ]
      },
      "Id": "36b3db10-f32f-4ff8-9bdf-dafa2affecf2",
      "Page": 1
    },
    {
      "BlockType": "WORD",
      "Confidence": 99.83914184570312,
      "Text": "de",
      "TextType": "PRINTED",
      "Geometry": {
        "BoundingBox": {
          "Width": 0.014033020474016666,
          "Height": 0.009540907107293606,
          "Left": 0.17347045242786407,
          "Top": 0.23461946845054626
        },
        "Polygon": [
          {
            "X": 0.17347045242786407,
            "Y": 0.2353789359331131
          },
          {
            "X": 0.18714480102062225,
            "Y": 0.23461946845054626
          },
          {
            "X": 0.18750347197055817,
            "Y": 0.24340766668319702
          },
          {
            "X": 0.17382997274398804,
            "Y": 0.24416038393974304
          }
        ]
      },
      "Id": "1a15c180-d107-4c45-afc1-895651200a3d",
      "Page": 1
    },
    {
      "BlockType": "WORD",
      "Confidence": 99.57843780517578,
      "Text": "dados",
      "TextType": "PRINTED",
      "Geometry": {
        "BoundingBox": {
          "Width": 0.03438333794474602,
          "Height": 0.01100554782897234,
          "Left": 0.19090008735656738,
          "Top": 0.23168814182281494
        },
        "Polygon": [
          {
            "X": 0.19090008735656738,
            "Y": 0.23357880115509033
          },
          {
            "X": 0.22491391003131866,
            "Y": 0.23168814182281494
          },
          {
            "X": 0.2252834290266037,
            "Y": 0.24082042276859283
          },
          {
            "X": 0.19127178192138672,
            "Y": 0.242693692445755
          }
        ]
      },
      "Id": "3dd26b0b-75f0-4ca2-993e-caf27bb0b1e5",
      "Page": 1
    },
    {
      "BlockType": "WORD",
      "Confidence": 54.811126708984375,
      "Text": "-",
      "TextType": "PRINTED",
      "Geometry": {
        "BoundingBox": {
          "Width": 0.013198355212807655,
          "Height": 0.003933330066502094,
          "Left": 0.3021330237388611,
          "Top": 0.23201964795589447
        },
        "Polygon": [
          {
            "X": 0.3021330237388611,
            "Y": 0.2327423393726349
          },
          {
            "X": 0.31520405411720276,
            "Y": 0.23201964795589447
          },
          {
            "X": 0.315331369638443,
            "Y": 0.2352326214313507
          },
          {
            "X": 0.3022606372833252,
            "Y": 0.2359529733657837
          }
        ]
      },
      "Id": "e7df4300-6023-47ed-a9a6-d65a422fc8c6",
      "Page": 1
    },
    {
      "BlockType": "WORD",
      "Confidence": 64.517578125,
      "Text": "6",
      "TextType": "PRINTED",
      "Geometry": {
        "BoundingBox": {
          "Width": 0.007982142269611359,
          "Height": 0.005969435907900333,
          "Left": 0.3050706088542938,
          "Top": 0.23974832892417908
        },
        "Polygon": [
          {
            "X": 0.3050706088542938,
            "Y": 0.24017424881458282
          },
          {
            "X": 0.3128328323364258,
            "Y": 0.23974832892417908
          },
          {
            "X": 0.3130527436733246,
            "Y": 0.2452942430973053
          },
          {
            "X": 0.3052908480167389,
            "Y": 0.24571776390075684
          }
        ]
      },
      "Id": "2f6486f1-9a86-447c-8b70-9d4b13a940e9",
      "Page": 1
    },
    {
      "BlockType": "WORD",
      "Confidence": 97.29097747802734,
      "Text": "av",
      "TextType": "PRINTED",
      "Geometry": {
        "BoundingBox": {
          "Width": 0.09700983017683029,
          "Height": 0.05870101973414421,
          "Left": 0.9029901623725891,
          "Top": 0.16513322293758392
        },
        "Polygon": [
          {
            "X": 0.9029901623725891,
            "Y": 0.17065639793872833
          },
          {
            "X": 1,
            "Y": 0.16513322293758392
          },
          {
            "X": 1,
            "Y": 0.21858994662761688
          },
          {
            "X": 0.9048082232475281,
            "Y": 0.22383424639701843
          }
        ]
      },
      "Id": "cf759f61-b878-4bc5-8567-7ce670aa240d",
      "Page": 1
    },
    {
      "BlockType": "WORD",
      "Confidence": 30.931129455566406,
      "Text": "-",
      "TextType": "PRINTED",
      "Geometry": {
        "BoundingBox": {
          "Width": 0.01582574099302292,
          "Height": 0.004541214555501938,
          "Left": 0.3013012707233429,
          "Top": 0.24668948352336884
        },
        "Polygon": [
          {
            "X": 0.3013012707233429,
            "Y": 0.24754361808300018
          },
          {
            "X": 0.3169808089733124,
            "Y": 0.24668948352336884
          },
          {
            "X": 0.3171270191669464,
            "Y": 0.2503798007965088
          },
          {
            "X": 0.30144789814949036,
            "Y": 0.2512306869029999
          }
        ]
      },
      "Id": "95fd444e-3569-460f-8152-c6b46d42268c",
      "Page": 1
    },
    {
      "BlockType": "WORD",
      "Confidence": 90.54730987548828,
      "Text": "Informações",
      "TextType": "PRINTED",
      "Geometry": {
        "BoundingBox": {
          "Width": 0.06931803375482559,
          "Height": 0.01484864205121994,
          "Left": 0.107928067445755,
          "Top": 0.25693246722221375
        },
        "Polygon": [
          {
            "X": 0.107928067445755,
            "Y": 0.2606737017631531
          },
          {
            "X": 0.17678986489772797,
            "Y": 0.25693246722221375
          },
          {
            "X": 0.1772461086511612,
            "Y": 0.26808297634124756
          },
          {
            "X": 0.10838962346315384,
            "Y": 0.2717811167240143
          }
        ]
      },
      "Id": "c7df6b05-8b0b-461a-9cff-f62de115a286",
      "Page": 1
    },
    {
      "BlockType": "WORD",
      "Confidence": 98.7796859741211,
      "Text": "valiosas",
      "TextType": "PRINTED",
      "Geometry": {
        "BoundingBox": {
          "Width": 0.04435618966817856,
          "Height": 0.010658960789442062,
          "Left": 0.18029747903347015,
          "Top": 0.25428450107574463
        },
        "Polygon": [
          {
            "X": 0.18029747903347015,
            "Y": 0.2566763162612915
          },
          {
            "X": 0.22431820631027222,
            "Y": 0.25428450107574463
          },
          {
            "X": 0.22465366125106812,
            "Y": 0.26257210969924927
          },
          {
            "X": 0.1806354820728302,
            "Y": 0.2649434804916382
          }
        ]
      },
      "Id": "c79f892e-e5d1-4f62-b759-cbbe684e2399",
      "Page": 1
    },
    {
      "BlockType": "WORD",
      "Confidence": 99.78985595703125,
      "Text": "de",
      "TextType": "PRINTED",
      "Geometry": {
        "BoundingBox": {
          "Width": 0.013898235745728016,
          "Height": 0.008884549140930176,
          "Left": 0.22932285070419312,
          "Top": 0.2524484694004059
        },
        "Polygon": [
          {
            "X": 0.22932285070419312,
            "Y": 0.25318634510040283
          },
          {
            "X": 0.24289248883724213,
            "Y": 0.2524484694004059
          },
          {
            "X": 0.24322108924388885,
            "Y": 0.260601282119751
          },
          {
            "X": 0.22965222597122192,
            "Y": 0.26133298873901367
          }
        ]
      },
      "Id": "21f8cacb-458e-418c-b022-31428eee7b68",
      "Page": 1
    },
    {
      "BlockType": "WORD",
      "Confidence": 10.181294441223145,
      "Text": "(",
      "TextType": "PRINTED",
      "Geometry": {
        "BoundingBox": {
          "Width": 0.009284120984375477,
          "Height": 0.008536008186638355,
          "Left": 0.30406880378723145,
          "Top": 0.25479987263679504
        },
        "Polygon": [
          {
            "X": 0.30406880378723145,
            "Y": 0.25528430938720703
          },
          {
            "X": 0.31303343176841736,
            "Y": 0.25479987263679504
          },
          {
            "X": 0.31335291266441345,
            "Y": 0.2628554701805115
          },
          {
            "X": 0.30438879132270813,
            "Y": 0.2633358836174011
          }
        ]
      },
      "Id": "eabf3721-6e09-4102-9d92-937224316ac1",
      "Page": 1
    },
    {
      "BlockType": "WORD",
      "Confidence": 99.41719055175781,
      "Text": "dados",
      "TextType": "PRINTED",
      "Geometry": {
        "BoundingBox": {
          "Width": 0.03298414871096611,
          "Height": 0.010165076702833176,
          "Left": 0.10801355540752411,
          "Top": 0.27447018027305603
        },
        "Polygon": [
          {
            "X": 0.10801355540752411,
            "Y": 0.27621495723724365
          },
          {
            "X": 0.14064966142177582,
            "Y": 0.27447018027305603
          },
          {
            "X": 0.14099770784378052,
            "Y": 0.2829059660434723
          },
          {
            "X": 0.10836349427700043,
            "Y": 0.2846352458000183
          }
        ]
      },
      "Id": "8412ba5f-5b62-45d7-b1f7-89b964baca8c",
      "Page": 1
    },
    {
      "BlockType": "WORD",
      "Confidence": 98.96018981933594,
      "Text": "fornecidas",
      "TextType": "PRINTED",
      "Geometry": {
        "BoundingBox": {
          "Width": 0.059340156614780426,
          "Height": 0.012156879529356956,
          "Left": 0.144230917096138,
          "Top": 0.2700570821762085
        },
        "Polygon": [
          {
            "X": 0.144230917096138,
            "Y": 0.27321335673332214
          },
          {
            "X": 0.2032037228345871,
            "Y": 0.2700570821762085
          },
          {
            "X": 0.20357106626033783,
            "Y": 0.27908751368522644
          },
          {
            "X": 0.1446019411087036,
            "Y": 0.28221395611763
          }
        ]
      },
      "Id": "c5088235-9693-4710-a90d-c8cfe0b7cfde",
      "Page": 1
    },
    {
      "BlockType": "WORD",
      "Confidence": 99.51882934570312,
      "Text": "por",
      "TextType": "PRINTED",
      "Geometry": {
        "BoundingBox": {
          "Width": 0.01960941217839718,
          "Height": 0.009459552355110645,
          "Left": 0.20701095461845398,
          "Top": 0.2703418731689453
        },
        "Polygon": [
          {
            "X": 0.20701095461845398,
            "Y": 0.2713714838027954
          },
          {
            "X": 0.2262788861989975,
            "Y": 0.2703418731689453
          },
          {
            "X": 0.2266203761100769,
            "Y": 0.2787809371948242
          },
          {
            "X": 0.20735357701778412,
            "Y": 0.2798014283180237
          }
        ]
      },
      "Id": "577f7bbc-005a-4767-b168-11ef3f5502c9",
      "Page": 1
    },
    {
      "BlockType": "WORD",
      "Confidence": 99.87957763671875,
      "Text": "ML",
      "TextType": "PRINTED",
      "Geometry": {
        "BoundingBox": {
          "Width": 0.01733209565281868,
          "Height": 0.00884217582643032,
          "Left": 0.23040880262851715,
          "Top": 0.2677919864654541
        },
        "Polygon": [
          {
            "X": 0.23040880262851715,
            "Y": 0.2687024176120758
          },
          {
            "X": 0.24742119014263153,
            "Y": 0.2677919864654541
          },
          {
            "X": 0.24774089455604553,
            "Y": 0.27573129534721375
          },
          {
            "X": 0.23072946071624756,
            "Y": 0.276634156703949
          }
        ]
      },
      "Id": "9ede03a7-70df-4e7e-8988-69508473cd49",
      "Page": 1
    },
    {
      "BlockType": "WORD",
      "Confidence": 40.589988708496094,
      "Text": "&",
      "TextType": "PRINTED",
      "Geometry": {
        "BoundingBox": {
          "Width": 0.009309742599725723,
          "Height": 0.007366503123193979,
          "Left": 0.30415889620780945,
          "Top": 0.2703004479408264
        },
        "Polygon": [
          {
            "X": 0.30415889620780945,
            "Y": 0.2707810401916504
          },
          {
            "X": 0.3131953775882721,
            "Y": 0.2703004479408264
          },
          {
            "X": 0.3134686350822449,
            "Y": 0.27718982100486755
          },
          {
            "X": 0.30443257093429565,
            "Y": 0.27766695618629456
          }
        ]
      },
      "Id": "43340256-4e1e-486b-8d08-a2a0940cbc54",
      "Page": 1
    },
    {
      "BlockType": "WORD",
      "Confidence": 94.74595642089844,
      "Text": "Visualizações",
      "TextType": "PRINTED",
      "Geometry": {
        "BoundingBox": {
          "Width": 0.07426246255636215,
          "Height": 0.014655133709311485,
          "Left": 0.10754022747278214,
          "Top": 0.2929910719394684
        },
        "Polygon": [
          {
            "X": 0.10754022747278214,
            "Y": 0.29685258865356445
          },
          {
            "X": 0.18135952949523926,
            "Y": 0.2929910719394684
          },
          {
            "X": 0.1818026900291443,
            "Y": 0.30382952094078064
          },
          {
            "X": 0.10798893868923187,
            "Y": 0.3076461851596832
          }
        ]
      },
      "Id": "628da254-0a55-4d55-a1ff-2b53cf3eed75",
      "Page": 1
    },
    {
      "BlockType": "WORD",
      "Confidence": 99.36164855957031,
      "Text": "integradas",
      "TextType": "PRINTED",
      "Geometry": {
        "BoundingBox": {
          "Width": 0.06119900941848755,
          "Height": 0.01429983600974083,
          "Left": 0.18525336682796478,
          "Top": 0.2888559103012085
        },
        "Polygon": [
          {
            "X": 0.18525336682796478,
            "Y": 0.2920362949371338
          },
          {
            "X": 0.24600283801555634,
            "Y": 0.2888559103012085
          },
          {
            "X": 0.24645237624645233,
            "Y": 0.3000132441520691
          },
          {
            "X": 0.18570761382579803,
            "Y": 0.3031557500362396
          }
        ]
      },
      "Id": "0589630c-d1d8-420d-8da1-5740e4c2de8c",
      "Page": 1
    },
    {
      "BlockType": "WORD",
      "Confidence": 64.12006378173828,
      "Text": "@",
      "TextType": "PRINTED",
      "Geometry": {
        "BoundingBox": {
          "Width": 0.008516856469213963,
          "Height": 0.006632120348513126,
          "Left": 0.30529817938804626,
          "Top": 0.2852831184864044
        },
        "Polygon": [
          {
            "X": 0.30529817938804626,
            "Y": 0.28571614623069763
          },
          {
            "X": 0.313569039106369,
            "Y": 0.2852831184864044
          },
          {
            "X": 0.31381502747535706,
            "Y": 0.291485071182251
          },
          {
            "X": 0.30554455518722534,
            "Y": 0.29191523790359497
          }
        ]
      },
      "Id": "1b80dcee-63fb-4cba-b826-048f49973f0b",
      "Page": 1
    },
    {
      "BlockType": "WORD",
      "Confidence": 12.610207557678223,
      "Text": "(11)",
      "TextType": "PRINTED",
      "Geometry": {
        "BoundingBox": {
          "Width": 0.011561928316950798,
          "Height": 0.029406026005744934,
          "Left": 0.3045230209827423,
          "Top": 0.32137057185173035
        },
        "Polygon": [
          {
            "X": 0.3045230209827423,
            "Y": 0.3218950927257538
          },
          {
            "X": 0.3149386942386627,
            "Y": 0.32137057185173035
          },
          {
            "X": 0.31608495116233826,
            "Y": 0.35026881098747253
          },
          {
            "X": 0.30567142367362976,
            "Y": 0.3507765829563141
          }
        ]
      },
      "Id": "b77ff434-8b62-414f-9504-3c6cd47763bd",
      "Page": 1
    },
    {
      "BlockType": "WORD",
      "Confidence": 66.72765350341797,
      "Text": "E",
      "TextType": "PRINTED",
      "Geometry": {
        "BoundingBox": {
          "Width": 0.009745392948389053,
          "Height": 0.00907804910093546,
          "Left": 0.6948871612548828,
          "Top": 0.3125394582748413
        },
        "Polygon": [
          {
            "X": 0.6948871612548828,
            "Y": 0.3130090832710266
          },
          {
            "X": 0.7043219208717346,
            "Y": 0.3125394582748413
          },
          {
            "X": 0.7046325206756592,
            "Y": 0.32115229964256287
          },
          {
            "X": 0.6951983571052551,
            "Y": 0.3216174840927124
          }
        ]
      },
      "Id": "5ba198fe-60e9-4fbf-8e00-72a9aa2257a0",
      "Page": 1
    }
  ],
  "DetectDocumentTextModelVersion": "1.0"
}