{
  "DocumentMetadata": {
    "Pages": 1
  },
  "JobStatus": "SUCCEEDED",
  "Blocks": [
    {
      "BlockType": "PAGE",
      "Geometry": {
        "BoundingBox": {
          "Width": 1,
          "Height": 1,
          "Left": 0,
          "Top": 0
        },
        "Polygon": [
          {
            "X": 0,
            "Y": 0.00008928079478209838
          },
          {
            "X": 1,
            "Y": 0
          },
          {
            "X": 1,
            "Y": 1
          },
          {
            "X": 0.000025085675588343292,
            "Y": 1
          }
        ]
      },
      "Id": "74cdcd46-62f9-4486-943f-03a5260eb5df",
      "Relationships": [
        {
          "Type": "CHILD",
          "Ids": [
            "f58f6996-bd79-4a22-9967-3946bb164810",
            "6995cf47-60c0-453f-852e-61def83e37e9",
            "630cec60-1f25-4814-82ca-76477a7034e9",
            "dff18e87-918f-4543-bfb0-a3a64a90afc2",
            "ba88b63b-f305-4dce-b471-6b23d7c3b135",
            "d1c5c218-f1b8-4bf9-bf69-9b6287e91252",
            "f23fcdee-f7ce-425a-81e5-c00bc8fc4286",
            "66d6b9c2-ef80-48e5-b39e-095dfa795c83",
            "54fc823e-e954-454e-a331-0ffd04eb50dd",
            "10adb00e-27db-4bce-ae30-ea83d3dbfe89",
            "24a0842a-beeb-4345-86ab-14dfdcf30352"
          ]
        }
      ],
      "Page": 1
    },
    {
      "BlockType": "LINE",
      "Confidence": 99.13179016113281,
      "Text": "Cloud",
      "Geometry": {
        "BoundingBox": {
          "Width": 0.025312412530183792,
          "Height": 0.00734569039195776,
          "Left": 0.7213347554206848,
          "Top": 0.15599370002746582
        },
        "Polygon": [
          {
            "X": 0.7213945984840393,
            "Y": 0.15644247829914093
          },
          {
            "X": 0.7466471791267395,
            "Y": 0.15599370002746582
          },
          {
            "X": 0.7465841770172119,
            "Y": 0.16289326548576355
          },
          {
            "X": 0.7213347554206848,
            "Y": 0.16333939135074615
          }
        ]
      },
      "Id": "f58f6996-bd79-4a22-9967-3946bb164810",
      "Relationships": [
        {
          "Type": "CHILD",
          "Ids": [
            "0c246e66-b56f-44a9-ba3f-382ece6d346b"
          ]
        }
      ],
      "Page": 1
    },
    {
      "BlockType": "LINE",
      "Confidence": 98.52092742919922,
      "Text": "aws",
      "Geometry": {
        "BoundingBox": {
          "Width": 0.04606000706553459,
          "Height": 0.014760098420083523,
          "Left": 0.6490491032600403,
          "Top": 0.1601094752550125
        },
        "Polygon": [
          {
            "X": 0.6491519808769226,
            "Y": 0.1609240174293518
          },
          {
            "X": 0.6951090693473816,
            "Y": 0.1601094752550125
          },
          {
            "X": 0.6949945688247681,
            "Y": 0.17406484484672546
          },
          {
            "X": 0.6490491032600403,
            "Y": 0.174869567155838
          }
        ]
      },
      "Id": "6995cf47-60c0-453f-852e-61def83e37e9",
      "Relationships": [
        {
          "Type": "CHILD",
          "Ids": [
            "ee897ef0-fc7c-43ed-bb01-fde1754e698d"
          ]
        }
      ],
      "Page": 1
    },
    {
      "BlockType": "LINE",
      "Confidence": 99.6822280883789,
      "Text": "Experience",
      "Geometry": {
        "BoundingBox": {
          "Width": 0.04615567997097969,
          "Height": 0.008740822784602642,
          "Left": 0.7212110757827759,
          "Top": 0.16269372403621674
        },
        "Polygon": [
          {
            "X": 0.7212798595428467,
            "Y": 0.16350789368152618
          },
          {
            "X": 0.7673667669296265,
            "Y": 0.16269372403621674
          },
          {
            "X": 0.7672913074493408,
            "Y": 0.1706259548664093
          },
          {
            "X": 0.7212110757827759,
            "Y": 0.17143453657627106
          }
        ]
      },
      "Id": "630cec60-1f25-4814-82ca-76477a7034e9",
      "Relationships": [
        {
          "Type": "CHILD",
          "Ids": [
            "1b670a2c-7fa7-4566-9530-cc51ba3fa229"
          ]
        }
      ],
      "Page": 1
    },
    {
      "BlockType": "LINE",
      "Confidence": 99.73865509033203,
      "Text": "2025",
      "Geometry": {
        "BoundingBox": {
          "Width": 0.021224752068519592,
          "Height": 0.007301698438823223,
          "Left": 0.7211074233055115,
          "Top": 0.17188648879528046
        },
        "Polygon": [
          {
            "X": 0.7211675643920898,
            "Y": 0.17225760221481323
          },
          {
            "X": 0.7423321604728699,
            "Y": 0.17188648879528046
          },
          {
            "X": 0.7422693371772766,
            "Y": 0.17881931364536285
          },
          {
            "X": 0.7211074233055115,
            "Y": 0.17918819189071655
          }
        ]
      },
      "Id": "dff18e87-918f-4543-bfb0-a3a64a90afc2",
      "Relationships": [
        {
          "Type": "CHILD",
          "Ids": [
            "1d88e887-5611-41d8-8603-da68a05f3479"
          ]
        }
      ],
      "Page": 1
    },
    {
      "BlockType": "LINE",
      "Confidence": 99.46417236328125,
      "Text": "Agenda",
      "Geometry": {
        "BoundingBox": {
          "Width": 0.06662619113922119,
          "Height": 0.02060484141111374,
          "Left": 0.15853700041770935,
          "Top": 0.1948317438364029
        },
        "Polygon": [
          {
            "X": 0.15853700041770935,
            "Y": 0.19598598778247833
          },
          {
            "X": 0.22515802085399628,
            "Y": 0.1948317438364029
          },
          {
            "X": 0.22516319155693054,
            "Y": 0.21430233120918274
          },
          {
            "X": 0.15856553614139557,
            "Y": 0.21543659269809723
          }
        ]
      },
      "Id": "ba88b63b-f305-4dce-b471-6b23d7c3b135",
      "Relationships": [
        {
          "Type": "CHILD",
          "Ids": [
            "54ba59d8-b70f-4afe-a1bc-60fd866094a3"
          ]
        }
      ],
      "Page": 1
    },
    {
      "BlockType": "LINE",
      "Confidence": 99.72520446777344,
      "Text": "Cloud",
      "Geometry": {
        "BoundingBox": {
          "Width": 0.04822097718715668,
          "Height": 0.015564676374197006,
          "Left": 0.0013345308834686875,
          "Top": 0.26300355792045593
        },
        "Polygon": [
          {
            "X": 0.0013345308834686875,
            "Y": 0.26379063725471497
          },
          {
            "X": 0.04950466379523277,
            "Y": 0.26300355792045593
          },
          {
            "X": 0.04955550655722618,
            "Y": 0.27779215574264526
          },
          {
            "X": 0.001398194581270218,
            "Y": 0.27856823801994324
          }
        ]
      },
      "Id": "d1c5c218-f1b8-4bf9-bf69-9b6287e91252",
      "Relationships": [
        {
          "Type": "CHILD",
          "Ids": [
            "d7a53d6a-8ce4-4349-a1cf-0256053c99b5"
          ]
        }
      ],
      "Page": 1
    },
    {
      "BlockType": "LINE",
      "Confidence": 99.6499252319336,
      "Text": "Abordagem da AWS para uso seguro da IA",
      "Geometry": {
        "BoundingBox": {
          "Width": 0.3697377145290375,
          "Height": 0.036304112523794174,
          "Left": 0.3175401985645294,
          "Top": 0.238250270485878
        },
        "Polygon": [
          {
            "X": 0.31758254766464233,
            "Y": 0.24437035620212555
          },
          {
            "X": 0.6872779130935669,
            "Y": 0.238250270485878
          },
          {
            "X": 0.6870327591896057,
            "Y": 0.2686057984828949
          },
          {
            "X": 0.3175401985645294,
            "Y": 0.27455437183380127
          }
        ]
      },
      "Id": "f23fcdee-f7ce-425a-81e5-c00bc8fc4286",
      "Relationships": [
        {
          "Type": "CHILD",
          "Ids": [
            "d100501b-ddf1-4a8e-af86-eaa69abb9b14",
            "fec33707-4c1e-4787-865d-95e12b1e68e8",
            "fc0ce218-c1b4-4296-8806-a16226ae5d4c",
            "34504f46-aee4-4dff-8d82-79e873d09d30",
            "2ba6e2c3-51a6-4712-a1de-47ce5d3fd97e",
            "5e39d0b7-a061-4095-b12b-d8df02fd8239",
            "2587e9c8-09d9-421c-a5a7-814aafbcf171",
            "f9f1e36c-c0aa-4e89-b26c-adb57af4d0f9"
          ]
        }
      ],
      "Page": 1
    },
    {
      "BlockType": "LINE",
      "Confidence": 99.7669677734375,
      "Text": "Experience",
      "Geometry": {
        "BoundingBox": {
          "Width": 0.08991817384958267,
          "Height": 0.018389027565717697,
          "Left": 0,
          "Top": 0.2814089357852936
        },
        "Polygon": [
          {
            "X": 0,
            "Y": 0.2828543484210968
          },
          {
            "X": 0.08987218886613846,
            "Y": 0.2814089357852936
          },
          {
            "X": 0.08991817384958267,
            "Y": 0.29837608337402344
          },
          {
            "X": 0,
            "Y": 0.2997979521751404
          }
        ]
      },
      "Id": "66d6b9c2-ef80-48e5-b39e-095dfa795c83",
      "Relationships": [
        {
          "Type": "CHILD",
          "Ids": [
            "ded4448e-209e-4bf2-b920-0f76a7cdca1f"
          ]
        }
      ],
      "Page": 1
    },
    {
      "BlockType": "LINE",
      "Confidence": 99.78622436523438,
      "Text": "2025",
      "Geometry": {
        "BoundingBox": {
          "Width": 0.03862911835312843,
          "Height": 0.01299909595400095,
          "Left": 0,
          "Top": 0.30349063873291016
        },
        "Polygon": [
          {
            "X": 0,
            "Y": 0.304106205701828
          },
          {
            "X": 0.038584038615226746,
            "Y": 0.30349063873291016
          },
          {
            "X": 0.03862911835312843,
            "Y": 0.3158816397190094
          },
          {
            "X": 0,
            "Y": 0.31648972630500793
          }
        ]
      },
      "Id": "54fc823e-e954-454e-a331-0ffd04eb50dd",
      "Relationships": [
        {
          "Type": "CHILD",
          "Ids": [
            "325c9ccd-fc9c-4147-a285-3109d69cafe0"
          ]
        }
      ],
      "Page": 1
    },
    {
      "BlockType": "LINE",
      "Confidence": 98.20026397705078,
      "Text": "Camada de aplicação: Segurança para Amazon Q",
      "Geometry": {
        "BoundingBox": {
          "Width": 0.43597733974456787,
          "Height": 0.0323495976626873,
          "Left": 0.3234993517398834,
          "Top": 0.29751160740852356
        },
        "Polygon": [
          {
            "X": 0.3235379457473755,
            "Y": 0.30433356761932373
          },
          {
            "X": 0.7594766616821289,
            "Y": 0.29751160740852356
          },
          {
            "X": 0.7592353820800781,
            "Y": 0.32321012020111084
          },
          {
            "X": 0.3234993517398834,
            "Y": 0.32986119389533997
          }
        ]
      },
      "Id": "10adb00e-27db-4bce-ae30-ea83d3dbfe89",
      "Relationships": [
        {
          "Type": "CHILD",
          "Ids": [
            "5353a10f-ef73-44f4-8689-6e9253749b1c",
            "a201063c-c52b-4545-bdaf-ebec3abd8875",
            "668a0cb2-8c3e-49f5-946a-af9dd5c8a269",
            "e63f419f-e304-4530-bc62-c4ecb9974bb1",
            "e875f303-9d23-499d-87ec-496f4cc03131",
            "a30ba0b5-b35b-402d-9eed-af30e22fdb34",
            "0d143b89-4ea0-4067-96df-cf7da67f3244"
          ]
        }
      ],
      "Page": 1
    },
    {
      "BlockType": "LINE",
      "Confidence": 99.42110443115234,
      "Text": "Data flow e ferramentas para proteção",
      "Geometry": {
        "BoundingBox": {
          "Width": 0.33766061067581177,
          "Height": 0.022796984761953354,
          "Left": 0.3217460811138153,
          "Top": 0.3641187846660614
        },
        "Polygon": [
          {
            "X": 0.3217725157737732,
            "Y": 0.36907297372817993
          },
          {
            "X": 0.6594066619873047,
            "Y": 0.3641187846660614
          },
          {
            "X": 0.6592705249786377,
            "Y": 0.3820539712905884
          },
          {
            "X": 0.3217460811138153,
            "Y": 0.38691577315330505
          }
        ]
      },
      "Id": "24a0842a-beeb-4345-86ab-14dfdcf30352",
      "Relationships": [
        {
          "Type": "CHILD",
          "Ids": [
            "29a8bbd2-3470-4bcc-8c6c-cc0496469c2c",
            "aac6c4bf-4281-4eec-b36f-1fa0a76e714a",
            "e8c98bda-d05f-4017-9db6-0c39391a3389",
            "cad9df1b-762a-4cbd-994d-568d3b3595f3",
            "500ced1b-4ed7-43e2-8ec6-0ede8daf2d37",
            "94eff509-bd00-4e9a-99c2-2a809a1867b7"
          ]
        }
      ],
      "Page": 1
    },
    {
      "BlockType": "WORD",
      "Confidence": 99.13179016113281,
      "Text": "Cloud",
      "TextType": "PRINTED",
      "Geometry": {
        "BoundingBox": {
          "Width": 0.025312412530183792,
          "Height": 0.00734569039195776,
          "Left": 0.7213347554206848,
          "Top": 0.15599370002746582
        },
        "Polygon": [
          {
            "X": 0.7213945984840393,
            "Y": 0.15644247829914093
          },
          {
            "X": 0.7466471791267395,
            "Y": 0.15599370002746582
          },
          {
            "X": 0.7465841770172119,
            "Y": 0.16289326548576355
          },
          {
            "X": 0.7213347554206848,
            "Y": 0.16333939135074615
          }
        ]
      },
      "Id": "0c246e66-b56f-44a9-ba3f-382ece6d346b",
      "Page": 1
    },
    {
      "BlockType": "WORD",
      "Confidence": 98.52092742919922,
      "Text": "aws",
      "TextType": "PRINTED",
      "Geometry": {
        "BoundingBox": {
          "Width": 0.04606000706553459,
          "Height": 0.014760098420083523,
          "Left": 0.6490491032600403,
          "Top": 0.1601094752550125
        },
        "Polygon": [
          {
            "X": 0.6491519808769226,
            "Y": 0.1609240174293518
          },
          {
            "X": 0.6951090693473816,
            "Y": 0.1601094752550125
          },
          {
            "X": 0.6949945688247681,
            "Y": 0.17406484484672546
          },
          {
            "X": 0.6490491032600403,
            "Y": 0.174869567155838
          }
        ]
      },
      "Id": "ee897ef0-fc7c-43ed-bb01-fde1754e698d",
      "Page": 1
    },
    {
      "BlockType": "WORD",
      "Confidence": 99.6822280883789,
      "Text": "Experience",
      "TextType": "PRINTED",
      "Geometry": {
        "BoundingBox": {
          "Width": 0.04615567997097969,
          "Height": 0.008740822784602642,
          "Left": 0.7212110757827759,
          "Top": 0.16269372403621674
        },
        "Polygon": [
          {
            "X": 0.7212798595428467,
            "Y": 0.16350789368152618
          },
          {
            "X": 0.7673667669296265,
            "Y": 0.16269372403621674
          },
          {
            "X": 0.7672913074493408,
            "Y": 0.1706259548664093
          },
          {
            "X": 0.7212110757827759,
            "Y": 0.17143453657627106
          }
        ]
      },
      "Id": "1b670a2c-7fa7-4566-9530-cc51ba3fa229",
      "Page": 1
    },
    {
      "BlockType": "WORD",
      "Confidence": 99.73865509033203,
      "Text": "2025",
      "TextType": "PRINTED",
      "Geometry": {
        "BoundingBox": {
          "Width": 0.021224752068519592,
          "Height": 0.007301698438823223,
          "Left": 0.7211074233055115,
          "Top": 0.17188648879528046
        },
        "Polygon": [
          {
            "X": 0.7211675643920898,
            "Y": 0.17225760221481323
          },
          {
            "X": 0.7423321604728699,
            "Y": 0.17188648879528046
          },
          {
            "X": 0.7422693371772766,
            "Y": 0.17881931364536285
          },
          {
            "X": 0.7211074233055115,
            "Y": 0.17918819189071655
          }
        ]
      },
      "Id": "1d88e887-5611-41d8-8603-da68a05f3479",
      "Page": 1
    },
    {
      "BlockType": "WORD",
      "Confidence": 99.46417236328125,
      "Text": "Agenda",
      "TextType": "PRINTED",
      "Geometry": {
        "BoundingBox": {
          "Width": 0.06662619113922119,
          "Height": 0.02060484141111374,
          "Left": 0.15853700041770935,
          "Top": 0.1948317438364029
        },
        "Polygon": [
          {
            "X": 0.15853700041770935,
            "Y": 0.19598598778247833
          },
          {
            "X": 0.22515802085399628,
            "Y": 0.1948317438364029
          },
          {
            "X": 0.22516319155693054,
            "Y": 0.21430233120918274
          },
          {
            "X": 0.15856553614139557,
            "Y": 0.21543659269809723
          }
        ]
      },
      "Id": "54ba59d8-b70f-4afe-a1bc-60fd866094a3",
      "Page": 1
    },
    {
      "BlockType": "WORD",
      "Confidence": 99.72520446777344,
      "Text": "Cloud",
      "TextType": "PRINTED",
      "Geometry": {
        "BoundingBox": {
          "Width": 0.04822097718715668,
          "Height": 0.015564676374197006,
          "Left": 0.0013345308834686875,
          "Top": 0.26300355792045593
        },
        "Polygon": [
          {
            "X": 0.0013345308834686875,
            "Y": 0.26379063725471497
          },
          {
            "X": 0.04950466379523277,
            "Y": 0.26300355792045593
          },
          {
            "X": 0.04955550655722618,
            "Y": 0.27779215574264526
          },
          {
            "X": 0.001398194581270218,
            "Y": 0.27856823801994324
          }
        ]
      },
      "Id": "d7a53d6a-8ce4-4349-a1cf-0256053c99b5",
      "Page": 1
    },
    {
      "BlockType": "WORD",
      "Confidence": 99.54674530029297,
      "Text": "Abordagem",
      "TextType": "PRINTED",
      "Geometry": {
        "BoundingBox": {
          "Width": 0.09639368206262589,
          "Height": 0.01768513210117817,
          "Left": 0.3175401985645294,
          "Top": 0.25686925649642944
        },
        "Polygon": [
          {
            "X": 0.3175627887248993,
            "Y": 0.2584441602230072
          },
          {
            "X": 0.4139338731765747,
            "Y": 0.25686925649642944
          },
          {
            "X": 0.41388317942619324,
            "Y": 0.27300330996513367
          },
          {
            "X": 0.3175401985645294,
            "Y": 0.27455437183380127
          }
        ]
      },
      "Id": "d100501b-ddf1-4a8e-af86-eaa69abb9b14",
      "Page": 1
    },
    {
      "BlockType": "WORD",
      "Confidence": 99.79327392578125,
      "Text": "da",
      "TextType": "PRINTED",
      "Geometry": {
        "BoundingBox": {
          "Width": 0.021610185503959656,
          "Height": 0.013289395719766617,
          "Left": 0.4176153540611267,
          "Top": 0.2543775141239166
        },
        "Polygon": [
          {
            "X": 0.41765689849853516,
            "Y": 0.2547306716442108
          },
          {
            "X": 0.43922555446624756,
            "Y": 0.2543775141239166
          },
          {
            "X": 0.4391789734363556,
            "Y": 0.2673180401325226
          },
          {
            "X": 0.4176153540611267,
            "Y": 0.26766690611839294
          }
        ]
      },
      "Id": "fec33707-4c1e-4787-865d-95e12b1e68e8",
      "Page": 1
    },
    {
      "BlockType": "WORD",
      "Confidence": 99.79820251464844,
      "Text": "AWS",
      "TextType": "PRINTED",
      "Geometry": {
        "BoundingBox": {
          "Width": 0.04153969883918762,
          "Height": 0.013744546100497246,
          "Left": 0.4428047835826874,
          "Top": 0.25173547863960266
        },
        "Polygon": [
          {
            "X": 0.4428526759147644,
            "Y": 0.25241604447364807
          },
          {
            "X": 0.484344482421875,
            "Y": 0.25173547863960266
          },
          {
            "X": 0.4842867851257324,
            "Y": 0.264807790517807
          },
          {
            "X": 0.4428047835826874,
            "Y": 0.26548001170158386
          }
        ]
      },
      "Id": "fc0ce218-c1b4-4296-8806-a16226ae5d4c",
      "Page": 1
    },
    {
      "BlockType": "WORD",
      "Confidence": 99.68180847167969,
      "Text": "para",
      "TextType": "PRINTED",
      "Geometry": {
        "BoundingBox": {
          "Width": 0.04027443006634712,
          "Height": 0.014783556573092937,
          "Left": 0.488496333360672,
          "Top": 0.25074079632759094
        },
        "Polygon": [
          {
            "X": 0.488559752702713,
            "Y": 0.25140050053596497
          },
          {
            "X": 0.5287707448005676,
            "Y": 0.25074079632759094
          },
          {
            "X": 0.5286970138549805,
            "Y": 0.26487335562705994
          },
          {
            "X": 0.488496333360672,
            "Y": 0.26552435755729675
          }
        ]
      },
      "Id": "34504f46-aee4-4dff-8d82-79e873d09d30",
      "Page": 1
    },
    {
      "BlockType": "WORD",
      "Confidence": 99.4901123046875,
      "Text": "uso",
      "TextType": "PRINTED",
      "Geometry": {
        "BoundingBox": {
          "Width": 0.03176882863044739,
          "Height": 0.01202554814517498,
          "Left": 0.5332849025726318,
          "Top": 0.24833521246910095
        },
        "Polygon": [
          {
            "X": 0.5333458781242371,
            "Y": 0.24885627627372742
          },
          {
            "X": 0.5650537014007568,
            "Y": 0.24833521246910095
          },
          {
            "X": 0.5649861693382263,
            "Y": 0.2598452866077423
          },
          {
            "X": 0.5332849025726318,
            "Y": 0.2603607773780823
          }
        ]
      },
      "Id": "2ba6e2c3-51a6-4712-a1de-47ce5d3fd97e",
      "Page": 1
    },
    {
      "BlockType": "WORD",
      "Confidence": 99.71554565429688,
      "Text": "seguro",
      "TextType": "PRINTED",
      "Geometry": {
        "BoundingBox": {
          "Width": 0.06321435421705246,
          "Height": 0.015812113881111145,
          "Left": 0.5695023536682129,
          "Top": 0.24445535242557526
        },
        "Polygon": [
          {
            "X": 0.5695902705192566,
            "Y": 0.24549534916877747
          },
          {
            "X": 0.632716715335846,
            "Y": 0.24445535242557526
          },
          {
            "X": 0.632611870765686,
            "Y": 0.2592417597770691
          },
          {
            "X": 0.5695023536682129,
            "Y": 0.2602674663066864
          }
        ]
      },
      "Id": "5e39d0b7-a061-4095-b12b-d8df02fd8239",
      "Page": 1
    },
    {
      "BlockType": "WORD",
      "Confidence": 99.75016784667969,
      "Text": "da",
      "TextType": "PRINTED",
      "Geometry": {
        "BoundingBox": {
          "Width": 0.023353533819317818,
          "Height": 0.013402173295617104,
          "Left": 0.6381903290748596,
          "Top": 0.2400362342596054
        },
        "Polygon": [
          {
            "X": 0.6382839679718018,
            "Y": 0.24042081832885742
          },
          {
            "X": 0.6615439057350159,
            "Y": 0.2400362342596054
          },
          {
            "X": 0.6614447832107544,
            "Y": 0.25305846333503723
          },
          {
            "X": 0.6381903290748596,
            "Y": 0.25343841314315796
          }
        ]
      },
      "Id": "2587e9c8-09d9-421c-a5a7-814aafbcf171",
      "Page": 1
    },
    {
      "BlockType": "WORD",
      "Confidence": 99.42353820800781,
      "Text": "IA",
      "TextType": "PRINTED",
      "Geometry": {
        "BoundingBox": {
          "Width": 0.019553016871213913,
          "Height": 0.013038557954132557,
          "Left": 0.6677249073982239,
          "Top": 0.238250270485878
        },
        "Polygon": [
          {
            "X": 0.6678231358528137,
            "Y": 0.23857232928276062
          },
          {
            "X": 0.6872779130935669,
            "Y": 0.238250270485878
          },
          {
            "X": 0.6871751546859741,
            "Y": 0.2509705424308777
          },
          {
            "X": 0.6677249073982239,
            "Y": 0.25128883123397827
          }
        ]
      },
      "Id": "f9f1e36c-c0aa-4e89-b26c-adb57af4d0f9",
      "Page": 1
    },
    {
      "BlockType": "WORD",
      "Confidence": 99.7669677734375,
      "Text": "Experience",
      "TextType": "PRINTED",
      "Geometry": {
        "BoundingBox": {
          "Width": 0.08991817384958267,
          "Height": 0.018389027565717697,
          "Left": 0,
          "Top": 0.2814089357852936
        },
        "Polygon": [
          {
            "X": 0,
            "Y": 0.2828543484210968
          },
          {
            "X": 0.08987218886613846,
            "Y": 0.2814089357852936
          },
          {
            "X": 0.08991817384958267,
            "Y": 0.29837608337402344
          },
          {
            "X": 0,
            "Y": 0.2997979521751404
          }
        ]
      },
      "Id": "ded4448e-209e-4bf2-b920-0f76a7cdca1f",
      "Page": 1
    },
    {
      "BlockType": "WORD",
      "Confidence": 99.78622436523438,
      "Text": "2025",
      "TextType": "PRINTED",
      "Geometry": {
        "BoundingBox": {
          "Width": 0.03862911835312843,
          "Height": 0.01299909595400095,
          "Left": 0,
          "Top": 0.30349063873291016
        },
        "Polygon": [
          {
            "X": 0,
            "Y": 0.304106205701828
          },
          {
            "X": 0.038584038615226746,
            "Y": 0.30349063873291016
          },
          {
            "X": 0.03862911835312843,
            "Y": 0.3158816397190094
          },
          {
            "X": 0,
            "Y": 0.31648972630500793
          }
        ]
      },
      "Id": "325c9ccd-fc9c-4147-a285-3109d69cafe0",
      "Page": 1
    },
    {
      "BlockType": "WORD",
      "Confidence": 99.29351043701172,
      "Text": "Camada",
      "TextType": "PRINTED",
      "Geometry": {
        "BoundingBox": {
          "Width": 0.06569503992795944,
          "Height": 0.014397472143173218,
          "Left": 0.3234995901584625,
          "Top": 0.31529873609542847
        },
        "Polygon": [
          {
            "X": 0.32351982593536377,
            "Y": 0.31631460785865784
          },
          {
            "X": 0.38919463753700256,
            "Y": 0.31529873609542847
          },
          {
            "X": 0.3891584873199463,
            "Y": 0.32869383692741394
          },
          {
            "X": 0.3234995901584625,
            "Y": 0.3296962082386017
          }
        ]
      },
      "Id": "5353a10f-ef73-44f4-8689-6e9253749b1c",
      "Page": 1
    },
    {
      "BlockType": "WORD",
      "Confidence": 99.87339782714844,
      "Text": "de",
      "TextType": "PRINTED",
      "Geometry": {
        "BoundingBox": {
          "Width": 0.021802764385938644,
          "Height": 0.013819929212331772,
          "Left": 0.3931143879890442,
          "Top": 0.3137909173965454
        },
        "Polygon": [
          {
            "X": 0.39315173029899597,
            "Y": 0.31412795186042786
          },
          {
            "X": 0.41491714119911194,
            "Y": 0.3137909173965454
          },
          {
            "X": 0.41487446427345276,
            "Y": 0.3272783160209656
          },
          {
            "X": 0.3931143879890442,
            "Y": 0.3276108503341675
          }
        ]
      },
      "Id": "a201063c-c52b-4545-bdaf-ebec3abd8875",
      "Page": 1
    },
    {
      "BlockType": "WORD",
      "Confidence": 90.95111846923828,
      "Text": "aplicação:",
      "TextType": "PRINTED",
      "Geometry": {
        "BoundingBox": {
          "Width": 0.0868261530995369,
          "Height": 0.01827896758913994,
          "Left": 0.4170835018157959,
          "Top": 0.3101537525653839
        },
        "Polygon": [
          {
            "X": 0.4171377718448639,
            "Y": 0.3115003705024719
          },
          {
            "X": 0.5039096474647522,
            "Y": 0.3101537525653839
          },
          {
            "X": 0.503828763961792,
            "Y": 0.3271086513996124
          },
          {
            "X": 0.4170835018157959,
            "Y": 0.32843273878097534
          }
        ]
      },
      "Id": "668a0cb2-8c3e-49f5-946a-af9dd5c8a269",
      "Page": 1
    },
    {
      "BlockType": "WORD",
      "Confidence": 97.7052001953125,
      "Text": "Segurança",
      "TextType": "PRINTED",
      "Geometry": {
        "BoundingBox": {
          "Width": 0.09553438425064087,
          "Height": 0.01770690642297268,
          "Left": 0.5084442496299744,
          "Top": 0.30703186988830566
        },
        "Polygon": [
          {
            "X": 0.5085230469703674,
            "Y": 0.3085154891014099
          },
          {
            "X": 0.6039786338806152,
            "Y": 0.30703186988830566
          },
          {
            "X": 0.6038717031478882,
            "Y": 0.32327887415885925
          },
          {
            "X": 0.5084442496299744,
            "Y": 0.3247387707233429
          }
        ]
      },
      "Id": "e63f419f-e304-4530-bc62-c4ecb9974bb1",
      "Page": 1
    },
    {
      "BlockType": "WORD",
      "Confidence": 99.75682067871094,
      "Text": "para",
      "TextType": "PRINTED",
      "Geometry": {
        "BoundingBox": {
          "Width": 0.04283769801259041,
          "Height": 0.01570862904191017,
          "Left": 0.6085920929908752,
          "Top": 0.3043568432331085
        },
        "Polygon": [
          {
            "X": 0.6086923480033875,
            "Y": 0.30502232909202576
          },
          {
            "X": 0.6514297723770142,
            "Y": 0.3043568432331085
          },
          {
            "X": 0.651317834854126,
            "Y": 0.3194098174571991
          },
          {
            "X": 0.6085920929908752,
            "Y": 0.3200654685497284
          }
        ]
      },
      "Id": "e875f303-9d23-499d-87ec-496f4cc03131",
      "Page": 1
    },
    {
      "BlockType": "WORD",
      "Confidence": 99.93138885498047,
      "Text": "Amazon",
      "TextType": "PRINTED",
      "Geometry": {
        "BoundingBox": {
          "Width": 0.08029865473508835,
          "Height": 0.014420946128666401,
          "Left": 0.6560929417610168,
          "Top": 0.29994186758995056
        },
        "Polygon": [
          {
            "X": 0.6561920642852783,
            "Y": 0.3011943995952606
          },
          {
            "X": 0.7363916039466858,
            "Y": 0.29994186758995056
          },
          {
            "X": 0.7362732887268066,
            "Y": 0.3131263852119446
          },
          {
            "X": 0.6560929417610168,
            "Y": 0.3143628239631653
          }
        ]
      },
      "Id": "a30ba0b5-b35b-402d-9eed-af30e22fdb34",
      "Page": 1
    },
    {
      "BlockType": "WORD",
      "Confidence": 99.890380859375,
      "Text": "Q",
      "TextType": "PRINTED",
      "Geometry": {
        "BoundingBox": {
          "Width": 0.015961991623044014,
          "Height": 0.013994887471199036,
          "Left": 0.7435147166252136,
          "Top": 0.29751160740852356
        },
        "Polygon": [
          {
            "X": 0.7436398267745972,
            "Y": 0.29775944352149963
          },
          {
            "X": 0.7594766616821289,
            "Y": 0.29751160740852356
          },
          {
            "X": 0.7593475580215454,
            "Y": 0.31126198172569275
          },
          {
            "X": 0.7435147166252136,
            "Y": 0.3115065097808838
          }
        ]
      },
      "Id": "0d143b89-4ea0-4067-96df-cf7da67f3244",
      "Page": 1
    },
    {
      "BlockType": "WORD",
      "Confidence": 99.75720977783203,
      "Text": "Data",
      "TextType": "PRINTED",
      "Geometry": {
        "BoundingBox": {
          "Width": 0.03742491453886032,
          "Height": 0.012228821404278278,
          "Left": 0.32174670696258545,
          "Top": 0.3742740750312805
        },
        "Polygon": [
          {
            "X": 0.3217640221118927,
            "Y": 0.37481972575187683
          },
          {
            "X": 0.359171599149704,
            "Y": 0.3742740750312805
          },
          {
            "X": 0.359146386384964,
            "Y": 0.38596394658088684
          },
          {
            "X": 0.32174670696258545,
            "Y": 0.3865028917789459
          }
        ]
      },
      "Id": "29a8bbd2-3470-4bcc-8c6c-cc0496469c2c",
      "Page": 1
    },
    {
      "BlockType": "WORD",
      "Confidence": 99.98008728027344,
      "Text": "flow",
      "TextType": "PRINTED",
      "Geometry": {
        "BoundingBox": {
          "Width": 0.038811009377241135,
          "Height": 0.012860040180385113,
          "Left": 0.36283883452415466,
          "Top": 0.37257665395736694
        },
        "Polygon": [
          {
            "X": 0.36286619305610657,
            "Y": 0.3731430172920227
          },
          {
            "X": 0.4016498327255249,
            "Y": 0.37257665395736694
          },
          {
            "X": 0.40161383152008057,
            "Y": 0.38487765192985535
          },
          {
            "X": 0.36283883452415466,
            "Y": 0.38543668389320374
          }
        ]
      },
      "Id": "aac6c4bf-4281-4eec-b36f-1fa0a76e714a",
      "Page": 1
    },
    {
      "BlockType": "WORD",
      "Confidence": 99.81806945800781,
      "Text": "e",
      "TextType": "PRINTED",
      "Geometry": {
        "BoundingBox": {
          "Width": 0.010614003986120224,
          "Height": 0.009568793699145317,
          "Left": 0.40503206849098206,
          "Top": 0.37492427229881287
        },
        "Polygon": [
          {
            "X": 0.40506020188331604,
            "Y": 0.3750784397125244
          },
          {
            "X": 0.4156460762023926,
            "Y": 0.37492427229881287
          },
          {
            "X": 0.41561612486839294,
            "Y": 0.38434040546417236
          },
          {
            "X": 0.40503206849098206,
            "Y": 0.38449305295944214
          }
        ]
      },
      "Id": "e8c98bda-d05f-4017-9db6-0c39391a3389",
      "Page": 1
    },
    {
      "BlockType": "WORD",
      "Confidence": 99.07437896728516,
      "Text": "ferramentas",
      "TextType": "PRINTED",
      "Geometry": {
        "BoundingBox": {
          "Width": 0.10674038529396057,
          "Height": 0.015248932875692844,
          "Left": 0.4185521900653839,
          "Top": 0.3692815601825714
        },
        "Polygon": [
          {
            "X": 0.41859644651412964,
            "Y": 0.3708420395851135
          },
          {
            "X": 0.5252925753593445,
            "Y": 0.3692815601825714
          },
          {
            "X": 0.5252217650413513,
            "Y": 0.3829924166202545
          },
          {
            "X": 0.4185521900653839,
            "Y": 0.38453051447868347
          }
        ]
      },
      "Id": "cad9df1b-762a-4cbd-994d-568d3b3595f3",
      "Page": 1
    },
    {
      "BlockType": "WORD",
      "Confidence": 99.69268798828125,
      "Text": "para",
      "TextType": "PRINTED",
      "Geometry": {
        "BoundingBox": {
          "Width": 0.04083693027496338,
          "Height": 0.01424981839954853,
          "Left": 0.5296733379364014,
          "Top": 0.36967092752456665
        },
        "Polygon": [
          {
            "X": 0.5297449231147766,
            "Y": 0.37026646733283997
          },
          {
            "X": 0.5705102682113647,
            "Y": 0.36967092752456665
          },
          {
            "X": 0.5704284906387329,
            "Y": 0.383333683013916
          },
          {
            "X": 0.5296733379364014,
            "Y": 0.38392072916030884
          }
        ]
      },
      "Id": "500ced1b-4ed7-43e2-8ec6-0ede8daf2d37",
      "Page": 1
    },
    {
      "BlockType": "WORD",
      "Confidence": 98.2042007446289,
      "Text": "proteção",
      "TextType": "PRINTED",
      "Geometry": {
        "BoundingBox": {
          "Width": 0.08383019268512726,
          "Height": 0.0185207761824131,
          "Left": 0.5755764842033386,
          "Top": 0.3641187846660614
        },
        "Polygon": [
          {
            "X": 0.5756815671920776,
            "Y": 0.365347295999527
          },
          {
            "X": 0.6594066619873047,
            "Y": 0.3641187846660614
          },
          {
            "X": 0.659275233745575,
            "Y": 0.3814331591129303
          },
          {
            "X": 0.5755764842033386,
            "Y": 0.3826395571231842
          }
        ]
      },
      "Id": "94eff509-bd00-4e9a-99c2-2a809a1867b7",
      "Page": 1
    }
  ],
  "DetectDocumentTextModelVersion": "1.0"
}