{
  "DocumentMetadata": {
    "Pages": 1
  },
  "JobStatus": "SUCCEEDED",
  "Blocks": [
    {
      "BlockType": "PAGE",
      "Geometry": {
        "BoundingBox": {
          "Width": 0.7351470589637756,
          "Height": 0.5467053055763245,
          "Left": 0.048583243042230606,
          "Top": 0.08858278393745422
        },
        "Polygon": [
          {
            "X": 0.0748695507645607,
            "Y": 0.1251784712076187
          },
          {
            "X": 0.7757262587547302,
            "Y": 0.08858278393745422
          },
          {
            "X": 0.7837303280830383,
            "Y": 0.6251086592674255
          },
          {
            "X": 0.048583243042230606,
            "Y": 0.6352881193161011
          }
        ]
      },
      "Id": "6e73e181-0700-40e1-87b7-839012ec7b39",
      "Relationships": [
        {
          "Type": "CHILD",
          "Ids": [
            "683932a9-8ecb-436c-9f68-3bc74a3675f7",
            "341ee7e3-dc8e-4835-ab60-ca98fac5d121",
            "96e392c6-f35c-4507-9fec-7e8a06bbefb8",
            "42bd7feb-c9da-4682-8a7d-1c2a15b46aee",
            "a0bb5658-cc20-4fbd-82e6-5b4a71ee3590",
            "6f4a1045-ea4a-4f4c-8e98-3e7f99ef84fa",
            "2c385e11-945f-40ad-b44f-98824e9f1b8e",
            "5daa2187-118a-4ad7-84a9-56335293b8df",
            "c1f9c566-d588-4711-beb8-c995f670c39a",
            "20daa297-849c-4512-a446-97ecb2556a3a",
            "d0929323-ee36-4ebe-a0ba-76c6ab6181e9",
            "779f86f4-c2db-411c-a36d-a6adbedc55a9",
            "525689ba-3a78-411e-993c-6aef78a57868",
            "728b1eeb-4933-412c-b47b-2ed802da3b03",
            "bb791ba5-cf0c-4eea-a36e-e2b186500562",
            "c3eae610-d74e-44f9-af47-5614d3219b9f",
            "793521e9-b3c8-4d49-8f7e-b7bf6b4e9e37",
            "b569bced-3022-4cc0-9e71-3cedf3af54c0",
            "3687d030-7c46-4b5a-bab7-457435dd813e",
            "1db05feb-51fa-4efe-a84a-342d491c503b",
            "ce5b8181-ebed-4ce8-80d4-4170ce94cb4e"
          ]
        }
      ],
      "Page": 1
    },
    {
      "BlockType": "LINE",
      "Confidence": 99.0465316772461,
      "Text": "Usar vários agentes ajuda",
      "Geometry": {
        "BoundingBox": {
          "Width": 0.43090230226516724,
          "Height": 0.05803031474351883,
          "Left": 0.1311461180448532,
          "Top": 0.1956600844860077
        },
        "Polygon": [
          {
            "X": 0.13290847837924957,
            "Y": 0.2150791436433792
          },
          {
            "X": 0.5620484352111816,
            "Y": 0.1956600844860077
          },
          {
            "X": 0.5618359446525574,
            "Y": 0.2354450821876526
          },
          {
            "X": 0.1311461180448532,
            "Y": 0.2536903917789459
          }
        ]
      },
      "Id": "683932a9-8ecb-436c-9f68-3bc74a3675f7",
      "Relationships": [
        {
          "Type": "CHILD",
          "Ids": [
            "7dceb391-9975-4837-9c9e-99ec521d0c43",
            "9c8c9896-4adb-4f25-9ecd-de620b2f6493",
            "32fa0864-cea2-4fec-ab44-6ad653869480",
            "80264933-e0a4-418e-ba0a-917c0d55cbbf"
          ]
        }
      ],
      "Page": 1
    },
    {
      "BlockType": "LINE",
      "Confidence": 99.60408782958984,
      "Text": "1",
      "Geometry": {
        "BoundingBox": {
          "Width": 0.005847161635756493,
          "Height": 0.008455790579319,
          "Left": 0.47518208622932434,
          "Top": 0.2577134072780609
        },
        "Polygon": [
          {
            "X": 0.47529247403144836,
            "Y": 0.25794851779937744
          },
          {
            "X": 0.4810292422771454,
            "Y": 0.2577134072780609
          },
          {
            "X": 0.48092323541641235,
            "Y": 0.26593732833862305
          },
          {
            "X": 0.47518208622932434,
            "Y": 0.2661691904067993
          }
        ]
      },
      "Id": "341ee7e3-dc8e-4835-ab60-ca98fac5d121",
      "Relationships": [
        {
          "Type": "CHILD",
          "Ids": [
            "24e3862a-9118-4b79-8deb-758ac2441bc9"
          ]
        }
      ],
      "Page": 1
    },
    {
      "BlockType": "LINE",
      "Confidence": 98.91211700439453,
      "Text": "Ainda tenho férias este",
      "Geometry": {
        "BoundingBox": {
          "Width": 0.09863543510437012,
          "Height": 0.01336488127708435,
          "Left": 0.23187825083732605,
          "Top": 0.27639761567115784
        },
        "Polygon": [
          {
            "X": 0.23221850395202637,
            "Y": 0.28033554553985596
          },
          {
            "X": 0.33051368594169617,
            "Y": 0.27639761567115784
          },
          {
            "X": 0.3302581012248993,
            "Y": 0.28589004278182983
          },
          {
            "X": 0.23187825083732605,
            "Y": 0.2897624969482422
          }
        ]
      },
      "Id": "96e392c6-f35c-4507-9fec-7e8a06bbefb8",
      "Relationships": [
        {
          "Type": "CHILD",
          "Ids": [
            "e39ea201-4dd7-47b4-8b38-8573c94a2db4",
            "c0db33e9-91bb-47e4-a0b0-f757143f0cf1",
            "f4c4e12b-31ad-4d9b-a892-e36b9d8048aa",
            "c4f768ce-658e-4b7b-be23-6af110a8317b"
          ]
        }
      ],
      "Page": 1
    },
    {
      "BlockType": "LINE",
      "Confidence": 83.37523651123047,
      "Text": "W",
      "Geometry": {
        "BoundingBox": {
          "Width": 0.014833077788352966,
          "Height": 0.012108679860830307,
          "Left": 0.5305284857749939,
          "Top": 0.26332539319992065
        },
        "Polygon": [
          {
            "X": 0.5306234359741211,
            "Y": 0.2639206349849701
          },
          {
            "X": 0.5453615784645081,
            "Y": 0.26332539319992065
          },
          {
            "X": 0.5452824234962463,
            "Y": 0.2748505771160126
          },
          {
            "X": 0.5305284857749939,
            "Y": 0.27543407678604126
          }
        ]
      },
      "Id": "42bd7feb-c9da-4682-8a7d-1c2a15b46aee",
      "Relationships": [
        {
          "Type": "CHILD",
          "Ids": [
            "2b205d99-059c-451b-aff6-42a482b6372f"
          ]
        }
      ],
      "Page": 1
    },
    {
      "BlockType": "LINE",
      "Confidence": 99.5820083618164,
      "Text": "ano?",
      "Geometry": {
        "BoundingBox": {
          "Width": 0.020622383803129196,
          "Height": 0.007215190678834915,
          "Left": 0.2696864902973175,
          "Top": 0.28803110122680664
        },
        "Polygon": [
          {
            "X": 0.2698952257633209,
            "Y": 0.28883376717567444
          },
          {
            "X": 0.2903088927268982,
            "Y": 0.28803110122680664
          },
          {
            "X": 0.29011207818984985,
            "Y": 0.29445284605026245
          },
          {
            "X": 0.2696864902973175,
            "Y": 0.29524627327919006
          }
        ]
      },
      "Id": "a0bb5658-cc20-4fbd-82e6-5b4a71ee3590",
      "Relationships": [
        {
          "Type": "CHILD",
          "Ids": [
            "68de0c58-c797-4efc-979f-d5076ee627d3"
          ]
        }
      ],
      "Page": 1
    },
    {
      "BlockType": "LINE",
      "Confidence": 98.4138412475586,
      "Text": "Especialista",
      "Geometry": {
        "BoundingBox": {
          "Width": 0.06555401533842087,
          "Height": 0.012996803969144821,
          "Left": 0.528179407119751,
          "Top": 0.2785905599594116
        },
        "Polygon": [
          {
            "X": 0.5282676219940186,
            "Y": 0.2811528444290161
          },
          {
            "X": 0.5937334299087524,
            "Y": 0.2785905599594116
          },
          {
            "X": 0.5937089323997498,
            "Y": 0.28907230496406555
          },
          {
            "X": 0.528179407119751,
            "Y": 0.29158735275268555
          }
        ]
      },
      "Id": "6f4a1045-ea4a-4f4c-8e98-3e7f99ef84fa",
      "Relationships": [
        {
          "Type": "CHILD",
          "Ids": [
            "45e3fab8-f3fc-4386-93cd-7a792f11613c"
          ]
        }
      ],
      "Page": 1
    },
    {
      "BlockType": "LINE",
      "Confidence": 99.11341857910156,
      "Text": "1",
      "Geometry": {
        "BoundingBox": {
          "Width": 0.004964507184922695,
          "Height": 0.007286657113581896,
          "Left": 0.19830290973186493,
          "Top": 0.30088144540786743
        },
        "Polygon": [
          {
            "X": 0.19858115911483765,
            "Y": 0.3010624051094055
          },
          {
            "X": 0.2032674103975296,
            "Y": 0.30088144540786743
          },
          {
            "X": 0.20299218595027924,
            "Y": 0.3079894781112671
          },
          {
            "X": 0.19830290973186493,
            "Y": 0.30816808342933655
          }
        ]
      },
      "Id": "2c385e11-945f-40ad-b44f-98824e9f1b8e",
      "Relationships": [
        {
          "Type": "CHILD",
          "Ids": [
            "9ac7a356-ac6e-43be-ac0e-c355ff9576a4"
          ]
        }
      ],
      "Page": 1
    },
    {
      "BlockType": "LINE",
      "Confidence": 99.35452270507812,
      "Text": "Sim, mais 6 dias.",
      "Geometry": {
        "BoundingBox": {
          "Width": 0.07148427516222,
          "Height": 0.011808059178292751,
          "Left": 0.24933689832687378,
          "Top": 0.2986288070678711
        },
        "Polygon": [
          {
            "X": 0.24964894354343414,
            "Y": 0.3013652563095093
          },
          {
            "X": 0.3208211660385132,
            "Y": 0.2986288070678711
          },
          {
            "X": 0.32056793570518494,
            "Y": 0.30774611234664917
          },
          {
            "X": 0.24933689832687378,
            "Y": 0.310436874628067
          }
        ]
      },
      "Id": "5daa2187-118a-4ad7-84a9-56335293b8df",
      "Relationships": [
        {
          "Type": "CHILD",
          "Ids": [
            "392be835-fdee-4a52-9670-587dbed334f2",
            "82eacdd1-6777-4da9-88b6-92ca19a39305",
            "0c778170-bccf-414f-80d2-dadbe15103b3",
            "df6c1379-c6b3-4c4b-8209-016cb074bf77"
          ]
        }
      ],
      "Page": 1
    },
    {
      "BlockType": "LINE",
      "Confidence": 99.65959930419922,
      "Text": "App de folgas",
      "Geometry": {
        "BoundingBox": {
          "Width": 0.07194623351097107,
          "Height": 0.013206099160015583,
          "Left": 0.3606645166873932,
          "Top": 0.29362672567367554
        },
        "Polygon": [
          {
            "X": 0.3609156608581543,
            "Y": 0.2963869571685791
          },
          {
            "X": 0.43261075019836426,
            "Y": 0.29362672567367554
          },
          {
            "X": 0.4324284791946411,
            "Y": 0.3041251003742218
          },
          {
            "X": 0.3606645166873932,
            "Y": 0.30683282017707825
          }
        ]
      },
      "Id": "c1f9c566-d588-4711-beb8-c995f670c39a",
      "Relationships": [
        {
          "Type": "CHILD",
          "Ids": [
            "7ae68c62-99bd-4152-b074-410ef0e1d6e9",
            "ef8cc9e0-6daf-4a66-8a5e-5b305e2006ac",
            "5d128fad-85ca-4007-9b15-e1fd828ac1c9"
          ]
        }
      ],
      "Page": 1
    },
    {
      "BlockType": "LINE",
      "Confidence": 99.52131652832031,
      "Text": "em folgas",
      "Geometry": {
        "BoundingBox": {
          "Width": 0.055636726319789886,
          "Height": 0.011583971790969372,
          "Left": 0.533348798751831,
          "Top": 0.28973355889320374
        },
        "Polygon": [
          {
            "X": 0.5334240794181824,
            "Y": 0.2918640971183777
          },
          {
            "X": 0.5889855623245239,
            "Y": 0.28973355889320374
          },
          {
            "X": 0.5889591574668884,
            "Y": 0.2992233633995056
          },
          {
            "X": 0.533348798751831,
            "Y": 0.3013175427913666
          }
        ]
      },
      "Id": "20daa297-849c-4512-a446-97ecb2556a3a",
      "Relationships": [
        {
          "Type": "CHILD",
          "Ids": [
            "27b6c269-c5b2-41da-b880-cd4b2ae75273",
            "40aa64d0-64ea-4727-acf5-0701002a1e5f"
          ]
        }
      ],
      "Page": 1
    },
    {
      "BlockType": "LINE",
      "Confidence": 62.982975006103516,
      "Text": "I",
      "Geometry": {
        "BoundingBox": {
          "Width": 0.0029710885137319565,
          "Height": 0.004751498345285654,
          "Left": 0.14359965920448303,
          "Top": 0.3199334740638733
        },
        "Polygon": [
          {
            "X": 0.14380504190921783,
            "Y": 0.32003679871559143
          },
          {
            "X": 0.14657074213027954,
            "Y": 0.3199334740638733
          },
          {
            "X": 0.14636652171611786,
            "Y": 0.324582576751709
          },
          {
            "X": 0.14359965920448303,
            "Y": 0.3246849775314331
          }
        ]
      },
      "Id": "d0929323-ee36-4ebe-a0ba-76c6ab6181e9",
      "Relationships": [
        {
          "Type": "CHILD",
          "Ids": [
            "9e21a4ff-25cb-43ce-9fe5-2b9eef0a54da"
          ]
        }
      ],
      "Page": 1
    },
    {
      "BlockType": "LINE",
      "Confidence": 99.4665756225586,
      "Text": "Regras de",
      "Geometry": {
        "BoundingBox": {
          "Width": 0.05840139091014862,
          "Height": 0.012371539138257504,
          "Left": 0.6454909443855286,
          "Top": 0.30145391821861267
        },
        "Polygon": [
          {
            "X": 0.6454909443855286,
            "Y": 0.30362266302108765
          },
          {
            "X": 0.7038112282752991,
            "Y": 0.30145391821861267
          },
          {
            "X": 0.7038923501968384,
            "Y": 0.3116976320743561
          },
          {
            "X": 0.6455163359642029,
            "Y": 0.31382545828819275
          }
        ]
      },
      "Id": "779f86f4-c2db-411c-a36d-a6adbedc55a9",
      "Relationships": [
        {
          "Type": "CHILD",
          "Ids": [
            "97bb7417-3a33-4880-8371-ea40bbc69b95",
            "d368cf7a-cffa-4739-b9a3-925c03d792ad"
          ]
        }
      ],
      "Page": 1
    },
    {
      "BlockType": "LINE",
      "Confidence": 86.88172149658203,
      "Text": "licenças",
      "Geometry": {
        "BoundingBox": {
          "Width": 0.048195499926805496,
          "Height": 0.011940720491111279,
          "Left": 0.6504089832305908,
          "Top": 0.3129332363605499
        },
        "Polygon": [
          {
            "X": 0.6504089832305908,
            "Y": 0.31468361616134644
          },
          {
            "X": 0.6985285878181458,
            "Y": 0.3129332363605499
          },
          {
            "X": 0.6986044645309448,
            "Y": 0.32315731048583984
          },
          {
            "X": 0.6504389643669128,
            "Y": 0.3248739540576935
          }
        ]
      },
      "Id": "525689ba-3a78-411e-993c-6aef78a57868",
      "Relationships": [
        {
          "Type": "CHILD",
          "Ids": [
            "d194bbe2-6b8a-412a-b55d-b43dd798cea6"
          ]
        }
      ],
      "Page": 1
    },
    {
      "BlockType": "LINE",
      "Confidence": 96.98080444335938,
      "Text": "App de licenças",
      "Geometry": {
        "BoundingBox": {
          "Width": 0.08195487409830093,
          "Height": 0.012916314415633678,
          "Left": 0.3536249101161957,
          "Top": 0.3565724492073059
        },
        "Polygon": [
          {
            "X": 0.3538740873336792,
            "Y": 0.3593405485153198
          },
          {
            "X": 0.435579776763916,
            "Y": 0.3565724492073059
          },
          {
            "X": 0.4354064166545868,
            "Y": 0.36677926778793335
          },
          {
            "X": 0.3536249101161957,
            "Y": 0.36948877573013306
          }
        ]
      },
      "Id": "728b1eeb-4933-412c-b47b-2ed802da3b03",
      "Relationships": [
        {
          "Type": "CHILD",
          "Ids": [
            "3f5ec8cf-ba6f-4a17-a2ff-e992b979f29d",
            "3ed64a36-f6a7-49fa-a140-e9d2945006cd",
            "4015821f-507f-440d-a513-7458f8e720ef"
          ]
        }
      ],
      "Page": 1
    },
    {
      "BlockType": "LINE",
      "Confidence": 98.88907623291016,
      "Text": "Especialista",
      "Geometry": {
        "BoundingBox": {
          "Width": 0.06596926599740982,
          "Height": 0.01237764023244381,
          "Left": 0.5269827842712402,
          "Top": 0.3528043031692505
        },
        "Polygon": [
          {
            "X": 0.527069091796875,
            "Y": 0.3550288677215576
          },
          {
            "X": 0.5929520130157471,
            "Y": 0.3528043031692505
          },
          {
            "X": 0.5929275751113892,
            "Y": 0.36300402879714966
          },
          {
            "X": 0.5269827842712402,
            "Y": 0.36518195271492004
          }
        ]
      },
      "Id": "bb791ba5-cf0c-4eea-a36e-e2b186500562",
      "Relationships": [
        {
          "Type": "CHILD",
          "Ids": [
            "d7151d96-2ec0-490a-8aaf-2da95056c312"
          ]
        }
      ],
      "Page": 1
    },
    {
      "BlockType": "LINE",
      "Confidence": 97.08628845214844,
      "Text": "em licenças",
      "Geometry": {
        "BoundingBox": {
          "Width": 0.06560711562633514,
          "Height": 0.011946269311010838,
          "Left": 0.5270161032676697,
          "Top": 0.36385393142700195
        },
        "Polygon": [
          {
            "X": 0.5270991921424866,
            "Y": 0.3660139739513397
          },
          {
            "X": 0.592623233795166,
            "Y": 0.36385393142700195
          },
          {
            "X": 0.5925993919372559,
            "Y": 0.37368491291999817
          },
          {
            "X": 0.5270161032676697,
            "Y": 0.3758001923561096
          }
        ]
      },
      "Id": "c3eae610-d74e-44f9-af47-5614d3219b9f",
      "Relationships": [
        {
          "Type": "CHILD",
          "Ids": [
            "8cd10286-dc30-4914-ab27-80c79d2fa54b",
            "dffebc4b-388c-41a9-a554-1e0f857b585a"
          ]
        }
      ],
      "Page": 1
    },
    {
      "BlockType": "LINE",
      "Confidence": 88.9071044921875,
      "Text": "Políticas",
      "Geometry": {
        "BoundingBox": {
          "Width": 0.05219879001379013,
          "Height": 0.010869807563722134,
          "Left": 0.6469190716743469,
          "Top": 0.38218384981155396
        },
        "Polygon": [
          {
            "X": 0.6469190716743469,
            "Y": 0.383820503950119
          },
          {
            "X": 0.6990490555763245,
            "Y": 0.38218384981155396
          },
          {
            "X": 0.6991178393363953,
            "Y": 0.3914503753185272
          },
          {
            "X": 0.6469430327415466,
            "Y": 0.39305365085601807
          }
        ]
      },
      "Id": "793521e9-b3c8-4d49-8f7e-b7bf6b4e9e37",
      "Relationships": [
        {
          "Type": "CHILD",
          "Ids": [
            "94c78c59-d862-473f-ab30-1a0f0aa51883"
          ]
        }
      ],
      "Page": 1
    },
    {
      "BlockType": "LINE",
      "Confidence": 99.89472198486328,
      "Text": "de RH",
      "Geometry": {
        "BoundingBox": {
          "Width": 0.03575752675533295,
          "Height": 0.00904999952763319,
          "Left": 0.6544654369354248,
          "Top": 0.3944913148880005
        },
        "Polygon": [
          {
            "X": 0.6544654369354248,
            "Y": 0.3955813944339752
          },
          {
            "X": 0.6901703476905823,
            "Y": 0.3944913148880005
          },
          {
            "X": 0.690222978591919,
            "Y": 0.4024709463119507
          },
          {
            "X": 0.654491662979126,
            "Y": 0.40354132652282715
          }
        ]
      },
      "Id": "b569bced-3022-4cc0-9e71-3cedf3af54c0",
      "Relationships": [
        {
          "Type": "CHILD",
          "Ids": [
            "a93229a5-5d0b-4ccb-b955-ed64180798a2",
            "3a14323c-b5cc-49b1-b7c2-e39cfa14ce6d"
          ]
        }
      ],
      "Page": 1
    },
    {
      "BlockType": "LINE",
      "Confidence": 99.27960968017578,
      "Text": "App de promoção",
      "Geometry": {
        "BoundingBox": {
          "Width": 0.09402655810117722,
          "Height": 0.013288446702063084,
          "Left": 0.3451917767524719,
          "Top": 0.42020654678344727
        },
        "Polygon": [
          {
            "X": 0.3454574644565582,
            "Y": 0.4229450821876526
          },
          {
            "X": 0.43921831250190735,
            "Y": 0.42020654678344727
          },
          {
            "X": 0.4390425384044647,
            "Y": 0.4308268129825592
          },
          {
            "X": 0.3451917767524719,
            "Y": 0.4334949851036072
          }
        ]
      },
      "Id": "3687d030-7c46-4b5a-bab7-457435dd813e",
      "Relationships": [
        {
          "Type": "CHILD",
          "Ids": [
            "3b88d5dd-1f00-4c3e-8f14-0e89f0a1c971",
            "f068dd89-19ef-46b3-82f6-f91697b74a2c",
            "440c535d-f1ed-44b0-a3fa-534aac6c03a1"
          ]
        }
      ],
      "Page": 1
    },
    {
      "BlockType": "LINE",
      "Confidence": 99.09598541259766,
      "Text": "Especialista",
      "Geometry": {
        "BoundingBox": {
          "Width": 0.06674013286828995,
          "Height": 0.012054533697664738,
          "Left": 0.5252494812011719,
          "Top": 0.4279620945453644
        },
        "Polygon": [
          {
            "X": 0.5253369808197021,
            "Y": 0.42984986305236816
          },
          {
            "X": 0.5919896364212036,
            "Y": 0.4279620945453644
          },
          {
            "X": 0.5919644236564636,
            "Y": 0.4381764829158783
          },
          {
            "X": 0.5252494812011719,
            "Y": 0.44001662731170654
          }
        ]
      },
      "Id": "1db05feb-51fa-4efe-a84a-342d491c503b",
      "Relationships": [
        {
          "Type": "CHILD",
          "Ids": [
            "bfaf8887-957c-4e05-b90b-d1868e342f02"
          ]
        }
      ],
      "Page": 1
    },
    {
      "BlockType": "LINE",
      "Confidence": 98.76581573486328,
      "Text": "em promoção",
      "Geometry": {
        "BoundingBox": {
          "Width": 0.07875458151102066,
          "Height": 0.012420819140970707,
          "Left": 0.519202470779419,
          "Top": 0.4388955533504486
        },
        "Polygon": [
          {
            "X": 0.5192963480949402,
            "Y": 0.4410601854324341
          },
          {
            "X": 0.5979570746421814,
            "Y": 0.4388955533504486
          },
          {
            "X": 0.597937285900116,
            "Y": 0.449208527803421
          },
          {
            "X": 0.519202470779419,
            "Y": 0.45131638646125793
          }
        ]
      },
      "Id": "ce5b8181-ebed-4ce8-80d4-4170ce94cb4e",
      "Relationships": [
        {
          "Type": "CHILD",
          "Ids": [
            "22d39944-2090-4785-b6a7-52d104b6f6f2",
            "1bf1c1ce-e5b5-4d67-b8a4-d8845bce4bc8"
          ]
        }
      ],
      "Page": 1
    },
    {
      "BlockType": "WORD",
      "Confidence": 99.79228210449219,
      "Text": "Usar",
      "TextType": "PRINTED",
      "Geometry": {
        "BoundingBox": {
          "Width": 0.062050651758909225,
          "Height": 0.019151758402585983,
          "Left": 0.1311461180448532,
          "Top": 0.23453864455223083
        },
        "Polygon": [
          {
            "X": 0.13189829885959625,
            "Y": 0.23721100389957428
          },
          {
            "X": 0.19319677352905273,
            "Y": 0.23453864455223083
          },
          {
            "X": 0.19253626465797424,
            "Y": 0.2510897219181061
          },
          {
            "X": 0.1311461180448532,
            "Y": 0.2536903917789459
          }
        ]
      },
      "Id": "7dceb391-9975-4837-9c9e-99ec521d0c43",
      "Page": 1
    },
    {
      "BlockType": "WORD",
      "Confidence": 97.6264419555664,
      "Text": "vários",
      "TextType": "PRINTED",
      "Geometry": {
        "BoundingBox": {
          "Width": 0.0984063446521759,
          "Height": 0.025649363175034523,
          "Left": 0.2085258513689041,
          "Top": 0.22101499140262604
        },
        "Polygon": [
          {
            "X": 0.20934560894966125,
            "Y": 0.22533118724822998
          },
          {
            "X": 0.3069322109222412,
            "Y": 0.22101499140262604
          },
          {
            "X": 0.3063032627105713,
            "Y": 0.24249489605426788
          },
          {
            "X": 0.2085258513689041,
            "Y": 0.246664360165596
          }
        ]
      },
      "Id": "9c8c9896-4adb-4f25-9ecd-de620b2f6493",
      "Page": 1
    },
    {
      "BlockType": "WORD",
      "Confidence": 99.37108612060547,
      "Text": "agentes",
      "TextType": "PRINTED",
      "Geometry": {
        "BoundingBox": {
          "Width": 0.12318053096532822,
          "Height": 0.0317019447684288,
          "Left": 0.325211763381958,
          "Top": 0.20799702405929565
        },
        "Polygon": [
          {
            "X": 0.3259333372116089,
            "Y": 0.21347393095493317
          },
          {
            "X": 0.44839227199554443,
            "Y": 0.20799702405929565
          },
          {
            "X": 0.44796860218048096,
            "Y": 0.23444628715515137
          },
          {
            "X": 0.325211763381958,
            "Y": 0.23969897627830505
          }
        ]
      },
      "Id": "32fa0864-cea2-4fec-ab44-6ad653869480",
      "Page": 1
    },
    {
      "BlockType": "WORD",
      "Confidence": 99.39631652832031,
      "Text": "ajuda",
      "TextType": "PRINTED",
      "Geometry": {
        "BoundingBox": {
          "Width": 0.09262948483228683,
          "Height": 0.030428532510995865,
          "Left": 0.4694189429283142,
          "Top": 0.1956600844860077
        },
        "Polygon": [
          {
            "X": 0.46978697180747986,
            "Y": 0.19983501732349396
          },
          {
            "X": 0.5620484352111816,
            "Y": 0.1956600844860077
          },
          {
            "X": 0.5619072914123535,
            "Y": 0.22208081185817719
          },
          {
            "X": 0.4694189429283142,
            "Y": 0.22608862817287445
          }
        ]
      },
      "Id": "80264933-e0a4-418e-ba0a-917c0d55cbbf",
      "Page": 1
    },
    {
      "BlockType": "WORD",
      "Confidence": 99.60408782958984,
      "Text": "1",
      "TextType": "PRINTED",
      "Geometry": {
        "BoundingBox": {
          "Width": 0.005847161635756493,
          "Height": 0.008455790579319,
          "Left": 0.47518208622932434,
          "Top": 0.2577134072780609
        },
        "Polygon": [
          {
            "X": 0.47529247403144836,
            "Y": 0.25794851779937744
          },
          {
            "X": 0.4810292422771454,
            "Y": 0.2577134072780609
          },
          {
            "X": 0.48092323541641235,
            "Y": 0.26593732833862305
          },
          {
            "X": 0.47518208622932434,
            "Y": 0.2661691904067993
          }
        ]
      },
      "Id": "24e3862a-9118-4b79-8deb-758ac2441bc9",
      "Page": 1
    },
    {
      "BlockType": "WORD",
      "Confidence": 99.66354370117188,
      "Text": "Ainda",
      "TextType": "PRINTED",
      "Geometry": {
        "BoundingBox": {
          "Width": 0.024782853201031685,
          "Height": 0.007622662466019392,
          "Left": 0.23187825083732605,
          "Top": 0.2821398377418518
        },
        "Polygon": [
          {
            "X": 0.23211808502674103,
            "Y": 0.28311800956726074
          },
          {
            "X": 0.2566611170768738,
            "Y": 0.2821398377418518
          },
          {
            "X": 0.2564361095428467,
            "Y": 0.2887958288192749
          },
          {
            "X": 0.23187825083732605,
            "Y": 0.2897624969482422
          }
        ]
      },
      "Id": "e39ea201-4dd7-47b4-8b38-8573c94a2db4",
      "Page": 1
    },
    {
      "BlockType": "WORD",
      "Confidence": 99.80050659179688,
      "Text": "tenho",
      "TextType": "PRINTED",
      "Geometry": {
        "BoundingBox": {
          "Width": 0.025041038170456886,
          "Height": 0.007520643994212151,
          "Left": 0.2586917281150818,
          "Top": 0.28009769320487976
        },
        "Polygon": [
          {
            "X": 0.2589111328125,
            "Y": 0.2810887396335602
          },
          {
            "X": 0.2837327718734741,
            "Y": 0.28009769320487976
          },
          {
            "X": 0.2835281491279602,
            "Y": 0.28663870692253113
          },
          {
            "X": 0.2586917281150818,
            "Y": 0.28761833906173706
          }
        ]
      },
      "Id": "c0db33e9-91bb-47e4-a0b0-f757143f0cf1",
      "Page": 1
    },
    {
      "BlockType": "WORD",
      "Confidence": 97.21887969970703,
      "Text": "férias",
      "TextType": "PRINTED",
      "Geometry": {
        "BoundingBox": {
          "Width": 0.02427036501467228,
          "Height": 0.007710273377597332,
          "Left": 0.2860308289527893,
          "Top": 0.2775648236274719
        },
        "Polygon": [
          {
            "X": 0.2862403392791748,
            "Y": 0.2785281240940094
          },
          {
            "X": 0.31030118465423584,
            "Y": 0.2775648236274719
          },
          {
            "X": 0.310106486082077,
            "Y": 0.28432321548461914
          },
          {
            "X": 0.2860308289527893,
            "Y": 0.28527510166168213
          }
        ]
      },
      "Id": "f4c4e12b-31ad-4d9b-a892-e36b9d8048aa",
      "Page": 1
    },
    {
      "BlockType": "WORD",
      "Confidence": 98.96552276611328,
      "Text": "este",
      "TextType": "PRINTED",
      "Geometry": {
        "BoundingBox": {
          "Width": 0.018219804391264915,
          "Height": 0.007079436909407377,
          "Left": 0.3122938871383667,
          "Top": 0.27639761567115784
        },
        "Polygon": [
          {
            "X": 0.3124757409095764,
            "Y": 0.2771202623844147
          },
          {
            "X": 0.33051368594169617,
            "Y": 0.27639761567115784
          },
          {
            "X": 0.3303423225879669,
            "Y": 0.28276246786117554
          },
          {
            "X": 0.3122938871383667,
            "Y": 0.2834770381450653
          }
        ]
      },
      "Id": "c4f768ce-658e-4b7b-be23-6af110a8317b",
      "Page": 1
    },
    {
      "BlockType": "WORD",
      "Confidence": 83.37523651123047,
      "Text": "W",
      "TextType": "PRINTED",
      "Geometry": {
        "BoundingBox": {
          "Width": 0.014833077788352966,
          "Height": 0.012108679860830307,
          "Left": 0.5305284857749939,
          "Top": 0.26332539319992065
        },
        "Polygon": [
          {
            "X": 0.5306234359741211,
            "Y": 0.2639206349849701
          },
          {
            "X": 0.5453615784645081,
            "Y": 0.26332539319992065
          },
          {
            "X": 0.5452824234962463,
            "Y": 0.2748505771160126
          },
          {
            "X": 0.5305284857749939,
            "Y": 0.27543407678604126
          }
        ]
      },
      "Id": "2b205d99-059c-451b-aff6-42a482b6372f",
      "Page": 1
    },
    {
      "BlockType": "WORD",
      "Confidence": 99.5820083618164,
      "Text": "ano?",
      "TextType": "PRINTED",
      "Geometry": {
        "BoundingBox": {
          "Width": 0.020622383803129196,
          "Height": 0.007215190678834915,
          "Left": 0.2696864902973175,
          "Top": 0.28803110122680664
        },
        "Polygon": [
          {
            "X": 0.2698952257633209,
            "Y": 0.28883376717567444
          },
          {
            "X": 0.2903088927268982,
            "Y": 0.28803110122680664
          },
          {
            "X": 0.29011207818984985,
            "Y": 0.29445284605026245
          },
          {
            "X": 0.2696864902973175,
            "Y": 0.29524627327919006
          }
        ]
      },
      "Id": "68de0c58-c797-4efc-979f-d5076ee627d3",
      "Page": 1
    },
    {
      "BlockType": "WORD",
      "Confidence": 98.4138412475586,
      "Text": "Especialista",
      "TextType": "PRINTED",
      "Geometry": {
        "BoundingBox": {
          "Width": 0.06555401533842087,
          "Height": 0.012996803969144821,
          "Left": 0.528179407119751,
          "Top": 0.2785905599594116
        },
        "Polygon": [
          {
            "X": 0.5282676219940186,
            "Y": 0.2811528444290161
          },
          {
            "X": 0.5937334299087524,
            "Y": 0.2785905599594116
          },
          {
            "X": 0.5937089323997498,
            "Y": 0.28907230496406555
          },
          {
            "X": 0.528179407119751,
            "Y": 0.29158735275268555
          }
        ]
      },
      "Id": "45e3fab8-f3fc-4386-93cd-7a792f11613c",
      "Page": 1
    },
    {
      "BlockType": "WORD",
      "Confidence": 99.11341857910156,
      "Text": "1",
      "TextType": "PRINTED",
      "Geometry": {
        "BoundingBox": {
          "Width": 0.004964507184922695,
          "Height": 0.007286657113581896,
          "Left": 0.19830290973186493,
          "Top": 0.30088144540786743
        },
        "Polygon": [
          {
            "X": 0.19858115911483765,
            "Y": 0.3010624051094055
          },
          {
            "X": 0.2032674103975296,
            "Y": 0.30088144540786743
          },
          {
            "X": 0.20299218595027924,
            "Y": 0.3079894781112671
          },
          {
            "X": 0.19830290973186493,
            "Y": 0.30816808342933655
          }
        ]
      },
      "Id": "9ac7a356-ac6e-43be-ac0e-c355ff9576a4",
      "Page": 1
    },
    {
      "BlockType": "WORD",
      "Confidence": 99.49899291992188,
      "Text": "Sim,",
      "TextType": "PRINTED",
      "Geometry": {
        "BoundingBox": {
          "Width": 0.019024183973670006,
          "Height": 0.00787538755685091,
          "Left": 0.24933689832687378,
          "Top": 0.3025614619255066
        },
        "Polygon": [
          {
            "X": 0.24958305060863495,
            "Y": 0.3032808005809784
          },
          {
            "X": 0.26836109161376953,
            "Y": 0.3025614619255066
          },
          {
            "X": 0.26812711358070374,
            "Y": 0.3097270727157593
          },
          {
            "X": 0.24933689832687378,
            "Y": 0.310436874628067
          }
        ]
      },
      "Id": "392be835-fdee-4a52-9670-587dbed334f2",
      "Page": 1
    },
    {
      "BlockType": "WORD",
      "Confidence": 99.87896728515625,
      "Text": "mais",
      "TextType": "PRINTED",
      "Geometry": {
        "BoundingBox": {
          "Width": 0.02016986906528473,
          "Height": 0.007339726202189922,
          "Left": 0.2708207368850708,
          "Top": 0.30090710520744324
        },
        "Polygon": [
          {
            "X": 0.27103376388549805,
            "Y": 0.30167272686958313
          },
          {
            "X": 0.2909906208515167,
            "Y": 0.30090710520744324
          },
          {
            "X": 0.29078951478004456,
            "Y": 0.3074904680252075
          },
          {
            "X": 0.2708207368850708,
            "Y": 0.30824682116508484
          }
        ]
      },
      "Id": "82eacdd1-6777-4da9-88b6-92ca19a39305",
      "Page": 1
    },
    {
      "BlockType": "WORD",
      "Confidence": 99.7615966796875,
      "Text": "6",
      "TextType": "PRINTED",
      "Geometry": {
        "BoundingBox": {
          "Width": 0.005953732877969742,
          "Height": 0.006408654619008303,
          "Left": 0.29288867115974426,
          "Top": 0.30026593804359436
        },
        "Polygon": [
          {
            "X": 0.2930764853954315,
            "Y": 0.3004872798919678
          },
          {
            "X": 0.2988424003124237,
            "Y": 0.30026593804359436
          },
          {
            "X": 0.2986578345298767,
            "Y": 0.3064557611942291
          },
          {
            "X": 0.29288867115974426,
            "Y": 0.306674599647522
          }
        ]
      },
      "Id": "0c778170-bccf-414f-80d2-dadbe15103b3",
      "Page": 1
    },
    {
      "BlockType": "WORD",
      "Confidence": 98.27854919433594,
      "Text": "dias.",
      "TextType": "PRINTED",
      "Geometry": {
        "BoundingBox": {
          "Width": 0.019960986450314522,
          "Height": 0.007594870403409004,
          "Left": 0.300860196352005,
          "Top": 0.2986288070678711
        },
        "Polygon": [
          {
            "X": 0.30106258392333984,
            "Y": 0.29938849806785583
          },
          {
            "X": 0.3208211660385132,
            "Y": 0.2986288070678711
          },
          {
            "X": 0.3206310570240021,
            "Y": 0.3054735064506531
          },
          {
            "X": 0.300860196352005,
            "Y": 0.30622366070747375
          }
        ]
      },
      "Id": "df6c1379-c6b3-4c4b-8209-016cb074bf77",
      "Page": 1
    },
    {
      "BlockType": "WORD",
      "Confidence": 99.78984069824219,
      "Text": "App",
      "TextType": "PRINTED",
      "Geometry": {
        "BoundingBox": {
          "Width": 0.021182388067245483,
          "Height": 0.009565528482198715,
          "Left": 0.3606645166873932,
          "Top": 0.29726728796958923
        },
        "Polygon": [
          {
            "X": 0.3608751595020294,
            "Y": 0.29807209968566895
          },
          {
            "X": 0.38184693455696106,
            "Y": 0.29726728796958923
          },
          {
            "X": 0.3816531300544739,
            "Y": 0.3060409128665924
          },
          {
            "X": 0.3606645166873932,
            "Y": 0.30683282017707825
          }
        ]
      },
      "Id": "7ae68c62-99bd-4152-b074-410ef0e1d6e9",
      "Page": 1
    },
    {
      "BlockType": "WORD",
      "Confidence": 99.86267852783203,
      "Text": "de",
      "TextType": "PRINTED",
      "Geometry": {
        "BoundingBox": {
          "Width": 0.01265269797295332,
          "Height": 0.007776782847940922,
          "Left": 0.3849877715110779,
          "Top": 0.29592642188072205
        },
        "Polygon": [
          {
            "X": 0.38514673709869385,
            "Y": 0.2964065670967102
          },
          {
            "X": 0.39764049649238586,
            "Y": 0.29592642188072205
          },
          {
            "X": 0.39748990535736084,
            "Y": 0.3032294809818268
          },
          {
            "X": 0.3849877715110779,
            "Y": 0.3037032186985016
          }
        ]
      },
      "Id": "ef8cc9e0-6daf-4a66-8a5e-5b305e2006ac",
      "Page": 1
    },
    {
      "BlockType": "WORD",
      "Confidence": 99.32628631591797,
      "Text": "folgas",
      "TextType": "PRINTED",
      "Geometry": {
        "BoundingBox": {
          "Width": 0.03214183822274208,
          "Height": 0.010476521216332912,
          "Left": 0.4004689157009125,
          "Top": 0.29362672567367554
        },
        "Polygon": [
          {
            "X": 0.4006569981575012,
            "Y": 0.2948569357395172
          },
          {
            "X": 0.43261075019836426,
            "Y": 0.29362672567367554
          },
          {
            "X": 0.4324498772621155,
            "Y": 0.3028936982154846
          },
          {
            "X": 0.4004689157009125,
            "Y": 0.30410322546958923
          }
        ]
      },
      "Id": "5d128fad-85ca-4007-9b15-e1fd828ac1c9",
      "Page": 1
    },
    {
      "BlockType": "WORD",
      "Confidence": 99.490966796875,
      "Text": "em",
      "TextType": "PRINTED",
      "Geometry": {
        "BoundingBox": {
          "Width": 0.016582567244768143,
          "Height": 0.006255693268030882,
          "Left": 0.5333568453788757,
          "Top": 0.2940540611743927
        },
        "Polygon": [
          {
            "X": 0.5334016680717468,
            "Y": 0.29468482732772827
          },
          {
            "X": 0.5499393939971924,
            "Y": 0.2940540611743927
          },
          {
            "X": 0.5499032735824585,
            "Y": 0.29968544840812683
          },
          {
            "X": 0.5333568453788757,
            "Y": 0.30030977725982666
          }
        ]
      },
      "Id": "27b6c269-c5b2-41da-b880-cd4b2ae75273",
      "Page": 1
    },
    {
      "BlockType": "WORD",
      "Confidence": 99.55166625976562,
      "Text": "folgas",
      "TextType": "PRINTED",
      "Geometry": {
        "BoundingBox": {
          "Width": 0.03560512140393257,
          "Height": 0.01082962192595005,
          "Left": 0.5533804297447205,
          "Top": 0.28973355889320374
        },
        "Polygon": [
          {
            "X": 0.553438127040863,
            "Y": 0.29109665751457214
          },
          {
            "X": 0.5889855623245239,
            "Y": 0.28973355889320374
          },
          {
            "X": 0.5889591574668884,
            "Y": 0.2992233633995056
          },
          {
            "X": 0.5533804297447205,
            "Y": 0.30056318640708923
          }
        ]
      },
      "Id": "40aa64d0-64ea-4727-acf5-0701002a1e5f",
      "Page": 1
    },
    {
      "BlockType": "WORD",
      "Confidence": 62.982975006103516,
      "Text": "I",
      "TextType": "PRINTED",
      "Geometry": {
        "BoundingBox": {
          "Width": 0.0029710885137319565,
          "Height": 0.004751498345285654,
          "Left": 0.14359965920448303,
          "Top": 0.3199334740638733
        },
        "Polygon": [
          {
            "X": 0.14380504190921783,
            "Y": 0.32003679871559143
          },
          {
            "X": 0.14657074213027954,
            "Y": 0.3199334740638733
          },
          {
            "X": 0.14636652171611786,
            "Y": 0.324582576751709
          },
          {
            "X": 0.14359965920448303,
            "Y": 0.3246849775314331
          }
        ]
      },
      "Id": "9e21a4ff-25cb-43ce-9fe5-2b9eef0a54da",
      "Page": 1
    },
    {
      "BlockType": "WORD",
      "Confidence": 99.12397003173828,
      "Text": "Regras",
      "TextType": "PRINTED",
      "Geometry": {
        "BoundingBox": {
          "Width": 0.04024967551231384,
          "Height": 0.010786253958940506,
          "Left": 0.64549320936203,
          "Top": 0.30303922295570374
        },
        "Polygon": [
          {
            "X": 0.64549320936203,
            "Y": 0.30453118681907654
          },
          {
            "X": 0.6856848001480103,
            "Y": 0.30303922295570374
          },
          {
            "X": 0.6857429146766663,
            "Y": 0.31235918402671814
          },
          {
            "X": 0.6455163359642029,
            "Y": 0.31382545828819275
          }
        ]
      },
      "Id": "97bb7417-3a33-4880-8371-ea40bbc69b95",
      "Page": 1
    },
    {
      "BlockType": "WORD",
      "Confidence": 99.8091812133789,
      "Text": "de",
      "TextType": "PRINTED",
      "Geometry": {
        "BoundingBox": {
          "Width": 0.01439267210662365,
          "Height": 0.007978202775120735,
          "Left": 0.6894775629043579,
          "Top": 0.30145391821861267
        },
        "Polygon": [
          {
            "X": 0.6894775629043579,
            "Y": 0.301986962556839
          },
          {
            "X": 0.7038112282752991,
            "Y": 0.30145391821861267
          },
          {
            "X": 0.7038702368736267,
            "Y": 0.3089064359664917
          },
          {
            "X": 0.6895266175270081,
            "Y": 0.30943211913108826
          }
        ]
      },
      "Id": "d368cf7a-cffa-4739-b9a3-925c03d792ad",
      "Page": 1
    },
    {
      "BlockType": "WORD",
      "Confidence": 86.88172149658203,
      "Text": "licenças",
      "TextType": "PRINTED",
      "Geometry": {
        "BoundingBox": {
          "Width": 0.048195499926805496,
          "Height": 0.011940720491111279,
          "Left": 0.6504089832305908,
          "Top": 0.3129332363605499
        },
        "Polygon": [
          {
            "X": 0.6504089832305908,
            "Y": 0.31468361616134644
          },
          {
            "X": 0.6985285878181458,
            "Y": 0.3129332363605499
          },
          {
            "X": 0.6986044645309448,
            "Y": 0.32315731048583984
          },
          {
            "X": 0.6504389643669128,
            "Y": 0.3248739540576935
          }
        ]
      },
      "Id": "d194bbe2-6b8a-412a-b55d-b43dd798cea6",
      "Page": 1
    },
    {
      "BlockType": "WORD",
      "Confidence": 99.79074096679688,
      "Text": "App",
      "TextType": "PRINTED",
      "Geometry": {
        "BoundingBox": {
          "Width": 0.02137494459748268,
          "Height": 0.009485254995524883,
          "Left": 0.3536249101161957,
          "Top": 0.3600035309791565
        },
        "Polygon": [
          {
            "X": 0.35384026169776917,
            "Y": 0.3607182204723358
          },
          {
            "X": 0.37499985098838806,
            "Y": 0.3600035309791565
          },
          {
            "X": 0.3748013973236084,
            "Y": 0.36878716945648193
          },
          {
            "X": 0.3536249101161957,
            "Y": 0.36948877573013306
          }
        ]
      },
      "Id": "3f5ec8cf-ba6f-4a17-a2ff-e992b979f29d",
      "Page": 1
    },
    {
      "BlockType": "WORD",
      "Confidence": 99.83631896972656,
      "Text": "de",
      "TextType": "PRINTED",
      "Geometry": {
        "BoundingBox": {
          "Width": 0.012667471542954445,
          "Height": 0.007959476672112942,
          "Left": 0.3780299127101898,
          "Top": 0.35894152522087097
        },
        "Polygon": [
          {
            "X": 0.37819796800613403,
            "Y": 0.35936421155929565
          },
          {
            "X": 0.3906973898410797,
            "Y": 0.35894152522087097
          },
          {
            "X": 0.39053788781166077,
            "Y": 0.36648496985435486
          },
          {
            "X": 0.3780299127101898,
            "Y": 0.3669010102748871
          }
        ]
      },
      "Id": "3ed64a36-f6a7-49fa-a140-e9d2945006cd",
      "Page": 1
    },
    {
      "BlockType": "WORD",
      "Confidence": 91.31533813476562,
      "Text": "licenças",
      "TextType": "PRINTED",
      "Geometry": {
        "BoundingBox": {
          "Width": 0.041977234184741974,
          "Height": 0.011272154748439789,
          "Left": 0.39360255002975464,
          "Top": 0.3565724492073059
        },
        "Polygon": [
          {
            "X": 0.39380812644958496,
            "Y": 0.357987642288208
          },
          {
            "X": 0.435579776763916,
            "Y": 0.3565724492073059
          },
          {
            "X": 0.43541184067726135,
            "Y": 0.3664584457874298
          },
          {
            "X": 0.39360255002975464,
            "Y": 0.3678446114063263
          }
        ]
      },
      "Id": "4015821f-507f-440d-a513-7458f8e720ef",
      "Page": 1
    },
    {
      "BlockType": "WORD",
      "Confidence": 98.88907623291016,
      "Text": "Especialista",
      "TextType": "PRINTED",
      "Geometry": {
        "BoundingBox": {
          "Width": 0.06596926599740982,
          "Height": 0.01237764023244381,
          "Left": 0.5269827842712402,
          "Top": 0.3528043031692505
        },
        "Polygon": [
          {
            "X": 0.527069091796875,
            "Y": 0.3550288677215576
          },
          {
            "X": 0.5929520130157471,
            "Y": 0.3528043031692505
          },
          {
            "X": 0.5929275751113892,
            "Y": 0.36300402879714966
          },
          {
            "X": 0.5269827842712402,
            "Y": 0.36518195271492004
          }
        ]
      },
      "Id": "d7151d96-2ec0-490a-8aaf-2da95056c312",
      "Page": 1
    },
    {
      "BlockType": "WORD",
      "Confidence": 99.51261138916016,
      "Text": "em",
      "TextType": "PRINTED",
      "Geometry": {
        "BoundingBox": {
          "Width": 0.016569992527365685,
          "Height": 0.006159054581075907,
          "Left": 0.5270277261734009,
          "Top": 0.36827167868614197
        },
        "Polygon": [
          {
            "X": 0.527075469493866,
            "Y": 0.3688129782676697
          },
          {
            "X": 0.5435976982116699,
            "Y": 0.36827167868614197
          },
          {
            "X": 0.5435585379600525,
            "Y": 0.37389591336250305
          },
          {
            "X": 0.5270277261734009,
            "Y": 0.37443071603775024
          }
        ]
      },
      "Id": "8cd10286-dc30-4914-ab27-80c79d2fa54b",
      "Page": 1
    },
    {
      "BlockType": "WORD",
      "Confidence": 94.65995788574219,
      "Text": "licenças",
      "TextType": "PRINTED",
      "Geometry": {
        "BoundingBox": {
          "Width": 0.04487113282084465,
          "Height": 0.011277460493147373,
          "Left": 0.5477520823478699,
          "Top": 0.36385393142700195
        },
        "Polygon": [
          {
            "X": 0.5478165149688721,
            "Y": 0.3653310239315033
          },
          {
            "X": 0.592623233795166,
            "Y": 0.36385393142700195
          },
          {
            "X": 0.5925993919372559,
            "Y": 0.37368491291999817
          },
          {
            "X": 0.5477520823478699,
            "Y": 0.37513139843940735
          }
        ]
      },
      "Id": "dffebc4b-388c-41a9-a554-1e0f857b585a",
      "Page": 1
    },
    {
      "BlockType": "WORD",
      "Confidence": 88.9071044921875,
      "Text": "Políticas",
      "TextType": "PRINTED",
      "Geometry": {
        "BoundingBox": {
          "Width": 0.05219879001379013,
          "Height": 0.010869807563722134,
          "Left": 0.6469190716743469,
          "Top": 0.38218384981155396
        },
        "Polygon": [
          {
            "X": 0.6469190716743469,
            "Y": 0.383820503950119
          },
          {
            "X": 0.6990490555763245,
            "Y": 0.38218384981155396
          },
          {
            "X": 0.6991178393363953,
            "Y": 0.3914503753185272
          },
          {
            "X": 0.6469430327415466,
            "Y": 0.39305365085601807
          }
        ]
      },
      "Id": "94c78c59-d862-473f-ab30-1a0f0aa51883",
      "Page": 1
    },
    {
      "BlockType": "WORD",
      "Confidence": 99.86457061767578,
      "Text": "de",
      "TextType": "PRINTED",
      "Geometry": {
        "BoundingBox": {
          "Width": 0.014981970191001892,
          "Height": 0.008193900808691978,
          "Left": 0.6544662117958069,
          "Top": 0.3953474164009094
        },
        "Polygon": [
          {
            "X": 0.6544662117958069,
            "Y": 0.3958034813404083
          },
          {
            "X": 0.6694119572639465,
            "Y": 0.3953474164009094
          },
          {
            "X": 0.6694481372833252,
            "Y": 0.40309327840805054
          },
          {
            "X": 0.654491662979126,
            "Y": 0.40354132652282715
          }
        ]
      },
      "Id": "a93229a5-5d0b-4ccb-b955-ed64180798a2",
      "Page": 1
    },
    {
      "BlockType": "WORD",
      "Confidence": 99.92486572265625,
      "Text": "RH",
      "TextType": "PRINTED",
      "Geometry": {
        "BoundingBox": {
          "Width": 0.016716772690415382,
          "Height": 0.008128534071147442,
          "Left": 0.6735038757324219,
          "Top": 0.3944913148880005
        },
        "Polygon": [
          {
            "X": 0.6735038757324219,
            "Y": 0.395000159740448
          },
          {
            "X": 0.6901703476905823,
            "Y": 0.3944913148880005
          },
          {
            "X": 0.6902206540107727,
            "Y": 0.40211981534957886
          },
          {
            "X": 0.6735423803329468,
            "Y": 0.402619868516922
          }
        ]
      },
      "Id": "3a14323c-b5cc-49b1-b7c2-e39cfa14ce6d",
      "Page": 1
    },
    {
      "BlockType": "WORD",
      "Confidence": 99.86577606201172,
      "Text": "App",
      "TextType": "PRINTED",
      "Geometry": {
        "BoundingBox": {
          "Width": 0.021464552730321884,
          "Height": 0.009679924696683884,
          "Left": 0.34519749879837036,
          "Top": 0.423586905002594
        },
        "Polygon": [
          {
            "X": 0.34542572498321533,
            "Y": 0.4242052137851715
          },
          {
            "X": 0.36666205525398254,
            "Y": 0.423586905002594
          },
          {
            "X": 0.366451233625412,
            "Y": 0.4326622486114502
          },
          {
            "X": 0.34519749879837036,
            "Y": 0.43326684832572937
          }
        ]
      },
      "Id": "3b88d5dd-1f00-4c3e-8f14-0e89f0a1c971",
      "Page": 1
    },
    {
      "BlockType": "WORD",
      "Confidence": 99.89813232421875,
      "Text": "de",
      "TextType": "PRINTED",
      "Geometry": {
        "BoundingBox": {
          "Width": 0.013075693510472775,
          "Height": 0.00813153013586998,
          "Left": 0.3696449100971222,
          "Top": 0.42264029383659363
        },
        "Polygon": [
          {
            "X": 0.36982282996177673,
            "Y": 0.4230162501335144
          },
          {
            "X": 0.38272058963775635,
            "Y": 0.42264029383659363
          },
          {
            "X": 0.38255172967910767,
            "Y": 0.4304029643535614
          },
          {
            "X": 0.3696449100971222,
            "Y": 0.4307718276977539
          }
        ]
      },
      "Id": "f068dd89-19ef-46b3-82f6-f91697b74a2c",
      "Page": 1
    },
    {
      "BlockType": "WORD",
      "Confidence": 98.07493591308594,
      "Text": "promoção",
      "TextType": "PRINTED",
      "Geometry": {
        "BoundingBox": {
          "Width": 0.05385899171233177,
          "Height": 0.012146483175456524,
          "Left": 0.3853593170642853,
          "Top": 0.42020654678344727
        },
        "Polygon": [
          {
            "X": 0.3855867087841034,
            "Y": 0.4217729866504669
          },
          {
            "X": 0.43921831250190735,
            "Y": 0.42020654678344727
          },
          {
            "X": 0.4390425384044647,
            "Y": 0.4308268129825592
          },
          {
            "X": 0.3853593170642853,
            "Y": 0.43235301971435547
          }
        ]
      },
      "Id": "440c535d-f1ed-44b0-a3fa-534aac6c03a1",
      "Page": 1
    },
    {
      "BlockType": "WORD",
      "Confidence": 99.09598541259766,
      "Text": "Especialista",
      "TextType": "PRINTED",
      "Geometry": {
        "BoundingBox": {
          "Width": 0.06674013286828995,
          "Height": 0.012054533697664738,
          "Left": 0.5252494812011719,
          "Top": 0.4279620945453644
        },
        "Polygon": [
          {
            "X": 0.5253369808197021,
            "Y": 0.42984986305236816
          },
          {
            "X": 0.5919896364212036,
            "Y": 0.4279620945453644
          },
          {
            "X": 0.5919644236564636,
            "Y": 0.4381764829158783
          },
          {
            "X": 0.5252494812011719,
            "Y": 0.44001662731170654
          }
        ]
      },
      "Id": "bfaf8887-957c-4e05-b90b-d1868e342f02",
      "Page": 1
    },
    {
      "BlockType": "WORD",
      "Confidence": 99.52953338623047,
      "Text": "em",
      "TextType": "PRINTED",
      "Geometry": {
        "BoundingBox": {
          "Width": 0.016960227862000465,
          "Height": 0.006476319395005703,
          "Left": 0.5192186832427979,
          "Top": 0.4430677592754364
        },
        "Polygon": [
          {
            "X": 0.5192737579345703,
            "Y": 0.4435299336910248
          },
          {
            "X": 0.5361789464950562,
            "Y": 0.4430677592754364
          },
          {
            "X": 0.5361331701278687,
            "Y": 0.44908905029296875
          },
          {
            "X": 0.5192186832427979,
            "Y": 0.4495440721511841
          }
        ]
      },
      "Id": "22d39944-2090-4785-b6a7-52d104b6f6f2",
      "Page": 1
    },
    {
      "BlockType": "WORD",
      "Confidence": 98.0020980834961,
      "Text": "promoção",
      "TextType": "PRINTED",
      "Geometry": {
        "BoundingBox": {
          "Width": 0.058714352548122406,
          "Height": 0.01188430842012167,
          "Left": 0.539242684841156,
          "Top": 0.4388955533504486
        },
        "Polygon": [
          {
            "X": 0.539317786693573,
            "Y": 0.44050922989845276
          },
          {
            "X": 0.5979570746421814,
            "Y": 0.4388955533504486
          },
          {
            "X": 0.597937285900116,
            "Y": 0.449208527803421
          },
          {
            "X": 0.539242684841156,
            "Y": 0.45077985525131226
          }
        ]
      },
      "Id": "1bf1c1ce-e5b5-4d67-b8a4-d8845bce4bc8",
      "Page": 1
    }
  ],
  "DetectDocumentTextModelVersion": "1.0"
}