{
  "DocumentMetadata": {
    "Pages": 1
  },
  "JobStatus": "SUCCEEDED",
  "Blocks": [
    {
      "BlockType": "PAGE",
      "Geometry": {
        "BoundingBox": {
          "Width": 0.8776583671569824,
          "Height": 0.7745373845100403,
          "Left": 0.007098710630089045,
          "Top": 0.06096992269158363
        },
        "Polygon": [
          {
            "X": 0.007098710630089045,
            "Y": 0.08420979976654053
          },
          {
            "X": 0.8621727824211121,
            "Y": 0.06096992269158363
          },
          {
            "X": 0.8847571015357971,
            "Y": 0.8141998052597046
          },
          {
            "X": 0.02759535424411297,
            "Y": 0.8355072736740112
          }
        ]
      },
      "Id": "e61d17ac-f219-4e6e-9b66-a294e5cd8e9e",
      "Relationships": [
        {
          "Type": "CHILD",
          "Ids": [
            "da66908d-3460-4b71-b800-33506bbc711c",
            "53ef6f48-c3b7-4276-97e9-3436f3a732a0",
            "ad3e6343-1e59-47c9-97cb-2e8a456f1ec8",
            "974ff5ba-21ba-40ef-83ae-cb34dda8968f",
            "6b98a0ec-c9a1-4324-a0d6-d30a65134d78",
            "60678a95-d656-4c51-bedc-f54504b36687",
            "df3699b0-6552-4116-a69a-dcd9bdd55749",
            "955267a1-de86-45ff-af37-4b0b6aef6b5d",
            "383261ce-eed9-4517-ab93-1b5680665d2a",
            "2a1fe708-1031-4e8a-a847-25758ab728e7",
            "79c8d0e8-0476-4a4c-b1ad-1b2ae6dc5c69",
            "ca4641bf-0524-4778-aedf-bed8e4dd1abe",
            "1b1c0b96-c049-4363-9781-a05754e36a90"
          ]
        }
      ],
      "Page": 1
    },
    {
      "BlockType": "LINE",
      "Confidence": 93.3754653930664,
      "Text": "Generative Al",
      "Geometry": {
        "BoundingBox": {
          "Width": 0.09354166686534882,
          "Height": 0.01635122485458851,
          "Left": 0.5232852697372437,
          "Top": 0.31882715225219727
        },
        "Polygon": [
          {
            "X": 0.5232852697372437,
            "Y": 0.3212864100933075
          },
          {
            "X": 0.6164214015007019,
            "Y": 0.31882715225219727
          },
          {
            "X": 0.6168268918991089,
            "Y": 0.3327230215072632
          },
          {
            "X": 0.5236865878105164,
            "Y": 0.3351783752441406
          }
        ]
      },
      "Id": "da66908d-3460-4b71-b800-33506bbc711c",
      "Relationships": [
        {
          "Type": "CHILD",
          "Ids": [
            "3b0b130c-c936-4946-9ce6-2097c58cbded",
            "a83db5b1-f7c3-4828-99ec-466c28bd9491"
          ]
        }
      ],
      "Page": 1
    },
    {
      "BlockType": "LINE",
      "Confidence": 99.5836181640625,
      "Text": "Application",
      "Geometry": {
        "BoundingBox": {
          "Width": 0.08055878430604935,
          "Height": 0.016248757019639015,
          "Left": 0.5226997137069702,
          "Top": 0.33164355158805847
        },
        "Polygon": [
          {
            "X": 0.5226997137069702,
            "Y": 0.3337567448616028
          },
          {
            "X": 0.6028465032577515,
            "Y": 0.33164355158805847
          },
          {
            "X": 0.603258490562439,
            "Y": 0.3457825183868408
          },
          {
            "X": 0.5231080651283264,
            "Y": 0.34789231419563293
          }
        ]
      },
      "Id": "53ef6f48-c3b7-4276-97e9-3436f3a732a0",
      "Relationships": [
        {
          "Type": "CHILD",
          "Ids": [
            "bfbdcfbf-5cf2-4cb4-a39b-d6d19ec791e7"
          ]
        }
      ],
      "Page": 1
    },
    {
      "BlockType": "LINE",
      "Confidence": 99.8310546875,
      "Text": "Data",
      "Geometry": {
        "BoundingBox": {
          "Width": 0.04797697067260742,
          "Height": 0.014257178641855717,
          "Left": 0.5238043665885925,
          "Top": 0.39301538467407227
        },
        "Polygon": [
          {
            "X": 0.5238043665885925,
            "Y": 0.39426153898239136
          },
          {
            "X": 0.5714035034179688,
            "Y": 0.39301538467407227
          },
          {
            "X": 0.5717813372612,
            "Y": 0.40602827072143555
          },
          {
            "X": 0.5241801738739014,
            "Y": 0.4072725772857666
          }
        ]
      },
      "Id": "ad3e6343-1e59-47c9-97cb-2e8a456f1ec8",
      "Relationships": [
        {
          "Type": "CHILD",
          "Ids": [
            "d6bec819-6637-4c08-8964-11a79d59d6ec"
          ]
        }
      ],
      "Page": 1
    },
    {
      "BlockType": "LINE",
      "Confidence": 99.2459487915039,
      "Text": "nce",
      "Geometry": {
        "BoundingBox": {
          "Width": 0.0310368575155735,
          "Height": 0.012537388131022453,
          "Left": 0.016202718019485474,
          "Top": 0.41711094975471497
        },
        "Polygon": [
          {
            "X": 0.016202718019485474,
            "Y": 0.41791409254074097
          },
          {
            "X": 0.04691828042268753,
            "Y": 0.41711094975471497
          },
          {
            "X": 0.047239575535058975,
            "Y": 0.4288462698459625
          },
          {
            "X": 0.0165228471159935,
            "Y": 0.42964833974838257
          }
        ]
      },
      "Id": "974ff5ba-21ba-40ef-83ae-cb34dda8968f",
      "Relationships": [
        {
          "Type": "CHILD",
          "Ids": [
            "6ca4e9f1-27cb-4a47-9d94-574aa75ffe6c"
          ]
        }
      ],
      "Page": 1
    },
    {
      "BlockType": "LINE",
      "Confidence": 99.93762969970703,
      "Text": "Foundation",
      "Geometry": {
        "BoundingBox": {
          "Width": 0.1234271451830864,
          "Height": 0.021216651424765587,
          "Left": 0.5227141380310059,
          "Top": 0.40459659695625305
        },
        "Polygon": [
          {
            "X": 0.5227141380310059,
            "Y": 0.40780898928642273
          },
          {
            "X": 0.6456141471862793,
            "Y": 0.40459659695625305
          },
          {
            "X": 0.6461412310600281,
            "Y": 0.4226074814796448
          },
          {
            "X": 0.5232340693473816,
            "Y": 0.4258132576942444
          }
        ]
      },
      "Id": "6b98a0ec-c9a1-4324-a0d6-d30a65134d78",
      "Relationships": [
        {
          "Type": "CHILD",
          "Ids": [
            "65df5f45-4f33-4ef5-87c7-7379fa75d7f1"
          ]
        }
      ],
      "Page": 1
    },
    {
      "BlockType": "LINE",
      "Confidence": 59.44719314575195,
      "Text": "ARMAZENANENTO",
      "Geometry": {
        "BoundingBox": {
          "Width": 0.10728215426206589,
          "Height": 0.01252847258001566,
          "Left": 0.5208929181098938,
          "Top": 0.4320685565471649
        },
        "Polygon": [
          {
            "X": 0.5208929181098938,
            "Y": 0.4348563849925995
          },
          {
            "X": 0.6278904676437378,
            "Y": 0.4320685565471649
          },
          {
            "X": 0.6281750798225403,
            "Y": 0.44181233644485474
          },
          {
            "X": 0.5211741328239441,
            "Y": 0.4445970356464386
          }
        ]
      },
      "Id": "60678a95-d656-4c51-bedc-f54504b36687",
      "Relationships": [
        {
          "Type": "CHILD",
          "Ids": [
            "c08ba2ad-6398-4c82-8621-c9c2e251d2f4"
          ]
        }
      ],
      "Page": 1
    },
    {
      "BlockType": "LINE",
      "Confidence": 82.89270782470703,
      "Text": "GOVERNANÇA",
      "Geometry": {
        "BoundingBox": {
          "Width": 0.08257722109556198,
          "Height": 0.010494793765246868,
          "Left": 0.5217015147209167,
          "Top": 0.45350852608680725
        },
        "Polygon": [
          {
            "X": 0.5217015147209167,
            "Y": 0.4556484520435333
          },
          {
            "X": 0.6040352582931519,
            "Y": 0.45350852608680725
          },
          {
            "X": 0.6042787432670593,
            "Y": 0.46186545491218567
          },
          {
            "X": 0.5219427347183228,
            "Y": 0.464003324508667
          }
        ]
      },
      "Id": "df3699b0-6552-4116-a69a-dcd9bdd55749",
      "Relationships": [
        {
          "Type": "CHILD",
          "Ids": [
            "5640371f-6b4e-42a4-ae70-3ff731c9a434"
          ]
        }
      ],
      "Page": 1
    },
    {
      "BlockType": "LINE",
      "Confidence": 97.69059753417969,
      "Text": "& COMPLIANCE",
      "Geometry": {
        "BoundingBox": {
          "Width": 0.09679007530212402,
          "Height": 0.011724419891834259,
          "Left": 0.5212997794151306,
          "Top": 0.46041855216026306
        },
        "Polygon": [
          {
            "X": 0.5212997794151306,
            "Y": 0.4629250764846802
          },
          {
            "X": 0.6178208589553833,
            "Y": 0.46041855216026306
          },
          {
            "X": 0.6180898547172546,
            "Y": 0.4696391224861145
          },
          {
            "X": 0.5215659141540527,
            "Y": 0.4721429944038391
          }
        ]
      },
      "Id": "955267a1-de86-45ff-af37-4b0b6aef6b5d",
      "Relationships": [
        {
          "Type": "CHILD",
          "Ids": [
            "600ee39d-7669-473f-9b06-71c1f56b29cd",
            "1aad0f89-b080-43f9-b569-10ee343e3012"
          ]
        }
      ],
      "Page": 1
    },
    {
      "BlockType": "LINE",
      "Confidence": 97.00753784179688,
      "Text": "DATABASES,",
      "Geometry": {
        "BoundingBox": {
          "Width": 0.0797974243760109,
          "Height": 0.011272204108536243,
          "Left": 0.5212680697441101,
          "Top": 0.4787845313549042
        },
        "Polygon": [
          {
            "X": 0.5212680697441101,
            "Y": 0.4808453917503357
          },
          {
            "X": 0.6007972359657288,
            "Y": 0.4787845313549042
          },
          {
            "X": 0.6010655164718628,
            "Y": 0.4879980683326721
          },
          {
            "X": 0.5215340256690979,
            "Y": 0.49005675315856934
          }
        ]
      },
      "Id": "383261ce-eed9-4517-ab93-1b5680665d2a",
      "Relationships": [
        {
          "Type": "CHILD",
          "Ids": [
            "a34d818b-ae3a-4658-ad9b-4efaed2431d3"
          ]
        }
      ],
      "Page": 1
    },
    {
      "BlockType": "LINE",
      "Confidence": 99.8382568359375,
      "Text": "ANALYTICS",
      "Geometry": {
        "BoundingBox": {
          "Width": 0.07689283043146133,
          "Height": 0.010173436254262924,
          "Left": 0.520488440990448,
          "Top": 0.4869854152202606
        },
        "Polygon": [
          {
            "X": 0.520488440990448,
            "Y": 0.4889698624610901
          },
          {
            "X": 0.5971428155899048,
            "Y": 0.4869854152202606
          },
          {
            "X": 0.5973812341690063,
            "Y": 0.4951762855052948
          },
          {
            "X": 0.5207248330116272,
            "Y": 0.49715885519981384
          }
        ]
      },
      "Id": "2a1fe708-1031-4e8a-a847-25758ab728e7",
      "Relationships": [
        {
          "Type": "CHILD",
          "Ids": [
            "fd461f38-fa19-44d2-b637-e0d623405fb2"
          ]
        }
      ],
      "Page": 1
    },
    {
      "BlockType": "LINE",
      "Confidence": 99.648681640625,
      "Text": "& DATA LAKES",
      "Geometry": {
        "BoundingBox": {
          "Width": 0.09995587170124054,
          "Height": 0.011464448645710945,
          "Left": 0.520967960357666,
          "Top": 0.49392715096473694
        },
        "Polygon": [
          {
            "X": 0.520967960357666,
            "Y": 0.4965057969093323
          },
          {
            "X": 0.6206644177436829,
            "Y": 0.49392715096473694
          },
          {
            "X": 0.6209238171577454,
            "Y": 0.5028156042098999
          },
          {
            "X": 0.5212244391441345,
            "Y": 0.5053915977478027
          }
        ]
      },
      "Id": "79c8d0e8-0476-4a4c-b1ad-1b2ae6dc5c69",
      "Relationships": [
        {
          "Type": "CHILD",
          "Ids": [
            "a97f955f-0a41-461b-8027-37dedb48d114",
            "455a072d-55b6-4e40-93f0-690c0fbce8da",
            "637b0e79-c9da-4f28-aa73-a6e276cf949c"
          ]
        }
      ],
      "Page": 1
    },
    {
      "BlockType": "LINE",
      "Confidence": 99.81398010253906,
      "Text": "DATA",
      "Geometry": {
        "BoundingBox": {
          "Width": 0.03215084969997406,
          "Height": 0.00789144728332758,
          "Left": 0.5216049551963806,
          "Top": 0.5159462690353394
        },
        "Polygon": [
          {
            "X": 0.5216049551963806,
            "Y": 0.5167705416679382
          },
          {
            "X": 0.5535510778427124,
            "Y": 0.5159462690353394
          },
          {
            "X": 0.5537558197975159,
            "Y": 0.5230140686035156
          },
          {
            "X": 0.5218089818954468,
            "Y": 0.523837685585022
          }
        ]
      },
      "Id": "ca4641bf-0524-4778-aedf-bed8e4dd1abe",
      "Relationships": [
        {
          "Type": "CHILD",
          "Ids": [
            "0eb5bc1d-0ada-4f67-8fe7-a5bdea31754f"
          ]
        }
      ],
      "Page": 1
    },
    {
      "BlockType": "LINE",
      "Confidence": 99.63949584960938,
      "Text": "INTEGRATION",
      "Geometry": {
        "BoundingBox": {
          "Width": 0.09124067425727844,
          "Height": 0.010080823674798012,
          "Left": 0.5221347212791443,
          "Top": 0.5220267176628113
        },
        "Polygon": [
          {
            "X": 0.5221347212791443,
            "Y": 0.5243729948997498
          },
          {
            "X": 0.6131498217582703,
            "Y": 0.5220267176628113
          },
          {
            "X": 0.6133753657341003,
            "Y": 0.5297633409500122
          },
          {
            "X": 0.5223579406738281,
            "Y": 0.5321075320243835
          }
        ]
      },
      "Id": "1b1c0b96-c049-4363-9781-a05754e36a90",
      "Relationships": [
        {
          "Type": "CHILD",
          "Ids": [
            "0cbca359-b037-44c2-8ded-bb96a7e25051"
          ]
        }
      ],
      "Page": 1
    },
    {
      "BlockType": "WORD",
      "Confidence": 99.59659576416016,
      "Text": "Generative",
      "TextType": "PRINTED",
      "Geometry": {
        "BoundingBox": {
          "Width": 0.07608316838741302,
          "Height": 0.014330323785543442,
          "Left": 0.5233303308486938,
          "Top": 0.3208480477333069
        },
        "Polygon": [
          {
            "X": 0.5233303308486938,
            "Y": 0.3228471875190735
          },
          {
            "X": 0.599054217338562,
            "Y": 0.3208480477333069
          },
          {
            "X": 0.5994135141372681,
            "Y": 0.33318206667900085
          },
          {
            "X": 0.5236865878105164,
            "Y": 0.3351783752441406
          }
        ]
      },
      "Id": "3b0b130c-c936-4946-9ce6-2097c58cbded",
      "Page": 1
    },
    {
      "BlockType": "WORD",
      "Confidence": 87.15433502197266,
      "Text": "Al",
      "TextType": "PRINTED",
      "Geometry": {
        "BoundingBox": {
          "Width": 0.0151101965457201,
          "Height": 0.009417643770575523,
          "Left": 0.6015745997428894,
          "Top": 0.31882715225219727
        },
        "Polygon": [
          {
            "X": 0.6015745997428894,
            "Y": 0.3192192018032074
          },
          {
            "X": 0.6164214015007019,
            "Y": 0.31882715225219727
          },
          {
            "X": 0.6166847944259644,
            "Y": 0.32785317301750183
          },
          {
            "X": 0.6018375754356384,
            "Y": 0.32824480533599854
          }
        ]
      },
      "Id": "a83db5b1-f7c3-4828-99ec-466c28bd9491",
      "Page": 1
    },
    {
      "BlockType": "WORD",
      "Confidence": 99.5836181640625,
      "Text": "Application",
      "TextType": "PRINTED",
      "Geometry": {
        "BoundingBox": {
          "Width": 0.08055878430604935,
          "Height": 0.016248757019639015,
          "Left": 0.5226997137069702,
          "Top": 0.33164355158805847
        },
        "Polygon": [
          {
            "X": 0.5226997137069702,
            "Y": 0.3337567448616028
          },
          {
            "X": 0.6028465032577515,
            "Y": 0.33164355158805847
          },
          {
            "X": 0.603258490562439,
            "Y": 0.3457825183868408
          },
          {
            "X": 0.5231080651283264,
            "Y": 0.34789231419563293
          }
        ]
      },
      "Id": "bfbdcfbf-5cf2-4cb4-a39b-d6d19ec791e7",
      "Page": 1
    },
    {
      "BlockType": "WORD",
      "Confidence": 99.8310546875,
      "Text": "Data",
      "TextType": "PRINTED",
      "Geometry": {
        "BoundingBox": {
          "Width": 0.04797697067260742,
          "Height": 0.014257178641855717,
          "Left": 0.5238043665885925,
          "Top": 0.39301538467407227
        },
        "Polygon": [
          {
            "X": 0.5238043665885925,
            "Y": 0.39426153898239136
          },
          {
            "X": 0.5714035034179688,
            "Y": 0.39301538467407227
          },
          {
            "X": 0.5717813372612,
            "Y": 0.40602827072143555
          },
          {
            "X": 0.5241801738739014,
            "Y": 0.4072725772857666
          }
        ]
      },
      "Id": "d6bec819-6637-4c08-8964-11a79d59d6ec",
      "Page": 1
    },
    {
      "BlockType": "WORD",
      "Confidence": 99.2459487915039,
      "Text": "nce",
      "TextType": "PRINTED",
      "Geometry": {
        "BoundingBox": {
          "Width": 0.0310368575155735,
          "Height": 0.012537388131022453,
          "Left": 0.016202718019485474,
          "Top": 0.41711094975471497
        },
        "Polygon": [
          {
            "X": 0.016202718019485474,
            "Y": 0.41791409254074097
          },
          {
            "X": 0.04691828042268753,
            "Y": 0.41711094975471497
          },
          {
            "X": 0.047239575535058975,
            "Y": 0.4288462698459625
          },
          {
            "X": 0.0165228471159935,
            "Y": 0.42964833974838257
          }
        ]
      },
      "Id": "6ca4e9f1-27cb-4a47-9d94-574aa75ffe6c",
      "Page": 1
    },
    {
      "BlockType": "WORD",
      "Confidence": 99.93762969970703,
      "Text": "Foundation",
      "TextType": "PRINTED",
      "Geometry": {
        "BoundingBox": {
          "Width": 0.1234271451830864,
          "Height": 0.021216651424765587,
          "Left": 0.5227141380310059,
          "Top": 0.40459659695625305
        },
        "Polygon": [
          {
            "X": 0.5227141380310059,
            "Y": 0.40780898928642273
          },
          {
            "X": 0.6456141471862793,
            "Y": 0.40459659695625305
          },
          {
            "X": 0.6461412310600281,
            "Y": 0.4226074814796448
          },
          {
            "X": 0.5232340693473816,
            "Y": 0.4258132576942444
          }
        ]
      },
      "Id": "65df5f45-4f33-4ef5-87c7-7379fa75d7f1",
      "Page": 1
    },
    {
      "BlockType": "WORD",
      "Confidence": 59.44719314575195,
      "Text": "ARMAZENANENTO",
      "TextType": "PRINTED",
      "Geometry": {
        "BoundingBox": {
          "Width": 0.10728215426206589,
          "Height": 0.01252847258001566,
          "Left": 0.5208929181098938,
          "Top": 0.4320685565471649
        },
        "Polygon": [
          {
            "X": 0.5208929181098938,
            "Y": 0.4348563849925995
          },
          {
            "X": 0.6278904676437378,
            "Y": 0.4320685565471649
          },
          {
            "X": 0.6281750798225403,
            "Y": 0.44181233644485474
          },
          {
            "X": 0.5211741328239441,
            "Y": 0.4445970356464386
          }
        ]
      },
      "Id": "c08ba2ad-6398-4c82-8621-c9c2e251d2f4",
      "Page": 1
    },
    {
      "BlockType": "WORD",
      "Confidence": 82.89270782470703,
      "Text": "GOVERNANÇA",
      "TextType": "PRINTED",
      "Geometry": {
        "BoundingBox": {
          "Width": 0.08257722109556198,
          "Height": 0.010494793765246868,
          "Left": 0.5217015147209167,
          "Top": 0.45350852608680725
        },
        "Polygon": [
          {
            "X": 0.5217015147209167,
            "Y": 0.4556484520435333
          },
          {
            "X": 0.6040352582931519,
            "Y": 0.45350852608680725
          },
          {
            "X": 0.6042787432670593,
            "Y": 0.46186545491218567
          },
          {
            "X": 0.5219427347183228,
            "Y": 0.464003324508667
          }
        ]
      },
      "Id": "5640371f-6b4e-42a4-ae70-3ff731c9a434",
      "Page": 1
    },
    {
      "BlockType": "WORD",
      "Confidence": 96.73078918457031,
      "Text": "&",
      "TextType": "PRINTED",
      "Geometry": {
        "BoundingBox": {
          "Width": 0.007689754478633404,
          "Height": 0.006725304294377565,
          "Left": 0.5213773846626282,
          "Top": 0.46541768312454224
        },
        "Polygon": [
          {
            "X": 0.5213773846626282,
            "Y": 0.46561241149902344
          },
          {
            "X": 0.5288784503936768,
            "Y": 0.46541768312454224
          },
          {
            "X": 0.5290671586990356,
            "Y": 0.47194841504096985
          },
          {
            "X": 0.5215659141540527,
            "Y": 0.4721429944038391
          }
        ]
      },
      "Id": "600ee39d-7669-473f-9b06-71c1f56b29cd",
      "Page": 1
    },
    {
      "BlockType": "WORD",
      "Confidence": 98.65039825439453,
      "Text": "COMPLIANCE",
      "TextType": "PRINTED",
      "Geometry": {
        "BoundingBox": {
          "Width": 0.08001870661973953,
          "Height": 0.010816289111971855,
          "Left": 0.5380573272705078,
          "Top": 0.46041855216026306
        },
        "Polygon": [
          {
            "X": 0.5380573272705078,
            "Y": 0.46248990297317505
          },
          {
            "X": 0.6178208589553833,
            "Y": 0.46041855216026306
          },
          {
            "X": 0.6180760860443115,
            "Y": 0.4691655933856964
          },
          {
            "X": 0.5383102893829346,
            "Y": 0.47123485803604126
          }
        ]
      },
      "Id": "1aad0f89-b080-43f9-b569-10ee343e3012",
      "Page": 1
    },
    {
      "BlockType": "WORD",
      "Confidence": 97.00753784179688,
      "Text": "DATABASES,",
      "TextType": "PRINTED",
      "Geometry": {
        "BoundingBox": {
          "Width": 0.0797974243760109,
          "Height": 0.011272204108536243,
          "Left": 0.5212680697441101,
          "Top": 0.4787845313549042
        },
        "Polygon": [
          {
            "X": 0.5212680697441101,
            "Y": 0.4808453917503357
          },
          {
            "X": 0.6007972359657288,
            "Y": 0.4787845313549042
          },
          {
            "X": 0.6010655164718628,
            "Y": 0.4879980683326721
          },
          {
            "X": 0.5215340256690979,
            "Y": 0.49005675315856934
          }
        ]
      },
      "Id": "a34d818b-ae3a-4658-ad9b-4efaed2431d3",
      "Page": 1
    },
    {
      "BlockType": "WORD",
      "Confidence": 99.8382568359375,
      "Text": "ANALYTICS",
      "TextType": "PRINTED",
      "Geometry": {
        "BoundingBox": {
          "Width": 0.07689283043146133,
          "Height": 0.010173436254262924,
          "Left": 0.520488440990448,
          "Top": 0.4869854152202606
        },
        "Polygon": [
          {
            "X": 0.520488440990448,
            "Y": 0.4889698624610901
          },
          {
            "X": 0.5971428155899048,
            "Y": 0.4869854152202606
          },
          {
            "X": 0.5973812341690063,
            "Y": 0.4951762855052948
          },
          {
            "X": 0.5207248330116272,
            "Y": 0.49715885519981384
          }
        ]
      },
      "Id": "fd461f38-fa19-44d2-b637-e0d623405fb2",
      "Page": 1
    },
    {
      "BlockType": "WORD",
      "Confidence": 99.53429412841797,
      "Text": "&",
      "TextType": "PRINTED",
      "Geometry": {
        "BoundingBox": {
          "Width": 0.007911980152130127,
          "Height": 0.007217532489448786,
          "Left": 0.521021842956543,
          "Top": 0.4981740415096283
        },
        "Polygon": [
          {
            "X": 0.521021842956543,
            "Y": 0.498373419046402
          },
          {
            "X": 0.5287310481071472,
            "Y": 0.4981740415096283
          },
          {
            "X": 0.5289338231086731,
            "Y": 0.5051923990249634
          },
          {
            "X": 0.5212244391441345,
            "Y": 0.5053915977478027
          }
        ]
      },
      "Id": "a97f955f-0a41-461b-8027-37dedb48d114",
      "Page": 1
    },
    {
      "BlockType": "WORD",
      "Confidence": 99.58756256103516,
      "Text": "DATA",
      "TextType": "PRINTED",
      "Geometry": {
        "BoundingBox": {
          "Width": 0.033046215772628784,
          "Height": 0.008146584965288639,
          "Left": 0.5372669696807861,
          "Top": 0.4963589310646057
        },
        "Polygon": [
          {
            "X": 0.5372669696807861,
            "Y": 0.4972080886363983
          },
          {
            "X": 0.5701013803482056,
            "Y": 0.4963589310646057
          },
          {
            "X": 0.5703131556510925,
            "Y": 0.5036571025848389
          },
          {
            "X": 0.537477970123291,
            "Y": 0.5045055150985718
          }
        ]
      },
      "Id": "455a072d-55b6-4e40-93f0-690c0fbce8da",
      "Page": 1
    },
    {
      "BlockType": "WORD",
      "Confidence": 99.82421112060547,
      "Text": "LAKES",
      "TextType": "PRINTED",
      "Geometry": {
        "BoundingBox": {
          "Width": 0.041614968329668045,
          "Height": 0.008900010026991367,
          "Left": 0.5792779922485352,
          "Top": 0.49392715096473694
        },
        "Polygon": [
          {
            "X": 0.5792779922485352,
            "Y": 0.4949975907802582
          },
          {
            "X": 0.6206644177436829,
            "Y": 0.49392715096473694
          },
          {
            "X": 0.6208929419517517,
            "Y": 0.5017576813697815
          },
          {
            "X": 0.579505443572998,
            "Y": 0.5028271675109863
          }
        ]
      },
      "Id": "637b0e79-c9da-4f28-aa73-a6e276cf949c",
      "Page": 1
    },
    {
      "BlockType": "WORD",
      "Confidence": 99.81398010253906,
      "Text": "DATA",
      "TextType": "PRINTED",
      "Geometry": {
        "BoundingBox": {
          "Width": 0.03215084969997406,
          "Height": 0.00789144728332758,
          "Left": 0.5216049551963806,
          "Top": 0.5159462690353394
        },
        "Polygon": [
          {
            "X": 0.5216049551963806,
            "Y": 0.5167705416679382
          },
          {
            "X": 0.5535510778427124,
            "Y": 0.5159462690353394
          },
          {
            "X": 0.5537558197975159,
            "Y": 0.5230140686035156
          },
          {
            "X": 0.5218089818954468,
            "Y": 0.523837685585022
          }
        ]
      },
      "Id": "0eb5bc1d-0ada-4f67-8fe7-a5bdea31754f",
      "Page": 1
    },
    {
      "BlockType": "WORD",
      "Confidence": 99.63949584960938,
      "Text": "INTEGRATION",
      "TextType": "PRINTED",
      "Geometry": {
        "BoundingBox": {
          "Width": 0.09124067425727844,
          "Height": 0.010080823674798012,
          "Left": 0.5221347212791443,
          "Top": 0.5220267176628113
        },
        "Polygon": [
          {
            "X": 0.5221347212791443,
            "Y": 0.5243729948997498
          },
          {
            "X": 0.6131498217582703,
            "Y": 0.5220267176628113
          },
          {
            "X": 0.6133753657341003,
            "Y": 0.5297633409500122
          },
          {
            "X": 0.5223579406738281,
            "Y": 0.5321075320243835
          }
        ]
      },
      "Id": "0cbca359-b037-44c2-8ded-bb96a7e25051",
      "Page": 1
    }
  ],
  "DetectDocumentTextModelVersion": "1.0"
}