{
  "DocumentMetadata": {
    "Pages": 1
  },
  "JobStatus": "SUCCEEDED",
  "Blocks": [
    {
      "BlockType": "PAGE",
      "Geometry": {
        "BoundingBox": {
          "Width": 0.9599906802177429,
          "Height": 0.8542083501815796,
          "Left": 0.0035273809917271137,
          "Top": 0.011754408478736877
        },
        "Polygon": [
          {
            "X": 0.0035273809917271137,
            "Y": 0.015564145520329475
          },
          {
            "X": 0.9635180830955505,
            "Y": 0.011754408478736877
          },
          {
            "X": 0.9619309306144714,
            "Y": 0.8659627437591553
          },
          {
            "X": 0.004147754982113838,
            "Y": 0.8637503981590271
          }
        ]
      },
      "Id": "eaa96a52-9ab6-4455-aa54-81ddfecf26e0",
      "Relationships": [
        {
          "Type": "CHILD",
          "Ids": [
            "e9442975-8bc5-48dc-a775-20f4585e0548",
            "a716d239-6613-47a3-8fc5-a37151b47611",
            "5f910218-09c5-4e55-8360-d3c8149d1ab7",
            "9745ad02-643b-404c-b719-c16f5bde2896",
            "30585194-6d48-4d31-aad5-06514a0f95d2",
            "36ded964-33c6-40ff-b0e0-d06539982c1d",
            "3aa55c95-f7f5-4463-ac84-19aee5260361",
            "9c4e47a0-43f0-42ec-933b-22101b2b1202",
            "b801debd-4bf4-4526-a3b3-9518b2d7f5e1",
            "88aaefe2-70d5-4f97-a5e5-43bf98c4361d",
            "45a51bac-4b5d-48ff-9e8e-6e2e960f267a"
          ]
        }
      ],
      "Page": 1
    },
    {
      "BlockType": "LINE",
      "Confidence": 96.85531616210938,
      "Text": "Cloud",
      "Geometry": {
        "BoundingBox": {
          "Width": 0.023753970861434937,
          "Height": 0.006306092720478773,
          "Left": 0.6589103937149048,
          "Top": 0.20003460347652435
        },
        "Polygon": [
          {
            "X": 0.6589168310165405,
            "Y": 0.20009611546993256
          },
          {
            "X": 0.6826643347740173,
            "Y": 0.20003460347652435
          },
          {
            "X": 0.6826574802398682,
            "Y": 0.20628029108047485
          },
          {
            "X": 0.6589103937149048,
            "Y": 0.2063407003879547
          }
        ]
      },
      "Id": "e9442975-8bc5-48dc-a775-20f4585e0548",
      "Relationships": [
        {
          "Type": "CHILD",
          "Ids": [
            "87e5c635-63d7-4547-847a-a06fb651891f"
          ]
        }
      ],
      "Page": 1
    },
    {
      "BlockType": "LINE",
      "Confidence": 97.5942611694336,
      "Text": "aws",
      "Geometry": {
        "BoundingBox": {
          "Width": 0.044480327516794205,
          "Height": 0.013292391784489155,
          "Left": 0.5901881456375122,
          "Top": 0.20306365191936493
        },
        "Polygon": [
          {
            "X": 0.59019935131073,
            "Y": 0.20317786931991577
          },
          {
            "X": 0.6346684694290161,
            "Y": 0.20306365191936493
          },
          {
            "X": 0.6346556544303894,
            "Y": 0.2162461280822754
          },
          {
            "X": 0.5901881456375122,
            "Y": 0.2163560390472412
          }
        ]
      },
      "Id": "a716d239-6613-47a3-8fc5-a37151b47611",
      "Relationships": [
        {
          "Type": "CHILD",
          "Ids": [
            "abf6bbd4-a918-419c-977c-64746f4343f2"
          ]
        }
      ],
      "Page": 1
    },
    {
      "BlockType": "LINE",
      "Confidence": 99.33740997314453,
      "Text": "Experience",
      "Geometry": {
        "BoundingBox": {
          "Width": 0.04278089106082916,
          "Height": 0.006168124731630087,
          "Left": 0.6591331958770752,
          "Top": 0.20727793872356415
        },
        "Polygon": [
          {
            "X": 0.6591394543647766,
            "Y": 0.20738641917705536
          },
          {
            "X": 0.7019140720367432,
            "Y": 0.20727793872356415
          },
          {
            "X": 0.7019070982933044,
            "Y": 0.21333947777748108
          },
          {
            "X": 0.6591331958770752,
            "Y": 0.21344606578350067
          }
        ]
      },
      "Id": "5f910218-09c5-4e55-8360-d3c8149d1ab7",
      "Relationships": [
        {
          "Type": "CHILD",
          "Ids": [
            "f1e0b086-063b-48e3-9acf-912f5e27e154"
          ]
        }
      ],
      "Page": 1
    },
    {
      "BlockType": "LINE",
      "Confidence": 99.82660675048828,
      "Text": "2025",
      "Geometry": {
        "BoundingBox": {
          "Width": 0.019519740715622902,
          "Height": 0.0061585321091115475,
          "Left": 0.6592091917991638,
          "Top": 0.21496182680130005
        },
        "Polygon": [
          {
            "X": 0.65921550989151,
            "Y": 0.21501022577285767
          },
          {
            "X": 0.6787289381027222,
            "Y": 0.21496182680130005
          },
          {
            "X": 0.6787222623825073,
            "Y": 0.22107285261154175
          },
          {
            "X": 0.6592091917991638,
            "Y": 0.22112035751342773
          }
        ]
      },
      "Id": "9745ad02-643b-404c-b719-c16f5bde2896",
      "Relationships": [
        {
          "Type": "CHILD",
          "Ids": [
            "f421d469-94c9-4ffa-89c3-bfed49e127ff"
          ]
        }
      ],
      "Page": 1
    },
    {
      "BlockType": "LINE",
      "Confidence": 99.5605239868164,
      "Text": "IA Generativa promote",
      "Geometry": {
        "BoundingBox": {
          "Width": 0.2662285566329956,
          "Height": 0.028469860553741455,
          "Left": 0.3267883360385895,
          "Top": 0.2625241279602051
        },
        "Polygon": [
          {
            "X": 0.32679226994514465,
            "Y": 0.263091504573822
          },
          {
            "X": 0.5930168628692627,
            "Y": 0.2625241279602051
          },
          {
            "X": 0.5929928421974182,
            "Y": 0.2904815375804901
          },
          {
            "X": 0.3267883360385895,
            "Y": 0.29099398851394653
          }
        ]
      },
      "Id": "30585194-6d48-4d31-aad5-06514a0f95d2",
      "Relationships": [
        {
          "Type": "CHILD",
          "Ids": [
            "410f3b09-3c62-409c-a385-cf2eeafe9223",
            "32f95bf9-a898-4b0c-9351-4d51c47940de",
            "2755d55e-85ad-4c2f-b2bd-c5112ccbc850"
          ]
        }
      ],
      "Page": 1
    },
    {
      "BlockType": "LINE",
      "Confidence": 98.47721099853516,
      "Text": "nce",
      "Geometry": {
        "BoundingBox": {
          "Width": 0.030070070177316666,
          "Height": 0.013569260947406292,
          "Left": 0.003740923246368766,
          "Top": 0.30746862292289734
        },
        "Polygon": [
          {
            "X": 0.003740923246368766,
            "Y": 0.3075229525566101
          },
          {
            "X": 0.033802203834056854,
            "Y": 0.30746862292289734
          },
          {
            "X": 0.033810991793870926,
            "Y": 0.3209865689277649
          },
          {
            "X": 0.0037508083041757345,
            "Y": 0.3210378885269165
          }
        ]
      },
      "Id": "36ded964-33c6-40ff-b0e0-d06539982c1d",
      "Relationships": [
        {
          "Type": "CHILD",
          "Ids": [
            "ef806f36-97fd-4f58-8c6f-6340b7e92808"
          ]
        }
      ],
      "Page": 1
    },
    {
      "BlockType": "LINE",
      "Confidence": 98.77680206298828,
      "Text": "inovação e, ao mesmo",
      "Geometry": {
        "BoundingBox": {
          "Width": 0.3108420670032501,
          "Height": 0.03077511303126812,
          "Left": 0.32600027322769165,
          "Top": 0.28749093413352966
        },
        "Polygon": [
          {
            "X": 0.3260044455528259,
            "Y": 0.28809598088264465
          },
          {
            "X": 0.6368423700332642,
            "Y": 0.28749093413352966
          },
          {
            "X": 0.6368128061294556,
            "Y": 0.31773027777671814
          },
          {
            "X": 0.32600027322769165,
            "Y": 0.31826603412628174
          }
        ]
      },
      "Id": "3aa55c95-f7f5-4463-ac84-19aee5260361",
      "Relationships": [
        {
          "Type": "CHILD",
          "Ids": [
            "86262f16-51e1-4232-a5c9-f3ed9432e571",
            "d12aad46-317c-4a1f-869b-439d65894c4a",
            "2fc94012-fbda-4675-b3ce-590387c4c756",
            "5c9cee3d-861c-4389-a8a3-89d42619f735"
          ]
        }
      ],
      "Page": 1
    },
    {
      "BlockType": "LINE",
      "Confidence": 99.07453155517578,
      "Text": "av",
      "Geometry": {
        "BoundingBox": {
          "Width": 0.0982731431722641,
          "Height": 0.048091500997543335,
          "Left": 0.8647539019584656,
          "Top": 0.27603039145469666
        },
        "Polygon": [
          {
            "X": 0.8648301959037781,
            "Y": 0.2762293517589569
          },
          {
            "X": 0.9630270600318909,
            "Y": 0.27603039145469666
          },
          {
            "X": 0.9629380106925964,
            "Y": 0.32395753264427185
          },
          {
            "X": 0.8647539019584656,
            "Y": 0.32412189245224
          }
        ]
      },
      "Id": "9c4e47a0-43f0-42ec-933b-22101b2b1202",
      "Relationships": [
        {
          "Type": "CHILD",
          "Ids": [
            "6e4ef4cf-f9c5-4af3-901e-6a41291dd7b9"
          ]
        }
      ],
      "Page": 1
    },
    {
      "BlockType": "LINE",
      "Confidence": 99.45578002929688,
      "Text": "tempo, traz novos riscos",
      "Geometry": {
        "BoundingBox": {
          "Width": 0.34815654158592224,
          "Height": 0.030811233446002007,
          "Left": 0.32362788915634155,
          "Top": 0.31043994426727295
        },
        "Polygon": [
          {
            "X": 0.3236318826675415,
            "Y": 0.3110586106777191
          },
          {
            "X": 0.6717844605445862,
            "Y": 0.31043994426727295
          },
          {
            "X": 0.6717519760131836,
            "Y": 0.34071019291877747
          },
          {
            "X": 0.32362788915634155,
            "Y": 0.3412511944770813
          }
        ]
      },
      "Id": "b801debd-4bf4-4526-a3b3-9518b2d7f5e1",
      "Relationships": [
        {
          "Type": "CHILD",
          "Ids": [
            "65619f55-439d-41f5-a2bb-23c9f6a2ae06",
            "226389ba-1c7f-4e15-aa0d-c21bcea26143",
            "5ecc78c2-66ab-4ceb-9e94-31ac8df5c85c",
            "14f5fb88-be45-47c1-acf0-8897fe44e306"
          ]
        }
      ],
      "Page": 1
    },
    {
      "BlockType": "LINE",
      "Confidence": 87.06037139892578,
      "Text": "e",
      "Geometry": {
        "BoundingBox": {
          "Width": 0.014508950524032116,
          "Height": 0.012777828611433506,
          "Left": 0.3239573836326599,
          "Top": 0.34919503331184387
        },
        "Polygon": [
          {
            "X": 0.323959082365036,
            "Y": 0.3492167294025421
          },
          {
            "X": 0.3384663462638855,
            "Y": 0.34919503331184387
          },
          {
            "X": 0.3384641408920288,
            "Y": 0.361952543258667
          },
          {
            "X": 0.3239573836326599,
            "Y": 0.3619728684425354
          }
        ]
      },
      "Id": "88aaefe2-70d5-4f97-a5e5-43bf98c4361d",
      "Relationships": [
        {
          "Type": "CHILD",
          "Ids": [
            "4c47cfe0-5220-4c37-8710-643462e1fb22"
          ]
        }
      ],
      "Page": 1
    },
    {
      "BlockType": "LINE",
      "Confidence": 45.86175537109375,
      "Text": "desano",
      "Geometry": {
        "BoundingBox": {
          "Width": 0.11161911487579346,
          "Height": 0.01886124722659588,
          "Left": 0.3470081090927124,
          "Top": 0.3425804078578949
        },
        "Polygon": [
          {
            "X": 0.3470117747783661,
            "Y": 0.342752605676651
          },
          {
            "X": 0.45862725377082825,
            "Y": 0.3425804078578949
          },
          {
            "X": 0.4586179554462433,
            "Y": 0.36128488183021545
          },
          {
            "X": 0.3470081090927124,
            "Y": 0.3614416718482971
          }
        ]
      },
      "Id": "45a51bac-4b5d-48ff-9e8e-6e2e960f267a",
      "Relationships": [
        {
          "Type": "CHILD",
          "Ids": [
            "8ccac353-2203-4bc4-bc44-3274e120e2b8"
          ]
        }
      ],
      "Page": 1
    },
    {
      "BlockType": "WORD",
      "Confidence": 96.85531616210938,
      "Text": "Cloud",
      "TextType": "PRINTED",
      "Geometry": {
        "BoundingBox": {
          "Width": 0.023753970861434937,
          "Height": 0.006306092720478773,
          "Left": 0.6589103937149048,
          "Top": 0.20003460347652435
        },
        "Polygon": [
          {
            "X": 0.6589168310165405,
            "Y": 0.20009611546993256
          },
          {
            "X": 0.6826643347740173,
            "Y": 0.20003460347652435
          },
          {
            "X": 0.6826574802398682,
            "Y": 0.20628029108047485
          },
          {
            "X": 0.6589103937149048,
            "Y": 0.2063407003879547
          }
        ]
      },
      "Id": "87e5c635-63d7-4547-847a-a06fb651891f",
      "Page": 1
    },
    {
      "BlockType": "WORD",
      "Confidence": 97.5942611694336,
      "Text": "aws",
      "TextType": "PRINTED",
      "Geometry": {
        "BoundingBox": {
          "Width": 0.044480327516794205,
          "Height": 0.013292391784489155,
          "Left": 0.5901881456375122,
          "Top": 0.20306365191936493
        },
        "Polygon": [
          {
            "X": 0.59019935131073,
            "Y": 0.20317786931991577
          },
          {
            "X": 0.6346684694290161,
            "Y": 0.20306365191936493
          },
          {
            "X": 0.6346556544303894,
            "Y": 0.2162461280822754
          },
          {
            "X": 0.5901881456375122,
            "Y": 0.2163560390472412
          }
        ]
      },
      "Id": "abf6bbd4-a918-419c-977c-64746f4343f2",
      "Page": 1
    },
    {
      "BlockType": "WORD",
      "Confidence": 99.33740997314453,
      "Text": "Experience",
      "TextType": "PRINTED",
      "Geometry": {
        "BoundingBox": {
          "Width": 0.04278089106082916,
          "Height": 0.006168124731630087,
          "Left": 0.6591331958770752,
          "Top": 0.20727793872356415
        },
        "Polygon": [
          {
            "X": 0.6591394543647766,
            "Y": 0.20738641917705536
          },
          {
            "X": 0.7019140720367432,
            "Y": 0.20727793872356415
          },
          {
            "X": 0.7019070982933044,
            "Y": 0.21333947777748108
          },
          {
            "X": 0.6591331958770752,
            "Y": 0.21344606578350067
          }
        ]
      },
      "Id": "f1e0b086-063b-48e3-9acf-912f5e27e154",
      "Page": 1
    },
    {
      "BlockType": "WORD",
      "Confidence": 99.82660675048828,
      "Text": "2025",
      "TextType": "PRINTED",
      "Geometry": {
        "BoundingBox": {
          "Width": 0.019519740715622902,
          "Height": 0.0061585321091115475,
          "Left": 0.6592091917991638,
          "Top": 0.21496182680130005
        },
        "Polygon": [
          {
            "X": 0.65921550989151,
            "Y": 0.21501022577285767
          },
          {
            "X": 0.6787289381027222,
            "Y": 0.21496182680130005
          },
          {
            "X": 0.6787222623825073,
            "Y": 0.22107285261154175
          },
          {
            "X": 0.6592091917991638,
            "Y": 0.22112035751342773
          }
        ]
      },
      "Id": "f421d469-94c9-4ffa-89c3-bfed49e127ff",
      "Page": 1
    },
    {
      "BlockType": "WORD",
      "Confidence": 99.73995971679688,
      "Text": "IA",
      "TextType": "PRINTED",
      "Geometry": {
        "BoundingBox": {
          "Width": 0.02046649344265461,
          "Height": 0.012747246772050858,
          "Left": 0.3267883360385895,
          "Top": 0.27824676036834717
        },
        "Polygon": [
          {
            "X": 0.32679012417793274,
            "Y": 0.2782880663871765
          },
          {
            "X": 0.34725481271743774,
            "Y": 0.27824676036834717
          },
          {
            "X": 0.34725233912467957,
            "Y": 0.2909546196460724
          },
          {
            "X": 0.3267883360385895,
            "Y": 0.29099398851394653
          }
        ]
      },
      "Id": "410f3b09-3c62-409c-a385-cf2eeafe9223",
      "Page": 1
    },
    {
      "BlockType": "WORD",
      "Confidence": 99.04511260986328,
      "Text": "Generativa",
      "TextType": "PRINTED",
      "Geometry": {
        "BoundingBox": {
          "Width": 0.1093209981918335,
          "Height": 0.017238376662135124,
          "Left": 0.3514557182788849,
          "Top": 0.272576242685318
        },
        "Polygon": [
          {
            "X": 0.35145923495292664,
            "Y": 0.27280133962631226
          },
          {
            "X": 0.4607767164707184,
            "Y": 0.272576242685318
          },
          {
            "X": 0.4607681632041931,
            "Y": 0.28960326313972473
          },
          {
            "X": 0.3514557182788849,
            "Y": 0.28981462121009827
          }
        ]
      },
      "Id": "32f95bf9-a898-4b0c-9351-4d51c47940de",
      "Page": 1
    },
    {
      "BlockType": "WORD",
      "Confidence": 99.89649963378906,
      "Text": "promote",
      "TextType": "PRINTED",
      "Geometry": {
        "BoundingBox": {
          "Width": 0.12475644797086716,
          "Height": 0.02641582489013672,
          "Left": 0.46826043725013733,
          "Top": 0.2625241279602051
        },
        "Polygon": [
          {
            "X": 0.4682740867137909,
            "Y": 0.2627899944782257
          },
          {
            "X": 0.5930168628692627,
            "Y": 0.2625241279602051
          },
          {
            "X": 0.5929943919181824,
            "Y": 0.2886981964111328
          },
          {
            "X": 0.46826043725013733,
            "Y": 0.2889399528503418
          }
        ]
      },
      "Id": "2755d55e-85ad-4c2f-b2bd-c5112ccbc850",
      "Page": 1
    },
    {
      "BlockType": "WORD",
      "Confidence": 98.47721099853516,
      "Text": "nce",
      "TextType": "PRINTED",
      "Geometry": {
        "BoundingBox": {
          "Width": 0.030070070177316666,
          "Height": 0.013569260947406292,
          "Left": 0.003740923246368766,
          "Top": 0.30746862292289734
        },
        "Polygon": [
          {
            "X": 0.003740923246368766,
            "Y": 0.3075229525566101
          },
          {
            "X": 0.033802203834056854,
            "Y": 0.30746862292289734
          },
          {
            "X": 0.033810991793870926,
            "Y": 0.3209865689277649
          },
          {
            "X": 0.0037508083041757345,
            "Y": 0.3210378885269165
          }
        ]
      },
      "Id": "ef806f36-97fd-4f58-8c6f-6340b7e92808",
      "Page": 1
    },
    {
      "BlockType": "WORD",
      "Confidence": 95.88011169433594,
      "Text": "inovação",
      "TextType": "PRINTED",
      "Geometry": {
        "BoundingBox": {
          "Width": 0.1201183944940567,
          "Height": 0.02499105967581272,
          "Left": 0.32600027322769165,
          "Top": 0.29327499866485596
        },
        "Polygon": [
          {
            "X": 0.32600370049476624,
            "Y": 0.293503999710083
          },
          {
            "X": 0.44611868262290955,
            "Y": 0.29327499866485596
          },
          {
            "X": 0.4461072087287903,
            "Y": 0.3180590271949768
          },
          {
            "X": 0.32600027322769165,
            "Y": 0.31826603412628174
          }
        ]
      },
      "Id": "86262f16-51e1-4232-a5c9-f3ed9432e571",
      "Page": 1
    },
    {
      "BlockType": "WORD",
      "Confidence": 99.57516479492188,
      "Text": "e,",
      "TextType": "PRINTED",
      "Geometry": {
        "BoundingBox": {
          "Width": 0.024213632568717003,
          "Height": 0.017034299671649933,
          "Left": 0.45389673113822937,
          "Top": 0.29551270604133606
        },
        "Polygon": [
          {
            "X": 0.4539049565792084,
            "Y": 0.29555845260620117
          },
          {
            "X": 0.4781103730201721,
            "Y": 0.29551270604133606
          },
          {
            "X": 0.47810104489326477,
            "Y": 0.31250429153442383
          },
          {
            "X": 0.45389673113822937,
            "Y": 0.3125469982624054
          }
        ]
      },
      "Id": "d12aad46-317c-4a1f-869b-439d65894c4a",
      "Page": 1
    },
    {
      "BlockType": "WORD",
      "Confidence": 99.80883026123047,
      "Text": "ao",
      "TextType": "PRINTED",
      "Geometry": {
        "BoundingBox": {
          "Width": 0.03535054624080658,
          "Height": 0.015638941898941994,
          "Left": 0.4863232970237732,
          "Top": 0.29327401518821716
        },
        "Polygon": [
          {
            "X": 0.4863322079181671,
            "Y": 0.29334136843681335
          },
          {
            "X": 0.521673858165741,
            "Y": 0.29327401518821716
          },
          {
            "X": 0.52166348695755,
            "Y": 0.3088496923446655
          },
          {
            "X": 0.4863232970237732,
            "Y": 0.3089129626750946
          }
        ]
      },
      "Id": "2fc94012-fbda-4675-b3ce-590387c4c756",
      "Page": 1
    },
    {
      "BlockType": "WORD",
      "Confidence": 99.84310913085938,
      "Text": "mesmo",
      "TextType": "PRINTED",
      "Geometry": {
        "BoundingBox": {
          "Width": 0.1055527925491333,
          "Height": 0.01896086521446705,
          "Left": 0.5312895774841309,
          "Top": 0.28749093413352966
        },
        "Polygon": [
          {
            "X": 0.5313025712966919,
            "Y": 0.28769636154174805
          },
          {
            "X": 0.6368423700332642,
            "Y": 0.28749093413352966
          },
          {
            "X": 0.6368240118026733,
            "Y": 0.30626097321510315
          },
          {
            "X": 0.5312895774841309,
            "Y": 0.30645179748535156
          }
        ]
      },
      "Id": "5c9cee3d-861c-4389-a8a3-89d42619f735",
      "Page": 1
    },
    {
      "BlockType": "WORD",
      "Confidence": 99.07453155517578,
      "Text": "av",
      "TextType": "PRINTED",
      "Geometry": {
        "BoundingBox": {
          "Width": 0.0982731431722641,
          "Height": 0.048091500997543335,
          "Left": 0.8647539019584656,
          "Top": 0.27603039145469666
        },
        "Polygon": [
          {
            "X": 0.8648301959037781,
            "Y": 0.2762293517589569
          },
          {
            "X": 0.9630270600318909,
            "Y": 0.27603039145469666
          },
          {
            "X": 0.9629380106925964,
            "Y": 0.32395753264427185
          },
          {
            "X": 0.8647539019584656,
            "Y": 0.32412189245224
          }
        ]
      },
      "Id": "6e4ef4cf-f9c5-4af3-901e-6a41291dd7b9",
      "Page": 1
    },
    {
      "BlockType": "WORD",
      "Confidence": 99.63782501220703,
      "Text": "tempo,",
      "TextType": "PRINTED",
      "Geometry": {
        "BoundingBox": {
          "Width": 0.09559071809053421,
          "Height": 0.019518332555890083,
          "Left": 0.32362788915634155,
          "Top": 0.32173284888267517
        },
        "Polygon": [
          {
            "X": 0.3236304521560669,
            "Y": 0.3218950629234314
          },
          {
            "X": 0.41921859979629517,
            "Y": 0.32173284888267517
          },
          {
            "X": 0.4192110598087311,
            "Y": 0.341102659702301
          },
          {
            "X": 0.32362788915634155,
            "Y": 0.3412511944770813
          }
        ]
      },
      "Id": "65619f55-439d-41f5-a2bb-23c9f6a2ae06",
      "Page": 1
    },
    {
      "BlockType": "WORD",
      "Confidence": 99.83558654785156,
      "Text": "traz",
      "TextType": "PRINTED",
      "Geometry": {
        "BoundingBox": {
          "Width": 0.05665133148431778,
          "Height": 0.01784154772758484,
          "Left": 0.427666574716568,
          "Top": 0.3174092769622803
        },
        "Polygon": [
          {
            "X": 0.42767390608787537,
            "Y": 0.31750717759132385
          },
          {
            "X": 0.4843178987503052,
            "Y": 0.3174092769622803
          },
          {
            "X": 0.4843078553676605,
            "Y": 0.33516037464141846
          },
          {
            "X": 0.427666574716568,
            "Y": 0.3352508246898651
          }
        ]
      },
      "Id": "226389ba-1c7f-4e15-aa0d-c21bcea26143",
      "Page": 1
    },
    {
      "BlockType": "WORD",
      "Confidence": 99.14691162109375,
      "Text": "novos",
      "TextType": "PRINTED",
      "Geometry": {
        "BoundingBox": {
          "Width": 0.08563566207885742,
          "Height": 0.019503649324178696,
          "Left": 0.49109092354774475,
          "Top": 0.31452587246894836
        },
        "Polygon": [
          {
            "X": 0.4911022484302521,
            "Y": 0.31467553973197937
          },
          {
            "X": 0.5767266154289246,
            "Y": 0.31452587246894836
          },
          {
            "X": 0.5767108201980591,
            "Y": 0.3338920474052429
          },
          {
            "X": 0.49109092354774475,
            "Y": 0.33402952551841736
          }
        ]
      },
      "Id": "5ecc78c2-66ab-4ceb-9e94-31ac8df5c85c",
      "Page": 1
    },
    {
      "BlockType": "WORD",
      "Confidence": 99.20279693603516,
      "Text": "riscos",
      "TextType": "PRINTED",
      "Geometry": {
        "BoundingBox": {
          "Width": 0.08751102536916733,
          "Height": 0.01931699924170971,
          "Left": 0.5842733979225159,
          "Top": 0.31043994426727295
        },
        "Polygon": [
          {
            "X": 0.5842894315719604,
            "Y": 0.31059542298316956
          },
          {
            "X": 0.6717844605445862,
            "Y": 0.31043994426727295
          },
          {
            "X": 0.6717638969421387,
            "Y": 0.3296138346195221
          },
          {
            "X": 0.5842733979225159,
            "Y": 0.3297569453716278
          }
        ]
      },
      "Id": "14f5fb88-be45-47c1-acf0-8897fe44e306",
      "Page": 1
    },
    {
      "BlockType": "WORD",
      "Confidence": 87.06037139892578,
      "Text": "e",
      "TextType": "PRINTED",
      "Geometry": {
        "BoundingBox": {
          "Width": 0.014508950524032116,
          "Height": 0.012777828611433506,
          "Left": 0.3239573836326599,
          "Top": 0.34919503331184387
        },
        "Polygon": [
          {
            "X": 0.323959082365036,
            "Y": 0.3492167294025421
          },
          {
            "X": 0.3384663462638855,
            "Y": 0.34919503331184387
          },
          {
            "X": 0.3384641408920288,
            "Y": 0.361952543258667
          },
          {
            "X": 0.3239573836326599,
            "Y": 0.3619728684425354
          }
        ]
      },
      "Id": "4c47cfe0-5220-4c37-8710-643462e1fb22",
      "Page": 1
    },
    {
      "BlockType": "WORD",
      "Confidence": 45.86175537109375,
      "Text": "desano",
      "TextType": "PRINTED",
      "Geometry": {
        "BoundingBox": {
          "Width": 0.11161911487579346,
          "Height": 0.01886124722659588,
          "Left": 0.3470081090927124,
          "Top": 0.3425804078578949
        },
        "Polygon": [
          {
            "X": 0.3470117747783661,
            "Y": 0.342752605676651
          },
          {
            "X": 0.45862725377082825,
            "Y": 0.3425804078578949
          },
          {
            "X": 0.4586179554462433,
            "Y": 0.36128488183021545
          },
          {
            "X": 0.3470081090927124,
            "Y": 0.3614416718482971
          }
        ]
      },
      "Id": "8ccac353-2203-4bc4-bc44-3274e120e2b8",
      "Page": 1
    }
  ],
  "DetectDocumentTextModelVersion": "1.0"
}