{
  "DocumentMetadata": {
    "Pages": 1
  },
  "JobStatus": "SUCCEEDED",
  "Blocks": [
    {
      "BlockType": "PAGE",
      "Geometry": {
        "BoundingBox": {
          "Width": 0.7374399900436401,
          "Height": 0.5437238812446594,
          "Left": 0.03800071030855179,
          "Top": 0.06144452467560768
        },
        "Polygon": [
          {
            "X": 0.08420826494693756,
            "Y": 0.10465603321790695
          },
          {
            "X": 0.7754406929016113,
            "Y": 0.06144452467560768
          },
          {
            "X": 0.7676325440406799,
            "Y": 0.6041168570518494
          },
          {
            "X": 0.03800071030855179,
            "Y": 0.6051684021949768
          }
        ]
      },
      "Id": "8f3876cd-a0ed-47e6-82c6-0364aa4ee659",
      "Relationships": [
        {
          "Type": "CHILD",
          "Ids": [
            "263f1fce-5f54-46c4-8e86-6d765c735352",
            "df36d53a-dc6f-47f1-bb77-8cbc67e973c7",
            "438a8079-cfe2-4847-aef4-cd41639ee936",
            "f816b74b-9b57-49c7-b3bc-b3fc2a0bb480",
            "4347b10f-b7d0-4e8b-a14e-f3bfa9b4eff2",
            "71a132cf-cb7b-4313-a032-26ae197cf067",
            "37cb5ff2-94e6-4844-a075-4eab7b13c06b",
            "66c19ab6-24b2-4fea-b5ec-0c0e513f2b9e",
            "75935de7-6d1b-4847-a88d-2d2b63244941",
            "8967601a-92f6-4352-884e-155b054065df",
            "6271db3f-1645-4c05-882c-26fff7fcfcc3",
            "cbf817ed-b4f9-4b86-9ff5-03a2645131f1",
            "56801dca-29bb-4331-926b-3e78280ad4be",
            "feafa4cd-7c01-41a7-938d-aa3a6b567cf4",
            "bef3e4ef-83b9-45b9-a414-3b75ab3f6e33",
            "d98930ca-2d42-4bdf-bf6b-91fd6af8415c",
            "a0159e36-c45c-465d-8f2a-5240820b6e14",
            "30721cb4-b442-44af-818d-b583b013de2c",
            "ab6772e2-f2a6-4d83-b227-c9b12fbf7685",
            "19d4064b-cf27-40ae-b15e-fc23d4a66fed",
            "ff206301-affe-4dd1-8c62-70a5aaf152dc",
            "11038e05-4c4a-4ddb-b5a3-9298e5d94e4b",
            "3b4250f4-95c4-4ead-833c-e7fc9226648a",
            "90276f93-36fd-4e0a-b65c-852def6acbb3"
          ]
        }
      ],
      "Page": 1
    },
    {
      "BlockType": "LINE",
      "Confidence": 99.50676727294922,
      "Text": "e assim por diante",
      "Geometry": {
        "BoundingBox": {
          "Width": 0.315122127532959,
          "Height": 0.04360266402363777,
          "Left": 0.16929991543293,
          "Top": 0.19536662101745605
        },
        "Polygon": [
          {
            "X": 0.17160257697105408,
            "Y": 0.2107098400592804
          },
          {
            "X": 0.48442205786705017,
            "Y": 0.19536662101745605
          },
          {
            "X": 0.4830552339553833,
            "Y": 0.22464679181575775
          },
          {
            "X": 0.16929991543293,
            "Y": 0.23896928131580353
          }
        ]
      },
      "Id": "263f1fce-5f54-46c4-8e86-6d765c735352",
      "Relationships": [
        {
          "Type": "CHILD",
          "Ids": [
            "c97f363e-afb3-405a-80c3-b83993736c88",
            "977dd9a3-72ca-4a1c-82a4-a9b1f4b156b6",
            "341a5c18-5134-4f20-af9c-8ea4f47b1eb7",
            "fd55fc00-5c20-4f8c-b706-6223c1e3f1fb"
          ]
        }
      ],
      "Page": 1
    },
    {
      "BlockType": "LINE",
      "Confidence": 96.28550720214844,
      "Text": "Ações de folgas remuneradas",
      "Geometry": {
        "BoundingBox": {
          "Width": 0.15140503644943237,
          "Height": 0.01977822743356228,
          "Left": 0.27154698967933655,
          "Top": 0.23955538868904114
        },
        "Polygon": [
          {
            "X": 0.2724650800228119,
            "Y": 0.24621036648750305
          },
          {
            "X": 0.4229520261287689,
            "Y": 0.23955538868904114
          },
          {
            "X": 0.4222407341003418,
            "Y": 0.2529047131538391
          },
          {
            "X": 0.27154698967933655,
            "Y": 0.25933361053466797
          }
        ]
      },
      "Id": "df36d53a-dc6f-47f1-bb77-8cbc67e973c7",
      "Relationships": [
        {
          "Type": "CHILD",
          "Ids": [
            "6ba596be-f981-4afc-a94e-605a21a88ebe",
            "6c46ef88-7427-4b9a-9f74-ddeb418edcd1",
            "769a49c5-7533-4464-84c7-8f04f08d68ae",
            "c8e105f1-2a32-4b5d-8ca2-e9b44c62bbc1"
          ]
        }
      ],
      "Page": 1
    },
    {
      "BlockType": "LINE",
      "Confidence": 75.82319641113281,
      "Text": "obtenha-saldo-de-férias",
      "Geometry": {
        "BoundingBox": {
          "Width": 0.12638859450817108,
          "Height": 0.016543015837669373,
          "Left": 0.30452659726142883,
          "Top": 0.25280675292015076
        },
        "Polygon": [
          {
            "X": 0.30526745319366455,
            "Y": 0.2581631541252136
          },
          {
            "X": 0.4309151768684387,
            "Y": 0.25280675292015076
          },
          {
            "X": 0.43032148480415344,
            "Y": 0.2641538679599762
          },
          {
            "X": 0.30452659726142883,
            "Y": 0.2693497836589813
          }
        ]
      },
      "Id": "438a8079-cfe2-4847-aef4-cd41639ee936",
      "Relationships": [
        {
          "Type": "CHILD",
          "Ids": [
            "1ca01a17-a958-4f8a-90c6-a1e85ad32f07"
          ]
        }
      ],
      "Page": 1
    },
    {
      "BlockType": "LINE",
      "Confidence": 83.92548370361328,
      "Text": "obtenha-saldo-banco-de-horas",
      "Geometry": {
        "BoundingBox": {
          "Width": 0.16393324732780457,
          "Height": 0.017723042517900467,
          "Left": 0.3040275573730469,
          "Top": 0.26144012808799744
        },
        "Polygon": [
          {
            "X": 0.30475321412086487,
            "Y": 0.26820340752601624
          },
          {
            "X": 0.46796080470085144,
            "Y": 0.26144012808799744
          },
          {
            "X": 0.46742308139801025,
            "Y": 0.2726043462753296
          },
          {
            "X": 0.3040275573730469,
            "Y": 0.2791631519794464
          }
        ]
      },
      "Id": "f816b74b-9b57-49c7-b3bc-b3fc2a0bb480",
      "Relationships": [
        {
          "Type": "CHILD",
          "Ids": [
            "e5ab18fa-981f-408b-af41-33e4d44b7583"
          ]
        }
      ],
      "Page": 1
    },
    {
      "BlockType": "LINE",
      "Confidence": 97.05177307128906,
      "Text": "reserve-uma-folga",
      "Geometry": {
        "BoundingBox": {
          "Width": 0.09583863615989685,
          "Height": 0.014892436563968658,
          "Left": 0.30232593417167664,
          "Top": 0.27614110708236694
        },
        "Polygon": [
          {
            "X": 0.303060919046402,
            "Y": 0.27995017170906067
          },
          {
            "X": 0.3981645703315735,
            "Y": 0.27614110708236694
          },
          {
            "X": 0.39753925800323486,
            "Y": 0.28734520077705383
          },
          {
            "X": 0.30232593417167664,
            "Y": 0.291033536195755
          }
        ]
      },
      "Id": "4347b10f-b7d0-4e8b-a14e-f3bfa9b4eff2",
      "Relationships": [
        {
          "Type": "CHILD",
          "Ids": [
            "e8f13248-5596-4f84-afd0-5b39071c1c24"
          ]
        }
      ],
      "Page": 1
    },
    {
      "BlockType": "LINE",
      "Confidence": 98.19945526123047,
      "Text": "Microsserviço de",
      "Geometry": {
        "BoundingBox": {
          "Width": 0.08369520306587219,
          "Height": 0.013300860300660133,
          "Left": 0.4994484782218933,
          "Top": 0.27249017357826233
        },
        "Polygon": [
          {
            "X": 0.4998941123485565,
            "Y": 0.27578848600387573
          },
          {
            "X": 0.5831436514854431,
            "Y": 0.27249017357826233
          },
          {
            "X": 0.5827867984771729,
            "Y": 0.28258585929870605
          },
          {
            "X": 0.4994484782218933,
            "Y": 0.2857910394668579
          }
        ]
      },
      "Id": "71a132cf-cb7b-4313-a032-26ae197cf067",
      "Relationships": [
        {
          "Type": "CHILD",
          "Ids": [
            "11f8b0e0-2eea-437d-9948-50ec12cecd13",
            "d57ec718-e713-438b-9cc3-322cea1ff0a6"
          ]
        }
      ],
      "Page": 1
    },
    {
      "BlockType": "LINE",
      "Confidence": 99.81205749511719,
      "Text": "Banco de dados de",
      "Geometry": {
        "BoundingBox": {
          "Width": 0.099605493247509,
          "Height": 0.012977036647498608,
          "Left": 0.6014803051948547,
          "Top": 0.26587119698524475
        },
        "Polygon": [
          {
            "X": 0.6017806529998779,
            "Y": 0.26982757449150085
          },
          {
            "X": 0.7010858058929443,
            "Y": 0.26587119698524475
          },
          {
            "X": 0.7008824348449707,
            "Y": 0.27499082684516907
          },
          {
            "X": 0.6014803051948547,
            "Y": 0.278848260641098
          }
        ]
      },
      "Id": "37cb5ff2-94e6-4844-a075-4eab7b13c06b",
      "Relationships": [
        {
          "Type": "CHILD",
          "Ids": [
            "47850052-20af-4f9d-af33-85c9e30d35c5",
            "1f15f8c7-d58d-4012-b0d3-81d9f086a224",
            "d007f366-87bd-46a4-bc54-9148baea0191",
            "d0af7023-9218-49e4-a82f-c3bf06bb90ce"
          ]
        }
      ],
      "Page": 1
    },
    {
      "BlockType": "LINE",
      "Confidence": 97.86260223388672,
      "Text": "reserve-uma-férias",
      "Geometry": {
        "BoundingBox": {
          "Width": 0.09895050525665283,
          "Height": 0.013378540985286236,
          "Left": 0.3012891113758087,
          "Top": 0.28623658418655396
        },
        "Polygon": [
          {
            "X": 0.3019234538078308,
            "Y": 0.2900567352771759
          },
          {
            "X": 0.40023961663246155,
            "Y": 0.28623658418655396
          },
          {
            "X": 0.39970293641090393,
            "Y": 0.29590272903442383
          },
          {
            "X": 0.3012891113758087,
            "Y": 0.29961514472961426
          }
        ]
      },
      "Id": "66c19ab6-24b2-4fea-b5ec-0c0e513f2b9e",
      "Relationships": [
        {
          "Type": "CHILD",
          "Ids": [
            "b396565e-cc39-4278-8523-14772693916b"
          ]
        }
      ],
      "Page": 1
    },
    {
      "BlockType": "LINE",
      "Confidence": 99.34196472167969,
      "Text": "folga remunerada",
      "Geometry": {
        "BoundingBox": {
          "Width": 0.08996770530939102,
          "Height": 0.01389080099761486,
          "Left": 0.4954979419708252,
          "Top": 0.28172263503074646
        },
        "Polygon": [
          {
            "X": 0.49596717953681946,
            "Y": 0.28517255187034607
          },
          {
            "X": 0.585465669631958,
            "Y": 0.28172263503074646
          },
          {
            "X": 0.585096001625061,
            "Y": 0.29226821660995483
          },
          {
            "X": 0.4954979419708252,
            "Y": 0.29561343789100647
          }
        ]
      },
      "Id": "75935de7-6d1b-4847-a88d-2d2b63244941",
      "Relationships": [
        {
          "Type": "CHILD",
          "Ids": [
            "56488a1b-634a-4c9a-b808-7abbe7905506",
            "1703f1dc-88d7-4fb6-8c21-0954b1328569"
          ]
        }
      ],
      "Page": 1
    },
    {
      "BlockType": "LINE",
      "Confidence": 99.16744232177734,
      "Text": "folga remunerada",
      "Geometry": {
        "BoundingBox": {
          "Width": 0.09580569714307785,
          "Height": 0.014051307924091816,
          "Left": 0.6026918292045593,
          "Top": 0.2757693827152252
        },
        "Polygon": [
          {
            "X": 0.6030347347259521,
            "Y": 0.27946650981903076
          },
          {
            "X": 0.698497474193573,
            "Y": 0.2757693827152252
          },
          {
            "X": 0.6982613801956177,
            "Y": 0.2862328588962555
          },
          {
            "X": 0.6026918292045593,
            "Y": 0.28982070088386536
          }
        ]
      },
      "Id": "8967601a-92f6-4352-884e-155b054065df",
      "Relationships": [
        {
          "Type": "CHILD",
          "Ids": [
            "252edbb2-0045-4294-b9a7-9bfe3cf28366",
            "ef789246-ea07-4558-ba9c-aed7ab2fbe4c"
          ]
        }
      ],
      "Page": 1
    },
    {
      "BlockType": "LINE",
      "Confidence": 99.66458129882812,
      "Text": "Base de conhecimento",
      "Geometry": {
        "BoundingBox": {
          "Width": 0.11726783215999603,
          "Height": 0.014205501414835453,
          "Left": 0.29110193252563477,
          "Top": 0.30814167857170105
        },
        "Polygon": [
          {
            "X": 0.2917737364768982,
            "Y": 0.3123679757118225
          },
          {
            "X": 0.4083697497844696,
            "Y": 0.30814167857170105
          },
          {
            "X": 0.4078187048435211,
            "Y": 0.31825482845306396
          },
          {
            "X": 0.29110193252563477,
            "Y": 0.3223471939563751
          }
        ]
      },
      "Id": "6271db3f-1645-4c05-882c-26fff7fcfcc3",
      "Relationships": [
        {
          "Type": "CHILD",
          "Ids": [
            "919e0640-4e43-400a-89e3-97305cd7f47e",
            "42384e07-6d53-4ed2-aa65-ee602e6ef75c",
            "d2afac22-cbc8-44d9-bb70-d42ed35eb0ac"
          ]
        }
      ],
      "Page": 1
    },
    {
      "BlockType": "LINE",
      "Confidence": 99.85614776611328,
      "Text": "de RH",
      "Geometry": {
        "BoundingBox": {
          "Width": 0.03206973522901535,
          "Height": 0.008985733613371849,
          "Left": 0.33204522728919983,
          "Top": 0.3213421702384949
        },
        "Polygon": [
          {
            "X": 0.33254000544548035,
            "Y": 0.3224434554576874
          },
          {
            "X": 0.3641149699687958,
            "Y": 0.3213421702384949
          },
          {
            "X": 0.3636458218097687,
            "Y": 0.3292551636695862
          },
          {
            "X": 0.33204522728919983,
            "Y": 0.3303278982639313
          }
        ]
      },
      "Id": "cbf817ed-b4f9-4b86-9ff5-03a2645131f1",
      "Relationships": [
        {
          "Type": "CHILD",
          "Ids": [
            "ebe6a9b7-ce4a-4f5d-a419-7a5e0c63043f",
            "8014f7c1-31bc-47b0-8be9-74babc4a4e83"
          ]
        }
      ],
      "Page": 1
    },
    {
      "BlockType": "LINE",
      "Confidence": 99.6759262084961,
      "Text": "V3",
      "Geometry": {
        "BoundingBox": {
          "Width": 0.02482934296131134,
          "Height": 0.013446248136460781,
          "Left": 0.10552790760993958,
          "Top": 0.34393441677093506
        },
        "Polygon": [
          {
            "X": 0.1066346988081932,
            "Y": 0.3447202742099762
          },
          {
            "X": 0.13035725057125092,
            "Y": 0.34393441677093506
          },
          {
            "X": 0.12928034365177155,
            "Y": 0.3566303253173828
          },
          {
            "X": 0.10552790760993958,
            "Y": 0.3573806583881378
          }
        ]
      },
      "Id": "56801dca-29bb-4331-926b-3e78280ad4be",
      "Relationships": [
        {
          "Type": "CHILD",
          "Ids": [
            "19c915a5-461e-42fc-b7c9-a37286ccebcc"
          ]
        }
      ],
      "Page": 1
    },
    {
      "BlockType": "LINE",
      "Confidence": 91.98808288574219,
      "Text": "Pesquisar políticas de RH",
      "Geometry": {
        "BoundingBox": {
          "Width": 0.1335543543100357,
          "Height": 0.015249818563461304,
          "Left": 0.29598963260650635,
          "Top": 0.3338112235069275
        },
        "Polygon": [
          {
            "X": 0.29671183228492737,
            "Y": 0.33821481466293335
          },
          {
            "X": 0.42954397201538086,
            "Y": 0.3338112235069275
          },
          {
            "X": 0.4289712607860565,
            "Y": 0.3448237478733063
          },
          {
            "X": 0.29598963260650635,
            "Y": 0.3490610420703888
          }
        ]
      },
      "Id": "feafa4cd-7c01-41a7-938d-aa3a6b567cf4",
      "Relationships": [
        {
          "Type": "CHILD",
          "Ids": [
            "f6bc64c4-bf5a-40ad-9558-560828c30273",
            "8d90aebb-e793-4723-82cc-946431d956f9",
            "082dc4bb-7a6b-4ac7-9192-f8eb17b4e409",
            "64ec9a14-2c3f-4b4a-af7c-73d82727fc38"
          ]
        }
      ],
      "Page": 1
    },
    {
      "BlockType": "LINE",
      "Confidence": 96.94290161132812,
      "Text": "Políticas de folga",
      "Geometry": {
        "BoundingBox": {
          "Width": 0.08927352726459503,
          "Height": 0.012164068408310413,
          "Left": 0.5345777273178101,
          "Top": 0.34391313791275024
        },
        "Polygon": [
          {
            "X": 0.5349564552307129,
            "Y": 0.34669172763824463
          },
          {
            "X": 0.6238512396812439,
            "Y": 0.34391313791275024
          },
          {
            "X": 0.6235612034797668,
            "Y": 0.3533923327922821
          },
          {
            "X": 0.5345777273178101,
            "Y": 0.3560771942138672
          }
        ]
      },
      "Id": "bef3e4ef-83b9-45b9-a414-3b75ab3f6e33",
      "Relationships": [
        {
          "Type": "CHILD",
          "Ids": [
            "cc4b5020-0fb4-40fc-aa60-0dc0d87246ff",
            "9f6795f3-6473-4e23-9ca8-2ec3807ca54f",
            "73f675e7-60ec-457f-aeb7-79e65db6ec2a"
          ]
        }
      ],
      "Page": 1
    },
    {
      "BlockType": "LINE",
      "Confidence": 99.82701110839844,
      "Text": "Agente de",
      "Geometry": {
        "BoundingBox": {
          "Width": 0.04933164641261101,
          "Height": 0.010556189343333244,
          "Left": 0.14964084327220917,
          "Top": 0.36970776319503784
        },
        "Polygon": [
          {
            "X": 0.1503913551568985,
            "Y": 0.3711530864238739
          },
          {
            "X": 0.19897249341011047,
            "Y": 0.36970776319503784
          },
          {
            "X": 0.19826634228229523,
            "Y": 0.37887078523635864
          },
          {
            "X": 0.14964084327220917,
            "Y": 0.38026395440101624
          }
        ]
      },
      "Id": "d98930ca-2d42-4bdf-bf6b-91fd6af8415c",
      "Relationships": [
        {
          "Type": "CHILD",
          "Ids": [
            "5ae0c818-d68d-4918-bec2-689a0ea3e3c2",
            "8c0a9214-9554-46ba-9c6e-82bda1b4e8e4"
          ]
        }
      ],
      "Page": 1
    },
    {
      "BlockType": "LINE",
      "Confidence": 99.63043975830078,
      "Text": "folgas de RH",
      "Geometry": {
        "BoundingBox": {
          "Width": 0.061450596898794174,
          "Height": 0.010922668501734734,
          "Left": 0.14270249009132385,
          "Top": 0.3794610798358917
        },
        "Polygon": [
          {
            "X": 0.14346559345722198,
            "Y": 0.3811942934989929
          },
          {
            "X": 0.20415309071540833,
            "Y": 0.3794610798358917
          },
          {
            "X": 0.20344583690166473,
            "Y": 0.3887164294719696
          },
          {
            "X": 0.14270249009132385,
            "Y": 0.3903837502002716
          }
        ]
      },
      "Id": "a0159e36-c45c-465d-8f2a-5240820b6e14",
      "Relationships": [
        {
          "Type": "CHILD",
          "Ids": [
            "0e98f8b8-f882-4c18-a4be-d4b5c5cf6c46",
            "defff636-e75f-40c8-b2c9-2e8d38eb5425",
            "3b916d29-4537-430c-a543-73dfba2076e2"
          ]
        }
      ],
      "Page": 1
    },
    {
      "BlockType": "LINE",
      "Confidence": 96.00543975830078,
      "Text": "Ações de ausências e licenças",
      "Geometry": {
        "BoundingBox": {
          "Width": 0.15464994311332703,
          "Height": 0.015177320688962936,
          "Left": 0.26671573519706726,
          "Top": 0.377232164144516
        },
        "Polygon": [
          {
            "X": 0.26746976375579834,
            "Y": 0.3815556466579437
          },
          {
            "X": 0.4213656783103943,
            "Y": 0.377232164144516
          },
          {
            "X": 0.4207839369773865,
            "Y": 0.38828039169311523
          },
          {
            "X": 0.26671573519706726,
            "Y": 0.39240947365760803
          }
        ]
      },
      "Id": "30721cb4-b442-44af-818d-b583b013de2c",
      "Relationships": [
        {
          "Type": "CHILD",
          "Ids": [
            "8e916dce-057d-4ac2-9111-a8653ec599c2",
            "1c1c9f81-aff2-43e8-96a0-8e72457ae888",
            "574ca552-5060-4647-b51e-f77fff823027",
            "f8257187-c099-40e3-9806-7f9979b68750",
            "1ee0a908-911d-4f37-b1cd-d2784f8466c1"
          ]
        }
      ],
      "Page": 1
    },
    {
      "BlockType": "LINE",
      "Confidence": 93.54889678955078,
      "Text": "inicie-uma-licença",
      "Geometry": {
        "BoundingBox": {
          "Width": 0.09792982786893845,
          "Height": 0.01404307596385479,
          "Left": 0.2909480631351471,
          "Top": 0.3919430673122406
        },
        "Polygon": [
          {
            "X": 0.2917134463787079,
            "Y": 0.3945150375366211
          },
          {
            "X": 0.38887789845466614,
            "Y": 0.3919430673122406
          },
          {
            "X": 0.38822686672210693,
            "Y": 0.40354377031326294
          },
          {
            "X": 0.2909480631351471,
            "Y": 0.40598616003990173
          }
        ]
      },
      "Id": "ab6772e2-f2a6-4d83-b227-c9b12fbf7685",
      "Relationships": [
        {
          "Type": "CHILD",
          "Ids": [
            "4e53c796-44d2-46a3-983b-31fb2b26d413"
          ]
        }
      ],
      "Page": 1
    },
    {
      "BlockType": "LINE",
      "Confidence": 95.09188842773438,
      "Text": "estender-licença",
      "Geometry": {
        "BoundingBox": {
          "Width": 0.08778385818004608,
          "Height": 0.01359131745994091,
          "Left": 0.2900979220867157,
          "Top": 0.40319299697875977
        },
        "Polygon": [
          {
            "X": 0.2908587157726288,
            "Y": 0.4053841233253479
          },
          {
            "X": 0.3778817653656006,
            "Y": 0.40319299697875977
          },
          {
            "X": 0.37722247838974,
            "Y": 0.4147086441516876
          },
          {
            "X": 0.2900979220867157,
            "Y": 0.41678428649902344
          }
        ]
      },
      "Id": "19d4064b-cf27-40ae-b15e-fc23d4a66fed",
      "Relationships": [
        {
          "Type": "CHILD",
          "Ids": [
            "60660bc4-4bcb-41dc-ad42-4805f612e5df"
          ]
        }
      ],
      "Page": 1
    },
    {
      "BlockType": "LINE",
      "Confidence": 95.31904602050781,
      "Text": "terminar-licença",
      "Geometry": {
        "BoundingBox": {
          "Width": 0.08759485185146332,
          "Height": 0.013471563346683979,
          "Left": 0.289785772562027,
          "Top": 0.41379648447036743
        },
        "Polygon": [
          {
            "X": 0.29054567217826843,
            "Y": 0.41587454080581665
          },
          {
            "X": 0.3773806393146515,
            "Y": 0.41379648447036743
          },
          {
            "X": 0.3767218589782715,
            "Y": 0.4253052771091461
          },
          {
            "X": 0.289785772562027,
            "Y": 0.42726802825927734
          }
        ]
      },
      "Id": "ff206301-affe-4dd1-8c62-70a5aaf152dc",
      "Relationships": [
        {
          "Type": "CHILD",
          "Ids": [
            "70db3a29-6daf-4f74-bcb0-5dd0f021c26b"
          ]
        }
      ],
      "Page": 1
    },
    {
      "BlockType": "LINE",
      "Confidence": 90.20407104492188,
      "Text": "obter-detalhes-da-licença",
      "Geometry": {
        "BoundingBox": {
          "Width": 0.13981156051158905,
          "Height": 0.017582077533006668,
          "Left": 0.2884686291217804,
          "Top": 0.42185547947883606
        },
        "Polygon": [
          {
            "X": 0.28943049907684326,
            "Y": 0.425027459859848
          },
          {
            "X": 0.42828020453453064,
            "Y": 0.42185547947883606
          },
          {
            "X": 0.4275239408016205,
            "Y": 0.43649911880493164
          },
          {
            "X": 0.2884686291217804,
            "Y": 0.4394375681877136
          }
        ]
      },
      "Id": "11038e05-4c4a-4ddb-b5a3-9298e5d94e4b",
      "Relationships": [
        {
          "Type": "CHILD",
          "Ids": [
            "4a11fb4d-e5e0-4ef2-8175-0e86cce68c1f"
          ]
        }
      ],
      "Page": 1
    },
    {
      "BlockType": "LINE",
      "Confidence": 99.79955291748047,
      "Text": "Banco de dados de",
      "Geometry": {
        "BoundingBox": {
          "Width": 0.0979602187871933,
          "Height": 0.010289488360285759,
          "Left": 0.5349069237709045,
          "Top": 0.4175654649734497
        },
        "Polygon": [
          {
            "X": 0.5352294445037842,
            "Y": 0.41979169845581055
          },
          {
            "X": 0.632867157459259,
            "Y": 0.4175654649734497
          },
          {
            "X": 0.6326277256011963,
            "Y": 0.42571792006492615
          },
          {
            "X": 0.5349069237709045,
            "Y": 0.4278549551963806
          }
        ]
      },
      "Id": "3b4250f4-95c4-4ead-833c-e7fc9226648a",
      "Relationships": [
        {
          "Type": "CHILD",
          "Ids": [
            "ca7828db-ab5c-43ae-a6ad-901186eb531c",
            "0deea694-1e5e-42fd-bc4b-cf3d9ef68aeb",
            "07f5fce6-677a-4865-9bb7-e89d8708ddad",
            "c817f42b-199a-4066-a20f-223954c0ea3f"
          ]
        }
      ],
      "Page": 1
    },
    {
      "BlockType": "LINE",
      "Confidence": 94.60892486572266,
      "Text": "ausências e licenças",
      "Geometry": {
        "BoundingBox": {
          "Width": 0.10389340668916702,
          "Height": 0.01216076873242855,
          "Left": 0.5317921042442322,
          "Top": 0.42730647325515747
        },
        "Polygon": [
          {
            "X": 0.5321916937828064,
            "Y": 0.4295501708984375
          },
          {
            "X": 0.6356855034828186,
            "Y": 0.42730647325515747
          },
          {
            "X": 0.6353942155838013,
            "Y": 0.4373399615287781
          },
          {
            "X": 0.5317921042442322,
            "Y": 0.4394672214984894
          }
        ]
      },
      "Id": "90276f93-36fd-4e0a-b65c-852def6acbb3",
      "Relationships": [
        {
          "Type": "CHILD",
          "Ids": [
            "876cfe56-2c86-4d11-b245-99958ddc9482",
            "af6c380f-5066-4aab-a07f-998899847839",
            "0cc84876-66cc-42d1-82a4-36a482d3bfff"
          ]
        }
      ],
      "Page": 1
    },
    {
      "BlockType": "WORD",
      "Confidence": 99.53783416748047,
      "Text": "e",
      "TextType": "PRINTED",
      "Geometry": {
        "BoundingBox": {
          "Width": 0.014720535837113857,
          "Height": 0.013650204986333847,
          "Left": 0.16929991543293,
          "Top": 0.22531907260417938
        },
        "Polygon": [
          {
            "X": 0.17035962641239166,
            "Y": 0.22596405446529388
          },
          {
            "X": 0.18402044475078583,
            "Y": 0.22531907260417938
          },
          {
            "X": 0.1829787939786911,
            "Y": 0.23834486305713654
          },
          {
            "X": 0.16929991543293,
            "Y": 0.23896928131580353
          }
        ]
      },
      "Id": "c97f363e-afb3-405a-80c3-b83993736c88",
      "Page": 1
    },
    {
      "BlockType": "WORD",
      "Confidence": 99.21821594238281,
      "Text": "assim",
      "TextType": "PRINTED",
      "Geometry": {
        "BoundingBox": {
          "Width": 0.08540986478328705,
          "Height": 0.02522522583603859,
          "Left": 0.20068354904651642,
          "Top": 0.2115798443555832
        },
        "Polygon": [
          {
            "X": 0.20233601331710815,
            "Y": 0.21562328934669495
          },
          {
            "X": 0.28609341382980347,
            "Y": 0.2115798443555832
          },
          {
            "X": 0.28462398052215576,
            "Y": 0.23296591639518738
          },
          {
            "X": 0.20068354904651642,
            "Y": 0.23680506646633148
          }
        ]
      },
      "Id": "977dd9a3-72ca-4a1c-82a4-a9b1f4b156b6",
      "Page": 1
    },
    {
      "BlockType": "WORD",
      "Confidence": 99.71881103515625,
      "Text": "por",
      "TextType": "PRINTED",
      "Geometry": {
        "BoundingBox": {
          "Width": 0.05316513031721115,
          "Height": 0.02153204381465912,
          "Left": 0.301986962556839,
          "Top": 0.21061073243618011
        },
        "Polygon": [
          {
            "X": 0.30325862765312195,
            "Y": 0.21310143172740936
          },
          {
            "X": 0.35515210032463074,
            "Y": 0.21061073243618011
          },
          {
            "X": 0.35398340225219727,
            "Y": 0.2297644466161728
          },
          {
            "X": 0.301986962556839,
            "Y": 0.23214277625083923
          }
        ]
      },
      "Id": "341a5c18-5134-4f20-af9c-8ea4f47b1eb7",
      "Page": 1
    },
    {
      "BlockType": "WORD",
      "Confidence": 99.55218505859375,
      "Text": "diante",
      "TextType": "PRINTED",
      "Geometry": {
        "BoundingBox": {
          "Width": 0.11153212934732437,
          "Height": 0.027702540159225464,
          "Left": 0.3728899359703064,
          "Top": 0.19536662101745605
        },
        "Polygon": [
          {
            "X": 0.37420445680618286,
            "Y": 0.20077258348464966
          },
          {
            "X": 0.48442205786705017,
            "Y": 0.19536662101745605
          },
          {
            "X": 0.48336830735206604,
            "Y": 0.21793992817401886
          },
          {
            "X": 0.3728899359703064,
            "Y": 0.22306916117668152
          }
        ]
      },
      "Id": "fd55fc00-5c20-4f8c-b706-6223c1e3f1fb",
      "Page": 1
    },
    {
      "BlockType": "WORD",
      "Confidence": 86.33004760742188,
      "Text": "Ações",
      "TextType": "PRINTED",
      "Geometry": {
        "BoundingBox": {
          "Width": 0.030506782233715057,
          "Height": 0.011217528954148293,
          "Left": 0.27154698967933655,
          "Top": 0.24811609089374542
        },
        "Polygon": [
          {
            "X": 0.2722403109073639,
            "Y": 0.24942313134670258
          },
          {
            "X": 0.3020537793636322,
            "Y": 0.24811609089374542
          },
          {
            "X": 0.3013909161090851,
            "Y": 0.25806039571762085
          },
          {
            "X": 0.27154698967933655,
            "Y": 0.25933361053466797
          }
        ]
      },
      "Id": "6ba596be-f981-4afc-a94e-605a21a88ebe",
      "Page": 1
    },
    {
      "BlockType": "WORD",
      "Confidence": 99.81948852539062,
      "Text": "de",
      "TextType": "PRINTED",
      "Geometry": {
        "BoundingBox": {
          "Width": 0.01388603076338768,
          "Height": 0.008501685224473476,
          "Left": 0.30326446890830994,
          "Top": 0.24708683788776398
        },
        "Polygon": [
          {
            "X": 0.3037905991077423,
            "Y": 0.2476731240749359
          },
          {
            "X": 0.3171505033969879,
            "Y": 0.24708683788776398
          },
          {
            "X": 0.3166353106498718,
            "Y": 0.2550143003463745
          },
          {
            "X": 0.30326446890830994,
            "Y": 0.2555885314941406
          }
        ]
      },
      "Id": "6c46ef88-7427-4b9a-9f74-ddeb418edcd1",
      "Page": 1
    },
    {
      "BlockType": "WORD",
      "Confidence": 99.70842742919922,
      "Text": "folgas",
      "TextType": "PRINTED",
      "Geometry": {
        "BoundingBox": {
          "Width": 0.03316304087638855,
          "Height": 0.011404847726225853,
          "Left": 0.3183649778366089,
          "Top": 0.24454368650913239
        },
        "Polygon": [
          {
            "X": 0.3190111815929413,
            "Y": 0.24597464501857758
          },
          {
            "X": 0.35152801871299744,
            "Y": 0.24454368650913239
          },
          {
            "X": 0.35091546177864075,
            "Y": 0.25455451011657715
          },
          {
            "X": 0.3183649778366089,
            "Y": 0.255948543548584
          }
        ]
      },
      "Id": "769a49c5-7533-4464-84c7-8f04f08d68ae",
      "Page": 1
    },
    {
      "BlockType": "WORD",
      "Confidence": 99.28408813476562,
      "Text": "remuneradas",
      "TextType": "PRINTED",
      "Geometry": {
        "BoundingBox": {
          "Width": 0.07011859118938446,
          "Height": 0.012708961963653564,
          "Left": 0.35283344984054565,
          "Top": 0.23955538868904114
        },
        "Polygon": [
          {
            "X": 0.35342103242874146,
            "Y": 0.2426302582025528
          },
          {
            "X": 0.4229520261287689,
            "Y": 0.23955538868904114
          },
          {
            "X": 0.42243465781211853,
            "Y": 0.2492654025554657
          },
          {
            "X": 0.35283344984054565,
            "Y": 0.2522643506526947
          }
        ]
      },
      "Id": "c8e105f1-2a32-4b5d-8ca2-e9b44c62bbc1",
      "Page": 1
    },
    {
      "BlockType": "WORD",
      "Confidence": 75.82319641113281,
      "Text": "obtenha-saldo-de-férias",
      "TextType": "PRINTED",
      "Geometry": {
        "BoundingBox": {
          "Width": 0.12638859450817108,
          "Height": 0.016543015837669373,
          "Left": 0.30452659726142883,
          "Top": 0.25280675292015076
        },
        "Polygon": [
          {
            "X": 0.30526745319366455,
            "Y": 0.2581631541252136
          },
          {
            "X": 0.4309151768684387,
            "Y": 0.25280675292015076
          },
          {
            "X": 0.43032148480415344,
            "Y": 0.2641538679599762
          },
          {
            "X": 0.30452659726142883,
            "Y": 0.2693497836589813
          }
        ]
      },
      "Id": "1ca01a17-a958-4f8a-90c6-a1e85ad32f07",
      "Page": 1
    },
    {
      "BlockType": "WORD",
      "Confidence": 83.92548370361328,
      "Text": "obtenha-saldo-banco-de-horas",
      "TextType": "PRINTED",
      "Geometry": {
        "BoundingBox": {
          "Width": 0.16393324732780457,
          "Height": 0.017723042517900467,
          "Left": 0.3040275573730469,
          "Top": 0.26144012808799744
        },
        "Polygon": [
          {
            "X": 0.30475321412086487,
            "Y": 0.26820340752601624
          },
          {
            "X": 0.46796080470085144,
            "Y": 0.26144012808799744
          },
          {
            "X": 0.46742308139801025,
            "Y": 0.2726043462753296
          },
          {
            "X": 0.3040275573730469,
            "Y": 0.2791631519794464
          }
        ]
      },
      "Id": "e5ab18fa-981f-408b-af41-33e4d44b7583",
      "Page": 1
    },
    {
      "BlockType": "WORD",
      "Confidence": 97.05177307128906,
      "Text": "reserve-uma-folga",
      "TextType": "PRINTED",
      "Geometry": {
        "BoundingBox": {
          "Width": 0.09583863615989685,
          "Height": 0.014892436563968658,
          "Left": 0.30232593417167664,
          "Top": 0.27614110708236694
        },
        "Polygon": [
          {
            "X": 0.303060919046402,
            "Y": 0.27995017170906067
          },
          {
            "X": 0.3981645703315735,
            "Y": 0.27614110708236694
          },
          {
            "X": 0.39753925800323486,
            "Y": 0.28734520077705383
          },
          {
            "X": 0.30232593417167664,
            "Y": 0.291033536195755
          }
        ]
      },
      "Id": "e8f13248-5596-4f84-afd0-5b39071c1c24",
      "Page": 1
    },
    {
      "BlockType": "WORD",
      "Confidence": 96.54366302490234,
      "Text": "Microsserviço",
      "TextType": "PRINTED",
      "Geometry": {
        "BoundingBox": {
          "Width": 0.06835620105266571,
          "Height": 0.012638114392757416,
          "Left": 0.4994484782218933,
          "Top": 0.2731529176235199
        },
        "Polygon": [
          {
            "X": 0.4998916685581207,
            "Y": 0.27584317326545715
          },
          {
            "X": 0.5678046941757202,
            "Y": 0.2731529176235199
          },
          {
            "X": 0.5674333572387695,
            "Y": 0.28317633271217346
          },
          {
            "X": 0.4994484782218933,
            "Y": 0.2857910394668579
          }
        ]
      },
      "Id": "11f8b0e0-2eea-437d-9948-50ec12cecd13",
      "Page": 1
    },
    {
      "BlockType": "WORD",
      "Confidence": 99.8552474975586,
      "Text": "de",
      "TextType": "PRINTED",
      "Geometry": {
        "BoundingBox": {
          "Width": 0.013004271313548088,
          "Height": 0.0075904447585344315,
          "Left": 0.5701394081115723,
          "Top": 0.27249017357826233
        },
        "Polygon": [
          {
            "X": 0.5703998804092407,
            "Y": 0.27299508452415466
          },
          {
            "X": 0.5831436514854431,
            "Y": 0.27249017357826233
          },
          {
            "X": 0.5828928351402283,
            "Y": 0.27958571910858154
          },
          {
            "X": 0.5701394081115723,
            "Y": 0.2800806164741516
          }
        ]
      },
      "Id": "d57ec718-e713-438b-9cc3-322cea1ff0a6",
      "Page": 1
    },
    {
      "BlockType": "WORD",
      "Confidence": 99.76383209228516,
      "Text": "Banco",
      "TextType": "PRINTED",
      "Geometry": {
        "BoundingBox": {
          "Width": 0.031825751066207886,
          "Height": 0.008424458093941212,
          "Left": 0.6014803051948547,
          "Top": 0.2704237997531891
        },
        "Polygon": [
          {
            "X": 0.6017191410064697,
            "Y": 0.2716755270957947
          },
          {
            "X": 0.633306086063385,
            "Y": 0.2704237997531891
          },
          {
            "X": 0.6330915689468384,
            "Y": 0.2776215374469757
          },
          {
            "X": 0.6014803051948547,
            "Y": 0.278848260641098
          }
        ]
      },
      "Id": "47850052-20af-4f9d-af33-85c9e30d35c5",
      "Page": 1
    },
    {
      "BlockType": "WORD",
      "Confidence": 99.86726379394531,
      "Text": "de",
      "TextType": "PRINTED",
      "Geometry": {
        "BoundingBox": {
          "Width": 0.013514568097889423,
          "Height": 0.007753532845526934,
          "Left": 0.6359953284263611,
          "Top": 0.2690349817276001
        },
        "Polygon": [
          {
            "X": 0.6362083554267883,
            "Y": 0.269563227891922
          },
          {
            "X": 0.6495099067687988,
            "Y": 0.2690349817276001
          },
          {
            "X": 0.6493072509765625,
            "Y": 0.2762708365917206
          },
          {
            "X": 0.6359953284263611,
            "Y": 0.27678850293159485
          }
        ]
      },
      "Id": "1f15f8c7-d58d-4012-b0d3-81d9f086a224",
      "Page": 1
    },
    {
      "BlockType": "WORD",
      "Confidence": 99.74673461914062,
      "Text": "dados",
      "TextType": "PRINTED",
      "Geometry": {
        "BoundingBox": {
          "Width": 0.0328252799808979,
          "Height": 0.00903395190834999,
          "Left": 0.6519922614097595,
          "Top": 0.2668246328830719
        },
        "Polygon": [
          {
            "X": 0.6522066593170166,
            "Y": 0.26812273263931274
          },
          {
            "X": 0.6848175525665283,
            "Y": 0.2668246328830719
          },
          {
            "X": 0.6846304535865784,
            "Y": 0.2745881974697113
          },
          {
            "X": 0.6519922614097595,
            "Y": 0.2758585810661316
          }
        ]
      },
      "Id": "d007f366-87bd-46a4-bc54-9148baea0191",
      "Page": 1
    },
    {
      "BlockType": "WORD",
      "Confidence": 99.8703842163086,
      "Text": "de",
      "TextType": "PRINTED",
      "Geometry": {
        "BoundingBox": {
          "Width": 0.013848145492374897,
          "Height": 0.007879124023020267,
          "Left": 0.6872376799583435,
          "Top": 0.26587119698524475
        },
        "Polygon": [
          {
            "X": 0.6874123215675354,
            "Y": 0.26641595363616943
          },
          {
            "X": 0.7010858058929443,
            "Y": 0.26587119698524475
          },
          {
            "X": 0.7009220123291016,
            "Y": 0.2732165455818176
          },
          {
            "X": 0.6872376799583435,
            "Y": 0.27375033497810364
          }
        ]
      },
      "Id": "d0af7023-9218-49e4-a82f-c3bf06bb90ce",
      "Page": 1
    },
    {
      "BlockType": "WORD",
      "Confidence": 97.86260223388672,
      "Text": "reserve-uma-férias",
      "TextType": "PRINTED",
      "Geometry": {
        "BoundingBox": {
          "Width": 0.09895050525665283,
          "Height": 0.013378540985286236,
          "Left": 0.3012891113758087,
          "Top": 0.28623658418655396
        },
        "Polygon": [
          {
            "X": 0.3019234538078308,
            "Y": 0.2900567352771759
          },
          {
            "X": 0.40023961663246155,
            "Y": 0.28623658418655396
          },
          {
            "X": 0.39970293641090393,
            "Y": 0.29590272903442383
          },
          {
            "X": 0.3012891113758087,
            "Y": 0.29961514472961426
          }
        ]
      },
      "Id": "b396565e-cc39-4278-8523-14772693916b",
      "Page": 1
    },
    {
      "BlockType": "WORD",
      "Confidence": 99.58341979980469,
      "Text": "folga",
      "TextType": "PRINTED",
      "Geometry": {
        "BoundingBox": {
          "Width": 0.026597294956445694,
          "Height": 0.010191206820309162,
          "Left": 0.4954979419708252,
          "Top": 0.2854222357273102
        },
        "Polygon": [
          {
            "X": 0.49591076374053955,
            "Y": 0.286427766084671
          },
          {
            "X": 0.522095263004303,
            "Y": 0.2854222357273102
          },
          {
            "X": 0.5217078924179077,
            "Y": 0.2946348786354065
          },
          {
            "X": 0.4954979419708252,
            "Y": 0.29561343789100647
          }
        ]
      },
      "Id": "56488a1b-634a-4c9a-b808-7abbe7905506",
      "Page": 1
    },
    {
      "BlockType": "WORD",
      "Confidence": 99.10050964355469,
      "Text": "remunerada",
      "TextType": "PRINTED",
      "Geometry": {
        "BoundingBox": {
          "Width": 0.06147734448313713,
          "Height": 0.010970041155815125,
          "Left": 0.5239883065223694,
          "Top": 0.28172263503074646
        },
        "Polygon": [
          {
            "X": 0.5243484377861023,
            "Y": 0.28407853841781616
          },
          {
            "X": 0.585465669631958,
            "Y": 0.28172263503074646
          },
          {
            "X": 0.5851616263389587,
            "Y": 0.2903955578804016
          },
          {
            "X": 0.5239883065223694,
            "Y": 0.2926926910877228
          }
        ]
      },
      "Id": "1703f1dc-88d7-4fb6-8c21-0954b1328569",
      "Page": 1
    },
    {
      "BlockType": "WORD",
      "Confidence": 99.4020004272461,
      "Text": "folga",
      "TextType": "PRINTED",
      "Geometry": {
        "BoundingBox": {
          "Width": 0.027691250666975975,
          "Height": 0.009972176514565945,
          "Left": 0.6026918292045593,
          "Top": 0.27984851598739624
        },
        "Polygon": [
          {
            "X": 0.6029871106147766,
            "Y": 0.28090500831604004
          },
          {
            "X": 0.6303830742835999,
            "Y": 0.27984851598739624
          },
          {
            "X": 0.630113959312439,
            "Y": 0.2887912392616272
          },
          {
            "X": 0.6026918292045593,
            "Y": 0.28982070088386536
          }
        ]
      },
      "Id": "252edbb2-0045-4294-b9a7-9bfe3cf28366",
      "Page": 1
    },
    {
      "BlockType": "WORD",
      "Confidence": 98.93287658691406,
      "Text": "remunerada",
      "TextType": "PRINTED",
      "Geometry": {
        "BoundingBox": {
          "Width": 0.06559675931930542,
          "Height": 0.011376908980309963,
          "Left": 0.6329007744789124,
          "Top": 0.2757693827152252
        },
        "Polygon": [
          {
            "X": 0.6331642866134644,
            "Y": 0.27829962968826294
          },
          {
            "X": 0.698497474193573,
            "Y": 0.2757693827152252
          },
          {
            "X": 0.6982964277267456,
            "Y": 0.28467971086502075
          },
          {
            "X": 0.6329007744789124,
            "Y": 0.28714630007743835
          }
        ]
      },
      "Id": "ef789246-ea07-4558-ba9c-aed7ab2fbe4c",
      "Page": 1
    },
    {
      "BlockType": "WORD",
      "Confidence": 99.89295959472656,
      "Text": "Base",
      "TextType": "PRINTED",
      "Geometry": {
        "BoundingBox": {
          "Width": 0.024869054555892944,
          "Height": 0.009127643890678883,
          "Left": 0.29110193252563477,
          "Top": 0.3132195472717285
        },
        "Polygon": [
          {
            "X": 0.291657418012619,
            "Y": 0.3140958547592163
          },
          {
            "X": 0.3159709870815277,
            "Y": 0.3132195472717285
          },
          {
            "X": 0.31543606519699097,
            "Y": 0.3214939832687378
          },
          {
            "X": 0.29110193252563477,
            "Y": 0.3223471939563751
          }
        ]
      },
      "Id": "919e0640-4e43-400a-89e3-97305cd7f47e",
      "Page": 1
    },
    {
      "BlockType": "WORD",
      "Confidence": 99.8406753540039,
      "Text": "de",
      "TextType": "PRINTED",
      "Geometry": {
        "BoundingBox": {
          "Width": 0.014119194820523262,
          "Height": 0.008558150380849838,
          "Left": 0.31727439165115356,
          "Top": 0.31238728761672974
        },
        "Polygon": [
          {
            "X": 0.3177943229675293,
            "Y": 0.312877893447876
          },
          {
            "X": 0.3313935697078705,
            "Y": 0.31238728761672974
          },
          {
            "X": 0.3308849334716797,
            "Y": 0.32046744227409363
          },
          {
            "X": 0.31727439165115356,
            "Y": 0.3209454417228699
          }
        ]
      },
      "Id": "42384e07-6d53-4ed2-aa65-ee602e6ef75c",
      "Page": 1
    },
    {
      "BlockType": "WORD",
      "Confidence": 99.26011657714844,
      "Text": "conhecimento",
      "TextType": "PRINTED",
      "Geometry": {
        "BoundingBox": {
          "Width": 0.07580389827489853,
          "Height": 0.012315231375396252,
          "Left": 0.33256587386131287,
          "Top": 0.30814167857170105
        },
        "Polygon": [
          {
            "X": 0.3331677317619324,
            "Y": 0.3108675479888916
          },
          {
            "X": 0.4083697497844696,
            "Y": 0.30814167857170105
          },
          {
            "X": 0.4078427255153656,
            "Y": 0.3178136646747589
          },
          {
            "X": 0.33256587386131287,
            "Y": 0.32045692205429077
          }
        ]
      },
      "Id": "d2afac22-cbc8-44d9-bb70-d42ed35eb0ac",
      "Page": 1
    },
    {
      "BlockType": "WORD",
      "Confidence": 99.8460464477539,
      "Text": "de",
      "TextType": "PRINTED",
      "Geometry": {
        "BoundingBox": {
          "Width": 0.01438947580754757,
          "Height": 0.008217806927859783,
          "Left": 0.33204522728919983,
          "Top": 0.3221100866794586
        },
        "Polygon": [
          {
            "X": 0.33253049850463867,
            "Y": 0.3225947916507721
          },
          {
            "X": 0.34643468260765076,
            "Y": 0.3221100866794586
          },
          {
            "X": 0.34596046805381775,
            "Y": 0.3298555016517639
          },
          {
            "X": 0.33204522728919983,
            "Y": 0.3303278982639313
          }
        ]
      },
      "Id": "ebe6a9b7-ce4a-4f5d-a419-7a5e0c63043f",
      "Page": 1
    },
    {
      "BlockType": "WORD",
      "Confidence": 99.86624145507812,
      "Text": "RH",
      "TextType": "PRINTED",
      "Geometry": {
        "BoundingBox": {
          "Width": 0.016165029257535934,
          "Height": 0.00826064683496952,
          "Left": 0.34794992208480835,
          "Top": 0.3213421702384949
        },
        "Polygon": [
          {
            "X": 0.34842050075531006,
            "Y": 0.3218895494937897
          },
          {
            "X": 0.3641149699687958,
            "Y": 0.3213421702384949
          },
          {
            "X": 0.3636568486690521,
            "Y": 0.32906925678253174
          },
          {
            "X": 0.34794992208480835,
            "Y": 0.32960280776023865
          }
        ]
      },
      "Id": "8014f7c1-31bc-47b0-8be9-74babc4a4e83",
      "Page": 1
    },
    {
      "BlockType": "WORD",
      "Confidence": 99.6759262084961,
      "Text": "V3",
      "TextType": "PRINTED",
      "Geometry": {
        "BoundingBox": {
          "Width": 0.02482934296131134,
          "Height": 0.013446248136460781,
          "Left": 0.10552790760993958,
          "Top": 0.34393441677093506
        },
        "Polygon": [
          {
            "X": 0.1066346988081932,
            "Y": 0.3447202742099762
          },
          {
            "X": 0.13035725057125092,
            "Y": 0.34393441677093506
          },
          {
            "X": 0.12928034365177155,
            "Y": 0.3566303253173828
          },
          {
            "X": 0.10552790760993958,
            "Y": 0.3573806583881378
          }
        ]
      },
      "Id": "19c915a5-461e-42fc-b7c9-a37286ccebcc",
      "Page": 1
    },
    {
      "BlockType": "WORD",
      "Confidence": 99.15821838378906,
      "Text": "Pesquisar",
      "TextType": "PRINTED",
      "Geometry": {
        "BoundingBox": {
          "Width": 0.05183160677552223,
          "Height": 0.01210386399179697,
          "Left": 0.29598963260650635,
          "Top": 0.336957186460495
        },
        "Polygon": [
          {
            "X": 0.29668286442756653,
            "Y": 0.3386498689651489
          },
          {
            "X": 0.3478212356567383,
            "Y": 0.336957186460495
          },
          {
            "X": 0.34718266129493713,
            "Y": 0.3474298417568207
          },
          {
            "X": 0.29598963260650635,
            "Y": 0.3490610420703888
          }
        ]
      },
      "Id": "f6bc64c4-bf5a-40ad-9558-560828c30273",
      "Page": 1
    },
    {
      "BlockType": "WORD",
      "Confidence": 68.99584197998047,
      "Text": "políticas",
      "TextType": "PRINTED",
      "Geometry": {
        "BoundingBox": {
          "Width": 0.046728093177080154,
          "Height": 0.011829705908894539,
          "Left": 0.34855711460113525,
          "Top": 0.33494696021080017
        },
        "Polygon": [
          {
            "X": 0.34918373823165894,
            "Y": 0.33647528290748596
          },
          {
            "X": 0.3952852189540863,
            "Y": 0.33494696021080017
          },
          {
            "X": 0.39470767974853516,
            "Y": 0.3453027904033661
          },
          {
            "X": 0.34855711460113525,
            "Y": 0.34677666425704956
          }
        ]
      },
      "Id": "8d90aebb-e793-4723-82cc-946431d956f9",
      "Page": 1
    },
    {
      "BlockType": "WORD",
      "Confidence": 99.88398742675781,
      "Text": "de",
      "TextType": "PRINTED",
      "Geometry": {
        "BoundingBox": {
          "Width": 0.014444490894675255,
          "Height": 0.008731686510145664,
          "Left": 0.39670658111572266,
          "Top": 0.33458417654037476
        },
        "Polygon": [
          {
            "X": 0.397165983915329,
            "Y": 0.33504754304885864
          },
          {
            "X": 0.41115108132362366,
            "Y": 0.33458417654037476
          },
          {
            "X": 0.4107036590576172,
            "Y": 0.3428656756877899
          },
          {
            "X": 0.39670658111572266,
            "Y": 0.34331586956977844
          }
        ]
      },
      "Id": "082dc4bb-7a6b-4ac7-9192-f8eb17b4e409",
      "Page": 1
    },
    {
      "BlockType": "WORD",
      "Confidence": 99.91429138183594,
      "Text": "RH",
      "TextType": "PRINTED",
      "Geometry": {
        "BoundingBox": {
          "Width": 0.016542311757802963,
          "Height": 0.008440585806965828,
          "Left": 0.4129895567893982,
          "Top": 0.33404386043548584
        },
        "Polygon": [
          {
            "X": 0.41341474652290344,
            "Y": 0.3345777094364166
          },
          {
            "X": 0.42953187227249146,
            "Y": 0.33404386043548584
          },
          {
            "X": 0.42911991477012634,
            "Y": 0.34196507930755615
          },
          {
            "X": 0.4129895567893982,
            "Y": 0.3424844443798065
          }
        ]
      },
      "Id": "64ec9a14-2c3f-4b4a-af7c-73d82727fc38",
      "Page": 1
    },
    {
      "BlockType": "WORD",
      "Confidence": 91.22122192382812,
      "Text": "Políticas",
      "TextType": "PRINTED",
      "Geometry": {
        "BoundingBox": {
          "Width": 0.04366154223680496,
          "Height": 0.009506149217486382,
          "Left": 0.5345978736877441,
          "Top": 0.3460715115070343
        },
        "Polygon": [
          {
            "X": 0.5349269509315491,
            "Y": 0.3474223017692566
          },
          {
            "X": 0.5782594084739685,
            "Y": 0.3460715115070343
          },
          {
            "X": 0.5779677033424377,
            "Y": 0.35426658391952515
          },
          {
            "X": 0.5345978736877441,
            "Y": 0.355577677488327
          }
        ]
      },
      "Id": "cc4b5020-0fb4-40fc-aa60-0dc0d87246ff",
      "Page": 1
    },
    {
      "BlockType": "WORD",
      "Confidence": 99.84723663330078,
      "Text": "de",
      "TextType": "PRINTED",
      "Geometry": {
        "BoundingBox": {
          "Width": 0.013176498003304005,
          "Height": 0.007902772165834904,
          "Left": 0.5805327892303467,
          "Top": 0.3455190062522888
        },
        "Polygon": [
          {
            "X": 0.5807977318763733,
            "Y": 0.3459216058254242
          },
          {
            "X": 0.5937092900276184,
            "Y": 0.3455190062522888
          },
          {
            "X": 0.5934546589851379,
            "Y": 0.3530299961566925
          },
          {
            "X": 0.5805327892303467,
            "Y": 0.35342177748680115
          }
        ]
      },
      "Id": "9f6795f3-6473-4e23-9ca8-2ec3807ca54f",
      "Page": 1
    },
    {
      "BlockType": "WORD",
      "Confidence": 99.76025390625,
      "Text": "folga",
      "TextType": "PRINTED",
      "Geometry": {
        "BoundingBox": {
          "Width": 0.028185147792100906,
          "Height": 0.010320856235921383,
          "Left": 0.5956661105155945,
          "Top": 0.34391313791275024
        },
        "Polygon": [
          {
            "X": 0.595984160900116,
            "Y": 0.3447841703891754
          },
          {
            "X": 0.6238512396812439,
            "Y": 0.34391313791275024
          },
          {
            "X": 0.6235612034797668,
            "Y": 0.3533923327922821
          },
          {
            "X": 0.5956661105155945,
            "Y": 0.354233980178833
          }
        ]
      },
      "Id": "73f675e7-60ec-457f-aeb7-79e65db6ec2a",
      "Page": 1
    },
    {
      "BlockType": "WORD",
      "Confidence": 99.79480743408203,
      "Text": "Agente",
      "TextType": "PRINTED",
      "Geometry": {
        "BoundingBox": {
          "Width": 0.03506844863295555,
          "Height": 0.009906320832669735,
          "Left": 0.14964084327220917,
          "Top": 0.3703576326370239
        },
        "Polygon": [
          {
            "X": 0.15037280321121216,
            "Y": 0.37137824296951294
          },
          {
            "X": 0.18470929563045502,
            "Y": 0.3703576326370239
          },
          {
            "X": 0.18400785326957703,
            "Y": 0.37927931547164917
          },
          {
            "X": 0.14964084327220917,
            "Y": 0.38026395440101624
          }
        ]
      },
      "Id": "5ae0c818-d68d-4918-bec2-689a0ea3e3c2",
      "Page": 1
    },
    {
      "BlockType": "WORD",
      "Confidence": 99.85922241210938,
      "Text": "de",
      "TextType": "PRINTED",
      "Geometry": {
        "BoundingBox": {
          "Width": 0.012459348887205124,
          "Height": 0.0077634816989302635,
          "Left": 0.18651314079761505,
          "Top": 0.36970776319503784
        },
        "Polygon": [
          {
            "X": 0.1870938241481781,
            "Y": 0.37006115913391113
          },
          {
            "X": 0.19897249341011047,
            "Y": 0.36970776319503784
          },
          {
            "X": 0.19840063154697418,
            "Y": 0.37712815403938293
          },
          {
            "X": 0.18651314079761505,
            "Y": 0.3774712383747101
          }
        ]
      },
      "Id": "8c0a9214-9554-46ba-9c6e-82bda1b4e8e4",
      "Page": 1
    },
    {
      "BlockType": "WORD",
      "Confidence": 99.18047332763672,
      "Text": "folgas",
      "TextType": "PRINTED",
      "Geometry": {
        "BoundingBox": {
          "Width": 0.03077499382197857,
          "Height": 0.010046589188277721,
          "Left": 0.14270249009132385,
          "Top": 0.3803371787071228
        },
        "Polygon": [
          {
            "X": 0.14346559345722198,
            "Y": 0.3811942934989929
          },
          {
            "X": 0.17347748577594757,
            "Y": 0.3803371787071228
          },
          {
            "X": 0.1727418750524521,
            "Y": 0.38955920934677124
          },
          {
            "X": 0.14270249009132385,
            "Y": 0.3903837502002716
          }
        ]
      },
      "Id": "0e98f8b8-f882-4c18-a4be-d4b5c5cf6c46",
      "Page": 1
    },
    {
      "BlockType": "WORD",
      "Confidence": 99.82147979736328,
      "Text": "de",
      "TextType": "PRINTED",
      "Geometry": {
        "BoundingBox": {
          "Width": 0.012898681685328484,
          "Height": 0.007923812605440617,
          "Left": 0.17479579150676727,
          "Top": 0.38004714250564575
        },
        "Polygon": [
          {
            "X": 0.17539824545383453,
            "Y": 0.380398154258728
          },
          {
            "X": 0.1876944750547409,
            "Y": 0.38004714250564575
          },
          {
            "X": 0.1871013343334198,
            "Y": 0.3876309096813202
          },
          {
            "X": 0.17479579150676727,
            "Y": 0.3879709839820862
          }
        ]
      },
      "Id": "defff636-e75f-40c8-b2c9-2e8d38eb5425",
      "Page": 1
    },
    {
      "BlockType": "WORD",
      "Confidence": 99.88937377929688,
      "Text": "RH",
      "TextType": "PRINTED",
      "Geometry": {
        "BoundingBox": {
          "Width": 0.014753836207091808,
          "Height": 0.007768574170768261,
          "Left": 0.1893903762102127,
          "Top": 0.379577100276947
        },
        "Polygon": [
          {
            "X": 0.18996448814868927,
            "Y": 0.3799818754196167
          },
          {
            "X": 0.20414422452449799,
            "Y": 0.379577100276947
          },
          {
            "X": 0.2035805732011795,
            "Y": 0.3869531750679016
          },
          {
            "X": 0.1893903762102127,
            "Y": 0.38734567165374756
          }
        ]
      },
      "Id": "3b916d29-4537-430c-a543-73dfba2076e2",
      "Page": 1
    },
    {
      "BlockType": "WORD",
      "Confidence": 93.98443603515625,
      "Text": "Ações",
      "TextType": "PRINTED",
      "Geometry": {
        "BoundingBox": {
          "Width": 0.03162633627653122,
          "Height": 0.010915174148976803,
          "Left": 0.26672980189323425,
          "Top": 0.381291925907135
        },
        "Polygon": [
          {
            "X": 0.26742786169052124,
            "Y": 0.3821585774421692
          },
          {
            "X": 0.29835614562034607,
            "Y": 0.381291925907135
          },
          {
            "X": 0.29768961668014526,
            "Y": 0.3913766145706177
          },
          {
            "X": 0.26672980189323425,
            "Y": 0.3922070860862732
          }
        ]
      },
      "Id": "8e916dce-057d-4ac2-9111-a8653ec599c2",
      "Page": 1
    },
    {
      "BlockType": "WORD",
      "Confidence": 99.83816528320312,
      "Text": "de",
      "TextType": "PRINTED",
      "Geometry": {
        "BoundingBox": {
          "Width": 0.01414678618311882,
          "Height": 0.008683320134878159,
          "Left": 0.2995515465736389,
          "Top": 0.3809394836425781
        },
        "Polygon": [
          {
            "X": 0.3000986576080322,
            "Y": 0.38132044672966003
          },
          {
            "X": 0.31369832158088684,
            "Y": 0.3809394836425781
          },
          {
            "X": 0.3131626844406128,
            "Y": 0.38925492763519287
          },
          {
            "X": 0.2995515465736389,
            "Y": 0.3896228075027466
          }
        ]
      },
      "Id": "1c1c9f81-aff2-43e8-96a0-8e72457ae888",
      "Page": 1
    },
    {
      "BlockType": "WORD",
      "Confidence": 97.24832153320312,
      "Text": "ausências",
      "TextType": "PRINTED",
      "Geometry": {
        "BoundingBox": {
          "Width": 0.05186247453093529,
          "Height": 0.010930645279586315,
          "Left": 0.31509658694267273,
          "Top": 0.37890690565109253
        },
        "Polygon": [
          {
            "X": 0.31570595502853394,
            "Y": 0.3803459107875824
          },
          {
            "X": 0.3669590651988983,
            "Y": 0.37890690565109253
          },
          {
            "X": 0.3663995563983917,
            "Y": 0.3884548544883728
          },
          {
            "X": 0.31509658694267273,
            "Y": 0.3898375630378723
          }
        ]
      },
      "Id": "574ca552-5060-4647-b51e-f77fff823027",
      "Page": 1
    },
    {
      "BlockType": "WORD",
      "Confidence": 99.40974426269531,
      "Text": "e",
      "TextType": "PRINTED",
      "Geometry": {
        "BoundingBox": {
          "Width": 0.0072828480042517185,
          "Height": 0.006172892637550831,
          "Left": 0.3683342933654785,
          "Top": 0.38100582361221313
        },
        "Polygon": [
          {
            "X": 0.36868351697921753,
            "Y": 0.38119858503341675
          },
          {
            "X": 0.3756171464920044,
            "Y": 0.38100582361221313
          },
          {
            "X": 0.3752721846103668,
            "Y": 0.3869907259941101
          },
          {
            "X": 0.3683342933654785,
            "Y": 0.3871787190437317
          }
        ]
      },
      "Id": "f8257187-c099-40e3-9806-7f9979b68750",
      "Page": 1
    },
    {
      "BlockType": "WORD",
      "Confidence": 89.54654693603516,
      "Text": "licenças",
      "TextType": "PRINTED",
      "Geometry": {
        "BoundingBox": {
          "Width": 0.04423655569553375,
          "Height": 0.012218192219734192,
          "Left": 0.37712910771369934,
          "Top": 0.377232164144516
        },
        "Polygon": [
          {
            "X": 0.3777603507041931,
            "Y": 0.3784571886062622
          },
          {
            "X": 0.4213656783103943,
            "Y": 0.377232164144516
          },
          {
            "X": 0.4207839369773865,
            "Y": 0.38828039169311523
          },
          {
            "X": 0.37712910771369934,
            "Y": 0.389450341463089
          }
        ]
      },
      "Id": "1ee0a908-911d-4f37-b1cd-d2784f8466c1",
      "Page": 1
    },
    {
      "BlockType": "WORD",
      "Confidence": 93.54889678955078,
      "Text": "inicie-uma-licença",
      "TextType": "PRINTED",
      "Geometry": {
        "BoundingBox": {
          "Width": 0.09792982786893845,
          "Height": 0.01404307596385479,
          "Left": 0.2909480631351471,
          "Top": 0.3919430673122406
        },
        "Polygon": [
          {
            "X": 0.2917134463787079,
            "Y": 0.3945150375366211
          },
          {
            "X": 0.38887789845466614,
            "Y": 0.3919430673122406
          },
          {
            "X": 0.38822686672210693,
            "Y": 0.40354377031326294
          },
          {
            "X": 0.2909480631351471,
            "Y": 0.40598616003990173
          }
        ]
      },
      "Id": "4e53c796-44d2-46a3-983b-31fb2b26d413",
      "Page": 1
    },
    {
      "BlockType": "WORD",
      "Confidence": 95.09188842773438,
      "Text": "estender-licença",
      "TextType": "PRINTED",
      "Geometry": {
        "BoundingBox": {
          "Width": 0.08778385818004608,
          "Height": 0.01359131745994091,
          "Left": 0.2900979220867157,
          "Top": 0.40319299697875977
        },
        "Polygon": [
          {
            "X": 0.2908587157726288,
            "Y": 0.4053841233253479
          },
          {
            "X": 0.3778817653656006,
            "Y": 0.40319299697875977
          },
          {
            "X": 0.37722247838974,
            "Y": 0.4147086441516876
          },
          {
            "X": 0.2900979220867157,
            "Y": 0.41678428649902344
          }
        ]
      },
      "Id": "60660bc4-4bcb-41dc-ad42-4805f612e5df",
      "Page": 1
    },
    {
      "BlockType": "WORD",
      "Confidence": 95.31904602050781,
      "Text": "terminar-licença",
      "TextType": "PRINTED",
      "Geometry": {
        "BoundingBox": {
          "Width": 0.08759485185146332,
          "Height": 0.013471563346683979,
          "Left": 0.289785772562027,
          "Top": 0.41379648447036743
        },
        "Polygon": [
          {
            "X": 0.29054567217826843,
            "Y": 0.41587454080581665
          },
          {
            "X": 0.3773806393146515,
            "Y": 0.41379648447036743
          },
          {
            "X": 0.3767218589782715,
            "Y": 0.4253052771091461
          },
          {
            "X": 0.289785772562027,
            "Y": 0.42726802825927734
          }
        ]
      },
      "Id": "70db3a29-6daf-4f74-bcb0-5dd0f021c26b",
      "Page": 1
    },
    {
      "BlockType": "WORD",
      "Confidence": 90.20407104492188,
      "Text": "obter-detalhes-da-licença",
      "TextType": "PRINTED",
      "Geometry": {
        "BoundingBox": {
          "Width": 0.13981156051158905,
          "Height": 0.017582077533006668,
          "Left": 0.2884686291217804,
          "Top": 0.42185547947883606
        },
        "Polygon": [
          {
            "X": 0.28943049907684326,
            "Y": 0.425027459859848
          },
          {
            "X": 0.42828020453453064,
            "Y": 0.42185547947883606
          },
          {
            "X": 0.4275239408016205,
            "Y": 0.43649911880493164
          },
          {
            "X": 0.2884686291217804,
            "Y": 0.4394375681877136
          }
        ]
      },
      "Id": "4a11fb4d-e5e0-4ef2-8175-0e86cce68c1f",
      "Page": 1
    },
    {
      "BlockType": "WORD",
      "Confidence": 99.69937133789062,
      "Text": "Banco",
      "TextType": "PRINTED",
      "Geometry": {
        "BoundingBox": {
          "Width": 0.03172365948557854,
          "Height": 0.008330414071679115,
          "Left": 0.5349069237709045,
          "Top": 0.41952455043792725
        },
        "Polygon": [
          {
            "X": 0.5352115631103516,
            "Y": 0.42023929953575134
          },
          {
            "X": 0.5666306018829346,
            "Y": 0.41952455043792725
          },
          {
            "X": 0.5663509964942932,
            "Y": 0.4271673262119293
          },
          {
            "X": 0.5349069237709045,
            "Y": 0.4278549551963806
          }
        ]
      },
      "Id": "ca7828db-ab5c-43ae-a6ad-901186eb531c",
      "Page": 1
    },
    {
      "BlockType": "WORD",
      "Confidence": 99.80023193359375,
      "Text": "de",
      "TextType": "PRINTED",
      "Geometry": {
        "BoundingBox": {
          "Width": 0.0135338781401515,
          "Height": 0.007868573069572449,
          "Left": 0.5688539147377014,
          "Top": 0.41915059089660645
        },
        "Polygon": [
          {
            "X": 0.5691286325454712,
            "Y": 0.4194522500038147
          },
          {
            "X": 0.5823877453804016,
            "Y": 0.41915059089660645
          },
          {
            "X": 0.5821235179901123,
            "Y": 0.4267288148403168
          },
          {
            "X": 0.5688539147377014,
            "Y": 0.4270191490650177
          }
        ]
      },
      "Id": "0deea694-1e5e-42fd-bc4b-cf3d9ef68aeb",
      "Page": 1
    },
    {
      "BlockType": "WORD",
      "Confidence": 99.8243408203125,
      "Text": "dados",
      "TextType": "PRINTED",
      "Geometry": {
        "BoundingBox": {
          "Width": 0.032532867044210434,
          "Height": 0.008669234812259674,
          "Left": 0.5845701098442078,
          "Top": 0.4179249107837677
        },
        "Polygon": [
          {
            "X": 0.5848446488380432,
            "Y": 0.418660432100296
          },
          {
            "X": 0.6171029806137085,
            "Y": 0.4179249107837677
          },
          {
            "X": 0.6168555021286011,
            "Y": 0.42588746547698975
          },
          {
            "X": 0.5845701098442078,
            "Y": 0.4265941381454468
          }
        ]
      },
      "Id": "07f5fce6-677a-4865-9bb7-e89d8708ddad",
      "Page": 1
    },
    {
      "BlockType": "WORD",
      "Confidence": 99.87427520751953,
      "Text": "de",
      "TextType": "PRINTED",
      "Geometry": {
        "BoundingBox": {
          "Width": 0.013471660204231739,
          "Height": 0.007890619337558746,
          "Left": 0.6193941235542297,
          "Top": 0.4176110625267029
        },
        "Polygon": [
          {
            "X": 0.6196279525756836,
            "Y": 0.4179128110408783
          },
          {
            "X": 0.6328657865524292,
            "Y": 0.4176110625267029
          },
          {
            "X": 0.6326425671577454,
            "Y": 0.42521119117736816
          },
          {
            "X": 0.6193941235542297,
            "Y": 0.42550167441368103
          }
        ]
      },
      "Id": "c817f42b-199a-4066-a20f-223954c0ea3f",
      "Page": 1
    },
    {
      "BlockType": "WORD",
      "Confidence": 93.84171295166016,
      "Text": "ausências",
      "TextType": "PRINTED",
      "Geometry": {
        "BoundingBox": {
          "Width": 0.05000418797135353,
          "Height": 0.00992313027381897,
          "Left": 0.5318352580070496,
          "Top": 0.4284738302230835
        },
        "Polygon": [
          {
            "X": 0.5321916937828064,
            "Y": 0.4295501708984375
          },
          {
            "X": 0.5818394422531128,
            "Y": 0.4284738302230835
          },
          {
            "X": 0.5815290212631226,
            "Y": 0.4373704493045807
          },
          {
            "X": 0.5318352580070496,
            "Y": 0.43839696049690247
          }
        ]
      },
      "Id": "876cfe56-2c86-4d11-b245-99958ddc9482",
      "Page": 1
    },
    {
      "BlockType": "WORD",
      "Confidence": 99.43325805664062,
      "Text": "e",
      "TextType": "PRINTED",
      "Geometry": {
        "BoundingBox": {
          "Width": 0.006644036155194044,
          "Height": 0.005800865590572357,
          "Left": 0.583929181098938,
          "Top": 0.4307146966457367
        },
        "Polygon": [
          {
            "X": 0.584125280380249,
            "Y": 0.4308526813983917
          },
          {
            "X": 0.5905731916427612,
            "Y": 0.4307146966457367
          },
          {
            "X": 0.5903809070587158,
            "Y": 0.4363816976547241
          },
          {
            "X": 0.583929181098938,
            "Y": 0.43651556968688965
          }
        ]
      },
      "Id": "af6c380f-5066-4aab-a07f-998899847839",
      "Page": 1
    },
    {
      "BlockType": "WORD",
      "Confidence": 90.55181121826172,
      "Text": "licenças",
      "TextType": "PRINTED",
      "Geometry": {
        "BoundingBox": {
          "Width": 0.04305005446076393,
          "Height": 0.010867681354284286,
          "Left": 0.5926342010498047,
          "Top": 0.4273502826690674
        },
        "Polygon": [
          {
            "X": 0.5929690599441528,
            "Y": 0.4282761216163635
          },
          {
            "X": 0.6356842517852783,
            "Y": 0.4273502826690674
          },
          {
            "X": 0.6353942155838013,
            "Y": 0.4373399615287781
          },
          {
            "X": 0.5926342010498047,
            "Y": 0.43821796774864197
          }
        ]
      },
      "Id": "0cc84876-66cc-42d1-82a4-36a482d3bfff",
      "Page": 1
    }
  ],
  "DetectDocumentTextModelVersion": "1.0"
}